Current machine learning settings: epsilon:0 lossFunction:RELATIVE parallelization:True bagging:False baggingNumbers:3 considerEpsilonTube:False baggingTestDataFraction:50 useBackward:False abortError:1 limitFeatureSize:False featureSizeTreshold:4 quadraticFunctionSupport:True crossValidation:False crossValidation-k:5 learn-logFunction:False learn-accumulatedLogFunction:False learn-asymFunction:False learn-ratioFunction:False learn-mirrowedFunction:False learn-numeric-disabled:True numberOfRounds:70 backwardErrorDelta:1 minImprovementPerRound:0.1 withHierarchy:False bruteForceCandidates:False ignoreBadFeatures:False stopOnLongRound:True candidateSizePenalty:True learnTimeLimit:00:00:00 scoreMeasure:RELERROR outputRoundsToStdout:False debug:False pythonInfluenceAnalysis:False blacklisted: 
command: solver z3
command: vm /scratch/kallistos/Distance-Based_Data/SupplementaryWebsite/MeasuredPerformanceValues/Dune/FeatureModel.xml
Warning: Variability model contains outdated notation. Children nodes will no longer have effect on the model. Instead use the parent node to describe the parent of an configuration option. You can also use the converter providedby the Variability Model GUI in export>convert legacy model.
command: all /scratch/kallistos/Distance-Based_Data/SupplementaryWebsite/MeasuredPerformanceValues/Dune/measurements.xml
Configs with too large deviation: 0
2304 configurations loaded.
command: nfp Performance
command: setsampleset /scratch/kallistos/Distance-Based_Data/Results/Dune/Dune_6/sampledConfigurations_henard_t1.csv
command: learn-splconqueror-opt abortError=[1] minImprovementPerRound=[0.1,0.2,0.5] lossFunction=[RELATIVE] quadraticFunctionSupport=[True,False] learn_logFunction=[True,False] learn_asymFunction=[True,False] learn_ratioFunction=[True,False] withHierarchy=[False] useBackward=[False]
Learning: NumberOfConfigurationsLearning:25 NumberOfConfigurationsValidation:25
Learning progress:
1;15044.9441165414 * Precon + -3745.84411654133 * pre_0;17.7308229328208;17.7308229328208;17.7308229328208;17.7308229328208;0.051897;2;-3745.84411654133 * pre_0;1;24.5332745085552;
2;17256.9142857143 * Precon + -5957.8142857143 * pre_0 + -2334.85740079364 * cells_50;9.78606239658598;9.78606239658598;9.78606239658598;9.78606239658598;0.060115;3;-2334.85740079364 * cells_50;1;7.94476053623485;
3;17256.9142857143 * Precon + -5957.81428571429 * pre_0 + -1561.74815934066 * cells_50 + -2783.19326923077 * GradientSolver;8.42801860711412;8.42801860711412;8.42801860711412;8.42801860711412;0.076867;4;-2783.19326923077 * GradientSolver;1;1.35804378947186;
4;17256.9142857143 * Precon + -5957.81428571429 * pre_0 + -1361.52776785716 * cells_50 + -2983.41366071428 * GradientSolver + -2602.86508928571 * pre_4;8.42614040764983;8.42614040764983;8.42614040764983;8.42614040764983;0.095903;5;-2602.86508928571 * pre_4;1;0.00187819946429357;
Elapsed=00:00:00.0979576
Learning progress:
1;12276.3812362637 * Precon + 5756.95855965463 * pre_1;12.0340557324911;12.0340557324911;12.0340557324911;12.0340557324911;0.002367;2;5756.95855965463 * pre_1;1;17.5495052358558;
2;12276.3812362637 * Precon + 4018.27888278388 * pre_1 + 12170.7577380952 * pre_1 * CGSolver;4.87934966935624;4.87934966935624;4.87934966935624;4.87934966935624;0.011037;4;12170.7577380952 * pre_1 * CGSolver;2;3.57735303156744;
3;12098.4615178572 * Precon + 4196.19860119047 * pre_1 + 12170.7577380952 * pre_1 * CGSolver + 2312.95633928568 * pre_4;4.42424638289912;4.42424638289912;4.42424638289912;4.42424638289912;0.023274;5;2312.95633928568 * pre_4;1;0.455103286457125;
4;12098.4615178571 * Precon + 4196.19860119048 * pre_1 + 12170.7577380952 * pre_1 * CGSolver + 1156.47816964287 * pre_4 + 1156.47816964287 * pre_4 * SeqSOR;2.79729442602539;2.79729442602539;2.79729442602539;2.79729442602539;0.043629;7;1156.47816964287 * pre_4 * SeqSOR;2;0.813475978436864;
5;12098.4615178571 * Precon + 4741.44473214285 * pre_1 + 11625.5116071429 * pre_1 * CGSolver + 1156.47816964286 * pre_4 + 1156.47816964286 * pre_4 * SeqSOR + -1635.73839285715 * pre_1 * GradientSolver;2.16343496941765;2.16343496941765;2.16343496941765;2.16343496941765;0.072673;9;-1635.73839285715 * pre_1 * GradientSolver;2;0.316929728303872;
6;12098.4615178571 * Precon + 4741.44473214287 * pre_1 + 11625.5116071429 * pre_1 * CGSolver + 1156.47816964286 * pre_4 + 1156.47816964286 * pre_4 * SeqSOR + -817.869196428579 * pre_1 * GradientSolver + -817.869196428579 * pre_1 * GradientSolver * cells_50;2.16343496941761;2.16343496941761;2.16343496941761;2.16343496941761;0.113847;12;-817.869196428579 * pre_1 * GradientSolver * cells_50;3;1.27305573490351E-14;
Elapsed=00:00:00.1148714
Learning progress:
1;15216.4097077922 * Precon + -1049.98756493507 * SeqGS;14.8122822983834;14.8122822983834;14.8122822983834;14.8122822983834;0.002382;2;-1049.98756493507 * SeqGS;1;11.1998713988022;
2;15216.4097077922 * Precon + -1436.29908279221 * SeqGS + 3476.80366071429 * cells_53;12.9410883957829;12.9410883957829;12.9410883957829;12.9410883957829;0.009906;3;3476.80366071429 * cells_53;1;1.87119390260053;
3;15460.8853974846 * Precon + -1596.73625415281 * SeqGS + 3392.76514238253 * cells_53 + -672.308146654014 * BiCGSTABSolver;11.5847482832165;11.5847482832165;11.5847482832165;11.5847482832165;0.022917;4;-672.308146654014 * BiCGSTABSolver;1;1.35634011256639;
4;16017.360596301 * Precon + -2709.68665178572 * SeqGS + 3949.24034119898 * cells_53 + -4196.65107249149 * BiCGSTABSolver + 7976.14451636904 * BiCGSTABSolver * pre_1;8.1829472001608;8.1829472001608;8.1829472001608;8.1829472001608;0.043176;6;7976.14451636904 * BiCGSTABSolver * pre_1;2;1.70090054152786;
5;12782.2670485437 * Precon + -2301.65683495145 * SeqGS + 3512.06553744798 * cells_53 + -3137.71654785021 * BiCGSTABSolver + 6684.05009639389 * BiCGSTABSolver * pre_1 + 3264.23853467407 * post_0;6.72681546521126;6.72681546521126;6.72681546521126;6.72681546521126;0.074147;7;3264.23853467407 * post_0;1;1.45613173494954;
6;12868.5872130102 * Precon + -2410.77855229591 * SeqGS + 3569.06941964286 * cells_53 + -2362.46375 * BiCGSTABSolver + 6330.62602678572 * BiCGSTABSolver * pre_1 + 3230.03620535714 * post_0 + -838.771409438781 * BiCGSTABSolver * SeqSOR;6.2462550280064;6.2462550280064;6.2462550280064;6.2462550280064;0.118663;9;-838.771409438781 * BiCGSTABSolver * SeqSOR;2;0.24028021860243;
7;7775.4652912415 * Precon + 2682.34336947279 * SeqGS + 3569.06941964286 * cells_53 + -2362.46375000001 * BiCGSTABSolver + 6330.62602678572 * BiCGSTABSolver * pre_1 + 3230.03620535714 * post_0 + -838.771409438767 * BiCGSTABSolver * SeqSOR + 5093.12192176871 * SeqSOR;6.24625502800639;6.24625502800639;6.24625502800639;6.24625502800639;0.17783;10;5093.12192176871 * SeqSOR;1;1.06581410364015E-14;
Elapsed=00:00:00.1780703
Learning progress:
1;13504.4085714286 * Precon + 4262.44991071429 * CGSolver;22.5658889010997;22.5658889010997;22.5658889010997;22.5658889010997;0.002491;2;4262.44991071429 * CGSolver;1;14.6868106833397;
2;14670.2966251638 * Precon + 4408.1859174312 * CGSolver + -3497.66416120577 * pre_2;20.0264321549945;20.0264321549945;20.0264321549945;20.0264321549945;0.010091;3;-3497.66416120577 * pre_2;1;2.53945674610515;
3;15535.0750835422 * Precon + 3764.20195906433 * CGSolver + -4086.44949456976 * pre_2 + -4011.10008354218 * pre_3;17.1591904106498;17.1591904106498;17.1591904106498;17.1591904106498;0.023603;4;-4011.10008354218 * pre_3;1;2.8672417443448;
4;15677.3808371736 * Precon + 3451.12930107527 * CGSolver + -3631.07108294932 * pre_2 + -4153.40583717359 * pre_3 + -3244.5711827957 * pre_2 * LoopSolver;14.8835603567299;14.8835603567299;14.8835603567299;14.8835603567299;0.043837;6;-3244.5711827957 * pre_2 * LoopSolver;2;1.13781502695994;
5;14717.6069921811 * Precon + 3331.15757045121 * CGSolver + -3727.04846744855 * pre_2 + -4309.36908698485 * pre_3 + -2188.81995330401 * pre_2 * LoopSolver + 2231.47418960743 * SeqSOR;14.2080488156239;14.2080488156239;14.2080488156239;14.2080488156239;0.076041;7;2231.47418960743 * SeqSOR;1;0.67551154110601;
6;15610.5566422378 * Precon + 4903.81516308836 * CGSolver + -4806.58461154693 * pre_2 + -4602.57643476467 * pre_3 + -2002.23345926232 * pre_2 * LoopSolver + 1031.98958505368 * SeqSOR + -11688.3110910405 * post_3;11.4561943606728;11.4561943606728;11.4561943606728;11.4561943606728;0.12142;8;-11688.3110910405 * post_3;1;2.75185445495108;
7;15439.2596382784 * Precon + 5251.76220238095 * CGSolver + -4378.34210164836 * pre_2 + -4463.39761904762 * pre_3 + -2259.17896520146 * pre_2 * LoopSolver + 1096.22596153846 * SeqSOR + -11864.9611263736 * post_3 + -926.074427655669 * pre_2 * CGSolver;10.9179075826587;10.9179075826587;10.9179075826587;10.9179075826587;0.176041;10;-926.074427655669 * pre_2 * CGSolver;2;0.269143389007058;
8;15336.5587142857 * Precon + 5343.83889285715 * CGSolver + -4282.724 * pre_2 + -4371.32092857143 * pre_3 + -2436.24952380953 * pre_2 * LoopSolver + 1117.47442857144 * SeqSOR + -11854.3368928571 * post_3 + -1025.23394047619 * pre_2 * CGSolver + 184.153380952385 * LoopSolver;10.9023404411018;10.9023404411018;10.9023404411018;10.9023404411018;0.246784;11;184.153380952385 * LoopSolver;1;0.0155671415569021;
Elapsed=00:00:00.2470199
Learning progress:
1;12721.0557417582 * Precon + 5350.69221742544 * pre_1;23.244431872149;23.244431872149;23.244431872149;23.244431872149;0.002428;2;5350.69221742544 * pre_1;1;17.6575022298736;
2;10545.2561751152 * Precon + 6853.03001344086 * pre_1 + 4714.23239439324 * CGSolver;10.3810377090682;10.3810377090682;10.3810377090682;10.3810377090682;0.008979;3;4714.23239439324 * CGSolver;1;12.8633941630808;
3;10919.2666886269 * Precon + 7202.10649271844 * pre_1 + 4290.35381241332 * CGSolver + -2318.86518377254 * LoopSolver;6.83316156110483;6.83316156110483;6.83316156110483;6.83316156110483;0.021924;4;-2318.86518377254 * LoopSolver;1;3.54787614796341;
4;11028.3873687424 * Precon + 6929.3047924298 * pre_1 + 5290.62671347172 * CGSolver + -2246.11806369556 * LoopSolver + -7492.95336792836 * post_3;5.7303244556036;5.7303244556036;5.7303244556036;5.7303244556036;0.041403;5;-7492.95336792836 * post_3;1;1.10283710550123;
5;12165.1619801553 * Precon + 7125.49939541477 * pre_1 + 5246.38675397511 * CGSolver + -2163.4085742019 * LoopSolver + -7235.20751694812 * post_3 + -1350.28050289657 * cells_50;5.01545786203357;5.01545786203357;5.01545786203357;5.01545786203357;0.069121;6;-1350.28050289657 * cells_50;1;0.714866593570027;
6;12405.2186272321 * Precon + 7044.71110072544 * pre_1 + 5658.02235072544 * CGSolver + -2118.78265904018 * LoopSolver + -7656.07606166294 * post_3 + -1581.10420200892 * cells_50 + -891.748890904013 * CGSolver * pre_2;4.55644005251881;4.55644005251881;4.55644005251881;4.55644005251881;0.108202;8;-891.748890904013 * CGSolver * pre_2;2;0.229508904757378;
7;12405.2186272322 * Precon + 7044.71110072545 * pre_1 + 1219.98954659599 * CGSolver + -2118.78265904018 * LoopSolver + -3218.04325753349 * post_3 + -1581.10420200892 * cells_50 + -891.748890904021 * CGSolver * pre_2 + 4438.03280412947 * CGSolver * post_0;4.55644005251875;4.55644005251875;4.55644005251875;4.55644005251875;0.160532;10;4438.03280412947 * CGSolver * post_0;2;3.01980662698043E-14;
Elapsed=00:00:00.1607701
Learning progress:
1;15044.9441165414 * Precon + -3745.84411654133 * pre_0;17.7308229328208;17.7308229328208;17.7308229328208;17.7308229328208;0.002344;2;-3745.84411654133 * pre_0;1;24.5332745085552;
2;17256.9142857143 * Precon + -5957.8142857143 * pre_0 + -2334.85740079364 * cells_50;9.78606239658598;9.78606239658598;9.78606239658598;9.78606239658598;0.009718;3;-2334.85740079364 * cells_50;1;7.94476053623485;
3;17256.9142857143 * Precon + -5957.81428571429 * pre_0 + -1561.74815934066 * cells_50 + -2783.19326923077 * GradientSolver;8.42801860711412;8.42801860711412;8.42801860711412;8.42801860711412;0.022915;4;-2783.19326923077 * GradientSolver;1;1.35804378947186;
4;17256.9142857143 * Precon + -5957.81428571429 * pre_0 + -1361.52776785716 * cells_50 + -2983.41366071428 * GradientSolver + -2602.86508928571 * pre_4;8.42614040764983;8.42614040764983;8.42614040764983;8.42614040764983;0.041804;5;-2602.86508928571 * pre_4;1;0.00187819946429357;
Elapsed=00:00:00.0419817
Learning progress:
1;12276.3812362637 * Precon + 5756.95855965463 * pre_1;12.0340557324911;12.0340557324911;12.0340557324911;12.0340557324911;0.002125;2;5756.95855965463 * pre_1;1;17.5495052358558;
2;12276.3812362637 * Precon + 4018.27888278388 * pre_1 + 12170.7577380952 * pre_1 * CGSolver;4.87934966935624;4.87934966935624;4.87934966935624;4.87934966935624;0.009964;4;12170.7577380952 * pre_1 * CGSolver;2;3.57735303156744;
3;12098.4615178572 * Precon + 4196.19860119047 * pre_1 + 12170.7577380952 * pre_1 * CGSolver + 2312.95633928568 * pre_4;4.42424638289912;4.42424638289912;4.42424638289912;4.42424638289912;0.021983;5;2312.95633928568 * pre_4;1;0.455103286457125;
4;12098.4615178571 * Precon + 4196.19860119048 * pre_1 + 12170.7577380952 * pre_1 * CGSolver + 1156.47816964287 * pre_4 + 1156.47816964287 * pre_4 * SeqSOR;2.79729442602539;2.79729442602539;2.79729442602539;2.79729442602539;0.041595;7;1156.47816964287 * pre_4 * SeqSOR;2;0.813475978436864;
5;12098.4615178571 * Precon + 4741.44473214285 * pre_1 + 11625.5116071429 * pre_1 * CGSolver + 1156.47816964286 * pre_4 + 1156.47816964286 * pre_4 * SeqSOR + -1635.73839285715 * pre_1 * GradientSolver;2.16343496941765;2.16343496941765;2.16343496941765;2.16343496941765;0.072174;9;-1635.73839285715 * pre_1 * GradientSolver;2;0.316929728303872;
6;12098.4615178571 * Precon + 4741.44473214287 * pre_1 + 11625.5116071429 * pre_1 * CGSolver + 1156.47816964286 * pre_4 + 1156.47816964286 * pre_4 * SeqSOR + -817.869196428579 * pre_1 * GradientSolver + -817.869196428579 * pre_1 * GradientSolver * cells_50;2.16343496941761;2.16343496941761;2.16343496941761;2.16343496941761;0.112407;12;-817.869196428579 * pre_1 * GradientSolver * cells_50;3;1.27305573490351E-14;
Elapsed=00:00:00.1126128
Learning progress:
1;15216.4097077922 * Precon + -1049.98756493507 * SeqGS;14.8122822983834;14.8122822983834;14.8122822983834;14.8122822983834;0.002532;2;-1049.98756493507 * SeqGS;1;11.1998713988022;
2;15216.4097077922 * Precon + -1436.29908279221 * SeqGS + 3476.80366071429 * cells_53;12.9410883957829;12.9410883957829;12.9410883957829;12.9410883957829;0.009891;3;3476.80366071429 * cells_53;1;1.87119390260053;
3;15460.8853974846 * Precon + -1596.73625415281 * SeqGS + 3392.76514238253 * cells_53 + -672.308146654014 * BiCGSTABSolver;11.5847482832165;11.5847482832165;11.5847482832165;11.5847482832165;0.023239;4;-672.308146654014 * BiCGSTABSolver;1;1.35634011256639;
4;16017.360596301 * Precon + -2709.68665178572 * SeqGS + 3949.24034119898 * cells_53 + -4196.65107249149 * BiCGSTABSolver + 7976.14451636904 * BiCGSTABSolver * pre_1;8.1829472001608;8.1829472001608;8.1829472001608;8.1829472001608;0.043976;6;7976.14451636904 * BiCGSTABSolver * pre_1;2;1.70090054152786;
5;12782.2670485437 * Precon + -2301.65683495145 * SeqGS + 3512.06553744798 * cells_53 + -3137.71654785021 * BiCGSTABSolver + 6684.05009639389 * BiCGSTABSolver * pre_1 + 3264.23853467407 * post_0;6.72681546521126;6.72681546521126;6.72681546521126;6.72681546521126;0.075833;7;3264.23853467407 * post_0;1;1.45613173494954;
6;12868.5872130102 * Precon + -2410.77855229591 * SeqGS + 3569.06941964286 * cells_53 + -2362.46375 * BiCGSTABSolver + 6330.62602678572 * BiCGSTABSolver * pre_1 + 3230.03620535714 * post_0 + -838.771409438781 * BiCGSTABSolver * SeqSOR;6.2462550280064;6.2462550280064;6.2462550280064;6.2462550280064;0.121104;9;-838.771409438781 * BiCGSTABSolver * SeqSOR;2;0.24028021860243;
7;7775.4652912415 * Precon + 2682.34336947279 * SeqGS + 3569.06941964286 * cells_53 + -2362.46375000001 * BiCGSTABSolver + 6330.62602678572 * BiCGSTABSolver * pre_1 + 3230.03620535714 * post_0 + -838.771409438767 * BiCGSTABSolver * SeqSOR + 5093.12192176871 * SeqSOR;6.24625502800639;6.24625502800639;6.24625502800639;6.24625502800639;0.179566;10;5093.12192176871 * SeqSOR;1;1.06581410364015E-14;
Elapsed=00:00:00.1798018
Learning progress:
1;13504.4085714286 * Precon + 4262.44991071429 * CGSolver;22.5658889010997;22.5658889010997;22.5658889010997;22.5658889010997;0.002364;2;4262.44991071429 * CGSolver;1;14.6868106833397;
2;14670.2966251638 * Precon + 4408.1859174312 * CGSolver + -3497.66416120577 * pre_2;20.0264321549945;20.0264321549945;20.0264321549945;20.0264321549945;0.010328;3;-3497.66416120577 * pre_2;1;2.53945674610515;
3;15535.0750835422 * Precon + 3764.20195906433 * CGSolver + -4086.44949456976 * pre_2 + -4011.10008354218 * pre_3;17.1591904106498;17.1591904106498;17.1591904106498;17.1591904106498;0.024329;4;-4011.10008354218 * pre_3;1;2.8672417443448;
4;15677.3808371736 * Precon + 3451.12930107527 * CGSolver + -3631.07108294932 * pre_2 + -4153.40583717359 * pre_3 + -3244.5711827957 * pre_2 * LoopSolver;14.8835603567299;14.8835603567299;14.8835603567299;14.8835603567299;0.044647;6;-3244.5711827957 * pre_2 * LoopSolver;2;1.13781502695994;
5;14717.6069921811 * Precon + 3331.15757045121 * CGSolver + -3727.04846744855 * pre_2 + -4309.36908698485 * pre_3 + -2188.81995330401 * pre_2 * LoopSolver + 2231.47418960743 * SeqSOR;14.2080488156239;14.2080488156239;14.2080488156239;14.2080488156239;0.076626;7;2231.47418960743 * SeqSOR;1;0.67551154110601;
6;15610.5566422378 * Precon + 4903.81516308836 * CGSolver + -4806.58461154693 * pre_2 + -4602.57643476467 * pre_3 + -2002.23345926232 * pre_2 * LoopSolver + 1031.98958505368 * SeqSOR + -11688.3110910405 * post_3;11.4561943606728;11.4561943606728;11.4561943606728;11.4561943606728;0.119242;8;-11688.3110910405 * post_3;1;2.75185445495108;
7;15439.2596382784 * Precon + 5251.76220238095 * CGSolver + -4378.34210164836 * pre_2 + -4463.39761904762 * pre_3 + -2259.17896520146 * pre_2 * LoopSolver + 1096.22596153846 * SeqSOR + -11864.9611263736 * post_3 + -926.074427655669 * pre_2 * CGSolver;10.9179075826587;10.9179075826587;10.9179075826587;10.9179075826587;0.173997;10;-926.074427655669 * pre_2 * CGSolver;2;0.269143389007058;
8;15336.5587142857 * Precon + 5343.83889285715 * CGSolver + -4282.724 * pre_2 + -4371.32092857143 * pre_3 + -2436.24952380953 * pre_2 * LoopSolver + 1117.47442857144 * SeqSOR + -11854.3368928571 * post_3 + -1025.23394047619 * pre_2 * CGSolver + 184.153380952385 * LoopSolver;10.9023404411018;10.9023404411018;10.9023404411018;10.9023404411018;0.246098;11;184.153380952385 * LoopSolver;1;0.0155671415569021;
Elapsed=00:00:00.2463148
Learning progress:
1;12721.0557417582 * Precon + 5350.69221742544 * pre_1;23.244431872149;23.244431872149;23.244431872149;23.244431872149;0.003537;2;5350.69221742544 * pre_1;1;17.6575022298736;
2;10545.2561751152 * Precon + 6853.03001344086 * pre_1 + 4714.23239439324 * CGSolver;10.3810377090682;10.3810377090682;10.3810377090682;10.3810377090682;0.010281;3;4714.23239439324 * CGSolver;1;12.8633941630808;
3;10919.2666886269 * Precon + 7202.10649271844 * pre_1 + 4290.35381241332 * CGSolver + -2318.86518377254 * LoopSolver;6.83316156110483;6.83316156110483;6.83316156110483;6.83316156110483;0.02353;4;-2318.86518377254 * LoopSolver;1;3.54787614796341;
4;11028.3873687424 * Precon + 6929.3047924298 * pre_1 + 5290.62671347172 * CGSolver + -2246.11806369556 * LoopSolver + -7492.95336792836 * post_3;5.7303244556036;5.7303244556036;5.7303244556036;5.7303244556036;0.043503;5;-7492.95336792836 * post_3;1;1.10283710550123;
5;12165.1619801553 * Precon + 7125.49939541477 * pre_1 + 5246.38675397511 * CGSolver + -2163.4085742019 * LoopSolver + -7235.20751694812 * post_3 + -1350.28050289657 * cells_50;5.01545786203357;5.01545786203357;5.01545786203357;5.01545786203357;0.071684;6;-1350.28050289657 * cells_50;1;0.714866593570027;
6;12405.2186272321 * Precon + 7044.71110072544 * pre_1 + 5658.02235072544 * CGSolver + -2118.78265904018 * LoopSolver + -7656.07606166294 * post_3 + -1581.10420200892 * cells_50 + -891.748890904013 * CGSolver * pre_2;4.55644005251881;4.55644005251881;4.55644005251881;4.55644005251881;0.110178;8;-891.748890904013 * CGSolver * pre_2;2;0.229508904757378;
7;12405.2186272322 * Precon + 7044.71110072545 * pre_1 + 1219.98954659599 * CGSolver + -2118.78265904018 * LoopSolver + -3218.04325753349 * post_3 + -1581.10420200892 * cells_50 + -891.748890904021 * CGSolver * pre_2 + 4438.03280412947 * CGSolver * post_0;4.55644005251875;4.55644005251875;4.55644005251875;4.55644005251875;0.163211;10;4438.03280412947 * CGSolver * post_0;2;3.01980662698043E-14;
Elapsed=00:00:00.1634471
Learning progress:
1;15044.9441165414 * Precon + -3745.84411654133 * pre_0;17.7308229328208;17.7308229328208;17.7308229328208;17.7308229328208;0.002352;2;-3745.84411654133 * pre_0;1;24.5332745085552;
2;17256.9142857143 * Precon + -5957.8142857143 * pre_0 + -2334.85740079364 * cells_50;9.78606239658598;9.78606239658598;9.78606239658598;9.78606239658598;0.009758;3;-2334.85740079364 * cells_50;1;7.94476053623485;
3;17256.9142857143 * Precon + -5957.81428571429 * pre_0 + -1561.74815934066 * cells_50 + -2783.19326923077 * GradientSolver;8.42801860711412;8.42801860711412;8.42801860711412;8.42801860711412;0.021927;4;-2783.19326923077 * GradientSolver;1;1.35804378947186;
4;17256.9142857143 * Precon + -5957.81428571429 * pre_0 + -1361.52776785716 * cells_50 + -2983.41366071428 * GradientSolver + -2602.86508928571 * pre_4;8.42614040764983;8.42614040764983;8.42614040764983;8.42614040764983;0.041675;5;-2602.86508928571 * pre_4;1;0.00187819946429357;
Elapsed=00:00:00.0418671
Learning progress:
1;12276.3812362637 * Precon + 5756.95855965463 * pre_1;12.0340557324911;12.0340557324911;12.0340557324911;12.0340557324911;0.002311;2;5756.95855965463 * pre_1;1;17.5495052358558;
2;12276.3812362637 * Precon + 4018.27888278388 * pre_1 + 12170.7577380952 * pre_1 * CGSolver;4.87934966935624;4.87934966935624;4.87934966935624;4.87934966935624;0.008741;4;12170.7577380952 * pre_1 * CGSolver;2;3.57735303156744;
3;12098.4615178572 * Precon + 4196.19860119047 * pre_1 + 12170.7577380952 * pre_1 * CGSolver + 2312.95633928568 * pre_4;4.42424638289912;4.42424638289912;4.42424638289912;4.42424638289912;0.021926;5;2312.95633928568 * pre_4;1;0.455103286457125;
Elapsed=00:00:00.0221016
Learning progress:
1;15216.4097077922 * Precon + -1049.98756493507 * SeqGS;14.8122822983834;14.8122822983834;14.8122822983834;14.8122822983834;0.003455;2;-1049.98756493507 * SeqGS;1;11.1998713988022;
2;15216.4097077922 * Precon + -1436.29908279221 * SeqGS + 3476.80366071429 * cells_53;12.9410883957829;12.9410883957829;12.9410883957829;12.9410883957829;0.010821;3;3476.80366071429 * cells_53;1;1.87119390260053;
3;15460.8853974846 * Precon + -1596.73625415281 * SeqGS + 3392.76514238253 * cells_53 + -672.308146654014 * BiCGSTABSolver;11.5847482832165;11.5847482832165;11.5847482832165;11.5847482832165;0.024445;4;-672.308146654014 * BiCGSTABSolver;1;1.35634011256639;
4;16017.360596301 * Precon + -2709.68665178572 * SeqGS + 3949.24034119898 * cells_53 + -4196.65107249149 * BiCGSTABSolver + 7976.14451636904 * BiCGSTABSolver * pre_1;8.1829472001608;8.1829472001608;8.1829472001608;8.1829472001608;0.044846;6;7976.14451636904 * BiCGSTABSolver * pre_1;2;1.70090054152786;
5;12782.2670485437 * Precon + -2301.65683495145 * SeqGS + 3512.06553744798 * cells_53 + -3137.71654785021 * BiCGSTABSolver + 6684.05009639389 * BiCGSTABSolver * pre_1 + 3264.23853467407 * post_0;6.72681546521126;6.72681546521126;6.72681546521126;6.72681546521126;0.076534;7;3264.23853467407 * post_0;1;1.45613173494954;
6;12868.5872130102 * Precon + -2410.77855229591 * SeqGS + 3569.06941964286 * cells_53 + -2362.46375 * BiCGSTABSolver + 6330.62602678572 * BiCGSTABSolver * pre_1 + 3230.03620535714 * post_0 + -838.771409438781 * BiCGSTABSolver * SeqSOR;6.2462550280064;6.2462550280064;6.2462550280064;6.2462550280064;0.120516;9;-838.771409438781 * BiCGSTABSolver * SeqSOR;2;0.24028021860243;
Elapsed=00:00:00.1207393
Learning progress:
1;13504.4085714286 * Precon + 4262.44991071429 * CGSolver;22.5658889010997;22.5658889010997;22.5658889010997;22.5658889010997;0.002508;2;4262.44991071429 * CGSolver;1;14.6868106833397;
2;14670.2966251638 * Precon + 4408.1859174312 * CGSolver + -3497.66416120577 * pre_2;20.0264321549945;20.0264321549945;20.0264321549945;20.0264321549945;0.009325;3;-3497.66416120577 * pre_2;1;2.53945674610515;
3;15535.0750835422 * Precon + 3764.20195906433 * CGSolver + -4086.44949456976 * pre_2 + -4011.10008354218 * pre_3;17.1591904106498;17.1591904106498;17.1591904106498;17.1591904106498;0.022865;4;-4011.10008354218 * pre_3;1;2.8672417443448;
4;15677.3808371736 * Precon + 3451.12930107527 * CGSolver + -3631.07108294932 * pre_2 + -4153.40583717359 * pre_3 + -3244.5711827957 * pre_2 * LoopSolver;14.8835603567299;14.8835603567299;14.8835603567299;14.8835603567299;0.043006;6;-3244.5711827957 * pre_2 * LoopSolver;2;1.13781502695994;
5;14717.6069921811 * Precon + 3331.15757045121 * CGSolver + -3727.04846744855 * pre_2 + -4309.36908698485 * pre_3 + -2188.81995330401 * pre_2 * LoopSolver + 2231.47418960743 * SeqSOR;14.2080488156239;14.2080488156239;14.2080488156239;14.2080488156239;0.074768;7;2231.47418960743 * SeqSOR;1;0.67551154110601;
6;15610.5566422378 * Precon + 4903.81516308836 * CGSolver + -4806.58461154693 * pre_2 + -4602.57643476467 * pre_3 + -2002.23345926232 * pre_2 * LoopSolver + 1031.98958505368 * SeqSOR + -11688.3110910405 * post_3;11.4561943606728;11.4561943606728;11.4561943606728;11.4561943606728;0.120021;8;-11688.3110910405 * post_3;1;2.75185445495108;
7;15439.2596382784 * Precon + 5251.76220238095 * CGSolver + -4378.34210164836 * pre_2 + -4463.39761904762 * pre_3 + -2259.17896520146 * pre_2 * LoopSolver + 1096.22596153846 * SeqSOR + -11864.9611263736 * post_3 + -926.074427655669 * pre_2 * CGSolver;10.9179075826587;10.9179075826587;10.9179075826587;10.9179075826587;0.175508;10;-926.074427655669 * pre_2 * CGSolver;2;0.269143389007058;
Elapsed=00:00:00.1757361
Learning progress:
1;12721.0557417582 * Precon + 5350.69221742544 * pre_1;23.244431872149;23.244431872149;23.244431872149;23.244431872149;0.002243;2;5350.69221742544 * pre_1;1;17.6575022298736;
2;10545.2561751152 * Precon + 6853.03001344086 * pre_1 + 4714.23239439324 * CGSolver;10.3810377090682;10.3810377090682;10.3810377090682;10.3810377090682;0.010189;3;4714.23239439324 * CGSolver;1;12.8633941630808;
3;10919.2666886269 * Precon + 7202.10649271844 * pre_1 + 4290.35381241332 * CGSolver + -2318.86518377254 * LoopSolver;6.83316156110483;6.83316156110483;6.83316156110483;6.83316156110483;0.02344;4;-2318.86518377254 * LoopSolver;1;3.54787614796341;
4;11028.3873687424 * Precon + 6929.3047924298 * pre_1 + 5290.62671347172 * CGSolver + -2246.11806369556 * LoopSolver + -7492.95336792836 * post_3;5.7303244556036;5.7303244556036;5.7303244556036;5.7303244556036;0.043134;5;-7492.95336792836 * post_3;1;1.10283710550123;
5;12165.1619801553 * Precon + 7125.49939541477 * pre_1 + 5246.38675397511 * CGSolver + -2163.4085742019 * LoopSolver + -7235.20751694812 * post_3 + -1350.28050289657 * cells_50;5.01545786203357;5.01545786203357;5.01545786203357;5.01545786203357;0.069513;6;-1350.28050289657 * cells_50;1;0.714866593570027;
6;12405.2186272321 * Precon + 7044.71110072544 * pre_1 + 5658.02235072544 * CGSolver + -2118.78265904018 * LoopSolver + -7656.07606166294 * post_3 + -1581.10420200892 * cells_50 + -891.748890904013 * CGSolver * pre_2;4.55644005251881;4.55644005251881;4.55644005251881;4.55644005251881;0.109141;8;-891.748890904013 * CGSolver * pre_2;2;0.229508904757378;
Elapsed=00:00:00.1093558
Learning progress:
1;15044.9441165414 * Precon + -3745.84411654133 * pre_0;17.7308229328208;17.7308229328208;17.7308229328208;17.7308229328208;0.002342;2;-3745.84411654133 * pre_0;1;24.5332745085552;
2;17256.9142857143 * Precon + -5957.8142857143 * pre_0 + -2334.85740079364 * cells_50;9.78606239658598;9.78606239658598;9.78606239658598;9.78606239658598;0.0083;3;-2334.85740079364 * cells_50;1;7.94476053623485;
3;17256.9142857143 * Precon + -5957.81428571429 * pre_0 + -1561.74815934066 * cells_50 + -2783.19326923077 * GradientSolver;8.42801860711412;8.42801860711412;8.42801860711412;8.42801860711412;0.021181;4;-2783.19326923077 * GradientSolver;1;1.35804378947186;
4;17256.9142857143 * Precon + -5957.81428571429 * pre_0 + -1361.52776785716 * cells_50 + -2983.41366071428 * GradientSolver + -2602.86508928571 * pre_4;8.42614040764983;8.42614040764983;8.42614040764983;8.42614040764983;0.039941;5;-2602.86508928571 * pre_4;1;0.00187819946429357;
Elapsed=00:00:00.0401325
Learning progress:
1;12276.3812362637 * Precon + 5756.95855965463 * pre_1;12.0340557324911;12.0340557324911;12.0340557324911;12.0340557324911;0.002013;2;5756.95855965463 * pre_1;1;17.5495052358558;
2;12276.3812362637 * Precon + 4018.27888278388 * pre_1 + 12170.7577380952 * pre_1 * CGSolver;4.87934966935624;4.87934966935624;4.87934966935624;4.87934966935624;0.008349;4;12170.7577380952 * pre_1 * CGSolver;2;3.57735303156744;
3;12098.4615178572 * Precon + 4196.19860119047 * pre_1 + 12170.7577380952 * pre_1 * CGSolver + 2312.95633928568 * pre_4;4.42424638289912;4.42424638289912;4.42424638289912;4.42424638289912;0.022444;5;2312.95633928568 * pre_4;1;0.455103286457125;
4;12098.4615178571 * Precon + 4196.19860119048 * pre_1 + 12170.7577380952 * pre_1 * CGSolver + 1156.47816964287 * pre_4 + 1156.47816964287 * pre_4 * SeqSOR;2.79729442602539;2.79729442602539;2.79729442602539;2.79729442602539;0.042278;7;1156.47816964287 * pre_4 * SeqSOR;2;0.813475978436864;
5;12098.4615178571 * Precon + 4741.44473214285 * pre_1 + 11625.5116071429 * pre_1 * CGSolver + 1156.47816964286 * pre_4 + 1156.47816964286 * pre_4 * SeqSOR + -1635.73839285715 * pre_1 * GradientSolver;2.16343496941765;2.16343496941765;2.16343496941765;2.16343496941765;0.072334;9;-1635.73839285715 * pre_1 * GradientSolver;2;0.316929728303872;
6;12098.4615178571 * Precon + 4741.44473214287 * pre_1 + 11625.5116071429 * pre_1 * CGSolver + 1156.47816964286 * pre_4 + 1156.47816964286 * pre_4 * SeqSOR + -817.869196428579 * pre_1 * GradientSolver + -817.869196428579 * pre_1 * GradientSolver * cells_50;2.16343496941761;2.16343496941761;2.16343496941761;2.16343496941761;0.114199;12;-817.869196428579 * pre_1 * GradientSolver * cells_50;3;1.27305573490351E-14;
Elapsed=00:00:00.1144074
Learning progress:
1;15216.4097077922 * Precon + -1049.98756493507 * SeqGS;14.8122822983834;14.8122822983834;14.8122822983834;14.8122822983834;0.002554;2;-1049.98756493507 * SeqGS;1;11.1998713988022;
2;15216.4097077922 * Precon + -1436.29908279221 * SeqGS + 3476.80366071429 * cells_53;12.9410883957829;12.9410883957829;12.9410883957829;12.9410883957829;0.010821;3;3476.80366071429 * cells_53;1;1.87119390260053;
3;15460.8853974846 * Precon + -1596.73625415281 * SeqGS + 3392.76514238253 * cells_53 + -672.308146654014 * BiCGSTABSolver;11.5847482832165;11.5847482832165;11.5847482832165;11.5847482832165;0.024363;4;-672.308146654014 * BiCGSTABSolver;1;1.35634011256639;
4;16017.360596301 * Precon + -2709.68665178572 * SeqGS + 3949.24034119898 * cells_53 + -4196.65107249149 * BiCGSTABSolver + 7976.14451636904 * BiCGSTABSolver * pre_1;8.1829472001608;8.1829472001608;8.1829472001608;8.1829472001608;0.045148;6;7976.14451636904 * BiCGSTABSolver * pre_1;2;1.70090054152786;
5;12782.2670485437 * Precon + -2301.65683495145 * SeqGS + 3512.06553744798 * cells_53 + -3137.71654785021 * BiCGSTABSolver + 6684.05009639389 * BiCGSTABSolver * pre_1 + 3264.23853467407 * post_0;6.72681546521126;6.72681546521126;6.72681546521126;6.72681546521126;0.076835;7;3264.23853467407 * post_0;1;1.45613173494954;
6;12868.5872130102 * Precon + -2410.77855229591 * SeqGS + 3569.06941964286 * cells_53 + -2362.46375 * BiCGSTABSolver + 6330.62602678572 * BiCGSTABSolver * pre_1 + 3230.03620535714 * post_0 + -838.771409438781 * BiCGSTABSolver * SeqSOR;6.2462550280064;6.2462550280064;6.2462550280064;6.2462550280064;0.121304;9;-838.771409438781 * BiCGSTABSolver * SeqSOR;2;0.24028021860243;
7;7775.4652912415 * Precon + 2682.34336947279 * SeqGS + 3569.06941964286 * cells_53 + -2362.46375000001 * BiCGSTABSolver + 6330.62602678572 * BiCGSTABSolver * pre_1 + 3230.03620535714 * post_0 + -838.771409438767 * BiCGSTABSolver * SeqSOR + 5093.12192176871 * SeqSOR;6.24625502800639;6.24625502800639;6.24625502800639;6.24625502800639;0.188403;10;5093.12192176871 * SeqSOR;1;1.06581410364015E-14;
Elapsed=00:00:00.1886402
Learning progress:
1;13504.4085714286 * Precon + 4262.44991071429 * CGSolver;22.5658889010997;22.5658889010997;22.5658889010997;22.5658889010997;0.002339;2;4262.44991071429 * CGSolver;1;14.6868106833397;
2;14670.2966251638 * Precon + 4408.1859174312 * CGSolver + -3497.66416120577 * pre_2;20.0264321549945;20.0264321549945;20.0264321549945;20.0264321549945;0.009174;3;-3497.66416120577 * pre_2;1;2.53945674610515;
3;15535.0750835422 * Precon + 3764.20195906433 * CGSolver + -4086.44949456976 * pre_2 + -4011.10008354218 * pre_3;17.1591904106498;17.1591904106498;17.1591904106498;17.1591904106498;0.022549;4;-4011.10008354218 * pre_3;1;2.8672417443448;
4;15677.3808371736 * Precon + 3451.12930107527 * CGSolver + -3631.07108294932 * pre_2 + -4153.40583717359 * pre_3 + -3244.5711827957 * pre_2 * LoopSolver;14.8835603567299;14.8835603567299;14.8835603567299;14.8835603567299;0.042801;6;-3244.5711827957 * pre_2 * LoopSolver;2;1.13781502695994;
5;14717.6069921811 * Precon + 3331.15757045121 * CGSolver + -3727.04846744855 * pre_2 + -4309.36908698485 * pre_3 + -2188.81995330401 * pre_2 * LoopSolver + 2231.47418960743 * SeqSOR;14.2080488156239;14.2080488156239;14.2080488156239;14.2080488156239;0.074513;7;2231.47418960743 * SeqSOR;1;0.67551154110601;
6;15610.5566422378 * Precon + 4903.81516308836 * CGSolver + -4806.58461154693 * pre_2 + -4602.57643476467 * pre_3 + -2002.23345926232 * pre_2 * LoopSolver + 1031.98958505368 * SeqSOR + -11688.3110910405 * post_3;11.4561943606728;11.4561943606728;11.4561943606728;11.4561943606728;0.118445;8;-11688.3110910405 * post_3;1;2.75185445495108;
7;15439.2596382784 * Precon + 5251.76220238095 * CGSolver + -4378.34210164836 * pre_2 + -4463.39761904762 * pre_3 + -2259.17896520146 * pre_2 * LoopSolver + 1096.22596153846 * SeqSOR + -11864.9611263736 * post_3 + -926.074427655669 * pre_2 * CGSolver;10.9179075826587;10.9179075826587;10.9179075826587;10.9179075826587;0.173101;10;-926.074427655669 * pre_2 * CGSolver;2;0.269143389007058;
8;15336.5587142857 * Precon + 5343.83889285715 * CGSolver + -4282.724 * pre_2 + -4371.32092857143 * pre_3 + -2436.24952380953 * pre_2 * LoopSolver + 1117.47442857144 * SeqSOR + -11854.3368928571 * post_3 + -1025.23394047619 * pre_2 * CGSolver + 184.153380952385 * LoopSolver;10.9023404411018;10.9023404411018;10.9023404411018;10.9023404411018;0.245628;11;184.153380952385 * LoopSolver;1;0.0155671415569021;
Elapsed=00:00:00.2458648
Learning progress:
1;12721.0557417582 * Precon + 5350.69221742544 * pre_1;23.244431872149;23.244431872149;23.244431872149;23.244431872149;0.002326;2;5350.69221742544 * pre_1;1;17.6575022298736;
2;10545.2561751152 * Precon + 6853.03001344086 * pre_1 + 4714.23239439324 * CGSolver;10.3810377090682;10.3810377090682;10.3810377090682;10.3810377090682;0.010003;3;4714.23239439324 * CGSolver;1;12.8633941630808;
3;10919.2666886269 * Precon + 7202.10649271844 * pre_1 + 4290.35381241332 * CGSolver + -2318.86518377254 * LoopSolver;6.83316156110483;6.83316156110483;6.83316156110483;6.83316156110483;0.021807;4;-2318.86518377254 * LoopSolver;1;3.54787614796341;
4;11028.3873687424 * Precon + 6929.3047924298 * pre_1 + 5290.62671347172 * CGSolver + -2246.11806369556 * LoopSolver + -7492.95336792836 * post_3;5.7303244556036;5.7303244556036;5.7303244556036;5.7303244556036;0.041934;5;-7492.95336792836 * post_3;1;1.10283710550123;
5;12165.1619801553 * Precon + 7125.49939541477 * pre_1 + 5246.38675397511 * CGSolver + -2163.4085742019 * LoopSolver + -7235.20751694812 * post_3 + -1350.28050289657 * cells_50;5.01545786203357;5.01545786203357;5.01545786203357;5.01545786203357;0.06892;6;-1350.28050289657 * cells_50;1;0.714866593570027;
6;12405.2186272321 * Precon + 7044.71110072544 * pre_1 + 5658.02235072544 * CGSolver + -2118.78265904018 * LoopSolver + -7656.07606166294 * post_3 + -1581.10420200892 * cells_50 + -891.748890904013 * CGSolver * pre_2;4.55644005251881;4.55644005251881;4.55644005251881;4.55644005251881;0.10795;8;-891.748890904013 * CGSolver * pre_2;2;0.229508904757378;
7;12405.2186272322 * Precon + 7044.71110072545 * pre_1 + 1219.98954659599 * CGSolver + -2118.78265904018 * LoopSolver + -3218.04325753349 * post_3 + -1581.10420200892 * cells_50 + -891.748890904021 * CGSolver * pre_2 + 4438.03280412947 * CGSolver * post_0;4.55644005251875;4.55644005251875;4.55644005251875;4.55644005251875;0.159464;10;4438.03280412947 * CGSolver * post_0;2;3.01980662698043E-14;
Elapsed=00:00:00.1596972
Learning progress:
1;15044.9441165414 * Precon + -3745.84411654133 * pre_0;17.7308229328208;17.7308229328208;17.7308229328208;17.7308229328208;0.00243;2;-3745.84411654133 * pre_0;1;24.5332745085552;
2;17256.9142857143 * Precon + -5957.8142857143 * pre_0 + -2334.85740079364 * cells_50;9.78606239658598;9.78606239658598;9.78606239658598;9.78606239658598;0.008638;3;-2334.85740079364 * cells_50;1;7.94476053623485;
3;17256.9142857143 * Precon + -5957.81428571429 * pre_0 + -1561.74815934066 * cells_50 + -2783.19326923077 * GradientSolver;8.42801860711412;8.42801860711412;8.42801860711412;8.42801860711412;0.02205;4;-2783.19326923077 * GradientSolver;1;1.35804378947186;
4;17256.9142857143 * Precon + -5957.81428571429 * pre_0 + -1361.52776785716 * cells_50 + -2983.41366071428 * GradientSolver + -2602.86508928571 * pre_4;8.42614040764983;8.42614040764983;8.42614040764983;8.42614040764983;0.041187;5;-2602.86508928571 * pre_4;1;0.00187819946429357;
Elapsed=00:00:00.0413825
Learning progress:
1;12276.3812362637 * Precon + 5756.95855965463 * pre_1;12.0340557324911;12.0340557324911;12.0340557324911;12.0340557324911;0.00216;2;5756.95855965463 * pre_1;1;17.5495052358558;
2;12276.3812362637 * Precon + 4018.27888278388 * pre_1 + 12170.7577380952 * pre_1 * CGSolver;4.87934966935624;4.87934966935624;4.87934966935624;4.87934966935624;0.008668;4;12170.7577380952 * pre_1 * CGSolver;2;3.57735303156744;
3;12098.4615178572 * Precon + 4196.19860119047 * pre_1 + 12170.7577380952 * pre_1 * CGSolver + 2312.95633928568 * pre_4;4.42424638289912;4.42424638289912;4.42424638289912;4.42424638289912;0.021626;5;2312.95633928568 * pre_4;1;0.455103286457125;
4;12098.4615178571 * Precon + 4196.19860119048 * pre_1 + 12170.7577380952 * pre_1 * CGSolver + 1156.47816964287 * pre_4 + 1156.47816964287 * pre_4 * SeqSOR;2.79729442602539;2.79729442602539;2.79729442602539;2.79729442602539;0.041587;7;1156.47816964287 * pre_4 * SeqSOR;2;0.813475978436864;
5;12098.4615178571 * Precon + 4741.44473214285 * pre_1 + 11625.5116071429 * pre_1 * CGSolver + 1156.47816964286 * pre_4 + 1156.47816964286 * pre_4 * SeqSOR + -1635.73839285715 * pre_1 * GradientSolver;2.16343496941765;2.16343496941765;2.16343496941765;2.16343496941765;0.071871;9;-1635.73839285715 * pre_1 * GradientSolver;2;0.316929728303872;
6;12098.4615178571 * Precon + 4741.44473214287 * pre_1 + 11625.5116071429 * pre_1 * CGSolver + 1156.47816964286 * pre_4 + 1156.47816964286 * pre_4 * SeqSOR + -817.869196428579 * pre_1 * GradientSolver + -817.869196428579 * pre_1 * GradientSolver * cells_50;2.16343496941761;2.16343496941761;2.16343496941761;2.16343496941761;0.113215;12;-817.869196428579 * pre_1 * GradientSolver * cells_50;3;1.27305573490351E-14;
Elapsed=00:00:00.1134182
Learning progress:
1;15216.4097077922 * Precon + -1049.98756493507 * SeqGS;14.8122822983834;14.8122822983834;14.8122822983834;14.8122822983834;0.002344;2;-1049.98756493507 * SeqGS;1;11.1998713988022;
2;15216.4097077922 * Precon + -1436.29908279221 * SeqGS + 3476.80366071429 * cells_53;12.9410883957829;12.9410883957829;12.9410883957829;12.9410883957829;0.011797;3;3476.80366071429 * cells_53;1;1.87119390260053;
3;15460.8853974846 * Precon + -1596.73625415281 * SeqGS + 3392.76514238253 * cells_53 + -672.308146654014 * BiCGSTABSolver;11.5847482832165;11.5847482832165;11.5847482832165;11.5847482832165;0.025405;4;-672.308146654014 * BiCGSTABSolver;1;1.35634011256639;
4;16017.360596301 * Precon + -2709.68665178572 * SeqGS + 3949.24034119898 * cells_53 + -4196.65107249149 * BiCGSTABSolver + 7976.14451636904 * BiCGSTABSolver * pre_1;8.1829472001608;8.1829472001608;8.1829472001608;8.1829472001608;0.046112;6;7976.14451636904 * BiCGSTABSolver * pre_1;2;1.70090054152786;
5;12782.2670485437 * Precon + -2301.65683495145 * SeqGS + 3512.06553744798 * cells_53 + -3137.71654785021 * BiCGSTABSolver + 6684.05009639389 * BiCGSTABSolver * pre_1 + 3264.23853467407 * post_0;6.72681546521126;6.72681546521126;6.72681546521126;6.72681546521126;0.079775;7;3264.23853467407 * post_0;1;1.45613173494954;
6;12868.5872130102 * Precon + -2410.77855229591 * SeqGS + 3569.06941964286 * cells_53 + -2362.46375 * BiCGSTABSolver + 6330.62602678572 * BiCGSTABSolver * pre_1 + 3230.03620535714 * post_0 + -838.771409438781 * BiCGSTABSolver * SeqSOR;6.2462550280064;6.2462550280064;6.2462550280064;6.2462550280064;0.123716;9;-838.771409438781 * BiCGSTABSolver * SeqSOR;2;0.24028021860243;
7;7775.4652912415 * Precon + 2682.34336947279 * SeqGS + 3569.06941964286 * cells_53 + -2362.46375000001 * BiCGSTABSolver + 6330.62602678572 * BiCGSTABSolver * pre_1 + 3230.03620535714 * post_0 + -838.771409438767 * BiCGSTABSolver * SeqSOR + 5093.12192176871 * SeqSOR;6.24625502800639;6.24625502800639;6.24625502800639;6.24625502800639;0.181659;10;5093.12192176871 * SeqSOR;1;1.06581410364015E-14;
Elapsed=00:00:00.1819084
Learning progress:
1;13504.4085714286 * Precon + 4262.44991071429 * CGSolver;22.5658889010997;22.5658889010997;22.5658889010997;22.5658889010997;0.002317;2;4262.44991071429 * CGSolver;1;14.6868106833397;
2;14670.2966251638 * Precon + 4408.1859174312 * CGSolver + -3497.66416120577 * pre_2;20.0264321549945;20.0264321549945;20.0264321549945;20.0264321549945;0.009188;3;-3497.66416120577 * pre_2;1;2.53945674610515;
3;15535.0750835422 * Precon + 3764.20195906433 * CGSolver + -4086.44949456976 * pre_2 + -4011.10008354218 * pre_3;17.1591904106498;17.1591904106498;17.1591904106498;17.1591904106498;0.022687;4;-4011.10008354218 * pre_3;1;2.8672417443448;
4;15677.3808371736 * Precon + 3451.12930107527 * CGSolver + -3631.07108294932 * pre_2 + -4153.40583717359 * pre_3 + -3244.5711827957 * pre_2 * LoopSolver;14.8835603567299;14.8835603567299;14.8835603567299;14.8835603567299;0.043063;6;-3244.5711827957 * pre_2 * LoopSolver;2;1.13781502695994;
5;14717.6069921811 * Precon + 3331.15757045121 * CGSolver + -3727.04846744855 * pre_2 + -4309.36908698485 * pre_3 + -2188.81995330401 * pre_2 * LoopSolver + 2231.47418960743 * SeqSOR;14.2080488156239;14.2080488156239;14.2080488156239;14.2080488156239;0.074597;7;2231.47418960743 * SeqSOR;1;0.67551154110601;
6;15610.5566422378 * Precon + 4903.81516308836 * CGSolver + -4806.58461154693 * pre_2 + -4602.57643476467 * pre_3 + -2002.23345926232 * pre_2 * LoopSolver + 1031.98958505368 * SeqSOR + -11688.3110910405 * post_3;11.4561943606728;11.4561943606728;11.4561943606728;11.4561943606728;0.118697;8;-11688.3110910405 * post_3;1;2.75185445495108;
7;15439.2596382784 * Precon + 5251.76220238095 * CGSolver + -4378.34210164836 * pre_2 + -4463.39761904762 * pre_3 + -2259.17896520146 * pre_2 * LoopSolver + 1096.22596153846 * SeqSOR + -11864.9611263736 * post_3 + -926.074427655669 * pre_2 * CGSolver;10.9179075826587;10.9179075826587;10.9179075826587;10.9179075826587;0.1746;10;-926.074427655669 * pre_2 * CGSolver;2;0.269143389007058;
8;15336.5587142857 * Precon + 5343.83889285715 * CGSolver + -4282.724 * pre_2 + -4371.32092857143 * pre_3 + -2436.24952380953 * pre_2 * LoopSolver + 1117.47442857144 * SeqSOR + -11854.3368928571 * post_3 + -1025.23394047619 * pre_2 * CGSolver + 184.153380952385 * LoopSolver;10.9023404411018;10.9023404411018;10.9023404411018;10.9023404411018;0.247356;11;184.153380952385 * LoopSolver;1;0.0155671415569021;
Elapsed=00:00:00.2475957
Learning progress:
1;12721.0557417582 * Precon + 5350.69221742544 * pre_1;23.244431872149;23.244431872149;23.244431872149;23.244431872149;0.002244;2;5350.69221742544 * pre_1;1;17.6575022298736;
2;10545.2561751152 * Precon + 6853.03001344086 * pre_1 + 4714.23239439324 * CGSolver;10.3810377090682;10.3810377090682;10.3810377090682;10.3810377090682;0.011621;3;4714.23239439324 * CGSolver;1;12.8633941630808;
3;10919.2666886269 * Precon + 7202.10649271844 * pre_1 + 4290.35381241332 * CGSolver + -2318.86518377254 * LoopSolver;6.83316156110483;6.83316156110483;6.83316156110483;6.83316156110483;0.024766;4;-2318.86518377254 * LoopSolver;1;3.54787614796341;
4;11028.3873687424 * Precon + 6929.3047924298 * pre_1 + 5290.62671347172 * CGSolver + -2246.11806369556 * LoopSolver + -7492.95336792836 * post_3;5.7303244556036;5.7303244556036;5.7303244556036;5.7303244556036;0.048389;5;-7492.95336792836 * post_3;1;1.10283710550123;
5;12165.1619801553 * Precon + 7125.49939541477 * pre_1 + 5246.38675397511 * CGSolver + -2163.4085742019 * LoopSolver + -7235.20751694812 * post_3 + -1350.28050289657 * cells_50;5.01545786203357;5.01545786203357;5.01545786203357;5.01545786203357;0.076389;6;-1350.28050289657 * cells_50;1;0.714866593570027;
6;12405.2186272321 * Precon + 7044.71110072544 * pre_1 + 5658.02235072544 * CGSolver + -2118.78265904018 * LoopSolver + -7656.07606166294 * post_3 + -1581.10420200892 * cells_50 + -891.748890904013 * CGSolver * pre_2;4.55644005251881;4.55644005251881;4.55644005251881;4.55644005251881;0.114811;8;-891.748890904013 * CGSolver * pre_2;2;0.229508904757378;
7;12405.2186272322 * Precon + 7044.71110072545 * pre_1 + 1219.98954659599 * CGSolver + -2118.78265904018 * LoopSolver + -3218.04325753349 * post_3 + -1581.10420200892 * cells_50 + -891.748890904021 * CGSolver * pre_2 + 4438.03280412947 * CGSolver * post_0;4.55644005251875;4.55644005251875;4.55644005251875;4.55644005251875;0.171198;10;4438.03280412947 * CGSolver * post_0;2;3.01980662698043E-14;
Elapsed=00:00:00.1714877
Learning progress:
1;15044.9441165414 * Precon + -3745.84411654133 * pre_0;17.7308229328208;17.7308229328208;17.7308229328208;17.7308229328208;0.002805;2;-3745.84411654133 * pre_0;1;24.5332745085552;
2;17256.9142857143 * Precon + -5957.8142857143 * pre_0 + -2334.85740079364 * cells_50;9.78606239658598;9.78606239658598;9.78606239658598;9.78606239658598;0.008882;3;-2334.85740079364 * cells_50;1;7.94476053623485;
3;17256.9142857143 * Precon + -5957.81428571429 * pre_0 + -1561.74815934066 * cells_50 + -2783.19326923077 * GradientSolver;8.42801860711412;8.42801860711412;8.42801860711412;8.42801860711412;0.021866;4;-2783.19326923077 * GradientSolver;1;1.35804378947186;
4;17256.9142857143 * Precon + -5957.81428571429 * pre_0 + -1361.52776785716 * cells_50 + -2983.41366071428 * GradientSolver + -2602.86508928571 * pre_4;8.42614040764983;8.42614040764983;8.42614040764983;8.42614040764983;0.04131;5;-2602.86508928571 * pre_4;1;0.00187819946429357;
Elapsed=00:00:00.0415083
Learning progress:
1;12276.3812362637 * Precon + 5756.95855965463 * pre_1;12.0340557324911;12.0340557324911;12.0340557324911;12.0340557324911;0.003435;2;5756.95855965463 * pre_1;1;17.5495052358558;
2;12276.3812362637 * Precon + 4018.27888278388 * pre_1 + 12170.7577380952 * pre_1 * CGSolver;4.87934966935624;4.87934966935624;4.87934966935624;4.87934966935624;0.009806;4;12170.7577380952 * pre_1 * CGSolver;2;3.57735303156744;
3;12098.4615178572 * Precon + 4196.19860119047 * pre_1 + 12170.7577380952 * pre_1 * CGSolver + 2312.95633928568 * pre_4;4.42424638289912;4.42424638289912;4.42424638289912;4.42424638289912;0.024112;5;2312.95633928568 * pre_4;1;0.455103286457125;
Elapsed=00:00:00.0243033
Learning progress:
1;15216.4097077922 * Precon + -1049.98756493507 * SeqGS;14.8122822983834;14.8122822983834;14.8122822983834;14.8122822983834;0.002545;2;-1049.98756493507 * SeqGS;1;11.1998713988022;
2;15216.4097077922 * Precon + -1436.29908279221 * SeqGS + 3476.80366071429 * cells_53;12.9410883957829;12.9410883957829;12.9410883957829;12.9410883957829;0.011275;3;3476.80366071429 * cells_53;1;1.87119390260053;
3;15460.8853974846 * Precon + -1596.73625415281 * SeqGS + 3392.76514238253 * cells_53 + -672.308146654014 * BiCGSTABSolver;11.5847482832165;11.5847482832165;11.5847482832165;11.5847482832165;0.023779;4;-672.308146654014 * BiCGSTABSolver;1;1.35634011256639;
4;16017.360596301 * Precon + -2709.68665178572 * SeqGS + 3949.24034119898 * cells_53 + -4196.65107249149 * BiCGSTABSolver + 7976.14451636904 * BiCGSTABSolver * pre_1;8.1829472001608;8.1829472001608;8.1829472001608;8.1829472001608;0.045883;6;7976.14451636904 * BiCGSTABSolver * pre_1;2;1.70090054152786;
5;12782.2670485437 * Precon + -2301.65683495145 * SeqGS + 3512.06553744798 * cells_53 + -3137.71654785021 * BiCGSTABSolver + 6684.05009639389 * BiCGSTABSolver * pre_1 + 3264.23853467407 * post_0;6.72681546521126;6.72681546521126;6.72681546521126;6.72681546521126;0.077676;7;3264.23853467407 * post_0;1;1.45613173494954;
6;12868.5872130102 * Precon + -2410.77855229591 * SeqGS + 3569.06941964286 * cells_53 + -2362.46375 * BiCGSTABSolver + 6330.62602678572 * BiCGSTABSolver * pre_1 + 3230.03620535714 * post_0 + -838.771409438781 * BiCGSTABSolver * SeqSOR;6.2462550280064;6.2462550280064;6.2462550280064;6.2462550280064;0.121834;9;-838.771409438781 * BiCGSTABSolver * SeqSOR;2;0.24028021860243;
Elapsed=00:00:00.1220568
Learning progress:
1;13504.4085714286 * Precon + 4262.44991071429 * CGSolver;22.5658889010997;22.5658889010997;22.5658889010997;22.5658889010997;0.003766;2;4262.44991071429 * CGSolver;1;14.6868106833397;
2;14670.2966251638 * Precon + 4408.1859174312 * CGSolver + -3497.66416120577 * pre_2;20.0264321549945;20.0264321549945;20.0264321549945;20.0264321549945;0.011188;3;-3497.66416120577 * pre_2;1;2.53945674610515;
3;15535.0750835422 * Precon + 3764.20195906433 * CGSolver + -4086.44949456976 * pre_2 + -4011.10008354218 * pre_3;17.1591904106498;17.1591904106498;17.1591904106498;17.1591904106498;0.025158;4;-4011.10008354218 * pre_3;1;2.8672417443448;
4;15677.3808371736 * Precon + 3451.12930107527 * CGSolver + -3631.07108294932 * pre_2 + -4153.40583717359 * pre_3 + -3244.5711827957 * pre_2 * LoopSolver;14.8835603567299;14.8835603567299;14.8835603567299;14.8835603567299;0.047577;6;-3244.5711827957 * pre_2 * LoopSolver;2;1.13781502695994;
5;14717.6069921811 * Precon + 3331.15757045121 * CGSolver + -3727.04846744855 * pre_2 + -4309.36908698485 * pre_3 + -2188.81995330401 * pre_2 * LoopSolver + 2231.47418960743 * SeqSOR;14.2080488156239;14.2080488156239;14.2080488156239;14.2080488156239;0.079458;7;2231.47418960743 * SeqSOR;1;0.67551154110601;
6;15610.5566422378 * Precon + 4903.81516308836 * CGSolver + -4806.58461154693 * pre_2 + -4602.57643476467 * pre_3 + -2002.23345926232 * pre_2 * LoopSolver + 1031.98958505368 * SeqSOR + -11688.3110910405 * post_3;11.4561943606728;11.4561943606728;11.4561943606728;11.4561943606728;0.123574;8;-11688.3110910405 * post_3;1;2.75185445495108;
7;15439.2596382784 * Precon + 5251.76220238095 * CGSolver + -4378.34210164836 * pre_2 + -4463.39761904762 * pre_3 + -2259.17896520146 * pre_2 * LoopSolver + 1096.22596153846 * SeqSOR + -11864.9611263736 * post_3 + -926.074427655669 * pre_2 * CGSolver;10.9179075826587;10.9179075826587;10.9179075826587;10.9179075826587;0.180354;10;-926.074427655669 * pre_2 * CGSolver;2;0.269143389007058;
Elapsed=00:00:00.1805856
Learning progress:
1;12721.0557417582 * Precon + 5350.69221742544 * pre_1;23.244431872149;23.244431872149;23.244431872149;23.244431872149;0.002245;2;5350.69221742544 * pre_1;1;17.6575022298736;
2;10545.2561751152 * Precon + 6853.03001344086 * pre_1 + 4714.23239439324 * CGSolver;10.3810377090682;10.3810377090682;10.3810377090682;10.3810377090682;0.00894;3;4714.23239439324 * CGSolver;1;12.8633941630808;
3;10919.2666886269 * Precon + 7202.10649271844 * pre_1 + 4290.35381241332 * CGSolver + -2318.86518377254 * LoopSolver;6.83316156110483;6.83316156110483;6.83316156110483;6.83316156110483;0.022075;4;-2318.86518377254 * LoopSolver;1;3.54787614796341;
4;11028.3873687424 * Precon + 6929.3047924298 * pre_1 + 5290.62671347172 * CGSolver + -2246.11806369556 * LoopSolver + -7492.95336792836 * post_3;5.7303244556036;5.7303244556036;5.7303244556036;5.7303244556036;0.041427;5;-7492.95336792836 * post_3;1;1.10283710550123;
5;12165.1619801553 * Precon + 7125.49939541477 * pre_1 + 5246.38675397511 * CGSolver + -2163.4085742019 * LoopSolver + -7235.20751694812 * post_3 + -1350.28050289657 * cells_50;5.01545786203357;5.01545786203357;5.01545786203357;5.01545786203357;0.069423;6;-1350.28050289657 * cells_50;1;0.714866593570027;
6;12405.2186272321 * Precon + 7044.71110072544 * pre_1 + 5658.02235072544 * CGSolver + -2118.78265904018 * LoopSolver + -7656.07606166294 * post_3 + -1581.10420200892 * cells_50 + -891.748890904013 * CGSolver * pre_2;4.55644005251881;4.55644005251881;4.55644005251881;4.55644005251881;0.109493;8;-891.748890904013 * CGSolver * pre_2;2;0.229508904757378;
Elapsed=00:00:00.1097108
Learning progress:
1;15044.9441165414 * Precon + -3745.84411654133 * pre_0;17.7308229328208;17.7308229328208;17.7308229328208;17.7308229328208;0.003334;2;-3745.84411654133 * pre_0;1;24.5332745085552;
2;17256.9142857143 * Precon + -5957.8142857143 * pre_0 + -2334.85740079364 * cells_50;9.78606239658598;9.78606239658598;9.78606239658598;9.78606239658598;0.009377;3;-2334.85740079364 * cells_50;1;7.94476053623485;
3;17256.9142857143 * Precon + -5957.81428571429 * pre_0 + -1561.74815934066 * cells_50 + -2783.19326923077 * GradientSolver;8.42801860711412;8.42801860711412;8.42801860711412;8.42801860711412;0.023052;4;-2783.19326923077 * GradientSolver;1;1.35804378947186;
4;17256.9142857143 * Precon + -5957.81428571429 * pre_0 + -1361.52776785716 * cells_50 + -2983.41366071428 * GradientSolver + -2602.86508928571 * pre_4;8.42614040764983;8.42614040764983;8.42614040764983;8.42614040764983;0.042294;5;-2602.86508928571 * pre_4;1;0.00187819946429357;
Elapsed=00:00:00.0424862
Learning progress:
1;12276.3812362637 * Precon + 5756.95855965463 * pre_1;12.0340557324911;12.0340557324911;12.0340557324911;12.0340557324911;0.002905;2;5756.95855965463 * pre_1;1;17.5495052358558;
2;12276.3812362637 * Precon + 4018.27888278388 * pre_1 + 12170.7577380952 * pre_1 * CGSolver;4.87934966935624;4.87934966935624;4.87934966935624;4.87934966935624;0.010411;4;12170.7577380952 * pre_1 * CGSolver;2;3.57735303156744;
3;12098.4615178572 * Precon + 4196.19860119047 * pre_1 + 12170.7577380952 * pre_1 * CGSolver + 2312.95633928568 * pre_4;4.42424638289912;4.42424638289912;4.42424638289912;4.42424638289912;0.024292;5;2312.95633928568 * pre_4;1;0.455103286457125;
4;12098.4615178571 * Precon + 4196.19860119048 * pre_1 + 12170.7577380952 * pre_1 * CGSolver + 1156.47816964287 * pre_4 + 1156.47816964287 * pre_4 * SeqSOR;2.79729442602539;2.79729442602539;2.79729442602539;2.79729442602539;0.043988;7;1156.47816964287 * pre_4 * SeqSOR;2;0.813475978436864;
5;12098.4615178571 * Precon + 4741.44473214285 * pre_1 + 11625.5116071429 * pre_1 * CGSolver + 1156.47816964286 * pre_4 + 1156.47816964286 * pre_4 * SeqSOR + -1635.73839285715 * pre_1 * GradientSolver;2.16343496941765;2.16343496941765;2.16343496941765;2.16343496941765;0.073114;9;-1635.73839285715 * pre_1 * GradientSolver;2;0.316929728303872;
6;12098.4615178571 * Precon + 4741.44473214287 * pre_1 + 11625.5116071429 * pre_1 * CGSolver + 1156.47816964286 * pre_4 + 1156.47816964286 * pre_4 * SeqSOR + -817.869196428579 * pre_1 * GradientSolver + -817.869196428579 * pre_1 * GradientSolver * cells_50;2.16343496941761;2.16343496941761;2.16343496941761;2.16343496941761;0.115342;12;-817.869196428579 * pre_1 * GradientSolver * cells_50;3;1.27305573490351E-14;
Elapsed=00:00:00.1155523
Learning progress:
1;15216.4097077922 * Precon + -1049.98756493507 * SeqGS;14.8122822983834;14.8122822983834;14.8122822983834;14.8122822983834;0.002539;2;-1049.98756493507 * SeqGS;1;11.1998713988022;
2;15216.4097077922 * Precon + -1436.29908279221 * SeqGS + 3476.80366071429 * cells_53;12.9410883957829;12.9410883957829;12.9410883957829;12.9410883957829;0.00981;3;3476.80366071429 * cells_53;1;1.87119390260053;
3;15460.8853974846 * Precon + -1596.73625415281 * SeqGS + 3392.76514238253 * cells_53 + -672.308146654014 * BiCGSTABSolver;11.5847482832165;11.5847482832165;11.5847482832165;11.5847482832165;0.022997;4;-672.308146654014 * BiCGSTABSolver;1;1.35634011256639;
4;16017.360596301 * Precon + -2709.68665178572 * SeqGS + 3949.24034119898 * cells_53 + -4196.65107249149 * BiCGSTABSolver + 7976.14451636904 * BiCGSTABSolver * pre_1;8.1829472001608;8.1829472001608;8.1829472001608;8.1829472001608;0.044812;6;7976.14451636904 * BiCGSTABSolver * pre_1;2;1.70090054152786;
5;12782.2670485437 * Precon + -2301.65683495145 * SeqGS + 3512.06553744798 * cells_53 + -3137.71654785021 * BiCGSTABSolver + 6684.05009639389 * BiCGSTABSolver * pre_1 + 3264.23853467407 * post_0;6.72681546521126;6.72681546521126;6.72681546521126;6.72681546521126;0.075519;7;3264.23853467407 * post_0;1;1.45613173494954;
6;12868.5872130102 * Precon + -2410.77855229591 * SeqGS + 3569.06941964286 * cells_53 + -2362.46375 * BiCGSTABSolver + 6330.62602678572 * BiCGSTABSolver * pre_1 + 3230.03620535714 * post_0 + -838.771409438781 * BiCGSTABSolver * SeqSOR;6.2462550280064;6.2462550280064;6.2462550280064;6.2462550280064;0.121399;9;-838.771409438781 * BiCGSTABSolver * SeqSOR;2;0.24028021860243;
7;7775.4652912415 * Precon + 2682.34336947279 * SeqGS + 3569.06941964286 * cells_53 + -2362.46375000001 * BiCGSTABSolver + 6330.62602678572 * BiCGSTABSolver * pre_1 + 3230.03620535714 * post_0 + -838.771409438767 * BiCGSTABSolver * SeqSOR + 5093.12192176871 * SeqSOR;6.24625502800639;6.24625502800639;6.24625502800639;6.24625502800639;0.181568;10;5093.12192176871 * SeqSOR;1;1.06581410364015E-14;
Elapsed=00:00:00.1818109
Learning progress:
1;13504.4085714286 * Precon + 4262.44991071429 * CGSolver;22.5658889010997;22.5658889010997;22.5658889010997;22.5658889010997;0.003691;2;4262.44991071429 * CGSolver;1;14.6868106833397;
2;14670.2966251638 * Precon + 4408.1859174312 * CGSolver + -3497.66416120577 * pre_2;20.0264321549945;20.0264321549945;20.0264321549945;20.0264321549945;0.010492;3;-3497.66416120577 * pre_2;1;2.53945674610515;
3;15535.0750835422 * Precon + 3764.20195906433 * CGSolver + -4086.44949456976 * pre_2 + -4011.10008354218 * pre_3;17.1591904106498;17.1591904106498;17.1591904106498;17.1591904106498;0.024336;4;-4011.10008354218 * pre_3;1;2.8672417443448;
4;15677.3808371736 * Precon + 3451.12930107527 * CGSolver + -3631.07108294932 * pre_2 + -4153.40583717359 * pre_3 + -3244.5711827957 * pre_2 * LoopSolver;14.8835603567299;14.8835603567299;14.8835603567299;14.8835603567299;0.044873;6;-3244.5711827957 * pre_2 * LoopSolver;2;1.13781502695994;
5;14717.6069921811 * Precon + 3331.15757045121 * CGSolver + -3727.04846744855 * pre_2 + -4309.36908698485 * pre_3 + -2188.81995330401 * pre_2 * LoopSolver + 2231.47418960743 * SeqSOR;14.2080488156239;14.2080488156239;14.2080488156239;14.2080488156239;0.076728;7;2231.47418960743 * SeqSOR;1;0.67551154110601;
6;15610.5566422378 * Precon + 4903.81516308836 * CGSolver + -4806.58461154693 * pre_2 + -4602.57643476467 * pre_3 + -2002.23345926232 * pre_2 * LoopSolver + 1031.98958505368 * SeqSOR + -11688.3110910405 * post_3;11.4561943606728;11.4561943606728;11.4561943606728;11.4561943606728;0.120612;8;-11688.3110910405 * post_3;1;2.75185445495108;
7;15439.2596382784 * Precon + 5251.76220238095 * CGSolver + -4378.34210164836 * pre_2 + -4463.39761904762 * pre_3 + -2259.17896520146 * pre_2 * LoopSolver + 1096.22596153846 * SeqSOR + -11864.9611263736 * post_3 + -926.074427655669 * pre_2 * CGSolver;10.9179075826587;10.9179075826587;10.9179075826587;10.9179075826587;0.17586;10;-926.074427655669 * pre_2 * CGSolver;2;0.269143389007058;
8;15336.5587142857 * Precon + 5343.83889285715 * CGSolver + -4282.724 * pre_2 + -4371.32092857143 * pre_3 + -2436.24952380953 * pre_2 * LoopSolver + 1117.47442857144 * SeqSOR + -11854.3368928571 * post_3 + -1025.23394047619 * pre_2 * CGSolver + 184.153380952385 * LoopSolver;10.9023404411018;10.9023404411018;10.9023404411018;10.9023404411018;0.249895;11;184.153380952385 * LoopSolver;1;0.0155671415569021;
Elapsed=00:00:00.2501537
Learning progress:
1;12721.0557417582 * Precon + 5350.69221742544 * pre_1;23.244431872149;23.244431872149;23.244431872149;23.244431872149;0.002247;2;5350.69221742544 * pre_1;1;17.6575022298736;
2;10545.2561751152 * Precon + 6853.03001344086 * pre_1 + 4714.23239439324 * CGSolver;10.3810377090682;10.3810377090682;10.3810377090682;10.3810377090682;0.008999;3;4714.23239439324 * CGSolver;1;12.8633941630808;
3;10919.2666886269 * Precon + 7202.10649271844 * pre_1 + 4290.35381241332 * CGSolver + -2318.86518377254 * LoopSolver;6.83316156110483;6.83316156110483;6.83316156110483;6.83316156110483;0.022222;4;-2318.86518377254 * LoopSolver;1;3.54787614796341;
4;11028.3873687424 * Precon + 6929.3047924298 * pre_1 + 5290.62671347172 * CGSolver + -2246.11806369556 * LoopSolver + -7492.95336792836 * post_3;5.7303244556036;5.7303244556036;5.7303244556036;5.7303244556036;0.042123;5;-7492.95336792836 * post_3;1;1.10283710550123;
5;12165.1619801553 * Precon + 7125.49939541477 * pre_1 + 5246.38675397511 * CGSolver + -2163.4085742019 * LoopSolver + -7235.20751694812 * post_3 + -1350.28050289657 * cells_50;5.01545786203357;5.01545786203357;5.01545786203357;5.01545786203357;0.070476;6;-1350.28050289657 * cells_50;1;0.714866593570027;
6;12405.2186272321 * Precon + 7044.71110072544 * pre_1 + 5658.02235072544 * CGSolver + -2118.78265904018 * LoopSolver + -7656.07606166294 * post_3 + -1581.10420200892 * cells_50 + -891.748890904013 * CGSolver * pre_2;4.55644005251881;4.55644005251881;4.55644005251881;4.55644005251881;0.109962;8;-891.748890904013 * CGSolver * pre_2;2;0.229508904757378;
7;12405.2186272322 * Precon + 7044.71110072545 * pre_1 + 1219.98954659599 * CGSolver + -2118.78265904018 * LoopSolver + -3218.04325753349 * post_3 + -1581.10420200892 * cells_50 + -891.748890904021 * CGSolver * pre_2 + 4438.03280412947 * CGSolver * post_0;4.55644005251875;4.55644005251875;4.55644005251875;4.55644005251875;0.162574;10;4438.03280412947 * CGSolver * post_0;2;3.01980662698043E-14;
Elapsed=00:00:00.1628095
Learning progress:
1;15044.9441165414 * Precon + -3745.84411654133 * pre_0;17.7308229328208;17.7308229328208;17.7308229328208;17.7308229328208;0.003448;2;-3745.84411654133 * pre_0;1;24.5332745085552;
2;17256.9142857143 * Precon + -5957.8142857143 * pre_0 + -2334.85740079364 * cells_50;9.78606239658598;9.78606239658598;9.78606239658598;9.78606239658598;0.009367;3;-2334.85740079364 * cells_50;1;7.94476053623485;
3;17256.9142857143 * Precon + -5957.81428571429 * pre_0 + -1561.74815934066 * cells_50 + -2783.19326923077 * GradientSolver;8.42801860711412;8.42801860711412;8.42801860711412;8.42801860711412;0.022661;4;-2783.19326923077 * GradientSolver;1;1.35804378947186;
4;17256.9142857143 * Precon + -5957.81428571429 * pre_0 + -1361.52776785716 * cells_50 + -2983.41366071428 * GradientSolver + -2602.86508928571 * pre_4;8.42614040764983;8.42614040764983;8.42614040764983;8.42614040764983;0.041474;5;-2602.86508928571 * pre_4;1;0.00187819946429357;
Elapsed=00:00:00.0416664
Learning progress:
1;12276.3812362637 * Precon + 5756.95855965463 * pre_1;12.0340557324911;12.0340557324911;12.0340557324911;12.0340557324911;0.002356;2;5756.95855965463 * pre_1;1;17.5495052358558;
2;12276.3812362637 * Precon + 4018.27888278388 * pre_1 + 12170.7577380952 * pre_1 * CGSolver;4.87934966935624;4.87934966935624;4.87934966935624;4.87934966935624;0.010041;4;12170.7577380952 * pre_1 * CGSolver;2;3.57735303156744;
3;12098.4615178572 * Precon + 4196.19860119047 * pre_1 + 12170.7577380952 * pre_1 * CGSolver + 2312.95633928568 * pre_4;4.42424638289912;4.42424638289912;4.42424638289912;4.42424638289912;0.022064;5;2312.95633928568 * pre_4;1;0.455103286457125;
4;12098.4615178571 * Precon + 4196.19860119048 * pre_1 + 12170.7577380952 * pre_1 * CGSolver + 1156.47816964287 * pre_4 + 1156.47816964287 * pre_4 * SeqSOR;2.79729442602539;2.79729442602539;2.79729442602539;2.79729442602539;0.042904;7;1156.47816964287 * pre_4 * SeqSOR;2;0.813475978436864;
5;12098.4615178571 * Precon + 4741.44473214285 * pre_1 + 11625.5116071429 * pre_1 * CGSolver + 1156.47816964286 * pre_4 + 1156.47816964286 * pre_4 * SeqSOR + -1635.73839285715 * pre_1 * GradientSolver;2.16343496941765;2.16343496941765;2.16343496941765;2.16343496941765;0.071814;9;-1635.73839285715 * pre_1 * GradientSolver;2;0.316929728303872;
6;12098.4615178571 * Precon + 4741.44473214287 * pre_1 + 11625.5116071429 * pre_1 * CGSolver + 1156.47816964286 * pre_4 + 1156.47816964286 * pre_4 * SeqSOR + -817.869196428579 * pre_1 * GradientSolver + -817.869196428579 * pre_1 * GradientSolver * cells_50;2.16343496941761;2.16343496941761;2.16343496941761;2.16343496941761;0.125553;12;-817.869196428579 * pre_1 * GradientSolver * cells_50;3;1.27305573490351E-14;
Elapsed=00:00:00.1257672
Learning progress:
1;15216.4097077922 * Precon + -1049.98756493507 * SeqGS;14.8122822983834;14.8122822983834;14.8122822983834;14.8122822983834;0.002365;2;-1049.98756493507 * SeqGS;1;11.1998713988022;
2;15216.4097077922 * Precon + -1436.29908279221 * SeqGS + 3476.80366071429 * cells_53;12.9410883957829;12.9410883957829;12.9410883957829;12.9410883957829;0.011459;3;3476.80366071429 * cells_53;1;1.87119390260053;
3;15460.8853974846 * Precon + -1596.73625415281 * SeqGS + 3392.76514238253 * cells_53 + -672.308146654014 * BiCGSTABSolver;11.5847482832165;11.5847482832165;11.5847482832165;11.5847482832165;0.024695;4;-672.308146654014 * BiCGSTABSolver;1;1.35634011256639;
4;16017.360596301 * Precon + -2709.68665178572 * SeqGS + 3949.24034119898 * cells_53 + -4196.65107249149 * BiCGSTABSolver + 7976.14451636904 * BiCGSTABSolver * pre_1;8.1829472001608;8.1829472001608;8.1829472001608;8.1829472001608;0.04542;6;7976.14451636904 * BiCGSTABSolver * pre_1;2;1.70090054152786;
5;12782.2670485437 * Precon + -2301.65683495145 * SeqGS + 3512.06553744798 * cells_53 + -3137.71654785021 * BiCGSTABSolver + 6684.05009639389 * BiCGSTABSolver * pre_1 + 3264.23853467407 * post_0;6.72681546521126;6.72681546521126;6.72681546521126;6.72681546521126;0.076798;7;3264.23853467407 * post_0;1;1.45613173494954;
6;12868.5872130102 * Precon + -2410.77855229591 * SeqGS + 3569.06941964286 * cells_53 + -2362.46375 * BiCGSTABSolver + 6330.62602678572 * BiCGSTABSolver * pre_1 + 3230.03620535714 * post_0 + -838.771409438781 * BiCGSTABSolver * SeqSOR;6.2462550280064;6.2462550280064;6.2462550280064;6.2462550280064;0.122561;9;-838.771409438781 * BiCGSTABSolver * SeqSOR;2;0.24028021860243;
7;7775.4652912415 * Precon + 2682.34336947279 * SeqGS + 3569.06941964286 * cells_53 + -2362.46375000001 * BiCGSTABSolver + 6330.62602678572 * BiCGSTABSolver * pre_1 + 3230.03620535714 * post_0 + -838.771409438767 * BiCGSTABSolver * SeqSOR + 5093.12192176871 * SeqSOR;6.24625502800639;6.24625502800639;6.24625502800639;6.24625502800639;0.18284;10;5093.12192176871 * SeqSOR;1;1.06581410364015E-14;
Elapsed=00:00:00.1830746
Learning progress:
1;13504.4085714286 * Precon + 4262.44991071429 * CGSolver;22.5658889010997;22.5658889010997;22.5658889010997;22.5658889010997;0.002621;2;4262.44991071429 * CGSolver;1;14.6868106833397;
2;14670.2966251638 * Precon + 4408.1859174312 * CGSolver + -3497.66416120577 * pre_2;20.0264321549945;20.0264321549945;20.0264321549945;20.0264321549945;0.010651;3;-3497.66416120577 * pre_2;1;2.53945674610515;
3;15535.0750835422 * Precon + 3764.20195906433 * CGSolver + -4086.44949456976 * pre_2 + -4011.10008354218 * pre_3;17.1591904106498;17.1591904106498;17.1591904106498;17.1591904106498;0.024505;4;-4011.10008354218 * pre_3;1;2.8672417443448;
4;15677.3808371736 * Precon + 3451.12930107527 * CGSolver + -3631.07108294932 * pre_2 + -4153.40583717359 * pre_3 + -3244.5711827957 * pre_2 * LoopSolver;14.8835603567299;14.8835603567299;14.8835603567299;14.8835603567299;0.044975;6;-3244.5711827957 * pre_2 * LoopSolver;2;1.13781502695994;
5;14717.6069921811 * Precon + 3331.15757045121 * CGSolver + -3727.04846744855 * pre_2 + -4309.36908698485 * pre_3 + -2188.81995330401 * pre_2 * LoopSolver + 2231.47418960743 * SeqSOR;14.2080488156239;14.2080488156239;14.2080488156239;14.2080488156239;0.078132;7;2231.47418960743 * SeqSOR;1;0.67551154110601;
6;15610.5566422378 * Precon + 4903.81516308836 * CGSolver + -4806.58461154693 * pre_2 + -4602.57643476467 * pre_3 + -2002.23345926232 * pre_2 * LoopSolver + 1031.98958505368 * SeqSOR + -11688.3110910405 * post_3;11.4561943606728;11.4561943606728;11.4561943606728;11.4561943606728;0.121816;8;-11688.3110910405 * post_3;1;2.75185445495108;
7;15439.2596382784 * Precon + 5251.76220238095 * CGSolver + -4378.34210164836 * pre_2 + -4463.39761904762 * pre_3 + -2259.17896520146 * pre_2 * LoopSolver + 1096.22596153846 * SeqSOR + -11864.9611263736 * post_3 + -926.074427655669 * pre_2 * CGSolver;10.9179075826587;10.9179075826587;10.9179075826587;10.9179075826587;0.178152;10;-926.074427655669 * pre_2 * CGSolver;2;0.269143389007058;
8;15336.5587142857 * Precon + 5343.83889285715 * CGSolver + -4282.724 * pre_2 + -4371.32092857143 * pre_3 + -2436.24952380953 * pre_2 * LoopSolver + 1117.47442857144 * SeqSOR + -11854.3368928571 * post_3 + -1025.23394047619 * pre_2 * CGSolver + 184.153380952385 * LoopSolver;10.9023404411018;10.9023404411018;10.9023404411018;10.9023404411018;0.251808;11;184.153380952385 * LoopSolver;1;0.0155671415569021;
Elapsed=00:00:00.2520499
Learning progress:
1;12721.0557417582 * Precon + 5350.69221742544 * pre_1;23.244431872149;23.244431872149;23.244431872149;23.244431872149;0.002301;2;5350.69221742544 * pre_1;1;17.6575022298736;
2;10545.2561751152 * Precon + 6853.03001344086 * pre_1 + 4714.23239439324 * CGSolver;10.3810377090682;10.3810377090682;10.3810377090682;10.3810377090682;0.009199;3;4714.23239439324 * CGSolver;1;12.8633941630808;
3;10919.2666886269 * Precon + 7202.10649271844 * pre_1 + 4290.35381241332 * CGSolver + -2318.86518377254 * LoopSolver;6.83316156110483;6.83316156110483;6.83316156110483;6.83316156110483;0.022128;4;-2318.86518377254 * LoopSolver;1;3.54787614796341;
4;11028.3873687424 * Precon + 6929.3047924298 * pre_1 + 5290.62671347172 * CGSolver + -2246.11806369556 * LoopSolver + -7492.95336792836 * post_3;5.7303244556036;5.7303244556036;5.7303244556036;5.7303244556036;0.041398;5;-7492.95336792836 * post_3;1;1.10283710550123;
5;12165.1619801553 * Precon + 7125.49939541477 * pre_1 + 5246.38675397511 * CGSolver + -2163.4085742019 * LoopSolver + -7235.20751694812 * post_3 + -1350.28050289657 * cells_50;5.01545786203357;5.01545786203357;5.01545786203357;5.01545786203357;0.069217;6;-1350.28050289657 * cells_50;1;0.714866593570027;
6;12405.2186272321 * Precon + 7044.71110072544 * pre_1 + 5658.02235072544 * CGSolver + -2118.78265904018 * LoopSolver + -7656.07606166294 * post_3 + -1581.10420200892 * cells_50 + -891.748890904013 * CGSolver * pre_2;4.55644005251881;4.55644005251881;4.55644005251881;4.55644005251881;0.109853;8;-891.748890904013 * CGSolver * pre_2;2;0.229508904757378;
7;12405.2186272322 * Precon + 7044.71110072545 * pre_1 + 1219.98954659599 * CGSolver + -2118.78265904018 * LoopSolver + -3218.04325753349 * post_3 + -1581.10420200892 * cells_50 + -891.748890904021 * CGSolver * pre_2 + 4438.03280412947 * CGSolver * post_0;4.55644005251875;4.55644005251875;4.55644005251875;4.55644005251875;0.163365;10;4438.03280412947 * CGSolver * post_0;2;3.01980662698043E-14;
Elapsed=00:00:00.1635996
Learning progress:
1;15044.9441165414 * Precon + -3745.84411654133 * pre_0;17.7308229328208;17.7308229328208;17.7308229328208;17.7308229328208;0.002854;2;-3745.84411654133 * pre_0;1;24.5332745085552;
2;17256.9142857143 * Precon + -5957.8142857143 * pre_0 + -2334.85740079364 * cells_50;9.78606239658598;9.78606239658598;9.78606239658598;9.78606239658598;0.009982;3;-2334.85740079364 * cells_50;1;7.94476053623485;
3;17256.9142857143 * Precon + -5957.81428571429 * pre_0 + -1561.74815934066 * cells_50 + -2783.19326923077 * GradientSolver;8.42801860711412;8.42801860711412;8.42801860711412;8.42801860711412;0.023389;4;-2783.19326923077 * GradientSolver;1;1.35804378947186;
4;17256.9142857143 * Precon + -5957.81428571429 * pre_0 + -1361.52776785716 * cells_50 + -2983.41366071428 * GradientSolver + -2602.86508928571 * pre_4;8.42614040764983;8.42614040764983;8.42614040764983;8.42614040764983;0.042418;5;-2602.86508928571 * pre_4;1;0.00187819946429357;
Elapsed=00:00:00.0425930
Learning progress:
1;12276.3812362637 * Precon + 5756.95855965463 * pre_1;12.0340557324911;12.0340557324911;12.0340557324911;12.0340557324911;0.002859;2;5756.95855965463 * pre_1;1;17.5495052358558;
2;12276.3812362637 * Precon + 4018.27888278388 * pre_1 + 12170.7577380952 * pre_1 * CGSolver;4.87934966935624;4.87934966935624;4.87934966935624;4.87934966935624;0.011471;4;12170.7577380952 * pre_1 * CGSolver;2;3.57735303156744;
3;12098.4615178572 * Precon + 4196.19860119047 * pre_1 + 12170.7577380952 * pre_1 * CGSolver + 2312.95633928568 * pre_4;4.42424638289912;4.42424638289912;4.42424638289912;4.42424638289912;0.023452;5;2312.95633928568 * pre_4;1;0.455103286457125;
Elapsed=00:00:00.0236250
Learning progress:
1;15216.4097077922 * Precon + -1049.98756493507 * SeqGS;14.8122822983834;14.8122822983834;14.8122822983834;14.8122822983834;0.002497;2;-1049.98756493507 * SeqGS;1;11.1998713988022;
2;15216.4097077922 * Precon + -1436.29908279221 * SeqGS + 3476.80366071429 * cells_53;12.9410883957829;12.9410883957829;12.9410883957829;12.9410883957829;0.009902;3;3476.80366071429 * cells_53;1;1.87119390260053;
3;15460.8853974846 * Precon + -1596.73625415281 * SeqGS + 3392.76514238253 * cells_53 + -672.308146654014 * BiCGSTABSolver;11.5847482832165;11.5847482832165;11.5847482832165;11.5847482832165;0.023211;4;-672.308146654014 * BiCGSTABSolver;1;1.35634011256639;
4;16017.360596301 * Precon + -2709.68665178572 * SeqGS + 3949.24034119898 * cells_53 + -4196.65107249149 * BiCGSTABSolver + 7976.14451636904 * BiCGSTABSolver * pre_1;8.1829472001608;8.1829472001608;8.1829472001608;8.1829472001608;0.043711;6;7976.14451636904 * BiCGSTABSolver * pre_1;2;1.70090054152786;
5;12782.2670485437 * Precon + -2301.65683495145 * SeqGS + 3512.06553744798 * cells_53 + -3137.71654785021 * BiCGSTABSolver + 6684.05009639389 * BiCGSTABSolver * pre_1 + 3264.23853467407 * post_0;6.72681546521126;6.72681546521126;6.72681546521126;6.72681546521126;0.076729;7;3264.23853467407 * post_0;1;1.45613173494954;
6;12868.5872130102 * Precon + -2410.77855229591 * SeqGS + 3569.06941964286 * cells_53 + -2362.46375 * BiCGSTABSolver + 6330.62602678572 * BiCGSTABSolver * pre_1 + 3230.03620535714 * post_0 + -838.771409438781 * BiCGSTABSolver * SeqSOR;6.2462550280064;6.2462550280064;6.2462550280064;6.2462550280064;0.124487;9;-838.771409438781 * BiCGSTABSolver * SeqSOR;2;0.24028021860243;
Elapsed=00:00:00.1247066
Learning progress:
1;13504.4085714286 * Precon + 4262.44991071429 * CGSolver;22.5658889010997;22.5658889010997;22.5658889010997;22.5658889010997;0.002543;2;4262.44991071429 * CGSolver;1;14.6868106833397;
2;14670.2966251638 * Precon + 4408.1859174312 * CGSolver + -3497.66416120577 * pre_2;20.0264321549945;20.0264321549945;20.0264321549945;20.0264321549945;0.010453;3;-3497.66416120577 * pre_2;1;2.53945674610515;
3;15535.0750835422 * Precon + 3764.20195906433 * CGSolver + -4086.44949456976 * pre_2 + -4011.10008354218 * pre_3;17.1591904106498;17.1591904106498;17.1591904106498;17.1591904106498;0.023481;4;-4011.10008354218 * pre_3;1;2.8672417443448;
4;15677.3808371736 * Precon + 3451.12930107527 * CGSolver + -3631.07108294932 * pre_2 + -4153.40583717359 * pre_3 + -3244.5711827957 * pre_2 * LoopSolver;14.8835603567299;14.8835603567299;14.8835603567299;14.8835603567299;0.044277;6;-3244.5711827957 * pre_2 * LoopSolver;2;1.13781502695994;
5;14717.6069921811 * Precon + 3331.15757045121 * CGSolver + -3727.04846744855 * pre_2 + -4309.36908698485 * pre_3 + -2188.81995330401 * pre_2 * LoopSolver + 2231.47418960743 * SeqSOR;14.2080488156239;14.2080488156239;14.2080488156239;14.2080488156239;0.074695;7;2231.47418960743 * SeqSOR;1;0.67551154110601;
6;15610.5566422378 * Precon + 4903.81516308836 * CGSolver + -4806.58461154693 * pre_2 + -4602.57643476467 * pre_3 + -2002.23345926232 * pre_2 * LoopSolver + 1031.98958505368 * SeqSOR + -11688.3110910405 * post_3;11.4561943606728;11.4561943606728;11.4561943606728;11.4561943606728;0.119091;8;-11688.3110910405 * post_3;1;2.75185445495108;
7;15439.2596382784 * Precon + 5251.76220238095 * CGSolver + -4378.34210164836 * pre_2 + -4463.39761904762 * pre_3 + -2259.17896520146 * pre_2 * LoopSolver + 1096.22596153846 * SeqSOR + -11864.9611263736 * post_3 + -926.074427655669 * pre_2 * CGSolver;10.9179075826587;10.9179075826587;10.9179075826587;10.9179075826587;0.174385;10;-926.074427655669 * pre_2 * CGSolver;2;0.269143389007058;
Elapsed=00:00:00.1746144
Learning progress:
1;12721.0557417582 * Precon + 5350.69221742544 * pre_1;23.244431872149;23.244431872149;23.244431872149;23.244431872149;0.002567;2;5350.69221742544 * pre_1;1;17.6575022298736;
2;10545.2561751152 * Precon + 6853.03001344086 * pre_1 + 4714.23239439324 * CGSolver;10.3810377090682;10.3810377090682;10.3810377090682;10.3810377090682;0.010337;3;4714.23239439324 * CGSolver;1;12.8633941630808;
3;10919.2666886269 * Precon + 7202.10649271844 * pre_1 + 4290.35381241332 * CGSolver + -2318.86518377254 * LoopSolver;6.83316156110483;6.83316156110483;6.83316156110483;6.83316156110483;0.023272;4;-2318.86518377254 * LoopSolver;1;3.54787614796341;
4;11028.3873687424 * Precon + 6929.3047924298 * pre_1 + 5290.62671347172 * CGSolver + -2246.11806369556 * LoopSolver + -7492.95336792836 * post_3;5.7303244556036;5.7303244556036;5.7303244556036;5.7303244556036;0.042677;5;-7492.95336792836 * post_3;1;1.10283710550123;
5;12165.1619801553 * Precon + 7125.49939541477 * pre_1 + 5246.38675397511 * CGSolver + -2163.4085742019 * LoopSolver + -7235.20751694812 * post_3 + -1350.28050289657 * cells_50;5.01545786203357;5.01545786203357;5.01545786203357;5.01545786203357;0.069242;6;-1350.28050289657 * cells_50;1;0.714866593570027;
6;12405.2186272321 * Precon + 7044.71110072544 * pre_1 + 5658.02235072544 * CGSolver + -2118.78265904018 * LoopSolver + -7656.07606166294 * post_3 + -1581.10420200892 * cells_50 + -891.748890904013 * CGSolver * pre_2;4.55644005251881;4.55644005251881;4.55644005251881;4.55644005251881;0.109233;8;-891.748890904013 * CGSolver * pre_2;2;0.229508904757378;
Elapsed=00:00:00.1094555
Learning progress:
1;15044.9441165414 * Precon + -3745.84411654133 * pre_0;17.7308229328208;17.7308229328208;17.7308229328208;17.7308229328208;0.002141;2;-3745.84411654133 * pre_0;1;24.5332745085552;
2;17256.9142857143 * Precon + -5957.8142857143 * pre_0 + -2334.85740079364 * cells_50;9.78606239658598;9.78606239658598;9.78606239658598;9.78606239658598;0.009265;3;-2334.85740079364 * cells_50;1;7.94476053623485;
3;17256.9142857143 * Precon + -5957.81428571429 * pre_0 + -1561.74815934066 * cells_50 + -2783.19326923077 * GradientSolver;8.42801860711412;8.42801860711412;8.42801860711412;8.42801860711412;0.02125;4;-2783.19326923077 * GradientSolver;1;1.35804378947186;
4;17256.9142857143 * Precon + -5957.81428571429 * pre_0 + -1361.52776785716 * cells_50 + -2983.41366071428 * GradientSolver + -2602.86508928571 * pre_4;8.42614040764983;8.42614040764983;8.42614040764983;8.42614040764983;0.040103;5;-2602.86508928571 * pre_4;1;0.00187819946429357;
Elapsed=00:00:00.0402982
Learning progress:
1;12276.3812362637 * Precon + 5756.95855965463 * pre_1;12.0340557324911;12.0340557324911;12.0340557324911;12.0340557324911;0.002333;2;5756.95855965463 * pre_1;1;17.5495052358558;
2;12276.3812362637 * Precon + 4018.27888278388 * pre_1 + 12170.7577380952 * pre_1 * CGSolver;4.87934966935624;4.87934966935624;4.87934966935624;4.87934966935624;0.008799;4;12170.7577380952 * pre_1 * CGSolver;2;3.57735303156744;
3;12098.4615178572 * Precon + 4196.19860119047 * pre_1 + 12170.7577380952 * pre_1 * CGSolver + 2312.95633928568 * pre_4;4.42424638289912;4.42424638289912;4.42424638289912;4.42424638289912;0.021724;5;2312.95633928568 * pre_4;1;0.455103286457125;
4;12098.4615178571 * Precon + 4196.19860119048 * pre_1 + 12170.7577380952 * pre_1 * CGSolver + 1156.47816964287 * pre_4 + 1156.47816964287 * pre_4 * SeqSOR;2.79729442602539;2.79729442602539;2.79729442602539;2.79729442602539;0.041206;7;1156.47816964287 * pre_4 * SeqSOR;2;0.813475978436864;
5;12098.4615178571 * Precon + 4741.44473214285 * pre_1 + 11625.5116071429 * pre_1 * CGSolver + 1156.47816964286 * pre_4 + 1156.47816964286 * pre_4 * SeqSOR + -1635.73839285715 * pre_1 * GradientSolver;2.16343496941765;2.16343496941765;2.16343496941765;2.16343496941765;0.071448;9;-1635.73839285715 * pre_1 * GradientSolver;2;0.316929728303872;
6;12098.4615178571 * Precon + 4741.44473214287 * pre_1 + 11625.5116071429 * pre_1 * CGSolver + 1156.47816964286 * pre_4 + 1156.47816964286 * pre_4 * SeqSOR + -817.869196428579 * pre_1 * GradientSolver + -817.869196428579 * pre_1 * GradientSolver * cells_50;2.16343496941761;2.16343496941761;2.16343496941761;2.16343496941761;0.112539;12;-817.869196428579 * pre_1 * GradientSolver * cells_50;3;1.27305573490351E-14;
Elapsed=00:00:00.1127483
Learning progress:
1;15216.4097077922 * Precon + -1049.98756493507 * SeqGS;14.8122822983834;14.8122822983834;14.8122822983834;14.8122822983834;0.003679;2;-1049.98756493507 * SeqGS;1;11.1998713988022;
2;15216.4097077922 * Precon + -1436.29908279221 * SeqGS + 3476.80366071429 * cells_53;12.9410883957829;12.9410883957829;12.9410883957829;12.9410883957829;0.012687;3;3476.80366071429 * cells_53;1;1.87119390260053;
3;15460.8853974846 * Precon + -1596.73625415281 * SeqGS + 3392.76514238253 * cells_53 + -672.308146654014 * BiCGSTABSolver;11.5847482832165;11.5847482832165;11.5847482832165;11.5847482832165;0.026141;4;-672.308146654014 * BiCGSTABSolver;1;1.35634011256639;
4;16017.360596301 * Precon + -2709.68665178572 * SeqGS + 3949.24034119898 * cells_53 + -4196.65107249149 * BiCGSTABSolver + 7976.14451636904 * BiCGSTABSolver * pre_1;8.1829472001608;8.1829472001608;8.1829472001608;8.1829472001608;0.048701;6;7976.14451636904 * BiCGSTABSolver * pre_1;2;1.70090054152786;
5;12782.2670485437 * Precon + -2301.65683495145 * SeqGS + 3512.06553744798 * cells_53 + -3137.71654785021 * BiCGSTABSolver + 6684.05009639389 * BiCGSTABSolver * pre_1 + 3264.23853467407 * post_0;6.72681546521126;6.72681546521126;6.72681546521126;6.72681546521126;0.080189;7;3264.23853467407 * post_0;1;1.45613173494954;
6;12868.5872130102 * Precon + -2410.77855229591 * SeqGS + 3569.06941964286 * cells_53 + -2362.46375 * BiCGSTABSolver + 6330.62602678572 * BiCGSTABSolver * pre_1 + 3230.03620535714 * post_0 + -838.771409438781 * BiCGSTABSolver * SeqSOR;6.2462550280064;6.2462550280064;6.2462550280064;6.2462550280064;0.127399;9;-838.771409438781 * BiCGSTABSolver * SeqSOR;2;0.24028021860243;
7;7775.4652912415 * Precon + 2682.34336947279 * SeqGS + 3569.06941964286 * cells_53 + -2362.46375000001 * BiCGSTABSolver + 6330.62602678572 * BiCGSTABSolver * pre_1 + 3230.03620535714 * post_0 + -838.771409438767 * BiCGSTABSolver * SeqSOR + 5093.12192176871 * SeqSOR;6.24625502800639;6.24625502800639;6.24625502800639;6.24625502800639;0.187116;10;5093.12192176871 * SeqSOR;1;1.06581410364015E-14;
Elapsed=00:00:00.1873764
Learning progress:
1;13504.4085714286 * Precon + 4262.44991071429 * CGSolver;22.5658889010997;22.5658889010997;22.5658889010997;22.5658889010997;0.002561;2;4262.44991071429 * CGSolver;1;14.6868106833397;
2;14670.2966251638 * Precon + 4408.1859174312 * CGSolver + -3497.66416120577 * pre_2;20.0264321549945;20.0264321549945;20.0264321549945;20.0264321549945;0.011652;3;-3497.66416120577 * pre_2;1;2.53945674610515;
3;15535.0750835422 * Precon + 3764.20195906433 * CGSolver + -4086.44949456976 * pre_2 + -4011.10008354218 * pre_3;17.1591904106498;17.1591904106498;17.1591904106498;17.1591904106498;0.0242;4;-4011.10008354218 * pre_3;1;2.8672417443448;
4;15677.3808371736 * Precon + 3451.12930107527 * CGSolver + -3631.07108294932 * pre_2 + -4153.40583717359 * pre_3 + -3244.5711827957 * pre_2 * LoopSolver;14.8835603567299;14.8835603567299;14.8835603567299;14.8835603567299;0.045519;6;-3244.5711827957 * pre_2 * LoopSolver;2;1.13781502695994;
5;14717.6069921811 * Precon + 3331.15757045121 * CGSolver + -3727.04846744855 * pre_2 + -4309.36908698485 * pre_3 + -2188.81995330401 * pre_2 * LoopSolver + 2231.47418960743 * SeqSOR;14.2080488156239;14.2080488156239;14.2080488156239;14.2080488156239;0.079037;7;2231.47418960743 * SeqSOR;1;0.67551154110601;
6;15610.5566422378 * Precon + 4903.81516308836 * CGSolver + -4806.58461154693 * pre_2 + -4602.57643476467 * pre_3 + -2002.23345926232 * pre_2 * LoopSolver + 1031.98958505368 * SeqSOR + -11688.3110910405 * post_3;11.4561943606728;11.4561943606728;11.4561943606728;11.4561943606728;0.123826;8;-11688.3110910405 * post_3;1;2.75185445495108;
7;15439.2596382784 * Precon + 5251.76220238095 * CGSolver + -4378.34210164836 * pre_2 + -4463.39761904762 * pre_3 + -2259.17896520146 * pre_2 * LoopSolver + 1096.22596153846 * SeqSOR + -11864.9611263736 * post_3 + -926.074427655669 * pre_2 * CGSolver;10.9179075826587;10.9179075826587;10.9179075826587;10.9179075826587;0.184134;10;-926.074427655669 * pre_2 * CGSolver;2;0.269143389007058;
8;15336.5587142857 * Precon + 5343.83889285715 * CGSolver + -4282.724 * pre_2 + -4371.32092857143 * pre_3 + -2436.24952380953 * pre_2 * LoopSolver + 1117.47442857144 * SeqSOR + -11854.3368928571 * post_3 + -1025.23394047619 * pre_2 * CGSolver + 184.153380952385 * LoopSolver;10.9023404411018;10.9023404411018;10.9023404411018;10.9023404411018;0.256669;11;184.153380952385 * LoopSolver;1;0.0155671415569021;
Elapsed=00:00:00.2569014
Learning progress:
1;12721.0557417582 * Precon + 5350.69221742544 * pre_1;23.244431872149;23.244431872149;23.244431872149;23.244431872149;0.002534;2;5350.69221742544 * pre_1;1;17.6575022298736;
2;10545.2561751152 * Precon + 6853.03001344086 * pre_1 + 4714.23239439324 * CGSolver;10.3810377090682;10.3810377090682;10.3810377090682;10.3810377090682;0.010182;3;4714.23239439324 * CGSolver;1;12.8633941630808;
3;10919.2666886269 * Precon + 7202.10649271844 * pre_1 + 4290.35381241332 * CGSolver + -2318.86518377254 * LoopSolver;6.83316156110483;6.83316156110483;6.83316156110483;6.83316156110483;0.023278;4;-2318.86518377254 * LoopSolver;1;3.54787614796341;
4;11028.3873687424 * Precon + 6929.3047924298 * pre_1 + 5290.62671347172 * CGSolver + -2246.11806369556 * LoopSolver + -7492.95336792836 * post_3;5.7303244556036;5.7303244556036;5.7303244556036;5.7303244556036;0.042743;5;-7492.95336792836 * post_3;1;1.10283710550123;
5;12165.1619801553 * Precon + 7125.49939541477 * pre_1 + 5246.38675397511 * CGSolver + -2163.4085742019 * LoopSolver + -7235.20751694812 * post_3 + -1350.28050289657 * cells_50;5.01545786203357;5.01545786203357;5.01545786203357;5.01545786203357;0.069538;6;-1350.28050289657 * cells_50;1;0.714866593570027;
6;12405.2186272321 * Precon + 7044.71110072544 * pre_1 + 5658.02235072544 * CGSolver + -2118.78265904018 * LoopSolver + -7656.07606166294 * post_3 + -1581.10420200892 * cells_50 + -891.748890904013 * CGSolver * pre_2;4.55644005251881;4.55644005251881;4.55644005251881;4.55644005251881;0.108918;8;-891.748890904013 * CGSolver * pre_2;2;0.229508904757378;
7;12405.2186272322 * Precon + 7044.71110072545 * pre_1 + 1219.98954659599 * CGSolver + -2118.78265904018 * LoopSolver + -3218.04325753349 * post_3 + -1581.10420200892 * cells_50 + -891.748890904021 * CGSolver * pre_2 + 4438.03280412947 * CGSolver * post_0;4.55644005251875;4.55644005251875;4.55644005251875;4.55644005251875;0.162177;10;4438.03280412947 * CGSolver * post_0;2;3.01980662698043E-14;
Elapsed=00:00:00.1624021
Learning progress:
1;15044.9441165414 * Precon + -3745.84411654133 * pre_0;17.7308229328208;17.7308229328208;17.7308229328208;17.7308229328208;0.002135;2;-3745.84411654133 * pre_0;1;24.5332745085552;
2;17256.9142857143 * Precon + -5957.8142857143 * pre_0 + -2334.85740079364 * cells_50;9.78606239658598;9.78606239658598;9.78606239658598;9.78606239658598;0.00918;3;-2334.85740079364 * cells_50;1;7.94476053623485;
3;17256.9142857143 * Precon + -5957.81428571429 * pre_0 + -1561.74815934066 * cells_50 + -2783.19326923077 * GradientSolver;8.42801860711412;8.42801860711412;8.42801860711412;8.42801860711412;0.021323;4;-2783.19326923077 * GradientSolver;1;1.35804378947186;
4;17256.9142857143 * Precon + -5957.81428571429 * pre_0 + -1361.52776785716 * cells_50 + -2983.41366071428 * GradientSolver + -2602.86508928571 * pre_4;8.42614040764983;8.42614040764983;8.42614040764983;8.42614040764983;0.040562;5;-2602.86508928571 * pre_4;1;0.00187819946429357;
Elapsed=00:00:00.0407540
Learning progress:
1;12276.3812362637 * Precon + 5756.95855965463 * pre_1;12.0340557324911;12.0340557324911;12.0340557324911;12.0340557324911;0.002827;2;5756.95855965463 * pre_1;1;17.5495052358558;
2;12276.3812362637 * Precon + 4018.27888278388 * pre_1 + 12170.7577380952 * pre_1 * CGSolver;4.87934966935624;4.87934966935624;4.87934966935624;4.87934966935624;0.009164;4;12170.7577380952 * pre_1 * CGSolver;2;3.57735303156744;
3;12098.4615178572 * Precon + 4196.19860119047 * pre_1 + 12170.7577380952 * pre_1 * CGSolver + 2312.95633928568 * pre_4;4.42424638289912;4.42424638289912;4.42424638289912;4.42424638289912;0.022156;5;2312.95633928568 * pre_4;1;0.455103286457125;
4;12098.4615178571 * Precon + 4196.19860119048 * pre_1 + 12170.7577380952 * pre_1 * CGSolver + 1156.47816964287 * pre_4 + 1156.47816964287 * pre_4 * SeqSOR;2.79729442602539;2.79729442602539;2.79729442602539;2.79729442602539;0.042052;7;1156.47816964287 * pre_4 * SeqSOR;2;0.813475978436864;
5;12098.4615178571 * Precon + 4741.44473214285 * pre_1 + 11625.5116071429 * pre_1 * CGSolver + 1156.47816964286 * pre_4 + 1156.47816964286 * pre_4 * SeqSOR + -1635.73839285715 * pre_1 * GradientSolver;2.16343496941765;2.16343496941765;2.16343496941765;2.16343496941765;0.072712;9;-1635.73839285715 * pre_1 * GradientSolver;2;0.316929728303872;
6;12098.4615178571 * Precon + 4741.44473214287 * pre_1 + 11625.5116071429 * pre_1 * CGSolver + 1156.47816964286 * pre_4 + 1156.47816964286 * pre_4 * SeqSOR + -817.869196428579 * pre_1 * GradientSolver + -817.869196428579 * pre_1 * GradientSolver * cells_50;2.16343496941761;2.16343496941761;2.16343496941761;2.16343496941761;0.114209;12;-817.869196428579 * pre_1 * GradientSolver * cells_50;3;1.27305573490351E-14;
Elapsed=00:00:00.1144170
Learning progress:
1;15216.4097077922 * Precon + -1049.98756493507 * SeqGS;14.8122822983834;14.8122822983834;14.8122822983834;14.8122822983834;0.003518;2;-1049.98756493507 * SeqGS;1;11.1998713988022;
2;15216.4097077922 * Precon + -1436.29908279221 * SeqGS + 3476.80366071429 * cells_53;12.9410883957829;12.9410883957829;12.9410883957829;12.9410883957829;0.010859;3;3476.80366071429 * cells_53;1;1.87119390260053;
3;15460.8853974846 * Precon + -1596.73625415281 * SeqGS + 3392.76514238253 * cells_53 + -672.308146654014 * BiCGSTABSolver;11.5847482832165;11.5847482832165;11.5847482832165;11.5847482832165;0.024533;4;-672.308146654014 * BiCGSTABSolver;1;1.35634011256639;
4;16017.360596301 * Precon + -2709.68665178572 * SeqGS + 3949.24034119898 * cells_53 + -4196.65107249149 * BiCGSTABSolver + 7976.14451636904 * BiCGSTABSolver * pre_1;8.1829472001608;8.1829472001608;8.1829472001608;8.1829472001608;0.046082;6;7976.14451636904 * BiCGSTABSolver * pre_1;2;1.70090054152786;
5;12782.2670485437 * Precon + -2301.65683495145 * SeqGS + 3512.06553744798 * cells_53 + -3137.71654785021 * BiCGSTABSolver + 6684.05009639389 * BiCGSTABSolver * pre_1 + 3264.23853467407 * post_0;6.72681546521126;6.72681546521126;6.72681546521126;6.72681546521126;0.077841;7;3264.23853467407 * post_0;1;1.45613173494954;
6;12868.5872130102 * Precon + -2410.77855229591 * SeqGS + 3569.06941964286 * cells_53 + -2362.46375 * BiCGSTABSolver + 6330.62602678572 * BiCGSTABSolver * pre_1 + 3230.03620535714 * post_0 + -838.771409438781 * BiCGSTABSolver * SeqSOR;6.2462550280064;6.2462550280064;6.2462550280064;6.2462550280064;0.121792;9;-838.771409438781 * BiCGSTABSolver * SeqSOR;2;0.24028021860243;
7;7775.4652912415 * Precon + 2682.34336947279 * SeqGS + 3569.06941964286 * cells_53 + -2362.46375000001 * BiCGSTABSolver + 6330.62602678572 * BiCGSTABSolver * pre_1 + 3230.03620535714 * post_0 + -838.771409438767 * BiCGSTABSolver * SeqSOR + 5093.12192176871 * SeqSOR;6.24625502800639;6.24625502800639;6.24625502800639;6.24625502800639;0.181115;10;5093.12192176871 * SeqSOR;1;1.06581410364015E-14;
Elapsed=00:00:00.1813468
Learning progress:
1;13504.4085714286 * Precon + 4262.44991071429 * CGSolver;22.5658889010997;22.5658889010997;22.5658889010997;22.5658889010997;0.002346;2;4262.44991071429 * CGSolver;1;14.6868106833397;
2;14670.2966251638 * Precon + 4408.1859174312 * CGSolver + -3497.66416120577 * pre_2;20.0264321549945;20.0264321549945;20.0264321549945;20.0264321549945;0.009174;3;-3497.66416120577 * pre_2;1;2.53945674610515;
3;15535.0750835422 * Precon + 3764.20195906433 * CGSolver + -4086.44949456976 * pre_2 + -4011.10008354218 * pre_3;17.1591904106498;17.1591904106498;17.1591904106498;17.1591904106498;0.023562;4;-4011.10008354218 * pre_3;1;2.8672417443448;
4;15677.3808371736 * Precon + 3451.12930107527 * CGSolver + -3631.07108294932 * pre_2 + -4153.40583717359 * pre_3 + -3244.5711827957 * pre_2 * LoopSolver;14.8835603567299;14.8835603567299;14.8835603567299;14.8835603567299;0.04488;6;-3244.5711827957 * pre_2 * LoopSolver;2;1.13781502695994;
5;14717.6069921811 * Precon + 3331.15757045121 * CGSolver + -3727.04846744855 * pre_2 + -4309.36908698485 * pre_3 + -2188.81995330401 * pre_2 * LoopSolver + 2231.47418960743 * SeqSOR;14.2080488156239;14.2080488156239;14.2080488156239;14.2080488156239;0.076233;7;2231.47418960743 * SeqSOR;1;0.67551154110601;
6;15610.5566422378 * Precon + 4903.81516308836 * CGSolver + -4806.58461154693 * pre_2 + -4602.57643476467 * pre_3 + -2002.23345926232 * pre_2 * LoopSolver + 1031.98958505368 * SeqSOR + -11688.3110910405 * post_3;11.4561943606728;11.4561943606728;11.4561943606728;11.4561943606728;0.127137;8;-11688.3110910405 * post_3;1;2.75185445495108;
7;15439.2596382784 * Precon + 5251.76220238095 * CGSolver + -4378.34210164836 * pre_2 + -4463.39761904762 * pre_3 + -2259.17896520146 * pre_2 * LoopSolver + 1096.22596153846 * SeqSOR + -11864.9611263736 * post_3 + -926.074427655669 * pre_2 * CGSolver;10.9179075826587;10.9179075826587;10.9179075826587;10.9179075826587;0.18289;10;-926.074427655669 * pre_2 * CGSolver;2;0.269143389007058;
8;15336.5587142857 * Precon + 5343.83889285715 * CGSolver + -4282.724 * pre_2 + -4371.32092857143 * pre_3 + -2436.24952380953 * pre_2 * LoopSolver + 1117.47442857144 * SeqSOR + -11854.3368928571 * post_3 + -1025.23394047619 * pre_2 * CGSolver + 184.153380952385 * LoopSolver;10.9023404411018;10.9023404411018;10.9023404411018;10.9023404411018;0.275982;11;184.153380952385 * LoopSolver;1;0.0155671415569021;
Elapsed=00:00:00.2762519
Learning progress:
1;12721.0557417582 * Precon + 5350.69221742544 * pre_1;23.244431872149;23.244431872149;23.244431872149;23.244431872149;0.002384;2;5350.69221742544 * pre_1;1;17.6575022298736;
2;10545.2561751152 * Precon + 6853.03001344086 * pre_1 + 4714.23239439324 * CGSolver;10.3810377090682;10.3810377090682;10.3810377090682;10.3810377090682;0.010214;3;4714.23239439324 * CGSolver;1;12.8633941630808;
3;10919.2666886269 * Precon + 7202.10649271844 * pre_1 + 4290.35381241332 * CGSolver + -2318.86518377254 * LoopSolver;6.83316156110483;6.83316156110483;6.83316156110483;6.83316156110483;0.023223;4;-2318.86518377254 * LoopSolver;1;3.54787614796341;
4;11028.3873687424 * Precon + 6929.3047924298 * pre_1 + 5290.62671347172 * CGSolver + -2246.11806369556 * LoopSolver + -7492.95336792836 * post_3;5.7303244556036;5.7303244556036;5.7303244556036;5.7303244556036;0.043342;5;-7492.95336792836 * post_3;1;1.10283710550123;
5;12165.1619801553 * Precon + 7125.49939541477 * pre_1 + 5246.38675397511 * CGSolver + -2163.4085742019 * LoopSolver + -7235.20751694812 * post_3 + -1350.28050289657 * cells_50;5.01545786203357;5.01545786203357;5.01545786203357;5.01545786203357;0.074241;6;-1350.28050289657 * cells_50;1;0.714866593570027;
6;12405.2186272321 * Precon + 7044.71110072544 * pre_1 + 5658.02235072544 * CGSolver + -2118.78265904018 * LoopSolver + -7656.07606166294 * post_3 + -1581.10420200892 * cells_50 + -891.748890904013 * CGSolver * pre_2;4.55644005251881;4.55644005251881;4.55644005251881;4.55644005251881;0.113095;8;-891.748890904013 * CGSolver * pre_2;2;0.229508904757378;
7;12405.2186272322 * Precon + 7044.71110072545 * pre_1 + 1219.98954659599 * CGSolver + -2118.78265904018 * LoopSolver + -3218.04325753349 * post_3 + -1581.10420200892 * cells_50 + -891.748890904021 * CGSolver * pre_2 + 4438.03280412947 * CGSolver * post_0;4.55644005251875;4.55644005251875;4.55644005251875;4.55644005251875;0.166348;10;4438.03280412947 * CGSolver * post_0;2;3.01980662698043E-14;
Elapsed=00:00:00.1665837
Learning progress:
1;15044.9441165414 * Precon + -3745.84411654133 * pre_0;17.7308229328208;17.7308229328208;17.7308229328208;17.7308229328208;0.002339;2;-3745.84411654133 * pre_0;1;24.5332745085552;
2;17256.9142857143 * Precon + -5957.8142857143 * pre_0 + -2334.85740079364 * cells_50;9.78606239658598;9.78606239658598;9.78606239658598;9.78606239658598;0.008378;3;-2334.85740079364 * cells_50;1;7.94476053623485;
3;17256.9142857143 * Precon + -5957.81428571429 * pre_0 + -1561.74815934066 * cells_50 + -2783.19326923077 * GradientSolver;8.42801860711412;8.42801860711412;8.42801860711412;8.42801860711412;0.02188;4;-2783.19326923077 * GradientSolver;1;1.35804378947186;
4;17256.9142857143 * Precon + -5957.81428571429 * pre_0 + -1361.52776785716 * cells_50 + -2983.41366071428 * GradientSolver + -2602.86508928571 * pre_4;8.42614040764983;8.42614040764983;8.42614040764983;8.42614040764983;0.040797;5;-2602.86508928571 * pre_4;1;0.00187819946429357;
Elapsed=00:00:00.0409963
Learning progress:
1;12276.3812362637 * Precon + 5756.95855965463 * pre_1;12.0340557324911;12.0340557324911;12.0340557324911;12.0340557324911;0.002309;2;5756.95855965463 * pre_1;1;17.5495052358558;
2;12276.3812362637 * Precon + 4018.27888278388 * pre_1 + 12170.7577380952 * pre_1 * CGSolver;4.87934966935624;4.87934966935624;4.87934966935624;4.87934966935624;0.008973;4;12170.7577380952 * pre_1 * CGSolver;2;3.57735303156744;
3;12098.4615178572 * Precon + 4196.19860119047 * pre_1 + 12170.7577380952 * pre_1 * CGSolver + 2312.95633928568 * pre_4;4.42424638289912;4.42424638289912;4.42424638289912;4.42424638289912;0.022318;5;2312.95633928568 * pre_4;1;0.455103286457125;
Elapsed=00:00:00.0224752
Learning progress:
1;15216.4097077922 * Precon + -1049.98756493507 * SeqGS;14.8122822983834;14.8122822983834;14.8122822983834;14.8122822983834;0.00255;2;-1049.98756493507 * SeqGS;1;11.1998713988022;
2;15216.4097077922 * Precon + -1436.29908279221 * SeqGS + 3476.80366071429 * cells_53;12.9410883957829;12.9410883957829;12.9410883957829;12.9410883957829;0.01083;3;3476.80366071429 * cells_53;1;1.87119390260053;
3;15460.8853974846 * Precon + -1596.73625415281 * SeqGS + 3392.76514238253 * cells_53 + -672.308146654014 * BiCGSTABSolver;11.5847482832165;11.5847482832165;11.5847482832165;11.5847482832165;0.026455;4;-672.308146654014 * BiCGSTABSolver;1;1.35634011256639;
4;16017.360596301 * Precon + -2709.68665178572 * SeqGS + 3949.24034119898 * cells_53 + -4196.65107249149 * BiCGSTABSolver + 7976.14451636904 * BiCGSTABSolver * pre_1;8.1829472001608;8.1829472001608;8.1829472001608;8.1829472001608;0.047118;6;7976.14451636904 * BiCGSTABSolver * pre_1;2;1.70090054152786;
5;12782.2670485437 * Precon + -2301.65683495145 * SeqGS + 3512.06553744798 * cells_53 + -3137.71654785021 * BiCGSTABSolver + 6684.05009639389 * BiCGSTABSolver * pre_1 + 3264.23853467407 * post_0;6.72681546521126;6.72681546521126;6.72681546521126;6.72681546521126;0.081129;7;3264.23853467407 * post_0;1;1.45613173494954;
6;12868.5872130102 * Precon + -2410.77855229591 * SeqGS + 3569.06941964286 * cells_53 + -2362.46375 * BiCGSTABSolver + 6330.62602678572 * BiCGSTABSolver * pre_1 + 3230.03620535714 * post_0 + -838.771409438781 * BiCGSTABSolver * SeqSOR;6.2462550280064;6.2462550280064;6.2462550280064;6.2462550280064;0.124803;9;-838.771409438781 * BiCGSTABSolver * SeqSOR;2;0.24028021860243;
Elapsed=00:00:00.1250250
Learning progress:
1;13504.4085714286 * Precon + 4262.44991071429 * CGSolver;22.5658889010997;22.5658889010997;22.5658889010997;22.5658889010997;0.002368;2;4262.44991071429 * CGSolver;1;14.6868106833397;
2;14670.2966251638 * Precon + 4408.1859174312 * CGSolver + -3497.66416120577 * pre_2;20.0264321549945;20.0264321549945;20.0264321549945;20.0264321549945;0.009293;3;-3497.66416120577 * pre_2;1;2.53945674610515;
3;15535.0750835422 * Precon + 3764.20195906433 * CGSolver + -4086.44949456976 * pre_2 + -4011.10008354218 * pre_3;17.1591904106498;17.1591904106498;17.1591904106498;17.1591904106498;0.023615;4;-4011.10008354218 * pre_3;1;2.8672417443448;
4;15677.3808371736 * Precon + 3451.12930107527 * CGSolver + -3631.07108294932 * pre_2 + -4153.40583717359 * pre_3 + -3244.5711827957 * pre_2 * LoopSolver;14.8835603567299;14.8835603567299;14.8835603567299;14.8835603567299;0.043554;6;-3244.5711827957 * pre_2 * LoopSolver;2;1.13781502695994;
5;14717.6069921811 * Precon + 3331.15757045121 * CGSolver + -3727.04846744855 * pre_2 + -4309.36908698485 * pre_3 + -2188.81995330401 * pre_2 * LoopSolver + 2231.47418960743 * SeqSOR;14.2080488156239;14.2080488156239;14.2080488156239;14.2080488156239;0.078689;7;2231.47418960743 * SeqSOR;1;0.67551154110601;
6;15610.5566422378 * Precon + 4903.81516308836 * CGSolver + -4806.58461154693 * pre_2 + -4602.57643476467 * pre_3 + -2002.23345926232 * pre_2 * LoopSolver + 1031.98958505368 * SeqSOR + -11688.3110910405 * post_3;11.4561943606728;11.4561943606728;11.4561943606728;11.4561943606728;0.122988;8;-11688.3110910405 * post_3;1;2.75185445495108;
7;15439.2596382784 * Precon + 5251.76220238095 * CGSolver + -4378.34210164836 * pre_2 + -4463.39761904762 * pre_3 + -2259.17896520146 * pre_2 * LoopSolver + 1096.22596153846 * SeqSOR + -11864.9611263736 * post_3 + -926.074427655669 * pre_2 * CGSolver;10.9179075826587;10.9179075826587;10.9179075826587;10.9179075826587;0.177541;10;-926.074427655669 * pre_2 * CGSolver;2;0.269143389007058;
Elapsed=00:00:00.1777646
Learning progress:
1;12721.0557417582 * Precon + 5350.69221742544 * pre_1;23.244431872149;23.244431872149;23.244431872149;23.244431872149;0.002281;2;5350.69221742544 * pre_1;1;17.6575022298736;
2;10545.2561751152 * Precon + 6853.03001344086 * pre_1 + 4714.23239439324 * CGSolver;10.3810377090682;10.3810377090682;10.3810377090682;10.3810377090682;0.010371;3;4714.23239439324 * CGSolver;1;12.8633941630808;
3;10919.2666886269 * Precon + 7202.10649271844 * pre_1 + 4290.35381241332 * CGSolver + -2318.86518377254 * LoopSolver;6.83316156110483;6.83316156110483;6.83316156110483;6.83316156110483;0.022404;4;-2318.86518377254 * LoopSolver;1;3.54787614796341;
4;11028.3873687424 * Precon + 6929.3047924298 * pre_1 + 5290.62671347172 * CGSolver + -2246.11806369556 * LoopSolver + -7492.95336792836 * post_3;5.7303244556036;5.7303244556036;5.7303244556036;5.7303244556036;0.041929;5;-7492.95336792836 * post_3;1;1.10283710550123;
5;12165.1619801553 * Precon + 7125.49939541477 * pre_1 + 5246.38675397511 * CGSolver + -2163.4085742019 * LoopSolver + -7235.20751694812 * post_3 + -1350.28050289657 * cells_50;5.01545786203357;5.01545786203357;5.01545786203357;5.01545786203357;0.069469;6;-1350.28050289657 * cells_50;1;0.714866593570027;
6;12405.2186272321 * Precon + 7044.71110072544 * pre_1 + 5658.02235072544 * CGSolver + -2118.78265904018 * LoopSolver + -7656.07606166294 * post_3 + -1581.10420200892 * cells_50 + -891.748890904013 * CGSolver * pre_2;4.55644005251881;4.55644005251881;4.55644005251881;4.55644005251881;0.108127;8;-891.748890904013 * CGSolver * pre_2;2;0.229508904757378;
Elapsed=00:00:00.1083446
Learning progress:
1;15044.9441165414 * Precon + -3745.84411654133 * pre_0;17.7308229328208;17.7308229328208;17.7308229328208;17.7308229328208;0.002155;2;-3745.84411654133 * pre_0;1;24.5332745085552;
2;17256.9142857143 * Precon + -5957.8142857143 * pre_0 + -2334.85740079364 * cells_50;9.78606239658598;9.78606239658598;9.78606239658598;9.78606239658598;0.00795;3;-2334.85740079364 * cells_50;1;7.94476053623485;
3;17256.9142857143 * Precon + -5957.81428571429 * pre_0 + -1561.74815934066 * cells_50 + -2783.19326923077 * GradientSolver;8.42801860711412;8.42801860711412;8.42801860711412;8.42801860711412;0.021437;4;-2783.19326923077 * GradientSolver;1;1.35804378947186;
4;17256.9142857143 * Precon + -5957.81428571429 * pre_0 + -1361.52776785716 * cells_50 + -2983.41366071428 * GradientSolver + -2602.86508928571 * pre_4;8.42614040764983;8.42614040764983;8.42614040764983;8.42614040764983;0.040778;5;-2602.86508928571 * pre_4;1;0.00187819946429357;
Elapsed=00:00:00.0409726
Learning progress:
1;12276.3812362637 * Precon + 5756.95855965463 * pre_1;12.0340557324911;12.0340557324911;12.0340557324911;12.0340557324911;0.00338;2;5756.95855965463 * pre_1;1;17.5495052358558;
2;12276.3812362637 * Precon + 4018.27888278388 * pre_1 + 12170.7577380952 * pre_1 * CGSolver;4.87934966935624;4.87934966935624;4.87934966935624;4.87934966935624;0.009905;4;12170.7577380952 * pre_1 * CGSolver;2;3.57735303156744;
3;12098.4615178572 * Precon + 4196.19860119047 * pre_1 + 12170.7577380952 * pre_1 * CGSolver + 2312.95633928568 * pre_4;4.42424638289912;4.42424638289912;4.42424638289912;4.42424638289912;0.023136;5;2312.95633928568 * pre_4;1;0.455103286457125;
4;12098.4615178571 * Precon + 4196.19860119048 * pre_1 + 12170.7577380952 * pre_1 * CGSolver + 1156.47816964287 * pre_4 + 1156.47816964287 * pre_4 * SeqSOR;2.79729442602539;2.79729442602539;2.79729442602539;2.79729442602539;0.042811;7;1156.47816964287 * pre_4 * SeqSOR;2;0.813475978436864;
5;12098.4615178571 * Precon + 4741.44473214285 * pre_1 + 11625.5116071429 * pre_1 * CGSolver + 1156.47816964286 * pre_4 + 1156.47816964286 * pre_4 * SeqSOR + -1635.73839285715 * pre_1 * GradientSolver;2.16343496941765;2.16343496941765;2.16343496941765;2.16343496941765;0.072806;9;-1635.73839285715 * pre_1 * GradientSolver;2;0.316929728303872;
6;12098.4615178571 * Precon + 4741.44473214287 * pre_1 + 11625.5116071429 * pre_1 * CGSolver + 1156.47816964286 * pre_4 + 1156.47816964286 * pre_4 * SeqSOR + -817.869196428579 * pre_1 * GradientSolver + -817.869196428579 * pre_1 * GradientSolver * cells_50;2.16343496941761;2.16343496941761;2.16343496941761;2.16343496941761;0.113791;12;-817.869196428579 * pre_1 * GradientSolver * cells_50;3;1.27305573490351E-14;
Elapsed=00:00:00.1140049
Learning progress:
1;15216.4097077922 * Precon + -1049.98756493507 * SeqGS;14.8122822983834;14.8122822983834;14.8122822983834;14.8122822983834;0.002577;2;-1049.98756493507 * SeqGS;1;11.1998713988022;
2;15216.4097077922 * Precon + -1436.29908279221 * SeqGS + 3476.80366071429 * cells_53;12.9410883957829;12.9410883957829;12.9410883957829;12.9410883957829;0.011185;3;3476.80366071429 * cells_53;1;1.87119390260053;
3;15460.8853974846 * Precon + -1596.73625415281 * SeqGS + 3392.76514238253 * cells_53 + -672.308146654014 * BiCGSTABSolver;11.5847482832165;11.5847482832165;11.5847482832165;11.5847482832165;0.024872;4;-672.308146654014 * BiCGSTABSolver;1;1.35634011256639;
4;16017.360596301 * Precon + -2709.68665178572 * SeqGS + 3949.24034119898 * cells_53 + -4196.65107249149 * BiCGSTABSolver + 7976.14451636904 * BiCGSTABSolver * pre_1;8.1829472001608;8.1829472001608;8.1829472001608;8.1829472001608;0.045452;6;7976.14451636904 * BiCGSTABSolver * pre_1;2;1.70090054152786;
5;12782.2670485437 * Precon + -2301.65683495145 * SeqGS + 3512.06553744798 * cells_53 + -3137.71654785021 * BiCGSTABSolver + 6684.05009639389 * BiCGSTABSolver * pre_1 + 3264.23853467407 * post_0;6.72681546521126;6.72681546521126;6.72681546521126;6.72681546521126;0.07724;7;3264.23853467407 * post_0;1;1.45613173494954;
6;12868.5872130102 * Precon + -2410.77855229591 * SeqGS + 3569.06941964286 * cells_53 + -2362.46375 * BiCGSTABSolver + 6330.62602678572 * BiCGSTABSolver * pre_1 + 3230.03620535714 * post_0 + -838.771409438781 * BiCGSTABSolver * SeqSOR;6.2462550280064;6.2462550280064;6.2462550280064;6.2462550280064;0.121461;9;-838.771409438781 * BiCGSTABSolver * SeqSOR;2;0.24028021860243;
7;7775.4652912415 * Precon + 2682.34336947279 * SeqGS + 3569.06941964286 * cells_53 + -2362.46375000001 * BiCGSTABSolver + 6330.62602678572 * BiCGSTABSolver * pre_1 + 3230.03620535714 * post_0 + -838.771409438767 * BiCGSTABSolver * SeqSOR + 5093.12192176871 * SeqSOR;6.24625502800639;6.24625502800639;6.24625502800639;6.24625502800639;0.183645;10;5093.12192176871 * SeqSOR;1;1.06581410364015E-14;
Elapsed=00:00:00.1839218
Learning progress:
1;13504.4085714286 * Precon + 4262.44991071429 * CGSolver;22.5658889010997;22.5658889010997;22.5658889010997;22.5658889010997;0.003086;2;4262.44991071429 * CGSolver;1;14.6868106833397;
2;14670.2966251638 * Precon + 4408.1859174312 * CGSolver + -3497.66416120577 * pre_2;20.0264321549945;20.0264321549945;20.0264321549945;20.0264321549945;0.010518;3;-3497.66416120577 * pre_2;1;2.53945674610515;
3;15535.0750835422 * Precon + 3764.20195906433 * CGSolver + -4086.44949456976 * pre_2 + -4011.10008354218 * pre_3;17.1591904106498;17.1591904106498;17.1591904106498;17.1591904106498;0.023997;4;-4011.10008354218 * pre_3;1;2.8672417443448;
4;15677.3808371736 * Precon + 3451.12930107527 * CGSolver + -3631.07108294932 * pre_2 + -4153.40583717359 * pre_3 + -3244.5711827957 * pre_2 * LoopSolver;14.8835603567299;14.8835603567299;14.8835603567299;14.8835603567299;0.044521;6;-3244.5711827957 * pre_2 * LoopSolver;2;1.13781502695994;
5;14717.6069921811 * Precon + 3331.15757045121 * CGSolver + -3727.04846744855 * pre_2 + -4309.36908698485 * pre_3 + -2188.81995330401 * pre_2 * LoopSolver + 2231.47418960743 * SeqSOR;14.2080488156239;14.2080488156239;14.2080488156239;14.2080488156239;0.077877;7;2231.47418960743 * SeqSOR;1;0.67551154110601;
6;15610.5566422378 * Precon + 4903.81516308836 * CGSolver + -4806.58461154693 * pre_2 + -4602.57643476467 * pre_3 + -2002.23345926232 * pre_2 * LoopSolver + 1031.98958505368 * SeqSOR + -11688.3110910405 * post_3;11.4561943606728;11.4561943606728;11.4561943606728;11.4561943606728;0.121893;8;-11688.3110910405 * post_3;1;2.75185445495108;
7;15439.2596382784 * Precon + 5251.76220238095 * CGSolver + -4378.34210164836 * pre_2 + -4463.39761904762 * pre_3 + -2259.17896520146 * pre_2 * LoopSolver + 1096.22596153846 * SeqSOR + -11864.9611263736 * post_3 + -926.074427655669 * pre_2 * CGSolver;10.9179075826587;10.9179075826587;10.9179075826587;10.9179075826587;0.177665;10;-926.074427655669 * pre_2 * CGSolver;2;0.269143389007058;
8;15336.5587142857 * Precon + 5343.83889285715 * CGSolver + -4282.724 * pre_2 + -4371.32092857143 * pre_3 + -2436.24952380953 * pre_2 * LoopSolver + 1117.47442857144 * SeqSOR + -11854.3368928571 * post_3 + -1025.23394047619 * pre_2 * CGSolver + 184.153380952385 * LoopSolver;10.9023404411018;10.9023404411018;10.9023404411018;10.9023404411018;0.250538;11;184.153380952385 * LoopSolver;1;0.0155671415569021;
Elapsed=00:00:00.2507867
Learning progress:
1;12721.0557417582 * Precon + 5350.69221742544 * pre_1;23.244431872149;23.244431872149;23.244431872149;23.244431872149;0.002232;2;5350.69221742544 * pre_1;1;17.6575022298736;
2;10545.2561751152 * Precon + 6853.03001344086 * pre_1 + 4714.23239439324 * CGSolver;10.3810377090682;10.3810377090682;10.3810377090682;10.3810377090682;0.010135;3;4714.23239439324 * CGSolver;1;12.8633941630808;
3;10919.2666886269 * Precon + 7202.10649271844 * pre_1 + 4290.35381241332 * CGSolver + -2318.86518377254 * LoopSolver;6.83316156110483;6.83316156110483;6.83316156110483;6.83316156110483;0.02189;4;-2318.86518377254 * LoopSolver;1;3.54787614796341;
4;11028.3873687424 * Precon + 6929.3047924298 * pre_1 + 5290.62671347172 * CGSolver + -2246.11806369556 * LoopSolver + -7492.95336792836 * post_3;5.7303244556036;5.7303244556036;5.7303244556036;5.7303244556036;0.04137;5;-7492.95336792836 * post_3;1;1.10283710550123;
5;12165.1619801553 * Precon + 7125.49939541477 * pre_1 + 5246.38675397511 * CGSolver + -2163.4085742019 * LoopSolver + -7235.20751694812 * post_3 + -1350.28050289657 * cells_50;5.01545786203357;5.01545786203357;5.01545786203357;5.01545786203357;0.071382;6;-1350.28050289657 * cells_50;1;0.714866593570027;
6;12405.2186272321 * Precon + 7044.71110072544 * pre_1 + 5658.02235072544 * CGSolver + -2118.78265904018 * LoopSolver + -7656.07606166294 * post_3 + -1581.10420200892 * cells_50 + -891.748890904013 * CGSolver * pre_2;4.55644005251881;4.55644005251881;4.55644005251881;4.55644005251881;0.11043;8;-891.748890904013 * CGSolver * pre_2;2;0.229508904757378;
7;12405.2186272322 * Precon + 7044.71110072545 * pre_1 + 1219.98954659599 * CGSolver + -2118.78265904018 * LoopSolver + -3218.04325753349 * post_3 + -1581.10420200892 * cells_50 + -891.748890904021 * CGSolver * pre_2 + 4438.03280412947 * CGSolver * post_0;4.55644005251875;4.55644005251875;4.55644005251875;4.55644005251875;0.164914;10;4438.03280412947 * CGSolver * post_0;2;3.01980662698043E-14;
Elapsed=00:00:00.1651489
Learning progress:
1;15044.9441165414 * Precon + -3745.84411654133 * pre_0;17.7308229328208;17.7308229328208;17.7308229328208;17.7308229328208;0.002147;2;-3745.84411654133 * pre_0;1;24.5332745085552;
2;17256.9142857143 * Precon + -5957.8142857143 * pre_0 + -2334.85740079364 * cells_50;9.78606239658598;9.78606239658598;9.78606239658598;9.78606239658598;0.008256;3;-2334.85740079364 * cells_50;1;7.94476053623485;
3;17256.9142857143 * Precon + -5957.81428571429 * pre_0 + -1561.74815934066 * cells_50 + -2783.19326923077 * GradientSolver;8.42801860711412;8.42801860711412;8.42801860711412;8.42801860711412;0.022368;4;-2783.19326923077 * GradientSolver;1;1.35804378947186;
4;17256.9142857143 * Precon + -5957.81428571429 * pre_0 + -1361.52776785716 * cells_50 + -2983.41366071428 * GradientSolver + -2602.86508928571 * pre_4;8.42614040764983;8.42614040764983;8.42614040764983;8.42614040764983;0.042636;5;-2602.86508928571 * pre_4;1;0.00187819946429357;
Elapsed=00:00:00.0428297
Learning progress:
1;12276.3812362637 * Precon + 5756.95855965463 * pre_1;12.0340557324911;12.0340557324911;12.0340557324911;12.0340557324911;0.003734;2;5756.95855965463 * pre_1;1;17.5495052358558;
2;12276.3812362637 * Precon + 4018.27888278388 * pre_1 + 12170.7577380952 * pre_1 * CGSolver;4.87934966935624;4.87934966935624;4.87934966935624;4.87934966935624;0.010143;4;12170.7577380952 * pre_1 * CGSolver;2;3.57735303156744;
3;12098.4615178572 * Precon + 4196.19860119047 * pre_1 + 12170.7577380952 * pre_1 * CGSolver + 2312.95633928568 * pre_4;4.42424638289912;4.42424638289912;4.42424638289912;4.42424638289912;0.023309;5;2312.95633928568 * pre_4;1;0.455103286457125;
4;12098.4615178571 * Precon + 4196.19860119048 * pre_1 + 12170.7577380952 * pre_1 * CGSolver + 1156.47816964287 * pre_4 + 1156.47816964287 * pre_4 * SeqSOR;2.79729442602539;2.79729442602539;2.79729442602539;2.79729442602539;0.04295;7;1156.47816964287 * pre_4 * SeqSOR;2;0.813475978436864;
5;12098.4615178571 * Precon + 4741.44473214285 * pre_1 + 11625.5116071429 * pre_1 * CGSolver + 1156.47816964286 * pre_4 + 1156.47816964286 * pre_4 * SeqSOR + -1635.73839285715 * pre_1 * GradientSolver;2.16343496941765;2.16343496941765;2.16343496941765;2.16343496941765;0.071802;9;-1635.73839285715 * pre_1 * GradientSolver;2;0.316929728303872;
6;12098.4615178571 * Precon + 4741.44473214287 * pre_1 + 11625.5116071429 * pre_1 * CGSolver + 1156.47816964286 * pre_4 + 1156.47816964286 * pre_4 * SeqSOR + -817.869196428579 * pre_1 * GradientSolver + -817.869196428579 * pre_1 * GradientSolver * cells_50;2.16343496941761;2.16343496941761;2.16343496941761;2.16343496941761;0.113637;12;-817.869196428579 * pre_1 * GradientSolver * cells_50;3;1.27305573490351E-14;
Elapsed=00:00:00.1138431
Learning progress:
1;15216.4097077922 * Precon + -1049.98756493507 * SeqGS;14.8122822983834;14.8122822983834;14.8122822983834;14.8122822983834;0.002572;2;-1049.98756493507 * SeqGS;1;11.1998713988022;
2;15216.4097077922 * Precon + -1436.29908279221 * SeqGS + 3476.80366071429 * cells_53;12.9410883957829;12.9410883957829;12.9410883957829;12.9410883957829;0.010919;3;3476.80366071429 * cells_53;1;1.87119390260053;
3;15460.8853974846 * Precon + -1596.73625415281 * SeqGS + 3392.76514238253 * cells_53 + -672.308146654014 * BiCGSTABSolver;11.5847482832165;11.5847482832165;11.5847482832165;11.5847482832165;0.02348;4;-672.308146654014 * BiCGSTABSolver;1;1.35634011256639;
4;16017.360596301 * Precon + -2709.68665178572 * SeqGS + 3949.24034119898 * cells_53 + -4196.65107249149 * BiCGSTABSolver + 7976.14451636904 * BiCGSTABSolver * pre_1;8.1829472001608;8.1829472001608;8.1829472001608;8.1829472001608;0.045199;6;7976.14451636904 * BiCGSTABSolver * pre_1;2;1.70090054152786;
5;12782.2670485437 * Precon + -2301.65683495145 * SeqGS + 3512.06553744798 * cells_53 + -3137.71654785021 * BiCGSTABSolver + 6684.05009639389 * BiCGSTABSolver * pre_1 + 3264.23853467407 * post_0;6.72681546521126;6.72681546521126;6.72681546521126;6.72681546521126;0.075834;7;3264.23853467407 * post_0;1;1.45613173494954;
6;12868.5872130102 * Precon + -2410.77855229591 * SeqGS + 3569.06941964286 * cells_53 + -2362.46375 * BiCGSTABSolver + 6330.62602678572 * BiCGSTABSolver * pre_1 + 3230.03620535714 * post_0 + -838.771409438781 * BiCGSTABSolver * SeqSOR;6.2462550280064;6.2462550280064;6.2462550280064;6.2462550280064;0.121578;9;-838.771409438781 * BiCGSTABSolver * SeqSOR;2;0.24028021860243;
7;7775.4652912415 * Precon + 2682.34336947279 * SeqGS + 3569.06941964286 * cells_53 + -2362.46375000001 * BiCGSTABSolver + 6330.62602678572 * BiCGSTABSolver * pre_1 + 3230.03620535714 * post_0 + -838.771409438767 * BiCGSTABSolver * SeqSOR + 5093.12192176871 * SeqSOR;6.24625502800639;6.24625502800639;6.24625502800639;6.24625502800639;0.180245;10;5093.12192176871 * SeqSOR;1;1.06581410364015E-14;
Elapsed=00:00:00.1804842
Learning progress:
1;13504.4085714286 * Precon + 4262.44991071429 * CGSolver;22.5658889010997;22.5658889010997;22.5658889010997;22.5658889010997;0.00345;2;4262.44991071429 * CGSolver;1;14.6868106833397;
2;14670.2966251638 * Precon + 4408.1859174312 * CGSolver + -3497.66416120577 * pre_2;20.0264321549945;20.0264321549945;20.0264321549945;20.0264321549945;0.01027;3;-3497.66416120577 * pre_2;1;2.53945674610515;
3;15535.0750835422 * Precon + 3764.20195906433 * CGSolver + -4086.44949456976 * pre_2 + -4011.10008354218 * pre_3;17.1591904106498;17.1591904106498;17.1591904106498;17.1591904106498;0.023968;4;-4011.10008354218 * pre_3;1;2.8672417443448;
4;15677.3808371736 * Precon + 3451.12930107527 * CGSolver + -3631.07108294932 * pre_2 + -4153.40583717359 * pre_3 + -3244.5711827957 * pre_2 * LoopSolver;14.8835603567299;14.8835603567299;14.8835603567299;14.8835603567299;0.044281;6;-3244.5711827957 * pre_2 * LoopSolver;2;1.13781502695994;
5;14717.6069921811 * Precon + 3331.15757045121 * CGSolver + -3727.04846744855 * pre_2 + -4309.36908698485 * pre_3 + -2188.81995330401 * pre_2 * LoopSolver + 2231.47418960743 * SeqSOR;14.2080488156239;14.2080488156239;14.2080488156239;14.2080488156239;0.076279;7;2231.47418960743 * SeqSOR;1;0.67551154110601;
6;15610.5566422378 * Precon + 4903.81516308836 * CGSolver + -4806.58461154693 * pre_2 + -4602.57643476467 * pre_3 + -2002.23345926232 * pre_2 * LoopSolver + 1031.98958505368 * SeqSOR + -11688.3110910405 * post_3;11.4561943606728;11.4561943606728;11.4561943606728;11.4561943606728;0.120152;8;-11688.3110910405 * post_3;1;2.75185445495108;
7;15439.2596382784 * Precon + 5251.76220238095 * CGSolver + -4378.34210164836 * pre_2 + -4463.39761904762 * pre_3 + -2259.17896520146 * pre_2 * LoopSolver + 1096.22596153846 * SeqSOR + -11864.9611263736 * post_3 + -926.074427655669 * pre_2 * CGSolver;10.9179075826587;10.9179075826587;10.9179075826587;10.9179075826587;0.177278;10;-926.074427655669 * pre_2 * CGSolver;2;0.269143389007058;
8;15336.5587142857 * Precon + 5343.83889285715 * CGSolver + -4282.724 * pre_2 + -4371.32092857143 * pre_3 + -2436.24952380953 * pre_2 * LoopSolver + 1117.47442857144 * SeqSOR + -11854.3368928571 * post_3 + -1025.23394047619 * pre_2 * CGSolver + 184.153380952385 * LoopSolver;10.9023404411018;10.9023404411018;10.9023404411018;10.9023404411018;0.24839;11;184.153380952385 * LoopSolver;1;0.0155671415569021;
Elapsed=00:00:00.2486422
Learning progress:
1;12721.0557417582 * Precon + 5350.69221742544 * pre_1;23.244431872149;23.244431872149;23.244431872149;23.244431872149;0.00224;2;5350.69221742544 * pre_1;1;17.6575022298736;
2;10545.2561751152 * Precon + 6853.03001344086 * pre_1 + 4714.23239439324 * CGSolver;10.3810377090682;10.3810377090682;10.3810377090682;10.3810377090682;0.008889;3;4714.23239439324 * CGSolver;1;12.8633941630808;
3;10919.2666886269 * Precon + 7202.10649271844 * pre_1 + 4290.35381241332 * CGSolver + -2318.86518377254 * LoopSolver;6.83316156110483;6.83316156110483;6.83316156110483;6.83316156110483;0.021945;4;-2318.86518377254 * LoopSolver;1;3.54787614796341;
4;11028.3873687424 * Precon + 6929.3047924298 * pre_1 + 5290.62671347172 * CGSolver + -2246.11806369556 * LoopSolver + -7492.95336792836 * post_3;5.7303244556036;5.7303244556036;5.7303244556036;5.7303244556036;0.041728;5;-7492.95336792836 * post_3;1;1.10283710550123;
5;12165.1619801553 * Precon + 7125.49939541477 * pre_1 + 5246.38675397511 * CGSolver + -2163.4085742019 * LoopSolver + -7235.20751694812 * post_3 + -1350.28050289657 * cells_50;5.01545786203357;5.01545786203357;5.01545786203357;5.01545786203357;0.069189;6;-1350.28050289657 * cells_50;1;0.714866593570027;
6;12405.2186272321 * Precon + 7044.71110072544 * pre_1 + 5658.02235072544 * CGSolver + -2118.78265904018 * LoopSolver + -7656.07606166294 * post_3 + -1581.10420200892 * cells_50 + -891.748890904013 * CGSolver * pre_2;4.55644005251881;4.55644005251881;4.55644005251881;4.55644005251881;0.108207;8;-891.748890904013 * CGSolver * pre_2;2;0.229508904757378;
7;12405.2186272322 * Precon + 7044.71110072545 * pre_1 + 1219.98954659599 * CGSolver + -2118.78265904018 * LoopSolver + -3218.04325753349 * post_3 + -1581.10420200892 * cells_50 + -891.748890904021 * CGSolver * pre_2 + 4438.03280412947 * CGSolver * post_0;4.55644005251875;4.55644005251875;4.55644005251875;4.55644005251875;0.162023;10;4438.03280412947 * CGSolver * post_0;2;3.01980662698043E-14;
Elapsed=00:00:00.1622478
Learning progress:
1;15044.9441165414 * Precon + -3745.84411654133 * pre_0;17.7308229328208;17.7308229328208;17.7308229328208;17.7308229328208;0.003369;2;-3745.84411654133 * pre_0;1;24.5332745085552;
2;17256.9142857143 * Precon + -5957.8142857143 * pre_0 + -2334.85740079364 * cells_50;9.78606239658598;9.78606239658598;9.78606239658598;9.78606239658598;0.009375;3;-2334.85740079364 * cells_50;1;7.94476053623485;
3;17256.9142857143 * Precon + -5957.81428571429 * pre_0 + -1561.74815934066 * cells_50 + -2783.19326923077 * GradientSolver;8.42801860711412;8.42801860711412;8.42801860711412;8.42801860711412;0.022647;4;-2783.19326923077 * GradientSolver;1;1.35804378947186;
4;17256.9142857143 * Precon + -5957.81428571429 * pre_0 + -1361.52776785716 * cells_50 + -2983.41366071428 * GradientSolver + -2602.86508928571 * pre_4;8.42614040764983;8.42614040764983;8.42614040764983;8.42614040764983;0.041495;5;-2602.86508928571 * pre_4;1;0.00187819946429357;
Elapsed=00:00:00.0416952
Learning progress:
1;12276.3812362637 * Precon + 5756.95855965463 * pre_1;12.0340557324911;12.0340557324911;12.0340557324911;12.0340557324911;0.002184;2;5756.95855965463 * pre_1;1;17.5495052358558;
2;12276.3812362637 * Precon + 4018.27888278388 * pre_1 + 12170.7577380952 * pre_1 * CGSolver;4.87934966935624;4.87934966935624;4.87934966935624;4.87934966935624;0.009886;4;12170.7577380952 * pre_1 * CGSolver;2;3.57735303156744;
3;12098.4615178572 * Precon + 4196.19860119047 * pre_1 + 12170.7577380952 * pre_1 * CGSolver + 2312.95633928568 * pre_4;4.42424638289912;4.42424638289912;4.42424638289912;4.42424638289912;0.022975;5;2312.95633928568 * pre_4;1;0.455103286457125;
Elapsed=00:00:00.0231476
Learning progress:
1;15216.4097077922 * Precon + -1049.98756493507 * SeqGS;14.8122822983834;14.8122822983834;14.8122822983834;14.8122822983834;0.002329;2;-1049.98756493507 * SeqGS;1;11.1998713988022;
2;15216.4097077922 * Precon + -1436.29908279221 * SeqGS + 3476.80366071429 * cells_53;12.9410883957829;12.9410883957829;12.9410883957829;12.9410883957829;0.009686;3;3476.80366071429 * cells_53;1;1.87119390260053;
3;15460.8853974846 * Precon + -1596.73625415281 * SeqGS + 3392.76514238253 * cells_53 + -672.308146654014 * BiCGSTABSolver;11.5847482832165;11.5847482832165;11.5847482832165;11.5847482832165;0.023064;4;-672.308146654014 * BiCGSTABSolver;1;1.35634011256639;
4;16017.360596301 * Precon + -2709.68665178572 * SeqGS + 3949.24034119898 * cells_53 + -4196.65107249149 * BiCGSTABSolver + 7976.14451636904 * BiCGSTABSolver * pre_1;8.1829472001608;8.1829472001608;8.1829472001608;8.1829472001608;0.043619;6;7976.14451636904 * BiCGSTABSolver * pre_1;2;1.70090054152786;
5;12782.2670485437 * Precon + -2301.65683495145 * SeqGS + 3512.06553744798 * cells_53 + -3137.71654785021 * BiCGSTABSolver + 6684.05009639389 * BiCGSTABSolver * pre_1 + 3264.23853467407 * post_0;6.72681546521126;6.72681546521126;6.72681546521126;6.72681546521126;0.075167;7;3264.23853467407 * post_0;1;1.45613173494954;
6;12868.5872130102 * Precon + -2410.77855229591 * SeqGS + 3569.06941964286 * cells_53 + -2362.46375 * BiCGSTABSolver + 6330.62602678572 * BiCGSTABSolver * pre_1 + 3230.03620535714 * post_0 + -838.771409438781 * BiCGSTABSolver * SeqSOR;6.2462550280064;6.2462550280064;6.2462550280064;6.2462550280064;0.12709;9;-838.771409438781 * BiCGSTABSolver * SeqSOR;2;0.24028021860243;
Elapsed=00:00:00.1273129
Learning progress:
1;13504.4085714286 * Precon + 4262.44991071429 * CGSolver;22.5658889010997;22.5658889010997;22.5658889010997;22.5658889010997;0.002375;2;4262.44991071429 * CGSolver;1;14.6868106833397;
2;14670.2966251638 * Precon + 4408.1859174312 * CGSolver + -3497.66416120577 * pre_2;20.0264321549945;20.0264321549945;20.0264321549945;20.0264321549945;0.010599;3;-3497.66416120577 * pre_2;1;2.53945674610515;
3;15535.0750835422 * Precon + 3764.20195906433 * CGSolver + -4086.44949456976 * pre_2 + -4011.10008354218 * pre_3;17.1591904106498;17.1591904106498;17.1591904106498;17.1591904106498;0.025537;4;-4011.10008354218 * pre_3;1;2.8672417443448;
4;15677.3808371736 * Precon + 3451.12930107527 * CGSolver + -3631.07108294932 * pre_2 + -4153.40583717359 * pre_3 + -3244.5711827957 * pre_2 * LoopSolver;14.8835603567299;14.8835603567299;14.8835603567299;14.8835603567299;0.046378;6;-3244.5711827957 * pre_2 * LoopSolver;2;1.13781502695994;
5;14717.6069921811 * Precon + 3331.15757045121 * CGSolver + -3727.04846744855 * pre_2 + -4309.36908698485 * pre_3 + -2188.81995330401 * pre_2 * LoopSolver + 2231.47418960743 * SeqSOR;14.2080488156239;14.2080488156239;14.2080488156239;14.2080488156239;0.079941;7;2231.47418960743 * SeqSOR;1;0.67551154110601;
6;15610.5566422378 * Precon + 4903.81516308836 * CGSolver + -4806.58461154693 * pre_2 + -4602.57643476467 * pre_3 + -2002.23345926232 * pre_2 * LoopSolver + 1031.98958505368 * SeqSOR + -11688.3110910405 * post_3;11.4561943606728;11.4561943606728;11.4561943606728;11.4561943606728;0.124199;8;-11688.3110910405 * post_3;1;2.75185445495108;
7;15439.2596382784 * Precon + 5251.76220238095 * CGSolver + -4378.34210164836 * pre_2 + -4463.39761904762 * pre_3 + -2259.17896520146 * pre_2 * LoopSolver + 1096.22596153846 * SeqSOR + -11864.9611263736 * post_3 + -926.074427655669 * pre_2 * CGSolver;10.9179075826587;10.9179075826587;10.9179075826587;10.9179075826587;0.179707;10;-926.074427655669 * pre_2 * CGSolver;2;0.269143389007058;
Elapsed=00:00:00.1799362
Learning progress:
1;12721.0557417582 * Precon + 5350.69221742544 * pre_1;23.244431872149;23.244431872149;23.244431872149;23.244431872149;0.002962;2;5350.69221742544 * pre_1;1;17.6575022298736;
2;10545.2561751152 * Precon + 6853.03001344086 * pre_1 + 4714.23239439324 * CGSolver;10.3810377090682;10.3810377090682;10.3810377090682;10.3810377090682;0.011327;3;4714.23239439324 * CGSolver;1;12.8633941630808;
3;10919.2666886269 * Precon + 7202.10649271844 * pre_1 + 4290.35381241332 * CGSolver + -2318.86518377254 * LoopSolver;6.83316156110483;6.83316156110483;6.83316156110483;6.83316156110483;0.024254;4;-2318.86518377254 * LoopSolver;1;3.54787614796341;
4;11028.3873687424 * Precon + 6929.3047924298 * pre_1 + 5290.62671347172 * CGSolver + -2246.11806369556 * LoopSolver + -7492.95336792836 * post_3;5.7303244556036;5.7303244556036;5.7303244556036;5.7303244556036;0.043993;5;-7492.95336792836 * post_3;1;1.10283710550123;
5;12165.1619801553 * Precon + 7125.49939541477 * pre_1 + 5246.38675397511 * CGSolver + -2163.4085742019 * LoopSolver + -7235.20751694812 * post_3 + -1350.28050289657 * cells_50;5.01545786203357;5.01545786203357;5.01545786203357;5.01545786203357;0.071554;6;-1350.28050289657 * cells_50;1;0.714866593570027;
6;12405.2186272321 * Precon + 7044.71110072544 * pre_1 + 5658.02235072544 * CGSolver + -2118.78265904018 * LoopSolver + -7656.07606166294 * post_3 + -1581.10420200892 * cells_50 + -891.748890904013 * CGSolver * pre_2;4.55644005251881;4.55644005251881;4.55644005251881;4.55644005251881;0.114404;8;-891.748890904013 * CGSolver * pre_2;2;0.229508904757378;
Elapsed=00:00:00.1146085
Learning progress:
1;15044.9441165414 * Precon + -3745.84411654133 * pre_0;17.7308229328208;17.7308229328208;17.7308229328208;17.7308229328208;0.002319;2;-3745.84411654133 * pre_0;1;24.5332745085552;
2;17256.9142857143 * Precon + -5957.8142857143 * pre_0 + -2334.85740079364 * cells_50;9.78606239658598;9.78606239658598;9.78606239658598;9.78606239658598;0.017776;3;-2334.85740079364 * cells_50;1;7.94476053623485;
3;17256.9142857143 * Precon + -5957.81428571429 * pre_0 + -1561.74815934066 * cells_50 + -2783.19326923077 * GradientSolver;8.42801860711412;8.42801860711412;8.42801860711412;8.42801860711412;0.033229;4;-2783.19326923077 * GradientSolver;1;1.35804378947186;
4;17256.9142857143 * Precon + -5957.81428571429 * pre_0 + -1361.52776785716 * cells_50 + -2983.41366071428 * GradientSolver + -2602.86508928571 * pre_4;8.42614040764983;8.42614040764983;8.42614040764983;8.42614040764983;0.052265;5;-2602.86508928571 * pre_4;1;0.00187819946429357;
Elapsed=00:00:00.0524592
Learning progress:
1;12276.3812362637 * Precon + 5756.95855965463 * pre_1;12.0340557324911;12.0340557324911;12.0340557324911;12.0340557324911;0.002847;2;5756.95855965463 * pre_1;1;17.5495052358558;
2;12276.3812362637 * Precon + 4018.27888278388 * pre_1 + 12170.7577380952 * pre_1 * CGSolver;4.87934966935624;4.87934966935624;4.87934966935624;4.87934966935624;0.011777;4;12170.7577380952 * pre_1 * CGSolver;2;3.57735303156744;
3;12098.4615178572 * Precon + 4196.19860119047 * pre_1 + 12170.7577380952 * pre_1 * CGSolver + 2312.95633928568 * pre_4;4.42424638289912;4.42424638289912;4.42424638289912;4.42424638289912;0.024841;5;2312.95633928568 * pre_4;1;0.455103286457125;
4;12098.4615178571 * Precon + 4196.19860119048 * pre_1 + 12170.7577380952 * pre_1 * CGSolver + 1156.47816964287 * pre_4 + 1156.47816964287 * pre_4 * SeqSOR;2.79729442602539;2.79729442602539;2.79729442602539;2.79729442602539;0.043996;7;1156.47816964287 * pre_4 * SeqSOR;2;0.813475978436864;
5;12098.4615178571 * Precon + 4741.44473214285 * pre_1 + 11625.5116071429 * pre_1 * CGSolver + 1156.47816964286 * pre_4 + 1156.47816964286 * pre_4 * SeqSOR + -1635.73839285715 * pre_1 * GradientSolver;2.16343496941765;2.16343496941765;2.16343496941765;2.16343496941765;0.073687;9;-1635.73839285715 * pre_1 * GradientSolver;2;0.316929728303872;
6;12098.4615178571 * Precon + 4741.44473214287 * pre_1 + 11625.5116071429 * pre_1 * CGSolver + 1156.47816964286 * pre_4 + 1156.47816964286 * pre_4 * SeqSOR + -817.869196428579 * pre_1 * GradientSolver + -817.869196428579 * pre_1 * GradientSolver * cells_50;2.16343496941761;2.16343496941761;2.16343496941761;2.16343496941761;0.114363;12;-817.869196428579 * pre_1 * GradientSolver * cells_50;3;1.27305573490351E-14;
Elapsed=00:00:00.1145674
Learning progress:
1;15216.4097077922 * Precon + -1049.98756493507 * SeqGS;14.8122822983834;14.8122822983834;14.8122822983834;14.8122822983834;0.002333;2;-1049.98756493507 * SeqGS;1;11.1998713988022;
2;15216.4097077922 * Precon + -1436.29908279221 * SeqGS + 3476.80366071429 * cells_53;12.9410883957829;12.9410883957829;12.9410883957829;12.9410883957829;0.00978;3;3476.80366071429 * cells_53;1;1.87119390260053;
3;15460.8853974846 * Precon + -1596.73625415281 * SeqGS + 3392.76514238253 * cells_53 + -672.308146654014 * BiCGSTABSolver;11.5847482832165;11.5847482832165;11.5847482832165;11.5847482832165;0.023048;4;-672.308146654014 * BiCGSTABSolver;1;1.35634011256639;
4;16017.360596301 * Precon + -2709.68665178572 * SeqGS + 3949.24034119898 * cells_53 + -4196.65107249149 * BiCGSTABSolver + 7976.14451636904 * BiCGSTABSolver * pre_1;8.1829472001608;8.1829472001608;8.1829472001608;8.1829472001608;0.046441;6;7976.14451636904 * BiCGSTABSolver * pre_1;2;1.70090054152786;
5;12782.2670485437 * Precon + -2301.65683495145 * SeqGS + 3512.06553744798 * cells_53 + -3137.71654785021 * BiCGSTABSolver + 6684.05009639389 * BiCGSTABSolver * pre_1 + 3264.23853467407 * post_0;6.72681546521126;6.72681546521126;6.72681546521126;6.72681546521126;0.077418;7;3264.23853467407 * post_0;1;1.45613173494954;
6;12868.5872130102 * Precon + -2410.77855229591 * SeqGS + 3569.06941964286 * cells_53 + -2362.46375 * BiCGSTABSolver + 6330.62602678572 * BiCGSTABSolver * pre_1 + 3230.03620535714 * post_0 + -838.771409438781 * BiCGSTABSolver * SeqSOR;6.2462550280064;6.2462550280064;6.2462550280064;6.2462550280064;0.122332;9;-838.771409438781 * BiCGSTABSolver * SeqSOR;2;0.24028021860243;
7;7775.4652912415 * Precon + 2682.34336947279 * SeqGS + 3569.06941964286 * cells_53 + -2362.46375000001 * BiCGSTABSolver + 6330.62602678572 * BiCGSTABSolver * pre_1 + 3230.03620535714 * post_0 + -838.771409438767 * BiCGSTABSolver * SeqSOR + 5093.12192176871 * SeqSOR;6.24625502800639;6.24625502800639;6.24625502800639;6.24625502800639;0.182535;10;5093.12192176871 * SeqSOR;1;1.06581410364015E-14;
Elapsed=00:00:00.1827672
Learning progress:
1;13504.4085714286 * Precon + 4262.44991071429 * CGSolver;22.5658889010997;22.5658889010997;22.5658889010997;22.5658889010997;0.002605;2;4262.44991071429 * CGSolver;1;14.6868106833397;
2;14670.2966251638 * Precon + 4408.1859174312 * CGSolver + -3497.66416120577 * pre_2;20.0264321549945;20.0264321549945;20.0264321549945;20.0264321549945;0.010823;3;-3497.66416120577 * pre_2;1;2.53945674610515;
3;15535.0750835422 * Precon + 3764.20195906433 * CGSolver + -4086.44949456976 * pre_2 + -4011.10008354218 * pre_3;17.1591904106498;17.1591904106498;17.1591904106498;17.1591904106498;0.02452;4;-4011.10008354218 * pre_3;1;2.8672417443448;
4;15677.3808371736 * Precon + 3451.12930107527 * CGSolver + -3631.07108294932 * pre_2 + -4153.40583717359 * pre_3 + -3244.5711827957 * pre_2 * LoopSolver;14.8835603567299;14.8835603567299;14.8835603567299;14.8835603567299;0.044755;6;-3244.5711827957 * pre_2 * LoopSolver;2;1.13781502695994;
5;14717.6069921811 * Precon + 3331.15757045121 * CGSolver + -3727.04846744855 * pre_2 + -4309.36908698485 * pre_3 + -2188.81995330401 * pre_2 * LoopSolver + 2231.47418960743 * SeqSOR;14.2080488156239;14.2080488156239;14.2080488156239;14.2080488156239;0.078769;7;2231.47418960743 * SeqSOR;1;0.67551154110601;
6;15610.5566422378 * Precon + 4903.81516308836 * CGSolver + -4806.58461154693 * pre_2 + -4602.57643476467 * pre_3 + -2002.23345926232 * pre_2 * LoopSolver + 1031.98958505368 * SeqSOR + -11688.3110910405 * post_3;11.4561943606728;11.4561943606728;11.4561943606728;11.4561943606728;0.122249;8;-11688.3110910405 * post_3;1;2.75185445495108;
7;15439.2596382784 * Precon + 5251.76220238095 * CGSolver + -4378.34210164836 * pre_2 + -4463.39761904762 * pre_3 + -2259.17896520146 * pre_2 * LoopSolver + 1096.22596153846 * SeqSOR + -11864.9611263736 * post_3 + -926.074427655669 * pre_2 * CGSolver;10.9179075826587;10.9179075826587;10.9179075826587;10.9179075826587;0.176995;10;-926.074427655669 * pre_2 * CGSolver;2;0.269143389007058;
8;15336.5587142857 * Precon + 5343.83889285715 * CGSolver + -4282.724 * pre_2 + -4371.32092857143 * pre_3 + -2436.24952380953 * pre_2 * LoopSolver + 1117.47442857144 * SeqSOR + -11854.3368928571 * post_3 + -1025.23394047619 * pre_2 * CGSolver + 184.153380952385 * LoopSolver;10.9023404411018;10.9023404411018;10.9023404411018;10.9023404411018;0.251096;11;184.153380952385 * LoopSolver;1;0.0155671415569021;
Elapsed=00:00:00.2513356
Learning progress:
1;12721.0557417582 * Precon + 5350.69221742544 * pre_1;23.244431872149;23.244431872149;23.244431872149;23.244431872149;0.003496;2;5350.69221742544 * pre_1;1;17.6575022298736;
2;10545.2561751152 * Precon + 6853.03001344086 * pre_1 + 4714.23239439324 * CGSolver;10.3810377090682;10.3810377090682;10.3810377090682;10.3810377090682;0.010235;3;4714.23239439324 * CGSolver;1;12.8633941630808;
3;10919.2666886269 * Precon + 7202.10649271844 * pre_1 + 4290.35381241332 * CGSolver + -2318.86518377254 * LoopSolver;6.83316156110483;6.83316156110483;6.83316156110483;6.83316156110483;0.023439;4;-2318.86518377254 * LoopSolver;1;3.54787614796341;
4;11028.3873687424 * Precon + 6929.3047924298 * pre_1 + 5290.62671347172 * CGSolver + -2246.11806369556 * LoopSolver + -7492.95336792836 * post_3;5.7303244556036;5.7303244556036;5.7303244556036;5.7303244556036;0.043079;5;-7492.95336792836 * post_3;1;1.10283710550123;
5;12165.1619801553 * Precon + 7125.49939541477 * pre_1 + 5246.38675397511 * CGSolver + -2163.4085742019 * LoopSolver + -7235.20751694812 * post_3 + -1350.28050289657 * cells_50;5.01545786203357;5.01545786203357;5.01545786203357;5.01545786203357;0.073893;6;-1350.28050289657 * cells_50;1;0.714866593570027;
6;12405.2186272321 * Precon + 7044.71110072544 * pre_1 + 5658.02235072544 * CGSolver + -2118.78265904018 * LoopSolver + -7656.07606166294 * post_3 + -1581.10420200892 * cells_50 + -891.748890904013 * CGSolver * pre_2;4.55644005251881;4.55644005251881;4.55644005251881;4.55644005251881;0.112756;8;-891.748890904013 * CGSolver * pre_2;2;0.229508904757378;
7;12405.2186272322 * Precon + 7044.71110072545 * pre_1 + 1219.98954659599 * CGSolver + -2118.78265904018 * LoopSolver + -3218.04325753349 * post_3 + -1581.10420200892 * cells_50 + -891.748890904021 * CGSolver * pre_2 + 4438.03280412947 * CGSolver * post_0;4.55644005251875;4.55644005251875;4.55644005251875;4.55644005251875;0.167202;10;4438.03280412947 * CGSolver * post_0;2;3.01980662698043E-14;
Elapsed=00:00:00.1674140
Learning progress:
1;15044.9441165414 * Precon + -3745.84411654133 * pre_0;17.7308229328208;17.7308229328208;17.7308229328208;17.7308229328208;0.002332;2;-3745.84411654133 * pre_0;1;24.5332745085552;
2;17256.9142857143 * Precon + -5957.8142857143 * pre_0 + -2334.85740079364 * cells_50;9.78606239658598;9.78606239658598;9.78606239658598;9.78606239658598;0.009425;3;-2334.85740079364 * cells_50;1;7.94476053623485;
3;17256.9142857143 * Precon + -5957.81428571429 * pre_0 + -1561.74815934066 * cells_50 + -2783.19326923077 * GradientSolver;8.42801860711412;8.42801860711412;8.42801860711412;8.42801860711412;0.02204;4;-2783.19326923077 * GradientSolver;1;1.35804378947186;
4;17256.9142857143 * Precon + -5957.81428571429 * pre_0 + -1361.52776785716 * cells_50 + -2983.41366071428 * GradientSolver + -2602.86508928571 * pre_4;8.42614040764983;8.42614040764983;8.42614040764983;8.42614040764983;0.041302;5;-2602.86508928571 * pre_4;1;0.00187819946429357;
Elapsed=00:00:00.0414915
Learning progress:
1;12276.3812362637 * Precon + 5756.95855965463 * pre_1;12.0340557324911;12.0340557324911;12.0340557324911;12.0340557324911;0.002131;2;5756.95855965463 * pre_1;1;17.5495052358558;
2;12276.3812362637 * Precon + 4018.27888278388 * pre_1 + 12170.7577380952 * pre_1 * CGSolver;4.87934966935624;4.87934966935624;4.87934966935624;4.87934966935624;0.00984;4;12170.7577380952 * pre_1 * CGSolver;2;3.57735303156744;
3;12098.4615178572 * Precon + 4196.19860119047 * pre_1 + 12170.7577380952 * pre_1 * CGSolver + 2312.95633928568 * pre_4;4.42424638289912;4.42424638289912;4.42424638289912;4.42424638289912;0.022489;5;2312.95633928568 * pre_4;1;0.455103286457125;
4;12098.4615178571 * Precon + 4196.19860119048 * pre_1 + 12170.7577380952 * pre_1 * CGSolver + 1156.47816964287 * pre_4 + 1156.47816964287 * pre_4 * SeqSOR;2.79729442602539;2.79729442602539;2.79729442602539;2.79729442602539;0.041776;7;1156.47816964287 * pre_4 * SeqSOR;2;0.813475978436864;
5;12098.4615178571 * Precon + 4741.44473214285 * pre_1 + 11625.5116071429 * pre_1 * CGSolver + 1156.47816964286 * pre_4 + 1156.47816964286 * pre_4 * SeqSOR + -1635.73839285715 * pre_1 * GradientSolver;2.16343496941765;2.16343496941765;2.16343496941765;2.16343496941765;0.072032;9;-1635.73839285715 * pre_1 * GradientSolver;2;0.316929728303872;
6;12098.4615178571 * Precon + 4741.44473214287 * pre_1 + 11625.5116071429 * pre_1 * CGSolver + 1156.47816964286 * pre_4 + 1156.47816964286 * pre_4 * SeqSOR + -817.869196428579 * pre_1 * GradientSolver + -817.869196428579 * pre_1 * GradientSolver * cells_50;2.16343496941761;2.16343496941761;2.16343496941761;2.16343496941761;0.113206;12;-817.869196428579 * pre_1 * GradientSolver * cells_50;3;1.27305573490351E-14;
Elapsed=00:00:00.1134161
Learning progress:
1;15216.4097077922 * Precon + -1049.98756493507 * SeqGS;14.8122822983834;14.8122822983834;14.8122822983834;14.8122822983834;0.002341;2;-1049.98756493507 * SeqGS;1;11.1998713988022;
2;15216.4097077922 * Precon + -1436.29908279221 * SeqGS + 3476.80366071429 * cells_53;12.9410883957829;12.9410883957829;12.9410883957829;12.9410883957829;0.009678;3;3476.80366071429 * cells_53;1;1.87119390260053;
3;15460.8853974846 * Precon + -1596.73625415281 * SeqGS + 3392.76514238253 * cells_53 + -672.308146654014 * BiCGSTABSolver;11.5847482832165;11.5847482832165;11.5847482832165;11.5847482832165;0.023249;4;-672.308146654014 * BiCGSTABSolver;1;1.35634011256639;
4;16017.360596301 * Precon + -2709.68665178572 * SeqGS + 3949.24034119898 * cells_53 + -4196.65107249149 * BiCGSTABSolver + 7976.14451636904 * BiCGSTABSolver * pre_1;8.1829472001608;8.1829472001608;8.1829472001608;8.1829472001608;0.043896;6;7976.14451636904 * BiCGSTABSolver * pre_1;2;1.70090054152786;
5;12782.2670485437 * Precon + -2301.65683495145 * SeqGS + 3512.06553744798 * cells_53 + -3137.71654785021 * BiCGSTABSolver + 6684.05009639389 * BiCGSTABSolver * pre_1 + 3264.23853467407 * post_0;6.72681546521126;6.72681546521126;6.72681546521126;6.72681546521126;0.075182;7;3264.23853467407 * post_0;1;1.45613173494954;
6;12868.5872130102 * Precon + -2410.77855229591 * SeqGS + 3569.06941964286 * cells_53 + -2362.46375 * BiCGSTABSolver + 6330.62602678572 * BiCGSTABSolver * pre_1 + 3230.03620535714 * post_0 + -838.771409438781 * BiCGSTABSolver * SeqSOR;6.2462550280064;6.2462550280064;6.2462550280064;6.2462550280064;0.119921;9;-838.771409438781 * BiCGSTABSolver * SeqSOR;2;0.24028021860243;
7;7775.4652912415 * Precon + 2682.34336947279 * SeqGS + 3569.06941964286 * cells_53 + -2362.46375000001 * BiCGSTABSolver + 6330.62602678572 * BiCGSTABSolver * pre_1 + 3230.03620535714 * post_0 + -838.771409438767 * BiCGSTABSolver * SeqSOR + 5093.12192176871 * SeqSOR;6.24625502800639;6.24625502800639;6.24625502800639;6.24625502800639;0.178682;10;5093.12192176871 * SeqSOR;1;1.06581410364015E-14;
Elapsed=00:00:00.1789165
Learning progress:
1;13504.4085714286 * Precon + 4262.44991071429 * CGSolver;22.5658889010997;22.5658889010997;22.5658889010997;22.5658889010997;0.003085;2;4262.44991071429 * CGSolver;1;14.6868106833397;
2;14670.2966251638 * Precon + 4408.1859174312 * CGSolver + -3497.66416120577 * pre_2;20.0264321549945;20.0264321549945;20.0264321549945;20.0264321549945;0.01156;3;-3497.66416120577 * pre_2;1;2.53945674610515;
3;15535.0750835422 * Precon + 3764.20195906433 * CGSolver + -4086.44949456976 * pre_2 + -4011.10008354218 * pre_3;17.1591904106498;17.1591904106498;17.1591904106498;17.1591904106498;0.024124;4;-4011.10008354218 * pre_3;1;2.8672417443448;
4;15677.3808371736 * Precon + 3451.12930107527 * CGSolver + -3631.07108294932 * pre_2 + -4153.40583717359 * pre_3 + -3244.5711827957 * pre_2 * LoopSolver;14.8835603567299;14.8835603567299;14.8835603567299;14.8835603567299;0.045799;6;-3244.5711827957 * pre_2 * LoopSolver;2;1.13781502695994;
5;14717.6069921811 * Precon + 3331.15757045121 * CGSolver + -3727.04846744855 * pre_2 + -4309.36908698485 * pre_3 + -2188.81995330401 * pre_2 * LoopSolver + 2231.47418960743 * SeqSOR;14.2080488156239;14.2080488156239;14.2080488156239;14.2080488156239;0.078442;7;2231.47418960743 * SeqSOR;1;0.67551154110601;
6;15610.5566422378 * Precon + 4903.81516308836 * CGSolver + -4806.58461154693 * pre_2 + -4602.57643476467 * pre_3 + -2002.23345926232 * pre_2 * LoopSolver + 1031.98958505368 * SeqSOR + -11688.3110910405 * post_3;11.4561943606728;11.4561943606728;11.4561943606728;11.4561943606728;0.121373;8;-11688.3110910405 * post_3;1;2.75185445495108;
7;15439.2596382784 * Precon + 5251.76220238095 * CGSolver + -4378.34210164836 * pre_2 + -4463.39761904762 * pre_3 + -2259.17896520146 * pre_2 * LoopSolver + 1096.22596153846 * SeqSOR + -11864.9611263736 * post_3 + -926.074427655669 * pre_2 * CGSolver;10.9179075826587;10.9179075826587;10.9179075826587;10.9179075826587;0.176119;10;-926.074427655669 * pre_2 * CGSolver;2;0.269143389007058;
8;15336.5587142857 * Precon + 5343.83889285715 * CGSolver + -4282.724 * pre_2 + -4371.32092857143 * pre_3 + -2436.24952380953 * pre_2 * LoopSolver + 1117.47442857144 * SeqSOR + -11854.3368928571 * post_3 + -1025.23394047619 * pre_2 * CGSolver + 184.153380952385 * LoopSolver;10.9023404411018;10.9023404411018;10.9023404411018;10.9023404411018;0.247614;11;184.153380952385 * LoopSolver;1;0.0155671415569021;
Elapsed=00:00:00.2478543
Learning progress:
1;12721.0557417582 * Precon + 5350.69221742544 * pre_1;23.244431872149;23.244431872149;23.244431872149;23.244431872149;0.003318;2;5350.69221742544 * pre_1;1;17.6575022298736;
2;10545.2561751152 * Precon + 6853.03001344086 * pre_1 + 4714.23239439324 * CGSolver;10.3810377090682;10.3810377090682;10.3810377090682;10.3810377090682;0.010095;3;4714.23239439324 * CGSolver;1;12.8633941630808;
3;10919.2666886269 * Precon + 7202.10649271844 * pre_1 + 4290.35381241332 * CGSolver + -2318.86518377254 * LoopSolver;6.83316156110483;6.83316156110483;6.83316156110483;6.83316156110483;0.023341;4;-2318.86518377254 * LoopSolver;1;3.54787614796341;
4;11028.3873687424 * Precon + 6929.3047924298 * pre_1 + 5290.62671347172 * CGSolver + -2246.11806369556 * LoopSolver + -7492.95336792836 * post_3;5.7303244556036;5.7303244556036;5.7303244556036;5.7303244556036;0.042927;5;-7492.95336792836 * post_3;1;1.10283710550123;
5;12165.1619801553 * Precon + 7125.49939541477 * pre_1 + 5246.38675397511 * CGSolver + -2163.4085742019 * LoopSolver + -7235.20751694812 * post_3 + -1350.28050289657 * cells_50;5.01545786203357;5.01545786203357;5.01545786203357;5.01545786203357;0.070657;6;-1350.28050289657 * cells_50;1;0.714866593570027;
6;12405.2186272321 * Precon + 7044.71110072544 * pre_1 + 5658.02235072544 * CGSolver + -2118.78265904018 * LoopSolver + -7656.07606166294 * post_3 + -1581.10420200892 * cells_50 + -891.748890904013 * CGSolver * pre_2;4.55644005251881;4.55644005251881;4.55644005251881;4.55644005251881;0.109785;8;-891.748890904013 * CGSolver * pre_2;2;0.229508904757378;
7;12405.2186272322 * Precon + 7044.71110072545 * pre_1 + 1219.98954659599 * CGSolver + -2118.78265904018 * LoopSolver + -3218.04325753349 * post_3 + -1581.10420200892 * cells_50 + -891.748890904021 * CGSolver * pre_2 + 4438.03280412947 * CGSolver * post_0;4.55644005251875;4.55644005251875;4.55644005251875;4.55644005251875;0.162059;10;4438.03280412947 * CGSolver * post_0;2;3.01980662698043E-14;
Elapsed=00:00:00.1622909
Learning progress:
1;15044.9441165414 * Precon + -3745.84411654133 * pre_0;17.7308229328208;17.7308229328208;17.7308229328208;17.7308229328208;0.002341;2;-3745.84411654133 * pre_0;1;24.5332745085552;
2;17256.9142857143 * Precon + -5957.8142857143 * pre_0 + -2334.85740079364 * cells_50;9.78606239658598;9.78606239658598;9.78606239658598;9.78606239658598;0.009439;3;-2334.85740079364 * cells_50;1;7.94476053623485;
3;17256.9142857143 * Precon + -5957.81428571429 * pre_0 + -1561.74815934066 * cells_50 + -2783.19326923077 * GradientSolver;8.42801860711412;8.42801860711412;8.42801860711412;8.42801860711412;0.021385;4;-2783.19326923077 * GradientSolver;1;1.35804378947186;
4;17256.9142857143 * Precon + -5957.81428571429 * pre_0 + -1361.52776785716 * cells_50 + -2983.41366071428 * GradientSolver + -2602.86508928571 * pre_4;8.42614040764983;8.42614040764983;8.42614040764983;8.42614040764983;0.040539;5;-2602.86508928571 * pre_4;1;0.00187819946429357;
Elapsed=00:00:00.0407362
Learning progress:
1;12276.3812362637 * Precon + 5756.95855965463 * pre_1;12.0340557324911;12.0340557324911;12.0340557324911;12.0340557324911;0.002349;2;5756.95855965463 * pre_1;1;17.5495052358558;
2;12276.3812362637 * Precon + 4018.27888278388 * pre_1 + 12170.7577380952 * pre_1 * CGSolver;4.87934966935624;4.87934966935624;4.87934966935624;4.87934966935624;0.008811;4;12170.7577380952 * pre_1 * CGSolver;2;3.57735303156744;
3;12098.4615178572 * Precon + 4196.19860119047 * pre_1 + 12170.7577380952 * pre_1 * CGSolver + 2312.95633928568 * pre_4;4.42424638289912;4.42424638289912;4.42424638289912;4.42424638289912;0.021768;5;2312.95633928568 * pre_4;1;0.455103286457125;
Elapsed=00:00:00.0219391
Learning progress:
1;15216.4097077922 * Precon + -1049.98756493507 * SeqGS;14.8122822983834;14.8122822983834;14.8122822983834;14.8122822983834;0.003686;2;-1049.98756493507 * SeqGS;1;11.1998713988022;
2;15216.4097077922 * Precon + -1436.29908279221 * SeqGS + 3476.80366071429 * cells_53;12.9410883957829;12.9410883957829;12.9410883957829;12.9410883957829;0.01089;3;3476.80366071429 * cells_53;1;1.87119390260053;
3;15460.8853974846 * Precon + -1596.73625415281 * SeqGS + 3392.76514238253 * cells_53 + -672.308146654014 * BiCGSTABSolver;11.5847482832165;11.5847482832165;11.5847482832165;11.5847482832165;0.024349;4;-672.308146654014 * BiCGSTABSolver;1;1.35634011256639;
4;16017.360596301 * Precon + -2709.68665178572 * SeqGS + 3949.24034119898 * cells_53 + -4196.65107249149 * BiCGSTABSolver + 7976.14451636904 * BiCGSTABSolver * pre_1;8.1829472001608;8.1829472001608;8.1829472001608;8.1829472001608;0.045259;6;7976.14451636904 * BiCGSTABSolver * pre_1;2;1.70090054152786;
5;12782.2670485437 * Precon + -2301.65683495145 * SeqGS + 3512.06553744798 * cells_53 + -3137.71654785021 * BiCGSTABSolver + 6684.05009639389 * BiCGSTABSolver * pre_1 + 3264.23853467407 * post_0;6.72681546521126;6.72681546521126;6.72681546521126;6.72681546521126;0.081912;7;3264.23853467407 * post_0;1;1.45613173494954;
6;12868.5872130102 * Precon + -2410.77855229591 * SeqGS + 3569.06941964286 * cells_53 + -2362.46375 * BiCGSTABSolver + 6330.62602678572 * BiCGSTABSolver * pre_1 + 3230.03620535714 * post_0 + -838.771409438781 * BiCGSTABSolver * SeqSOR;6.2462550280064;6.2462550280064;6.2462550280064;6.2462550280064;0.126236;9;-838.771409438781 * BiCGSTABSolver * SeqSOR;2;0.24028021860243;
Elapsed=00:00:00.1264778
Learning progress:
1;13504.4085714286 * Precon + 4262.44991071429 * CGSolver;22.5658889010997;22.5658889010997;22.5658889010997;22.5658889010997;0.003098;2;4262.44991071429 * CGSolver;1;14.6868106833397;
2;14670.2966251638 * Precon + 4408.1859174312 * CGSolver + -3497.66416120577 * pre_2;20.0264321549945;20.0264321549945;20.0264321549945;20.0264321549945;0.01046;3;-3497.66416120577 * pre_2;1;2.53945674610515;
3;15535.0750835422 * Precon + 3764.20195906433 * CGSolver + -4086.44949456976 * pre_2 + -4011.10008354218 * pre_3;17.1591904106498;17.1591904106498;17.1591904106498;17.1591904106498;0.024037;4;-4011.10008354218 * pre_3;1;2.8672417443448;
4;15677.3808371736 * Precon + 3451.12930107527 * CGSolver + -3631.07108294932 * pre_2 + -4153.40583717359 * pre_3 + -3244.5711827957 * pre_2 * LoopSolver;14.8835603567299;14.8835603567299;14.8835603567299;14.8835603567299;0.044737;6;-3244.5711827957 * pre_2 * LoopSolver;2;1.13781502695994;
5;14717.6069921811 * Precon + 3331.15757045121 * CGSolver + -3727.04846744855 * pre_2 + -4309.36908698485 * pre_3 + -2188.81995330401 * pre_2 * LoopSolver + 2231.47418960743 * SeqSOR;14.2080488156239;14.2080488156239;14.2080488156239;14.2080488156239;0.076502;7;2231.47418960743 * SeqSOR;1;0.67551154110601;
6;15610.5566422378 * Precon + 4903.81516308836 * CGSolver + -4806.58461154693 * pre_2 + -4602.57643476467 * pre_3 + -2002.23345926232 * pre_2 * LoopSolver + 1031.98958505368 * SeqSOR + -11688.3110910405 * post_3;11.4561943606728;11.4561943606728;11.4561943606728;11.4561943606728;0.122399;8;-11688.3110910405 * post_3;1;2.75185445495108;
7;15439.2596382784 * Precon + 5251.76220238095 * CGSolver + -4378.34210164836 * pre_2 + -4463.39761904762 * pre_3 + -2259.17896520146 * pre_2 * LoopSolver + 1096.22596153846 * SeqSOR + -11864.9611263736 * post_3 + -926.074427655669 * pre_2 * CGSolver;10.9179075826587;10.9179075826587;10.9179075826587;10.9179075826587;0.177522;10;-926.074427655669 * pre_2 * CGSolver;2;0.269143389007058;
Elapsed=00:00:00.1777449
Learning progress:
1;12721.0557417582 * Precon + 5350.69221742544 * pre_1;23.244431872149;23.244431872149;23.244431872149;23.244431872149;0.002359;2;5350.69221742544 * pre_1;1;17.6575022298736;
2;10545.2561751152 * Precon + 6853.03001344086 * pre_1 + 4714.23239439324 * CGSolver;10.3810377090682;10.3810377090682;10.3810377090682;10.3810377090682;0.010342;3;4714.23239439324 * CGSolver;1;12.8633941630808;
3;10919.2666886269 * Precon + 7202.10649271844 * pre_1 + 4290.35381241332 * CGSolver + -2318.86518377254 * LoopSolver;6.83316156110483;6.83316156110483;6.83316156110483;6.83316156110483;0.022386;4;-2318.86518377254 * LoopSolver;1;3.54787614796341;
4;11028.3873687424 * Precon + 6929.3047924298 * pre_1 + 5290.62671347172 * CGSolver + -2246.11806369556 * LoopSolver + -7492.95336792836 * post_3;5.7303244556036;5.7303244556036;5.7303244556036;5.7303244556036;0.042903;5;-7492.95336792836 * post_3;1;1.10283710550123;
5;12165.1619801553 * Precon + 7125.49939541477 * pre_1 + 5246.38675397511 * CGSolver + -2163.4085742019 * LoopSolver + -7235.20751694812 * post_3 + -1350.28050289657 * cells_50;5.01545786203357;5.01545786203357;5.01545786203357;5.01545786203357;0.069691;6;-1350.28050289657 * cells_50;1;0.714866593570027;
6;12405.2186272321 * Precon + 7044.71110072544 * pre_1 + 5658.02235072544 * CGSolver + -2118.78265904018 * LoopSolver + -7656.07606166294 * post_3 + -1581.10420200892 * cells_50 + -891.748890904013 * CGSolver * pre_2;4.55644005251881;4.55644005251881;4.55644005251881;4.55644005251881;0.109857;8;-891.748890904013 * CGSolver * pre_2;2;0.229508904757378;
Elapsed=00:00:00.1100711
Learning progress:
1;15044.9441165414 * Precon + -3745.84411654133 * pre_0;17.7308229328208;17.7308229328208;17.7308229328208;17.7308229328208;0.002821;2;-3745.84411654133 * pre_0;1;24.5332745085552;
2;17256.9142857143 * Precon + -5957.8142857143 * pre_0 + -2334.85740079364 * cells_50;9.78606239658598;9.78606239658598;9.78606239658598;9.78606239658598;0.008813;3;-2334.85740079364 * cells_50;1;7.94476053623485;
3;17256.9142857143 * Precon + -5957.81428571429 * pre_0 + -1561.74815934066 * cells_50 + -2783.19326923077 * GradientSolver;8.42801860711412;8.42801860711412;8.42801860711412;8.42801860711412;0.0237;4;-2783.19326923077 * GradientSolver;1;1.35804378947186;
4;17256.9142857143 * Precon + -5957.81428571429 * pre_0 + -1361.52776785716 * cells_50 + -2983.41366071428 * GradientSolver + -2602.86508928571 * pre_4;8.42614040764983;8.42614040764983;8.42614040764983;8.42614040764983;0.045102;5;-2602.86508928571 * pre_4;1;0.00187819946429357;
Elapsed=00:00:00.0453008
Learning progress:
1;12276.3812362637 * Precon + 5756.95855965463 * pre_1;12.0340557324911;12.0340557324911;12.0340557324911;12.0340557324911;0.002813;2;5756.95855965463 * pre_1;1;17.5495052358558;
2;12276.3812362637 * Precon + 4018.27888278388 * pre_1 + 12170.7577380952 * pre_1 * CGSolver;4.87934966935624;4.87934966935624;4.87934966935624;4.87934966935624;0.009859;4;12170.7577380952 * pre_1 * CGSolver;2;3.57735303156744;
3;12098.4615178572 * Precon + 4196.19860119047 * pre_1 + 12170.7577380952 * pre_1 * CGSolver + 2312.95633928568 * pre_4;4.42424638289912;4.42424638289912;4.42424638289912;4.42424638289912;0.023955;5;2312.95633928568 * pre_4;1;0.455103286457125;
4;12098.4615178571 * Precon + 4196.19860119048 * pre_1 + 12170.7577380952 * pre_1 * CGSolver + 1156.47816964287 * pre_4 + 1156.47816964287 * pre_4 * SeqSOR;2.79729442602539;2.79729442602539;2.79729442602539;2.79729442602539;0.043967;7;1156.47816964287 * pre_4 * SeqSOR;2;0.813475978436864;
5;12098.4615178571 * Precon + 4741.44473214285 * pre_1 + 11625.5116071429 * pre_1 * CGSolver + 1156.47816964286 * pre_4 + 1156.47816964286 * pre_4 * SeqSOR + -1635.73839285715 * pre_1 * GradientSolver;2.16343496941765;2.16343496941765;2.16343496941765;2.16343496941765;0.075059;9;-1635.73839285715 * pre_1 * GradientSolver;2;0.316929728303872;
6;12098.4615178571 * Precon + 4741.44473214287 * pre_1 + 11625.5116071429 * pre_1 * CGSolver + 1156.47816964286 * pre_4 + 1156.47816964286 * pre_4 * SeqSOR + -817.869196428579 * pre_1 * GradientSolver + -817.869196428579 * pre_1 * GradientSolver * cells_50;2.16343496941761;2.16343496941761;2.16343496941761;2.16343496941761;0.116445;12;-817.869196428579 * pre_1 * GradientSolver * cells_50;3;1.27305573490351E-14;
Elapsed=00:00:00.1166562
Learning progress:
1;15216.4097077922 * Precon + -1049.98756493507 * SeqGS;14.8122822983834;14.8122822983834;14.8122822983834;14.8122822983834;0.002537;2;-1049.98756493507 * SeqGS;1;11.1998713988022;
2;15216.4097077922 * Precon + -1436.29908279221 * SeqGS + 3476.80366071429 * cells_53;12.9410883957829;12.9410883957829;12.9410883957829;12.9410883957829;0.011057;3;3476.80366071429 * cells_53;1;1.87119390260053;
3;15460.8853974846 * Precon + -1596.73625415281 * SeqGS + 3392.76514238253 * cells_53 + -672.308146654014 * BiCGSTABSolver;11.5847482832165;11.5847482832165;11.5847482832165;11.5847482832165;0.024773;4;-672.308146654014 * BiCGSTABSolver;1;1.35634011256639;
4;16017.360596301 * Precon + -2709.68665178572 * SeqGS + 3949.24034119898 * cells_53 + -4196.65107249149 * BiCGSTABSolver + 7976.14451636904 * BiCGSTABSolver * pre_1;8.1829472001608;8.1829472001608;8.1829472001608;8.1829472001608;0.045321;6;7976.14451636904 * BiCGSTABSolver * pre_1;2;1.70090054152786;
5;12782.2670485437 * Precon + -2301.65683495145 * SeqGS + 3512.06553744798 * cells_53 + -3137.71654785021 * BiCGSTABSolver + 6684.05009639389 * BiCGSTABSolver * pre_1 + 3264.23853467407 * post_0;6.72681546521126;6.72681546521126;6.72681546521126;6.72681546521126;0.077228;7;3264.23853467407 * post_0;1;1.45613173494954;
6;12868.5872130102 * Precon + -2410.77855229591 * SeqGS + 3569.06941964286 * cells_53 + -2362.46375 * BiCGSTABSolver + 6330.62602678572 * BiCGSTABSolver * pre_1 + 3230.03620535714 * post_0 + -838.771409438781 * BiCGSTABSolver * SeqSOR;6.2462550280064;6.2462550280064;6.2462550280064;6.2462550280064;0.124479;9;-838.771409438781 * BiCGSTABSolver * SeqSOR;2;0.24028021860243;
7;7775.4652912415 * Precon + 2682.34336947279 * SeqGS + 3569.06941964286 * cells_53 + -2362.46375000001 * BiCGSTABSolver + 6330.62602678572 * BiCGSTABSolver * pre_1 + 3230.03620535714 * post_0 + -838.771409438767 * BiCGSTABSolver * SeqSOR + 5093.12192176871 * SeqSOR;6.24625502800639;6.24625502800639;6.24625502800639;6.24625502800639;0.183022;10;5093.12192176871 * SeqSOR;1;1.06581410364015E-14;
Elapsed=00:00:00.1832613
Learning progress:
1;13504.4085714286 * Precon + 4262.44991071429 * CGSolver;22.5658889010997;22.5658889010997;22.5658889010997;22.5658889010997;0.002334;2;4262.44991071429 * CGSolver;1;14.6868106833397;
2;14670.2966251638 * Precon + 4408.1859174312 * CGSolver + -3497.66416120577 * pre_2;20.0264321549945;20.0264321549945;20.0264321549945;20.0264321549945;0.009285;3;-3497.66416120577 * pre_2;1;2.53945674610515;
3;15535.0750835422 * Precon + 3764.20195906433 * CGSolver + -4086.44949456976 * pre_2 + -4011.10008354218 * pre_3;17.1591904106498;17.1591904106498;17.1591904106498;17.1591904106498;0.022671;4;-4011.10008354218 * pre_3;1;2.8672417443448;
4;15677.3808371736 * Precon + 3451.12930107527 * CGSolver + -3631.07108294932 * pre_2 + -4153.40583717359 * pre_3 + -3244.5711827957 * pre_2 * LoopSolver;14.8835603567299;14.8835603567299;14.8835603567299;14.8835603567299;0.043129;6;-3244.5711827957 * pre_2 * LoopSolver;2;1.13781502695994;
5;14717.6069921811 * Precon + 3331.15757045121 * CGSolver + -3727.04846744855 * pre_2 + -4309.36908698485 * pre_3 + -2188.81995330401 * pre_2 * LoopSolver + 2231.47418960743 * SeqSOR;14.2080488156239;14.2080488156239;14.2080488156239;14.2080488156239;0.074962;7;2231.47418960743 * SeqSOR;1;0.67551154110601;
6;15610.5566422378 * Precon + 4903.81516308836 * CGSolver + -4806.58461154693 * pre_2 + -4602.57643476467 * pre_3 + -2002.23345926232 * pre_2 * LoopSolver + 1031.98958505368 * SeqSOR + -11688.3110910405 * post_3;11.4561943606728;11.4561943606728;11.4561943606728;11.4561943606728;0.12277;8;-11688.3110910405 * post_3;1;2.75185445495108;
7;15439.2596382784 * Precon + 5251.76220238095 * CGSolver + -4378.34210164836 * pre_2 + -4463.39761904762 * pre_3 + -2259.17896520146 * pre_2 * LoopSolver + 1096.22596153846 * SeqSOR + -11864.9611263736 * post_3 + -926.074427655669 * pre_2 * CGSolver;10.9179075826587;10.9179075826587;10.9179075826587;10.9179075826587;0.178138;10;-926.074427655669 * pre_2 * CGSolver;2;0.269143389007058;
8;15336.5587142857 * Precon + 5343.83889285715 * CGSolver + -4282.724 * pre_2 + -4371.32092857143 * pre_3 + -2436.24952380953 * pre_2 * LoopSolver + 1117.47442857144 * SeqSOR + -11854.3368928571 * post_3 + -1025.23394047619 * pre_2 * CGSolver + 184.153380952385 * LoopSolver;10.9023404411018;10.9023404411018;10.9023404411018;10.9023404411018;0.250205;11;184.153380952385 * LoopSolver;1;0.0155671415569021;
Elapsed=00:00:00.2504471
Learning progress:
1;12721.0557417582 * Precon + 5350.69221742544 * pre_1;23.244431872149;23.244431872149;23.244431872149;23.244431872149;0.002466;2;5350.69221742544 * pre_1;1;17.6575022298736;
2;10545.2561751152 * Precon + 6853.03001344086 * pre_1 + 4714.23239439324 * CGSolver;10.3810377090682;10.3810377090682;10.3810377090682;10.3810377090682;0.010709;3;4714.23239439324 * CGSolver;1;12.8633941630808;
3;10919.2666886269 * Precon + 7202.10649271844 * pre_1 + 4290.35381241332 * CGSolver + -2318.86518377254 * LoopSolver;6.83316156110483;6.83316156110483;6.83316156110483;6.83316156110483;0.022711;4;-2318.86518377254 * LoopSolver;1;3.54787614796341;
4;11028.3873687424 * Precon + 6929.3047924298 * pre_1 + 5290.62671347172 * CGSolver + -2246.11806369556 * LoopSolver + -7492.95336792836 * post_3;5.7303244556036;5.7303244556036;5.7303244556036;5.7303244556036;0.043118;5;-7492.95336792836 * post_3;1;1.10283710550123;
5;12165.1619801553 * Precon + 7125.49939541477 * pre_1 + 5246.38675397511 * CGSolver + -2163.4085742019 * LoopSolver + -7235.20751694812 * post_3 + -1350.28050289657 * cells_50;5.01545786203357;5.01545786203357;5.01545786203357;5.01545786203357;0.070105;6;-1350.28050289657 * cells_50;1;0.714866593570027;
6;12405.2186272321 * Precon + 7044.71110072544 * pre_1 + 5658.02235072544 * CGSolver + -2118.78265904018 * LoopSolver + -7656.07606166294 * post_3 + -1581.10420200892 * cells_50 + -891.748890904013 * CGSolver * pre_2;4.55644005251881;4.55644005251881;4.55644005251881;4.55644005251881;0.115835;8;-891.748890904013 * CGSolver * pre_2;2;0.229508904757378;
7;12405.2186272322 * Precon + 7044.71110072545 * pre_1 + 1219.98954659599 * CGSolver + -2118.78265904018 * LoopSolver + -3218.04325753349 * post_3 + -1581.10420200892 * cells_50 + -891.748890904021 * CGSolver * pre_2 + 4438.03280412947 * CGSolver * post_0;4.55644005251875;4.55644005251875;4.55644005251875;4.55644005251875;0.178358;10;4438.03280412947 * CGSolver * post_0;2;3.01980662698043E-14;
Elapsed=00:00:00.1785920
Learning progress:
1;15044.9441165414 * Precon + -3745.84411654133 * pre_0;17.7308229328208;17.7308229328208;17.7308229328208;17.7308229328208;0.002255;2;-3745.84411654133 * pre_0;1;24.5332745085552;
2;17256.9142857143 * Precon + -5957.8142857143 * pre_0 + -2334.85740079364 * cells_50;9.78606239658598;9.78606239658598;9.78606239658598;9.78606239658598;0.008202;3;-2334.85740079364 * cells_50;1;7.94476053623485;
3;17256.9142857143 * Precon + -5957.81428571429 * pre_0 + -1561.74815934066 * cells_50 + -2783.19326923077 * GradientSolver;8.42801860711412;8.42801860711412;8.42801860711412;8.42801860711412;0.021559;4;-2783.19326923077 * GradientSolver;1;1.35804378947186;
4;17256.9142857143 * Precon + -5957.81428571429 * pre_0 + -1361.52776785716 * cells_50 + -2983.41366071428 * GradientSolver + -2602.86508928571 * pre_4;8.42614040764983;8.42614040764983;8.42614040764983;8.42614040764983;0.040541;5;-2602.86508928571 * pre_4;1;0.00187819946429357;
Elapsed=00:00:00.0407364
Learning progress:
1;12276.3812362637 * Precon + 5756.95855965463 * pre_1;12.0340557324911;12.0340557324911;12.0340557324911;12.0340557324911;0.002172;2;5756.95855965463 * pre_1;1;17.5495052358558;
2;12276.3812362637 * Precon + 4018.27888278388 * pre_1 + 12170.7577380952 * pre_1 * CGSolver;4.87934966935624;4.87934966935624;4.87934966935624;4.87934966935624;0.008605;4;12170.7577380952 * pre_1 * CGSolver;2;3.57735303156744;
3;12098.4615178572 * Precon + 4196.19860119047 * pre_1 + 12170.7577380952 * pre_1 * CGSolver + 2312.95633928568 * pre_4;4.42424638289912;4.42424638289912;4.42424638289912;4.42424638289912;0.021891;5;2312.95633928568 * pre_4;1;0.455103286457125;
4;12098.4615178571 * Precon + 4196.19860119048 * pre_1 + 12170.7577380952 * pre_1 * CGSolver + 1156.47816964287 * pre_4 + 1156.47816964287 * pre_4 * SeqSOR;2.79729442602539;2.79729442602539;2.79729442602539;2.79729442602539;0.042025;7;1156.47816964287 * pre_4 * SeqSOR;2;0.813475978436864;
5;12098.4615178571 * Precon + 4741.44473214285 * pre_1 + 11625.5116071429 * pre_1 * CGSolver + 1156.47816964286 * pre_4 + 1156.47816964286 * pre_4 * SeqSOR + -1635.73839285715 * pre_1 * GradientSolver;2.16343496941765;2.16343496941765;2.16343496941765;2.16343496941765;0.071755;9;-1635.73839285715 * pre_1 * GradientSolver;2;0.316929728303872;
6;12098.4615178571 * Precon + 4741.44473214287 * pre_1 + 11625.5116071429 * pre_1 * CGSolver + 1156.47816964286 * pre_4 + 1156.47816964286 * pre_4 * SeqSOR + -817.869196428579 * pre_1 * GradientSolver + -817.869196428579 * pre_1 * GradientSolver * cells_50;2.16343496941761;2.16343496941761;2.16343496941761;2.16343496941761;0.112249;12;-817.869196428579 * pre_1 * GradientSolver * cells_50;3;1.27305573490351E-14;
Elapsed=00:00:00.1124581
Learning progress:
1;15216.4097077922 * Precon + -1049.98756493507 * SeqGS;14.8122822983834;14.8122822983834;14.8122822983834;14.8122822983834;0.002676;2;-1049.98756493507 * SeqGS;1;11.1998713988022;
2;15216.4097077922 * Precon + -1436.29908279221 * SeqGS + 3476.80366071429 * cells_53;12.9410883957829;12.9410883957829;12.9410883957829;12.9410883957829;0.012034;3;3476.80366071429 * cells_53;1;1.87119390260053;
3;15460.8853974846 * Precon + -1596.73625415281 * SeqGS + 3392.76514238253 * cells_53 + -672.308146654014 * BiCGSTABSolver;11.5847482832165;11.5847482832165;11.5847482832165;11.5847482832165;0.027785;4;-672.308146654014 * BiCGSTABSolver;1;1.35634011256639;
4;16017.360596301 * Precon + -2709.68665178572 * SeqGS + 3949.24034119898 * cells_53 + -4196.65107249149 * BiCGSTABSolver + 7976.14451636904 * BiCGSTABSolver * pre_1;8.1829472001608;8.1829472001608;8.1829472001608;8.1829472001608;0.048367;6;7976.14451636904 * BiCGSTABSolver * pre_1;2;1.70090054152786;
5;12782.2670485437 * Precon + -2301.65683495145 * SeqGS + 3512.06553744798 * cells_53 + -3137.71654785021 * BiCGSTABSolver + 6684.05009639389 * BiCGSTABSolver * pre_1 + 3264.23853467407 * post_0;6.72681546521126;6.72681546521126;6.72681546521126;6.72681546521126;0.080071;7;3264.23853467407 * post_0;1;1.45613173494954;
6;12868.5872130102 * Precon + -2410.77855229591 * SeqGS + 3569.06941964286 * cells_53 + -2362.46375 * BiCGSTABSolver + 6330.62602678572 * BiCGSTABSolver * pre_1 + 3230.03620535714 * post_0 + -838.771409438781 * BiCGSTABSolver * SeqSOR;6.2462550280064;6.2462550280064;6.2462550280064;6.2462550280064;0.123936;9;-838.771409438781 * BiCGSTABSolver * SeqSOR;2;0.24028021860243;
7;7775.4652912415 * Precon + 2682.34336947279 * SeqGS + 3569.06941964286 * cells_53 + -2362.46375000001 * BiCGSTABSolver + 6330.62602678572 * BiCGSTABSolver * pre_1 + 3230.03620535714 * post_0 + -838.771409438767 * BiCGSTABSolver * SeqSOR + 5093.12192176871 * SeqSOR;6.24625502800639;6.24625502800639;6.24625502800639;6.24625502800639;0.181944;10;5093.12192176871 * SeqSOR;1;1.06581410364015E-14;
Elapsed=00:00:00.1821830
Learning progress:
1;13504.4085714286 * Precon + 4262.44991071429 * CGSolver;22.5658889010997;22.5658889010997;22.5658889010997;22.5658889010997;0.0026;2;4262.44991071429 * CGSolver;1;14.6868106833397;
2;14670.2966251638 * Precon + 4408.1859174312 * CGSolver + -3497.66416120577 * pre_2;20.0264321549945;20.0264321549945;20.0264321549945;20.0264321549945;0.009548;3;-3497.66416120577 * pre_2;1;2.53945674610515;
3;15535.0750835422 * Precon + 3764.20195906433 * CGSolver + -4086.44949456976 * pre_2 + -4011.10008354218 * pre_3;17.1591904106498;17.1591904106498;17.1591904106498;17.1591904106498;0.023177;4;-4011.10008354218 * pre_3;1;2.8672417443448;
4;15677.3808371736 * Precon + 3451.12930107527 * CGSolver + -3631.07108294932 * pre_2 + -4153.40583717359 * pre_3 + -3244.5711827957 * pre_2 * LoopSolver;14.8835603567299;14.8835603567299;14.8835603567299;14.8835603567299;0.043457;6;-3244.5711827957 * pre_2 * LoopSolver;2;1.13781502695994;
5;14717.6069921811 * Precon + 3331.15757045121 * CGSolver + -3727.04846744855 * pre_2 + -4309.36908698485 * pre_3 + -2188.81995330401 * pre_2 * LoopSolver + 2231.47418960743 * SeqSOR;14.2080488156239;14.2080488156239;14.2080488156239;14.2080488156239;0.075025;7;2231.47418960743 * SeqSOR;1;0.67551154110601;
6;15610.5566422378 * Precon + 4903.81516308836 * CGSolver + -4806.58461154693 * pre_2 + -4602.57643476467 * pre_3 + -2002.23345926232 * pre_2 * LoopSolver + 1031.98958505368 * SeqSOR + -11688.3110910405 * post_3;11.4561943606728;11.4561943606728;11.4561943606728;11.4561943606728;0.119821;8;-11688.3110910405 * post_3;1;2.75185445495108;
7;15439.2596382784 * Precon + 5251.76220238095 * CGSolver + -4378.34210164836 * pre_2 + -4463.39761904762 * pre_3 + -2259.17896520146 * pre_2 * LoopSolver + 1096.22596153846 * SeqSOR + -11864.9611263736 * post_3 + -926.074427655669 * pre_2 * CGSolver;10.9179075826587;10.9179075826587;10.9179075826587;10.9179075826587;0.174486;10;-926.074427655669 * pre_2 * CGSolver;2;0.269143389007058;
8;15336.5587142857 * Precon + 5343.83889285715 * CGSolver + -4282.724 * pre_2 + -4371.32092857143 * pre_3 + -2436.24952380953 * pre_2 * LoopSolver + 1117.47442857144 * SeqSOR + -11854.3368928571 * post_3 + -1025.23394047619 * pre_2 * CGSolver + 184.153380952385 * LoopSolver;10.9023404411018;10.9023404411018;10.9023404411018;10.9023404411018;0.252069;11;184.153380952385 * LoopSolver;1;0.0155671415569021;
Elapsed=00:00:00.2523137
Learning progress:
1;12721.0557417582 * Precon + 5350.69221742544 * pre_1;23.244431872149;23.244431872149;23.244431872149;23.244431872149;0.002536;2;5350.69221742544 * pre_1;1;17.6575022298736;
2;10545.2561751152 * Precon + 6853.03001344086 * pre_1 + 4714.23239439324 * CGSolver;10.3810377090682;10.3810377090682;10.3810377090682;10.3810377090682;0.010484;3;4714.23239439324 * CGSolver;1;12.8633941630808;
3;10919.2666886269 * Precon + 7202.10649271844 * pre_1 + 4290.35381241332 * CGSolver + -2318.86518377254 * LoopSolver;6.83316156110483;6.83316156110483;6.83316156110483;6.83316156110483;0.024261;4;-2318.86518377254 * LoopSolver;1;3.54787614796341;
4;11028.3873687424 * Precon + 6929.3047924298 * pre_1 + 5290.62671347172 * CGSolver + -2246.11806369556 * LoopSolver + -7492.95336792836 * post_3;5.7303244556036;5.7303244556036;5.7303244556036;5.7303244556036;0.044261;5;-7492.95336792836 * post_3;1;1.10283710550123;
5;12165.1619801553 * Precon + 7125.49939541477 * pre_1 + 5246.38675397511 * CGSolver + -2163.4085742019 * LoopSolver + -7235.20751694812 * post_3 + -1350.28050289657 * cells_50;5.01545786203357;5.01545786203357;5.01545786203357;5.01545786203357;0.070723;6;-1350.28050289657 * cells_50;1;0.714866593570027;
6;12405.2186272321 * Precon + 7044.71110072544 * pre_1 + 5658.02235072544 * CGSolver + -2118.78265904018 * LoopSolver + -7656.07606166294 * post_3 + -1581.10420200892 * cells_50 + -891.748890904013 * CGSolver * pre_2;4.55644005251881;4.55644005251881;4.55644005251881;4.55644005251881;0.109054;8;-891.748890904013 * CGSolver * pre_2;2;0.229508904757378;
7;12405.2186272322 * Precon + 7044.71110072545 * pre_1 + 1219.98954659599 * CGSolver + -2118.78265904018 * LoopSolver + -3218.04325753349 * post_3 + -1581.10420200892 * cells_50 + -891.748890904021 * CGSolver * pre_2 + 4438.03280412947 * CGSolver * post_0;4.55644005251875;4.55644005251875;4.55644005251875;4.55644005251875;0.162338;10;4438.03280412947 * CGSolver * post_0;2;3.01980662698043E-14;
Elapsed=00:00:00.1625741
Learning progress:
1;15044.9441165414 * Precon + -3745.84411654133 * pre_0;17.7308229328208;17.7308229328208;17.7308229328208;17.7308229328208;0.002361;2;-3745.84411654133 * pre_0;1;24.5332745085552;
2;17256.9142857143 * Precon + -5957.8142857143 * pre_0 + -2334.85740079364 * cells_50;9.78606239658598;9.78606239658598;9.78606239658598;9.78606239658598;0.008767;3;-2334.85740079364 * cells_50;1;7.94476053623485;
3;17256.9142857143 * Precon + -5957.81428571429 * pre_0 + -1561.74815934066 * cells_50 + -2783.19326923077 * GradientSolver;8.42801860711412;8.42801860711412;8.42801860711412;8.42801860711412;0.022054;4;-2783.19326923077 * GradientSolver;1;1.35804378947186;
4;17256.9142857143 * Precon + -5957.81428571429 * pre_0 + -1361.52776785716 * cells_50 + -2983.41366071428 * GradientSolver + -2602.86508928571 * pre_4;8.42614040764983;8.42614040764983;8.42614040764983;8.42614040764983;0.042827;5;-2602.86508928571 * pre_4;1;0.00187819946429357;
Elapsed=00:00:00.0430194
Learning progress:
1;12276.3812362637 * Precon + 5756.95855965463 * pre_1;12.0340557324911;12.0340557324911;12.0340557324911;12.0340557324911;0.00347;2;5756.95855965463 * pre_1;1;17.5495052358558;
2;12276.3812362637 * Precon + 4018.27888278388 * pre_1 + 12170.7577380952 * pre_1 * CGSolver;4.87934966935624;4.87934966935624;4.87934966935624;4.87934966935624;0.010022;4;12170.7577380952 * pre_1 * CGSolver;2;3.57735303156744;
3;12098.4615178572 * Precon + 4196.19860119047 * pre_1 + 12170.7577380952 * pre_1 * CGSolver + 2312.95633928568 * pre_4;4.42424638289912;4.42424638289912;4.42424638289912;4.42424638289912;0.023204;5;2312.95633928568 * pre_4;1;0.455103286457125;
Elapsed=00:00:00.0233784
Learning progress:
1;15216.4097077922 * Precon + -1049.98756493507 * SeqGS;14.8122822983834;14.8122822983834;14.8122822983834;14.8122822983834;0.00297;2;-1049.98756493507 * SeqGS;1;11.1998713988022;
2;15216.4097077922 * Precon + -1436.29908279221 * SeqGS + 3476.80366071429 * cells_53;12.9410883957829;12.9410883957829;12.9410883957829;12.9410883957829;0.011584;3;3476.80366071429 * cells_53;1;1.87119390260053;
3;15460.8853974846 * Precon + -1596.73625415281 * SeqGS + 3392.76514238253 * cells_53 + -672.308146654014 * BiCGSTABSolver;11.5847482832165;11.5847482832165;11.5847482832165;11.5847482832165;0.023958;4;-672.308146654014 * BiCGSTABSolver;1;1.35634011256639;
4;16017.360596301 * Precon + -2709.68665178572 * SeqGS + 3949.24034119898 * cells_53 + -4196.65107249149 * BiCGSTABSolver + 7976.14451636904 * BiCGSTABSolver * pre_1;8.1829472001608;8.1829472001608;8.1829472001608;8.1829472001608;0.045041;6;7976.14451636904 * BiCGSTABSolver * pre_1;2;1.70090054152786;
5;12782.2670485437 * Precon + -2301.65683495145 * SeqGS + 3512.06553744798 * cells_53 + -3137.71654785021 * BiCGSTABSolver + 6684.05009639389 * BiCGSTABSolver * pre_1 + 3264.23853467407 * post_0;6.72681546521126;6.72681546521126;6.72681546521126;6.72681546521126;0.076606;7;3264.23853467407 * post_0;1;1.45613173494954;
6;12868.5872130102 * Precon + -2410.77855229591 * SeqGS + 3569.06941964286 * cells_53 + -2362.46375 * BiCGSTABSolver + 6330.62602678572 * BiCGSTABSolver * pre_1 + 3230.03620535714 * post_0 + -838.771409438781 * BiCGSTABSolver * SeqSOR;6.2462550280064;6.2462550280064;6.2462550280064;6.2462550280064;0.120647;9;-838.771409438781 * BiCGSTABSolver * SeqSOR;2;0.24028021860243;
Elapsed=00:00:00.1208554
Learning progress:
1;13504.4085714286 * Precon + 4262.44991071429 * CGSolver;22.5658889010997;22.5658889010997;22.5658889010997;22.5658889010997;0.003434;2;4262.44991071429 * CGSolver;1;14.6868106833397;
2;14670.2966251638 * Precon + 4408.1859174312 * CGSolver + -3497.66416120577 * pre_2;20.0264321549945;20.0264321549945;20.0264321549945;20.0264321549945;0.010242;3;-3497.66416120577 * pre_2;1;2.53945674610515;
3;15535.0750835422 * Precon + 3764.20195906433 * CGSolver + -4086.44949456976 * pre_2 + -4011.10008354218 * pre_3;17.1591904106498;17.1591904106498;17.1591904106498;17.1591904106498;0.023902;4;-4011.10008354218 * pre_3;1;2.8672417443448;
4;15677.3808371736 * Precon + 3451.12930107527 * CGSolver + -3631.07108294932 * pre_2 + -4153.40583717359 * pre_3 + -3244.5711827957 * pre_2 * LoopSolver;14.8835603567299;14.8835603567299;14.8835603567299;14.8835603567299;0.044463;6;-3244.5711827957 * pre_2 * LoopSolver;2;1.13781502695994;
5;14717.6069921811 * Precon + 3331.15757045121 * CGSolver + -3727.04846744855 * pre_2 + -4309.36908698485 * pre_3 + -2188.81995330401 * pre_2 * LoopSolver + 2231.47418960743 * SeqSOR;14.2080488156239;14.2080488156239;14.2080488156239;14.2080488156239;0.076713;7;2231.47418960743 * SeqSOR;1;0.67551154110601;
6;15610.5566422378 * Precon + 4903.81516308836 * CGSolver + -4806.58461154693 * pre_2 + -4602.57643476467 * pre_3 + -2002.23345926232 * pre_2 * LoopSolver + 1031.98958505368 * SeqSOR + -11688.3110910405 * post_3;11.4561943606728;11.4561943606728;11.4561943606728;11.4561943606728;0.119701;8;-11688.3110910405 * post_3;1;2.75185445495108;
7;15439.2596382784 * Precon + 5251.76220238095 * CGSolver + -4378.34210164836 * pre_2 + -4463.39761904762 * pre_3 + -2259.17896520146 * pre_2 * LoopSolver + 1096.22596153846 * SeqSOR + -11864.9611263736 * post_3 + -926.074427655669 * pre_2 * CGSolver;10.9179075826587;10.9179075826587;10.9179075826587;10.9179075826587;0.174576;10;-926.074427655669 * pre_2 * CGSolver;2;0.269143389007058;
Elapsed=00:00:00.1748129
Learning progress:
1;12721.0557417582 * Precon + 5350.69221742544 * pre_1;23.244431872149;23.244431872149;23.244431872149;23.244431872149;0.002345;2;5350.69221742544 * pre_1;1;17.6575022298736;
2;10545.2561751152 * Precon + 6853.03001344086 * pre_1 + 4714.23239439324 * CGSolver;10.3810377090682;10.3810377090682;10.3810377090682;10.3810377090682;0.009142;3;4714.23239439324 * CGSolver;1;12.8633941630808;
3;10919.2666886269 * Precon + 7202.10649271844 * pre_1 + 4290.35381241332 * CGSolver + -2318.86518377254 * LoopSolver;6.83316156110483;6.83316156110483;6.83316156110483;6.83316156110483;0.022141;4;-2318.86518377254 * LoopSolver;1;3.54787614796341;
4;11028.3873687424 * Precon + 6929.3047924298 * pre_1 + 5290.62671347172 * CGSolver + -2246.11806369556 * LoopSolver + -7492.95336792836 * post_3;5.7303244556036;5.7303244556036;5.7303244556036;5.7303244556036;0.041713;5;-7492.95336792836 * post_3;1;1.10283710550123;
5;12165.1619801553 * Precon + 7125.49939541477 * pre_1 + 5246.38675397511 * CGSolver + -2163.4085742019 * LoopSolver + -7235.20751694812 * post_3 + -1350.28050289657 * cells_50;5.01545786203357;5.01545786203357;5.01545786203357;5.01545786203357;0.070531;6;-1350.28050289657 * cells_50;1;0.714866593570027;
6;12405.2186272321 * Precon + 7044.71110072544 * pre_1 + 5658.02235072544 * CGSolver + -2118.78265904018 * LoopSolver + -7656.07606166294 * post_3 + -1581.10420200892 * cells_50 + -891.748890904013 * CGSolver * pre_2;4.55644005251881;4.55644005251881;4.55644005251881;4.55644005251881;0.11101;8;-891.748890904013 * CGSolver * pre_2;2;0.229508904757378;
Elapsed=00:00:00.1112269
Learning progress:
1;15044.9441165414 * Precon + -3745.84411654133 * pre_0;17.7308229328208;17.7308229328208;17.7308229328208;17.7308229328208;0.003728;2;-3745.84411654133 * pre_0;1;24.5332745085552;
2;17256.9142857143 * Precon + -5957.8142857143 * pre_0 + -2334.85740079364 * cells_50;9.78606239658598;9.78606239658598;9.78606239658598;9.78606239658598;0.009685;3;-2334.85740079364 * cells_50;1;7.94476053623485;
3;17256.9142857143 * Precon + -5957.81428571429 * pre_0 + -1561.74815934066 * cells_50 + -2783.19326923077 * GradientSolver;8.42801860711412;8.42801860711412;8.42801860711412;8.42801860711412;0.023591;4;-2783.19326923077 * GradientSolver;1;1.35804378947186;
4;17256.9142857143 * Precon + -5957.81428571429 * pre_0 + -1361.52776785716 * cells_50 + -2983.41366071428 * GradientSolver + -2602.86508928571 * pre_4;8.42614040764983;8.42614040764983;8.42614040764983;8.42614040764983;0.042738;5;-2602.86508928571 * pre_4;1;0.00187819946429357;
Elapsed=00:00:00.0429336
Learning progress:
1;12276.3812362637 * Precon + 5756.95855965463 * pre_1;12.0340557324911;12.0340557324911;12.0340557324911;12.0340557324911;0.00207;2;5756.95855965463 * pre_1;1;17.5495052358558;
2;12276.3812362637 * Precon + 4018.27888278388 * pre_1 + 12170.7577380952 * pre_1 * CGSolver;4.87934966935624;4.87934966935624;4.87934966935624;4.87934966935624;0.009717;4;12170.7577380952 * pre_1 * CGSolver;2;3.57735303156744;
3;12098.4615178572 * Precon + 4196.19860119047 * pre_1 + 12170.7577380952 * pre_1 * CGSolver + 2312.95633928568 * pre_4;4.42424638289912;4.42424638289912;4.42424638289912;4.42424638289912;0.022788;5;2312.95633928568 * pre_4;1;0.455103286457125;
4;12098.4615178571 * Precon + 4196.19860119048 * pre_1 + 12170.7577380952 * pre_1 * CGSolver + 1156.47816964287 * pre_4 + 1156.47816964287 * pre_4 * SeqSOR;2.79729442602539;2.79729442602539;2.79729442602539;2.79729442602539;0.042566;7;1156.47816964287 * pre_4 * SeqSOR;2;0.813475978436864;
5;12098.4615178571 * Precon + 4741.44473214285 * pre_1 + 11625.5116071429 * pre_1 * CGSolver + 1156.47816964286 * pre_4 + 1156.47816964286 * pre_4 * SeqSOR + -1635.73839285715 * pre_1 * GradientSolver;2.16343496941765;2.16343496941765;2.16343496941765;2.16343496941765;0.070469;9;-1635.73839285715 * pre_1 * GradientSolver;2;0.316929728303872;
6;12098.4615178571 * Precon + 4741.44473214287 * pre_1 + 11625.5116071429 * pre_1 * CGSolver + 1156.47816964286 * pre_4 + 1156.47816964286 * pre_4 * SeqSOR + -817.869196428579 * pre_1 * GradientSolver + -817.869196428579 * pre_1 * GradientSolver * cells_50;2.16343496941761;2.16343496941761;2.16343496941761;2.16343496941761;0.112002;12;-817.869196428579 * pre_1 * GradientSolver * cells_50;3;1.27305573490351E-14;
Elapsed=00:00:00.1122064
Learning progress:
1;15216.4097077922 * Precon + -1049.98756493507 * SeqGS;14.8122822983834;14.8122822983834;14.8122822983834;14.8122822983834;0.00232;2;-1049.98756493507 * SeqGS;1;11.1998713988022;
2;15216.4097077922 * Precon + -1436.29908279221 * SeqGS + 3476.80366071429 * cells_53;12.9410883957829;12.9410883957829;12.9410883957829;12.9410883957829;0.009628;3;3476.80366071429 * cells_53;1;1.87119390260053;
3;15460.8853974846 * Precon + -1596.73625415281 * SeqGS + 3392.76514238253 * cells_53 + -672.308146654014 * BiCGSTABSolver;11.5847482832165;11.5847482832165;11.5847482832165;11.5847482832165;0.022825;4;-672.308146654014 * BiCGSTABSolver;1;1.35634011256639;
4;16017.360596301 * Precon + -2709.68665178572 * SeqGS + 3949.24034119898 * cells_53 + -4196.65107249149 * BiCGSTABSolver + 7976.14451636904 * BiCGSTABSolver * pre_1;8.1829472001608;8.1829472001608;8.1829472001608;8.1829472001608;0.044205;6;7976.14451636904 * BiCGSTABSolver * pre_1;2;1.70090054152786;
5;12782.2670485437 * Precon + -2301.65683495145 * SeqGS + 3512.06553744798 * cells_53 + -3137.71654785021 * BiCGSTABSolver + 6684.05009639389 * BiCGSTABSolver * pre_1 + 3264.23853467407 * post_0;6.72681546521126;6.72681546521126;6.72681546521126;6.72681546521126;0.075783;7;3264.23853467407 * post_0;1;1.45613173494954;
6;12868.5872130102 * Precon + -2410.77855229591 * SeqGS + 3569.06941964286 * cells_53 + -2362.46375 * BiCGSTABSolver + 6330.62602678572 * BiCGSTABSolver * pre_1 + 3230.03620535714 * post_0 + -838.771409438781 * BiCGSTABSolver * SeqSOR;6.2462550280064;6.2462550280064;6.2462550280064;6.2462550280064;0.123515;9;-838.771409438781 * BiCGSTABSolver * SeqSOR;2;0.24028021860243;
7;7775.4652912415 * Precon + 2682.34336947279 * SeqGS + 3569.06941964286 * cells_53 + -2362.46375000001 * BiCGSTABSolver + 6330.62602678572 * BiCGSTABSolver * pre_1 + 3230.03620535714 * post_0 + -838.771409438767 * BiCGSTABSolver * SeqSOR + 5093.12192176871 * SeqSOR;6.24625502800639;6.24625502800639;6.24625502800639;6.24625502800639;0.18286;10;5093.12192176871 * SeqSOR;1;1.06581410364015E-14;
Elapsed=00:00:00.1831024
Learning progress:
1;13504.4085714286 * Precon + 4262.44991071429 * CGSolver;22.5658889010997;22.5658889010997;22.5658889010997;22.5658889010997;0.00389;2;4262.44991071429 * CGSolver;1;14.6868106833397;
2;14670.2966251638 * Precon + 4408.1859174312 * CGSolver + -3497.66416120577 * pre_2;20.0264321549945;20.0264321549945;20.0264321549945;20.0264321549945;0.011868;3;-3497.66416120577 * pre_2;1;2.53945674610515;
3;15535.0750835422 * Precon + 3764.20195906433 * CGSolver + -4086.44949456976 * pre_2 + -4011.10008354218 * pre_3;17.1591904106498;17.1591904106498;17.1591904106498;17.1591904106498;0.025675;4;-4011.10008354218 * pre_3;1;2.8672417443448;
4;15677.3808371736 * Precon + 3451.12930107527 * CGSolver + -3631.07108294932 * pre_2 + -4153.40583717359 * pre_3 + -3244.5711827957 * pre_2 * LoopSolver;14.8835603567299;14.8835603567299;14.8835603567299;14.8835603567299;0.046366;6;-3244.5711827957 * pre_2 * LoopSolver;2;1.13781502695994;
5;14717.6069921811 * Precon + 3331.15757045121 * CGSolver + -3727.04846744855 * pre_2 + -4309.36908698485 * pre_3 + -2188.81995330401 * pre_2 * LoopSolver + 2231.47418960743 * SeqSOR;14.2080488156239;14.2080488156239;14.2080488156239;14.2080488156239;0.078615;7;2231.47418960743 * SeqSOR;1;0.67551154110601;
6;15610.5566422378 * Precon + 4903.81516308836 * CGSolver + -4806.58461154693 * pre_2 + -4602.57643476467 * pre_3 + -2002.23345926232 * pre_2 * LoopSolver + 1031.98958505368 * SeqSOR + -11688.3110910405 * post_3;11.4561943606728;11.4561943606728;11.4561943606728;11.4561943606728;0.1227;8;-11688.3110910405 * post_3;1;2.75185445495108;
7;15439.2596382784 * Precon + 5251.76220238095 * CGSolver + -4378.34210164836 * pre_2 + -4463.39761904762 * pre_3 + -2259.17896520146 * pre_2 * LoopSolver + 1096.22596153846 * SeqSOR + -11864.9611263736 * post_3 + -926.074427655669 * pre_2 * CGSolver;10.9179075826587;10.9179075826587;10.9179075826587;10.9179075826587;0.177431;10;-926.074427655669 * pre_2 * CGSolver;2;0.269143389007058;
8;15336.5587142857 * Precon + 5343.83889285715 * CGSolver + -4282.724 * pre_2 + -4371.32092857143 * pre_3 + -2436.24952380953 * pre_2 * LoopSolver + 1117.47442857144 * SeqSOR + -11854.3368928571 * post_3 + -1025.23394047619 * pre_2 * CGSolver + 184.153380952385 * LoopSolver;10.9023404411018;10.9023404411018;10.9023404411018;10.9023404411018;0.256828;11;184.153380952385 * LoopSolver;1;0.0155671415569021;
Elapsed=00:00:00.2570680
Learning progress:
1;12721.0557417582 * Precon + 5350.69221742544 * pre_1;23.244431872149;23.244431872149;23.244431872149;23.244431872149;0.00251;2;5350.69221742544 * pre_1;1;17.6575022298736;
2;10545.2561751152 * Precon + 6853.03001344086 * pre_1 + 4714.23239439324 * CGSolver;10.3810377090682;10.3810377090682;10.3810377090682;10.3810377090682;0.009352;3;4714.23239439324 * CGSolver;1;12.8633941630808;
3;10919.2666886269 * Precon + 7202.10649271844 * pre_1 + 4290.35381241332 * CGSolver + -2318.86518377254 * LoopSolver;6.83316156110483;6.83316156110483;6.83316156110483;6.83316156110483;0.02274;4;-2318.86518377254 * LoopSolver;1;3.54787614796341;
4;11028.3873687424 * Precon + 6929.3047924298 * pre_1 + 5290.62671347172 * CGSolver + -2246.11806369556 * LoopSolver + -7492.95336792836 * post_3;5.7303244556036;5.7303244556036;5.7303244556036;5.7303244556036;0.042541;5;-7492.95336792836 * post_3;1;1.10283710550123;
5;12165.1619801553 * Precon + 7125.49939541477 * pre_1 + 5246.38675397511 * CGSolver + -2163.4085742019 * LoopSolver + -7235.20751694812 * post_3 + -1350.28050289657 * cells_50;5.01545786203357;5.01545786203357;5.01545786203357;5.01545786203357;0.071116;6;-1350.28050289657 * cells_50;1;0.714866593570027;
6;12405.2186272321 * Precon + 7044.71110072544 * pre_1 + 5658.02235072544 * CGSolver + -2118.78265904018 * LoopSolver + -7656.07606166294 * post_3 + -1581.10420200892 * cells_50 + -891.748890904013 * CGSolver * pre_2;4.55644005251881;4.55644005251881;4.55644005251881;4.55644005251881;0.110209;8;-891.748890904013 * CGSolver * pre_2;2;0.229508904757378;
7;12405.2186272322 * Precon + 7044.71110072545 * pre_1 + 1219.98954659599 * CGSolver + -2118.78265904018 * LoopSolver + -3218.04325753349 * post_3 + -1581.10420200892 * cells_50 + -891.748890904021 * CGSolver * pre_2 + 4438.03280412947 * CGSolver * post_0;4.55644005251875;4.55644005251875;4.55644005251875;4.55644005251875;0.165283;10;4438.03280412947 * CGSolver * post_0;2;3.01980662698043E-14;
Elapsed=00:00:00.1655180
Learning progress:
1;15044.9441165414 * Precon + -3745.84411654133 * pre_0;17.7308229328208;17.7308229328208;17.7308229328208;17.7308229328208;0.003741;2;-3745.84411654133 * pre_0;1;24.5332745085552;
2;17256.9142857143 * Precon + -5957.8142857143 * pre_0 + -2334.85740079364 * cells_50;9.78606239658598;9.78606239658598;9.78606239658598;9.78606239658598;0.009762;3;-2334.85740079364 * cells_50;1;7.94476053623485;
3;17256.9142857143 * Precon + -5957.81428571429 * pre_0 + -1561.74815934066 * cells_50 + -2783.19326923077 * GradientSolver;8.42801860711412;8.42801860711412;8.42801860711412;8.42801860711412;0.02274;4;-2783.19326923077 * GradientSolver;1;1.35804378947186;
4;17256.9142857143 * Precon + -5957.81428571429 * pre_0 + -1361.52776785716 * cells_50 + -2983.41366071428 * GradientSolver + -2602.86508928571 * pre_4;8.42614040764983;8.42614040764983;8.42614040764983;8.42614040764983;0.042012;5;-2602.86508928571 * pre_4;1;0.00187819946429357;
Elapsed=00:00:00.0422065
Learning progress:
1;12276.3812362637 * Precon + 5756.95855965463 * pre_1;12.0340557324911;12.0340557324911;12.0340557324911;12.0340557324911;0.002094;2;5756.95855965463 * pre_1;1;17.5495052358558;
2;12276.3812362637 * Precon + 4018.27888278388 * pre_1 + 12170.7577380952 * pre_1 * CGSolver;4.87934966935624;4.87934966935624;4.87934966935624;4.87934966935624;0.009932;4;12170.7577380952 * pre_1 * CGSolver;2;3.57735303156744;
3;12098.4615178572 * Precon + 4196.19860119047 * pre_1 + 12170.7577380952 * pre_1 * CGSolver + 2312.95633928568 * pre_4;4.42424638289912;4.42424638289912;4.42424638289912;4.42424638289912;0.022364;5;2312.95633928568 * pre_4;1;0.455103286457125;
4;12098.4615178571 * Precon + 4196.19860119048 * pre_1 + 12170.7577380952 * pre_1 * CGSolver + 1156.47816964287 * pre_4 + 1156.47816964287 * pre_4 * SeqSOR;2.79729442602539;2.79729442602539;2.79729442602539;2.79729442602539;0.04311;7;1156.47816964287 * pre_4 * SeqSOR;2;0.813475978436864;
5;12098.4615178571 * Precon + 4741.44473214285 * pre_1 + 11625.5116071429 * pre_1 * CGSolver + 1156.47816964286 * pre_4 + 1156.47816964286 * pre_4 * SeqSOR + -1635.73839285715 * pre_1 * GradientSolver;2.16343496941765;2.16343496941765;2.16343496941765;2.16343496941765;0.073959;9;-1635.73839285715 * pre_1 * GradientSolver;2;0.316929728303872;
6;12098.4615178571 * Precon + 4741.44473214287 * pre_1 + 11625.5116071429 * pre_1 * CGSolver + 1156.47816964286 * pre_4 + 1156.47816964286 * pre_4 * SeqSOR + -817.869196428579 * pre_1 * GradientSolver + -817.869196428579 * pre_1 * GradientSolver * cells_50;2.16343496941761;2.16343496941761;2.16343496941761;2.16343496941761;0.115128;12;-817.869196428579 * pre_1 * GradientSolver * cells_50;3;1.27305573490351E-14;
Elapsed=00:00:00.1153600
Learning progress:
1;15216.4097077922 * Precon + -1049.98756493507 * SeqGS;14.8122822983834;14.8122822983834;14.8122822983834;14.8122822983834;0.002341;2;-1049.98756493507 * SeqGS;1;11.1998713988022;
2;15216.4097077922 * Precon + -1436.29908279221 * SeqGS + 3476.80366071429 * cells_53;12.9410883957829;12.9410883957829;12.9410883957829;12.9410883957829;0.009839;3;3476.80366071429 * cells_53;1;1.87119390260053;
3;15460.8853974846 * Precon + -1596.73625415281 * SeqGS + 3392.76514238253 * cells_53 + -672.308146654014 * BiCGSTABSolver;11.5847482832165;11.5847482832165;11.5847482832165;11.5847482832165;0.023212;4;-672.308146654014 * BiCGSTABSolver;1;1.35634011256639;
4;16017.360596301 * Precon + -2709.68665178572 * SeqGS + 3949.24034119898 * cells_53 + -4196.65107249149 * BiCGSTABSolver + 7976.14451636904 * BiCGSTABSolver * pre_1;8.1829472001608;8.1829472001608;8.1829472001608;8.1829472001608;0.043761;6;7976.14451636904 * BiCGSTABSolver * pre_1;2;1.70090054152786;
5;12782.2670485437 * Precon + -2301.65683495145 * SeqGS + 3512.06553744798 * cells_53 + -3137.71654785021 * BiCGSTABSolver + 6684.05009639389 * BiCGSTABSolver * pre_1 + 3264.23853467407 * post_0;6.72681546521126;6.72681546521126;6.72681546521126;6.72681546521126;0.075324;7;3264.23853467407 * post_0;1;1.45613173494954;
6;12868.5872130102 * Precon + -2410.77855229591 * SeqGS + 3569.06941964286 * cells_53 + -2362.46375 * BiCGSTABSolver + 6330.62602678572 * BiCGSTABSolver * pre_1 + 3230.03620535714 * post_0 + -838.771409438781 * BiCGSTABSolver * SeqSOR;6.2462550280064;6.2462550280064;6.2462550280064;6.2462550280064;0.121105;9;-838.771409438781 * BiCGSTABSolver * SeqSOR;2;0.24028021860243;
7;7775.4652912415 * Precon + 2682.34336947279 * SeqGS + 3569.06941964286 * cells_53 + -2362.46375000001 * BiCGSTABSolver + 6330.62602678572 * BiCGSTABSolver * pre_1 + 3230.03620535714 * post_0 + -838.771409438767 * BiCGSTABSolver * SeqSOR + 5093.12192176871 * SeqSOR;6.24625502800639;6.24625502800639;6.24625502800639;6.24625502800639;0.180299;10;5093.12192176871 * SeqSOR;1;1.06581410364015E-14;
Elapsed=00:00:00.1805357
Learning progress:
1;13504.4085714286 * Precon + 4262.44991071429 * CGSolver;22.5658889010997;22.5658889010997;22.5658889010997;22.5658889010997;0.003189;2;4262.44991071429 * CGSolver;1;14.6868106833397;
2;14670.2966251638 * Precon + 4408.1859174312 * CGSolver + -3497.66416120577 * pre_2;20.0264321549945;20.0264321549945;20.0264321549945;20.0264321549945;0.01143;3;-3497.66416120577 * pre_2;1;2.53945674610515;
3;15535.0750835422 * Precon + 3764.20195906433 * CGSolver + -4086.44949456976 * pre_2 + -4011.10008354218 * pre_3;17.1591904106498;17.1591904106498;17.1591904106498;17.1591904106498;0.025789;4;-4011.10008354218 * pre_3;1;2.8672417443448;
4;15677.3808371736 * Precon + 3451.12930107527 * CGSolver + -3631.07108294932 * pre_2 + -4153.40583717359 * pre_3 + -3244.5711827957 * pre_2 * LoopSolver;14.8835603567299;14.8835603567299;14.8835603567299;14.8835603567299;0.047064;6;-3244.5711827957 * pre_2 * LoopSolver;2;1.13781502695994;
5;14717.6069921811 * Precon + 3331.15757045121 * CGSolver + -3727.04846744855 * pre_2 + -4309.36908698485 * pre_3 + -2188.81995330401 * pre_2 * LoopSolver + 2231.47418960743 * SeqSOR;14.2080488156239;14.2080488156239;14.2080488156239;14.2080488156239;0.080302;7;2231.47418960743 * SeqSOR;1;0.67551154110601;
6;15610.5566422378 * Precon + 4903.81516308836 * CGSolver + -4806.58461154693 * pre_2 + -4602.57643476467 * pre_3 + -2002.23345926232 * pre_2 * LoopSolver + 1031.98958505368 * SeqSOR + -11688.3110910405 * post_3;11.4561943606728;11.4561943606728;11.4561943606728;11.4561943606728;0.124018;8;-11688.3110910405 * post_3;1;2.75185445495108;
7;15439.2596382784 * Precon + 5251.76220238095 * CGSolver + -4378.34210164836 * pre_2 + -4463.39761904762 * pre_3 + -2259.17896520146 * pre_2 * LoopSolver + 1096.22596153846 * SeqSOR + -11864.9611263736 * post_3 + -926.074427655669 * pre_2 * CGSolver;10.9179075826587;10.9179075826587;10.9179075826587;10.9179075826587;0.179071;10;-926.074427655669 * pre_2 * CGSolver;2;0.269143389007058;
8;15336.5587142857 * Precon + 5343.83889285715 * CGSolver + -4282.724 * pre_2 + -4371.32092857143 * pre_3 + -2436.24952380953 * pre_2 * LoopSolver + 1117.47442857144 * SeqSOR + -11854.3368928571 * post_3 + -1025.23394047619 * pre_2 * CGSolver + 184.153380952385 * LoopSolver;10.9023404411018;10.9023404411018;10.9023404411018;10.9023404411018;0.251195;11;184.153380952385 * LoopSolver;1;0.0155671415569021;
Elapsed=00:00:00.2514399
Learning progress:
1;12721.0557417582 * Precon + 5350.69221742544 * pre_1;23.244431872149;23.244431872149;23.244431872149;23.244431872149;0.002568;2;5350.69221742544 * pre_1;1;17.6575022298736;
2;10545.2561751152 * Precon + 6853.03001344086 * pre_1 + 4714.23239439324 * CGSolver;10.3810377090682;10.3810377090682;10.3810377090682;10.3810377090682;0.009337;3;4714.23239439324 * CGSolver;1;12.8633941630808;
3;10919.2666886269 * Precon + 7202.10649271844 * pre_1 + 4290.35381241332 * CGSolver + -2318.86518377254 * LoopSolver;6.83316156110483;6.83316156110483;6.83316156110483;6.83316156110483;0.022316;4;-2318.86518377254 * LoopSolver;1;3.54787614796341;
4;11028.3873687424 * Precon + 6929.3047924298 * pre_1 + 5290.62671347172 * CGSolver + -2246.11806369556 * LoopSolver + -7492.95336792836 * post_3;5.7303244556036;5.7303244556036;5.7303244556036;5.7303244556036;0.042101;5;-7492.95336792836 * post_3;1;1.10283710550123;
5;12165.1619801553 * Precon + 7125.49939541477 * pre_1 + 5246.38675397511 * CGSolver + -2163.4085742019 * LoopSolver + -7235.20751694812 * post_3 + -1350.28050289657 * cells_50;5.01545786203357;5.01545786203357;5.01545786203357;5.01545786203357;0.0737;6;-1350.28050289657 * cells_50;1;0.714866593570027;
6;12405.2186272321 * Precon + 7044.71110072544 * pre_1 + 5658.02235072544 * CGSolver + -2118.78265904018 * LoopSolver + -7656.07606166294 * post_3 + -1581.10420200892 * cells_50 + -891.748890904013 * CGSolver * pre_2;4.55644005251881;4.55644005251881;4.55644005251881;4.55644005251881;0.118971;8;-891.748890904013 * CGSolver * pre_2;2;0.229508904757378;
7;12405.2186272322 * Precon + 7044.71110072545 * pre_1 + 1219.98954659599 * CGSolver + -2118.78265904018 * LoopSolver + -3218.04325753349 * post_3 + -1581.10420200892 * cells_50 + -891.748890904021 * CGSolver * pre_2 + 4438.03280412947 * CGSolver * post_0;4.55644005251875;4.55644005251875;4.55644005251875;4.55644005251875;0.171181;10;4438.03280412947 * CGSolver * post_0;2;3.01980662698043E-14;
Elapsed=00:00:00.1714146
Learning progress:
1;15044.9441165414 * Precon + -3745.84411654133 * pre_0;17.7308229328208;17.7308229328208;17.7308229328208;17.7308229328208;0.00235;2;-3745.84411654133 * pre_0;1;24.5332745085552;
2;17256.9142857143 * Precon + -5957.8142857143 * pre_0 + -2334.85740079364 * cells_50;9.78606239658598;9.78606239658598;9.78606239658598;9.78606239658598;0.009427;3;-2334.85740079364 * cells_50;1;7.94476053623485;
3;17256.9142857143 * Precon + -5957.81428571429 * pre_0 + -1561.74815934066 * cells_50 + -2783.19326923077 * GradientSolver;8.42801860711412;8.42801860711412;8.42801860711412;8.42801860711412;0.022726;4;-2783.19326923077 * GradientSolver;1;1.35804378947186;
4;17256.9142857143 * Precon + -5957.81428571429 * pre_0 + -1361.52776785716 * cells_50 + -2983.41366071428 * GradientSolver + -2602.86508928571 * pre_4;8.42614040764983;8.42614040764983;8.42614040764983;8.42614040764983;0.041595;5;-2602.86508928571 * pre_4;1;0.00187819946429357;
Elapsed=00:00:00.0417838
Learning progress:
1;12276.3812362637 * Precon + 5756.95855965463 * pre_1;12.0340557324911;12.0340557324911;12.0340557324911;12.0340557324911;0.002122;2;5756.95855965463 * pre_1;1;17.5495052358558;
2;12276.3812362637 * Precon + 4018.27888278388 * pre_1 + 12170.7577380952 * pre_1 * CGSolver;4.87934966935624;4.87934966935624;4.87934966935624;4.87934966935624;0.009525;4;12170.7577380952 * pre_1 * CGSolver;2;3.57735303156744;
3;12098.4615178572 * Precon + 4196.19860119047 * pre_1 + 12170.7577380952 * pre_1 * CGSolver + 2312.95633928568 * pre_4;4.42424638289912;4.42424638289912;4.42424638289912;4.42424638289912;0.021379;5;2312.95633928568 * pre_4;1;0.455103286457125;
Elapsed=00:00:00.0215505
Learning progress:
1;15216.4097077922 * Precon + -1049.98756493507 * SeqGS;14.8122822983834;14.8122822983834;14.8122822983834;14.8122822983834;0.002378;2;-1049.98756493507 * SeqGS;1;11.1998713988022;
2;15216.4097077922 * Precon + -1436.29908279221 * SeqGS + 3476.80366071429 * cells_53;12.9410883957829;12.9410883957829;12.9410883957829;12.9410883957829;0.009592;3;3476.80366071429 * cells_53;1;1.87119390260053;
3;15460.8853974846 * Precon + -1596.73625415281 * SeqGS + 3392.76514238253 * cells_53 + -672.308146654014 * BiCGSTABSolver;11.5847482832165;11.5847482832165;11.5847482832165;11.5847482832165;0.023123;4;-672.308146654014 * BiCGSTABSolver;1;1.35634011256639;
4;16017.360596301 * Precon + -2709.68665178572 * SeqGS + 3949.24034119898 * cells_53 + -4196.65107249149 * BiCGSTABSolver + 7976.14451636904 * BiCGSTABSolver * pre_1;8.1829472001608;8.1829472001608;8.1829472001608;8.1829472001608;0.04408;6;7976.14451636904 * BiCGSTABSolver * pre_1;2;1.70090054152786;
5;12782.2670485437 * Precon + -2301.65683495145 * SeqGS + 3512.06553744798 * cells_53 + -3137.71654785021 * BiCGSTABSolver + 6684.05009639389 * BiCGSTABSolver * pre_1 + 3264.23853467407 * post_0;6.72681546521126;6.72681546521126;6.72681546521126;6.72681546521126;0.075915;7;3264.23853467407 * post_0;1;1.45613173494954;
6;12868.5872130102 * Precon + -2410.77855229591 * SeqGS + 3569.06941964286 * cells_53 + -2362.46375 * BiCGSTABSolver + 6330.62602678572 * BiCGSTABSolver * pre_1 + 3230.03620535714 * post_0 + -838.771409438781 * BiCGSTABSolver * SeqSOR;6.2462550280064;6.2462550280064;6.2462550280064;6.2462550280064;0.12403;9;-838.771409438781 * BiCGSTABSolver * SeqSOR;2;0.24028021860243;
Elapsed=00:00:00.1242487
Learning progress:
1;13504.4085714286 * Precon + 4262.44991071429 * CGSolver;22.5658889010997;22.5658889010997;22.5658889010997;22.5658889010997;0.003148;2;4262.44991071429 * CGSolver;1;14.6868106833397;
2;14670.2966251638 * Precon + 4408.1859174312 * CGSolver + -3497.66416120577 * pre_2;20.0264321549945;20.0264321549945;20.0264321549945;20.0264321549945;0.010862;3;-3497.66416120577 * pre_2;1;2.53945674610515;
3;15535.0750835422 * Precon + 3764.20195906433 * CGSolver + -4086.44949456976 * pre_2 + -4011.10008354218 * pre_3;17.1591904106498;17.1591904106498;17.1591904106498;17.1591904106498;0.023268;4;-4011.10008354218 * pre_3;1;2.8672417443448;
4;15677.3808371736 * Precon + 3451.12930107527 * CGSolver + -3631.07108294932 * pre_2 + -4153.40583717359 * pre_3 + -3244.5711827957 * pre_2 * LoopSolver;14.8835603567299;14.8835603567299;14.8835603567299;14.8835603567299;0.044453;6;-3244.5711827957 * pre_2 * LoopSolver;2;1.13781502695994;
5;14717.6069921811 * Precon + 3331.15757045121 * CGSolver + -3727.04846744855 * pre_2 + -4309.36908698485 * pre_3 + -2188.81995330401 * pre_2 * LoopSolver + 2231.47418960743 * SeqSOR;14.2080488156239;14.2080488156239;14.2080488156239;14.2080488156239;0.074973;7;2231.47418960743 * SeqSOR;1;0.67551154110601;
6;15610.5566422378 * Precon + 4903.81516308836 * CGSolver + -4806.58461154693 * pre_2 + -4602.57643476467 * pre_3 + -2002.23345926232 * pre_2 * LoopSolver + 1031.98958505368 * SeqSOR + -11688.3110910405 * post_3;11.4561943606728;11.4561943606728;11.4561943606728;11.4561943606728;0.119132;8;-11688.3110910405 * post_3;1;2.75185445495108;
7;15439.2596382784 * Precon + 5251.76220238095 * CGSolver + -4378.34210164836 * pre_2 + -4463.39761904762 * pre_3 + -2259.17896520146 * pre_2 * LoopSolver + 1096.22596153846 * SeqSOR + -11864.9611263736 * post_3 + -926.074427655669 * pre_2 * CGSolver;10.9179075826587;10.9179075826587;10.9179075826587;10.9179075826587;0.17406;10;-926.074427655669 * pre_2 * CGSolver;2;0.269143389007058;
Elapsed=00:00:00.1742911
Learning progress:
1;12721.0557417582 * Precon + 5350.69221742544 * pre_1;23.244431872149;23.244431872149;23.244431872149;23.244431872149;0.002464;2;5350.69221742544 * pre_1;1;17.6575022298736;
2;10545.2561751152 * Precon + 6853.03001344086 * pre_1 + 4714.23239439324 * CGSolver;10.3810377090682;10.3810377090682;10.3810377090682;10.3810377090682;0.010284;3;4714.23239439324 * CGSolver;1;12.8633941630808;
3;10919.2666886269 * Precon + 7202.10649271844 * pre_1 + 4290.35381241332 * CGSolver + -2318.86518377254 * LoopSolver;6.83316156110483;6.83316156110483;6.83316156110483;6.83316156110483;0.023372;4;-2318.86518377254 * LoopSolver;1;3.54787614796341;
4;11028.3873687424 * Precon + 6929.3047924298 * pre_1 + 5290.62671347172 * CGSolver + -2246.11806369556 * LoopSolver + -7492.95336792836 * post_3;5.7303244556036;5.7303244556036;5.7303244556036;5.7303244556036;0.043189;5;-7492.95336792836 * post_3;1;1.10283710550123;
5;12165.1619801553 * Precon + 7125.49939541477 * pre_1 + 5246.38675397511 * CGSolver + -2163.4085742019 * LoopSolver + -7235.20751694812 * post_3 + -1350.28050289657 * cells_50;5.01545786203357;5.01545786203357;5.01545786203357;5.01545786203357;0.071152;6;-1350.28050289657 * cells_50;1;0.714866593570027;
6;12405.2186272321 * Precon + 7044.71110072544 * pre_1 + 5658.02235072544 * CGSolver + -2118.78265904018 * LoopSolver + -7656.07606166294 * post_3 + -1581.10420200892 * cells_50 + -891.748890904013 * CGSolver * pre_2;4.55644005251881;4.55644005251881;4.55644005251881;4.55644005251881;0.110556;8;-891.748890904013 * CGSolver * pre_2;2;0.229508904757378;
Elapsed=00:00:00.1107719
Learning progress:
1;15044.9441165414 * Precon + -3745.84411654133 * pre_0;17.7308229328208;17.7308229328208;17.7308229328208;17.7308229328208;0.002142;2;-3745.84411654133 * pre_0;1;24.5332745085552;
2;17256.9142857143 * Precon + -5957.8142857143 * pre_0 + -2334.85740079364 * cells_50;9.78606239658598;9.78606239658598;9.78606239658598;9.78606239658598;0.009375;3;-2334.85740079364 * cells_50;1;7.94476053623485;
3;17256.9142857143 * Precon + -5957.81428571429 * pre_0 + -1561.74815934066 * cells_50 + -2783.19326923077 * GradientSolver;8.42801860711412;8.42801860711412;8.42801860711412;8.42801860711412;0.021584;4;-2783.19326923077 * GradientSolver;1;1.35804378947186;
4;17256.9142857143 * Precon + -5957.81428571429 * pre_0 + -1361.52776785716 * cells_50 + -2983.41366071428 * GradientSolver + -2602.86508928571 * pre_4;8.42614040764983;8.42614040764983;8.42614040764983;8.42614040764983;0.043517;5;-2602.86508928571 * pre_4;1;0.00187819946429357;
Elapsed=00:00:00.0437124
Learning progress:
1;12276.3812362637 * Precon + 5756.95855965463 * pre_1;12.0340557324911;12.0340557324911;12.0340557324911;12.0340557324911;0.002334;2;5756.95855965463 * pre_1;1;17.5495052358558;
2;12276.3812362637 * Precon + 4018.27888278388 * pre_1 + 12170.7577380952 * pre_1 * CGSolver;4.87934966935624;4.87934966935624;4.87934966935624;4.87934966935624;0.008863;4;12170.7577380952 * pre_1 * CGSolver;2;3.57735303156744;
3;12098.4615178572 * Precon + 4196.19860119047 * pre_1 + 12170.7577380952 * pre_1 * CGSolver + 2312.95633928568 * pre_4;4.42424638289912;4.42424638289912;4.42424638289912;4.42424638289912;0.021909;5;2312.95633928568 * pre_4;1;0.455103286457125;
4;12098.4615178571 * Precon + 4196.19860119048 * pre_1 + 12170.7577380952 * pre_1 * CGSolver + 1156.47816964287 * pre_4 + 1156.47816964287 * pre_4 * SeqSOR;2.79729442602539;2.79729442602539;2.79729442602539;2.79729442602539;0.041385;7;1156.47816964287 * pre_4 * SeqSOR;2;0.813475978436864;
5;12098.4615178571 * Precon + 4741.44473214285 * pre_1 + 11625.5116071429 * pre_1 * CGSolver + 1156.47816964286 * pre_4 + 1156.47816964286 * pre_4 * SeqSOR + -1635.73839285715 * pre_1 * GradientSolver;2.16343496941765;2.16343496941765;2.16343496941765;2.16343496941765;0.07185;9;-1635.73839285715 * pre_1 * GradientSolver;2;0.316929728303872;
6;12098.4615178571 * Precon + 4741.44473214287 * pre_1 + 11625.5116071429 * pre_1 * CGSolver + 1156.47816964286 * pre_4 + 1156.47816964286 * pre_4 * SeqSOR + -817.869196428579 * pre_1 * GradientSolver + -817.869196428579 * pre_1 * GradientSolver * cells_50;2.16343496941761;2.16343496941761;2.16343496941761;2.16343496941761;0.113581;12;-817.869196428579 * pre_1 * GradientSolver * cells_50;3;1.27305573490351E-14;
Elapsed=00:00:00.1137879
Learning progress:
1;15216.4097077922 * Precon + -1049.98756493507 * SeqGS;14.8122822983834;14.8122822983834;14.8122822983834;14.8122822983834;0.003576;2;-1049.98756493507 * SeqGS;1;11.1998713988022;
2;15216.4097077922 * Precon + -1436.29908279221 * SeqGS + 3476.80366071429 * cells_53;12.9410883957829;12.9410883957829;12.9410883957829;12.9410883957829;0.010987;3;3476.80366071429 * cells_53;1;1.87119390260053;
3;15460.8853974846 * Precon + -1596.73625415281 * SeqGS + 3392.76514238253 * cells_53 + -672.308146654014 * BiCGSTABSolver;11.5847482832165;11.5847482832165;11.5847482832165;11.5847482832165;0.024649;4;-672.308146654014 * BiCGSTABSolver;1;1.35634011256639;
4;16017.360596301 * Precon + -2709.68665178572 * SeqGS + 3949.24034119898 * cells_53 + -4196.65107249149 * BiCGSTABSolver + 7976.14451636904 * BiCGSTABSolver * pre_1;8.1829472001608;8.1829472001608;8.1829472001608;8.1829472001608;0.045289;6;7976.14451636904 * BiCGSTABSolver * pre_1;2;1.70090054152786;
5;12782.2670485437 * Precon + -2301.65683495145 * SeqGS + 3512.06553744798 * cells_53 + -3137.71654785021 * BiCGSTABSolver + 6684.05009639389 * BiCGSTABSolver * pre_1 + 3264.23853467407 * post_0;6.72681546521126;6.72681546521126;6.72681546521126;6.72681546521126;0.076865;7;3264.23853467407 * post_0;1;1.45613173494954;
6;12868.5872130102 * Precon + -2410.77855229591 * SeqGS + 3569.06941964286 * cells_53 + -2362.46375 * BiCGSTABSolver + 6330.62602678572 * BiCGSTABSolver * pre_1 + 3230.03620535714 * post_0 + -838.771409438781 * BiCGSTABSolver * SeqSOR;6.2462550280064;6.2462550280064;6.2462550280064;6.2462550280064;0.120514;9;-838.771409438781 * BiCGSTABSolver * SeqSOR;2;0.24028021860243;
7;7775.4652912415 * Precon + 2682.34336947279 * SeqGS + 3569.06941964286 * cells_53 + -2362.46375000001 * BiCGSTABSolver + 6330.62602678572 * BiCGSTABSolver * pre_1 + 3230.03620535714 * post_0 + -838.771409438767 * BiCGSTABSolver * SeqSOR + 5093.12192176871 * SeqSOR;6.24625502800639;6.24625502800639;6.24625502800639;6.24625502800639;0.179702;10;5093.12192176871 * SeqSOR;1;1.06581410364015E-14;
Elapsed=00:00:00.1799147
Learning progress:
1;13504.4085714286 * Precon + 4262.44991071429 * CGSolver;22.5658889010997;22.5658889010997;22.5658889010997;22.5658889010997;0.002332;2;4262.44991071429 * CGSolver;1;14.6868106833397;
2;14670.2966251638 * Precon + 4408.1859174312 * CGSolver + -3497.66416120577 * pre_2;20.0264321549945;20.0264321549945;20.0264321549945;20.0264321549945;0.010096;3;-3497.66416120577 * pre_2;1;2.53945674610515;
3;15535.0750835422 * Precon + 3764.20195906433 * CGSolver + -4086.44949456976 * pre_2 + -4011.10008354218 * pre_3;17.1591904106498;17.1591904106498;17.1591904106498;17.1591904106498;0.022343;4;-4011.10008354218 * pre_3;1;2.8672417443448;
4;15677.3808371736 * Precon + 3451.12930107527 * CGSolver + -3631.07108294932 * pre_2 + -4153.40583717359 * pre_3 + -3244.5711827957 * pre_2 * LoopSolver;14.8835603567299;14.8835603567299;14.8835603567299;14.8835603567299;0.043763;6;-3244.5711827957 * pre_2 * LoopSolver;2;1.13781502695994;
5;14717.6069921811 * Precon + 3331.15757045121 * CGSolver + -3727.04846744855 * pre_2 + -4309.36908698485 * pre_3 + -2188.81995330401 * pre_2 * LoopSolver + 2231.47418960743 * SeqSOR;14.2080488156239;14.2080488156239;14.2080488156239;14.2080488156239;0.07507;7;2231.47418960743 * SeqSOR;1;0.67551154110601;
6;15610.5566422378 * Precon + 4903.81516308836 * CGSolver + -4806.58461154693 * pre_2 + -4602.57643476467 * pre_3 + -2002.23345926232 * pre_2 * LoopSolver + 1031.98958505368 * SeqSOR + -11688.3110910405 * post_3;11.4561943606728;11.4561943606728;11.4561943606728;11.4561943606728;0.119385;8;-11688.3110910405 * post_3;1;2.75185445495108;
7;15439.2596382784 * Precon + 5251.76220238095 * CGSolver + -4378.34210164836 * pre_2 + -4463.39761904762 * pre_3 + -2259.17896520146 * pre_2 * LoopSolver + 1096.22596153846 * SeqSOR + -11864.9611263736 * post_3 + -926.074427655669 * pre_2 * CGSolver;10.9179075826587;10.9179075826587;10.9179075826587;10.9179075826587;0.174133;10;-926.074427655669 * pre_2 * CGSolver;2;0.269143389007058;
8;15336.5587142857 * Precon + 5343.83889285715 * CGSolver + -4282.724 * pre_2 + -4371.32092857143 * pre_3 + -2436.24952380953 * pre_2 * LoopSolver + 1117.47442857144 * SeqSOR + -11854.3368928571 * post_3 + -1025.23394047619 * pre_2 * CGSolver + 184.153380952385 * LoopSolver;10.9023404411018;10.9023404411018;10.9023404411018;10.9023404411018;0.252675;11;184.153380952385 * LoopSolver;1;0.0155671415569021;
Elapsed=00:00:00.2529508
Learning progress:
1;12721.0557417582 * Precon + 5350.69221742544 * pre_1;23.244431872149;23.244431872149;23.244431872149;23.244431872149;0.002594;2;5350.69221742544 * pre_1;1;17.6575022298736;
2;10545.2561751152 * Precon + 6853.03001344086 * pre_1 + 4714.23239439324 * CGSolver;10.3810377090682;10.3810377090682;10.3810377090682;10.3810377090682;0.010698;3;4714.23239439324 * CGSolver;1;12.8633941630808;
3;10919.2666886269 * Precon + 7202.10649271844 * pre_1 + 4290.35381241332 * CGSolver + -2318.86518377254 * LoopSolver;6.83316156110483;6.83316156110483;6.83316156110483;6.83316156110483;0.02399;4;-2318.86518377254 * LoopSolver;1;3.54787614796341;
4;11028.3873687424 * Precon + 6929.3047924298 * pre_1 + 5290.62671347172 * CGSolver + -2246.11806369556 * LoopSolver + -7492.95336792836 * post_3;5.7303244556036;5.7303244556036;5.7303244556036;5.7303244556036;0.04344;5;-7492.95336792836 * post_3;1;1.10283710550123;
5;12165.1619801553 * Precon + 7125.49939541477 * pre_1 + 5246.38675397511 * CGSolver + -2163.4085742019 * LoopSolver + -7235.20751694812 * post_3 + -1350.28050289657 * cells_50;5.01545786203357;5.01545786203357;5.01545786203357;5.01545786203357;0.070451;6;-1350.28050289657 * cells_50;1;0.714866593570027;
6;12405.2186272321 * Precon + 7044.71110072544 * pre_1 + 5658.02235072544 * CGSolver + -2118.78265904018 * LoopSolver + -7656.07606166294 * post_3 + -1581.10420200892 * cells_50 + -891.748890904013 * CGSolver * pre_2;4.55644005251881;4.55644005251881;4.55644005251881;4.55644005251881;0.109714;8;-891.748890904013 * CGSolver * pre_2;2;0.229508904757378;
7;12405.2186272322 * Precon + 7044.71110072545 * pre_1 + 1219.98954659599 * CGSolver + -2118.78265904018 * LoopSolver + -3218.04325753349 * post_3 + -1581.10420200892 * cells_50 + -891.748890904021 * CGSolver * pre_2 + 4438.03280412947 * CGSolver * post_0;4.55644005251875;4.55644005251875;4.55644005251875;4.55644005251875;0.161936;10;4438.03280412947 * CGSolver * post_0;2;3.01980662698043E-14;
Elapsed=00:00:00.1621689
Learning progress:
1;15044.9441165414 * Precon + -3745.84411654133 * pre_0;17.7308229328208;17.7308229328208;17.7308229328208;17.7308229328208;0.002419;2;-3745.84411654133 * pre_0;1;24.5332745085552;
2;17256.9142857143 * Precon + -5957.8142857143 * pre_0 + -2334.85740079364 * cells_50;9.78606239658598;9.78606239658598;9.78606239658598;9.78606239658598;0.008581;3;-2334.85740079364 * cells_50;1;7.94476053623485;
3;17256.9142857143 * Precon + -5957.81428571429 * pre_0 + -1561.74815934066 * cells_50 + -2783.19326923077 * GradientSolver;8.42801860711412;8.42801860711412;8.42801860711412;8.42801860711412;0.021654;4;-2783.19326923077 * GradientSolver;1;1.35804378947186;
4;17256.9142857143 * Precon + -5957.81428571429 * pre_0 + -1361.52776785716 * cells_50 + -2983.41366071428 * GradientSolver + -2602.86508928571 * pre_4;8.42614040764983;8.42614040764983;8.42614040764983;8.42614040764983;0.040603;5;-2602.86508928571 * pre_4;1;0.00187819946429357;
Elapsed=00:00:00.0407988
Learning progress:
1;12276.3812362637 * Precon + 5756.95855965463 * pre_1;12.0340557324911;12.0340557324911;12.0340557324911;12.0340557324911;0.002165;2;5756.95855965463 * pre_1;1;17.5495052358558;
2;12276.3812362637 * Precon + 4018.27888278388 * pre_1 + 12170.7577380952 * pre_1 * CGSolver;4.87934966935624;4.87934966935624;4.87934966935624;4.87934966935624;0.008615;4;12170.7577380952 * pre_1 * CGSolver;2;3.57735303156744;
3;12098.4615178572 * Precon + 4196.19860119047 * pre_1 + 12170.7577380952 * pre_1 * CGSolver + 2312.95633928568 * pre_4;4.42424638289912;4.42424638289912;4.42424638289912;4.42424638289912;0.021921;5;2312.95633928568 * pre_4;1;0.455103286457125;
4;12098.4615178571 * Precon + 4196.19860119048 * pre_1 + 12170.7577380952 * pre_1 * CGSolver + 1156.47816964287 * pre_4 + 1156.47816964287 * pre_4 * SeqSOR;2.79729442602539;2.79729442602539;2.79729442602539;2.79729442602539;0.041646;7;1156.47816964287 * pre_4 * SeqSOR;2;0.813475978436864;
5;12098.4615178571 * Precon + 4741.44473214285 * pre_1 + 11625.5116071429 * pre_1 * CGSolver + 1156.47816964286 * pre_4 + 1156.47816964286 * pre_4 * SeqSOR + -1635.73839285715 * pre_1 * GradientSolver;2.16343496941765;2.16343496941765;2.16343496941765;2.16343496941765;0.072288;9;-1635.73839285715 * pre_1 * GradientSolver;2;0.316929728303872;
6;12098.4615178571 * Precon + 4741.44473214287 * pre_1 + 11625.5116071429 * pre_1 * CGSolver + 1156.47816964286 * pre_4 + 1156.47816964286 * pre_4 * SeqSOR + -817.869196428579 * pre_1 * GradientSolver + -817.869196428579 * pre_1 * GradientSolver * cells_50;2.16343496941761;2.16343496941761;2.16343496941761;2.16343496941761;0.11338;12;-817.869196428579 * pre_1 * GradientSolver * cells_50;3;1.27305573490351E-14;
Elapsed=00:00:00.1136017
Learning progress:
1;15216.4097077922 * Precon + -1049.98756493507 * SeqGS;14.8122822983834;14.8122822983834;14.8122822983834;14.8122822983834;0.003284;2;-1049.98756493507 * SeqGS;1;11.1998713988022;
2;15216.4097077922 * Precon + -1436.29908279221 * SeqGS + 3476.80366071429 * cells_53;12.9410883957829;12.9410883957829;12.9410883957829;12.9410883957829;0.010588;3;3476.80366071429 * cells_53;1;1.87119390260053;
3;15460.8853974846 * Precon + -1596.73625415281 * SeqGS + 3392.76514238253 * cells_53 + -672.308146654014 * BiCGSTABSolver;11.5847482832165;11.5847482832165;11.5847482832165;11.5847482832165;0.024199;4;-672.308146654014 * BiCGSTABSolver;1;1.35634011256639;
4;16017.360596301 * Precon + -2709.68665178572 * SeqGS + 3949.24034119898 * cells_53 + -4196.65107249149 * BiCGSTABSolver + 7976.14451636904 * BiCGSTABSolver * pre_1;8.1829472001608;8.1829472001608;8.1829472001608;8.1829472001608;0.044935;6;7976.14451636904 * BiCGSTABSolver * pre_1;2;1.70090054152786;
5;12782.2670485437 * Precon + -2301.65683495145 * SeqGS + 3512.06553744798 * cells_53 + -3137.71654785021 * BiCGSTABSolver + 6684.05009639389 * BiCGSTABSolver * pre_1 + 3264.23853467407 * post_0;6.72681546521126;6.72681546521126;6.72681546521126;6.72681546521126;0.076473;7;3264.23853467407 * post_0;1;1.45613173494954;
6;12868.5872130102 * Precon + -2410.77855229591 * SeqGS + 3569.06941964286 * cells_53 + -2362.46375 * BiCGSTABSolver + 6330.62602678572 * BiCGSTABSolver * pre_1 + 3230.03620535714 * post_0 + -838.771409438781 * BiCGSTABSolver * SeqSOR;6.2462550280064;6.2462550280064;6.2462550280064;6.2462550280064;0.120734;9;-838.771409438781 * BiCGSTABSolver * SeqSOR;2;0.24028021860243;
7;7775.4652912415 * Precon + 2682.34336947279 * SeqGS + 3569.06941964286 * cells_53 + -2362.46375000001 * BiCGSTABSolver + 6330.62602678572 * BiCGSTABSolver * pre_1 + 3230.03620535714 * post_0 + -838.771409438767 * BiCGSTABSolver * SeqSOR + 5093.12192176871 * SeqSOR;6.24625502800639;6.24625502800639;6.24625502800639;6.24625502800639;0.182874;10;5093.12192176871 * SeqSOR;1;1.06581410364015E-14;
Elapsed=00:00:00.1831057
Learning progress:
1;13504.4085714286 * Precon + 4262.44991071429 * CGSolver;22.5658889010997;22.5658889010997;22.5658889010997;22.5658889010997;0.003193;2;4262.44991071429 * CGSolver;1;14.6868106833397;
2;14670.2966251638 * Precon + 4408.1859174312 * CGSolver + -3497.66416120577 * pre_2;20.0264321549945;20.0264321549945;20.0264321549945;20.0264321549945;0.010077;3;-3497.66416120577 * pre_2;1;2.53945674610515;
3;15535.0750835422 * Precon + 3764.20195906433 * CGSolver + -4086.44949456976 * pre_2 + -4011.10008354218 * pre_3;17.1591904106498;17.1591904106498;17.1591904106498;17.1591904106498;0.023687;4;-4011.10008354218 * pre_3;1;2.8672417443448;
4;15677.3808371736 * Precon + 3451.12930107527 * CGSolver + -3631.07108294932 * pre_2 + -4153.40583717359 * pre_3 + -3244.5711827957 * pre_2 * LoopSolver;14.8835603567299;14.8835603567299;14.8835603567299;14.8835603567299;0.044049;6;-3244.5711827957 * pre_2 * LoopSolver;2;1.13781502695994;
5;14717.6069921811 * Precon + 3331.15757045121 * CGSolver + -3727.04846744855 * pre_2 + -4309.36908698485 * pre_3 + -2188.81995330401 * pre_2 * LoopSolver + 2231.47418960743 * SeqSOR;14.2080488156239;14.2080488156239;14.2080488156239;14.2080488156239;0.075679;7;2231.47418960743 * SeqSOR;1;0.67551154110601;
6;15610.5566422378 * Precon + 4903.81516308836 * CGSolver + -4806.58461154693 * pre_2 + -4602.57643476467 * pre_3 + -2002.23345926232 * pre_2 * LoopSolver + 1031.98958505368 * SeqSOR + -11688.3110910405 * post_3;11.4561943606728;11.4561943606728;11.4561943606728;11.4561943606728;0.12097;8;-11688.3110910405 * post_3;1;2.75185445495108;
7;15439.2596382784 * Precon + 5251.76220238095 * CGSolver + -4378.34210164836 * pre_2 + -4463.39761904762 * pre_3 + -2259.17896520146 * pre_2 * LoopSolver + 1096.22596153846 * SeqSOR + -11864.9611263736 * post_3 + -926.074427655669 * pre_2 * CGSolver;10.9179075826587;10.9179075826587;10.9179075826587;10.9179075826587;0.176381;10;-926.074427655669 * pre_2 * CGSolver;2;0.269143389007058;
8;15336.5587142857 * Precon + 5343.83889285715 * CGSolver + -4282.724 * pre_2 + -4371.32092857143 * pre_3 + -2436.24952380953 * pre_2 * LoopSolver + 1117.47442857144 * SeqSOR + -11854.3368928571 * post_3 + -1025.23394047619 * pre_2 * CGSolver + 184.153380952385 * LoopSolver;10.9023404411018;10.9023404411018;10.9023404411018;10.9023404411018;0.2507;11;184.153380952385 * LoopSolver;1;0.0155671415569021;
Elapsed=00:00:00.2509385
Learning progress:
1;12721.0557417582 * Precon + 5350.69221742544 * pre_1;23.244431872149;23.244431872149;23.244431872149;23.244431872149;0.002454;2;5350.69221742544 * pre_1;1;17.6575022298736;
2;10545.2561751152 * Precon + 6853.03001344086 * pre_1 + 4714.23239439324 * CGSolver;10.3810377090682;10.3810377090682;10.3810377090682;10.3810377090682;0.010541;3;4714.23239439324 * CGSolver;1;12.8633941630808;
3;10919.2666886269 * Precon + 7202.10649271844 * pre_1 + 4290.35381241332 * CGSolver + -2318.86518377254 * LoopSolver;6.83316156110483;6.83316156110483;6.83316156110483;6.83316156110483;0.025646;4;-2318.86518377254 * LoopSolver;1;3.54787614796341;
4;11028.3873687424 * Precon + 6929.3047924298 * pre_1 + 5290.62671347172 * CGSolver + -2246.11806369556 * LoopSolver + -7492.95336792836 * post_3;5.7303244556036;5.7303244556036;5.7303244556036;5.7303244556036;0.045725;5;-7492.95336792836 * post_3;1;1.10283710550123;
5;12165.1619801553 * Precon + 7125.49939541477 * pre_1 + 5246.38675397511 * CGSolver + -2163.4085742019 * LoopSolver + -7235.20751694812 * post_3 + -1350.28050289657 * cells_50;5.01545786203357;5.01545786203357;5.01545786203357;5.01545786203357;0.073132;6;-1350.28050289657 * cells_50;1;0.714866593570027;
6;12405.2186272321 * Precon + 7044.71110072544 * pre_1 + 5658.02235072544 * CGSolver + -2118.78265904018 * LoopSolver + -7656.07606166294 * post_3 + -1581.10420200892 * cells_50 + -891.748890904013 * CGSolver * pre_2;4.55644005251881;4.55644005251881;4.55644005251881;4.55644005251881;0.11278;8;-891.748890904013 * CGSolver * pre_2;2;0.229508904757378;
7;12405.2186272322 * Precon + 7044.71110072545 * pre_1 + 1219.98954659599 * CGSolver + -2118.78265904018 * LoopSolver + -3218.04325753349 * post_3 + -1581.10420200892 * cells_50 + -891.748890904021 * CGSolver * pre_2 + 4438.03280412947 * CGSolver * post_0;4.55644005251875;4.55644005251875;4.55644005251875;4.55644005251875;0.168082;10;4438.03280412947 * CGSolver * post_0;2;3.01980662698043E-14;
Elapsed=00:00:00.1683172
Learning progress:
1;15044.9441165414 * Precon + -3745.84411654133 * pre_0;17.7308229328208;17.7308229328208;17.7308229328208;17.7308229328208;0.002824;2;-3745.84411654133 * pre_0;1;24.5332745085552;
2;17256.9142857143 * Precon + -5957.8142857143 * pre_0 + -2334.85740079364 * cells_50;9.78606239658598;9.78606239658598;9.78606239658598;9.78606239658598;0.008861;3;-2334.85740079364 * cells_50;1;7.94476053623485;
3;17256.9142857143 * Precon + -5957.81428571429 * pre_0 + -1561.74815934066 * cells_50 + -2783.19326923077 * GradientSolver;8.42801860711412;8.42801860711412;8.42801860711412;8.42801860711412;0.022265;4;-2783.19326923077 * GradientSolver;1;1.35804378947186;
4;17256.9142857143 * Precon + -5957.81428571429 * pre_0 + -1361.52776785716 * cells_50 + -2983.41366071428 * GradientSolver + -2602.86508928571 * pre_4;8.42614040764983;8.42614040764983;8.42614040764983;8.42614040764983;0.041338;5;-2602.86508928571 * pre_4;1;0.00187819946429357;
Elapsed=00:00:00.0415335
Learning progress:
1;12276.3812362637 * Precon + 5756.95855965463 * pre_1;12.0340557324911;12.0340557324911;12.0340557324911;12.0340557324911;0.00232;2;5756.95855965463 * pre_1;1;17.5495052358558;
2;12276.3812362637 * Precon + 4018.27888278388 * pre_1 + 12170.7577380952 * pre_1 * CGSolver;4.87934966935624;4.87934966935624;4.87934966935624;4.87934966935624;0.009018;4;12170.7577380952 * pre_1 * CGSolver;2;3.57735303156744;
3;12098.4615178572 * Precon + 4196.19860119047 * pre_1 + 12170.7577380952 * pre_1 * CGSolver + 2312.95633928568 * pre_4;4.42424638289912;4.42424638289912;4.42424638289912;4.42424638289912;0.022087;5;2312.95633928568 * pre_4;1;0.455103286457125;
Elapsed=00:00:00.0222509
Learning progress:
1;15216.4097077922 * Precon + -1049.98756493507 * SeqGS;14.8122822983834;14.8122822983834;14.8122822983834;14.8122822983834;0.002538;2;-1049.98756493507 * SeqGS;1;11.1998713988022;
2;15216.4097077922 * Precon + -1436.29908279221 * SeqGS + 3476.80366071429 * cells_53;12.9410883957829;12.9410883957829;12.9410883957829;12.9410883957829;0.011102;3;3476.80366071429 * cells_53;1;1.87119390260053;
3;15460.8853974846 * Precon + -1596.73625415281 * SeqGS + 3392.76514238253 * cells_53 + -672.308146654014 * BiCGSTABSolver;11.5847482832165;11.5847482832165;11.5847482832165;11.5847482832165;0.025322;4;-672.308146654014 * BiCGSTABSolver;1;1.35634011256639;
4;16017.360596301 * Precon + -2709.68665178572 * SeqGS + 3949.24034119898 * cells_53 + -4196.65107249149 * BiCGSTABSolver + 7976.14451636904 * BiCGSTABSolver * pre_1;8.1829472001608;8.1829472001608;8.1829472001608;8.1829472001608;0.046106;6;7976.14451636904 * BiCGSTABSolver * pre_1;2;1.70090054152786;
5;12782.2670485437 * Precon + -2301.65683495145 * SeqGS + 3512.06553744798 * cells_53 + -3137.71654785021 * BiCGSTABSolver + 6684.05009639389 * BiCGSTABSolver * pre_1 + 3264.23853467407 * post_0;6.72681546521126;6.72681546521126;6.72681546521126;6.72681546521126;0.077984;7;3264.23853467407 * post_0;1;1.45613173494954;
6;12868.5872130102 * Precon + -2410.77855229591 * SeqGS + 3569.06941964286 * cells_53 + -2362.46375 * BiCGSTABSolver + 6330.62602678572 * BiCGSTABSolver * pre_1 + 3230.03620535714 * post_0 + -838.771409438781 * BiCGSTABSolver * SeqSOR;6.2462550280064;6.2462550280064;6.2462550280064;6.2462550280064;0.122639;9;-838.771409438781 * BiCGSTABSolver * SeqSOR;2;0.24028021860243;
Elapsed=00:00:00.1228361
Learning progress:
1;13504.4085714286 * Precon + 4262.44991071429 * CGSolver;22.5658889010997;22.5658889010997;22.5658889010997;22.5658889010997;0.002349;2;4262.44991071429 * CGSolver;1;14.6868106833397;
2;14670.2966251638 * Precon + 4408.1859174312 * CGSolver + -3497.66416120577 * pre_2;20.0264321549945;20.0264321549945;20.0264321549945;20.0264321549945;0.009185;3;-3497.66416120577 * pre_2;1;2.53945674610515;
3;15535.0750835422 * Precon + 3764.20195906433 * CGSolver + -4086.44949456976 * pre_2 + -4011.10008354218 * pre_3;17.1591904106498;17.1591904106498;17.1591904106498;17.1591904106498;0.02286;4;-4011.10008354218 * pre_3;1;2.8672417443448;
4;15677.3808371736 * Precon + 3451.12930107527 * CGSolver + -3631.07108294932 * pre_2 + -4153.40583717359 * pre_3 + -3244.5711827957 * pre_2 * LoopSolver;14.8835603567299;14.8835603567299;14.8835603567299;14.8835603567299;0.043907;6;-3244.5711827957 * pre_2 * LoopSolver;2;1.13781502695994;
5;14717.6069921811 * Precon + 3331.15757045121 * CGSolver + -3727.04846744855 * pre_2 + -4309.36908698485 * pre_3 + -2188.81995330401 * pre_2 * LoopSolver + 2231.47418960743 * SeqSOR;14.2080488156239;14.2080488156239;14.2080488156239;14.2080488156239;0.076189;7;2231.47418960743 * SeqSOR;1;0.67551154110601;
6;15610.5566422378 * Precon + 4903.81516308836 * CGSolver + -4806.58461154693 * pre_2 + -4602.57643476467 * pre_3 + -2002.23345926232 * pre_2 * LoopSolver + 1031.98958505368 * SeqSOR + -11688.3110910405 * post_3;11.4561943606728;11.4561943606728;11.4561943606728;11.4561943606728;0.120389;8;-11688.3110910405 * post_3;1;2.75185445495108;
7;15439.2596382784 * Precon + 5251.76220238095 * CGSolver + -4378.34210164836 * pre_2 + -4463.39761904762 * pre_3 + -2259.17896520146 * pre_2 * LoopSolver + 1096.22596153846 * SeqSOR + -11864.9611263736 * post_3 + -926.074427655669 * pre_2 * CGSolver;10.9179075826587;10.9179075826587;10.9179075826587;10.9179075826587;0.176658;10;-926.074427655669 * pre_2 * CGSolver;2;0.269143389007058;
Elapsed=00:00:00.1769182
Learning progress:
1;12721.0557417582 * Precon + 5350.69221742544 * pre_1;23.244431872149;23.244431872149;23.244431872149;23.244431872149;0.002284;2;5350.69221742544 * pre_1;1;17.6575022298736;
2;10545.2561751152 * Precon + 6853.03001344086 * pre_1 + 4714.23239439324 * CGSolver;10.3810377090682;10.3810377090682;10.3810377090682;10.3810377090682;0.00909;3;4714.23239439324 * CGSolver;1;12.8633941630808;
3;10919.2666886269 * Precon + 7202.10649271844 * pre_1 + 4290.35381241332 * CGSolver + -2318.86518377254 * LoopSolver;6.83316156110483;6.83316156110483;6.83316156110483;6.83316156110483;0.022057;4;-2318.86518377254 * LoopSolver;1;3.54787614796341;
4;11028.3873687424 * Precon + 6929.3047924298 * pre_1 + 5290.62671347172 * CGSolver + -2246.11806369556 * LoopSolver + -7492.95336792836 * post_3;5.7303244556036;5.7303244556036;5.7303244556036;5.7303244556036;0.044387;5;-7492.95336792836 * post_3;1;1.10283710550123;
5;12165.1619801553 * Precon + 7125.49939541477 * pre_1 + 5246.38675397511 * CGSolver + -2163.4085742019 * LoopSolver + -7235.20751694812 * post_3 + -1350.28050289657 * cells_50;5.01545786203357;5.01545786203357;5.01545786203357;5.01545786203357;0.072423;6;-1350.28050289657 * cells_50;1;0.714866593570027;
6;12405.2186272321 * Precon + 7044.71110072544 * pre_1 + 5658.02235072544 * CGSolver + -2118.78265904018 * LoopSolver + -7656.07606166294 * post_3 + -1581.10420200892 * cells_50 + -891.748890904013 * CGSolver * pre_2;4.55644005251881;4.55644005251881;4.55644005251881;4.55644005251881;0.112083;8;-891.748890904013 * CGSolver * pre_2;2;0.229508904757378;
Elapsed=00:00:00.1122975
Learning progress:
1;15044.9441165414 * Precon + -3745.84411654133 * pre_0;17.7308229328208;17.7308229328208;17.7308229328208;17.7308229328208;0.002154;2;-3745.84411654133 * pre_0;1;24.5332745085552;
2;17256.9142857143 * Precon + -5957.8142857143 * pre_0 + -2334.85740079364 * cells_50;9.78606239658598;9.78606239658598;9.78606239658598;9.78606239658598;0.008121;3;-2334.85740079364 * cells_50;1;7.94476053623485;
3;17256.9142857143 * Precon + -5957.81428571429 * pre_0 + -1561.74815934066 * cells_50 + -2783.19326923077 * GradientSolver;8.42801860711412;8.42801860711412;8.42801860711412;8.42801860711412;0.021369;4;-2783.19326923077 * GradientSolver;1;1.35804378947186;
4;17256.9142857143 * Precon + -5957.81428571429 * pre_0 + -1361.52776785716 * cells_50 + -2983.41366071428 * GradientSolver + -2602.86508928571 * pre_4;8.42614040764983;8.42614040764983;8.42614040764983;8.42614040764983;0.040655;5;-2602.86508928571 * pre_4;1;0.00187819946429357;
Elapsed=00:00:00.0408533
Learning progress:
1;12276.3812362637 * Precon + 5756.95855965463 * pre_1;12.0340557324911;12.0340557324911;12.0340557324911;12.0340557324911;0.003854;2;5756.95855965463 * pre_1;1;17.5495052358558;
2;12276.3812362637 * Precon + 4018.27888278388 * pre_1 + 12170.7577380952 * pre_1 * CGSolver;4.87934966935624;4.87934966935624;4.87934966935624;4.87934966935624;0.010557;4;12170.7577380952 * pre_1 * CGSolver;2;3.57735303156744;
3;12098.4615178572 * Precon + 4196.19860119047 * pre_1 + 12170.7577380952 * pre_1 * CGSolver + 2312.95633928568 * pre_4;4.42424638289912;4.42424638289912;4.42424638289912;4.42424638289912;0.023783;5;2312.95633928568 * pre_4;1;0.455103286457125;
4;12098.4615178571 * Precon + 4196.19860119048 * pre_1 + 12170.7577380952 * pre_1 * CGSolver + 1156.47816964287 * pre_4 + 1156.47816964287 * pre_4 * SeqSOR;2.79729442602539;2.79729442602539;2.79729442602539;2.79729442602539;0.043579;7;1156.47816964287 * pre_4 * SeqSOR;2;0.813475978436864;
5;12098.4615178571 * Precon + 4741.44473214285 * pre_1 + 11625.5116071429 * pre_1 * CGSolver + 1156.47816964286 * pre_4 + 1156.47816964286 * pre_4 * SeqSOR + -1635.73839285715 * pre_1 * GradientSolver;2.16343496941765;2.16343496941765;2.16343496941765;2.16343496941765;0.072896;9;-1635.73839285715 * pre_1 * GradientSolver;2;0.316929728303872;
6;12098.4615178571 * Precon + 4741.44473214287 * pre_1 + 11625.5116071429 * pre_1 * CGSolver + 1156.47816964286 * pre_4 + 1156.47816964286 * pre_4 * SeqSOR + -817.869196428579 * pre_1 * GradientSolver + -817.869196428579 * pre_1 * GradientSolver * cells_50;2.16343496941761;2.16343496941761;2.16343496941761;2.16343496941761;0.121554;12;-817.869196428579 * pre_1 * GradientSolver * cells_50;3;1.27305573490351E-14;
Elapsed=00:00:00.1217579
Learning progress:
1;15216.4097077922 * Precon + -1049.98756493507 * SeqGS;14.8122822983834;14.8122822983834;14.8122822983834;14.8122822983834;0.00318;2;-1049.98756493507 * SeqGS;1;11.1998713988022;
2;15216.4097077922 * Precon + -1436.29908279221 * SeqGS + 3476.80366071429 * cells_53;12.9410883957829;12.9410883957829;12.9410883957829;12.9410883957829;0.014441;3;3476.80366071429 * cells_53;1;1.87119390260053;
3;15460.8853974846 * Precon + -1596.73625415281 * SeqGS + 3392.76514238253 * cells_53 + -672.308146654014 * BiCGSTABSolver;11.5847482832165;11.5847482832165;11.5847482832165;11.5847482832165;0.02896;4;-672.308146654014 * BiCGSTABSolver;1;1.35634011256639;
4;16017.360596301 * Precon + -2709.68665178572 * SeqGS + 3949.24034119898 * cells_53 + -4196.65107249149 * BiCGSTABSolver + 7976.14451636904 * BiCGSTABSolver * pre_1;8.1829472001608;8.1829472001608;8.1829472001608;8.1829472001608;0.052558;6;7976.14451636904 * BiCGSTABSolver * pre_1;2;1.70090054152786;
5;12782.2670485437 * Precon + -2301.65683495145 * SeqGS + 3512.06553744798 * cells_53 + -3137.71654785021 * BiCGSTABSolver + 6684.05009639389 * BiCGSTABSolver * pre_1 + 3264.23853467407 * post_0;6.72681546521126;6.72681546521126;6.72681546521126;6.72681546521126;0.083746;7;3264.23853467407 * post_0;1;1.45613173494954;
6;12868.5872130102 * Precon + -2410.77855229591 * SeqGS + 3569.06941964286 * cells_53 + -2362.46375 * BiCGSTABSolver + 6330.62602678572 * BiCGSTABSolver * pre_1 + 3230.03620535714 * post_0 + -838.771409438781 * BiCGSTABSolver * SeqSOR;6.2462550280064;6.2462550280064;6.2462550280064;6.2462550280064;0.128404;9;-838.771409438781 * BiCGSTABSolver * SeqSOR;2;0.24028021860243;
7;7775.4652912415 * Precon + 2682.34336947279 * SeqGS + 3569.06941964286 * cells_53 + -2362.46375000001 * BiCGSTABSolver + 6330.62602678572 * BiCGSTABSolver * pre_1 + 3230.03620535714 * post_0 + -838.771409438767 * BiCGSTABSolver * SeqSOR + 5093.12192176871 * SeqSOR;6.24625502800639;6.24625502800639;6.24625502800639;6.24625502800639;0.188019;10;5093.12192176871 * SeqSOR;1;1.06581410364015E-14;
Elapsed=00:00:00.1882574
Learning progress:
1;13504.4085714286 * Precon + 4262.44991071429 * CGSolver;22.5658889010997;22.5658889010997;22.5658889010997;22.5658889010997;0.002385;2;4262.44991071429 * CGSolver;1;14.6868106833397;
2;14670.2966251638 * Precon + 4408.1859174312 * CGSolver + -3497.66416120577 * pre_2;20.0264321549945;20.0264321549945;20.0264321549945;20.0264321549945;0.009138;3;-3497.66416120577 * pre_2;1;2.53945674610515;
3;15535.0750835422 * Precon + 3764.20195906433 * CGSolver + -4086.44949456976 * pre_2 + -4011.10008354218 * pre_3;17.1591904106498;17.1591904106498;17.1591904106498;17.1591904106498;0.022805;4;-4011.10008354218 * pre_3;1;2.8672417443448;
4;15677.3808371736 * Precon + 3451.12930107527 * CGSolver + -3631.07108294932 * pre_2 + -4153.40583717359 * pre_3 + -3244.5711827957 * pre_2 * LoopSolver;14.8835603567299;14.8835603567299;14.8835603567299;14.8835603567299;0.043172;6;-3244.5711827957 * pre_2 * LoopSolver;2;1.13781502695994;
5;14717.6069921811 * Precon + 3331.15757045121 * CGSolver + -3727.04846744855 * pre_2 + -4309.36908698485 * pre_3 + -2188.81995330401 * pre_2 * LoopSolver + 2231.47418960743 * SeqSOR;14.2080488156239;14.2080488156239;14.2080488156239;14.2080488156239;0.078192;7;2231.47418960743 * SeqSOR;1;0.67551154110601;
6;15610.5566422378 * Precon + 4903.81516308836 * CGSolver + -4806.58461154693 * pre_2 + -4602.57643476467 * pre_3 + -2002.23345926232 * pre_2 * LoopSolver + 1031.98958505368 * SeqSOR + -11688.3110910405 * post_3;11.4561943606728;11.4561943606728;11.4561943606728;11.4561943606728;0.121421;8;-11688.3110910405 * post_3;1;2.75185445495108;
7;15439.2596382784 * Precon + 5251.76220238095 * CGSolver + -4378.34210164836 * pre_2 + -4463.39761904762 * pre_3 + -2259.17896520146 * pre_2 * LoopSolver + 1096.22596153846 * SeqSOR + -11864.9611263736 * post_3 + -926.074427655669 * pre_2 * CGSolver;10.9179075826587;10.9179075826587;10.9179075826587;10.9179075826587;0.17686;10;-926.074427655669 * pre_2 * CGSolver;2;0.269143389007058;
8;15336.5587142857 * Precon + 5343.83889285715 * CGSolver + -4282.724 * pre_2 + -4371.32092857143 * pre_3 + -2436.24952380953 * pre_2 * LoopSolver + 1117.47442857144 * SeqSOR + -11854.3368928571 * post_3 + -1025.23394047619 * pre_2 * CGSolver + 184.153380952385 * LoopSolver;10.9023404411018;10.9023404411018;10.9023404411018;10.9023404411018;0.249153;11;184.153380952385 * LoopSolver;1;0.0155671415569021;
Elapsed=00:00:00.2493971
Learning progress:
1;12721.0557417582 * Precon + 5350.69221742544 * pre_1;23.244431872149;23.244431872149;23.244431872149;23.244431872149;0.002411;2;5350.69221742544 * pre_1;1;17.6575022298736;
2;10545.2561751152 * Precon + 6853.03001344086 * pre_1 + 4714.23239439324 * CGSolver;10.3810377090682;10.3810377090682;10.3810377090682;10.3810377090682;0.009166;3;4714.23239439324 * CGSolver;1;12.8633941630808;
3;10919.2666886269 * Precon + 7202.10649271844 * pre_1 + 4290.35381241332 * CGSolver + -2318.86518377254 * LoopSolver;6.83316156110483;6.83316156110483;6.83316156110483;6.83316156110483;0.021906;4;-2318.86518377254 * LoopSolver;1;3.54787614796341;
4;11028.3873687424 * Precon + 6929.3047924298 * pre_1 + 5290.62671347172 * CGSolver + -2246.11806369556 * LoopSolver + -7492.95336792836 * post_3;5.7303244556036;5.7303244556036;5.7303244556036;5.7303244556036;0.041088;5;-7492.95336792836 * post_3;1;1.10283710550123;
5;12165.1619801553 * Precon + 7125.49939541477 * pre_1 + 5246.38675397511 * CGSolver + -2163.4085742019 * LoopSolver + -7235.20751694812 * post_3 + -1350.28050289657 * cells_50;5.01545786203357;5.01545786203357;5.01545786203357;5.01545786203357;0.068686;6;-1350.28050289657 * cells_50;1;0.714866593570027;
6;12405.2186272321 * Precon + 7044.71110072544 * pre_1 + 5658.02235072544 * CGSolver + -2118.78265904018 * LoopSolver + -7656.07606166294 * post_3 + -1581.10420200892 * cells_50 + -891.748890904013 * CGSolver * pre_2;4.55644005251881;4.55644005251881;4.55644005251881;4.55644005251881;0.109542;8;-891.748890904013 * CGSolver * pre_2;2;0.229508904757378;
7;12405.2186272322 * Precon + 7044.71110072545 * pre_1 + 1219.98954659599 * CGSolver + -2118.78265904018 * LoopSolver + -3218.04325753349 * post_3 + -1581.10420200892 * cells_50 + -891.748890904021 * CGSolver * pre_2 + 4438.03280412947 * CGSolver * post_0;4.55644005251875;4.55644005251875;4.55644005251875;4.55644005251875;0.163981;10;4438.03280412947 * CGSolver * post_0;2;3.01980662698043E-14;
Elapsed=00:00:00.1642184
Learning progress:
1;15044.9441165414 * Precon + -3745.84411654133 * pre_0;17.7308229328208;17.7308229328208;17.7308229328208;17.7308229328208;0.002815;2;-3745.84411654133 * pre_0;1;24.5332745085552;
2;17256.9142857143 * Precon + -5957.8142857143 * pre_0 + -2334.85740079364 * cells_50;9.78606239658598;9.78606239658598;9.78606239658598;9.78606239658598;0.010089;3;-2334.85740079364 * cells_50;1;7.94476053623485;
3;17256.9142857143 * Precon + -5957.81428571429 * pre_0 + -1561.74815934066 * cells_50 + -2783.19326923077 * GradientSolver;8.42801860711412;8.42801860711412;8.42801860711412;8.42801860711412;0.02359;4;-2783.19326923077 * GradientSolver;1;1.35804378947186;
4;17256.9142857143 * Precon + -5957.81428571429 * pre_0 + -1361.52776785716 * cells_50 + -2983.41366071428 * GradientSolver + -2602.86508928571 * pre_4;8.42614040764983;8.42614040764983;8.42614040764983;8.42614040764983;0.042575;5;-2602.86508928571 * pre_4;1;0.00187819946429357;
Elapsed=00:00:00.0427451
Learning progress:
1;12276.3812362637 * Precon + 5756.95855965463 * pre_1;12.0340557324911;12.0340557324911;12.0340557324911;12.0340557324911;0.002372;2;5756.95855965463 * pre_1;1;17.5495052358558;
2;12276.3812362637 * Precon + 4018.27888278388 * pre_1 + 12170.7577380952 * pre_1 * CGSolver;4.87934966935624;4.87934966935624;4.87934966935624;4.87934966935624;0.009804;4;12170.7577380952 * pre_1 * CGSolver;2;3.57735303156744;
3;12098.4615178572 * Precon + 4196.19860119047 * pre_1 + 12170.7577380952 * pre_1 * CGSolver + 2312.95633928568 * pre_4;4.42424638289912;4.42424638289912;4.42424638289912;4.42424638289912;0.023822;5;2312.95633928568 * pre_4;1;0.455103286457125;
4;12098.4615178571 * Precon + 4196.19860119048 * pre_1 + 12170.7577380952 * pre_1 * CGSolver + 1156.47816964287 * pre_4 + 1156.47816964287 * pre_4 * SeqSOR;2.79729442602539;2.79729442602539;2.79729442602539;2.79729442602539;0.043484;7;1156.47816964287 * pre_4 * SeqSOR;2;0.813475978436864;
5;12098.4615178571 * Precon + 4741.44473214285 * pre_1 + 11625.5116071429 * pre_1 * CGSolver + 1156.47816964286 * pre_4 + 1156.47816964286 * pre_4 * SeqSOR + -1635.73839285715 * pre_1 * GradientSolver;2.16343496941765;2.16343496941765;2.16343496941765;2.16343496941765;0.073458;9;-1635.73839285715 * pre_1 * GradientSolver;2;0.316929728303872;
6;12098.4615178571 * Precon + 4741.44473214287 * pre_1 + 11625.5116071429 * pre_1 * CGSolver + 1156.47816964286 * pre_4 + 1156.47816964286 * pre_4 * SeqSOR + -817.869196428579 * pre_1 * GradientSolver + -817.869196428579 * pre_1 * GradientSolver * cells_50;2.16343496941761;2.16343496941761;2.16343496941761;2.16343496941761;0.115807;12;-817.869196428579 * pre_1 * GradientSolver * cells_50;3;1.27305573490351E-14;
Elapsed=00:00:00.1160124
Learning progress:
1;15216.4097077922 * Precon + -1049.98756493507 * SeqGS;14.8122822983834;14.8122822983834;14.8122822983834;14.8122822983834;0.002591;2;-1049.98756493507 * SeqGS;1;11.1998713988022;
2;15216.4097077922 * Precon + -1436.29908279221 * SeqGS + 3476.80366071429 * cells_53;12.9410883957829;12.9410883957829;12.9410883957829;12.9410883957829;0.011311;3;3476.80366071429 * cells_53;1;1.87119390260053;
3;15460.8853974846 * Precon + -1596.73625415281 * SeqGS + 3392.76514238253 * cells_53 + -672.308146654014 * BiCGSTABSolver;11.5847482832165;11.5847482832165;11.5847482832165;11.5847482832165;0.02348;4;-672.308146654014 * BiCGSTABSolver;1;1.35634011256639;
4;16017.360596301 * Precon + -2709.68665178572 * SeqGS + 3949.24034119898 * cells_53 + -4196.65107249149 * BiCGSTABSolver + 7976.14451636904 * BiCGSTABSolver * pre_1;8.1829472001608;8.1829472001608;8.1829472001608;8.1829472001608;0.044475;6;7976.14451636904 * BiCGSTABSolver * pre_1;2;1.70090054152786;
5;12782.2670485437 * Precon + -2301.65683495145 * SeqGS + 3512.06553744798 * cells_53 + -3137.71654785021 * BiCGSTABSolver + 6684.05009639389 * BiCGSTABSolver * pre_1 + 3264.23853467407 * post_0;6.72681546521126;6.72681546521126;6.72681546521126;6.72681546521126;0.074772;7;3264.23853467407 * post_0;1;1.45613173494954;
6;12868.5872130102 * Precon + -2410.77855229591 * SeqGS + 3569.06941964286 * cells_53 + -2362.46375 * BiCGSTABSolver + 6330.62602678572 * BiCGSTABSolver * pre_1 + 3230.03620535714 * post_0 + -838.771409438781 * BiCGSTABSolver * SeqSOR;6.2462550280064;6.2462550280064;6.2462550280064;6.2462550280064;0.119836;9;-838.771409438781 * BiCGSTABSolver * SeqSOR;2;0.24028021860243;
7;7775.4652912415 * Precon + 2682.34336947279 * SeqGS + 3569.06941964286 * cells_53 + -2362.46375000001 * BiCGSTABSolver + 6330.62602678572 * BiCGSTABSolver * pre_1 + 3230.03620535714 * post_0 + -838.771409438767 * BiCGSTABSolver * SeqSOR + 5093.12192176871 * SeqSOR;6.24625502800639;6.24625502800639;6.24625502800639;6.24625502800639;0.179112;10;5093.12192176871 * SeqSOR;1;1.06581410364015E-14;
Elapsed=00:00:00.1793666
Learning progress:
1;13504.4085714286 * Precon + 4262.44991071429 * CGSolver;22.5658889010997;22.5658889010997;22.5658889010997;22.5658889010997;0.003523;2;4262.44991071429 * CGSolver;1;14.6868106833397;
2;14670.2966251638 * Precon + 4408.1859174312 * CGSolver + -3497.66416120577 * pre_2;20.0264321549945;20.0264321549945;20.0264321549945;20.0264321549945;0.010357;3;-3497.66416120577 * pre_2;1;2.53945674610515;
3;15535.0750835422 * Precon + 3764.20195906433 * CGSolver + -4086.44949456976 * pre_2 + -4011.10008354218 * pre_3;17.1591904106498;17.1591904106498;17.1591904106498;17.1591904106498;0.023731;4;-4011.10008354218 * pre_3;1;2.8672417443448;
4;15677.3808371736 * Precon + 3451.12930107527 * CGSolver + -3631.07108294932 * pre_2 + -4153.40583717359 * pre_3 + -3244.5711827957 * pre_2 * LoopSolver;14.8835603567299;14.8835603567299;14.8835603567299;14.8835603567299;0.044337;6;-3244.5711827957 * pre_2 * LoopSolver;2;1.13781502695994;
5;14717.6069921811 * Precon + 3331.15757045121 * CGSolver + -3727.04846744855 * pre_2 + -4309.36908698485 * pre_3 + -2188.81995330401 * pre_2 * LoopSolver + 2231.47418960743 * SeqSOR;14.2080488156239;14.2080488156239;14.2080488156239;14.2080488156239;0.075717;7;2231.47418960743 * SeqSOR;1;0.67551154110601;
6;15610.5566422378 * Precon + 4903.81516308836 * CGSolver + -4806.58461154693 * pre_2 + -4602.57643476467 * pre_3 + -2002.23345926232 * pre_2 * LoopSolver + 1031.98958505368 * SeqSOR + -11688.3110910405 * post_3;11.4561943606728;11.4561943606728;11.4561943606728;11.4561943606728;0.118963;8;-11688.3110910405 * post_3;1;2.75185445495108;
7;15439.2596382784 * Precon + 5251.76220238095 * CGSolver + -4378.34210164836 * pre_2 + -4463.39761904762 * pre_3 + -2259.17896520146 * pre_2 * LoopSolver + 1096.22596153846 * SeqSOR + -11864.9611263736 * post_3 + -926.074427655669 * pre_2 * CGSolver;10.9179075826587;10.9179075826587;10.9179075826587;10.9179075826587;0.180015;10;-926.074427655669 * pre_2 * CGSolver;2;0.269143389007058;
8;15336.5587142857 * Precon + 5343.83889285715 * CGSolver + -4282.724 * pre_2 + -4371.32092857143 * pre_3 + -2436.24952380953 * pre_2 * LoopSolver + 1117.47442857144 * SeqSOR + -11854.3368928571 * post_3 + -1025.23394047619 * pre_2 * CGSolver + 184.153380952385 * LoopSolver;10.9023404411018;10.9023404411018;10.9023404411018;10.9023404411018;0.251008;11;184.153380952385 * LoopSolver;1;0.0155671415569021;
Elapsed=00:00:00.2512683
Learning progress:
1;12721.0557417582 * Precon + 5350.69221742544 * pre_1;23.244431872149;23.244431872149;23.244431872149;23.244431872149;0.002298;2;5350.69221742544 * pre_1;1;17.6575022298736;
2;10545.2561751152 * Precon + 6853.03001344086 * pre_1 + 4714.23239439324 * CGSolver;10.3810377090682;10.3810377090682;10.3810377090682;10.3810377090682;0.009072;3;4714.23239439324 * CGSolver;1;12.8633941630808;
3;10919.2666886269 * Precon + 7202.10649271844 * pre_1 + 4290.35381241332 * CGSolver + -2318.86518377254 * LoopSolver;6.83316156110483;6.83316156110483;6.83316156110483;6.83316156110483;0.022984;4;-2318.86518377254 * LoopSolver;1;3.54787614796341;
4;11028.3873687424 * Precon + 6929.3047924298 * pre_1 + 5290.62671347172 * CGSolver + -2246.11806369556 * LoopSolver + -7492.95336792836 * post_3;5.7303244556036;5.7303244556036;5.7303244556036;5.7303244556036;0.043049;5;-7492.95336792836 * post_3;1;1.10283710550123;
5;12165.1619801553 * Precon + 7125.49939541477 * pre_1 + 5246.38675397511 * CGSolver + -2163.4085742019 * LoopSolver + -7235.20751694812 * post_3 + -1350.28050289657 * cells_50;5.01545786203357;5.01545786203357;5.01545786203357;5.01545786203357;0.070569;6;-1350.28050289657 * cells_50;1;0.714866593570027;
6;12405.2186272321 * Precon + 7044.71110072544 * pre_1 + 5658.02235072544 * CGSolver + -2118.78265904018 * LoopSolver + -7656.07606166294 * post_3 + -1581.10420200892 * cells_50 + -891.748890904013 * CGSolver * pre_2;4.55644005251881;4.55644005251881;4.55644005251881;4.55644005251881;0.109138;8;-891.748890904013 * CGSolver * pre_2;2;0.229508904757378;
7;12405.2186272322 * Precon + 7044.71110072545 * pre_1 + 1219.98954659599 * CGSolver + -2118.78265904018 * LoopSolver + -3218.04325753349 * post_3 + -1581.10420200892 * cells_50 + -891.748890904021 * CGSolver * pre_2 + 4438.03280412947 * CGSolver * post_0;4.55644005251875;4.55644005251875;4.55644005251875;4.55644005251875;0.161943;10;4438.03280412947 * CGSolver * post_0;2;3.01980662698043E-14;
Elapsed=00:00:00.1621778
Learning progress:
1;15044.9441165414 * Precon + -3745.84411654133 * pre_0;17.7308229328208;17.7308229328208;17.7308229328208;17.7308229328208;0.003419;2;-3745.84411654133 * pre_0;1;24.5332745085552;
2;17256.9142857143 * Precon + -5957.8142857143 * pre_0 + -2334.85740079364 * cells_50;9.78606239658598;9.78606239658598;9.78606239658598;9.78606239658598;0.009518;3;-2334.85740079364 * cells_50;1;7.94476053623485;
3;17256.9142857143 * Precon + -5957.81428571429 * pre_0 + -1561.74815934066 * cells_50 + -2783.19326923077 * GradientSolver;8.42801860711412;8.42801860711412;8.42801860711412;8.42801860711412;0.02306;4;-2783.19326923077 * GradientSolver;1;1.35804378947186;
4;17256.9142857143 * Precon + -5957.81428571429 * pre_0 + -1361.52776785716 * cells_50 + -2983.41366071428 * GradientSolver + -2602.86508928571 * pre_4;8.42614040764983;8.42614040764983;8.42614040764983;8.42614040764983;0.045115;5;-2602.86508928571 * pre_4;1;0.00187819946429357;
Elapsed=00:00:00.0452986
Learning progress:
1;12276.3812362637 * Precon + 5756.95855965463 * pre_1;12.0340557324911;12.0340557324911;12.0340557324911;12.0340557324911;0.002161;2;5756.95855965463 * pre_1;1;17.5495052358558;
2;12276.3812362637 * Precon + 4018.27888278388 * pre_1 + 12170.7577380952 * pre_1 * CGSolver;4.87934966935624;4.87934966935624;4.87934966935624;4.87934966935624;0.010033;4;12170.7577380952 * pre_1 * CGSolver;2;3.57735303156744;
3;12098.4615178572 * Precon + 4196.19860119047 * pre_1 + 12170.7577380952 * pre_1 * CGSolver + 2312.95633928568 * pre_4;4.42424638289912;4.42424638289912;4.42424638289912;4.42424638289912;0.022226;5;2312.95633928568 * pre_4;1;0.455103286457125;
Elapsed=00:00:00.0223963
Learning progress:
1;15216.4097077922 * Precon + -1049.98756493507 * SeqGS;14.8122822983834;14.8122822983834;14.8122822983834;14.8122822983834;0.002574;2;-1049.98756493507 * SeqGS;1;11.1998713988022;
2;15216.4097077922 * Precon + -1436.29908279221 * SeqGS + 3476.80366071429 * cells_53;12.9410883957829;12.9410883957829;12.9410883957829;12.9410883957829;0.009966;3;3476.80366071429 * cells_53;1;1.87119390260053;
3;15460.8853974846 * Precon + -1596.73625415281 * SeqGS + 3392.76514238253 * cells_53 + -672.308146654014 * BiCGSTABSolver;11.5847482832165;11.5847482832165;11.5847482832165;11.5847482832165;0.023322;4;-672.308146654014 * BiCGSTABSolver;1;1.35634011256639;
4;16017.360596301 * Precon + -2709.68665178572 * SeqGS + 3949.24034119898 * cells_53 + -4196.65107249149 * BiCGSTABSolver + 7976.14451636904 * BiCGSTABSolver * pre_1;8.1829472001608;8.1829472001608;8.1829472001608;8.1829472001608;0.043898;6;7976.14451636904 * BiCGSTABSolver * pre_1;2;1.70090054152786;
5;12782.2670485437 * Precon + -2301.65683495145 * SeqGS + 3512.06553744798 * cells_53 + -3137.71654785021 * BiCGSTABSolver + 6684.05009639389 * BiCGSTABSolver * pre_1 + 3264.23853467407 * post_0;6.72681546521126;6.72681546521126;6.72681546521126;6.72681546521126;0.075475;7;3264.23853467407 * post_0;1;1.45613173494954;
6;12868.5872130102 * Precon + -2410.77855229591 * SeqGS + 3569.06941964286 * cells_53 + -2362.46375 * BiCGSTABSolver + 6330.62602678572 * BiCGSTABSolver * pre_1 + 3230.03620535714 * post_0 + -838.771409438781 * BiCGSTABSolver * SeqSOR;6.2462550280064;6.2462550280064;6.2462550280064;6.2462550280064;0.123716;9;-838.771409438781 * BiCGSTABSolver * SeqSOR;2;0.24028021860243;
Elapsed=00:00:00.1239374
Learning progress:
1;13504.4085714286 * Precon + 4262.44991071429 * CGSolver;22.5658889010997;22.5658889010997;22.5658889010997;22.5658889010997;0.002545;2;4262.44991071429 * CGSolver;1;14.6868106833397;
2;14670.2966251638 * Precon + 4408.1859174312 * CGSolver + -3497.66416120577 * pre_2;20.0264321549945;20.0264321549945;20.0264321549945;20.0264321549945;0.011491;3;-3497.66416120577 * pre_2;1;2.53945674610515;
3;15535.0750835422 * Precon + 3764.20195906433 * CGSolver + -4086.44949456976 * pre_2 + -4011.10008354218 * pre_3;17.1591904106498;17.1591904106498;17.1591904106498;17.1591904106498;0.023965;4;-4011.10008354218 * pre_3;1;2.8672417443448;
4;15677.3808371736 * Precon + 3451.12930107527 * CGSolver + -3631.07108294932 * pre_2 + -4153.40583717359 * pre_3 + -3244.5711827957 * pre_2 * LoopSolver;14.8835603567299;14.8835603567299;14.8835603567299;14.8835603567299;0.045105;6;-3244.5711827957 * pre_2 * LoopSolver;2;1.13781502695994;
5;14717.6069921811 * Precon + 3331.15757045121 * CGSolver + -3727.04846744855 * pre_2 + -4309.36908698485 * pre_3 + -2188.81995330401 * pre_2 * LoopSolver + 2231.47418960743 * SeqSOR;14.2080488156239;14.2080488156239;14.2080488156239;14.2080488156239;0.077012;7;2231.47418960743 * SeqSOR;1;0.67551154110601;
6;15610.5566422378 * Precon + 4903.81516308836 * CGSolver + -4806.58461154693 * pre_2 + -4602.57643476467 * pre_3 + -2002.23345926232 * pre_2 * LoopSolver + 1031.98958505368 * SeqSOR + -11688.3110910405 * post_3;11.4561943606728;11.4561943606728;11.4561943606728;11.4561943606728;0.120455;8;-11688.3110910405 * post_3;1;2.75185445495108;
7;15439.2596382784 * Precon + 5251.76220238095 * CGSolver + -4378.34210164836 * pre_2 + -4463.39761904762 * pre_3 + -2259.17896520146 * pre_2 * LoopSolver + 1096.22596153846 * SeqSOR + -11864.9611263736 * post_3 + -926.074427655669 * pre_2 * CGSolver;10.9179075826587;10.9179075826587;10.9179075826587;10.9179075826587;0.175542;10;-926.074427655669 * pre_2 * CGSolver;2;0.269143389007058;
Elapsed=00:00:00.1757730
Learning progress:
1;12721.0557417582 * Precon + 5350.69221742544 * pre_1;23.244431872149;23.244431872149;23.244431872149;23.244431872149;0.00339;2;5350.69221742544 * pre_1;1;17.6575022298736;
2;10545.2561751152 * Precon + 6853.03001344086 * pre_1 + 4714.23239439324 * CGSolver;10.3810377090682;10.3810377090682;10.3810377090682;10.3810377090682;0.011793;3;4714.23239439324 * CGSolver;1;12.8633941630808;
3;10919.2666886269 * Precon + 7202.10649271844 * pre_1 + 4290.35381241332 * CGSolver + -2318.86518377254 * LoopSolver;6.83316156110483;6.83316156110483;6.83316156110483;6.83316156110483;0.026122;4;-2318.86518377254 * LoopSolver;1;3.54787614796341;
4;11028.3873687424 * Precon + 6929.3047924298 * pre_1 + 5290.62671347172 * CGSolver + -2246.11806369556 * LoopSolver + -7492.95336792836 * post_3;5.7303244556036;5.7303244556036;5.7303244556036;5.7303244556036;0.045699;5;-7492.95336792836 * post_3;1;1.10283710550123;
5;12165.1619801553 * Precon + 7125.49939541477 * pre_1 + 5246.38675397511 * CGSolver + -2163.4085742019 * LoopSolver + -7235.20751694812 * post_3 + -1350.28050289657 * cells_50;5.01545786203357;5.01545786203357;5.01545786203357;5.01545786203357;0.073632;6;-1350.28050289657 * cells_50;1;0.714866593570027;
6;12405.2186272321 * Precon + 7044.71110072544 * pre_1 + 5658.02235072544 * CGSolver + -2118.78265904018 * LoopSolver + -7656.07606166294 * post_3 + -1581.10420200892 * cells_50 + -891.748890904013 * CGSolver * pre_2;4.55644005251881;4.55644005251881;4.55644005251881;4.55644005251881;0.115161;8;-891.748890904013 * CGSolver * pre_2;2;0.229508904757378;
Elapsed=00:00:00.1153770
Learning progress:
1;15044.9441165414 * Precon + -3745.84411654133 * pre_0;17.7308229328208;17.7308229328208;17.7308229328208;17.7308229328208;0.00214;2;-3745.84411654133 * pre_0;1;24.5332745085552;
2;17256.9142857143 * Precon + -5957.8142857143 * pre_0 + -2334.85740079364 * cells_50;9.78606239658598;9.78606239658598;9.78606239658598;9.78606239658598;0.00944;3;-2334.85740079364 * cells_50;1;7.94476053623485;
3;17256.9142857143 * Precon + -5957.81428571429 * pre_0 + -1561.74815934066 * cells_50 + -2783.19326923077 * GradientSolver;8.42801860711412;8.42801860711412;8.42801860711412;8.42801860711412;0.02358;4;-2783.19326923077 * GradientSolver;1;1.35804378947186;
4;17256.9142857143 * Precon + -5957.81428571429 * pre_0 + -1361.52776785716 * cells_50 + -2983.41366071428 * GradientSolver + -2602.86508928571 * pre_4;8.42614040764983;8.42614040764983;8.42614040764983;8.42614040764983;0.043085;5;-2602.86508928571 * pre_4;1;0.00187819946429357;
Elapsed=00:00:00.0432776
Learning progress:
1;12276.3812362637 * Precon + 5756.95855965463 * pre_1;12.0340557324911;12.0340557324911;12.0340557324911;12.0340557324911;0.00258;2;5756.95855965463 * pre_1;1;17.5495052358558;
2;12276.3812362637 * Precon + 4018.27888278388 * pre_1 + 12170.7577380952 * pre_1 * CGSolver;4.87934966935624;4.87934966935624;4.87934966935624;4.87934966935624;0.010543;4;12170.7577380952 * pre_1 * CGSolver;2;3.57735303156744;
3;12098.4615178572 * Precon + 4196.19860119047 * pre_1 + 12170.7577380952 * pre_1 * CGSolver + 2312.95633928568 * pre_4;4.42424638289912;4.42424638289912;4.42424638289912;4.42424638289912;0.022526;5;2312.95633928568 * pre_4;1;0.455103286457125;
4;12098.4615178571 * Precon + 4196.19860119048 * pre_1 + 12170.7577380952 * pre_1 * CGSolver + 1156.47816964287 * pre_4 + 1156.47816964287 * pre_4 * SeqSOR;2.79729442602539;2.79729442602539;2.79729442602539;2.79729442602539;0.042089;7;1156.47816964287 * pre_4 * SeqSOR;2;0.813475978436864;
5;12098.4615178571 * Precon + 4741.44473214285 * pre_1 + 11625.5116071429 * pre_1 * CGSolver + 1156.47816964286 * pre_4 + 1156.47816964286 * pre_4 * SeqSOR + -1635.73839285715 * pre_1 * GradientSolver;2.16343496941765;2.16343496941765;2.16343496941765;2.16343496941765;0.071792;9;-1635.73839285715 * pre_1 * GradientSolver;2;0.316929728303872;
6;12098.4615178571 * Precon + 4741.44473214287 * pre_1 + 11625.5116071429 * pre_1 * CGSolver + 1156.47816964286 * pre_4 + 1156.47816964286 * pre_4 * SeqSOR + -817.869196428579 * pre_1 * GradientSolver + -817.869196428579 * pre_1 * GradientSolver * cells_50;2.16343496941761;2.16343496941761;2.16343496941761;2.16343496941761;0.112844;12;-817.869196428579 * pre_1 * GradientSolver * cells_50;3;1.27305573490351E-14;
Elapsed=00:00:00.1130579
Learning progress:
1;15216.4097077922 * Precon + -1049.98756493507 * SeqGS;14.8122822983834;14.8122822983834;14.8122822983834;14.8122822983834;0.002344;2;-1049.98756493507 * SeqGS;1;11.1998713988022;
2;15216.4097077922 * Precon + -1436.29908279221 * SeqGS + 3476.80366071429 * cells_53;12.9410883957829;12.9410883957829;12.9410883957829;12.9410883957829;0.009704;3;3476.80366071429 * cells_53;1;1.87119390260053;
3;15460.8853974846 * Precon + -1596.73625415281 * SeqGS + 3392.76514238253 * cells_53 + -672.308146654014 * BiCGSTABSolver;11.5847482832165;11.5847482832165;11.5847482832165;11.5847482832165;0.023225;4;-672.308146654014 * BiCGSTABSolver;1;1.35634011256639;
4;16017.360596301 * Precon + -2709.68665178572 * SeqGS + 3949.24034119898 * cells_53 + -4196.65107249149 * BiCGSTABSolver + 7976.14451636904 * BiCGSTABSolver * pre_1;8.1829472001608;8.1829472001608;8.1829472001608;8.1829472001608;0.044251;6;7976.14451636904 * BiCGSTABSolver * pre_1;2;1.70090054152786;
5;12782.2670485437 * Precon + -2301.65683495145 * SeqGS + 3512.06553744798 * cells_53 + -3137.71654785021 * BiCGSTABSolver + 6684.05009639389 * BiCGSTABSolver * pre_1 + 3264.23853467407 * post_0;6.72681546521126;6.72681546521126;6.72681546521126;6.72681546521126;0.075839;7;3264.23853467407 * post_0;1;1.45613173494954;
6;12868.5872130102 * Precon + -2410.77855229591 * SeqGS + 3569.06941964286 * cells_53 + -2362.46375 * BiCGSTABSolver + 6330.62602678572 * BiCGSTABSolver * pre_1 + 3230.03620535714 * post_0 + -838.771409438781 * BiCGSTABSolver * SeqSOR;6.2462550280064;6.2462550280064;6.2462550280064;6.2462550280064;0.121705;9;-838.771409438781 * BiCGSTABSolver * SeqSOR;2;0.24028021860243;
7;7775.4652912415 * Precon + 2682.34336947279 * SeqGS + 3569.06941964286 * cells_53 + -2362.46375000001 * BiCGSTABSolver + 6330.62602678572 * BiCGSTABSolver * pre_1 + 3230.03620535714 * post_0 + -838.771409438767 * BiCGSTABSolver * SeqSOR + 5093.12192176871 * SeqSOR;6.24625502800639;6.24625502800639;6.24625502800639;6.24625502800639;0.182203;10;5093.12192176871 * SeqSOR;1;1.06581410364015E-14;
Elapsed=00:00:00.1824414
Learning progress:
1;13504.4085714286 * Precon + 4262.44991071429 * CGSolver;22.5658889010997;22.5658889010997;22.5658889010997;22.5658889010997;0.003143;2;4262.44991071429 * CGSolver;1;14.6868106833397;
2;14670.2966251638 * Precon + 4408.1859174312 * CGSolver + -3497.66416120577 * pre_2;20.0264321549945;20.0264321549945;20.0264321549945;20.0264321549945;0.012221;3;-3497.66416120577 * pre_2;1;2.53945674610515;
3;15535.0750835422 * Precon + 3764.20195906433 * CGSolver + -4086.44949456976 * pre_2 + -4011.10008354218 * pre_3;17.1591904106498;17.1591904106498;17.1591904106498;17.1591904106498;0.025868;4;-4011.10008354218 * pre_3;1;2.8672417443448;
4;15677.3808371736 * Precon + 3451.12930107527 * CGSolver + -3631.07108294932 * pre_2 + -4153.40583717359 * pre_3 + -3244.5711827957 * pre_2 * LoopSolver;14.8835603567299;14.8835603567299;14.8835603567299;14.8835603567299;0.046179;6;-3244.5711827957 * pre_2 * LoopSolver;2;1.13781502695994;
5;14717.6069921811 * Precon + 3331.15757045121 * CGSolver + -3727.04846744855 * pre_2 + -4309.36908698485 * pre_3 + -2188.81995330401 * pre_2 * LoopSolver + 2231.47418960743 * SeqSOR;14.2080488156239;14.2080488156239;14.2080488156239;14.2080488156239;0.078471;7;2231.47418960743 * SeqSOR;1;0.67551154110601;
6;15610.5566422378 * Precon + 4903.81516308836 * CGSolver + -4806.58461154693 * pre_2 + -4602.57643476467 * pre_3 + -2002.23345926232 * pre_2 * LoopSolver + 1031.98958505368 * SeqSOR + -11688.3110910405 * post_3;11.4561943606728;11.4561943606728;11.4561943606728;11.4561943606728;0.122901;8;-11688.3110910405 * post_3;1;2.75185445495108;
7;15439.2596382784 * Precon + 5251.76220238095 * CGSolver + -4378.34210164836 * pre_2 + -4463.39761904762 * pre_3 + -2259.17896520146 * pre_2 * LoopSolver + 1096.22596153846 * SeqSOR + -11864.9611263736 * post_3 + -926.074427655669 * pre_2 * CGSolver;10.9179075826587;10.9179075826587;10.9179075826587;10.9179075826587;0.179651;10;-926.074427655669 * pre_2 * CGSolver;2;0.269143389007058;
8;15336.5587142857 * Precon + 5343.83889285715 * CGSolver + -4282.724 * pre_2 + -4371.32092857143 * pre_3 + -2436.24952380953 * pre_2 * LoopSolver + 1117.47442857144 * SeqSOR + -11854.3368928571 * post_3 + -1025.23394047619 * pre_2 * CGSolver + 184.153380952385 * LoopSolver;10.9023404411018;10.9023404411018;10.9023404411018;10.9023404411018;0.254165;11;184.153380952385 * LoopSolver;1;0.0155671415569021;
Elapsed=00:00:00.2544096
Learning progress:
1;12721.0557417582 * Precon + 5350.69221742544 * pre_1;23.244431872149;23.244431872149;23.244431872149;23.244431872149;0.003394;2;5350.69221742544 * pre_1;1;17.6575022298736;
2;10545.2561751152 * Precon + 6853.03001344086 * pre_1 + 4714.23239439324 * CGSolver;10.3810377090682;10.3810377090682;10.3810377090682;10.3810377090682;0.010392;3;4714.23239439324 * CGSolver;1;12.8633941630808;
3;10919.2666886269 * Precon + 7202.10649271844 * pre_1 + 4290.35381241332 * CGSolver + -2318.86518377254 * LoopSolver;6.83316156110483;6.83316156110483;6.83316156110483;6.83316156110483;0.02536;4;-2318.86518377254 * LoopSolver;1;3.54787614796341;
4;11028.3873687424 * Precon + 6929.3047924298 * pre_1 + 5290.62671347172 * CGSolver + -2246.11806369556 * LoopSolver + -7492.95336792836 * post_3;5.7303244556036;5.7303244556036;5.7303244556036;5.7303244556036;0.045145;5;-7492.95336792836 * post_3;1;1.10283710550123;
5;12165.1619801553 * Precon + 7125.49939541477 * pre_1 + 5246.38675397511 * CGSolver + -2163.4085742019 * LoopSolver + -7235.20751694812 * post_3 + -1350.28050289657 * cells_50;5.01545786203357;5.01545786203357;5.01545786203357;5.01545786203357;0.083245;6;-1350.28050289657 * cells_50;1;0.714866593570027;
6;12405.2186272321 * Precon + 7044.71110072544 * pre_1 + 5658.02235072544 * CGSolver + -2118.78265904018 * LoopSolver + -7656.07606166294 * post_3 + -1581.10420200892 * cells_50 + -891.748890904013 * CGSolver * pre_2;4.55644005251881;4.55644005251881;4.55644005251881;4.55644005251881;0.133704;8;-891.748890904013 * CGSolver * pre_2;2;0.229508904757378;
7;12405.2186272322 * Precon + 7044.71110072545 * pre_1 + 1219.98954659599 * CGSolver + -2118.78265904018 * LoopSolver + -3218.04325753349 * post_3 + -1581.10420200892 * cells_50 + -891.748890904021 * CGSolver * pre_2 + 4438.03280412947 * CGSolver * post_0;4.55644005251875;4.55644005251875;4.55644005251875;4.55644005251875;0.189843;10;4438.03280412947 * CGSolver * post_0;2;3.01980662698043E-14;
Elapsed=00:00:00.1900768
Learning progress:
1;15044.9441165414 * Precon + -3745.84411654133 * pre_0;17.7308229328208;17.7308229328208;17.7308229328208;17.7308229328208;0.002075;2;-3745.84411654133 * pre_0;1;24.5332745085552;
2;17256.9142857143 * Precon + -5957.8142857143 * pre_0 + -2334.85740079364 * cells_50;9.78606239658598;9.78606239658598;9.78606239658598;9.78606239658598;0.009157;3;-2334.85740079364 * cells_50;1;7.94476053623485;
3;17256.9142857143 * Precon + -5957.81428571429 * pre_0 + -1561.74815934066 * cells_50 + -2783.19326923077 * GradientSolver;8.42801860711412;8.42801860711412;8.42801860711412;8.42801860711412;0.021247;4;-2783.19326923077 * GradientSolver;1;1.35804378947186;
4;17256.9142857143 * Precon + -5957.81428571429 * pre_0 + -1361.52776785716 * cells_50 + -2983.41366071428 * GradientSolver + -2602.86508928571 * pre_4;8.42614040764983;8.42614040764983;8.42614040764983;8.42614040764983;0.040568;5;-2602.86508928571 * pre_4;1;0.00187819946429357;
Elapsed=00:00:00.0407463
Learning progress:
1;12276.3812362637 * Precon + 5756.95855965463 * pre_1;12.0340557324911;12.0340557324911;12.0340557324911;12.0340557324911;0.002335;2;5756.95855965463 * pre_1;1;17.5495052358558;
2;12276.3812362637 * Precon + 4018.27888278388 * pre_1 + 12170.7577380952 * pre_1 * CGSolver;4.87934966935624;4.87934966935624;4.87934966935624;4.87934966935624;0.008918;4;12170.7577380952 * pre_1 * CGSolver;2;3.57735303156744;
3;12098.4615178572 * Precon + 4196.19860119047 * pre_1 + 12170.7577380952 * pre_1 * CGSolver + 2312.95633928568 * pre_4;4.42424638289912;4.42424638289912;4.42424638289912;4.42424638289912;0.021857;5;2312.95633928568 * pre_4;1;0.455103286457125;
4;12098.4615178571 * Precon + 4196.19860119048 * pre_1 + 12170.7577380952 * pre_1 * CGSolver + 1156.47816964287 * pre_4 + 1156.47816964287 * pre_4 * SeqSOR;2.79729442602539;2.79729442602539;2.79729442602539;2.79729442602539;0.041917;7;1156.47816964287 * pre_4 * SeqSOR;2;0.813475978436864;
5;12098.4615178571 * Precon + 4741.44473214285 * pre_1 + 11625.5116071429 * pre_1 * CGSolver + 1156.47816964286 * pre_4 + 1156.47816964286 * pre_4 * SeqSOR + -1635.73839285715 * pre_1 * GradientSolver;2.16343496941765;2.16343496941765;2.16343496941765;2.16343496941765;0.073482;9;-1635.73839285715 * pre_1 * GradientSolver;2;0.316929728303872;
6;12098.4615178571 * Precon + 4741.44473214287 * pre_1 + 11625.5116071429 * pre_1 * CGSolver + 1156.47816964286 * pre_4 + 1156.47816964286 * pre_4 * SeqSOR + -817.869196428579 * pre_1 * GradientSolver + -817.869196428579 * pre_1 * GradientSolver * cells_50;2.16343496941761;2.16343496941761;2.16343496941761;2.16343496941761;0.114632;12;-817.869196428579 * pre_1 * GradientSolver * cells_50;3;1.27305573490351E-14;
Elapsed=00:00:00.1148395
Learning progress:
1;15216.4097077922 * Precon + -1049.98756493507 * SeqGS;14.8122822983834;14.8122822983834;14.8122822983834;14.8122822983834;0.002329;2;-1049.98756493507 * SeqGS;1;11.1998713988022;
2;15216.4097077922 * Precon + -1436.29908279221 * SeqGS + 3476.80366071429 * cells_53;12.9410883957829;12.9410883957829;12.9410883957829;12.9410883957829;0.009572;3;3476.80366071429 * cells_53;1;1.87119390260053;
3;15460.8853974846 * Precon + -1596.73625415281 * SeqGS + 3392.76514238253 * cells_53 + -672.308146654014 * BiCGSTABSolver;11.5847482832165;11.5847482832165;11.5847482832165;11.5847482832165;0.022799;4;-672.308146654014 * BiCGSTABSolver;1;1.35634011256639;
4;16017.360596301 * Precon + -2709.68665178572 * SeqGS + 3949.24034119898 * cells_53 + -4196.65107249149 * BiCGSTABSolver + 7976.14451636904 * BiCGSTABSolver * pre_1;8.1829472001608;8.1829472001608;8.1829472001608;8.1829472001608;0.043368;6;7976.14451636904 * BiCGSTABSolver * pre_1;2;1.70090054152786;
5;12782.2670485437 * Precon + -2301.65683495145 * SeqGS + 3512.06553744798 * cells_53 + -3137.71654785021 * BiCGSTABSolver + 6684.05009639389 * BiCGSTABSolver * pre_1 + 3264.23853467407 * post_0;6.72681546521126;6.72681546521126;6.72681546521126;6.72681546521126;0.075177;7;3264.23853467407 * post_0;1;1.45613173494954;
6;12868.5872130102 * Precon + -2410.77855229591 * SeqGS + 3569.06941964286 * cells_53 + -2362.46375 * BiCGSTABSolver + 6330.62602678572 * BiCGSTABSolver * pre_1 + 3230.03620535714 * post_0 + -838.771409438781 * BiCGSTABSolver * SeqSOR;6.2462550280064;6.2462550280064;6.2462550280064;6.2462550280064;0.122668;9;-838.771409438781 * BiCGSTABSolver * SeqSOR;2;0.24028021860243;
7;7775.4652912415 * Precon + 2682.34336947279 * SeqGS + 3569.06941964286 * cells_53 + -2362.46375000001 * BiCGSTABSolver + 6330.62602678572 * BiCGSTABSolver * pre_1 + 3230.03620535714 * post_0 + -838.771409438767 * BiCGSTABSolver * SeqSOR + 5093.12192176871 * SeqSOR;6.24625502800639;6.24625502800639;6.24625502800639;6.24625502800639;0.184569;10;5093.12192176871 * SeqSOR;1;1.06581410364015E-14;
Elapsed=00:00:00.1848298
Learning progress:
1;13504.4085714286 * Precon + 4262.44991071429 * CGSolver;22.5658889010997;22.5658889010997;22.5658889010997;22.5658889010997;0.003118;2;4262.44991071429 * CGSolver;1;14.6868106833397;
2;14670.2966251638 * Precon + 4408.1859174312 * CGSolver + -3497.66416120577 * pre_2;20.0264321549945;20.0264321549945;20.0264321549945;20.0264321549945;0.011637;3;-3497.66416120577 * pre_2;1;2.53945674610515;
3;15535.0750835422 * Precon + 3764.20195906433 * CGSolver + -4086.44949456976 * pre_2 + -4011.10008354218 * pre_3;17.1591904106498;17.1591904106498;17.1591904106498;17.1591904106498;0.023879;4;-4011.10008354218 * pre_3;1;2.8672417443448;
4;15677.3808371736 * Precon + 3451.12930107527 * CGSolver + -3631.07108294932 * pre_2 + -4153.40583717359 * pre_3 + -3244.5711827957 * pre_2 * LoopSolver;14.8835603567299;14.8835603567299;14.8835603567299;14.8835603567299;0.044733;6;-3244.5711827957 * pre_2 * LoopSolver;2;1.13781502695994;
5;14717.6069921811 * Precon + 3331.15757045121 * CGSolver + -3727.04846744855 * pre_2 + -4309.36908698485 * pre_3 + -2188.81995330401 * pre_2 * LoopSolver + 2231.47418960743 * SeqSOR;14.2080488156239;14.2080488156239;14.2080488156239;14.2080488156239;0.076315;7;2231.47418960743 * SeqSOR;1;0.67551154110601;
6;15610.5566422378 * Precon + 4903.81516308836 * CGSolver + -4806.58461154693 * pre_2 + -4602.57643476467 * pre_3 + -2002.23345926232 * pre_2 * LoopSolver + 1031.98958505368 * SeqSOR + -11688.3110910405 * post_3;11.4561943606728;11.4561943606728;11.4561943606728;11.4561943606728;0.120688;8;-11688.3110910405 * post_3;1;2.75185445495108;
7;15439.2596382784 * Precon + 5251.76220238095 * CGSolver + -4378.34210164836 * pre_2 + -4463.39761904762 * pre_3 + -2259.17896520146 * pre_2 * LoopSolver + 1096.22596153846 * SeqSOR + -11864.9611263736 * post_3 + -926.074427655669 * pre_2 * CGSolver;10.9179075826587;10.9179075826587;10.9179075826587;10.9179075826587;0.180972;10;-926.074427655669 * pre_2 * CGSolver;2;0.269143389007058;
8;15336.5587142857 * Precon + 5343.83889285715 * CGSolver + -4282.724 * pre_2 + -4371.32092857143 * pre_3 + -2436.24952380953 * pre_2 * LoopSolver + 1117.47442857144 * SeqSOR + -11854.3368928571 * post_3 + -1025.23394047619 * pre_2 * CGSolver + 184.153380952385 * LoopSolver;10.9023404411018;10.9023404411018;10.9023404411018;10.9023404411018;0.255673;11;184.153380952385 * LoopSolver;1;0.0155671415569021;
Elapsed=00:00:00.2559139
Learning progress:
1;12721.0557417582 * Precon + 5350.69221742544 * pre_1;23.244431872149;23.244431872149;23.244431872149;23.244431872149;0.003889;2;5350.69221742544 * pre_1;1;17.6575022298736;
2;10545.2561751152 * Precon + 6853.03001344086 * pre_1 + 4714.23239439324 * CGSolver;10.3810377090682;10.3810377090682;10.3810377090682;10.3810377090682;0.010773;3;4714.23239439324 * CGSolver;1;12.8633941630808;
3;10919.2666886269 * Precon + 7202.10649271844 * pre_1 + 4290.35381241332 * CGSolver + -2318.86518377254 * LoopSolver;6.83316156110483;6.83316156110483;6.83316156110483;6.83316156110483;0.023899;4;-2318.86518377254 * LoopSolver;1;3.54787614796341;
4;11028.3873687424 * Precon + 6929.3047924298 * pre_1 + 5290.62671347172 * CGSolver + -2246.11806369556 * LoopSolver + -7492.95336792836 * post_3;5.7303244556036;5.7303244556036;5.7303244556036;5.7303244556036;0.043606;5;-7492.95336792836 * post_3;1;1.10283710550123;
5;12165.1619801553 * Precon + 7125.49939541477 * pre_1 + 5246.38675397511 * CGSolver + -2163.4085742019 * LoopSolver + -7235.20751694812 * post_3 + -1350.28050289657 * cells_50;5.01545786203357;5.01545786203357;5.01545786203357;5.01545786203357;0.071393;6;-1350.28050289657 * cells_50;1;0.714866593570027;
6;12405.2186272321 * Precon + 7044.71110072544 * pre_1 + 5658.02235072544 * CGSolver + -2118.78265904018 * LoopSolver + -7656.07606166294 * post_3 + -1581.10420200892 * cells_50 + -891.748890904013 * CGSolver * pre_2;4.55644005251881;4.55644005251881;4.55644005251881;4.55644005251881;0.110838;8;-891.748890904013 * CGSolver * pre_2;2;0.229508904757378;
7;12405.2186272322 * Precon + 7044.71110072545 * pre_1 + 1219.98954659599 * CGSolver + -2118.78265904018 * LoopSolver + -3218.04325753349 * post_3 + -1581.10420200892 * cells_50 + -891.748890904021 * CGSolver * pre_2 + 4438.03280412947 * CGSolver * post_0;4.55644005251875;4.55644005251875;4.55644005251875;4.55644005251875;0.16419;10;4438.03280412947 * CGSolver * post_0;2;3.01980662698043E-14;
Elapsed=00:00:00.1644352
Learning progress:
1;15044.9441165414 * Precon + -3745.84411654133 * pre_0;17.7308229328208;17.7308229328208;17.7308229328208;17.7308229328208;0.002128;2;-3745.84411654133 * pre_0;1;24.5332745085552;
2;17256.9142857143 * Precon + -5957.8142857143 * pre_0 + -2334.85740079364 * cells_50;9.78606239658598;9.78606239658598;9.78606239658598;9.78606239658598;0.009273;3;-2334.85740079364 * cells_50;1;7.94476053623485;
3;17256.9142857143 * Precon + -5957.81428571429 * pre_0 + -1561.74815934066 * cells_50 + -2783.19326923077 * GradientSolver;8.42801860711412;8.42801860711412;8.42801860711412;8.42801860711412;0.021053;4;-2783.19326923077 * GradientSolver;1;1.35804378947186;
4;17256.9142857143 * Precon + -5957.81428571429 * pre_0 + -1361.52776785716 * cells_50 + -2983.41366071428 * GradientSolver + -2602.86508928571 * pre_4;8.42614040764983;8.42614040764983;8.42614040764983;8.42614040764983;0.039805;5;-2602.86508928571 * pre_4;1;0.00187819946429357;
Elapsed=00:00:00.0399800
Learning progress:
1;12276.3812362637 * Precon + 5756.95855965463 * pre_1;12.0340557324911;12.0340557324911;12.0340557324911;12.0340557324911;0.00213;2;5756.95855965463 * pre_1;1;17.5495052358558;
2;12276.3812362637 * Precon + 4018.27888278388 * pre_1 + 12170.7577380952 * pre_1 * CGSolver;4.87934966935624;4.87934966935624;4.87934966935624;4.87934966935624;0.008588;4;12170.7577380952 * pre_1 * CGSolver;2;3.57735303156744;
3;12098.4615178572 * Precon + 4196.19860119047 * pre_1 + 12170.7577380952 * pre_1 * CGSolver + 2312.95633928568 * pre_4;4.42424638289912;4.42424638289912;4.42424638289912;4.42424638289912;0.021442;5;2312.95633928568 * pre_4;1;0.455103286457125;
Elapsed=00:00:00.0216184
Learning progress:
1;15216.4097077922 * Precon + -1049.98756493507 * SeqGS;14.8122822983834;14.8122822983834;14.8122822983834;14.8122822983834;0.003341;2;-1049.98756493507 * SeqGS;1;11.1998713988022;
2;15216.4097077922 * Precon + -1436.29908279221 * SeqGS + 3476.80366071429 * cells_53;12.9410883957829;12.9410883957829;12.9410883957829;12.9410883957829;0.010832;3;3476.80366071429 * cells_53;1;1.87119390260053;
3;15460.8853974846 * Precon + -1596.73625415281 * SeqGS + 3392.76514238253 * cells_53 + -672.308146654014 * BiCGSTABSolver;11.5847482832165;11.5847482832165;11.5847482832165;11.5847482832165;0.026871;4;-672.308146654014 * BiCGSTABSolver;1;1.35634011256639;
4;16017.360596301 * Precon + -2709.68665178572 * SeqGS + 3949.24034119898 * cells_53 + -4196.65107249149 * BiCGSTABSolver + 7976.14451636904 * BiCGSTABSolver * pre_1;8.1829472001608;8.1829472001608;8.1829472001608;8.1829472001608;0.047381;6;7976.14451636904 * BiCGSTABSolver * pre_1;2;1.70090054152786;
5;12782.2670485437 * Precon + -2301.65683495145 * SeqGS + 3512.06553744798 * cells_53 + -3137.71654785021 * BiCGSTABSolver + 6684.05009639389 * BiCGSTABSolver * pre_1 + 3264.23853467407 * post_0;6.72681546521126;6.72681546521126;6.72681546521126;6.72681546521126;0.079405;7;3264.23853467407 * post_0;1;1.45613173494954;
6;12868.5872130102 * Precon + -2410.77855229591 * SeqGS + 3569.06941964286 * cells_53 + -2362.46375 * BiCGSTABSolver + 6330.62602678572 * BiCGSTABSolver * pre_1 + 3230.03620535714 * post_0 + -838.771409438781 * BiCGSTABSolver * SeqSOR;6.2462550280064;6.2462550280064;6.2462550280064;6.2462550280064;0.126029;9;-838.771409438781 * BiCGSTABSolver * SeqSOR;2;0.24028021860243;
Elapsed=00:00:00.1262516
Learning progress:
1;13504.4085714286 * Precon + 4262.44991071429 * CGSolver;22.5658889010997;22.5658889010997;22.5658889010997;22.5658889010997;0.002513;2;4262.44991071429 * CGSolver;1;14.6868106833397;
2;14670.2966251638 * Precon + 4408.1859174312 * CGSolver + -3497.66416120577 * pre_2;20.0264321549945;20.0264321549945;20.0264321549945;20.0264321549945;0.009348;3;-3497.66416120577 * pre_2;1;2.53945674610515;
3;15535.0750835422 * Precon + 3764.20195906433 * CGSolver + -4086.44949456976 * pre_2 + -4011.10008354218 * pre_3;17.1591904106498;17.1591904106498;17.1591904106498;17.1591904106498;0.02285;4;-4011.10008354218 * pre_3;1;2.8672417443448;
4;15677.3808371736 * Precon + 3451.12930107527 * CGSolver + -3631.07108294932 * pre_2 + -4153.40583717359 * pre_3 + -3244.5711827957 * pre_2 * LoopSolver;14.8835603567299;14.8835603567299;14.8835603567299;14.8835603567299;0.043257;6;-3244.5711827957 * pre_2 * LoopSolver;2;1.13781502695994;
5;14717.6069921811 * Precon + 3331.15757045121 * CGSolver + -3727.04846744855 * pre_2 + -4309.36908698485 * pre_3 + -2188.81995330401 * pre_2 * LoopSolver + 2231.47418960743 * SeqSOR;14.2080488156239;14.2080488156239;14.2080488156239;14.2080488156239;0.074703;7;2231.47418960743 * SeqSOR;1;0.67551154110601;
6;15610.5566422378 * Precon + 4903.81516308836 * CGSolver + -4806.58461154693 * pre_2 + -4602.57643476467 * pre_3 + -2002.23345926232 * pre_2 * LoopSolver + 1031.98958505368 * SeqSOR + -11688.3110910405 * post_3;11.4561943606728;11.4561943606728;11.4561943606728;11.4561943606728;0.119122;8;-11688.3110910405 * post_3;1;2.75185445495108;
7;15439.2596382784 * Precon + 5251.76220238095 * CGSolver + -4378.34210164836 * pre_2 + -4463.39761904762 * pre_3 + -2259.17896520146 * pre_2 * LoopSolver + 1096.22596153846 * SeqSOR + -11864.9611263736 * post_3 + -926.074427655669 * pre_2 * CGSolver;10.9179075826587;10.9179075826587;10.9179075826587;10.9179075826587;0.174011;10;-926.074427655669 * pre_2 * CGSolver;2;0.269143389007058;
Elapsed=00:00:00.1742416
Learning progress:
1;12721.0557417582 * Precon + 5350.69221742544 * pre_1;23.244431872149;23.244431872149;23.244431872149;23.244431872149;0.002241;2;5350.69221742544 * pre_1;1;17.6575022298736;
2;10545.2561751152 * Precon + 6853.03001344086 * pre_1 + 4714.23239439324 * CGSolver;10.3810377090682;10.3810377090682;10.3810377090682;10.3810377090682;0.010581;3;4714.23239439324 * CGSolver;1;12.8633941630808;
3;10919.2666886269 * Precon + 7202.10649271844 * pre_1 + 4290.35381241332 * CGSolver + -2318.86518377254 * LoopSolver;6.83316156110483;6.83316156110483;6.83316156110483;6.83316156110483;0.023129;4;-2318.86518377254 * LoopSolver;1;3.54787614796341;
4;11028.3873687424 * Precon + 6929.3047924298 * pre_1 + 5290.62671347172 * CGSolver + -2246.11806369556 * LoopSolver + -7492.95336792836 * post_3;5.7303244556036;5.7303244556036;5.7303244556036;5.7303244556036;0.043206;5;-7492.95336792836 * post_3;1;1.10283710550123;
5;12165.1619801553 * Precon + 7125.49939541477 * pre_1 + 5246.38675397511 * CGSolver + -2163.4085742019 * LoopSolver + -7235.20751694812 * post_3 + -1350.28050289657 * cells_50;5.01545786203357;5.01545786203357;5.01545786203357;5.01545786203357;0.072102;6;-1350.28050289657 * cells_50;1;0.714866593570027;
6;12405.2186272321 * Precon + 7044.71110072544 * pre_1 + 5658.02235072544 * CGSolver + -2118.78265904018 * LoopSolver + -7656.07606166294 * post_3 + -1581.10420200892 * cells_50 + -891.748890904013 * CGSolver * pre_2;4.55644005251881;4.55644005251881;4.55644005251881;4.55644005251881;0.113363;8;-891.748890904013 * CGSolver * pre_2;2;0.229508904757378;
Elapsed=00:00:00.1143612
Learning progress:
1;15044.9441165414 * Precon + -3745.84411654133 * pre_0;17.7308229328208;17.7308229328208;17.7308229328208;17.7308229328208;0.002796;2;-3745.84411654133 * pre_0;1;24.5332745085552;
2;17256.9142857143 * Precon + -5957.8142857143 * pre_0 + -2334.85740079364 * cells_50;9.78606239658598;9.78606239658598;9.78606239658598;9.78606239658598;0.009183;3;-2334.85740079364 * cells_50;1;7.94476053623485;
3;17256.9142857143 * Precon + -5957.81428571429 * pre_0 + -1561.74815934066 * cells_50 + -2783.19326923077 * GradientSolver;8.42801860711412;8.42801860711412;8.42801860711412;8.42801860711412;0.022544;4;-2783.19326923077 * GradientSolver;1;1.35804378947186;
4;17256.9142857143 * Precon + -5957.81428571429 * pre_0 + -1361.52776785716 * cells_50 + -2983.41366071428 * GradientSolver + -2602.86508928571 * pre_4;8.42614040764983;8.42614040764983;8.42614040764983;8.42614040764983;0.041872;5;-2602.86508928571 * pre_4;1;0.00187819946429357;
Elapsed=00:00:00.0421019
Learning progress:
1;12276.3812362637 * Precon + 5756.95855965463 * pre_1;12.0340557324911;12.0340557324911;12.0340557324911;12.0340557324911;0.002133;2;5756.95855965463 * pre_1;1;17.5495052358558;
2;12276.3812362637 * Precon + 4018.27888278388 * pre_1 + 12170.7577380952 * pre_1 * CGSolver;4.87934966935624;4.87934966935624;4.87934966935624;4.87934966935624;0.008611;4;12170.7577380952 * pre_1 * CGSolver;2;3.57735303156744;
3;12098.4615178572 * Precon + 4196.19860119047 * pre_1 + 12170.7577380952 * pre_1 * CGSolver + 2312.95633928568 * pre_4;4.42424638289912;4.42424638289912;4.42424638289912;4.42424638289912;0.021973;5;2312.95633928568 * pre_4;1;0.455103286457125;
4;12098.4615178571 * Precon + 4196.19860119048 * pre_1 + 12170.7577380952 * pre_1 * CGSolver + 1156.47816964287 * pre_4 + 1156.47816964287 * pre_4 * SeqSOR;2.79729442602539;2.79729442602539;2.79729442602539;2.79729442602539;0.041188;7;1156.47816964287 * pre_4 * SeqSOR;2;0.813475978436864;
5;12098.4615178571 * Precon + 4741.44473214285 * pre_1 + 11625.5116071429 * pre_1 * CGSolver + 1156.47816964286 * pre_4 + 1156.47816964286 * pre_4 * SeqSOR + -1635.73839285715 * pre_1 * GradientSolver;2.16343496941765;2.16343496941765;2.16343496941765;2.16343496941765;0.07136;9;-1635.73839285715 * pre_1 * GradientSolver;2;0.316929728303872;
6;12098.4615178571 * Precon + 4741.44473214287 * pre_1 + 11625.5116071429 * pre_1 * CGSolver + 1156.47816964286 * pre_4 + 1156.47816964286 * pre_4 * SeqSOR + -817.869196428579 * pre_1 * GradientSolver + -817.869196428579 * pre_1 * GradientSolver * cells_50;2.16343496941761;2.16343496941761;2.16343496941761;2.16343496941761;0.114108;12;-817.869196428579 * pre_1 * GradientSolver * cells_50;3;1.27305573490351E-14;
Elapsed=00:00:00.1143142
Learning progress:
1;15216.4097077922 * Precon + -1049.98756493507 * SeqGS;14.8122822983834;14.8122822983834;14.8122822983834;14.8122822983834;0.002333;2;-1049.98756493507 * SeqGS;1;11.1998713988022;
2;15216.4097077922 * Precon + -1436.29908279221 * SeqGS + 3476.80366071429 * cells_53;12.9410883957829;12.9410883957829;12.9410883957829;12.9410883957829;0.011316;3;3476.80366071429 * cells_53;1;1.87119390260053;
3;15460.8853974846 * Precon + -1596.73625415281 * SeqGS + 3392.76514238253 * cells_53 + -672.308146654014 * BiCGSTABSolver;11.5847482832165;11.5847482832165;11.5847482832165;11.5847482832165;0.025021;4;-672.308146654014 * BiCGSTABSolver;1;1.35634011256639;
4;16017.360596301 * Precon + -2709.68665178572 * SeqGS + 3949.24034119898 * cells_53 + -4196.65107249149 * BiCGSTABSolver + 7976.14451636904 * BiCGSTABSolver * pre_1;8.1829472001608;8.1829472001608;8.1829472001608;8.1829472001608;0.048121;6;7976.14451636904 * BiCGSTABSolver * pre_1;2;1.70090054152786;
5;12782.2670485437 * Precon + -2301.65683495145 * SeqGS + 3512.06553744798 * cells_53 + -3137.71654785021 * BiCGSTABSolver + 6684.05009639389 * BiCGSTABSolver * pre_1 + 3264.23853467407 * post_0;6.72681546521126;6.72681546521126;6.72681546521126;6.72681546521126;0.080136;7;3264.23853467407 * post_0;1;1.45613173494954;
6;12868.5872130102 * Precon + -2410.77855229591 * SeqGS + 3569.06941964286 * cells_53 + -2362.46375 * BiCGSTABSolver + 6330.62602678572 * BiCGSTABSolver * pre_1 + 3230.03620535714 * post_0 + -838.771409438781 * BiCGSTABSolver * SeqSOR;6.2462550280064;6.2462550280064;6.2462550280064;6.2462550280064;0.124537;9;-838.771409438781 * BiCGSTABSolver * SeqSOR;2;0.24028021860243;
7;7775.4652912415 * Precon + 2682.34336947279 * SeqGS + 3569.06941964286 * cells_53 + -2362.46375000001 * BiCGSTABSolver + 6330.62602678572 * BiCGSTABSolver * pre_1 + 3230.03620535714 * post_0 + -838.771409438767 * BiCGSTABSolver * SeqSOR + 5093.12192176871 * SeqSOR;6.24625502800639;6.24625502800639;6.24625502800639;6.24625502800639;0.183044;10;5093.12192176871 * SeqSOR;1;1.06581410364015E-14;
Elapsed=00:00:00.1832849
Learning progress:
1;13504.4085714286 * Precon + 4262.44991071429 * CGSolver;22.5658889010997;22.5658889010997;22.5658889010997;22.5658889010997;0.003084;2;4262.44991071429 * CGSolver;1;14.6868106833397;
2;14670.2966251638 * Precon + 4408.1859174312 * CGSolver + -3497.66416120577 * pre_2;20.0264321549945;20.0264321549945;20.0264321549945;20.0264321549945;0.010474;3;-3497.66416120577 * pre_2;1;2.53945674610515;
3;15535.0750835422 * Precon + 3764.20195906433 * CGSolver + -4086.44949456976 * pre_2 + -4011.10008354218 * pre_3;17.1591904106498;17.1591904106498;17.1591904106498;17.1591904106498;0.024183;4;-4011.10008354218 * pre_3;1;2.8672417443448;
4;15677.3808371736 * Precon + 3451.12930107527 * CGSolver + -3631.07108294932 * pre_2 + -4153.40583717359 * pre_3 + -3244.5711827957 * pre_2 * LoopSolver;14.8835603567299;14.8835603567299;14.8835603567299;14.8835603567299;0.044442;6;-3244.5711827957 * pre_2 * LoopSolver;2;1.13781502695994;
5;14717.6069921811 * Precon + 3331.15757045121 * CGSolver + -3727.04846744855 * pre_2 + -4309.36908698485 * pre_3 + -2188.81995330401 * pre_2 * LoopSolver + 2231.47418960743 * SeqSOR;14.2080488156239;14.2080488156239;14.2080488156239;14.2080488156239;0.076281;7;2231.47418960743 * SeqSOR;1;0.67551154110601;
6;15610.5566422378 * Precon + 4903.81516308836 * CGSolver + -4806.58461154693 * pre_2 + -4602.57643476467 * pre_3 + -2002.23345926232 * pre_2 * LoopSolver + 1031.98958505368 * SeqSOR + -11688.3110910405 * post_3;11.4561943606728;11.4561943606728;11.4561943606728;11.4561943606728;0.123155;8;-11688.3110910405 * post_3;1;2.75185445495108;
7;15439.2596382784 * Precon + 5251.76220238095 * CGSolver + -4378.34210164836 * pre_2 + -4463.39761904762 * pre_3 + -2259.17896520146 * pre_2 * LoopSolver + 1096.22596153846 * SeqSOR + -11864.9611263736 * post_3 + -926.074427655669 * pre_2 * CGSolver;10.9179075826587;10.9179075826587;10.9179075826587;10.9179075826587;0.182047;10;-926.074427655669 * pre_2 * CGSolver;2;0.269143389007058;
8;15336.5587142857 * Precon + 5343.83889285715 * CGSolver + -4282.724 * pre_2 + -4371.32092857143 * pre_3 + -2436.24952380953 * pre_2 * LoopSolver + 1117.47442857144 * SeqSOR + -11854.3368928571 * post_3 + -1025.23394047619 * pre_2 * CGSolver + 184.153380952385 * LoopSolver;10.9023404411018;10.9023404411018;10.9023404411018;10.9023404411018;0.259005;11;184.153380952385 * LoopSolver;1;0.0155671415569021;
Elapsed=00:00:00.2592452
Learning progress:
1;12721.0557417582 * Precon + 5350.69221742544 * pre_1;23.244431872149;23.244431872149;23.244431872149;23.244431872149;0.00303;2;5350.69221742544 * pre_1;1;17.6575022298736;
2;10545.2561751152 * Precon + 6853.03001344086 * pre_1 + 4714.23239439324 * CGSolver;10.3810377090682;10.3810377090682;10.3810377090682;10.3810377090682;0.01118;3;4714.23239439324 * CGSolver;1;12.8633941630808;
3;10919.2666886269 * Precon + 7202.10649271844 * pre_1 + 4290.35381241332 * CGSolver + -2318.86518377254 * LoopSolver;6.83316156110483;6.83316156110483;6.83316156110483;6.83316156110483;0.025339;4;-2318.86518377254 * LoopSolver;1;3.54787614796341;
4;11028.3873687424 * Precon + 6929.3047924298 * pre_1 + 5290.62671347172 * CGSolver + -2246.11806369556 * LoopSolver + -7492.95336792836 * post_3;5.7303244556036;5.7303244556036;5.7303244556036;5.7303244556036;0.045984;5;-7492.95336792836 * post_3;1;1.10283710550123;
5;12165.1619801553 * Precon + 7125.49939541477 * pre_1 + 5246.38675397511 * CGSolver + -2163.4085742019 * LoopSolver + -7235.20751694812 * post_3 + -1350.28050289657 * cells_50;5.01545786203357;5.01545786203357;5.01545786203357;5.01545786203357;0.072237;6;-1350.28050289657 * cells_50;1;0.714866593570027;
6;12405.2186272321 * Precon + 7044.71110072544 * pre_1 + 5658.02235072544 * CGSolver + -2118.78265904018 * LoopSolver + -7656.07606166294 * post_3 + -1581.10420200892 * cells_50 + -891.748890904013 * CGSolver * pre_2;4.55644005251881;4.55644005251881;4.55644005251881;4.55644005251881;0.111059;8;-891.748890904013 * CGSolver * pre_2;2;0.229508904757378;
7;12405.2186272322 * Precon + 7044.71110072545 * pre_1 + 1219.98954659599 * CGSolver + -2118.78265904018 * LoopSolver + -3218.04325753349 * post_3 + -1581.10420200892 * cells_50 + -891.748890904021 * CGSolver * pre_2 + 4438.03280412947 * CGSolver * post_0;4.55644005251875;4.55644005251875;4.55644005251875;4.55644005251875;0.165015;10;4438.03280412947 * CGSolver * post_0;2;3.01980662698043E-14;
Elapsed=00:00:00.1652493
Learning progress:
1;15044.9441165414 * Precon + -3745.84411654133 * pre_0;17.7308229328208;17.7308229328208;17.7308229328208;17.7308229328208;0.002161;2;-3745.84411654133 * pre_0;1;24.5332745085552;
2;17256.9142857143 * Precon + -5957.8142857143 * pre_0 + -2334.85740079364 * cells_50;9.78606239658598;9.78606239658598;9.78606239658598;9.78606239658598;0.008263;3;-2334.85740079364 * cells_50;1;7.94476053623485;
3;17256.9142857143 * Precon + -5957.81428571429 * pre_0 + -1561.74815934066 * cells_50 + -2783.19326923077 * GradientSolver;8.42801860711412;8.42801860711412;8.42801860711412;8.42801860711412;0.023048;4;-2783.19326923077 * GradientSolver;1;1.35804378947186;
4;17256.9142857143 * Precon + -5957.81428571429 * pre_0 + -1361.52776785716 * cells_50 + -2983.41366071428 * GradientSolver + -2602.86508928571 * pre_4;8.42614040764983;8.42614040764983;8.42614040764983;8.42614040764983;0.042255;5;-2602.86508928571 * pre_4;1;0.00187819946429357;
Elapsed=00:00:00.0424540
Learning progress:
1;12276.3812362637 * Precon + 5756.95855965463 * pre_1;12.0340557324911;12.0340557324911;12.0340557324911;12.0340557324911;0.00382;2;5756.95855965463 * pre_1;1;17.5495052358558;
2;12276.3812362637 * Precon + 4018.27888278388 * pre_1 + 12170.7577380952 * pre_1 * CGSolver;4.87934966935624;4.87934966935624;4.87934966935624;4.87934966935624;0.011663;4;12170.7577380952 * pre_1 * CGSolver;2;3.57735303156744;
3;12098.4615178572 * Precon + 4196.19860119047 * pre_1 + 12170.7577380952 * pre_1 * CGSolver + 2312.95633928568 * pre_4;4.42424638289912;4.42424638289912;4.42424638289912;4.42424638289912;0.025022;5;2312.95633928568 * pre_4;1;0.455103286457125;
4;12098.4615178571 * Precon + 4196.19860119048 * pre_1 + 12170.7577380952 * pre_1 * CGSolver + 1156.47816964287 * pre_4 + 1156.47816964287 * pre_4 * SeqSOR;2.79729442602539;2.79729442602539;2.79729442602539;2.79729442602539;0.044952;7;1156.47816964287 * pre_4 * SeqSOR;2;0.813475978436864;
5;12098.4615178571 * Precon + 4741.44473214285 * pre_1 + 11625.5116071429 * pre_1 * CGSolver + 1156.47816964286 * pre_4 + 1156.47816964286 * pre_4 * SeqSOR + -1635.73839285715 * pre_1 * GradientSolver;2.16343496941765;2.16343496941765;2.16343496941765;2.16343496941765;0.07578;9;-1635.73839285715 * pre_1 * GradientSolver;2;0.316929728303872;
6;12098.4615178571 * Precon + 4741.44473214287 * pre_1 + 11625.5116071429 * pre_1 * CGSolver + 1156.47816964286 * pre_4 + 1156.47816964286 * pre_4 * SeqSOR + -817.869196428579 * pre_1 * GradientSolver + -817.869196428579 * pre_1 * GradientSolver * cells_50;2.16343496941761;2.16343496941761;2.16343496941761;2.16343496941761;0.117582;12;-817.869196428579 * pre_1 * GradientSolver * cells_50;3;1.27305573490351E-14;
Elapsed=00:00:00.1177892
Learning progress:
1;15216.4097077922 * Precon + -1049.98756493507 * SeqGS;14.8122822983834;14.8122822983834;14.8122822983834;14.8122822983834;0.002583;2;-1049.98756493507 * SeqGS;1;11.1998713988022;
2;15216.4097077922 * Precon + -1436.29908279221 * SeqGS + 3476.80366071429 * cells_53;12.9410883957829;12.9410883957829;12.9410883957829;12.9410883957829;0.01123;3;3476.80366071429 * cells_53;1;1.87119390260053;
3;15460.8853974846 * Precon + -1596.73625415281 * SeqGS + 3392.76514238253 * cells_53 + -672.308146654014 * BiCGSTABSolver;11.5847482832165;11.5847482832165;11.5847482832165;11.5847482832165;0.025143;4;-672.308146654014 * BiCGSTABSolver;1;1.35634011256639;
4;16017.360596301 * Precon + -2709.68665178572 * SeqGS + 3949.24034119898 * cells_53 + -4196.65107249149 * BiCGSTABSolver + 7976.14451636904 * BiCGSTABSolver * pre_1;8.1829472001608;8.1829472001608;8.1829472001608;8.1829472001608;0.04637;6;7976.14451636904 * BiCGSTABSolver * pre_1;2;1.70090054152786;
5;12782.2670485437 * Precon + -2301.65683495145 * SeqGS + 3512.06553744798 * cells_53 + -3137.71654785021 * BiCGSTABSolver + 6684.05009639389 * BiCGSTABSolver * pre_1 + 3264.23853467407 * post_0;6.72681546521126;6.72681546521126;6.72681546521126;6.72681546521126;0.079569;7;3264.23853467407 * post_0;1;1.45613173494954;
6;12868.5872130102 * Precon + -2410.77855229591 * SeqGS + 3569.06941964286 * cells_53 + -2362.46375 * BiCGSTABSolver + 6330.62602678572 * BiCGSTABSolver * pre_1 + 3230.03620535714 * post_0 + -838.771409438781 * BiCGSTABSolver * SeqSOR;6.2462550280064;6.2462550280064;6.2462550280064;6.2462550280064;0.124313;9;-838.771409438781 * BiCGSTABSolver * SeqSOR;2;0.24028021860243;
7;7775.4652912415 * Precon + 2682.34336947279 * SeqGS + 3569.06941964286 * cells_53 + -2362.46375000001 * BiCGSTABSolver + 6330.62602678572 * BiCGSTABSolver * pre_1 + 3230.03620535714 * post_0 + -838.771409438767 * BiCGSTABSolver * SeqSOR + 5093.12192176871 * SeqSOR;6.24625502800639;6.24625502800639;6.24625502800639;6.24625502800639;0.183085;10;5093.12192176871 * SeqSOR;1;1.06581410364015E-14;
Elapsed=00:00:00.1833224
Learning progress:
1;13504.4085714286 * Precon + 4262.44991071429 * CGSolver;22.5658889010997;22.5658889010997;22.5658889010997;22.5658889010997;0.00234;2;4262.44991071429 * CGSolver;1;14.6868106833397;
2;14670.2966251638 * Precon + 4408.1859174312 * CGSolver + -3497.66416120577 * pre_2;20.0264321549945;20.0264321549945;20.0264321549945;20.0264321549945;0.00961;3;-3497.66416120577 * pre_2;1;2.53945674610515;
3;15535.0750835422 * Precon + 3764.20195906433 * CGSolver + -4086.44949456976 * pre_2 + -4011.10008354218 * pre_3;17.1591904106498;17.1591904106498;17.1591904106498;17.1591904106498;0.023266;4;-4011.10008354218 * pre_3;1;2.8672417443448;
4;15677.3808371736 * Precon + 3451.12930107527 * CGSolver + -3631.07108294932 * pre_2 + -4153.40583717359 * pre_3 + -3244.5711827957 * pre_2 * LoopSolver;14.8835603567299;14.8835603567299;14.8835603567299;14.8835603567299;0.043746;6;-3244.5711827957 * pre_2 * LoopSolver;2;1.13781502695994;
5;14717.6069921811 * Precon + 3331.15757045121 * CGSolver + -3727.04846744855 * pre_2 + -4309.36908698485 * pre_3 + -2188.81995330401 * pre_2 * LoopSolver + 2231.47418960743 * SeqSOR;14.2080488156239;14.2080488156239;14.2080488156239;14.2080488156239;0.075762;7;2231.47418960743 * SeqSOR;1;0.67551154110601;
6;15610.5566422378 * Precon + 4903.81516308836 * CGSolver + -4806.58461154693 * pre_2 + -4602.57643476467 * pre_3 + -2002.23345926232 * pre_2 * LoopSolver + 1031.98958505368 * SeqSOR + -11688.3110910405 * post_3;11.4561943606728;11.4561943606728;11.4561943606728;11.4561943606728;0.120638;8;-11688.3110910405 * post_3;1;2.75185445495108;
7;15439.2596382784 * Precon + 5251.76220238095 * CGSolver + -4378.34210164836 * pre_2 + -4463.39761904762 * pre_3 + -2259.17896520146 * pre_2 * LoopSolver + 1096.22596153846 * SeqSOR + -11864.9611263736 * post_3 + -926.074427655669 * pre_2 * CGSolver;10.9179075826587;10.9179075826587;10.9179075826587;10.9179075826587;0.17581;10;-926.074427655669 * pre_2 * CGSolver;2;0.269143389007058;
8;15336.5587142857 * Precon + 5343.83889285715 * CGSolver + -4282.724 * pre_2 + -4371.32092857143 * pre_3 + -2436.24952380953 * pre_2 * LoopSolver + 1117.47442857144 * SeqSOR + -11854.3368928571 * post_3 + -1025.23394047619 * pre_2 * CGSolver + 184.153380952385 * LoopSolver;10.9023404411018;10.9023404411018;10.9023404411018;10.9023404411018;0.248761;11;184.153380952385 * LoopSolver;1;0.0155671415569021;
Elapsed=00:00:00.2489996
Learning progress:
1;12721.0557417582 * Precon + 5350.69221742544 * pre_1;23.244431872149;23.244431872149;23.244431872149;23.244431872149;0.002276;2;5350.69221742544 * pre_1;1;17.6575022298736;
2;10545.2561751152 * Precon + 6853.03001344086 * pre_1 + 4714.23239439324 * CGSolver;10.3810377090682;10.3810377090682;10.3810377090682;10.3810377090682;0.010262;3;4714.23239439324 * CGSolver;1;12.8633941630808;
3;10919.2666886269 * Precon + 7202.10649271844 * pre_1 + 4290.35381241332 * CGSolver + -2318.86518377254 * LoopSolver;6.83316156110483;6.83316156110483;6.83316156110483;6.83316156110483;0.022267;4;-2318.86518377254 * LoopSolver;1;3.54787614796341;
4;11028.3873687424 * Precon + 6929.3047924298 * pre_1 + 5290.62671347172 * CGSolver + -2246.11806369556 * LoopSolver + -7492.95336792836 * post_3;5.7303244556036;5.7303244556036;5.7303244556036;5.7303244556036;0.045162;5;-7492.95336792836 * post_3;1;1.10283710550123;
5;12165.1619801553 * Precon + 7125.49939541477 * pre_1 + 5246.38675397511 * CGSolver + -2163.4085742019 * LoopSolver + -7235.20751694812 * post_3 + -1350.28050289657 * cells_50;5.01545786203357;5.01545786203357;5.01545786203357;5.01545786203357;0.073339;6;-1350.28050289657 * cells_50;1;0.714866593570027;
6;12405.2186272321 * Precon + 7044.71110072544 * pre_1 + 5658.02235072544 * CGSolver + -2118.78265904018 * LoopSolver + -7656.07606166294 * post_3 + -1581.10420200892 * cells_50 + -891.748890904013 * CGSolver * pre_2;4.55644005251881;4.55644005251881;4.55644005251881;4.55644005251881;0.123364;8;-891.748890904013 * CGSolver * pre_2;2;0.229508904757378;
7;12405.2186272322 * Precon + 7044.71110072545 * pre_1 + 1219.98954659599 * CGSolver + -2118.78265904018 * LoopSolver + -3218.04325753349 * post_3 + -1581.10420200892 * cells_50 + -891.748890904021 * CGSolver * pre_2 + 4438.03280412947 * CGSolver * post_0;4.55644005251875;4.55644005251875;4.55644005251875;4.55644005251875;0.181048;10;4438.03280412947 * CGSolver * post_0;2;3.01980662698043E-14;
Elapsed=00:00:00.1812886
Learning progress:
1;15044.9441165414 * Precon + -3745.84411654133 * pre_0;17.7308229328208;17.7308229328208;17.7308229328208;17.7308229328208;0.002858;2;-3745.84411654133 * pre_0;1;24.5332745085552;
2;17256.9142857143 * Precon + -5957.8142857143 * pre_0 + -2334.85740079364 * cells_50;9.78606239658598;9.78606239658598;9.78606239658598;9.78606239658598;0.009736;3;-2334.85740079364 * cells_50;1;7.94476053623485;
3;17256.9142857143 * Precon + -5957.81428571429 * pre_0 + -1561.74815934066 * cells_50 + -2783.19326923077 * GradientSolver;8.42801860711412;8.42801860711412;8.42801860711412;8.42801860711412;0.023304;4;-2783.19326923077 * GradientSolver;1;1.35804378947186;
4;17256.9142857143 * Precon + -5957.81428571429 * pre_0 + -1361.52776785716 * cells_50 + -2983.41366071428 * GradientSolver + -2602.86508928571 * pre_4;8.42614040764983;8.42614040764983;8.42614040764983;8.42614040764983;0.042244;5;-2602.86508928571 * pre_4;1;0.00187819946429357;
Elapsed=00:00:00.0424401
Learning progress:
1;12276.3812362637 * Precon + 5756.95855965463 * pre_1;12.0340557324911;12.0340557324911;12.0340557324911;12.0340557324911;0.003298;2;5756.95855965463 * pre_1;1;17.5495052358558;
2;12276.3812362637 * Precon + 4018.27888278388 * pre_1 + 12170.7577380952 * pre_1 * CGSolver;4.87934966935624;4.87934966935624;4.87934966935624;4.87934966935624;0.009751;4;12170.7577380952 * pre_1 * CGSolver;2;3.57735303156744;
3;12098.4615178572 * Precon + 4196.19860119047 * pre_1 + 12170.7577380952 * pre_1 * CGSolver + 2312.95633928568 * pre_4;4.42424638289912;4.42424638289912;4.42424638289912;4.42424638289912;0.022927;5;2312.95633928568 * pre_4;1;0.455103286457125;
Elapsed=00:00:00.0230985
Learning progress:
1;15216.4097077922 * Precon + -1049.98756493507 * SeqGS;14.8122822983834;14.8122822983834;14.8122822983834;14.8122822983834;0.002545;2;-1049.98756493507 * SeqGS;1;11.1998713988022;
2;15216.4097077922 * Precon + -1436.29908279221 * SeqGS + 3476.80366071429 * cells_53;12.9410883957829;12.9410883957829;12.9410883957829;12.9410883957829;0.011025;3;3476.80366071429 * cells_53;1;1.87119390260053;
3;15460.8853974846 * Precon + -1596.73625415281 * SeqGS + 3392.76514238253 * cells_53 + -672.308146654014 * BiCGSTABSolver;11.5847482832165;11.5847482832165;11.5847482832165;11.5847482832165;0.023215;4;-672.308146654014 * BiCGSTABSolver;1;1.35634011256639;
4;16017.360596301 * Precon + -2709.68665178572 * SeqGS + 3949.24034119898 * cells_53 + -4196.65107249149 * BiCGSTABSolver + 7976.14451636904 * BiCGSTABSolver * pre_1;8.1829472001608;8.1829472001608;8.1829472001608;8.1829472001608;0.044407;6;7976.14451636904 * BiCGSTABSolver * pre_1;2;1.70090054152786;
5;12782.2670485437 * Precon + -2301.65683495145 * SeqGS + 3512.06553744798 * cells_53 + -3137.71654785021 * BiCGSTABSolver + 6684.05009639389 * BiCGSTABSolver * pre_1 + 3264.23853467407 * post_0;6.72681546521126;6.72681546521126;6.72681546521126;6.72681546521126;0.074587;7;3264.23853467407 * post_0;1;1.45613173494954;
6;12868.5872130102 * Precon + -2410.77855229591 * SeqGS + 3569.06941964286 * cells_53 + -2362.46375 * BiCGSTABSolver + 6330.62602678572 * BiCGSTABSolver * pre_1 + 3230.03620535714 * post_0 + -838.771409438781 * BiCGSTABSolver * SeqSOR;6.2462550280064;6.2462550280064;6.2462550280064;6.2462550280064;0.122525;9;-838.771409438781 * BiCGSTABSolver * SeqSOR;2;0.24028021860243;
Elapsed=00:00:00.1227443
Learning progress:
1;13504.4085714286 * Precon + 4262.44991071429 * CGSolver;22.5658889010997;22.5658889010997;22.5658889010997;22.5658889010997;0.002709;2;4262.44991071429 * CGSolver;1;14.6868106833397;
2;14670.2966251638 * Precon + 4408.1859174312 * CGSolver + -3497.66416120577 * pre_2;20.0264321549945;20.0264321549945;20.0264321549945;20.0264321549945;0.010902;3;-3497.66416120577 * pre_2;1;2.53945674610515;
3;15535.0750835422 * Precon + 3764.20195906433 * CGSolver + -4086.44949456976 * pre_2 + -4011.10008354218 * pre_3;17.1591904106498;17.1591904106498;17.1591904106498;17.1591904106498;0.024655;4;-4011.10008354218 * pre_3;1;2.8672417443448;
4;15677.3808371736 * Precon + 3451.12930107527 * CGSolver + -3631.07108294932 * pre_2 + -4153.40583717359 * pre_3 + -3244.5711827957 * pre_2 * LoopSolver;14.8835603567299;14.8835603567299;14.8835603567299;14.8835603567299;0.044922;6;-3244.5711827957 * pre_2 * LoopSolver;2;1.13781502695994;
5;14717.6069921811 * Precon + 3331.15757045121 * CGSolver + -3727.04846744855 * pre_2 + -4309.36908698485 * pre_3 + -2188.81995330401 * pre_2 * LoopSolver + 2231.47418960743 * SeqSOR;14.2080488156239;14.2080488156239;14.2080488156239;14.2080488156239;0.077076;7;2231.47418960743 * SeqSOR;1;0.67551154110601;
6;15610.5566422378 * Precon + 4903.81516308836 * CGSolver + -4806.58461154693 * pre_2 + -4602.57643476467 * pre_3 + -2002.23345926232 * pre_2 * LoopSolver + 1031.98958505368 * SeqSOR + -11688.3110910405 * post_3;11.4561943606728;11.4561943606728;11.4561943606728;11.4561943606728;0.120703;8;-11688.3110910405 * post_3;1;2.75185445495108;
7;15439.2596382784 * Precon + 5251.76220238095 * CGSolver + -4378.34210164836 * pre_2 + -4463.39761904762 * pre_3 + -2259.17896520146 * pre_2 * LoopSolver + 1096.22596153846 * SeqSOR + -11864.9611263736 * post_3 + -926.074427655669 * pre_2 * CGSolver;10.9179075826587;10.9179075826587;10.9179075826587;10.9179075826587;0.174752;10;-926.074427655669 * pre_2 * CGSolver;2;0.269143389007058;
Elapsed=00:00:00.1749808
Learning progress:
1;12721.0557417582 * Precon + 5350.69221742544 * pre_1;23.244431872149;23.244431872149;23.244431872149;23.244431872149;0.002507;2;5350.69221742544 * pre_1;1;17.6575022298736;
2;10545.2561751152 * Precon + 6853.03001344086 * pre_1 + 4714.23239439324 * CGSolver;10.3810377090682;10.3810377090682;10.3810377090682;10.3810377090682;0.009262;3;4714.23239439324 * CGSolver;1;12.8633941630808;
3;10919.2666886269 * Precon + 7202.10649271844 * pre_1 + 4290.35381241332 * CGSolver + -2318.86518377254 * LoopSolver;6.83316156110483;6.83316156110483;6.83316156110483;6.83316156110483;0.02236;4;-2318.86518377254 * LoopSolver;1;3.54787614796341;
4;11028.3873687424 * Precon + 6929.3047924298 * pre_1 + 5290.62671347172 * CGSolver + -2246.11806369556 * LoopSolver + -7492.95336792836 * post_3;5.7303244556036;5.7303244556036;5.7303244556036;5.7303244556036;0.041914;5;-7492.95336792836 * post_3;1;1.10283710550123;
5;12165.1619801553 * Precon + 7125.49939541477 * pre_1 + 5246.38675397511 * CGSolver + -2163.4085742019 * LoopSolver + -7235.20751694812 * post_3 + -1350.28050289657 * cells_50;5.01545786203357;5.01545786203357;5.01545786203357;5.01545786203357;0.069405;6;-1350.28050289657 * cells_50;1;0.714866593570027;
6;12405.2186272321 * Precon + 7044.71110072544 * pre_1 + 5658.02235072544 * CGSolver + -2118.78265904018 * LoopSolver + -7656.07606166294 * post_3 + -1581.10420200892 * cells_50 + -891.748890904013 * CGSolver * pre_2;4.55644005251881;4.55644005251881;4.55644005251881;4.55644005251881;0.108078;8;-891.748890904013 * CGSolver * pre_2;2;0.229508904757378;
Elapsed=00:00:00.1082745
Learning progress:
1;15044.9441165414 * Precon + -3745.84411654133 * pre_0;17.7308229328208;17.7308229328208;17.7308229328208;17.7308229328208;0.003065;2;-3745.84411654133 * pre_0;1;24.5332745085552;
2;17256.9142857143 * Precon + -5957.8142857143 * pre_0 + -2334.85740079364 * cells_50;9.78606239658598;9.78606239658598;9.78606239658598;9.78606239658598;0.010564;3;-2334.85740079364 * cells_50;1;7.94476053623485;
3;17256.9142857143 * Precon + -5957.81428571429 * pre_0 + -1561.74815934066 * cells_50 + -2783.19326923077 * GradientSolver;8.42801860711412;8.42801860711412;8.42801860711412;8.42801860711412;0.023975;4;-2783.19326923077 * GradientSolver;1;1.35804378947186;
4;17256.9142857143 * Precon + -5957.81428571429 * pre_0 + -1361.52776785716 * cells_50 + -2983.41366071428 * GradientSolver + -2602.86508928571 * pre_4;8.42614040764983;8.42614040764983;8.42614040764983;8.42614040764983;0.043784;5;-2602.86508928571 * pre_4;1;0.00187819946429357;
Elapsed=00:00:00.0439771
Learning progress:
1;12276.3812362637 * Precon + 5756.95855965463 * pre_1;12.0340557324911;12.0340557324911;12.0340557324911;12.0340557324911;0.002119;2;5756.95855965463 * pre_1;1;17.5495052358558;
2;12276.3812362637 * Precon + 4018.27888278388 * pre_1 + 12170.7577380952 * pre_1 * CGSolver;4.87934966935624;4.87934966935624;4.87934966935624;4.87934966935624;0.010359;4;12170.7577380952 * pre_1 * CGSolver;2;3.57735303156744;
3;12098.4615178572 * Precon + 4196.19860119047 * pre_1 + 12170.7577380952 * pre_1 * CGSolver + 2312.95633928568 * pre_4;4.42424638289912;4.42424638289912;4.42424638289912;4.42424638289912;0.023453;5;2312.95633928568 * pre_4;1;0.455103286457125;
4;12098.4615178571 * Precon + 4196.19860119048 * pre_1 + 12170.7577380952 * pre_1 * CGSolver + 1156.47816964287 * pre_4 + 1156.47816964287 * pre_4 * SeqSOR;2.79729442602539;2.79729442602539;2.79729442602539;2.79729442602539;0.043944;7;1156.47816964287 * pre_4 * SeqSOR;2;0.813475978436864;
5;12098.4615178571 * Precon + 4741.44473214285 * pre_1 + 11625.5116071429 * pre_1 * CGSolver + 1156.47816964286 * pre_4 + 1156.47816964286 * pre_4 * SeqSOR + -1635.73839285715 * pre_1 * GradientSolver;2.16343496941765;2.16343496941765;2.16343496941765;2.16343496941765;0.07291;9;-1635.73839285715 * pre_1 * GradientSolver;2;0.316929728303872;
6;12098.4615178571 * Precon + 4741.44473214287 * pre_1 + 11625.5116071429 * pre_1 * CGSolver + 1156.47816964286 * pre_4 + 1156.47816964286 * pre_4 * SeqSOR + -817.869196428579 * pre_1 * GradientSolver + -817.869196428579 * pre_1 * GradientSolver * cells_50;2.16343496941761;2.16343496941761;2.16343496941761;2.16343496941761;0.115434;12;-817.869196428579 * pre_1 * GradientSolver * cells_50;3;1.27305573490351E-14;
Elapsed=00:00:00.1156353
Learning progress:
1;15216.4097077922 * Precon + -1049.98756493507 * SeqGS;14.8122822983834;14.8122822983834;14.8122822983834;14.8122822983834;0.002375;2;-1049.98756493507 * SeqGS;1;11.1998713988022;
2;15216.4097077922 * Precon + -1436.29908279221 * SeqGS + 3476.80366071429 * cells_53;12.9410883957829;12.9410883957829;12.9410883957829;12.9410883957829;0.009681;3;3476.80366071429 * cells_53;1;1.87119390260053;
3;15460.8853974846 * Precon + -1596.73625415281 * SeqGS + 3392.76514238253 * cells_53 + -672.308146654014 * BiCGSTABSolver;11.5847482832165;11.5847482832165;11.5847482832165;11.5847482832165;0.025093;4;-672.308146654014 * BiCGSTABSolver;1;1.35634011256639;
4;16017.360596301 * Precon + -2709.68665178572 * SeqGS + 3949.24034119898 * cells_53 + -4196.65107249149 * BiCGSTABSolver + 7976.14451636904 * BiCGSTABSolver * pre_1;8.1829472001608;8.1829472001608;8.1829472001608;8.1829472001608;0.046725;6;7976.14451636904 * BiCGSTABSolver * pre_1;2;1.70090054152786;
5;12782.2670485437 * Precon + -2301.65683495145 * SeqGS + 3512.06553744798 * cells_53 + -3137.71654785021 * BiCGSTABSolver + 6684.05009639389 * BiCGSTABSolver * pre_1 + 3264.23853467407 * post_0;6.72681546521126;6.72681546521126;6.72681546521126;6.72681546521126;0.076856;7;3264.23853467407 * post_0;1;1.45613173494954;
6;12868.5872130102 * Precon + -2410.77855229591 * SeqGS + 3569.06941964286 * cells_53 + -2362.46375 * BiCGSTABSolver + 6330.62602678572 * BiCGSTABSolver * pre_1 + 3230.03620535714 * post_0 + -838.771409438781 * BiCGSTABSolver * SeqSOR;6.2462550280064;6.2462550280064;6.2462550280064;6.2462550280064;0.12132;9;-838.771409438781 * BiCGSTABSolver * SeqSOR;2;0.24028021860243;
7;7775.4652912415 * Precon + 2682.34336947279 * SeqGS + 3569.06941964286 * cells_53 + -2362.46375000001 * BiCGSTABSolver + 6330.62602678572 * BiCGSTABSolver * pre_1 + 3230.03620535714 * post_0 + -838.771409438767 * BiCGSTABSolver * SeqSOR + 5093.12192176871 * SeqSOR;6.24625502800639;6.24625502800639;6.24625502800639;6.24625502800639;0.179621;10;5093.12192176871 * SeqSOR;1;1.06581410364015E-14;
Elapsed=00:00:00.1798646
Learning progress:
1;13504.4085714286 * Precon + 4262.44991071429 * CGSolver;22.5658889010997;22.5658889010997;22.5658889010997;22.5658889010997;0.002578;2;4262.44991071429 * CGSolver;1;14.6868106833397;
2;14670.2966251638 * Precon + 4408.1859174312 * CGSolver + -3497.66416120577 * pre_2;20.0264321549945;20.0264321549945;20.0264321549945;20.0264321549945;0.010137;3;-3497.66416120577 * pre_2;1;2.53945674610515;
3;15535.0750835422 * Precon + 3764.20195906433 * CGSolver + -4086.44949456976 * pre_2 + -4011.10008354218 * pre_3;17.1591904106498;17.1591904106498;17.1591904106498;17.1591904106498;0.023798;4;-4011.10008354218 * pre_3;1;2.8672417443448;
4;15677.3808371736 * Precon + 3451.12930107527 * CGSolver + -3631.07108294932 * pre_2 + -4153.40583717359 * pre_3 + -3244.5711827957 * pre_2 * LoopSolver;14.8835603567299;14.8835603567299;14.8835603567299;14.8835603567299;0.046169;6;-3244.5711827957 * pre_2 * LoopSolver;2;1.13781502695994;
5;14717.6069921811 * Precon + 3331.15757045121 * CGSolver + -3727.04846744855 * pre_2 + -4309.36908698485 * pre_3 + -2188.81995330401 * pre_2 * LoopSolver + 2231.47418960743 * SeqSOR;14.2080488156239;14.2080488156239;14.2080488156239;14.2080488156239;0.077934;7;2231.47418960743 * SeqSOR;1;0.67551154110601;
6;15610.5566422378 * Precon + 4903.81516308836 * CGSolver + -4806.58461154693 * pre_2 + -4602.57643476467 * pre_3 + -2002.23345926232 * pre_2 * LoopSolver + 1031.98958505368 * SeqSOR + -11688.3110910405 * post_3;11.4561943606728;11.4561943606728;11.4561943606728;11.4561943606728;0.122799;8;-11688.3110910405 * post_3;1;2.75185445495108;
7;15439.2596382784 * Precon + 5251.76220238095 * CGSolver + -4378.34210164836 * pre_2 + -4463.39761904762 * pre_3 + -2259.17896520146 * pre_2 * LoopSolver + 1096.22596153846 * SeqSOR + -11864.9611263736 * post_3 + -926.074427655669 * pre_2 * CGSolver;10.9179075826587;10.9179075826587;10.9179075826587;10.9179075826587;0.177125;10;-926.074427655669 * pre_2 * CGSolver;2;0.269143389007058;
8;15336.5587142857 * Precon + 5343.83889285715 * CGSolver + -4282.724 * pre_2 + -4371.32092857143 * pre_3 + -2436.24952380953 * pre_2 * LoopSolver + 1117.47442857144 * SeqSOR + -11854.3368928571 * post_3 + -1025.23394047619 * pre_2 * CGSolver + 184.153380952385 * LoopSolver;10.9023404411018;10.9023404411018;10.9023404411018;10.9023404411018;0.249259;11;184.153380952385 * LoopSolver;1;0.0155671415569021;
Elapsed=00:00:00.2495040
Learning progress:
1;12721.0557417582 * Precon + 5350.69221742544 * pre_1;23.244431872149;23.244431872149;23.244431872149;23.244431872149;0.0026;2;5350.69221742544 * pre_1;1;17.6575022298736;
2;10545.2561751152 * Precon + 6853.03001344086 * pre_1 + 4714.23239439324 * CGSolver;10.3810377090682;10.3810377090682;10.3810377090682;10.3810377090682;0.011062;3;4714.23239439324 * CGSolver;1;12.8633941630808;
3;10919.2666886269 * Precon + 7202.10649271844 * pre_1 + 4290.35381241332 * CGSolver + -2318.86518377254 * LoopSolver;6.83316156110483;6.83316156110483;6.83316156110483;6.83316156110483;0.023894;4;-2318.86518377254 * LoopSolver;1;3.54787614796341;
4;11028.3873687424 * Precon + 6929.3047924298 * pre_1 + 5290.62671347172 * CGSolver + -2246.11806369556 * LoopSolver + -7492.95336792836 * post_3;5.7303244556036;5.7303244556036;5.7303244556036;5.7303244556036;0.043719;5;-7492.95336792836 * post_3;1;1.10283710550123;
5;12165.1619801553 * Precon + 7125.49939541477 * pre_1 + 5246.38675397511 * CGSolver + -2163.4085742019 * LoopSolver + -7235.20751694812 * post_3 + -1350.28050289657 * cells_50;5.01545786203357;5.01545786203357;5.01545786203357;5.01545786203357;0.071716;6;-1350.28050289657 * cells_50;1;0.714866593570027;
6;12405.2186272321 * Precon + 7044.71110072544 * pre_1 + 5658.02235072544 * CGSolver + -2118.78265904018 * LoopSolver + -7656.07606166294 * post_3 + -1581.10420200892 * cells_50 + -891.748890904013 * CGSolver * pre_2;4.55644005251881;4.55644005251881;4.55644005251881;4.55644005251881;0.110265;8;-891.748890904013 * CGSolver * pre_2;2;0.229508904757378;
7;12405.2186272322 * Precon + 7044.71110072545 * pre_1 + 1219.98954659599 * CGSolver + -2118.78265904018 * LoopSolver + -3218.04325753349 * post_3 + -1581.10420200892 * cells_50 + -891.748890904021 * CGSolver * pre_2 + 4438.03280412947 * CGSolver * post_0;4.55644005251875;4.55644005251875;4.55644005251875;4.55644005251875;0.162911;10;4438.03280412947 * CGSolver * post_0;2;3.01980662698043E-14;
Elapsed=00:00:00.1631461
Learning progress:
1;15044.9441165414 * Precon + -3745.84411654133 * pre_0;17.7308229328208;17.7308229328208;17.7308229328208;17.7308229328208;0.002452;2;-3745.84411654133 * pre_0;1;24.5332745085552;
2;17256.9142857143 * Precon + -5957.8142857143 * pre_0 + -2334.85740079364 * cells_50;9.78606239658598;9.78606239658598;9.78606239658598;9.78606239658598;0.009687;3;-2334.85740079364 * cells_50;1;7.94476053623485;
3;17256.9142857143 * Precon + -5957.81428571429 * pre_0 + -1561.74815934066 * cells_50 + -2783.19326923077 * GradientSolver;8.42801860711412;8.42801860711412;8.42801860711412;8.42801860711412;0.023166;4;-2783.19326923077 * GradientSolver;1;1.35804378947186;
4;17256.9142857143 * Precon + -5957.81428571429 * pre_0 + -1361.52776785716 * cells_50 + -2983.41366071428 * GradientSolver + -2602.86508928571 * pre_4;8.42614040764983;8.42614040764983;8.42614040764983;8.42614040764983;0.042205;5;-2602.86508928571 * pre_4;1;0.00187819946429357;
Elapsed=00:00:00.0424381
Learning progress:
1;12276.3812362637 * Precon + 5756.95855965463 * pre_1;12.0340557324911;12.0340557324911;12.0340557324911;12.0340557324911;0.002657;2;5756.95855965463 * pre_1;1;17.5495052358558;
2;12276.3812362637 * Precon + 4018.27888278388 * pre_1 + 12170.7577380952 * pre_1 * CGSolver;4.87934966935624;4.87934966935624;4.87934966935624;4.87934966935624;0.010318;4;12170.7577380952 * pre_1 * CGSolver;2;3.57735303156744;
3;12098.4615178572 * Precon + 4196.19860119047 * pre_1 + 12170.7577380952 * pre_1 * CGSolver + 2312.95633928568 * pre_4;4.42424638289912;4.42424638289912;4.42424638289912;4.42424638289912;0.022392;5;2312.95633928568 * pre_4;1;0.455103286457125;
4;12098.4615178571 * Precon + 4196.19860119048 * pre_1 + 12170.7577380952 * pre_1 * CGSolver + 1156.47816964287 * pre_4 + 1156.47816964287 * pre_4 * SeqSOR;2.79729442602539;2.79729442602539;2.79729442602539;2.79729442602539;0.04263;7;1156.47816964287 * pre_4 * SeqSOR;2;0.813475978436864;
5;12098.4615178571 * Precon + 4741.44473214285 * pre_1 + 11625.5116071429 * pre_1 * CGSolver + 1156.47816964286 * pre_4 + 1156.47816964286 * pre_4 * SeqSOR + -1635.73839285715 * pre_1 * GradientSolver;2.16343496941765;2.16343496941765;2.16343496941765;2.16343496941765;0.071166;9;-1635.73839285715 * pre_1 * GradientSolver;2;0.316929728303872;
6;12098.4615178571 * Precon + 4741.44473214287 * pre_1 + 11625.5116071429 * pre_1 * CGSolver + 1156.47816964286 * pre_4 + 1156.47816964286 * pre_4 * SeqSOR + -817.869196428579 * pre_1 * GradientSolver + -817.869196428579 * pre_1 * GradientSolver * cells_50;2.16343496941761;2.16343496941761;2.16343496941761;2.16343496941761;0.111847;12;-817.869196428579 * pre_1 * GradientSolver * cells_50;3;1.27305573490351E-14;
Elapsed=00:00:00.1120317
Learning progress:
1;15216.4097077922 * Precon + -1049.98756493507 * SeqGS;14.8122822983834;14.8122822983834;14.8122822983834;14.8122822983834;0.002819;2;-1049.98756493507 * SeqGS;1;11.1998713988022;
2;15216.4097077922 * Precon + -1436.29908279221 * SeqGS + 3476.80366071429 * cells_53;12.9410883957829;12.9410883957829;12.9410883957829;12.9410883957829;0.010075;3;3476.80366071429 * cells_53;1;1.87119390260053;
3;15460.8853974846 * Precon + -1596.73625415281 * SeqGS + 3392.76514238253 * cells_53 + -672.308146654014 * BiCGSTABSolver;11.5847482832165;11.5847482832165;11.5847482832165;11.5847482832165;0.023374;4;-672.308146654014 * BiCGSTABSolver;1;1.35634011256639;
4;16017.360596301 * Precon + -2709.68665178572 * SeqGS + 3949.24034119898 * cells_53 + -4196.65107249149 * BiCGSTABSolver + 7976.14451636904 * BiCGSTABSolver * pre_1;8.1829472001608;8.1829472001608;8.1829472001608;8.1829472001608;0.044068;6;7976.14451636904 * BiCGSTABSolver * pre_1;2;1.70090054152786;
5;12782.2670485437 * Precon + -2301.65683495145 * SeqGS + 3512.06553744798 * cells_53 + -3137.71654785021 * BiCGSTABSolver + 6684.05009639389 * BiCGSTABSolver * pre_1 + 3264.23853467407 * post_0;6.72681546521126;6.72681546521126;6.72681546521126;6.72681546521126;0.075594;7;3264.23853467407 * post_0;1;1.45613173494954;
6;12868.5872130102 * Precon + -2410.77855229591 * SeqGS + 3569.06941964286 * cells_53 + -2362.46375 * BiCGSTABSolver + 6330.62602678572 * BiCGSTABSolver * pre_1 + 3230.03620535714 * post_0 + -838.771409438781 * BiCGSTABSolver * SeqSOR;6.2462550280064;6.2462550280064;6.2462550280064;6.2462550280064;0.120764;9;-838.771409438781 * BiCGSTABSolver * SeqSOR;2;0.24028021860243;
7;7775.4652912415 * Precon + 2682.34336947279 * SeqGS + 3569.06941964286 * cells_53 + -2362.46375000001 * BiCGSTABSolver + 6330.62602678572 * BiCGSTABSolver * pre_1 + 3230.03620535714 * post_0 + -838.771409438767 * BiCGSTABSolver * SeqSOR + 5093.12192176871 * SeqSOR;6.24625502800639;6.24625502800639;6.24625502800639;6.24625502800639;0.179227;10;5093.12192176871 * SeqSOR;1;1.06581410364015E-14;
Elapsed=00:00:00.1794699
Learning progress:
1;13504.4085714286 * Precon + 4262.44991071429 * CGSolver;22.5658889010997;22.5658889010997;22.5658889010997;22.5658889010997;0.002548;2;4262.44991071429 * CGSolver;1;14.6868106833397;
2;14670.2966251638 * Precon + 4408.1859174312 * CGSolver + -3497.66416120577 * pre_2;20.0264321549945;20.0264321549945;20.0264321549945;20.0264321549945;0.010734;3;-3497.66416120577 * pre_2;1;2.53945674610515;
3;15535.0750835422 * Precon + 3764.20195906433 * CGSolver + -4086.44949456976 * pre_2 + -4011.10008354218 * pre_3;17.1591904106498;17.1591904106498;17.1591904106498;17.1591904106498;0.024663;4;-4011.10008354218 * pre_3;1;2.8672417443448;
4;15677.3808371736 * Precon + 3451.12930107527 * CGSolver + -3631.07108294932 * pre_2 + -4153.40583717359 * pre_3 + -3244.5711827957 * pre_2 * LoopSolver;14.8835603567299;14.8835603567299;14.8835603567299;14.8835603567299;0.045137;6;-3244.5711827957 * pre_2 * LoopSolver;2;1.13781502695994;
5;14717.6069921811 * Precon + 3331.15757045121 * CGSolver + -3727.04846744855 * pre_2 + -4309.36908698485 * pre_3 + -2188.81995330401 * pre_2 * LoopSolver + 2231.47418960743 * SeqSOR;14.2080488156239;14.2080488156239;14.2080488156239;14.2080488156239;0.077472;7;2231.47418960743 * SeqSOR;1;0.67551154110601;
6;15610.5566422378 * Precon + 4903.81516308836 * CGSolver + -4806.58461154693 * pre_2 + -4602.57643476467 * pre_3 + -2002.23345926232 * pre_2 * LoopSolver + 1031.98958505368 * SeqSOR + -11688.3110910405 * post_3;11.4561943606728;11.4561943606728;11.4561943606728;11.4561943606728;0.121214;8;-11688.3110910405 * post_3;1;2.75185445495108;
7;15439.2596382784 * Precon + 5251.76220238095 * CGSolver + -4378.34210164836 * pre_2 + -4463.39761904762 * pre_3 + -2259.17896520146 * pre_2 * LoopSolver + 1096.22596153846 * SeqSOR + -11864.9611263736 * post_3 + -926.074427655669 * pre_2 * CGSolver;10.9179075826587;10.9179075826587;10.9179075826587;10.9179075826587;0.176656;10;-926.074427655669 * pre_2 * CGSolver;2;0.269143389007058;
8;15336.5587142857 * Precon + 5343.83889285715 * CGSolver + -4282.724 * pre_2 + -4371.32092857143 * pre_3 + -2436.24952380953 * pre_2 * LoopSolver + 1117.47442857144 * SeqSOR + -11854.3368928571 * post_3 + -1025.23394047619 * pre_2 * CGSolver + 184.153380952385 * LoopSolver;10.9023404411018;10.9023404411018;10.9023404411018;10.9023404411018;0.24866;11;184.153380952385 * LoopSolver;1;0.0155671415569021;
Elapsed=00:00:00.2489017
Learning progress:
1;12721.0557417582 * Precon + 5350.69221742544 * pre_1;23.244431872149;23.244431872149;23.244431872149;23.244431872149;0.002537;2;5350.69221742544 * pre_1;1;17.6575022298736;
2;10545.2561751152 * Precon + 6853.03001344086 * pre_1 + 4714.23239439324 * CGSolver;10.3810377090682;10.3810377090682;10.3810377090682;10.3810377090682;0.009402;3;4714.23239439324 * CGSolver;1;12.8633941630808;
3;10919.2666886269 * Precon + 7202.10649271844 * pre_1 + 4290.35381241332 * CGSolver + -2318.86518377254 * LoopSolver;6.83316156110483;6.83316156110483;6.83316156110483;6.83316156110483;0.02233;4;-2318.86518377254 * LoopSolver;1;3.54787614796341;
4;11028.3873687424 * Precon + 6929.3047924298 * pre_1 + 5290.62671347172 * CGSolver + -2246.11806369556 * LoopSolver + -7492.95336792836 * post_3;5.7303244556036;5.7303244556036;5.7303244556036;5.7303244556036;0.042099;5;-7492.95336792836 * post_3;1;1.10283710550123;
5;12165.1619801553 * Precon + 7125.49939541477 * pre_1 + 5246.38675397511 * CGSolver + -2163.4085742019 * LoopSolver + -7235.20751694812 * post_3 + -1350.28050289657 * cells_50;5.01545786203357;5.01545786203357;5.01545786203357;5.01545786203357;0.070104;6;-1350.28050289657 * cells_50;1;0.714866593570027;
6;12405.2186272321 * Precon + 7044.71110072544 * pre_1 + 5658.02235072544 * CGSolver + -2118.78265904018 * LoopSolver + -7656.07606166294 * post_3 + -1581.10420200892 * cells_50 + -891.748890904013 * CGSolver * pre_2;4.55644005251881;4.55644005251881;4.55644005251881;4.55644005251881;0.108456;8;-891.748890904013 * CGSolver * pre_2;2;0.229508904757378;
7;12405.2186272322 * Precon + 7044.71110072545 * pre_1 + 1219.98954659599 * CGSolver + -2118.78265904018 * LoopSolver + -3218.04325753349 * post_3 + -1581.10420200892 * cells_50 + -891.748890904021 * CGSolver * pre_2 + 4438.03280412947 * CGSolver * post_0;4.55644005251875;4.55644005251875;4.55644005251875;4.55644005251875;0.164857;10;4438.03280412947 * CGSolver * post_0;2;3.01980662698043E-14;
Elapsed=00:00:00.1650922
Learning progress:
1;15044.9441165414 * Precon + -3745.84411654133 * pre_0;17.7308229328208;17.7308229328208;17.7308229328208;17.7308229328208;0.002828;2;-3745.84411654133 * pre_0;1;24.5332745085552;
2;17256.9142857143 * Precon + -5957.8142857143 * pre_0 + -2334.85740079364 * cells_50;9.78606239658598;9.78606239658598;9.78606239658598;9.78606239658598;0.011286;3;-2334.85740079364 * cells_50;1;7.94476053623485;
3;17256.9142857143 * Precon + -5957.81428571429 * pre_0 + -1561.74815934066 * cells_50 + -2783.19326923077 * GradientSolver;8.42801860711412;8.42801860711412;8.42801860711412;8.42801860711412;0.024433;4;-2783.19326923077 * GradientSolver;1;1.35804378947186;
4;17256.9142857143 * Precon + -5957.81428571429 * pre_0 + -1361.52776785716 * cells_50 + -2983.41366071428 * GradientSolver + -2602.86508928571 * pre_4;8.42614040764983;8.42614040764983;8.42614040764983;8.42614040764983;0.043708;5;-2602.86508928571 * pre_4;1;0.00187819946429357;
Elapsed=00:00:00.0439029
Learning progress:
1;12276.3812362637 * Precon + 5756.95855965463 * pre_1;12.0340557324911;12.0340557324911;12.0340557324911;12.0340557324911;0.002849;2;5756.95855965463 * pre_1;1;17.5495052358558;
2;12276.3812362637 * Precon + 4018.27888278388 * pre_1 + 12170.7577380952 * pre_1 * CGSolver;4.87934966935624;4.87934966935624;4.87934966935624;4.87934966935624;0.011833;4;12170.7577380952 * pre_1 * CGSolver;2;3.57735303156744;
3;12098.4615178572 * Precon + 4196.19860119047 * pre_1 + 12170.7577380952 * pre_1 * CGSolver + 2312.95633928568 * pre_4;4.42424638289912;4.42424638289912;4.42424638289912;4.42424638289912;0.025274;5;2312.95633928568 * pre_4;1;0.455103286457125;
Elapsed=00:00:00.0254500
Learning progress:
1;15216.4097077922 * Precon + -1049.98756493507 * SeqGS;14.8122822983834;14.8122822983834;14.8122822983834;14.8122822983834;0.002431;2;-1049.98756493507 * SeqGS;1;11.1998713988022;
2;15216.4097077922 * Precon + -1436.29908279221 * SeqGS + 3476.80366071429 * cells_53;12.9410883957829;12.9410883957829;12.9410883957829;12.9410883957829;0.009786;3;3476.80366071429 * cells_53;1;1.87119390260053;
3;15460.8853974846 * Precon + -1596.73625415281 * SeqGS + 3392.76514238253 * cells_53 + -672.308146654014 * BiCGSTABSolver;11.5847482832165;11.5847482832165;11.5847482832165;11.5847482832165;0.023773;4;-672.308146654014 * BiCGSTABSolver;1;1.35634011256639;
4;16017.360596301 * Precon + -2709.68665178572 * SeqGS + 3949.24034119898 * cells_53 + -4196.65107249149 * BiCGSTABSolver + 7976.14451636904 * BiCGSTABSolver * pre_1;8.1829472001608;8.1829472001608;8.1829472001608;8.1829472001608;0.04718;6;7976.14451636904 * BiCGSTABSolver * pre_1;2;1.70090054152786;
5;12782.2670485437 * Precon + -2301.65683495145 * SeqGS + 3512.06553744798 * cells_53 + -3137.71654785021 * BiCGSTABSolver + 6684.05009639389 * BiCGSTABSolver * pre_1 + 3264.23853467407 * post_0;6.72681546521126;6.72681546521126;6.72681546521126;6.72681546521126;0.080686;7;3264.23853467407 * post_0;1;1.45613173494954;
6;12868.5872130102 * Precon + -2410.77855229591 * SeqGS + 3569.06941964286 * cells_53 + -2362.46375 * BiCGSTABSolver + 6330.62602678572 * BiCGSTABSolver * pre_1 + 3230.03620535714 * post_0 + -838.771409438781 * BiCGSTABSolver * SeqSOR;6.2462550280064;6.2462550280064;6.2462550280064;6.2462550280064;0.126823;9;-838.771409438781 * BiCGSTABSolver * SeqSOR;2;0.24028021860243;
Elapsed=00:00:00.1270442
Learning progress:
1;13504.4085714286 * Precon + 4262.44991071429 * CGSolver;22.5658889010997;22.5658889010997;22.5658889010997;22.5658889010997;0.002601;2;4262.44991071429 * CGSolver;1;14.6868106833397;
2;14670.2966251638 * Precon + 4408.1859174312 * CGSolver + -3497.66416120577 * pre_2;20.0264321549945;20.0264321549945;20.0264321549945;20.0264321549945;0.010698;3;-3497.66416120577 * pre_2;1;2.53945674610515;
3;15535.0750835422 * Precon + 3764.20195906433 * CGSolver + -4086.44949456976 * pre_2 + -4011.10008354218 * pre_3;17.1591904106498;17.1591904106498;17.1591904106498;17.1591904106498;0.023276;4;-4011.10008354218 * pre_3;1;2.8672417443448;
4;15677.3808371736 * Precon + 3451.12930107527 * CGSolver + -3631.07108294932 * pre_2 + -4153.40583717359 * pre_3 + -3244.5711827957 * pre_2 * LoopSolver;14.8835603567299;14.8835603567299;14.8835603567299;14.8835603567299;0.048123;6;-3244.5711827957 * pre_2 * LoopSolver;2;1.13781502695994;
5;14717.6069921811 * Precon + 3331.15757045121 * CGSolver + -3727.04846744855 * pre_2 + -4309.36908698485 * pre_3 + -2188.81995330401 * pre_2 * LoopSolver + 2231.47418960743 * SeqSOR;14.2080488156239;14.2080488156239;14.2080488156239;14.2080488156239;0.081204;7;2231.47418960743 * SeqSOR;1;0.67551154110601;
6;15610.5566422378 * Precon + 4903.81516308836 * CGSolver + -4806.58461154693 * pre_2 + -4602.57643476467 * pre_3 + -2002.23345926232 * pre_2 * LoopSolver + 1031.98958505368 * SeqSOR + -11688.3110910405 * post_3;11.4561943606728;11.4561943606728;11.4561943606728;11.4561943606728;0.12605;8;-11688.3110910405 * post_3;1;2.75185445495108;
7;15439.2596382784 * Precon + 5251.76220238095 * CGSolver + -4378.34210164836 * pre_2 + -4463.39761904762 * pre_3 + -2259.17896520146 * pre_2 * LoopSolver + 1096.22596153846 * SeqSOR + -11864.9611263736 * post_3 + -926.074427655669 * pre_2 * CGSolver;10.9179075826587;10.9179075826587;10.9179075826587;10.9179075826587;0.185201;10;-926.074427655669 * pre_2 * CGSolver;2;0.269143389007058;
Elapsed=00:00:00.1854309
Learning progress:
1;12721.0557417582 * Precon + 5350.69221742544 * pre_1;23.244431872149;23.244431872149;23.244431872149;23.244431872149;0.002148;2;5350.69221742544 * pre_1;1;17.6575022298736;
2;10545.2561751152 * Precon + 6853.03001344086 * pre_1 + 4714.23239439324 * CGSolver;10.3810377090682;10.3810377090682;10.3810377090682;10.3810377090682;0.016111;3;4714.23239439324 * CGSolver;1;12.8633941630808;
3;10919.2666886269 * Precon + 7202.10649271844 * pre_1 + 4290.35381241332 * CGSolver + -2318.86518377254 * LoopSolver;6.83316156110483;6.83316156110483;6.83316156110483;6.83316156110483;0.030086;4;-2318.86518377254 * LoopSolver;1;3.54787614796341;
4;11028.3873687424 * Precon + 6929.3047924298 * pre_1 + 5290.62671347172 * CGSolver + -2246.11806369556 * LoopSolver + -7492.95336792836 * post_3;5.7303244556036;5.7303244556036;5.7303244556036;5.7303244556036;0.049571;5;-7492.95336792836 * post_3;1;1.10283710550123;
5;12165.1619801553 * Precon + 7125.49939541477 * pre_1 + 5246.38675397511 * CGSolver + -2163.4085742019 * LoopSolver + -7235.20751694812 * post_3 + -1350.28050289657 * cells_50;5.01545786203357;5.01545786203357;5.01545786203357;5.01545786203357;0.076271;6;-1350.28050289657 * cells_50;1;0.714866593570027;
6;12405.2186272321 * Precon + 7044.71110072544 * pre_1 + 5658.02235072544 * CGSolver + -2118.78265904018 * LoopSolver + -7656.07606166294 * post_3 + -1581.10420200892 * cells_50 + -891.748890904013 * CGSolver * pre_2;4.55644005251881;4.55644005251881;4.55644005251881;4.55644005251881;0.117637;8;-891.748890904013 * CGSolver * pre_2;2;0.229508904757378;
Elapsed=00:00:00.1178504
Learning progress:
1;15044.9441165414 * Precon + -3745.84411654133 * pre_0;17.7308229328208;17.7308229328208;17.7308229328208;17.7308229328208;0.002849;2;-3745.84411654133 * pre_0;1;24.5332745085552;
2;17256.9142857143 * Precon + -5957.8142857143 * pre_0 + -2334.85740079364 * cells_50;9.78606239658598;9.78606239658598;9.78606239658598;9.78606239658598;0.01076;3;-2334.85740079364 * cells_50;1;7.94476053623485;
3;17256.9142857143 * Precon + -5957.81428571429 * pre_0 + -1561.74815934066 * cells_50 + -2783.19326923077 * GradientSolver;8.42801860711412;8.42801860711412;8.42801860711412;8.42801860711412;0.023031;4;-2783.19326923077 * GradientSolver;1;1.35804378947186;
4;17256.9142857143 * Precon + -5957.81428571429 * pre_0 + -1361.52776785716 * cells_50 + -2983.41366071428 * GradientSolver + -2602.86508928571 * pre_4;8.42614040764983;8.42614040764983;8.42614040764983;8.42614040764983;0.042494;5;-2602.86508928571 * pre_4;1;0.00187819946429357;
Elapsed=00:00:00.0426859
Learning progress:
1;12276.3812362637 * Precon + 5756.95855965463 * pre_1;12.0340557324911;12.0340557324911;12.0340557324911;12.0340557324911;0.002334;2;5756.95855965463 * pre_1;1;17.5495052358558;
2;12276.3812362637 * Precon + 4018.27888278388 * pre_1 + 12170.7577380952 * pre_1 * CGSolver;4.87934966935624;4.87934966935624;4.87934966935624;4.87934966935624;0.010263;4;12170.7577380952 * pre_1 * CGSolver;2;3.57735303156744;
3;12098.4615178572 * Precon + 4196.19860119047 * pre_1 + 12170.7577380952 * pre_1 * CGSolver + 2312.95633928568 * pre_4;4.42424638289912;4.42424638289912;4.42424638289912;4.42424638289912;0.023059;5;2312.95633928568 * pre_4;1;0.455103286457125;
4;12098.4615178571 * Precon + 4196.19860119048 * pre_1 + 12170.7577380952 * pre_1 * CGSolver + 1156.47816964287 * pre_4 + 1156.47816964287 * pre_4 * SeqSOR;2.79729442602539;2.79729442602539;2.79729442602539;2.79729442602539;0.042574;7;1156.47816964287 * pre_4 * SeqSOR;2;0.813475978436864;
5;12098.4615178571 * Precon + 4741.44473214285 * pre_1 + 11625.5116071429 * pre_1 * CGSolver + 1156.47816964286 * pre_4 + 1156.47816964286 * pre_4 * SeqSOR + -1635.73839285715 * pre_1 * GradientSolver;2.16343496941765;2.16343496941765;2.16343496941765;2.16343496941765;0.071955;9;-1635.73839285715 * pre_1 * GradientSolver;2;0.316929728303872;
6;12098.4615178571 * Precon + 4741.44473214287 * pre_1 + 11625.5116071429 * pre_1 * CGSolver + 1156.47816964286 * pre_4 + 1156.47816964286 * pre_4 * SeqSOR + -817.869196428579 * pre_1 * GradientSolver + -817.869196428579 * pre_1 * GradientSolver * cells_50;2.16343496941761;2.16343496941761;2.16343496941761;2.16343496941761;0.113195;12;-817.869196428579 * pre_1 * GradientSolver * cells_50;3;1.27305573490351E-14;
Elapsed=00:00:00.1134051
Learning progress:
1;15216.4097077922 * Precon + -1049.98756493507 * SeqGS;14.8122822983834;14.8122822983834;14.8122822983834;14.8122822983834;0.0035;2;-1049.98756493507 * SeqGS;1;11.1998713988022;
2;15216.4097077922 * Precon + -1436.29908279221 * SeqGS + 3476.80366071429 * cells_53;12.9410883957829;12.9410883957829;12.9410883957829;12.9410883957829;0.010834;3;3476.80366071429 * cells_53;1;1.87119390260053;
3;15460.8853974846 * Precon + -1596.73625415281 * SeqGS + 3392.76514238253 * cells_53 + -672.308146654014 * BiCGSTABSolver;11.5847482832165;11.5847482832165;11.5847482832165;11.5847482832165;0.024499;4;-672.308146654014 * BiCGSTABSolver;1;1.35634011256639;
4;16017.360596301 * Precon + -2709.68665178572 * SeqGS + 3949.24034119898 * cells_53 + -4196.65107249149 * BiCGSTABSolver + 7976.14451636904 * BiCGSTABSolver * pre_1;8.1829472001608;8.1829472001608;8.1829472001608;8.1829472001608;0.044847;6;7976.14451636904 * BiCGSTABSolver * pre_1;2;1.70090054152786;
5;12782.2670485437 * Precon + -2301.65683495145 * SeqGS + 3512.06553744798 * cells_53 + -3137.71654785021 * BiCGSTABSolver + 6684.05009639389 * BiCGSTABSolver * pre_1 + 3264.23853467407 * post_0;6.72681546521126;6.72681546521126;6.72681546521126;6.72681546521126;0.076099;7;3264.23853467407 * post_0;1;1.45613173494954;
6;12868.5872130102 * Precon + -2410.77855229591 * SeqGS + 3569.06941964286 * cells_53 + -2362.46375 * BiCGSTABSolver + 6330.62602678572 * BiCGSTABSolver * pre_1 + 3230.03620535714 * post_0 + -838.771409438781 * BiCGSTABSolver * SeqSOR;6.2462550280064;6.2462550280064;6.2462550280064;6.2462550280064;0.119957;9;-838.771409438781 * BiCGSTABSolver * SeqSOR;2;0.24028021860243;
7;7775.4652912415 * Precon + 2682.34336947279 * SeqGS + 3569.06941964286 * cells_53 + -2362.46375000001 * BiCGSTABSolver + 6330.62602678572 * BiCGSTABSolver * pre_1 + 3230.03620535714 * post_0 + -838.771409438767 * BiCGSTABSolver * SeqSOR + 5093.12192176871 * SeqSOR;6.24625502800639;6.24625502800639;6.24625502800639;6.24625502800639;0.17899;10;5093.12192176871 * SeqSOR;1;1.06581410364015E-14;
Elapsed=00:00:00.1792222
Learning progress:
1;13504.4085714286 * Precon + 4262.44991071429 * CGSolver;22.5658889010997;22.5658889010997;22.5658889010997;22.5658889010997;0.003149;2;4262.44991071429 * CGSolver;1;14.6868106833397;
2;14670.2966251638 * Precon + 4408.1859174312 * CGSolver + -3497.66416120577 * pre_2;20.0264321549945;20.0264321549945;20.0264321549945;20.0264321549945;0.011508;3;-3497.66416120577 * pre_2;1;2.53945674610515;
3;15535.0750835422 * Precon + 3764.20195906433 * CGSolver + -4086.44949456976 * pre_2 + -4011.10008354218 * pre_3;17.1591904106498;17.1591904106498;17.1591904106498;17.1591904106498;0.023962;4;-4011.10008354218 * pre_3;1;2.8672417443448;
4;15677.3808371736 * Precon + 3451.12930107527 * CGSolver + -3631.07108294932 * pre_2 + -4153.40583717359 * pre_3 + -3244.5711827957 * pre_2 * LoopSolver;14.8835603567299;14.8835603567299;14.8835603567299;14.8835603567299;0.045177;6;-3244.5711827957 * pre_2 * LoopSolver;2;1.13781502695994;
5;14717.6069921811 * Precon + 3331.15757045121 * CGSolver + -3727.04846744855 * pre_2 + -4309.36908698485 * pre_3 + -2188.81995330401 * pre_2 * LoopSolver + 2231.47418960743 * SeqSOR;14.2080488156239;14.2080488156239;14.2080488156239;14.2080488156239;0.075548;7;2231.47418960743 * SeqSOR;1;0.67551154110601;
6;15610.5566422378 * Precon + 4903.81516308836 * CGSolver + -4806.58461154693 * pre_2 + -4602.57643476467 * pre_3 + -2002.23345926232 * pre_2 * LoopSolver + 1031.98958505368 * SeqSOR + -11688.3110910405 * post_3;11.4561943606728;11.4561943606728;11.4561943606728;11.4561943606728;0.120763;8;-11688.3110910405 * post_3;1;2.75185445495108;
7;15439.2596382784 * Precon + 5251.76220238095 * CGSolver + -4378.34210164836 * pre_2 + -4463.39761904762 * pre_3 + -2259.17896520146 * pre_2 * LoopSolver + 1096.22596153846 * SeqSOR + -11864.9611263736 * post_3 + -926.074427655669 * pre_2 * CGSolver;10.9179075826587;10.9179075826587;10.9179075826587;10.9179075826587;0.175979;10;-926.074427655669 * pre_2 * CGSolver;2;0.269143389007058;
8;15336.5587142857 * Precon + 5343.83889285715 * CGSolver + -4282.724 * pre_2 + -4371.32092857143 * pre_3 + -2436.24952380953 * pre_2 * LoopSolver + 1117.47442857144 * SeqSOR + -11854.3368928571 * post_3 + -1025.23394047619 * pre_2 * CGSolver + 184.153380952385 * LoopSolver;10.9023404411018;10.9023404411018;10.9023404411018;10.9023404411018;0.248717;11;184.153380952385 * LoopSolver;1;0.0155671415569021;
Elapsed=00:00:00.2489595
Learning progress:
1;12721.0557417582 * Precon + 5350.69221742544 * pre_1;23.244431872149;23.244431872149;23.244431872149;23.244431872149;0.002423;2;5350.69221742544 * pre_1;1;17.6575022298736;
2;10545.2561751152 * Precon + 6853.03001344086 * pre_1 + 4714.23239439324 * CGSolver;10.3810377090682;10.3810377090682;10.3810377090682;10.3810377090682;0.009859;3;4714.23239439324 * CGSolver;1;12.8633941630808;
3;10919.2666886269 * Precon + 7202.10649271844 * pre_1 + 4290.35381241332 * CGSolver + -2318.86518377254 * LoopSolver;6.83316156110483;6.83316156110483;6.83316156110483;6.83316156110483;0.022739;4;-2318.86518377254 * LoopSolver;1;3.54787614796341;
4;11028.3873687424 * Precon + 6929.3047924298 * pre_1 + 5290.62671347172 * CGSolver + -2246.11806369556 * LoopSolver + -7492.95336792836 * post_3;5.7303244556036;5.7303244556036;5.7303244556036;5.7303244556036;0.042373;5;-7492.95336792836 * post_3;1;1.10283710550123;
5;12165.1619801553 * Precon + 7125.49939541477 * pre_1 + 5246.38675397511 * CGSolver + -2163.4085742019 * LoopSolver + -7235.20751694812 * post_3 + -1350.28050289657 * cells_50;5.01545786203357;5.01545786203357;5.01545786203357;5.01545786203357;0.068888;6;-1350.28050289657 * cells_50;1;0.714866593570027;
6;12405.2186272321 * Precon + 7044.71110072544 * pre_1 + 5658.02235072544 * CGSolver + -2118.78265904018 * LoopSolver + -7656.07606166294 * post_3 + -1581.10420200892 * cells_50 + -891.748890904013 * CGSolver * pre_2;4.55644005251881;4.55644005251881;4.55644005251881;4.55644005251881;0.107853;8;-891.748890904013 * CGSolver * pre_2;2;0.229508904757378;
7;12405.2186272322 * Precon + 7044.71110072545 * pre_1 + 1219.98954659599 * CGSolver + -2118.78265904018 * LoopSolver + -3218.04325753349 * post_3 + -1581.10420200892 * cells_50 + -891.748890904021 * CGSolver * pre_2 + 4438.03280412947 * CGSolver * post_0;4.55644005251875;4.55644005251875;4.55644005251875;4.55644005251875;0.160815;10;4438.03280412947 * CGSolver * post_0;2;3.01980662698043E-14;
Elapsed=00:00:00.1610534
Learning progress:
1;15044.9441165414 * Precon + -3745.84411654133 * pre_0;17.7308229328208;17.7308229328208;17.7308229328208;17.7308229328208;0.002313;2;-3745.84411654133 * pre_0;1;24.5332745085552;
2;17256.9142857143 * Precon + -5957.8142857143 * pre_0 + -2334.85740079364 * cells_50;9.78606239658598;9.78606239658598;9.78606239658598;9.78606239658598;0.009329;3;-2334.85740079364 * cells_50;1;7.94476053623485;
3;17256.9142857143 * Precon + -5957.81428571429 * pre_0 + -1561.74815934066 * cells_50 + -2783.19326923077 * GradientSolver;8.42801860711412;8.42801860711412;8.42801860711412;8.42801860711412;0.021503;4;-2783.19326923077 * GradientSolver;1;1.35804378947186;
4;17256.9142857143 * Precon + -5957.81428571429 * pre_0 + -1361.52776785716 * cells_50 + -2983.41366071428 * GradientSolver + -2602.86508928571 * pre_4;8.42614040764983;8.42614040764983;8.42614040764983;8.42614040764983;0.040391;5;-2602.86508928571 * pre_4;1;0.00187819946429357;
Elapsed=00:00:00.0405851
Learning progress:
1;12276.3812362637 * Precon + 5756.95855965463 * pre_1;12.0340557324911;12.0340557324911;12.0340557324911;12.0340557324911;0.002188;2;5756.95855965463 * pre_1;1;17.5495052358558;
2;12276.3812362637 * Precon + 4018.27888278388 * pre_1 + 12170.7577380952 * pre_1 * CGSolver;4.87934966935624;4.87934966935624;4.87934966935624;4.87934966935624;0.008694;4;12170.7577380952 * pre_1 * CGSolver;2;3.57735303156744;
3;12098.4615178572 * Precon + 4196.19860119047 * pre_1 + 12170.7577380952 * pre_1 * CGSolver + 2312.95633928568 * pre_4;4.42424638289912;4.42424638289912;4.42424638289912;4.42424638289912;0.021746;5;2312.95633928568 * pre_4;1;0.455103286457125;
4;12098.4615178571 * Precon + 4196.19860119048 * pre_1 + 12170.7577380952 * pre_1 * CGSolver + 1156.47816964287 * pre_4 + 1156.47816964287 * pre_4 * SeqSOR;2.79729442602539;2.79729442602539;2.79729442602539;2.79729442602539;0.041842;7;1156.47816964287 * pre_4 * SeqSOR;2;0.813475978436864;
5;12098.4615178571 * Precon + 4741.44473214285 * pre_1 + 11625.5116071429 * pre_1 * CGSolver + 1156.47816964286 * pre_4 + 1156.47816964286 * pre_4 * SeqSOR + -1635.73839285715 * pre_1 * GradientSolver;2.16343496941765;2.16343496941765;2.16343496941765;2.16343496941765;0.072053;9;-1635.73839285715 * pre_1 * GradientSolver;2;0.316929728303872;
6;12098.4615178571 * Precon + 4741.44473214287 * pre_1 + 11625.5116071429 * pre_1 * CGSolver + 1156.47816964286 * pre_4 + 1156.47816964286 * pre_4 * SeqSOR + -817.869196428579 * pre_1 * GradientSolver + -817.869196428579 * pre_1 * GradientSolver * cells_50;2.16343496941761;2.16343496941761;2.16343496941761;2.16343496941761;0.11329;12;-817.869196428579 * pre_1 * GradientSolver * cells_50;3;1.27305573490351E-14;
Elapsed=00:00:00.1135070
Learning progress:
1;15216.4097077922 * Precon + -1049.98756493507 * SeqGS;14.8122822983834;14.8122822983834;14.8122822983834;14.8122822983834;0.003688;2;-1049.98756493507 * SeqGS;1;11.1998713988022;
2;15216.4097077922 * Precon + -1436.29908279221 * SeqGS + 3476.80366071429 * cells_53;12.9410883957829;12.9410883957829;12.9410883957829;12.9410883957829;0.010953;3;3476.80366071429 * cells_53;1;1.87119390260053;
3;15460.8853974846 * Precon + -1596.73625415281 * SeqGS + 3392.76514238253 * cells_53 + -672.308146654014 * BiCGSTABSolver;11.5847482832165;11.5847482832165;11.5847482832165;11.5847482832165;0.024357;4;-672.308146654014 * BiCGSTABSolver;1;1.35634011256639;
4;16017.360596301 * Precon + -2709.68665178572 * SeqGS + 3949.24034119898 * cells_53 + -4196.65107249149 * BiCGSTABSolver + 7976.14451636904 * BiCGSTABSolver * pre_1;8.1829472001608;8.1829472001608;8.1829472001608;8.1829472001608;0.045027;6;7976.14451636904 * BiCGSTABSolver * pre_1;2;1.70090054152786;
5;12782.2670485437 * Precon + -2301.65683495145 * SeqGS + 3512.06553744798 * cells_53 + -3137.71654785021 * BiCGSTABSolver + 6684.05009639389 * BiCGSTABSolver * pre_1 + 3264.23853467407 * post_0;6.72681546521126;6.72681546521126;6.72681546521126;6.72681546521126;0.077652;7;3264.23853467407 * post_0;1;1.45613173494954;
6;12868.5872130102 * Precon + -2410.77855229591 * SeqGS + 3569.06941964286 * cells_53 + -2362.46375 * BiCGSTABSolver + 6330.62602678572 * BiCGSTABSolver * pre_1 + 3230.03620535714 * post_0 + -838.771409438781 * BiCGSTABSolver * SeqSOR;6.2462550280064;6.2462550280064;6.2462550280064;6.2462550280064;0.122366;9;-838.771409438781 * BiCGSTABSolver * SeqSOR;2;0.24028021860243;
7;7775.4652912415 * Precon + 2682.34336947279 * SeqGS + 3569.06941964286 * cells_53 + -2362.46375000001 * BiCGSTABSolver + 6330.62602678572 * BiCGSTABSolver * pre_1 + 3230.03620535714 * post_0 + -838.771409438767 * BiCGSTABSolver * SeqSOR + 5093.12192176871 * SeqSOR;6.24625502800639;6.24625502800639;6.24625502800639;6.24625502800639;0.182628;10;5093.12192176871 * SeqSOR;1;1.06581410364015E-14;
Elapsed=00:00:00.1828621
Learning progress:
1;13504.4085714286 * Precon + 4262.44991071429 * CGSolver;22.5658889010997;22.5658889010997;22.5658889010997;22.5658889010997;0.002461;2;4262.44991071429 * CGSolver;1;14.6868106833397;
2;14670.2966251638 * Precon + 4408.1859174312 * CGSolver + -3497.66416120577 * pre_2;20.0264321549945;20.0264321549945;20.0264321549945;20.0264321549945;0.009449;3;-3497.66416120577 * pre_2;1;2.53945674610515;
3;15535.0750835422 * Precon + 3764.20195906433 * CGSolver + -4086.44949456976 * pre_2 + -4011.10008354218 * pre_3;17.1591904106498;17.1591904106498;17.1591904106498;17.1591904106498;0.022665;4;-4011.10008354218 * pre_3;1;2.8672417443448;
4;15677.3808371736 * Precon + 3451.12930107527 * CGSolver + -3631.07108294932 * pre_2 + -4153.40583717359 * pre_3 + -3244.5711827957 * pre_2 * LoopSolver;14.8835603567299;14.8835603567299;14.8835603567299;14.8835603567299;0.043913;6;-3244.5711827957 * pre_2 * LoopSolver;2;1.13781502695994;
5;14717.6069921811 * Precon + 3331.15757045121 * CGSolver + -3727.04846744855 * pre_2 + -4309.36908698485 * pre_3 + -2188.81995330401 * pre_2 * LoopSolver + 2231.47418960743 * SeqSOR;14.2080488156239;14.2080488156239;14.2080488156239;14.2080488156239;0.074765;7;2231.47418960743 * SeqSOR;1;0.67551154110601;
6;15610.5566422378 * Precon + 4903.81516308836 * CGSolver + -4806.58461154693 * pre_2 + -4602.57643476467 * pre_3 + -2002.23345926232 * pre_2 * LoopSolver + 1031.98958505368 * SeqSOR + -11688.3110910405 * post_3;11.4561943606728;11.4561943606728;11.4561943606728;11.4561943606728;0.119177;8;-11688.3110910405 * post_3;1;2.75185445495108;
7;15439.2596382784 * Precon + 5251.76220238095 * CGSolver + -4378.34210164836 * pre_2 + -4463.39761904762 * pre_3 + -2259.17896520146 * pre_2 * LoopSolver + 1096.22596153846 * SeqSOR + -11864.9611263736 * post_3 + -926.074427655669 * pre_2 * CGSolver;10.9179075826587;10.9179075826587;10.9179075826587;10.9179075826587;0.176884;10;-926.074427655669 * pre_2 * CGSolver;2;0.269143389007058;
8;15336.5587142857 * Precon + 5343.83889285715 * CGSolver + -4282.724 * pre_2 + -4371.32092857143 * pre_3 + -2436.24952380953 * pre_2 * LoopSolver + 1117.47442857144 * SeqSOR + -11854.3368928571 * post_3 + -1025.23394047619 * pre_2 * CGSolver + 184.153380952385 * LoopSolver;10.9023404411018;10.9023404411018;10.9023404411018;10.9023404411018;0.24999;11;184.153380952385 * LoopSolver;1;0.0155671415569021;
Elapsed=00:00:00.2502339
Learning progress:
1;12721.0557417582 * Precon + 5350.69221742544 * pre_1;23.244431872149;23.244431872149;23.244431872149;23.244431872149;0.002469;2;5350.69221742544 * pre_1;1;17.6575022298736;
2;10545.2561751152 * Precon + 6853.03001344086 * pre_1 + 4714.23239439324 * CGSolver;10.3810377090682;10.3810377090682;10.3810377090682;10.3810377090682;0.010341;3;4714.23239439324 * CGSolver;1;12.8633941630808;
3;10919.2666886269 * Precon + 7202.10649271844 * pre_1 + 4290.35381241332 * CGSolver + -2318.86518377254 * LoopSolver;6.83316156110483;6.83316156110483;6.83316156110483;6.83316156110483;0.023403;4;-2318.86518377254 * LoopSolver;1;3.54787614796341;
4;11028.3873687424 * Precon + 6929.3047924298 * pre_1 + 5290.62671347172 * CGSolver + -2246.11806369556 * LoopSolver + -7492.95336792836 * post_3;5.7303244556036;5.7303244556036;5.7303244556036;5.7303244556036;0.042516;5;-7492.95336792836 * post_3;1;1.10283710550123;
5;12165.1619801553 * Precon + 7125.49939541477 * pre_1 + 5246.38675397511 * CGSolver + -2163.4085742019 * LoopSolver + -7235.20751694812 * post_3 + -1350.28050289657 * cells_50;5.01545786203357;5.01545786203357;5.01545786203357;5.01545786203357;0.069212;6;-1350.28050289657 * cells_50;1;0.714866593570027;
6;12405.2186272321 * Precon + 7044.71110072544 * pre_1 + 5658.02235072544 * CGSolver + -2118.78265904018 * LoopSolver + -7656.07606166294 * post_3 + -1581.10420200892 * cells_50 + -891.748890904013 * CGSolver * pre_2;4.55644005251881;4.55644005251881;4.55644005251881;4.55644005251881;0.109944;8;-891.748890904013 * CGSolver * pre_2;2;0.229508904757378;
7;12405.2186272322 * Precon + 7044.71110072545 * pre_1 + 1219.98954659599 * CGSolver + -2118.78265904018 * LoopSolver + -3218.04325753349 * post_3 + -1581.10420200892 * cells_50 + -891.748890904021 * CGSolver * pre_2 + 4438.03280412947 * CGSolver * post_0;4.55644005251875;4.55644005251875;4.55644005251875;4.55644005251875;0.163035;10;4438.03280412947 * CGSolver * post_0;2;3.01980662698043E-14;
Elapsed=00:00:00.1632635
Learning progress:
1;15044.9441165414 * Precon + -3745.84411654133 * pre_0;17.7308229328208;17.7308229328208;17.7308229328208;17.7308229328208;0.002142;2;-3745.84411654133 * pre_0;1;24.5332745085552;
2;17256.9142857143 * Precon + -5957.8142857143 * pre_0 + -2334.85740079364 * cells_50;9.78606239658598;9.78606239658598;9.78606239658598;9.78606239658598;0.008281;3;-2334.85740079364 * cells_50;1;7.94476053623485;
3;17256.9142857143 * Precon + -5957.81428571429 * pre_0 + -1561.74815934066 * cells_50 + -2783.19326923077 * GradientSolver;8.42801860711412;8.42801860711412;8.42801860711412;8.42801860711412;0.021362;4;-2783.19326923077 * GradientSolver;1;1.35804378947186;
4;17256.9142857143 * Precon + -5957.81428571429 * pre_0 + -1361.52776785716 * cells_50 + -2983.41366071428 * GradientSolver + -2602.86508928571 * pre_4;8.42614040764983;8.42614040764983;8.42614040764983;8.42614040764983;0.040374;5;-2602.86508928571 * pre_4;1;0.00187819946429357;
Elapsed=00:00:00.0405724
Learning progress:
1;12276.3812362637 * Precon + 5756.95855965463 * pre_1;12.0340557324911;12.0340557324911;12.0340557324911;12.0340557324911;0.002794;2;5756.95855965463 * pre_1;1;17.5495052358558;
2;12276.3812362637 * Precon + 4018.27888278388 * pre_1 + 12170.7577380952 * pre_1 * CGSolver;4.87934966935624;4.87934966935624;4.87934966935624;4.87934966935624;0.010727;4;12170.7577380952 * pre_1 * CGSolver;2;3.57735303156744;
3;12098.4615178572 * Precon + 4196.19860119047 * pre_1 + 12170.7577380952 * pre_1 * CGSolver + 2312.95633928568 * pre_4;4.42424638289912;4.42424638289912;4.42424638289912;4.42424638289912;0.023948;5;2312.95633928568 * pre_4;1;0.455103286457125;
Elapsed=00:00:00.0241281
Learning progress:
1;15216.4097077922 * Precon + -1049.98756493507 * SeqGS;14.8122822983834;14.8122822983834;14.8122822983834;14.8122822983834;0.002537;2;-1049.98756493507 * SeqGS;1;11.1998713988022;
2;15216.4097077922 * Precon + -1436.29908279221 * SeqGS + 3476.80366071429 * cells_53;12.9410883957829;12.9410883957829;12.9410883957829;12.9410883957829;0.010896;3;3476.80366071429 * cells_53;1;1.87119390260053;
3;15460.8853974846 * Precon + -1596.73625415281 * SeqGS + 3392.76514238253 * cells_53 + -672.308146654014 * BiCGSTABSolver;11.5847482832165;11.5847482832165;11.5847482832165;11.5847482832165;0.025641;4;-672.308146654014 * BiCGSTABSolver;1;1.35634011256639;
4;16017.360596301 * Precon + -2709.68665178572 * SeqGS + 3949.24034119898 * cells_53 + -4196.65107249149 * BiCGSTABSolver + 7976.14451636904 * BiCGSTABSolver * pre_1;8.1829472001608;8.1829472001608;8.1829472001608;8.1829472001608;0.048492;6;7976.14451636904 * BiCGSTABSolver * pre_1;2;1.70090054152786;
5;12782.2670485437 * Precon + -2301.65683495145 * SeqGS + 3512.06553744798 * cells_53 + -3137.71654785021 * BiCGSTABSolver + 6684.05009639389 * BiCGSTABSolver * pre_1 + 3264.23853467407 * post_0;6.72681546521126;6.72681546521126;6.72681546521126;6.72681546521126;0.081126;7;3264.23853467407 * post_0;1;1.45613173494954;
6;12868.5872130102 * Precon + -2410.77855229591 * SeqGS + 3569.06941964286 * cells_53 + -2362.46375 * BiCGSTABSolver + 6330.62602678572 * BiCGSTABSolver * pre_1 + 3230.03620535714 * post_0 + -838.771409438781 * BiCGSTABSolver * SeqSOR;6.2462550280064;6.2462550280064;6.2462550280064;6.2462550280064;0.126037;9;-838.771409438781 * BiCGSTABSolver * SeqSOR;2;0.24028021860243;
Elapsed=00:00:00.1262598
Learning progress:
1;13504.4085714286 * Precon + 4262.44991071429 * CGSolver;22.5658889010997;22.5658889010997;22.5658889010997;22.5658889010997;0.002332;2;4262.44991071429 * CGSolver;1;14.6868106833397;
2;14670.2966251638 * Precon + 4408.1859174312 * CGSolver + -3497.66416120577 * pre_2;20.0264321549945;20.0264321549945;20.0264321549945;20.0264321549945;0.009165;3;-3497.66416120577 * pre_2;1;2.53945674610515;
3;15535.0750835422 * Precon + 3764.20195906433 * CGSolver + -4086.44949456976 * pre_2 + -4011.10008354218 * pre_3;17.1591904106498;17.1591904106498;17.1591904106498;17.1591904106498;0.022789;4;-4011.10008354218 * pre_3;1;2.8672417443448;
4;15677.3808371736 * Precon + 3451.12930107527 * CGSolver + -3631.07108294932 * pre_2 + -4153.40583717359 * pre_3 + -3244.5711827957 * pre_2 * LoopSolver;14.8835603567299;14.8835603567299;14.8835603567299;14.8835603567299;0.043644;6;-3244.5711827957 * pre_2 * LoopSolver;2;1.13781502695994;
5;14717.6069921811 * Precon + 3331.15757045121 * CGSolver + -3727.04846744855 * pre_2 + -4309.36908698485 * pre_3 + -2188.81995330401 * pre_2 * LoopSolver + 2231.47418960743 * SeqSOR;14.2080488156239;14.2080488156239;14.2080488156239;14.2080488156239;0.075441;7;2231.47418960743 * SeqSOR;1;0.67551154110601;
6;15610.5566422378 * Precon + 4903.81516308836 * CGSolver + -4806.58461154693 * pre_2 + -4602.57643476467 * pre_3 + -2002.23345926232 * pre_2 * LoopSolver + 1031.98958505368 * SeqSOR + -11688.3110910405 * post_3;11.4561943606728;11.4561943606728;11.4561943606728;11.4561943606728;0.1202;8;-11688.3110910405 * post_3;1;2.75185445495108;
7;15439.2596382784 * Precon + 5251.76220238095 * CGSolver + -4378.34210164836 * pre_2 + -4463.39761904762 * pre_3 + -2259.17896520146 * pre_2 * LoopSolver + 1096.22596153846 * SeqSOR + -11864.9611263736 * post_3 + -926.074427655669 * pre_2 * CGSolver;10.9179075826587;10.9179075826587;10.9179075826587;10.9179075826587;0.178097;10;-926.074427655669 * pre_2 * CGSolver;2;0.269143389007058;
Elapsed=00:00:00.1783257
Learning progress:
1;12721.0557417582 * Precon + 5350.69221742544 * pre_1;23.244431872149;23.244431872149;23.244431872149;23.244431872149;0.002396;2;5350.69221742544 * pre_1;1;17.6575022298736;
2;10545.2561751152 * Precon + 6853.03001344086 * pre_1 + 4714.23239439324 * CGSolver;10.3810377090682;10.3810377090682;10.3810377090682;10.3810377090682;0.010312;3;4714.23239439324 * CGSolver;1;12.8633941630808;
3;10919.2666886269 * Precon + 7202.10649271844 * pre_1 + 4290.35381241332 * CGSolver + -2318.86518377254 * LoopSolver;6.83316156110483;6.83316156110483;6.83316156110483;6.83316156110483;0.022129;4;-2318.86518377254 * LoopSolver;1;3.54787614796341;
4;11028.3873687424 * Precon + 6929.3047924298 * pre_1 + 5290.62671347172 * CGSolver + -2246.11806369556 * LoopSolver + -7492.95336792836 * post_3;5.7303244556036;5.7303244556036;5.7303244556036;5.7303244556036;0.042167;5;-7492.95336792836 * post_3;1;1.10283710550123;
5;12165.1619801553 * Precon + 7125.49939541477 * pre_1 + 5246.38675397511 * CGSolver + -2163.4085742019 * LoopSolver + -7235.20751694812 * post_3 + -1350.28050289657 * cells_50;5.01545786203357;5.01545786203357;5.01545786203357;5.01545786203357;0.069711;6;-1350.28050289657 * cells_50;1;0.714866593570027;
6;12405.2186272321 * Precon + 7044.71110072544 * pre_1 + 5658.02235072544 * CGSolver + -2118.78265904018 * LoopSolver + -7656.07606166294 * post_3 + -1581.10420200892 * cells_50 + -891.748890904013 * CGSolver * pre_2;4.55644005251881;4.55644005251881;4.55644005251881;4.55644005251881;0.108811;8;-891.748890904013 * CGSolver * pre_2;2;0.229508904757378;
Elapsed=00:00:00.1090226
Learning progress:
1;15044.9441165414 * Precon + -3745.84411654133 * pre_0;17.7308229328208;17.7308229328208;17.7308229328208;17.7308229328208;0.002169;2;-3745.84411654133 * pre_0;1;24.5332745085552;
2;17256.9142857143 * Precon + -5957.8142857143 * pre_0 + -2334.85740079364 * cells_50;9.78606239658598;9.78606239658598;9.78606239658598;9.78606239658598;0.009009;3;-2334.85740079364 * cells_50;1;7.94476053623485;
3;17256.9142857143 * Precon + -5957.81428571429 * pre_0 + -1561.74815934066 * cells_50 + -2783.19326923077 * GradientSolver;8.42801860711412;8.42801860711412;8.42801860711412;8.42801860711412;0.022948;4;-2783.19326923077 * GradientSolver;1;1.35804378947186;
4;17256.9142857143 * Precon + -5957.81428571429 * pre_0 + -1361.52776785716 * cells_50 + -2983.41366071428 * GradientSolver + -2602.86508928571 * pre_4;8.42614040764983;8.42614040764983;8.42614040764983;8.42614040764983;0.042248;5;-2602.86508928571 * pre_4;1;0.00187819946429357;
Elapsed=00:00:00.0424425
Learning progress:
1;12276.3812362637 * Precon + 5756.95855965463 * pre_1;12.0340557324911;12.0340557324911;12.0340557324911;12.0340557324911;0.003447;2;5756.95855965463 * pre_1;1;17.5495052358558;
2;12276.3812362637 * Precon + 4018.27888278388 * pre_1 + 12170.7577380952 * pre_1 * CGSolver;4.87934966935624;4.87934966935624;4.87934966935624;4.87934966935624;0.009894;4;12170.7577380952 * pre_1 * CGSolver;2;3.57735303156744;
3;12098.4615178572 * Precon + 4196.19860119047 * pre_1 + 12170.7577380952 * pre_1 * CGSolver + 2312.95633928568 * pre_4;4.42424638289912;4.42424638289912;4.42424638289912;4.42424638289912;0.022987;5;2312.95633928568 * pre_4;1;0.455103286457125;
4;12098.4615178571 * Precon + 4196.19860119048 * pre_1 + 12170.7577380952 * pre_1 * CGSolver + 1156.47816964287 * pre_4 + 1156.47816964287 * pre_4 * SeqSOR;2.79729442602539;2.79729442602539;2.79729442602539;2.79729442602539;0.042849;7;1156.47816964287 * pre_4 * SeqSOR;2;0.813475978436864;
5;12098.4615178571 * Precon + 4741.44473214285 * pre_1 + 11625.5116071429 * pre_1 * CGSolver + 1156.47816964286 * pre_4 + 1156.47816964286 * pre_4 * SeqSOR + -1635.73839285715 * pre_1 * GradientSolver;2.16343496941765;2.16343496941765;2.16343496941765;2.16343496941765;0.073038;9;-1635.73839285715 * pre_1 * GradientSolver;2;0.316929728303872;
6;12098.4615178571 * Precon + 4741.44473214287 * pre_1 + 11625.5116071429 * pre_1 * CGSolver + 1156.47816964286 * pre_4 + 1156.47816964286 * pre_4 * SeqSOR + -817.869196428579 * pre_1 * GradientSolver + -817.869196428579 * pre_1 * GradientSolver * cells_50;2.16343496941761;2.16343496941761;2.16343496941761;2.16343496941761;0.11476;12;-817.869196428579 * pre_1 * GradientSolver * cells_50;3;1.27305573490351E-14;
Elapsed=00:00:00.1149652
Learning progress:
1;15216.4097077922 * Precon + -1049.98756493507 * SeqGS;14.8122822983834;14.8122822983834;14.8122822983834;14.8122822983834;0.002578;2;-1049.98756493507 * SeqGS;1;11.1998713988022;
2;15216.4097077922 * Precon + -1436.29908279221 * SeqGS + 3476.80366071429 * cells_53;12.9410883957829;12.9410883957829;12.9410883957829;12.9410883957829;0.010972;3;3476.80366071429 * cells_53;1;1.87119390260053;
3;15460.8853974846 * Precon + -1596.73625415281 * SeqGS + 3392.76514238253 * cells_53 + -672.308146654014 * BiCGSTABSolver;11.5847482832165;11.5847482832165;11.5847482832165;11.5847482832165;0.024523;4;-672.308146654014 * BiCGSTABSolver;1;1.35634011256639;
4;16017.360596301 * Precon + -2709.68665178572 * SeqGS + 3949.24034119898 * cells_53 + -4196.65107249149 * BiCGSTABSolver + 7976.14451636904 * BiCGSTABSolver * pre_1;8.1829472001608;8.1829472001608;8.1829472001608;8.1829472001608;0.045382;6;7976.14451636904 * BiCGSTABSolver * pre_1;2;1.70090054152786;
5;12782.2670485437 * Precon + -2301.65683495145 * SeqGS + 3512.06553744798 * cells_53 + -3137.71654785021 * BiCGSTABSolver + 6684.05009639389 * BiCGSTABSolver * pre_1 + 3264.23853467407 * post_0;6.72681546521126;6.72681546521126;6.72681546521126;6.72681546521126;0.077414;7;3264.23853467407 * post_0;1;1.45613173494954;
6;12868.5872130102 * Precon + -2410.77855229591 * SeqGS + 3569.06941964286 * cells_53 + -2362.46375 * BiCGSTABSolver + 6330.62602678572 * BiCGSTABSolver * pre_1 + 3230.03620535714 * post_0 + -838.771409438781 * BiCGSTABSolver * SeqSOR;6.2462550280064;6.2462550280064;6.2462550280064;6.2462550280064;0.122717;9;-838.771409438781 * BiCGSTABSolver * SeqSOR;2;0.24028021860243;
7;7775.4652912415 * Precon + 2682.34336947279 * SeqGS + 3569.06941964286 * cells_53 + -2362.46375000001 * BiCGSTABSolver + 6330.62602678572 * BiCGSTABSolver * pre_1 + 3230.03620535714 * post_0 + -838.771409438767 * BiCGSTABSolver * SeqSOR + 5093.12192176871 * SeqSOR;6.24625502800639;6.24625502800639;6.24625502800639;6.24625502800639;0.181766;10;5093.12192176871 * SeqSOR;1;1.06581410364015E-14;
Elapsed=00:00:00.1820082
Learning progress:
1;13504.4085714286 * Precon + 4262.44991071429 * CGSolver;22.5658889010997;22.5658889010997;22.5658889010997;22.5658889010997;0.002876;2;4262.44991071429 * CGSolver;1;14.6868106833397;
2;14670.2966251638 * Precon + 4408.1859174312 * CGSolver + -3497.66416120577 * pre_2;20.0264321549945;20.0264321549945;20.0264321549945;20.0264321549945;0.009752;3;-3497.66416120577 * pre_2;1;2.53945674610515;
3;15535.0750835422 * Precon + 3764.20195906433 * CGSolver + -4086.44949456976 * pre_2 + -4011.10008354218 * pre_3;17.1591904106498;17.1591904106498;17.1591904106498;17.1591904106498;0.023661;4;-4011.10008354218 * pre_3;1;2.8672417443448;
4;15677.3808371736 * Precon + 3451.12930107527 * CGSolver + -3631.07108294932 * pre_2 + -4153.40583717359 * pre_3 + -3244.5711827957 * pre_2 * LoopSolver;14.8835603567299;14.8835603567299;14.8835603567299;14.8835603567299;0.044348;6;-3244.5711827957 * pre_2 * LoopSolver;2;1.13781502695994;
5;14717.6069921811 * Precon + 3331.15757045121 * CGSolver + -3727.04846744855 * pre_2 + -4309.36908698485 * pre_3 + -2188.81995330401 * pre_2 * LoopSolver + 2231.47418960743 * SeqSOR;14.2080488156239;14.2080488156239;14.2080488156239;14.2080488156239;0.076593;7;2231.47418960743 * SeqSOR;1;0.67551154110601;
6;15610.5566422378 * Precon + 4903.81516308836 * CGSolver + -4806.58461154693 * pre_2 + -4602.57643476467 * pre_3 + -2002.23345926232 * pre_2 * LoopSolver + 1031.98958505368 * SeqSOR + -11688.3110910405 * post_3;11.4561943606728;11.4561943606728;11.4561943606728;11.4561943606728;0.121008;8;-11688.3110910405 * post_3;1;2.75185445495108;
7;15439.2596382784 * Precon + 5251.76220238095 * CGSolver + -4378.34210164836 * pre_2 + -4463.39761904762 * pre_3 + -2259.17896520146 * pre_2 * LoopSolver + 1096.22596153846 * SeqSOR + -11864.9611263736 * post_3 + -926.074427655669 * pre_2 * CGSolver;10.9179075826587;10.9179075826587;10.9179075826587;10.9179075826587;0.176697;10;-926.074427655669 * pre_2 * CGSolver;2;0.269143389007058;
8;15336.5587142857 * Precon + 5343.83889285715 * CGSolver + -4282.724 * pre_2 + -4371.32092857143 * pre_3 + -2436.24952380953 * pre_2 * LoopSolver + 1117.47442857144 * SeqSOR + -11854.3368928571 * post_3 + -1025.23394047619 * pre_2 * CGSolver + 184.153380952385 * LoopSolver;10.9023404411018;10.9023404411018;10.9023404411018;10.9023404411018;0.261252;11;184.153380952385 * LoopSolver;1;0.0155671415569021;
Elapsed=00:00:00.2614985
Learning progress:
1;12721.0557417582 * Precon + 5350.69221742544 * pre_1;23.244431872149;23.244431872149;23.244431872149;23.244431872149;0.002432;2;5350.69221742544 * pre_1;1;17.6575022298736;
2;10545.2561751152 * Precon + 6853.03001344086 * pre_1 + 4714.23239439324 * CGSolver;10.3810377090682;10.3810377090682;10.3810377090682;10.3810377090682;0.011734;3;4714.23239439324 * CGSolver;1;12.8633941630808;
3;10919.2666886269 * Precon + 7202.10649271844 * pre_1 + 4290.35381241332 * CGSolver + -2318.86518377254 * LoopSolver;6.83316156110483;6.83316156110483;6.83316156110483;6.83316156110483;0.023502;4;-2318.86518377254 * LoopSolver;1;3.54787614796341;
4;11028.3873687424 * Precon + 6929.3047924298 * pre_1 + 5290.62671347172 * CGSolver + -2246.11806369556 * LoopSolver + -7492.95336792836 * post_3;5.7303244556036;5.7303244556036;5.7303244556036;5.7303244556036;0.042642;5;-7492.95336792836 * post_3;1;1.10283710550123;
5;12165.1619801553 * Precon + 7125.49939541477 * pre_1 + 5246.38675397511 * CGSolver + -2163.4085742019 * LoopSolver + -7235.20751694812 * post_3 + -1350.28050289657 * cells_50;5.01545786203357;5.01545786203357;5.01545786203357;5.01545786203357;0.071213;6;-1350.28050289657 * cells_50;1;0.714866593570027;
6;12405.2186272321 * Precon + 7044.71110072544 * pre_1 + 5658.02235072544 * CGSolver + -2118.78265904018 * LoopSolver + -7656.07606166294 * post_3 + -1581.10420200892 * cells_50 + -891.748890904013 * CGSolver * pre_2;4.55644005251881;4.55644005251881;4.55644005251881;4.55644005251881;0.109632;8;-891.748890904013 * CGSolver * pre_2;2;0.229508904757378;
7;12405.2186272322 * Precon + 7044.71110072545 * pre_1 + 1219.98954659599 * CGSolver + -2118.78265904018 * LoopSolver + -3218.04325753349 * post_3 + -1581.10420200892 * cells_50 + -891.748890904021 * CGSolver * pre_2 + 4438.03280412947 * CGSolver * post_0;4.55644005251875;4.55644005251875;4.55644005251875;4.55644005251875;0.161717;10;4438.03280412947 * CGSolver * post_0;2;3.01980662698043E-14;
Elapsed=00:00:00.1619498
Learning progress:
1;15044.9441165414 * Precon + -3745.84411654133 * pre_0;17.7308229328208;17.7308229328208;17.7308229328208;17.7308229328208;0.00214;2;-3745.84411654133 * pre_0;1;24.5332745085552;
2;17256.9142857143 * Precon + -5957.8142857143 * pre_0 + -2334.85740079364 * cells_50;9.78606239658598;9.78606239658598;9.78606239658598;9.78606239658598;0.008129;3;-2334.85740079364 * cells_50;1;7.94476053623485;
3;17256.9142857143 * Precon + -5957.81428571429 * pre_0 + -1561.74815934066 * cells_50 + -2783.19326923077 * GradientSolver;8.42801860711412;8.42801860711412;8.42801860711412;8.42801860711412;0.021451;4;-2783.19326923077 * GradientSolver;1;1.35804378947186;
4;17256.9142857143 * Precon + -5957.81428571429 * pre_0 + -1361.52776785716 * cells_50 + -2983.41366071428 * GradientSolver + -2602.86508928571 * pre_4;8.42614040764983;8.42614040764983;8.42614040764983;8.42614040764983;0.040484;5;-2602.86508928571 * pre_4;1;0.00187819946429357;
Elapsed=00:00:00.0406986
Learning progress:
1;12276.3812362637 * Precon + 5756.95855965463 * pre_1;12.0340557324911;12.0340557324911;12.0340557324911;12.0340557324911;0.003118;2;5756.95855965463 * pre_1;1;17.5495052358558;
2;12276.3812362637 * Precon + 4018.27888278388 * pre_1 + 12170.7577380952 * pre_1 * CGSolver;4.87934966935624;4.87934966935624;4.87934966935624;4.87934966935624;0.009534;4;12170.7577380952 * pre_1 * CGSolver;2;3.57735303156744;
3;12098.4615178572 * Precon + 4196.19860119047 * pre_1 + 12170.7577380952 * pre_1 * CGSolver + 2312.95633928568 * pre_4;4.42424638289912;4.42424638289912;4.42424638289912;4.42424638289912;0.023288;5;2312.95633928568 * pre_4;1;0.455103286457125;
4;12098.4615178571 * Precon + 4196.19860119048 * pre_1 + 12170.7577380952 * pre_1 * CGSolver + 1156.47816964287 * pre_4 + 1156.47816964287 * pre_4 * SeqSOR;2.79729442602539;2.79729442602539;2.79729442602539;2.79729442602539;0.042742;7;1156.47816964287 * pre_4 * SeqSOR;2;0.813475978436864;
5;12098.4615178571 * Precon + 4741.44473214285 * pre_1 + 11625.5116071429 * pre_1 * CGSolver + 1156.47816964286 * pre_4 + 1156.47816964286 * pre_4 * SeqSOR + -1635.73839285715 * pre_1 * GradientSolver;2.16343496941765;2.16343496941765;2.16343496941765;2.16343496941765;0.071751;9;-1635.73839285715 * pre_1 * GradientSolver;2;0.316929728303872;
6;12098.4615178571 * Precon + 4741.44473214287 * pre_1 + 11625.5116071429 * pre_1 * CGSolver + 1156.47816964286 * pre_4 + 1156.47816964286 * pre_4 * SeqSOR + -817.869196428579 * pre_1 * GradientSolver + -817.869196428579 * pre_1 * GradientSolver * cells_50;2.16343496941761;2.16343496941761;2.16343496941761;2.16343496941761;0.113533;12;-817.869196428579 * pre_1 * GradientSolver * cells_50;3;1.27305573490351E-14;
Elapsed=00:00:00.1137388
Learning progress:
1;15216.4097077922 * Precon + -1049.98756493507 * SeqGS;14.8122822983834;14.8122822983834;14.8122822983834;14.8122822983834;0.002735;2;-1049.98756493507 * SeqGS;1;11.1998713988022;
2;15216.4097077922 * Precon + -1436.29908279221 * SeqGS + 3476.80366071429 * cells_53;12.9410883957829;12.9410883957829;12.9410883957829;12.9410883957829;0.010997;3;3476.80366071429 * cells_53;1;1.87119390260053;
3;15460.8853974846 * Precon + -1596.73625415281 * SeqGS + 3392.76514238253 * cells_53 + -672.308146654014 * BiCGSTABSolver;11.5847482832165;11.5847482832165;11.5847482832165;11.5847482832165;0.023391;4;-672.308146654014 * BiCGSTABSolver;1;1.35634011256639;
4;16017.360596301 * Precon + -2709.68665178572 * SeqGS + 3949.24034119898 * cells_53 + -4196.65107249149 * BiCGSTABSolver + 7976.14451636904 * BiCGSTABSolver * pre_1;8.1829472001608;8.1829472001608;8.1829472001608;8.1829472001608;0.044664;6;7976.14451636904 * BiCGSTABSolver * pre_1;2;1.70090054152786;
5;12782.2670485437 * Precon + -2301.65683495145 * SeqGS + 3512.06553744798 * cells_53 + -3137.71654785021 * BiCGSTABSolver + 6684.05009639389 * BiCGSTABSolver * pre_1 + 3264.23853467407 * post_0;6.72681546521126;6.72681546521126;6.72681546521126;6.72681546521126;0.075291;7;3264.23853467407 * post_0;1;1.45613173494954;
6;12868.5872130102 * Precon + -2410.77855229591 * SeqGS + 3569.06941964286 * cells_53 + -2362.46375 * BiCGSTABSolver + 6330.62602678572 * BiCGSTABSolver * pre_1 + 3230.03620535714 * post_0 + -838.771409438781 * BiCGSTABSolver * SeqSOR;6.2462550280064;6.2462550280064;6.2462550280064;6.2462550280064;0.120278;9;-838.771409438781 * BiCGSTABSolver * SeqSOR;2;0.24028021860243;
7;7775.4652912415 * Precon + 2682.34336947279 * SeqGS + 3569.06941964286 * cells_53 + -2362.46375000001 * BiCGSTABSolver + 6330.62602678572 * BiCGSTABSolver * pre_1 + 3230.03620535714 * post_0 + -838.771409438767 * BiCGSTABSolver * SeqSOR + 5093.12192176871 * SeqSOR;6.24625502800639;6.24625502800639;6.24625502800639;6.24625502800639;0.18341;10;5093.12192176871 * SeqSOR;1;1.06581410364015E-14;
Elapsed=00:00:00.1837012
Learning progress:
1;13504.4085714286 * Precon + 4262.44991071429 * CGSolver;22.5658889010997;22.5658889010997;22.5658889010997;22.5658889010997;0.002399;2;4262.44991071429 * CGSolver;1;14.6868106833397;
2;14670.2966251638 * Precon + 4408.1859174312 * CGSolver + -3497.66416120577 * pre_2;20.0264321549945;20.0264321549945;20.0264321549945;20.0264321549945;0.009179;3;-3497.66416120577 * pre_2;1;2.53945674610515;
3;15535.0750835422 * Precon + 3764.20195906433 * CGSolver + -4086.44949456976 * pre_2 + -4011.10008354218 * pre_3;17.1591904106498;17.1591904106498;17.1591904106498;17.1591904106498;0.022823;4;-4011.10008354218 * pre_3;1;2.8672417443448;
4;15677.3808371736 * Precon + 3451.12930107527 * CGSolver + -3631.07108294932 * pre_2 + -4153.40583717359 * pre_3 + -3244.5711827957 * pre_2 * LoopSolver;14.8835603567299;14.8835603567299;14.8835603567299;14.8835603567299;0.043425;6;-3244.5711827957 * pre_2 * LoopSolver;2;1.13781502695994;
5;14717.6069921811 * Precon + 3331.15757045121 * CGSolver + -3727.04846744855 * pre_2 + -4309.36908698485 * pre_3 + -2188.81995330401 * pre_2 * LoopSolver + 2231.47418960743 * SeqSOR;14.2080488156239;14.2080488156239;14.2080488156239;14.2080488156239;0.075323;7;2231.47418960743 * SeqSOR;1;0.67551154110601;
6;15610.5566422378 * Precon + 4903.81516308836 * CGSolver + -4806.58461154693 * pre_2 + -4602.57643476467 * pre_3 + -2002.23345926232 * pre_2 * LoopSolver + 1031.98958505368 * SeqSOR + -11688.3110910405 * post_3;11.4561943606728;11.4561943606728;11.4561943606728;11.4561943606728;0.121405;8;-11688.3110910405 * post_3;1;2.75185445495108;
7;15439.2596382784 * Precon + 5251.76220238095 * CGSolver + -4378.34210164836 * pre_2 + -4463.39761904762 * pre_3 + -2259.17896520146 * pre_2 * LoopSolver + 1096.22596153846 * SeqSOR + -11864.9611263736 * post_3 + -926.074427655669 * pre_2 * CGSolver;10.9179075826587;10.9179075826587;10.9179075826587;10.9179075826587;0.179493;10;-926.074427655669 * pre_2 * CGSolver;2;0.269143389007058;
8;15336.5587142857 * Precon + 5343.83889285715 * CGSolver + -4282.724 * pre_2 + -4371.32092857143 * pre_3 + -2436.24952380953 * pre_2 * LoopSolver + 1117.47442857144 * SeqSOR + -11854.3368928571 * post_3 + -1025.23394047619 * pre_2 * CGSolver + 184.153380952385 * LoopSolver;10.9023404411018;10.9023404411018;10.9023404411018;10.9023404411018;0.251954;11;184.153380952385 * LoopSolver;1;0.0155671415569021;
Elapsed=00:00:00.2521698
Learning progress:
1;12721.0557417582 * Precon + 5350.69221742544 * pre_1;23.244431872149;23.244431872149;23.244431872149;23.244431872149;0.002187;2;5350.69221742544 * pre_1;1;17.6575022298736;
2;10545.2561751152 * Precon + 6853.03001344086 * pre_1 + 4714.23239439324 * CGSolver;10.3810377090682;10.3810377090682;10.3810377090682;10.3810377090682;0.008791;3;4714.23239439324 * CGSolver;1;12.8633941630808;
3;10919.2666886269 * Precon + 7202.10649271844 * pre_1 + 4290.35381241332 * CGSolver + -2318.86518377254 * LoopSolver;6.83316156110483;6.83316156110483;6.83316156110483;6.83316156110483;0.021582;4;-2318.86518377254 * LoopSolver;1;3.54787614796341;
4;11028.3873687424 * Precon + 6929.3047924298 * pre_1 + 5290.62671347172 * CGSolver + -2246.11806369556 * LoopSolver + -7492.95336792836 * post_3;5.7303244556036;5.7303244556036;5.7303244556036;5.7303244556036;0.041155;5;-7492.95336792836 * post_3;1;1.10283710550123;
5;12165.1619801553 * Precon + 7125.49939541477 * pre_1 + 5246.38675397511 * CGSolver + -2163.4085742019 * LoopSolver + -7235.20751694812 * post_3 + -1350.28050289657 * cells_50;5.01545786203357;5.01545786203357;5.01545786203357;5.01545786203357;0.06835;6;-1350.28050289657 * cells_50;1;0.714866593570027;
6;12405.2186272321 * Precon + 7044.71110072544 * pre_1 + 5658.02235072544 * CGSolver + -2118.78265904018 * LoopSolver + -7656.07606166294 * post_3 + -1581.10420200892 * cells_50 + -891.748890904013 * CGSolver * pre_2;4.55644005251881;4.55644005251881;4.55644005251881;4.55644005251881;0.106494;8;-891.748890904013 * CGSolver * pre_2;2;0.229508904757378;
7;12405.2186272322 * Precon + 7044.71110072545 * pre_1 + 1219.98954659599 * CGSolver + -2118.78265904018 * LoopSolver + -3218.04325753349 * post_3 + -1581.10420200892 * cells_50 + -891.748890904021 * CGSolver * pre_2 + 4438.03280412947 * CGSolver * post_0;4.55644005251875;4.55644005251875;4.55644005251875;4.55644005251875;0.160176;10;4438.03280412947 * CGSolver * post_0;2;3.01980662698043E-14;
Elapsed=00:00:00.1604114
Learning progress:
1;15044.9441165414 * Precon + -3745.84411654133 * pre_0;17.7308229328208;17.7308229328208;17.7308229328208;17.7308229328208;0.00338;2;-3745.84411654133 * pre_0;1;24.5332745085552;
2;17256.9142857143 * Precon + -5957.8142857143 * pre_0 + -2334.85740079364 * cells_50;9.78606239658598;9.78606239658598;9.78606239658598;9.78606239658598;0.009312;3;-2334.85740079364 * cells_50;1;7.94476053623485;
3;17256.9142857143 * Precon + -5957.81428571429 * pre_0 + -1561.74815934066 * cells_50 + -2783.19326923077 * GradientSolver;8.42801860711412;8.42801860711412;8.42801860711412;8.42801860711412;0.023442;4;-2783.19326923077 * GradientSolver;1;1.35804378947186;
4;17256.9142857143 * Precon + -5957.81428571429 * pre_0 + -1361.52776785716 * cells_50 + -2983.41366071428 * GradientSolver + -2602.86508928571 * pre_4;8.42614040764983;8.42614040764983;8.42614040764983;8.42614040764983;0.042356;5;-2602.86508928571 * pre_4;1;0.00187819946429357;
Elapsed=00:00:00.0425288
Learning progress:
1;12276.3812362637 * Precon + 5756.95855965463 * pre_1;12.0340557324911;12.0340557324911;12.0340557324911;12.0340557324911;0.002333;2;5756.95855965463 * pre_1;1;17.5495052358558;
2;12276.3812362637 * Precon + 4018.27888278388 * pre_1 + 12170.7577380952 * pre_1 * CGSolver;4.87934966935624;4.87934966935624;4.87934966935624;4.87934966935624;0.009853;4;12170.7577380952 * pre_1 * CGSolver;2;3.57735303156744;
3;12098.4615178572 * Precon + 4196.19860119047 * pre_1 + 12170.7577380952 * pre_1 * CGSolver + 2312.95633928568 * pre_4;4.42424638289912;4.42424638289912;4.42424638289912;4.42424638289912;0.023051;5;2312.95633928568 * pre_4;1;0.455103286457125;
Elapsed=00:00:00.0232196
Learning progress:
1;15216.4097077922 * Precon + -1049.98756493507 * SeqGS;14.8122822983834;14.8122822983834;14.8122822983834;14.8122822983834;0.002662;2;-1049.98756493507 * SeqGS;1;11.1998713988022;
2;15216.4097077922 * Precon + -1436.29908279221 * SeqGS + 3476.80366071429 * cells_53;12.9410883957829;12.9410883957829;12.9410883957829;12.9410883957829;0.010128;3;3476.80366071429 * cells_53;1;1.87119390260053;
3;15460.8853974846 * Precon + -1596.73625415281 * SeqGS + 3392.76514238253 * cells_53 + -672.308146654014 * BiCGSTABSolver;11.5847482832165;11.5847482832165;11.5847482832165;11.5847482832165;0.02344;4;-672.308146654014 * BiCGSTABSolver;1;1.35634011256639;
4;16017.360596301 * Precon + -2709.68665178572 * SeqGS + 3949.24034119898 * cells_53 + -4196.65107249149 * BiCGSTABSolver + 7976.14451636904 * BiCGSTABSolver * pre_1;8.1829472001608;8.1829472001608;8.1829472001608;8.1829472001608;0.045008;6;7976.14451636904 * BiCGSTABSolver * pre_1;2;1.70090054152786;
5;12782.2670485437 * Precon + -2301.65683495145 * SeqGS + 3512.06553744798 * cells_53 + -3137.71654785021 * BiCGSTABSolver + 6684.05009639389 * BiCGSTABSolver * pre_1 + 3264.23853467407 * post_0;6.72681546521126;6.72681546521126;6.72681546521126;6.72681546521126;0.075753;7;3264.23853467407 * post_0;1;1.45613173494954;
6;12868.5872130102 * Precon + -2410.77855229591 * SeqGS + 3569.06941964286 * cells_53 + -2362.46375 * BiCGSTABSolver + 6330.62602678572 * BiCGSTABSolver * pre_1 + 3230.03620535714 * post_0 + -838.771409438781 * BiCGSTABSolver * SeqSOR;6.2462550280064;6.2462550280064;6.2462550280064;6.2462550280064;0.121277;9;-838.771409438781 * BiCGSTABSolver * SeqSOR;2;0.24028021860243;
Elapsed=00:00:00.1214967
Learning progress:
1;13504.4085714286 * Precon + 4262.44991071429 * CGSolver;22.5658889010997;22.5658889010997;22.5658889010997;22.5658889010997;0.003139;2;4262.44991071429 * CGSolver;1;14.6868106833397;
2;14670.2966251638 * Precon + 4408.1859174312 * CGSolver + -3497.66416120577 * pre_2;20.0264321549945;20.0264321549945;20.0264321549945;20.0264321549945;0.011327;3;-3497.66416120577 * pre_2;1;2.53945674610515;
3;15535.0750835422 * Precon + 3764.20195906433 * CGSolver + -4086.44949456976 * pre_2 + -4011.10008354218 * pre_3;17.1591904106498;17.1591904106498;17.1591904106498;17.1591904106498;0.025498;4;-4011.10008354218 * pre_3;1;2.8672417443448;
4;15677.3808371736 * Precon + 3451.12930107527 * CGSolver + -3631.07108294932 * pre_2 + -4153.40583717359 * pre_3 + -3244.5711827957 * pre_2 * LoopSolver;14.8835603567299;14.8835603567299;14.8835603567299;14.8835603567299;0.045884;6;-3244.5711827957 * pre_2 * LoopSolver;2;1.13781502695994;
5;14717.6069921811 * Precon + 3331.15757045121 * CGSolver + -3727.04846744855 * pre_2 + -4309.36908698485 * pre_3 + -2188.81995330401 * pre_2 * LoopSolver + 2231.47418960743 * SeqSOR;14.2080488156239;14.2080488156239;14.2080488156239;14.2080488156239;0.077677;7;2231.47418960743 * SeqSOR;1;0.67551154110601;
6;15610.5566422378 * Precon + 4903.81516308836 * CGSolver + -4806.58461154693 * pre_2 + -4602.57643476467 * pre_3 + -2002.23345926232 * pre_2 * LoopSolver + 1031.98958505368 * SeqSOR + -11688.3110910405 * post_3;11.4561943606728;11.4561943606728;11.4561943606728;11.4561943606728;0.121107;8;-11688.3110910405 * post_3;1;2.75185445495108;
7;15439.2596382784 * Precon + 5251.76220238095 * CGSolver + -4378.34210164836 * pre_2 + -4463.39761904762 * pre_3 + -2259.17896520146 * pre_2 * LoopSolver + 1096.22596153846 * SeqSOR + -11864.9611263736 * post_3 + -926.074427655669 * pre_2 * CGSolver;10.9179075826587;10.9179075826587;10.9179075826587;10.9179075826587;0.177387;10;-926.074427655669 * pre_2 * CGSolver;2;0.269143389007058;
Elapsed=00:00:00.1776191
Learning progress:
1;12721.0557417582 * Precon + 5350.69221742544 * pre_1;23.244431872149;23.244431872149;23.244431872149;23.244431872149;0.002443;2;5350.69221742544 * pre_1;1;17.6575022298736;
2;10545.2561751152 * Precon + 6853.03001344086 * pre_1 + 4714.23239439324 * CGSolver;10.3810377090682;10.3810377090682;10.3810377090682;10.3810377090682;0.009197;3;4714.23239439324 * CGSolver;1;12.8633941630808;
3;10919.2666886269 * Precon + 7202.10649271844 * pre_1 + 4290.35381241332 * CGSolver + -2318.86518377254 * LoopSolver;6.83316156110483;6.83316156110483;6.83316156110483;6.83316156110483;0.022749;4;-2318.86518377254 * LoopSolver;1;3.54787614796341;
4;11028.3873687424 * Precon + 6929.3047924298 * pre_1 + 5290.62671347172 * CGSolver + -2246.11806369556 * LoopSolver + -7492.95336792836 * post_3;5.7303244556036;5.7303244556036;5.7303244556036;5.7303244556036;0.042485;5;-7492.95336792836 * post_3;1;1.10283710550123;
5;12165.1619801553 * Precon + 7125.49939541477 * pre_1 + 5246.38675397511 * CGSolver + -2163.4085742019 * LoopSolver + -7235.20751694812 * post_3 + -1350.28050289657 * cells_50;5.01545786203357;5.01545786203357;5.01545786203357;5.01545786203357;0.070456;6;-1350.28050289657 * cells_50;1;0.714866593570027;
6;12405.2186272321 * Precon + 7044.71110072544 * pre_1 + 5658.02235072544 * CGSolver + -2118.78265904018 * LoopSolver + -7656.07606166294 * post_3 + -1581.10420200892 * cells_50 + -891.748890904013 * CGSolver * pre_2;4.55644005251881;4.55644005251881;4.55644005251881;4.55644005251881;0.112119;8;-891.748890904013 * CGSolver * pre_2;2;0.229508904757378;
Elapsed=00:00:00.1123384
Learning progress:
1;15044.9441165414 * Precon + -3745.84411654133 * pre_0;17.7308229328208;17.7308229328208;17.7308229328208;17.7308229328208;0.002875;2;-3745.84411654133 * pre_0;1;24.5332745085552;
2;17256.9142857143 * Precon + -5957.8142857143 * pre_0 + -2334.85740079364 * cells_50;9.78606239658598;9.78606239658598;9.78606239658598;9.78606239658598;0.009733;3;-2334.85740079364 * cells_50;1;7.94476053623485;
3;17256.9142857143 * Precon + -5957.81428571429 * pre_0 + -1561.74815934066 * cells_50 + -2783.19326923077 * GradientSolver;8.42801860711412;8.42801860711412;8.42801860711412;8.42801860711412;0.023102;4;-2783.19326923077 * GradientSolver;1;1.35804378947186;
4;17256.9142857143 * Precon + -5957.81428571429 * pre_0 + -1361.52776785716 * cells_50 + -2983.41366071428 * GradientSolver + -2602.86508928571 * pre_4;8.42614040764983;8.42614040764983;8.42614040764983;8.42614040764983;0.041818;5;-2602.86508928571 * pre_4;1;0.00187819946429357;
Elapsed=00:00:00.0420088
Learning progress:
1;12276.3812362637 * Precon + 5756.95855965463 * pre_1;12.0340557324911;12.0340557324911;12.0340557324911;12.0340557324911;0.002167;2;5756.95855965463 * pre_1;1;17.5495052358558;
2;12276.3812362637 * Precon + 4018.27888278388 * pre_1 + 12170.7577380952 * pre_1 * CGSolver;4.87934966935624;4.87934966935624;4.87934966935624;4.87934966935624;0.009875;4;12170.7577380952 * pre_1 * CGSolver;2;3.57735303156744;
3;12098.4615178572 * Precon + 4196.19860119047 * pre_1 + 12170.7577380952 * pre_1 * CGSolver + 2312.95633928568 * pre_4;4.42424638289912;4.42424638289912;4.42424638289912;4.42424638289912;0.021804;5;2312.95633928568 * pre_4;1;0.455103286457125;
4;12098.4615178571 * Precon + 4196.19860119048 * pre_1 + 12170.7577380952 * pre_1 * CGSolver + 1156.47816964287 * pre_4 + 1156.47816964287 * pre_4 * SeqSOR;2.79729442602539;2.79729442602539;2.79729442602539;2.79729442602539;0.042359;7;1156.47816964287 * pre_4 * SeqSOR;2;0.813475978436864;
5;12098.4615178571 * Precon + 4741.44473214285 * pre_1 + 11625.5116071429 * pre_1 * CGSolver + 1156.47816964286 * pre_4 + 1156.47816964286 * pre_4 * SeqSOR + -1635.73839285715 * pre_1 * GradientSolver;2.16343496941765;2.16343496941765;2.16343496941765;2.16343496941765;0.071353;9;-1635.73839285715 * pre_1 * GradientSolver;2;0.316929728303872;
6;12098.4615178571 * Precon + 4741.44473214287 * pre_1 + 11625.5116071429 * pre_1 * CGSolver + 1156.47816964286 * pre_4 + 1156.47816964286 * pre_4 * SeqSOR + -817.869196428579 * pre_1 * GradientSolver + -817.869196428579 * pre_1 * GradientSolver * cells_50;2.16343496941761;2.16343496941761;2.16343496941761;2.16343496941761;0.112607;12;-817.869196428579 * pre_1 * GradientSolver * cells_50;3;1.27305573490351E-14;
Elapsed=00:00:00.1128220
Learning progress:
1;15216.4097077922 * Precon + -1049.98756493507 * SeqGS;14.8122822983834;14.8122822983834;14.8122822983834;14.8122822983834;0.002376;2;-1049.98756493507 * SeqGS;1;11.1998713988022;
2;15216.4097077922 * Precon + -1436.29908279221 * SeqGS + 3476.80366071429 * cells_53;12.9410883957829;12.9410883957829;12.9410883957829;12.9410883957829;0.009846;3;3476.80366071429 * cells_53;1;1.87119390260053;
3;15460.8853974846 * Precon + -1596.73625415281 * SeqGS + 3392.76514238253 * cells_53 + -672.308146654014 * BiCGSTABSolver;11.5847482832165;11.5847482832165;11.5847482832165;11.5847482832165;0.023387;4;-672.308146654014 * BiCGSTABSolver;1;1.35634011256639;
4;16017.360596301 * Precon + -2709.68665178572 * SeqGS + 3949.24034119898 * cells_53 + -4196.65107249149 * BiCGSTABSolver + 7976.14451636904 * BiCGSTABSolver * pre_1;8.1829472001608;8.1829472001608;8.1829472001608;8.1829472001608;0.04428;6;7976.14451636904 * BiCGSTABSolver * pre_1;2;1.70090054152786;
5;12782.2670485437 * Precon + -2301.65683495145 * SeqGS + 3512.06553744798 * cells_53 + -3137.71654785021 * BiCGSTABSolver + 6684.05009639389 * BiCGSTABSolver * pre_1 + 3264.23853467407 * post_0;6.72681546521126;6.72681546521126;6.72681546521126;6.72681546521126;0.076353;7;3264.23853467407 * post_0;1;1.45613173494954;
6;12868.5872130102 * Precon + -2410.77855229591 * SeqGS + 3569.06941964286 * cells_53 + -2362.46375 * BiCGSTABSolver + 6330.62602678572 * BiCGSTABSolver * pre_1 + 3230.03620535714 * post_0 + -838.771409438781 * BiCGSTABSolver * SeqSOR;6.2462550280064;6.2462550280064;6.2462550280064;6.2462550280064;0.123592;9;-838.771409438781 * BiCGSTABSolver * SeqSOR;2;0.24028021860243;
7;7775.4652912415 * Precon + 2682.34336947279 * SeqGS + 3569.06941964286 * cells_53 + -2362.46375000001 * BiCGSTABSolver + 6330.62602678572 * BiCGSTABSolver * pre_1 + 3230.03620535714 * post_0 + -838.771409438767 * BiCGSTABSolver * SeqSOR + 5093.12192176871 * SeqSOR;6.24625502800639;6.24625502800639;6.24625502800639;6.24625502800639;0.183283;10;5093.12192176871 * SeqSOR;1;1.06581410364015E-14;
Elapsed=00:00:00.1835366
Learning progress:
1;13504.4085714286 * Precon + 4262.44991071429 * CGSolver;22.5658889010997;22.5658889010997;22.5658889010997;22.5658889010997;0.002332;2;4262.44991071429 * CGSolver;1;14.6868106833397;
2;14670.2966251638 * Precon + 4408.1859174312 * CGSolver + -3497.66416120577 * pre_2;20.0264321549945;20.0264321549945;20.0264321549945;20.0264321549945;0.010481;3;-3497.66416120577 * pre_2;1;2.53945674610515;
3;15535.0750835422 * Precon + 3764.20195906433 * CGSolver + -4086.44949456976 * pre_2 + -4011.10008354218 * pre_3;17.1591904106498;17.1591904106498;17.1591904106498;17.1591904106498;0.024251;4;-4011.10008354218 * pre_3;1;2.8672417443448;
4;15677.3808371736 * Precon + 3451.12930107527 * CGSolver + -3631.07108294932 * pre_2 + -4153.40583717359 * pre_3 + -3244.5711827957 * pre_2 * LoopSolver;14.8835603567299;14.8835603567299;14.8835603567299;14.8835603567299;0.045822;6;-3244.5711827957 * pre_2 * LoopSolver;2;1.13781502695994;
5;14717.6069921811 * Precon + 3331.15757045121 * CGSolver + -3727.04846744855 * pre_2 + -4309.36908698485 * pre_3 + -2188.81995330401 * pre_2 * LoopSolver + 2231.47418960743 * SeqSOR;14.2080488156239;14.2080488156239;14.2080488156239;14.2080488156239;0.079096;7;2231.47418960743 * SeqSOR;1;0.67551154110601;
6;15610.5566422378 * Precon + 4903.81516308836 * CGSolver + -4806.58461154693 * pre_2 + -4602.57643476467 * pre_3 + -2002.23345926232 * pre_2 * LoopSolver + 1031.98958505368 * SeqSOR + -11688.3110910405 * post_3;11.4561943606728;11.4561943606728;11.4561943606728;11.4561943606728;0.12319;8;-11688.3110910405 * post_3;1;2.75185445495108;
7;15439.2596382784 * Precon + 5251.76220238095 * CGSolver + -4378.34210164836 * pre_2 + -4463.39761904762 * pre_3 + -2259.17896520146 * pre_2 * LoopSolver + 1096.22596153846 * SeqSOR + -11864.9611263736 * post_3 + -926.074427655669 * pre_2 * CGSolver;10.9179075826587;10.9179075826587;10.9179075826587;10.9179075826587;0.178409;10;-926.074427655669 * pre_2 * CGSolver;2;0.269143389007058;
8;15336.5587142857 * Precon + 5343.83889285715 * CGSolver + -4282.724 * pre_2 + -4371.32092857143 * pre_3 + -2436.24952380953 * pre_2 * LoopSolver + 1117.47442857144 * SeqSOR + -11854.3368928571 * post_3 + -1025.23394047619 * pre_2 * CGSolver + 184.153380952385 * LoopSolver;10.9023404411018;10.9023404411018;10.9023404411018;10.9023404411018;0.250434;11;184.153380952385 * LoopSolver;1;0.0155671415569021;
Elapsed=00:00:00.2506712
Learning progress:
1;12721.0557417582 * Precon + 5350.69221742544 * pre_1;23.244431872149;23.244431872149;23.244431872149;23.244431872149;0.002216;2;5350.69221742544 * pre_1;1;17.6575022298736;
2;10545.2561751152 * Precon + 6853.03001344086 * pre_1 + 4714.23239439324 * CGSolver;10.3810377090682;10.3810377090682;10.3810377090682;10.3810377090682;0.010162;3;4714.23239439324 * CGSolver;1;12.8633941630808;
3;10919.2666886269 * Precon + 7202.10649271844 * pre_1 + 4290.35381241332 * CGSolver + -2318.86518377254 * LoopSolver;6.83316156110483;6.83316156110483;6.83316156110483;6.83316156110483;0.023263;4;-2318.86518377254 * LoopSolver;1;3.54787614796341;
4;11028.3873687424 * Precon + 6929.3047924298 * pre_1 + 5290.62671347172 * CGSolver + -2246.11806369556 * LoopSolver + -7492.95336792836 * post_3;5.7303244556036;5.7303244556036;5.7303244556036;5.7303244556036;0.04262;5;-7492.95336792836 * post_3;1;1.10283710550123;
5;12165.1619801553 * Precon + 7125.49939541477 * pre_1 + 5246.38675397511 * CGSolver + -2163.4085742019 * LoopSolver + -7235.20751694812 * post_3 + -1350.28050289657 * cells_50;5.01545786203357;5.01545786203357;5.01545786203357;5.01545786203357;0.07049;6;-1350.28050289657 * cells_50;1;0.714866593570027;
6;12405.2186272321 * Precon + 7044.71110072544 * pre_1 + 5658.02235072544 * CGSolver + -2118.78265904018 * LoopSolver + -7656.07606166294 * post_3 + -1581.10420200892 * cells_50 + -891.748890904013 * CGSolver * pre_2;4.55644005251881;4.55644005251881;4.55644005251881;4.55644005251881;0.108752;8;-891.748890904013 * CGSolver * pre_2;2;0.229508904757378;
7;12405.2186272322 * Precon + 7044.71110072545 * pre_1 + 1219.98954659599 * CGSolver + -2118.78265904018 * LoopSolver + -3218.04325753349 * post_3 + -1581.10420200892 * cells_50 + -891.748890904021 * CGSolver * pre_2 + 4438.03280412947 * CGSolver * post_0;4.55644005251875;4.55644005251875;4.55644005251875;4.55644005251875;0.161901;10;4438.03280412947 * CGSolver * post_0;2;3.01980662698043E-14;
Elapsed=00:00:00.1621366
Learning progress:
1;15044.9441165414 * Precon + -3745.84411654133 * pre_0;17.7308229328208;17.7308229328208;17.7308229328208;17.7308229328208;0.002816;2;-3745.84411654133 * pre_0;1;24.5332745085552;
2;17256.9142857143 * Precon + -5957.8142857143 * pre_0 + -2334.85740079364 * cells_50;9.78606239658598;9.78606239658598;9.78606239658598;9.78606239658598;0.010029;3;-2334.85740079364 * cells_50;1;7.94476053623485;
3;17256.9142857143 * Precon + -5957.81428571429 * pre_0 + -1561.74815934066 * cells_50 + -2783.19326923077 * GradientSolver;8.42801860711412;8.42801860711412;8.42801860711412;8.42801860711412;0.022188;4;-2783.19326923077 * GradientSolver;1;1.35804378947186;
4;17256.9142857143 * Precon + -5957.81428571429 * pre_0 + -1361.52776785716 * cells_50 + -2983.41366071428 * GradientSolver + -2602.86508928571 * pre_4;8.42614040764983;8.42614040764983;8.42614040764983;8.42614040764983;0.041976;5;-2602.86508928571 * pre_4;1;0.00187819946429357;
Elapsed=00:00:00.0421682
Learning progress:
1;12276.3812362637 * Precon + 5756.95855965463 * pre_1;12.0340557324911;12.0340557324911;12.0340557324911;12.0340557324911;0.002361;2;5756.95855965463 * pre_1;1;17.5495052358558;
2;12276.3812362637 * Precon + 4018.27888278388 * pre_1 + 12170.7577380952 * pre_1 * CGSolver;4.87934966935624;4.87934966935624;4.87934966935624;4.87934966935624;0.009981;4;12170.7577380952 * pre_1 * CGSolver;2;3.57735303156744;
3;12098.4615178572 * Precon + 4196.19860119047 * pre_1 + 12170.7577380952 * pre_1 * CGSolver + 2312.95633928568 * pre_4;4.42424638289912;4.42424638289912;4.42424638289912;4.42424638289912;0.022336;5;2312.95633928568 * pre_4;1;0.455103286457125;
4;12098.4615178571 * Precon + 4196.19860119048 * pre_1 + 12170.7577380952 * pre_1 * CGSolver + 1156.47816964287 * pre_4 + 1156.47816964287 * pre_4 * SeqSOR;2.79729442602539;2.79729442602539;2.79729442602539;2.79729442602539;0.042184;7;1156.47816964287 * pre_4 * SeqSOR;2;0.813475978436864;
5;12098.4615178571 * Precon + 4741.44473214285 * pre_1 + 11625.5116071429 * pre_1 * CGSolver + 1156.47816964286 * pre_4 + 1156.47816964286 * pre_4 * SeqSOR + -1635.73839285715 * pre_1 * GradientSolver;2.16343496941765;2.16343496941765;2.16343496941765;2.16343496941765;0.072162;9;-1635.73839285715 * pre_1 * GradientSolver;2;0.316929728303872;
6;12098.4615178571 * Precon + 4741.44473214287 * pre_1 + 11625.5116071429 * pre_1 * CGSolver + 1156.47816964286 * pre_4 + 1156.47816964286 * pre_4 * SeqSOR + -817.869196428579 * pre_1 * GradientSolver + -817.869196428579 * pre_1 * GradientSolver * cells_50;2.16343496941761;2.16343496941761;2.16343496941761;2.16343496941761;0.113855;12;-817.869196428579 * pre_1 * GradientSolver * cells_50;3;1.27305573490351E-14;
Elapsed=00:00:00.1140609
Learning progress:
1;15216.4097077922 * Precon + -1049.98756493507 * SeqGS;14.8122822983834;14.8122822983834;14.8122822983834;14.8122822983834;0.002325;2;-1049.98756493507 * SeqGS;1;11.1998713988022;
2;15216.4097077922 * Precon + -1436.29908279221 * SeqGS + 3476.80366071429 * cells_53;12.9410883957829;12.9410883957829;12.9410883957829;12.9410883957829;0.009692;3;3476.80366071429 * cells_53;1;1.87119390260053;
3;15460.8853974846 * Precon + -1596.73625415281 * SeqGS + 3392.76514238253 * cells_53 + -672.308146654014 * BiCGSTABSolver;11.5847482832165;11.5847482832165;11.5847482832165;11.5847482832165;0.023547;4;-672.308146654014 * BiCGSTABSolver;1;1.35634011256639;
4;16017.360596301 * Precon + -2709.68665178572 * SeqGS + 3949.24034119898 * cells_53 + -4196.65107249149 * BiCGSTABSolver + 7976.14451636904 * BiCGSTABSolver * pre_1;8.1829472001608;8.1829472001608;8.1829472001608;8.1829472001608;0.047073;6;7976.14451636904 * BiCGSTABSolver * pre_1;2;1.70090054152786;
5;12782.2670485437 * Precon + -2301.65683495145 * SeqGS + 3512.06553744798 * cells_53 + -3137.71654785021 * BiCGSTABSolver + 6684.05009639389 * BiCGSTABSolver * pre_1 + 3264.23853467407 * post_0;6.72681546521126;6.72681546521126;6.72681546521126;6.72681546521126;0.078901;7;3264.23853467407 * post_0;1;1.45613173494954;
6;12868.5872130102 * Precon + -2410.77855229591 * SeqGS + 3569.06941964286 * cells_53 + -2362.46375 * BiCGSTABSolver + 6330.62602678572 * BiCGSTABSolver * pre_1 + 3230.03620535714 * post_0 + -838.771409438781 * BiCGSTABSolver * SeqSOR;6.2462550280064;6.2462550280064;6.2462550280064;6.2462550280064;0.123892;9;-838.771409438781 * BiCGSTABSolver * SeqSOR;2;0.24028021860243;
7;7775.4652912415 * Precon + 2682.34336947279 * SeqGS + 3569.06941964286 * cells_53 + -2362.46375000001 * BiCGSTABSolver + 6330.62602678572 * BiCGSTABSolver * pre_1 + 3230.03620535714 * post_0 + -838.771409438767 * BiCGSTABSolver * SeqSOR + 5093.12192176871 * SeqSOR;6.24625502800639;6.24625502800639;6.24625502800639;6.24625502800639;0.184356;10;5093.12192176871 * SeqSOR;1;1.06581410364015E-14;
Elapsed=00:00:00.1845934
Learning progress:
1;13504.4085714286 * Precon + 4262.44991071429 * CGSolver;22.5658889010997;22.5658889010997;22.5658889010997;22.5658889010997;0.002432;2;4262.44991071429 * CGSolver;1;14.6868106833397;
2;14670.2966251638 * Precon + 4408.1859174312 * CGSolver + -3497.66416120577 * pre_2;20.0264321549945;20.0264321549945;20.0264321549945;20.0264321549945;0.010656;3;-3497.66416120577 * pre_2;1;2.53945674610515;
3;15535.0750835422 * Precon + 3764.20195906433 * CGSolver + -4086.44949456976 * pre_2 + -4011.10008354218 * pre_3;17.1591904106498;17.1591904106498;17.1591904106498;17.1591904106498;0.024227;4;-4011.10008354218 * pre_3;1;2.8672417443448;
4;15677.3808371736 * Precon + 3451.12930107527 * CGSolver + -3631.07108294932 * pre_2 + -4153.40583717359 * pre_3 + -3244.5711827957 * pre_2 * LoopSolver;14.8835603567299;14.8835603567299;14.8835603567299;14.8835603567299;0.044631;6;-3244.5711827957 * pre_2 * LoopSolver;2;1.13781502695994;
5;14717.6069921811 * Precon + 3331.15757045121 * CGSolver + -3727.04846744855 * pre_2 + -4309.36908698485 * pre_3 + -2188.81995330401 * pre_2 * LoopSolver + 2231.47418960743 * SeqSOR;14.2080488156239;14.2080488156239;14.2080488156239;14.2080488156239;0.076972;7;2231.47418960743 * SeqSOR;1;0.67551154110601;
6;15610.5566422378 * Precon + 4903.81516308836 * CGSolver + -4806.58461154693 * pre_2 + -4602.57643476467 * pre_3 + -2002.23345926232 * pre_2 * LoopSolver + 1031.98958505368 * SeqSOR + -11688.3110910405 * post_3;11.4561943606728;11.4561943606728;11.4561943606728;11.4561943606728;0.120179;8;-11688.3110910405 * post_3;1;2.75185445495108;
7;15439.2596382784 * Precon + 5251.76220238095 * CGSolver + -4378.34210164836 * pre_2 + -4463.39761904762 * pre_3 + -2259.17896520146 * pre_2 * LoopSolver + 1096.22596153846 * SeqSOR + -11864.9611263736 * post_3 + -926.074427655669 * pre_2 * CGSolver;10.9179075826587;10.9179075826587;10.9179075826587;10.9179075826587;0.175565;10;-926.074427655669 * pre_2 * CGSolver;2;0.269143389007058;
8;15336.5587142857 * Precon + 5343.83889285715 * CGSolver + -4282.724 * pre_2 + -4371.32092857143 * pre_3 + -2436.24952380953 * pre_2 * LoopSolver + 1117.47442857144 * SeqSOR + -11854.3368928571 * post_3 + -1025.23394047619 * pre_2 * CGSolver + 184.153380952385 * LoopSolver;10.9023404411018;10.9023404411018;10.9023404411018;10.9023404411018;0.262667;11;184.153380952385 * LoopSolver;1;0.0155671415569021;
Elapsed=00:00:00.2629288
Learning progress:
1;12721.0557417582 * Precon + 5350.69221742544 * pre_1;23.244431872149;23.244431872149;23.244431872149;23.244431872149;0.00326;2;5350.69221742544 * pre_1;1;17.6575022298736;
2;10545.2561751152 * Precon + 6853.03001344086 * pre_1 + 4714.23239439324 * CGSolver;10.3810377090682;10.3810377090682;10.3810377090682;10.3810377090682;0.010423;3;4714.23239439324 * CGSolver;1;12.8633941630808;
3;10919.2666886269 * Precon + 7202.10649271844 * pre_1 + 4290.35381241332 * CGSolver + -2318.86518377254 * LoopSolver;6.83316156110483;6.83316156110483;6.83316156110483;6.83316156110483;0.023492;4;-2318.86518377254 * LoopSolver;1;3.54787614796341;
4;11028.3873687424 * Precon + 6929.3047924298 * pre_1 + 5290.62671347172 * CGSolver + -2246.11806369556 * LoopSolver + -7492.95336792836 * post_3;5.7303244556036;5.7303244556036;5.7303244556036;5.7303244556036;0.044954;5;-7492.95336792836 * post_3;1;1.10283710550123;
5;12165.1619801553 * Precon + 7125.49939541477 * pre_1 + 5246.38675397511 * CGSolver + -2163.4085742019 * LoopSolver + -7235.20751694812 * post_3 + -1350.28050289657 * cells_50;5.01545786203357;5.01545786203357;5.01545786203357;5.01545786203357;0.072035;6;-1350.28050289657 * cells_50;1;0.714866593570027;
6;12405.2186272321 * Precon + 7044.71110072544 * pre_1 + 5658.02235072544 * CGSolver + -2118.78265904018 * LoopSolver + -7656.07606166294 * post_3 + -1581.10420200892 * cells_50 + -891.748890904013 * CGSolver * pre_2;4.55644005251881;4.55644005251881;4.55644005251881;4.55644005251881;0.111473;8;-891.748890904013 * CGSolver * pre_2;2;0.229508904757378;
7;12405.2186272322 * Precon + 7044.71110072545 * pre_1 + 1219.98954659599 * CGSolver + -2118.78265904018 * LoopSolver + -3218.04325753349 * post_3 + -1581.10420200892 * cells_50 + -891.748890904021 * CGSolver * pre_2 + 4438.03280412947 * CGSolver * post_0;4.55644005251875;4.55644005251875;4.55644005251875;4.55644005251875;0.164405;10;4438.03280412947 * CGSolver * post_0;2;3.01980662698043E-14;
Elapsed=00:00:00.1646495
Learning progress:
1;15044.9441165414 * Precon + -3745.84411654133 * pre_0;17.7308229328208;17.7308229328208;17.7308229328208;17.7308229328208;0.002894;2;-3745.84411654133 * pre_0;1;24.5332745085552;
2;17256.9142857143 * Precon + -5957.8142857143 * pre_0 + -2334.85740079364 * cells_50;9.78606239658598;9.78606239658598;9.78606239658598;9.78606239658598;0.01095;3;-2334.85740079364 * cells_50;1;7.94476053623485;
3;17256.9142857143 * Precon + -5957.81428571429 * pre_0 + -1561.74815934066 * cells_50 + -2783.19326923077 * GradientSolver;8.42801860711412;8.42801860711412;8.42801860711412;8.42801860711412;0.024499;4;-2783.19326923077 * GradientSolver;1;1.35804378947186;
4;17256.9142857143 * Precon + -5957.81428571429 * pre_0 + -1361.52776785716 * cells_50 + -2983.41366071428 * GradientSolver + -2602.86508928571 * pre_4;8.42614040764983;8.42614040764983;8.42614040764983;8.42614040764983;0.044555;5;-2602.86508928571 * pre_4;1;0.00187819946429357;
Elapsed=00:00:00.0447480
Learning progress:
1;12276.3812362637 * Precon + 5756.95855965463 * pre_1;12.0340557324911;12.0340557324911;12.0340557324911;12.0340557324911;0.002408;2;5756.95855965463 * pre_1;1;17.5495052358558;
2;12276.3812362637 * Precon + 4018.27888278388 * pre_1 + 12170.7577380952 * pre_1 * CGSolver;4.87934966935624;4.87934966935624;4.87934966935624;4.87934966935624;0.009015;4;12170.7577380952 * pre_1 * CGSolver;2;3.57735303156744;
3;12098.4615178572 * Precon + 4196.19860119047 * pre_1 + 12170.7577380952 * pre_1 * CGSolver + 2312.95633928568 * pre_4;4.42424638289912;4.42424638289912;4.42424638289912;4.42424638289912;0.021956;5;2312.95633928568 * pre_4;1;0.455103286457125;
Elapsed=00:00:00.0221160
Learning progress:
1;15216.4097077922 * Precon + -1049.98756493507 * SeqGS;14.8122822983834;14.8122822983834;14.8122822983834;14.8122822983834;0.003498;2;-1049.98756493507 * SeqGS;1;11.1998713988022;
2;15216.4097077922 * Precon + -1436.29908279221 * SeqGS + 3476.80366071429 * cells_53;12.9410883957829;12.9410883957829;12.9410883957829;12.9410883957829;0.01072;3;3476.80366071429 * cells_53;1;1.87119390260053;
3;15460.8853974846 * Precon + -1596.73625415281 * SeqGS + 3392.76514238253 * cells_53 + -672.308146654014 * BiCGSTABSolver;11.5847482832165;11.5847482832165;11.5847482832165;11.5847482832165;0.02434;4;-672.308146654014 * BiCGSTABSolver;1;1.35634011256639;
4;16017.360596301 * Precon + -2709.68665178572 * SeqGS + 3949.24034119898 * cells_53 + -4196.65107249149 * BiCGSTABSolver + 7976.14451636904 * BiCGSTABSolver * pre_1;8.1829472001608;8.1829472001608;8.1829472001608;8.1829472001608;0.045046;6;7976.14451636904 * BiCGSTABSolver * pre_1;2;1.70090054152786;
5;12782.2670485437 * Precon + -2301.65683495145 * SeqGS + 3512.06553744798 * cells_53 + -3137.71654785021 * BiCGSTABSolver + 6684.05009639389 * BiCGSTABSolver * pre_1 + 3264.23853467407 * post_0;6.72681546521126;6.72681546521126;6.72681546521126;6.72681546521126;0.076873;7;3264.23853467407 * post_0;1;1.45613173494954;
6;12868.5872130102 * Precon + -2410.77855229591 * SeqGS + 3569.06941964286 * cells_53 + -2362.46375 * BiCGSTABSolver + 6330.62602678572 * BiCGSTABSolver * pre_1 + 3230.03620535714 * post_0 + -838.771409438781 * BiCGSTABSolver * SeqSOR;6.2462550280064;6.2462550280064;6.2462550280064;6.2462550280064;0.120769;9;-838.771409438781 * BiCGSTABSolver * SeqSOR;2;0.24028021860243;
Elapsed=00:00:00.1209945
Learning progress:
1;13504.4085714286 * Precon + 4262.44991071429 * CGSolver;22.5658889010997;22.5658889010997;22.5658889010997;22.5658889010997;0.002553;2;4262.44991071429 * CGSolver;1;14.6868106833397;
2;14670.2966251638 * Precon + 4408.1859174312 * CGSolver + -3497.66416120577 * pre_2;20.0264321549945;20.0264321549945;20.0264321549945;20.0264321549945;0.009454;3;-3497.66416120577 * pre_2;1;2.53945674610515;
3;15535.0750835422 * Precon + 3764.20195906433 * CGSolver + -4086.44949456976 * pre_2 + -4011.10008354218 * pre_3;17.1591904106498;17.1591904106498;17.1591904106498;17.1591904106498;0.023984;4;-4011.10008354218 * pre_3;1;2.8672417443448;
4;15677.3808371736 * Precon + 3451.12930107527 * CGSolver + -3631.07108294932 * pre_2 + -4153.40583717359 * pre_3 + -3244.5711827957 * pre_2 * LoopSolver;14.8835603567299;14.8835603567299;14.8835603567299;14.8835603567299;0.044451;6;-3244.5711827957 * pre_2 * LoopSolver;2;1.13781502695994;
5;14717.6069921811 * Precon + 3331.15757045121 * CGSolver + -3727.04846744855 * pre_2 + -4309.36908698485 * pre_3 + -2188.81995330401 * pre_2 * LoopSolver + 2231.47418960743 * SeqSOR;14.2080488156239;14.2080488156239;14.2080488156239;14.2080488156239;0.075879;7;2231.47418960743 * SeqSOR;1;0.67551154110601;
6;15610.5566422378 * Precon + 4903.81516308836 * CGSolver + -4806.58461154693 * pre_2 + -4602.57643476467 * pre_3 + -2002.23345926232 * pre_2 * LoopSolver + 1031.98958505368 * SeqSOR + -11688.3110910405 * post_3;11.4561943606728;11.4561943606728;11.4561943606728;11.4561943606728;0.120393;8;-11688.3110910405 * post_3;1;2.75185445495108;
7;15439.2596382784 * Precon + 5251.76220238095 * CGSolver + -4378.34210164836 * pre_2 + -4463.39761904762 * pre_3 + -2259.17896520146 * pre_2 * LoopSolver + 1096.22596153846 * SeqSOR + -11864.9611263736 * post_3 + -926.074427655669 * pre_2 * CGSolver;10.9179075826587;10.9179075826587;10.9179075826587;10.9179075826587;0.175809;10;-926.074427655669 * pre_2 * CGSolver;2;0.269143389007058;
Elapsed=00:00:00.1760806
Learning progress:
1;12721.0557417582 * Precon + 5350.69221742544 * pre_1;23.244431872149;23.244431872149;23.244431872149;23.244431872149;0.002262;2;5350.69221742544 * pre_1;1;17.6575022298736;
2;10545.2561751152 * Precon + 6853.03001344086 * pre_1 + 4714.23239439324 * CGSolver;10.3810377090682;10.3810377090682;10.3810377090682;10.3810377090682;0.01072;3;4714.23239439324 * CGSolver;1;12.8633941630808;
3;10919.2666886269 * Precon + 7202.10649271844 * pre_1 + 4290.35381241332 * CGSolver + -2318.86518377254 * LoopSolver;6.83316156110483;6.83316156110483;6.83316156110483;6.83316156110483;0.022427;4;-2318.86518377254 * LoopSolver;1;3.54787614796341;
4;11028.3873687424 * Precon + 6929.3047924298 * pre_1 + 5290.62671347172 * CGSolver + -2246.11806369556 * LoopSolver + -7492.95336792836 * post_3;5.7303244556036;5.7303244556036;5.7303244556036;5.7303244556036;0.042448;5;-7492.95336792836 * post_3;1;1.10283710550123;
5;12165.1619801553 * Precon + 7125.49939541477 * pre_1 + 5246.38675397511 * CGSolver + -2163.4085742019 * LoopSolver + -7235.20751694812 * post_3 + -1350.28050289657 * cells_50;5.01545786203357;5.01545786203357;5.01545786203357;5.01545786203357;0.069064;6;-1350.28050289657 * cells_50;1;0.714866593570027;
6;12405.2186272321 * Precon + 7044.71110072544 * pre_1 + 5658.02235072544 * CGSolver + -2118.78265904018 * LoopSolver + -7656.07606166294 * post_3 + -1581.10420200892 * cells_50 + -891.748890904013 * CGSolver * pre_2;4.55644005251881;4.55644005251881;4.55644005251881;4.55644005251881;0.110484;8;-891.748890904013 * CGSolver * pre_2;2;0.229508904757378;
Elapsed=00:00:00.1106985
Error of optimal parameters: 6.45892217973887
Optimal parameters abortError:1;minImprovementPerRound:0.1;lossFunction:RELATIVE;quadraticFunctionSupport:True;learn-logFunction:True;learn-asymFunction:True;learn-ratioFunction:True;withHierarchy:False;useBackward:False;
Learning progress:
1;12265.9865401786 * Precon + 6870.07655505952 * pre_1;18.2480863253299;18.2480863253299;18.2480863253299;18.2480863253299;0.005276;2;6870.07655505952 * pre_1;1;9.61637206007608;
2;12265.9865401786 * Precon + 4158.58029655613 * pre_1 + 12201.7331632653 * pre_1 * CGSolver;14.404472816319;14.404472816319;14.404472816319;14.404472816319;0.01908;4;12201.7331632653 * pre_1 * CGSolver;2;1.92180675450542;
3;11137.3516785714 * Precon + 5287.21515816327 * pre_1 + 9192.0401989796 * pre_1 * CGSolver + 3009.69296428571 * CGSolver;12.3921277801689;12.3921277801689;12.3921277801689;12.3921277801689;0.042382;5;3009.69296428571 * CGSolver;1;2.01234503615009;
4;11137.3516785714 * Precon + 5287.21515816327 * pre_1 + 8127.84341326532 * pre_1 * CGSolver + 4073.88975 * CGSolver + -6385.18071428574 * post_3;10.2870203793871;10.2870203793871;10.2870203793871;10.2870203793871;0.079179;6;-6385.18071428574 * post_3;1;2.1051074007818;
5;9776.03823736398 * Precon + 5676.1618556511 * pre_1 + 7965.78228931206 * pre_1 * CGSolver + 4073.88975 * CGSolver + -5023.86727307828 * post_3 + 2268.85573534574 * SeqSOR;8.76999056636314;8.76999056636314;8.76999056636314;8.76999056636314;0.131137;7;2268.85573534574 * SeqSOR;1;1.51702981302398;
6;10095.5818870888 * Precon + 5949.87704480636 * pre_1 + 7681.39471892826 * pre_1 * CGSolver + 3818.38038764636 * CGSolver + -5087.90156044945 * post_3 + 2162.13192306044 * SeqSOR + -1277.54681176823 * LoopSolver;7.54769794558732;7.54769794558732;7.54769794558732;7.54769794558732;0.200215;8;-1277.54681176823 * LoopSolver;1;1.22229262077582;
7;10220.5513316485 * Precon + 5922.4864816152 * pre_1 + 8259.16441124193 * pre_1 * CGSolver + 3242.32260553212 * CGSolver + -4636.81322289493 * post_3 + 1963.55033992447 * SeqSOR + -1306.64928515885 * LoopSolver + 2851.18643718061 * cells_52;6.57157832416175;6.57157832416175;6.57157832416175;6.57157832416175;0.286269;9;2851.18643718061 * cells_52;1;0.976119621425575;
8;10378.9550533873 * Precon + 7021.41230117821 * pre_1 + 7160.23859167895 * pre_1 * CGSolver + 3078.96876748896 * CGSolver + -4631.86310659057 * post_3 + 1973.45057253314 * SeqSOR + -2128.36859167892 * LoopSolver + 2846.23632087628 * cells_52 + -3182.92478368925 * pre_1 * GradientSolver;5.77563787270727;5.77563787270727;5.77563787270727;5.77563787270727;0.391314;11;-3182.92478368925 * pre_1 * GradientSolver;2;0.397970225727239;
9;10765.1858958923 * Precon + 6933.63256424524 * pre_1 + 7248.01832861189 * pre_1 * CGSolver + 2999.9670042493 * CGSolver + -4939.09218585592 * post_3 + 1358.99241400243 * SeqSOR + -2216.1483286119 * LoopSolver + 3153.46540014164 * cells_52 + 231.706983002833 * pre_1 * GradientSolver + -6811.70758599755 * pre_1 * GradientSolver * SeqGS;3.12678634174034;3.12678634174034;3.12678634174034;3.12678634174034;0.524583;14;-6811.70758599755 * pre_1 * GradientSolver * SeqGS;3;0.882950510322312;
10;10765.1858958924 * Precon + 6933.63256424524 * pre_1 + 6655.33886432619 * pre_1 * CGSolver + 3592.64646853501 * CGSolver + -5531.77165014165 * post_3 + 1358.99241400243 * SeqSOR + -2216.1483286119 * LoopSolver + 2560.78593585593 * cells_52 + 231.706983002827 * pre_1 * GradientSolver + -6811.70758599755 * pre_1 * GradientSolver * SeqGS + -1185.35892857143 * pre_4;2.89540189214067;2.89540189214067;2.89540189214067;2.89540189214067;0.690645;15;-1185.35892857143 * pre_4;1;0.231384449599664;
11;9869.30878712871 * Precon + 6875.08740364216 * pre_1 + 6713.88402492929 * pre_1 * CGSolver + 3491.89433168318 * CGSolver + -4535.14240452617 * post_3 + 1429.79121287129 * SeqSOR + -2274.693489215 * LoopSolver + 2525.3865364215 * cells_52 + 154.10060731966 * pre_1 * GradientSolver + -6740.90878712871 * pre_1 * GradientSolver * SeqGS + -1185.35892857144 * pre_4 + 961.229846181061 * post_0;2.68713439037843;2.68713439037843;2.68713439037843;2.68713439037843;0.88011;16;961.229846181061 * post_0;1;0.208267501762245;
12;9684.18621461487 * Precon + 6525.87891458196 * pre_1 + 7063.09251398948 * pre_1 * CGSolver + 3424.57703258722 * CGSolver + -1733.05982965765 * post_3 + 1614.91378538513 * SeqSOR + -2623.90197827518 * LoopSolver + -116.817453094153 * cells_52 + 343.430511026985 * pre_1 * GradientSolver + -6555.78621461487 * pre_1 * GradientSolver * SeqGS + -1185.35892857143 * pre_4 + 3670.75113479264 * post_0 + -2549.64270325872 * cells_50;2.63294692253012;2.63294692253012;2.63294692253012;2.63294692253012;1.115032;17;-2549.64270325872 * cells_50;1;0.0541874678483079;
Elapsed=00:00:01.1158422
command: clean-sampling
command: clean-global
command: script ./learn_henard_t2.a
command: log ./out_henard_t2Predictions.log
