Configuration;MeasuredValue;PredictedValue
no_asm%_%rc_lookahead%_%rc_lookahead_20%_%ref%_%ref_1%_%root%_%;268.72;361.0244
no_asm%_%no_deblock%_%no_weightb%_%rc_lookahead%_%rc_lookahead_20%_%ref%_%ref_1%_%root%_%;267.8533;361.1258
no_8x8dct%_%no_asm%_%no_deblock%_%no_fast_pskip%_%no_mixed_refs%_%rc_lookahead%_%rc_lookahead_20%_%ref%_%ref_1%_%root%_%;260.6367;431.7036
no_8x8dct%_%no_asm%_%no_cabac%_%no_fast_pskip%_%no_mbtree%_%no_weightb%_%rc_lookahead%_%rc_lookahead_60%_%ref%_%ref_9%_%root%_%;773.4633;512.5358
no_8x8dct%_%no_asm%_%no_deblock%_%no_mbtree%_%rc_lookahead%_%rc_lookahead_60%_%ref%_%ref_9%_%root%_%;690.8733;447.716
no_8x8dct%_%no_asm%_%no_deblock%_%no_fast_pskip%_%no_mbtree%_%rc_lookahead%_%rc_lookahead_60%_%ref%_%ref_9%_%root%_%;783.7833;514.3202
no_8x8dct%_%no_asm%_%no_deblock%_%no_mbtree%_%no_weightb%_%rc_lookahead%_%rc_lookahead_60%_%ref%_%ref_9%_%root%_%;690.39;448.9569
no_8x8dct%_%no_asm%_%no_deblock%_%no_fast_pskip%_%no_mbtree%_%no_weightb%_%rc_lookahead%_%rc_lookahead_60%_%ref%_%ref_9%_%root%_%;783.5167;514.7653
no_8x8dct%_%no_asm%_%no_cabac%_%no_deblock%_%no_mbtree%_%rc_lookahead%_%rc_lookahead_60%_%ref%_%ref_9%_%root%_%;683.52;443.6078
no_8x8dct%_%no_asm%_%no_cabac%_%no_deblock%_%no_mbtree%_%no_weightb%_%rc_lookahead%_%rc_lookahead_60%_%ref%_%ref_9%_%root%_%;683.5433;445.4218
no_8x8dct%_%no_asm%_%no_cabac%_%no_deblock%_%no_fast_pskip%_%no_mbtree%_%rc_lookahead%_%rc_lookahead_60%_%ref%_%ref_9%_%root%_%;775.81;512.2809
no_8x8dct%_%no_asm%_%no_cabac%_%no_deblock%_%no_fast_pskip%_%no_mbtree%_%no_weightb%_%rc_lookahead%_%rc_lookahead_60%_%ref%_%ref_9%_%root%_%;775.68;512.7647
no_8x8dct%_%no_asm%_%no_mbtree%_%no_mixed_refs%_%rc_lookahead%_%rc_lookahead_60%_%ref%_%ref_9%_%root%_%;561.8467;422.2738
no_8x8dct%_%no_asm%_%no_cabac%_%no_mixed_refs%_%rc_lookahead%_%rc_lookahead_20%_%ref%_%ref_1%_%root%_%;244.4333;341.7689
no_8x8dct%_%no_asm%_%no_fast_pskip%_%no_mbtree%_%no_mixed_refs%_%rc_lookahead%_%rc_lookahead_60%_%ref%_%ref_9%_%root%_%;652.4833;482.786
no_8x8dct%_%no_asm%_%no_cabac%_%no_mbtree%_%no_mixed_refs%_%rc_lookahead%_%rc_lookahead_60%_%ref%_%ref_9%_%root%_%;556.63;418.2382
no_8x8dct%_%no_asm%_%no_cabac%_%no_fast_pskip%_%no_mbtree%_%no_mixed_refs%_%rc_lookahead%_%rc_lookahead_60%_%ref%_%ref_9%_%root%_%;645.51;477.1951
no_8x8dct%_%no_asm%_%no_deblock%_%no_mbtree%_%no_mixed_refs%_%rc_lookahead%_%rc_lookahead_60%_%ref%_%ref_9%_%root%_%;561.9333;421.9593
no_8x8dct%_%no_asm%_%no_cabac%_%no_deblock%_%no_mbtree%_%no_mixed_refs%_%rc_lookahead%_%rc_lookahead_60%_%ref%_%ref_9%_%root%_%;555.6333;417.7924
no_8x8dct%_%no_asm%_%no_deblock%_%no_fast_pskip%_%no_mbtree%_%no_mixed_refs%_%rc_lookahead%_%rc_lookahead_60%_%ref%_%ref_9%_%root%_%;651.64;482.4242
no_8x8dct%_%no_asm%_%no_cabac%_%no_deblock%_%no_fast_pskip%_%no_mbtree%_%no_mixed_refs%_%rc_lookahead%_%rc_lookahead_60%_%ref%_%ref_9%_%root%_%;644.16;476.7389
no_8x8dct%_%no_asm%_%no_mbtree%_%no_mixed_refs%_%no_weightb%_%rc_lookahead%_%rc_lookahead_60%_%ref%_%ref_9%_%root%_%;561.97;422.2549
no_8x8dct%_%no_asm%_%no_fast_pskip%_%no_mbtree%_%no_mixed_refs%_%no_weightb%_%rc_lookahead%_%rc_lookahead_60%_%ref%_%ref_9%_%root%_%;652.3733;482.4758
no_8x8dct%_%no_asm%_%no_deblock%_%no_mbtree%_%no_mixed_refs%_%no_weightb%_%rc_lookahead%_%rc_lookahead_60%_%ref%_%ref_9%_%root%_%;561.3333;421.9318
no_8x8dct%_%no_asm%_%no_cabac%_%no_fast_pskip%_%no_mixed_refs%_%rc_lookahead%_%rc_lookahead_20%_%ref%_%ref_1%_%root%_%;249.73;432.4656
no_8x8dct%_%no_asm%_%no_deblock%_%no_fast_pskip%_%no_mbtree%_%no_mixed_refs%_%no_weightb%_%rc_lookahead%_%rc_lookahead_60%_%ref%_%ref_9%_%root%_%;651.2;482.2184
no_8x8dct%_%no_asm%_%no_cabac%_%no_mbtree%_%no_mixed_refs%_%no_weightb%_%rc_lookahead%_%rc_lookahead_60%_%ref%_%ref_9%_%root%_%;556.34;418.0516
no_8x8dct%_%no_asm%_%no_cabac%_%no_deblock%_%no_mbtree%_%no_mixed_refs%_%no_weightb%_%rc_lookahead%_%rc_lookahead_60%_%ref%_%ref_9%_%root%_%;555.18;417.6058
no_8x8dct%_%no_asm%_%no_cabac%_%no_fast_pskip%_%no_mbtree%_%no_mixed_refs%_%no_weightb%_%rc_lookahead%_%rc_lookahead_60%_%ref%_%ref_9%_%root%_%;645.38;477.1542
no_8x8dct%_%no_asm%_%no_cabac%_%no_deblock%_%no_fast_pskip%_%no_mbtree%_%no_mixed_refs%_%no_weightb%_%rc_lookahead%_%rc_lookahead_60%_%ref%_%ref_9%_%root%_%;644.0333;476.6729
no_asm%_%rc_lookahead%_%rc_lookahead_40%_%ref%_%ref_9%_%root%_%;612.97;395.3216
no_asm%_%no_cabac%_%rc_lookahead%_%rc_lookahead_40%_%ref%_%ref_9%_%root%_%;604.7467;392.0989
no_asm%_%no_weightb%_%rc_lookahead%_%rc_lookahead_40%_%ref%_%ref_9%_%root%_%;612.6433;394.894
no_asm%_%no_cabac%_%no_weightb%_%rc_lookahead%_%rc_lookahead_40%_%ref%_%ref_9%_%root%_%;604.1233;391.6236
no_asm%_%no_mixed_refs%_%rc_lookahead%_%rc_lookahead_40%_%ref%_%ref_9%_%root%_%;511.1533;365.2162
no_8x8dct%_%no_asm%_%no_cabac%_%no_deblock%_%no_mixed_refs%_%rc_lookahead%_%rc_lookahead_20%_%ref%_%ref_1%_%root%_%;244.2767;341.6347
no_asm%_%no_mixed_refs%_%no_weightb%_%rc_lookahead%_%rc_lookahead_40%_%ref%_%ref_9%_%root%_%;510.8567;364.8287
no_asm%_%no_cabac%_%no_mixed_refs%_%rc_lookahead%_%rc_lookahead_40%_%ref%_%ref_9%_%root%_%;509.37;364.3051
no_asm%_%no_cabac%_%no_mixed_refs%_%no_weightb%_%rc_lookahead%_%rc_lookahead_40%_%ref%_%ref_9%_%root%_%;509.0333;363.8389
no_asm%_%no_mbtree%_%rc_lookahead%_%rc_lookahead_40%_%ref%_%ref_9%_%root%_%;721.5633;467.8229
no_asm%_%no_cabac%_%no_mbtree%_%rc_lookahead%_%rc_lookahead_40%_%ref%_%ref_9%_%root%_%;712.9167;461.6569
no_asm%_%no_mbtree%_%no_mixed_refs%_%rc_lookahead%_%rc_lookahead_40%_%ref%_%ref_9%_%root%_%;580.8767;422.2738
no_asm%_%no_cabac%_%no_mbtree%_%no_mixed_refs%_%rc_lookahead%_%rc_lookahead_40%_%ref%_%ref_9%_%root%_%;576.41;418.2382
no_asm%_%no_mbtree%_%no_weightb%_%rc_lookahead%_%rc_lookahead_40%_%ref%_%ref_9%_%root%_%;722.0367;468.7524
no_asm%_%no_mbtree%_%no_mixed_refs%_%no_weightb%_%rc_lookahead%_%rc_lookahead_40%_%ref%_%ref_9%_%root%_%;580.6267;422.2549
no_asm%_%no_cabac%_%no_mbtree%_%no_weightb%_%rc_lookahead%_%rc_lookahead_40%_%ref%_%ref_9%_%root%_%;712.6367;463.1518
no_8x8dct%_%no_asm%_%no_cabac%_%no_deblock%_%no_fast_pskip%_%no_mixed_refs%_%rc_lookahead%_%rc_lookahead_20%_%ref%_%ref_1%_%root%_%;249.44;430.9373
no_asm%_%no_cabac%_%no_mbtree%_%no_mixed_refs%_%no_weightb%_%rc_lookahead%_%rc_lookahead_40%_%ref%_%ref_9%_%root%_%;576.2767;418.0516
no_8x8dct%_%no_asm%_%rc_lookahead%_%rc_lookahead_40%_%ref%_%ref_9%_%root%_%;587.7733;380.438
no_8x8dct%_%no_asm%_%no_cabac%_%rc_lookahead%_%rc_lookahead_40%_%ref%_%ref_9%_%root%_%;581.5133;378.3747
no_8x8dct%_%no_asm%_%no_weightb%_%rc_lookahead%_%rc_lookahead_40%_%ref%_%ref_9%_%root%_%;587.24;380.438
no_8x8dct%_%no_asm%_%no_cabac%_%no_weightb%_%rc_lookahead%_%rc_lookahead_40%_%ref%_%ref_9%_%root%_%;581.1067;378.3747
no_8x8dct%_%no_asm%_%no_mbtree%_%rc_lookahead%_%rc_lookahead_40%_%ref%_%ref_9%_%root%_%;687.6;446.6542
no_8x8dct%_%no_asm%_%no_mbtree%_%no_weightb%_%rc_lookahead%_%rc_lookahead_40%_%ref%_%ref_9%_%root%_%;687.1467;447.9113
no_8x8dct%_%no_asm%_%no_cabac%_%no_mbtree%_%rc_lookahead%_%rc_lookahead_40%_%ref%_%ref_9%_%root%_%;680.5567;442.9269
no_8x8dct%_%no_asm%_%no_cabac%_%no_mbtree%_%no_weightb%_%rc_lookahead%_%rc_lookahead_40%_%ref%_%ref_9%_%root%_%;680.4767;444.6482
no_8x8dct%_%no_asm%_%no_mixed_refs%_%rc_lookahead%_%rc_lookahead_40%_%ref%_%ref_9%_%root%_%;498.49;354.6596
no_8x8dct%_%no_asm%_%no_mbtree%_%no_mixed_refs%_%rc_lookahead%_%rc_lookahead_20%_%ref%_%ref_1%_%root%_%;287.0867;422.2738
no_8x8dct%_%no_asm%_%no_cabac%_%no_mixed_refs%_%rc_lookahead%_%rc_lookahead_40%_%ref%_%ref_9%_%root%_%;493.2767;354.2898
no_8x8dct%_%no_asm%_%no_mbtree%_%no_mixed_refs%_%rc_lookahead%_%rc_lookahead_40%_%ref%_%ref_9%_%root%_%;561.96;422.2738
no_8x8dct%_%no_asm%_%no_cabac%_%no_mbtree%_%no_mixed_refs%_%rc_lookahead%_%rc_lookahead_40%_%ref%_%ref_9%_%root%_%;556.5133;418.2382
no_8x8dct%_%no_asm%_%no_mixed_refs%_%no_weightb%_%rc_lookahead%_%rc_lookahead_40%_%ref%_%ref_9%_%root%_%;497.99;354.6596
no_8x8dct%_%no_asm%_%no_mbtree%_%no_mixed_refs%_%no_weightb%_%rc_lookahead%_%rc_lookahead_40%_%ref%_%ref_9%_%root%_%;562.0667;422.2549
no_8x8dct%_%no_asm%_%no_cabac%_%no_mixed_refs%_%no_weightb%_%rc_lookahead%_%rc_lookahead_40%_%ref%_%ref_9%_%root%_%;492.9367;354.2289
no_8x8dct%_%no_asm%_%no_cabac%_%no_mbtree%_%no_mixed_refs%_%no_weightb%_%rc_lookahead%_%rc_lookahead_40%_%ref%_%ref_9%_%root%_%;556.3067;418.0516
no_asm%_%no_fast_pskip%_%rc_lookahead%_%rc_lookahead_40%_%ref%_%ref_9%_%root%_%;741.59;481.2387
no_asm%_%no_cabac%_%no_fast_pskip%_%rc_lookahead%_%rc_lookahead_40%_%ref%_%ref_9%_%root%_%;731.3533;474.9122
no_asm%_%no_fast_pskip%_%no_weightb%_%rc_lookahead%_%rc_lookahead_40%_%ref%_%ref_9%_%root%_%;741.2067;481.0751
no_8x8dct%_%no_asm%_%no_deblock%_%no_mbtree%_%no_mixed_refs%_%rc_lookahead%_%rc_lookahead_20%_%ref%_%ref_1%_%root%_%;286.43;421.9593
no_asm%_%no_cabac%_%no_fast_pskip%_%no_weightb%_%rc_lookahead%_%rc_lookahead_40%_%ref%_%ref_9%_%root%_%;731.2167;474.7904
no_asm%_%no_fast_pskip%_%no_mixed_refs%_%rc_lookahead%_%rc_lookahead_40%_%ref%_%ref_9%_%root%_%;632.1267;446.7233
no_asm%_%no_fast_pskip%_%no_mixed_refs%_%no_weightb%_%rc_lookahead%_%rc_lookahead_40%_%ref%_%ref_9%_%root%_%;632.0633;445.3218
no_asm%_%no_cabac%_%no_fast_pskip%_%no_mixed_refs%_%rc_lookahead%_%rc_lookahead_40%_%ref%_%ref_9%_%root%_%;628.7567;443.7731
no_asm%_%no_cabac%_%no_fast_pskip%_%no_mixed_refs%_%no_weightb%_%rc_lookahead%_%rc_lookahead_40%_%ref%_%ref_9%_%root%_%;628.4967;442.4109
no_8x8dct%_%no_asm%_%no_fast_pskip%_%rc_lookahead%_%rc_lookahead_40%_%ref%_%ref_9%_%root%_%;712.54;469.8024
no_8x8dct%_%no_asm%_%no_cabac%_%no_fast_pskip%_%rc_lookahead%_%rc_lookahead_40%_%ref%_%ref_9%_%root%_%;705.3967;467.6989
no_8x8dct%_%no_asm%_%no_fast_pskip%_%no_mixed_refs%_%rc_lookahead%_%rc_lookahead_40%_%ref%_%ref_9%_%root%_%;616.6867;433.4171
no_8x8dct%_%no_asm%_%no_cabac%_%no_fast_pskip%_%no_mixed_refs%_%rc_lookahead%_%rc_lookahead_40%_%ref%_%ref_9%_%root%_%;610.9567;432.4656
no_8x8dct%_%no_asm%_%no_fast_pskip%_%no_weightb%_%rc_lookahead%_%rc_lookahead_40%_%ref%_%ref_9%_%root%_%;712.6667;469.8024
no_8x8dct%_%no_asm%_%no_cabac%_%no_mbtree%_%no_mixed_refs%_%rc_lookahead%_%rc_lookahead_20%_%ref%_%ref_1%_%root%_%;275.9933;418.2382
no_8x8dct%_%no_asm%_%no_fast_pskip%_%no_mixed_refs%_%no_weightb%_%rc_lookahead%_%rc_lookahead_40%_%ref%_%ref_9%_%root%_%;616.61;432.092
no_8x8dct%_%no_asm%_%no_cabac%_%no_fast_pskip%_%no_weightb%_%rc_lookahead%_%rc_lookahead_40%_%ref%_%ref_9%_%root%_%;705.2133;467.6842
no_8x8dct%_%no_asm%_%no_cabac%_%no_fast_pskip%_%no_mixed_refs%_%no_weightb%_%rc_lookahead%_%rc_lookahead_40%_%ref%_%ref_9%_%root%_%;610.6867;431.1604
no_asm%_%no_fast_pskip%_%no_mbtree%_%rc_lookahead%_%rc_lookahead_40%_%ref%_%ref_9%_%root%_%;818.04;530.8151
no_asm%_%no_cabac%_%no_fast_pskip%_%no_mbtree%_%rc_lookahead%_%rc_lookahead_40%_%ref%_%ref_9%_%root%_%;807.2733;523.5158
no_asm%_%no_fast_pskip%_%no_mbtree%_%no_weightb%_%rc_lookahead%_%rc_lookahead_40%_%ref%_%ref_9%_%root%_%;817.34;531.1689
no_asm%_%no_cabac%_%no_fast_pskip%_%no_mbtree%_%no_weightb%_%rc_lookahead%_%rc_lookahead_40%_%ref%_%ref_9%_%root%_%;807;523.8171
no_8x8dct%_%no_asm%_%no_fast_pskip%_%no_mbtree%_%rc_lookahead%_%rc_lookahead_40%_%ref%_%ref_9%_%root%_%;780.93;513.9029
no_8x8dct%_%no_asm%_%no_fast_pskip%_%no_mbtree%_%no_weightb%_%rc_lookahead%_%rc_lookahead_40%_%ref%_%ref_9%_%root%_%;780.7567;514.3578
no_8x8dct%_%no_asm%_%no_cabac%_%no_fast_pskip%_%no_mbtree%_%rc_lookahead%_%rc_lookahead_40%_%ref%_%ref_9%_%root%_%;773.3867;512.052
no_8x8dct%_%no_asm%_%no_cabac%_%no_deblock%_%no_mbtree%_%no_mixed_refs%_%rc_lookahead%_%rc_lookahead_20%_%ref%_%ref_1%_%root%_%;275.4167;417.7924
no_8x8dct%_%no_asm%_%no_cabac%_%no_fast_pskip%_%no_mbtree%_%no_weightb%_%rc_lookahead%_%rc_lookahead_40%_%ref%_%ref_9%_%root%_%;773.22;512.5358
no_asm%_%no_fast_pskip%_%no_mbtree%_%no_mixed_refs%_%rc_lookahead%_%rc_lookahead_40%_%ref%_%ref_9%_%root%_%;672.4133;482.786
no_asm%_%no_cabac%_%no_fast_pskip%_%no_mbtree%_%no_mixed_refs%_%rc_lookahead%_%rc_lookahead_40%_%ref%_%ref_9%_%root%_%;666.5033;477.1951
no_8x8dct%_%no_asm%_%no_fast_pskip%_%no_mbtree%_%no_mixed_refs%_%rc_lookahead%_%rc_lookahead_40%_%ref%_%ref_9%_%root%_%;652.6533;482.786
no_8x8dct%_%no_asm%_%no_cabac%_%no_fast_pskip%_%no_mbtree%_%no_mixed_refs%_%rc_lookahead%_%rc_lookahead_40%_%ref%_%ref_9%_%root%_%;645.54;477.1951
no_asm%_%no_fast_pskip%_%no_mbtree%_%no_mixed_refs%_%no_weightb%_%rc_lookahead%_%rc_lookahead_40%_%ref%_%ref_9%_%root%_%;672.2133;482.4758
no_8x8dct%_%no_asm%_%no_fast_pskip%_%no_mbtree%_%no_mixed_refs%_%no_weightb%_%rc_lookahead%_%rc_lookahead_40%_%ref%_%ref_9%_%root%_%;652.4333;482.4758
no_asm%_%no_cabac%_%no_fast_pskip%_%no_mbtree%_%no_mixed_refs%_%no_weightb%_%rc_lookahead%_%rc_lookahead_40%_%ref%_%ref_9%_%root%_%;666.4933;477.1542
no_8x8dct%_%no_asm%_%no_cabac%_%no_fast_pskip%_%no_mbtree%_%no_mixed_refs%_%no_weightb%_%rc_lookahead%_%rc_lookahead_40%_%ref%_%ref_9%_%root%_%;645.3033;477.1542
no_asm%_%no_deblock%_%rc_lookahead%_%rc_lookahead_40%_%ref%_%ref_9%_%root%_%;616.62;396.218
no_8x8dct%_%no_asm%_%no_fast_pskip%_%no_mbtree%_%no_mixed_refs%_%rc_lookahead%_%rc_lookahead_20%_%ref%_%ref_1%_%root%_%;291.66;482.786
no_asm%_%no_cabac%_%no_deblock%_%rc_lookahead%_%rc_lookahead_40%_%ref%_%ref_9%_%root%_%;607.5367;393.1324
no_asm%_%no_deblock%_%no_weightb%_%rc_lookahead%_%rc_lookahead_40%_%ref%_%ref_9%_%root%_%;616.0867;395.7071
no_asm%_%no_cabac%_%no_deblock%_%no_weightb%_%rc_lookahead%_%rc_lookahead_40%_%ref%_%ref_9%_%root%_%;607.0333;392.4958
no_asm%_%no_deblock%_%no_mixed_refs%_%rc_lookahead%_%rc_lookahead_40%_%ref%_%ref_9%_%root%_%;510.1833;364.7753
no_asm%_%no_deblock%_%no_mixed_refs%_%no_weightb%_%rc_lookahead%_%rc_lookahead_40%_%ref%_%ref_9%_%root%_%;510.0167;364.3011
no_asm%_%no_cabac%_%no_deblock%_%no_mixed_refs%_%rc_lookahead%_%rc_lookahead_40%_%ref%_%ref_9%_%root%_%;508.34;363.6949
no_asm%_%no_cabac%_%no_deblock%_%no_mixed_refs%_%no_weightb%_%rc_lookahead%_%rc_lookahead_40%_%ref%_%ref_9%_%root%_%;508.0033;363.1162
no_asm%_%no_deblock%_%no_mbtree%_%rc_lookahead%_%rc_lookahead_40%_%ref%_%ref_9%_%root%_%;726.79;468.9927
no_asm%_%no_cabac%_%no_deblock%_%no_mbtree%_%rc_lookahead%_%rc_lookahead_40%_%ref%_%ref_9%_%root%_%;715.9933;462.3171
no_asm%_%no_deblock%_%no_mbtree%_%no_mixed_refs%_%rc_lookahead%_%rc_lookahead_40%_%ref%_%ref_9%_%root%_%;580.5433;421.9593
no_asm%_%no_cabac%_%no_weightb%_%rc_lookahead%_%rc_lookahead_20%_%ref%_%ref_1%_%root%_%;260.41;358.0718
no_8x8dct%_%no_asm%_%no_cabac%_%no_fast_pskip%_%no_mbtree%_%no_mixed_refs%_%rc_lookahead%_%rc_lookahead_20%_%ref%_%ref_1%_%root%_%;279.7533;477.1951
no_asm%_%no_cabac%_%no_deblock%_%no_mbtree%_%no_mixed_refs%_%rc_lookahead%_%rc_lookahead_40%_%ref%_%ref_9%_%root%_%;575.7;417.7924
no_asm%_%no_deblock%_%no_mbtree%_%no_weightb%_%rc_lookahead%_%rc_lookahead_40%_%ref%_%ref_9%_%root%_%;726.6433;470.018
no_asm%_%no_deblock%_%no_mbtree%_%no_mixed_refs%_%no_weightb%_%rc_lookahead%_%rc_lookahead_40%_%ref%_%ref_9%_%root%_%;580.5767;421.9318
no_asm%_%no_cabac%_%no_deblock%_%no_mbtree%_%no_weightb%_%rc_lookahead%_%rc_lookahead_40%_%ref%_%ref_9%_%root%_%;715.9067;463.9031
no_asm%_%no_cabac%_%no_deblock%_%no_mbtree%_%no_mixed_refs%_%no_weightb%_%rc_lookahead%_%rc_lookahead_40%_%ref%_%ref_9%_%root%_%;575.3967;417.6058
no_asm%_%no_deblock%_%no_fast_pskip%_%rc_lookahead%_%rc_lookahead_40%_%ref%_%ref_9%_%root%_%;744.8933;483.0407
no_asm%_%no_cabac%_%no_deblock%_%no_fast_pskip%_%rc_lookahead%_%rc_lookahead_40%_%ref%_%ref_9%_%root%_%;733.7767;475.9289
no_asm%_%no_deblock%_%no_fast_pskip%_%no_weightb%_%rc_lookahead%_%rc_lookahead_40%_%ref%_%ref_9%_%root%_%;744.26;482.6851
no_asm%_%no_cabac%_%no_deblock%_%no_fast_pskip%_%no_weightb%_%rc_lookahead%_%rc_lookahead_40%_%ref%_%ref_9%_%root%_%;733.2167;475.6262
no_asm%_%no_deblock%_%no_fast_pskip%_%no_mbtree%_%rc_lookahead%_%rc_lookahead_40%_%ref%_%ref_9%_%root%_%;821.5267;532.3324
no_8x8dct%_%no_asm%_%no_deblock%_%no_fast_pskip%_%no_mbtree%_%no_mixed_refs%_%rc_lookahead%_%rc_lookahead_20%_%ref%_%ref_1%_%root%_%;291.0433;482.4242
no_asm%_%no_deblock%_%no_fast_pskip%_%no_mbtree%_%no_weightb%_%rc_lookahead%_%rc_lookahead_40%_%ref%_%ref_9%_%root%_%;821.7567;532.7002
no_asm%_%no_cabac%_%no_deblock%_%no_fast_pskip%_%no_mbtree%_%rc_lookahead%_%rc_lookahead_40%_%ref%_%ref_9%_%root%_%;809.97;524.4813
no_asm%_%no_cabac%_%no_deblock%_%no_fast_pskip%_%no_mbtree%_%no_weightb%_%rc_lookahead%_%rc_lookahead_40%_%ref%_%ref_9%_%root%_%;809.5;524.9253
no_asm%_%no_deblock%_%no_fast_pskip%_%no_mixed_refs%_%rc_lookahead%_%rc_lookahead_40%_%ref%_%ref_9%_%root%_%;631.2833;445.0098
no_asm%_%no_cabac%_%no_deblock%_%no_fast_pskip%_%no_mixed_refs%_%rc_lookahead%_%rc_lookahead_40%_%ref%_%ref_9%_%root%_%;627.5;441.8167
no_asm%_%no_deblock%_%no_fast_pskip%_%no_mbtree%_%no_mixed_refs%_%rc_lookahead%_%rc_lookahead_40%_%ref%_%ref_9%_%root%_%;671.6967;482.4242
no_asm%_%no_cabac%_%no_deblock%_%no_fast_pskip%_%no_mbtree%_%no_mixed_refs%_%rc_lookahead%_%rc_lookahead_40%_%ref%_%ref_9%_%root%_%;665.2933;476.7389
no_asm%_%no_deblock%_%no_fast_pskip%_%no_mixed_refs%_%no_weightb%_%rc_lookahead%_%rc_lookahead_40%_%ref%_%ref_9%_%root%_%;631.0533;443.6647
no_asm%_%no_deblock%_%no_fast_pskip%_%no_mbtree%_%no_mixed_refs%_%no_weightb%_%rc_lookahead%_%rc_lookahead_40%_%ref%_%ref_9%_%root%_%;671.5;482.2184
no_asm%_%no_cabac%_%no_deblock%_%no_fast_pskip%_%no_mixed_refs%_%no_weightb%_%rc_lookahead%_%rc_lookahead_40%_%ref%_%ref_9%_%root%_%;627.24;440.4033
no_8x8dct%_%no_asm%_%no_cabac%_%no_deblock%_%no_fast_pskip%_%no_mbtree%_%no_mixed_refs%_%rc_lookahead%_%rc_lookahead_20%_%ref%_%ref_1%_%root%_%;279.1533;476.7389
no_asm%_%no_cabac%_%no_deblock%_%no_fast_pskip%_%no_mbtree%_%no_mixed_refs%_%no_weightb%_%rc_lookahead%_%rc_lookahead_40%_%ref%_%ref_9%_%root%_%;665.23;476.6729
no_8x8dct%_%no_asm%_%no_deblock%_%rc_lookahead%_%rc_lookahead_40%_%ref%_%ref_9%_%root%_%;590.18;380.5249
no_8x8dct%_%no_asm%_%no_cabac%_%no_deblock%_%rc_lookahead%_%rc_lookahead_40%_%ref%_%ref_9%_%root%_%;583.5267;378.6353
no_8x8dct%_%no_asm%_%no_deblock%_%no_weightb%_%rc_lookahead%_%rc_lookahead_40%_%ref%_%ref_9%_%root%_%;589.74;380.5249
no_8x8dct%_%no_asm%_%no_cabac%_%no_deblock%_%no_weightb%_%rc_lookahead%_%rc_lookahead_40%_%ref%_%ref_9%_%root%_%;583.4267;378.6353
no_8x8dct%_%no_asm%_%no_deblock%_%no_mixed_refs%_%rc_lookahead%_%rc_lookahead_40%_%ref%_%ref_9%_%root%_%;497.3333;354.5773
no_8x8dct%_%no_asm%_%no_deblock%_%no_mixed_refs%_%no_weightb%_%rc_lookahead%_%rc_lookahead_40%_%ref%_%ref_9%_%root%_%;496.78;354.5556
no_8x8dct%_%no_asm%_%no_cabac%_%no_deblock%_%no_mixed_refs%_%rc_lookahead%_%rc_lookahead_40%_%ref%_%ref_9%_%root%_%;492.13;354.1556
no_8x8dct%_%no_asm%_%no_cabac%_%no_deblock%_%no_mixed_refs%_%no_weightb%_%rc_lookahead%_%rc_lookahead_40%_%ref%_%ref_9%_%root%_%;491.6967;354.0729
no_8x8dct%_%no_asm%_%no_deblock%_%no_fast_pskip%_%rc_lookahead%_%rc_lookahead_40%_%ref%_%ref_9%_%root%_%;715.25;470.6564
no_8x8dct%_%no_asm%_%no_mixed_refs%_%no_weightb%_%rc_lookahead%_%rc_lookahead_20%_%ref%_%ref_1%_%root%_%;254.7067;342.1387
no_8x8dct%_%no_asm%_%no_cabac%_%no_deblock%_%no_fast_pskip%_%rc_lookahead%_%rc_lookahead_40%_%ref%_%ref_9%_%root%_%;706.8333;468.2738
no_8x8dct%_%no_asm%_%no_deblock%_%no_fast_pskip%_%no_mixed_refs%_%rc_lookahead%_%rc_lookahead_40%_%ref%_%ref_9%_%root%_%;615.0933;431.7036
no_8x8dct%_%no_asm%_%no_cabac%_%no_deblock%_%no_fast_pskip%_%no_mixed_refs%_%rc_lookahead%_%rc_lookahead_40%_%ref%_%ref_9%_%root%_%;609.2;430.9373
no_8x8dct%_%no_asm%_%no_deblock%_%no_fast_pskip%_%no_weightb%_%rc_lookahead%_%rc_lookahead_40%_%ref%_%ref_9%_%root%_%;714.6667;470.4787
no_8x8dct%_%no_asm%_%no_deblock%_%no_fast_pskip%_%no_mixed_refs%_%no_weightb%_%rc_lookahead%_%rc_lookahead_40%_%ref%_%ref_9%_%root%_%;615.06;430.4349
no_8x8dct%_%no_asm%_%no_cabac%_%no_deblock%_%no_fast_pskip%_%no_weightb%_%rc_lookahead%_%rc_lookahead_40%_%ref%_%ref_9%_%root%_%;706.59;468.1436
no_8x8dct%_%no_asm%_%no_cabac%_%no_deblock%_%no_fast_pskip%_%no_mixed_refs%_%no_weightb%_%rc_lookahead%_%rc_lookahead_40%_%ref%_%ref_9%_%root%_%;608.68;429.648
no_8x8dct%_%no_asm%_%no_deblock%_%no_mbtree%_%rc_lookahead%_%rc_lookahead_40%_%ref%_%ref_9%_%root%_%;690.7167;447.716
no_8x8dct%_%no_asm%_%no_cabac%_%no_deblock%_%no_mbtree%_%rc_lookahead%_%rc_lookahead_40%_%ref%_%ref_9%_%root%_%;683.7633;443.6078
no_8x8dct%_%no_asm%_%no_deblock%_%no_mbtree%_%no_weightb%_%rc_lookahead%_%rc_lookahead_40%_%ref%_%ref_9%_%root%_%;690.2167;448.9569
no_8x8dct%_%no_asm%_%no_deblock%_%no_mixed_refs%_%no_weightb%_%rc_lookahead%_%rc_lookahead_20%_%ref%_%ref_1%_%root%_%;254.0133;342.0347
no_8x8dct%_%no_asm%_%no_cabac%_%no_deblock%_%no_mbtree%_%no_weightb%_%rc_lookahead%_%rc_lookahead_40%_%ref%_%ref_9%_%root%_%;683.2567;445.4218
no_8x8dct%_%no_asm%_%no_deblock%_%no_fast_pskip%_%no_mbtree%_%rc_lookahead%_%rc_lookahead_40%_%ref%_%ref_9%_%root%_%;783.8767;514.3202
no_8x8dct%_%no_asm%_%no_deblock%_%no_fast_pskip%_%no_mbtree%_%no_weightb%_%rc_lookahead%_%rc_lookahead_40%_%ref%_%ref_9%_%root%_%;783.7767;514.7653
no_8x8dct%_%no_asm%_%no_cabac%_%no_deblock%_%no_fast_pskip%_%no_mbtree%_%rc_lookahead%_%rc_lookahead_40%_%ref%_%ref_9%_%root%_%;775.6633;512.2809
no_8x8dct%_%no_asm%_%no_cabac%_%no_deblock%_%no_fast_pskip%_%no_mbtree%_%no_weightb%_%rc_lookahead%_%rc_lookahead_40%_%ref%_%ref_9%_%root%_%;775.54;512.7647
no_8x8dct%_%no_asm%_%no_deblock%_%no_mbtree%_%no_mixed_refs%_%rc_lookahead%_%rc_lookahead_40%_%ref%_%ref_9%_%root%_%;561.7433;421.9593
no_8x8dct%_%no_asm%_%no_cabac%_%no_deblock%_%no_mbtree%_%no_mixed_refs%_%rc_lookahead%_%rc_lookahead_40%_%ref%_%ref_9%_%root%_%;555.6133;417.7924
no_8x8dct%_%no_asm%_%no_deblock%_%no_fast_pskip%_%no_mbtree%_%no_mixed_refs%_%rc_lookahead%_%rc_lookahead_40%_%ref%_%ref_9%_%root%_%;651.49;482.4242
no_8x8dct%_%no_asm%_%no_cabac%_%no_deblock%_%no_fast_pskip%_%no_mbtree%_%no_mixed_refs%_%rc_lookahead%_%rc_lookahead_40%_%ref%_%ref_9%_%root%_%;644.3567;476.7389
no_8x8dct%_%no_asm%_%no_deblock%_%no_mbtree%_%no_mixed_refs%_%no_weightb%_%rc_lookahead%_%rc_lookahead_40%_%ref%_%ref_9%_%root%_%;561.42;421.9318
no_8x8dct%_%no_asm%_%no_fast_pskip%_%no_mixed_refs%_%no_weightb%_%rc_lookahead%_%rc_lookahead_20%_%ref%_%ref_1%_%root%_%;261.2067;432.092
no_8x8dct%_%no_asm%_%no_deblock%_%no_fast_pskip%_%no_mbtree%_%no_mixed_refs%_%no_weightb%_%rc_lookahead%_%rc_lookahead_40%_%ref%_%ref_9%_%root%_%;651.2867;482.2184
no_8x8dct%_%no_asm%_%no_cabac%_%no_deblock%_%no_mbtree%_%no_mixed_refs%_%no_weightb%_%rc_lookahead%_%rc_lookahead_40%_%ref%_%ref_9%_%root%_%;555.26;417.6058
no_8x8dct%_%no_asm%_%no_cabac%_%no_deblock%_%no_fast_pskip%_%no_mbtree%_%no_mixed_refs%_%no_weightb%_%rc_lookahead%_%rc_lookahead_40%_%ref%_%ref_9%_%root%_%;643.9833;476.6729
no_8x8dct%_%no_asm%_%no_deblock%_%no_fast_pskip%_%no_mixed_refs%_%no_weightb%_%rc_lookahead%_%rc_lookahead_20%_%ref%_%ref_1%_%root%_%;260.55;430.4349
no_8x8dct%_%no_asm%_%no_mbtree%_%no_mixed_refs%_%no_weightb%_%rc_lookahead%_%rc_lookahead_20%_%ref%_%ref_1%_%root%_%;287.0867;422.2549
no_8x8dct%_%no_asm%_%no_fast_pskip%_%no_mbtree%_%no_mixed_refs%_%no_weightb%_%rc_lookahead%_%rc_lookahead_20%_%ref%_%ref_1%_%root%_%;291.61;482.4758
no_8x8dct%_%no_asm%_%no_deblock%_%no_mbtree%_%no_mixed_refs%_%no_weightb%_%rc_lookahead%_%rc_lookahead_20%_%ref%_%ref_1%_%root%_%;286.44;421.9318
no_asm%_%no_cabac%_%no_deblock%_%no_weightb%_%rc_lookahead%_%rc_lookahead_20%_%ref%_%ref_1%_%root%_%;259.9033;358.8144
no_8x8dct%_%no_asm%_%no_deblock%_%no_fast_pskip%_%no_mbtree%_%no_mixed_refs%_%no_weightb%_%rc_lookahead%_%rc_lookahead_20%_%ref%_%ref_1%_%root%_%;290.9167;482.2184
no_8x8dct%_%no_asm%_%no_cabac%_%no_mixed_refs%_%no_weightb%_%rc_lookahead%_%rc_lookahead_20%_%ref%_%ref_1%_%root%_%;244.3333;341.708
no_8x8dct%_%no_asm%_%no_cabac%_%no_deblock%_%no_mixed_refs%_%no_weightb%_%rc_lookahead%_%rc_lookahead_20%_%ref%_%ref_1%_%root%_%;244.28;341.552
no_8x8dct%_%no_asm%_%no_cabac%_%no_mbtree%_%no_mixed_refs%_%no_weightb%_%rc_lookahead%_%rc_lookahead_20%_%ref%_%ref_1%_%root%_%;276.0267;418.0516
no_8x8dct%_%no_asm%_%no_cabac%_%no_deblock%_%no_mbtree%_%no_mixed_refs%_%no_weightb%_%rc_lookahead%_%rc_lookahead_20%_%ref%_%ref_1%_%root%_%;275.47;417.6058
no_8x8dct%_%no_asm%_%no_cabac%_%no_fast_pskip%_%no_mixed_refs%_%no_weightb%_%rc_lookahead%_%rc_lookahead_20%_%ref%_%ref_1%_%root%_%;249.6067;431.1604
no_8x8dct%_%no_asm%_%no_cabac%_%no_fast_pskip%_%no_mbtree%_%no_mixed_refs%_%no_weightb%_%rc_lookahead%_%rc_lookahead_20%_%ref%_%ref_1%_%root%_%;279.81;477.1542
no_8x8dct%_%no_asm%_%no_cabac%_%no_deblock%_%no_fast_pskip%_%no_mixed_refs%_%no_weightb%_%rc_lookahead%_%rc_lookahead_20%_%ref%_%ref_1%_%root%_%;249.41;429.648
no_8x8dct%_%no_asm%_%no_cabac%_%no_deblock%_%no_fast_pskip%_%no_mbtree%_%no_mixed_refs%_%no_weightb%_%rc_lookahead%_%rc_lookahead_20%_%ref%_%ref_1%_%root%_%;279.2667;476.6729
no_asm%_%rc_lookahead%_%rc_lookahead_40%_%ref%_%ref_1%_%root%_%;270.6567;361.0244
no_asm%_%no_fast_pskip%_%no_weightb%_%rc_lookahead%_%rc_lookahead_20%_%ref%_%ref_1%_%root%_%;275.92;464.7544
no_asm%_%no_deblock%_%rc_lookahead%_%rc_lookahead_40%_%ref%_%ref_1%_%root%_%;270.07;361.6367
no_asm%_%no_fast_pskip%_%rc_lookahead%_%rc_lookahead_40%_%ref%_%ref_1%_%root%_%;278.1967;464.8753
no_asm%_%no_deblock%_%no_fast_pskip%_%rc_lookahead%_%rc_lookahead_40%_%ref%_%ref_1%_%root%_%;277.8133;466.5407
no_asm%_%no_cabac%_%rc_lookahead%_%rc_lookahead_40%_%ref%_%ref_1%_%root%_%;262.5633;358.4993
no_asm%_%no_cabac%_%no_fast_pskip%_%rc_lookahead%_%rc_lookahead_40%_%ref%_%ref_1%_%root%_%;268.7867;459
no_asm%_%no_cabac%_%no_deblock%_%rc_lookahead%_%rc_lookahead_40%_%ref%_%ref_1%_%root%_%;262.2333;359.4127
no_asm%_%no_cabac%_%no_deblock%_%no_fast_pskip%_%rc_lookahead%_%rc_lookahead_40%_%ref%_%ref_1%_%root%_%;268.3967;460.0167
no_asm%_%no_weightb%_%rc_lookahead%_%rc_lookahead_40%_%ref%_%ref_1%_%root%_%;270.7067;360.6062
no_asm%_%no_deblock%_%no_weightb%_%rc_lookahead%_%rc_lookahead_40%_%ref%_%ref_1%_%root%_%;270.1533;361.1258
no_asm%_%no_cabac%_%no_weightb%_%rc_lookahead%_%rc_lookahead_40%_%ref%_%ref_1%_%root%_%;262.5667;358.0718
no_asm%_%no_cabac%_%no_fast_pskip%_%no_weightb%_%rc_lookahead%_%rc_lookahead_20%_%ref%_%ref_1%_%root%_%;266.5267;458.9098
no_asm%_%no_cabac%_%no_deblock%_%no_weightb%_%rc_lookahead%_%rc_lookahead_40%_%ref%_%ref_1%_%root%_%;262.29;358.8144
no_asm%_%no_fast_pskip%_%no_weightb%_%rc_lookahead%_%rc_lookahead_40%_%ref%_%ref_1%_%root%_%;278.12;464.7544
no_asm%_%no_cabac%_%no_fast_pskip%_%no_weightb%_%rc_lookahead%_%rc_lookahead_40%_%ref%_%ref_1%_%root%_%;268.8733;458.9098
no_asm%_%no_deblock%_%no_fast_pskip%_%no_weightb%_%rc_lookahead%_%rc_lookahead_40%_%ref%_%ref_1%_%root%_%;277.5333;466.2207
no_asm%_%no_cabac%_%no_deblock%_%no_fast_pskip%_%no_weightb%_%rc_lookahead%_%rc_lookahead_40%_%ref%_%ref_1%_%root%_%;268.2067;459.7456
no_asm%_%no_mixed_refs%_%rc_lookahead%_%rc_lookahead_40%_%ref%_%ref_1%_%root%_%;270.66;350.4096
no_asm%_%no_deblock%_%no_mixed_refs%_%rc_lookahead%_%rc_lookahead_40%_%ref%_%ref_1%_%root%_%;270.1367;350.0078
no_asm%_%no_fast_pskip%_%no_mixed_refs%_%rc_lookahead%_%rc_lookahead_40%_%ref%_%ref_1%_%root%_%;278.2267;446.7233
no_asm%_%no_deblock%_%no_fast_pskip%_%no_mixed_refs%_%rc_lookahead%_%rc_lookahead_40%_%ref%_%ref_1%_%root%_%;277.8533;445.0098
no_asm%_%no_mixed_refs%_%no_weightb%_%rc_lookahead%_%rc_lookahead_40%_%ref%_%ref_1%_%root%_%;270.7267;350.0309
no_asm%_%no_deblock%_%no_fast_pskip%_%no_weightb%_%rc_lookahead%_%rc_lookahead_20%_%ref%_%ref_1%_%root%_%;275.3733;466.2207
no_asm%_%no_fast_pskip%_%no_mixed_refs%_%no_weightb%_%rc_lookahead%_%rc_lookahead_40%_%ref%_%ref_1%_%root%_%;278.0767;445.3218
no_asm%_%no_deblock%_%no_mixed_refs%_%no_weightb%_%rc_lookahead%_%rc_lookahead_40%_%ref%_%ref_1%_%root%_%;270.0133;349.5553
no_asm%_%no_deblock%_%no_fast_pskip%_%no_mixed_refs%_%no_weightb%_%rc_lookahead%_%rc_lookahead_40%_%ref%_%ref_1%_%root%_%;277.5633;443.6647
no_asm%_%no_cabac%_%no_mixed_refs%_%rc_lookahead%_%rc_lookahead_40%_%ref%_%ref_1%_%root%_%;262.6533;349.6789
no_asm%_%no_cabac%_%no_deblock%_%no_mixed_refs%_%rc_lookahead%_%rc_lookahead_40%_%ref%_%ref_1%_%root%_%;262.17;349.1469
no_asm%_%no_cabac%_%no_mixed_refs%_%no_weightb%_%rc_lookahead%_%rc_lookahead_40%_%ref%_%ref_1%_%root%_%;262.53;349.2304
no_asm%_%no_cabac%_%no_deblock%_%no_mixed_refs%_%no_weightb%_%rc_lookahead%_%rc_lookahead_40%_%ref%_%ref_1%_%root%_%;262.2767;348.59
no_asm%_%no_cabac%_%no_fast_pskip%_%no_mixed_refs%_%rc_lookahead%_%rc_lookahead_40%_%ref%_%ref_1%_%root%_%;268.7633;443.7731
no_asm%_%no_cabac%_%no_fast_pskip%_%no_mixed_refs%_%no_weightb%_%rc_lookahead%_%rc_lookahead_40%_%ref%_%ref_1%_%root%_%;268.8833;442.4109
no_asm%_%no_cabac%_%no_deblock%_%no_fast_pskip%_%no_mixed_refs%_%rc_lookahead%_%rc_lookahead_40%_%ref%_%ref_1%_%root%_%;268.3967;441.8167
no_asm%_%no_cabac%_%no_deblock%_%no_fast_pskip%_%no_weightb%_%rc_lookahead%_%rc_lookahead_20%_%ref%_%ref_1%_%root%_%;266.1133;459.7456
no_asm%_%no_cabac%_%no_deblock%_%no_fast_pskip%_%no_mixed_refs%_%no_weightb%_%rc_lookahead%_%rc_lookahead_40%_%ref%_%ref_1%_%root%_%;268.2633;440.4033
no_8x8dct%_%no_asm%_%rc_lookahead%_%rc_lookahead_40%_%ref%_%ref_1%_%root%_%;256.7267;349.5667
no_8x8dct%_%no_asm%_%no_deblock%_%rc_lookahead%_%rc_lookahead_40%_%ref%_%ref_1%_%root%_%;256.3333;349.6536
no_8x8dct%_%no_asm%_%no_fast_pskip%_%rc_lookahead%_%rc_lookahead_40%_%ref%_%ref_1%_%root%_%;263.4367;454.8729
no_8x8dct%_%no_asm%_%no_deblock%_%no_fast_pskip%_%rc_lookahead%_%rc_lookahead_40%_%ref%_%ref_1%_%root%_%;262.7933;455.7269
no_8x8dct%_%no_asm%_%no_cabac%_%rc_lookahead%_%rc_lookahead_40%_%ref%_%ref_1%_%root%_%;246.4867;348.7413
no_8x8dct%_%no_asm%_%no_cabac%_%no_fast_pskip%_%rc_lookahead%_%rc_lookahead_40%_%ref%_%ref_1%_%root%_%;251.87;452.7693
no_8x8dct%_%no_asm%_%no_cabac%_%no_deblock%_%rc_lookahead%_%rc_lookahead_40%_%ref%_%ref_1%_%root%_%;246.4;348.9151
no_8x8dct%_%no_asm%_%no_cabac%_%no_deblock%_%no_fast_pskip%_%rc_lookahead%_%rc_lookahead_40%_%ref%_%ref_1%_%root%_%;251.5733;453.3442
no_8x8dct%_%no_asm%_%no_mixed_refs%_%rc_lookahead%_%rc_lookahead_40%_%ref%_%ref_1%_%root%_%;256.82;342.1387
no_asm%_%no_mixed_refs%_%rc_lookahead%_%rc_lookahead_20%_%ref%_%ref_1%_%root%_%;268.7733;350.4096
no_8x8dct%_%no_asm%_%no_deblock%_%no_mixed_refs%_%rc_lookahead%_%rc_lookahead_40%_%ref%_%ref_1%_%root%_%;256.34;342.0564
no_8x8dct%_%no_asm%_%no_cabac%_%no_mixed_refs%_%rc_lookahead%_%rc_lookahead_40%_%ref%_%ref_1%_%root%_%;246.5433;341.7689
no_8x8dct%_%no_asm%_%no_cabac%_%no_deblock%_%no_mixed_refs%_%rc_lookahead%_%rc_lookahead_40%_%ref%_%ref_1%_%root%_%;246.2733;341.6347
no_8x8dct%_%no_asm%_%no_fast_pskip%_%no_mixed_refs%_%rc_lookahead%_%rc_lookahead_40%_%ref%_%ref_1%_%root%_%;263.2067;433.4171
no_8x8dct%_%no_asm%_%no_cabac%_%no_fast_pskip%_%no_mixed_refs%_%rc_lookahead%_%rc_lookahead_40%_%ref%_%ref_1%_%root%_%;251.8233;432.4656
no_8x8dct%_%no_asm%_%no_deblock%_%no_fast_pskip%_%no_mixed_refs%_%rc_lookahead%_%rc_lookahead_40%_%ref%_%ref_1%_%root%_%;262.6433;431.7036
no_8x8dct%_%no_asm%_%no_cabac%_%no_deblock%_%no_fast_pskip%_%no_mixed_refs%_%rc_lookahead%_%rc_lookahead_40%_%ref%_%ref_1%_%root%_%;251.5867;430.9373
no_8x8dct%_%no_asm%_%no_weightb%_%rc_lookahead%_%rc_lookahead_40%_%ref%_%ref_1%_%root%_%;256.6667;349.5667
no_8x8dct%_%no_asm%_%no_deblock%_%no_weightb%_%rc_lookahead%_%rc_lookahead_40%_%ref%_%ref_1%_%root%_%;256.2733;349.6536
no_8x8dct%_%no_asm%_%no_fast_pskip%_%no_weightb%_%rc_lookahead%_%rc_lookahead_40%_%ref%_%ref_1%_%root%_%;263.2533;454.8729
no_asm%_%no_deblock%_%no_mixed_refs%_%rc_lookahead%_%rc_lookahead_20%_%ref%_%ref_1%_%root%_%;268.17;350.0078
no_8x8dct%_%no_asm%_%no_deblock%_%no_fast_pskip%_%no_weightb%_%rc_lookahead%_%rc_lookahead_40%_%ref%_%ref_1%_%root%_%;262.61;455.5491
no_8x8dct%_%no_asm%_%no_mixed_refs%_%no_weightb%_%rc_lookahead%_%rc_lookahead_40%_%ref%_%ref_1%_%root%_%;256.72;342.1387
no_8x8dct%_%no_asm%_%no_fast_pskip%_%no_mixed_refs%_%no_weightb%_%rc_lookahead%_%rc_lookahead_40%_%ref%_%ref_1%_%root%_%;263.0733;432.092
no_8x8dct%_%no_asm%_%no_deblock%_%no_mixed_refs%_%no_weightb%_%rc_lookahead%_%rc_lookahead_40%_%ref%_%ref_1%_%root%_%;256.32;342.0347
no_8x8dct%_%no_asm%_%no_deblock%_%no_fast_pskip%_%no_mixed_refs%_%no_weightb%_%rc_lookahead%_%rc_lookahead_40%_%ref%_%ref_1%_%root%_%;262.51;430.4349
no_8x8dct%_%no_asm%_%no_cabac%_%no_weightb%_%rc_lookahead%_%rc_lookahead_40%_%ref%_%ref_1%_%root%_%;246.41;348.7413
no_8x8dct%_%no_asm%_%no_cabac%_%no_deblock%_%no_weightb%_%rc_lookahead%_%rc_lookahead_40%_%ref%_%ref_1%_%root%_%;246.2;348.9151
no_8x8dct%_%no_asm%_%no_cabac%_%no_mixed_refs%_%no_weightb%_%rc_lookahead%_%rc_lookahead_40%_%ref%_%ref_1%_%root%_%;246.58;341.708
no_8x8dct%_%no_asm%_%no_cabac%_%no_deblock%_%no_mixed_refs%_%no_weightb%_%rc_lookahead%_%rc_lookahead_40%_%ref%_%ref_1%_%root%_%;246.2367;341.552
no_8x8dct%_%no_asm%_%no_cabac%_%no_fast_pskip%_%no_weightb%_%rc_lookahead%_%rc_lookahead_40%_%ref%_%ref_1%_%root%_%;251.7867;452.7547
no_asm%_%no_fast_pskip%_%no_mixed_refs%_%rc_lookahead%_%rc_lookahead_20%_%ref%_%ref_1%_%root%_%;276.03;446.7233
no_8x8dct%_%no_asm%_%no_cabac%_%no_fast_pskip%_%no_mixed_refs%_%no_weightb%_%rc_lookahead%_%rc_lookahead_40%_%ref%_%ref_1%_%root%_%;251.86;431.1604
no_8x8dct%_%no_asm%_%no_cabac%_%no_deblock%_%no_fast_pskip%_%no_weightb%_%rc_lookahead%_%rc_lookahead_40%_%ref%_%ref_1%_%root%_%;251.53;453.214
no_8x8dct%_%no_asm%_%no_cabac%_%no_deblock%_%no_fast_pskip%_%no_mixed_refs%_%no_weightb%_%rc_lookahead%_%rc_lookahead_40%_%ref%_%ref_1%_%root%_%;251.6367;429.648
no_asm%_%no_mbtree%_%rc_lookahead%_%rc_lookahead_40%_%ref%_%ref_1%_%root%_%;305.4567;450.9576
no_asm%_%no_deblock%_%no_mbtree%_%rc_lookahead%_%rc_lookahead_40%_%ref%_%ref_1%_%root%_%;305.1733;452.1273
no_asm%_%no_fast_pskip%_%no_mbtree%_%rc_lookahead%_%rc_lookahead_40%_%ref%_%ref_1%_%root%_%;310.6967;511.1236
no_asm%_%no_deblock%_%no_fast_pskip%_%no_mbtree%_%rc_lookahead%_%rc_lookahead_40%_%ref%_%ref_1%_%root%_%;310.2867;512.6409
no_asm%_%no_cabac%_%no_mbtree%_%rc_lookahead%_%rc_lookahead_40%_%ref%_%ref_1%_%root%_%;295.49;445.4587
no_asm%_%no_cabac%_%no_fast_pskip%_%no_mbtree%_%rc_lookahead%_%rc_lookahead_40%_%ref%_%ref_1%_%root%_%;299.8133;503.8242
no_asm%_%no_cabac%_%no_deblock%_%no_mbtree%_%rc_lookahead%_%rc_lookahead_40%_%ref%_%ref_1%_%root%_%;295.4267;446.0162
no_asm%_%no_deblock%_%rc_lookahead%_%rc_lookahead_20%_%ref%_%ref_1%_%root%_%;268.0167;361.6367
no_asm%_%no_deblock%_%no_fast_pskip%_%no_mixed_refs%_%rc_lookahead%_%rc_lookahead_20%_%ref%_%ref_1%_%root%_%;275.69;445.0098
no_asm%_%no_cabac%_%no_deblock%_%no_fast_pskip%_%no_mbtree%_%rc_lookahead%_%rc_lookahead_40%_%ref%_%ref_1%_%root%_%;299.7067;504.7898
no_asm%_%no_mbtree%_%no_weightb%_%rc_lookahead%_%rc_lookahead_40%_%ref%_%ref_1%_%root%_%;305.4433;451.8871
no_asm%_%no_deblock%_%no_mbtree%_%no_weightb%_%rc_lookahead%_%rc_lookahead_40%_%ref%_%ref_1%_%root%_%;305.04;453.1527
no_asm%_%no_cabac%_%no_mbtree%_%no_weightb%_%rc_lookahead%_%rc_lookahead_40%_%ref%_%ref_1%_%root%_%;295.61;446.9678
no_asm%_%no_cabac%_%no_deblock%_%no_mbtree%_%no_weightb%_%rc_lookahead%_%rc_lookahead_40%_%ref%_%ref_1%_%root%_%;295.5033;447.6264
no_asm%_%no_fast_pskip%_%no_mbtree%_%no_weightb%_%rc_lookahead%_%rc_lookahead_40%_%ref%_%ref_1%_%root%_%;310.7767;510.9936
no_asm%_%no_cabac%_%no_fast_pskip%_%no_mbtree%_%no_weightb%_%rc_lookahead%_%rc_lookahead_40%_%ref%_%ref_1%_%root%_%;299.9067;503.6418
no_asm%_%no_deblock%_%no_fast_pskip%_%no_mbtree%_%no_weightb%_%rc_lookahead%_%rc_lookahead_40%_%ref%_%ref_1%_%root%_%;310.3167;512.5249
no_asm%_%no_cabac%_%no_deblock%_%no_fast_pskip%_%no_mbtree%_%no_weightb%_%rc_lookahead%_%rc_lookahead_40%_%ref%_%ref_1%_%root%_%;299.6267;504.75
no_8x8dct%_%no_asm%_%no_mbtree%_%rc_lookahead%_%rc_lookahead_40%_%ref%_%ref_1%_%root%_%;287.05;432.1916
no_asm%_%no_mixed_refs%_%no_weightb%_%rc_lookahead%_%rc_lookahead_20%_%ref%_%ref_1%_%root%_%;268.6033;350.0309
no_8x8dct%_%no_asm%_%no_deblock%_%no_mbtree%_%rc_lookahead%_%rc_lookahead_40%_%ref%_%ref_1%_%root%_%;286.4267;433.158
no_8x8dct%_%no_asm%_%no_fast_pskip%_%no_mbtree%_%rc_lookahead%_%rc_lookahead_40%_%ref%_%ref_1%_%root%_%;291.59;494.2113
no_8x8dct%_%no_asm%_%no_deblock%_%no_fast_pskip%_%no_mbtree%_%rc_lookahead%_%rc_lookahead_40%_%ref%_%ref_1%_%root%_%;291.0667;494.6287
no_8x8dct%_%no_asm%_%no_mbtree%_%no_weightb%_%rc_lookahead%_%rc_lookahead_40%_%ref%_%ref_1%_%root%_%;287.1067;433.4487
no_8x8dct%_%no_asm%_%no_fast_pskip%_%no_mbtree%_%no_weightb%_%rc_lookahead%_%rc_lookahead_40%_%ref%_%ref_1%_%root%_%;291.5767;494.1824
no_8x8dct%_%no_asm%_%no_deblock%_%no_mbtree%_%no_weightb%_%rc_lookahead%_%rc_lookahead_40%_%ref%_%ref_1%_%root%_%;286.4;434.3989
no_8x8dct%_%no_asm%_%no_deblock%_%no_fast_pskip%_%no_mbtree%_%no_weightb%_%rc_lookahead%_%rc_lookahead_40%_%ref%_%ref_1%_%root%_%;291.2;494.59
no_8x8dct%_%no_asm%_%no_cabac%_%no_mbtree%_%rc_lookahead%_%rc_lookahead_40%_%ref%_%ref_1%_%root%_%;276.01;428.4642
no_8x8dct%_%no_asm%_%no_cabac%_%no_deblock%_%no_mbtree%_%rc_lookahead%_%rc_lookahead_40%_%ref%_%ref_1%_%root%_%;275.56;429.0498
no_8x8dct%_%no_asm%_%no_cabac%_%no_mbtree%_%no_weightb%_%rc_lookahead%_%rc_lookahead_40%_%ref%_%ref_1%_%root%_%;275.9733;430.1856
no_asm%_%no_fast_pskip%_%no_mixed_refs%_%no_weightb%_%rc_lookahead%_%rc_lookahead_20%_%ref%_%ref_1%_%root%_%;275.9567;445.3218
no_8x8dct%_%no_asm%_%no_cabac%_%no_deblock%_%no_mbtree%_%no_weightb%_%rc_lookahead%_%rc_lookahead_40%_%ref%_%ref_1%_%root%_%;275.4533;430.8638
no_8x8dct%_%no_asm%_%no_cabac%_%no_fast_pskip%_%no_mbtree%_%rc_lookahead%_%rc_lookahead_40%_%ref%_%ref_1%_%root%_%;279.7533;492.3604
no_8x8dct%_%no_asm%_%no_cabac%_%no_fast_pskip%_%no_mbtree%_%no_weightb%_%rc_lookahead%_%rc_lookahead_40%_%ref%_%ref_1%_%root%_%;279.89;492.3604
no_8x8dct%_%no_asm%_%no_cabac%_%no_deblock%_%no_fast_pskip%_%no_mbtree%_%rc_lookahead%_%rc_lookahead_40%_%ref%_%ref_1%_%root%_%;279.2467;492.5893
no_8x8dct%_%no_asm%_%no_cabac%_%no_deblock%_%no_fast_pskip%_%no_mbtree%_%no_weightb%_%rc_lookahead%_%rc_lookahead_40%_%ref%_%ref_1%_%root%_%;279.1567;492.5893
no_asm%_%no_mbtree%_%no_mixed_refs%_%rc_lookahead%_%rc_lookahead_40%_%ref%_%ref_1%_%root%_%;305.5033;422.2738
no_asm%_%no_deblock%_%no_mbtree%_%no_mixed_refs%_%rc_lookahead%_%rc_lookahead_40%_%ref%_%ref_1%_%root%_%;305.03;421.9593
no_asm%_%no_fast_pskip%_%no_mbtree%_%no_mixed_refs%_%rc_lookahead%_%rc_lookahead_40%_%ref%_%ref_1%_%root%_%;310.6967;482.786
no_asm%_%no_deblock%_%no_fast_pskip%_%no_mbtree%_%no_mixed_refs%_%rc_lookahead%_%rc_lookahead_40%_%ref%_%ref_1%_%root%_%;310.25;482.4242
no_asm%_%no_cabac%_%no_mbtree%_%no_mixed_refs%_%rc_lookahead%_%rc_lookahead_40%_%ref%_%ref_1%_%root%_%;295.68;418.2382
no_asm%_%no_deblock%_%no_mixed_refs%_%no_weightb%_%rc_lookahead%_%rc_lookahead_20%_%ref%_%ref_1%_%root%_%;268.11;349.5553
no_asm%_%no_cabac%_%no_fast_pskip%_%no_mbtree%_%no_mixed_refs%_%rc_lookahead%_%rc_lookahead_40%_%ref%_%ref_1%_%root%_%;299.75;477.1951
no_asm%_%no_cabac%_%no_deblock%_%no_mbtree%_%no_mixed_refs%_%rc_lookahead%_%rc_lookahead_40%_%ref%_%ref_1%_%root%_%;295.36;417.7924
no_asm%_%no_cabac%_%no_deblock%_%no_fast_pskip%_%no_mbtree%_%no_mixed_refs%_%rc_lookahead%_%rc_lookahead_40%_%ref%_%ref_1%_%root%_%;299.69;476.7389
no_8x8dct%_%no_asm%_%no_mbtree%_%no_mixed_refs%_%rc_lookahead%_%rc_lookahead_40%_%ref%_%ref_1%_%root%_%;287.21;422.2738
no_8x8dct%_%no_asm%_%no_deblock%_%no_mbtree%_%no_mixed_refs%_%rc_lookahead%_%rc_lookahead_40%_%ref%_%ref_1%_%root%_%;286.28;421.9593
no_8x8dct%_%no_asm%_%no_cabac%_%no_mbtree%_%no_mixed_refs%_%rc_lookahead%_%rc_lookahead_40%_%ref%_%ref_1%_%root%_%;275.8967;418.2382
no_8x8dct%_%no_asm%_%no_cabac%_%no_deblock%_%no_mbtree%_%no_mixed_refs%_%rc_lookahead%_%rc_lookahead_40%_%ref%_%ref_1%_%root%_%;275.5233;417.7924
no_8x8dct%_%no_asm%_%no_fast_pskip%_%no_mbtree%_%no_mixed_refs%_%rc_lookahead%_%rc_lookahead_40%_%ref%_%ref_1%_%root%_%;291.6733;482.786
no_8x8dct%_%no_asm%_%no_cabac%_%no_fast_pskip%_%no_mbtree%_%no_mixed_refs%_%rc_lookahead%_%rc_lookahead_40%_%ref%_%ref_1%_%root%_%;279.74;477.1951
no_8x8dct%_%no_asm%_%no_deblock%_%no_fast_pskip%_%no_mbtree%_%no_mixed_refs%_%rc_lookahead%_%rc_lookahead_40%_%ref%_%ref_1%_%root%_%;291.1733;482.4242
no_asm%_%no_deblock%_%no_fast_pskip%_%no_mixed_refs%_%no_weightb%_%rc_lookahead%_%rc_lookahead_20%_%ref%_%ref_1%_%root%_%;275.31;443.6647
no_8x8dct%_%no_asm%_%no_cabac%_%no_deblock%_%no_fast_pskip%_%no_mbtree%_%no_mixed_refs%_%rc_lookahead%_%rc_lookahead_40%_%ref%_%ref_1%_%root%_%;279.26;476.7389
no_asm%_%no_mbtree%_%no_mixed_refs%_%no_weightb%_%rc_lookahead%_%rc_lookahead_40%_%ref%_%ref_1%_%root%_%;305.4333;422.2549
no_asm%_%no_deblock%_%no_mbtree%_%no_mixed_refs%_%no_weightb%_%rc_lookahead%_%rc_lookahead_40%_%ref%_%ref_1%_%root%_%;305;421.9318
no_asm%_%no_fast_pskip%_%no_mbtree%_%no_mixed_refs%_%no_weightb%_%rc_lookahead%_%rc_lookahead_40%_%ref%_%ref_1%_%root%_%;310.7533;482.4758
no_asm%_%no_deblock%_%no_fast_pskip%_%no_mbtree%_%no_mixed_refs%_%no_weightb%_%rc_lookahead%_%rc_lookahead_40%_%ref%_%ref_1%_%root%_%;310.2833;482.2184
no_8x8dct%_%no_asm%_%no_mbtree%_%no_mixed_refs%_%no_weightb%_%rc_lookahead%_%rc_lookahead_40%_%ref%_%ref_1%_%root%_%;287.0367;422.2549
no_8x8dct%_%no_asm%_%no_fast_pskip%_%no_mbtree%_%no_mixed_refs%_%no_weightb%_%rc_lookahead%_%rc_lookahead_40%_%ref%_%ref_1%_%root%_%;291.6033;482.4758
no_8x8dct%_%no_asm%_%no_deblock%_%no_mbtree%_%no_mixed_refs%_%no_weightb%_%rc_lookahead%_%rc_lookahead_40%_%ref%_%ref_1%_%root%_%;286.3367;421.9318
no_8x8dct%_%no_asm%_%no_deblock%_%no_fast_pskip%_%no_mbtree%_%no_mixed_refs%_%no_weightb%_%rc_lookahead%_%rc_lookahead_40%_%ref%_%ref_1%_%root%_%;291.21;482.2184
no_asm%_%no_cabac%_%no_mbtree%_%no_mixed_refs%_%no_weightb%_%rc_lookahead%_%rc_lookahead_40%_%ref%_%ref_1%_%root%_%;295.58;418.0516
no_asm%_%no_cabac%_%no_mixed_refs%_%rc_lookahead%_%rc_lookahead_20%_%ref%_%ref_1%_%root%_%;260.48;349.6789
no_asm%_%no_cabac%_%no_deblock%_%no_mbtree%_%no_mixed_refs%_%no_weightb%_%rc_lookahead%_%rc_lookahead_40%_%ref%_%ref_1%_%root%_%;295.4467;417.6058
no_8x8dct%_%no_asm%_%no_cabac%_%no_mbtree%_%no_mixed_refs%_%no_weightb%_%rc_lookahead%_%rc_lookahead_40%_%ref%_%ref_1%_%root%_%;276.01;418.0516
no_8x8dct%_%no_asm%_%no_cabac%_%no_deblock%_%no_mbtree%_%no_mixed_refs%_%no_weightb%_%rc_lookahead%_%rc_lookahead_40%_%ref%_%ref_1%_%root%_%;275.4067;417.6058
no_asm%_%no_cabac%_%no_fast_pskip%_%no_mbtree%_%no_mixed_refs%_%no_weightb%_%rc_lookahead%_%rc_lookahead_40%_%ref%_%ref_1%_%root%_%;299.84;477.1542
no_8x8dct%_%no_asm%_%no_cabac%_%no_fast_pskip%_%no_mbtree%_%no_mixed_refs%_%no_weightb%_%rc_lookahead%_%rc_lookahead_40%_%ref%_%ref_1%_%root%_%;279.9033;477.1542
no_asm%_%no_cabac%_%no_deblock%_%no_fast_pskip%_%no_mbtree%_%no_mixed_refs%_%no_weightb%_%rc_lookahead%_%rc_lookahead_40%_%ref%_%ref_1%_%root%_%;299.7333;476.6729
no_8x8dct%_%no_asm%_%no_cabac%_%no_deblock%_%no_fast_pskip%_%no_mbtree%_%no_mixed_refs%_%no_weightb%_%rc_lookahead%_%rc_lookahead_40%_%ref%_%ref_1%_%root%_%;279.1933;476.6729
no_asm%_%rc_lookahead%_%rc_lookahead_60%_%ref%_%ref_1%_%root%_%;271.9667;361.0244
no_asm%_%no_fast_pskip%_%rc_lookahead%_%rc_lookahead_60%_%ref%_%ref_1%_%root%_%;279.3567;464.8753
no_asm%_%no_cabac%_%rc_lookahead%_%rc_lookahead_60%_%ref%_%ref_1%_%root%_%;263.8233;358.4993
no_asm%_%no_cabac%_%no_deblock%_%no_mixed_refs%_%rc_lookahead%_%rc_lookahead_20%_%ref%_%ref_1%_%root%_%;259.9633;349.1469
no_asm%_%no_cabac%_%no_fast_pskip%_%rc_lookahead%_%rc_lookahead_60%_%ref%_%ref_1%_%root%_%;269.9167;459
no_asm%_%no_weightb%_%rc_lookahead%_%rc_lookahead_60%_%ref%_%ref_1%_%root%_%;272.0033;360.6062
no_asm%_%no_cabac%_%no_weightb%_%rc_lookahead%_%rc_lookahead_60%_%ref%_%ref_1%_%root%_%;263.6433;358.0718
no_asm%_%no_fast_pskip%_%no_weightb%_%rc_lookahead%_%rc_lookahead_60%_%ref%_%ref_1%_%root%_%;279.3333;464.7544
no_asm%_%no_cabac%_%no_fast_pskip%_%no_weightb%_%rc_lookahead%_%rc_lookahead_60%_%ref%_%ref_1%_%root%_%;269.95;458.9098
no_asm%_%no_mixed_refs%_%rc_lookahead%_%rc_lookahead_60%_%ref%_%ref_1%_%root%_%;272.13;350.4096
no_asm%_%no_fast_pskip%_%no_mixed_refs%_%rc_lookahead%_%rc_lookahead_60%_%ref%_%ref_1%_%root%_%;279.5333;446.7233
no_asm%_%no_mixed_refs%_%no_weightb%_%rc_lookahead%_%rc_lookahead_60%_%ref%_%ref_1%_%root%_%;272.0533;350.0309
no_asm%_%no_fast_pskip%_%no_mixed_refs%_%no_weightb%_%rc_lookahead%_%rc_lookahead_60%_%ref%_%ref_1%_%root%_%;279.3033;445.3218
no_asm%_%no_cabac%_%no_mixed_refs%_%rc_lookahead%_%rc_lookahead_60%_%ref%_%ref_1%_%root%_%;263.8867;349.6789
no_asm%_%no_cabac%_%no_mixed_refs%_%no_weightb%_%rc_lookahead%_%rc_lookahead_20%_%ref%_%ref_1%_%root%_%;260.38;349.2304
no_asm%_%no_cabac%_%no_mixed_refs%_%no_weightb%_%rc_lookahead%_%rc_lookahead_60%_%ref%_%ref_1%_%root%_%;263.7533;349.2304
no_asm%_%no_cabac%_%no_fast_pskip%_%no_mixed_refs%_%rc_lookahead%_%rc_lookahead_60%_%ref%_%ref_1%_%root%_%;270.09;443.7731
no_asm%_%no_cabac%_%no_fast_pskip%_%no_mixed_refs%_%no_weightb%_%rc_lookahead%_%rc_lookahead_60%_%ref%_%ref_1%_%root%_%;270.0633;442.4109
no_asm%_%no_mbtree%_%rc_lookahead%_%rc_lookahead_60%_%ref%_%ref_1%_%root%_%;305.3833;450.9576
no_asm%_%no_fast_pskip%_%no_mbtree%_%rc_lookahead%_%rc_lookahead_60%_%ref%_%ref_1%_%root%_%;310.6067;511.1236
no_asm%_%no_cabac%_%no_mbtree%_%rc_lookahead%_%rc_lookahead_60%_%ref%_%ref_1%_%root%_%;295.5767;445.4587
no_asm%_%no_cabac%_%no_fast_pskip%_%no_mbtree%_%rc_lookahead%_%rc_lookahead_60%_%ref%_%ref_1%_%root%_%;299.8667;503.8242
no_asm%_%no_mbtree%_%no_mixed_refs%_%rc_lookahead%_%rc_lookahead_60%_%ref%_%ref_1%_%root%_%;305.35;422.2738
no_asm%_%no_cabac%_%no_mbtree%_%no_mixed_refs%_%rc_lookahead%_%rc_lookahead_60%_%ref%_%ref_1%_%root%_%;295.62;418.2382
no_asm%_%no_fast_pskip%_%no_mbtree%_%no_mixed_refs%_%rc_lookahead%_%rc_lookahead_60%_%ref%_%ref_1%_%root%_%;310.6733;482.786
no_asm%_%no_cabac%_%no_deblock%_%no_mixed_refs%_%no_weightb%_%rc_lookahead%_%rc_lookahead_20%_%ref%_%ref_1%_%root%_%;259.84;348.59
no_asm%_%no_cabac%_%no_fast_pskip%_%no_mbtree%_%no_mixed_refs%_%rc_lookahead%_%rc_lookahead_60%_%ref%_%ref_1%_%root%_%;299.89;477.1951
no_asm%_%no_mbtree%_%no_weightb%_%rc_lookahead%_%rc_lookahead_60%_%ref%_%ref_1%_%root%_%;305.5;451.8871
no_asm%_%no_fast_pskip%_%no_mbtree%_%no_weightb%_%rc_lookahead%_%rc_lookahead_60%_%ref%_%ref_1%_%root%_%;310.6867;510.9936
no_asm%_%no_mbtree%_%no_mixed_refs%_%no_weightb%_%rc_lookahead%_%rc_lookahead_60%_%ref%_%ref_1%_%root%_%;305.4333;422.2549
no_asm%_%no_fast_pskip%_%no_mbtree%_%no_mixed_refs%_%no_weightb%_%rc_lookahead%_%rc_lookahead_60%_%ref%_%ref_1%_%root%_%;310.6733;482.4758
no_asm%_%no_cabac%_%no_mbtree%_%no_weightb%_%rc_lookahead%_%rc_lookahead_60%_%ref%_%ref_1%_%root%_%;295.6067;446.9678
no_asm%_%no_cabac%_%no_mbtree%_%no_mixed_refs%_%no_weightb%_%rc_lookahead%_%rc_lookahead_60%_%ref%_%ref_1%_%root%_%;295.6833;418.0516
no_asm%_%no_cabac%_%no_fast_pskip%_%no_mbtree%_%no_weightb%_%rc_lookahead%_%rc_lookahead_60%_%ref%_%ref_1%_%root%_%;299.85;503.6418
no_asm%_%no_cabac%_%no_fast_pskip%_%no_mbtree%_%no_mixed_refs%_%no_weightb%_%rc_lookahead%_%rc_lookahead_60%_%ref%_%ref_1%_%root%_%;299.96;477.1542
no_asm%_%no_deblock%_%rc_lookahead%_%rc_lookahead_60%_%ref%_%ref_1%_%root%_%;271.3367;361.6367
no_asm%_%no_cabac%_%no_fast_pskip%_%no_mixed_refs%_%rc_lookahead%_%rc_lookahead_20%_%ref%_%ref_1%_%root%_%;266.67;443.7731
no_asm%_%no_deblock%_%no_fast_pskip%_%rc_lookahead%_%rc_lookahead_60%_%ref%_%ref_1%_%root%_%;279.0367;466.5407
no_asm%_%no_cabac%_%no_deblock%_%rc_lookahead%_%rc_lookahead_60%_%ref%_%ref_1%_%root%_%;263.3667;359.4127
no_asm%_%no_cabac%_%no_deblock%_%no_fast_pskip%_%rc_lookahead%_%rc_lookahead_60%_%ref%_%ref_1%_%root%_%;269.7333;460.0167
no_asm%_%no_deblock%_%no_weightb%_%rc_lookahead%_%rc_lookahead_60%_%ref%_%ref_1%_%root%_%;271.38;361.1258
no_asm%_%no_cabac%_%no_deblock%_%no_weightb%_%rc_lookahead%_%rc_lookahead_60%_%ref%_%ref_1%_%root%_%;263.3633;358.8144
no_asm%_%no_deblock%_%no_fast_pskip%_%no_weightb%_%rc_lookahead%_%rc_lookahead_60%_%ref%_%ref_1%_%root%_%;279.0833;466.2207
no_asm%_%no_cabac%_%no_deblock%_%no_fast_pskip%_%no_weightb%_%rc_lookahead%_%rc_lookahead_60%_%ref%_%ref_1%_%root%_%;269.5233;459.7456
no_asm%_%no_deblock%_%no_mbtree%_%rc_lookahead%_%rc_lookahead_60%_%ref%_%ref_1%_%root%_%;304.96;452.1273
no_asm%_%no_deblock%_%no_fast_pskip%_%no_mbtree%_%rc_lookahead%_%rc_lookahead_60%_%ref%_%ref_1%_%root%_%;310.2267;512.6409
no_asm%_%no_deblock%_%no_mbtree%_%no_weightb%_%rc_lookahead%_%rc_lookahead_60%_%ref%_%ref_1%_%root%_%;305.1467;453.1527
no_asm%_%no_fast_pskip%_%rc_lookahead%_%rc_lookahead_20%_%ref%_%ref_1%_%root%_%;276.1033;464.8753
no_asm%_%no_cabac%_%no_fast_pskip%_%no_mixed_refs%_%no_weightb%_%rc_lookahead%_%rc_lookahead_20%_%ref%_%ref_1%_%root%_%;266.51;442.4109
no_asm%_%no_deblock%_%no_fast_pskip%_%no_mbtree%_%no_weightb%_%rc_lookahead%_%rc_lookahead_60%_%ref%_%ref_1%_%root%_%;310.3267;512.5249
no_asm%_%no_cabac%_%no_deblock%_%no_mbtree%_%rc_lookahead%_%rc_lookahead_60%_%ref%_%ref_1%_%root%_%;295.3533;446.0162
no_asm%_%no_cabac%_%no_deblock%_%no_mbtree%_%no_weightb%_%rc_lookahead%_%rc_lookahead_60%_%ref%_%ref_1%_%root%_%;295.4233;447.6264
no_asm%_%no_cabac%_%no_deblock%_%no_fast_pskip%_%no_mbtree%_%rc_lookahead%_%rc_lookahead_60%_%ref%_%ref_1%_%root%_%;299.8133;504.7898
no_asm%_%no_cabac%_%no_deblock%_%no_fast_pskip%_%no_mbtree%_%no_weightb%_%rc_lookahead%_%rc_lookahead_60%_%ref%_%ref_1%_%root%_%;299.7967;504.75
no_asm%_%no_deblock%_%no_mixed_refs%_%rc_lookahead%_%rc_lookahead_60%_%ref%_%ref_1%_%root%_%;271.4167;350.0078
no_asm%_%no_deblock%_%no_fast_pskip%_%no_mixed_refs%_%rc_lookahead%_%rc_lookahead_60%_%ref%_%ref_1%_%root%_%;279.0967;445.0098
no_asm%_%no_cabac%_%no_deblock%_%no_mixed_refs%_%rc_lookahead%_%rc_lookahead_60%_%ref%_%ref_1%_%root%_%;263.4033;349.1469
no_asm%_%no_cabac%_%no_deblock%_%no_fast_pskip%_%no_mixed_refs%_%rc_lookahead%_%rc_lookahead_60%_%ref%_%ref_1%_%root%_%;269.5833;441.8167
no_asm%_%no_deblock%_%no_mbtree%_%no_mixed_refs%_%rc_lookahead%_%rc_lookahead_60%_%ref%_%ref_1%_%root%_%;305.0267;421.9593
no_asm%_%no_cabac%_%no_deblock%_%no_fast_pskip%_%no_mixed_refs%_%rc_lookahead%_%rc_lookahead_20%_%ref%_%ref_1%_%root%_%;266.22;441.8167
no_asm%_%no_cabac%_%no_deblock%_%no_mbtree%_%no_mixed_refs%_%rc_lookahead%_%rc_lookahead_60%_%ref%_%ref_1%_%root%_%;295.4133;417.7924
no_asm%_%no_deblock%_%no_fast_pskip%_%no_mbtree%_%no_mixed_refs%_%rc_lookahead%_%rc_lookahead_60%_%ref%_%ref_1%_%root%_%;310.2633;482.4242
no_asm%_%no_cabac%_%no_deblock%_%no_fast_pskip%_%no_mbtree%_%no_mixed_refs%_%rc_lookahead%_%rc_lookahead_60%_%ref%_%ref_1%_%root%_%;299.6767;476.7389
no_asm%_%no_deblock%_%no_mixed_refs%_%no_weightb%_%rc_lookahead%_%rc_lookahead_60%_%ref%_%ref_1%_%root%_%;271.4033;349.5553
no_asm%_%no_deblock%_%no_fast_pskip%_%no_mixed_refs%_%no_weightb%_%rc_lookahead%_%rc_lookahead_60%_%ref%_%ref_1%_%root%_%;279.0133;443.6647
no_asm%_%no_deblock%_%no_mbtree%_%no_mixed_refs%_%no_weightb%_%rc_lookahead%_%rc_lookahead_60%_%ref%_%ref_1%_%root%_%;305.1033;421.9318
no_asm%_%no_deblock%_%no_fast_pskip%_%no_mbtree%_%no_mixed_refs%_%no_weightb%_%rc_lookahead%_%rc_lookahead_60%_%ref%_%ref_1%_%root%_%;310.2533;482.2184
no_asm%_%no_cabac%_%no_deblock%_%no_mixed_refs%_%no_weightb%_%rc_lookahead%_%rc_lookahead_60%_%ref%_%ref_1%_%root%_%;263.3733;348.59
no_asm%_%no_cabac%_%no_deblock%_%no_mbtree%_%no_mixed_refs%_%no_weightb%_%rc_lookahead%_%rc_lookahead_60%_%ref%_%ref_1%_%root%_%;295.41;417.6058
no_asm%_%no_cabac%_%no_deblock%_%no_fast_pskip%_%no_mixed_refs%_%no_weightb%_%rc_lookahead%_%rc_lookahead_60%_%ref%_%ref_1%_%root%_%;269.4933;440.4033
no_asm%_%no_cabac%_%no_deblock%_%no_fast_pskip%_%no_mixed_refs%_%no_weightb%_%rc_lookahead%_%rc_lookahead_20%_%ref%_%ref_1%_%root%_%;266.2733;440.4033
no_asm%_%no_cabac%_%no_deblock%_%no_fast_pskip%_%no_mbtree%_%no_mixed_refs%_%no_weightb%_%rc_lookahead%_%rc_lookahead_60%_%ref%_%ref_1%_%root%_%;299.6767;476.6729
no_8x8dct%_%no_asm%_%rc_lookahead%_%rc_lookahead_60%_%ref%_%ref_1%_%root%_%;257.9733;349.5667
no_8x8dct%_%no_asm%_%no_fast_pskip%_%rc_lookahead%_%rc_lookahead_60%_%ref%_%ref_1%_%root%_%;264.2933;454.8729
no_8x8dct%_%no_asm%_%no_cabac%_%rc_lookahead%_%rc_lookahead_60%_%ref%_%ref_1%_%root%_%;247.73;348.7413
no_8x8dct%_%no_asm%_%no_cabac%_%no_fast_pskip%_%rc_lookahead%_%rc_lookahead_60%_%ref%_%ref_1%_%root%_%;252.9633;452.7693
no_8x8dct%_%no_asm%_%no_weightb%_%rc_lookahead%_%rc_lookahead_60%_%ref%_%ref_1%_%root%_%;257.9267;349.5667
no_8x8dct%_%no_asm%_%no_cabac%_%no_weightb%_%rc_lookahead%_%rc_lookahead_60%_%ref%_%ref_1%_%root%_%;247.5067;348.7413
no_8x8dct%_%no_asm%_%no_fast_pskip%_%no_weightb%_%rc_lookahead%_%rc_lookahead_60%_%ref%_%ref_1%_%root%_%;264.2867;454.8729
no_8x8dct%_%no_asm%_%no_cabac%_%no_fast_pskip%_%no_weightb%_%rc_lookahead%_%rc_lookahead_60%_%ref%_%ref_1%_%root%_%;253.01;452.7547
no_8x8dct%_%no_asm%_%no_mixed_refs%_%rc_lookahead%_%rc_lookahead_60%_%ref%_%ref_1%_%root%_%;258.1133;342.1387
no_asm%_%no_mbtree%_%rc_lookahead%_%rc_lookahead_20%_%ref%_%ref_1%_%root%_%;305.4;450.9576
no_8x8dct%_%no_asm%_%no_fast_pskip%_%no_mixed_refs%_%rc_lookahead%_%rc_lookahead_60%_%ref%_%ref_1%_%root%_%;264.38;433.4171
no_8x8dct%_%no_asm%_%no_mixed_refs%_%no_weightb%_%rc_lookahead%_%rc_lookahead_60%_%ref%_%ref_1%_%root%_%;257.8767;342.1387
no_8x8dct%_%no_asm%_%no_fast_pskip%_%no_mixed_refs%_%no_weightb%_%rc_lookahead%_%rc_lookahead_60%_%ref%_%ref_1%_%root%_%;264.33;432.092
no_8x8dct%_%no_asm%_%no_cabac%_%no_mixed_refs%_%rc_lookahead%_%rc_lookahead_60%_%ref%_%ref_1%_%root%_%;247.7167;341.7689
no_8x8dct%_%no_asm%_%no_cabac%_%no_mixed_refs%_%no_weightb%_%rc_lookahead%_%rc_lookahead_60%_%ref%_%ref_1%_%root%_%;247.6933;341.708
no_8x8dct%_%no_asm%_%no_cabac%_%no_fast_pskip%_%no_mixed_refs%_%rc_lookahead%_%rc_lookahead_60%_%ref%_%ref_1%_%root%_%;253.1267;432.4656
no_8x8dct%_%no_asm%_%no_cabac%_%no_fast_pskip%_%no_mixed_refs%_%no_weightb%_%rc_lookahead%_%rc_lookahead_60%_%ref%_%ref_1%_%root%_%;253.08;431.1604
no_8x8dct%_%no_asm%_%no_deblock%_%rc_lookahead%_%rc_lookahead_60%_%ref%_%ref_1%_%root%_%;257.4633;349.6536
no_8x8dct%_%no_asm%_%no_deblock%_%no_fast_pskip%_%rc_lookahead%_%rc_lookahead_60%_%ref%_%ref_1%_%root%_%;263.91;455.7269
no_8x8dct%_%no_asm%_%no_cabac%_%no_deblock%_%rc_lookahead%_%rc_lookahead_60%_%ref%_%ref_1%_%root%_%;247.4833;348.9151
no_asm%_%no_deblock%_%no_mbtree%_%rc_lookahead%_%rc_lookahead_20%_%ref%_%ref_1%_%root%_%;304.9;452.1273
no_8x8dct%_%no_asm%_%no_cabac%_%no_deblock%_%no_fast_pskip%_%rc_lookahead%_%rc_lookahead_60%_%ref%_%ref_1%_%root%_%;252.8267;453.3442
no_8x8dct%_%no_asm%_%no_deblock%_%no_mixed_refs%_%rc_lookahead%_%rc_lookahead_60%_%ref%_%ref_1%_%root%_%;257.4067;342.0564
no_8x8dct%_%no_asm%_%no_cabac%_%no_deblock%_%no_mixed_refs%_%rc_lookahead%_%rc_lookahead_60%_%ref%_%ref_1%_%root%_%;247.6667;341.6347
no_8x8dct%_%no_asm%_%no_deblock%_%no_fast_pskip%_%no_mixed_refs%_%rc_lookahead%_%rc_lookahead_60%_%ref%_%ref_1%_%root%_%;263.8467;431.7036
no_8x8dct%_%no_asm%_%no_cabac%_%no_deblock%_%no_fast_pskip%_%no_mixed_refs%_%rc_lookahead%_%rc_lookahead_60%_%ref%_%ref_1%_%root%_%;252.78;430.9373
no_8x8dct%_%no_asm%_%no_deblock%_%no_weightb%_%rc_lookahead%_%rc_lookahead_60%_%ref%_%ref_1%_%root%_%;257.45;349.6536
no_8x8dct%_%no_asm%_%no_deblock%_%no_fast_pskip%_%no_weightb%_%rc_lookahead%_%rc_lookahead_60%_%ref%_%ref_1%_%root%_%;263.8533;455.5491
no_8x8dct%_%no_asm%_%no_deblock%_%no_mixed_refs%_%no_weightb%_%rc_lookahead%_%rc_lookahead_60%_%ref%_%ref_1%_%root%_%;257.53;342.0347
no_8x8dct%_%no_asm%_%no_deblock%_%no_fast_pskip%_%no_mixed_refs%_%no_weightb%_%rc_lookahead%_%rc_lookahead_60%_%ref%_%ref_1%_%root%_%;263.92;430.4349
no_8x8dct%_%no_asm%_%no_cabac%_%no_deblock%_%no_weightb%_%rc_lookahead%_%rc_lookahead_60%_%ref%_%ref_1%_%root%_%;247.5167;348.9151
no_asm%_%no_fast_pskip%_%no_mbtree%_%rc_lookahead%_%rc_lookahead_20%_%ref%_%ref_1%_%root%_%;310.58;511.1236
no_8x8dct%_%no_asm%_%no_cabac%_%no_deblock%_%no_mixed_refs%_%no_weightb%_%rc_lookahead%_%rc_lookahead_60%_%ref%_%ref_1%_%root%_%;247.5367;341.552
no_8x8dct%_%no_asm%_%no_cabac%_%no_deblock%_%no_fast_pskip%_%no_weightb%_%rc_lookahead%_%rc_lookahead_60%_%ref%_%ref_1%_%root%_%;252.7367;453.214
no_8x8dct%_%no_asm%_%no_cabac%_%no_deblock%_%no_fast_pskip%_%no_mixed_refs%_%no_weightb%_%rc_lookahead%_%rc_lookahead_60%_%ref%_%ref_1%_%root%_%;252.63;429.648
no_8x8dct%_%no_asm%_%no_mbtree%_%rc_lookahead%_%rc_lookahead_60%_%ref%_%ref_1%_%root%_%;287.1133;432.1916
no_8x8dct%_%no_asm%_%no_fast_pskip%_%no_mbtree%_%rc_lookahead%_%rc_lookahead_60%_%ref%_%ref_1%_%root%_%;291.6433;494.2113
no_8x8dct%_%no_asm%_%no_cabac%_%no_mbtree%_%rc_lookahead%_%rc_lookahead_60%_%ref%_%ref_1%_%root%_%;275.97;428.4642
no_8x8dct%_%no_asm%_%no_cabac%_%no_fast_pskip%_%no_mbtree%_%rc_lookahead%_%rc_lookahead_60%_%ref%_%ref_1%_%root%_%;279.84;492.3604
no_8x8dct%_%no_asm%_%no_mbtree%_%no_weightb%_%rc_lookahead%_%rc_lookahead_60%_%ref%_%ref_1%_%root%_%;287.1067;433.4487
no_8x8dct%_%no_asm%_%no_cabac%_%no_mbtree%_%no_weightb%_%rc_lookahead%_%rc_lookahead_60%_%ref%_%ref_1%_%root%_%;275.96;430.1856
no_8x8dct%_%no_asm%_%no_fast_pskip%_%no_mbtree%_%no_weightb%_%rc_lookahead%_%rc_lookahead_60%_%ref%_%ref_1%_%root%_%;291.53;494.1824
no_asm%_%no_deblock%_%no_fast_pskip%_%no_mbtree%_%rc_lookahead%_%rc_lookahead_20%_%ref%_%ref_1%_%root%_%;310.1767;512.6409
no_8x8dct%_%no_asm%_%no_cabac%_%no_fast_pskip%_%no_mbtree%_%no_weightb%_%rc_lookahead%_%rc_lookahead_60%_%ref%_%ref_1%_%root%_%;279.7567;492.3604
no_8x8dct%_%no_asm%_%no_deblock%_%no_mbtree%_%rc_lookahead%_%rc_lookahead_60%_%ref%_%ref_1%_%root%_%;286.3533;433.158
no_8x8dct%_%no_asm%_%no_deblock%_%no_fast_pskip%_%no_mbtree%_%rc_lookahead%_%rc_lookahead_60%_%ref%_%ref_1%_%root%_%;291.14;494.6287
no_8x8dct%_%no_asm%_%no_deblock%_%no_mbtree%_%no_weightb%_%rc_lookahead%_%rc_lookahead_60%_%ref%_%ref_1%_%root%_%;286.3267;434.3989
no_8x8dct%_%no_asm%_%no_deblock%_%no_fast_pskip%_%no_mbtree%_%no_weightb%_%rc_lookahead%_%rc_lookahead_60%_%ref%_%ref_1%_%root%_%;291.0567;494.59
no_8x8dct%_%no_asm%_%no_cabac%_%no_deblock%_%no_mbtree%_%rc_lookahead%_%rc_lookahead_60%_%ref%_%ref_1%_%root%_%;275.4533;429.0498
no_8x8dct%_%no_asm%_%no_cabac%_%no_deblock%_%no_mbtree%_%no_weightb%_%rc_lookahead%_%rc_lookahead_60%_%ref%_%ref_1%_%root%_%;275.4267;430.8638
no_8x8dct%_%no_asm%_%no_cabac%_%no_deblock%_%no_fast_pskip%_%no_mbtree%_%rc_lookahead%_%rc_lookahead_60%_%ref%_%ref_1%_%root%_%;279.2233;492.5893
no_8x8dct%_%no_asm%_%no_cabac%_%no_deblock%_%no_fast_pskip%_%no_mbtree%_%no_weightb%_%rc_lookahead%_%rc_lookahead_60%_%ref%_%ref_1%_%root%_%;279.2167;492.5893
no_8x8dct%_%no_asm%_%no_mbtree%_%no_mixed_refs%_%rc_lookahead%_%rc_lookahead_60%_%ref%_%ref_1%_%root%_%;287.0533;422.2738
no_asm%_%no_cabac%_%no_mbtree%_%rc_lookahead%_%rc_lookahead_20%_%ref%_%ref_1%_%root%_%;295.47;445.4587
no_8x8dct%_%no_asm%_%no_fast_pskip%_%no_mbtree%_%no_mixed_refs%_%rc_lookahead%_%rc_lookahead_60%_%ref%_%ref_1%_%root%_%;291.4833;482.786
no_8x8dct%_%no_asm%_%no_cabac%_%no_mbtree%_%no_mixed_refs%_%rc_lookahead%_%rc_lookahead_60%_%ref%_%ref_1%_%root%_%;275.9867;418.2382
no_8x8dct%_%no_asm%_%no_cabac%_%no_fast_pskip%_%no_mbtree%_%no_mixed_refs%_%rc_lookahead%_%rc_lookahead_60%_%ref%_%ref_1%_%root%_%;279.8533;477.1951
no_8x8dct%_%no_asm%_%no_deblock%_%no_mbtree%_%no_mixed_refs%_%rc_lookahead%_%rc_lookahead_60%_%ref%_%ref_1%_%root%_%;286.47;421.9593
no_8x8dct%_%no_asm%_%no_cabac%_%no_deblock%_%no_mbtree%_%no_mixed_refs%_%rc_lookahead%_%rc_lookahead_60%_%ref%_%ref_1%_%root%_%;275.39;417.7924
no_8x8dct%_%no_asm%_%no_deblock%_%no_fast_pskip%_%no_mbtree%_%no_mixed_refs%_%rc_lookahead%_%rc_lookahead_60%_%ref%_%ref_1%_%root%_%;291.2767;482.4242
no_8x8dct%_%no_asm%_%no_cabac%_%no_deblock%_%no_fast_pskip%_%no_mbtree%_%no_mixed_refs%_%rc_lookahead%_%rc_lookahead_60%_%ref%_%ref_1%_%root%_%;279.13;476.7389
no_8x8dct%_%no_asm%_%no_mbtree%_%no_mixed_refs%_%no_weightb%_%rc_lookahead%_%rc_lookahead_60%_%ref%_%ref_1%_%root%_%;287.0633;422.2549
no_8x8dct%_%no_asm%_%no_fast_pskip%_%no_mbtree%_%no_mixed_refs%_%no_weightb%_%rc_lookahead%_%rc_lookahead_60%_%ref%_%ref_1%_%root%_%;291.5867;482.4758
no_8x8dct%_%no_asm%_%no_deblock%_%no_mbtree%_%no_mixed_refs%_%no_weightb%_%rc_lookahead%_%rc_lookahead_60%_%ref%_%ref_1%_%root%_%;286.4567;421.9318
no_asm%_%no_cabac%_%no_fast_pskip%_%no_mbtree%_%rc_lookahead%_%rc_lookahead_20%_%ref%_%ref_1%_%root%_%;299.66;503.8242
no_8x8dct%_%no_asm%_%no_deblock%_%no_fast_pskip%_%no_mbtree%_%no_mixed_refs%_%no_weightb%_%rc_lookahead%_%rc_lookahead_60%_%ref%_%ref_1%_%root%_%;291.2367;482.2184
no_8x8dct%_%no_asm%_%no_cabac%_%no_mbtree%_%no_mixed_refs%_%no_weightb%_%rc_lookahead%_%rc_lookahead_60%_%ref%_%ref_1%_%root%_%;276.0733;418.0516
no_8x8dct%_%no_asm%_%no_cabac%_%no_deblock%_%no_mbtree%_%no_mixed_refs%_%no_weightb%_%rc_lookahead%_%rc_lookahead_60%_%ref%_%ref_1%_%root%_%;275.46;417.6058
no_8x8dct%_%no_asm%_%no_cabac%_%no_fast_pskip%_%no_mbtree%_%no_mixed_refs%_%no_weightb%_%rc_lookahead%_%rc_lookahead_60%_%ref%_%ref_1%_%root%_%;279.9267;477.1542
no_8x8dct%_%no_asm%_%no_cabac%_%no_deblock%_%no_fast_pskip%_%no_mbtree%_%no_mixed_refs%_%no_weightb%_%rc_lookahead%_%rc_lookahead_60%_%ref%_%ref_1%_%root%_%;279.2467;476.6729
no_asm%_%rc_lookahead%_%rc_lookahead_40%_%ref%_%ref_5%_%root%_%;444.6;440.0731
no_asm%_%no_deblock%_%rc_lookahead%_%rc_lookahead_40%_%ref%_%ref_5%_%root%_%;446.6333;441.5424
no_asm%_%no_fast_pskip%_%rc_lookahead%_%rc_lookahead_40%_%ref%_%ref_5%_%root%_%;515.5433;513.9227
no_asm%_%no_deblock%_%no_fast_pskip%_%rc_lookahead%_%rc_lookahead_40%_%ref%_%ref_5%_%root%_%;518.1433;516.0407
no_asm%_%no_cabac%_%rc_lookahead%_%rc_lookahead_40%_%ref%_%ref_5%_%root%_%;438.1967;435.5762
no_asm%_%no_cabac%_%no_deblock%_%no_mbtree%_%rc_lookahead%_%rc_lookahead_20%_%ref%_%ref_1%_%root%_%;295.3667;446.0162
no_asm%_%no_cabac%_%no_fast_pskip%_%rc_lookahead%_%rc_lookahead_40%_%ref%_%ref_5%_%root%_%;507.75;506.6336
no_asm%_%no_cabac%_%no_deblock%_%rc_lookahead%_%rc_lookahead_40%_%ref%_%ref_5%_%root%_%;439.6067;437.3029
no_asm%_%no_cabac%_%no_deblock%_%no_fast_pskip%_%rc_lookahead%_%rc_lookahead_40%_%ref%_%ref_5%_%root%_%;509.2733;507.7218
no_asm%_%no_weightb%_%rc_lookahead%_%rc_lookahead_40%_%ref%_%ref_5%_%root%_%;444.3333;440.4962
no_asm%_%no_deblock%_%no_weightb%_%rc_lookahead%_%rc_lookahead_40%_%ref%_%ref_5%_%root%_%;446.6;441.992
no_asm%_%no_cabac%_%no_weightb%_%rc_lookahead%_%rc_lookahead_40%_%ref%_%ref_5%_%root%_%;437.9333;436.3351
no_asm%_%no_cabac%_%no_deblock%_%no_weightb%_%rc_lookahead%_%rc_lookahead_40%_%ref%_%ref_5%_%root%_%;439.26;438.0102
no_asm%_%no_fast_pskip%_%no_weightb%_%rc_lookahead%_%rc_lookahead_40%_%ref%_%ref_5%_%root%_%;515.6633;513.7164
no_asm%_%no_cabac%_%no_fast_pskip%_%no_weightb%_%rc_lookahead%_%rc_lookahead_40%_%ref%_%ref_5%_%root%_%;507.39;506.3793
no_asm%_%no_deblock%_%no_fast_pskip%_%no_weightb%_%rc_lookahead%_%rc_lookahead_40%_%ref%_%ref_5%_%root%_%;517.1233;515.6496
no_asm%_%no_deblock%_%no_fast_pskip%_%rc_lookahead%_%rc_lookahead_20%_%ref%_%ref_1%_%root%_%;275.4267;466.5407
no_asm%_%no_cabac%_%no_deblock%_%no_fast_pskip%_%no_mbtree%_%rc_lookahead%_%rc_lookahead_20%_%ref%_%ref_1%_%root%_%;299.6367;504.7898
no_asm%_%no_cabac%_%no_deblock%_%no_fast_pskip%_%no_weightb%_%rc_lookahead%_%rc_lookahead_40%_%ref%_%ref_5%_%root%_%;508.6233;507.3013
no_asm%_%no_mixed_refs%_%rc_lookahead%_%rc_lookahead_40%_%ref%_%ref_5%_%root%_%;383.0533;380.014
no_asm%_%no_deblock%_%no_mixed_refs%_%rc_lookahead%_%rc_lookahead_40%_%ref%_%ref_5%_%root%_%;382.12;379.5429
no_asm%_%no_fast_pskip%_%no_mixed_refs%_%rc_lookahead%_%rc_lookahead_40%_%ref%_%ref_5%_%root%_%;449.28;446.7233
no_asm%_%no_deblock%_%no_fast_pskip%_%no_mixed_refs%_%rc_lookahead%_%rc_lookahead_40%_%ref%_%ref_5%_%root%_%;448.53;445.0098
no_asm%_%no_mixed_refs%_%no_weightb%_%rc_lookahead%_%rc_lookahead_40%_%ref%_%ref_5%_%root%_%;382.8833;379.6264
no_asm%_%no_fast_pskip%_%no_mixed_refs%_%no_weightb%_%rc_lookahead%_%rc_lookahead_40%_%ref%_%ref_5%_%root%_%;449.1333;445.3218
no_asm%_%no_deblock%_%no_mixed_refs%_%no_weightb%_%rc_lookahead%_%rc_lookahead_40%_%ref%_%ref_5%_%root%_%;382.01;379.0469
no_asm%_%no_deblock%_%no_fast_pskip%_%no_mixed_refs%_%no_weightb%_%rc_lookahead%_%rc_lookahead_40%_%ref%_%ref_5%_%root%_%;448.11;443.6647
no_asm%_%no_cabac%_%no_mixed_refs%_%rc_lookahead%_%rc_lookahead_40%_%ref%_%ref_5%_%root%_%;380.6633;378.9224
no_asm%_%no_mbtree%_%no_mixed_refs%_%rc_lookahead%_%rc_lookahead_20%_%ref%_%ref_1%_%root%_%;305.26;422.2738
no_asm%_%no_cabac%_%no_deblock%_%no_mixed_refs%_%rc_lookahead%_%rc_lookahead_40%_%ref%_%ref_5%_%root%_%;379.4567;378.282
no_asm%_%no_cabac%_%no_mixed_refs%_%no_weightb%_%rc_lookahead%_%rc_lookahead_40%_%ref%_%ref_5%_%root%_%;380.2767;378.3953
no_asm%_%no_cabac%_%no_deblock%_%no_mixed_refs%_%no_weightb%_%rc_lookahead%_%rc_lookahead_40%_%ref%_%ref_5%_%root%_%;379.4;377.6207
no_asm%_%no_cabac%_%no_fast_pskip%_%no_mixed_refs%_%rc_lookahead%_%rc_lookahead_40%_%ref%_%ref_5%_%root%_%;445.8367;443.7731
no_asm%_%no_cabac%_%no_fast_pskip%_%no_mixed_refs%_%no_weightb%_%rc_lookahead%_%rc_lookahead_40%_%ref%_%ref_5%_%root%_%;445.4567;442.4109
no_asm%_%no_cabac%_%no_deblock%_%no_fast_pskip%_%no_mixed_refs%_%rc_lookahead%_%rc_lookahead_40%_%ref%_%ref_5%_%root%_%;444.6067;441.8167
no_asm%_%no_cabac%_%no_deblock%_%no_fast_pskip%_%no_mixed_refs%_%no_weightb%_%rc_lookahead%_%rc_lookahead_40%_%ref%_%ref_5%_%root%_%;444.38;440.4033
no_asm%_%no_mbtree%_%rc_lookahead%_%rc_lookahead_40%_%ref%_%ref_5%_%root%_%;519.5833;518.278
no_asm%_%no_deblock%_%no_mbtree%_%rc_lookahead%_%rc_lookahead_40%_%ref%_%ref_5%_%root%_%;521.8433;519.5887
no_asm%_%no_fast_pskip%_%no_mbtree%_%rc_lookahead%_%rc_lookahead_40%_%ref%_%ref_5%_%root%_%;571.3967;571.3193
no_asm%_%no_deblock%_%no_mbtree%_%no_mixed_refs%_%rc_lookahead%_%rc_lookahead_20%_%ref%_%ref_1%_%root%_%;304.9667;421.9593
no_asm%_%no_deblock%_%no_fast_pskip%_%no_mbtree%_%rc_lookahead%_%rc_lookahead_40%_%ref%_%ref_5%_%root%_%;573.63;572.9773
no_asm%_%no_cabac%_%no_mbtree%_%rc_lookahead%_%rc_lookahead_40%_%ref%_%ref_5%_%root%_%;511.58;510.4427
no_asm%_%no_cabac%_%no_fast_pskip%_%no_mbtree%_%rc_lookahead%_%rc_lookahead_40%_%ref%_%ref_5%_%root%_%;562.6767;562.6958
no_asm%_%no_cabac%_%no_deblock%_%no_mbtree%_%rc_lookahead%_%rc_lookahead_40%_%ref%_%ref_5%_%root%_%;513.2333;511.2198
no_asm%_%no_cabac%_%no_deblock%_%no_fast_pskip%_%no_mbtree%_%rc_lookahead%_%rc_lookahead_40%_%ref%_%ref_5%_%root%_%;564.2;563.8644
no_asm%_%no_mbtree%_%no_mixed_refs%_%rc_lookahead%_%rc_lookahead_40%_%ref%_%ref_5%_%root%_%;433.2233;433.2407
no_asm%_%no_deblock%_%no_mbtree%_%no_mixed_refs%_%rc_lookahead%_%rc_lookahead_40%_%ref%_%ref_5%_%root%_%;432.6667;432.8929
no_asm%_%no_cabac%_%no_mbtree%_%no_mixed_refs%_%rc_lookahead%_%rc_lookahead_40%_%ref%_%ref_5%_%root%_%;428.3833;429.2051
no_asm%_%no_cabac%_%no_deblock%_%no_mbtree%_%no_mixed_refs%_%rc_lookahead%_%rc_lookahead_40%_%ref%_%ref_5%_%root%_%;427.7533;428.726
no_asm%_%no_fast_pskip%_%no_mbtree%_%no_mixed_refs%_%rc_lookahead%_%rc_lookahead_40%_%ref%_%ref_5%_%root%_%;482.8767;482.786
no_asm%_%no_cabac%_%no_mbtree%_%no_mixed_refs%_%rc_lookahead%_%rc_lookahead_20%_%ref%_%ref_1%_%root%_%;295.5067;418.2382
no_asm%_%no_cabac%_%no_fast_pskip%_%no_mbtree%_%no_mixed_refs%_%rc_lookahead%_%rc_lookahead_40%_%ref%_%ref_5%_%root%_%;476.9133;477.1951
no_asm%_%no_deblock%_%no_fast_pskip%_%no_mbtree%_%no_mixed_refs%_%rc_lookahead%_%rc_lookahead_40%_%ref%_%ref_5%_%root%_%;482.2567;482.4242
no_asm%_%no_cabac%_%no_deblock%_%no_fast_pskip%_%no_mbtree%_%no_mixed_refs%_%rc_lookahead%_%rc_lookahead_40%_%ref%_%ref_5%_%root%_%;476.33;476.7389
no_asm%_%no_mbtree%_%no_weightb%_%rc_lookahead%_%rc_lookahead_40%_%ref%_%ref_5%_%root%_%;519.1533;519.1702
no_asm%_%no_deblock%_%no_mbtree%_%no_weightb%_%rc_lookahead%_%rc_lookahead_40%_%ref%_%ref_5%_%root%_%;521.6067;520.614
no_asm%_%no_fast_pskip%_%no_mbtree%_%no_weightb%_%rc_lookahead%_%rc_lookahead_40%_%ref%_%ref_5%_%root%_%;571.31;571.6731
no_asm%_%no_deblock%_%no_fast_pskip%_%no_mbtree%_%no_weightb%_%rc_lookahead%_%rc_lookahead_40%_%ref%_%ref_5%_%root%_%;573.4;573.3451
no_asm%_%no_mbtree%_%no_mixed_refs%_%no_weightb%_%rc_lookahead%_%rc_lookahead_40%_%ref%_%ref_5%_%root%_%;433.1533;433.2247
no_asm%_%no_fast_pskip%_%no_mbtree%_%no_mixed_refs%_%no_weightb%_%rc_lookahead%_%rc_lookahead_40%_%ref%_%ref_5%_%root%_%;482.6133;482.4758
no_asm%_%no_deblock%_%no_mbtree%_%no_mixed_refs%_%no_weightb%_%rc_lookahead%_%rc_lookahead_40%_%ref%_%ref_5%_%root%_%;432.7967;432.8653
no_asm%_%no_cabac%_%no_deblock%_%no_mbtree%_%no_mixed_refs%_%rc_lookahead%_%rc_lookahead_20%_%ref%_%ref_1%_%root%_%;295.2567;417.7924
no_asm%_%no_deblock%_%no_fast_pskip%_%no_mbtree%_%no_mixed_refs%_%no_weightb%_%rc_lookahead%_%rc_lookahead_40%_%ref%_%ref_5%_%root%_%;482.04;482.2184
no_asm%_%no_cabac%_%no_mbtree%_%no_weightb%_%rc_lookahead%_%rc_lookahead_40%_%ref%_%ref_5%_%root%_%;511.3433;511.7964
no_asm%_%no_cabac%_%no_deblock%_%no_mbtree%_%no_weightb%_%rc_lookahead%_%rc_lookahead_40%_%ref%_%ref_5%_%root%_%;513;512.6404
no_asm%_%no_cabac%_%no_mbtree%_%no_mixed_refs%_%no_weightb%_%rc_lookahead%_%rc_lookahead_40%_%ref%_%ref_5%_%root%_%;428.0733;429.0213
no_asm%_%no_cabac%_%no_deblock%_%no_mbtree%_%no_mixed_refs%_%no_weightb%_%rc_lookahead%_%rc_lookahead_40%_%ref%_%ref_5%_%root%_%;427.4767;428.5393
no_asm%_%no_cabac%_%no_fast_pskip%_%no_mbtree%_%no_weightb%_%rc_lookahead%_%rc_lookahead_40%_%ref%_%ref_5%_%root%_%;562.2967;562.9713
no_asm%_%no_cabac%_%no_fast_pskip%_%no_mbtree%_%no_mixed_refs%_%no_weightb%_%rc_lookahead%_%rc_lookahead_40%_%ref%_%ref_5%_%root%_%;476.9533;477.1542
no_asm%_%no_cabac%_%no_deblock%_%no_fast_pskip%_%no_mbtree%_%no_weightb%_%rc_lookahead%_%rc_lookahead_40%_%ref%_%ref_5%_%root%_%;564.03;564.3044
no_asm%_%no_cabac%_%no_deblock%_%no_fast_pskip%_%no_mbtree%_%no_mixed_refs%_%no_weightb%_%rc_lookahead%_%rc_lookahead_40%_%ref%_%ref_5%_%root%_%;476.1267;476.6729
no_8x8dct%_%no_asm%_%rc_lookahead%_%rc_lookahead_40%_%ref%_%ref_5%_%root%_%;425.15;421.274
no_asm%_%no_fast_pskip%_%no_mbtree%_%no_mixed_refs%_%rc_lookahead%_%rc_lookahead_20%_%ref%_%ref_1%_%root%_%;310.52;482.786
no_8x8dct%_%no_asm%_%no_deblock%_%rc_lookahead%_%rc_lookahead_40%_%ref%_%ref_5%_%root%_%;427.07;421.3609
no_8x8dct%_%no_asm%_%no_fast_pskip%_%rc_lookahead%_%rc_lookahead_40%_%ref%_%ref_5%_%root%_%;493.8933;499.6616
no_8x8dct%_%no_asm%_%no_deblock%_%no_fast_pskip%_%rc_lookahead%_%rc_lookahead_40%_%ref%_%ref_5%_%root%_%;495.1;500.5156
no_8x8dct%_%no_asm%_%no_cabac%_%rc_lookahead%_%rc_lookahead_40%_%ref%_%ref_5%_%root%_%;418.5633;417.9727
no_8x8dct%_%no_asm%_%no_cabac%_%no_fast_pskip%_%rc_lookahead%_%rc_lookahead_40%_%ref%_%ref_5%_%root%_%;486.6367;497.558
no_8x8dct%_%no_asm%_%no_cabac%_%no_deblock%_%rc_lookahead%_%rc_lookahead_40%_%ref%_%ref_5%_%root%_%;420.01;418.4071
no_8x8dct%_%no_asm%_%no_cabac%_%no_deblock%_%no_fast_pskip%_%rc_lookahead%_%rc_lookahead_40%_%ref%_%ref_5%_%root%_%;487.3733;498.1329
no_8x8dct%_%no_asm%_%no_weightb%_%rc_lookahead%_%rc_lookahead_40%_%ref%_%ref_5%_%root%_%;424.82;422.134
no_8x8dct%_%no_asm%_%no_deblock%_%no_weightb%_%rc_lookahead%_%rc_lookahead_40%_%ref%_%ref_5%_%root%_%;426.75;422.3213
no_8x8dct%_%no_asm%_%no_cabac%_%no_weightb%_%rc_lookahead%_%rc_lookahead_40%_%ref%_%ref_5%_%root%_%;418.1233;419.2453
no_asm%_%no_cabac%_%no_fast_pskip%_%no_mbtree%_%no_mixed_refs%_%rc_lookahead%_%rc_lookahead_20%_%ref%_%ref_1%_%root%_%;299.77;477.1951
no_8x8dct%_%no_asm%_%no_cabac%_%no_deblock%_%no_weightb%_%rc_lookahead%_%rc_lookahead_40%_%ref%_%ref_5%_%root%_%;419.82;419.7802
no_8x8dct%_%no_asm%_%no_fast_pskip%_%no_weightb%_%rc_lookahead%_%rc_lookahead_40%_%ref%_%ref_5%_%root%_%;493.44;499.6616
no_8x8dct%_%no_asm%_%no_cabac%_%no_fast_pskip%_%no_weightb%_%rc_lookahead%_%rc_lookahead_40%_%ref%_%ref_5%_%root%_%;486.57;497.5433
no_8x8dct%_%no_asm%_%no_deblock%_%no_fast_pskip%_%no_weightb%_%rc_lookahead%_%rc_lookahead_40%_%ref%_%ref_5%_%root%_%;494.2667;500.3378
no_8x8dct%_%no_asm%_%no_cabac%_%no_deblock%_%no_fast_pskip%_%no_weightb%_%rc_lookahead%_%rc_lookahead_40%_%ref%_%ref_5%_%root%_%;487.0567;498.0027
no_8x8dct%_%no_asm%_%no_mbtree%_%rc_lookahead%_%rc_lookahead_40%_%ref%_%ref_5%_%root%_%;492.3067;491.5438
no_8x8dct%_%no_asm%_%no_deblock%_%no_mbtree%_%rc_lookahead%_%rc_lookahead_40%_%ref%_%ref_5%_%root%_%;494.2333;492.8233
no_8x8dct%_%no_asm%_%no_fast_pskip%_%no_mbtree%_%rc_lookahead%_%rc_lookahead_40%_%ref%_%ref_5%_%root%_%;543.4633;552.4029
no_8x8dct%_%no_asm%_%no_deblock%_%no_fast_pskip%_%no_mbtree%_%rc_lookahead%_%rc_lookahead_40%_%ref%_%ref_5%_%root%_%;544.74;552.9609
no_8x8dct%_%no_asm%_%no_mbtree%_%no_weightb%_%rc_lookahead%_%rc_lookahead_40%_%ref%_%ref_5%_%root%_%;492.3533;492.8009
no_asm%_%no_deblock%_%no_fast_pskip%_%no_mbtree%_%no_mixed_refs%_%rc_lookahead%_%rc_lookahead_20%_%ref%_%ref_1%_%root%_%;310.1533;482.4242
no_8x8dct%_%no_asm%_%no_fast_pskip%_%no_mbtree%_%no_weightb%_%rc_lookahead%_%rc_lookahead_40%_%ref%_%ref_5%_%root%_%;543.2167;552.8578
no_8x8dct%_%no_asm%_%no_deblock%_%no_mbtree%_%no_weightb%_%rc_lookahead%_%rc_lookahead_40%_%ref%_%ref_5%_%root%_%;493.71;494.0642
no_8x8dct%_%no_asm%_%no_deblock%_%no_fast_pskip%_%no_mbtree%_%no_weightb%_%rc_lookahead%_%rc_lookahead_40%_%ref%_%ref_5%_%root%_%;544.75;553.406
no_8x8dct%_%no_asm%_%no_cabac%_%no_mbtree%_%rc_lookahead%_%rc_lookahead_40%_%ref%_%ref_5%_%root%_%;485.4767;486.9833
no_8x8dct%_%no_asm%_%no_cabac%_%no_deblock%_%no_mbtree%_%rc_lookahead%_%rc_lookahead_40%_%ref%_%ref_5%_%root%_%;487.01;487.7596
no_8x8dct%_%no_asm%_%no_cabac%_%no_mbtree%_%no_weightb%_%rc_lookahead%_%rc_lookahead_40%_%ref%_%ref_5%_%root%_%;485.5233;488.7047
no_8x8dct%_%no_asm%_%no_cabac%_%no_deblock%_%no_mbtree%_%no_weightb%_%rc_lookahead%_%rc_lookahead_40%_%ref%_%ref_5%_%root%_%;486.8267;489.5736
no_8x8dct%_%no_asm%_%no_cabac%_%no_fast_pskip%_%no_mbtree%_%rc_lookahead%_%rc_lookahead_40%_%ref%_%ref_5%_%root%_%;535.8;549.9667
no_8x8dct%_%no_asm%_%no_cabac%_%no_fast_pskip%_%no_mbtree%_%no_weightb%_%rc_lookahead%_%rc_lookahead_40%_%ref%_%ref_5%_%root%_%;535.86;550.4504
no_8x8dct%_%no_asm%_%no_cabac%_%no_deblock%_%no_fast_pskip%_%no_mbtree%_%rc_lookahead%_%rc_lookahead_40%_%ref%_%ref_5%_%root%_%;537.1433;550.2971
no_asm%_%no_cabac%_%no_deblock%_%no_fast_pskip%_%no_mbtree%_%no_mixed_refs%_%rc_lookahead%_%rc_lookahead_20%_%ref%_%ref_1%_%root%_%;299.6367;476.7389
no_8x8dct%_%no_asm%_%no_cabac%_%no_deblock%_%no_fast_pskip%_%no_mbtree%_%no_weightb%_%rc_lookahead%_%rc_lookahead_40%_%ref%_%ref_5%_%root%_%;536.8767;550.7789
no_8x8dct%_%no_asm%_%no_mixed_refs%_%rc_lookahead%_%rc_lookahead_40%_%ref%_%ref_5%_%root%_%;369.81;367.1804
no_8x8dct%_%no_asm%_%no_deblock%_%no_mixed_refs%_%rc_lookahead%_%rc_lookahead_40%_%ref%_%ref_5%_%root%_%;368.9867;367.0982
no_8x8dct%_%no_asm%_%no_fast_pskip%_%no_mixed_refs%_%rc_lookahead%_%rc_lookahead_40%_%ref%_%ref_5%_%root%_%;433.86;433.4171
no_8x8dct%_%no_asm%_%no_deblock%_%no_fast_pskip%_%no_mixed_refs%_%rc_lookahead%_%rc_lookahead_40%_%ref%_%ref_5%_%root%_%;433;431.7036
no_8x8dct%_%no_asm%_%no_cabac%_%no_mixed_refs%_%rc_lookahead%_%rc_lookahead_40%_%ref%_%ref_5%_%root%_%;364.76;366.8107
no_8x8dct%_%no_asm%_%no_cabac%_%no_fast_pskip%_%no_mixed_refs%_%rc_lookahead%_%rc_lookahead_40%_%ref%_%ref_5%_%root%_%;428.4133;432.4656
no_8x8dct%_%no_asm%_%no_cabac%_%no_deblock%_%no_mixed_refs%_%rc_lookahead%_%rc_lookahead_40%_%ref%_%ref_5%_%root%_%;363.9367;366.6764
no_8x8dct%_%no_asm%_%no_cabac%_%no_deblock%_%no_fast_pskip%_%no_mixed_refs%_%rc_lookahead%_%rc_lookahead_40%_%ref%_%ref_5%_%root%_%;427.2433;430.9373
no_8x8dct%_%no_asm%_%no_mbtree%_%no_mixed_refs%_%rc_lookahead%_%rc_lookahead_40%_%ref%_%ref_5%_%root%_%;414.8467;433.2407
no_asm%_%no_mbtree%_%no_weightb%_%rc_lookahead%_%rc_lookahead_20%_%ref%_%ref_1%_%root%_%;305.2833;451.8871
no_8x8dct%_%no_asm%_%no_deblock%_%no_mbtree%_%no_mixed_refs%_%rc_lookahead%_%rc_lookahead_40%_%ref%_%ref_5%_%root%_%;414.1733;432.8929
no_8x8dct%_%no_asm%_%no_cabac%_%no_mbtree%_%no_mixed_refs%_%rc_lookahead%_%rc_lookahead_40%_%ref%_%ref_5%_%root%_%;408.75;429.2051
no_8x8dct%_%no_asm%_%no_cabac%_%no_deblock%_%no_mbtree%_%no_mixed_refs%_%rc_lookahead%_%rc_lookahead_40%_%ref%_%ref_5%_%root%_%;408.0733;428.726
no_8x8dct%_%no_asm%_%no_fast_pskip%_%no_mbtree%_%no_mixed_refs%_%rc_lookahead%_%rc_lookahead_40%_%ref%_%ref_5%_%root%_%;463.39;482.786
no_8x8dct%_%no_asm%_%no_cabac%_%no_fast_pskip%_%no_mbtree%_%no_mixed_refs%_%rc_lookahead%_%rc_lookahead_40%_%ref%_%ref_5%_%root%_%;456.7067;477.1951
no_8x8dct%_%no_asm%_%no_deblock%_%no_fast_pskip%_%no_mbtree%_%no_mixed_refs%_%rc_lookahead%_%rc_lookahead_40%_%ref%_%ref_5%_%root%_%;462.57;482.4242
no_8x8dct%_%no_asm%_%no_cabac%_%no_deblock%_%no_fast_pskip%_%no_mbtree%_%no_mixed_refs%_%rc_lookahead%_%rc_lookahead_40%_%ref%_%ref_5%_%root%_%;455.68;476.7389
no_8x8dct%_%no_asm%_%no_mixed_refs%_%no_weightb%_%rc_lookahead%_%rc_lookahead_40%_%ref%_%ref_5%_%root%_%;369.4633;367.1804
no_8x8dct%_%no_asm%_%no_deblock%_%no_mixed_refs%_%no_weightb%_%rc_lookahead%_%rc_lookahead_40%_%ref%_%ref_5%_%root%_%;368.63;367.0764
no_8x8dct%_%no_asm%_%no_fast_pskip%_%no_mixed_refs%_%no_weightb%_%rc_lookahead%_%rc_lookahead_40%_%ref%_%ref_5%_%root%_%;433.6933;432.092
no_asm%_%no_cabac%_%rc_lookahead%_%rc_lookahead_20%_%ref%_%ref_1%_%root%_%;260.2667;358.4993
no_asm%_%no_deblock%_%no_mbtree%_%no_weightb%_%rc_lookahead%_%rc_lookahead_20%_%ref%_%ref_1%_%root%_%;304.9967;453.1527
no_8x8dct%_%no_asm%_%no_deblock%_%no_fast_pskip%_%no_mixed_refs%_%no_weightb%_%rc_lookahead%_%rc_lookahead_40%_%ref%_%ref_5%_%root%_%;432.77;430.4349
no_8x8dct%_%no_asm%_%no_mbtree%_%no_mixed_refs%_%no_weightb%_%rc_lookahead%_%rc_lookahead_40%_%ref%_%ref_5%_%root%_%;414.6867;433.2247
no_8x8dct%_%no_asm%_%no_fast_pskip%_%no_mbtree%_%no_mixed_refs%_%no_weightb%_%rc_lookahead%_%rc_lookahead_40%_%ref%_%ref_5%_%root%_%;463.3467;482.4758
no_8x8dct%_%no_asm%_%no_deblock%_%no_mbtree%_%no_mixed_refs%_%no_weightb%_%rc_lookahead%_%rc_lookahead_40%_%ref%_%ref_5%_%root%_%;413.88;432.8653
no_8x8dct%_%no_asm%_%no_deblock%_%no_fast_pskip%_%no_mbtree%_%no_mixed_refs%_%no_weightb%_%rc_lookahead%_%rc_lookahead_40%_%ref%_%ref_5%_%root%_%;462.4367;482.2184
no_8x8dct%_%no_asm%_%no_cabac%_%no_mixed_refs%_%no_weightb%_%rc_lookahead%_%rc_lookahead_40%_%ref%_%ref_5%_%root%_%;364.3467;366.7498
no_8x8dct%_%no_asm%_%no_cabac%_%no_deblock%_%no_mixed_refs%_%no_weightb%_%rc_lookahead%_%rc_lookahead_40%_%ref%_%ref_5%_%root%_%;363.56;366.5938
no_8x8dct%_%no_asm%_%no_cabac%_%no_mbtree%_%no_mixed_refs%_%no_weightb%_%rc_lookahead%_%rc_lookahead_40%_%ref%_%ref_5%_%root%_%;408.6167;429.0213
no_8x8dct%_%no_asm%_%no_cabac%_%no_deblock%_%no_mbtree%_%no_mixed_refs%_%no_weightb%_%rc_lookahead%_%rc_lookahead_40%_%ref%_%ref_5%_%root%_%;407.6867;428.5393
no_8x8dct%_%no_asm%_%no_cabac%_%no_fast_pskip%_%no_mixed_refs%_%no_weightb%_%rc_lookahead%_%rc_lookahead_40%_%ref%_%ref_5%_%root%_%;428.16;431.1604
no_asm%_%no_fast_pskip%_%no_mbtree%_%no_weightb%_%rc_lookahead%_%rc_lookahead_20%_%ref%_%ref_1%_%root%_%;310.5767;510.9936
no_8x8dct%_%no_asm%_%no_cabac%_%no_fast_pskip%_%no_mbtree%_%no_mixed_refs%_%no_weightb%_%rc_lookahead%_%rc_lookahead_40%_%ref%_%ref_5%_%root%_%;456.3633;477.1542
no_8x8dct%_%no_asm%_%no_cabac%_%no_deblock%_%no_fast_pskip%_%no_mixed_refs%_%no_weightb%_%rc_lookahead%_%rc_lookahead_40%_%ref%_%ref_5%_%root%_%;427.06;429.648
no_8x8dct%_%no_asm%_%no_cabac%_%no_deblock%_%no_fast_pskip%_%no_mbtree%_%no_mixed_refs%_%no_weightb%_%rc_lookahead%_%rc_lookahead_40%_%ref%_%ref_5%_%root%_%;455.4;476.6729
no_asm%_%rc_lookahead%_%rc_lookahead_60%_%ref%_%ref_5%_%root%_%;445.5767;440.0731
no_asm%_%no_deblock%_%rc_lookahead%_%rc_lookahead_60%_%ref%_%ref_5%_%root%_%;447.6267;441.5424
no_asm%_%no_fast_pskip%_%rc_lookahead%_%rc_lookahead_60%_%ref%_%ref_5%_%root%_%;516.7667;513.9227
no_asm%_%no_deblock%_%no_fast_pskip%_%rc_lookahead%_%rc_lookahead_60%_%ref%_%ref_5%_%root%_%;518.8;516.0407
no_asm%_%no_cabac%_%rc_lookahead%_%rc_lookahead_60%_%ref%_%ref_5%_%root%_%;439.1067;435.5762
no_asm%_%no_cabac%_%no_fast_pskip%_%rc_lookahead%_%rc_lookahead_60%_%ref%_%ref_5%_%root%_%;508.9833;506.6336
no_asm%_%no_cabac%_%no_deblock%_%rc_lookahead%_%rc_lookahead_60%_%ref%_%ref_5%_%root%_%;440.6733;437.3029
no_asm%_%no_deblock%_%no_fast_pskip%_%no_mbtree%_%no_weightb%_%rc_lookahead%_%rc_lookahead_20%_%ref%_%ref_1%_%root%_%;310.2167;512.5249
no_asm%_%no_cabac%_%no_deblock%_%no_fast_pskip%_%rc_lookahead%_%rc_lookahead_60%_%ref%_%ref_5%_%root%_%;510.21;507.7218
no_asm%_%no_weightb%_%rc_lookahead%_%rc_lookahead_60%_%ref%_%ref_5%_%root%_%;445.4867;440.4962
no_asm%_%no_deblock%_%no_weightb%_%rc_lookahead%_%rc_lookahead_60%_%ref%_%ref_5%_%root%_%;447.6467;441.992
no_asm%_%no_cabac%_%no_weightb%_%rc_lookahead%_%rc_lookahead_60%_%ref%_%ref_5%_%root%_%;439.02;436.3351
no_asm%_%no_cabac%_%no_deblock%_%no_weightb%_%rc_lookahead%_%rc_lookahead_60%_%ref%_%ref_5%_%root%_%;440.41;438.0102
no_asm%_%no_fast_pskip%_%no_weightb%_%rc_lookahead%_%rc_lookahead_60%_%ref%_%ref_5%_%root%_%;516.5867;513.7164
no_asm%_%no_cabac%_%no_fast_pskip%_%no_weightb%_%rc_lookahead%_%rc_lookahead_60%_%ref%_%ref_5%_%root%_%;508.5467;506.3793
no_asm%_%no_deblock%_%no_fast_pskip%_%no_weightb%_%rc_lookahead%_%rc_lookahead_60%_%ref%_%ref_5%_%root%_%;518.5667;515.6496
no_asm%_%no_cabac%_%no_deblock%_%no_fast_pskip%_%no_weightb%_%rc_lookahead%_%rc_lookahead_60%_%ref%_%ref_5%_%root%_%;509.8033;507.3013
no_asm%_%no_mixed_refs%_%rc_lookahead%_%rc_lookahead_60%_%ref%_%ref_5%_%root%_%;384.1967;380.014
no_asm%_%no_mbtree%_%no_mixed_refs%_%no_weightb%_%rc_lookahead%_%rc_lookahead_20%_%ref%_%ref_1%_%root%_%;305.48;422.2549
no_asm%_%no_deblock%_%no_mixed_refs%_%rc_lookahead%_%rc_lookahead_60%_%ref%_%ref_5%_%root%_%;383.26;379.5429
no_asm%_%no_fast_pskip%_%no_mixed_refs%_%rc_lookahead%_%rc_lookahead_60%_%ref%_%ref_5%_%root%_%;450.1567;446.7233
no_asm%_%no_deblock%_%no_fast_pskip%_%no_mixed_refs%_%rc_lookahead%_%rc_lookahead_60%_%ref%_%ref_5%_%root%_%;449.3833;445.0098
no_asm%_%no_mixed_refs%_%no_weightb%_%rc_lookahead%_%rc_lookahead_60%_%ref%_%ref_5%_%root%_%;383.89;379.6264
no_asm%_%no_fast_pskip%_%no_mixed_refs%_%no_weightb%_%rc_lookahead%_%rc_lookahead_60%_%ref%_%ref_5%_%root%_%;450.13;445.3218
no_asm%_%no_deblock%_%no_mixed_refs%_%no_weightb%_%rc_lookahead%_%rc_lookahead_60%_%ref%_%ref_5%_%root%_%;382.98;379.0469
no_asm%_%no_deblock%_%no_fast_pskip%_%no_mixed_refs%_%no_weightb%_%rc_lookahead%_%rc_lookahead_60%_%ref%_%ref_5%_%root%_%;449.03;443.6647
no_asm%_%no_cabac%_%no_mixed_refs%_%rc_lookahead%_%rc_lookahead_60%_%ref%_%ref_5%_%root%_%;381.4033;378.9224
no_asm%_%no_cabac%_%no_deblock%_%no_mixed_refs%_%rc_lookahead%_%rc_lookahead_60%_%ref%_%ref_5%_%root%_%;380.5267;378.282
no_asm%_%no_cabac%_%no_mixed_refs%_%no_weightb%_%rc_lookahead%_%rc_lookahead_60%_%ref%_%ref_5%_%root%_%;381.2133;378.3953
no_asm%_%no_fast_pskip%_%no_mbtree%_%no_mixed_refs%_%no_weightb%_%rc_lookahead%_%rc_lookahead_20%_%ref%_%ref_1%_%root%_%;310.7933;482.4758
no_asm%_%no_cabac%_%no_deblock%_%no_mixed_refs%_%no_weightb%_%rc_lookahead%_%rc_lookahead_60%_%ref%_%ref_5%_%root%_%;380.18;377.6207
no_asm%_%no_cabac%_%no_fast_pskip%_%no_mixed_refs%_%rc_lookahead%_%rc_lookahead_60%_%ref%_%ref_5%_%root%_%;446.64;443.7731
no_asm%_%no_cabac%_%no_fast_pskip%_%no_mixed_refs%_%no_weightb%_%rc_lookahead%_%rc_lookahead_60%_%ref%_%ref_5%_%root%_%;446.63;442.4109
no_asm%_%no_cabac%_%no_deblock%_%no_fast_pskip%_%no_mixed_refs%_%rc_lookahead%_%rc_lookahead_60%_%ref%_%ref_5%_%root%_%;445.6667;441.8167
no_asm%_%no_cabac%_%no_deblock%_%no_fast_pskip%_%no_mixed_refs%_%no_weightb%_%rc_lookahead%_%rc_lookahead_60%_%ref%_%ref_5%_%root%_%;445.2133;440.4033
no_8x8dct%_%no_asm%_%rc_lookahead%_%rc_lookahead_60%_%ref%_%ref_5%_%root%_%;426.4167;421.274
no_8x8dct%_%no_asm%_%no_deblock%_%rc_lookahead%_%rc_lookahead_60%_%ref%_%ref_5%_%root%_%;428.0267;421.3609
no_8x8dct%_%no_asm%_%no_fast_pskip%_%rc_lookahead%_%rc_lookahead_60%_%ref%_%ref_5%_%root%_%;494.5967;499.6616
no_8x8dct%_%no_asm%_%no_deblock%_%no_fast_pskip%_%rc_lookahead%_%rc_lookahead_60%_%ref%_%ref_5%_%root%_%;495.56;500.5156
no_8x8dct%_%no_asm%_%no_cabac%_%rc_lookahead%_%rc_lookahead_60%_%ref%_%ref_5%_%root%_%;419.7;417.9727
no_asm%_%no_deblock%_%no_mbtree%_%no_mixed_refs%_%no_weightb%_%rc_lookahead%_%rc_lookahead_20%_%ref%_%ref_1%_%root%_%;304.94;421.9318
no_8x8dct%_%no_asm%_%no_cabac%_%no_fast_pskip%_%rc_lookahead%_%rc_lookahead_60%_%ref%_%ref_5%_%root%_%;487.7367;497.558
no_8x8dct%_%no_asm%_%no_cabac%_%no_deblock%_%rc_lookahead%_%rc_lookahead_60%_%ref%_%ref_5%_%root%_%;421.1133;418.4071
no_8x8dct%_%no_asm%_%no_cabac%_%no_deblock%_%no_fast_pskip%_%rc_lookahead%_%rc_lookahead_60%_%ref%_%ref_5%_%root%_%;488.7733;498.1329
no_8x8dct%_%no_asm%_%no_mixed_refs%_%rc_lookahead%_%rc_lookahead_60%_%ref%_%ref_5%_%root%_%;370.77;367.1804
no_8x8dct%_%no_asm%_%no_deblock%_%no_mixed_refs%_%rc_lookahead%_%rc_lookahead_60%_%ref%_%ref_5%_%root%_%;369.68;367.0982
no_8x8dct%_%no_asm%_%no_cabac%_%no_mixed_refs%_%rc_lookahead%_%rc_lookahead_60%_%ref%_%ref_5%_%root%_%;365.9033;366.8107
no_8x8dct%_%no_asm%_%no_cabac%_%no_deblock%_%no_mixed_refs%_%rc_lookahead%_%rc_lookahead_60%_%ref%_%ref_5%_%root%_%;365.04;366.6764
no_8x8dct%_%no_asm%_%no_fast_pskip%_%no_mixed_refs%_%rc_lookahead%_%rc_lookahead_60%_%ref%_%ref_5%_%root%_%;434.97;433.4171
no_8x8dct%_%no_asm%_%no_cabac%_%no_fast_pskip%_%no_mixed_refs%_%rc_lookahead%_%rc_lookahead_60%_%ref%_%ref_5%_%root%_%;429.6433;432.4656
no_8x8dct%_%no_asm%_%no_deblock%_%no_fast_pskip%_%no_mixed_refs%_%rc_lookahead%_%rc_lookahead_60%_%ref%_%ref_5%_%root%_%;433.9133;431.7036
no_asm%_%no_deblock%_%no_fast_pskip%_%no_mbtree%_%no_mixed_refs%_%no_weightb%_%rc_lookahead%_%rc_lookahead_20%_%ref%_%ref_1%_%root%_%;310.29;482.2184
no_8x8dct%_%no_asm%_%no_cabac%_%no_deblock%_%no_fast_pskip%_%no_mixed_refs%_%rc_lookahead%_%rc_lookahead_60%_%ref%_%ref_5%_%root%_%;428.2633;430.9373
no_8x8dct%_%no_asm%_%no_weightb%_%rc_lookahead%_%rc_lookahead_60%_%ref%_%ref_5%_%root%_%;425.8733;422.134
no_8x8dct%_%no_asm%_%no_deblock%_%no_weightb%_%rc_lookahead%_%rc_lookahead_60%_%ref%_%ref_5%_%root%_%;427.7967;422.3213
no_8x8dct%_%no_asm%_%no_fast_pskip%_%no_weightb%_%rc_lookahead%_%rc_lookahead_60%_%ref%_%ref_5%_%root%_%;494.32;499.6616
no_8x8dct%_%no_asm%_%no_deblock%_%no_fast_pskip%_%no_weightb%_%rc_lookahead%_%rc_lookahead_60%_%ref%_%ref_5%_%root%_%;495.45;500.3378
no_8x8dct%_%no_asm%_%no_mixed_refs%_%no_weightb%_%rc_lookahead%_%rc_lookahead_60%_%ref%_%ref_5%_%root%_%;370.5567;367.1804
no_8x8dct%_%no_asm%_%no_fast_pskip%_%no_mixed_refs%_%no_weightb%_%rc_lookahead%_%rc_lookahead_60%_%ref%_%ref_5%_%root%_%;434.6433;432.092
no_8x8dct%_%no_asm%_%no_deblock%_%no_mixed_refs%_%no_weightb%_%rc_lookahead%_%rc_lookahead_60%_%ref%_%ref_5%_%root%_%;369.6167;367.0764
no_8x8dct%_%no_asm%_%no_deblock%_%no_fast_pskip%_%no_mixed_refs%_%no_weightb%_%rc_lookahead%_%rc_lookahead_60%_%ref%_%ref_5%_%root%_%;433.9267;430.4349
no_8x8dct%_%no_asm%_%no_cabac%_%no_weightb%_%rc_lookahead%_%rc_lookahead_60%_%ref%_%ref_5%_%root%_%;419.3967;419.2453
no_asm%_%no_cabac%_%no_mbtree%_%no_weightb%_%rc_lookahead%_%rc_lookahead_20%_%ref%_%ref_1%_%root%_%;295.59;446.9678
no_8x8dct%_%no_asm%_%no_cabac%_%no_deblock%_%no_weightb%_%rc_lookahead%_%rc_lookahead_60%_%ref%_%ref_5%_%root%_%;420.6833;419.7802
no_8x8dct%_%no_asm%_%no_cabac%_%no_mixed_refs%_%no_weightb%_%rc_lookahead%_%rc_lookahead_60%_%ref%_%ref_5%_%root%_%;365.4433;366.7498
no_8x8dct%_%no_asm%_%no_cabac%_%no_deblock%_%no_mixed_refs%_%no_weightb%_%rc_lookahead%_%rc_lookahead_60%_%ref%_%ref_5%_%root%_%;364.4967;366.5938
no_8x8dct%_%no_asm%_%no_cabac%_%no_fast_pskip%_%no_weightb%_%rc_lookahead%_%rc_lookahead_60%_%ref%_%ref_5%_%root%_%;487.5833;497.5433
no_8x8dct%_%no_asm%_%no_cabac%_%no_fast_pskip%_%no_mixed_refs%_%no_weightb%_%rc_lookahead%_%rc_lookahead_60%_%ref%_%ref_5%_%root%_%;429.2567;431.1604
no_8x8dct%_%no_asm%_%no_cabac%_%no_deblock%_%no_fast_pskip%_%no_weightb%_%rc_lookahead%_%rc_lookahead_60%_%ref%_%ref_5%_%root%_%;488.26;498.0027
no_8x8dct%_%no_asm%_%no_cabac%_%no_deblock%_%no_fast_pskip%_%no_mixed_refs%_%no_weightb%_%rc_lookahead%_%rc_lookahead_60%_%ref%_%ref_5%_%root%_%;428.1567;429.648
no_asm%_%no_mbtree%_%rc_lookahead%_%rc_lookahead_60%_%ref%_%ref_5%_%root%_%;519.4133;518.278
no_asm%_%no_deblock%_%no_mbtree%_%rc_lookahead%_%rc_lookahead_60%_%ref%_%ref_5%_%root%_%;521.98;519.5887
no_asm%_%no_fast_pskip%_%no_mbtree%_%rc_lookahead%_%rc_lookahead_60%_%ref%_%ref_5%_%root%_%;571.51;571.3193
no_asm%_%no_cabac%_%no_deblock%_%no_mbtree%_%no_weightb%_%rc_lookahead%_%rc_lookahead_20%_%ref%_%ref_1%_%root%_%;295.3333;447.6264
no_asm%_%no_deblock%_%no_fast_pskip%_%no_mbtree%_%rc_lookahead%_%rc_lookahead_60%_%ref%_%ref_5%_%root%_%;573.7567;572.9773
no_asm%_%no_cabac%_%no_mbtree%_%rc_lookahead%_%rc_lookahead_60%_%ref%_%ref_5%_%root%_%;511.3733;510.4427
no_asm%_%no_cabac%_%no_fast_pskip%_%no_mbtree%_%rc_lookahead%_%rc_lookahead_60%_%ref%_%ref_5%_%root%_%;562.9233;562.6958
no_asm%_%no_cabac%_%no_deblock%_%no_mbtree%_%rc_lookahead%_%rc_lookahead_60%_%ref%_%ref_5%_%root%_%;513.5233;511.2198
no_asm%_%no_cabac%_%no_deblock%_%no_fast_pskip%_%no_mbtree%_%rc_lookahead%_%rc_lookahead_60%_%ref%_%ref_5%_%root%_%;564.1667;563.8644
no_asm%_%no_mbtree%_%no_weightb%_%rc_lookahead%_%rc_lookahead_60%_%ref%_%ref_5%_%root%_%;518.96;519.1702
no_asm%_%no_deblock%_%no_mbtree%_%no_weightb%_%rc_lookahead%_%rc_lookahead_60%_%ref%_%ref_5%_%root%_%;521.51;520.614
no_asm%_%no_cabac%_%no_mbtree%_%no_weightb%_%rc_lookahead%_%rc_lookahead_60%_%ref%_%ref_5%_%root%_%;511.4067;511.7964
no_asm%_%no_cabac%_%no_deblock%_%no_mbtree%_%no_weightb%_%rc_lookahead%_%rc_lookahead_60%_%ref%_%ref_5%_%root%_%;512.7733;512.6404
no_asm%_%no_fast_pskip%_%no_mbtree%_%no_weightb%_%rc_lookahead%_%rc_lookahead_60%_%ref%_%ref_5%_%root%_%;571.4733;571.6731
no_asm%_%no_cabac%_%no_mbtree%_%no_mixed_refs%_%no_weightb%_%rc_lookahead%_%rc_lookahead_20%_%ref%_%ref_1%_%root%_%;295.5267;418.0516
no_asm%_%no_cabac%_%no_fast_pskip%_%no_mbtree%_%no_weightb%_%rc_lookahead%_%rc_lookahead_60%_%ref%_%ref_5%_%root%_%;562.1867;562.9713
no_asm%_%no_deblock%_%no_fast_pskip%_%no_mbtree%_%no_weightb%_%rc_lookahead%_%rc_lookahead_60%_%ref%_%ref_5%_%root%_%;573.24;573.3451
no_asm%_%no_cabac%_%no_deblock%_%no_fast_pskip%_%no_mbtree%_%no_weightb%_%rc_lookahead%_%rc_lookahead_60%_%ref%_%ref_5%_%root%_%;564.1467;564.3044
no_8x8dct%_%no_asm%_%no_mbtree%_%rc_lookahead%_%rc_lookahead_60%_%ref%_%ref_5%_%root%_%;492.3667;491.5438
no_8x8dct%_%no_asm%_%no_deblock%_%no_mbtree%_%rc_lookahead%_%rc_lookahead_60%_%ref%_%ref_5%_%root%_%;494.34;492.8233
no_8x8dct%_%no_asm%_%no_fast_pskip%_%no_mbtree%_%rc_lookahead%_%rc_lookahead_60%_%ref%_%ref_5%_%root%_%;543.5233;552.4029
no_8x8dct%_%no_asm%_%no_deblock%_%no_fast_pskip%_%no_mbtree%_%rc_lookahead%_%rc_lookahead_60%_%ref%_%ref_5%_%root%_%;544.8233;552.9609
no_8x8dct%_%no_asm%_%no_mbtree%_%no_weightb%_%rc_lookahead%_%rc_lookahead_60%_%ref%_%ref_5%_%root%_%;492.36;492.8009
no_8x8dct%_%no_asm%_%no_fast_pskip%_%no_mbtree%_%no_weightb%_%rc_lookahead%_%rc_lookahead_60%_%ref%_%ref_5%_%root%_%;543.0833;552.8578
no_8x8dct%_%no_asm%_%no_deblock%_%no_mbtree%_%no_weightb%_%rc_lookahead%_%rc_lookahead_60%_%ref%_%ref_5%_%root%_%;493.7033;494.0642
no_asm%_%no_cabac%_%no_fast_pskip%_%rc_lookahead%_%rc_lookahead_20%_%ref%_%ref_1%_%root%_%;266.4833;459
no_asm%_%no_cabac%_%no_deblock%_%no_mbtree%_%no_mixed_refs%_%no_weightb%_%rc_lookahead%_%rc_lookahead_20%_%ref%_%ref_1%_%root%_%;295.41;417.6058
no_8x8dct%_%no_asm%_%no_deblock%_%no_fast_pskip%_%no_mbtree%_%no_weightb%_%rc_lookahead%_%rc_lookahead_60%_%ref%_%ref_5%_%root%_%;544.58;553.406
no_8x8dct%_%no_asm%_%no_cabac%_%no_mbtree%_%rc_lookahead%_%rc_lookahead_60%_%ref%_%ref_5%_%root%_%;485.59;486.9833
no_8x8dct%_%no_asm%_%no_cabac%_%no_deblock%_%no_mbtree%_%rc_lookahead%_%rc_lookahead_60%_%ref%_%ref_5%_%root%_%;486.9733;487.7596
no_8x8dct%_%no_asm%_%no_cabac%_%no_mbtree%_%no_weightb%_%rc_lookahead%_%rc_lookahead_60%_%ref%_%ref_5%_%root%_%;485.4367;488.7047
no_8x8dct%_%no_asm%_%no_cabac%_%no_deblock%_%no_mbtree%_%no_weightb%_%rc_lookahead%_%rc_lookahead_60%_%ref%_%ref_5%_%root%_%;487.1167;489.5736
no_8x8dct%_%no_asm%_%no_cabac%_%no_fast_pskip%_%no_mbtree%_%rc_lookahead%_%rc_lookahead_60%_%ref%_%ref_5%_%root%_%;535.7067;549.9667
no_8x8dct%_%no_asm%_%no_cabac%_%no_fast_pskip%_%no_mbtree%_%no_weightb%_%rc_lookahead%_%rc_lookahead_60%_%ref%_%ref_5%_%root%_%;535.5533;550.4504
no_8x8dct%_%no_asm%_%no_cabac%_%no_deblock%_%no_fast_pskip%_%no_mbtree%_%rc_lookahead%_%rc_lookahead_60%_%ref%_%ref_5%_%root%_%;537.1133;550.2971
no_8x8dct%_%no_asm%_%no_cabac%_%no_deblock%_%no_fast_pskip%_%no_mbtree%_%no_weightb%_%rc_lookahead%_%rc_lookahead_60%_%ref%_%ref_5%_%root%_%;536.85;550.7789
no_asm%_%no_mbtree%_%no_mixed_refs%_%rc_lookahead%_%rc_lookahead_60%_%ref%_%ref_5%_%root%_%;433.2233;433.2407
no_asm%_%no_cabac%_%no_fast_pskip%_%no_mbtree%_%no_weightb%_%rc_lookahead%_%rc_lookahead_20%_%ref%_%ref_1%_%root%_%;299.69;503.6418
no_asm%_%no_deblock%_%no_mbtree%_%no_mixed_refs%_%rc_lookahead%_%rc_lookahead_60%_%ref%_%ref_5%_%root%_%;432.7567;432.8929
no_asm%_%no_fast_pskip%_%no_mbtree%_%no_mixed_refs%_%rc_lookahead%_%rc_lookahead_60%_%ref%_%ref_5%_%root%_%;482.8167;482.786
no_asm%_%no_deblock%_%no_fast_pskip%_%no_mbtree%_%no_mixed_refs%_%rc_lookahead%_%rc_lookahead_60%_%ref%_%ref_5%_%root%_%;482.3767;482.4242
no_asm%_%no_cabac%_%no_mbtree%_%no_mixed_refs%_%rc_lookahead%_%rc_lookahead_60%_%ref%_%ref_5%_%root%_%;428.3733;429.2051
no_asm%_%no_cabac%_%no_fast_pskip%_%no_mbtree%_%no_mixed_refs%_%rc_lookahead%_%rc_lookahead_60%_%ref%_%ref_5%_%root%_%;476.8633;477.1951
no_asm%_%no_cabac%_%no_deblock%_%no_mbtree%_%no_mixed_refs%_%rc_lookahead%_%rc_lookahead_60%_%ref%_%ref_5%_%root%_%;427.7933;428.726
no_asm%_%no_cabac%_%no_deblock%_%no_fast_pskip%_%no_mbtree%_%no_mixed_refs%_%rc_lookahead%_%rc_lookahead_60%_%ref%_%ref_5%_%root%_%;476.31;476.7389
no_8x8dct%_%no_asm%_%no_mbtree%_%no_mixed_refs%_%rc_lookahead%_%rc_lookahead_60%_%ref%_%ref_5%_%root%_%;414.9967;433.2407
no_8x8dct%_%no_asm%_%no_deblock%_%no_mbtree%_%no_mixed_refs%_%rc_lookahead%_%rc_lookahead_60%_%ref%_%ref_5%_%root%_%;414.2433;432.8929
no_8x8dct%_%no_asm%_%no_cabac%_%no_mbtree%_%no_mixed_refs%_%rc_lookahead%_%rc_lookahead_60%_%ref%_%ref_5%_%root%_%;408.6833;429.2051
no_asm%_%no_cabac%_%no_fast_pskip%_%no_mbtree%_%no_mixed_refs%_%no_weightb%_%rc_lookahead%_%rc_lookahead_20%_%ref%_%ref_1%_%root%_%;299.8433;477.1542
no_8x8dct%_%no_asm%_%no_cabac%_%no_deblock%_%no_mbtree%_%no_mixed_refs%_%rc_lookahead%_%rc_lookahead_60%_%ref%_%ref_5%_%root%_%;407.99;428.726
no_8x8dct%_%no_asm%_%no_fast_pskip%_%no_mbtree%_%no_mixed_refs%_%rc_lookahead%_%rc_lookahead_60%_%ref%_%ref_5%_%root%_%;463.31;482.786
no_8x8dct%_%no_asm%_%no_cabac%_%no_fast_pskip%_%no_mbtree%_%no_mixed_refs%_%rc_lookahead%_%rc_lookahead_60%_%ref%_%ref_5%_%root%_%;456.6167;477.1951
no_8x8dct%_%no_asm%_%no_deblock%_%no_fast_pskip%_%no_mbtree%_%no_mixed_refs%_%rc_lookahead%_%rc_lookahead_60%_%ref%_%ref_5%_%root%_%;462.74;482.4242
no_8x8dct%_%no_asm%_%no_cabac%_%no_deblock%_%no_fast_pskip%_%no_mbtree%_%no_mixed_refs%_%rc_lookahead%_%rc_lookahead_60%_%ref%_%ref_5%_%root%_%;455.72;476.7389
no_asm%_%no_mbtree%_%no_mixed_refs%_%no_weightb%_%rc_lookahead%_%rc_lookahead_60%_%ref%_%ref_5%_%root%_%;433.2133;433.2247
no_asm%_%no_deblock%_%no_mbtree%_%no_mixed_refs%_%no_weightb%_%rc_lookahead%_%rc_lookahead_60%_%ref%_%ref_5%_%root%_%;432.6767;432.8653
no_asm%_%no_fast_pskip%_%no_mbtree%_%no_mixed_refs%_%no_weightb%_%rc_lookahead%_%rc_lookahead_60%_%ref%_%ref_5%_%root%_%;482.64;482.4758
no_asm%_%no_deblock%_%no_fast_pskip%_%no_mbtree%_%no_mixed_refs%_%no_weightb%_%rc_lookahead%_%rc_lookahead_60%_%ref%_%ref_5%_%root%_%;482.08;482.2184
no_8x8dct%_%no_asm%_%no_mbtree%_%no_mixed_refs%_%no_weightb%_%rc_lookahead%_%rc_lookahead_60%_%ref%_%ref_5%_%root%_%;414.67;433.2247
no_asm%_%no_cabac%_%no_deblock%_%no_fast_pskip%_%no_mbtree%_%no_weightb%_%rc_lookahead%_%rc_lookahead_20%_%ref%_%ref_1%_%root%_%;299.6467;504.75
no_8x8dct%_%no_asm%_%no_fast_pskip%_%no_mbtree%_%no_mixed_refs%_%no_weightb%_%rc_lookahead%_%rc_lookahead_60%_%ref%_%ref_5%_%root%_%;463.5;482.4758
no_8x8dct%_%no_asm%_%no_deblock%_%no_mbtree%_%no_mixed_refs%_%no_weightb%_%rc_lookahead%_%rc_lookahead_60%_%ref%_%ref_5%_%root%_%;413.9133;432.8653
no_8x8dct%_%no_asm%_%no_deblock%_%no_fast_pskip%_%no_mbtree%_%no_mixed_refs%_%no_weightb%_%rc_lookahead%_%rc_lookahead_60%_%ref%_%ref_5%_%root%_%;462.5;482.2184
no_asm%_%no_cabac%_%no_mbtree%_%no_mixed_refs%_%no_weightb%_%rc_lookahead%_%rc_lookahead_60%_%ref%_%ref_5%_%root%_%;428.02;429.0213
no_asm%_%no_cabac%_%no_deblock%_%no_mbtree%_%no_mixed_refs%_%no_weightb%_%rc_lookahead%_%rc_lookahead_60%_%ref%_%ref_5%_%root%_%;427.52;428.5393
no_8x8dct%_%no_asm%_%no_cabac%_%no_mbtree%_%no_mixed_refs%_%no_weightb%_%rc_lookahead%_%rc_lookahead_60%_%ref%_%ref_5%_%root%_%;408.6067;429.0213
no_8x8dct%_%no_asm%_%no_cabac%_%no_deblock%_%no_mbtree%_%no_mixed_refs%_%no_weightb%_%rc_lookahead%_%rc_lookahead_60%_%ref%_%ref_5%_%root%_%;407.7633;428.5393
no_asm%_%no_cabac%_%no_fast_pskip%_%no_mbtree%_%no_mixed_refs%_%no_weightb%_%rc_lookahead%_%rc_lookahead_60%_%ref%_%ref_5%_%root%_%;476.9;477.1542
no_8x8dct%_%no_asm%_%no_cabac%_%no_fast_pskip%_%no_mbtree%_%no_mixed_refs%_%no_weightb%_%rc_lookahead%_%rc_lookahead_60%_%ref%_%ref_5%_%root%_%;456.4367;477.1542
no_asm%_%no_cabac%_%no_deblock%_%no_fast_pskip%_%no_mbtree%_%no_mixed_refs%_%no_weightb%_%rc_lookahead%_%rc_lookahead_60%_%ref%_%ref_5%_%root%_%;476.0933;476.6729
no_asm%_%no_cabac%_%no_deblock%_%no_fast_pskip%_%no_mbtree%_%no_mixed_refs%_%no_weightb%_%rc_lookahead%_%rc_lookahead_20%_%ref%_%ref_1%_%root%_%;299.7033;476.6729
no_8x8dct%_%no_asm%_%no_cabac%_%no_deblock%_%no_fast_pskip%_%no_mbtree%_%no_mixed_refs%_%no_weightb%_%rc_lookahead%_%rc_lookahead_60%_%ref%_%ref_5%_%root%_%;455.5133;476.6729
no_asm%_%rc_lookahead%_%rc_lookahead_20%_%ref%_%ref_5%_%root%_%;442.25;440.0731
no_asm%_%no_fast_pskip%_%rc_lookahead%_%rc_lookahead_20%_%ref%_%ref_5%_%root%_%;514.17;513.9227
no_asm%_%no_cabac%_%rc_lookahead%_%rc_lookahead_20%_%ref%_%ref_5%_%root%_%;436.1167;435.5762
no_asm%_%no_cabac%_%no_fast_pskip%_%rc_lookahead%_%rc_lookahead_20%_%ref%_%ref_5%_%root%_%;505.8567;506.6336
no_asm%_%no_weightb%_%rc_lookahead%_%rc_lookahead_20%_%ref%_%ref_5%_%root%_%;442.5467;440.4962
no_asm%_%no_cabac%_%no_weightb%_%rc_lookahead%_%rc_lookahead_20%_%ref%_%ref_5%_%root%_%;435.9767;436.3351
no_asm%_%no_fast_pskip%_%no_weightb%_%rc_lookahead%_%rc_lookahead_20%_%ref%_%ref_5%_%root%_%;513.53;513.7164
no_asm%_%no_cabac%_%no_fast_pskip%_%no_weightb%_%rc_lookahead%_%rc_lookahead_20%_%ref%_%ref_5%_%root%_%;505.6367;506.3793
no_asm%_%no_mixed_refs%_%rc_lookahead%_%rc_lookahead_20%_%ref%_%ref_5%_%root%_%;381.1233;380.014
no_8x8dct%_%no_asm%_%rc_lookahead%_%rc_lookahead_20%_%ref%_%ref_1%_%root%_%;254.5867;349.5667
no_asm%_%no_fast_pskip%_%no_mixed_refs%_%rc_lookahead%_%rc_lookahead_20%_%ref%_%ref_5%_%root%_%;447.4233;446.7233
no_asm%_%no_mixed_refs%_%no_weightb%_%rc_lookahead%_%rc_lookahead_20%_%ref%_%ref_5%_%root%_%;380.84;379.6264
no_asm%_%no_fast_pskip%_%no_mixed_refs%_%no_weightb%_%rc_lookahead%_%rc_lookahead_20%_%ref%_%ref_5%_%root%_%;447.1367;445.3218
no_asm%_%no_cabac%_%no_mixed_refs%_%rc_lookahead%_%rc_lookahead_20%_%ref%_%ref_5%_%root%_%;378.4167;378.9224
no_asm%_%no_cabac%_%no_mixed_refs%_%no_weightb%_%rc_lookahead%_%rc_lookahead_20%_%ref%_%ref_5%_%root%_%;378.2833;378.3953
no_asm%_%no_cabac%_%no_fast_pskip%_%no_mixed_refs%_%rc_lookahead%_%rc_lookahead_20%_%ref%_%ref_5%_%root%_%;443.92;443.7731
no_asm%_%no_cabac%_%no_fast_pskip%_%no_mixed_refs%_%no_weightb%_%rc_lookahead%_%rc_lookahead_20%_%ref%_%ref_5%_%root%_%;443.6467;442.4109
no_asm%_%no_mbtree%_%rc_lookahead%_%rc_lookahead_20%_%ref%_%ref_5%_%root%_%;519.5867;518.278
no_asm%_%no_fast_pskip%_%no_mbtree%_%rc_lookahead%_%rc_lookahead_20%_%ref%_%ref_5%_%root%_%;571.5667;571.3193
no_asm%_%no_cabac%_%no_mbtree%_%rc_lookahead%_%rc_lookahead_20%_%ref%_%ref_5%_%root%_%;511.6933;510.4427
no_8x8dct%_%no_asm%_%no_deblock%_%rc_lookahead%_%rc_lookahead_20%_%ref%_%ref_1%_%root%_%;254.1767;349.6536
no_asm%_%no_cabac%_%no_fast_pskip%_%no_mbtree%_%rc_lookahead%_%rc_lookahead_20%_%ref%_%ref_5%_%root%_%;562.57;562.6958
no_asm%_%no_mbtree%_%no_mixed_refs%_%rc_lookahead%_%rc_lookahead_20%_%ref%_%ref_5%_%root%_%;433.2233;433.2407
no_asm%_%no_cabac%_%no_mbtree%_%no_mixed_refs%_%rc_lookahead%_%rc_lookahead_20%_%ref%_%ref_5%_%root%_%;428.4267;429.2051
no_asm%_%no_fast_pskip%_%no_mbtree%_%no_mixed_refs%_%rc_lookahead%_%rc_lookahead_20%_%ref%_%ref_5%_%root%_%;482.9033;482.786
no_asm%_%no_cabac%_%no_fast_pskip%_%no_mbtree%_%no_mixed_refs%_%rc_lookahead%_%rc_lookahead_20%_%ref%_%ref_5%_%root%_%;476.9967;477.1951
no_asm%_%no_mbtree%_%no_weightb%_%rc_lookahead%_%rc_lookahead_20%_%ref%_%ref_5%_%root%_%;519.0267;519.1702
no_asm%_%no_fast_pskip%_%no_mbtree%_%no_weightb%_%rc_lookahead%_%rc_lookahead_20%_%ref%_%ref_5%_%root%_%;571.35;571.6731
no_asm%_%no_mbtree%_%no_mixed_refs%_%no_weightb%_%rc_lookahead%_%rc_lookahead_20%_%ref%_%ref_5%_%root%_%;433.2667;433.2247
no_asm%_%no_fast_pskip%_%no_mbtree%_%no_mixed_refs%_%no_weightb%_%rc_lookahead%_%rc_lookahead_20%_%ref%_%ref_5%_%root%_%;482.59;482.4758
no_asm%_%no_cabac%_%no_mbtree%_%no_weightb%_%rc_lookahead%_%rc_lookahead_20%_%ref%_%ref_5%_%root%_%;511.48;511.7964
no_8x8dct%_%no_asm%_%no_fast_pskip%_%rc_lookahead%_%rc_lookahead_20%_%ref%_%ref_1%_%root%_%;261.0767;454.8729
no_asm%_%no_cabac%_%no_mbtree%_%no_mixed_refs%_%no_weightb%_%rc_lookahead%_%rc_lookahead_20%_%ref%_%ref_5%_%root%_%;428.0833;429.0213
no_asm%_%no_cabac%_%no_fast_pskip%_%no_mbtree%_%no_weightb%_%rc_lookahead%_%rc_lookahead_20%_%ref%_%ref_5%_%root%_%;562.1833;562.9713
no_asm%_%no_cabac%_%no_fast_pskip%_%no_mbtree%_%no_mixed_refs%_%no_weightb%_%rc_lookahead%_%rc_lookahead_20%_%ref%_%ref_5%_%root%_%;476.9367;477.1542
no_asm%_%no_deblock%_%rc_lookahead%_%rc_lookahead_20%_%ref%_%ref_5%_%root%_%;444.71;441.5424
no_asm%_%no_deblock%_%no_fast_pskip%_%rc_lookahead%_%rc_lookahead_20%_%ref%_%ref_5%_%root%_%;516.22;516.0407
no_asm%_%no_cabac%_%no_deblock%_%rc_lookahead%_%rc_lookahead_20%_%ref%_%ref_5%_%root%_%;437.92;437.3029
no_asm%_%no_cabac%_%no_deblock%_%no_fast_pskip%_%rc_lookahead%_%rc_lookahead_20%_%ref%_%ref_5%_%root%_%;507.4033;507.7218
no_asm%_%no_deblock%_%no_weightb%_%rc_lookahead%_%rc_lookahead_20%_%ref%_%ref_5%_%root%_%;444.52;441.992
no_asm%_%no_cabac%_%no_deblock%_%no_weightb%_%rc_lookahead%_%rc_lookahead_20%_%ref%_%ref_5%_%root%_%;437.4833;438.0102
no_asm%_%no_deblock%_%no_fast_pskip%_%no_weightb%_%rc_lookahead%_%rc_lookahead_20%_%ref%_%ref_5%_%root%_%;515.6867;515.6496
no_8x8dct%_%no_asm%_%no_deblock%_%no_fast_pskip%_%rc_lookahead%_%rc_lookahead_20%_%ref%_%ref_1%_%root%_%;260.4967;455.7269
no_asm%_%no_cabac%_%no_deblock%_%no_fast_pskip%_%no_weightb%_%rc_lookahead%_%rc_lookahead_20%_%ref%_%ref_5%_%root%_%;506.93;507.3013
no_asm%_%no_deblock%_%no_mbtree%_%rc_lookahead%_%rc_lookahead_20%_%ref%_%ref_5%_%root%_%;521.7;519.5887
no_asm%_%no_deblock%_%no_fast_pskip%_%no_mbtree%_%rc_lookahead%_%rc_lookahead_20%_%ref%_%ref_5%_%root%_%;573.6533;572.9773
no_asm%_%no_deblock%_%no_mbtree%_%no_weightb%_%rc_lookahead%_%rc_lookahead_20%_%ref%_%ref_5%_%root%_%;521.4433;520.614
no_asm%_%no_deblock%_%no_fast_pskip%_%no_mbtree%_%no_weightb%_%rc_lookahead%_%rc_lookahead_20%_%ref%_%ref_5%_%root%_%;573.46;573.3451
no_asm%_%no_cabac%_%no_deblock%_%no_mbtree%_%rc_lookahead%_%rc_lookahead_20%_%ref%_%ref_5%_%root%_%;513.2333;511.2198
no_asm%_%no_cabac%_%no_deblock%_%no_mbtree%_%no_weightb%_%rc_lookahead%_%rc_lookahead_20%_%ref%_%ref_5%_%root%_%;512.87;512.6404
no_asm%_%no_cabac%_%no_deblock%_%no_fast_pskip%_%no_mbtree%_%rc_lookahead%_%rc_lookahead_20%_%ref%_%ref_5%_%root%_%;564.0933;563.8644
no_asm%_%no_cabac%_%no_deblock%_%no_fast_pskip%_%no_mbtree%_%no_weightb%_%rc_lookahead%_%rc_lookahead_20%_%ref%_%ref_5%_%root%_%;564.0633;564.3044
no_asm%_%no_deblock%_%no_mixed_refs%_%rc_lookahead%_%rc_lookahead_20%_%ref%_%ref_5%_%root%_%;380.1467;379.5429
no_8x8dct%_%no_asm%_%no_cabac%_%rc_lookahead%_%rc_lookahead_20%_%ref%_%ref_1%_%root%_%;244.39;348.7413
no_asm%_%no_deblock%_%no_fast_pskip%_%no_mixed_refs%_%rc_lookahead%_%rc_lookahead_20%_%ref%_%ref_5%_%root%_%;446.68;445.0098
no_asm%_%no_cabac%_%no_deblock%_%no_mixed_refs%_%rc_lookahead%_%rc_lookahead_20%_%ref%_%ref_5%_%root%_%;377.83;378.282
no_asm%_%no_cabac%_%no_deblock%_%no_fast_pskip%_%no_mixed_refs%_%rc_lookahead%_%rc_lookahead_20%_%ref%_%ref_5%_%root%_%;442.81;441.8167
no_asm%_%no_deblock%_%no_mbtree%_%no_mixed_refs%_%rc_lookahead%_%rc_lookahead_20%_%ref%_%ref_5%_%root%_%;432.7733;432.8929
no_asm%_%no_cabac%_%no_deblock%_%no_mbtree%_%no_mixed_refs%_%rc_lookahead%_%rc_lookahead_20%_%ref%_%ref_5%_%root%_%;427.66;428.726
no_asm%_%no_deblock%_%no_fast_pskip%_%no_mbtree%_%no_mixed_refs%_%rc_lookahead%_%rc_lookahead_20%_%ref%_%ref_5%_%root%_%;482.3733;482.4242
no_asm%_%no_cabac%_%no_deblock%_%no_fast_pskip%_%no_mbtree%_%no_mixed_refs%_%rc_lookahead%_%rc_lookahead_20%_%ref%_%ref_5%_%root%_%;476.2233;476.7389
no_asm%_%no_deblock%_%no_mixed_refs%_%no_weightb%_%rc_lookahead%_%rc_lookahead_20%_%ref%_%ref_5%_%root%_%;380.1;379.0469
no_asm%_%no_deblock%_%no_fast_pskip%_%no_mixed_refs%_%no_weightb%_%rc_lookahead%_%rc_lookahead_20%_%ref%_%ref_5%_%root%_%;446.25;443.6647
no_asm%_%no_deblock%_%no_mbtree%_%no_mixed_refs%_%no_weightb%_%rc_lookahead%_%rc_lookahead_20%_%ref%_%ref_5%_%root%_%;432.7233;432.8653
no_asm%_%no_cabac%_%no_deblock%_%rc_lookahead%_%rc_lookahead_20%_%ref%_%ref_1%_%root%_%;259.8067;359.4127
no_8x8dct%_%no_asm%_%no_cabac%_%no_fast_pskip%_%rc_lookahead%_%rc_lookahead_20%_%ref%_%ref_1%_%root%_%;249.4967;452.7693
no_asm%_%no_deblock%_%no_fast_pskip%_%no_mbtree%_%no_mixed_refs%_%no_weightb%_%rc_lookahead%_%rc_lookahead_20%_%ref%_%ref_5%_%root%_%;482.0833;482.2184
no_asm%_%no_cabac%_%no_deblock%_%no_mixed_refs%_%no_weightb%_%rc_lookahead%_%rc_lookahead_20%_%ref%_%ref_5%_%root%_%;377.5033;377.6207
no_asm%_%no_cabac%_%no_deblock%_%no_mbtree%_%no_mixed_refs%_%no_weightb%_%rc_lookahead%_%rc_lookahead_20%_%ref%_%ref_5%_%root%_%;427.4933;428.5393
no_asm%_%no_cabac%_%no_deblock%_%no_fast_pskip%_%no_mixed_refs%_%no_weightb%_%rc_lookahead%_%rc_lookahead_20%_%ref%_%ref_5%_%root%_%;442.5;440.4033
no_asm%_%no_cabac%_%no_deblock%_%no_fast_pskip%_%no_mbtree%_%no_mixed_refs%_%no_weightb%_%rc_lookahead%_%rc_lookahead_20%_%ref%_%ref_5%_%root%_%;476.1;476.6729
no_8x8dct%_%no_asm%_%rc_lookahead%_%rc_lookahead_20%_%ref%_%ref_5%_%root%_%;423.0767;421.274
no_8x8dct%_%no_asm%_%no_fast_pskip%_%rc_lookahead%_%rc_lookahead_20%_%ref%_%ref_5%_%root%_%;492.1267;499.6616
no_8x8dct%_%no_asm%_%no_cabac%_%rc_lookahead%_%rc_lookahead_20%_%ref%_%ref_5%_%root%_%;416.8867;417.9727
no_8x8dct%_%no_asm%_%no_cabac%_%no_fast_pskip%_%rc_lookahead%_%rc_lookahead_20%_%ref%_%ref_5%_%root%_%;484.8533;497.558
no_8x8dct%_%no_asm%_%no_weightb%_%rc_lookahead%_%rc_lookahead_20%_%ref%_%ref_5%_%root%_%;422.6467;422.134
no_8x8dct%_%no_asm%_%no_cabac%_%no_deblock%_%rc_lookahead%_%rc_lookahead_20%_%ref%_%ref_1%_%root%_%;244.23;348.9151
no_8x8dct%_%no_asm%_%no_cabac%_%no_weightb%_%rc_lookahead%_%rc_lookahead_20%_%ref%_%ref_5%_%root%_%;416.2633;419.2453
no_8x8dct%_%no_asm%_%no_fast_pskip%_%no_weightb%_%rc_lookahead%_%rc_lookahead_20%_%ref%_%ref_5%_%root%_%;491.6867;499.6616
no_8x8dct%_%no_asm%_%no_cabac%_%no_fast_pskip%_%no_weightb%_%rc_lookahead%_%rc_lookahead_20%_%ref%_%ref_5%_%root%_%;484.29;497.5433
no_8x8dct%_%no_asm%_%no_mixed_refs%_%rc_lookahead%_%rc_lookahead_20%_%ref%_%ref_5%_%root%_%;367.9633;367.1804
no_8x8dct%_%no_asm%_%no_fast_pskip%_%no_mixed_refs%_%rc_lookahead%_%rc_lookahead_20%_%ref%_%ref_5%_%root%_%;432.1433;433.4171
no_8x8dct%_%no_asm%_%no_mixed_refs%_%no_weightb%_%rc_lookahead%_%rc_lookahead_20%_%ref%_%ref_5%_%root%_%;367.5433;367.1804
no_8x8dct%_%no_asm%_%no_fast_pskip%_%no_mixed_refs%_%no_weightb%_%rc_lookahead%_%rc_lookahead_20%_%ref%_%ref_5%_%root%_%;432.03;432.092
no_8x8dct%_%no_asm%_%no_cabac%_%no_mixed_refs%_%rc_lookahead%_%rc_lookahead_20%_%ref%_%ref_5%_%root%_%;362.6267;366.8107
no_8x8dct%_%no_asm%_%no_cabac%_%no_mixed_refs%_%no_weightb%_%rc_lookahead%_%rc_lookahead_20%_%ref%_%ref_5%_%root%_%;362.6133;366.7498
no_8x8dct%_%no_asm%_%no_cabac%_%no_fast_pskip%_%no_mixed_refs%_%rc_lookahead%_%rc_lookahead_20%_%ref%_%ref_5%_%root%_%;426.5267;432.4656
no_8x8dct%_%no_asm%_%no_cabac%_%no_deblock%_%no_fast_pskip%_%rc_lookahead%_%rc_lookahead_20%_%ref%_%ref_1%_%root%_%;249.3633;453.3442
no_8x8dct%_%no_asm%_%no_cabac%_%no_fast_pskip%_%no_mixed_refs%_%no_weightb%_%rc_lookahead%_%rc_lookahead_20%_%ref%_%ref_5%_%root%_%;426.4433;431.1604
no_8x8dct%_%no_asm%_%no_deblock%_%rc_lookahead%_%rc_lookahead_20%_%ref%_%ref_5%_%root%_%;425.0633;421.3609
no_8x8dct%_%no_asm%_%no_deblock%_%no_fast_pskip%_%rc_lookahead%_%rc_lookahead_20%_%ref%_%ref_5%_%root%_%;493.3067;500.5156
no_8x8dct%_%no_asm%_%no_cabac%_%no_deblock%_%rc_lookahead%_%rc_lookahead_20%_%ref%_%ref_5%_%root%_%;418.19;418.4071
no_8x8dct%_%no_asm%_%no_cabac%_%no_deblock%_%no_fast_pskip%_%rc_lookahead%_%rc_lookahead_20%_%ref%_%ref_5%_%root%_%;485.5367;498.1329
no_8x8dct%_%no_asm%_%no_deblock%_%no_mixed_refs%_%rc_lookahead%_%rc_lookahead_20%_%ref%_%ref_5%_%root%_%;367.0667;367.0982
no_8x8dct%_%no_asm%_%no_cabac%_%no_deblock%_%no_mixed_refs%_%rc_lookahead%_%rc_lookahead_20%_%ref%_%ref_5%_%root%_%;362.0367;366.6764
no_8x8dct%_%no_asm%_%no_deblock%_%no_fast_pskip%_%no_mixed_refs%_%rc_lookahead%_%rc_lookahead_20%_%ref%_%ref_5%_%root%_%;431;431.7036
no_8x8dct%_%no_asm%_%no_cabac%_%no_deblock%_%no_fast_pskip%_%no_mixed_refs%_%rc_lookahead%_%rc_lookahead_20%_%ref%_%ref_5%_%root%_%;425.2467;430.9373
no_8x8dct%_%no_asm%_%no_deblock%_%no_weightb%_%rc_lookahead%_%rc_lookahead_20%_%ref%_%ref_5%_%root%_%;424.49;422.3213
no_8x8dct%_%no_asm%_%no_weightb%_%rc_lookahead%_%rc_lookahead_20%_%ref%_%ref_1%_%root%_%;254.7333;349.5667
no_8x8dct%_%no_asm%_%no_deblock%_%no_fast_pskip%_%no_weightb%_%rc_lookahead%_%rc_lookahead_20%_%ref%_%ref_5%_%root%_%;492.6633;500.3378
no_8x8dct%_%no_asm%_%no_deblock%_%no_mixed_refs%_%no_weightb%_%rc_lookahead%_%rc_lookahead_20%_%ref%_%ref_5%_%root%_%;366.8367;367.0764
no_8x8dct%_%no_asm%_%no_deblock%_%no_fast_pskip%_%no_mixed_refs%_%no_weightb%_%rc_lookahead%_%rc_lookahead_20%_%ref%_%ref_5%_%root%_%;430.6967;430.4349
no_8x8dct%_%no_asm%_%no_cabac%_%no_deblock%_%no_weightb%_%rc_lookahead%_%rc_lookahead_20%_%ref%_%ref_5%_%root%_%;417.6333;419.7802
no_8x8dct%_%no_asm%_%no_cabac%_%no_deblock%_%no_mixed_refs%_%no_weightb%_%rc_lookahead%_%rc_lookahead_20%_%ref%_%ref_5%_%root%_%;361.7033;366.5938
no_8x8dct%_%no_asm%_%no_cabac%_%no_deblock%_%no_fast_pskip%_%no_weightb%_%rc_lookahead%_%rc_lookahead_20%_%ref%_%ref_5%_%root%_%;485.35;498.0027
no_8x8dct%_%no_asm%_%no_cabac%_%no_deblock%_%no_fast_pskip%_%no_mixed_refs%_%no_weightb%_%rc_lookahead%_%rc_lookahead_20%_%ref%_%ref_5%_%root%_%;424.89;429.648
no_8x8dct%_%no_asm%_%no_mbtree%_%rc_lookahead%_%rc_lookahead_20%_%ref%_%ref_5%_%root%_%;492.6233;491.5438
no_8x8dct%_%no_asm%_%no_fast_pskip%_%no_mbtree%_%rc_lookahead%_%rc_lookahead_20%_%ref%_%ref_5%_%root%_%;543.59;552.4029
no_8x8dct%_%no_asm%_%no_cabac%_%no_mbtree%_%rc_lookahead%_%rc_lookahead_20%_%ref%_%ref_5%_%root%_%;485.66;486.9833
no_8x8dct%_%no_asm%_%no_deblock%_%no_weightb%_%rc_lookahead%_%rc_lookahead_20%_%ref%_%ref_1%_%root%_%;254.0333;349.6536
no_8x8dct%_%no_asm%_%no_cabac%_%no_fast_pskip%_%no_mbtree%_%rc_lookahead%_%rc_lookahead_20%_%ref%_%ref_5%_%root%_%;535.6267;549.9667
no_8x8dct%_%no_asm%_%no_mbtree%_%no_weightb%_%rc_lookahead%_%rc_lookahead_20%_%ref%_%ref_5%_%root%_%;492.2667;492.8009
no_8x8dct%_%no_asm%_%no_cabac%_%no_mbtree%_%no_weightb%_%rc_lookahead%_%rc_lookahead_20%_%ref%_%ref_5%_%root%_%;485.5833;488.7047
no_8x8dct%_%no_asm%_%no_fast_pskip%_%no_mbtree%_%no_weightb%_%rc_lookahead%_%rc_lookahead_20%_%ref%_%ref_5%_%root%_%;543.03;552.8578
no_8x8dct%_%no_asm%_%no_cabac%_%no_fast_pskip%_%no_mbtree%_%no_weightb%_%rc_lookahead%_%rc_lookahead_20%_%ref%_%ref_5%_%root%_%;535.6967;550.4504
no_8x8dct%_%no_asm%_%no_deblock%_%no_mbtree%_%rc_lookahead%_%rc_lookahead_20%_%ref%_%ref_5%_%root%_%;494.2567;492.8233
no_8x8dct%_%no_asm%_%no_deblock%_%no_fast_pskip%_%no_mbtree%_%rc_lookahead%_%rc_lookahead_20%_%ref%_%ref_5%_%root%_%;545.0167;552.9609
no_8x8dct%_%no_asm%_%no_deblock%_%no_mbtree%_%no_weightb%_%rc_lookahead%_%rc_lookahead_20%_%ref%_%ref_5%_%root%_%;493.9867;494.0642
no_8x8dct%_%no_asm%_%no_deblock%_%no_fast_pskip%_%no_mbtree%_%no_weightb%_%rc_lookahead%_%rc_lookahead_20%_%ref%_%ref_5%_%root%_%;544.5067;553.406
no_8x8dct%_%no_asm%_%no_cabac%_%no_deblock%_%no_mbtree%_%rc_lookahead%_%rc_lookahead_20%_%ref%_%ref_5%_%root%_%;487.09;487.7596
no_8x8dct%_%no_asm%_%no_cabac%_%no_weightb%_%rc_lookahead%_%rc_lookahead_20%_%ref%_%ref_1%_%root%_%;244.3033;348.7413
no_8x8dct%_%no_asm%_%no_cabac%_%no_deblock%_%no_mbtree%_%no_weightb%_%rc_lookahead%_%rc_lookahead_20%_%ref%_%ref_5%_%root%_%;486.8167;489.5736
no_8x8dct%_%no_asm%_%no_cabac%_%no_deblock%_%no_fast_pskip%_%no_mbtree%_%rc_lookahead%_%rc_lookahead_20%_%ref%_%ref_5%_%root%_%;537.1533;550.2971
no_8x8dct%_%no_asm%_%no_cabac%_%no_deblock%_%no_fast_pskip%_%no_mbtree%_%no_weightb%_%rc_lookahead%_%rc_lookahead_20%_%ref%_%ref_5%_%root%_%;536.95;550.7789
no_8x8dct%_%no_asm%_%no_mbtree%_%no_mixed_refs%_%rc_lookahead%_%rc_lookahead_20%_%ref%_%ref_5%_%root%_%;414.8333;433.2407
no_8x8dct%_%no_asm%_%no_fast_pskip%_%no_mbtree%_%no_mixed_refs%_%rc_lookahead%_%rc_lookahead_20%_%ref%_%ref_5%_%root%_%;463.24;482.786
no_8x8dct%_%no_asm%_%no_cabac%_%no_mbtree%_%no_mixed_refs%_%rc_lookahead%_%rc_lookahead_20%_%ref%_%ref_5%_%root%_%;408.84;429.2051
no_8x8dct%_%no_asm%_%no_cabac%_%no_fast_pskip%_%no_mbtree%_%no_mixed_refs%_%rc_lookahead%_%rc_lookahead_20%_%ref%_%ref_5%_%root%_%;456.74;477.1951
no_8x8dct%_%no_asm%_%no_deblock%_%no_mbtree%_%no_mixed_refs%_%rc_lookahead%_%rc_lookahead_20%_%ref%_%ref_5%_%root%_%;414.23;432.8929
no_8x8dct%_%no_asm%_%no_cabac%_%no_deblock%_%no_mbtree%_%no_mixed_refs%_%rc_lookahead%_%rc_lookahead_20%_%ref%_%ref_5%_%root%_%;408.07;428.726
no_8x8dct%_%no_asm%_%no_deblock%_%no_fast_pskip%_%no_mbtree%_%no_mixed_refs%_%rc_lookahead%_%rc_lookahead_20%_%ref%_%ref_5%_%root%_%;462.6267;482.4242
no_8x8dct%_%no_asm%_%no_cabac%_%no_deblock%_%no_weightb%_%rc_lookahead%_%rc_lookahead_20%_%ref%_%ref_1%_%root%_%;244.3533;348.9151
no_8x8dct%_%no_asm%_%no_cabac%_%no_deblock%_%no_fast_pskip%_%no_mbtree%_%no_mixed_refs%_%rc_lookahead%_%rc_lookahead_20%_%ref%_%ref_5%_%root%_%;455.64;476.7389
no_8x8dct%_%no_asm%_%no_mbtree%_%no_mixed_refs%_%no_weightb%_%rc_lookahead%_%rc_lookahead_20%_%ref%_%ref_5%_%root%_%;414.7367;433.2247
no_8x8dct%_%no_asm%_%no_fast_pskip%_%no_mbtree%_%no_mixed_refs%_%no_weightb%_%rc_lookahead%_%rc_lookahead_20%_%ref%_%ref_5%_%root%_%;463.3633;482.4758
no_8x8dct%_%no_asm%_%no_deblock%_%no_mbtree%_%no_mixed_refs%_%no_weightb%_%rc_lookahead%_%rc_lookahead_20%_%ref%_%ref_5%_%root%_%;414.0333;432.8653
no_8x8dct%_%no_asm%_%no_deblock%_%no_fast_pskip%_%no_mbtree%_%no_mixed_refs%_%no_weightb%_%rc_lookahead%_%rc_lookahead_20%_%ref%_%ref_5%_%root%_%;462.4733;482.2184
no_8x8dct%_%no_asm%_%no_cabac%_%no_mbtree%_%no_mixed_refs%_%no_weightb%_%rc_lookahead%_%rc_lookahead_20%_%ref%_%ref_5%_%root%_%;408.6267;429.0213
no_8x8dct%_%no_asm%_%no_cabac%_%no_deblock%_%no_mbtree%_%no_mixed_refs%_%no_weightb%_%rc_lookahead%_%rc_lookahead_20%_%ref%_%ref_5%_%root%_%;407.7567;428.5393
no_8x8dct%_%no_asm%_%no_cabac%_%no_fast_pskip%_%no_mbtree%_%no_mixed_refs%_%no_weightb%_%rc_lookahead%_%rc_lookahead_20%_%ref%_%ref_5%_%root%_%;456.37;477.1542
no_8x8dct%_%no_asm%_%no_cabac%_%no_deblock%_%no_fast_pskip%_%no_mbtree%_%no_mixed_refs%_%no_weightb%_%rc_lookahead%_%rc_lookahead_20%_%ref%_%ref_5%_%root%_%;455.4933;476.6729
no_asm%_%rc_lookahead%_%rc_lookahead_20%_%ref%_%ref_9%_%root%_%;611.0433;395.3216
no_8x8dct%_%no_asm%_%no_fast_pskip%_%no_weightb%_%rc_lookahead%_%rc_lookahead_20%_%ref%_%ref_1%_%root%_%;261.31;454.8729
no_asm%_%no_fast_pskip%_%rc_lookahead%_%rc_lookahead_20%_%ref%_%ref_9%_%root%_%;740.21;481.2387
no_asm%_%no_cabac%_%rc_lookahead%_%rc_lookahead_20%_%ref%_%ref_9%_%root%_%;602.7133;392.0989
no_asm%_%no_cabac%_%no_fast_pskip%_%rc_lookahead%_%rc_lookahead_20%_%ref%_%ref_9%_%root%_%;730.01;474.9122
no_asm%_%no_weightb%_%rc_lookahead%_%rc_lookahead_20%_%ref%_%ref_9%_%root%_%;610.8233;394.894
no_asm%_%no_cabac%_%no_weightb%_%rc_lookahead%_%rc_lookahead_20%_%ref%_%ref_9%_%root%_%;601.59;391.6236
no_asm%_%no_fast_pskip%_%no_weightb%_%rc_lookahead%_%rc_lookahead_20%_%ref%_%ref_9%_%root%_%;739.9033;481.0751
no_asm%_%no_cabac%_%no_fast_pskip%_%no_weightb%_%rc_lookahead%_%rc_lookahead_20%_%ref%_%ref_9%_%root%_%;729.3;474.7904
no_asm%_%no_mixed_refs%_%rc_lookahead%_%rc_lookahead_20%_%ref%_%ref_9%_%root%_%;510.01;365.2162
no_asm%_%no_fast_pskip%_%no_mixed_refs%_%rc_lookahead%_%rc_lookahead_20%_%ref%_%ref_9%_%root%_%;631.0433;446.7233
no_asm%_%no_mixed_refs%_%no_weightb%_%rc_lookahead%_%rc_lookahead_20%_%ref%_%ref_9%_%root%_%;509.5233;364.8287
no_8x8dct%_%no_asm%_%no_cabac%_%no_fast_pskip%_%no_weightb%_%rc_lookahead%_%rc_lookahead_20%_%ref%_%ref_1%_%root%_%;249.64;452.7547
no_asm%_%no_fast_pskip%_%no_mixed_refs%_%no_weightb%_%rc_lookahead%_%rc_lookahead_20%_%ref%_%ref_9%_%root%_%;630.5767;445.3218
no_asm%_%no_cabac%_%no_mixed_refs%_%rc_lookahead%_%rc_lookahead_20%_%ref%_%ref_9%_%root%_%;507.2467;364.3051
no_asm%_%no_cabac%_%no_mixed_refs%_%no_weightb%_%rc_lookahead%_%rc_lookahead_20%_%ref%_%ref_9%_%root%_%;506.88;363.8389
no_asm%_%no_cabac%_%no_fast_pskip%_%no_mixed_refs%_%rc_lookahead%_%rc_lookahead_20%_%ref%_%ref_9%_%root%_%;627.0533;443.7731
no_asm%_%no_cabac%_%no_fast_pskip%_%no_mixed_refs%_%no_weightb%_%rc_lookahead%_%rc_lookahead_20%_%ref%_%ref_9%_%root%_%;627.1133;442.4109
no_asm%_%no_mbtree%_%rc_lookahead%_%rc_lookahead_20%_%ref%_%ref_9%_%root%_%;721.4867;467.8229
no_asm%_%no_fast_pskip%_%no_mbtree%_%rc_lookahead%_%rc_lookahead_20%_%ref%_%ref_9%_%root%_%;817.7933;530.8151
no_asm%_%no_cabac%_%no_mbtree%_%rc_lookahead%_%rc_lookahead_20%_%ref%_%ref_9%_%root%_%;712.7433;461.6569
no_asm%_%no_cabac%_%no_fast_pskip%_%no_mbtree%_%rc_lookahead%_%rc_lookahead_20%_%ref%_%ref_9%_%root%_%;807.3333;523.5158
no_asm%_%no_mbtree%_%no_mixed_refs%_%rc_lookahead%_%rc_lookahead_20%_%ref%_%ref_9%_%root%_%;580.7367;422.2738
no_8x8dct%_%no_asm%_%no_deblock%_%no_fast_pskip%_%no_weightb%_%rc_lookahead%_%rc_lookahead_20%_%ref%_%ref_1%_%root%_%;260.6167;455.5491
no_asm%_%no_cabac%_%no_mbtree%_%no_mixed_refs%_%rc_lookahead%_%rc_lookahead_20%_%ref%_%ref_9%_%root%_%;576.54;418.2382
no_asm%_%no_fast_pskip%_%no_mbtree%_%no_mixed_refs%_%rc_lookahead%_%rc_lookahead_20%_%ref%_%ref_9%_%root%_%;672.3733;482.786
no_asm%_%no_cabac%_%no_fast_pskip%_%no_mbtree%_%no_mixed_refs%_%rc_lookahead%_%rc_lookahead_20%_%ref%_%ref_9%_%root%_%;666.5533;477.1951
no_asm%_%no_mbtree%_%no_weightb%_%rc_lookahead%_%rc_lookahead_20%_%ref%_%ref_9%_%root%_%;721.7567;468.7524
no_asm%_%no_fast_pskip%_%no_mbtree%_%no_weightb%_%rc_lookahead%_%rc_lookahead_20%_%ref%_%ref_9%_%root%_%;817.34;531.1689
no_asm%_%no_mbtree%_%no_mixed_refs%_%no_weightb%_%rc_lookahead%_%rc_lookahead_20%_%ref%_%ref_9%_%root%_%;580.73;422.2549
no_asm%_%no_fast_pskip%_%no_mbtree%_%no_mixed_refs%_%no_weightb%_%rc_lookahead%_%rc_lookahead_20%_%ref%_%ref_9%_%root%_%;672.1367;482.4758
no_asm%_%no_cabac%_%no_mbtree%_%no_weightb%_%rc_lookahead%_%rc_lookahead_20%_%ref%_%ref_9%_%root%_%;712.81;463.1518
no_asm%_%no_cabac%_%no_mbtree%_%no_mixed_refs%_%no_weightb%_%rc_lookahead%_%rc_lookahead_20%_%ref%_%ref_9%_%root%_%;576.2167;418.0516
no_asm%_%no_cabac%_%no_fast_pskip%_%no_mbtree%_%no_weightb%_%rc_lookahead%_%rc_lookahead_20%_%ref%_%ref_9%_%root%_%;807.0167;523.8171
no_asm%_%no_cabac%_%no_deblock%_%no_fast_pskip%_%rc_lookahead%_%rc_lookahead_20%_%ref%_%ref_1%_%root%_%;266.19;460.0167
no_8x8dct%_%no_asm%_%no_cabac%_%no_deblock%_%no_fast_pskip%_%no_weightb%_%rc_lookahead%_%rc_lookahead_20%_%ref%_%ref_1%_%root%_%;249.4633;453.214
no_asm%_%no_cabac%_%no_fast_pskip%_%no_mbtree%_%no_mixed_refs%_%no_weightb%_%rc_lookahead%_%rc_lookahead_20%_%ref%_%ref_9%_%root%_%;666.25;477.1542
no_8x8dct%_%no_asm%_%rc_lookahead%_%rc_lookahead_20%_%ref%_%ref_9%_%root%_%;585.35;380.438
no_8x8dct%_%no_asm%_%no_fast_pskip%_%rc_lookahead%_%rc_lookahead_20%_%ref%_%ref_9%_%root%_%;711.2333;469.8024
no_8x8dct%_%no_asm%_%no_cabac%_%rc_lookahead%_%rc_lookahead_20%_%ref%_%ref_9%_%root%_%;579.1767;378.3747
no_8x8dct%_%no_asm%_%no_cabac%_%no_fast_pskip%_%rc_lookahead%_%rc_lookahead_20%_%ref%_%ref_9%_%root%_%;704.22;467.6989
no_8x8dct%_%no_asm%_%no_weightb%_%rc_lookahead%_%rc_lookahead_20%_%ref%_%ref_9%_%root%_%;584.82;380.438
no_8x8dct%_%no_asm%_%no_cabac%_%no_weightb%_%rc_lookahead%_%rc_lookahead_20%_%ref%_%ref_9%_%root%_%;579.0233;378.3747
no_8x8dct%_%no_asm%_%no_fast_pskip%_%no_weightb%_%rc_lookahead%_%rc_lookahead_20%_%ref%_%ref_9%_%root%_%;711.2933;469.8024
no_8x8dct%_%no_asm%_%no_cabac%_%no_fast_pskip%_%no_weightb%_%rc_lookahead%_%rc_lookahead_20%_%ref%_%ref_9%_%root%_%;703.5;467.6842
no_8x8dct%_%no_asm%_%no_mbtree%_%rc_lookahead%_%rc_lookahead_20%_%ref%_%ref_9%_%root%_%;687.39;446.6542
no_8x8dct%_%no_asm%_%no_mbtree%_%rc_lookahead%_%rc_lookahead_20%_%ref%_%ref_1%_%root%_%;287.01;432.1916
no_8x8dct%_%no_asm%_%no_fast_pskip%_%no_mbtree%_%rc_lookahead%_%rc_lookahead_20%_%ref%_%ref_9%_%root%_%;780.93;513.9029
no_8x8dct%_%no_asm%_%no_mbtree%_%no_weightb%_%rc_lookahead%_%rc_lookahead_20%_%ref%_%ref_9%_%root%_%;687.0933;447.9113
no_8x8dct%_%no_asm%_%no_fast_pskip%_%no_mbtree%_%no_weightb%_%rc_lookahead%_%rc_lookahead_20%_%ref%_%ref_9%_%root%_%;780.6567;514.3578
no_8x8dct%_%no_asm%_%no_cabac%_%no_mbtree%_%rc_lookahead%_%rc_lookahead_20%_%ref%_%ref_9%_%root%_%;680.6467;442.9269
no_8x8dct%_%no_asm%_%no_cabac%_%no_mbtree%_%no_weightb%_%rc_lookahead%_%rc_lookahead_20%_%ref%_%ref_9%_%root%_%;680.6167;444.6482
no_8x8dct%_%no_asm%_%no_cabac%_%no_fast_pskip%_%no_mbtree%_%rc_lookahead%_%rc_lookahead_20%_%ref%_%ref_9%_%root%_%;773.67;512.052
no_8x8dct%_%no_asm%_%no_cabac%_%no_fast_pskip%_%no_mbtree%_%no_weightb%_%rc_lookahead%_%rc_lookahead_20%_%ref%_%ref_9%_%root%_%;773.2767;512.5358
no_8x8dct%_%no_asm%_%no_mixed_refs%_%rc_lookahead%_%rc_lookahead_20%_%ref%_%ref_9%_%root%_%;496.8933;354.6596
no_8x8dct%_%no_asm%_%no_fast_pskip%_%no_mixed_refs%_%rc_lookahead%_%rc_lookahead_20%_%ref%_%ref_9%_%root%_%;615.3367;433.4171
no_8x8dct%_%no_asm%_%no_cabac%_%no_mixed_refs%_%rc_lookahead%_%rc_lookahead_20%_%ref%_%ref_9%_%root%_%;491.52;354.2898
no_8x8dct%_%no_asm%_%no_deblock%_%no_mbtree%_%rc_lookahead%_%rc_lookahead_20%_%ref%_%ref_1%_%root%_%;286.2867;433.158
no_8x8dct%_%no_asm%_%no_cabac%_%no_fast_pskip%_%no_mixed_refs%_%rc_lookahead%_%rc_lookahead_20%_%ref%_%ref_9%_%root%_%;609.33;432.4656
no_8x8dct%_%no_asm%_%no_mbtree%_%no_mixed_refs%_%rc_lookahead%_%rc_lookahead_20%_%ref%_%ref_9%_%root%_%;561.9267;422.2738
no_8x8dct%_%no_asm%_%no_cabac%_%no_mbtree%_%no_mixed_refs%_%rc_lookahead%_%rc_lookahead_20%_%ref%_%ref_9%_%root%_%;556.5133;418.2382
no_8x8dct%_%no_asm%_%no_fast_pskip%_%no_mbtree%_%no_mixed_refs%_%rc_lookahead%_%rc_lookahead_20%_%ref%_%ref_9%_%root%_%;652.4667;482.786
no_8x8dct%_%no_asm%_%no_cabac%_%no_fast_pskip%_%no_mbtree%_%no_mixed_refs%_%rc_lookahead%_%rc_lookahead_20%_%ref%_%ref_9%_%root%_%;645.4467;477.1951
no_8x8dct%_%no_asm%_%no_mixed_refs%_%no_weightb%_%rc_lookahead%_%rc_lookahead_20%_%ref%_%ref_9%_%root%_%;496.23;354.6596
no_8x8dct%_%no_asm%_%no_fast_pskip%_%no_mixed_refs%_%no_weightb%_%rc_lookahead%_%rc_lookahead_20%_%ref%_%ref_9%_%root%_%;615.0567;432.092
no_8x8dct%_%no_asm%_%no_mbtree%_%no_mixed_refs%_%no_weightb%_%rc_lookahead%_%rc_lookahead_20%_%ref%_%ref_9%_%root%_%;561.96;422.2549
no_8x8dct%_%no_asm%_%no_fast_pskip%_%no_mbtree%_%no_mixed_refs%_%no_weightb%_%rc_lookahead%_%rc_lookahead_20%_%ref%_%ref_9%_%root%_%;652.55;482.4758
no_8x8dct%_%no_asm%_%no_cabac%_%no_mixed_refs%_%no_weightb%_%rc_lookahead%_%rc_lookahead_20%_%ref%_%ref_9%_%root%_%;491.2367;354.2289
no_8x8dct%_%no_asm%_%no_fast_pskip%_%no_mbtree%_%rc_lookahead%_%rc_lookahead_20%_%ref%_%ref_1%_%root%_%;291.6333;494.2113
no_8x8dct%_%no_asm%_%no_cabac%_%no_mbtree%_%no_mixed_refs%_%no_weightb%_%rc_lookahead%_%rc_lookahead_20%_%ref%_%ref_9%_%root%_%;556.3267;418.0516
no_8x8dct%_%no_asm%_%no_cabac%_%no_fast_pskip%_%no_mixed_refs%_%no_weightb%_%rc_lookahead%_%rc_lookahead_20%_%ref%_%ref_9%_%root%_%;608.9967;431.1604
no_8x8dct%_%no_asm%_%no_cabac%_%no_fast_pskip%_%no_mbtree%_%no_mixed_refs%_%no_weightb%_%rc_lookahead%_%rc_lookahead_20%_%ref%_%ref_9%_%root%_%;645.3767;477.1542
no_asm%_%no_deblock%_%rc_lookahead%_%rc_lookahead_20%_%ref%_%ref_9%_%root%_%;615.2867;396.218
no_asm%_%no_deblock%_%no_fast_pskip%_%rc_lookahead%_%rc_lookahead_20%_%ref%_%ref_9%_%root%_%;743.1633;483.0407
no_asm%_%no_cabac%_%no_deblock%_%rc_lookahead%_%rc_lookahead_20%_%ref%_%ref_9%_%root%_%;605.2733;393.1324
no_asm%_%no_cabac%_%no_deblock%_%no_fast_pskip%_%rc_lookahead%_%rc_lookahead_20%_%ref%_%ref_9%_%root%_%;732.0067;475.9289
no_asm%_%no_deblock%_%no_weightb%_%rc_lookahead%_%rc_lookahead_20%_%ref%_%ref_9%_%root%_%;614.57;395.7071
no_asm%_%no_cabac%_%no_deblock%_%no_weightb%_%rc_lookahead%_%rc_lookahead_20%_%ref%_%ref_9%_%root%_%;604.9167;392.4958
no_asm%_%no_deblock%_%no_fast_pskip%_%no_weightb%_%rc_lookahead%_%rc_lookahead_20%_%ref%_%ref_9%_%root%_%;743.1233;482.6851
no_8x8dct%_%no_asm%_%no_deblock%_%no_fast_pskip%_%no_mbtree%_%rc_lookahead%_%rc_lookahead_20%_%ref%_%ref_1%_%root%_%;291.01;494.6287
no_asm%_%no_cabac%_%no_deblock%_%no_fast_pskip%_%no_weightb%_%rc_lookahead%_%rc_lookahead_20%_%ref%_%ref_9%_%root%_%;731.1933;475.6262
no_asm%_%no_deblock%_%no_mixed_refs%_%rc_lookahead%_%rc_lookahead_20%_%ref%_%ref_9%_%root%_%;508.71;364.7753
no_asm%_%no_deblock%_%no_fast_pskip%_%no_mixed_refs%_%rc_lookahead%_%rc_lookahead_20%_%ref%_%ref_9%_%root%_%;629.62;445.0098
no_asm%_%no_deblock%_%no_mixed_refs%_%no_weightb%_%rc_lookahead%_%rc_lookahead_20%_%ref%_%ref_9%_%root%_%;508.4233;364.3011
no_asm%_%no_deblock%_%no_fast_pskip%_%no_mixed_refs%_%no_weightb%_%rc_lookahead%_%rc_lookahead_20%_%ref%_%ref_9%_%root%_%;629.39;443.6647
no_asm%_%no_cabac%_%no_deblock%_%no_mixed_refs%_%rc_lookahead%_%rc_lookahead_20%_%ref%_%ref_9%_%root%_%;506.36;363.6949
no_asm%_%no_cabac%_%no_deblock%_%no_mixed_refs%_%no_weightb%_%rc_lookahead%_%rc_lookahead_20%_%ref%_%ref_9%_%root%_%;506.2233;363.1162
no_asm%_%no_cabac%_%no_deblock%_%no_fast_pskip%_%no_mixed_refs%_%rc_lookahead%_%rc_lookahead_20%_%ref%_%ref_9%_%root%_%;625.7967;441.8167
no_asm%_%no_cabac%_%no_deblock%_%no_fast_pskip%_%no_mixed_refs%_%no_weightb%_%rc_lookahead%_%rc_lookahead_20%_%ref%_%ref_9%_%root%_%;625.71;440.4033
no_8x8dct%_%no_asm%_%no_deblock%_%rc_lookahead%_%rc_lookahead_20%_%ref%_%ref_9%_%root%_%;588.6733;380.5249
no_8x8dct%_%no_asm%_%no_mbtree%_%no_weightb%_%rc_lookahead%_%rc_lookahead_20%_%ref%_%ref_1%_%root%_%;287.06;433.4487
no_8x8dct%_%no_asm%_%no_deblock%_%no_fast_pskip%_%rc_lookahead%_%rc_lookahead_20%_%ref%_%ref_9%_%root%_%;713.6733;470.6564
no_8x8dct%_%no_asm%_%no_cabac%_%no_deblock%_%rc_lookahead%_%rc_lookahead_20%_%ref%_%ref_9%_%root%_%;581.4067;378.6353
no_8x8dct%_%no_asm%_%no_cabac%_%no_deblock%_%no_fast_pskip%_%rc_lookahead%_%rc_lookahead_20%_%ref%_%ref_9%_%root%_%;705.4533;468.2738
no_8x8dct%_%no_asm%_%no_deblock%_%no_mixed_refs%_%rc_lookahead%_%rc_lookahead_20%_%ref%_%ref_9%_%root%_%;495.7233;354.5773
no_8x8dct%_%no_asm%_%no_cabac%_%no_deblock%_%no_mixed_refs%_%rc_lookahead%_%rc_lookahead_20%_%ref%_%ref_9%_%root%_%;490.4733;354.1556
no_8x8dct%_%no_asm%_%no_deblock%_%no_fast_pskip%_%no_mixed_refs%_%rc_lookahead%_%rc_lookahead_20%_%ref%_%ref_9%_%root%_%;613.7633;431.7036
no_8x8dct%_%no_asm%_%no_cabac%_%no_deblock%_%no_fast_pskip%_%no_mixed_refs%_%rc_lookahead%_%rc_lookahead_20%_%ref%_%ref_9%_%root%_%;607.6267;430.9373
no_8x8dct%_%no_asm%_%no_deblock%_%no_weightb%_%rc_lookahead%_%rc_lookahead_20%_%ref%_%ref_9%_%root%_%;588.67;380.5249
no_8x8dct%_%no_asm%_%no_deblock%_%no_fast_pskip%_%no_weightb%_%rc_lookahead%_%rc_lookahead_20%_%ref%_%ref_9%_%root%_%;713.39;470.4787
no_8x8dct%_%no_asm%_%no_deblock%_%no_mixed_refs%_%no_weightb%_%rc_lookahead%_%rc_lookahead_20%_%ref%_%ref_9%_%root%_%;495.49;354.5556
no_8x8dct%_%no_asm%_%no_fast_pskip%_%no_mbtree%_%no_weightb%_%rc_lookahead%_%rc_lookahead_20%_%ref%_%ref_1%_%root%_%;291.62;494.1824
no_8x8dct%_%no_asm%_%no_deblock%_%no_fast_pskip%_%no_mixed_refs%_%no_weightb%_%rc_lookahead%_%rc_lookahead_20%_%ref%_%ref_9%_%root%_%;613.3967;430.4349
no_8x8dct%_%no_asm%_%no_cabac%_%no_deblock%_%no_weightb%_%rc_lookahead%_%rc_lookahead_20%_%ref%_%ref_9%_%root%_%;581.2433;378.6353
no_8x8dct%_%no_asm%_%no_cabac%_%no_deblock%_%no_mixed_refs%_%no_weightb%_%rc_lookahead%_%rc_lookahead_20%_%ref%_%ref_9%_%root%_%;490.0433;354.0729
no_8x8dct%_%no_asm%_%no_cabac%_%no_deblock%_%no_fast_pskip%_%no_weightb%_%rc_lookahead%_%rc_lookahead_20%_%ref%_%ref_9%_%root%_%;704.8067;468.1436
no_8x8dct%_%no_asm%_%no_cabac%_%no_deblock%_%no_fast_pskip%_%no_mixed_refs%_%no_weightb%_%rc_lookahead%_%rc_lookahead_20%_%ref%_%ref_9%_%root%_%;607.3767;429.648
no_asm%_%no_deblock%_%no_mbtree%_%rc_lookahead%_%rc_lookahead_20%_%ref%_%ref_9%_%root%_%;726.89;468.9927
no_asm%_%no_deblock%_%no_fast_pskip%_%no_mbtree%_%rc_lookahead%_%rc_lookahead_20%_%ref%_%ref_9%_%root%_%;821.52;532.3324
no_asm%_%no_cabac%_%no_deblock%_%no_mbtree%_%rc_lookahead%_%rc_lookahead_20%_%ref%_%ref_9%_%root%_%;716.0333;462.3171
no_asm%_%no_cabac%_%no_deblock%_%no_fast_pskip%_%no_mbtree%_%rc_lookahead%_%rc_lookahead_20%_%ref%_%ref_9%_%root%_%;809.9367;524.4813
no_asm%_%no_deblock%_%no_mbtree%_%no_weightb%_%rc_lookahead%_%rc_lookahead_20%_%ref%_%ref_9%_%root%_%;726.51;470.018
no_8x8dct%_%no_asm%_%no_deblock%_%no_mbtree%_%no_weightb%_%rc_lookahead%_%rc_lookahead_20%_%ref%_%ref_1%_%root%_%;286.3967;434.3989
no_asm%_%no_cabac%_%no_deblock%_%no_mbtree%_%no_weightb%_%rc_lookahead%_%rc_lookahead_20%_%ref%_%ref_9%_%root%_%;715.9233;463.9031
no_asm%_%no_deblock%_%no_fast_pskip%_%no_mbtree%_%no_weightb%_%rc_lookahead%_%rc_lookahead_20%_%ref%_%ref_9%_%root%_%;821.9633;532.7002
no_asm%_%no_cabac%_%no_deblock%_%no_fast_pskip%_%no_mbtree%_%no_weightb%_%rc_lookahead%_%rc_lookahead_20%_%ref%_%ref_9%_%root%_%;809.57;524.9253
no_8x8dct%_%no_asm%_%no_deblock%_%no_mbtree%_%rc_lookahead%_%rc_lookahead_20%_%ref%_%ref_9%_%root%_%;690.59;447.716
no_8x8dct%_%no_asm%_%no_deblock%_%no_fast_pskip%_%no_mbtree%_%rc_lookahead%_%rc_lookahead_20%_%ref%_%ref_9%_%root%_%;784.02;514.3202
no_8x8dct%_%no_asm%_%no_deblock%_%no_mbtree%_%no_weightb%_%rc_lookahead%_%rc_lookahead_20%_%ref%_%ref_9%_%root%_%;690.4633;448.9569
no_8x8dct%_%no_asm%_%no_deblock%_%no_fast_pskip%_%no_mbtree%_%no_weightb%_%rc_lookahead%_%rc_lookahead_20%_%ref%_%ref_9%_%root%_%;783.4933;514.7653
no_8x8dct%_%no_asm%_%no_cabac%_%no_deblock%_%no_mbtree%_%rc_lookahead%_%rc_lookahead_20%_%ref%_%ref_9%_%root%_%;683.75;443.6078
no_8x8dct%_%no_asm%_%no_cabac%_%no_deblock%_%no_mbtree%_%no_weightb%_%rc_lookahead%_%rc_lookahead_20%_%ref%_%ref_9%_%root%_%;683.42;445.4218
no_8x8dct%_%no_asm%_%no_cabac%_%no_deblock%_%no_fast_pskip%_%no_mbtree%_%rc_lookahead%_%rc_lookahead_20%_%ref%_%ref_9%_%root%_%;775.8533;512.2809
no_8x8dct%_%no_asm%_%no_deblock%_%no_fast_pskip%_%no_mbtree%_%no_weightb%_%rc_lookahead%_%rc_lookahead_20%_%ref%_%ref_1%_%root%_%;291.15;494.59
no_8x8dct%_%no_asm%_%no_cabac%_%no_deblock%_%no_fast_pskip%_%no_mbtree%_%no_weightb%_%rc_lookahead%_%rc_lookahead_20%_%ref%_%ref_9%_%root%_%;775.8033;512.7647
no_asm%_%no_deblock%_%no_mbtree%_%no_mixed_refs%_%rc_lookahead%_%rc_lookahead_20%_%ref%_%ref_9%_%root%_%;580.5433;421.9593
no_asm%_%no_deblock%_%no_fast_pskip%_%no_mbtree%_%no_mixed_refs%_%rc_lookahead%_%rc_lookahead_20%_%ref%_%ref_9%_%root%_%;671.73;482.4242
no_asm%_%no_cabac%_%no_deblock%_%no_mbtree%_%no_mixed_refs%_%rc_lookahead%_%rc_lookahead_20%_%ref%_%ref_9%_%root%_%;575.8633;417.7924
no_asm%_%no_cabac%_%no_deblock%_%no_fast_pskip%_%no_mbtree%_%no_mixed_refs%_%rc_lookahead%_%rc_lookahead_20%_%ref%_%ref_9%_%root%_%;665.2233;476.7389
no_8x8dct%_%no_asm%_%no_deblock%_%no_mbtree%_%no_mixed_refs%_%rc_lookahead%_%rc_lookahead_20%_%ref%_%ref_9%_%root%_%;561.79;421.9593
no_8x8dct%_%no_asm%_%no_cabac%_%no_deblock%_%no_mbtree%_%no_mixed_refs%_%rc_lookahead%_%rc_lookahead_20%_%ref%_%ref_9%_%root%_%;555.58;417.7924
no_8x8dct%_%no_asm%_%no_deblock%_%no_fast_pskip%_%no_mbtree%_%no_mixed_refs%_%rc_lookahead%_%rc_lookahead_20%_%ref%_%ref_9%_%root%_%;651.7033;482.4242
no_8x8dct%_%no_asm%_%no_cabac%_%no_deblock%_%no_fast_pskip%_%no_mbtree%_%no_mixed_refs%_%rc_lookahead%_%rc_lookahead_20%_%ref%_%ref_9%_%root%_%;644.1567;476.7389
no_asm%_%no_deblock%_%no_mbtree%_%no_mixed_refs%_%no_weightb%_%rc_lookahead%_%rc_lookahead_20%_%ref%_%ref_9%_%root%_%;580.3733;421.9318
no_8x8dct%_%no_asm%_%no_cabac%_%no_mbtree%_%rc_lookahead%_%rc_lookahead_20%_%ref%_%ref_1%_%root%_%;275.9233;428.4642
no_asm%_%no_deblock%_%no_fast_pskip%_%no_mbtree%_%no_mixed_refs%_%no_weightb%_%rc_lookahead%_%rc_lookahead_20%_%ref%_%ref_9%_%root%_%;671.4;482.2184
no_8x8dct%_%no_asm%_%no_deblock%_%no_mbtree%_%no_mixed_refs%_%no_weightb%_%rc_lookahead%_%rc_lookahead_20%_%ref%_%ref_9%_%root%_%;561.3733;421.9318
no_8x8dct%_%no_asm%_%no_deblock%_%no_fast_pskip%_%no_mbtree%_%no_mixed_refs%_%no_weightb%_%rc_lookahead%_%rc_lookahead_20%_%ref%_%ref_9%_%root%_%;651.2033;482.2184
no_asm%_%no_cabac%_%no_deblock%_%no_mbtree%_%no_mixed_refs%_%no_weightb%_%rc_lookahead%_%rc_lookahead_20%_%ref%_%ref_9%_%root%_%;575.4767;417.6058
no_8x8dct%_%no_asm%_%no_cabac%_%no_deblock%_%no_mbtree%_%no_mixed_refs%_%no_weightb%_%rc_lookahead%_%rc_lookahead_20%_%ref%_%ref_9%_%root%_%;555.2033;417.6058
no_asm%_%no_cabac%_%no_deblock%_%no_fast_pskip%_%no_mbtree%_%no_mixed_refs%_%no_weightb%_%rc_lookahead%_%rc_lookahead_20%_%ref%_%ref_9%_%root%_%;665.2833;476.6729
no_8x8dct%_%no_asm%_%no_cabac%_%no_deblock%_%no_fast_pskip%_%no_mbtree%_%no_mixed_refs%_%no_weightb%_%rc_lookahead%_%rc_lookahead_20%_%ref%_%ref_9%_%root%_%;643.96;476.6729
no_asm%_%rc_lookahead%_%rc_lookahead_60%_%ref%_%ref_9%_%root%_%;613.4467;395.3216
no_asm%_%no_fast_pskip%_%rc_lookahead%_%rc_lookahead_60%_%ref%_%ref_9%_%root%_%;742.4633;481.2387
no_asm%_%no_cabac%_%rc_lookahead%_%rc_lookahead_60%_%ref%_%ref_9%_%root%_%;604.8867;392.0989
no_asm%_%no_weightb%_%rc_lookahead%_%rc_lookahead_20%_%ref%_%ref_1%_%root%_%;268.5567;360.6062
no_8x8dct%_%no_asm%_%no_cabac%_%no_deblock%_%no_mbtree%_%rc_lookahead%_%rc_lookahead_20%_%ref%_%ref_1%_%root%_%;275.3867;429.0498
no_asm%_%no_cabac%_%no_fast_pskip%_%rc_lookahead%_%rc_lookahead_60%_%ref%_%ref_9%_%root%_%;731.76;474.9122
no_asm%_%no_weightb%_%rc_lookahead%_%rc_lookahead_60%_%ref%_%ref_9%_%root%_%;613.5167;394.894
no_asm%_%no_cabac%_%no_weightb%_%rc_lookahead%_%rc_lookahead_60%_%ref%_%ref_9%_%root%_%;604.4833;391.6236
no_asm%_%no_fast_pskip%_%no_weightb%_%rc_lookahead%_%rc_lookahead_60%_%ref%_%ref_9%_%root%_%;741.8867;481.0751
no_asm%_%no_cabac%_%no_fast_pskip%_%no_weightb%_%rc_lookahead%_%rc_lookahead_60%_%ref%_%ref_9%_%root%_%;731.41;474.7904
no_asm%_%no_mixed_refs%_%rc_lookahead%_%rc_lookahead_60%_%ref%_%ref_9%_%root%_%;511.5067;365.2162
no_asm%_%no_fast_pskip%_%no_mixed_refs%_%rc_lookahead%_%rc_lookahead_60%_%ref%_%ref_9%_%root%_%;632.9433;446.7233
no_asm%_%no_mixed_refs%_%no_weightb%_%rc_lookahead%_%rc_lookahead_60%_%ref%_%ref_9%_%root%_%;511.7333;364.8287
no_asm%_%no_fast_pskip%_%no_mixed_refs%_%no_weightb%_%rc_lookahead%_%rc_lookahead_60%_%ref%_%ref_9%_%root%_%;632.8267;445.3218
no_asm%_%no_cabac%_%no_mixed_refs%_%rc_lookahead%_%rc_lookahead_60%_%ref%_%ref_9%_%root%_%;509.8933;364.3051
no_8x8dct%_%no_asm%_%no_cabac%_%no_mbtree%_%no_weightb%_%rc_lookahead%_%rc_lookahead_20%_%ref%_%ref_1%_%root%_%;275.9267;430.1856
no_asm%_%no_cabac%_%no_mixed_refs%_%no_weightb%_%rc_lookahead%_%rc_lookahead_60%_%ref%_%ref_9%_%root%_%;509.4733;363.8389
no_asm%_%no_cabac%_%no_fast_pskip%_%no_mixed_refs%_%rc_lookahead%_%rc_lookahead_60%_%ref%_%ref_9%_%root%_%;629.3367;443.7731
no_asm%_%no_cabac%_%no_fast_pskip%_%no_mixed_refs%_%no_weightb%_%rc_lookahead%_%rc_lookahead_60%_%ref%_%ref_9%_%root%_%;629.3967;442.4109
no_asm%_%no_mbtree%_%rc_lookahead%_%rc_lookahead_60%_%ref%_%ref_9%_%root%_%;721.8733;467.8229
no_asm%_%no_fast_pskip%_%no_mbtree%_%rc_lookahead%_%rc_lookahead_60%_%ref%_%ref_9%_%root%_%;817.99;530.8151
no_asm%_%no_cabac%_%no_mbtree%_%rc_lookahead%_%rc_lookahead_60%_%ref%_%ref_9%_%root%_%;712.87;461.6569
no_asm%_%no_cabac%_%no_fast_pskip%_%no_mbtree%_%rc_lookahead%_%rc_lookahead_60%_%ref%_%ref_9%_%root%_%;807.4367;523.5158
no_asm%_%no_mbtree%_%no_mixed_refs%_%rc_lookahead%_%rc_lookahead_60%_%ref%_%ref_9%_%root%_%;580.74;422.2738
no_asm%_%no_cabac%_%no_mbtree%_%no_mixed_refs%_%rc_lookahead%_%rc_lookahead_60%_%ref%_%ref_9%_%root%_%;576.48;418.2382
no_asm%_%no_fast_pskip%_%no_mbtree%_%no_mixed_refs%_%rc_lookahead%_%rc_lookahead_60%_%ref%_%ref_9%_%root%_%;672.6;482.786
no_8x8dct%_%no_asm%_%no_cabac%_%no_deblock%_%no_mbtree%_%no_weightb%_%rc_lookahead%_%rc_lookahead_20%_%ref%_%ref_1%_%root%_%;275.4333;430.8638
no_asm%_%no_cabac%_%no_fast_pskip%_%no_mbtree%_%no_mixed_refs%_%rc_lookahead%_%rc_lookahead_60%_%ref%_%ref_9%_%root%_%;666.6867;477.1951
no_asm%_%no_mbtree%_%no_weightb%_%rc_lookahead%_%rc_lookahead_60%_%ref%_%ref_9%_%root%_%;721.8667;468.7524
no_asm%_%no_fast_pskip%_%no_mbtree%_%no_weightb%_%rc_lookahead%_%rc_lookahead_60%_%ref%_%ref_9%_%root%_%;817.3533;531.1689
no_asm%_%no_mbtree%_%no_mixed_refs%_%no_weightb%_%rc_lookahead%_%rc_lookahead_60%_%ref%_%ref_9%_%root%_%;580.6067;422.2549
no_asm%_%no_fast_pskip%_%no_mbtree%_%no_mixed_refs%_%no_weightb%_%rc_lookahead%_%rc_lookahead_60%_%ref%_%ref_9%_%root%_%;672.2067;482.4758
no_asm%_%no_cabac%_%no_mbtree%_%no_weightb%_%rc_lookahead%_%rc_lookahead_60%_%ref%_%ref_9%_%root%_%;712.7267;463.1518
no_asm%_%no_cabac%_%no_mbtree%_%no_mixed_refs%_%no_weightb%_%rc_lookahead%_%rc_lookahead_60%_%ref%_%ref_9%_%root%_%;576.2467;418.0516
no_asm%_%no_cabac%_%no_fast_pskip%_%no_mbtree%_%no_weightb%_%rc_lookahead%_%rc_lookahead_60%_%ref%_%ref_9%_%root%_%;806.9233;523.8171
no_asm%_%no_cabac%_%no_fast_pskip%_%no_mbtree%_%no_mixed_refs%_%no_weightb%_%rc_lookahead%_%rc_lookahead_60%_%ref%_%ref_9%_%root%_%;666.33;477.1542
no_asm%_%no_deblock%_%rc_lookahead%_%rc_lookahead_60%_%ref%_%ref_9%_%root%_%;617.42;396.218
no_8x8dct%_%no_asm%_%no_cabac%_%no_fast_pskip%_%no_mbtree%_%rc_lookahead%_%rc_lookahead_20%_%ref%_%ref_1%_%root%_%;279.79;492.3604
no_asm%_%no_deblock%_%no_fast_pskip%_%rc_lookahead%_%rc_lookahead_60%_%ref%_%ref_9%_%root%_%;745.5967;483.0407
no_asm%_%no_cabac%_%no_deblock%_%rc_lookahead%_%rc_lookahead_60%_%ref%_%ref_9%_%root%_%;607.9267;393.1324
no_asm%_%no_cabac%_%no_deblock%_%no_fast_pskip%_%rc_lookahead%_%rc_lookahead_60%_%ref%_%ref_9%_%root%_%;734.21;475.9289
no_asm%_%no_deblock%_%no_weightb%_%rc_lookahead%_%rc_lookahead_60%_%ref%_%ref_9%_%root%_%;616.96;395.7071
no_asm%_%no_cabac%_%no_deblock%_%no_weightb%_%rc_lookahead%_%rc_lookahead_60%_%ref%_%ref_9%_%root%_%;607.7;392.4958
no_asm%_%no_deblock%_%no_fast_pskip%_%no_weightb%_%rc_lookahead%_%rc_lookahead_60%_%ref%_%ref_9%_%root%_%;745.4433;482.6851
no_asm%_%no_cabac%_%no_deblock%_%no_fast_pskip%_%no_weightb%_%rc_lookahead%_%rc_lookahead_60%_%ref%_%ref_9%_%root%_%;733.7633;475.6262
no_asm%_%no_deblock%_%no_mbtree%_%rc_lookahead%_%rc_lookahead_60%_%ref%_%ref_9%_%root%_%;726.9167;468.9927
no_asm%_%no_deblock%_%no_fast_pskip%_%no_mbtree%_%rc_lookahead%_%rc_lookahead_60%_%ref%_%ref_9%_%root%_%;821.76;532.3324
no_asm%_%no_deblock%_%no_mbtree%_%no_weightb%_%rc_lookahead%_%rc_lookahead_60%_%ref%_%ref_9%_%root%_%;726.6;470.018
no_8x8dct%_%no_asm%_%no_cabac%_%no_fast_pskip%_%no_mbtree%_%no_weightb%_%rc_lookahead%_%rc_lookahead_20%_%ref%_%ref_1%_%root%_%;279.7767;492.3604
no_asm%_%no_deblock%_%no_fast_pskip%_%no_mbtree%_%no_weightb%_%rc_lookahead%_%rc_lookahead_60%_%ref%_%ref_9%_%root%_%;821.51;532.7002
no_asm%_%no_cabac%_%no_deblock%_%no_mbtree%_%rc_lookahead%_%rc_lookahead_60%_%ref%_%ref_9%_%root%_%;715.8267;462.3171
no_asm%_%no_cabac%_%no_deblock%_%no_mbtree%_%no_weightb%_%rc_lookahead%_%rc_lookahead_60%_%ref%_%ref_9%_%root%_%;715.7467;463.9031
no_asm%_%no_cabac%_%no_deblock%_%no_fast_pskip%_%no_mbtree%_%rc_lookahead%_%rc_lookahead_60%_%ref%_%ref_9%_%root%_%;809.8067;524.4813
no_asm%_%no_cabac%_%no_deblock%_%no_fast_pskip%_%no_mbtree%_%no_weightb%_%rc_lookahead%_%rc_lookahead_60%_%ref%_%ref_9%_%root%_%;809.53;524.9253
no_asm%_%no_deblock%_%no_mixed_refs%_%rc_lookahead%_%rc_lookahead_60%_%ref%_%ref_9%_%root%_%;510.8367;364.7753
no_asm%_%no_deblock%_%no_fast_pskip%_%no_mixed_refs%_%rc_lookahead%_%rc_lookahead_60%_%ref%_%ref_9%_%root%_%;631.7367;445.0098
no_asm%_%no_cabac%_%no_deblock%_%no_mixed_refs%_%rc_lookahead%_%rc_lookahead_60%_%ref%_%ref_9%_%root%_%;508.7667;363.6949
no_asm%_%no_cabac%_%no_deblock%_%no_fast_pskip%_%no_mixed_refs%_%rc_lookahead%_%rc_lookahead_60%_%ref%_%ref_9%_%root%_%;628.15;441.8167
no_asm%_%no_deblock%_%no_mbtree%_%no_mixed_refs%_%rc_lookahead%_%rc_lookahead_60%_%ref%_%ref_9%_%root%_%;580.4767;421.9593
no_8x8dct%_%no_asm%_%no_cabac%_%no_deblock%_%no_fast_pskip%_%no_mbtree%_%rc_lookahead%_%rc_lookahead_20%_%ref%_%ref_1%_%root%_%;279.15;492.5893
no_asm%_%no_cabac%_%no_deblock%_%no_mbtree%_%no_mixed_refs%_%rc_lookahead%_%rc_lookahead_60%_%ref%_%ref_9%_%root%_%;575.6633;417.7924
no_asm%_%no_deblock%_%no_fast_pskip%_%no_mbtree%_%no_mixed_refs%_%rc_lookahead%_%rc_lookahead_60%_%ref%_%ref_9%_%root%_%;671.7467;482.4242
no_asm%_%no_cabac%_%no_deblock%_%no_fast_pskip%_%no_mbtree%_%no_mixed_refs%_%rc_lookahead%_%rc_lookahead_60%_%ref%_%ref_9%_%root%_%;665.2;476.7389
no_asm%_%no_deblock%_%no_mixed_refs%_%no_weightb%_%rc_lookahead%_%rc_lookahead_60%_%ref%_%ref_9%_%root%_%;510.89;364.3011
no_asm%_%no_deblock%_%no_fast_pskip%_%no_mixed_refs%_%no_weightb%_%rc_lookahead%_%rc_lookahead_60%_%ref%_%ref_9%_%root%_%;631.5833;443.6647
no_asm%_%no_deblock%_%no_mbtree%_%no_mixed_refs%_%no_weightb%_%rc_lookahead%_%rc_lookahead_60%_%ref%_%ref_9%_%root%_%;580.41;421.9318
no_asm%_%no_deblock%_%no_fast_pskip%_%no_mbtree%_%no_mixed_refs%_%no_weightb%_%rc_lookahead%_%rc_lookahead_60%_%ref%_%ref_9%_%root%_%;671.55;482.2184
no_asm%_%no_cabac%_%no_deblock%_%no_mixed_refs%_%no_weightb%_%rc_lookahead%_%rc_lookahead_60%_%ref%_%ref_9%_%root%_%;508.6067;363.1162
no_asm%_%no_cabac%_%no_deblock%_%no_mbtree%_%no_mixed_refs%_%no_weightb%_%rc_lookahead%_%rc_lookahead_60%_%ref%_%ref_9%_%root%_%;575.5533;417.6058
no_asm%_%no_cabac%_%no_deblock%_%no_fast_pskip%_%no_mixed_refs%_%no_weightb%_%rc_lookahead%_%rc_lookahead_60%_%ref%_%ref_9%_%root%_%;627.8133;440.4033
no_8x8dct%_%no_asm%_%no_cabac%_%no_deblock%_%no_fast_pskip%_%no_mbtree%_%no_weightb%_%rc_lookahead%_%rc_lookahead_20%_%ref%_%ref_1%_%root%_%;279.15;492.5893
no_asm%_%no_cabac%_%no_deblock%_%no_fast_pskip%_%no_mbtree%_%no_mixed_refs%_%no_weightb%_%rc_lookahead%_%rc_lookahead_60%_%ref%_%ref_9%_%root%_%;665.1667;476.6729
no_8x8dct%_%no_asm%_%rc_lookahead%_%rc_lookahead_60%_%ref%_%ref_9%_%root%_%;588.54;380.438
no_8x8dct%_%no_asm%_%no_fast_pskip%_%rc_lookahead%_%rc_lookahead_60%_%ref%_%ref_9%_%root%_%;713.5767;469.8024
no_8x8dct%_%no_asm%_%no_cabac%_%rc_lookahead%_%rc_lookahead_60%_%ref%_%ref_9%_%root%_%;581.8133;378.3747
no_8x8dct%_%no_asm%_%no_cabac%_%no_fast_pskip%_%rc_lookahead%_%rc_lookahead_60%_%ref%_%ref_9%_%root%_%;706.2467;467.6989
no_8x8dct%_%no_asm%_%no_weightb%_%rc_lookahead%_%rc_lookahead_60%_%ref%_%ref_9%_%root%_%;588.2;380.438
no_8x8dct%_%no_asm%_%no_cabac%_%no_weightb%_%rc_lookahead%_%rc_lookahead_60%_%ref%_%ref_9%_%root%_%;581.7167;378.3747
no_8x8dct%_%no_asm%_%no_fast_pskip%_%no_weightb%_%rc_lookahead%_%rc_lookahead_60%_%ref%_%ref_9%_%root%_%;712.9533;469.8024
no_8x8dct%_%no_asm%_%no_cabac%_%no_fast_pskip%_%no_weightb%_%rc_lookahead%_%rc_lookahead_60%_%ref%_%ref_9%_%root%_%;706.0633;467.6842
no_8x8dct%_%no_asm%_%no_mixed_refs%_%rc_lookahead%_%rc_lookahead_60%_%ref%_%ref_9%_%root%_%;499.27;354.6596
no_8x8dct%_%no_asm%_%no_mixed_refs%_%rc_lookahead%_%rc_lookahead_20%_%ref%_%ref_1%_%root%_%;254.82;342.1387
no_8x8dct%_%no_asm%_%no_fast_pskip%_%no_mixed_refs%_%rc_lookahead%_%rc_lookahead_60%_%ref%_%ref_9%_%root%_%;617.2067;433.4171
no_8x8dct%_%no_asm%_%no_mixed_refs%_%no_weightb%_%rc_lookahead%_%rc_lookahead_60%_%ref%_%ref_9%_%root%_%;498.8267;354.6596
no_8x8dct%_%no_asm%_%no_fast_pskip%_%no_mixed_refs%_%no_weightb%_%rc_lookahead%_%rc_lookahead_60%_%ref%_%ref_9%_%root%_%;616.97;432.092
no_8x8dct%_%no_asm%_%no_cabac%_%no_mixed_refs%_%rc_lookahead%_%rc_lookahead_60%_%ref%_%ref_9%_%root%_%;493.96;354.2898
no_8x8dct%_%no_asm%_%no_cabac%_%no_mixed_refs%_%no_weightb%_%rc_lookahead%_%rc_lookahead_60%_%ref%_%ref_9%_%root%_%;493.5433;354.2289
no_8x8dct%_%no_asm%_%no_cabac%_%no_fast_pskip%_%no_mixed_refs%_%rc_lookahead%_%rc_lookahead_60%_%ref%_%ref_9%_%root%_%;611.6;432.4656
no_8x8dct%_%no_asm%_%no_cabac%_%no_fast_pskip%_%no_mixed_refs%_%no_weightb%_%rc_lookahead%_%rc_lookahead_60%_%ref%_%ref_9%_%root%_%;611.4333;431.1604
no_8x8dct%_%no_asm%_%no_deblock%_%rc_lookahead%_%rc_lookahead_60%_%ref%_%ref_9%_%root%_%;590.55;380.5249
no_8x8dct%_%no_asm%_%no_deblock%_%no_fast_pskip%_%rc_lookahead%_%rc_lookahead_60%_%ref%_%ref_9%_%root%_%;715.7367;470.6564
no_8x8dct%_%no_asm%_%no_cabac%_%no_deblock%_%rc_lookahead%_%rc_lookahead_60%_%ref%_%ref_9%_%root%_%;584.9767;378.6353
no_8x8dct%_%no_asm%_%no_deblock%_%no_mixed_refs%_%rc_lookahead%_%rc_lookahead_20%_%ref%_%ref_1%_%root%_%;254.11;342.0564
no_8x8dct%_%no_asm%_%no_cabac%_%no_deblock%_%no_fast_pskip%_%rc_lookahead%_%rc_lookahead_60%_%ref%_%ref_9%_%root%_%;707.5967;468.2738
no_8x8dct%_%no_asm%_%no_deblock%_%no_mixed_refs%_%rc_lookahead%_%rc_lookahead_60%_%ref%_%ref_9%_%root%_%;497.8033;354.5773
no_8x8dct%_%no_asm%_%no_cabac%_%no_deblock%_%no_mixed_refs%_%rc_lookahead%_%rc_lookahead_60%_%ref%_%ref_9%_%root%_%;493.0067;354.1556
no_8x8dct%_%no_asm%_%no_deblock%_%no_fast_pskip%_%no_mixed_refs%_%rc_lookahead%_%rc_lookahead_60%_%ref%_%ref_9%_%root%_%;615.9;431.7036
no_8x8dct%_%no_asm%_%no_cabac%_%no_deblock%_%no_fast_pskip%_%no_mixed_refs%_%rc_lookahead%_%rc_lookahead_60%_%ref%_%ref_9%_%root%_%;609.8867;430.9373
no_8x8dct%_%no_asm%_%no_deblock%_%no_weightb%_%rc_lookahead%_%rc_lookahead_60%_%ref%_%ref_9%_%root%_%;590.8367;380.5249
no_8x8dct%_%no_asm%_%no_deblock%_%no_fast_pskip%_%no_weightb%_%rc_lookahead%_%rc_lookahead_60%_%ref%_%ref_9%_%root%_%;715.5833;470.4787
no_8x8dct%_%no_asm%_%no_deblock%_%no_mixed_refs%_%no_weightb%_%rc_lookahead%_%rc_lookahead_60%_%ref%_%ref_9%_%root%_%;497.37;354.5556
no_8x8dct%_%no_asm%_%no_deblock%_%no_fast_pskip%_%no_mixed_refs%_%no_weightb%_%rc_lookahead%_%rc_lookahead_60%_%ref%_%ref_9%_%root%_%;616.1333;430.4349
no_8x8dct%_%no_asm%_%no_cabac%_%no_deblock%_%no_weightb%_%rc_lookahead%_%rc_lookahead_60%_%ref%_%ref_9%_%root%_%;583.8467;378.6353
no_8x8dct%_%no_asm%_%no_fast_pskip%_%no_mixed_refs%_%rc_lookahead%_%rc_lookahead_20%_%ref%_%ref_1%_%root%_%;261.2033;433.4171
no_8x8dct%_%no_asm%_%no_cabac%_%no_deblock%_%no_mixed_refs%_%no_weightb%_%rc_lookahead%_%rc_lookahead_60%_%ref%_%ref_9%_%root%_%;492.4267;354.0729
no_8x8dct%_%no_asm%_%no_cabac%_%no_deblock%_%no_fast_pskip%_%no_weightb%_%rc_lookahead%_%rc_lookahead_60%_%ref%_%ref_9%_%root%_%;707.4933;468.1436
no_8x8dct%_%no_asm%_%no_cabac%_%no_deblock%_%no_fast_pskip%_%no_mixed_refs%_%no_weightb%_%rc_lookahead%_%rc_lookahead_60%_%ref%_%ref_9%_%root%_%;609.6967;429.648
no_8x8dct%_%no_asm%_%no_mbtree%_%rc_lookahead%_%rc_lookahead_60%_%ref%_%ref_9%_%root%_%;687.4733;446.6542
no_8x8dct%_%no_asm%_%no_fast_pskip%_%no_mbtree%_%rc_lookahead%_%rc_lookahead_60%_%ref%_%ref_9%_%root%_%;781.1633;513.9029
no_8x8dct%_%no_asm%_%no_cabac%_%no_mbtree%_%rc_lookahead%_%rc_lookahead_60%_%ref%_%ref_9%_%root%_%;680.5633;442.9269
no_8x8dct%_%no_asm%_%no_cabac%_%no_fast_pskip%_%no_mbtree%_%rc_lookahead%_%rc_lookahead_60%_%ref%_%ref_9%_%root%_%;773.4367;512.052
no_8x8dct%_%no_asm%_%no_mbtree%_%no_weightb%_%rc_lookahead%_%rc_lookahead_60%_%ref%_%ref_9%_%root%_%;687.0333;447.9113
no_8x8dct%_%no_asm%_%no_cabac%_%no_mbtree%_%no_weightb%_%rc_lookahead%_%rc_lookahead_60%_%ref%_%ref_9%_%root%_%;680.7267;444.6482
no_8x8dct%_%no_asm%_%no_fast_pskip%_%no_mbtree%_%no_weightb%_%rc_lookahead%_%rc_lookahead_60%_%ref%_%ref_9%_%root%_%;780.79;514.3578
