Current machine learning settings: epsilon:0 lossFunction:RELATIVE parallelization:True bagging:False baggingNumbers:3 considerEpsilonTube:False baggingTestDataFraction:50 useBackward:False abortError:1 limitFeatureSize:False featureSizeTreshold:4 quadraticFunctionSupport:True crossValidation:False crossValidation-k:5 learn-logFunction:False learn-accumulatedLogFunction:False learn-asymFunction:False learn-ratioFunction:False learn-mirrowedFunction:False learn-numeric-disabled:True numberOfRounds:70 backwardErrorDelta:1 minImprovementPerRound:0.1 withHierarchy:False bruteForceCandidates:False ignoreBadFeatures:False stopOnLongRound:True candidateSizePenalty:True learnTimeLimit:00:00:00 scoreMeasure:RELERROR outputRoundsToStdout:False debug:False pythonInfluenceAnalysis:False blacklisted: 
command: solver z3
command: vm /scratch/kallistos/Distance-Based_Data/SupplementaryWebsite/MeasuredPerformanceValues/x264/FeatureModel.xml
Warning: Variability model contains outdated notation. Children nodes will no longer have effect on the model. Instead use the parent node to describe the parent of an configuration option. You can also use the converter providedby the Variability Model GUI in export>convert legacy model.
command: all /scratch/kallistos/Distance-Based_Data/SupplementaryWebsite/MeasuredPerformanceValues/x264/measurements.xml
Configs with too large deviation: 0
1152 configurations loaded.
command: nfp Performance
command: setsampleset /scratch/kallistos/Distance-Based_Data/Results/x264/x264_9/sampledConfigurations_random_t1.csv
command: learn-splconqueror-opt abortError=[1] minImprovementPerRound=[0.1,0.2,0.5] lossFunction=[RELATIVE] quadraticFunctionSupport=[True,False] learn_logFunction=[True,False] learn_asymFunction=[True,False] learn_ratioFunction=[True,False] withHierarchy=[False] useBackward=[False]
Learning: NumberOfConfigurationsLearning:12 NumberOfConfigurationsValidation:12
Learning progress:
1;561.275333333333 * no_asm + -284.037833333333 * ref_1;13.9201478820381;13.9201478820381;13.9201478820381;13.9201478820381;0.045667;2;-284.037833333333 * ref_1;1;38.7147176924704;
2;457.03 * no_asm + -179.7925 * ref_1 + 173.742222222222 * ref_9;5.77330803354616;5.77330803354616;5.77330803354616;5.77330803354616;0.054728;3;173.742222222222 * ref_9;1;8.14683984849195;
3;444.111666666667 * no_asm + -179.7925 * ref_1 + 160.823888888889 * ref_9 + 25.836666666667 * no_weightb;2.27982708262792;2.27982708262792;2.27982708262792;2.27982708262792;0.064085;4;25.836666666667 * no_weightb;1;3.49348095091823;
4;446.021703703703 * no_asm + -182.657555555556 * ref_1 + 158.913851851851 * ref_9 + 33.4768148148155 * no_weightb + -11.4602222222224 * no_weightb * rc_lookahead_20;2.07897810633773;2.07897810633773;2.07897810633773;2.07897810633773;0.078112;6;-11.4602222222224 * no_weightb * rc_lookahead_20;2;0.100424488145095;
5;427.243333333333 * no_asm + -154.49 * ref_1 + 197.811904761904 * ref_9 + 18.7223809523814 * no_weightb + -19.5080952380952 * no_weightb * rc_lookahead_20 + 60.3590476190474 * no_weightb * ref_5;1.27926620787854;1.27926620787854;1.27926620787854;1.27926620787854;0.099486;8;60.3590476190474 * no_weightb * ref_5;2;0.399855949229595;
6;427.243333333334 * no_asm + -157.66 * ref_1 + 194.641904761905 * ref_9 + 21.8923809523809 * no_weightb + -19.5080952380954 * no_weightb * rc_lookahead_20 + 57.1890476190475 * no_weightb * ref_5 + 6.33999999999956 * ref_1 * no_8x8dct;0.883021160941743;0.883021160941743;0.883021160941743;0.883021160941743;0.128859;10;6.33999999999956 * ref_1 * no_8x8dct;2;0.198122523468401;
Elapsed=00:00:00.1315036
Learning progress:
1;559.140833333333 * no_asm + -278.8175 * ref_1;9.52616666470452;9.52616666470452;9.52616666470452;9.52616666470452;0.001863;2;-278.8175 * ref_1;1;44.2913779782916;
2;559.140833333333 * no_asm + -274.675 * ref_1 + -20.7125000000004 * rc_lookahead_60;8.91905692745576;8.91905692745576;8.91905692745576;8.91905692745576;0.006737;3;-20.7125000000004 * rc_lookahead_60;1;0.607109737248757;
3;559.140833333333 * no_asm + -274.675 * ref_1 + -10.3562500000001 * rc_lookahead_60 + -10.3562500000001 * rc_lookahead_60 * no_weightb;8.75785136331357;8.75785136331357;8.75785136331357;8.75785136331357;0.016342;5;-10.3562500000001 * rc_lookahead_60 * no_weightb;2;0.0806027820710957;
Elapsed=00:00:00.0164806
Learning progress:
1;512.280666666667 * no_asm + -233.225333333333 * ref_1;12.4230465989307;12.4230465989307;12.4230465989307;12.4230465989307;0.001757;2;-233.225333333333 * ref_1;1;56.8935021023886;
2;610.408333333333 * no_asm + -331.353 * ref_1 + -163.54611111111 * ref_5;5.11644446440599;5.11644446440599;5.11644446440599;5.11644446440599;0.006672;3;-163.54611111111 * ref_5;1;7.30660213452471;
3;610.408333333334 * no_asm + -332.834393939394 * ref_1 + -168.48409090909 * ref_5 + 7.40696969696942 * no_deblock;4.29647725262534;4.29647725262534;4.29647725262534;4.29647725262534;0.016022;4;7.40696969696942 * no_deblock;1;0.819967211780648;
4;610.408333333333 * no_asm + -329.950897435897 * ref_1 + -180.018076923076 * ref_5 + -7.01051282051341 * no_deblock + 63.4369230769238 * no_deblock * no_weightb;1.16899937736558;1.16899937736558;1.16899937736558;1.16899937736558;0.029684;6;63.4369230769238 * no_deblock * no_weightb;2;1.56373893762988;
5;610.408333333333 * no_asm + -334.487666666667 * ref_1 + -181.530333333333 * ref_5 + -3.98600000000047 * no_deblock + 61.9246666666672 * no_deblock * no_weightb + 19.6593333333332 * ref_1 * rc_lookahead_40;0.235256122517208;0.235256122517208;0.235256122517208;0.235256122517208;0.050219;8;19.6593333333332 * ref_1 * rc_lookahead_40;2;0.466871627424185;
Elapsed=00:00:00.0503732
Learning progress:
1;339.012083333333 * no_asm + 251.499583333333 * ref_9;15.0507449991341;15.0507449991341;15.0507449991341;15.0507449991341;0.001636;2;251.499583333333 * ref_9;1;31.7549664344506;
2;273.896666666666 * no_asm + 316.615 * ref_9 + 130.230833333333 * no_8x8dct;4.9675599928474;4.9675599928474;4.9675599928474;4.9675599928474;0.006558;3;130.230833333333 * no_8x8dct;1;10.0831850062867;
3;246.974047619047 * no_asm + 289.692380952381 * ref_9 + 143.692142857143 * no_8x8dct + 53.8452380952382 * no_weightb;1.79888914658729;1.79888914658729;1.79888914658729;1.79888914658729;0.016139;4;53.8452380952382 * no_weightb;1;3.16867084626011;
4;243.316333333333 * no_asm + 286.034666666667 * ref_9 + 132.719 * no_8x8dct + 61.1606666666668 * no_weightb + 51.2079999999995 * no_8x8dct * rc_lookahead_40;1.63778733716572;1.63778733716572;1.63778733716572;1.63778733716572;0.029376;6;51.2079999999995 * no_8x8dct * rc_lookahead_40;2;0.0805509047107876;
Elapsed=00:00:00.0295217
Learning progress:
1;438.169259259259 * no_asm + -168.585925925926 * rc_lookahead_60;2.38385306634511;2.38385306634511;2.38385306634511;2.38385306634511;0.00143;2;-168.585925925926 * rc_lookahead_60;1;55.3517931148012;
2;443.430833333333 * no_asm + -164.376666666667 * rc_lookahead_60 + -9.47083333333327 * no_mixed_refs;1.89124628575246;1.89124628575246;1.89124628575246;1.89124628575246;0.006438;3;-9.47083333333327 * no_mixed_refs;1;0.492606780592653;
3;443.430833333333 * no_asm + -166.235 * rc_lookahead_60 + -7.6125000000001 * no_mixed_refs + -9.29166666666613 * no_mixed_refs * ref_5;1.18907032045554;1.18907032045554;1.18907032045554;1.18907032045554;0.016521;5;-9.29166666666613 * no_mixed_refs * ref_5;2;0.351087982648459;
4;690.823333333333 * no_asm + -1.30666666666707 * rc_lookahead_60 + -90.0766666666669 * no_mixed_refs + 155.636666666667 * no_mixed_refs * ref_5 + -329.856666666666 * no_cabac;1.18907032045548;1.18907032045548;1.18907032045548;1.18907032045548;0.031468;6;-329.856666666666 * no_cabac;1;6.21724893790088E-14;
Elapsed=00:00:00.0316478
Learning progress:
1;561.275333333333 * no_asm + -284.037833333333 * ref_1;13.9201478820381;13.9201478820381;13.9201478820381;13.9201478820381;0.002633;2;-284.037833333333 * ref_1;1;38.7147176924704;
2;457.03 * no_asm + -179.7925 * ref_1 + 173.742222222222 * ref_9;5.77330803354616;5.77330803354616;5.77330803354616;5.77330803354616;0.007418;3;173.742222222222 * ref_9;1;8.14683984849195;
3;444.111666666667 * no_asm + -179.7925 * ref_1 + 160.823888888889 * ref_9 + 25.836666666667 * no_weightb;2.27982708262792;2.27982708262792;2.27982708262792;2.27982708262792;0.016273;4;25.836666666667 * no_weightb;1;3.49348095091823;
4;446.021703703703 * no_asm + -182.657555555556 * ref_1 + 158.913851851851 * ref_9 + 33.4768148148155 * no_weightb + -11.4602222222224 * no_weightb * rc_lookahead_20;2.07897810633773;2.07897810633773;2.07897810633773;2.07897810633773;0.03019;6;-11.4602222222224 * no_weightb * rc_lookahead_20;2;0.100424488145095;
Elapsed=00:00:00.0303395
Learning progress:
1;559.140833333333 * no_asm + -278.8175 * ref_1;9.52616666470452;9.52616666470452;9.52616666470452;9.52616666470452;0.001654;2;-278.8175 * ref_1;1;44.2913779782916;
2;559.140833333333 * no_asm + -274.675 * ref_1 + -20.7125000000004 * rc_lookahead_60;8.91905692745576;8.91905692745576;8.91905692745576;8.91905692745576;0.007268;3;-20.7125000000004 * rc_lookahead_60;1;0.607109737248757;
3;559.140833333333 * no_asm + -274.675 * ref_1 + -10.3562500000001 * rc_lookahead_60 + -10.3562500000001 * rc_lookahead_60 * no_weightb;8.75785136331357;8.75785136331357;8.75785136331357;8.75785136331357;0.01612;5;-10.3562500000001 * rc_lookahead_60 * no_weightb;2;0.0806027820710957;
Elapsed=00:00:00.0162526
Learning progress:
1;512.280666666667 * no_asm + -233.225333333333 * ref_1;12.4230465989307;12.4230465989307;12.4230465989307;12.4230465989307;0.001551;2;-233.225333333333 * ref_1;1;56.8935021023886;
2;610.408333333333 * no_asm + -331.353 * ref_1 + -163.54611111111 * ref_5;5.11644446440599;5.11644446440599;5.11644446440599;5.11644446440599;0.007425;3;-163.54611111111 * ref_5;1;7.30660213452471;
3;610.408333333334 * no_asm + -332.834393939394 * ref_1 + -168.48409090909 * ref_5 + 7.40696969696942 * no_deblock;4.29647725262534;4.29647725262534;4.29647725262534;4.29647725262534;0.016107;4;7.40696969696942 * no_deblock;1;0.819967211780648;
4;610.408333333333 * no_asm + -329.950897435897 * ref_1 + -180.018076923076 * ref_5 + -7.01051282051341 * no_deblock + 63.4369230769238 * no_deblock * no_weightb;1.16899937736558;1.16899937736558;1.16899937736558;1.16899937736558;0.029983;6;63.4369230769238 * no_deblock * no_weightb;2;1.56373893762988;
5;610.408333333333 * no_asm + -334.487666666667 * ref_1 + -181.530333333333 * ref_5 + -3.98600000000047 * no_deblock + 61.9246666666672 * no_deblock * no_weightb + 19.6593333333332 * ref_1 * rc_lookahead_40;0.235256122517208;0.235256122517208;0.235256122517208;0.235256122517208;0.050861;8;19.6593333333332 * ref_1 * rc_lookahead_40;2;0.466871627424185;
Elapsed=00:00:00.0510125
Learning progress:
1;339.012083333333 * no_asm + 251.499583333333 * ref_9;15.0507449991341;15.0507449991341;15.0507449991341;15.0507449991341;0.00188;2;251.499583333333 * ref_9;1;31.7549664344506;
2;273.896666666666 * no_asm + 316.615 * ref_9 + 130.230833333333 * no_8x8dct;4.9675599928474;4.9675599928474;4.9675599928474;4.9675599928474;0.00759;3;130.230833333333 * no_8x8dct;1;10.0831850062867;
3;246.974047619047 * no_asm + 289.692380952381 * ref_9 + 143.692142857143 * no_8x8dct + 53.8452380952382 * no_weightb;1.79888914658729;1.79888914658729;1.79888914658729;1.79888914658729;0.016429;4;53.8452380952382 * no_weightb;1;3.16867084626011;
4;243.316333333333 * no_asm + 286.034666666667 * ref_9 + 132.719 * no_8x8dct + 61.1606666666668 * no_weightb + 51.2079999999995 * no_8x8dct * rc_lookahead_40;1.63778733716572;1.63778733716572;1.63778733716572;1.63778733716572;0.030952;6;51.2079999999995 * no_8x8dct * rc_lookahead_40;2;0.0805509047107876;
Elapsed=00:00:00.0310914
Learning progress:
1;438.169259259259 * no_asm + -168.585925925926 * rc_lookahead_60;2.38385306634511;2.38385306634511;2.38385306634511;2.38385306634511;0.001762;2;-168.585925925926 * rc_lookahead_60;1;55.3517931148012;
2;443.430833333333 * no_asm + -164.376666666667 * rc_lookahead_60 + -9.47083333333327 * no_mixed_refs;1.89124628575246;1.89124628575246;1.89124628575246;1.89124628575246;0.007892;3;-9.47083333333327 * no_mixed_refs;1;0.492606780592653;
3;443.430833333333 * no_asm + -166.235 * rc_lookahead_60 + -7.6125000000001 * no_mixed_refs + -9.29166666666613 * no_mixed_refs * ref_5;1.18907032045554;1.18907032045554;1.18907032045554;1.18907032045554;0.017172;5;-9.29166666666613 * no_mixed_refs * ref_5;2;0.351087982648459;
4;690.823333333333 * no_asm + -1.30666666666707 * rc_lookahead_60 + -90.0766666666669 * no_mixed_refs + 155.636666666667 * no_mixed_refs * ref_5 + -329.856666666666 * no_cabac;1.18907032045548;1.18907032045548;1.18907032045548;1.18907032045548;0.033125;6;-329.856666666666 * no_cabac;1;6.21724893790088E-14;
Elapsed=00:00:00.0332948
Learning progress:
1;561.275333333333 * no_asm + -284.037833333333 * ref_1;13.9201478820381;13.9201478820381;13.9201478820381;13.9201478820381;0.001679;2;-284.037833333333 * ref_1;1;38.7147176924704;
2;457.03 * no_asm + -179.7925 * ref_1 + 173.742222222222 * ref_9;5.77330803354616;5.77330803354616;5.77330803354616;5.77330803354616;0.006578;3;173.742222222222 * ref_9;1;8.14683984849195;
3;444.111666666667 * no_asm + -179.7925 * ref_1 + 160.823888888889 * ref_9 + 25.836666666667 * no_weightb;2.27982708262792;2.27982708262792;2.27982708262792;2.27982708262792;0.016233;4;25.836666666667 * no_weightb;1;3.49348095091823;
4;446.021703703703 * no_asm + -182.657555555556 * ref_1 + 158.913851851851 * ref_9 + 33.4768148148155 * no_weightb + -11.4602222222224 * no_weightb * rc_lookahead_20;2.07897810633773;2.07897810633773;2.07897810633773;2.07897810633773;0.030357;6;-11.4602222222224 * no_weightb * rc_lookahead_20;2;0.100424488145095;
Elapsed=00:00:00.0304974
Learning progress:
1;559.140833333333 * no_asm + -278.8175 * ref_1;9.52616666470452;9.52616666470452;9.52616666470452;9.52616666470452;0.001616;2;-278.8175 * ref_1;1;44.2913779782916;
2;559.140833333333 * no_asm + -274.675 * ref_1 + -20.7125000000004 * rc_lookahead_60;8.91905692745576;8.91905692745576;8.91905692745576;8.91905692745576;0.006548;3;-20.7125000000004 * rc_lookahead_60;1;0.607109737248757;
3;559.140833333333 * no_asm + -274.675 * ref_1 + -10.3562500000001 * rc_lookahead_60 + -10.3562500000001 * rc_lookahead_60 * no_weightb;8.75785136331357;8.75785136331357;8.75785136331357;8.75785136331357;0.016528;5;-10.3562500000001 * rc_lookahead_60 * no_weightb;2;0.0806027820710957;
Elapsed=00:00:00.0166554
Learning progress:
1;512.280666666667 * no_asm + -233.225333333333 * ref_1;12.4230465989307;12.4230465989307;12.4230465989307;12.4230465989307;0.001668;2;-233.225333333333 * ref_1;1;56.8935021023886;
2;610.408333333333 * no_asm + -331.353 * ref_1 + -163.54611111111 * ref_5;5.11644446440599;5.11644446440599;5.11644446440599;5.11644446440599;0.006634;3;-163.54611111111 * ref_5;1;7.30660213452471;
3;610.408333333334 * no_asm + -332.834393939394 * ref_1 + -168.48409090909 * ref_5 + 7.40696969696942 * no_deblock;4.29647725262534;4.29647725262534;4.29647725262534;4.29647725262534;0.016203;4;7.40696969696942 * no_deblock;1;0.819967211780648;
4;610.408333333333 * no_asm + -329.950897435897 * ref_1 + -180.018076923076 * ref_5 + -7.01051282051341 * no_deblock + 63.4369230769238 * no_deblock * no_weightb;1.16899937736558;1.16899937736558;1.16899937736558;1.16899937736558;0.030086;6;63.4369230769238 * no_deblock * no_weightb;2;1.56373893762988;
5;610.408333333333 * no_asm + -334.487666666667 * ref_1 + -181.530333333333 * ref_5 + -3.98600000000047 * no_deblock + 61.9246666666672 * no_deblock * no_weightb + 19.6593333333332 * ref_1 * rc_lookahead_40;0.235256122517208;0.235256122517208;0.235256122517208;0.235256122517208;0.050879;8;19.6593333333332 * ref_1 * rc_lookahead_40;2;0.466871627424185;
Elapsed=00:00:00.0510234
Learning progress:
1;339.012083333333 * no_asm + 251.499583333333 * ref_9;15.0507449991341;15.0507449991341;15.0507449991341;15.0507449991341;0.001394;2;251.499583333333 * ref_9;1;31.7549664344506;
2;273.896666666666 * no_asm + 316.615 * ref_9 + 130.230833333333 * no_8x8dct;4.9675599928474;4.9675599928474;4.9675599928474;4.9675599928474;0.006218;3;130.230833333333 * no_8x8dct;1;10.0831850062867;
3;246.974047619047 * no_asm + 289.692380952381 * ref_9 + 143.692142857143 * no_8x8dct + 53.8452380952382 * no_weightb;1.79888914658729;1.79888914658729;1.79888914658729;1.79888914658729;0.016037;4;53.8452380952382 * no_weightb;1;3.16867084626011;
4;243.316333333333 * no_asm + 286.034666666667 * ref_9 + 132.719 * no_8x8dct + 61.1606666666668 * no_weightb + 51.2079999999995 * no_8x8dct * rc_lookahead_40;1.63778733716572;1.63778733716572;1.63778733716572;1.63778733716572;0.03022;6;51.2079999999995 * no_8x8dct * rc_lookahead_40;2;0.0805509047107876;
Elapsed=00:00:00.0303677
Learning progress:
1;438.169259259259 * no_asm + -168.585925925926 * rc_lookahead_60;2.38385306634511;2.38385306634511;2.38385306634511;2.38385306634511;0.001443;2;-168.585925925926 * rc_lookahead_60;1;55.3517931148012;
2;443.430833333333 * no_asm + -164.376666666667 * rc_lookahead_60 + -9.47083333333327 * no_mixed_refs;1.89124628575246;1.89124628575246;1.89124628575246;1.89124628575246;0.006425;3;-9.47083333333327 * no_mixed_refs;1;0.492606780592653;
Elapsed=00:00:00.0065307
Learning progress:
1;561.275333333333 * no_asm + -284.037833333333 * ref_1;13.9201478820381;13.9201478820381;13.9201478820381;13.9201478820381;0.001517;2;-284.037833333333 * ref_1;1;38.7147176924704;
2;457.03 * no_asm + -179.7925 * ref_1 + 173.742222222222 * ref_9;5.77330803354616;5.77330803354616;5.77330803354616;5.77330803354616;0.007309;3;173.742222222222 * ref_9;1;8.14683984849195;
3;444.111666666667 * no_asm + -179.7925 * ref_1 + 160.823888888889 * ref_9 + 25.836666666667 * no_weightb;2.27982708262792;2.27982708262792;2.27982708262792;2.27982708262792;0.016012;4;25.836666666667 * no_weightb;1;3.49348095091823;
4;446.021703703703 * no_asm + -182.657555555556 * ref_1 + 158.913851851851 * ref_9 + 33.4768148148155 * no_weightb + -11.4602222222224 * no_weightb * rc_lookahead_20;2.07897810633773;2.07897810633773;2.07897810633773;2.07897810633773;0.030237;6;-11.4602222222224 * no_weightb * rc_lookahead_20;2;0.100424488145095;
5;427.243333333333 * no_asm + -154.49 * ref_1 + 197.811904761904 * ref_9 + 18.7223809523814 * no_weightb + -19.5080952380952 * no_weightb * rc_lookahead_20 + 60.3590476190474 * no_weightb * ref_5;1.27926620787854;1.27926620787854;1.27926620787854;1.27926620787854;0.051523;8;60.3590476190474 * no_weightb * ref_5;2;0.399855949229595;
6;427.243333333334 * no_asm + -157.66 * ref_1 + 194.641904761905 * ref_9 + 21.8923809523809 * no_weightb + -19.5080952380954 * no_weightb * rc_lookahead_20 + 57.1890476190475 * no_weightb * ref_5 + 6.33999999999956 * ref_1 * no_8x8dct;0.883021160941743;0.883021160941743;0.883021160941743;0.883021160941743;0.08141;10;6.33999999999956 * ref_1 * no_8x8dct;2;0.198122523468401;
Elapsed=00:00:00.0815825
Learning progress:
1;559.140833333333 * no_asm + -278.8175 * ref_1;9.52616666470452;9.52616666470452;9.52616666470452;9.52616666470452;0.001499;2;-278.8175 * ref_1;1;44.2913779782916;
2;559.140833333333 * no_asm + -274.675 * ref_1 + -20.7125000000004 * rc_lookahead_60;8.91905692745576;8.91905692745576;8.91905692745576;8.91905692745576;0.006192;3;-20.7125000000004 * rc_lookahead_60;1;0.607109737248757;
3;559.140833333333 * no_asm + -274.675 * ref_1 + -10.3562500000001 * rc_lookahead_60 + -10.3562500000001 * rc_lookahead_60 * no_weightb;8.75785136331357;8.75785136331357;8.75785136331357;8.75785136331357;0.015916;5;-10.3562500000001 * rc_lookahead_60 * no_weightb;2;0.0806027820710957;
Elapsed=00:00:00.0160508
Learning progress:
1;512.280666666667 * no_asm + -233.225333333333 * ref_1;12.4230465989307;12.4230465989307;12.4230465989307;12.4230465989307;0.001469;2;-233.225333333333 * ref_1;1;56.8935021023886;
2;610.408333333333 * no_asm + -331.353 * ref_1 + -163.54611111111 * ref_5;5.11644446440599;5.11644446440599;5.11644446440599;5.11644446440599;0.006286;3;-163.54611111111 * ref_5;1;7.30660213452471;
3;610.408333333334 * no_asm + -332.834393939394 * ref_1 + -168.48409090909 * ref_5 + 7.40696969696942 * no_deblock;4.29647725262534;4.29647725262534;4.29647725262534;4.29647725262534;0.01575;4;7.40696969696942 * no_deblock;1;0.819967211780648;
4;610.408333333333 * no_asm + -329.950897435897 * ref_1 + -180.018076923076 * ref_5 + -7.01051282051341 * no_deblock + 63.4369230769238 * no_deblock * no_weightb;1.16899937736558;1.16899937736558;1.16899937736558;1.16899937736558;0.029692;6;63.4369230769238 * no_deblock * no_weightb;2;1.56373893762988;
5;610.408333333333 * no_asm + -334.487666666667 * ref_1 + -181.530333333333 * ref_5 + -3.98600000000047 * no_deblock + 61.9246666666672 * no_deblock * no_weightb + 19.6593333333332 * ref_1 * rc_lookahead_40;0.235256122517208;0.235256122517208;0.235256122517208;0.235256122517208;0.050702;8;19.6593333333332 * ref_1 * rc_lookahead_40;2;0.466871627424185;
Elapsed=00:00:00.0508638
Learning progress:
1;339.012083333333 * no_asm + 251.499583333333 * ref_9;15.0507449991341;15.0507449991341;15.0507449991341;15.0507449991341;0.001412;2;251.499583333333 * ref_9;1;31.7549664344506;
2;273.896666666666 * no_asm + 316.615 * ref_9 + 130.230833333333 * no_8x8dct;4.9675599928474;4.9675599928474;4.9675599928474;4.9675599928474;0.006253;3;130.230833333333 * no_8x8dct;1;10.0831850062867;
3;246.974047619047 * no_asm + 289.692380952381 * ref_9 + 143.692142857143 * no_8x8dct + 53.8452380952382 * no_weightb;1.79888914658729;1.79888914658729;1.79888914658729;1.79888914658729;0.015895;4;53.8452380952382 * no_weightb;1;3.16867084626011;
4;243.316333333333 * no_asm + 286.034666666667 * ref_9 + 132.719 * no_8x8dct + 61.1606666666668 * no_weightb + 51.2079999999995 * no_8x8dct * rc_lookahead_40;1.63778733716572;1.63778733716572;1.63778733716572;1.63778733716572;0.030078;6;51.2079999999995 * no_8x8dct * rc_lookahead_40;2;0.0805509047107876;
Elapsed=00:00:00.0302307
Learning progress:
1;438.169259259259 * no_asm + -168.585925925926 * rc_lookahead_60;2.38385306634511;2.38385306634511;2.38385306634511;2.38385306634511;0.00142;2;-168.585925925926 * rc_lookahead_60;1;55.3517931148012;
2;443.430833333333 * no_asm + -164.376666666667 * rc_lookahead_60 + -9.47083333333327 * no_mixed_refs;1.89124628575246;1.89124628575246;1.89124628575246;1.89124628575246;0.0064;3;-9.47083333333327 * no_mixed_refs;1;0.492606780592653;
3;443.430833333333 * no_asm + -166.235 * rc_lookahead_60 + -7.6125000000001 * no_mixed_refs + -9.29166666666613 * no_mixed_refs * ref_5;1.18907032045554;1.18907032045554;1.18907032045554;1.18907032045554;0.016585;5;-9.29166666666613 * no_mixed_refs * ref_5;2;0.351087982648459;
4;690.823333333333 * no_asm + -1.30666666666707 * rc_lookahead_60 + -90.0766666666669 * no_mixed_refs + 155.636666666667 * no_mixed_refs * ref_5 + -329.856666666666 * no_cabac;1.18907032045548;1.18907032045548;1.18907032045548;1.18907032045548;0.031594;6;-329.856666666666 * no_cabac;1;6.21724893790088E-14;
Elapsed=00:00:00.0317672
Learning progress:
1;561.275333333333 * no_asm + -284.037833333333 * ref_1;13.9201478820381;13.9201478820381;13.9201478820381;13.9201478820381;0.001537;2;-284.037833333333 * ref_1;1;38.7147176924704;
2;457.03 * no_asm + -179.7925 * ref_1 + 173.742222222222 * ref_9;5.77330803354616;5.77330803354616;5.77330803354616;5.77330803354616;0.006175;3;173.742222222222 * ref_9;1;8.14683984849195;
3;444.111666666667 * no_asm + -179.7925 * ref_1 + 160.823888888889 * ref_9 + 25.836666666667 * no_weightb;2.27982708262792;2.27982708262792;2.27982708262792;2.27982708262792;0.015238;4;25.836666666667 * no_weightb;1;3.49348095091823;
4;446.021703703703 * no_asm + -182.657555555556 * ref_1 + 158.913851851851 * ref_9 + 33.4768148148155 * no_weightb + -11.4602222222224 * no_weightb * rc_lookahead_20;2.07897810633773;2.07897810633773;2.07897810633773;2.07897810633773;0.029316;6;-11.4602222222224 * no_weightb * rc_lookahead_20;2;0.100424488145095;
Elapsed=00:00:00.0294591
Learning progress:
1;559.140833333333 * no_asm + -278.8175 * ref_1;9.52616666470452;9.52616666470452;9.52616666470452;9.52616666470452;0.00231;2;-278.8175 * ref_1;1;44.2913779782916;
2;559.140833333333 * no_asm + -274.675 * ref_1 + -20.7125000000004 * rc_lookahead_60;8.91905692745576;8.91905692745576;8.91905692745576;8.91905692745576;0.007007;3;-20.7125000000004 * rc_lookahead_60;1;0.607109737248757;
3;559.140833333333 * no_asm + -274.675 * ref_1 + -10.3562500000001 * rc_lookahead_60 + -10.3562500000001 * rc_lookahead_60 * no_weightb;8.75785136331357;8.75785136331357;8.75785136331357;8.75785136331357;0.015917;5;-10.3562500000001 * rc_lookahead_60 * no_weightb;2;0.0806027820710957;
Elapsed=00:00:00.0160492
Learning progress:
1;512.280666666667 * no_asm + -233.225333333333 * ref_1;12.4230465989307;12.4230465989307;12.4230465989307;12.4230465989307;0.002353;2;-233.225333333333 * ref_1;1;56.8935021023886;
2;610.408333333333 * no_asm + -331.353 * ref_1 + -163.54611111111 * ref_5;5.11644446440599;5.11644446440599;5.11644446440599;5.11644446440599;0.007334;3;-163.54611111111 * ref_5;1;7.30660213452471;
3;610.408333333334 * no_asm + -332.834393939394 * ref_1 + -168.48409090909 * ref_5 + 7.40696969696942 * no_deblock;4.29647725262534;4.29647725262534;4.29647725262534;4.29647725262534;0.015948;4;7.40696969696942 * no_deblock;1;0.819967211780648;
4;610.408333333333 * no_asm + -329.950897435897 * ref_1 + -180.018076923076 * ref_5 + -7.01051282051341 * no_deblock + 63.4369230769238 * no_deblock * no_weightb;1.16899937736558;1.16899937736558;1.16899937736558;1.16899937736558;0.029839;6;63.4369230769238 * no_deblock * no_weightb;2;1.56373893762988;
5;610.408333333333 * no_asm + -334.487666666667 * ref_1 + -181.530333333333 * ref_5 + -3.98600000000047 * no_deblock + 61.9246666666672 * no_deblock * no_weightb + 19.6593333333332 * ref_1 * rc_lookahead_40;0.235256122517208;0.235256122517208;0.235256122517208;0.235256122517208;0.050743;8;19.6593333333332 * ref_1 * rc_lookahead_40;2;0.466871627424185;
Elapsed=00:00:00.0508913
Learning progress:
1;339.012083333333 * no_asm + 251.499583333333 * ref_9;15.0507449991341;15.0507449991341;15.0507449991341;15.0507449991341;0.002654;2;251.499583333333 * ref_9;1;31.7549664344506;
2;273.896666666666 * no_asm + 316.615 * ref_9 + 130.230833333333 * no_8x8dct;4.9675599928474;4.9675599928474;4.9675599928474;4.9675599928474;0.007492;3;130.230833333333 * no_8x8dct;1;10.0831850062867;
3;246.974047619047 * no_asm + 289.692380952381 * ref_9 + 143.692142857143 * no_8x8dct + 53.8452380952382 * no_weightb;1.79888914658729;1.79888914658729;1.79888914658729;1.79888914658729;0.016304;4;53.8452380952382 * no_weightb;1;3.16867084626011;
4;243.316333333333 * no_asm + 286.034666666667 * ref_9 + 132.719 * no_8x8dct + 61.1606666666668 * no_weightb + 51.2079999999995 * no_8x8dct * rc_lookahead_40;1.63778733716572;1.63778733716572;1.63778733716572;1.63778733716572;0.030531;6;51.2079999999995 * no_8x8dct * rc_lookahead_40;2;0.0805509047107876;
Elapsed=00:00:00.0306809
Learning progress:
1;438.169259259259 * no_asm + -168.585925925926 * rc_lookahead_60;2.38385306634511;2.38385306634511;2.38385306634511;2.38385306634511;0.00146;2;-168.585925925926 * rc_lookahead_60;1;55.3517931148012;
2;443.430833333333 * no_asm + -164.376666666667 * rc_lookahead_60 + -9.47083333333327 * no_mixed_refs;1.89124628575246;1.89124628575246;1.89124628575246;1.89124628575246;0.007789;3;-9.47083333333327 * no_mixed_refs;1;0.492606780592653;
3;443.430833333333 * no_asm + -166.235 * rc_lookahead_60 + -7.6125000000001 * no_mixed_refs + -9.29166666666613 * no_mixed_refs * ref_5;1.18907032045554;1.18907032045554;1.18907032045554;1.18907032045554;0.016833;5;-9.29166666666613 * no_mixed_refs * ref_5;2;0.351087982648459;
4;690.823333333333 * no_asm + -1.30666666666707 * rc_lookahead_60 + -90.0766666666669 * no_mixed_refs + 155.636666666667 * no_mixed_refs * ref_5 + -329.856666666666 * no_cabac;1.18907032045548;1.18907032045548;1.18907032045548;1.18907032045548;0.032772;6;-329.856666666666 * no_cabac;1;6.21724893790088E-14;
Elapsed=00:00:00.0329440
Learning progress:
1;561.275333333333 * no_asm + -284.037833333333 * ref_1;13.9201478820381;13.9201478820381;13.9201478820381;13.9201478820381;0.001661;2;-284.037833333333 * ref_1;1;38.7147176924704;
2;457.03 * no_asm + -179.7925 * ref_1 + 173.742222222222 * ref_9;5.77330803354616;5.77330803354616;5.77330803354616;5.77330803354616;0.007591;3;173.742222222222 * ref_9;1;8.14683984849195;
3;444.111666666667 * no_asm + -179.7925 * ref_1 + 160.823888888889 * ref_9 + 25.836666666667 * no_weightb;2.27982708262792;2.27982708262792;2.27982708262792;2.27982708262792;0.016366;4;25.836666666667 * no_weightb;1;3.49348095091823;
4;446.021703703703 * no_asm + -182.657555555556 * ref_1 + 158.913851851851 * ref_9 + 33.4768148148155 * no_weightb + -11.4602222222224 * no_weightb * rc_lookahead_20;2.07897810633773;2.07897810633773;2.07897810633773;2.07897810633773;0.030511;6;-11.4602222222224 * no_weightb * rc_lookahead_20;2;0.100424488145095;
Elapsed=00:00:00.0306683
Learning progress:
1;559.140833333333 * no_asm + -278.8175 * ref_1;9.52616666470452;9.52616666470452;9.52616666470452;9.52616666470452;0.001472;2;-278.8175 * ref_1;1;44.2913779782916;
2;559.140833333333 * no_asm + -274.675 * ref_1 + -20.7125000000004 * rc_lookahead_60;8.91905692745576;8.91905692745576;8.91905692745576;8.91905692745576;0.006215;3;-20.7125000000004 * rc_lookahead_60;1;0.607109737248757;
3;559.140833333333 * no_asm + -274.675 * ref_1 + -10.3562500000001 * rc_lookahead_60 + -10.3562500000001 * rc_lookahead_60 * no_weightb;8.75785136331357;8.75785136331357;8.75785136331357;8.75785136331357;0.016197;5;-10.3562500000001 * rc_lookahead_60 * no_weightb;2;0.0806027820710957;
Elapsed=00:00:00.0163216
Learning progress:
1;512.280666666667 * no_asm + -233.225333333333 * ref_1;12.4230465989307;12.4230465989307;12.4230465989307;12.4230465989307;0.001522;2;-233.225333333333 * ref_1;1;56.8935021023886;
2;610.408333333333 * no_asm + -331.353 * ref_1 + -163.54611111111 * ref_5;5.11644446440599;5.11644446440599;5.11644446440599;5.11644446440599;0.006633;3;-163.54611111111 * ref_5;1;7.30660213452471;
3;610.408333333334 * no_asm + -332.834393939394 * ref_1 + -168.48409090909 * ref_5 + 7.40696969696942 * no_deblock;4.29647725262534;4.29647725262534;4.29647725262534;4.29647725262534;0.01631;4;7.40696969696942 * no_deblock;1;0.819967211780648;
4;610.408333333333 * no_asm + -329.950897435897 * ref_1 + -180.018076923076 * ref_5 + -7.01051282051341 * no_deblock + 63.4369230769238 * no_deblock * no_weightb;1.16899937736558;1.16899937736558;1.16899937736558;1.16899937736558;0.030402;6;63.4369230769238 * no_deblock * no_weightb;2;1.56373893762988;
5;610.408333333333 * no_asm + -334.487666666667 * ref_1 + -181.530333333333 * ref_5 + -3.98600000000047 * no_deblock + 61.9246666666672 * no_deblock * no_weightb + 19.6593333333332 * ref_1 * rc_lookahead_40;0.235256122517208;0.235256122517208;0.235256122517208;0.235256122517208;0.05121;8;19.6593333333332 * ref_1 * rc_lookahead_40;2;0.466871627424185;
Elapsed=00:00:00.0513544
Learning progress:
1;339.012083333333 * no_asm + 251.499583333333 * ref_9;15.0507449991341;15.0507449991341;15.0507449991341;15.0507449991341;0.001645;2;251.499583333333 * ref_9;1;31.7549664344506;
2;273.896666666666 * no_asm + 316.615 * ref_9 + 130.230833333333 * no_8x8dct;4.9675599928474;4.9675599928474;4.9675599928474;4.9675599928474;0.006493;3;130.230833333333 * no_8x8dct;1;10.0831850062867;
3;246.974047619047 * no_asm + 289.692380952381 * ref_9 + 143.692142857143 * no_8x8dct + 53.8452380952382 * no_weightb;1.79888914658729;1.79888914658729;1.79888914658729;1.79888914658729;0.01636;4;53.8452380952382 * no_weightb;1;3.16867084626011;
4;243.316333333333 * no_asm + 286.034666666667 * ref_9 + 132.719 * no_8x8dct + 61.1606666666668 * no_weightb + 51.2079999999995 * no_8x8dct * rc_lookahead_40;1.63778733716572;1.63778733716572;1.63778733716572;1.63778733716572;0.030785;6;51.2079999999995 * no_8x8dct * rc_lookahead_40;2;0.0805509047107876;
Elapsed=00:00:00.0309249
Learning progress:
1;438.169259259259 * no_asm + -168.585925925926 * rc_lookahead_60;2.38385306634511;2.38385306634511;2.38385306634511;2.38385306634511;0.001451;2;-168.585925925926 * rc_lookahead_60;1;55.3517931148012;
2;443.430833333333 * no_asm + -164.376666666667 * rc_lookahead_60 + -9.47083333333327 * no_mixed_refs;1.89124628575246;1.89124628575246;1.89124628575246;1.89124628575246;0.006403;3;-9.47083333333327 * no_mixed_refs;1;0.492606780592653;
Elapsed=00:00:00.0065116
Learning progress:
1;561.275333333333 * no_asm + -284.037833333333 * ref_1;13.9201478820381;13.9201478820381;13.9201478820381;13.9201478820381;0.001649;2;-284.037833333333 * ref_1;1;38.7147176924704;
2;457.03 * no_asm + -179.7925 * ref_1 + 173.742222222222 * ref_9;5.77330803354616;5.77330803354616;5.77330803354616;5.77330803354616;0.007259;3;173.742222222222 * ref_9;1;8.14683984849195;
3;444.111666666667 * no_asm + -179.7925 * ref_1 + 160.823888888889 * ref_9 + 25.836666666667 * no_weightb;2.27982708262792;2.27982708262792;2.27982708262792;2.27982708262792;0.016089;4;25.836666666667 * no_weightb;1;3.49348095091823;
4;446.021703703703 * no_asm + -182.657555555556 * ref_1 + 158.913851851851 * ref_9 + 33.4768148148155 * no_weightb + -11.4602222222224 * no_weightb * rc_lookahead_20;2.07897810633773;2.07897810633773;2.07897810633773;2.07897810633773;0.030162;6;-11.4602222222224 * no_weightb * rc_lookahead_20;2;0.100424488145095;
5;427.243333333333 * no_asm + -154.49 * ref_1 + 197.811904761904 * ref_9 + 18.7223809523814 * no_weightb + -19.5080952380952 * no_weightb * rc_lookahead_20 + 60.3590476190474 * no_weightb * ref_5;1.27926620787854;1.27926620787854;1.27926620787854;1.27926620787854;0.051499;8;60.3590476190474 * no_weightb * ref_5;2;0.399855949229595;
6;427.243333333334 * no_asm + -157.66 * ref_1 + 194.641904761905 * ref_9 + 21.8923809523809 * no_weightb + -19.5080952380954 * no_weightb * rc_lookahead_20 + 57.1890476190475 * no_weightb * ref_5 + 6.33999999999956 * ref_1 * no_8x8dct;0.883021160941743;0.883021160941743;0.883021160941743;0.883021160941743;0.081409;10;6.33999999999956 * ref_1 * no_8x8dct;2;0.198122523468401;
Elapsed=00:00:00.0815666
Learning progress:
1;559.140833333333 * no_asm + -278.8175 * ref_1;9.52616666470452;9.52616666470452;9.52616666470452;9.52616666470452;0.00147;2;-278.8175 * ref_1;1;44.2913779782916;
2;559.140833333333 * no_asm + -274.675 * ref_1 + -20.7125000000004 * rc_lookahead_60;8.91905692745576;8.91905692745576;8.91905692745576;8.91905692745576;0.006224;3;-20.7125000000004 * rc_lookahead_60;1;0.607109737248757;
3;559.140833333333 * no_asm + -274.675 * ref_1 + -10.3562500000001 * rc_lookahead_60 + -10.3562500000001 * rc_lookahead_60 * no_weightb;8.75785136331357;8.75785136331357;8.75785136331357;8.75785136331357;0.016004;5;-10.3562500000001 * rc_lookahead_60 * no_weightb;2;0.0806027820710957;
Elapsed=00:00:00.0161309
Learning progress:
1;512.280666666667 * no_asm + -233.225333333333 * ref_1;12.4230465989307;12.4230465989307;12.4230465989307;12.4230465989307;0.001434;2;-233.225333333333 * ref_1;1;56.8935021023886;
2;610.408333333333 * no_asm + -331.353 * ref_1 + -163.54611111111 * ref_5;5.11644446440599;5.11644446440599;5.11644446440599;5.11644446440599;0.006343;3;-163.54611111111 * ref_5;1;7.30660213452471;
3;610.408333333334 * no_asm + -332.834393939394 * ref_1 + -168.48409090909 * ref_5 + 7.40696969696942 * no_deblock;4.29647725262534;4.29647725262534;4.29647725262534;4.29647725262534;0.015854;4;7.40696969696942 * no_deblock;1;0.819967211780648;
4;610.408333333333 * no_asm + -329.950897435897 * ref_1 + -180.018076923076 * ref_5 + -7.01051282051341 * no_deblock + 63.4369230769238 * no_deblock * no_weightb;1.16899937736558;1.16899937736558;1.16899937736558;1.16899937736558;0.030002;6;63.4369230769238 * no_deblock * no_weightb;2;1.56373893762988;
5;610.408333333333 * no_asm + -334.487666666667 * ref_1 + -181.530333333333 * ref_5 + -3.98600000000047 * no_deblock + 61.9246666666672 * no_deblock * no_weightb + 19.6593333333332 * ref_1 * rc_lookahead_40;0.235256122517208;0.235256122517208;0.235256122517208;0.235256122517208;0.053415;8;19.6593333333332 * ref_1 * rc_lookahead_40;2;0.466871627424185;
Elapsed=00:00:00.0535791
Learning progress:
1;339.012083333333 * no_asm + 251.499583333333 * ref_9;15.0507449991341;15.0507449991341;15.0507449991341;15.0507449991341;0.00153;2;251.499583333333 * ref_9;1;31.7549664344506;
2;273.896666666666 * no_asm + 316.615 * ref_9 + 130.230833333333 * no_8x8dct;4.9675599928474;4.9675599928474;4.9675599928474;4.9675599928474;0.00651;3;130.230833333333 * no_8x8dct;1;10.0831850062867;
3;246.974047619047 * no_asm + 289.692380952381 * ref_9 + 143.692142857143 * no_8x8dct + 53.8452380952382 * no_weightb;1.79888914658729;1.79888914658729;1.79888914658729;1.79888914658729;0.02038;4;53.8452380952382 * no_weightb;1;3.16867084626011;
4;243.316333333333 * no_asm + 286.034666666667 * ref_9 + 132.719 * no_8x8dct + 61.1606666666668 * no_weightb + 51.2079999999995 * no_8x8dct * rc_lookahead_40;1.63778733716572;1.63778733716572;1.63778733716572;1.63778733716572;0.036405;6;51.2079999999995 * no_8x8dct * rc_lookahead_40;2;0.0805509047107876;
Elapsed=00:00:00.0365768
Learning progress:
1;438.169259259259 * no_asm + -168.585925925926 * rc_lookahead_60;2.38385306634511;2.38385306634511;2.38385306634511;2.38385306634511;0.001763;2;-168.585925925926 * rc_lookahead_60;1;55.3517931148012;
2;443.430833333333 * no_asm + -164.376666666667 * rc_lookahead_60 + -9.47083333333327 * no_mixed_refs;1.89124628575246;1.89124628575246;1.89124628575246;1.89124628575246;0.00683;3;-9.47083333333327 * no_mixed_refs;1;0.492606780592653;
3;443.430833333333 * no_asm + -166.235 * rc_lookahead_60 + -7.6125000000001 * no_mixed_refs + -9.29166666666613 * no_mixed_refs * ref_5;1.18907032045554;1.18907032045554;1.18907032045554;1.18907032045554;0.01706;5;-9.29166666666613 * no_mixed_refs * ref_5;2;0.351087982648459;
4;690.823333333333 * no_asm + -1.30666666666707 * rc_lookahead_60 + -90.0766666666669 * no_mixed_refs + 155.636666666667 * no_mixed_refs * ref_5 + -329.856666666666 * no_cabac;1.18907032045548;1.18907032045548;1.18907032045548;1.18907032045548;0.033068;6;-329.856666666666 * no_cabac;1;6.21724893790088E-14;
Elapsed=00:00:00.0332393
Learning progress:
1;561.275333333333 * no_asm + -284.037833333333 * ref_1;13.9201478820381;13.9201478820381;13.9201478820381;13.9201478820381;0.001512;2;-284.037833333333 * ref_1;1;38.7147176924704;
2;457.03 * no_asm + -179.7925 * ref_1 + 173.742222222222 * ref_9;5.77330803354616;5.77330803354616;5.77330803354616;5.77330803354616;0.006322;3;173.742222222222 * ref_9;1;8.14683984849195;
3;444.111666666667 * no_asm + -179.7925 * ref_1 + 160.823888888889 * ref_9 + 25.836666666667 * no_weightb;2.27982708262792;2.27982708262792;2.27982708262792;2.27982708262792;0.016156;4;25.836666666667 * no_weightb;1;3.49348095091823;
4;446.021703703703 * no_asm + -182.657555555556 * ref_1 + 158.913851851851 * ref_9 + 33.4768148148155 * no_weightb + -11.4602222222224 * no_weightb * rc_lookahead_20;2.07897810633773;2.07897810633773;2.07897810633773;2.07897810633773;0.029228;6;-11.4602222222224 * no_weightb * rc_lookahead_20;2;0.100424488145095;
Elapsed=00:00:00.0293743
Learning progress:
1;559.140833333333 * no_asm + -278.8175 * ref_1;9.52616666470452;9.52616666470452;9.52616666470452;9.52616666470452;0.002444;2;-278.8175 * ref_1;1;44.2913779782916;
2;559.140833333333 * no_asm + -274.675 * ref_1 + -20.7125000000004 * rc_lookahead_60;8.91905692745576;8.91905692745576;8.91905692745576;8.91905692745576;0.007235;3;-20.7125000000004 * rc_lookahead_60;1;0.607109737248757;
3;559.140833333333 * no_asm + -274.675 * ref_1 + -10.3562500000001 * rc_lookahead_60 + -10.3562500000001 * rc_lookahead_60 * no_weightb;8.75785136331357;8.75785136331357;8.75785136331357;8.75785136331357;0.016086;5;-10.3562500000001 * rc_lookahead_60 * no_weightb;2;0.0806027820710957;
Elapsed=00:00:00.0162179
Learning progress:
1;512.280666666667 * no_asm + -233.225333333333 * ref_1;12.4230465989307;12.4230465989307;12.4230465989307;12.4230465989307;0.001427;2;-233.225333333333 * ref_1;1;56.8935021023886;
2;610.408333333333 * no_asm + -331.353 * ref_1 + -163.54611111111 * ref_5;5.11644446440599;5.11644446440599;5.11644446440599;5.11644446440599;0.006171;3;-163.54611111111 * ref_5;1;7.30660213452471;
3;610.408333333334 * no_asm + -332.834393939394 * ref_1 + -168.48409090909 * ref_5 + 7.40696969696942 * no_deblock;4.29647725262534;4.29647725262534;4.29647725262534;4.29647725262534;0.014945;4;7.40696969696942 * no_deblock;1;0.819967211780648;
4;610.408333333333 * no_asm + -329.950897435897 * ref_1 + -180.018076923076 * ref_5 + -7.01051282051341 * no_deblock + 63.4369230769238 * no_deblock * no_weightb;1.16899937736558;1.16899937736558;1.16899937736558;1.16899937736558;0.028642;6;63.4369230769238 * no_deblock * no_weightb;2;1.56373893762988;
5;610.408333333333 * no_asm + -334.487666666667 * ref_1 + -181.530333333333 * ref_5 + -3.98600000000047 * no_deblock + 61.9246666666672 * no_deblock * no_weightb + 19.6593333333332 * ref_1 * rc_lookahead_40;0.235256122517208;0.235256122517208;0.235256122517208;0.235256122517208;0.049216;8;19.6593333333332 * ref_1 * rc_lookahead_40;2;0.466871627424185;
Elapsed=00:00:00.0493685
Learning progress:
1;339.012083333333 * no_asm + 251.499583333333 * ref_9;15.0507449991341;15.0507449991341;15.0507449991341;15.0507449991341;0.00143;2;251.499583333333 * ref_9;1;31.7549664344506;
2;273.896666666666 * no_asm + 316.615 * ref_9 + 130.230833333333 * no_8x8dct;4.9675599928474;4.9675599928474;4.9675599928474;4.9675599928474;0.006366;3;130.230833333333 * no_8x8dct;1;10.0831850062867;
3;246.974047619047 * no_asm + 289.692380952381 * ref_9 + 143.692142857143 * no_8x8dct + 53.8452380952382 * no_weightb;1.79888914658729;1.79888914658729;1.79888914658729;1.79888914658729;0.01513;4;53.8452380952382 * no_weightb;1;3.16867084626011;
4;243.316333333333 * no_asm + 286.034666666667 * ref_9 + 132.719 * no_8x8dct + 61.1606666666668 * no_weightb + 51.2079999999995 * no_8x8dct * rc_lookahead_40;1.63778733716572;1.63778733716572;1.63778733716572;1.63778733716572;0.029236;6;51.2079999999995 * no_8x8dct * rc_lookahead_40;2;0.0805509047107876;
Elapsed=00:00:00.0293965
Learning progress:
1;438.169259259259 * no_asm + -168.585925925926 * rc_lookahead_60;2.38385306634511;2.38385306634511;2.38385306634511;2.38385306634511;0.001708;2;-168.585925925926 * rc_lookahead_60;1;55.3517931148012;
2;443.430833333333 * no_asm + -164.376666666667 * rc_lookahead_60 + -9.47083333333327 * no_mixed_refs;1.89124628575246;1.89124628575246;1.89124628575246;1.89124628575246;0.007376;3;-9.47083333333327 * no_mixed_refs;1;0.492606780592653;
3;443.430833333333 * no_asm + -166.235 * rc_lookahead_60 + -7.6125000000001 * no_mixed_refs + -9.29166666666613 * no_mixed_refs * ref_5;1.18907032045554;1.18907032045554;1.18907032045554;1.18907032045554;0.016286;5;-9.29166666666613 * no_mixed_refs * ref_5;2;0.351087982648459;
4;690.823333333333 * no_asm + -1.30666666666707 * rc_lookahead_60 + -90.0766666666669 * no_mixed_refs + 155.636666666667 * no_mixed_refs * ref_5 + -329.856666666666 * no_cabac;1.18907032045548;1.18907032045548;1.18907032045548;1.18907032045548;0.032175;6;-329.856666666666 * no_cabac;1;6.21724893790088E-14;
Elapsed=00:00:00.0323280
Learning progress:
1;561.275333333333 * no_asm + -284.037833333333 * ref_1;13.9201478820381;13.9201478820381;13.9201478820381;13.9201478820381;0.001483;2;-284.037833333333 * ref_1;1;38.7147176924704;
2;457.03 * no_asm + -179.7925 * ref_1 + 173.742222222222 * ref_9;5.77330803354616;5.77330803354616;5.77330803354616;5.77330803354616;0.007481;3;173.742222222222 * ref_9;1;8.14683984849195;
3;444.111666666667 * no_asm + -179.7925 * ref_1 + 160.823888888889 * ref_9 + 25.836666666667 * no_weightb;2.27982708262792;2.27982708262792;2.27982708262792;2.27982708262792;0.016309;4;25.836666666667 * no_weightb;1;3.49348095091823;
4;446.021703703703 * no_asm + -182.657555555556 * ref_1 + 158.913851851851 * ref_9 + 33.4768148148155 * no_weightb + -11.4602222222224 * no_weightb * rc_lookahead_20;2.07897810633773;2.07897810633773;2.07897810633773;2.07897810633773;0.030367;6;-11.4602222222224 * no_weightb * rc_lookahead_20;2;0.100424488145095;
Elapsed=00:00:00.0305095
Learning progress:
1;559.140833333333 * no_asm + -278.8175 * ref_1;9.52616666470452;9.52616666470452;9.52616666470452;9.52616666470452;0.001506;2;-278.8175 * ref_1;1;44.2913779782916;
2;559.140833333333 * no_asm + -274.675 * ref_1 + -20.7125000000004 * rc_lookahead_60;8.91905692745576;8.91905692745576;8.91905692745576;8.91905692745576;0.006171;3;-20.7125000000004 * rc_lookahead_60;1;0.607109737248757;
3;559.140833333333 * no_asm + -274.675 * ref_1 + -10.3562500000001 * rc_lookahead_60 + -10.3562500000001 * rc_lookahead_60 * no_weightb;8.75785136331357;8.75785136331357;8.75785136331357;8.75785136331357;0.015941;5;-10.3562500000001 * rc_lookahead_60 * no_weightb;2;0.0806027820710957;
Elapsed=00:00:00.0160677
Learning progress:
1;512.280666666667 * no_asm + -233.225333333333 * ref_1;12.4230465989307;12.4230465989307;12.4230465989307;12.4230465989307;0.001407;2;-233.225333333333 * ref_1;1;56.8935021023886;
2;610.408333333333 * no_asm + -331.353 * ref_1 + -163.54611111111 * ref_5;5.11644446440599;5.11644446440599;5.11644446440599;5.11644446440599;0.007006;3;-163.54611111111 * ref_5;1;7.30660213452471;
3;610.408333333334 * no_asm + -332.834393939394 * ref_1 + -168.48409090909 * ref_5 + 7.40696969696942 * no_deblock;4.29647725262534;4.29647725262534;4.29647725262534;4.29647725262534;0.015567;4;7.40696969696942 * no_deblock;1;0.819967211780648;
4;610.408333333333 * no_asm + -329.950897435897 * ref_1 + -180.018076923076 * ref_5 + -7.01051282051341 * no_deblock + 63.4369230769238 * no_deblock * no_weightb;1.16899937736558;1.16899937736558;1.16899937736558;1.16899937736558;0.029189;6;63.4369230769238 * no_deblock * no_weightb;2;1.56373893762988;
5;610.408333333333 * no_asm + -334.487666666667 * ref_1 + -181.530333333333 * ref_5 + -3.98600000000047 * no_deblock + 61.9246666666672 * no_deblock * no_weightb + 19.6593333333332 * ref_1 * rc_lookahead_40;0.235256122517208;0.235256122517208;0.235256122517208;0.235256122517208;0.049911;8;19.6593333333332 * ref_1 * rc_lookahead_40;2;0.466871627424185;
Elapsed=00:00:00.0500579
Learning progress:
1;339.012083333333 * no_asm + 251.499583333333 * ref_9;15.0507449991341;15.0507449991341;15.0507449991341;15.0507449991341;0.001426;2;251.499583333333 * ref_9;1;31.7549664344506;
2;273.896666666666 * no_asm + 316.615 * ref_9 + 130.230833333333 * no_8x8dct;4.9675599928474;4.9675599928474;4.9675599928474;4.9675599928474;0.006317;3;130.230833333333 * no_8x8dct;1;10.0831850062867;
3;246.974047619047 * no_asm + 289.692380952381 * ref_9 + 143.692142857143 * no_8x8dct + 53.8452380952382 * no_weightb;1.79888914658729;1.79888914658729;1.79888914658729;1.79888914658729;0.015937;4;53.8452380952382 * no_weightb;1;3.16867084626011;
4;243.316333333333 * no_asm + 286.034666666667 * ref_9 + 132.719 * no_8x8dct + 61.1606666666668 * no_weightb + 51.2079999999995 * no_8x8dct * rc_lookahead_40;1.63778733716572;1.63778733716572;1.63778733716572;1.63778733716572;0.030053;6;51.2079999999995 * no_8x8dct * rc_lookahead_40;2;0.0805509047107876;
Elapsed=00:00:00.0301987
Learning progress:
1;438.169259259259 * no_asm + -168.585925925926 * rc_lookahead_60;2.38385306634511;2.38385306634511;2.38385306634511;2.38385306634511;0.001435;2;-168.585925925926 * rc_lookahead_60;1;55.3517931148012;
2;443.430833333333 * no_asm + -164.376666666667 * rc_lookahead_60 + -9.47083333333327 * no_mixed_refs;1.89124628575246;1.89124628575246;1.89124628575246;1.89124628575246;0.006365;3;-9.47083333333327 * no_mixed_refs;1;0.492606780592653;
Elapsed=00:00:00.0064713
Learning progress:
1;561.275333333333 * no_asm + -284.037833333333 * ref_1;13.9201478820381;13.9201478820381;13.9201478820381;13.9201478820381;0.00234;2;-284.037833333333 * ref_1;1;38.7147176924704;
2;457.03 * no_asm + -179.7925 * ref_1 + 173.742222222222 * ref_9;5.77330803354616;5.77330803354616;5.77330803354616;5.77330803354616;0.006976;3;173.742222222222 * ref_9;1;8.14683984849195;
3;444.111666666667 * no_asm + -179.7925 * ref_1 + 160.823888888889 * ref_9 + 25.836666666667 * no_weightb;2.27982708262792;2.27982708262792;2.27982708262792;2.27982708262792;0.015779;4;25.836666666667 * no_weightb;1;3.49348095091823;
4;446.021703703703 * no_asm + -182.657555555556 * ref_1 + 158.913851851851 * ref_9 + 33.4768148148155 * no_weightb + -11.4602222222224 * no_weightb * rc_lookahead_20;2.07897810633773;2.07897810633773;2.07897810633773;2.07897810633773;0.029931;6;-11.4602222222224 * no_weightb * rc_lookahead_20;2;0.100424488145095;
5;427.243333333333 * no_asm + -154.49 * ref_1 + 197.811904761904 * ref_9 + 18.7223809523814 * no_weightb + -19.5080952380952 * no_weightb * rc_lookahead_20 + 60.3590476190474 * no_weightb * ref_5;1.27926620787854;1.27926620787854;1.27926620787854;1.27926620787854;0.050952;8;60.3590476190474 * no_weightb * ref_5;2;0.399855949229595;
6;427.243333333334 * no_asm + -157.66 * ref_1 + 194.641904761905 * ref_9 + 21.8923809523809 * no_weightb + -19.5080952380954 * no_weightb * rc_lookahead_20 + 57.1890476190475 * no_weightb * ref_5 + 6.33999999999956 * ref_1 * no_8x8dct;0.883021160941743;0.883021160941743;0.883021160941743;0.883021160941743;0.080487;10;6.33999999999956 * ref_1 * no_8x8dct;2;0.198122523468401;
Elapsed=00:00:00.0806673
Learning progress:
1;559.140833333333 * no_asm + -278.8175 * ref_1;9.52616666470452;9.52616666470452;9.52616666470452;9.52616666470452;0.001473;2;-278.8175 * ref_1;1;44.2913779782916;
2;559.140833333333 * no_asm + -274.675 * ref_1 + -20.7125000000004 * rc_lookahead_60;8.91905692745576;8.91905692745576;8.91905692745576;8.91905692745576;0.006199;3;-20.7125000000004 * rc_lookahead_60;1;0.607109737248757;
3;559.140833333333 * no_asm + -274.675 * ref_1 + -10.3562500000001 * rc_lookahead_60 + -10.3562500000001 * rc_lookahead_60 * no_weightb;8.75785136331357;8.75785136331357;8.75785136331357;8.75785136331357;0.015868;5;-10.3562500000001 * rc_lookahead_60 * no_weightb;2;0.0806027820710957;
Elapsed=00:00:00.0160012
Learning progress:
1;512.280666666667 * no_asm + -233.225333333333 * ref_1;12.4230465989307;12.4230465989307;12.4230465989307;12.4230465989307;0.001626;2;-233.225333333333 * ref_1;1;56.8935021023886;
2;610.408333333333 * no_asm + -331.353 * ref_1 + -163.54611111111 * ref_5;5.11644446440599;5.11644446440599;5.11644446440599;5.11644446440599;0.006449;3;-163.54611111111 * ref_5;1;7.30660213452471;
3;610.408333333334 * no_asm + -332.834393939394 * ref_1 + -168.48409090909 * ref_5 + 7.40696969696942 * no_deblock;4.29647725262534;4.29647725262534;4.29647725262534;4.29647725262534;0.015828;4;7.40696969696942 * no_deblock;1;0.819967211780648;
4;610.408333333333 * no_asm + -329.950897435897 * ref_1 + -180.018076923076 * ref_5 + -7.01051282051341 * no_deblock + 63.4369230769238 * no_deblock * no_weightb;1.16899937736558;1.16899937736558;1.16899937736558;1.16899937736558;0.029599;6;63.4369230769238 * no_deblock * no_weightb;2;1.56373893762988;
5;610.408333333333 * no_asm + -334.487666666667 * ref_1 + -181.530333333333 * ref_5 + -3.98600000000047 * no_deblock + 61.9246666666672 * no_deblock * no_weightb + 19.6593333333332 * ref_1 * rc_lookahead_40;0.235256122517208;0.235256122517208;0.235256122517208;0.235256122517208;0.050347;8;19.6593333333332 * ref_1 * rc_lookahead_40;2;0.466871627424185;
Elapsed=00:00:00.0505117
Learning progress:
1;339.012083333333 * no_asm + 251.499583333333 * ref_9;15.0507449991341;15.0507449991341;15.0507449991341;15.0507449991341;0.001417;2;251.499583333333 * ref_9;1;31.7549664344506;
2;273.896666666666 * no_asm + 316.615 * ref_9 + 130.230833333333 * no_8x8dct;4.9675599928474;4.9675599928474;4.9675599928474;4.9675599928474;0.006255;3;130.230833333333 * no_8x8dct;1;10.0831850062867;
3;246.974047619047 * no_asm + 289.692380952381 * ref_9 + 143.692142857143 * no_8x8dct + 53.8452380952382 * no_weightb;1.79888914658729;1.79888914658729;1.79888914658729;1.79888914658729;0.016012;4;53.8452380952382 * no_weightb;1;3.16867084626011;
4;243.316333333333 * no_asm + 286.034666666667 * ref_9 + 132.719 * no_8x8dct + 61.1606666666668 * no_weightb + 51.2079999999995 * no_8x8dct * rc_lookahead_40;1.63778733716572;1.63778733716572;1.63778733716572;1.63778733716572;0.030004;6;51.2079999999995 * no_8x8dct * rc_lookahead_40;2;0.0805509047107876;
Elapsed=00:00:00.0301559
Learning progress:
1;438.169259259259 * no_asm + -168.585925925926 * rc_lookahead_60;2.38385306634511;2.38385306634511;2.38385306634511;2.38385306634511;0.001402;2;-168.585925925926 * rc_lookahead_60;1;55.3517931148012;
2;443.430833333333 * no_asm + -164.376666666667 * rc_lookahead_60 + -9.47083333333327 * no_mixed_refs;1.89124628575246;1.89124628575246;1.89124628575246;1.89124628575246;0.006346;3;-9.47083333333327 * no_mixed_refs;1;0.492606780592653;
3;443.430833333333 * no_asm + -166.235 * rc_lookahead_60 + -7.6125000000001 * no_mixed_refs + -9.29166666666613 * no_mixed_refs * ref_5;1.18907032045554;1.18907032045554;1.18907032045554;1.18907032045554;0.016222;5;-9.29166666666613 * no_mixed_refs * ref_5;2;0.351087982648459;
4;690.823333333333 * no_asm + -1.30666666666707 * rc_lookahead_60 + -90.0766666666669 * no_mixed_refs + 155.636666666667 * no_mixed_refs * ref_5 + -329.856666666666 * no_cabac;1.18907032045548;1.18907032045548;1.18907032045548;1.18907032045548;0.032204;6;-329.856666666666 * no_cabac;1;6.21724893790088E-14;
Elapsed=00:00:00.0323797
Learning progress:
1;561.275333333333 * no_asm + -284.037833333333 * ref_1;13.9201478820381;13.9201478820381;13.9201478820381;13.9201478820381;0.001646;2;-284.037833333333 * ref_1;1;38.7147176924704;
2;457.03 * no_asm + -179.7925 * ref_1 + 173.742222222222 * ref_9;5.77330803354616;5.77330803354616;5.77330803354616;5.77330803354616;0.006288;3;173.742222222222 * ref_9;1;8.14683984849195;
3;444.111666666667 * no_asm + -179.7925 * ref_1 + 160.823888888889 * ref_9 + 25.836666666667 * no_weightb;2.27982708262792;2.27982708262792;2.27982708262792;2.27982708262792;0.015806;4;25.836666666667 * no_weightb;1;3.49348095091823;
4;446.021703703703 * no_asm + -182.657555555556 * ref_1 + 158.913851851851 * ref_9 + 33.4768148148155 * no_weightb + -11.4602222222224 * no_weightb * rc_lookahead_20;2.07897810633773;2.07897810633773;2.07897810633773;2.07897810633773;0.029103;6;-11.4602222222224 * no_weightb * rc_lookahead_20;2;0.100424488145095;
Elapsed=00:00:00.0292459
Learning progress:
1;559.140833333333 * no_asm + -278.8175 * ref_1;9.52616666470452;9.52616666470452;9.52616666470452;9.52616666470452;0.001584;2;-278.8175 * ref_1;1;44.2913779782916;
2;559.140833333333 * no_asm + -274.675 * ref_1 + -20.7125000000004 * rc_lookahead_60;8.91905692745576;8.91905692745576;8.91905692745576;8.91905692745576;0.00624;3;-20.7125000000004 * rc_lookahead_60;1;0.607109737248757;
3;559.140833333333 * no_asm + -274.675 * ref_1 + -10.3562500000001 * rc_lookahead_60 + -10.3562500000001 * rc_lookahead_60 * no_weightb;8.75785136331357;8.75785136331357;8.75785136331357;8.75785136331357;0.016154;5;-10.3562500000001 * rc_lookahead_60 * no_weightb;2;0.0806027820710957;
Elapsed=00:00:00.0162824
Learning progress:
1;512.280666666667 * no_asm + -233.225333333333 * ref_1;12.4230465989307;12.4230465989307;12.4230465989307;12.4230465989307;0.001452;2;-233.225333333333 * ref_1;1;56.8935021023886;
2;610.408333333333 * no_asm + -331.353 * ref_1 + -163.54611111111 * ref_5;5.11644446440599;5.11644446440599;5.11644446440599;5.11644446440599;0.006556;3;-163.54611111111 * ref_5;1;7.30660213452471;
3;610.408333333334 * no_asm + -332.834393939394 * ref_1 + -168.48409090909 * ref_5 + 7.40696969696942 * no_deblock;4.29647725262534;4.29647725262534;4.29647725262534;4.29647725262534;0.016187;4;7.40696969696942 * no_deblock;1;0.819967211780648;
4;610.408333333333 * no_asm + -329.950897435897 * ref_1 + -180.018076923076 * ref_5 + -7.01051282051341 * no_deblock + 63.4369230769238 * no_deblock * no_weightb;1.16899937736558;1.16899937736558;1.16899937736558;1.16899937736558;0.029181;6;63.4369230769238 * no_deblock * no_weightb;2;1.56373893762988;
5;610.408333333333 * no_asm + -334.487666666667 * ref_1 + -181.530333333333 * ref_5 + -3.98600000000047 * no_deblock + 61.9246666666672 * no_deblock * no_weightb + 19.6593333333332 * ref_1 * rc_lookahead_40;0.235256122517208;0.235256122517208;0.235256122517208;0.235256122517208;0.049824;8;19.6593333333332 * ref_1 * rc_lookahead_40;2;0.466871627424185;
Elapsed=00:00:00.0499711
Learning progress:
1;339.012083333333 * no_asm + 251.499583333333 * ref_9;15.0507449991341;15.0507449991341;15.0507449991341;15.0507449991341;0.001449;2;251.499583333333 * ref_9;1;31.7549664344506;
2;273.896666666666 * no_asm + 316.615 * ref_9 + 130.230833333333 * no_8x8dct;4.9675599928474;4.9675599928474;4.9675599928474;4.9675599928474;0.006281;3;130.230833333333 * no_8x8dct;1;10.0831850062867;
3;246.974047619047 * no_asm + 289.692380952381 * ref_9 + 143.692142857143 * no_8x8dct + 53.8452380952382 * no_weightb;1.79888914658729;1.79888914658729;1.79888914658729;1.79888914658729;0.015935;4;53.8452380952382 * no_weightb;1;3.16867084626011;
4;243.316333333333 * no_asm + 286.034666666667 * ref_9 + 132.719 * no_8x8dct + 61.1606666666668 * no_weightb + 51.2079999999995 * no_8x8dct * rc_lookahead_40;1.63778733716572;1.63778733716572;1.63778733716572;1.63778733716572;0.029184;6;51.2079999999995 * no_8x8dct * rc_lookahead_40;2;0.0805509047107876;
Elapsed=00:00:00.0293540
Learning progress:
1;438.169259259259 * no_asm + -168.585925925926 * rc_lookahead_60;2.38385306634511;2.38385306634511;2.38385306634511;2.38385306634511;0.002513;2;-168.585925925926 * rc_lookahead_60;1;55.3517931148012;
2;443.430833333333 * no_asm + -164.376666666667 * rc_lookahead_60 + -9.47083333333327 * no_mixed_refs;1.89124628575246;1.89124628575246;1.89124628575246;1.89124628575246;0.007639;3;-9.47083333333327 * no_mixed_refs;1;0.492606780592653;
3;443.430833333333 * no_asm + -166.235 * rc_lookahead_60 + -7.6125000000001 * no_mixed_refs + -9.29166666666613 * no_mixed_refs * ref_5;1.18907032045554;1.18907032045554;1.18907032045554;1.18907032045554;0.016589;5;-9.29166666666613 * no_mixed_refs * ref_5;2;0.351087982648459;
4;690.823333333333 * no_asm + -1.30666666666707 * rc_lookahead_60 + -90.0766666666669 * no_mixed_refs + 155.636666666667 * no_mixed_refs * ref_5 + -329.856666666666 * no_cabac;1.18907032045548;1.18907032045548;1.18907032045548;1.18907032045548;0.032465;6;-329.856666666666 * no_cabac;1;6.21724893790088E-14;
Elapsed=00:00:00.0326345
Learning progress:
1;561.275333333333 * no_asm + -284.037833333333 * ref_1;13.9201478820381;13.9201478820381;13.9201478820381;13.9201478820381;0.001668;2;-284.037833333333 * ref_1;1;38.7147176924704;
2;457.03 * no_asm + -179.7925 * ref_1 + 173.742222222222 * ref_9;5.77330803354616;5.77330803354616;5.77330803354616;5.77330803354616;0.007738;3;173.742222222222 * ref_9;1;8.14683984849195;
3;444.111666666667 * no_asm + -179.7925 * ref_1 + 160.823888888889 * ref_9 + 25.836666666667 * no_weightb;2.27982708262792;2.27982708262792;2.27982708262792;2.27982708262792;0.016475;4;25.836666666667 * no_weightb;1;3.49348095091823;
4;446.021703703703 * no_asm + -182.657555555556 * ref_1 + 158.913851851851 * ref_9 + 33.4768148148155 * no_weightb + -11.4602222222224 * no_weightb * rc_lookahead_20;2.07897810633773;2.07897810633773;2.07897810633773;2.07897810633773;0.030624;6;-11.4602222222224 * no_weightb * rc_lookahead_20;2;0.100424488145095;
Elapsed=00:00:00.0307758
Learning progress:
1;559.140833333333 * no_asm + -278.8175 * ref_1;9.52616666470452;9.52616666470452;9.52616666470452;9.52616666470452;0.001553;2;-278.8175 * ref_1;1;44.2913779782916;
2;559.140833333333 * no_asm + -274.675 * ref_1 + -20.7125000000004 * rc_lookahead_60;8.91905692745576;8.91905692745576;8.91905692745576;8.91905692745576;0.007433;3;-20.7125000000004 * rc_lookahead_60;1;0.607109737248757;
3;559.140833333333 * no_asm + -274.675 * ref_1 + -10.3562500000001 * rc_lookahead_60 + -10.3562500000001 * rc_lookahead_60 * no_weightb;8.75785136331357;8.75785136331357;8.75785136331357;8.75785136331357;0.016351;5;-10.3562500000001 * rc_lookahead_60 * no_weightb;2;0.0806027820710957;
Elapsed=00:00:00.0164764
Learning progress:
1;512.280666666667 * no_asm + -233.225333333333 * ref_1;12.4230465989307;12.4230465989307;12.4230465989307;12.4230465989307;0.001679;2;-233.225333333333 * ref_1;1;56.8935021023886;
2;610.408333333333 * no_asm + -331.353 * ref_1 + -163.54611111111 * ref_5;5.11644446440599;5.11644446440599;5.11644446440599;5.11644446440599;0.007241;3;-163.54611111111 * ref_5;1;7.30660213452471;
3;610.408333333334 * no_asm + -332.834393939394 * ref_1 + -168.48409090909 * ref_5 + 7.40696969696942 * no_deblock;4.29647725262534;4.29647725262534;4.29647725262534;4.29647725262534;0.015852;4;7.40696969696942 * no_deblock;1;0.819967211780648;
4;610.408333333333 * no_asm + -329.950897435897 * ref_1 + -180.018076923076 * ref_5 + -7.01051282051341 * no_deblock + 63.4369230769238 * no_deblock * no_weightb;1.16899937736558;1.16899937736558;1.16899937736558;1.16899937736558;0.029717;6;63.4369230769238 * no_deblock * no_weightb;2;1.56373893762988;
5;610.408333333333 * no_asm + -334.487666666667 * ref_1 + -181.530333333333 * ref_5 + -3.98600000000047 * no_deblock + 61.9246666666672 * no_deblock * no_weightb + 19.6593333333332 * ref_1 * rc_lookahead_40;0.235256122517208;0.235256122517208;0.235256122517208;0.235256122517208;0.050479;8;19.6593333333332 * ref_1 * rc_lookahead_40;2;0.466871627424185;
Elapsed=00:00:00.0506534
Learning progress:
1;339.012083333333 * no_asm + 251.499583333333 * ref_9;15.0507449991341;15.0507449991341;15.0507449991341;15.0507449991341;0.001396;2;251.499583333333 * ref_9;1;31.7549664344506;
2;273.896666666666 * no_asm + 316.615 * ref_9 + 130.230833333333 * no_8x8dct;4.9675599928474;4.9675599928474;4.9675599928474;4.9675599928474;0.007343;3;130.230833333333 * no_8x8dct;1;10.0831850062867;
3;246.974047619047 * no_asm + 289.692380952381 * ref_9 + 143.692142857143 * no_8x8dct + 53.8452380952382 * no_weightb;1.79888914658729;1.79888914658729;1.79888914658729;1.79888914658729;0.016098;4;53.8452380952382 * no_weightb;1;3.16867084626011;
4;243.316333333333 * no_asm + 286.034666666667 * ref_9 + 132.719 * no_8x8dct + 61.1606666666668 * no_weightb + 51.2079999999995 * no_8x8dct * rc_lookahead_40;1.63778733716572;1.63778733716572;1.63778733716572;1.63778733716572;0.03033;6;51.2079999999995 * no_8x8dct * rc_lookahead_40;2;0.0805509047107876;
Elapsed=00:00:00.0304670
Learning progress:
1;438.169259259259 * no_asm + -168.585925925926 * rc_lookahead_60;2.38385306634511;2.38385306634511;2.38385306634511;2.38385306634511;0.00162;2;-168.585925925926 * rc_lookahead_60;1;55.3517931148012;
2;443.430833333333 * no_asm + -164.376666666667 * rc_lookahead_60 + -9.47083333333327 * no_mixed_refs;1.89124628575246;1.89124628575246;1.89124628575246;1.89124628575246;0.006641;3;-9.47083333333327 * no_mixed_refs;1;0.492606780592653;
Elapsed=00:00:00.0067456
Learning progress:
1;561.275333333333 * no_asm + -284.037833333333 * ref_1;13.9201478820381;13.9201478820381;13.9201478820381;13.9201478820381;0.002613;2;-284.037833333333 * ref_1;1;38.7147176924704;
2;457.03 * no_asm + -179.7925 * ref_1 + 173.742222222222 * ref_9;5.77330803354616;5.77330803354616;5.77330803354616;5.77330803354616;0.007315;3;173.742222222222 * ref_9;1;8.14683984849195;
3;444.111666666667 * no_asm + -179.7925 * ref_1 + 160.823888888889 * ref_9 + 25.836666666667 * no_weightb;2.27982708262792;2.27982708262792;2.27982708262792;2.27982708262792;0.01617;4;25.836666666667 * no_weightb;1;3.49348095091823;
4;446.021703703703 * no_asm + -182.657555555556 * ref_1 + 158.913851851851 * ref_9 + 33.4768148148155 * no_weightb + -11.4602222222224 * no_weightb * rc_lookahead_20;2.07897810633773;2.07897810633773;2.07897810633773;2.07897810633773;0.030237;6;-11.4602222222224 * no_weightb * rc_lookahead_20;2;0.100424488145095;
5;427.243333333333 * no_asm + -154.49 * ref_1 + 197.811904761904 * ref_9 + 18.7223809523814 * no_weightb + -19.5080952380952 * no_weightb * rc_lookahead_20 + 60.3590476190474 * no_weightb * ref_5;1.27926620787854;1.27926620787854;1.27926620787854;1.27926620787854;0.051342;8;60.3590476190474 * no_weightb * ref_5;2;0.399855949229595;
6;427.243333333334 * no_asm + -157.66 * ref_1 + 194.641904761905 * ref_9 + 21.8923809523809 * no_weightb + -19.5080952380954 * no_weightb * rc_lookahead_20 + 57.1890476190475 * no_weightb * ref_5 + 6.33999999999956 * ref_1 * no_8x8dct;0.883021160941743;0.883021160941743;0.883021160941743;0.883021160941743;0.081097;10;6.33999999999956 * ref_1 * no_8x8dct;2;0.198122523468401;
Elapsed=00:00:00.0812626
Learning progress:
1;559.140833333333 * no_asm + -278.8175 * ref_1;9.52616666470452;9.52616666470452;9.52616666470452;9.52616666470452;0.001502;2;-278.8175 * ref_1;1;44.2913779782916;
2;559.140833333333 * no_asm + -274.675 * ref_1 + -20.7125000000004 * rc_lookahead_60;8.91905692745576;8.91905692745576;8.91905692745576;8.91905692745576;0.006409;3;-20.7125000000004 * rc_lookahead_60;1;0.607109737248757;
3;559.140833333333 * no_asm + -274.675 * ref_1 + -10.3562500000001 * rc_lookahead_60 + -10.3562500000001 * rc_lookahead_60 * no_weightb;8.75785136331357;8.75785136331357;8.75785136331357;8.75785136331357;0.016158;5;-10.3562500000001 * rc_lookahead_60 * no_weightb;2;0.0806027820710957;
Elapsed=00:00:00.0162849
Learning progress:
1;512.280666666667 * no_asm + -233.225333333333 * ref_1;12.4230465989307;12.4230465989307;12.4230465989307;12.4230465989307;0.001667;2;-233.225333333333 * ref_1;1;56.8935021023886;
2;610.408333333333 * no_asm + -331.353 * ref_1 + -163.54611111111 * ref_5;5.11644446440599;5.11644446440599;5.11644446440599;5.11644446440599;0.007552;3;-163.54611111111 * ref_5;1;7.30660213452471;
3;610.408333333334 * no_asm + -332.834393939394 * ref_1 + -168.48409090909 * ref_5 + 7.40696969696942 * no_deblock;4.29647725262534;4.29647725262534;4.29647725262534;4.29647725262534;0.01616;4;7.40696969696942 * no_deblock;1;0.819967211780648;
4;610.408333333333 * no_asm + -329.950897435897 * ref_1 + -180.018076923076 * ref_5 + -7.01051282051341 * no_deblock + 63.4369230769238 * no_deblock * no_weightb;1.16899937736558;1.16899937736558;1.16899937736558;1.16899937736558;0.029944;6;63.4369230769238 * no_deblock * no_weightb;2;1.56373893762988;
5;610.408333333333 * no_asm + -334.487666666667 * ref_1 + -181.530333333333 * ref_5 + -3.98600000000047 * no_deblock + 61.9246666666672 * no_deblock * no_weightb + 19.6593333333332 * ref_1 * rc_lookahead_40;0.235256122517208;0.235256122517208;0.235256122517208;0.235256122517208;0.050824;8;19.6593333333332 * ref_1 * rc_lookahead_40;2;0.466871627424185;
Elapsed=00:00:00.0509914
Learning progress:
1;339.012083333333 * no_asm + 251.499583333333 * ref_9;15.0507449991341;15.0507449991341;15.0507449991341;15.0507449991341;0.00167;2;251.499583333333 * ref_9;1;31.7549664344506;
2;273.896666666666 * no_asm + 316.615 * ref_9 + 130.230833333333 * no_8x8dct;4.9675599928474;4.9675599928474;4.9675599928474;4.9675599928474;0.007569;3;130.230833333333 * no_8x8dct;1;10.0831850062867;
3;246.974047619047 * no_asm + 289.692380952381 * ref_9 + 143.692142857143 * no_8x8dct + 53.8452380952382 * no_weightb;1.79888914658729;1.79888914658729;1.79888914658729;1.79888914658729;0.016402;4;53.8452380952382 * no_weightb;1;3.16867084626011;
4;243.316333333333 * no_asm + 286.034666666667 * ref_9 + 132.719 * no_8x8dct + 61.1606666666668 * no_weightb + 51.2079999999995 * no_8x8dct * rc_lookahead_40;1.63778733716572;1.63778733716572;1.63778733716572;1.63778733716572;0.030598;6;51.2079999999995 * no_8x8dct * rc_lookahead_40;2;0.0805509047107876;
Elapsed=00:00:00.0307512
Learning progress:
1;438.169259259259 * no_asm + -168.585925925926 * rc_lookahead_60;2.38385306634511;2.38385306634511;2.38385306634511;2.38385306634511;0.001432;2;-168.585925925926 * rc_lookahead_60;1;55.3517931148012;
2;443.430833333333 * no_asm + -164.376666666667 * rc_lookahead_60 + -9.47083333333327 * no_mixed_refs;1.89124628575246;1.89124628575246;1.89124628575246;1.89124628575246;0.006487;3;-9.47083333333327 * no_mixed_refs;1;0.492606780592653;
3;443.430833333333 * no_asm + -166.235 * rc_lookahead_60 + -7.6125000000001 * no_mixed_refs + -9.29166666666613 * no_mixed_refs * ref_5;1.18907032045554;1.18907032045554;1.18907032045554;1.18907032045554;0.016596;5;-9.29166666666613 * no_mixed_refs * ref_5;2;0.351087982648459;
4;690.823333333333 * no_asm + -1.30666666666707 * rc_lookahead_60 + -90.0766666666669 * no_mixed_refs + 155.636666666667 * no_mixed_refs * ref_5 + -329.856666666666 * no_cabac;1.18907032045548;1.18907032045548;1.18907032045548;1.18907032045548;0.032774;6;-329.856666666666 * no_cabac;1;6.21724893790088E-14;
Elapsed=00:00:00.0329454
Learning progress:
1;561.275333333333 * no_asm + -284.037833333333 * ref_1;13.9201478820381;13.9201478820381;13.9201478820381;13.9201478820381;0.001831;2;-284.037833333333 * ref_1;1;38.7147176924704;
2;457.03 * no_asm + -179.7925 * ref_1 + 173.742222222222 * ref_9;5.77330803354616;5.77330803354616;5.77330803354616;5.77330803354616;0.006467;3;173.742222222222 * ref_9;1;8.14683984849195;
3;444.111666666667 * no_asm + -179.7925 * ref_1 + 160.823888888889 * ref_9 + 25.836666666667 * no_weightb;2.27982708262792;2.27982708262792;2.27982708262792;2.27982708262792;0.016343;4;25.836666666667 * no_weightb;1;3.49348095091823;
4;446.021703703703 * no_asm + -182.657555555556 * ref_1 + 158.913851851851 * ref_9 + 33.4768148148155 * no_weightb + -11.4602222222224 * no_weightb * rc_lookahead_20;2.07897810633773;2.07897810633773;2.07897810633773;2.07897810633773;0.030824;6;-11.4602222222224 * no_weightb * rc_lookahead_20;2;0.100424488145095;
Elapsed=00:00:00.0309735
Learning progress:
1;559.140833333333 * no_asm + -278.8175 * ref_1;9.52616666470452;9.52616666470452;9.52616666470452;9.52616666470452;0.001494;2;-278.8175 * ref_1;1;44.2913779782916;
2;559.140833333333 * no_asm + -274.675 * ref_1 + -20.7125000000004 * rc_lookahead_60;8.91905692745576;8.91905692745576;8.91905692745576;8.91905692745576;0.006512;3;-20.7125000000004 * rc_lookahead_60;1;0.607109737248757;
3;559.140833333333 * no_asm + -274.675 * ref_1 + -10.3562500000001 * rc_lookahead_60 + -10.3562500000001 * rc_lookahead_60 * no_weightb;8.75785136331357;8.75785136331357;8.75785136331357;8.75785136331357;0.016482;5;-10.3562500000001 * rc_lookahead_60 * no_weightb;2;0.0806027820710957;
Elapsed=00:00:00.0166093
Learning progress:
1;512.280666666667 * no_asm + -233.225333333333 * ref_1;12.4230465989307;12.4230465989307;12.4230465989307;12.4230465989307;0.001436;2;-233.225333333333 * ref_1;1;56.8935021023886;
2;610.408333333333 * no_asm + -331.353 * ref_1 + -163.54611111111 * ref_5;5.11644446440599;5.11644446440599;5.11644446440599;5.11644446440599;0.006352;3;-163.54611111111 * ref_5;1;7.30660213452471;
3;610.408333333334 * no_asm + -332.834393939394 * ref_1 + -168.48409090909 * ref_5 + 7.40696969696942 * no_deblock;4.29647725262534;4.29647725262534;4.29647725262534;4.29647725262534;0.015933;4;7.40696969696942 * no_deblock;1;0.819967211780648;
4;610.408333333333 * no_asm + -329.950897435897 * ref_1 + -180.018076923076 * ref_5 + -7.01051282051341 * no_deblock + 63.4369230769238 * no_deblock * no_weightb;1.16899937736558;1.16899937736558;1.16899937736558;1.16899937736558;0.028943;6;63.4369230769238 * no_deblock * no_weightb;2;1.56373893762988;
5;610.408333333333 * no_asm + -334.487666666667 * ref_1 + -181.530333333333 * ref_5 + -3.98600000000047 * no_deblock + 61.9246666666672 * no_deblock * no_weightb + 19.6593333333332 * ref_1 * rc_lookahead_40;0.235256122517208;0.235256122517208;0.235256122517208;0.235256122517208;0.050642;8;19.6593333333332 * ref_1 * rc_lookahead_40;2;0.466871627424185;
Elapsed=00:00:00.0507853
Learning progress:
1;339.012083333333 * no_asm + 251.499583333333 * ref_9;15.0507449991341;15.0507449991341;15.0507449991341;15.0507449991341;0.001419;2;251.499583333333 * ref_9;1;31.7549664344506;
2;273.896666666666 * no_asm + 316.615 * ref_9 + 130.230833333333 * no_8x8dct;4.9675599928474;4.9675599928474;4.9675599928474;4.9675599928474;0.006354;3;130.230833333333 * no_8x8dct;1;10.0831850062867;
3;246.974047619047 * no_asm + 289.692380952381 * ref_9 + 143.692142857143 * no_8x8dct + 53.8452380952382 * no_weightb;1.79888914658729;1.79888914658729;1.79888914658729;1.79888914658729;0.016111;4;53.8452380952382 * no_weightb;1;3.16867084626011;
4;243.316333333333 * no_asm + 286.034666666667 * ref_9 + 132.719 * no_8x8dct + 61.1606666666668 * no_weightb + 51.2079999999995 * no_8x8dct * rc_lookahead_40;1.63778733716572;1.63778733716572;1.63778733716572;1.63778733716572;0.029369;6;51.2079999999995 * no_8x8dct * rc_lookahead_40;2;0.0805509047107876;
Elapsed=00:00:00.0295351
Learning progress:
1;438.169259259259 * no_asm + -168.585925925926 * rc_lookahead_60;2.38385306634511;2.38385306634511;2.38385306634511;2.38385306634511;0.00144;2;-168.585925925926 * rc_lookahead_60;1;55.3517931148012;
2;443.430833333333 * no_asm + -164.376666666667 * rc_lookahead_60 + -9.47083333333327 * no_mixed_refs;1.89124628575246;1.89124628575246;1.89124628575246;1.89124628575246;0.006599;3;-9.47083333333327 * no_mixed_refs;1;0.492606780592653;
3;443.430833333333 * no_asm + -166.235 * rc_lookahead_60 + -7.6125000000001 * no_mixed_refs + -9.29166666666613 * no_mixed_refs * ref_5;1.18907032045554;1.18907032045554;1.18907032045554;1.18907032045554;0.015542;5;-9.29166666666613 * no_mixed_refs * ref_5;2;0.351087982648459;
4;690.823333333333 * no_asm + -1.30666666666707 * rc_lookahead_60 + -90.0766666666669 * no_mixed_refs + 155.636666666667 * no_mixed_refs * ref_5 + -329.856666666666 * no_cabac;1.18907032045548;1.18907032045548;1.18907032045548;1.18907032045548;0.031376;6;-329.856666666666 * no_cabac;1;6.21724893790088E-14;
Elapsed=00:00:00.0315330
Learning progress:
1;561.275333333333 * no_asm + -284.037833333333 * ref_1;13.9201478820381;13.9201478820381;13.9201478820381;13.9201478820381;0.002438;2;-284.037833333333 * ref_1;1;38.7147176924704;
2;457.03 * no_asm + -179.7925 * ref_1 + 173.742222222222 * ref_9;5.77330803354616;5.77330803354616;5.77330803354616;5.77330803354616;0.007087;3;173.742222222222 * ref_9;1;8.14683984849195;
3;444.111666666667 * no_asm + -179.7925 * ref_1 + 160.823888888889 * ref_9 + 25.836666666667 * no_weightb;2.27982708262792;2.27982708262792;2.27982708262792;2.27982708262792;0.015905;4;25.836666666667 * no_weightb;1;3.49348095091823;
4;446.021703703703 * no_asm + -182.657555555556 * ref_1 + 158.913851851851 * ref_9 + 33.4768148148155 * no_weightb + -11.4602222222224 * no_weightb * rc_lookahead_20;2.07897810633773;2.07897810633773;2.07897810633773;2.07897810633773;0.029869;6;-11.4602222222224 * no_weightb * rc_lookahead_20;2;0.100424488145095;
Elapsed=00:00:00.0300297
Learning progress:
1;559.140833333333 * no_asm + -278.8175 * ref_1;9.52616666470452;9.52616666470452;9.52616666470452;9.52616666470452;0.001509;2;-278.8175 * ref_1;1;44.2913779782916;
2;559.140833333333 * no_asm + -274.675 * ref_1 + -20.7125000000004 * rc_lookahead_60;8.91905692745576;8.91905692745576;8.91905692745576;8.91905692745576;0.007365;3;-20.7125000000004 * rc_lookahead_60;1;0.607109737248757;
3;559.140833333333 * no_asm + -274.675 * ref_1 + -10.3562500000001 * rc_lookahead_60 + -10.3562500000001 * rc_lookahead_60 * no_weightb;8.75785136331357;8.75785136331357;8.75785136331357;8.75785136331357;0.016219;5;-10.3562500000001 * rc_lookahead_60 * no_weightb;2;0.0806027820710957;
Elapsed=00:00:00.0163432
Learning progress:
1;512.280666666667 * no_asm + -233.225333333333 * ref_1;12.4230465989307;12.4230465989307;12.4230465989307;12.4230465989307;0.001438;2;-233.225333333333 * ref_1;1;56.8935021023886;
2;610.408333333333 * no_asm + -331.353 * ref_1 + -163.54611111111 * ref_5;5.11644446440599;5.11644446440599;5.11644446440599;5.11644446440599;0.007189;3;-163.54611111111 * ref_5;1;7.30660213452471;
3;610.408333333334 * no_asm + -332.834393939394 * ref_1 + -168.48409090909 * ref_5 + 7.40696969696942 * no_deblock;4.29647725262534;4.29647725262534;4.29647725262534;4.29647725262534;0.015872;4;7.40696969696942 * no_deblock;1;0.819967211780648;
4;610.408333333333 * no_asm + -329.950897435897 * ref_1 + -180.018076923076 * ref_5 + -7.01051282051341 * no_deblock + 63.4369230769238 * no_deblock * no_weightb;1.16899937736558;1.16899937736558;1.16899937736558;1.16899937736558;0.029917;6;63.4369230769238 * no_deblock * no_weightb;2;1.56373893762988;
5;610.408333333333 * no_asm + -334.487666666667 * ref_1 + -181.530333333333 * ref_5 + -3.98600000000047 * no_deblock + 61.9246666666672 * no_deblock * no_weightb + 19.6593333333332 * ref_1 * rc_lookahead_40;0.235256122517208;0.235256122517208;0.235256122517208;0.235256122517208;0.050777;8;19.6593333333332 * ref_1 * rc_lookahead_40;2;0.466871627424185;
Elapsed=00:00:00.0509200
Learning progress:
1;339.012083333333 * no_asm + 251.499583333333 * ref_9;15.0507449991341;15.0507449991341;15.0507449991341;15.0507449991341;0.001503;2;251.499583333333 * ref_9;1;31.7549664344506;
2;273.896666666666 * no_asm + 316.615 * ref_9 + 130.230833333333 * no_8x8dct;4.9675599928474;4.9675599928474;4.9675599928474;4.9675599928474;0.007296;3;130.230833333333 * no_8x8dct;1;10.0831850062867;
3;246.974047619047 * no_asm + 289.692380952381 * ref_9 + 143.692142857143 * no_8x8dct + 53.8452380952382 * no_weightb;1.79888914658729;1.79888914658729;1.79888914658729;1.79888914658729;0.016089;4;53.8452380952382 * no_weightb;1;3.16867084626011;
4;243.316333333333 * no_asm + 286.034666666667 * ref_9 + 132.719 * no_8x8dct + 61.1606666666668 * no_weightb + 51.2079999999995 * no_8x8dct * rc_lookahead_40;1.63778733716572;1.63778733716572;1.63778733716572;1.63778733716572;0.030466;6;51.2079999999995 * no_8x8dct * rc_lookahead_40;2;0.0805509047107876;
Elapsed=00:00:00.0306168
Learning progress:
1;438.169259259259 * no_asm + -168.585925925926 * rc_lookahead_60;2.38385306634511;2.38385306634511;2.38385306634511;2.38385306634511;0.001425;2;-168.585925925926 * rc_lookahead_60;1;55.3517931148012;
2;443.430833333333 * no_asm + -164.376666666667 * rc_lookahead_60 + -9.47083333333327 * no_mixed_refs;1.89124628575246;1.89124628575246;1.89124628575246;1.89124628575246;0.006417;3;-9.47083333333327 * no_mixed_refs;1;0.492606780592653;
Elapsed=00:00:00.0065251
Learning progress:
1;561.275333333333 * no_asm + -284.037833333333 * ref_1;13.9201478820381;13.9201478820381;13.9201478820381;13.9201478820381;0.001522;2;-284.037833333333 * ref_1;1;38.7147176924704;
2;457.03 * no_asm + -179.7925 * ref_1 + 173.742222222222 * ref_9;5.77330803354616;5.77330803354616;5.77330803354616;5.77330803354616;0.006155;3;173.742222222222 * ref_9;1;8.14683984849195;
3;444.111666666667 * no_asm + -179.7925 * ref_1 + 160.823888888889 * ref_9 + 25.836666666667 * no_weightb;2.27982708262792;2.27982708262792;2.27982708262792;2.27982708262792;0.015745;4;25.836666666667 * no_weightb;1;3.49348095091823;
4;446.021703703703 * no_asm + -182.657555555556 * ref_1 + 158.913851851851 * ref_9 + 33.4768148148155 * no_weightb + -11.4602222222224 * no_weightb * rc_lookahead_20;2.07897810633773;2.07897810633773;2.07897810633773;2.07897810633773;0.028825;6;-11.4602222222224 * no_weightb * rc_lookahead_20;2;0.100424488145095;
5;427.243333333333 * no_asm + -154.49 * ref_1 + 197.811904761904 * ref_9 + 18.7223809523814 * no_weightb + -19.5080952380952 * no_weightb * rc_lookahead_20 + 60.3590476190474 * no_weightb * ref_5;1.27926620787854;1.27926620787854;1.27926620787854;1.27926620787854;0.051046;8;60.3590476190474 * no_weightb * ref_5;2;0.399855949229595;
6;427.243333333334 * no_asm + -157.66 * ref_1 + 194.641904761905 * ref_9 + 21.8923809523809 * no_weightb + -19.5080952380954 * no_weightb * rc_lookahead_20 + 57.1890476190475 * no_weightb * ref_5 + 6.33999999999956 * ref_1 * no_8x8dct;0.883021160941743;0.883021160941743;0.883021160941743;0.883021160941743;0.079837;10;6.33999999999956 * ref_1 * no_8x8dct;2;0.198122523468401;
Elapsed=00:00:00.0800125
Learning progress:
1;559.140833333333 * no_asm + -278.8175 * ref_1;9.52616666470452;9.52616666470452;9.52616666470452;9.52616666470452;0.001464;2;-278.8175 * ref_1;1;44.2913779782916;
2;559.140833333333 * no_asm + -274.675 * ref_1 + -20.7125000000004 * rc_lookahead_60;8.91905692745576;8.91905692745576;8.91905692745576;8.91905692745576;0.007353;3;-20.7125000000004 * rc_lookahead_60;1;0.607109737248757;
3;559.140833333333 * no_asm + -274.675 * ref_1 + -10.3562500000001 * rc_lookahead_60 + -10.3562500000001 * rc_lookahead_60 * no_weightb;8.75785136331357;8.75785136331357;8.75785136331357;8.75785136331357;0.016293;5;-10.3562500000001 * rc_lookahead_60 * no_weightb;2;0.0806027820710957;
Elapsed=00:00:00.0164370
Learning progress:
1;512.280666666667 * no_asm + -233.225333333333 * ref_1;12.4230465989307;12.4230465989307;12.4230465989307;12.4230465989307;0.001452;2;-233.225333333333 * ref_1;1;56.8935021023886;
2;610.408333333333 * no_asm + -331.353 * ref_1 + -163.54611111111 * ref_5;5.11644446440599;5.11644446440599;5.11644446440599;5.11644446440599;0.007438;3;-163.54611111111 * ref_5;1;7.30660213452471;
3;610.408333333334 * no_asm + -332.834393939394 * ref_1 + -168.48409090909 * ref_5 + 7.40696969696942 * no_deblock;4.29647725262534;4.29647725262534;4.29647725262534;4.29647725262534;0.016175;4;7.40696969696942 * no_deblock;1;0.819967211780648;
4;610.408333333333 * no_asm + -329.950897435897 * ref_1 + -180.018076923076 * ref_5 + -7.01051282051341 * no_deblock + 63.4369230769238 * no_deblock * no_weightb;1.16899937736558;1.16899937736558;1.16899937736558;1.16899937736558;0.03019;6;63.4369230769238 * no_deblock * no_weightb;2;1.56373893762988;
5;610.408333333333 * no_asm + -334.487666666667 * ref_1 + -181.530333333333 * ref_5 + -3.98600000000047 * no_deblock + 61.9246666666672 * no_deblock * no_weightb + 19.6593333333332 * ref_1 * rc_lookahead_40;0.235256122517208;0.235256122517208;0.235256122517208;0.235256122517208;0.051064;8;19.6593333333332 * ref_1 * rc_lookahead_40;2;0.466871627424185;
Elapsed=00:00:00.0512294
Learning progress:
1;339.012083333333 * no_asm + 251.499583333333 * ref_9;15.0507449991341;15.0507449991341;15.0507449991341;15.0507449991341;0.001628;2;251.499583333333 * ref_9;1;31.7549664344506;
2;273.896666666666 * no_asm + 316.615 * ref_9 + 130.230833333333 * no_8x8dct;4.9675599928474;4.9675599928474;4.9675599928474;4.9675599928474;0.007564;3;130.230833333333 * no_8x8dct;1;10.0831850062867;
3;246.974047619047 * no_asm + 289.692380952381 * ref_9 + 143.692142857143 * no_8x8dct + 53.8452380952382 * no_weightb;1.79888914658729;1.79888914658729;1.79888914658729;1.79888914658729;0.018428;4;53.8452380952382 * no_weightb;1;3.16867084626011;
4;243.316333333333 * no_asm + 286.034666666667 * ref_9 + 132.719 * no_8x8dct + 61.1606666666668 * no_weightb + 51.2079999999995 * no_8x8dct * rc_lookahead_40;1.63778733716572;1.63778733716572;1.63778733716572;1.63778733716572;0.0333;6;51.2079999999995 * no_8x8dct * rc_lookahead_40;2;0.0805509047107876;
Elapsed=00:00:00.0334729
Learning progress:
1;438.169259259259 * no_asm + -168.585925925926 * rc_lookahead_60;2.38385306634511;2.38385306634511;2.38385306634511;2.38385306634511;0.001617;2;-168.585925925926 * rc_lookahead_60;1;55.3517931148012;
2;443.430833333333 * no_asm + -164.376666666667 * rc_lookahead_60 + -9.47083333333327 * no_mixed_refs;1.89124628575246;1.89124628575246;1.89124628575246;1.89124628575246;0.006553;3;-9.47083333333327 * no_mixed_refs;1;0.492606780592653;
3;443.430833333333 * no_asm + -166.235 * rc_lookahead_60 + -7.6125000000001 * no_mixed_refs + -9.29166666666613 * no_mixed_refs * ref_5;1.18907032045554;1.18907032045554;1.18907032045554;1.18907032045554;0.016589;5;-9.29166666666613 * no_mixed_refs * ref_5;2;0.351087982648459;
4;690.823333333333 * no_asm + -1.30666666666707 * rc_lookahead_60 + -90.0766666666669 * no_mixed_refs + 155.636666666667 * no_mixed_refs * ref_5 + -329.856666666666 * no_cabac;1.18907032045548;1.18907032045548;1.18907032045548;1.18907032045548;0.032647;6;-329.856666666666 * no_cabac;1;6.21724893790088E-14;
Elapsed=00:00:00.0328154
Learning progress:
1;561.275333333333 * no_asm + -284.037833333333 * ref_1;13.9201478820381;13.9201478820381;13.9201478820381;13.9201478820381;0.001663;2;-284.037833333333 * ref_1;1;38.7147176924704;
2;457.03 * no_asm + -179.7925 * ref_1 + 173.742222222222 * ref_9;5.77330803354616;5.77330803354616;5.77330803354616;5.77330803354616;0.006375;3;173.742222222222 * ref_9;1;8.14683984849195;
3;444.111666666667 * no_asm + -179.7925 * ref_1 + 160.823888888889 * ref_9 + 25.836666666667 * no_weightb;2.27982708262792;2.27982708262792;2.27982708262792;2.27982708262792;0.01612;4;25.836666666667 * no_weightb;1;3.49348095091823;
4;446.021703703703 * no_asm + -182.657555555556 * ref_1 + 158.913851851851 * ref_9 + 33.4768148148155 * no_weightb + -11.4602222222224 * no_weightb * rc_lookahead_20;2.07897810633773;2.07897810633773;2.07897810633773;2.07897810633773;0.03046;6;-11.4602222222224 * no_weightb * rc_lookahead_20;2;0.100424488145095;
Elapsed=00:00:00.0306147
Learning progress:
1;559.140833333333 * no_asm + -278.8175 * ref_1;9.52616666470452;9.52616666470452;9.52616666470452;9.52616666470452;0.001476;2;-278.8175 * ref_1;1;44.2913779782916;
2;559.140833333333 * no_asm + -274.675 * ref_1 + -20.7125000000004 * rc_lookahead_60;8.91905692745576;8.91905692745576;8.91905692745576;8.91905692745576;0.006164;3;-20.7125000000004 * rc_lookahead_60;1;0.607109737248757;
3;559.140833333333 * no_asm + -274.675 * ref_1 + -10.3562500000001 * rc_lookahead_60 + -10.3562500000001 * rc_lookahead_60 * no_weightb;8.75785136331357;8.75785136331357;8.75785136331357;8.75785136331357;0.015932;5;-10.3562500000001 * rc_lookahead_60 * no_weightb;2;0.0806027820710957;
Elapsed=00:00:00.0160552
Learning progress:
1;512.280666666667 * no_asm + -233.225333333333 * ref_1;12.4230465989307;12.4230465989307;12.4230465989307;12.4230465989307;0.001447;2;-233.225333333333 * ref_1;1;56.8935021023886;
2;610.408333333333 * no_asm + -331.353 * ref_1 + -163.54611111111 * ref_5;5.11644446440599;5.11644446440599;5.11644446440599;5.11644446440599;0.00614;3;-163.54611111111 * ref_5;1;7.30660213452471;
3;610.408333333334 * no_asm + -332.834393939394 * ref_1 + -168.48409090909 * ref_5 + 7.40696969696942 * no_deblock;4.29647725262534;4.29647725262534;4.29647725262534;4.29647725262534;0.015821;4;7.40696969696942 * no_deblock;1;0.819967211780648;
4;610.408333333333 * no_asm + -329.950897435897 * ref_1 + -180.018076923076 * ref_5 + -7.01051282051341 * no_deblock + 63.4369230769238 * no_deblock * no_weightb;1.16899937736558;1.16899937736558;1.16899937736558;1.16899937736558;0.029921;6;63.4369230769238 * no_deblock * no_weightb;2;1.56373893762988;
5;610.408333333333 * no_asm + -334.487666666667 * ref_1 + -181.530333333333 * ref_5 + -3.98600000000047 * no_deblock + 61.9246666666672 * no_deblock * no_weightb + 19.6593333333332 * ref_1 * rc_lookahead_40;0.235256122517208;0.235256122517208;0.235256122517208;0.235256122517208;0.050772;8;19.6593333333332 * ref_1 * rc_lookahead_40;2;0.466871627424185;
Elapsed=00:00:00.0509132
Learning progress:
1;339.012083333333 * no_asm + 251.499583333333 * ref_9;15.0507449991341;15.0507449991341;15.0507449991341;15.0507449991341;0.001443;2;251.499583333333 * ref_9;1;31.7549664344506;
2;273.896666666666 * no_asm + 316.615 * ref_9 + 130.230833333333 * no_8x8dct;4.9675599928474;4.9675599928474;4.9675599928474;4.9675599928474;0.00631;3;130.230833333333 * no_8x8dct;1;10.0831850062867;
3;246.974047619047 * no_asm + 289.692380952381 * ref_9 + 143.692142857143 * no_8x8dct + 53.8452380952382 * no_weightb;1.79888914658729;1.79888914658729;1.79888914658729;1.79888914658729;0.016226;4;53.8452380952382 * no_weightb;1;3.16867084626011;
4;243.316333333333 * no_asm + 286.034666666667 * ref_9 + 132.719 * no_8x8dct + 61.1606666666668 * no_weightb + 51.2079999999995 * no_8x8dct * rc_lookahead_40;1.63778733716572;1.63778733716572;1.63778733716572;1.63778733716572;0.030772;6;51.2079999999995 * no_8x8dct * rc_lookahead_40;2;0.0805509047107876;
Elapsed=00:00:00.0309089
Learning progress:
1;438.169259259259 * no_asm + -168.585925925926 * rc_lookahead_60;2.38385306634511;2.38385306634511;2.38385306634511;2.38385306634511;0.001442;2;-168.585925925926 * rc_lookahead_60;1;55.3517931148012;
2;443.430833333333 * no_asm + -164.376666666667 * rc_lookahead_60 + -9.47083333333327 * no_mixed_refs;1.89124628575246;1.89124628575246;1.89124628575246;1.89124628575246;0.006406;3;-9.47083333333327 * no_mixed_refs;1;0.492606780592653;
3;443.430833333333 * no_asm + -166.235 * rc_lookahead_60 + -7.6125000000001 * no_mixed_refs + -9.29166666666613 * no_mixed_refs * ref_5;1.18907032045554;1.18907032045554;1.18907032045554;1.18907032045554;0.016362;5;-9.29166666666613 * no_mixed_refs * ref_5;2;0.351087982648459;
4;690.823333333333 * no_asm + -1.30666666666707 * rc_lookahead_60 + -90.0766666666669 * no_mixed_refs + 155.636666666667 * no_mixed_refs * ref_5 + -329.856666666666 * no_cabac;1.18907032045548;1.18907032045548;1.18907032045548;1.18907032045548;0.031305;6;-329.856666666666 * no_cabac;1;6.21724893790088E-14;
Elapsed=00:00:00.0314591
Learning progress:
1;561.275333333333 * no_asm + -284.037833333333 * ref_1;13.9201478820381;13.9201478820381;13.9201478820381;13.9201478820381;0.002561;2;-284.037833333333 * ref_1;1;38.7147176924704;
2;457.03 * no_asm + -179.7925 * ref_1 + 173.742222222222 * ref_9;5.77330803354616;5.77330803354616;5.77330803354616;5.77330803354616;0.007176;3;173.742222222222 * ref_9;1;8.14683984849195;
3;444.111666666667 * no_asm + -179.7925 * ref_1 + 160.823888888889 * ref_9 + 25.836666666667 * no_weightb;2.27982708262792;2.27982708262792;2.27982708262792;2.27982708262792;0.01593;4;25.836666666667 * no_weightb;1;3.49348095091823;
4;446.021703703703 * no_asm + -182.657555555556 * ref_1 + 158.913851851851 * ref_9 + 33.4768148148155 * no_weightb + -11.4602222222224 * no_weightb * rc_lookahead_20;2.07897810633773;2.07897810633773;2.07897810633773;2.07897810633773;0.030087;6;-11.4602222222224 * no_weightb * rc_lookahead_20;2;0.100424488145095;
Elapsed=00:00:00.0302288
Learning progress:
1;559.140833333333 * no_asm + -278.8175 * ref_1;9.52616666470452;9.52616666470452;9.52616666470452;9.52616666470452;0.001656;2;-278.8175 * ref_1;1;44.2913779782916;
2;559.140833333333 * no_asm + -274.675 * ref_1 + -20.7125000000004 * rc_lookahead_60;8.91905692745576;8.91905692745576;8.91905692745576;8.91905692745576;0.007529;3;-20.7125000000004 * rc_lookahead_60;1;0.607109737248757;
3;559.140833333333 * no_asm + -274.675 * ref_1 + -10.3562500000001 * rc_lookahead_60 + -10.3562500000001 * rc_lookahead_60 * no_weightb;8.75785136331357;8.75785136331357;8.75785136331357;8.75785136331357;0.016473;5;-10.3562500000001 * rc_lookahead_60 * no_weightb;2;0.0806027820710957;
Elapsed=00:00:00.0166172
Learning progress:
1;512.280666666667 * no_asm + -233.225333333333 * ref_1;12.4230465989307;12.4230465989307;12.4230465989307;12.4230465989307;0.001423;2;-233.225333333333 * ref_1;1;56.8935021023886;
2;610.408333333333 * no_asm + -331.353 * ref_1 + -163.54611111111 * ref_5;5.11644446440599;5.11644446440599;5.11644446440599;5.11644446440599;0.007161;3;-163.54611111111 * ref_5;1;7.30660213452471;
3;610.408333333334 * no_asm + -332.834393939394 * ref_1 + -168.48409090909 * ref_5 + 7.40696969696942 * no_deblock;4.29647725262534;4.29647725262534;4.29647725262534;4.29647725262534;0.015798;4;7.40696969696942 * no_deblock;1;0.819967211780648;
4;610.408333333333 * no_asm + -329.950897435897 * ref_1 + -180.018076923076 * ref_5 + -7.01051282051341 * no_deblock + 63.4369230769238 * no_deblock * no_weightb;1.16899937736558;1.16899937736558;1.16899937736558;1.16899937736558;0.029511;6;63.4369230769238 * no_deblock * no_weightb;2;1.56373893762988;
5;610.408333333333 * no_asm + -334.487666666667 * ref_1 + -181.530333333333 * ref_5 + -3.98600000000047 * no_deblock + 61.9246666666672 * no_deblock * no_weightb + 19.6593333333332 * ref_1 * rc_lookahead_40;0.235256122517208;0.235256122517208;0.235256122517208;0.235256122517208;0.050439;8;19.6593333333332 * ref_1 * rc_lookahead_40;2;0.466871627424185;
Elapsed=00:00:00.0506035
Learning progress:
1;339.012083333333 * no_asm + 251.499583333333 * ref_9;15.0507449991341;15.0507449991341;15.0507449991341;15.0507449991341;0.001395;2;251.499583333333 * ref_9;1;31.7549664344506;
2;273.896666666666 * no_asm + 316.615 * ref_9 + 130.230833333333 * no_8x8dct;4.9675599928474;4.9675599928474;4.9675599928474;4.9675599928474;0.007332;3;130.230833333333 * no_8x8dct;1;10.0831850062867;
3;246.974047619047 * no_asm + 289.692380952381 * ref_9 + 143.692142857143 * no_8x8dct + 53.8452380952382 * no_weightb;1.79888914658729;1.79888914658729;1.79888914658729;1.79888914658729;0.016024;4;53.8452380952382 * no_weightb;1;3.16867084626011;
4;243.316333333333 * no_asm + 286.034666666667 * ref_9 + 132.719 * no_8x8dct + 61.1606666666668 * no_weightb + 51.2079999999995 * no_8x8dct * rc_lookahead_40;1.63778733716572;1.63778733716572;1.63778733716572;1.63778733716572;0.029939;6;51.2079999999995 * no_8x8dct * rc_lookahead_40;2;0.0805509047107876;
Elapsed=00:00:00.0300826
Learning progress:
1;438.169259259259 * no_asm + -168.585925925926 * rc_lookahead_60;2.38385306634511;2.38385306634511;2.38385306634511;2.38385306634511;0.001481;2;-168.585925925926 * rc_lookahead_60;1;55.3517931148012;
2;443.430833333333 * no_asm + -164.376666666667 * rc_lookahead_60 + -9.47083333333327 * no_mixed_refs;1.89124628575246;1.89124628575246;1.89124628575246;1.89124628575246;0.007523;3;-9.47083333333327 * no_mixed_refs;1;0.492606780592653;
Elapsed=00:00:00.0076301
Learning progress:
1;561.275333333333 * no_asm + -284.037833333333 * ref_1;13.9201478820381;13.9201478820381;13.9201478820381;13.9201478820381;0.001502;2;-284.037833333333 * ref_1;1;38.7147176924704;
2;457.03 * no_asm + -179.7925 * ref_1 + 173.742222222222 * ref_9;5.77330803354616;5.77330803354616;5.77330803354616;5.77330803354616;0.006098;3;173.742222222222 * ref_9;1;8.14683984849195;
3;444.111666666667 * no_asm + -179.7925 * ref_1 + 160.823888888889 * ref_9 + 25.836666666667 * no_weightb;2.27982708262792;2.27982708262792;2.27982708262792;2.27982708262792;0.015725;4;25.836666666667 * no_weightb;1;3.49348095091823;
4;446.021703703703 * no_asm + -182.657555555556 * ref_1 + 158.913851851851 * ref_9 + 33.4768148148155 * no_weightb + -11.4602222222224 * no_weightb * rc_lookahead_20;2.07897810633773;2.07897810633773;2.07897810633773;2.07897810633773;0.028887;6;-11.4602222222224 * no_weightb * rc_lookahead_20;2;0.100424488145095;
5;427.243333333333 * no_asm + -154.49 * ref_1 + 197.811904761904 * ref_9 + 18.7223809523814 * no_weightb + -19.5080952380952 * no_weightb * rc_lookahead_20 + 60.3590476190474 * no_weightb * ref_5;1.27926620787854;1.27926620787854;1.27926620787854;1.27926620787854;0.051096;8;60.3590476190474 * no_weightb * ref_5;2;0.399855949229595;
6;427.243333333334 * no_asm + -157.66 * ref_1 + 194.641904761905 * ref_9 + 21.8923809523809 * no_weightb + -19.5080952380954 * no_weightb * rc_lookahead_20 + 57.1890476190475 * no_weightb * ref_5 + 6.33999999999956 * ref_1 * no_8x8dct;0.883021160941743;0.883021160941743;0.883021160941743;0.883021160941743;0.080063;10;6.33999999999956 * ref_1 * no_8x8dct;2;0.198122523468401;
Elapsed=00:00:00.0802357
Learning progress:
1;559.140833333333 * no_asm + -278.8175 * ref_1;9.52616666470452;9.52616666470452;9.52616666470452;9.52616666470452;0.001479;2;-278.8175 * ref_1;1;44.2913779782916;
2;559.140833333333 * no_asm + -274.675 * ref_1 + -20.7125000000004 * rc_lookahead_60;8.91905692745576;8.91905692745576;8.91905692745576;8.91905692745576;0.007163;3;-20.7125000000004 * rc_lookahead_60;1;0.607109737248757;
3;559.140833333333 * no_asm + -274.675 * ref_1 + -10.3562500000001 * rc_lookahead_60 + -10.3562500000001 * rc_lookahead_60 * no_weightb;8.75785136331357;8.75785136331357;8.75785136331357;8.75785136331357;0.016014;5;-10.3562500000001 * rc_lookahead_60 * no_weightb;2;0.0806027820710957;
Elapsed=00:00:00.0161496
Learning progress:
1;512.280666666667 * no_asm + -233.225333333333 * ref_1;12.4230465989307;12.4230465989307;12.4230465989307;12.4230465989307;0.001446;2;-233.225333333333 * ref_1;1;56.8935021023886;
2;610.408333333333 * no_asm + -331.353 * ref_1 + -163.54611111111 * ref_5;5.11644446440599;5.11644446440599;5.11644446440599;5.11644446440599;0.0071;3;-163.54611111111 * ref_5;1;7.30660213452471;
3;610.408333333334 * no_asm + -332.834393939394 * ref_1 + -168.48409090909 * ref_5 + 7.40696969696942 * no_deblock;4.29647725262534;4.29647725262534;4.29647725262534;4.29647725262534;0.015752;4;7.40696969696942 * no_deblock;1;0.819967211780648;
4;610.408333333333 * no_asm + -329.950897435897 * ref_1 + -180.018076923076 * ref_5 + -7.01051282051341 * no_deblock + 63.4369230769238 * no_deblock * no_weightb;1.16899937736558;1.16899937736558;1.16899937736558;1.16899937736558;0.029634;6;63.4369230769238 * no_deblock * no_weightb;2;1.56373893762988;
5;610.408333333333 * no_asm + -334.487666666667 * ref_1 + -181.530333333333 * ref_5 + -3.98600000000047 * no_deblock + 61.9246666666672 * no_deblock * no_weightb + 19.6593333333332 * ref_1 * rc_lookahead_40;0.235256122517208;0.235256122517208;0.235256122517208;0.235256122517208;0.050585;8;19.6593333333332 * ref_1 * rc_lookahead_40;2;0.466871627424185;
Elapsed=00:00:00.0507555
Learning progress:
1;339.012083333333 * no_asm + 251.499583333333 * ref_9;15.0507449991341;15.0507449991341;15.0507449991341;15.0507449991341;0.001455;2;251.499583333333 * ref_9;1;31.7549664344506;
2;273.896666666666 * no_asm + 316.615 * ref_9 + 130.230833333333 * no_8x8dct;4.9675599928474;4.9675599928474;4.9675599928474;4.9675599928474;0.007274;3;130.230833333333 * no_8x8dct;1;10.0831850062867;
3;246.974047619047 * no_asm + 289.692380952381 * ref_9 + 143.692142857143 * no_8x8dct + 53.8452380952382 * no_weightb;1.79888914658729;1.79888914658729;1.79888914658729;1.79888914658729;0.016006;4;53.8452380952382 * no_weightb;1;3.16867084626011;
4;243.316333333333 * no_asm + 286.034666666667 * ref_9 + 132.719 * no_8x8dct + 61.1606666666668 * no_weightb + 51.2079999999995 * no_8x8dct * rc_lookahead_40;1.63778733716572;1.63778733716572;1.63778733716572;1.63778733716572;0.030137;6;51.2079999999995 * no_8x8dct * rc_lookahead_40;2;0.0805509047107876;
Elapsed=00:00:00.0302983
Learning progress:
1;438.169259259259 * no_asm + -168.585925925926 * rc_lookahead_60;2.38385306634511;2.38385306634511;2.38385306634511;2.38385306634511;0.001396;2;-168.585925925926 * rc_lookahead_60;1;55.3517931148012;
2;443.430833333333 * no_asm + -164.376666666667 * rc_lookahead_60 + -9.47083333333327 * no_mixed_refs;1.89124628575246;1.89124628575246;1.89124628575246;1.89124628575246;0.006397;3;-9.47083333333327 * no_mixed_refs;1;0.492606780592653;
3;443.430833333333 * no_asm + -166.235 * rc_lookahead_60 + -7.6125000000001 * no_mixed_refs + -9.29166666666613 * no_mixed_refs * ref_5;1.18907032045554;1.18907032045554;1.18907032045554;1.18907032045554;0.016406;5;-9.29166666666613 * no_mixed_refs * ref_5;2;0.351087982648459;
4;690.823333333333 * no_asm + -1.30666666666707 * rc_lookahead_60 + -90.0766666666669 * no_mixed_refs + 155.636666666667 * no_mixed_refs * ref_5 + -329.856666666666 * no_cabac;1.18907032045548;1.18907032045548;1.18907032045548;1.18907032045548;0.032277;6;-329.856666666666 * no_cabac;1;6.21724893790088E-14;
Elapsed=00:00:00.0324285
Learning progress:
1;561.275333333333 * no_asm + -284.037833333333 * ref_1;13.9201478820381;13.9201478820381;13.9201478820381;13.9201478820381;0.001615;2;-284.037833333333 * ref_1;1;38.7147176924704;
2;457.03 * no_asm + -179.7925 * ref_1 + 173.742222222222 * ref_9;5.77330803354616;5.77330803354616;5.77330803354616;5.77330803354616;0.006287;3;173.742222222222 * ref_9;1;8.14683984849195;
3;444.111666666667 * no_asm + -179.7925 * ref_1 + 160.823888888889 * ref_9 + 25.836666666667 * no_weightb;2.27982708262792;2.27982708262792;2.27982708262792;2.27982708262792;0.016119;4;25.836666666667 * no_weightb;1;3.49348095091823;
4;446.021703703703 * no_asm + -182.657555555556 * ref_1 + 158.913851851851 * ref_9 + 33.4768148148155 * no_weightb + -11.4602222222224 * no_weightb * rc_lookahead_20;2.07897810633773;2.07897810633773;2.07897810633773;2.07897810633773;0.03062;6;-11.4602222222224 * no_weightb * rc_lookahead_20;2;0.100424488145095;
Elapsed=00:00:00.0307775
Learning progress:
1;559.140833333333 * no_asm + -278.8175 * ref_1;9.52616666470452;9.52616666470452;9.52616666470452;9.52616666470452;0.001537;2;-278.8175 * ref_1;1;44.2913779782916;
2;559.140833333333 * no_asm + -274.675 * ref_1 + -20.7125000000004 * rc_lookahead_60;8.91905692745576;8.91905692745576;8.91905692745576;8.91905692745576;0.006334;3;-20.7125000000004 * rc_lookahead_60;1;0.607109737248757;
3;559.140833333333 * no_asm + -274.675 * ref_1 + -10.3562500000001 * rc_lookahead_60 + -10.3562500000001 * rc_lookahead_60 * no_weightb;8.75785136331357;8.75785136331357;8.75785136331357;8.75785136331357;0.016133;5;-10.3562500000001 * rc_lookahead_60 * no_weightb;2;0.0806027820710957;
Elapsed=00:00:00.0162703
Learning progress:
1;512.280666666667 * no_asm + -233.225333333333 * ref_1;12.4230465989307;12.4230465989307;12.4230465989307;12.4230465989307;0.001392;2;-233.225333333333 * ref_1;1;56.8935021023886;
2;610.408333333333 * no_asm + -331.353 * ref_1 + -163.54611111111 * ref_5;5.11644446440599;5.11644446440599;5.11644446440599;5.11644446440599;0.006397;3;-163.54611111111 * ref_5;1;7.30660213452471;
3;610.408333333334 * no_asm + -332.834393939394 * ref_1 + -168.48409090909 * ref_5 + 7.40696969696942 * no_deblock;4.29647725262534;4.29647725262534;4.29647725262534;4.29647725262534;0.016234;4;7.40696969696942 * no_deblock;1;0.819967211780648;
4;610.408333333333 * no_asm + -329.950897435897 * ref_1 + -180.018076923076 * ref_5 + -7.01051282051341 * no_deblock + 63.4369230769238 * no_deblock * no_weightb;1.16899937736558;1.16899937736558;1.16899937736558;1.16899937736558;0.030321;6;63.4369230769238 * no_deblock * no_weightb;2;1.56373893762988;
5;610.408333333333 * no_asm + -334.487666666667 * ref_1 + -181.530333333333 * ref_5 + -3.98600000000047 * no_deblock + 61.9246666666672 * no_deblock * no_weightb + 19.6593333333332 * ref_1 * rc_lookahead_40;0.235256122517208;0.235256122517208;0.235256122517208;0.235256122517208;0.05131;8;19.6593333333332 * ref_1 * rc_lookahead_40;2;0.466871627424185;
Elapsed=00:00:00.0514558
Learning progress:
1;339.012083333333 * no_asm + 251.499583333333 * ref_9;15.0507449991341;15.0507449991341;15.0507449991341;15.0507449991341;0.001669;2;251.499583333333 * ref_9;1;31.7549664344506;
2;273.896666666666 * no_asm + 316.615 * ref_9 + 130.230833333333 * no_8x8dct;4.9675599928474;4.9675599928474;4.9675599928474;4.9675599928474;0.006507;3;130.230833333333 * no_8x8dct;1;10.0831850062867;
3;246.974047619047 * no_asm + 289.692380952381 * ref_9 + 143.692142857143 * no_8x8dct + 53.8452380952382 * no_weightb;1.79888914658729;1.79888914658729;1.79888914658729;1.79888914658729;0.016416;4;53.8452380952382 * no_weightb;1;3.16867084626011;
4;243.316333333333 * no_asm + 286.034666666667 * ref_9 + 132.719 * no_8x8dct + 61.1606666666668 * no_weightb + 51.2079999999995 * no_8x8dct * rc_lookahead_40;1.63778733716572;1.63778733716572;1.63778733716572;1.63778733716572;0.03063;6;51.2079999999995 * no_8x8dct * rc_lookahead_40;2;0.0805509047107876;
Elapsed=00:00:00.0307919
Learning progress:
1;438.169259259259 * no_asm + -168.585925925926 * rc_lookahead_60;2.38385306634511;2.38385306634511;2.38385306634511;2.38385306634511;0.001618;2;-168.585925925926 * rc_lookahead_60;1;55.3517931148012;
2;443.430833333333 * no_asm + -164.376666666667 * rc_lookahead_60 + -9.47083333333327 * no_mixed_refs;1.89124628575246;1.89124628575246;1.89124628575246;1.89124628575246;0.006608;3;-9.47083333333327 * no_mixed_refs;1;0.492606780592653;
3;443.430833333333 * no_asm + -166.235 * rc_lookahead_60 + -7.6125000000001 * no_mixed_refs + -9.29166666666613 * no_mixed_refs * ref_5;1.18907032045554;1.18907032045554;1.18907032045554;1.18907032045554;0.016832;5;-9.29166666666613 * no_mixed_refs * ref_5;2;0.351087982648459;
4;690.823333333333 * no_asm + -1.30666666666707 * rc_lookahead_60 + -90.0766666666669 * no_mixed_refs + 155.636666666667 * no_mixed_refs * ref_5 + -329.856666666666 * no_cabac;1.18907032045548;1.18907032045548;1.18907032045548;1.18907032045548;0.031835;6;-329.856666666666 * no_cabac;1;6.21724893790088E-14;
Elapsed=00:00:00.0320058
Learning progress:
1;561.275333333333 * no_asm + -284.037833333333 * ref_1;13.9201478820381;13.9201478820381;13.9201478820381;13.9201478820381;0.001536;2;-284.037833333333 * ref_1;1;38.7147176924704;
2;457.03 * no_asm + -179.7925 * ref_1 + 173.742222222222 * ref_9;5.77330803354616;5.77330803354616;5.77330803354616;5.77330803354616;0.006151;3;173.742222222222 * ref_9;1;8.14683984849195;
3;444.111666666667 * no_asm + -179.7925 * ref_1 + 160.823888888889 * ref_9 + 25.836666666667 * no_weightb;2.27982708262792;2.27982708262792;2.27982708262792;2.27982708262792;0.015014;4;25.836666666667 * no_weightb;1;3.49348095091823;
4;446.021703703703 * no_asm + -182.657555555556 * ref_1 + 158.913851851851 * ref_9 + 33.4768148148155 * no_weightb + -11.4602222222224 * no_weightb * rc_lookahead_20;2.07897810633773;2.07897810633773;2.07897810633773;2.07897810633773;0.029107;6;-11.4602222222224 * no_weightb * rc_lookahead_20;2;0.100424488145095;
Elapsed=00:00:00.0292664
Learning progress:
1;559.140833333333 * no_asm + -278.8175 * ref_1;9.52616666470452;9.52616666470452;9.52616666470452;9.52616666470452;0.002381;2;-278.8175 * ref_1;1;44.2913779782916;
2;559.140833333333 * no_asm + -274.675 * ref_1 + -20.7125000000004 * rc_lookahead_60;8.91905692745576;8.91905692745576;8.91905692745576;8.91905692745576;0.007099;3;-20.7125000000004 * rc_lookahead_60;1;0.607109737248757;
3;559.140833333333 * no_asm + -274.675 * ref_1 + -10.3562500000001 * rc_lookahead_60 + -10.3562500000001 * rc_lookahead_60 * no_weightb;8.75785136331357;8.75785136331357;8.75785136331357;8.75785136331357;0.015951;5;-10.3562500000001 * rc_lookahead_60 * no_weightb;2;0.0806027820710957;
Elapsed=00:00:00.0160917
Learning progress:
1;512.280666666667 * no_asm + -233.225333333333 * ref_1;12.4230465989307;12.4230465989307;12.4230465989307;12.4230465989307;0.002581;2;-233.225333333333 * ref_1;1;56.8935021023886;
2;610.408333333333 * no_asm + -331.353 * ref_1 + -163.54611111111 * ref_5;5.11644446440599;5.11644446440599;5.11644446440599;5.11644446440599;0.007387;3;-163.54611111111 * ref_5;1;7.30660213452471;
3;610.408333333334 * no_asm + -332.834393939394 * ref_1 + -168.48409090909 * ref_5 + 7.40696969696942 * no_deblock;4.29647725262534;4.29647725262534;4.29647725262534;4.29647725262534;0.016121;4;7.40696969696942 * no_deblock;1;0.819967211780648;
4;610.408333333333 * no_asm + -329.950897435897 * ref_1 + -180.018076923076 * ref_5 + -7.01051282051341 * no_deblock + 63.4369230769238 * no_deblock * no_weightb;1.16899937736558;1.16899937736558;1.16899937736558;1.16899937736558;0.030106;6;63.4369230769238 * no_deblock * no_weightb;2;1.56373893762988;
5;610.408333333333 * no_asm + -334.487666666667 * ref_1 + -181.530333333333 * ref_5 + -3.98600000000047 * no_deblock + 61.9246666666672 * no_deblock * no_weightb + 19.6593333333332 * ref_1 * rc_lookahead_40;0.235256122517208;0.235256122517208;0.235256122517208;0.235256122517208;0.051052;8;19.6593333333332 * ref_1 * rc_lookahead_40;2;0.466871627424185;
Elapsed=00:00:00.0511967
Learning progress:
1;339.012083333333 * no_asm + 251.499583333333 * ref_9;15.0507449991341;15.0507449991341;15.0507449991341;15.0507449991341;0.002669;2;251.499583333333 * ref_9;1;31.7549664344506;
2;273.896666666666 * no_asm + 316.615 * ref_9 + 130.230833333333 * no_8x8dct;4.9675599928474;4.9675599928474;4.9675599928474;4.9675599928474;0.007555;3;130.230833333333 * no_8x8dct;1;10.0831850062867;
3;246.974047619047 * no_asm + 289.692380952381 * ref_9 + 143.692142857143 * no_8x8dct + 53.8452380952382 * no_weightb;1.79888914658729;1.79888914658729;1.79888914658729;1.79888914658729;0.016465;4;53.8452380952382 * no_weightb;1;3.16867084626011;
4;243.316333333333 * no_asm + 286.034666666667 * ref_9 + 132.719 * no_8x8dct + 61.1606666666668 * no_weightb + 51.2079999999995 * no_8x8dct * rc_lookahead_40;1.63778733716572;1.63778733716572;1.63778733716572;1.63778733716572;0.035802;6;51.2079999999995 * no_8x8dct * rc_lookahead_40;2;0.0805509047107876;
Elapsed=00:00:00.0359529
Learning progress:
1;438.169259259259 * no_asm + -168.585925925926 * rc_lookahead_60;2.38385306634511;2.38385306634511;2.38385306634511;2.38385306634511;0.001436;2;-168.585925925926 * rc_lookahead_60;1;55.3517931148012;
2;443.430833333333 * no_asm + -164.376666666667 * rc_lookahead_60 + -9.47083333333327 * no_mixed_refs;1.89124628575246;1.89124628575246;1.89124628575246;1.89124628575246;0.017806;3;-9.47083333333327 * no_mixed_refs;1;0.492606780592653;
Elapsed=00:00:00.0179259
Learning progress:
1;561.275333333333 * no_asm + -284.037833333333 * ref_1;13.9201478820381;13.9201478820381;13.9201478820381;13.9201478820381;0.001733;2;-284.037833333333 * ref_1;1;38.7147176924704;
2;457.03 * no_asm + -179.7925 * ref_1 + 173.742222222222 * ref_9;5.77330803354616;5.77330803354616;5.77330803354616;5.77330803354616;0.006405;3;173.742222222222 * ref_9;1;8.14683984849195;
3;444.111666666667 * no_asm + -179.7925 * ref_1 + 160.823888888889 * ref_9 + 25.836666666667 * no_weightb;2.27982708262792;2.27982708262792;2.27982708262792;2.27982708262792;0.018314;4;25.836666666667 * no_weightb;1;3.49348095091823;
4;446.021703703703 * no_asm + -182.657555555556 * ref_1 + 158.913851851851 * ref_9 + 33.4768148148155 * no_weightb + -11.4602222222224 * no_weightb * rc_lookahead_20;2.07897810633773;2.07897810633773;2.07897810633773;2.07897810633773;0.032191;6;-11.4602222222224 * no_weightb * rc_lookahead_20;2;0.100424488145095;
5;427.243333333333 * no_asm + -154.49 * ref_1 + 197.811904761904 * ref_9 + 18.7223809523814 * no_weightb + -19.5080952380952 * no_weightb * rc_lookahead_20 + 60.3590476190474 * no_weightb * ref_5;1.27926620787854;1.27926620787854;1.27926620787854;1.27926620787854;0.054145;8;60.3590476190474 * no_weightb * ref_5;2;0.399855949229595;
6;427.243333333334 * no_asm + -157.66 * ref_1 + 194.641904761905 * ref_9 + 21.8923809523809 * no_weightb + -19.5080952380954 * no_weightb * rc_lookahead_20 + 57.1890476190475 * no_weightb * ref_5 + 6.33999999999956 * ref_1 * no_8x8dct;0.883021160941743;0.883021160941743;0.883021160941743;0.883021160941743;0.082725;10;6.33999999999956 * ref_1 * no_8x8dct;2;0.198122523468401;
Elapsed=00:00:00.0829017
Learning progress:
1;559.140833333333 * no_asm + -278.8175 * ref_1;9.52616666470452;9.52616666470452;9.52616666470452;9.52616666470452;0.001667;2;-278.8175 * ref_1;1;44.2913779782916;
2;559.140833333333 * no_asm + -274.675 * ref_1 + -20.7125000000004 * rc_lookahead_60;8.91905692745576;8.91905692745576;8.91905692745576;8.91905692745576;0.007197;3;-20.7125000000004 * rc_lookahead_60;1;0.607109737248757;
3;559.140833333333 * no_asm + -274.675 * ref_1 + -10.3562500000001 * rc_lookahead_60 + -10.3562500000001 * rc_lookahead_60 * no_weightb;8.75785136331357;8.75785136331357;8.75785136331357;8.75785136331357;0.016072;5;-10.3562500000001 * rc_lookahead_60 * no_weightb;2;0.0806027820710957;
Elapsed=00:00:00.0161964
Learning progress:
1;512.280666666667 * no_asm + -233.225333333333 * ref_1;12.4230465989307;12.4230465989307;12.4230465989307;12.4230465989307;0.001648;2;-233.225333333333 * ref_1;1;56.8935021023886;
2;610.408333333333 * no_asm + -331.353 * ref_1 + -163.54611111111 * ref_5;5.11644446440599;5.11644446440599;5.11644446440599;5.11644446440599;0.00735;3;-163.54611111111 * ref_5;1;7.30660213452471;
3;610.408333333334 * no_asm + -332.834393939394 * ref_1 + -168.48409090909 * ref_5 + 7.40696969696942 * no_deblock;4.29647725262534;4.29647725262534;4.29647725262534;4.29647725262534;0.01601;4;7.40696969696942 * no_deblock;1;0.819967211780648;
4;610.408333333333 * no_asm + -329.950897435897 * ref_1 + -180.018076923076 * ref_5 + -7.01051282051341 * no_deblock + 63.4369230769238 * no_deblock * no_weightb;1.16899937736558;1.16899937736558;1.16899937736558;1.16899937736558;0.029631;6;63.4369230769238 * no_deblock * no_weightb;2;1.56373893762988;
5;610.408333333333 * no_asm + -334.487666666667 * ref_1 + -181.530333333333 * ref_5 + -3.98600000000047 * no_deblock + 61.9246666666672 * no_deblock * no_weightb + 19.6593333333332 * ref_1 * rc_lookahead_40;0.235256122517208;0.235256122517208;0.235256122517208;0.235256122517208;0.050366;8;19.6593333333332 * ref_1 * rc_lookahead_40;2;0.466871627424185;
Elapsed=00:00:00.0505156
Learning progress:
1;339.012083333333 * no_asm + 251.499583333333 * ref_9;15.0507449991341;15.0507449991341;15.0507449991341;15.0507449991341;0.001407;2;251.499583333333 * ref_9;1;31.7549664344506;
2;273.896666666666 * no_asm + 316.615 * ref_9 + 130.230833333333 * no_8x8dct;4.9675599928474;4.9675599928474;4.9675599928474;4.9675599928474;0.006989;3;130.230833333333 * no_8x8dct;1;10.0831850062867;
3;246.974047619047 * no_asm + 289.692380952381 * ref_9 + 143.692142857143 * no_8x8dct + 53.8452380952382 * no_weightb;1.79888914658729;1.79888914658729;1.79888914658729;1.79888914658729;0.015752;4;53.8452380952382 * no_weightb;1;3.16867084626011;
4;243.316333333333 * no_asm + 286.034666666667 * ref_9 + 132.719 * no_8x8dct + 61.1606666666668 * no_weightb + 51.2079999999995 * no_8x8dct * rc_lookahead_40;1.63778733716572;1.63778733716572;1.63778733716572;1.63778733716572;0.029611;6;51.2079999999995 * no_8x8dct * rc_lookahead_40;2;0.0805509047107876;
Elapsed=00:00:00.0297565
Learning progress:
1;438.169259259259 * no_asm + -168.585925925926 * rc_lookahead_60;2.38385306634511;2.38385306634511;2.38385306634511;2.38385306634511;0.001457;2;-168.585925925926 * rc_lookahead_60;1;55.3517931148012;
2;443.430833333333 * no_asm + -164.376666666667 * rc_lookahead_60 + -9.47083333333327 * no_mixed_refs;1.89124628575246;1.89124628575246;1.89124628575246;1.89124628575246;0.007443;3;-9.47083333333327 * no_mixed_refs;1;0.492606780592653;
3;443.430833333333 * no_asm + -166.235 * rc_lookahead_60 + -7.6125000000001 * no_mixed_refs + -9.29166666666613 * no_mixed_refs * ref_5;1.18907032045554;1.18907032045554;1.18907032045554;1.18907032045554;0.016438;5;-9.29166666666613 * no_mixed_refs * ref_5;2;0.351087982648459;
4;690.823333333333 * no_asm + -1.30666666666707 * rc_lookahead_60 + -90.0766666666669 * no_mixed_refs + 155.636666666667 * no_mixed_refs * ref_5 + -329.856666666666 * no_cabac;1.18907032045548;1.18907032045548;1.18907032045548;1.18907032045548;0.032205;6;-329.856666666666 * no_cabac;1;6.21724893790088E-14;
Elapsed=00:00:00.0323729
Learning progress:
1;561.275333333333 * no_asm + -284.037833333333 * ref_1;13.9201478820381;13.9201478820381;13.9201478820381;13.9201478820381;0.001652;2;-284.037833333333 * ref_1;1;38.7147176924704;
2;457.03 * no_asm + -179.7925 * ref_1 + 173.742222222222 * ref_9;5.77330803354616;5.77330803354616;5.77330803354616;5.77330803354616;0.006291;3;173.742222222222 * ref_9;1;8.14683984849195;
3;444.111666666667 * no_asm + -179.7925 * ref_1 + 160.823888888889 * ref_9 + 25.836666666667 * no_weightb;2.27982708262792;2.27982708262792;2.27982708262792;2.27982708262792;0.015844;4;25.836666666667 * no_weightb;1;3.49348095091823;
4;446.021703703703 * no_asm + -182.657555555556 * ref_1 + 158.913851851851 * ref_9 + 33.4768148148155 * no_weightb + -11.4602222222224 * no_weightb * rc_lookahead_20;2.07897810633773;2.07897810633773;2.07897810633773;2.07897810633773;0.029759;6;-11.4602222222224 * no_weightb * rc_lookahead_20;2;0.100424488145095;
Elapsed=00:00:00.0299053
Learning progress:
1;559.140833333333 * no_asm + -278.8175 * ref_1;9.52616666470452;9.52616666470452;9.52616666470452;9.52616666470452;0.001541;2;-278.8175 * ref_1;1;44.2913779782916;
2;559.140833333333 * no_asm + -274.675 * ref_1 + -20.7125000000004 * rc_lookahead_60;8.91905692745576;8.91905692745576;8.91905692745576;8.91905692745576;0.006231;3;-20.7125000000004 * rc_lookahead_60;1;0.607109737248757;
3;559.140833333333 * no_asm + -274.675 * ref_1 + -10.3562500000001 * rc_lookahead_60 + -10.3562500000001 * rc_lookahead_60 * no_weightb;8.75785136331357;8.75785136331357;8.75785136331357;8.75785136331357;0.015894;5;-10.3562500000001 * rc_lookahead_60 * no_weightb;2;0.0806027820710957;
Elapsed=00:00:00.0160303
Learning progress:
1;512.280666666667 * no_asm + -233.225333333333 * ref_1;12.4230465989307;12.4230465989307;12.4230465989307;12.4230465989307;0.001425;2;-233.225333333333 * ref_1;1;56.8935021023886;
2;610.408333333333 * no_asm + -331.353 * ref_1 + -163.54611111111 * ref_5;5.11644446440599;5.11644446440599;5.11644446440599;5.11644446440599;0.00657;3;-163.54611111111 * ref_5;1;7.30660213452471;
3;610.408333333334 * no_asm + -332.834393939394 * ref_1 + -168.48409090909 * ref_5 + 7.40696969696942 * no_deblock;4.29647725262534;4.29647725262534;4.29647725262534;4.29647725262534;0.016101;4;7.40696969696942 * no_deblock;1;0.819967211780648;
4;610.408333333333 * no_asm + -329.950897435897 * ref_1 + -180.018076923076 * ref_5 + -7.01051282051341 * no_deblock + 63.4369230769238 * no_deblock * no_weightb;1.16899937736558;1.16899937736558;1.16899937736558;1.16899937736558;0.030143;6;63.4369230769238 * no_deblock * no_weightb;2;1.56373893762988;
5;610.408333333333 * no_asm + -334.487666666667 * ref_1 + -181.530333333333 * ref_5 + -3.98600000000047 * no_deblock + 61.9246666666672 * no_deblock * no_weightb + 19.6593333333332 * ref_1 * rc_lookahead_40;0.235256122517208;0.235256122517208;0.235256122517208;0.235256122517208;0.0509;8;19.6593333333332 * ref_1 * rc_lookahead_40;2;0.466871627424185;
Elapsed=00:00:00.0510462
Learning progress:
1;339.012083333333 * no_asm + 251.499583333333 * ref_9;15.0507449991341;15.0507449991341;15.0507449991341;15.0507449991341;0.001649;2;251.499583333333 * ref_9;1;31.7549664344506;
2;273.896666666666 * no_asm + 316.615 * ref_9 + 130.230833333333 * no_8x8dct;4.9675599928474;4.9675599928474;4.9675599928474;4.9675599928474;0.006585;3;130.230833333333 * no_8x8dct;1;10.0831850062867;
3;246.974047619047 * no_asm + 289.692380952381 * ref_9 + 143.692142857143 * no_8x8dct + 53.8452380952382 * no_weightb;1.79888914658729;1.79888914658729;1.79888914658729;1.79888914658729;0.016225;4;53.8452380952382 * no_weightb;1;3.16867084626011;
4;243.316333333333 * no_asm + 286.034666666667 * ref_9 + 132.719 * no_8x8dct + 61.1606666666668 * no_weightb + 51.2079999999995 * no_8x8dct * rc_lookahead_40;1.63778733716572;1.63778733716572;1.63778733716572;1.63778733716572;0.030505;6;51.2079999999995 * no_8x8dct * rc_lookahead_40;2;0.0805509047107876;
Elapsed=00:00:00.0306479
Learning progress:
1;438.169259259259 * no_asm + -168.585925925926 * rc_lookahead_60;2.38385306634511;2.38385306634511;2.38385306634511;2.38385306634511;0.001609;2;-168.585925925926 * rc_lookahead_60;1;55.3517931148012;
2;443.430833333333 * no_asm + -164.376666666667 * rc_lookahead_60 + -9.47083333333327 * no_mixed_refs;1.89124628575246;1.89124628575246;1.89124628575246;1.89124628575246;0.006558;3;-9.47083333333327 * no_mixed_refs;1;0.492606780592653;
3;443.430833333333 * no_asm + -166.235 * rc_lookahead_60 + -7.6125000000001 * no_mixed_refs + -9.29166666666613 * no_mixed_refs * ref_5;1.18907032045554;1.18907032045554;1.18907032045554;1.18907032045554;0.016688;5;-9.29166666666613 * no_mixed_refs * ref_5;2;0.351087982648459;
4;690.823333333333 * no_asm + -1.30666666666707 * rc_lookahead_60 + -90.0766666666669 * no_mixed_refs + 155.636666666667 * no_mixed_refs * ref_5 + -329.856666666666 * no_cabac;1.18907032045548;1.18907032045548;1.18907032045548;1.18907032045548;0.032576;6;-329.856666666666 * no_cabac;1;6.21724893790088E-14;
Elapsed=00:00:00.0327253
Learning progress:
1;561.275333333333 * no_asm + -284.037833333333 * ref_1;13.9201478820381;13.9201478820381;13.9201478820381;13.9201478820381;0.001593;2;-284.037833333333 * ref_1;1;38.7147176924704;
2;457.03 * no_asm + -179.7925 * ref_1 + 173.742222222222 * ref_9;5.77330803354616;5.77330803354616;5.77330803354616;5.77330803354616;0.00625;3;173.742222222222 * ref_9;1;8.14683984849195;
3;444.111666666667 * no_asm + -179.7925 * ref_1 + 160.823888888889 * ref_9 + 25.836666666667 * no_weightb;2.27982708262792;2.27982708262792;2.27982708262792;2.27982708262792;0.016;4;25.836666666667 * no_weightb;1;3.49348095091823;
4;446.021703703703 * no_asm + -182.657555555556 * ref_1 + 158.913851851851 * ref_9 + 33.4768148148155 * no_weightb + -11.4602222222224 * no_weightb * rc_lookahead_20;2.07897810633773;2.07897810633773;2.07897810633773;2.07897810633773;0.029157;6;-11.4602222222224 * no_weightb * rc_lookahead_20;2;0.100424488145095;
Elapsed=00:00:00.0293109
Learning progress:
1;559.140833333333 * no_asm + -278.8175 * ref_1;9.52616666470452;9.52616666470452;9.52616666470452;9.52616666470452;0.001538;2;-278.8175 * ref_1;1;44.2913779782916;
2;559.140833333333 * no_asm + -274.675 * ref_1 + -20.7125000000004 * rc_lookahead_60;8.91905692745576;8.91905692745576;8.91905692745576;8.91905692745576;0.006441;3;-20.7125000000004 * rc_lookahead_60;1;0.607109737248757;
3;559.140833333333 * no_asm + -274.675 * ref_1 + -10.3562500000001 * rc_lookahead_60 + -10.3562500000001 * rc_lookahead_60 * no_weightb;8.75785136331357;8.75785136331357;8.75785136331357;8.75785136331357;0.015347;5;-10.3562500000001 * rc_lookahead_60 * no_weightb;2;0.0806027820710957;
Elapsed=00:00:00.0154723
Learning progress:
1;512.280666666667 * no_asm + -233.225333333333 * ref_1;12.4230465989307;12.4230465989307;12.4230465989307;12.4230465989307;0.001435;2;-233.225333333333 * ref_1;1;56.8935021023886;
2;610.408333333333 * no_asm + -331.353 * ref_1 + -163.54611111111 * ref_5;5.11644446440599;5.11644446440599;5.11644446440599;5.11644446440599;0.006356;3;-163.54611111111 * ref_5;1;7.30660213452471;
3;610.408333333334 * no_asm + -332.834393939394 * ref_1 + -168.48409090909 * ref_5 + 7.40696969696942 * no_deblock;4.29647725262534;4.29647725262534;4.29647725262534;4.29647725262534;0.015011;4;7.40696969696942 * no_deblock;1;0.819967211780648;
4;610.408333333333 * no_asm + -329.950897435897 * ref_1 + -180.018076923076 * ref_5 + -7.01051282051341 * no_deblock + 63.4369230769238 * no_deblock * no_weightb;1.16899937736558;1.16899937736558;1.16899937736558;1.16899937736558;0.028695;6;63.4369230769238 * no_deblock * no_weightb;2;1.56373893762988;
5;610.408333333333 * no_asm + -334.487666666667 * ref_1 + -181.530333333333 * ref_5 + -3.98600000000047 * no_deblock + 61.9246666666672 * no_deblock * no_weightb + 19.6593333333332 * ref_1 * rc_lookahead_40;0.235256122517208;0.235256122517208;0.235256122517208;0.235256122517208;0.049328;8;19.6593333333332 * ref_1 * rc_lookahead_40;2;0.466871627424185;
Elapsed=00:00:00.0494897
Learning progress:
1;339.012083333333 * no_asm + 251.499583333333 * ref_9;15.0507449991341;15.0507449991341;15.0507449991341;15.0507449991341;0.001542;2;251.499583333333 * ref_9;1;31.7549664344506;
2;273.896666666666 * no_asm + 316.615 * ref_9 + 130.230833333333 * no_8x8dct;4.9675599928474;4.9675599928474;4.9675599928474;4.9675599928474;0.006422;3;130.230833333333 * no_8x8dct;1;10.0831850062867;
3;246.974047619047 * no_asm + 289.692380952381 * ref_9 + 143.692142857143 * no_8x8dct + 53.8452380952382 * no_weightb;1.79888914658729;1.79888914658729;1.79888914658729;1.79888914658729;0.015201;4;53.8452380952382 * no_weightb;1;3.16867084626011;
4;243.316333333333 * no_asm + 286.034666666667 * ref_9 + 132.719 * no_8x8dct + 61.1606666666668 * no_weightb + 51.2079999999995 * no_8x8dct * rc_lookahead_40;1.63778733716572;1.63778733716572;1.63778733716572;1.63778733716572;0.029281;6;51.2079999999995 * no_8x8dct * rc_lookahead_40;2;0.0805509047107876;
Elapsed=00:00:00.0294274
Learning progress:
1;438.169259259259 * no_asm + -168.585925925926 * rc_lookahead_60;2.38385306634511;2.38385306634511;2.38385306634511;2.38385306634511;0.001424;2;-168.585925925926 * rc_lookahead_60;1;55.3517931148012;
2;443.430833333333 * no_asm + -164.376666666667 * rc_lookahead_60 + -9.47083333333327 * no_mixed_refs;1.89124628575246;1.89124628575246;1.89124628575246;1.89124628575246;0.007067;3;-9.47083333333327 * no_mixed_refs;1;0.492606780592653;
Elapsed=00:00:00.0071749
Learning progress:
1;561.275333333333 * no_asm + -284.037833333333 * ref_1;13.9201478820381;13.9201478820381;13.9201478820381;13.9201478820381;0.001509;2;-284.037833333333 * ref_1;1;38.7147176924704;
2;457.03 * no_asm + -179.7925 * ref_1 + 173.742222222222 * ref_9;5.77330803354616;5.77330803354616;5.77330803354616;5.77330803354616;0.006138;3;173.742222222222 * ref_9;1;8.14683984849195;
3;444.111666666667 * no_asm + -179.7925 * ref_1 + 160.823888888889 * ref_9 + 25.836666666667 * no_weightb;2.27982708262792;2.27982708262792;2.27982708262792;2.27982708262792;0.015754;4;25.836666666667 * no_weightb;1;3.49348095091823;
4;446.021703703703 * no_asm + -182.657555555556 * ref_1 + 158.913851851851 * ref_9 + 33.4768148148155 * no_weightb + -11.4602222222224 * no_weightb * rc_lookahead_20;2.07897810633773;2.07897810633773;2.07897810633773;2.07897810633773;0.02981;6;-11.4602222222224 * no_weightb * rc_lookahead_20;2;0.100424488145095;
5;427.243333333333 * no_asm + -154.49 * ref_1 + 197.811904761904 * ref_9 + 18.7223809523814 * no_weightb + -19.5080952380952 * no_weightb * rc_lookahead_20 + 60.3590476190474 * no_weightb * ref_5;1.27926620787854;1.27926620787854;1.27926620787854;1.27926620787854;0.050979;8;60.3590476190474 * no_weightb * ref_5;2;0.399855949229595;
6;427.243333333334 * no_asm + -157.66 * ref_1 + 194.641904761905 * ref_9 + 21.8923809523809 * no_weightb + -19.5080952380954 * no_weightb * rc_lookahead_20 + 57.1890476190475 * no_weightb * ref_5 + 6.33999999999956 * ref_1 * no_8x8dct;0.883021160941743;0.883021160941743;0.883021160941743;0.883021160941743;0.07954;10;6.33999999999956 * ref_1 * no_8x8dct;2;0.198122523468401;
Elapsed=00:00:00.0796968
Learning progress:
1;559.140833333333 * no_asm + -278.8175 * ref_1;9.52616666470452;9.52616666470452;9.52616666470452;9.52616666470452;0.002733;2;-278.8175 * ref_1;1;44.2913779782916;
2;559.140833333333 * no_asm + -274.675 * ref_1 + -20.7125000000004 * rc_lookahead_60;8.91905692745576;8.91905692745576;8.91905692745576;8.91905692745576;0.007628;3;-20.7125000000004 * rc_lookahead_60;1;0.607109737248757;
3;559.140833333333 * no_asm + -274.675 * ref_1 + -10.3562500000001 * rc_lookahead_60 + -10.3562500000001 * rc_lookahead_60 * no_weightb;8.75785136331357;8.75785136331357;8.75785136331357;8.75785136331357;0.016453;5;-10.3562500000001 * rc_lookahead_60 * no_weightb;2;0.0806027820710957;
Elapsed=00:00:00.0165775
Learning progress:
1;512.280666666667 * no_asm + -233.225333333333 * ref_1;12.4230465989307;12.4230465989307;12.4230465989307;12.4230465989307;0.002639;2;-233.225333333333 * ref_1;1;56.8935021023886;
2;610.408333333333 * no_asm + -331.353 * ref_1 + -163.54611111111 * ref_5;5.11644446440599;5.11644446440599;5.11644446440599;5.11644446440599;0.007417;3;-163.54611111111 * ref_5;1;7.30660213452471;
3;610.408333333334 * no_asm + -332.834393939394 * ref_1 + -168.48409090909 * ref_5 + 7.40696969696942 * no_deblock;4.29647725262534;4.29647725262534;4.29647725262534;4.29647725262534;0.015993;4;7.40696969696942 * no_deblock;1;0.819967211780648;
4;610.408333333333 * no_asm + -329.950897435897 * ref_1 + -180.018076923076 * ref_5 + -7.01051282051341 * no_deblock + 63.4369230769238 * no_deblock * no_weightb;1.16899937736558;1.16899937736558;1.16899937736558;1.16899937736558;0.029901;6;63.4369230769238 * no_deblock * no_weightb;2;1.56373893762988;
5;610.408333333333 * no_asm + -334.487666666667 * ref_1 + -181.530333333333 * ref_5 + -3.98600000000047 * no_deblock + 61.9246666666672 * no_deblock * no_weightb + 19.6593333333332 * ref_1 * rc_lookahead_40;0.235256122517208;0.235256122517208;0.235256122517208;0.235256122517208;0.050593;8;19.6593333333332 * ref_1 * rc_lookahead_40;2;0.466871627424185;
Elapsed=00:00:00.0507379
Learning progress:
1;339.012083333333 * no_asm + 251.499583333333 * ref_9;15.0507449991341;15.0507449991341;15.0507449991341;15.0507449991341;0.002648;2;251.499583333333 * ref_9;1;31.7549664344506;
2;273.896666666666 * no_asm + 316.615 * ref_9 + 130.230833333333 * no_8x8dct;4.9675599928474;4.9675599928474;4.9675599928474;4.9675599928474;0.007509;3;130.230833333333 * no_8x8dct;1;10.0831850062867;
3;246.974047619047 * no_asm + 289.692380952381 * ref_9 + 143.692142857143 * no_8x8dct + 53.8452380952382 * no_weightb;1.79888914658729;1.79888914658729;1.79888914658729;1.79888914658729;0.016212;4;53.8452380952382 * no_weightb;1;3.16867084626011;
4;243.316333333333 * no_asm + 286.034666666667 * ref_9 + 132.719 * no_8x8dct + 61.1606666666668 * no_weightb + 51.2079999999995 * no_8x8dct * rc_lookahead_40;1.63778733716572;1.63778733716572;1.63778733716572;1.63778733716572;0.030268;6;51.2079999999995 * no_8x8dct * rc_lookahead_40;2;0.0805509047107876;
Elapsed=00:00:00.0304247
Learning progress:
1;438.169259259259 * no_asm + -168.585925925926 * rc_lookahead_60;2.38385306634511;2.38385306634511;2.38385306634511;2.38385306634511;0.001417;2;-168.585925925926 * rc_lookahead_60;1;55.3517931148012;
2;443.430833333333 * no_asm + -164.376666666667 * rc_lookahead_60 + -9.47083333333327 * no_mixed_refs;1.89124628575246;1.89124628575246;1.89124628575246;1.89124628575246;0.007336;3;-9.47083333333327 * no_mixed_refs;1;0.492606780592653;
3;443.430833333333 * no_asm + -166.235 * rc_lookahead_60 + -7.6125000000001 * no_mixed_refs + -9.29166666666613 * no_mixed_refs * ref_5;1.18907032045554;1.18907032045554;1.18907032045554;1.18907032045554;0.016449;5;-9.29166666666613 * no_mixed_refs * ref_5;2;0.351087982648459;
4;690.823333333333 * no_asm + -1.30666666666707 * rc_lookahead_60 + -90.0766666666669 * no_mixed_refs + 155.636666666667 * no_mixed_refs * ref_5 + -329.856666666666 * no_cabac;1.18907032045548;1.18907032045548;1.18907032045548;1.18907032045548;0.032272;6;-329.856666666666 * no_cabac;1;6.21724893790088E-14;
Elapsed=00:00:00.0324471
Learning progress:
1;561.275333333333 * no_asm + -284.037833333333 * ref_1;13.9201478820381;13.9201478820381;13.9201478820381;13.9201478820381;0.001671;2;-284.037833333333 * ref_1;1;38.7147176924704;
2;457.03 * no_asm + -179.7925 * ref_1 + 173.742222222222 * ref_9;5.77330803354616;5.77330803354616;5.77330803354616;5.77330803354616;0.007693;3;173.742222222222 * ref_9;1;8.14683984849195;
3;444.111666666667 * no_asm + -179.7925 * ref_1 + 160.823888888889 * ref_9 + 25.836666666667 * no_weightb;2.27982708262792;2.27982708262792;2.27982708262792;2.27982708262792;0.016476;4;25.836666666667 * no_weightb;1;3.49348095091823;
4;446.021703703703 * no_asm + -182.657555555556 * ref_1 + 158.913851851851 * ref_9 + 33.4768148148155 * no_weightb + -11.4602222222224 * no_weightb * rc_lookahead_20;2.07897810633773;2.07897810633773;2.07897810633773;2.07897810633773;0.030504;6;-11.4602222222224 * no_weightb * rc_lookahead_20;2;0.100424488145095;
Elapsed=00:00:00.0306605
Learning progress:
1;559.140833333333 * no_asm + -278.8175 * ref_1;9.52616666470452;9.52616666470452;9.52616666470452;9.52616666470452;0.001668;2;-278.8175 * ref_1;1;44.2913779782916;
2;559.140833333333 * no_asm + -274.675 * ref_1 + -20.7125000000004 * rc_lookahead_60;8.91905692745576;8.91905692745576;8.91905692745576;8.91905692745576;0.00648;3;-20.7125000000004 * rc_lookahead_60;1;0.607109737248757;
3;559.140833333333 * no_asm + -274.675 * ref_1 + -10.3562500000001 * rc_lookahead_60 + -10.3562500000001 * rc_lookahead_60 * no_weightb;8.75785136331357;8.75785136331357;8.75785136331357;8.75785136331357;0.016253;5;-10.3562500000001 * rc_lookahead_60 * no_weightb;2;0.0806027820710957;
Elapsed=00:00:00.0164041
Learning progress:
1;512.280666666667 * no_asm + -233.225333333333 * ref_1;12.4230465989307;12.4230465989307;12.4230465989307;12.4230465989307;0.001402;2;-233.225333333333 * ref_1;1;56.8935021023886;
2;610.408333333333 * no_asm + -331.353 * ref_1 + -163.54611111111 * ref_5;5.11644446440599;5.11644446440599;5.11644446440599;5.11644446440599;0.006362;3;-163.54611111111 * ref_5;1;7.30660213452471;
3;610.408333333334 * no_asm + -332.834393939394 * ref_1 + -168.48409090909 * ref_5 + 7.40696969696942 * no_deblock;4.29647725262534;4.29647725262534;4.29647725262534;4.29647725262534;0.015992;4;7.40696969696942 * no_deblock;1;0.819967211780648;
4;610.408333333333 * no_asm + -329.950897435897 * ref_1 + -180.018076923076 * ref_5 + -7.01051282051341 * no_deblock + 63.4369230769238 * no_deblock * no_weightb;1.16899937736558;1.16899937736558;1.16899937736558;1.16899937736558;0.029899;6;63.4369230769238 * no_deblock * no_weightb;2;1.56373893762988;
5;610.408333333333 * no_asm + -334.487666666667 * ref_1 + -181.530333333333 * ref_5 + -3.98600000000047 * no_deblock + 61.9246666666672 * no_deblock * no_weightb + 19.6593333333332 * ref_1 * rc_lookahead_40;0.235256122517208;0.235256122517208;0.235256122517208;0.235256122517208;0.050676;8;19.6593333333332 * ref_1 * rc_lookahead_40;2;0.466871627424185;
Elapsed=00:00:00.0508583
Learning progress:
1;339.012083333333 * no_asm + 251.499583333333 * ref_9;15.0507449991341;15.0507449991341;15.0507449991341;15.0507449991341;0.001421;2;251.499583333333 * ref_9;1;31.7549664344506;
2;273.896666666666 * no_asm + 316.615 * ref_9 + 130.230833333333 * no_8x8dct;4.9675599928474;4.9675599928474;4.9675599928474;4.9675599928474;0.006259;3;130.230833333333 * no_8x8dct;1;10.0831850062867;
3;246.974047619047 * no_asm + 289.692380952381 * ref_9 + 143.692142857143 * no_8x8dct + 53.8452380952382 * no_weightb;1.79888914658729;1.79888914658729;1.79888914658729;1.79888914658729;0.016013;4;53.8452380952382 * no_weightb;1;3.16867084626011;
4;243.316333333333 * no_asm + 286.034666666667 * ref_9 + 132.719 * no_8x8dct + 61.1606666666668 * no_weightb + 51.2079999999995 * no_8x8dct * rc_lookahead_40;1.63778733716572;1.63778733716572;1.63778733716572;1.63778733716572;0.030195;6;51.2079999999995 * no_8x8dct * rc_lookahead_40;2;0.0805509047107876;
Elapsed=00:00:00.0303536
Learning progress:
1;438.169259259259 * no_asm + -168.585925925926 * rc_lookahead_60;2.38385306634511;2.38385306634511;2.38385306634511;2.38385306634511;0.00146;2;-168.585925925926 * rc_lookahead_60;1;55.3517931148012;
2;443.430833333333 * no_asm + -164.376666666667 * rc_lookahead_60 + -9.47083333333327 * no_mixed_refs;1.89124628575246;1.89124628575246;1.89124628575246;1.89124628575246;0.006451;3;-9.47083333333327 * no_mixed_refs;1;0.492606780592653;
3;443.430833333333 * no_asm + -166.235 * rc_lookahead_60 + -7.6125000000001 * no_mixed_refs + -9.29166666666613 * no_mixed_refs * ref_5;1.18907032045554;1.18907032045554;1.18907032045554;1.18907032045554;0.016691;5;-9.29166666666613 * no_mixed_refs * ref_5;2;0.351087982648459;
4;690.823333333333 * no_asm + -1.30666666666707 * rc_lookahead_60 + -90.0766666666669 * no_mixed_refs + 155.636666666667 * no_mixed_refs * ref_5 + -329.856666666666 * no_cabac;1.18907032045548;1.18907032045548;1.18907032045548;1.18907032045548;0.032792;6;-329.856666666666 * no_cabac;1;6.21724893790088E-14;
Elapsed=00:00:00.0329509
Learning progress:
1;561.275333333333 * no_asm + -284.037833333333 * ref_1;13.9201478820381;13.9201478820381;13.9201478820381;13.9201478820381;0.001523;2;-284.037833333333 * ref_1;1;38.7147176924704;
2;457.03 * no_asm + -179.7925 * ref_1 + 173.742222222222 * ref_9;5.77330803354616;5.77330803354616;5.77330803354616;5.77330803354616;0.006166;3;173.742222222222 * ref_9;1;8.14683984849195;
3;444.111666666667 * no_asm + -179.7925 * ref_1 + 160.823888888889 * ref_9 + 25.836666666667 * no_weightb;2.27982708262792;2.27982708262792;2.27982708262792;2.27982708262792;0.0161;4;25.836666666667 * no_weightb;1;3.49348095091823;
4;446.021703703703 * no_asm + -182.657555555556 * ref_1 + 158.913851851851 * ref_9 + 33.4768148148155 * no_weightb + -11.4602222222224 * no_weightb * rc_lookahead_20;2.07897810633773;2.07897810633773;2.07897810633773;2.07897810633773;0.029387;6;-11.4602222222224 * no_weightb * rc_lookahead_20;2;0.100424488145095;
Elapsed=00:00:00.0295842
Learning progress:
1;559.140833333333 * no_asm + -278.8175 * ref_1;9.52616666470452;9.52616666470452;9.52616666470452;9.52616666470452;0.001504;2;-278.8175 * ref_1;1;44.2913779782916;
2;559.140833333333 * no_asm + -274.675 * ref_1 + -20.7125000000004 * rc_lookahead_60;8.91905692745576;8.91905692745576;8.91905692745576;8.91905692745576;0.006441;3;-20.7125000000004 * rc_lookahead_60;1;0.607109737248757;
3;559.140833333333 * no_asm + -274.675 * ref_1 + -10.3562500000001 * rc_lookahead_60 + -10.3562500000001 * rc_lookahead_60 * no_weightb;8.75785136331357;8.75785136331357;8.75785136331357;8.75785136331357;0.01621;5;-10.3562500000001 * rc_lookahead_60 * no_weightb;2;0.0806027820710957;
Elapsed=00:00:00.0163383
Learning progress:
1;512.280666666667 * no_asm + -233.225333333333 * ref_1;12.4230465989307;12.4230465989307;12.4230465989307;12.4230465989307;0.001426;2;-233.225333333333 * ref_1;1;56.8935021023886;
2;610.408333333333 * no_asm + -331.353 * ref_1 + -163.54611111111 * ref_5;5.11644446440599;5.11644446440599;5.11644446440599;5.11644446440599;0.006394;3;-163.54611111111 * ref_5;1;7.30660213452471;
3;610.408333333334 * no_asm + -332.834393939394 * ref_1 + -168.48409090909 * ref_5 + 7.40696969696942 * no_deblock;4.29647725262534;4.29647725262534;4.29647725262534;4.29647725262534;0.016267;4;7.40696969696942 * no_deblock;1;0.819967211780648;
4;610.408333333333 * no_asm + -329.950897435897 * ref_1 + -180.018076923076 * ref_5 + -7.01051282051341 * no_deblock + 63.4369230769238 * no_deblock * no_weightb;1.16899937736558;1.16899937736558;1.16899937736558;1.16899937736558;0.02932;6;63.4369230769238 * no_deblock * no_weightb;2;1.56373893762988;
5;610.408333333333 * no_asm + -334.487666666667 * ref_1 + -181.530333333333 * ref_5 + -3.98600000000047 * no_deblock + 61.9246666666672 * no_deblock * no_weightb + 19.6593333333332 * ref_1 * rc_lookahead_40;0.235256122517208;0.235256122517208;0.235256122517208;0.235256122517208;0.050885;8;19.6593333333332 * ref_1 * rc_lookahead_40;2;0.466871627424185;
Elapsed=00:00:00.0510497
Learning progress:
1;339.012083333333 * no_asm + 251.499583333333 * ref_9;15.0507449991341;15.0507449991341;15.0507449991341;15.0507449991341;0.001436;2;251.499583333333 * ref_9;1;31.7549664344506;
2;273.896666666666 * no_asm + 316.615 * ref_9 + 130.230833333333 * no_8x8dct;4.9675599928474;4.9675599928474;4.9675599928474;4.9675599928474;0.006257;3;130.230833333333 * no_8x8dct;1;10.0831850062867;
3;246.974047619047 * no_asm + 289.692380952381 * ref_9 + 143.692142857143 * no_8x8dct + 53.8452380952382 * no_weightb;1.79888914658729;1.79888914658729;1.79888914658729;1.79888914658729;0.015901;4;53.8452380952382 * no_weightb;1;3.16867084626011;
4;243.316333333333 * no_asm + 286.034666666667 * ref_9 + 132.719 * no_8x8dct + 61.1606666666668 * no_weightb + 51.2079999999995 * no_8x8dct * rc_lookahead_40;1.63778733716572;1.63778733716572;1.63778733716572;1.63778733716572;0.029016;6;51.2079999999995 * no_8x8dct * rc_lookahead_40;2;0.0805509047107876;
Elapsed=00:00:00.0291552
Learning progress:
1;438.169259259259 * no_asm + -168.585925925926 * rc_lookahead_60;2.38385306634511;2.38385306634511;2.38385306634511;2.38385306634511;0.002515;2;-168.585925925926 * rc_lookahead_60;1;55.3517931148012;
2;443.430833333333 * no_asm + -164.376666666667 * rc_lookahead_60 + -9.47083333333327 * no_mixed_refs;1.89124628575246;1.89124628575246;1.89124628575246;1.89124628575246;0.007539;3;-9.47083333333327 * no_mixed_refs;1;0.492606780592653;
Elapsed=00:00:00.0076515
Learning progress:
1;561.275333333333 * no_asm + -284.037833333333 * ref_1;13.9201478820381;13.9201478820381;13.9201478820381;13.9201478820381;0.001619;2;-284.037833333333 * ref_1;1;38.7147176924704;
2;457.03 * no_asm + -179.7925 * ref_1 + 173.742222222222 * ref_9;5.77330803354616;5.77330803354616;5.77330803354616;5.77330803354616;0.006269;3;173.742222222222 * ref_9;1;8.14683984849195;
3;444.111666666667 * no_asm + -179.7925 * ref_1 + 160.823888888889 * ref_9 + 25.836666666667 * no_weightb;2.27982708262792;2.27982708262792;2.27982708262792;2.27982708262792;0.016154;4;25.836666666667 * no_weightb;1;3.49348095091823;
4;446.021703703703 * no_asm + -182.657555555556 * ref_1 + 158.913851851851 * ref_9 + 33.4768148148155 * no_weightb + -11.4602222222224 * no_weightb * rc_lookahead_20;2.07897810633773;2.07897810633773;2.07897810633773;2.07897810633773;0.030461;6;-11.4602222222224 * no_weightb * rc_lookahead_20;2;0.100424488145095;
5;427.243333333333 * no_asm + -154.49 * ref_1 + 197.811904761904 * ref_9 + 18.7223809523814 * no_weightb + -19.5080952380952 * no_weightb * rc_lookahead_20 + 60.3590476190474 * no_weightb * ref_5;1.27926620787854;1.27926620787854;1.27926620787854;1.27926620787854;0.051664;8;60.3590476190474 * no_weightb * ref_5;2;0.399855949229595;
6;427.243333333334 * no_asm + -157.66 * ref_1 + 194.641904761905 * ref_9 + 21.8923809523809 * no_weightb + -19.5080952380954 * no_weightb * rc_lookahead_20 + 57.1890476190475 * no_weightb * ref_5 + 6.33999999999956 * ref_1 * no_8x8dct;0.883021160941743;0.883021160941743;0.883021160941743;0.883021160941743;0.080377;10;6.33999999999956 * ref_1 * no_8x8dct;2;0.198122523468401;
Elapsed=00:00:00.0805304
Learning progress:
1;559.140833333333 * no_asm + -278.8175 * ref_1;9.52616666470452;9.52616666470452;9.52616666470452;9.52616666470452;0.001521;2;-278.8175 * ref_1;1;44.2913779782916;
2;559.140833333333 * no_asm + -274.675 * ref_1 + -20.7125000000004 * rc_lookahead_60;8.91905692745576;8.91905692745576;8.91905692745576;8.91905692745576;0.006382;3;-20.7125000000004 * rc_lookahead_60;1;0.607109737248757;
3;559.140833333333 * no_asm + -274.675 * ref_1 + -10.3562500000001 * rc_lookahead_60 + -10.3562500000001 * rc_lookahead_60 * no_weightb;8.75785136331357;8.75785136331357;8.75785136331357;8.75785136331357;0.015248;5;-10.3562500000001 * rc_lookahead_60 * no_weightb;2;0.0806027820710957;
Elapsed=00:00:00.0153776
Learning progress:
1;512.280666666667 * no_asm + -233.225333333333 * ref_1;12.4230465989307;12.4230465989307;12.4230465989307;12.4230465989307;0.001416;2;-233.225333333333 * ref_1;1;56.8935021023886;
2;610.408333333333 * no_asm + -331.353 * ref_1 + -163.54611111111 * ref_5;5.11644446440599;5.11644446440599;5.11644446440599;5.11644446440599;0.006302;3;-163.54611111111 * ref_5;1;7.30660213452471;
3;610.408333333334 * no_asm + -332.834393939394 * ref_1 + -168.48409090909 * ref_5 + 7.40696969696942 * no_deblock;4.29647725262534;4.29647725262534;4.29647725262534;4.29647725262534;0.014897;4;7.40696969696942 * no_deblock;1;0.819967211780648;
4;610.408333333333 * no_asm + -329.950897435897 * ref_1 + -180.018076923076 * ref_5 + -7.01051282051341 * no_deblock + 63.4369230769238 * no_deblock * no_weightb;1.16899937736558;1.16899937736558;1.16899937736558;1.16899937736558;0.028521;6;63.4369230769238 * no_deblock * no_weightb;2;1.56373893762988;
5;610.408333333333 * no_asm + -334.487666666667 * ref_1 + -181.530333333333 * ref_5 + -3.98600000000047 * no_deblock + 61.9246666666672 * no_deblock * no_weightb + 19.6593333333332 * ref_1 * rc_lookahead_40;0.235256122517208;0.235256122517208;0.235256122517208;0.235256122517208;0.049209;8;19.6593333333332 * ref_1 * rc_lookahead_40;2;0.466871627424185;
Elapsed=00:00:00.0493766
Learning progress:
1;339.012083333333 * no_asm + 251.499583333333 * ref_9;15.0507449991341;15.0507449991341;15.0507449991341;15.0507449991341;0.001475;2;251.499583333333 * ref_9;1;31.7549664344506;
2;273.896666666666 * no_asm + 316.615 * ref_9 + 130.230833333333 * no_8x8dct;4.9675599928474;4.9675599928474;4.9675599928474;4.9675599928474;0.006325;3;130.230833333333 * no_8x8dct;1;10.0831850062867;
3;246.974047619047 * no_asm + 289.692380952381 * ref_9 + 143.692142857143 * no_8x8dct + 53.8452380952382 * no_weightb;1.79888914658729;1.79888914658729;1.79888914658729;1.79888914658729;0.01503;4;53.8452380952382 * no_weightb;1;3.16867084626011;
4;243.316333333333 * no_asm + 286.034666666667 * ref_9 + 132.719 * no_8x8dct + 61.1606666666668 * no_weightb + 51.2079999999995 * no_8x8dct * rc_lookahead_40;1.63778733716572;1.63778733716572;1.63778733716572;1.63778733716572;0.029008;6;51.2079999999995 * no_8x8dct * rc_lookahead_40;2;0.0805509047107876;
Elapsed=00:00:00.0291621
Learning progress:
1;438.169259259259 * no_asm + -168.585925925926 * rc_lookahead_60;2.38385306634511;2.38385306634511;2.38385306634511;2.38385306634511;0.001596;2;-168.585925925926 * rc_lookahead_60;1;55.3517931148012;
2;443.430833333333 * no_asm + -164.376666666667 * rc_lookahead_60 + -9.47083333333327 * no_mixed_refs;1.89124628575246;1.89124628575246;1.89124628575246;1.89124628575246;0.007371;3;-9.47083333333327 * no_mixed_refs;1;0.492606780592653;
3;443.430833333333 * no_asm + -166.235 * rc_lookahead_60 + -7.6125000000001 * no_mixed_refs + -9.29166666666613 * no_mixed_refs * ref_5;1.18907032045554;1.18907032045554;1.18907032045554;1.18907032045554;0.016534;5;-9.29166666666613 * no_mixed_refs * ref_5;2;0.351087982648459;
4;690.823333333333 * no_asm + -1.30666666666707 * rc_lookahead_60 + -90.0766666666669 * no_mixed_refs + 155.636666666667 * no_mixed_refs * ref_5 + -329.856666666666 * no_cabac;1.18907032045548;1.18907032045548;1.18907032045548;1.18907032045548;0.032338;6;-329.856666666666 * no_cabac;1;6.21724893790088E-14;
Elapsed=00:00:00.0325084
Learning progress:
1;561.275333333333 * no_asm + -284.037833333333 * ref_1;13.9201478820381;13.9201478820381;13.9201478820381;13.9201478820381;0.001515;2;-284.037833333333 * ref_1;1;38.7147176924704;
2;457.03 * no_asm + -179.7925 * ref_1 + 173.742222222222 * ref_9;5.77330803354616;5.77330803354616;5.77330803354616;5.77330803354616;0.007601;3;173.742222222222 * ref_9;1;8.14683984849195;
3;444.111666666667 * no_asm + -179.7925 * ref_1 + 160.823888888889 * ref_9 + 25.836666666667 * no_weightb;2.27982708262792;2.27982708262792;2.27982708262792;2.27982708262792;0.016281;4;25.836666666667 * no_weightb;1;3.49348095091823;
4;446.021703703703 * no_asm + -182.657555555556 * ref_1 + 158.913851851851 * ref_9 + 33.4768148148155 * no_weightb + -11.4602222222224 * no_weightb * rc_lookahead_20;2.07897810633773;2.07897810633773;2.07897810633773;2.07897810633773;0.030419;6;-11.4602222222224 * no_weightb * rc_lookahead_20;2;0.100424488145095;
Elapsed=00:00:00.0305583
Learning progress:
1;559.140833333333 * no_asm + -278.8175 * ref_1;9.52616666470452;9.52616666470452;9.52616666470452;9.52616666470452;0.001614;2;-278.8175 * ref_1;1;44.2913779782916;
2;559.140833333333 * no_asm + -274.675 * ref_1 + -20.7125000000004 * rc_lookahead_60;8.91905692745576;8.91905692745576;8.91905692745576;8.91905692745576;0.007426;3;-20.7125000000004 * rc_lookahead_60;1;0.607109737248757;
3;559.140833333333 * no_asm + -274.675 * ref_1 + -10.3562500000001 * rc_lookahead_60 + -10.3562500000001 * rc_lookahead_60 * no_weightb;8.75785136331357;8.75785136331357;8.75785136331357;8.75785136331357;0.016391;5;-10.3562500000001 * rc_lookahead_60 * no_weightb;2;0.0806027820710957;
Elapsed=00:00:00.0165387
Learning progress:
1;512.280666666667 * no_asm + -233.225333333333 * ref_1;12.4230465989307;12.4230465989307;12.4230465989307;12.4230465989307;0.001453;2;-233.225333333333 * ref_1;1;56.8935021023886;
2;610.408333333333 * no_asm + -331.353 * ref_1 + -163.54611111111 * ref_5;5.11644446440599;5.11644446440599;5.11644446440599;5.11644446440599;0.007387;3;-163.54611111111 * ref_5;1;7.30660213452471;
3;610.408333333334 * no_asm + -332.834393939394 * ref_1 + -168.48409090909 * ref_5 + 7.40696969696942 * no_deblock;4.29647725262534;4.29647725262534;4.29647725262534;4.29647725262534;0.015981;4;7.40696969696942 * no_deblock;1;0.819967211780648;
4;610.408333333333 * no_asm + -329.950897435897 * ref_1 + -180.018076923076 * ref_5 + -7.01051282051341 * no_deblock + 63.4369230769238 * no_deblock * no_weightb;1.16899937736558;1.16899937736558;1.16899937736558;1.16899937736558;0.02981;6;63.4369230769238 * no_deblock * no_weightb;2;1.56373893762988;
5;610.408333333333 * no_asm + -334.487666666667 * ref_1 + -181.530333333333 * ref_5 + -3.98600000000047 * no_deblock + 61.9246666666672 * no_deblock * no_weightb + 19.6593333333332 * ref_1 * rc_lookahead_40;0.235256122517208;0.235256122517208;0.235256122517208;0.235256122517208;0.050837;8;19.6593333333332 * ref_1 * rc_lookahead_40;2;0.466871627424185;
Elapsed=00:00:00.0509833
Learning progress:
1;339.012083333333 * no_asm + 251.499583333333 * ref_9;15.0507449991341;15.0507449991341;15.0507449991341;15.0507449991341;0.001415;2;251.499583333333 * ref_9;1;31.7549664344506;
2;273.896666666666 * no_asm + 316.615 * ref_9 + 130.230833333333 * no_8x8dct;4.9675599928474;4.9675599928474;4.9675599928474;4.9675599928474;0.007326;3;130.230833333333 * no_8x8dct;1;10.0831850062867;
3;246.974047619047 * no_asm + 289.692380952381 * ref_9 + 143.692142857143 * no_8x8dct + 53.8452380952382 * no_weightb;1.79888914658729;1.79888914658729;1.79888914658729;1.79888914658729;0.016092;4;53.8452380952382 * no_weightb;1;3.16867084626011;
4;243.316333333333 * no_asm + 286.034666666667 * ref_9 + 132.719 * no_8x8dct + 61.1606666666668 * no_weightb + 51.2079999999995 * no_8x8dct * rc_lookahead_40;1.63778733716572;1.63778733716572;1.63778733716572;1.63778733716572;0.030183;6;51.2079999999995 * no_8x8dct * rc_lookahead_40;2;0.0805509047107876;
Elapsed=00:00:00.0303336
Learning progress:
1;438.169259259259 * no_asm + -168.585925925926 * rc_lookahead_60;2.38385306634511;2.38385306634511;2.38385306634511;2.38385306634511;0.001421;2;-168.585925925926 * rc_lookahead_60;1;55.3517931148012;
2;443.430833333333 * no_asm + -164.376666666667 * rc_lookahead_60 + -9.47083333333327 * no_mixed_refs;1.89124628575246;1.89124628575246;1.89124628575246;1.89124628575246;0.006599;3;-9.47083333333327 * no_mixed_refs;1;0.492606780592653;
3;443.430833333333 * no_asm + -166.235 * rc_lookahead_60 + -7.6125000000001 * no_mixed_refs + -9.29166666666613 * no_mixed_refs * ref_5;1.18907032045554;1.18907032045554;1.18907032045554;1.18907032045554;0.016843;5;-9.29166666666613 * no_mixed_refs * ref_5;2;0.351087982648459;
4;690.823333333333 * no_asm + -1.30666666666707 * rc_lookahead_60 + -90.0766666666669 * no_mixed_refs + 155.636666666667 * no_mixed_refs * ref_5 + -329.856666666666 * no_cabac;1.18907032045548;1.18907032045548;1.18907032045548;1.18907032045548;0.032887;6;-329.856666666666 * no_cabac;1;6.21724893790088E-14;
Elapsed=00:00:00.0330404
Learning progress:
1;561.275333333333 * no_asm + -284.037833333333 * ref_1;13.9201478820381;13.9201478820381;13.9201478820381;13.9201478820381;0.001503;2;-284.037833333333 * ref_1;1;38.7147176924704;
2;457.03 * no_asm + -179.7925 * ref_1 + 173.742222222222 * ref_9;5.77330803354616;5.77330803354616;5.77330803354616;5.77330803354616;0.006188;3;173.742222222222 * ref_9;1;8.14683984849195;
3;444.111666666667 * no_asm + -179.7925 * ref_1 + 160.823888888889 * ref_9 + 25.836666666667 * no_weightb;2.27982708262792;2.27982708262792;2.27982708262792;2.27982708262792;0.016025;4;25.836666666667 * no_weightb;1;3.49348095091823;
4;446.021703703703 * no_asm + -182.657555555556 * ref_1 + 158.913851851851 * ref_9 + 33.4768148148155 * no_weightb + -11.4602222222224 * no_weightb * rc_lookahead_20;2.07897810633773;2.07897810633773;2.07897810633773;2.07897810633773;0.030334;6;-11.4602222222224 * no_weightb * rc_lookahead_20;2;0.100424488145095;
Elapsed=00:00:00.0304868
Learning progress:
1;559.140833333333 * no_asm + -278.8175 * ref_1;9.52616666470452;9.52616666470452;9.52616666470452;9.52616666470452;0.001637;2;-278.8175 * ref_1;1;44.2913779782916;
2;559.140833333333 * no_asm + -274.675 * ref_1 + -20.7125000000004 * rc_lookahead_60;8.91905692745576;8.91905692745576;8.91905692745576;8.91905692745576;0.006642;3;-20.7125000000004 * rc_lookahead_60;1;0.607109737248757;
3;559.140833333333 * no_asm + -274.675 * ref_1 + -10.3562500000001 * rc_lookahead_60 + -10.3562500000001 * rc_lookahead_60 * no_weightb;8.75785136331357;8.75785136331357;8.75785136331357;8.75785136331357;0.016503;5;-10.3562500000001 * rc_lookahead_60 * no_weightb;2;0.0806027820710957;
Elapsed=00:00:00.0166338
Learning progress:
1;512.280666666667 * no_asm + -233.225333333333 * ref_1;12.4230465989307;12.4230465989307;12.4230465989307;12.4230465989307;0.001665;2;-233.225333333333 * ref_1;1;56.8935021023886;
2;610.408333333333 * no_asm + -331.353 * ref_1 + -163.54611111111 * ref_5;5.11644446440599;5.11644446440599;5.11644446440599;5.11644446440599;0.006869;3;-163.54611111111 * ref_5;1;7.30660213452471;
3;610.408333333334 * no_asm + -332.834393939394 * ref_1 + -168.48409090909 * ref_5 + 7.40696969696942 * no_deblock;4.29647725262534;4.29647725262534;4.29647725262534;4.29647725262534;0.016545;4;7.40696969696942 * no_deblock;1;0.819967211780648;
4;610.408333333333 * no_asm + -329.950897435897 * ref_1 + -180.018076923076 * ref_5 + -7.01051282051341 * no_deblock + 63.4369230769238 * no_deblock * no_weightb;1.16899937736558;1.16899937736558;1.16899937736558;1.16899937736558;0.029562;6;63.4369230769238 * no_deblock * no_weightb;2;1.56373893762988;
5;610.408333333333 * no_asm + -334.487666666667 * ref_1 + -181.530333333333 * ref_5 + -3.98600000000047 * no_deblock + 61.9246666666672 * no_deblock * no_weightb + 19.6593333333332 * ref_1 * rc_lookahead_40;0.235256122517208;0.235256122517208;0.235256122517208;0.235256122517208;0.051295;8;19.6593333333332 * ref_1 * rc_lookahead_40;2;0.466871627424185;
Elapsed=00:00:00.0514611
Learning progress:
1;339.012083333333 * no_asm + 251.499583333333 * ref_9;15.0507449991341;15.0507449991341;15.0507449991341;15.0507449991341;0.001386;2;251.499583333333 * ref_9;1;31.7549664344506;
2;273.896666666666 * no_asm + 316.615 * ref_9 + 130.230833333333 * no_8x8dct;4.9675599928474;4.9675599928474;4.9675599928474;4.9675599928474;0.006221;3;130.230833333333 * no_8x8dct;1;10.0831850062867;
3;246.974047619047 * no_asm + 289.692380952381 * ref_9 + 143.692142857143 * no_8x8dct + 53.8452380952382 * no_weightb;1.79888914658729;1.79888914658729;1.79888914658729;1.79888914658729;0.016106;4;53.8452380952382 * no_weightb;1;3.16867084626011;
4;243.316333333333 * no_asm + 286.034666666667 * ref_9 + 132.719 * no_8x8dct + 61.1606666666668 * no_weightb + 51.2079999999995 * no_8x8dct * rc_lookahead_40;1.63778733716572;1.63778733716572;1.63778733716572;1.63778733716572;0.029804;6;51.2079999999995 * no_8x8dct * rc_lookahead_40;2;0.0805509047107876;
Elapsed=00:00:00.0299399
Learning progress:
1;438.169259259259 * no_asm + -168.585925925926 * rc_lookahead_60;2.38385306634511;2.38385306634511;2.38385306634511;2.38385306634511;0.001425;2;-168.585925925926 * rc_lookahead_60;1;55.3517931148012;
2;443.430833333333 * no_asm + -164.376666666667 * rc_lookahead_60 + -9.47083333333327 * no_mixed_refs;1.89124628575246;1.89124628575246;1.89124628575246;1.89124628575246;0.00663;3;-9.47083333333327 * no_mixed_refs;1;0.492606780592653;
Elapsed=00:00:00.0067355
Learning progress:
1;561.275333333333 * no_asm + -284.037833333333 * ref_1;13.9201478820381;13.9201478820381;13.9201478820381;13.9201478820381;0.001634;2;-284.037833333333 * ref_1;1;38.7147176924704;
2;457.03 * no_asm + -179.7925 * ref_1 + 173.742222222222 * ref_9;5.77330803354616;5.77330803354616;5.77330803354616;5.77330803354616;0.006383;3;173.742222222222 * ref_9;1;8.14683984849195;
3;444.111666666667 * no_asm + -179.7925 * ref_1 + 160.823888888889 * ref_9 + 25.836666666667 * no_weightb;2.27982708262792;2.27982708262792;2.27982708262792;2.27982708262792;0.015954;4;25.836666666667 * no_weightb;1;3.49348095091823;
4;446.021703703703 * no_asm + -182.657555555556 * ref_1 + 158.913851851851 * ref_9 + 33.4768148148155 * no_weightb + -11.4602222222224 * no_weightb * rc_lookahead_20;2.07897810633773;2.07897810633773;2.07897810633773;2.07897810633773;0.030041;6;-11.4602222222224 * no_weightb * rc_lookahead_20;2;0.100424488145095;
5;427.243333333333 * no_asm + -154.49 * ref_1 + 197.811904761904 * ref_9 + 18.7223809523814 * no_weightb + -19.5080952380952 * no_weightb * rc_lookahead_20 + 60.3590476190474 * no_weightb * ref_5;1.27926620787854;1.27926620787854;1.27926620787854;1.27926620787854;0.051427;8;60.3590476190474 * no_weightb * ref_5;2;0.399855949229595;
6;427.243333333334 * no_asm + -157.66 * ref_1 + 194.641904761905 * ref_9 + 21.8923809523809 * no_weightb + -19.5080952380954 * no_weightb * rc_lookahead_20 + 57.1890476190475 * no_weightb * ref_5 + 6.33999999999956 * ref_1 * no_8x8dct;0.883021160941743;0.883021160941743;0.883021160941743;0.883021160941743;0.081192;10;6.33999999999956 * ref_1 * no_8x8dct;2;0.198122523468401;
Elapsed=00:00:00.0813491
Learning progress:
1;559.140833333333 * no_asm + -278.8175 * ref_1;9.52616666470452;9.52616666470452;9.52616666470452;9.52616666470452;0.001729;2;-278.8175 * ref_1;1;44.2913779782916;
2;559.140833333333 * no_asm + -274.675 * ref_1 + -20.7125000000004 * rc_lookahead_60;8.91905692745576;8.91905692745576;8.91905692745576;8.91905692745576;0.006903;3;-20.7125000000004 * rc_lookahead_60;1;0.607109737248757;
3;559.140833333333 * no_asm + -274.675 * ref_1 + -10.3562500000001 * rc_lookahead_60 + -10.3562500000001 * rc_lookahead_60 * no_weightb;8.75785136331357;8.75785136331357;8.75785136331357;8.75785136331357;0.016973;5;-10.3562500000001 * rc_lookahead_60 * no_weightb;2;0.0806027820710957;
Elapsed=00:00:00.0171076
Learning progress:
1;512.280666666667 * no_asm + -233.225333333333 * ref_1;12.4230465989307;12.4230465989307;12.4230465989307;12.4230465989307;0.001643;2;-233.225333333333 * ref_1;1;56.8935021023886;
2;610.408333333333 * no_asm + -331.353 * ref_1 + -163.54611111111 * ref_5;5.11644446440599;5.11644446440599;5.11644446440599;5.11644446440599;0.006645;3;-163.54611111111 * ref_5;1;7.30660213452471;
3;610.408333333334 * no_asm + -332.834393939394 * ref_1 + -168.48409090909 * ref_5 + 7.40696969696942 * no_deblock;4.29647725262534;4.29647725262534;4.29647725262534;4.29647725262534;0.016507;4;7.40696969696942 * no_deblock;1;0.819967211780648;
4;610.408333333333 * no_asm + -329.950897435897 * ref_1 + -180.018076923076 * ref_5 + -7.01051282051341 * no_deblock + 63.4369230769238 * no_deblock * no_weightb;1.16899937736558;1.16899937736558;1.16899937736558;1.16899937736558;0.029474;6;63.4369230769238 * no_deblock * no_weightb;2;1.56373893762988;
5;610.408333333333 * no_asm + -334.487666666667 * ref_1 + -181.530333333333 * ref_5 + -3.98600000000047 * no_deblock + 61.9246666666672 * no_deblock * no_weightb + 19.6593333333332 * ref_1 * rc_lookahead_40;0.235256122517208;0.235256122517208;0.235256122517208;0.235256122517208;0.051226;8;19.6593333333332 * ref_1 * rc_lookahead_40;2;0.466871627424185;
Elapsed=00:00:00.0513872
Learning progress:
1;339.012083333333 * no_asm + 251.499583333333 * ref_9;15.0507449991341;15.0507449991341;15.0507449991341;15.0507449991341;0.001437;2;251.499583333333 * ref_9;1;31.7549664344506;
2;273.896666666666 * no_asm + 316.615 * ref_9 + 130.230833333333 * no_8x8dct;4.9675599928474;4.9675599928474;4.9675599928474;4.9675599928474;0.006317;3;130.230833333333 * no_8x8dct;1;10.0831850062867;
3;246.974047619047 * no_asm + 289.692380952381 * ref_9 + 143.692142857143 * no_8x8dct + 53.8452380952382 * no_weightb;1.79888914658729;1.79888914658729;1.79888914658729;1.79888914658729;0.016124;4;53.8452380952382 * no_weightb;1;3.16867084626011;
4;243.316333333333 * no_asm + 286.034666666667 * ref_9 + 132.719 * no_8x8dct + 61.1606666666668 * no_weightb + 51.2079999999995 * no_8x8dct * rc_lookahead_40;1.63778733716572;1.63778733716572;1.63778733716572;1.63778733716572;0.029419;6;51.2079999999995 * no_8x8dct * rc_lookahead_40;2;0.0805509047107876;
Elapsed=00:00:00.0295709
Learning progress:
1;438.169259259259 * no_asm + -168.585925925926 * rc_lookahead_60;2.38385306634511;2.38385306634511;2.38385306634511;2.38385306634511;0.002582;2;-168.585925925926 * rc_lookahead_60;1;55.3517931148012;
2;443.430833333333 * no_asm + -164.376666666667 * rc_lookahead_60 + -9.47083333333327 * no_mixed_refs;1.89124628575246;1.89124628575246;1.89124628575246;1.89124628575246;0.007559;3;-9.47083333333327 * no_mixed_refs;1;0.492606780592653;
3;443.430833333333 * no_asm + -166.235 * rc_lookahead_60 + -7.6125000000001 * no_mixed_refs + -9.29166666666613 * no_mixed_refs * ref_5;1.18907032045554;1.18907032045554;1.18907032045554;1.18907032045554;0.016552;5;-9.29166666666613 * no_mixed_refs * ref_5;2;0.351087982648459;
4;690.823333333333 * no_asm + -1.30666666666707 * rc_lookahead_60 + -90.0766666666669 * no_mixed_refs + 155.636666666667 * no_mixed_refs * ref_5 + -329.856666666666 * no_cabac;1.18907032045548;1.18907032045548;1.18907032045548;1.18907032045548;0.032414;6;-329.856666666666 * no_cabac;1;6.21724893790088E-14;
Elapsed=00:00:00.0325747
Learning progress:
1;561.275333333333 * no_asm + -284.037833333333 * ref_1;13.9201478820381;13.9201478820381;13.9201478820381;13.9201478820381;0.001694;2;-284.037833333333 * ref_1;1;38.7147176924704;
2;457.03 * no_asm + -179.7925 * ref_1 + 173.742222222222 * ref_9;5.77330803354616;5.77330803354616;5.77330803354616;5.77330803354616;0.007193;3;173.742222222222 * ref_9;1;8.14683984849195;
3;444.111666666667 * no_asm + -179.7925 * ref_1 + 160.823888888889 * ref_9 + 25.836666666667 * no_weightb;2.27982708262792;2.27982708262792;2.27982708262792;2.27982708262792;0.016006;4;25.836666666667 * no_weightb;1;3.49348095091823;
4;446.021703703703 * no_asm + -182.657555555556 * ref_1 + 158.913851851851 * ref_9 + 33.4768148148155 * no_weightb + -11.4602222222224 * no_weightb * rc_lookahead_20;2.07897810633773;2.07897810633773;2.07897810633773;2.07897810633773;0.030034;6;-11.4602222222224 * no_weightb * rc_lookahead_20;2;0.100424488145095;
Elapsed=00:00:00.0301982
Learning progress:
1;559.140833333333 * no_asm + -278.8175 * ref_1;9.52616666470452;9.52616666470452;9.52616666470452;9.52616666470452;0.001617;2;-278.8175 * ref_1;1;44.2913779782916;
2;559.140833333333 * no_asm + -274.675 * ref_1 + -20.7125000000004 * rc_lookahead_60;8.91905692745576;8.91905692745576;8.91905692745576;8.91905692745576;0.007445;3;-20.7125000000004 * rc_lookahead_60;1;0.607109737248757;
3;559.140833333333 * no_asm + -274.675 * ref_1 + -10.3562500000001 * rc_lookahead_60 + -10.3562500000001 * rc_lookahead_60 * no_weightb;8.75785136331357;8.75785136331357;8.75785136331357;8.75785136331357;0.018721;5;-10.3562500000001 * rc_lookahead_60 * no_weightb;2;0.0806027820710957;
Elapsed=00:00:00.0189296
Learning progress:
1;512.280666666667 * no_asm + -233.225333333333 * ref_1;12.4230465989307;12.4230465989307;12.4230465989307;12.4230465989307;0.001729;2;-233.225333333333 * ref_1;1;56.8935021023886;
2;610.408333333333 * no_asm + -331.353 * ref_1 + -163.54611111111 * ref_5;5.11644446440599;5.11644446440599;5.11644446440599;5.11644446440599;0.008374;3;-163.54611111111 * ref_5;1;7.30660213452471;
3;610.408333333334 * no_asm + -332.834393939394 * ref_1 + -168.48409090909 * ref_5 + 7.40696969696942 * no_deblock;4.29647725262534;4.29647725262534;4.29647725262534;4.29647725262534;0.017254;4;7.40696969696942 * no_deblock;1;0.819967211780648;
4;610.408333333333 * no_asm + -329.950897435897 * ref_1 + -180.018076923076 * ref_5 + -7.01051282051341 * no_deblock + 63.4369230769238 * no_deblock * no_weightb;1.16899937736558;1.16899937736558;1.16899937736558;1.16899937736558;0.031582;6;63.4369230769238 * no_deblock * no_weightb;2;1.56373893762988;
5;610.408333333333 * no_asm + -334.487666666667 * ref_1 + -181.530333333333 * ref_5 + -3.98600000000047 * no_deblock + 61.9246666666672 * no_deblock * no_weightb + 19.6593333333332 * ref_1 * rc_lookahead_40;0.235256122517208;0.235256122517208;0.235256122517208;0.235256122517208;0.052357;8;19.6593333333332 * ref_1 * rc_lookahead_40;2;0.466871627424185;
Elapsed=00:00:00.0525175
Learning progress:
1;339.012083333333 * no_asm + 251.499583333333 * ref_9;15.0507449991341;15.0507449991341;15.0507449991341;15.0507449991341;0.001669;2;251.499583333333 * ref_9;1;31.7549664344506;
2;273.896666666666 * no_asm + 316.615 * ref_9 + 130.230833333333 * no_8x8dct;4.9675599928474;4.9675599928474;4.9675599928474;4.9675599928474;0.007445;3;130.230833333333 * no_8x8dct;1;10.0831850062867;
3;246.974047619047 * no_asm + 289.692380952381 * ref_9 + 143.692142857143 * no_8x8dct + 53.8452380952382 * no_weightb;1.79888914658729;1.79888914658729;1.79888914658729;1.79888914658729;0.016143;4;53.8452380952382 * no_weightb;1;3.16867084626011;
4;243.316333333333 * no_asm + 286.034666666667 * ref_9 + 132.719 * no_8x8dct + 61.1606666666668 * no_weightb + 51.2079999999995 * no_8x8dct * rc_lookahead_40;1.63778733716572;1.63778733716572;1.63778733716572;1.63778733716572;0.030685;6;51.2079999999995 * no_8x8dct * rc_lookahead_40;2;0.0805509047107876;
Elapsed=00:00:00.0308462
Learning progress:
1;438.169259259259 * no_asm + -168.585925925926 * rc_lookahead_60;2.38385306634511;2.38385306634511;2.38385306634511;2.38385306634511;0.001652;2;-168.585925925926 * rc_lookahead_60;1;55.3517931148012;
2;443.430833333333 * no_asm + -164.376666666667 * rc_lookahead_60 + -9.47083333333327 * no_mixed_refs;1.89124628575246;1.89124628575246;1.89124628575246;1.89124628575246;0.006726;3;-9.47083333333327 * no_mixed_refs;1;0.492606780592653;
3;443.430833333333 * no_asm + -166.235 * rc_lookahead_60 + -7.6125000000001 * no_mixed_refs + -9.29166666666613 * no_mixed_refs * ref_5;1.18907032045554;1.18907032045554;1.18907032045554;1.18907032045554;0.016984;5;-9.29166666666613 * no_mixed_refs * ref_5;2;0.351087982648459;
4;690.823333333333 * no_asm + -1.30666666666707 * rc_lookahead_60 + -90.0766666666669 * no_mixed_refs + 155.636666666667 * no_mixed_refs * ref_5 + -329.856666666666 * no_cabac;1.18907032045548;1.18907032045548;1.18907032045548;1.18907032045548;0.033017;6;-329.856666666666 * no_cabac;1;6.21724893790088E-14;
Elapsed=00:00:00.0331768
Learning progress:
1;561.275333333333 * no_asm + -284.037833333333 * ref_1;13.9201478820381;13.9201478820381;13.9201478820381;13.9201478820381;0.001508;2;-284.037833333333 * ref_1;1;38.7147176924704;
2;457.03 * no_asm + -179.7925 * ref_1 + 173.742222222222 * ref_9;5.77330803354616;5.77330803354616;5.77330803354616;5.77330803354616;0.006145;3;173.742222222222 * ref_9;1;8.14683984849195;
3;444.111666666667 * no_asm + -179.7925 * ref_1 + 160.823888888889 * ref_9 + 25.836666666667 * no_weightb;2.27982708262792;2.27982708262792;2.27982708262792;2.27982708262792;0.016114;4;25.836666666667 * no_weightb;1;3.49348095091823;
4;446.021703703703 * no_asm + -182.657555555556 * ref_1 + 158.913851851851 * ref_9 + 33.4768148148155 * no_weightb + -11.4602222222224 * no_weightb * rc_lookahead_20;2.07897810633773;2.07897810633773;2.07897810633773;2.07897810633773;0.030584;6;-11.4602222222224 * no_weightb * rc_lookahead_20;2;0.100424488145095;
Elapsed=00:00:00.0307371
Learning progress:
1;559.140833333333 * no_asm + -278.8175 * ref_1;9.52616666470452;9.52616666470452;9.52616666470452;9.52616666470452;0.001636;2;-278.8175 * ref_1;1;44.2913779782916;
2;559.140833333333 * no_asm + -274.675 * ref_1 + -20.7125000000004 * rc_lookahead_60;8.91905692745576;8.91905692745576;8.91905692745576;8.91905692745576;0.006328;3;-20.7125000000004 * rc_lookahead_60;1;0.607109737248757;
3;559.140833333333 * no_asm + -274.675 * ref_1 + -10.3562500000001 * rc_lookahead_60 + -10.3562500000001 * rc_lookahead_60 * no_weightb;8.75785136331357;8.75785136331357;8.75785136331357;8.75785136331357;0.016275;5;-10.3562500000001 * rc_lookahead_60 * no_weightb;2;0.0806027820710957;
Elapsed=00:00:00.0164038
Learning progress:
1;512.280666666667 * no_asm + -233.225333333333 * ref_1;12.4230465989307;12.4230465989307;12.4230465989307;12.4230465989307;0.001647;2;-233.225333333333 * ref_1;1;56.8935021023886;
2;610.408333333333 * no_asm + -331.353 * ref_1 + -163.54611111111 * ref_5;5.11644446440599;5.11644446440599;5.11644446440599;5.11644446440599;0.006635;3;-163.54611111111 * ref_5;1;7.30660213452471;
3;610.408333333334 * no_asm + -332.834393939394 * ref_1 + -168.48409090909 * ref_5 + 7.40696969696942 * no_deblock;4.29647725262534;4.29647725262534;4.29647725262534;4.29647725262534;0.016283;4;7.40696969696942 * no_deblock;1;0.819967211780648;
4;610.408333333333 * no_asm + -329.950897435897 * ref_1 + -180.018076923076 * ref_5 + -7.01051282051341 * no_deblock + 63.4369230769238 * no_deblock * no_weightb;1.16899937736558;1.16899937736558;1.16899937736558;1.16899937736558;0.030727;6;63.4369230769238 * no_deblock * no_weightb;2;1.56373893762988;
5;610.408333333333 * no_asm + -334.487666666667 * ref_1 + -181.530333333333 * ref_5 + -3.98600000000047 * no_deblock + 61.9246666666672 * no_deblock * no_weightb + 19.6593333333332 * ref_1 * rc_lookahead_40;0.235256122517208;0.235256122517208;0.235256122517208;0.235256122517208;0.051586;8;19.6593333333332 * ref_1 * rc_lookahead_40;2;0.466871627424185;
Elapsed=00:00:00.0517293
Learning progress:
1;339.012083333333 * no_asm + 251.499583333333 * ref_9;15.0507449991341;15.0507449991341;15.0507449991341;15.0507449991341;0.00163;2;251.499583333333 * ref_9;1;31.7549664344506;
2;273.896666666666 * no_asm + 316.615 * ref_9 + 130.230833333333 * no_8x8dct;4.9675599928474;4.9675599928474;4.9675599928474;4.9675599928474;0.00648;3;130.230833333333 * no_8x8dct;1;10.0831850062867;
3;246.974047619047 * no_asm + 289.692380952381 * ref_9 + 143.692142857143 * no_8x8dct + 53.8452380952382 * no_weightb;1.79888914658729;1.79888914658729;1.79888914658729;1.79888914658729;0.016264;4;53.8452380952382 * no_weightb;1;3.16867084626011;
4;243.316333333333 * no_asm + 286.034666666667 * ref_9 + 132.719 * no_8x8dct + 61.1606666666668 * no_weightb + 51.2079999999995 * no_8x8dct * rc_lookahead_40;1.63778733716572;1.63778733716572;1.63778733716572;1.63778733716572;0.030915;6;51.2079999999995 * no_8x8dct * rc_lookahead_40;2;0.0805509047107876;
Elapsed=00:00:00.0310678
Learning progress:
1;438.169259259259 * no_asm + -168.585925925926 * rc_lookahead_60;2.38385306634511;2.38385306634511;2.38385306634511;2.38385306634511;0.001422;2;-168.585925925926 * rc_lookahead_60;1;55.3517931148012;
2;443.430833333333 * no_asm + -164.376666666667 * rc_lookahead_60 + -9.47083333333327 * no_mixed_refs;1.89124628575246;1.89124628575246;1.89124628575246;1.89124628575246;0.006419;3;-9.47083333333327 * no_mixed_refs;1;0.492606780592653;
Elapsed=00:00:00.0065252
Learning progress:
1;561.275333333333 * no_asm + -284.037833333333 * ref_1;13.9201478820381;13.9201478820381;13.9201478820381;13.9201478820381;0.001652;2;-284.037833333333 * ref_1;1;38.7147176924704;
2;457.03 * no_asm + -179.7925 * ref_1 + 173.742222222222 * ref_9;5.77330803354616;5.77330803354616;5.77330803354616;5.77330803354616;0.007792;3;173.742222222222 * ref_9;1;8.14683984849195;
3;444.111666666667 * no_asm + -179.7925 * ref_1 + 160.823888888889 * ref_9 + 25.836666666667 * no_weightb;2.27982708262792;2.27982708262792;2.27982708262792;2.27982708262792;0.016738;4;25.836666666667 * no_weightb;1;3.49348095091823;
4;446.021703703703 * no_asm + -182.657555555556 * ref_1 + 158.913851851851 * ref_9 + 33.4768148148155 * no_weightb + -11.4602222222224 * no_weightb * rc_lookahead_20;2.07897810633773;2.07897810633773;2.07897810633773;2.07897810633773;0.031047;6;-11.4602222222224 * no_weightb * rc_lookahead_20;2;0.100424488145095;
5;427.243333333333 * no_asm + -154.49 * ref_1 + 197.811904761904 * ref_9 + 18.7223809523814 * no_weightb + -19.5080952380952 * no_weightb * rc_lookahead_20 + 60.3590476190474 * no_weightb * ref_5;1.27926620787854;1.27926620787854;1.27926620787854;1.27926620787854;0.05246;8;60.3590476190474 * no_weightb * ref_5;2;0.399855949229595;
6;427.243333333334 * no_asm + -157.66 * ref_1 + 194.641904761905 * ref_9 + 21.8923809523809 * no_weightb + -19.5080952380954 * no_weightb * rc_lookahead_20 + 57.1890476190475 * no_weightb * ref_5 + 6.33999999999956 * ref_1 * no_8x8dct;0.883021160941743;0.883021160941743;0.883021160941743;0.883021160941743;0.082511;10;6.33999999999956 * ref_1 * no_8x8dct;2;0.198122523468401;
Elapsed=00:00:00.0826824
Learning progress:
1;559.140833333333 * no_asm + -278.8175 * ref_1;9.52616666470452;9.52616666470452;9.52616666470452;9.52616666470452;0.001519;2;-278.8175 * ref_1;1;44.2913779782916;
2;559.140833333333 * no_asm + -274.675 * ref_1 + -20.7125000000004 * rc_lookahead_60;8.91905692745576;8.91905692745576;8.91905692745576;8.91905692745576;0.006231;3;-20.7125000000004 * rc_lookahead_60;1;0.607109737248757;
3;559.140833333333 * no_asm + -274.675 * ref_1 + -10.3562500000001 * rc_lookahead_60 + -10.3562500000001 * rc_lookahead_60 * no_weightb;8.75785136331357;8.75785136331357;8.75785136331357;8.75785136331357;0.016131;5;-10.3562500000001 * rc_lookahead_60 * no_weightb;2;0.0806027820710957;
Elapsed=00:00:00.0162846
Learning progress:
1;512.280666666667 * no_asm + -233.225333333333 * ref_1;12.4230465989307;12.4230465989307;12.4230465989307;12.4230465989307;0.00166;2;-233.225333333333 * ref_1;1;56.8935021023886;
2;610.408333333333 * no_asm + -331.353 * ref_1 + -163.54611111111 * ref_5;5.11644446440599;5.11644446440599;5.11644446440599;5.11644446440599;0.006395;3;-163.54611111111 * ref_5;1;7.30660213452471;
3;610.408333333334 * no_asm + -332.834393939394 * ref_1 + -168.48409090909 * ref_5 + 7.40696969696942 * no_deblock;4.29647725262534;4.29647725262534;4.29647725262534;4.29647725262534;0.016148;4;7.40696969696942 * no_deblock;1;0.819967211780648;
4;610.408333333333 * no_asm + -329.950897435897 * ref_1 + -180.018076923076 * ref_5 + -7.01051282051341 * no_deblock + 63.4369230769238 * no_deblock * no_weightb;1.16899937736558;1.16899937736558;1.16899937736558;1.16899937736558;0.030522;6;63.4369230769238 * no_deblock * no_weightb;2;1.56373893762988;
5;610.408333333333 * no_asm + -334.487666666667 * ref_1 + -181.530333333333 * ref_5 + -3.98600000000047 * no_deblock + 61.9246666666672 * no_deblock * no_weightb + 19.6593333333332 * ref_1 * rc_lookahead_40;0.235256122517208;0.235256122517208;0.235256122517208;0.235256122517208;0.051518;8;19.6593333333332 * ref_1 * rc_lookahead_40;2;0.466871627424185;
Elapsed=00:00:00.0516829
Learning progress:
1;339.012083333333 * no_asm + 251.499583333333 * ref_9;15.0507449991341;15.0507449991341;15.0507449991341;15.0507449991341;0.001381;2;251.499583333333 * ref_9;1;31.7549664344506;
2;273.896666666666 * no_asm + 316.615 * ref_9 + 130.230833333333 * no_8x8dct;4.9675599928474;4.9675599928474;4.9675599928474;4.9675599928474;0.006266;3;130.230833333333 * no_8x8dct;1;10.0831850062867;
3;246.974047619047 * no_asm + 289.692380952381 * ref_9 + 143.692142857143 * no_8x8dct + 53.8452380952382 * no_weightb;1.79888914658729;1.79888914658729;1.79888914658729;1.79888914658729;0.016237;4;53.8452380952382 * no_weightb;1;3.16867084626011;
4;243.316333333333 * no_asm + 286.034666666667 * ref_9 + 132.719 * no_8x8dct + 61.1606666666668 * no_weightb + 51.2079999999995 * no_8x8dct * rc_lookahead_40;1.63778733716572;1.63778733716572;1.63778733716572;1.63778733716572;0.03093;6;51.2079999999995 * no_8x8dct * rc_lookahead_40;2;0.0805509047107876;
Elapsed=00:00:00.0310880
Learning progress:
1;438.169259259259 * no_asm + -168.585925925926 * rc_lookahead_60;2.38385306634511;2.38385306634511;2.38385306634511;2.38385306634511;0.001419;2;-168.585925925926 * rc_lookahead_60;1;55.3517931148012;
2;443.430833333333 * no_asm + -164.376666666667 * rc_lookahead_60 + -9.47083333333327 * no_mixed_refs;1.89124628575246;1.89124628575246;1.89124628575246;1.89124628575246;0.006431;3;-9.47083333333327 * no_mixed_refs;1;0.492606780592653;
3;443.430833333333 * no_asm + -166.235 * rc_lookahead_60 + -7.6125000000001 * no_mixed_refs + -9.29166666666613 * no_mixed_refs * ref_5;1.18907032045554;1.18907032045554;1.18907032045554;1.18907032045554;0.016624;5;-9.29166666666613 * no_mixed_refs * ref_5;2;0.351087982648459;
4;690.823333333333 * no_asm + -1.30666666666707 * rc_lookahead_60 + -90.0766666666669 * no_mixed_refs + 155.636666666667 * no_mixed_refs * ref_5 + -329.856666666666 * no_cabac;1.18907032045548;1.18907032045548;1.18907032045548;1.18907032045548;0.031596;6;-329.856666666666 * no_cabac;1;6.21724893790088E-14;
Elapsed=00:00:00.0317710
Learning progress:
1;561.275333333333 * no_asm + -284.037833333333 * ref_1;13.9201478820381;13.9201478820381;13.9201478820381;13.9201478820381;0.002471;2;-284.037833333333 * ref_1;1;38.7147176924704;
2;457.03 * no_asm + -179.7925 * ref_1 + 173.742222222222 * ref_9;5.77330803354616;5.77330803354616;5.77330803354616;5.77330803354616;0.007185;3;173.742222222222 * ref_9;1;8.14683984849195;
3;444.111666666667 * no_asm + -179.7925 * ref_1 + 160.823888888889 * ref_9 + 25.836666666667 * no_weightb;2.27982708262792;2.27982708262792;2.27982708262792;2.27982708262792;0.015927;4;25.836666666667 * no_weightb;1;3.49348095091823;
4;446.021703703703 * no_asm + -182.657555555556 * ref_1 + 158.913851851851 * ref_9 + 33.4768148148155 * no_weightb + -11.4602222222224 * no_weightb * rc_lookahead_20;2.07897810633773;2.07897810633773;2.07897810633773;2.07897810633773;0.029757;6;-11.4602222222224 * no_weightb * rc_lookahead_20;2;0.100424488145095;
Elapsed=00:00:00.0299102
Learning progress:
1;559.140833333333 * no_asm + -278.8175 * ref_1;9.52616666470452;9.52616666470452;9.52616666470452;9.52616666470452;0.001498;2;-278.8175 * ref_1;1;44.2913779782916;
2;559.140833333333 * no_asm + -274.675 * ref_1 + -20.7125000000004 * rc_lookahead_60;8.91905692745576;8.91905692745576;8.91905692745576;8.91905692745576;0.00715;3;-20.7125000000004 * rc_lookahead_60;1;0.607109737248757;
3;559.140833333333 * no_asm + -274.675 * ref_1 + -10.3562500000001 * rc_lookahead_60 + -10.3562500000001 * rc_lookahead_60 * no_weightb;8.75785136331357;8.75785136331357;8.75785136331357;8.75785136331357;0.016103;5;-10.3562500000001 * rc_lookahead_60 * no_weightb;2;0.0806027820710957;
Elapsed=00:00:00.0162404
Learning progress:
1;512.280666666667 * no_asm + -233.225333333333 * ref_1;12.4230465989307;12.4230465989307;12.4230465989307;12.4230465989307;0.001564;2;-233.225333333333 * ref_1;1;56.8935021023886;
2;610.408333333333 * no_asm + -331.353 * ref_1 + -163.54611111111 * ref_5;5.11644446440599;5.11644446440599;5.11644446440599;5.11644446440599;0.007576;3;-163.54611111111 * ref_5;1;7.30660213452471;
3;610.408333333334 * no_asm + -332.834393939394 * ref_1 + -168.48409090909 * ref_5 + 7.40696969696942 * no_deblock;4.29647725262534;4.29647725262534;4.29647725262534;4.29647725262534;0.016379;4;7.40696969696942 * no_deblock;1;0.819967211780648;
4;610.408333333333 * no_asm + -329.950897435897 * ref_1 + -180.018076923076 * ref_5 + -7.01051282051341 * no_deblock + 63.4369230769238 * no_deblock * no_weightb;1.16899937736558;1.16899937736558;1.16899937736558;1.16899937736558;0.030207;6;63.4369230769238 * no_deblock * no_weightb;2;1.56373893762988;
5;610.408333333333 * no_asm + -334.487666666667 * ref_1 + -181.530333333333 * ref_5 + -3.98600000000047 * no_deblock + 61.9246666666672 * no_deblock * no_weightb + 19.6593333333332 * ref_1 * rc_lookahead_40;0.235256122517208;0.235256122517208;0.235256122517208;0.235256122517208;0.050979;8;19.6593333333332 * ref_1 * rc_lookahead_40;2;0.466871627424185;
Elapsed=00:00:00.0511455
Learning progress:
1;339.012083333333 * no_asm + 251.499583333333 * ref_9;15.0507449991341;15.0507449991341;15.0507449991341;15.0507449991341;0.00145;2;251.499583333333 * ref_9;1;31.7549664344506;
2;273.896666666666 * no_asm + 316.615 * ref_9 + 130.230833333333 * no_8x8dct;4.9675599928474;4.9675599928474;4.9675599928474;4.9675599928474;0.007366;3;130.230833333333 * no_8x8dct;1;10.0831850062867;
3;246.974047619047 * no_asm + 289.692380952381 * ref_9 + 143.692142857143 * no_8x8dct + 53.8452380952382 * no_weightb;1.79888914658729;1.79888914658729;1.79888914658729;1.79888914658729;0.016054;4;53.8452380952382 * no_weightb;1;3.16867084626011;
4;243.316333333333 * no_asm + 286.034666666667 * ref_9 + 132.719 * no_8x8dct + 61.1606666666668 * no_weightb + 51.2079999999995 * no_8x8dct * rc_lookahead_40;1.63778733716572;1.63778733716572;1.63778733716572;1.63778733716572;0.030324;6;51.2079999999995 * no_8x8dct * rc_lookahead_40;2;0.0805509047107876;
Elapsed=00:00:00.0304635
Learning progress:
1;438.169259259259 * no_asm + -168.585925925926 * rc_lookahead_60;2.38385306634511;2.38385306634511;2.38385306634511;2.38385306634511;0.001562;2;-168.585925925926 * rc_lookahead_60;1;55.3517931148012;
2;443.430833333333 * no_asm + -164.376666666667 * rc_lookahead_60 + -9.47083333333327 * no_mixed_refs;1.89124628575246;1.89124628575246;1.89124628575246;1.89124628575246;0.007707;3;-9.47083333333327 * no_mixed_refs;1;0.492606780592653;
3;443.430833333333 * no_asm + -166.235 * rc_lookahead_60 + -7.6125000000001 * no_mixed_refs + -9.29166666666613 * no_mixed_refs * ref_5;1.18907032045554;1.18907032045554;1.18907032045554;1.18907032045554;0.016879;5;-9.29166666666613 * no_mixed_refs * ref_5;2;0.351087982648459;
4;690.823333333333 * no_asm + -1.30666666666707 * rc_lookahead_60 + -90.0766666666669 * no_mixed_refs + 155.636666666667 * no_mixed_refs * ref_5 + -329.856666666666 * no_cabac;1.18907032045548;1.18907032045548;1.18907032045548;1.18907032045548;0.032789;6;-329.856666666666 * no_cabac;1;6.21724893790088E-14;
Elapsed=00:00:00.0329428
Learning progress:
1;561.275333333333 * no_asm + -284.037833333333 * ref_1;13.9201478820381;13.9201478820381;13.9201478820381;13.9201478820381;0.001492;2;-284.037833333333 * ref_1;1;38.7147176924704;
2;457.03 * no_asm + -179.7925 * ref_1 + 173.742222222222 * ref_9;5.77330803354616;5.77330803354616;5.77330803354616;5.77330803354616;0.006175;3;173.742222222222 * ref_9;1;8.14683984849195;
3;444.111666666667 * no_asm + -179.7925 * ref_1 + 160.823888888889 * ref_9 + 25.836666666667 * no_weightb;2.27982708262792;2.27982708262792;2.27982708262792;2.27982708262792;0.021422;4;25.836666666667 * no_weightb;1;3.49348095091823;
4;446.021703703703 * no_asm + -182.657555555556 * ref_1 + 158.913851851851 * ref_9 + 33.4768148148155 * no_weightb + -11.4602222222224 * no_weightb * rc_lookahead_20;2.07897810633773;2.07897810633773;2.07897810633773;2.07897810633773;0.04504;6;-11.4602222222224 * no_weightb * rc_lookahead_20;2;0.100424488145095;
Elapsed=00:00:00.0451833
Learning progress:
1;559.140833333333 * no_asm + -278.8175 * ref_1;9.52616666470452;9.52616666470452;9.52616666470452;9.52616666470452;0.001668;2;-278.8175 * ref_1;1;44.2913779782916;
2;559.140833333333 * no_asm + -274.675 * ref_1 + -20.7125000000004 * rc_lookahead_60;8.91905692745576;8.91905692745576;8.91905692745576;8.91905692745576;0.006592;3;-20.7125000000004 * rc_lookahead_60;1;0.607109737248757;
3;559.140833333333 * no_asm + -274.675 * ref_1 + -10.3562500000001 * rc_lookahead_60 + -10.3562500000001 * rc_lookahead_60 * no_weightb;8.75785136331357;8.75785136331357;8.75785136331357;8.75785136331357;0.018091;5;-10.3562500000001 * rc_lookahead_60 * no_weightb;2;0.0806027820710957;
Elapsed=00:00:00.0182168
Learning progress:
1;512.280666666667 * no_asm + -233.225333333333 * ref_1;12.4230465989307;12.4230465989307;12.4230465989307;12.4230465989307;0.001544;2;-233.225333333333 * ref_1;1;56.8935021023886;
2;610.408333333333 * no_asm + -331.353 * ref_1 + -163.54611111111 * ref_5;5.11644446440599;5.11644446440599;5.11644446440599;5.11644446440599;0.006429;3;-163.54611111111 * ref_5;1;7.30660213452471;
3;610.408333333334 * no_asm + -332.834393939394 * ref_1 + -168.48409090909 * ref_5 + 7.40696969696942 * no_deblock;4.29647725262534;4.29647725262534;4.29647725262534;4.29647725262534;0.015903;4;7.40696969696942 * no_deblock;1;0.819967211780648;
4;610.408333333333 * no_asm + -329.950897435897 * ref_1 + -180.018076923076 * ref_5 + -7.01051282051341 * no_deblock + 63.4369230769238 * no_deblock * no_weightb;1.16899937736558;1.16899937736558;1.16899937736558;1.16899937736558;0.029886;6;63.4369230769238 * no_deblock * no_weightb;2;1.56373893762988;
5;610.408333333333 * no_asm + -334.487666666667 * ref_1 + -181.530333333333 * ref_5 + -3.98600000000047 * no_deblock + 61.9246666666672 * no_deblock * no_weightb + 19.6593333333332 * ref_1 * rc_lookahead_40;0.235256122517208;0.235256122517208;0.235256122517208;0.235256122517208;0.050568;8;19.6593333333332 * ref_1 * rc_lookahead_40;2;0.466871627424185;
Elapsed=00:00:00.0507236
Learning progress:
1;339.012083333333 * no_asm + 251.499583333333 * ref_9;15.0507449991341;15.0507449991341;15.0507449991341;15.0507449991341;0.001414;2;251.499583333333 * ref_9;1;31.7549664344506;
2;273.896666666666 * no_asm + 316.615 * ref_9 + 130.230833333333 * no_8x8dct;4.9675599928474;4.9675599928474;4.9675599928474;4.9675599928474;0.006249;3;130.230833333333 * no_8x8dct;1;10.0831850062867;
3;246.974047619047 * no_asm + 289.692380952381 * ref_9 + 143.692142857143 * no_8x8dct + 53.8452380952382 * no_weightb;1.79888914658729;1.79888914658729;1.79888914658729;1.79888914658729;0.01617;4;53.8452380952382 * no_weightb;1;3.16867084626011;
4;243.316333333333 * no_asm + 286.034666666667 * ref_9 + 132.719 * no_8x8dct + 61.1606666666668 * no_weightb + 51.2079999999995 * no_8x8dct * rc_lookahead_40;1.63778733716572;1.63778733716572;1.63778733716572;1.63778733716572;0.030633;6;51.2079999999995 * no_8x8dct * rc_lookahead_40;2;0.0805509047107876;
Elapsed=00:00:00.0308012
Learning progress:
1;438.169259259259 * no_asm + -168.585925925926 * rc_lookahead_60;2.38385306634511;2.38385306634511;2.38385306634511;2.38385306634511;0.001421;2;-168.585925925926 * rc_lookahead_60;1;55.3517931148012;
2;443.430833333333 * no_asm + -164.376666666667 * rc_lookahead_60 + -9.47083333333327 * no_mixed_refs;1.89124628575246;1.89124628575246;1.89124628575246;1.89124628575246;0.006471;3;-9.47083333333327 * no_mixed_refs;1;0.492606780592653;
Elapsed=00:00:00.0065772
Learning progress:
1;561.275333333333 * no_asm + -284.037833333333 * ref_1;13.9201478820381;13.9201478820381;13.9201478820381;13.9201478820381;0.001644;2;-284.037833333333 * ref_1;1;38.7147176924704;
2;457.03 * no_asm + -179.7925 * ref_1 + 173.742222222222 * ref_9;5.77330803354616;5.77330803354616;5.77330803354616;5.77330803354616;0.007307;3;173.742222222222 * ref_9;1;8.14683984849195;
3;444.111666666667 * no_asm + -179.7925 * ref_1 + 160.823888888889 * ref_9 + 25.836666666667 * no_weightb;2.27982708262792;2.27982708262792;2.27982708262792;2.27982708262792;0.016096;4;25.836666666667 * no_weightb;1;3.49348095091823;
4;446.021703703703 * no_asm + -182.657555555556 * ref_1 + 158.913851851851 * ref_9 + 33.4768148148155 * no_weightb + -11.4602222222224 * no_weightb * rc_lookahead_20;2.07897810633773;2.07897810633773;2.07897810633773;2.07897810633773;0.030123;6;-11.4602222222224 * no_weightb * rc_lookahead_20;2;0.100424488145095;
5;427.243333333333 * no_asm + -154.49 * ref_1 + 197.811904761904 * ref_9 + 18.7223809523814 * no_weightb + -19.5080952380952 * no_weightb * rc_lookahead_20 + 60.3590476190474 * no_weightb * ref_5;1.27926620787854;1.27926620787854;1.27926620787854;1.27926620787854;0.051135;8;60.3590476190474 * no_weightb * ref_5;2;0.399855949229595;
6;427.243333333334 * no_asm + -157.66 * ref_1 + 194.641904761905 * ref_9 + 21.8923809523809 * no_weightb + -19.5080952380954 * no_weightb * rc_lookahead_20 + 57.1890476190475 * no_weightb * ref_5 + 6.33999999999956 * ref_1 * no_8x8dct;0.883021160941743;0.883021160941743;0.883021160941743;0.883021160941743;0.080737;10;6.33999999999956 * ref_1 * no_8x8dct;2;0.198122523468401;
Elapsed=00:00:00.0808893
Learning progress:
1;559.140833333333 * no_asm + -278.8175 * ref_1;9.52616666470452;9.52616666470452;9.52616666470452;9.52616666470452;0.001482;2;-278.8175 * ref_1;1;44.2913779782916;
2;559.140833333333 * no_asm + -274.675 * ref_1 + -20.7125000000004 * rc_lookahead_60;8.91905692745576;8.91905692745576;8.91905692745576;8.91905692745576;0.006221;3;-20.7125000000004 * rc_lookahead_60;1;0.607109737248757;
3;559.140833333333 * no_asm + -274.675 * ref_1 + -10.3562500000001 * rc_lookahead_60 + -10.3562500000001 * rc_lookahead_60 * no_weightb;8.75785136331357;8.75785136331357;8.75785136331357;8.75785136331357;0.016065;5;-10.3562500000001 * rc_lookahead_60 * no_weightb;2;0.0806027820710957;
Elapsed=00:00:00.0161915
Learning progress:
1;512.280666666667 * no_asm + -233.225333333333 * ref_1;12.4230465989307;12.4230465989307;12.4230465989307;12.4230465989307;0.001676;2;-233.225333333333 * ref_1;1;56.8935021023886;
2;610.408333333333 * no_asm + -331.353 * ref_1 + -163.54611111111 * ref_5;5.11644446440599;5.11644446440599;5.11644446440599;5.11644446440599;0.006672;3;-163.54611111111 * ref_5;1;7.30660213452471;
3;610.408333333334 * no_asm + -332.834393939394 * ref_1 + -168.48409090909 * ref_5 + 7.40696969696942 * no_deblock;4.29647725262534;4.29647725262534;4.29647725262534;4.29647725262534;0.016452;4;7.40696969696942 * no_deblock;1;0.819967211780648;
4;610.408333333333 * no_asm + -329.950897435897 * ref_1 + -180.018076923076 * ref_5 + -7.01051282051341 * no_deblock + 63.4369230769238 * no_deblock * no_weightb;1.16899937736558;1.16899937736558;1.16899937736558;1.16899937736558;0.03052;6;63.4369230769238 * no_deblock * no_weightb;2;1.56373893762988;
5;610.408333333333 * no_asm + -334.487666666667 * ref_1 + -181.530333333333 * ref_5 + -3.98600000000047 * no_deblock + 61.9246666666672 * no_deblock * no_weightb + 19.6593333333332 * ref_1 * rc_lookahead_40;0.235256122517208;0.235256122517208;0.235256122517208;0.235256122517208;0.051236;8;19.6593333333332 * ref_1 * rc_lookahead_40;2;0.466871627424185;
Elapsed=00:00:00.0513863
Learning progress:
1;339.012083333333 * no_asm + 251.499583333333 * ref_9;15.0507449991341;15.0507449991341;15.0507449991341;15.0507449991341;0.001668;2;251.499583333333 * ref_9;1;31.7549664344506;
2;273.896666666666 * no_asm + 316.615 * ref_9 + 130.230833333333 * no_8x8dct;4.9675599928474;4.9675599928474;4.9675599928474;4.9675599928474;0.006591;3;130.230833333333 * no_8x8dct;1;10.0831850062867;
3;246.974047619047 * no_asm + 289.692380952381 * ref_9 + 143.692142857143 * no_8x8dct + 53.8452380952382 * no_weightb;1.79888914658729;1.79888914658729;1.79888914658729;1.79888914658729;0.016215;4;53.8452380952382 * no_weightb;1;3.16867084626011;
4;243.316333333333 * no_asm + 286.034666666667 * ref_9 + 132.719 * no_8x8dct + 61.1606666666668 * no_weightb + 51.2079999999995 * no_8x8dct * rc_lookahead_40;1.63778733716572;1.63778733716572;1.63778733716572;1.63778733716572;0.030442;6;51.2079999999995 * no_8x8dct * rc_lookahead_40;2;0.0805509047107876;
Elapsed=00:00:00.0306018
Learning progress:
1;438.169259259259 * no_asm + -168.585925925926 * rc_lookahead_60;2.38385306634511;2.38385306634511;2.38385306634511;2.38385306634511;0.001741;2;-168.585925925926 * rc_lookahead_60;1;55.3517931148012;
2;443.430833333333 * no_asm + -164.376666666667 * rc_lookahead_60 + -9.47083333333327 * no_mixed_refs;1.89124628575246;1.89124628575246;1.89124628575246;1.89124628575246;0.006768;3;-9.47083333333327 * no_mixed_refs;1;0.492606780592653;
3;443.430833333333 * no_asm + -166.235 * rc_lookahead_60 + -7.6125000000001 * no_mixed_refs + -9.29166666666613 * no_mixed_refs * ref_5;1.18907032045554;1.18907032045554;1.18907032045554;1.18907032045554;0.016831;5;-9.29166666666613 * no_mixed_refs * ref_5;2;0.351087982648459;
4;690.823333333333 * no_asm + -1.30666666666707 * rc_lookahead_60 + -90.0766666666669 * no_mixed_refs + 155.636666666667 * no_mixed_refs * ref_5 + -329.856666666666 * no_cabac;1.18907032045548;1.18907032045548;1.18907032045548;1.18907032045548;0.03273;6;-329.856666666666 * no_cabac;1;6.21724893790088E-14;
Elapsed=00:00:00.0328789
Learning progress:
1;561.275333333333 * no_asm + -284.037833333333 * ref_1;13.9201478820381;13.9201478820381;13.9201478820381;13.9201478820381;0.001527;2;-284.037833333333 * ref_1;1;38.7147176924704;
2;457.03 * no_asm + -179.7925 * ref_1 + 173.742222222222 * ref_9;5.77330803354616;5.77330803354616;5.77330803354616;5.77330803354616;0.006186;3;173.742222222222 * ref_9;1;8.14683984849195;
3;444.111666666667 * no_asm + -179.7925 * ref_1 + 160.823888888889 * ref_9 + 25.836666666667 * no_weightb;2.27982708262792;2.27982708262792;2.27982708262792;2.27982708262792;0.01597;4;25.836666666667 * no_weightb;1;3.49348095091823;
4;446.021703703703 * no_asm + -182.657555555556 * ref_1 + 158.913851851851 * ref_9 + 33.4768148148155 * no_weightb + -11.4602222222224 * no_weightb * rc_lookahead_20;2.07897810633773;2.07897810633773;2.07897810633773;2.07897810633773;0.029174;6;-11.4602222222224 * no_weightb * rc_lookahead_20;2;0.100424488145095;
Elapsed=00:00:00.0293235
Learning progress:
1;559.140833333333 * no_asm + -278.8175 * ref_1;9.52616666470452;9.52616666470452;9.52616666470452;9.52616666470452;0.002524;2;-278.8175 * ref_1;1;44.2913779782916;
2;559.140833333333 * no_asm + -274.675 * ref_1 + -20.7125000000004 * rc_lookahead_60;8.91905692745576;8.91905692745576;8.91905692745576;8.91905692745576;0.007316;3;-20.7125000000004 * rc_lookahead_60;1;0.607109737248757;
3;559.140833333333 * no_asm + -274.675 * ref_1 + -10.3562500000001 * rc_lookahead_60 + -10.3562500000001 * rc_lookahead_60 * no_weightb;8.75785136331357;8.75785136331357;8.75785136331357;8.75785136331357;0.016257;5;-10.3562500000001 * rc_lookahead_60 * no_weightb;2;0.0806027820710957;
Elapsed=00:00:00.0163971
Learning progress:
1;512.280666666667 * no_asm + -233.225333333333 * ref_1;12.4230465989307;12.4230465989307;12.4230465989307;12.4230465989307;0.001444;2;-233.225333333333 * ref_1;1;56.8935021023886;
2;610.408333333333 * no_asm + -331.353 * ref_1 + -163.54611111111 * ref_5;5.11644446440599;5.11644446440599;5.11644446440599;5.11644446440599;0.006211;3;-163.54611111111 * ref_5;1;7.30660213452471;
3;610.408333333334 * no_asm + -332.834393939394 * ref_1 + -168.48409090909 * ref_5 + 7.40696969696942 * no_deblock;4.29647725262534;4.29647725262534;4.29647725262534;4.29647725262534;0.014823;4;7.40696969696942 * no_deblock;1;0.819967211780648;
4;610.408333333333 * no_asm + -329.950897435897 * ref_1 + -180.018076923076 * ref_5 + -7.01051282051341 * no_deblock + 63.4369230769238 * no_deblock * no_weightb;1.16899937736558;1.16899937736558;1.16899937736558;1.16899937736558;0.028626;6;63.4369230769238 * no_deblock * no_weightb;2;1.56373893762988;
5;610.408333333333 * no_asm + -334.487666666667 * ref_1 + -181.530333333333 * ref_5 + -3.98600000000047 * no_deblock + 61.9246666666672 * no_deblock * no_weightb + 19.6593333333332 * ref_1 * rc_lookahead_40;0.235256122517208;0.235256122517208;0.235256122517208;0.235256122517208;0.049226;8;19.6593333333332 * ref_1 * rc_lookahead_40;2;0.466871627424185;
Elapsed=00:00:00.0493700
Learning progress:
1;339.012083333333 * no_asm + 251.499583333333 * ref_9;15.0507449991341;15.0507449991341;15.0507449991341;15.0507449991341;0.002626;2;251.499583333333 * ref_9;1;31.7549664344506;
2;273.896666666666 * no_asm + 316.615 * ref_9 + 130.230833333333 * no_8x8dct;4.9675599928474;4.9675599928474;4.9675599928474;4.9675599928474;0.00754;3;130.230833333333 * no_8x8dct;1;10.0831850062867;
3;246.974047619047 * no_asm + 289.692380952381 * ref_9 + 143.692142857143 * no_8x8dct + 53.8452380952382 * no_weightb;1.79888914658729;1.79888914658729;1.79888914658729;1.79888914658729;0.016273;4;53.8452380952382 * no_weightb;1;3.16867084626011;
4;243.316333333333 * no_asm + 286.034666666667 * ref_9 + 132.719 * no_8x8dct + 61.1606666666668 * no_weightb + 51.2079999999995 * no_8x8dct * rc_lookahead_40;1.63778733716572;1.63778733716572;1.63778733716572;1.63778733716572;0.030259;6;51.2079999999995 * no_8x8dct * rc_lookahead_40;2;0.0805509047107876;
Elapsed=00:00:00.0304075
Learning progress:
1;438.169259259259 * no_asm + -168.585925925926 * rc_lookahead_60;2.38385306634511;2.38385306634511;2.38385306634511;2.38385306634511;0.0014;2;-168.585925925926 * rc_lookahead_60;1;55.3517931148012;
2;443.430833333333 * no_asm + -164.376666666667 * rc_lookahead_60 + -9.47083333333327 * no_mixed_refs;1.89124628575246;1.89124628575246;1.89124628575246;1.89124628575246;0.00708;3;-9.47083333333327 * no_mixed_refs;1;0.492606780592653;
3;443.430833333333 * no_asm + -166.235 * rc_lookahead_60 + -7.6125000000001 * no_mixed_refs + -9.29166666666613 * no_mixed_refs * ref_5;1.18907032045554;1.18907032045554;1.18907032045554;1.18907032045554;0.016135;5;-9.29166666666613 * no_mixed_refs * ref_5;2;0.351087982648459;
4;690.823333333333 * no_asm + -1.30666666666707 * rc_lookahead_60 + -90.0766666666669 * no_mixed_refs + 155.636666666667 * no_mixed_refs * ref_5 + -329.856666666666 * no_cabac;1.18907032045548;1.18907032045548;1.18907032045548;1.18907032045548;0.031935;6;-329.856666666666 * no_cabac;1;6.21724893790088E-14;
Elapsed=00:00:00.0321085
Learning progress:
1;561.275333333333 * no_asm + -284.037833333333 * ref_1;13.9201478820381;13.9201478820381;13.9201478820381;13.9201478820381;0.001682;2;-284.037833333333 * ref_1;1;38.7147176924704;
2;457.03 * no_asm + -179.7925 * ref_1 + 173.742222222222 * ref_9;5.77330803354616;5.77330803354616;5.77330803354616;5.77330803354616;0.007563;3;173.742222222222 * ref_9;1;8.14683984849195;
3;444.111666666667 * no_asm + -179.7925 * ref_1 + 160.823888888889 * ref_9 + 25.836666666667 * no_weightb;2.27982708262792;2.27982708262792;2.27982708262792;2.27982708262792;0.016379;4;25.836666666667 * no_weightb;1;3.49348095091823;
4;446.021703703703 * no_asm + -182.657555555556 * ref_1 + 158.913851851851 * ref_9 + 33.4768148148155 * no_weightb + -11.4602222222224 * no_weightb * rc_lookahead_20;2.07897810633773;2.07897810633773;2.07897810633773;2.07897810633773;0.030403;6;-11.4602222222224 * no_weightb * rc_lookahead_20;2;0.100424488145095;
Elapsed=00:00:00.0305655
Learning progress:
1;559.140833333333 * no_asm + -278.8175 * ref_1;9.52616666470452;9.52616666470452;9.52616666470452;9.52616666470452;0.00146;2;-278.8175 * ref_1;1;44.2913779782916;
2;559.140833333333 * no_asm + -274.675 * ref_1 + -20.7125000000004 * rc_lookahead_60;8.91905692745576;8.91905692745576;8.91905692745576;8.91905692745576;0.006168;3;-20.7125000000004 * rc_lookahead_60;1;0.607109737248757;
3;559.140833333333 * no_asm + -274.675 * ref_1 + -10.3562500000001 * rc_lookahead_60 + -10.3562500000001 * rc_lookahead_60 * no_weightb;8.75785136331357;8.75785136331357;8.75785136331357;8.75785136331357;0.015991;5;-10.3562500000001 * rc_lookahead_60 * no_weightb;2;0.0806027820710957;
Elapsed=00:00:00.0161168
Learning progress:
1;512.280666666667 * no_asm + -233.225333333333 * ref_1;12.4230465989307;12.4230465989307;12.4230465989307;12.4230465989307;0.001643;2;-233.225333333333 * ref_1;1;56.8935021023886;
2;610.408333333333 * no_asm + -331.353 * ref_1 + -163.54611111111 * ref_5;5.11644446440599;5.11644446440599;5.11644446440599;5.11644446440599;0.007302;3;-163.54611111111 * ref_5;1;7.30660213452471;
3;610.408333333334 * no_asm + -332.834393939394 * ref_1 + -168.48409090909 * ref_5 + 7.40696969696942 * no_deblock;4.29647725262534;4.29647725262534;4.29647725262534;4.29647725262534;0.015869;4;7.40696969696942 * no_deblock;1;0.819967211780648;
4;610.408333333333 * no_asm + -329.950897435897 * ref_1 + -180.018076923076 * ref_5 + -7.01051282051341 * no_deblock + 63.4369230769238 * no_deblock * no_weightb;1.16899937736558;1.16899937736558;1.16899937736558;1.16899937736558;0.029625;6;63.4369230769238 * no_deblock * no_weightb;2;1.56373893762988;
5;610.408333333333 * no_asm + -334.487666666667 * ref_1 + -181.530333333333 * ref_5 + -3.98600000000047 * no_deblock + 61.9246666666672 * no_deblock * no_weightb + 19.6593333333332 * ref_1 * rc_lookahead_40;0.235256122517208;0.235256122517208;0.235256122517208;0.235256122517208;0.050523;8;19.6593333333332 * ref_1 * rc_lookahead_40;2;0.466871627424185;
Elapsed=00:00:00.0506679
Learning progress:
1;339.012083333333 * no_asm + 251.499583333333 * ref_9;15.0507449991341;15.0507449991341;15.0507449991341;15.0507449991341;0.001544;2;251.499583333333 * ref_9;1;31.7549664344506;
2;273.896666666666 * no_asm + 316.615 * ref_9 + 130.230833333333 * no_8x8dct;4.9675599928474;4.9675599928474;4.9675599928474;4.9675599928474;0.0064;3;130.230833333333 * no_8x8dct;1;10.0831850062867;
3;246.974047619047 * no_asm + 289.692380952381 * ref_9 + 143.692142857143 * no_8x8dct + 53.8452380952382 * no_weightb;1.79888914658729;1.79888914658729;1.79888914658729;1.79888914658729;0.016133;4;53.8452380952382 * no_weightb;1;3.16867084626011;
4;243.316333333333 * no_asm + 286.034666666667 * ref_9 + 132.719 * no_8x8dct + 61.1606666666668 * no_weightb + 51.2079999999995 * no_8x8dct * rc_lookahead_40;1.63778733716572;1.63778733716572;1.63778733716572;1.63778733716572;0.030316;6;51.2079999999995 * no_8x8dct * rc_lookahead_40;2;0.0805509047107876;
Elapsed=00:00:00.0304561
Learning progress:
1;438.169259259259 * no_asm + -168.585925925926 * rc_lookahead_60;2.38385306634511;2.38385306634511;2.38385306634511;2.38385306634511;0.001411;2;-168.585925925926 * rc_lookahead_60;1;55.3517931148012;
2;443.430833333333 * no_asm + -164.376666666667 * rc_lookahead_60 + -9.47083333333327 * no_mixed_refs;1.89124628575246;1.89124628575246;1.89124628575246;1.89124628575246;0.00641;3;-9.47083333333327 * no_mixed_refs;1;0.492606780592653;
Elapsed=00:00:00.0065154
Learning progress:
1;561.275333333333 * no_asm + -284.037833333333 * ref_1;13.9201478820381;13.9201478820381;13.9201478820381;13.9201478820381;0.002519;2;-284.037833333333 * ref_1;1;38.7147176924704;
2;457.03 * no_asm + -179.7925 * ref_1 + 173.742222222222 * ref_9;5.77330803354616;5.77330803354616;5.77330803354616;5.77330803354616;0.007121;3;173.742222222222 * ref_9;1;8.14683984849195;
3;444.111666666667 * no_asm + -179.7925 * ref_1 + 160.823888888889 * ref_9 + 25.836666666667 * no_weightb;2.27982708262792;2.27982708262792;2.27982708262792;2.27982708262792;0.015912;4;25.836666666667 * no_weightb;1;3.49348095091823;
4;446.021703703703 * no_asm + -182.657555555556 * ref_1 + 158.913851851851 * ref_9 + 33.4768148148155 * no_weightb + -11.4602222222224 * no_weightb * rc_lookahead_20;2.07897810633773;2.07897810633773;2.07897810633773;2.07897810633773;0.02995;6;-11.4602222222224 * no_weightb * rc_lookahead_20;2;0.100424488145095;
5;427.243333333333 * no_asm + -154.49 * ref_1 + 197.811904761904 * ref_9 + 18.7223809523814 * no_weightb + -19.5080952380952 * no_weightb * rc_lookahead_20 + 60.3590476190474 * no_weightb * ref_5;1.27926620787854;1.27926620787854;1.27926620787854;1.27926620787854;0.051263;8;60.3590476190474 * no_weightb * ref_5;2;0.399855949229595;
6;427.243333333334 * no_asm + -157.66 * ref_1 + 194.641904761905 * ref_9 + 21.8923809523809 * no_weightb + -19.5080952380954 * no_weightb * rc_lookahead_20 + 57.1890476190475 * no_weightb * ref_5 + 6.33999999999956 * ref_1 * no_8x8dct;0.883021160941743;0.883021160941743;0.883021160941743;0.883021160941743;0.080986;10;6.33999999999956 * ref_1 * no_8x8dct;2;0.198122523468401;
Elapsed=00:00:00.0811399
Learning progress:
1;559.140833333333 * no_asm + -278.8175 * ref_1;9.52616666470452;9.52616666470452;9.52616666470452;9.52616666470452;0.001473;2;-278.8175 * ref_1;1;44.2913779782916;
2;559.140833333333 * no_asm + -274.675 * ref_1 + -20.7125000000004 * rc_lookahead_60;8.91905692745576;8.91905692745576;8.91905692745576;8.91905692745576;0.006136;3;-20.7125000000004 * rc_lookahead_60;1;0.607109737248757;
3;559.140833333333 * no_asm + -274.675 * ref_1 + -10.3562500000001 * rc_lookahead_60 + -10.3562500000001 * rc_lookahead_60 * no_weightb;8.75785136331357;8.75785136331357;8.75785136331357;8.75785136331357;0.015829;5;-10.3562500000001 * rc_lookahead_60 * no_weightb;2;0.0806027820710957;
Elapsed=00:00:00.0159597
Learning progress:
1;512.280666666667 * no_asm + -233.225333333333 * ref_1;12.4230465989307;12.4230465989307;12.4230465989307;12.4230465989307;0.001417;2;-233.225333333333 * ref_1;1;56.8935021023886;
2;610.408333333333 * no_asm + -331.353 * ref_1 + -163.54611111111 * ref_5;5.11644446440599;5.11644446440599;5.11644446440599;5.11644446440599;0.006156;3;-163.54611111111 * ref_5;1;7.30660213452471;
3;610.408333333334 * no_asm + -332.834393939394 * ref_1 + -168.48409090909 * ref_5 + 7.40696969696942 * no_deblock;4.29647725262534;4.29647725262534;4.29647725262534;4.29647725262534;0.015596;4;7.40696969696942 * no_deblock;1;0.819967211780648;
4;610.408333333333 * no_asm + -329.950897435897 * ref_1 + -180.018076923076 * ref_5 + -7.01051282051341 * no_deblock + 63.4369230769238 * no_deblock * no_weightb;1.16899937736558;1.16899937736558;1.16899937736558;1.16899937736558;0.029301;6;63.4369230769238 * no_deblock * no_weightb;2;1.56373893762988;
5;610.408333333333 * no_asm + -334.487666666667 * ref_1 + -181.530333333333 * ref_5 + -3.98600000000047 * no_deblock + 61.9246666666672 * no_deblock * no_weightb + 19.6593333333332 * ref_1 * rc_lookahead_40;0.235256122517208;0.235256122517208;0.235256122517208;0.235256122517208;0.050012;8;19.6593333333332 * ref_1 * rc_lookahead_40;2;0.466871627424185;
Elapsed=00:00:00.0501598
Learning progress:
1;339.012083333333 * no_asm + 251.499583333333 * ref_9;15.0507449991341;15.0507449991341;15.0507449991341;15.0507449991341;0.001425;2;251.499583333333 * ref_9;1;31.7549664344506;
2;273.896666666666 * no_asm + 316.615 * ref_9 + 130.230833333333 * no_8x8dct;4.9675599928474;4.9675599928474;4.9675599928474;4.9675599928474;0.006234;3;130.230833333333 * no_8x8dct;1;10.0831850062867;
3;246.974047619047 * no_asm + 289.692380952381 * ref_9 + 143.692142857143 * no_8x8dct + 53.8452380952382 * no_weightb;1.79888914658729;1.79888914658729;1.79888914658729;1.79888914658729;0.016185;4;53.8452380952382 * no_weightb;1;3.16867084626011;
4;243.316333333333 * no_asm + 286.034666666667 * ref_9 + 132.719 * no_8x8dct + 61.1606666666668 * no_weightb + 51.2079999999995 * no_8x8dct * rc_lookahead_40;1.63778733716572;1.63778733716572;1.63778733716572;1.63778733716572;0.030382;6;51.2079999999995 * no_8x8dct * rc_lookahead_40;2;0.0805509047107876;
Elapsed=00:00:00.0305476
Learning progress:
1;438.169259259259 * no_asm + -168.585925925926 * rc_lookahead_60;2.38385306634511;2.38385306634511;2.38385306634511;2.38385306634511;0.001422;2;-168.585925925926 * rc_lookahead_60;1;55.3517931148012;
2;443.430833333333 * no_asm + -164.376666666667 * rc_lookahead_60 + -9.47083333333327 * no_mixed_refs;1.89124628575246;1.89124628575246;1.89124628575246;1.89124628575246;0.006403;3;-9.47083333333327 * no_mixed_refs;1;0.492606780592653;
3;443.430833333333 * no_asm + -166.235 * rc_lookahead_60 + -7.6125000000001 * no_mixed_refs + -9.29166666666613 * no_mixed_refs * ref_5;1.18907032045554;1.18907032045554;1.18907032045554;1.18907032045554;0.016516;5;-9.29166666666613 * no_mixed_refs * ref_5;2;0.351087982648459;
4;690.823333333333 * no_asm + -1.30666666666707 * rc_lookahead_60 + -90.0766666666669 * no_mixed_refs + 155.636666666667 * no_mixed_refs * ref_5 + -329.856666666666 * no_cabac;1.18907032045548;1.18907032045548;1.18907032045548;1.18907032045548;0.032689;6;-329.856666666666 * no_cabac;1;6.21724893790088E-14;
Elapsed=00:00:00.0328589
Learning progress:
1;561.275333333333 * no_asm + -284.037833333333 * ref_1;13.9201478820381;13.9201478820381;13.9201478820381;13.9201478820381;0.001604;2;-284.037833333333 * ref_1;1;38.7147176924704;
2;457.03 * no_asm + -179.7925 * ref_1 + 173.742222222222 * ref_9;5.77330803354616;5.77330803354616;5.77330803354616;5.77330803354616;0.006282;3;173.742222222222 * ref_9;1;8.14683984849195;
3;444.111666666667 * no_asm + -179.7925 * ref_1 + 160.823888888889 * ref_9 + 25.836666666667 * no_weightb;2.27982708262792;2.27982708262792;2.27982708262792;2.27982708262792;0.016043;4;25.836666666667 * no_weightb;1;3.49348095091823;
4;446.021703703703 * no_asm + -182.657555555556 * ref_1 + 158.913851851851 * ref_9 + 33.4768148148155 * no_weightb + -11.4602222222224 * no_weightb * rc_lookahead_20;2.07897810633773;2.07897810633773;2.07897810633773;2.07897810633773;0.0291;6;-11.4602222222224 * no_weightb * rc_lookahead_20;2;0.100424488145095;
Elapsed=00:00:00.0300720
Learning progress:
1;559.140833333333 * no_asm + -278.8175 * ref_1;9.52616666470452;9.52616666470452;9.52616666470452;9.52616666470452;0.001464;2;-278.8175 * ref_1;1;44.2913779782916;
2;559.140833333333 * no_asm + -274.675 * ref_1 + -20.7125000000004 * rc_lookahead_60;8.91905692745576;8.91905692745576;8.91905692745576;8.91905692745576;0.006085;3;-20.7125000000004 * rc_lookahead_60;1;0.607109737248757;
3;559.140833333333 * no_asm + -274.675 * ref_1 + -10.3562500000001 * rc_lookahead_60 + -10.3562500000001 * rc_lookahead_60 * no_weightb;8.75785136331357;8.75785136331357;8.75785136331357;8.75785136331357;0.016015;5;-10.3562500000001 * rc_lookahead_60 * no_weightb;2;0.0806027820710957;
Elapsed=00:00:00.0161395
Learning progress:
1;512.280666666667 * no_asm + -233.225333333333 * ref_1;12.4230465989307;12.4230465989307;12.4230465989307;12.4230465989307;0.001444;2;-233.225333333333 * ref_1;1;56.8935021023886;
2;610.408333333333 * no_asm + -331.353 * ref_1 + -163.54611111111 * ref_5;5.11644446440599;5.11644446440599;5.11644446440599;5.11644446440599;0.006303;3;-163.54611111111 * ref_5;1;7.30660213452471;
3;610.408333333334 * no_asm + -332.834393939394 * ref_1 + -168.48409090909 * ref_5 + 7.40696969696942 * no_deblock;4.29647725262534;4.29647725262534;4.29647725262534;4.29647725262534;0.016084;4;7.40696969696942 * no_deblock;1;0.819967211780648;
4;610.408333333333 * no_asm + -329.950897435897 * ref_1 + -180.018076923076 * ref_5 + -7.01051282051341 * no_deblock + 63.4369230769238 * no_deblock * no_weightb;1.16899937736558;1.16899937736558;1.16899937736558;1.16899937736558;0.029179;6;63.4369230769238 * no_deblock * no_weightb;2;1.56373893762988;
5;610.408333333333 * no_asm + -334.487666666667 * ref_1 + -181.530333333333 * ref_5 + -3.98600000000047 * no_deblock + 61.9246666666672 * no_deblock * no_weightb + 19.6593333333332 * ref_1 * rc_lookahead_40;0.235256122517208;0.235256122517208;0.235256122517208;0.235256122517208;0.050979;8;19.6593333333332 * ref_1 * rc_lookahead_40;2;0.466871627424185;
Elapsed=00:00:00.0511526
Learning progress:
1;339.012083333333 * no_asm + 251.499583333333 * ref_9;15.0507449991341;15.0507449991341;15.0507449991341;15.0507449991341;0.001548;2;251.499583333333 * ref_9;1;31.7549664344506;
2;273.896666666666 * no_asm + 316.615 * ref_9 + 130.230833333333 * no_8x8dct;4.9675599928474;4.9675599928474;4.9675599928474;4.9675599928474;0.006446;3;130.230833333333 * no_8x8dct;1;10.0831850062867;
3;246.974047619047 * no_asm + 289.692380952381 * ref_9 + 143.692142857143 * no_8x8dct + 53.8452380952382 * no_weightb;1.79888914658729;1.79888914658729;1.79888914658729;1.79888914658729;0.016194;4;53.8452380952382 * no_weightb;1;3.16867084626011;
4;243.316333333333 * no_asm + 286.034666666667 * ref_9 + 132.719 * no_8x8dct + 61.1606666666668 * no_weightb + 51.2079999999995 * no_8x8dct * rc_lookahead_40;1.63778733716572;1.63778733716572;1.63778733716572;1.63778733716572;0.029501;6;51.2079999999995 * no_8x8dct * rc_lookahead_40;2;0.0805509047107876;
Elapsed=00:00:00.0296378
Learning progress:
1;438.169259259259 * no_asm + -168.585925925926 * rc_lookahead_60;2.38385306634511;2.38385306634511;2.38385306634511;2.38385306634511;0.002435;2;-168.585925925926 * rc_lookahead_60;1;55.3517931148012;
2;443.430833333333 * no_asm + -164.376666666667 * rc_lookahead_60 + -9.47083333333327 * no_mixed_refs;1.89124628575246;1.89124628575246;1.89124628575246;1.89124628575246;0.007455;3;-9.47083333333327 * no_mixed_refs;1;0.492606780592653;
3;443.430833333333 * no_asm + -166.235 * rc_lookahead_60 + -7.6125000000001 * no_mixed_refs + -9.29166666666613 * no_mixed_refs * ref_5;1.18907032045554;1.18907032045554;1.18907032045554;1.18907032045554;0.016487;5;-9.29166666666613 * no_mixed_refs * ref_5;2;0.351087982648459;
4;690.823333333333 * no_asm + -1.30666666666707 * rc_lookahead_60 + -90.0766666666669 * no_mixed_refs + 155.636666666667 * no_mixed_refs * ref_5 + -329.856666666666 * no_cabac;1.18907032045548;1.18907032045548;1.18907032045548;1.18907032045548;0.032459;6;-329.856666666666 * no_cabac;1;6.21724893790088E-14;
Elapsed=00:00:00.0326105
Learning progress:
1;561.275333333333 * no_asm + -284.037833333333 * ref_1;13.9201478820381;13.9201478820381;13.9201478820381;13.9201478820381;0.00149;2;-284.037833333333 * ref_1;1;38.7147176924704;
2;457.03 * no_asm + -179.7925 * ref_1 + 173.742222222222 * ref_9;5.77330803354616;5.77330803354616;5.77330803354616;5.77330803354616;0.007411;3;173.742222222222 * ref_9;1;8.14683984849195;
3;444.111666666667 * no_asm + -179.7925 * ref_1 + 160.823888888889 * ref_9 + 25.836666666667 * no_weightb;2.27982708262792;2.27982708262792;2.27982708262792;2.27982708262792;0.016123;4;25.836666666667 * no_weightb;1;3.49348095091823;
4;446.021703703703 * no_asm + -182.657555555556 * ref_1 + 158.913851851851 * ref_9 + 33.4768148148155 * no_weightb + -11.4602222222224 * no_weightb * rc_lookahead_20;2.07897810633773;2.07897810633773;2.07897810633773;2.07897810633773;0.0306;6;-11.4602222222224 * no_weightb * rc_lookahead_20;2;0.100424488145095;
Elapsed=00:00:00.0307445
Learning progress:
1;559.140833333333 * no_asm + -278.8175 * ref_1;9.52616666470452;9.52616666470452;9.52616666470452;9.52616666470452;0.001664;2;-278.8175 * ref_1;1;44.2913779782916;
2;559.140833333333 * no_asm + -274.675 * ref_1 + -20.7125000000004 * rc_lookahead_60;8.91905692745576;8.91905692745576;8.91905692745576;8.91905692745576;0.007792;3;-20.7125000000004 * rc_lookahead_60;1;0.607109737248757;
3;559.140833333333 * no_asm + -274.675 * ref_1 + -10.3562500000001 * rc_lookahead_60 + -10.3562500000001 * rc_lookahead_60 * no_weightb;8.75785136331357;8.75785136331357;8.75785136331357;8.75785136331357;0.016847;5;-10.3562500000001 * rc_lookahead_60 * no_weightb;2;0.0806027820710957;
Elapsed=00:00:00.0169760
Learning progress:
1;512.280666666667 * no_asm + -233.225333333333 * ref_1;12.4230465989307;12.4230465989307;12.4230465989307;12.4230465989307;0.001643;2;-233.225333333333 * ref_1;1;56.8935021023886;
2;610.408333333333 * no_asm + -331.353 * ref_1 + -163.54611111111 * ref_5;5.11644446440599;5.11644446440599;5.11644446440599;5.11644446440599;0.007563;3;-163.54611111111 * ref_5;1;7.30660213452471;
3;610.408333333334 * no_asm + -332.834393939394 * ref_1 + -168.48409090909 * ref_5 + 7.40696969696942 * no_deblock;4.29647725262534;4.29647725262534;4.29647725262534;4.29647725262534;0.016243;4;7.40696969696942 * no_deblock;1;0.819967211780648;
4;610.408333333333 * no_asm + -329.950897435897 * ref_1 + -180.018076923076 * ref_5 + -7.01051282051341 * no_deblock + 63.4369230769238 * no_deblock * no_weightb;1.16899937736558;1.16899937736558;1.16899937736558;1.16899937736558;0.030286;6;63.4369230769238 * no_deblock * no_weightb;2;1.56373893762988;
5;610.408333333333 * no_asm + -334.487666666667 * ref_1 + -181.530333333333 * ref_5 + -3.98600000000047 * no_deblock + 61.9246666666672 * no_deblock * no_weightb + 19.6593333333332 * ref_1 * rc_lookahead_40;0.235256122517208;0.235256122517208;0.235256122517208;0.235256122517208;0.051123;8;19.6593333333332 * ref_1 * rc_lookahead_40;2;0.466871627424185;
Elapsed=00:00:00.0512692
Learning progress:
1;339.012083333333 * no_asm + 251.499583333333 * ref_9;15.0507449991341;15.0507449991341;15.0507449991341;15.0507449991341;0.00142;2;251.499583333333 * ref_9;1;31.7549664344506;
2;273.896666666666 * no_asm + 316.615 * ref_9 + 130.230833333333 * no_8x8dct;4.9675599928474;4.9675599928474;4.9675599928474;4.9675599928474;0.007633;3;130.230833333333 * no_8x8dct;1;10.0831850062867;
3;246.974047619047 * no_asm + 289.692380952381 * ref_9 + 143.692142857143 * no_8x8dct + 53.8452380952382 * no_weightb;1.79888914658729;1.79888914658729;1.79888914658729;1.79888914658729;0.016437;4;53.8452380952382 * no_weightb;1;3.16867084626011;
4;243.316333333333 * no_asm + 286.034666666667 * ref_9 + 132.719 * no_8x8dct + 61.1606666666668 * no_weightb + 51.2079999999995 * no_8x8dct * rc_lookahead_40;1.63778733716572;1.63778733716572;1.63778733716572;1.63778733716572;0.030853;6;51.2079999999995 * no_8x8dct * rc_lookahead_40;2;0.0805509047107876;
Elapsed=00:00:00.0309901
Learning progress:
1;438.169259259259 * no_asm + -168.585925925926 * rc_lookahead_60;2.38385306634511;2.38385306634511;2.38385306634511;2.38385306634511;0.001684;2;-168.585925925926 * rc_lookahead_60;1;55.3517931148012;
2;443.430833333333 * no_asm + -164.376666666667 * rc_lookahead_60 + -9.47083333333327 * no_mixed_refs;1.89124628575246;1.89124628575246;1.89124628575246;1.89124628575246;0.006664;3;-9.47083333333327 * no_mixed_refs;1;0.492606780592653;
Elapsed=00:00:00.0067703
Learning progress:
1;561.275333333333 * no_asm + -284.037833333333 * ref_1;13.9201478820381;13.9201478820381;13.9201478820381;13.9201478820381;0.001514;2;-284.037833333333 * ref_1;1;38.7147176924704;
2;457.03 * no_asm + -179.7925 * ref_1 + 173.742222222222 * ref_9;5.77330803354616;5.77330803354616;5.77330803354616;5.77330803354616;0.006218;3;173.742222222222 * ref_9;1;8.14683984849195;
3;444.111666666667 * no_asm + -179.7925 * ref_1 + 160.823888888889 * ref_9 + 25.836666666667 * no_weightb;2.27982708262792;2.27982708262792;2.27982708262792;2.27982708262792;0.014906;4;25.836666666667 * no_weightb;1;3.49348095091823;
4;446.021703703703 * no_asm + -182.657555555556 * ref_1 + 158.913851851851 * ref_9 + 33.4768148148155 * no_weightb + -11.4602222222224 * no_weightb * rc_lookahead_20;2.07897810633773;2.07897810633773;2.07897810633773;2.07897810633773;0.028831;6;-11.4602222222224 * no_weightb * rc_lookahead_20;2;0.100424488145095;
5;427.243333333333 * no_asm + -154.49 * ref_1 + 197.811904761904 * ref_9 + 18.7223809523814 * no_weightb + -19.5080952380952 * no_weightb * rc_lookahead_20 + 60.3590476190474 * no_weightb * ref_5;1.27926620787854;1.27926620787854;1.27926620787854;1.27926620787854;0.050065;8;60.3590476190474 * no_weightb * ref_5;2;0.399855949229595;
6;427.243333333334 * no_asm + -157.66 * ref_1 + 194.641904761905 * ref_9 + 21.8923809523809 * no_weightb + -19.5080952380954 * no_weightb * rc_lookahead_20 + 57.1890476190475 * no_weightb * ref_5 + 6.33999999999956 * ref_1 * no_8x8dct;0.883021160941743;0.883021160941743;0.883021160941743;0.883021160941743;0.079958;10;6.33999999999956 * ref_1 * no_8x8dct;2;0.198122523468401;
Elapsed=00:00:00.0801192
Learning progress:
1;559.140833333333 * no_asm + -278.8175 * ref_1;9.52616666470452;9.52616666470452;9.52616666470452;9.52616666470452;0.001487;2;-278.8175 * ref_1;1;44.2913779782916;
2;559.140833333333 * no_asm + -274.675 * ref_1 + -20.7125000000004 * rc_lookahead_60;8.91905692745576;8.91905692745576;8.91905692745576;8.91905692745576;0.007151;3;-20.7125000000004 * rc_lookahead_60;1;0.607109737248757;
3;559.140833333333 * no_asm + -274.675 * ref_1 + -10.3562500000001 * rc_lookahead_60 + -10.3562500000001 * rc_lookahead_60 * no_weightb;8.75785136331357;8.75785136331357;8.75785136331357;8.75785136331357;0.015968;5;-10.3562500000001 * rc_lookahead_60 * no_weightb;2;0.0806027820710957;
Elapsed=00:00:00.0160906
Learning progress:
1;512.280666666667 * no_asm + -233.225333333333 * ref_1;12.4230465989307;12.4230465989307;12.4230465989307;12.4230465989307;0.001566;2;-233.225333333333 * ref_1;1;56.8935021023886;
2;610.408333333333 * no_asm + -331.353 * ref_1 + -163.54611111111 * ref_5;5.11644446440599;5.11644446440599;5.11644446440599;5.11644446440599;0.0073;3;-163.54611111111 * ref_5;1;7.30660213452471;
3;610.408333333334 * no_asm + -332.834393939394 * ref_1 + -168.48409090909 * ref_5 + 7.40696969696942 * no_deblock;4.29647725262534;4.29647725262534;4.29647725262534;4.29647725262534;0.015848;4;7.40696969696942 * no_deblock;1;0.819967211780648;
4;610.408333333333 * no_asm + -329.950897435897 * ref_1 + -180.018076923076 * ref_5 + -7.01051282051341 * no_deblock + 63.4369230769238 * no_deblock * no_weightb;1.16899937736558;1.16899937736558;1.16899937736558;1.16899937736558;0.02992;6;63.4369230769238 * no_deblock * no_weightb;2;1.56373893762988;
5;610.408333333333 * no_asm + -334.487666666667 * ref_1 + -181.530333333333 * ref_5 + -3.98600000000047 * no_deblock + 61.9246666666672 * no_deblock * no_weightb + 19.6593333333332 * ref_1 * rc_lookahead_40;0.235256122517208;0.235256122517208;0.235256122517208;0.235256122517208;0.050674;8;19.6593333333332 * ref_1 * rc_lookahead_40;2;0.466871627424185;
Elapsed=00:00:00.0508310
Learning progress:
1;339.012083333333 * no_asm + 251.499583333333 * ref_9;15.0507449991341;15.0507449991341;15.0507449991341;15.0507449991341;0.001528;2;251.499583333333 * ref_9;1;31.7549664344506;
2;273.896666666666 * no_asm + 316.615 * ref_9 + 130.230833333333 * no_8x8dct;4.9675599928474;4.9675599928474;4.9675599928474;4.9675599928474;0.007602;3;130.230833333333 * no_8x8dct;1;10.0831850062867;
3;246.974047619047 * no_asm + 289.692380952381 * ref_9 + 143.692142857143 * no_8x8dct + 53.8452380952382 * no_weightb;1.79888914658729;1.79888914658729;1.79888914658729;1.79888914658729;0.016496;4;53.8452380952382 * no_weightb;1;3.16867084626011;
4;243.316333333333 * no_asm + 286.034666666667 * ref_9 + 132.719 * no_8x8dct + 61.1606666666668 * no_weightb + 51.2079999999995 * no_8x8dct * rc_lookahead_40;1.63778733716572;1.63778733716572;1.63778733716572;1.63778733716572;0.030841;6;51.2079999999995 * no_8x8dct * rc_lookahead_40;2;0.0805509047107876;
Elapsed=00:00:00.0309965
Learning progress:
1;438.169259259259 * no_asm + -168.585925925926 * rc_lookahead_60;2.38385306634511;2.38385306634511;2.38385306634511;2.38385306634511;0.001416;2;-168.585925925926 * rc_lookahead_60;1;55.3517931148012;
2;443.430833333333 * no_asm + -164.376666666667 * rc_lookahead_60 + -9.47083333333327 * no_mixed_refs;1.89124628575246;1.89124628575246;1.89124628575246;1.89124628575246;0.006359;3;-9.47083333333327 * no_mixed_refs;1;0.492606780592653;
3;443.430833333333 * no_asm + -166.235 * rc_lookahead_60 + -7.6125000000001 * no_mixed_refs + -9.29166666666613 * no_mixed_refs * ref_5;1.18907032045554;1.18907032045554;1.18907032045554;1.18907032045554;0.016617;5;-9.29166666666613 * no_mixed_refs * ref_5;2;0.351087982648459;
4;690.823333333333 * no_asm + -1.30666666666707 * rc_lookahead_60 + -90.0766666666669 * no_mixed_refs + 155.636666666667 * no_mixed_refs * ref_5 + -329.856666666666 * no_cabac;1.18907032045548;1.18907032045548;1.18907032045548;1.18907032045548;0.032783;6;-329.856666666666 * no_cabac;1;6.21724893790088E-14;
Elapsed=00:00:00.0329598
Learning progress:
1;561.275333333333 * no_asm + -284.037833333333 * ref_1;13.9201478820381;13.9201478820381;13.9201478820381;13.9201478820381;0.001528;2;-284.037833333333 * ref_1;1;38.7147176924704;
2;457.03 * no_asm + -179.7925 * ref_1 + 173.742222222222 * ref_9;5.77330803354616;5.77330803354616;5.77330803354616;5.77330803354616;0.006149;3;173.742222222222 * ref_9;1;8.14683984849195;
3;444.111666666667 * no_asm + -179.7925 * ref_1 + 160.823888888889 * ref_9 + 25.836666666667 * no_weightb;2.27982708262792;2.27982708262792;2.27982708262792;2.27982708262792;0.015973;4;25.836666666667 * no_weightb;1;3.49348095091823;
4;446.021703703703 * no_asm + -182.657555555556 * ref_1 + 158.913851851851 * ref_9 + 33.4768148148155 * no_weightb + -11.4602222222224 * no_weightb * rc_lookahead_20;2.07897810633773;2.07897810633773;2.07897810633773;2.07897810633773;0.030276;6;-11.4602222222224 * no_weightb * rc_lookahead_20;2;0.100424488145095;
Elapsed=00:00:00.0304287
Learning progress:
1;559.140833333333 * no_asm + -278.8175 * ref_1;9.52616666470452;9.52616666470452;9.52616666470452;9.52616666470452;0.001453;2;-278.8175 * ref_1;1;44.2913779782916;
2;559.140833333333 * no_asm + -274.675 * ref_1 + -20.7125000000004 * rc_lookahead_60;8.91905692745576;8.91905692745576;8.91905692745576;8.91905692745576;0.006111;3;-20.7125000000004 * rc_lookahead_60;1;0.607109737248757;
3;559.140833333333 * no_asm + -274.675 * ref_1 + -10.3562500000001 * rc_lookahead_60 + -10.3562500000001 * rc_lookahead_60 * no_weightb;8.75785136331357;8.75785136331357;8.75785136331357;8.75785136331357;0.016005;5;-10.3562500000001 * rc_lookahead_60 * no_weightb;2;0.0806027820710957;
Elapsed=00:00:00.0161334
Learning progress:
1;512.280666666667 * no_asm + -233.225333333333 * ref_1;12.4230465989307;12.4230465989307;12.4230465989307;12.4230465989307;0.001429;2;-233.225333333333 * ref_1;1;56.8935021023886;
2;610.408333333333 * no_asm + -331.353 * ref_1 + -163.54611111111 * ref_5;5.11644446440599;5.11644446440599;5.11644446440599;5.11644446440599;0.006303;3;-163.54611111111 * ref_5;1;7.30660213452471;
3;610.408333333334 * no_asm + -332.834393939394 * ref_1 + -168.48409090909 * ref_5 + 7.40696969696942 * no_deblock;4.29647725262534;4.29647725262534;4.29647725262534;4.29647725262534;0.016318;4;7.40696969696942 * no_deblock;1;0.819967211780648;
4;610.408333333333 * no_asm + -329.950897435897 * ref_1 + -180.018076923076 * ref_5 + -7.01051282051341 * no_deblock + 63.4369230769238 * no_deblock * no_weightb;1.16899937736558;1.16899937736558;1.16899937736558;1.16899937736558;0.02924;6;63.4369230769238 * no_deblock * no_weightb;2;1.56373893762988;
5;610.408333333333 * no_asm + -334.487666666667 * ref_1 + -181.530333333333 * ref_5 + -3.98600000000047 * no_deblock + 61.9246666666672 * no_deblock * no_weightb + 19.6593333333332 * ref_1 * rc_lookahead_40;0.235256122517208;0.235256122517208;0.235256122517208;0.235256122517208;0.050985;8;19.6593333333332 * ref_1 * rc_lookahead_40;2;0.466871627424185;
Elapsed=00:00:00.0511463
Learning progress:
1;339.012083333333 * no_asm + 251.499583333333 * ref_9;15.0507449991341;15.0507449991341;15.0507449991341;15.0507449991341;0.001423;2;251.499583333333 * ref_9;1;31.7549664344506;
2;273.896666666666 * no_asm + 316.615 * ref_9 + 130.230833333333 * no_8x8dct;4.9675599928474;4.9675599928474;4.9675599928474;4.9675599928474;0.006179;3;130.230833333333 * no_8x8dct;1;10.0831850062867;
3;246.974047619047 * no_asm + 289.692380952381 * ref_9 + 143.692142857143 * no_8x8dct + 53.8452380952382 * no_weightb;1.79888914658729;1.79888914658729;1.79888914658729;1.79888914658729;0.015841;4;53.8452380952382 * no_weightb;1;3.16867084626011;
4;243.316333333333 * no_asm + 286.034666666667 * ref_9 + 132.719 * no_8x8dct + 61.1606666666668 * no_weightb + 51.2079999999995 * no_8x8dct * rc_lookahead_40;1.63778733716572;1.63778733716572;1.63778733716572;1.63778733716572;0.02898;6;51.2079999999995 * no_8x8dct * rc_lookahead_40;2;0.0805509047107876;
Elapsed=00:00:00.0291404
Learning progress:
1;438.169259259259 * no_asm + -168.585925925926 * rc_lookahead_60;2.38385306634511;2.38385306634511;2.38385306634511;2.38385306634511;0.00145;2;-168.585925925926 * rc_lookahead_60;1;55.3517931148012;
2;443.430833333333 * no_asm + -164.376666666667 * rc_lookahead_60 + -9.47083333333327 * no_mixed_refs;1.89124628575246;1.89124628575246;1.89124628575246;1.89124628575246;0.006415;3;-9.47083333333327 * no_mixed_refs;1;0.492606780592653;
3;443.430833333333 * no_asm + -166.235 * rc_lookahead_60 + -7.6125000000001 * no_mixed_refs + -9.29166666666613 * no_mixed_refs * ref_5;1.18907032045554;1.18907032045554;1.18907032045554;1.18907032045554;0.016502;5;-9.29166666666613 * no_mixed_refs * ref_5;2;0.351087982648459;
4;690.823333333333 * no_asm + -1.30666666666707 * rc_lookahead_60 + -90.0766666666669 * no_mixed_refs + 155.636666666667 * no_mixed_refs * ref_5 + -329.856666666666 * no_cabac;1.18907032045548;1.18907032045548;1.18907032045548;1.18907032045548;0.031394;6;-329.856666666666 * no_cabac;1;6.21724893790088E-14;
Elapsed=00:00:00.0315545
Learning progress:
1;561.275333333333 * no_asm + -284.037833333333 * ref_1;13.9201478820381;13.9201478820381;13.9201478820381;13.9201478820381;0.00267;2;-284.037833333333 * ref_1;1;38.7147176924704;
2;457.03 * no_asm + -179.7925 * ref_1 + 173.742222222222 * ref_9;5.77330803354616;5.77330803354616;5.77330803354616;5.77330803354616;0.007272;3;173.742222222222 * ref_9;1;8.14683984849195;
3;444.111666666667 * no_asm + -179.7925 * ref_1 + 160.823888888889 * ref_9 + 25.836666666667 * no_weightb;2.27982708262792;2.27982708262792;2.27982708262792;2.27982708262792;0.016036;4;25.836666666667 * no_weightb;1;3.49348095091823;
4;446.021703703703 * no_asm + -182.657555555556 * ref_1 + 158.913851851851 * ref_9 + 33.4768148148155 * no_weightb + -11.4602222222224 * no_weightb * rc_lookahead_20;2.07897810633773;2.07897810633773;2.07897810633773;2.07897810633773;0.030092;6;-11.4602222222224 * no_weightb * rc_lookahead_20;2;0.100424488145095;
Elapsed=00:00:00.0302310
Learning progress:
1;559.140833333333 * no_asm + -278.8175 * ref_1;9.52616666470452;9.52616666470452;9.52616666470452;9.52616666470452;0.001541;2;-278.8175 * ref_1;1;44.2913779782916;
2;559.140833333333 * no_asm + -274.675 * ref_1 + -20.7125000000004 * rc_lookahead_60;8.91905692745576;8.91905692745576;8.91905692745576;8.91905692745576;0.007337;3;-20.7125000000004 * rc_lookahead_60;1;0.607109737248757;
3;559.140833333333 * no_asm + -274.675 * ref_1 + -10.3562500000001 * rc_lookahead_60 + -10.3562500000001 * rc_lookahead_60 * no_weightb;8.75785136331357;8.75785136331357;8.75785136331357;8.75785136331357;0.016178;5;-10.3562500000001 * rc_lookahead_60 * no_weightb;2;0.0806027820710957;
Elapsed=00:00:00.0163052
Learning progress:
1;512.280666666667 * no_asm + -233.225333333333 * ref_1;12.4230465989307;12.4230465989307;12.4230465989307;12.4230465989307;0.001521;2;-233.225333333333 * ref_1;1;56.8935021023886;
2;610.408333333333 * no_asm + -331.353 * ref_1 + -163.54611111111 * ref_5;5.11644446440599;5.11644446440599;5.11644446440599;5.11644446440599;0.007237;3;-163.54611111111 * ref_5;1;7.30660213452471;
3;610.408333333334 * no_asm + -332.834393939394 * ref_1 + -168.48409090909 * ref_5 + 7.40696969696942 * no_deblock;4.29647725262534;4.29647725262534;4.29647725262534;4.29647725262534;0.015745;4;7.40696969696942 * no_deblock;1;0.819967211780648;
4;610.408333333333 * no_asm + -329.950897435897 * ref_1 + -180.018076923076 * ref_5 + -7.01051282051341 * no_deblock + 63.4369230769238 * no_deblock * no_weightb;1.16899937736558;1.16899937736558;1.16899937736558;1.16899937736558;0.029577;6;63.4369230769238 * no_deblock * no_weightb;2;1.56373893762988;
5;610.408333333333 * no_asm + -334.487666666667 * ref_1 + -181.530333333333 * ref_5 + -3.98600000000047 * no_deblock + 61.9246666666672 * no_deblock * no_weightb + 19.6593333333332 * ref_1 * rc_lookahead_40;0.235256122517208;0.235256122517208;0.235256122517208;0.235256122517208;0.050481;8;19.6593333333332 * ref_1 * rc_lookahead_40;2;0.466871627424185;
Elapsed=00:00:00.0506554
Learning progress:
1;339.012083333333 * no_asm + 251.499583333333 * ref_9;15.0507449991341;15.0507449991341;15.0507449991341;15.0507449991341;0.001397;2;251.499583333333 * ref_9;1;31.7549664344506;
2;273.896666666666 * no_asm + 316.615 * ref_9 + 130.230833333333 * no_8x8dct;4.9675599928474;4.9675599928474;4.9675599928474;4.9675599928474;0.007169;3;130.230833333333 * no_8x8dct;1;10.0831850062867;
3;246.974047619047 * no_asm + 289.692380952381 * ref_9 + 143.692142857143 * no_8x8dct + 53.8452380952382 * no_weightb;1.79888914658729;1.79888914658729;1.79888914658729;1.79888914658729;0.016057;4;53.8452380952382 * no_weightb;1;3.16867084626011;
4;243.316333333333 * no_asm + 286.034666666667 * ref_9 + 132.719 * no_8x8dct + 61.1606666666668 * no_weightb + 51.2079999999995 * no_8x8dct * rc_lookahead_40;1.63778733716572;1.63778733716572;1.63778733716572;1.63778733716572;0.03052;6;51.2079999999995 * no_8x8dct * rc_lookahead_40;2;0.0805509047107876;
Elapsed=00:00:00.0306543
Learning progress:
1;438.169259259259 * no_asm + -168.585925925926 * rc_lookahead_60;2.38385306634511;2.38385306634511;2.38385306634511;2.38385306634511;0.001814;2;-168.585925925926 * rc_lookahead_60;1;55.3517931148012;
2;443.430833333333 * no_asm + -164.376666666667 * rc_lookahead_60 + -9.47083333333327 * no_mixed_refs;1.89124628575246;1.89124628575246;1.89124628575246;1.89124628575246;0.007929;3;-9.47083333333327 * no_mixed_refs;1;0.492606780592653;
Elapsed=00:00:00.0080354
Learning progress:
1;561.275333333333 * no_asm + -284.037833333333 * ref_1;13.9201478820381;13.9201478820381;13.9201478820381;13.9201478820381;0.00151;2;-284.037833333333 * ref_1;1;38.7147176924704;
2;457.03 * no_asm + -179.7925 * ref_1 + 173.742222222222 * ref_9;5.77330803354616;5.77330803354616;5.77330803354616;5.77330803354616;0.006148;3;173.742222222222 * ref_9;1;8.14683984849195;
3;444.111666666667 * no_asm + -179.7925 * ref_1 + 160.823888888889 * ref_9 + 25.836666666667 * no_weightb;2.27982708262792;2.27982708262792;2.27982708262792;2.27982708262792;0.016269;4;25.836666666667 * no_weightb;1;3.49348095091823;
4;446.021703703703 * no_asm + -182.657555555556 * ref_1 + 158.913851851851 * ref_9 + 33.4768148148155 * no_weightb + -11.4602222222224 * no_weightb * rc_lookahead_20;2.07897810633773;2.07897810633773;2.07897810633773;2.07897810633773;0.029574;6;-11.4602222222224 * no_weightb * rc_lookahead_20;2;0.100424488145095;
5;427.243333333333 * no_asm + -154.49 * ref_1 + 197.811904761904 * ref_9 + 18.7223809523814 * no_weightb + -19.5080952380952 * no_weightb * rc_lookahead_20 + 60.3590476190474 * no_weightb * ref_5;1.27926620787854;1.27926620787854;1.27926620787854;1.27926620787854;0.051837;8;60.3590476190474 * no_weightb * ref_5;2;0.399855949229595;
6;427.243333333334 * no_asm + -157.66 * ref_1 + 194.641904761905 * ref_9 + 21.8923809523809 * no_weightb + -19.5080952380954 * no_weightb * rc_lookahead_20 + 57.1890476190475 * no_weightb * ref_5 + 6.33999999999956 * ref_1 * no_8x8dct;0.883021160941743;0.883021160941743;0.883021160941743;0.883021160941743;0.080581;10;6.33999999999956 * ref_1 * no_8x8dct;2;0.198122523468401;
Elapsed=00:00:00.0807445
Learning progress:
1;559.140833333333 * no_asm + -278.8175 * ref_1;9.52616666470452;9.52616666470452;9.52616666470452;9.52616666470452;0.0017;2;-278.8175 * ref_1;1;44.2913779782916;
2;559.140833333333 * no_asm + -274.675 * ref_1 + -20.7125000000004 * rc_lookahead_60;8.91905692745576;8.91905692745576;8.91905692745576;8.91905692745576;0.007629;3;-20.7125000000004 * rc_lookahead_60;1;0.607109737248757;
3;559.140833333333 * no_asm + -274.675 * ref_1 + -10.3562500000001 * rc_lookahead_60 + -10.3562500000001 * rc_lookahead_60 * no_weightb;8.75785136331357;8.75785136331357;8.75785136331357;8.75785136331357;0.016448;5;-10.3562500000001 * rc_lookahead_60 * no_weightb;2;0.0806027820710957;
Elapsed=00:00:00.0165738
Learning progress:
1;512.280666666667 * no_asm + -233.225333333333 * ref_1;12.4230465989307;12.4230465989307;12.4230465989307;12.4230465989307;0.001655;2;-233.225333333333 * ref_1;1;56.8935021023886;
2;610.408333333333 * no_asm + -331.353 * ref_1 + -163.54611111111 * ref_5;5.11644446440599;5.11644446440599;5.11644446440599;5.11644446440599;0.007962;3;-163.54611111111 * ref_5;1;7.30660213452471;
3;610.408333333334 * no_asm + -332.834393939394 * ref_1 + -168.48409090909 * ref_5 + 7.40696969696942 * no_deblock;4.29647725262534;4.29647725262534;4.29647725262534;4.29647725262534;0.01667;4;7.40696969696942 * no_deblock;1;0.819967211780648;
4;610.408333333333 * no_asm + -329.950897435897 * ref_1 + -180.018076923076 * ref_5 + -7.01051282051341 * no_deblock + 63.4369230769238 * no_deblock * no_weightb;1.16899937736558;1.16899937736558;1.16899937736558;1.16899937736558;0.030697;6;63.4369230769238 * no_deblock * no_weightb;2;1.56373893762988;
5;610.408333333333 * no_asm + -334.487666666667 * ref_1 + -181.530333333333 * ref_5 + -3.98600000000047 * no_deblock + 61.9246666666672 * no_deblock * no_weightb + 19.6593333333332 * ref_1 * rc_lookahead_40;0.235256122517208;0.235256122517208;0.235256122517208;0.235256122517208;0.051418;8;19.6593333333332 * ref_1 * rc_lookahead_40;2;0.466871627424185;
Elapsed=00:00:00.0515779
Learning progress:
1;339.012083333333 * no_asm + 251.499583333333 * ref_9;15.0507449991341;15.0507449991341;15.0507449991341;15.0507449991341;0.001416;2;251.499583333333 * ref_9;1;31.7549664344506;
2;273.896666666666 * no_asm + 316.615 * ref_9 + 130.230833333333 * no_8x8dct;4.9675599928474;4.9675599928474;4.9675599928474;4.9675599928474;0.00738;3;130.230833333333 * no_8x8dct;1;10.0831850062867;
3;246.974047619047 * no_asm + 289.692380952381 * ref_9 + 143.692142857143 * no_8x8dct + 53.8452380952382 * no_weightb;1.79888914658729;1.79888914658729;1.79888914658729;1.79888914658729;0.016301;4;53.8452380952382 * no_weightb;1;3.16867084626011;
4;243.316333333333 * no_asm + 286.034666666667 * ref_9 + 132.719 * no_8x8dct + 61.1606666666668 * no_weightb + 51.2079999999995 * no_8x8dct * rc_lookahead_40;1.63778733716572;1.63778733716572;1.63778733716572;1.63778733716572;0.030483;6;51.2079999999995 * no_8x8dct * rc_lookahead_40;2;0.0805509047107876;
Elapsed=00:00:00.0306409
Learning progress:
1;438.169259259259 * no_asm + -168.585925925926 * rc_lookahead_60;2.38385306634511;2.38385306634511;2.38385306634511;2.38385306634511;0.001428;2;-168.585925925926 * rc_lookahead_60;1;55.3517931148012;
2;443.430833333333 * no_asm + -164.376666666667 * rc_lookahead_60 + -9.47083333333327 * no_mixed_refs;1.89124628575246;1.89124628575246;1.89124628575246;1.89124628575246;0.007625;3;-9.47083333333327 * no_mixed_refs;1;0.492606780592653;
3;443.430833333333 * no_asm + -166.235 * rc_lookahead_60 + -7.6125000000001 * no_mixed_refs + -9.29166666666613 * no_mixed_refs * ref_5;1.18907032045554;1.18907032045554;1.18907032045554;1.18907032045554;0.016721;5;-9.29166666666613 * no_mixed_refs * ref_5;2;0.351087982648459;
4;690.823333333333 * no_asm + -1.30666666666707 * rc_lookahead_60 + -90.0766666666669 * no_mixed_refs + 155.636666666667 * no_mixed_refs * ref_5 + -329.856666666666 * no_cabac;1.18907032045548;1.18907032045548;1.18907032045548;1.18907032045548;0.032732;6;-329.856666666666 * no_cabac;1;6.21724893790088E-14;
Elapsed=00:00:00.0329036
Learning progress:
1;561.275333333333 * no_asm + -284.037833333333 * ref_1;13.9201478820381;13.9201478820381;13.9201478820381;13.9201478820381;0.001532;2;-284.037833333333 * ref_1;1;38.7147176924704;
2;457.03 * no_asm + -179.7925 * ref_1 + 173.742222222222 * ref_9;5.77330803354616;5.77330803354616;5.77330803354616;5.77330803354616;0.00622;3;173.742222222222 * ref_9;1;8.14683984849195;
3;444.111666666667 * no_asm + -179.7925 * ref_1 + 160.823888888889 * ref_9 + 25.836666666667 * no_weightb;2.27982708262792;2.27982708262792;2.27982708262792;2.27982708262792;0.016009;4;25.836666666667 * no_weightb;1;3.49348095091823;
4;446.021703703703 * no_asm + -182.657555555556 * ref_1 + 158.913851851851 * ref_9 + 33.4768148148155 * no_weightb + -11.4602222222224 * no_weightb * rc_lookahead_20;2.07897810633773;2.07897810633773;2.07897810633773;2.07897810633773;0.030251;6;-11.4602222222224 * no_weightb * rc_lookahead_20;2;0.100424488145095;
Elapsed=00:00:00.0304135
Learning progress:
1;559.140833333333 * no_asm + -278.8175 * ref_1;9.52616666470452;9.52616666470452;9.52616666470452;9.52616666470452;0.001463;2;-278.8175 * ref_1;1;44.2913779782916;
2;559.140833333333 * no_asm + -274.675 * ref_1 + -20.7125000000004 * rc_lookahead_60;8.91905692745576;8.91905692745576;8.91905692745576;8.91905692745576;0.006261;3;-20.7125000000004 * rc_lookahead_60;1;0.607109737248757;
3;559.140833333333 * no_asm + -274.675 * ref_1 + -10.3562500000001 * rc_lookahead_60 + -10.3562500000001 * rc_lookahead_60 * no_weightb;8.75785136331357;8.75785136331357;8.75785136331357;8.75785136331357;0.016205;5;-10.3562500000001 * rc_lookahead_60 * no_weightb;2;0.0806027820710957;
Elapsed=00:00:00.0163348
Learning progress:
1;512.280666666667 * no_asm + -233.225333333333 * ref_1;12.4230465989307;12.4230465989307;12.4230465989307;12.4230465989307;0.001434;2;-233.225333333333 * ref_1;1;56.8935021023886;
2;610.408333333333 * no_asm + -331.353 * ref_1 + -163.54611111111 * ref_5;5.11644446440599;5.11644446440599;5.11644446440599;5.11644446440599;0.006153;3;-163.54611111111 * ref_5;1;7.30660213452471;
3;610.408333333334 * no_asm + -332.834393939394 * ref_1 + -168.48409090909 * ref_5 + 7.40696969696942 * no_deblock;4.29647725262534;4.29647725262534;4.29647725262534;4.29647725262534;0.015922;4;7.40696969696942 * no_deblock;1;0.819967211780648;
4;610.408333333333 * no_asm + -329.950897435897 * ref_1 + -180.018076923076 * ref_5 + -7.01051282051341 * no_deblock + 63.4369230769238 * no_deblock * no_weightb;1.16899937736558;1.16899937736558;1.16899937736558;1.16899937736558;0.030096;6;63.4369230769238 * no_deblock * no_weightb;2;1.56373893762988;
5;610.408333333333 * no_asm + -334.487666666667 * ref_1 + -181.530333333333 * ref_5 + -3.98600000000047 * no_deblock + 61.9246666666672 * no_deblock * no_weightb + 19.6593333333332 * ref_1 * rc_lookahead_40;0.235256122517208;0.235256122517208;0.235256122517208;0.235256122517208;0.05097;8;19.6593333333332 * ref_1 * rc_lookahead_40;2;0.466871627424185;
Elapsed=00:00:00.0511337
Learning progress:
1;339.012083333333 * no_asm + 251.499583333333 * ref_9;15.0507449991341;15.0507449991341;15.0507449991341;15.0507449991341;0.001653;2;251.499583333333 * ref_9;1;31.7549664344506;
2;273.896666666666 * no_asm + 316.615 * ref_9 + 130.230833333333 * no_8x8dct;4.9675599928474;4.9675599928474;4.9675599928474;4.9675599928474;0.006557;3;130.230833333333 * no_8x8dct;1;10.0831850062867;
3;246.974047619047 * no_asm + 289.692380952381 * ref_9 + 143.692142857143 * no_8x8dct + 53.8452380952382 * no_weightb;1.79888914658729;1.79888914658729;1.79888914658729;1.79888914658729;0.016277;4;53.8452380952382 * no_weightb;1;3.16867084626011;
4;243.316333333333 * no_asm + 286.034666666667 * ref_9 + 132.719 * no_8x8dct + 61.1606666666668 * no_weightb + 51.2079999999995 * no_8x8dct * rc_lookahead_40;1.63778733716572;1.63778733716572;1.63778733716572;1.63778733716572;0.030979;6;51.2079999999995 * no_8x8dct * rc_lookahead_40;2;0.0805509047107876;
Elapsed=00:00:00.0311159
Learning progress:
1;438.169259259259 * no_asm + -168.585925925926 * rc_lookahead_60;2.38385306634511;2.38385306634511;2.38385306634511;2.38385306634511;0.001457;2;-168.585925925926 * rc_lookahead_60;1;55.3517931148012;
2;443.430833333333 * no_asm + -164.376666666667 * rc_lookahead_60 + -9.47083333333327 * no_mixed_refs;1.89124628575246;1.89124628575246;1.89124628575246;1.89124628575246;0.006442;3;-9.47083333333327 * no_mixed_refs;1;0.492606780592653;
3;443.430833333333 * no_asm + -166.235 * rc_lookahead_60 + -7.6125000000001 * no_mixed_refs + -9.29166666666613 * no_mixed_refs * ref_5;1.18907032045554;1.18907032045554;1.18907032045554;1.18907032045554;0.016485;5;-9.29166666666613 * no_mixed_refs * ref_5;2;0.351087982648459;
4;690.823333333333 * no_asm + -1.30666666666707 * rc_lookahead_60 + -90.0766666666669 * no_mixed_refs + 155.636666666667 * no_mixed_refs * ref_5 + -329.856666666666 * no_cabac;1.18907032045548;1.18907032045548;1.18907032045548;1.18907032045548;0.031421;6;-329.856666666666 * no_cabac;1;6.21724893790088E-14;
Elapsed=00:00:00.0315810
Learning progress:
1;561.275333333333 * no_asm + -284.037833333333 * ref_1;13.9201478820381;13.9201478820381;13.9201478820381;13.9201478820381;0.001503;2;-284.037833333333 * ref_1;1;38.7147176924704;
2;457.03 * no_asm + -179.7925 * ref_1 + 173.742222222222 * ref_9;5.77330803354616;5.77330803354616;5.77330803354616;5.77330803354616;0.006111;3;173.742222222222 * ref_9;1;8.14683984849195;
3;444.111666666667 * no_asm + -179.7925 * ref_1 + 160.823888888889 * ref_9 + 25.836666666667 * no_weightb;2.27982708262792;2.27982708262792;2.27982708262792;2.27982708262792;0.016196;4;25.836666666667 * no_weightb;1;3.49348095091823;
4;446.021703703703 * no_asm + -182.657555555556 * ref_1 + 158.913851851851 * ref_9 + 33.4768148148155 * no_weightb + -11.4602222222224 * no_weightb * rc_lookahead_20;2.07897810633773;2.07897810633773;2.07897810633773;2.07897810633773;0.029348;6;-11.4602222222224 * no_weightb * rc_lookahead_20;2;0.100424488145095;
Elapsed=00:00:00.0294863
Learning progress:
1;559.140833333333 * no_asm + -278.8175 * ref_1;9.52616666470452;9.52616666470452;9.52616666470452;9.52616666470452;0.002639;2;-278.8175 * ref_1;1;44.2913779782916;
2;559.140833333333 * no_asm + -274.675 * ref_1 + -20.7125000000004 * rc_lookahead_60;8.91905692745576;8.91905692745576;8.91905692745576;8.91905692745576;0.007342;3;-20.7125000000004 * rc_lookahead_60;1;0.607109737248757;
3;559.140833333333 * no_asm + -274.675 * ref_1 + -10.3562500000001 * rc_lookahead_60 + -10.3562500000001 * rc_lookahead_60 * no_weightb;8.75785136331357;8.75785136331357;8.75785136331357;8.75785136331357;0.016467;5;-10.3562500000001 * rc_lookahead_60 * no_weightb;2;0.0806027820710957;
Elapsed=00:00:00.0165884
Learning progress:
1;512.280666666667 * no_asm + -233.225333333333 * ref_1;12.4230465989307;12.4230465989307;12.4230465989307;12.4230465989307;0.002716;2;-233.225333333333 * ref_1;1;56.8935021023886;
2;610.408333333333 * no_asm + -331.353 * ref_1 + -163.54611111111 * ref_5;5.11644446440599;5.11644446440599;5.11644446440599;5.11644446440599;0.007829;3;-163.54611111111 * ref_5;1;7.30660213452471;
3;610.408333333334 * no_asm + -332.834393939394 * ref_1 + -168.48409090909 * ref_5 + 7.40696969696942 * no_deblock;4.29647725262534;4.29647725262534;4.29647725262534;4.29647725262534;0.016579;4;7.40696969696942 * no_deblock;1;0.819967211780648;
4;610.408333333333 * no_asm + -329.950897435897 * ref_1 + -180.018076923076 * ref_5 + -7.01051282051341 * no_deblock + 63.4369230769238 * no_deblock * no_weightb;1.16899937736558;1.16899937736558;1.16899937736558;1.16899937736558;0.030467;6;63.4369230769238 * no_deblock * no_weightb;2;1.56373893762988;
5;610.408333333333 * no_asm + -334.487666666667 * ref_1 + -181.530333333333 * ref_5 + -3.98600000000047 * no_deblock + 61.9246666666672 * no_deblock * no_weightb + 19.6593333333332 * ref_1 * rc_lookahead_40;0.235256122517208;0.235256122517208;0.235256122517208;0.235256122517208;0.051277;8;19.6593333333332 * ref_1 * rc_lookahead_40;2;0.466871627424185;
Elapsed=00:00:00.0514324
Learning progress:
1;339.012083333333 * no_asm + 251.499583333333 * ref_9;15.0507449991341;15.0507449991341;15.0507449991341;15.0507449991341;0.00285;2;251.499583333333 * ref_9;1;31.7549664344506;
2;273.896666666666 * no_asm + 316.615 * ref_9 + 130.230833333333 * no_8x8dct;4.9675599928474;4.9675599928474;4.9675599928474;4.9675599928474;0.007697;3;130.230833333333 * no_8x8dct;1;10.0831850062867;
3;246.974047619047 * no_asm + 289.692380952381 * ref_9 + 143.692142857143 * no_8x8dct + 53.8452380952382 * no_weightb;1.79888914658729;1.79888914658729;1.79888914658729;1.79888914658729;0.016433;4;53.8452380952382 * no_weightb;1;3.16867084626011;
4;243.316333333333 * no_asm + 286.034666666667 * ref_9 + 132.719 * no_8x8dct + 61.1606666666668 * no_weightb + 51.2079999999995 * no_8x8dct * rc_lookahead_40;1.63778733716572;1.63778733716572;1.63778733716572;1.63778733716572;0.030436;6;51.2079999999995 * no_8x8dct * rc_lookahead_40;2;0.0805509047107876;
Elapsed=00:00:00.0305891
Learning progress:
1;438.169259259259 * no_asm + -168.585925925926 * rc_lookahead_60;2.38385306634511;2.38385306634511;2.38385306634511;2.38385306634511;0.001418;2;-168.585925925926 * rc_lookahead_60;1;55.3517931148012;
2;443.430833333333 * no_asm + -164.376666666667 * rc_lookahead_60 + -9.47083333333327 * no_mixed_refs;1.89124628575246;1.89124628575246;1.89124628575246;1.89124628575246;0.007716;3;-9.47083333333327 * no_mixed_refs;1;0.492606780592653;
Elapsed=00:00:00.0078253
Error of optimal parameters: 2.54059726087874
Optimal parameters abortError:1;minImprovementPerRound:0.1;lossFunction:RELATIVE;quadraticFunctionSupport:True;learn-logFunction:True;learn-asymFunction:True;learn-ratioFunction:True;withHierarchy:False;useBackward:False;
Learning progress:
1;538.817222222222 * no_asm + -260.283888888889 * ref_1;11.6687481717557;11.6687481717557;11.6687481717557;11.6687481717557;0.002601;2;-260.283888888889 * ref_1;1;22.4537440498297;
2;446.862222222222 * no_asm + -168.328888888889 * ref_1 + 183.909999999999 * ref_9;7.1578378031107;7.1578378031107;7.1578378031107;7.1578378031107;0.009588;3;183.909999999999 * ref_9;1;4.51091036864497;
3;433.18274509804 * no_asm + -175.168627450981 * ref_1 + 183.91 * ref_9 + 41.0384313725493 * no_mbtree;5.11397202788676;5.11397202788676;5.11397202788676;5.11397202788676;0.022041;4;41.0384313725493 * no_mbtree;1;2.04386577522394;
4;439.905833333333 * no_asm + -171.807083333334 * ref_1 + 69.6174999999994 * ref_9 + 20.8691666666671 * no_mbtree + 171.43875 * ref_9 * no_fast_pskip;2.79228497575903;2.79228497575903;2.79228497575903;2.79228497575903;0.040885;6;171.43875 * ref_9 * no_fast_pskip;2;1.16084352606387;
5;435.239487179487 * no_asm + -174.140256410256 * ref_1 + 74.2838461538458 * ref_9 + -39.793333333333 * no_mbtree + 201.77 * ref_9 * no_fast_pskip + 74.6615384615386 * no_mbtree * no_cabac;1.85221662716668;1.85221662716668;1.85221662716668;1.85221662716668;0.067553;8;74.6615384615386 * no_mbtree * no_cabac;2;0.470034174296177;
6;461.010476190476 * no_asm + -198.479523809524 * ref_1 + 48.5128571428566 * ref_9 + -67.7119047619042 * no_mbtree + 229.688571428571 * ref_9 * no_fast_pskip + 109.022857142857 * no_mbtree * no_cabac + -27.9185714285716 * no_8x8dct;1.18919149074724;1.18919149074724;1.18919149074724;1.18919149074724;0.105731;9;-27.9185714285716 * no_8x8dct;1;0.663025136419434;
7;448.596666666667 * no_asm + -181.927777777778 * ref_1 + 60.9266666666666 * ref_9 + -61.5049999999998 * no_mbtree + 223.481666666667 * ref_9 * no_fast_pskip + 92.4711111111108 * no_mbtree * no_cabac + -21.711666666667 * no_8x8dct + 28.965555555556 * no_mbtree * ref_5;0.311312799535717;0.311312799535717;0.311312799535717;0.311312799535717;0.154711;11;28.965555555556 * no_mbtree * ref_5;2;0.438939345605764;
Elapsed=00:00:00.1550650
command: clean-sampling
command: clean-global
command: script ./learn_random_t2.a
command: log ./out_random_t2Predictions.log
