Configuration;MeasuredValue;PredictedValue
no_asm%_%rc_lookahead%_%rc_lookahead_20%_%ref%_%ref_1%_%root%_%;268.72;365.1835
no_asm%_%no_deblock%_%no_weightb%_%rc_lookahead%_%rc_lookahead_20%_%ref%_%ref_1%_%root%_%;267.8533;365.3002
no_8x8dct%_%no_asm%_%no_deblock%_%no_fast_pskip%_%no_mixed_refs%_%rc_lookahead%_%rc_lookahead_20%_%ref%_%ref_1%_%root%_%;260.6367;368.5524
no_8x8dct%_%no_asm%_%no_cabac%_%no_fast_pskip%_%no_mbtree%_%no_weightb%_%rc_lookahead%_%rc_lookahead_60%_%ref%_%ref_9%_%root%_%;773.4633;466.3706
no_8x8dct%_%no_asm%_%no_deblock%_%no_mbtree%_%rc_lookahead%_%rc_lookahead_60%_%ref%_%ref_9%_%root%_%;690.8733;418.5439
no_8x8dct%_%no_asm%_%no_deblock%_%no_fast_pskip%_%no_mbtree%_%rc_lookahead%_%rc_lookahead_60%_%ref%_%ref_9%_%root%_%;783.7833;465.0646
no_8x8dct%_%no_asm%_%no_deblock%_%no_mbtree%_%no_weightb%_%rc_lookahead%_%rc_lookahead_60%_%ref%_%ref_9%_%root%_%;690.39;418.8472
no_8x8dct%_%no_asm%_%no_deblock%_%no_fast_pskip%_%no_mbtree%_%no_weightb%_%rc_lookahead%_%rc_lookahead_60%_%ref%_%ref_9%_%root%_%;783.5167;465.7176
no_8x8dct%_%no_asm%_%no_cabac%_%no_deblock%_%no_mbtree%_%rc_lookahead%_%rc_lookahead_60%_%ref%_%ref_9%_%root%_%;683.52;415.0813
no_8x8dct%_%no_asm%_%no_cabac%_%no_deblock%_%no_mbtree%_%no_weightb%_%rc_lookahead%_%rc_lookahead_60%_%ref%_%ref_9%_%root%_%;683.5433;415.3539
no_8x8dct%_%no_asm%_%no_cabac%_%no_deblock%_%no_fast_pskip%_%no_mbtree%_%rc_lookahead%_%rc_lookahead_60%_%ref%_%ref_9%_%root%_%;775.81;465.9083
no_8x8dct%_%no_asm%_%no_cabac%_%no_deblock%_%no_fast_pskip%_%no_mbtree%_%no_weightb%_%rc_lookahead%_%rc_lookahead_60%_%ref%_%ref_9%_%root%_%;775.68;466.5613
no_8x8dct%_%no_asm%_%no_mbtree%_%no_mixed_refs%_%rc_lookahead%_%rc_lookahead_60%_%ref%_%ref_9%_%root%_%;561.8467;365.2544
no_8x8dct%_%no_asm%_%no_cabac%_%no_mixed_refs%_%rc_lookahead%_%rc_lookahead_20%_%ref%_%ref_1%_%root%_%;244.4333;329.5319
no_8x8dct%_%no_asm%_%no_fast_pskip%_%no_mbtree%_%no_mixed_refs%_%rc_lookahead%_%rc_lookahead_60%_%ref%_%ref_9%_%root%_%;652.4833;409.9448
no_8x8dct%_%no_asm%_%no_cabac%_%no_mbtree%_%no_mixed_refs%_%rc_lookahead%_%rc_lookahead_60%_%ref%_%ref_9%_%root%_%;556.63;364.6122
no_8x8dct%_%no_asm%_%no_cabac%_%no_fast_pskip%_%no_mbtree%_%no_mixed_refs%_%rc_lookahead%_%rc_lookahead_60%_%ref%_%ref_9%_%root%_%;645.51;405.8602
no_8x8dct%_%no_asm%_%no_deblock%_%no_mbtree%_%no_mixed_refs%_%rc_lookahead%_%rc_lookahead_60%_%ref%_%ref_9%_%root%_%;561.9333;363.0881
no_8x8dct%_%no_asm%_%no_cabac%_%no_deblock%_%no_mbtree%_%no_mixed_refs%_%rc_lookahead%_%rc_lookahead_60%_%ref%_%ref_9%_%root%_%;555.6333;362.7124
no_8x8dct%_%no_asm%_%no_deblock%_%no_fast_pskip%_%no_mbtree%_%no_mixed_refs%_%rc_lookahead%_%rc_lookahead_60%_%ref%_%ref_9%_%root%_%;651.64;409.1374
no_8x8dct%_%no_asm%_%no_cabac%_%no_deblock%_%no_fast_pskip%_%no_mbtree%_%no_mixed_refs%_%rc_lookahead%_%rc_lookahead_60%_%ref%_%ref_9%_%root%_%;644.16;405.3176
no_8x8dct%_%no_asm%_%no_mbtree%_%no_mixed_refs%_%no_weightb%_%rc_lookahead%_%rc_lookahead_60%_%ref%_%ref_9%_%root%_%;561.97;364.8289
no_8x8dct%_%no_asm%_%no_fast_pskip%_%no_mbtree%_%no_mixed_refs%_%no_weightb%_%rc_lookahead%_%rc_lookahead_60%_%ref%_%ref_9%_%root%_%;652.3733;410.3007
no_8x8dct%_%no_asm%_%no_deblock%_%no_mbtree%_%no_mixed_refs%_%no_weightb%_%rc_lookahead%_%rc_lookahead_60%_%ref%_%ref_9%_%root%_%;561.3333;362.6428
no_8x8dct%_%no_asm%_%no_cabac%_%no_fast_pskip%_%no_mixed_refs%_%rc_lookahead%_%rc_lookahead_20%_%ref%_%ref_1%_%root%_%;249.73;366.2006
no_8x8dct%_%no_asm%_%no_deblock%_%no_fast_pskip%_%no_mbtree%_%no_mixed_refs%_%no_weightb%_%rc_lookahead%_%rc_lookahead_60%_%ref%_%ref_9%_%root%_%;651.2;409.4202
no_8x8dct%_%no_asm%_%no_cabac%_%no_mbtree%_%no_mixed_refs%_%no_weightb%_%rc_lookahead%_%rc_lookahead_60%_%ref%_%ref_9%_%root%_%;556.34;364.1478
no_8x8dct%_%no_asm%_%no_cabac%_%no_deblock%_%no_mbtree%_%no_mixed_refs%_%no_weightb%_%rc_lookahead%_%rc_lookahead_60%_%ref%_%ref_9%_%root%_%;555.18;362.2496
no_8x8dct%_%no_asm%_%no_cabac%_%no_fast_pskip%_%no_mbtree%_%no_mixed_refs%_%no_weightb%_%rc_lookahead%_%rc_lookahead_60%_%ref%_%ref_9%_%root%_%;645.38;406.0272
no_8x8dct%_%no_asm%_%no_cabac%_%no_deblock%_%no_fast_pskip%_%no_mbtree%_%no_mixed_refs%_%no_weightb%_%rc_lookahead%_%rc_lookahead_60%_%ref%_%ref_9%_%root%_%;644.0333;405.4283
no_asm%_%rc_lookahead%_%rc_lookahead_40%_%ref%_%ref_9%_%root%_%;612.97;365.1835
no_asm%_%no_cabac%_%rc_lookahead%_%rc_lookahead_40%_%ref%_%ref_9%_%root%_%;604.7467;362.4559
no_asm%_%no_weightb%_%rc_lookahead%_%rc_lookahead_40%_%ref%_%ref_9%_%root%_%;612.6433;364.9926
no_asm%_%no_cabac%_%no_weightb%_%rc_lookahead%_%rc_lookahead_40%_%ref%_%ref_9%_%root%_%;604.1233;362.4074
no_asm%_%no_mixed_refs%_%rc_lookahead%_%rc_lookahead_40%_%ref%_%ref_9%_%root%_%;511.1533;330.9676
no_8x8dct%_%no_asm%_%no_cabac%_%no_deblock%_%no_mixed_refs%_%rc_lookahead%_%rc_lookahead_20%_%ref%_%ref_1%_%root%_%;244.2767;329.2785
no_asm%_%no_mixed_refs%_%no_weightb%_%rc_lookahead%_%rc_lookahead_40%_%ref%_%ref_9%_%root%_%;510.8567;330.9298
no_asm%_%no_cabac%_%no_mixed_refs%_%rc_lookahead%_%rc_lookahead_40%_%ref%_%ref_9%_%root%_%;509.37;329.5319
no_asm%_%no_cabac%_%no_mixed_refs%_%no_weightb%_%rc_lookahead%_%rc_lookahead_40%_%ref%_%ref_9%_%root%_%;509.0333;329.5452
no_asm%_%no_mbtree%_%rc_lookahead%_%rc_lookahead_40%_%ref%_%ref_9%_%root%_%;721.5633;435.6978
no_asm%_%no_cabac%_%no_mbtree%_%rc_lookahead%_%rc_lookahead_40%_%ref%_%ref_9%_%root%_%;712.9167;434.5215
no_asm%_%no_mbtree%_%no_mixed_refs%_%rc_lookahead%_%rc_lookahead_40%_%ref%_%ref_9%_%root%_%;580.8767;378.3759
no_asm%_%no_cabac%_%no_mbtree%_%no_mixed_refs%_%rc_lookahead%_%rc_lookahead_40%_%ref%_%ref_9%_%root%_%;576.41;375.6365
no_asm%_%no_mbtree%_%no_weightb%_%rc_lookahead%_%rc_lookahead_40%_%ref%_%ref_9%_%root%_%;722.0367;435.8641
no_asm%_%no_mbtree%_%no_mixed_refs%_%no_weightb%_%rc_lookahead%_%rc_lookahead_40%_%ref%_%ref_9%_%root%_%;580.6267;378.1274
no_asm%_%no_cabac%_%no_mbtree%_%no_weightb%_%rc_lookahead%_%rc_lookahead_40%_%ref%_%ref_9%_%root%_%;712.6367;434.7189
no_8x8dct%_%no_asm%_%no_cabac%_%no_deblock%_%no_fast_pskip%_%no_mixed_refs%_%rc_lookahead%_%rc_lookahead_20%_%ref%_%ref_1%_%root%_%;249.44;365.625
no_asm%_%no_cabac%_%no_mbtree%_%no_mixed_refs%_%no_weightb%_%rc_lookahead%_%rc_lookahead_40%_%ref%_%ref_9%_%root%_%;576.2767;375.1846
no_8x8dct%_%no_asm%_%rc_lookahead%_%rc_lookahead_40%_%ref%_%ref_9%_%root%_%;587.7733;353.5635
no_8x8dct%_%no_asm%_%no_cabac%_%rc_lookahead%_%rc_lookahead_40%_%ref%_%ref_9%_%root%_%;581.5133;352.4089
no_8x8dct%_%no_asm%_%no_weightb%_%rc_lookahead%_%rc_lookahead_40%_%ref%_%ref_9%_%root%_%;587.24;353.5017
no_8x8dct%_%no_asm%_%no_cabac%_%no_weightb%_%rc_lookahead%_%rc_lookahead_40%_%ref%_%ref_9%_%root%_%;581.1067;352.3161
no_8x8dct%_%no_asm%_%no_mbtree%_%rc_lookahead%_%rc_lookahead_40%_%ref%_%ref_9%_%root%_%;687.6;417.9104
no_8x8dct%_%no_asm%_%no_mbtree%_%no_weightb%_%rc_lookahead%_%rc_lookahead_40%_%ref%_%ref_9%_%root%_%;687.1467;418.2637
no_8x8dct%_%no_asm%_%no_cabac%_%no_mbtree%_%rc_lookahead%_%rc_lookahead_40%_%ref%_%ref_9%_%root%_%;680.5567;414.4457
no_8x8dct%_%no_asm%_%no_cabac%_%no_mbtree%_%no_weightb%_%rc_lookahead%_%rc_lookahead_40%_%ref%_%ref_9%_%root%_%;680.4767;414.7978
no_8x8dct%_%no_asm%_%no_mixed_refs%_%rc_lookahead%_%rc_lookahead_40%_%ref%_%ref_9%_%root%_%;498.49;330.9676
no_8x8dct%_%no_asm%_%no_mbtree%_%no_mixed_refs%_%rc_lookahead%_%rc_lookahead_20%_%ref%_%ref_1%_%root%_%;287.0867;365.2544
no_8x8dct%_%no_asm%_%no_cabac%_%no_mixed_refs%_%rc_lookahead%_%rc_lookahead_40%_%ref%_%ref_9%_%root%_%;493.2767;329.5319
no_8x8dct%_%no_asm%_%no_mbtree%_%no_mixed_refs%_%rc_lookahead%_%rc_lookahead_40%_%ref%_%ref_9%_%root%_%;561.96;365.2544
no_8x8dct%_%no_asm%_%no_cabac%_%no_mbtree%_%no_mixed_refs%_%rc_lookahead%_%rc_lookahead_40%_%ref%_%ref_9%_%root%_%;556.5133;364.6122
no_8x8dct%_%no_asm%_%no_mixed_refs%_%no_weightb%_%rc_lookahead%_%rc_lookahead_40%_%ref%_%ref_9%_%root%_%;497.99;330.9298
no_8x8dct%_%no_asm%_%no_mbtree%_%no_mixed_refs%_%no_weightb%_%rc_lookahead%_%rc_lookahead_40%_%ref%_%ref_9%_%root%_%;562.0667;364.8289
no_8x8dct%_%no_asm%_%no_cabac%_%no_mixed_refs%_%no_weightb%_%rc_lookahead%_%rc_lookahead_40%_%ref%_%ref_9%_%root%_%;492.9367;329.5452
no_8x8dct%_%no_asm%_%no_cabac%_%no_mbtree%_%no_mixed_refs%_%no_weightb%_%rc_lookahead%_%rc_lookahead_40%_%ref%_%ref_9%_%root%_%;556.3067;364.1478
no_asm%_%no_fast_pskip%_%rc_lookahead%_%rc_lookahead_40%_%ref%_%ref_9%_%root%_%;741.59;414.1702
no_asm%_%no_cabac%_%no_fast_pskip%_%rc_lookahead%_%rc_lookahead_40%_%ref%_%ref_9%_%root%_%;731.3533;412.6665
no_asm%_%no_fast_pskip%_%no_weightb%_%rc_lookahead%_%rc_lookahead_40%_%ref%_%ref_9%_%root%_%;741.2067;413.5494
no_8x8dct%_%no_asm%_%no_deblock%_%no_mbtree%_%no_mixed_refs%_%rc_lookahead%_%rc_lookahead_20%_%ref%_%ref_1%_%root%_%;286.43;363.0881
no_asm%_%no_cabac%_%no_fast_pskip%_%no_weightb%_%rc_lookahead%_%rc_lookahead_40%_%ref%_%ref_9%_%root%_%;731.2167;412.1524
no_asm%_%no_fast_pskip%_%no_mixed_refs%_%rc_lookahead%_%rc_lookahead_40%_%ref%_%ref_9%_%root%_%;632.1267;377.8067
no_asm%_%no_fast_pskip%_%no_mixed_refs%_%no_weightb%_%rc_lookahead%_%rc_lookahead_40%_%ref%_%ref_9%_%root%_%;632.0633;377.7683
no_asm%_%no_cabac%_%no_fast_pskip%_%no_mixed_refs%_%rc_lookahead%_%rc_lookahead_40%_%ref%_%ref_9%_%root%_%;628.7567;374.8778
no_asm%_%no_cabac%_%no_fast_pskip%_%no_mixed_refs%_%no_weightb%_%rc_lookahead%_%rc_lookahead_40%_%ref%_%ref_9%_%root%_%;628.4967;374.7715
no_8x8dct%_%no_asm%_%no_fast_pskip%_%rc_lookahead%_%rc_lookahead_40%_%ref%_%ref_9%_%root%_%;712.54;405.4206
no_8x8dct%_%no_asm%_%no_cabac%_%no_fast_pskip%_%rc_lookahead%_%rc_lookahead_40%_%ref%_%ref_9%_%root%_%;705.3967;404.352
no_8x8dct%_%no_asm%_%no_fast_pskip%_%no_mixed_refs%_%rc_lookahead%_%rc_lookahead_40%_%ref%_%ref_9%_%root%_%;616.6867;369.122
no_8x8dct%_%no_asm%_%no_cabac%_%no_fast_pskip%_%no_mixed_refs%_%rc_lookahead%_%rc_lookahead_40%_%ref%_%ref_9%_%root%_%;610.9567;366.2006
no_8x8dct%_%no_asm%_%no_fast_pskip%_%no_weightb%_%rc_lookahead%_%rc_lookahead_40%_%ref%_%ref_9%_%root%_%;712.6667;404.4857
no_8x8dct%_%no_asm%_%no_cabac%_%no_mbtree%_%no_mixed_refs%_%rc_lookahead%_%rc_lookahead_20%_%ref%_%ref_1%_%root%_%;275.9933;364.6122
no_8x8dct%_%no_asm%_%no_fast_pskip%_%no_mixed_refs%_%no_weightb%_%rc_lookahead%_%rc_lookahead_40%_%ref%_%ref_9%_%root%_%;616.61;367.8506
no_8x8dct%_%no_asm%_%no_cabac%_%no_fast_pskip%_%no_weightb%_%rc_lookahead%_%rc_lookahead_40%_%ref%_%ref_9%_%root%_%;705.2133;403.5331
no_8x8dct%_%no_asm%_%no_cabac%_%no_fast_pskip%_%no_mixed_refs%_%no_weightb%_%rc_lookahead%_%rc_lookahead_40%_%ref%_%ref_9%_%root%_%;610.6867;365.2506
no_asm%_%no_fast_pskip%_%no_mbtree%_%rc_lookahead%_%rc_lookahead_40%_%ref%_%ref_9%_%root%_%;818.04;478.2048
no_asm%_%no_cabac%_%no_fast_pskip%_%no_mbtree%_%rc_lookahead%_%rc_lookahead_40%_%ref%_%ref_9%_%root%_%;807.2733;479.375
no_asm%_%no_fast_pskip%_%no_mbtree%_%no_weightb%_%rc_lookahead%_%rc_lookahead_40%_%ref%_%ref_9%_%root%_%;817.34;478.1965
no_asm%_%no_cabac%_%no_fast_pskip%_%no_mbtree%_%no_weightb%_%rc_lookahead%_%rc_lookahead_40%_%ref%_%ref_9%_%root%_%;807;479.3667
no_8x8dct%_%no_asm%_%no_fast_pskip%_%no_mbtree%_%rc_lookahead%_%rc_lookahead_40%_%ref%_%ref_9%_%root%_%;780.93;464.8739
no_8x8dct%_%no_asm%_%no_fast_pskip%_%no_mbtree%_%no_weightb%_%rc_lookahead%_%rc_lookahead_40%_%ref%_%ref_9%_%root%_%;780.7567;465.5269
no_8x8dct%_%no_asm%_%no_cabac%_%no_fast_pskip%_%no_mbtree%_%rc_lookahead%_%rc_lookahead_40%_%ref%_%ref_9%_%root%_%;773.3867;465.7176
no_8x8dct%_%no_asm%_%no_cabac%_%no_deblock%_%no_mbtree%_%no_mixed_refs%_%rc_lookahead%_%rc_lookahead_20%_%ref%_%ref_1%_%root%_%;275.4167;362.7124
no_8x8dct%_%no_asm%_%no_cabac%_%no_fast_pskip%_%no_mbtree%_%no_weightb%_%rc_lookahead%_%rc_lookahead_40%_%ref%_%ref_9%_%root%_%;773.22;466.3706
no_asm%_%no_fast_pskip%_%no_mbtree%_%no_mixed_refs%_%rc_lookahead%_%rc_lookahead_40%_%ref%_%ref_9%_%root%_%;672.4133;423.033
no_asm%_%no_cabac%_%no_fast_pskip%_%no_mbtree%_%no_mixed_refs%_%rc_lookahead%_%rc_lookahead_40%_%ref%_%ref_9%_%root%_%;666.5033;419.6694
no_8x8dct%_%no_asm%_%no_fast_pskip%_%no_mbtree%_%no_mixed_refs%_%rc_lookahead%_%rc_lookahead_40%_%ref%_%ref_9%_%root%_%;652.6533;409.9448
no_8x8dct%_%no_asm%_%no_cabac%_%no_fast_pskip%_%no_mbtree%_%no_mixed_refs%_%rc_lookahead%_%rc_lookahead_40%_%ref%_%ref_9%_%root%_%;645.54;405.8602
no_asm%_%no_fast_pskip%_%no_mbtree%_%no_mixed_refs%_%no_weightb%_%rc_lookahead%_%rc_lookahead_40%_%ref%_%ref_9%_%root%_%;672.2133;423.2339
no_8x8dct%_%no_asm%_%no_fast_pskip%_%no_mbtree%_%no_mixed_refs%_%no_weightb%_%rc_lookahead%_%rc_lookahead_40%_%ref%_%ref_9%_%root%_%;652.4333;410.3007
no_asm%_%no_cabac%_%no_fast_pskip%_%no_mbtree%_%no_mixed_refs%_%no_weightb%_%rc_lookahead%_%rc_lookahead_40%_%ref%_%ref_9%_%root%_%;666.4933;419.9454
no_8x8dct%_%no_asm%_%no_cabac%_%no_fast_pskip%_%no_mbtree%_%no_mixed_refs%_%no_weightb%_%rc_lookahead%_%rc_lookahead_40%_%ref%_%ref_9%_%root%_%;645.3033;406.0272
no_asm%_%no_deblock%_%rc_lookahead%_%rc_lookahead_40%_%ref%_%ref_9%_%root%_%;616.62;365.5346
no_8x8dct%_%no_asm%_%no_fast_pskip%_%no_mbtree%_%no_mixed_refs%_%rc_lookahead%_%rc_lookahead_20%_%ref%_%ref_1%_%root%_%;291.66;409.9448
no_asm%_%no_cabac%_%no_deblock%_%rc_lookahead%_%rc_lookahead_40%_%ref%_%ref_9%_%root%_%;607.5367;362.5987
no_asm%_%no_deblock%_%no_weightb%_%rc_lookahead%_%rc_lookahead_40%_%ref%_%ref_9%_%root%_%;616.0867;365.3002
no_asm%_%no_cabac%_%no_deblock%_%no_weightb%_%rc_lookahead%_%rc_lookahead_40%_%ref%_%ref_9%_%root%_%;607.0333;362.5502
no_asm%_%no_deblock%_%no_mixed_refs%_%rc_lookahead%_%rc_lookahead_40%_%ref%_%ref_9%_%root%_%;510.1833;330.712
no_asm%_%no_deblock%_%no_mixed_refs%_%no_weightb%_%rc_lookahead%_%rc_lookahead_40%_%ref%_%ref_9%_%root%_%;510.0167;330.7215
no_asm%_%no_cabac%_%no_deblock%_%no_mixed_refs%_%rc_lookahead%_%rc_lookahead_40%_%ref%_%ref_9%_%root%_%;508.34;329.2785
no_asm%_%no_cabac%_%no_deblock%_%no_mixed_refs%_%no_weightb%_%rc_lookahead%_%rc_lookahead_40%_%ref%_%ref_9%_%root%_%;508.0033;329.2852
no_asm%_%no_deblock%_%no_mbtree%_%rc_lookahead%_%rc_lookahead_40%_%ref%_%ref_9%_%root%_%;726.79;435.4926
no_asm%_%no_cabac%_%no_deblock%_%no_mbtree%_%rc_lookahead%_%rc_lookahead_40%_%ref%_%ref_9%_%root%_%;715.9933;434.0815
no_asm%_%no_deblock%_%no_mbtree%_%no_mixed_refs%_%rc_lookahead%_%rc_lookahead_40%_%ref%_%ref_9%_%root%_%;580.5433;376.7665
no_asm%_%no_cabac%_%no_weightb%_%rc_lookahead%_%rc_lookahead_20%_%ref%_%ref_1%_%root%_%;260.41;362.4074
no_8x8dct%_%no_asm%_%no_cabac%_%no_fast_pskip%_%no_mbtree%_%no_mixed_refs%_%rc_lookahead%_%rc_lookahead_20%_%ref%_%ref_1%_%root%_%;279.7533;405.8602
no_asm%_%no_cabac%_%no_deblock%_%no_mbtree%_%no_mixed_refs%_%rc_lookahead%_%rc_lookahead_40%_%ref%_%ref_9%_%root%_%;575.7;374.3226
no_asm%_%no_deblock%_%no_mbtree%_%no_weightb%_%rc_lookahead%_%rc_lookahead_40%_%ref%_%ref_9%_%root%_%;726.6433;435.7211
no_asm%_%no_deblock%_%no_mbtree%_%no_mixed_refs%_%no_weightb%_%rc_lookahead%_%rc_lookahead_40%_%ref%_%ref_9%_%root%_%;580.5767;376.4606
no_asm%_%no_cabac%_%no_deblock%_%no_mbtree%_%no_weightb%_%rc_lookahead%_%rc_lookahead_40%_%ref%_%ref_9%_%root%_%;715.9067;434.31
no_asm%_%no_cabac%_%no_deblock%_%no_mbtree%_%no_mixed_refs%_%no_weightb%_%rc_lookahead%_%rc_lookahead_40%_%ref%_%ref_9%_%root%_%;575.3967;373.8969
no_asm%_%no_deblock%_%no_fast_pskip%_%rc_lookahead%_%rc_lookahead_40%_%ref%_%ref_9%_%root%_%;744.8933;413.4183
no_asm%_%no_cabac%_%no_deblock%_%no_fast_pskip%_%rc_lookahead%_%rc_lookahead_40%_%ref%_%ref_9%_%root%_%;733.7767;411.9146
no_asm%_%no_deblock%_%no_fast_pskip%_%no_weightb%_%rc_lookahead%_%rc_lookahead_40%_%ref%_%ref_9%_%root%_%;744.26;412.8331
no_asm%_%no_cabac%_%no_deblock%_%no_fast_pskip%_%no_weightb%_%rc_lookahead%_%rc_lookahead_40%_%ref%_%ref_9%_%root%_%;733.2167;411.4361
no_asm%_%no_deblock%_%no_fast_pskip%_%no_mbtree%_%rc_lookahead%_%rc_lookahead_40%_%ref%_%ref_9%_%root%_%;821.5267;479.375
no_8x8dct%_%no_asm%_%no_deblock%_%no_fast_pskip%_%no_mbtree%_%no_mixed_refs%_%rc_lookahead%_%rc_lookahead_20%_%ref%_%ref_1%_%root%_%;291.0433;409.1374
no_asm%_%no_deblock%_%no_fast_pskip%_%no_mbtree%_%no_weightb%_%rc_lookahead%_%rc_lookahead_40%_%ref%_%ref_9%_%root%_%;821.7567;479.3667
no_asm%_%no_cabac%_%no_deblock%_%no_fast_pskip%_%no_mbtree%_%rc_lookahead%_%rc_lookahead_40%_%ref%_%ref_9%_%root%_%;809.97;480.5452
no_asm%_%no_cabac%_%no_deblock%_%no_fast_pskip%_%no_mbtree%_%no_weightb%_%rc_lookahead%_%rc_lookahead_40%_%ref%_%ref_9%_%root%_%;809.5;480.5369
no_asm%_%no_deblock%_%no_fast_pskip%_%no_mixed_refs%_%rc_lookahead%_%rc_lookahead_40%_%ref%_%ref_9%_%root%_%;631.2833;377.6067
no_asm%_%no_cabac%_%no_deblock%_%no_fast_pskip%_%no_mixed_refs%_%rc_lookahead%_%rc_lookahead_40%_%ref%_%ref_9%_%root%_%;627.5;374.8778
no_asm%_%no_deblock%_%no_fast_pskip%_%no_mbtree%_%no_mixed_refs%_%rc_lookahead%_%rc_lookahead_40%_%ref%_%ref_9%_%root%_%;671.6967;422.7559
no_asm%_%no_cabac%_%no_deblock%_%no_fast_pskip%_%no_mbtree%_%no_mixed_refs%_%rc_lookahead%_%rc_lookahead_40%_%ref%_%ref_9%_%root%_%;665.2933;419.4252
no_asm%_%no_deblock%_%no_fast_pskip%_%no_mixed_refs%_%no_weightb%_%rc_lookahead%_%rc_lookahead_40%_%ref%_%ref_9%_%root%_%;631.0533;377.6161
no_asm%_%no_deblock%_%no_fast_pskip%_%no_mbtree%_%no_mixed_refs%_%no_weightb%_%rc_lookahead%_%rc_lookahead_40%_%ref%_%ref_9%_%root%_%;671.5;423.0613
no_asm%_%no_cabac%_%no_deblock%_%no_fast_pskip%_%no_mixed_refs%_%no_weightb%_%rc_lookahead%_%rc_lookahead_40%_%ref%_%ref_9%_%root%_%;627.24;374.7715
no_8x8dct%_%no_asm%_%no_cabac%_%no_deblock%_%no_fast_pskip%_%no_mbtree%_%no_mixed_refs%_%rc_lookahead%_%rc_lookahead_20%_%ref%_%ref_1%_%root%_%;279.1533;405.3176
no_asm%_%no_cabac%_%no_deblock%_%no_fast_pskip%_%no_mbtree%_%no_mixed_refs%_%no_weightb%_%rc_lookahead%_%rc_lookahead_40%_%ref%_%ref_9%_%root%_%;665.23;419.7185
no_8x8dct%_%no_asm%_%no_deblock%_%rc_lookahead%_%rc_lookahead_40%_%ref%_%ref_9%_%root%_%;590.18;353.3446
no_8x8dct%_%no_asm%_%no_cabac%_%no_deblock%_%rc_lookahead%_%rc_lookahead_40%_%ref%_%ref_9%_%root%_%;583.5267;351.8828
no_8x8dct%_%no_asm%_%no_deblock%_%no_weightb%_%rc_lookahead%_%rc_lookahead_40%_%ref%_%ref_9%_%root%_%;589.74;353.2828
no_8x8dct%_%no_asm%_%no_cabac%_%no_deblock%_%no_weightb%_%rc_lookahead%_%rc_lookahead_40%_%ref%_%ref_9%_%root%_%;583.4267;351.79
no_8x8dct%_%no_asm%_%no_deblock%_%no_mixed_refs%_%rc_lookahead%_%rc_lookahead_40%_%ref%_%ref_9%_%root%_%;497.3333;330.712
no_8x8dct%_%no_asm%_%no_deblock%_%no_mixed_refs%_%no_weightb%_%rc_lookahead%_%rc_lookahead_40%_%ref%_%ref_9%_%root%_%;496.78;330.7215
no_8x8dct%_%no_asm%_%no_cabac%_%no_deblock%_%no_mixed_refs%_%rc_lookahead%_%rc_lookahead_40%_%ref%_%ref_9%_%root%_%;492.13;329.2785
no_8x8dct%_%no_asm%_%no_cabac%_%no_deblock%_%no_mixed_refs%_%no_weightb%_%rc_lookahead%_%rc_lookahead_40%_%ref%_%ref_9%_%root%_%;491.6967;329.2852
no_8x8dct%_%no_asm%_%no_deblock%_%no_fast_pskip%_%rc_lookahead%_%rc_lookahead_40%_%ref%_%ref_9%_%root%_%;715.25;405.4206
no_8x8dct%_%no_asm%_%no_mixed_refs%_%no_weightb%_%rc_lookahead%_%rc_lookahead_20%_%ref%_%ref_1%_%root%_%;254.7067;330.9298
no_8x8dct%_%no_asm%_%no_cabac%_%no_deblock%_%no_fast_pskip%_%rc_lookahead%_%rc_lookahead_40%_%ref%_%ref_9%_%root%_%;706.8333;404.352
no_8x8dct%_%no_asm%_%no_deblock%_%no_fast_pskip%_%no_mixed_refs%_%rc_lookahead%_%rc_lookahead_40%_%ref%_%ref_9%_%root%_%;615.0933;368.5524
no_8x8dct%_%no_asm%_%no_cabac%_%no_deblock%_%no_fast_pskip%_%no_mixed_refs%_%rc_lookahead%_%rc_lookahead_40%_%ref%_%ref_9%_%root%_%;609.2;365.625
no_8x8dct%_%no_asm%_%no_deblock%_%no_fast_pskip%_%no_weightb%_%rc_lookahead%_%rc_lookahead_40%_%ref%_%ref_9%_%root%_%;714.6667;404.4857
no_8x8dct%_%no_asm%_%no_deblock%_%no_fast_pskip%_%no_mixed_refs%_%no_weightb%_%rc_lookahead%_%rc_lookahead_40%_%ref%_%ref_9%_%root%_%;615.06;367.1946
no_8x8dct%_%no_asm%_%no_cabac%_%no_deblock%_%no_fast_pskip%_%no_weightb%_%rc_lookahead%_%rc_lookahead_40%_%ref%_%ref_9%_%root%_%;706.59;403.5331
no_8x8dct%_%no_asm%_%no_cabac%_%no_deblock%_%no_fast_pskip%_%no_mixed_refs%_%no_weightb%_%rc_lookahead%_%rc_lookahead_40%_%ref%_%ref_9%_%root%_%;608.68;364.5887
no_8x8dct%_%no_asm%_%no_deblock%_%no_mbtree%_%rc_lookahead%_%rc_lookahead_40%_%ref%_%ref_9%_%root%_%;690.7167;418.5439
no_8x8dct%_%no_asm%_%no_cabac%_%no_deblock%_%no_mbtree%_%rc_lookahead%_%rc_lookahead_40%_%ref%_%ref_9%_%root%_%;683.7633;415.0813
no_8x8dct%_%no_asm%_%no_deblock%_%no_mbtree%_%no_weightb%_%rc_lookahead%_%rc_lookahead_40%_%ref%_%ref_9%_%root%_%;690.2167;418.8472
no_8x8dct%_%no_asm%_%no_deblock%_%no_mixed_refs%_%no_weightb%_%rc_lookahead%_%rc_lookahead_20%_%ref%_%ref_1%_%root%_%;254.0133;330.7215
no_8x8dct%_%no_asm%_%no_cabac%_%no_deblock%_%no_mbtree%_%no_weightb%_%rc_lookahead%_%rc_lookahead_40%_%ref%_%ref_9%_%root%_%;683.2567;415.3539
no_8x8dct%_%no_asm%_%no_deblock%_%no_fast_pskip%_%no_mbtree%_%rc_lookahead%_%rc_lookahead_40%_%ref%_%ref_9%_%root%_%;783.8767;465.0646
no_8x8dct%_%no_asm%_%no_deblock%_%no_fast_pskip%_%no_mbtree%_%no_weightb%_%rc_lookahead%_%rc_lookahead_40%_%ref%_%ref_9%_%root%_%;783.7767;465.7176
no_8x8dct%_%no_asm%_%no_cabac%_%no_deblock%_%no_fast_pskip%_%no_mbtree%_%rc_lookahead%_%rc_lookahead_40%_%ref%_%ref_9%_%root%_%;775.6633;465.9083
no_8x8dct%_%no_asm%_%no_cabac%_%no_deblock%_%no_fast_pskip%_%no_mbtree%_%no_weightb%_%rc_lookahead%_%rc_lookahead_40%_%ref%_%ref_9%_%root%_%;775.54;466.5613
no_8x8dct%_%no_asm%_%no_deblock%_%no_mbtree%_%no_mixed_refs%_%rc_lookahead%_%rc_lookahead_40%_%ref%_%ref_9%_%root%_%;561.7433;363.0881
no_8x8dct%_%no_asm%_%no_cabac%_%no_deblock%_%no_mbtree%_%no_mixed_refs%_%rc_lookahead%_%rc_lookahead_40%_%ref%_%ref_9%_%root%_%;555.6133;362.7124
no_8x8dct%_%no_asm%_%no_deblock%_%no_fast_pskip%_%no_mbtree%_%no_mixed_refs%_%rc_lookahead%_%rc_lookahead_40%_%ref%_%ref_9%_%root%_%;651.49;409.1374
no_8x8dct%_%no_asm%_%no_cabac%_%no_deblock%_%no_fast_pskip%_%no_mbtree%_%no_mixed_refs%_%rc_lookahead%_%rc_lookahead_40%_%ref%_%ref_9%_%root%_%;644.3567;405.3176
no_8x8dct%_%no_asm%_%no_deblock%_%no_mbtree%_%no_mixed_refs%_%no_weightb%_%rc_lookahead%_%rc_lookahead_40%_%ref%_%ref_9%_%root%_%;561.42;362.6428
no_8x8dct%_%no_asm%_%no_fast_pskip%_%no_mixed_refs%_%no_weightb%_%rc_lookahead%_%rc_lookahead_20%_%ref%_%ref_1%_%root%_%;261.2067;367.8506
no_8x8dct%_%no_asm%_%no_deblock%_%no_fast_pskip%_%no_mbtree%_%no_mixed_refs%_%no_weightb%_%rc_lookahead%_%rc_lookahead_40%_%ref%_%ref_9%_%root%_%;651.2867;409.4202
no_8x8dct%_%no_asm%_%no_cabac%_%no_deblock%_%no_mbtree%_%no_mixed_refs%_%no_weightb%_%rc_lookahead%_%rc_lookahead_40%_%ref%_%ref_9%_%root%_%;555.26;362.2496
no_8x8dct%_%no_asm%_%no_cabac%_%no_deblock%_%no_fast_pskip%_%no_mbtree%_%no_mixed_refs%_%no_weightb%_%rc_lookahead%_%rc_lookahead_40%_%ref%_%ref_9%_%root%_%;643.9833;405.4283
no_8x8dct%_%no_asm%_%no_deblock%_%no_fast_pskip%_%no_mixed_refs%_%no_weightb%_%rc_lookahead%_%rc_lookahead_20%_%ref%_%ref_1%_%root%_%;260.55;367.1946
no_8x8dct%_%no_asm%_%no_mbtree%_%no_mixed_refs%_%no_weightb%_%rc_lookahead%_%rc_lookahead_20%_%ref%_%ref_1%_%root%_%;287.0867;364.8289
no_8x8dct%_%no_asm%_%no_fast_pskip%_%no_mbtree%_%no_mixed_refs%_%no_weightb%_%rc_lookahead%_%rc_lookahead_20%_%ref%_%ref_1%_%root%_%;291.61;410.3007
no_8x8dct%_%no_asm%_%no_deblock%_%no_mbtree%_%no_mixed_refs%_%no_weightb%_%rc_lookahead%_%rc_lookahead_20%_%ref%_%ref_1%_%root%_%;286.44;362.6428
no_asm%_%no_cabac%_%no_deblock%_%no_weightb%_%rc_lookahead%_%rc_lookahead_20%_%ref%_%ref_1%_%root%_%;259.9033;362.5502
no_8x8dct%_%no_asm%_%no_deblock%_%no_fast_pskip%_%no_mbtree%_%no_mixed_refs%_%no_weightb%_%rc_lookahead%_%rc_lookahead_20%_%ref%_%ref_1%_%root%_%;290.9167;409.4202
no_8x8dct%_%no_asm%_%no_cabac%_%no_mixed_refs%_%no_weightb%_%rc_lookahead%_%rc_lookahead_20%_%ref%_%ref_1%_%root%_%;244.3333;329.5452
no_8x8dct%_%no_asm%_%no_cabac%_%no_deblock%_%no_mixed_refs%_%no_weightb%_%rc_lookahead%_%rc_lookahead_20%_%ref%_%ref_1%_%root%_%;244.28;329.2852
no_8x8dct%_%no_asm%_%no_cabac%_%no_mbtree%_%no_mixed_refs%_%no_weightb%_%rc_lookahead%_%rc_lookahead_20%_%ref%_%ref_1%_%root%_%;276.0267;364.1478
no_8x8dct%_%no_asm%_%no_cabac%_%no_deblock%_%no_mbtree%_%no_mixed_refs%_%no_weightb%_%rc_lookahead%_%rc_lookahead_20%_%ref%_%ref_1%_%root%_%;275.47;362.2496
no_8x8dct%_%no_asm%_%no_cabac%_%no_fast_pskip%_%no_mixed_refs%_%no_weightb%_%rc_lookahead%_%rc_lookahead_20%_%ref%_%ref_1%_%root%_%;249.6067;365.2506
no_8x8dct%_%no_asm%_%no_cabac%_%no_fast_pskip%_%no_mbtree%_%no_mixed_refs%_%no_weightb%_%rc_lookahead%_%rc_lookahead_20%_%ref%_%ref_1%_%root%_%;279.81;406.0272
no_8x8dct%_%no_asm%_%no_cabac%_%no_deblock%_%no_fast_pskip%_%no_mixed_refs%_%no_weightb%_%rc_lookahead%_%rc_lookahead_20%_%ref%_%ref_1%_%root%_%;249.41;364.5887
no_8x8dct%_%no_asm%_%no_cabac%_%no_deblock%_%no_fast_pskip%_%no_mbtree%_%no_mixed_refs%_%no_weightb%_%rc_lookahead%_%rc_lookahead_20%_%ref%_%ref_1%_%root%_%;279.2667;405.4283
no_asm%_%rc_lookahead%_%rc_lookahead_40%_%ref%_%ref_1%_%root%_%;270.6567;365.1835
no_asm%_%no_fast_pskip%_%no_weightb%_%rc_lookahead%_%rc_lookahead_20%_%ref%_%ref_1%_%root%_%;275.92;413.5494
no_asm%_%no_deblock%_%rc_lookahead%_%rc_lookahead_40%_%ref%_%ref_1%_%root%_%;270.07;365.5346
no_asm%_%no_fast_pskip%_%rc_lookahead%_%rc_lookahead_40%_%ref%_%ref_1%_%root%_%;278.1967;414.1702
no_asm%_%no_deblock%_%no_fast_pskip%_%rc_lookahead%_%rc_lookahead_40%_%ref%_%ref_1%_%root%_%;277.8133;413.4183
no_asm%_%no_cabac%_%rc_lookahead%_%rc_lookahead_40%_%ref%_%ref_1%_%root%_%;262.5633;362.4559
no_asm%_%no_cabac%_%no_fast_pskip%_%rc_lookahead%_%rc_lookahead_40%_%ref%_%ref_1%_%root%_%;268.7867;412.6665
no_asm%_%no_cabac%_%no_deblock%_%rc_lookahead%_%rc_lookahead_40%_%ref%_%ref_1%_%root%_%;262.2333;362.5987
no_asm%_%no_cabac%_%no_deblock%_%no_fast_pskip%_%rc_lookahead%_%rc_lookahead_40%_%ref%_%ref_1%_%root%_%;268.3967;411.9146
no_asm%_%no_weightb%_%rc_lookahead%_%rc_lookahead_40%_%ref%_%ref_1%_%root%_%;270.7067;364.9926
no_asm%_%no_deblock%_%no_weightb%_%rc_lookahead%_%rc_lookahead_40%_%ref%_%ref_1%_%root%_%;270.1533;365.3002
no_asm%_%no_cabac%_%no_weightb%_%rc_lookahead%_%rc_lookahead_40%_%ref%_%ref_1%_%root%_%;262.5667;362.4074
no_asm%_%no_cabac%_%no_fast_pskip%_%no_weightb%_%rc_lookahead%_%rc_lookahead_20%_%ref%_%ref_1%_%root%_%;266.5267;412.1524
no_asm%_%no_cabac%_%no_deblock%_%no_weightb%_%rc_lookahead%_%rc_lookahead_40%_%ref%_%ref_1%_%root%_%;262.29;362.5502
no_asm%_%no_fast_pskip%_%no_weightb%_%rc_lookahead%_%rc_lookahead_40%_%ref%_%ref_1%_%root%_%;278.12;413.5494
no_asm%_%no_cabac%_%no_fast_pskip%_%no_weightb%_%rc_lookahead%_%rc_lookahead_40%_%ref%_%ref_1%_%root%_%;268.8733;412.1524
no_asm%_%no_deblock%_%no_fast_pskip%_%no_weightb%_%rc_lookahead%_%rc_lookahead_40%_%ref%_%ref_1%_%root%_%;277.5333;412.8331
no_asm%_%no_cabac%_%no_deblock%_%no_fast_pskip%_%no_weightb%_%rc_lookahead%_%rc_lookahead_40%_%ref%_%ref_1%_%root%_%;268.2067;411.4361
no_asm%_%no_mixed_refs%_%rc_lookahead%_%rc_lookahead_40%_%ref%_%ref_1%_%root%_%;270.66;330.9676
no_asm%_%no_deblock%_%no_mixed_refs%_%rc_lookahead%_%rc_lookahead_40%_%ref%_%ref_1%_%root%_%;270.1367;330.712
no_asm%_%no_fast_pskip%_%no_mixed_refs%_%rc_lookahead%_%rc_lookahead_40%_%ref%_%ref_1%_%root%_%;278.2267;377.8067
no_asm%_%no_deblock%_%no_fast_pskip%_%no_mixed_refs%_%rc_lookahead%_%rc_lookahead_40%_%ref%_%ref_1%_%root%_%;277.8533;377.6067
no_asm%_%no_mixed_refs%_%no_weightb%_%rc_lookahead%_%rc_lookahead_40%_%ref%_%ref_1%_%root%_%;270.7267;330.9298
no_asm%_%no_deblock%_%no_fast_pskip%_%no_weightb%_%rc_lookahead%_%rc_lookahead_20%_%ref%_%ref_1%_%root%_%;275.3733;412.8331
no_asm%_%no_fast_pskip%_%no_mixed_refs%_%no_weightb%_%rc_lookahead%_%rc_lookahead_40%_%ref%_%ref_1%_%root%_%;278.0767;377.7683
no_asm%_%no_deblock%_%no_mixed_refs%_%no_weightb%_%rc_lookahead%_%rc_lookahead_40%_%ref%_%ref_1%_%root%_%;270.0133;330.7215
no_asm%_%no_deblock%_%no_fast_pskip%_%no_mixed_refs%_%no_weightb%_%rc_lookahead%_%rc_lookahead_40%_%ref%_%ref_1%_%root%_%;277.5633;377.6161
no_asm%_%no_cabac%_%no_mixed_refs%_%rc_lookahead%_%rc_lookahead_40%_%ref%_%ref_1%_%root%_%;262.6533;329.5319
no_asm%_%no_cabac%_%no_deblock%_%no_mixed_refs%_%rc_lookahead%_%rc_lookahead_40%_%ref%_%ref_1%_%root%_%;262.17;329.2785
no_asm%_%no_cabac%_%no_mixed_refs%_%no_weightb%_%rc_lookahead%_%rc_lookahead_40%_%ref%_%ref_1%_%root%_%;262.53;329.5452
no_asm%_%no_cabac%_%no_deblock%_%no_mixed_refs%_%no_weightb%_%rc_lookahead%_%rc_lookahead_40%_%ref%_%ref_1%_%root%_%;262.2767;329.2852
no_asm%_%no_cabac%_%no_fast_pskip%_%no_mixed_refs%_%rc_lookahead%_%rc_lookahead_40%_%ref%_%ref_1%_%root%_%;268.7633;374.8778
no_asm%_%no_cabac%_%no_fast_pskip%_%no_mixed_refs%_%no_weightb%_%rc_lookahead%_%rc_lookahead_40%_%ref%_%ref_1%_%root%_%;268.8833;374.7715
no_asm%_%no_cabac%_%no_deblock%_%no_fast_pskip%_%no_mixed_refs%_%rc_lookahead%_%rc_lookahead_40%_%ref%_%ref_1%_%root%_%;268.3967;374.8778
no_asm%_%no_cabac%_%no_deblock%_%no_fast_pskip%_%no_weightb%_%rc_lookahead%_%rc_lookahead_20%_%ref%_%ref_1%_%root%_%;266.1133;411.4361
no_asm%_%no_cabac%_%no_deblock%_%no_fast_pskip%_%no_mixed_refs%_%no_weightb%_%rc_lookahead%_%rc_lookahead_40%_%ref%_%ref_1%_%root%_%;268.2633;374.7715
no_8x8dct%_%no_asm%_%rc_lookahead%_%rc_lookahead_40%_%ref%_%ref_1%_%root%_%;256.7267;353.5635
no_8x8dct%_%no_asm%_%no_deblock%_%rc_lookahead%_%rc_lookahead_40%_%ref%_%ref_1%_%root%_%;256.3333;353.3446
no_8x8dct%_%no_asm%_%no_fast_pskip%_%rc_lookahead%_%rc_lookahead_40%_%ref%_%ref_1%_%root%_%;263.4367;405.4206
no_8x8dct%_%no_asm%_%no_deblock%_%no_fast_pskip%_%rc_lookahead%_%rc_lookahead_40%_%ref%_%ref_1%_%root%_%;262.7933;405.4206
no_8x8dct%_%no_asm%_%no_cabac%_%rc_lookahead%_%rc_lookahead_40%_%ref%_%ref_1%_%root%_%;246.4867;352.4089
no_8x8dct%_%no_asm%_%no_cabac%_%no_fast_pskip%_%rc_lookahead%_%rc_lookahead_40%_%ref%_%ref_1%_%root%_%;251.87;404.352
no_8x8dct%_%no_asm%_%no_cabac%_%no_deblock%_%rc_lookahead%_%rc_lookahead_40%_%ref%_%ref_1%_%root%_%;246.4;351.8828
no_8x8dct%_%no_asm%_%no_cabac%_%no_deblock%_%no_fast_pskip%_%rc_lookahead%_%rc_lookahead_40%_%ref%_%ref_1%_%root%_%;251.5733;404.352
no_8x8dct%_%no_asm%_%no_mixed_refs%_%rc_lookahead%_%rc_lookahead_40%_%ref%_%ref_1%_%root%_%;256.82;330.9676
no_asm%_%no_mixed_refs%_%rc_lookahead%_%rc_lookahead_20%_%ref%_%ref_1%_%root%_%;268.7733;330.9676
no_8x8dct%_%no_asm%_%no_deblock%_%no_mixed_refs%_%rc_lookahead%_%rc_lookahead_40%_%ref%_%ref_1%_%root%_%;256.34;330.712
no_8x8dct%_%no_asm%_%no_cabac%_%no_mixed_refs%_%rc_lookahead%_%rc_lookahead_40%_%ref%_%ref_1%_%root%_%;246.5433;329.5319
no_8x8dct%_%no_asm%_%no_cabac%_%no_deblock%_%no_mixed_refs%_%rc_lookahead%_%rc_lookahead_40%_%ref%_%ref_1%_%root%_%;246.2733;329.2785
no_8x8dct%_%no_asm%_%no_fast_pskip%_%no_mixed_refs%_%rc_lookahead%_%rc_lookahead_40%_%ref%_%ref_1%_%root%_%;263.2067;369.122
no_8x8dct%_%no_asm%_%no_cabac%_%no_fast_pskip%_%no_mixed_refs%_%rc_lookahead%_%rc_lookahead_40%_%ref%_%ref_1%_%root%_%;251.8233;366.2006
no_8x8dct%_%no_asm%_%no_deblock%_%no_fast_pskip%_%no_mixed_refs%_%rc_lookahead%_%rc_lookahead_40%_%ref%_%ref_1%_%root%_%;262.6433;368.5524
no_8x8dct%_%no_asm%_%no_cabac%_%no_deblock%_%no_fast_pskip%_%no_mixed_refs%_%rc_lookahead%_%rc_lookahead_40%_%ref%_%ref_1%_%root%_%;251.5867;365.625
no_8x8dct%_%no_asm%_%no_weightb%_%rc_lookahead%_%rc_lookahead_40%_%ref%_%ref_1%_%root%_%;256.6667;353.5017
no_8x8dct%_%no_asm%_%no_deblock%_%no_weightb%_%rc_lookahead%_%rc_lookahead_40%_%ref%_%ref_1%_%root%_%;256.2733;353.2828
no_8x8dct%_%no_asm%_%no_fast_pskip%_%no_weightb%_%rc_lookahead%_%rc_lookahead_40%_%ref%_%ref_1%_%root%_%;263.2533;404.4857
no_asm%_%no_deblock%_%no_mixed_refs%_%rc_lookahead%_%rc_lookahead_20%_%ref%_%ref_1%_%root%_%;268.17;330.712
no_8x8dct%_%no_asm%_%no_deblock%_%no_fast_pskip%_%no_weightb%_%rc_lookahead%_%rc_lookahead_40%_%ref%_%ref_1%_%root%_%;262.61;404.4857
no_8x8dct%_%no_asm%_%no_mixed_refs%_%no_weightb%_%rc_lookahead%_%rc_lookahead_40%_%ref%_%ref_1%_%root%_%;256.72;330.9298
no_8x8dct%_%no_asm%_%no_fast_pskip%_%no_mixed_refs%_%no_weightb%_%rc_lookahead%_%rc_lookahead_40%_%ref%_%ref_1%_%root%_%;263.0733;367.8506
no_8x8dct%_%no_asm%_%no_deblock%_%no_mixed_refs%_%no_weightb%_%rc_lookahead%_%rc_lookahead_40%_%ref%_%ref_1%_%root%_%;256.32;330.7215
no_8x8dct%_%no_asm%_%no_deblock%_%no_fast_pskip%_%no_mixed_refs%_%no_weightb%_%rc_lookahead%_%rc_lookahead_40%_%ref%_%ref_1%_%root%_%;262.51;367.1946
no_8x8dct%_%no_asm%_%no_cabac%_%no_weightb%_%rc_lookahead%_%rc_lookahead_40%_%ref%_%ref_1%_%root%_%;246.41;352.3161
no_8x8dct%_%no_asm%_%no_cabac%_%no_deblock%_%no_weightb%_%rc_lookahead%_%rc_lookahead_40%_%ref%_%ref_1%_%root%_%;246.2;351.79
no_8x8dct%_%no_asm%_%no_cabac%_%no_mixed_refs%_%no_weightb%_%rc_lookahead%_%rc_lookahead_40%_%ref%_%ref_1%_%root%_%;246.58;329.5452
no_8x8dct%_%no_asm%_%no_cabac%_%no_deblock%_%no_mixed_refs%_%no_weightb%_%rc_lookahead%_%rc_lookahead_40%_%ref%_%ref_1%_%root%_%;246.2367;329.2852
no_8x8dct%_%no_asm%_%no_cabac%_%no_fast_pskip%_%no_weightb%_%rc_lookahead%_%rc_lookahead_40%_%ref%_%ref_1%_%root%_%;251.7867;403.5331
no_asm%_%no_fast_pskip%_%no_mixed_refs%_%rc_lookahead%_%rc_lookahead_20%_%ref%_%ref_1%_%root%_%;276.03;377.8067
no_8x8dct%_%no_asm%_%no_cabac%_%no_fast_pskip%_%no_mixed_refs%_%no_weightb%_%rc_lookahead%_%rc_lookahead_40%_%ref%_%ref_1%_%root%_%;251.86;365.2506
no_8x8dct%_%no_asm%_%no_cabac%_%no_deblock%_%no_fast_pskip%_%no_weightb%_%rc_lookahead%_%rc_lookahead_40%_%ref%_%ref_1%_%root%_%;251.53;403.5331
no_8x8dct%_%no_asm%_%no_cabac%_%no_deblock%_%no_fast_pskip%_%no_mixed_refs%_%no_weightb%_%rc_lookahead%_%rc_lookahead_40%_%ref%_%ref_1%_%root%_%;251.6367;364.5887
no_asm%_%no_mbtree%_%rc_lookahead%_%rc_lookahead_40%_%ref%_%ref_1%_%root%_%;305.4567;435.6978
no_asm%_%no_deblock%_%no_mbtree%_%rc_lookahead%_%rc_lookahead_40%_%ref%_%ref_1%_%root%_%;305.1733;435.4926
no_asm%_%no_fast_pskip%_%no_mbtree%_%rc_lookahead%_%rc_lookahead_40%_%ref%_%ref_1%_%root%_%;310.6967;478.2048
no_asm%_%no_deblock%_%no_fast_pskip%_%no_mbtree%_%rc_lookahead%_%rc_lookahead_40%_%ref%_%ref_1%_%root%_%;310.2867;479.375
no_asm%_%no_cabac%_%no_mbtree%_%rc_lookahead%_%rc_lookahead_40%_%ref%_%ref_1%_%root%_%;295.49;434.5215
no_asm%_%no_cabac%_%no_fast_pskip%_%no_mbtree%_%rc_lookahead%_%rc_lookahead_40%_%ref%_%ref_1%_%root%_%;299.8133;479.375
no_asm%_%no_cabac%_%no_deblock%_%no_mbtree%_%rc_lookahead%_%rc_lookahead_40%_%ref%_%ref_1%_%root%_%;295.4267;434.0815
no_asm%_%no_deblock%_%rc_lookahead%_%rc_lookahead_20%_%ref%_%ref_1%_%root%_%;268.0167;365.5346
no_asm%_%no_deblock%_%no_fast_pskip%_%no_mixed_refs%_%rc_lookahead%_%rc_lookahead_20%_%ref%_%ref_1%_%root%_%;275.69;377.6067
no_asm%_%no_cabac%_%no_deblock%_%no_fast_pskip%_%no_mbtree%_%rc_lookahead%_%rc_lookahead_40%_%ref%_%ref_1%_%root%_%;299.7067;480.5452
no_asm%_%no_mbtree%_%no_weightb%_%rc_lookahead%_%rc_lookahead_40%_%ref%_%ref_1%_%root%_%;305.4433;435.8641
no_asm%_%no_deblock%_%no_mbtree%_%no_weightb%_%rc_lookahead%_%rc_lookahead_40%_%ref%_%ref_1%_%root%_%;305.04;435.7211
no_asm%_%no_cabac%_%no_mbtree%_%no_weightb%_%rc_lookahead%_%rc_lookahead_40%_%ref%_%ref_1%_%root%_%;295.61;434.7189
no_asm%_%no_cabac%_%no_deblock%_%no_mbtree%_%no_weightb%_%rc_lookahead%_%rc_lookahead_40%_%ref%_%ref_1%_%root%_%;295.5033;434.31
no_asm%_%no_fast_pskip%_%no_mbtree%_%no_weightb%_%rc_lookahead%_%rc_lookahead_40%_%ref%_%ref_1%_%root%_%;310.7767;478.1965
no_asm%_%no_cabac%_%no_fast_pskip%_%no_mbtree%_%no_weightb%_%rc_lookahead%_%rc_lookahead_40%_%ref%_%ref_1%_%root%_%;299.9067;479.3667
no_asm%_%no_deblock%_%no_fast_pskip%_%no_mbtree%_%no_weightb%_%rc_lookahead%_%rc_lookahead_40%_%ref%_%ref_1%_%root%_%;310.3167;479.3667
no_asm%_%no_cabac%_%no_deblock%_%no_fast_pskip%_%no_mbtree%_%no_weightb%_%rc_lookahead%_%rc_lookahead_40%_%ref%_%ref_1%_%root%_%;299.6267;480.5369
no_8x8dct%_%no_asm%_%no_mbtree%_%rc_lookahead%_%rc_lookahead_40%_%ref%_%ref_1%_%root%_%;287.05;417.9104
no_asm%_%no_mixed_refs%_%no_weightb%_%rc_lookahead%_%rc_lookahead_20%_%ref%_%ref_1%_%root%_%;268.6033;330.9298
no_8x8dct%_%no_asm%_%no_deblock%_%no_mbtree%_%rc_lookahead%_%rc_lookahead_40%_%ref%_%ref_1%_%root%_%;286.4267;418.5439
no_8x8dct%_%no_asm%_%no_fast_pskip%_%no_mbtree%_%rc_lookahead%_%rc_lookahead_40%_%ref%_%ref_1%_%root%_%;291.59;464.8739
no_8x8dct%_%no_asm%_%no_deblock%_%no_fast_pskip%_%no_mbtree%_%rc_lookahead%_%rc_lookahead_40%_%ref%_%ref_1%_%root%_%;291.0667;465.0646
no_8x8dct%_%no_asm%_%no_mbtree%_%no_weightb%_%rc_lookahead%_%rc_lookahead_40%_%ref%_%ref_1%_%root%_%;287.1067;418.2637
no_8x8dct%_%no_asm%_%no_fast_pskip%_%no_mbtree%_%no_weightb%_%rc_lookahead%_%rc_lookahead_40%_%ref%_%ref_1%_%root%_%;291.5767;465.5269
no_8x8dct%_%no_asm%_%no_deblock%_%no_mbtree%_%no_weightb%_%rc_lookahead%_%rc_lookahead_40%_%ref%_%ref_1%_%root%_%;286.4;418.8472
no_8x8dct%_%no_asm%_%no_deblock%_%no_fast_pskip%_%no_mbtree%_%no_weightb%_%rc_lookahead%_%rc_lookahead_40%_%ref%_%ref_1%_%root%_%;291.2;465.7176
no_8x8dct%_%no_asm%_%no_cabac%_%no_mbtree%_%rc_lookahead%_%rc_lookahead_40%_%ref%_%ref_1%_%root%_%;276.01;414.4457
no_8x8dct%_%no_asm%_%no_cabac%_%no_deblock%_%no_mbtree%_%rc_lookahead%_%rc_lookahead_40%_%ref%_%ref_1%_%root%_%;275.56;415.0813
no_8x8dct%_%no_asm%_%no_cabac%_%no_mbtree%_%no_weightb%_%rc_lookahead%_%rc_lookahead_40%_%ref%_%ref_1%_%root%_%;275.9733;414.7978
no_asm%_%no_fast_pskip%_%no_mixed_refs%_%no_weightb%_%rc_lookahead%_%rc_lookahead_20%_%ref%_%ref_1%_%root%_%;275.9567;377.7683
no_8x8dct%_%no_asm%_%no_cabac%_%no_deblock%_%no_mbtree%_%no_weightb%_%rc_lookahead%_%rc_lookahead_40%_%ref%_%ref_1%_%root%_%;275.4533;415.3539
no_8x8dct%_%no_asm%_%no_cabac%_%no_fast_pskip%_%no_mbtree%_%rc_lookahead%_%rc_lookahead_40%_%ref%_%ref_1%_%root%_%;279.7533;465.7176
no_8x8dct%_%no_asm%_%no_cabac%_%no_fast_pskip%_%no_mbtree%_%no_weightb%_%rc_lookahead%_%rc_lookahead_40%_%ref%_%ref_1%_%root%_%;279.89;466.3706
no_8x8dct%_%no_asm%_%no_cabac%_%no_deblock%_%no_fast_pskip%_%no_mbtree%_%rc_lookahead%_%rc_lookahead_40%_%ref%_%ref_1%_%root%_%;279.2467;465.9083
no_8x8dct%_%no_asm%_%no_cabac%_%no_deblock%_%no_fast_pskip%_%no_mbtree%_%no_weightb%_%rc_lookahead%_%rc_lookahead_40%_%ref%_%ref_1%_%root%_%;279.1567;466.5613
no_asm%_%no_mbtree%_%no_mixed_refs%_%rc_lookahead%_%rc_lookahead_40%_%ref%_%ref_1%_%root%_%;305.5033;378.3759
no_asm%_%no_deblock%_%no_mbtree%_%no_mixed_refs%_%rc_lookahead%_%rc_lookahead_40%_%ref%_%ref_1%_%root%_%;305.03;376.7665
no_asm%_%no_fast_pskip%_%no_mbtree%_%no_mixed_refs%_%rc_lookahead%_%rc_lookahead_40%_%ref%_%ref_1%_%root%_%;310.6967;423.033
no_asm%_%no_deblock%_%no_fast_pskip%_%no_mbtree%_%no_mixed_refs%_%rc_lookahead%_%rc_lookahead_40%_%ref%_%ref_1%_%root%_%;310.25;422.7559
no_asm%_%no_cabac%_%no_mbtree%_%no_mixed_refs%_%rc_lookahead%_%rc_lookahead_40%_%ref%_%ref_1%_%root%_%;295.68;375.6365
no_asm%_%no_deblock%_%no_mixed_refs%_%no_weightb%_%rc_lookahead%_%rc_lookahead_20%_%ref%_%ref_1%_%root%_%;268.11;330.7215
no_asm%_%no_cabac%_%no_fast_pskip%_%no_mbtree%_%no_mixed_refs%_%rc_lookahead%_%rc_lookahead_40%_%ref%_%ref_1%_%root%_%;299.75;419.6694
no_asm%_%no_cabac%_%no_deblock%_%no_mbtree%_%no_mixed_refs%_%rc_lookahead%_%rc_lookahead_40%_%ref%_%ref_1%_%root%_%;295.36;374.3226
no_asm%_%no_cabac%_%no_deblock%_%no_fast_pskip%_%no_mbtree%_%no_mixed_refs%_%rc_lookahead%_%rc_lookahead_40%_%ref%_%ref_1%_%root%_%;299.69;419.4252
no_8x8dct%_%no_asm%_%no_mbtree%_%no_mixed_refs%_%rc_lookahead%_%rc_lookahead_40%_%ref%_%ref_1%_%root%_%;287.21;365.2544
no_8x8dct%_%no_asm%_%no_deblock%_%no_mbtree%_%no_mixed_refs%_%rc_lookahead%_%rc_lookahead_40%_%ref%_%ref_1%_%root%_%;286.28;363.0881
no_8x8dct%_%no_asm%_%no_cabac%_%no_mbtree%_%no_mixed_refs%_%rc_lookahead%_%rc_lookahead_40%_%ref%_%ref_1%_%root%_%;275.8967;364.6122
no_8x8dct%_%no_asm%_%no_cabac%_%no_deblock%_%no_mbtree%_%no_mixed_refs%_%rc_lookahead%_%rc_lookahead_40%_%ref%_%ref_1%_%root%_%;275.5233;362.7124
no_8x8dct%_%no_asm%_%no_fast_pskip%_%no_mbtree%_%no_mixed_refs%_%rc_lookahead%_%rc_lookahead_40%_%ref%_%ref_1%_%root%_%;291.6733;409.9448
no_8x8dct%_%no_asm%_%no_cabac%_%no_fast_pskip%_%no_mbtree%_%no_mixed_refs%_%rc_lookahead%_%rc_lookahead_40%_%ref%_%ref_1%_%root%_%;279.74;405.8602
no_8x8dct%_%no_asm%_%no_deblock%_%no_fast_pskip%_%no_mbtree%_%no_mixed_refs%_%rc_lookahead%_%rc_lookahead_40%_%ref%_%ref_1%_%root%_%;291.1733;409.1374
no_asm%_%no_deblock%_%no_fast_pskip%_%no_mixed_refs%_%no_weightb%_%rc_lookahead%_%rc_lookahead_20%_%ref%_%ref_1%_%root%_%;275.31;377.6161
no_8x8dct%_%no_asm%_%no_cabac%_%no_deblock%_%no_fast_pskip%_%no_mbtree%_%no_mixed_refs%_%rc_lookahead%_%rc_lookahead_40%_%ref%_%ref_1%_%root%_%;279.26;405.3176
no_asm%_%no_mbtree%_%no_mixed_refs%_%no_weightb%_%rc_lookahead%_%rc_lookahead_40%_%ref%_%ref_1%_%root%_%;305.4333;378.1274
no_asm%_%no_deblock%_%no_mbtree%_%no_mixed_refs%_%no_weightb%_%rc_lookahead%_%rc_lookahead_40%_%ref%_%ref_1%_%root%_%;305;376.4606
no_asm%_%no_fast_pskip%_%no_mbtree%_%no_mixed_refs%_%no_weightb%_%rc_lookahead%_%rc_lookahead_40%_%ref%_%ref_1%_%root%_%;310.7533;423.2339
no_asm%_%no_deblock%_%no_fast_pskip%_%no_mbtree%_%no_mixed_refs%_%no_weightb%_%rc_lookahead%_%rc_lookahead_40%_%ref%_%ref_1%_%root%_%;310.2833;423.0613
no_8x8dct%_%no_asm%_%no_mbtree%_%no_mixed_refs%_%no_weightb%_%rc_lookahead%_%rc_lookahead_40%_%ref%_%ref_1%_%root%_%;287.0367;364.8289
no_8x8dct%_%no_asm%_%no_fast_pskip%_%no_mbtree%_%no_mixed_refs%_%no_weightb%_%rc_lookahead%_%rc_lookahead_40%_%ref%_%ref_1%_%root%_%;291.6033;410.3007
no_8x8dct%_%no_asm%_%no_deblock%_%no_mbtree%_%no_mixed_refs%_%no_weightb%_%rc_lookahead%_%rc_lookahead_40%_%ref%_%ref_1%_%root%_%;286.3367;362.6428
no_8x8dct%_%no_asm%_%no_deblock%_%no_fast_pskip%_%no_mbtree%_%no_mixed_refs%_%no_weightb%_%rc_lookahead%_%rc_lookahead_40%_%ref%_%ref_1%_%root%_%;291.21;409.4202
no_asm%_%no_cabac%_%no_mbtree%_%no_mixed_refs%_%no_weightb%_%rc_lookahead%_%rc_lookahead_40%_%ref%_%ref_1%_%root%_%;295.58;375.1846
no_asm%_%no_cabac%_%no_mixed_refs%_%rc_lookahead%_%rc_lookahead_20%_%ref%_%ref_1%_%root%_%;260.48;329.5319
no_asm%_%no_cabac%_%no_deblock%_%no_mbtree%_%no_mixed_refs%_%no_weightb%_%rc_lookahead%_%rc_lookahead_40%_%ref%_%ref_1%_%root%_%;295.4467;373.8969
no_8x8dct%_%no_asm%_%no_cabac%_%no_mbtree%_%no_mixed_refs%_%no_weightb%_%rc_lookahead%_%rc_lookahead_40%_%ref%_%ref_1%_%root%_%;276.01;364.1478
no_8x8dct%_%no_asm%_%no_cabac%_%no_deblock%_%no_mbtree%_%no_mixed_refs%_%no_weightb%_%rc_lookahead%_%rc_lookahead_40%_%ref%_%ref_1%_%root%_%;275.4067;362.2496
no_asm%_%no_cabac%_%no_fast_pskip%_%no_mbtree%_%no_mixed_refs%_%no_weightb%_%rc_lookahead%_%rc_lookahead_40%_%ref%_%ref_1%_%root%_%;299.84;419.9454
no_8x8dct%_%no_asm%_%no_cabac%_%no_fast_pskip%_%no_mbtree%_%no_mixed_refs%_%no_weightb%_%rc_lookahead%_%rc_lookahead_40%_%ref%_%ref_1%_%root%_%;279.9033;406.0272
no_asm%_%no_cabac%_%no_deblock%_%no_fast_pskip%_%no_mbtree%_%no_mixed_refs%_%no_weightb%_%rc_lookahead%_%rc_lookahead_40%_%ref%_%ref_1%_%root%_%;299.7333;419.7185
no_8x8dct%_%no_asm%_%no_cabac%_%no_deblock%_%no_fast_pskip%_%no_mbtree%_%no_mixed_refs%_%no_weightb%_%rc_lookahead%_%rc_lookahead_40%_%ref%_%ref_1%_%root%_%;279.1933;405.4283
no_asm%_%rc_lookahead%_%rc_lookahead_60%_%ref%_%ref_1%_%root%_%;271.9667;365.1835
no_asm%_%no_fast_pskip%_%rc_lookahead%_%rc_lookahead_60%_%ref%_%ref_1%_%root%_%;279.3567;414.1702
no_asm%_%no_cabac%_%rc_lookahead%_%rc_lookahead_60%_%ref%_%ref_1%_%root%_%;263.8233;362.4559
no_asm%_%no_cabac%_%no_deblock%_%no_mixed_refs%_%rc_lookahead%_%rc_lookahead_20%_%ref%_%ref_1%_%root%_%;259.9633;329.2785
no_asm%_%no_cabac%_%no_fast_pskip%_%rc_lookahead%_%rc_lookahead_60%_%ref%_%ref_1%_%root%_%;269.9167;412.6665
no_asm%_%no_weightb%_%rc_lookahead%_%rc_lookahead_60%_%ref%_%ref_1%_%root%_%;272.0033;364.9926
no_asm%_%no_cabac%_%no_weightb%_%rc_lookahead%_%rc_lookahead_60%_%ref%_%ref_1%_%root%_%;263.6433;362.4074
no_asm%_%no_fast_pskip%_%no_weightb%_%rc_lookahead%_%rc_lookahead_60%_%ref%_%ref_1%_%root%_%;279.3333;413.5494
no_asm%_%no_cabac%_%no_fast_pskip%_%no_weightb%_%rc_lookahead%_%rc_lookahead_60%_%ref%_%ref_1%_%root%_%;269.95;412.1524
no_asm%_%no_mixed_refs%_%rc_lookahead%_%rc_lookahead_60%_%ref%_%ref_1%_%root%_%;272.13;330.9676
no_asm%_%no_fast_pskip%_%no_mixed_refs%_%rc_lookahead%_%rc_lookahead_60%_%ref%_%ref_1%_%root%_%;279.5333;377.8067
no_asm%_%no_mixed_refs%_%no_weightb%_%rc_lookahead%_%rc_lookahead_60%_%ref%_%ref_1%_%root%_%;272.0533;330.9298
no_asm%_%no_fast_pskip%_%no_mixed_refs%_%no_weightb%_%rc_lookahead%_%rc_lookahead_60%_%ref%_%ref_1%_%root%_%;279.3033;377.7683
no_asm%_%no_cabac%_%no_mixed_refs%_%rc_lookahead%_%rc_lookahead_60%_%ref%_%ref_1%_%root%_%;263.8867;329.5319
no_asm%_%no_cabac%_%no_mixed_refs%_%no_weightb%_%rc_lookahead%_%rc_lookahead_20%_%ref%_%ref_1%_%root%_%;260.38;329.5452
no_asm%_%no_cabac%_%no_mixed_refs%_%no_weightb%_%rc_lookahead%_%rc_lookahead_60%_%ref%_%ref_1%_%root%_%;263.7533;329.5452
no_asm%_%no_cabac%_%no_fast_pskip%_%no_mixed_refs%_%rc_lookahead%_%rc_lookahead_60%_%ref%_%ref_1%_%root%_%;270.09;374.8778
no_asm%_%no_cabac%_%no_fast_pskip%_%no_mixed_refs%_%no_weightb%_%rc_lookahead%_%rc_lookahead_60%_%ref%_%ref_1%_%root%_%;270.0633;374.7715
no_asm%_%no_mbtree%_%rc_lookahead%_%rc_lookahead_60%_%ref%_%ref_1%_%root%_%;305.3833;435.6978
no_asm%_%no_fast_pskip%_%no_mbtree%_%rc_lookahead%_%rc_lookahead_60%_%ref%_%ref_1%_%root%_%;310.6067;478.2048
no_asm%_%no_cabac%_%no_mbtree%_%rc_lookahead%_%rc_lookahead_60%_%ref%_%ref_1%_%root%_%;295.5767;434.5215
no_asm%_%no_cabac%_%no_fast_pskip%_%no_mbtree%_%rc_lookahead%_%rc_lookahead_60%_%ref%_%ref_1%_%root%_%;299.8667;479.375
no_asm%_%no_mbtree%_%no_mixed_refs%_%rc_lookahead%_%rc_lookahead_60%_%ref%_%ref_1%_%root%_%;305.35;378.3759
no_asm%_%no_cabac%_%no_mbtree%_%no_mixed_refs%_%rc_lookahead%_%rc_lookahead_60%_%ref%_%ref_1%_%root%_%;295.62;375.6365
no_asm%_%no_fast_pskip%_%no_mbtree%_%no_mixed_refs%_%rc_lookahead%_%rc_lookahead_60%_%ref%_%ref_1%_%root%_%;310.6733;423.033
no_asm%_%no_cabac%_%no_deblock%_%no_mixed_refs%_%no_weightb%_%rc_lookahead%_%rc_lookahead_20%_%ref%_%ref_1%_%root%_%;259.84;329.2852
no_asm%_%no_cabac%_%no_fast_pskip%_%no_mbtree%_%no_mixed_refs%_%rc_lookahead%_%rc_lookahead_60%_%ref%_%ref_1%_%root%_%;299.89;419.6694
no_asm%_%no_mbtree%_%no_weightb%_%rc_lookahead%_%rc_lookahead_60%_%ref%_%ref_1%_%root%_%;305.5;435.8641
no_asm%_%no_fast_pskip%_%no_mbtree%_%no_weightb%_%rc_lookahead%_%rc_lookahead_60%_%ref%_%ref_1%_%root%_%;310.6867;478.1965
no_asm%_%no_mbtree%_%no_mixed_refs%_%no_weightb%_%rc_lookahead%_%rc_lookahead_60%_%ref%_%ref_1%_%root%_%;305.4333;378.1274
no_asm%_%no_fast_pskip%_%no_mbtree%_%no_mixed_refs%_%no_weightb%_%rc_lookahead%_%rc_lookahead_60%_%ref%_%ref_1%_%root%_%;310.6733;423.2339
no_asm%_%no_cabac%_%no_mbtree%_%no_weightb%_%rc_lookahead%_%rc_lookahead_60%_%ref%_%ref_1%_%root%_%;295.6067;434.7189
no_asm%_%no_cabac%_%no_mbtree%_%no_mixed_refs%_%no_weightb%_%rc_lookahead%_%rc_lookahead_60%_%ref%_%ref_1%_%root%_%;295.6833;375.1846
no_asm%_%no_cabac%_%no_fast_pskip%_%no_mbtree%_%no_weightb%_%rc_lookahead%_%rc_lookahead_60%_%ref%_%ref_1%_%root%_%;299.85;479.3667
no_asm%_%no_cabac%_%no_fast_pskip%_%no_mbtree%_%no_mixed_refs%_%no_weightb%_%rc_lookahead%_%rc_lookahead_60%_%ref%_%ref_1%_%root%_%;299.96;419.9454
no_asm%_%no_deblock%_%rc_lookahead%_%rc_lookahead_60%_%ref%_%ref_1%_%root%_%;271.3367;365.5346
no_asm%_%no_cabac%_%no_fast_pskip%_%no_mixed_refs%_%rc_lookahead%_%rc_lookahead_20%_%ref%_%ref_1%_%root%_%;266.67;374.8778
no_asm%_%no_deblock%_%no_fast_pskip%_%rc_lookahead%_%rc_lookahead_60%_%ref%_%ref_1%_%root%_%;279.0367;413.4183
no_asm%_%no_cabac%_%no_deblock%_%rc_lookahead%_%rc_lookahead_60%_%ref%_%ref_1%_%root%_%;263.3667;362.5987
no_asm%_%no_cabac%_%no_deblock%_%no_fast_pskip%_%rc_lookahead%_%rc_lookahead_60%_%ref%_%ref_1%_%root%_%;269.7333;411.9146
no_asm%_%no_deblock%_%no_weightb%_%rc_lookahead%_%rc_lookahead_60%_%ref%_%ref_1%_%root%_%;271.38;365.3002
no_asm%_%no_cabac%_%no_deblock%_%no_weightb%_%rc_lookahead%_%rc_lookahead_60%_%ref%_%ref_1%_%root%_%;263.3633;362.5502
no_asm%_%no_deblock%_%no_fast_pskip%_%no_weightb%_%rc_lookahead%_%rc_lookahead_60%_%ref%_%ref_1%_%root%_%;279.0833;412.8331
no_asm%_%no_cabac%_%no_deblock%_%no_fast_pskip%_%no_weightb%_%rc_lookahead%_%rc_lookahead_60%_%ref%_%ref_1%_%root%_%;269.5233;411.4361
no_asm%_%no_deblock%_%no_mbtree%_%rc_lookahead%_%rc_lookahead_60%_%ref%_%ref_1%_%root%_%;304.96;435.4926
no_asm%_%no_deblock%_%no_fast_pskip%_%no_mbtree%_%rc_lookahead%_%rc_lookahead_60%_%ref%_%ref_1%_%root%_%;310.2267;479.375
no_asm%_%no_deblock%_%no_mbtree%_%no_weightb%_%rc_lookahead%_%rc_lookahead_60%_%ref%_%ref_1%_%root%_%;305.1467;435.7211
no_asm%_%no_fast_pskip%_%rc_lookahead%_%rc_lookahead_20%_%ref%_%ref_1%_%root%_%;276.1033;414.1702
no_asm%_%no_cabac%_%no_fast_pskip%_%no_mixed_refs%_%no_weightb%_%rc_lookahead%_%rc_lookahead_20%_%ref%_%ref_1%_%root%_%;266.51;374.7715
no_asm%_%no_deblock%_%no_fast_pskip%_%no_mbtree%_%no_weightb%_%rc_lookahead%_%rc_lookahead_60%_%ref%_%ref_1%_%root%_%;310.3267;479.3667
no_asm%_%no_cabac%_%no_deblock%_%no_mbtree%_%rc_lookahead%_%rc_lookahead_60%_%ref%_%ref_1%_%root%_%;295.3533;434.0815
no_asm%_%no_cabac%_%no_deblock%_%no_mbtree%_%no_weightb%_%rc_lookahead%_%rc_lookahead_60%_%ref%_%ref_1%_%root%_%;295.4233;434.31
no_asm%_%no_cabac%_%no_deblock%_%no_fast_pskip%_%no_mbtree%_%rc_lookahead%_%rc_lookahead_60%_%ref%_%ref_1%_%root%_%;299.8133;480.5452
no_asm%_%no_cabac%_%no_deblock%_%no_fast_pskip%_%no_mbtree%_%no_weightb%_%rc_lookahead%_%rc_lookahead_60%_%ref%_%ref_1%_%root%_%;299.7967;480.5369
no_asm%_%no_deblock%_%no_mixed_refs%_%rc_lookahead%_%rc_lookahead_60%_%ref%_%ref_1%_%root%_%;271.4167;330.712
no_asm%_%no_deblock%_%no_fast_pskip%_%no_mixed_refs%_%rc_lookahead%_%rc_lookahead_60%_%ref%_%ref_1%_%root%_%;279.0967;377.6067
no_asm%_%no_cabac%_%no_deblock%_%no_mixed_refs%_%rc_lookahead%_%rc_lookahead_60%_%ref%_%ref_1%_%root%_%;263.4033;329.2785
no_asm%_%no_cabac%_%no_deblock%_%no_fast_pskip%_%no_mixed_refs%_%rc_lookahead%_%rc_lookahead_60%_%ref%_%ref_1%_%root%_%;269.5833;374.8778
no_asm%_%no_deblock%_%no_mbtree%_%no_mixed_refs%_%rc_lookahead%_%rc_lookahead_60%_%ref%_%ref_1%_%root%_%;305.0267;376.7665
no_asm%_%no_cabac%_%no_deblock%_%no_fast_pskip%_%no_mixed_refs%_%rc_lookahead%_%rc_lookahead_20%_%ref%_%ref_1%_%root%_%;266.22;374.8778
no_asm%_%no_cabac%_%no_deblock%_%no_mbtree%_%no_mixed_refs%_%rc_lookahead%_%rc_lookahead_60%_%ref%_%ref_1%_%root%_%;295.4133;374.3226
no_asm%_%no_deblock%_%no_fast_pskip%_%no_mbtree%_%no_mixed_refs%_%rc_lookahead%_%rc_lookahead_60%_%ref%_%ref_1%_%root%_%;310.2633;422.7559
no_asm%_%no_cabac%_%no_deblock%_%no_fast_pskip%_%no_mbtree%_%no_mixed_refs%_%rc_lookahead%_%rc_lookahead_60%_%ref%_%ref_1%_%root%_%;299.6767;419.4252
no_asm%_%no_deblock%_%no_mixed_refs%_%no_weightb%_%rc_lookahead%_%rc_lookahead_60%_%ref%_%ref_1%_%root%_%;271.4033;330.7215
no_asm%_%no_deblock%_%no_fast_pskip%_%no_mixed_refs%_%no_weightb%_%rc_lookahead%_%rc_lookahead_60%_%ref%_%ref_1%_%root%_%;279.0133;377.6161
no_asm%_%no_deblock%_%no_mbtree%_%no_mixed_refs%_%no_weightb%_%rc_lookahead%_%rc_lookahead_60%_%ref%_%ref_1%_%root%_%;305.1033;376.4606
no_asm%_%no_deblock%_%no_fast_pskip%_%no_mbtree%_%no_mixed_refs%_%no_weightb%_%rc_lookahead%_%rc_lookahead_60%_%ref%_%ref_1%_%root%_%;310.2533;423.0613
no_asm%_%no_cabac%_%no_deblock%_%no_mixed_refs%_%no_weightb%_%rc_lookahead%_%rc_lookahead_60%_%ref%_%ref_1%_%root%_%;263.3733;329.2852
no_asm%_%no_cabac%_%no_deblock%_%no_mbtree%_%no_mixed_refs%_%no_weightb%_%rc_lookahead%_%rc_lookahead_60%_%ref%_%ref_1%_%root%_%;295.41;373.8969
no_asm%_%no_cabac%_%no_deblock%_%no_fast_pskip%_%no_mixed_refs%_%no_weightb%_%rc_lookahead%_%rc_lookahead_60%_%ref%_%ref_1%_%root%_%;269.4933;374.7715
no_asm%_%no_cabac%_%no_deblock%_%no_fast_pskip%_%no_mixed_refs%_%no_weightb%_%rc_lookahead%_%rc_lookahead_20%_%ref%_%ref_1%_%root%_%;266.2733;374.7715
no_asm%_%no_cabac%_%no_deblock%_%no_fast_pskip%_%no_mbtree%_%no_mixed_refs%_%no_weightb%_%rc_lookahead%_%rc_lookahead_60%_%ref%_%ref_1%_%root%_%;299.6767;419.7185
no_8x8dct%_%no_asm%_%rc_lookahead%_%rc_lookahead_60%_%ref%_%ref_1%_%root%_%;257.9733;353.5635
no_8x8dct%_%no_asm%_%no_fast_pskip%_%rc_lookahead%_%rc_lookahead_60%_%ref%_%ref_1%_%root%_%;264.2933;405.4206
no_8x8dct%_%no_asm%_%no_cabac%_%rc_lookahead%_%rc_lookahead_60%_%ref%_%ref_1%_%root%_%;247.73;352.4089
no_8x8dct%_%no_asm%_%no_cabac%_%no_fast_pskip%_%rc_lookahead%_%rc_lookahead_60%_%ref%_%ref_1%_%root%_%;252.9633;404.352
no_8x8dct%_%no_asm%_%no_weightb%_%rc_lookahead%_%rc_lookahead_60%_%ref%_%ref_1%_%root%_%;257.9267;353.5017
no_8x8dct%_%no_asm%_%no_cabac%_%no_weightb%_%rc_lookahead%_%rc_lookahead_60%_%ref%_%ref_1%_%root%_%;247.5067;352.3161
no_8x8dct%_%no_asm%_%no_fast_pskip%_%no_weightb%_%rc_lookahead%_%rc_lookahead_60%_%ref%_%ref_1%_%root%_%;264.2867;404.4857
no_8x8dct%_%no_asm%_%no_cabac%_%no_fast_pskip%_%no_weightb%_%rc_lookahead%_%rc_lookahead_60%_%ref%_%ref_1%_%root%_%;253.01;403.5331
no_8x8dct%_%no_asm%_%no_mixed_refs%_%rc_lookahead%_%rc_lookahead_60%_%ref%_%ref_1%_%root%_%;258.1133;330.9676
no_asm%_%no_mbtree%_%rc_lookahead%_%rc_lookahead_20%_%ref%_%ref_1%_%root%_%;305.4;435.6978
no_8x8dct%_%no_asm%_%no_fast_pskip%_%no_mixed_refs%_%rc_lookahead%_%rc_lookahead_60%_%ref%_%ref_1%_%root%_%;264.38;369.122
no_8x8dct%_%no_asm%_%no_mixed_refs%_%no_weightb%_%rc_lookahead%_%rc_lookahead_60%_%ref%_%ref_1%_%root%_%;257.8767;330.9298
no_8x8dct%_%no_asm%_%no_fast_pskip%_%no_mixed_refs%_%no_weightb%_%rc_lookahead%_%rc_lookahead_60%_%ref%_%ref_1%_%root%_%;264.33;367.8506
no_8x8dct%_%no_asm%_%no_cabac%_%no_mixed_refs%_%rc_lookahead%_%rc_lookahead_60%_%ref%_%ref_1%_%root%_%;247.7167;329.5319
no_8x8dct%_%no_asm%_%no_cabac%_%no_mixed_refs%_%no_weightb%_%rc_lookahead%_%rc_lookahead_60%_%ref%_%ref_1%_%root%_%;247.6933;329.5452
no_8x8dct%_%no_asm%_%no_cabac%_%no_fast_pskip%_%no_mixed_refs%_%rc_lookahead%_%rc_lookahead_60%_%ref%_%ref_1%_%root%_%;253.1267;366.2006
no_8x8dct%_%no_asm%_%no_cabac%_%no_fast_pskip%_%no_mixed_refs%_%no_weightb%_%rc_lookahead%_%rc_lookahead_60%_%ref%_%ref_1%_%root%_%;253.08;365.2506
no_8x8dct%_%no_asm%_%no_deblock%_%rc_lookahead%_%rc_lookahead_60%_%ref%_%ref_1%_%root%_%;257.4633;353.3446
no_8x8dct%_%no_asm%_%no_deblock%_%no_fast_pskip%_%rc_lookahead%_%rc_lookahead_60%_%ref%_%ref_1%_%root%_%;263.91;405.4206
no_8x8dct%_%no_asm%_%no_cabac%_%no_deblock%_%rc_lookahead%_%rc_lookahead_60%_%ref%_%ref_1%_%root%_%;247.4833;351.8828
no_asm%_%no_deblock%_%no_mbtree%_%rc_lookahead%_%rc_lookahead_20%_%ref%_%ref_1%_%root%_%;304.9;435.4926
no_8x8dct%_%no_asm%_%no_cabac%_%no_deblock%_%no_fast_pskip%_%rc_lookahead%_%rc_lookahead_60%_%ref%_%ref_1%_%root%_%;252.8267;404.352
no_8x8dct%_%no_asm%_%no_deblock%_%no_mixed_refs%_%rc_lookahead%_%rc_lookahead_60%_%ref%_%ref_1%_%root%_%;257.4067;330.712
no_8x8dct%_%no_asm%_%no_cabac%_%no_deblock%_%no_mixed_refs%_%rc_lookahead%_%rc_lookahead_60%_%ref%_%ref_1%_%root%_%;247.6667;329.2785
no_8x8dct%_%no_asm%_%no_deblock%_%no_fast_pskip%_%no_mixed_refs%_%rc_lookahead%_%rc_lookahead_60%_%ref%_%ref_1%_%root%_%;263.8467;368.5524
no_8x8dct%_%no_asm%_%no_cabac%_%no_deblock%_%no_fast_pskip%_%no_mixed_refs%_%rc_lookahead%_%rc_lookahead_60%_%ref%_%ref_1%_%root%_%;252.78;365.625
no_8x8dct%_%no_asm%_%no_deblock%_%no_weightb%_%rc_lookahead%_%rc_lookahead_60%_%ref%_%ref_1%_%root%_%;257.45;353.2828
no_8x8dct%_%no_asm%_%no_deblock%_%no_fast_pskip%_%no_weightb%_%rc_lookahead%_%rc_lookahead_60%_%ref%_%ref_1%_%root%_%;263.8533;404.4857
no_8x8dct%_%no_asm%_%no_deblock%_%no_mixed_refs%_%no_weightb%_%rc_lookahead%_%rc_lookahead_60%_%ref%_%ref_1%_%root%_%;257.53;330.7215
no_8x8dct%_%no_asm%_%no_deblock%_%no_fast_pskip%_%no_mixed_refs%_%no_weightb%_%rc_lookahead%_%rc_lookahead_60%_%ref%_%ref_1%_%root%_%;263.92;367.1946
no_8x8dct%_%no_asm%_%no_cabac%_%no_deblock%_%no_weightb%_%rc_lookahead%_%rc_lookahead_60%_%ref%_%ref_1%_%root%_%;247.5167;351.79
no_asm%_%no_fast_pskip%_%no_mbtree%_%rc_lookahead%_%rc_lookahead_20%_%ref%_%ref_1%_%root%_%;310.58;478.2048
no_8x8dct%_%no_asm%_%no_cabac%_%no_deblock%_%no_mixed_refs%_%no_weightb%_%rc_lookahead%_%rc_lookahead_60%_%ref%_%ref_1%_%root%_%;247.5367;329.2852
no_8x8dct%_%no_asm%_%no_cabac%_%no_deblock%_%no_fast_pskip%_%no_weightb%_%rc_lookahead%_%rc_lookahead_60%_%ref%_%ref_1%_%root%_%;252.7367;403.5331
no_8x8dct%_%no_asm%_%no_cabac%_%no_deblock%_%no_fast_pskip%_%no_mixed_refs%_%no_weightb%_%rc_lookahead%_%rc_lookahead_60%_%ref%_%ref_1%_%root%_%;252.63;364.5887
no_8x8dct%_%no_asm%_%no_mbtree%_%rc_lookahead%_%rc_lookahead_60%_%ref%_%ref_1%_%root%_%;287.1133;417.9104
no_8x8dct%_%no_asm%_%no_fast_pskip%_%no_mbtree%_%rc_lookahead%_%rc_lookahead_60%_%ref%_%ref_1%_%root%_%;291.6433;464.8739
no_8x8dct%_%no_asm%_%no_cabac%_%no_mbtree%_%rc_lookahead%_%rc_lookahead_60%_%ref%_%ref_1%_%root%_%;275.97;414.4457
no_8x8dct%_%no_asm%_%no_cabac%_%no_fast_pskip%_%no_mbtree%_%rc_lookahead%_%rc_lookahead_60%_%ref%_%ref_1%_%root%_%;279.84;465.7176
no_8x8dct%_%no_asm%_%no_mbtree%_%no_weightb%_%rc_lookahead%_%rc_lookahead_60%_%ref%_%ref_1%_%root%_%;287.1067;418.2637
no_8x8dct%_%no_asm%_%no_cabac%_%no_mbtree%_%no_weightb%_%rc_lookahead%_%rc_lookahead_60%_%ref%_%ref_1%_%root%_%;275.96;414.7978
no_8x8dct%_%no_asm%_%no_fast_pskip%_%no_mbtree%_%no_weightb%_%rc_lookahead%_%rc_lookahead_60%_%ref%_%ref_1%_%root%_%;291.53;465.5269
no_asm%_%no_deblock%_%no_fast_pskip%_%no_mbtree%_%rc_lookahead%_%rc_lookahead_20%_%ref%_%ref_1%_%root%_%;310.1767;479.375
no_8x8dct%_%no_asm%_%no_cabac%_%no_fast_pskip%_%no_mbtree%_%no_weightb%_%rc_lookahead%_%rc_lookahead_60%_%ref%_%ref_1%_%root%_%;279.7567;466.3706
no_8x8dct%_%no_asm%_%no_deblock%_%no_mbtree%_%rc_lookahead%_%rc_lookahead_60%_%ref%_%ref_1%_%root%_%;286.3533;418.5439
no_8x8dct%_%no_asm%_%no_deblock%_%no_fast_pskip%_%no_mbtree%_%rc_lookahead%_%rc_lookahead_60%_%ref%_%ref_1%_%root%_%;291.14;465.0646
no_8x8dct%_%no_asm%_%no_deblock%_%no_mbtree%_%no_weightb%_%rc_lookahead%_%rc_lookahead_60%_%ref%_%ref_1%_%root%_%;286.3267;418.8472
no_8x8dct%_%no_asm%_%no_deblock%_%no_fast_pskip%_%no_mbtree%_%no_weightb%_%rc_lookahead%_%rc_lookahead_60%_%ref%_%ref_1%_%root%_%;291.0567;465.7176
no_8x8dct%_%no_asm%_%no_cabac%_%no_deblock%_%no_mbtree%_%rc_lookahead%_%rc_lookahead_60%_%ref%_%ref_1%_%root%_%;275.4533;415.0813
no_8x8dct%_%no_asm%_%no_cabac%_%no_deblock%_%no_mbtree%_%no_weightb%_%rc_lookahead%_%rc_lookahead_60%_%ref%_%ref_1%_%root%_%;275.4267;415.3539
no_8x8dct%_%no_asm%_%no_cabac%_%no_deblock%_%no_fast_pskip%_%no_mbtree%_%rc_lookahead%_%rc_lookahead_60%_%ref%_%ref_1%_%root%_%;279.2233;465.9083
no_8x8dct%_%no_asm%_%no_cabac%_%no_deblock%_%no_fast_pskip%_%no_mbtree%_%no_weightb%_%rc_lookahead%_%rc_lookahead_60%_%ref%_%ref_1%_%root%_%;279.2167;466.5613
no_8x8dct%_%no_asm%_%no_mbtree%_%no_mixed_refs%_%rc_lookahead%_%rc_lookahead_60%_%ref%_%ref_1%_%root%_%;287.0533;365.2544
no_asm%_%no_cabac%_%no_mbtree%_%rc_lookahead%_%rc_lookahead_20%_%ref%_%ref_1%_%root%_%;295.47;434.5215
no_8x8dct%_%no_asm%_%no_fast_pskip%_%no_mbtree%_%no_mixed_refs%_%rc_lookahead%_%rc_lookahead_60%_%ref%_%ref_1%_%root%_%;291.4833;409.9448
no_8x8dct%_%no_asm%_%no_cabac%_%no_mbtree%_%no_mixed_refs%_%rc_lookahead%_%rc_lookahead_60%_%ref%_%ref_1%_%root%_%;275.9867;364.6122
no_8x8dct%_%no_asm%_%no_cabac%_%no_fast_pskip%_%no_mbtree%_%no_mixed_refs%_%rc_lookahead%_%rc_lookahead_60%_%ref%_%ref_1%_%root%_%;279.8533;405.8602
no_8x8dct%_%no_asm%_%no_deblock%_%no_mbtree%_%no_mixed_refs%_%rc_lookahead%_%rc_lookahead_60%_%ref%_%ref_1%_%root%_%;286.47;363.0881
no_8x8dct%_%no_asm%_%no_cabac%_%no_deblock%_%no_mbtree%_%no_mixed_refs%_%rc_lookahead%_%rc_lookahead_60%_%ref%_%ref_1%_%root%_%;275.39;362.7124
no_8x8dct%_%no_asm%_%no_deblock%_%no_fast_pskip%_%no_mbtree%_%no_mixed_refs%_%rc_lookahead%_%rc_lookahead_60%_%ref%_%ref_1%_%root%_%;291.2767;409.1374
no_8x8dct%_%no_asm%_%no_cabac%_%no_deblock%_%no_fast_pskip%_%no_mbtree%_%no_mixed_refs%_%rc_lookahead%_%rc_lookahead_60%_%ref%_%ref_1%_%root%_%;279.13;405.3176
no_8x8dct%_%no_asm%_%no_mbtree%_%no_mixed_refs%_%no_weightb%_%rc_lookahead%_%rc_lookahead_60%_%ref%_%ref_1%_%root%_%;287.0633;364.8289
no_8x8dct%_%no_asm%_%no_fast_pskip%_%no_mbtree%_%no_mixed_refs%_%no_weightb%_%rc_lookahead%_%rc_lookahead_60%_%ref%_%ref_1%_%root%_%;291.5867;410.3007
no_8x8dct%_%no_asm%_%no_deblock%_%no_mbtree%_%no_mixed_refs%_%no_weightb%_%rc_lookahead%_%rc_lookahead_60%_%ref%_%ref_1%_%root%_%;286.4567;362.6428
no_asm%_%no_cabac%_%no_fast_pskip%_%no_mbtree%_%rc_lookahead%_%rc_lookahead_20%_%ref%_%ref_1%_%root%_%;299.66;479.375
no_8x8dct%_%no_asm%_%no_deblock%_%no_fast_pskip%_%no_mbtree%_%no_mixed_refs%_%no_weightb%_%rc_lookahead%_%rc_lookahead_60%_%ref%_%ref_1%_%root%_%;291.2367;409.4202
no_8x8dct%_%no_asm%_%no_cabac%_%no_mbtree%_%no_mixed_refs%_%no_weightb%_%rc_lookahead%_%rc_lookahead_60%_%ref%_%ref_1%_%root%_%;276.0733;364.1478
no_8x8dct%_%no_asm%_%no_cabac%_%no_deblock%_%no_mbtree%_%no_mixed_refs%_%no_weightb%_%rc_lookahead%_%rc_lookahead_60%_%ref%_%ref_1%_%root%_%;275.46;362.2496
no_8x8dct%_%no_asm%_%no_cabac%_%no_fast_pskip%_%no_mbtree%_%no_mixed_refs%_%no_weightb%_%rc_lookahead%_%rc_lookahead_60%_%ref%_%ref_1%_%root%_%;279.9267;406.0272
no_8x8dct%_%no_asm%_%no_cabac%_%no_deblock%_%no_fast_pskip%_%no_mbtree%_%no_mixed_refs%_%no_weightb%_%rc_lookahead%_%rc_lookahead_60%_%ref%_%ref_1%_%root%_%;279.2467;405.4283
no_asm%_%rc_lookahead%_%rc_lookahead_40%_%ref%_%ref_5%_%root%_%;444.6;442.3409
no_asm%_%no_deblock%_%rc_lookahead%_%rc_lookahead_40%_%ref%_%ref_5%_%root%_%;446.6333;443.3404
no_asm%_%no_fast_pskip%_%rc_lookahead%_%rc_lookahead_40%_%ref%_%ref_5%_%root%_%;515.5433;509.5874
no_asm%_%no_deblock%_%no_fast_pskip%_%rc_lookahead%_%rc_lookahead_40%_%ref%_%ref_5%_%root%_%;518.1433;508.4596
no_asm%_%no_cabac%_%rc_lookahead%_%rc_lookahead_40%_%ref%_%ref_5%_%root%_%;438.1967;437.3567
no_asm%_%no_cabac%_%no_deblock%_%no_mbtree%_%rc_lookahead%_%rc_lookahead_20%_%ref%_%ref_1%_%root%_%;295.3667;434.0815
no_asm%_%no_cabac%_%no_fast_pskip%_%rc_lookahead%_%rc_lookahead_40%_%ref%_%ref_5%_%root%_%;507.75;507.7078
no_asm%_%no_cabac%_%no_deblock%_%rc_lookahead%_%rc_lookahead_40%_%ref%_%ref_5%_%root%_%;439.6067;437.618
no_asm%_%no_cabac%_%no_deblock%_%no_fast_pskip%_%rc_lookahead%_%rc_lookahead_40%_%ref%_%ref_5%_%root%_%;509.2733;506.58
no_asm%_%no_weightb%_%rc_lookahead%_%rc_lookahead_40%_%ref%_%ref_5%_%root%_%;444.3333;442.2159
no_asm%_%no_deblock%_%no_weightb%_%rc_lookahead%_%rc_lookahead_40%_%ref%_%ref_5%_%root%_%;446.6;443.0531
no_asm%_%no_cabac%_%no_weightb%_%rc_lookahead%_%rc_lookahead_40%_%ref%_%ref_5%_%root%_%;437.9333;437.2596
no_asm%_%no_cabac%_%no_deblock%_%no_weightb%_%rc_lookahead%_%rc_lookahead_40%_%ref%_%ref_5%_%root%_%;439.26;437.4724
no_asm%_%no_fast_pskip%_%no_weightb%_%rc_lookahead%_%rc_lookahead_40%_%ref%_%ref_5%_%root%_%;515.6633;508.8244
no_asm%_%no_cabac%_%no_fast_pskip%_%no_weightb%_%rc_lookahead%_%rc_lookahead_40%_%ref%_%ref_5%_%root%_%;507.39;507.087
no_asm%_%no_deblock%_%no_fast_pskip%_%no_weightb%_%rc_lookahead%_%rc_lookahead_40%_%ref%_%ref_5%_%root%_%;517.1233;507.7678
no_asm%_%no_deblock%_%no_fast_pskip%_%rc_lookahead%_%rc_lookahead_20%_%ref%_%ref_1%_%root%_%;275.4267;413.4183
no_asm%_%no_cabac%_%no_deblock%_%no_fast_pskip%_%no_mbtree%_%rc_lookahead%_%rc_lookahead_20%_%ref%_%ref_1%_%root%_%;299.6367;480.5452
no_asm%_%no_cabac%_%no_deblock%_%no_fast_pskip%_%no_weightb%_%rc_lookahead%_%rc_lookahead_40%_%ref%_%ref_5%_%root%_%;508.6233;506.0304
no_asm%_%no_mixed_refs%_%rc_lookahead%_%rc_lookahead_40%_%ref%_%ref_5%_%root%_%;383.0533;380.9246
no_asm%_%no_deblock%_%no_mixed_refs%_%rc_lookahead%_%rc_lookahead_40%_%ref%_%ref_5%_%root%_%;382.12;380.3978
no_asm%_%no_fast_pskip%_%no_mixed_refs%_%rc_lookahead%_%rc_lookahead_40%_%ref%_%ref_5%_%root%_%;449.28;447.2546
no_asm%_%no_deblock%_%no_fast_pskip%_%no_mixed_refs%_%rc_lookahead%_%rc_lookahead_40%_%ref%_%ref_5%_%root%_%;448.53;446.9213
no_asm%_%no_mixed_refs%_%no_weightb%_%rc_lookahead%_%rc_lookahead_40%_%ref%_%ref_5%_%root%_%;382.8833;380.8239
no_asm%_%no_fast_pskip%_%no_mixed_refs%_%no_weightb%_%rc_lookahead%_%rc_lookahead_40%_%ref%_%ref_5%_%root%_%;449.1333;447.1844
no_asm%_%no_deblock%_%no_mixed_refs%_%no_weightb%_%rc_lookahead%_%rc_lookahead_40%_%ref%_%ref_5%_%root%_%;382.01;380.4072
no_asm%_%no_deblock%_%no_fast_pskip%_%no_mixed_refs%_%no_weightb%_%rc_lookahead%_%rc_lookahead_40%_%ref%_%ref_5%_%root%_%;448.11;446.9307
no_asm%_%no_cabac%_%no_mixed_refs%_%rc_lookahead%_%rc_lookahead_40%_%ref%_%ref_5%_%root%_%;380.6633;378.2533
no_asm%_%no_mbtree%_%no_mixed_refs%_%rc_lookahead%_%rc_lookahead_20%_%ref%_%ref_1%_%root%_%;305.26;378.3759
no_asm%_%no_cabac%_%no_deblock%_%no_mixed_refs%_%rc_lookahead%_%rc_lookahead_40%_%ref%_%ref_5%_%root%_%;379.4567;377.7826
no_asm%_%no_cabac%_%no_mixed_refs%_%no_weightb%_%rc_lookahead%_%rc_lookahead_40%_%ref%_%ref_5%_%root%_%;380.2767;378.2041
no_asm%_%no_cabac%_%no_deblock%_%no_mixed_refs%_%no_weightb%_%rc_lookahead%_%rc_lookahead_40%_%ref%_%ref_5%_%root%_%;379.4;377.7381
no_asm%_%no_cabac%_%no_fast_pskip%_%no_mixed_refs%_%rc_lookahead%_%rc_lookahead_40%_%ref%_%ref_5%_%root%_%;445.8367;443.1906
no_asm%_%no_cabac%_%no_fast_pskip%_%no_mixed_refs%_%no_weightb%_%rc_lookahead%_%rc_lookahead_40%_%ref%_%ref_5%_%root%_%;445.4567;443.0235
no_asm%_%no_cabac%_%no_deblock%_%no_fast_pskip%_%no_mixed_refs%_%rc_lookahead%_%rc_lookahead_40%_%ref%_%ref_5%_%root%_%;444.6067;443.1906
no_asm%_%no_cabac%_%no_deblock%_%no_fast_pskip%_%no_mixed_refs%_%no_weightb%_%rc_lookahead%_%rc_lookahead_40%_%ref%_%ref_5%_%root%_%;444.38;443.0235
no_asm%_%no_mbtree%_%rc_lookahead%_%rc_lookahead_40%_%ref%_%ref_5%_%root%_%;519.5833;516.3043
no_asm%_%no_deblock%_%no_mbtree%_%rc_lookahead%_%rc_lookahead_40%_%ref%_%ref_5%_%root%_%;521.8433;518.2946
no_asm%_%no_fast_pskip%_%no_mbtree%_%rc_lookahead%_%rc_lookahead_40%_%ref%_%ref_5%_%root%_%;571.3967;555.44
no_asm%_%no_deblock%_%no_mbtree%_%no_mixed_refs%_%rc_lookahead%_%rc_lookahead_20%_%ref%_%ref_1%_%root%_%;304.9667;376.7665
no_asm%_%no_deblock%_%no_fast_pskip%_%no_mbtree%_%rc_lookahead%_%rc_lookahead_40%_%ref%_%ref_5%_%root%_%;573.63;557.8978
no_asm%_%no_cabac%_%no_mbtree%_%rc_lookahead%_%rc_lookahead_40%_%ref%_%ref_5%_%root%_%;511.58;513.3152
no_asm%_%no_cabac%_%no_fast_pskip%_%no_mbtree%_%rc_lookahead%_%rc_lookahead_40%_%ref%_%ref_5%_%root%_%;562.6767;556.2572
no_asm%_%no_cabac%_%no_deblock%_%no_mbtree%_%rc_lookahead%_%rc_lookahead_40%_%ref%_%ref_5%_%root%_%;513.2333;515.0743
no_asm%_%no_cabac%_%no_deblock%_%no_fast_pskip%_%no_mbtree%_%rc_lookahead%_%rc_lookahead_40%_%ref%_%ref_5%_%root%_%;564.2;558.5976
no_asm%_%no_mbtree%_%no_mixed_refs%_%rc_lookahead%_%rc_lookahead_40%_%ref%_%ref_5%_%root%_%;433.2233;433.1902
no_asm%_%no_deblock%_%no_mbtree%_%no_mixed_refs%_%rc_lookahead%_%rc_lookahead_40%_%ref%_%ref_5%_%root%_%;432.6667;431.4509
no_asm%_%no_cabac%_%no_mbtree%_%no_mixed_refs%_%rc_lookahead%_%rc_lookahead_40%_%ref%_%ref_5%_%root%_%;428.3833;428.782
no_asm%_%no_cabac%_%no_deblock%_%no_mbtree%_%no_mixed_refs%_%rc_lookahead%_%rc_lookahead_40%_%ref%_%ref_5%_%root%_%;427.7533;427.2989
no_asm%_%no_fast_pskip%_%no_mbtree%_%no_mixed_refs%_%rc_lookahead%_%rc_lookahead_40%_%ref%_%ref_5%_%root%_%;482.8767;482.5109
no_asm%_%no_cabac%_%no_mbtree%_%no_mixed_refs%_%rc_lookahead%_%rc_lookahead_20%_%ref%_%ref_1%_%root%_%;295.5067;375.6365
no_asm%_%no_cabac%_%no_fast_pskip%_%no_mbtree%_%no_mixed_refs%_%rc_lookahead%_%rc_lookahead_40%_%ref%_%ref_5%_%root%_%;476.9133;478.4656
no_asm%_%no_deblock%_%no_fast_pskip%_%no_mbtree%_%no_mixed_refs%_%rc_lookahead%_%rc_lookahead_40%_%ref%_%ref_5%_%root%_%;482.2567;482.1335
no_asm%_%no_cabac%_%no_deblock%_%no_fast_pskip%_%no_mbtree%_%no_mixed_refs%_%rc_lookahead%_%rc_lookahead_40%_%ref%_%ref_5%_%root%_%;476.33;478.1624
no_asm%_%no_mbtree%_%no_weightb%_%rc_lookahead%_%rc_lookahead_40%_%ref%_%ref_5%_%root%_%;519.1533;516.3574
no_asm%_%no_deblock%_%no_mbtree%_%no_weightb%_%rc_lookahead%_%rc_lookahead_40%_%ref%_%ref_5%_%root%_%;521.6067;518.5081
no_asm%_%no_fast_pskip%_%no_mbtree%_%no_weightb%_%rc_lookahead%_%rc_lookahead_40%_%ref%_%ref_5%_%root%_%;571.31;555.3989
no_asm%_%no_deblock%_%no_fast_pskip%_%no_mbtree%_%no_weightb%_%rc_lookahead%_%rc_lookahead_40%_%ref%_%ref_5%_%root%_%;573.4;557.8878
no_asm%_%no_mbtree%_%no_mixed_refs%_%no_weightb%_%rc_lookahead%_%rc_lookahead_40%_%ref%_%ref_5%_%root%_%;433.1533;432.9489
no_asm%_%no_fast_pskip%_%no_mbtree%_%no_mixed_refs%_%no_weightb%_%rc_lookahead%_%rc_lookahead_40%_%ref%_%ref_5%_%root%_%;482.6133;481.5741
no_asm%_%no_deblock%_%no_mbtree%_%no_mixed_refs%_%no_weightb%_%rc_lookahead%_%rc_lookahead_40%_%ref%_%ref_5%_%root%_%;432.7967;431.145
no_asm%_%no_cabac%_%no_deblock%_%no_mbtree%_%no_mixed_refs%_%rc_lookahead%_%rc_lookahead_20%_%ref%_%ref_1%_%root%_%;295.2567;374.3226
no_asm%_%no_deblock%_%no_fast_pskip%_%no_mbtree%_%no_mixed_refs%_%no_weightb%_%rc_lookahead%_%rc_lookahead_40%_%ref%_%ref_5%_%root%_%;482.04;481.3039
no_asm%_%no_cabac%_%no_mbtree%_%no_weightb%_%rc_lookahead%_%rc_lookahead_40%_%ref%_%ref_5%_%root%_%;511.3433;513.5126
no_asm%_%no_cabac%_%no_deblock%_%no_mbtree%_%no_weightb%_%rc_lookahead%_%rc_lookahead_40%_%ref%_%ref_5%_%root%_%;513;515.3028
no_asm%_%no_cabac%_%no_mbtree%_%no_mixed_refs%_%no_weightb%_%rc_lookahead%_%rc_lookahead_40%_%ref%_%ref_5%_%root%_%;428.0733;428.3111
no_asm%_%no_cabac%_%no_deblock%_%no_mbtree%_%no_mixed_refs%_%no_weightb%_%rc_lookahead%_%rc_lookahead_40%_%ref%_%ref_5%_%root%_%;427.4767;426.8541
no_asm%_%no_cabac%_%no_fast_pskip%_%no_mbtree%_%no_weightb%_%rc_lookahead%_%rc_lookahead_40%_%ref%_%ref_5%_%root%_%;562.2967;556.2472
no_asm%_%no_cabac%_%no_fast_pskip%_%no_mbtree%_%no_mixed_refs%_%no_weightb%_%rc_lookahead%_%rc_lookahead_40%_%ref%_%ref_5%_%root%_%;476.9533;477.6211
no_asm%_%no_cabac%_%no_deblock%_%no_fast_pskip%_%no_mbtree%_%no_weightb%_%rc_lookahead%_%rc_lookahead_40%_%ref%_%ref_5%_%root%_%;564.03;558.5876
no_asm%_%no_cabac%_%no_deblock%_%no_fast_pskip%_%no_mbtree%_%no_mixed_refs%_%no_weightb%_%rc_lookahead%_%rc_lookahead_40%_%ref%_%ref_5%_%root%_%;476.1267;477.3207
no_8x8dct%_%no_asm%_%rc_lookahead%_%rc_lookahead_40%_%ref%_%ref_5%_%root%_%;425.15;421.5826
no_asm%_%no_fast_pskip%_%no_mbtree%_%no_mixed_refs%_%rc_lookahead%_%rc_lookahead_20%_%ref%_%ref_1%_%root%_%;310.52;423.033
no_8x8dct%_%no_asm%_%no_deblock%_%rc_lookahead%_%rc_lookahead_40%_%ref%_%ref_5%_%root%_%;427.07;421.1448
no_8x8dct%_%no_asm%_%no_fast_pskip%_%rc_lookahead%_%rc_lookahead_40%_%ref%_%ref_5%_%root%_%;493.8933;496.0585
no_8x8dct%_%no_asm%_%no_deblock%_%no_fast_pskip%_%rc_lookahead%_%rc_lookahead_40%_%ref%_%ref_5%_%root%_%;495.1;496.0585
no_8x8dct%_%no_asm%_%no_cabac%_%rc_lookahead%_%rc_lookahead_40%_%ref%_%ref_5%_%root%_%;418.5633;419.2424
no_8x8dct%_%no_asm%_%no_cabac%_%no_fast_pskip%_%rc_lookahead%_%rc_lookahead_40%_%ref%_%ref_5%_%root%_%;486.6367;494.99
no_8x8dct%_%no_asm%_%no_cabac%_%no_deblock%_%rc_lookahead%_%rc_lookahead_40%_%ref%_%ref_5%_%root%_%;420.01;418.1902
no_8x8dct%_%no_asm%_%no_cabac%_%no_deblock%_%no_fast_pskip%_%rc_lookahead%_%rc_lookahead_40%_%ref%_%ref_5%_%root%_%;487.3733;494.99
no_8x8dct%_%no_asm%_%no_weightb%_%rc_lookahead%_%rc_lookahead_40%_%ref%_%ref_5%_%root%_%;424.82;421.4589
no_8x8dct%_%no_asm%_%no_deblock%_%no_weightb%_%rc_lookahead%_%rc_lookahead_40%_%ref%_%ref_5%_%root%_%;426.75;420.9902
no_8x8dct%_%no_asm%_%no_cabac%_%no_weightb%_%rc_lookahead%_%rc_lookahead_40%_%ref%_%ref_5%_%root%_%;418.1233;419.0569
no_asm%_%no_cabac%_%no_fast_pskip%_%no_mbtree%_%no_mixed_refs%_%rc_lookahead%_%rc_lookahead_20%_%ref%_%ref_1%_%root%_%;299.77;419.6694
no_8x8dct%_%no_asm%_%no_cabac%_%no_deblock%_%no_weightb%_%rc_lookahead%_%rc_lookahead_40%_%ref%_%ref_5%_%root%_%;419.82;417.9737
no_8x8dct%_%no_asm%_%no_fast_pskip%_%no_weightb%_%rc_lookahead%_%rc_lookahead_40%_%ref%_%ref_5%_%root%_%;493.44;495.0881
no_8x8dct%_%no_asm%_%no_cabac%_%no_fast_pskip%_%no_weightb%_%rc_lookahead%_%rc_lookahead_40%_%ref%_%ref_5%_%root%_%;486.57;494.1356
no_8x8dct%_%no_asm%_%no_deblock%_%no_fast_pskip%_%no_weightb%_%rc_lookahead%_%rc_lookahead_40%_%ref%_%ref_5%_%root%_%;494.2667;495.0881
no_8x8dct%_%no_asm%_%no_cabac%_%no_deblock%_%no_fast_pskip%_%no_weightb%_%rc_lookahead%_%rc_lookahead_40%_%ref%_%ref_5%_%root%_%;487.0567;494.1356
no_8x8dct%_%no_asm%_%no_mbtree%_%rc_lookahead%_%rc_lookahead_40%_%ref%_%ref_5%_%root%_%;492.3067;492.5052
no_8x8dct%_%no_asm%_%no_deblock%_%no_mbtree%_%rc_lookahead%_%rc_lookahead_40%_%ref%_%ref_5%_%root%_%;494.2333;495.1219
no_8x8dct%_%no_asm%_%no_fast_pskip%_%no_mbtree%_%rc_lookahead%_%rc_lookahead_40%_%ref%_%ref_5%_%root%_%;543.4633;537.9443
no_8x8dct%_%no_asm%_%no_deblock%_%no_fast_pskip%_%no_mbtree%_%rc_lookahead%_%rc_lookahead_40%_%ref%_%ref_5%_%root%_%;544.74;539.0694
no_8x8dct%_%no_asm%_%no_mbtree%_%no_weightb%_%rc_lookahead%_%rc_lookahead_40%_%ref%_%ref_5%_%root%_%;492.3533;492.7991
no_asm%_%no_deblock%_%no_fast_pskip%_%no_mbtree%_%no_mixed_refs%_%rc_lookahead%_%rc_lookahead_20%_%ref%_%ref_1%_%root%_%;310.1533;422.7559
no_8x8dct%_%no_asm%_%no_fast_pskip%_%no_mbtree%_%no_weightb%_%rc_lookahead%_%rc_lookahead_40%_%ref%_%ref_5%_%root%_%;543.2167;538.9237
no_8x8dct%_%no_asm%_%no_deblock%_%no_mbtree%_%no_weightb%_%rc_lookahead%_%rc_lookahead_40%_%ref%_%ref_5%_%root%_%;493.71;495.3952
no_8x8dct%_%no_asm%_%no_deblock%_%no_fast_pskip%_%no_mbtree%_%no_weightb%_%rc_lookahead%_%rc_lookahead_40%_%ref%_%ref_5%_%root%_%;544.75;540.0339
no_8x8dct%_%no_asm%_%no_cabac%_%no_mbtree%_%rc_lookahead%_%rc_lookahead_40%_%ref%_%ref_5%_%root%_%;485.4767;487.2056
no_8x8dct%_%no_asm%_%no_cabac%_%no_deblock%_%no_mbtree%_%rc_lookahead%_%rc_lookahead_40%_%ref%_%ref_5%_%root%_%;487.01;490.0817
no_8x8dct%_%no_asm%_%no_cabac%_%no_mbtree%_%no_weightb%_%rc_lookahead%_%rc_lookahead_40%_%ref%_%ref_5%_%root%_%;485.5233;487.5576
no_8x8dct%_%no_asm%_%no_cabac%_%no_deblock%_%no_mbtree%_%no_weightb%_%rc_lookahead%_%rc_lookahead_40%_%ref%_%ref_5%_%root%_%;486.8267;490.3543
no_8x8dct%_%no_asm%_%no_cabac%_%no_fast_pskip%_%no_mbtree%_%rc_lookahead%_%rc_lookahead_40%_%ref%_%ref_5%_%root%_%;535.8;538.4806
no_8x8dct%_%no_asm%_%no_cabac%_%no_fast_pskip%_%no_mbtree%_%no_weightb%_%rc_lookahead%_%rc_lookahead_40%_%ref%_%ref_5%_%root%_%;535.86;539.46
no_8x8dct%_%no_asm%_%no_cabac%_%no_deblock%_%no_fast_pskip%_%no_mbtree%_%rc_lookahead%_%rc_lookahead_40%_%ref%_%ref_5%_%root%_%;537.1433;539.515
no_asm%_%no_cabac%_%no_deblock%_%no_fast_pskip%_%no_mbtree%_%no_mixed_refs%_%rc_lookahead%_%rc_lookahead_20%_%ref%_%ref_1%_%root%_%;299.6367;419.4252
no_8x8dct%_%no_asm%_%no_cabac%_%no_deblock%_%no_fast_pskip%_%no_mbtree%_%no_weightb%_%rc_lookahead%_%rc_lookahead_40%_%ref%_%ref_5%_%root%_%;536.8767;540.4944
no_8x8dct%_%no_asm%_%no_mixed_refs%_%rc_lookahead%_%rc_lookahead_40%_%ref%_%ref_5%_%root%_%;369.81;380.9246
no_8x8dct%_%no_asm%_%no_deblock%_%no_mixed_refs%_%rc_lookahead%_%rc_lookahead_40%_%ref%_%ref_5%_%root%_%;368.9867;380.3978
no_8x8dct%_%no_asm%_%no_fast_pskip%_%no_mixed_refs%_%rc_lookahead%_%rc_lookahead_40%_%ref%_%ref_5%_%root%_%;433.86;431.8815
no_8x8dct%_%no_asm%_%no_deblock%_%no_fast_pskip%_%no_mixed_refs%_%rc_lookahead%_%rc_lookahead_40%_%ref%_%ref_5%_%root%_%;433;431.5481
no_8x8dct%_%no_asm%_%no_cabac%_%no_mixed_refs%_%rc_lookahead%_%rc_lookahead_40%_%ref%_%ref_5%_%root%_%;364.76;378.2533
no_8x8dct%_%no_asm%_%no_cabac%_%no_fast_pskip%_%no_mixed_refs%_%rc_lookahead%_%rc_lookahead_40%_%ref%_%ref_5%_%root%_%;428.4133;428.0844
no_8x8dct%_%no_asm%_%no_cabac%_%no_deblock%_%no_mixed_refs%_%rc_lookahead%_%rc_lookahead_40%_%ref%_%ref_5%_%root%_%;363.9367;377.7826
no_8x8dct%_%no_asm%_%no_cabac%_%no_deblock%_%no_fast_pskip%_%no_mixed_refs%_%rc_lookahead%_%rc_lookahead_40%_%ref%_%ref_5%_%root%_%;427.2433;427.5726
no_8x8dct%_%no_asm%_%no_mbtree%_%no_mixed_refs%_%rc_lookahead%_%rc_lookahead_40%_%ref%_%ref_5%_%root%_%;414.8467;412.8317
no_asm%_%no_mbtree%_%no_weightb%_%rc_lookahead%_%rc_lookahead_20%_%ref%_%ref_1%_%root%_%;305.2833;435.8641
no_8x8dct%_%no_asm%_%no_deblock%_%no_mbtree%_%no_mixed_refs%_%rc_lookahead%_%rc_lookahead_40%_%ref%_%ref_5%_%root%_%;414.1733;409.8791
no_8x8dct%_%no_asm%_%no_cabac%_%no_mbtree%_%no_mixed_refs%_%rc_lookahead%_%rc_lookahead_40%_%ref%_%ref_5%_%root%_%;408.75;411.8137
no_8x8dct%_%no_asm%_%no_cabac%_%no_deblock%_%no_mbtree%_%no_mixed_refs%_%rc_lookahead%_%rc_lookahead_40%_%ref%_%ref_5%_%root%_%;408.0733;409.1276
no_8x8dct%_%no_asm%_%no_fast_pskip%_%no_mbtree%_%no_mixed_refs%_%rc_lookahead%_%rc_lookahead_40%_%ref%_%ref_5%_%root%_%;463.39;465.0417
no_8x8dct%_%no_asm%_%no_cabac%_%no_fast_pskip%_%no_mbtree%_%no_mixed_refs%_%rc_lookahead%_%rc_lookahead_40%_%ref%_%ref_5%_%root%_%;456.7067;459.4722
no_8x8dct%_%no_asm%_%no_deblock%_%no_fast_pskip%_%no_mbtree%_%no_mixed_refs%_%rc_lookahead%_%rc_lookahead_40%_%ref%_%ref_5%_%root%_%;462.57;464.0928
no_8x8dct%_%no_asm%_%no_cabac%_%no_deblock%_%no_fast_pskip%_%no_mbtree%_%no_mixed_refs%_%rc_lookahead%_%rc_lookahead_40%_%ref%_%ref_5%_%root%_%;455.68;458.9296
no_8x8dct%_%no_asm%_%no_mixed_refs%_%no_weightb%_%rc_lookahead%_%rc_lookahead_40%_%ref%_%ref_5%_%root%_%;369.4633;380.8239
no_8x8dct%_%no_asm%_%no_deblock%_%no_mixed_refs%_%no_weightb%_%rc_lookahead%_%rc_lookahead_40%_%ref%_%ref_5%_%root%_%;368.63;380.4072
no_8x8dct%_%no_asm%_%no_fast_pskip%_%no_mixed_refs%_%no_weightb%_%rc_lookahead%_%rc_lookahead_40%_%ref%_%ref_5%_%root%_%;433.6933;430.4493
no_asm%_%no_cabac%_%rc_lookahead%_%rc_lookahead_20%_%ref%_%ref_1%_%root%_%;260.2667;362.4559
no_asm%_%no_deblock%_%no_mbtree%_%no_weightb%_%rc_lookahead%_%rc_lookahead_20%_%ref%_%ref_1%_%root%_%;304.9967;435.7211
no_8x8dct%_%no_asm%_%no_deblock%_%no_fast_pskip%_%no_mixed_refs%_%no_weightb%_%rc_lookahead%_%rc_lookahead_40%_%ref%_%ref_5%_%root%_%;432.77;430.0296
no_8x8dct%_%no_asm%_%no_mbtree%_%no_mixed_refs%_%no_weightb%_%rc_lookahead%_%rc_lookahead_40%_%ref%_%ref_5%_%root%_%;414.6867;412.3713
no_8x8dct%_%no_asm%_%no_fast_pskip%_%no_mbtree%_%no_mixed_refs%_%no_weightb%_%rc_lookahead%_%rc_lookahead_40%_%ref%_%ref_5%_%root%_%;463.3467;464.3189
no_8x8dct%_%no_asm%_%no_deblock%_%no_mbtree%_%no_mixed_refs%_%no_weightb%_%rc_lookahead%_%rc_lookahead_40%_%ref%_%ref_5%_%root%_%;413.88;409.3989
no_8x8dct%_%no_asm%_%no_deblock%_%no_fast_pskip%_%no_mbtree%_%no_mixed_refs%_%no_weightb%_%rc_lookahead%_%rc_lookahead_40%_%ref%_%ref_5%_%root%_%;462.4367;463.2406
no_8x8dct%_%no_asm%_%no_cabac%_%no_mixed_refs%_%no_weightb%_%rc_lookahead%_%rc_lookahead_40%_%ref%_%ref_5%_%root%_%;364.3467;378.2041
no_8x8dct%_%no_asm%_%no_cabac%_%no_deblock%_%no_mixed_refs%_%no_weightb%_%rc_lookahead%_%rc_lookahead_40%_%ref%_%ref_5%_%root%_%;363.56;377.7381
no_8x8dct%_%no_asm%_%no_cabac%_%no_mbtree%_%no_mixed_refs%_%no_weightb%_%rc_lookahead%_%rc_lookahead_40%_%ref%_%ref_5%_%root%_%;408.6167;411.297
no_8x8dct%_%no_asm%_%no_cabac%_%no_deblock%_%no_mbtree%_%no_mixed_refs%_%no_weightb%_%rc_lookahead%_%rc_lookahead_40%_%ref%_%ref_5%_%root%_%;407.6867;408.6126
no_8x8dct%_%no_asm%_%no_cabac%_%no_fast_pskip%_%no_mixed_refs%_%no_weightb%_%rc_lookahead%_%rc_lookahead_40%_%ref%_%ref_5%_%root%_%;428.16;427.0541
no_asm%_%no_fast_pskip%_%no_mbtree%_%no_weightb%_%rc_lookahead%_%rc_lookahead_20%_%ref%_%ref_1%_%root%_%;310.5767;478.1965
no_8x8dct%_%no_asm%_%no_cabac%_%no_fast_pskip%_%no_mbtree%_%no_mixed_refs%_%no_weightb%_%rc_lookahead%_%rc_lookahead_40%_%ref%_%ref_5%_%root%_%;456.3633;458.4844
no_8x8dct%_%no_asm%_%no_cabac%_%no_deblock%_%no_fast_pskip%_%no_mixed_refs%_%no_weightb%_%rc_lookahead%_%rc_lookahead_40%_%ref%_%ref_5%_%root%_%;427.06;426.4559
no_8x8dct%_%no_asm%_%no_cabac%_%no_deblock%_%no_fast_pskip%_%no_mbtree%_%no_mixed_refs%_%no_weightb%_%rc_lookahead%_%rc_lookahead_40%_%ref%_%ref_5%_%root%_%;455.4;457.8361
no_asm%_%rc_lookahead%_%rc_lookahead_60%_%ref%_%ref_5%_%root%_%;445.5767;442.3409
no_asm%_%no_deblock%_%rc_lookahead%_%rc_lookahead_60%_%ref%_%ref_5%_%root%_%;447.6267;443.3404
no_asm%_%no_fast_pskip%_%rc_lookahead%_%rc_lookahead_60%_%ref%_%ref_5%_%root%_%;516.7667;509.5874
no_asm%_%no_deblock%_%no_fast_pskip%_%rc_lookahead%_%rc_lookahead_60%_%ref%_%ref_5%_%root%_%;518.8;508.4596
no_asm%_%no_cabac%_%rc_lookahead%_%rc_lookahead_60%_%ref%_%ref_5%_%root%_%;439.1067;437.3567
no_asm%_%no_cabac%_%no_fast_pskip%_%rc_lookahead%_%rc_lookahead_60%_%ref%_%ref_5%_%root%_%;508.9833;507.7078
no_asm%_%no_cabac%_%no_deblock%_%rc_lookahead%_%rc_lookahead_60%_%ref%_%ref_5%_%root%_%;440.6733;437.618
no_asm%_%no_deblock%_%no_fast_pskip%_%no_mbtree%_%no_weightb%_%rc_lookahead%_%rc_lookahead_20%_%ref%_%ref_1%_%root%_%;310.2167;479.3667
no_asm%_%no_cabac%_%no_deblock%_%no_fast_pskip%_%rc_lookahead%_%rc_lookahead_60%_%ref%_%ref_5%_%root%_%;510.21;506.58
no_asm%_%no_weightb%_%rc_lookahead%_%rc_lookahead_60%_%ref%_%ref_5%_%root%_%;445.4867;442.2159
no_asm%_%no_deblock%_%no_weightb%_%rc_lookahead%_%rc_lookahead_60%_%ref%_%ref_5%_%root%_%;447.6467;443.0531
no_asm%_%no_cabac%_%no_weightb%_%rc_lookahead%_%rc_lookahead_60%_%ref%_%ref_5%_%root%_%;439.02;437.2596
no_asm%_%no_cabac%_%no_deblock%_%no_weightb%_%rc_lookahead%_%rc_lookahead_60%_%ref%_%ref_5%_%root%_%;440.41;437.4724
no_asm%_%no_fast_pskip%_%no_weightb%_%rc_lookahead%_%rc_lookahead_60%_%ref%_%ref_5%_%root%_%;516.5867;508.8244
no_asm%_%no_cabac%_%no_fast_pskip%_%no_weightb%_%rc_lookahead%_%rc_lookahead_60%_%ref%_%ref_5%_%root%_%;508.5467;507.087
no_asm%_%no_deblock%_%no_fast_pskip%_%no_weightb%_%rc_lookahead%_%rc_lookahead_60%_%ref%_%ref_5%_%root%_%;518.5667;507.7678
no_asm%_%no_cabac%_%no_deblock%_%no_fast_pskip%_%no_weightb%_%rc_lookahead%_%rc_lookahead_60%_%ref%_%ref_5%_%root%_%;509.8033;506.0304
no_asm%_%no_mixed_refs%_%rc_lookahead%_%rc_lookahead_60%_%ref%_%ref_5%_%root%_%;384.1967;380.9246
no_asm%_%no_mbtree%_%no_mixed_refs%_%no_weightb%_%rc_lookahead%_%rc_lookahead_20%_%ref%_%ref_1%_%root%_%;305.48;378.1274
no_asm%_%no_deblock%_%no_mixed_refs%_%rc_lookahead%_%rc_lookahead_60%_%ref%_%ref_5%_%root%_%;383.26;380.3978
no_asm%_%no_fast_pskip%_%no_mixed_refs%_%rc_lookahead%_%rc_lookahead_60%_%ref%_%ref_5%_%root%_%;450.1567;447.2546
no_asm%_%no_deblock%_%no_fast_pskip%_%no_mixed_refs%_%rc_lookahead%_%rc_lookahead_60%_%ref%_%ref_5%_%root%_%;449.3833;446.9213
no_asm%_%no_mixed_refs%_%no_weightb%_%rc_lookahead%_%rc_lookahead_60%_%ref%_%ref_5%_%root%_%;383.89;380.8239
no_asm%_%no_fast_pskip%_%no_mixed_refs%_%no_weightb%_%rc_lookahead%_%rc_lookahead_60%_%ref%_%ref_5%_%root%_%;450.13;447.1844
no_asm%_%no_deblock%_%no_mixed_refs%_%no_weightb%_%rc_lookahead%_%rc_lookahead_60%_%ref%_%ref_5%_%root%_%;382.98;380.4072
no_asm%_%no_deblock%_%no_fast_pskip%_%no_mixed_refs%_%no_weightb%_%rc_lookahead%_%rc_lookahead_60%_%ref%_%ref_5%_%root%_%;449.03;446.9307
no_asm%_%no_cabac%_%no_mixed_refs%_%rc_lookahead%_%rc_lookahead_60%_%ref%_%ref_5%_%root%_%;381.4033;378.2533
no_asm%_%no_cabac%_%no_deblock%_%no_mixed_refs%_%rc_lookahead%_%rc_lookahead_60%_%ref%_%ref_5%_%root%_%;380.5267;377.7826
no_asm%_%no_cabac%_%no_mixed_refs%_%no_weightb%_%rc_lookahead%_%rc_lookahead_60%_%ref%_%ref_5%_%root%_%;381.2133;378.2041
no_asm%_%no_fast_pskip%_%no_mbtree%_%no_mixed_refs%_%no_weightb%_%rc_lookahead%_%rc_lookahead_20%_%ref%_%ref_1%_%root%_%;310.7933;423.2339
no_asm%_%no_cabac%_%no_deblock%_%no_mixed_refs%_%no_weightb%_%rc_lookahead%_%rc_lookahead_60%_%ref%_%ref_5%_%root%_%;380.18;377.7381
no_asm%_%no_cabac%_%no_fast_pskip%_%no_mixed_refs%_%rc_lookahead%_%rc_lookahead_60%_%ref%_%ref_5%_%root%_%;446.64;443.1906
no_asm%_%no_cabac%_%no_fast_pskip%_%no_mixed_refs%_%no_weightb%_%rc_lookahead%_%rc_lookahead_60%_%ref%_%ref_5%_%root%_%;446.63;443.0235
no_asm%_%no_cabac%_%no_deblock%_%no_fast_pskip%_%no_mixed_refs%_%rc_lookahead%_%rc_lookahead_60%_%ref%_%ref_5%_%root%_%;445.6667;443.1906
no_asm%_%no_cabac%_%no_deblock%_%no_fast_pskip%_%no_mixed_refs%_%no_weightb%_%rc_lookahead%_%rc_lookahead_60%_%ref%_%ref_5%_%root%_%;445.2133;443.0235
no_8x8dct%_%no_asm%_%rc_lookahead%_%rc_lookahead_60%_%ref%_%ref_5%_%root%_%;426.4167;421.5826
no_8x8dct%_%no_asm%_%no_deblock%_%rc_lookahead%_%rc_lookahead_60%_%ref%_%ref_5%_%root%_%;428.0267;421.1448
no_8x8dct%_%no_asm%_%no_fast_pskip%_%rc_lookahead%_%rc_lookahead_60%_%ref%_%ref_5%_%root%_%;494.5967;496.0585
no_8x8dct%_%no_asm%_%no_deblock%_%no_fast_pskip%_%rc_lookahead%_%rc_lookahead_60%_%ref%_%ref_5%_%root%_%;495.56;496.0585
no_8x8dct%_%no_asm%_%no_cabac%_%rc_lookahead%_%rc_lookahead_60%_%ref%_%ref_5%_%root%_%;419.7;419.2424
no_asm%_%no_deblock%_%no_mbtree%_%no_mixed_refs%_%no_weightb%_%rc_lookahead%_%rc_lookahead_20%_%ref%_%ref_1%_%root%_%;304.94;376.4606
no_8x8dct%_%no_asm%_%no_cabac%_%no_fast_pskip%_%rc_lookahead%_%rc_lookahead_60%_%ref%_%ref_5%_%root%_%;487.7367;494.99
no_8x8dct%_%no_asm%_%no_cabac%_%no_deblock%_%rc_lookahead%_%rc_lookahead_60%_%ref%_%ref_5%_%root%_%;421.1133;418.1902
no_8x8dct%_%no_asm%_%no_cabac%_%no_deblock%_%no_fast_pskip%_%rc_lookahead%_%rc_lookahead_60%_%ref%_%ref_5%_%root%_%;488.7733;494.99
no_8x8dct%_%no_asm%_%no_mixed_refs%_%rc_lookahead%_%rc_lookahead_60%_%ref%_%ref_5%_%root%_%;370.77;380.9246
no_8x8dct%_%no_asm%_%no_deblock%_%no_mixed_refs%_%rc_lookahead%_%rc_lookahead_60%_%ref%_%ref_5%_%root%_%;369.68;380.3978
no_8x8dct%_%no_asm%_%no_cabac%_%no_mixed_refs%_%rc_lookahead%_%rc_lookahead_60%_%ref%_%ref_5%_%root%_%;365.9033;378.2533
no_8x8dct%_%no_asm%_%no_cabac%_%no_deblock%_%no_mixed_refs%_%rc_lookahead%_%rc_lookahead_60%_%ref%_%ref_5%_%root%_%;365.04;377.7826
no_8x8dct%_%no_asm%_%no_fast_pskip%_%no_mixed_refs%_%rc_lookahead%_%rc_lookahead_60%_%ref%_%ref_5%_%root%_%;434.97;431.8815
no_8x8dct%_%no_asm%_%no_cabac%_%no_fast_pskip%_%no_mixed_refs%_%rc_lookahead%_%rc_lookahead_60%_%ref%_%ref_5%_%root%_%;429.6433;428.0844
no_8x8dct%_%no_asm%_%no_deblock%_%no_fast_pskip%_%no_mixed_refs%_%rc_lookahead%_%rc_lookahead_60%_%ref%_%ref_5%_%root%_%;433.9133;431.5481
no_asm%_%no_deblock%_%no_fast_pskip%_%no_mbtree%_%no_mixed_refs%_%no_weightb%_%rc_lookahead%_%rc_lookahead_20%_%ref%_%ref_1%_%root%_%;310.29;423.0613
no_8x8dct%_%no_asm%_%no_cabac%_%no_deblock%_%no_fast_pskip%_%no_mixed_refs%_%rc_lookahead%_%rc_lookahead_60%_%ref%_%ref_5%_%root%_%;428.2633;427.5726
no_8x8dct%_%no_asm%_%no_weightb%_%rc_lookahead%_%rc_lookahead_60%_%ref%_%ref_5%_%root%_%;425.8733;421.4589
no_8x8dct%_%no_asm%_%no_deblock%_%no_weightb%_%rc_lookahead%_%rc_lookahead_60%_%ref%_%ref_5%_%root%_%;427.7967;420.9902
no_8x8dct%_%no_asm%_%no_fast_pskip%_%no_weightb%_%rc_lookahead%_%rc_lookahead_60%_%ref%_%ref_5%_%root%_%;494.32;495.0881
no_8x8dct%_%no_asm%_%no_deblock%_%no_fast_pskip%_%no_weightb%_%rc_lookahead%_%rc_lookahead_60%_%ref%_%ref_5%_%root%_%;495.45;495.0881
no_8x8dct%_%no_asm%_%no_mixed_refs%_%no_weightb%_%rc_lookahead%_%rc_lookahead_60%_%ref%_%ref_5%_%root%_%;370.5567;380.8239
no_8x8dct%_%no_asm%_%no_fast_pskip%_%no_mixed_refs%_%no_weightb%_%rc_lookahead%_%rc_lookahead_60%_%ref%_%ref_5%_%root%_%;434.6433;430.4493
no_8x8dct%_%no_asm%_%no_deblock%_%no_mixed_refs%_%no_weightb%_%rc_lookahead%_%rc_lookahead_60%_%ref%_%ref_5%_%root%_%;369.6167;380.4072
no_8x8dct%_%no_asm%_%no_deblock%_%no_fast_pskip%_%no_mixed_refs%_%no_weightb%_%rc_lookahead%_%rc_lookahead_60%_%ref%_%ref_5%_%root%_%;433.9267;430.0296
no_8x8dct%_%no_asm%_%no_cabac%_%no_weightb%_%rc_lookahead%_%rc_lookahead_60%_%ref%_%ref_5%_%root%_%;419.3967;419.0569
no_asm%_%no_cabac%_%no_mbtree%_%no_weightb%_%rc_lookahead%_%rc_lookahead_20%_%ref%_%ref_1%_%root%_%;295.59;434.7189
no_8x8dct%_%no_asm%_%no_cabac%_%no_deblock%_%no_weightb%_%rc_lookahead%_%rc_lookahead_60%_%ref%_%ref_5%_%root%_%;420.6833;417.9737
no_8x8dct%_%no_asm%_%no_cabac%_%no_mixed_refs%_%no_weightb%_%rc_lookahead%_%rc_lookahead_60%_%ref%_%ref_5%_%root%_%;365.4433;378.2041
no_8x8dct%_%no_asm%_%no_cabac%_%no_deblock%_%no_mixed_refs%_%no_weightb%_%rc_lookahead%_%rc_lookahead_60%_%ref%_%ref_5%_%root%_%;364.4967;377.7381
no_8x8dct%_%no_asm%_%no_cabac%_%no_fast_pskip%_%no_weightb%_%rc_lookahead%_%rc_lookahead_60%_%ref%_%ref_5%_%root%_%;487.5833;494.1356
no_8x8dct%_%no_asm%_%no_cabac%_%no_fast_pskip%_%no_mixed_refs%_%no_weightb%_%rc_lookahead%_%rc_lookahead_60%_%ref%_%ref_5%_%root%_%;429.2567;427.0541
no_8x8dct%_%no_asm%_%no_cabac%_%no_deblock%_%no_fast_pskip%_%no_weightb%_%rc_lookahead%_%rc_lookahead_60%_%ref%_%ref_5%_%root%_%;488.26;494.1356
no_8x8dct%_%no_asm%_%no_cabac%_%no_deblock%_%no_fast_pskip%_%no_mixed_refs%_%no_weightb%_%rc_lookahead%_%rc_lookahead_60%_%ref%_%ref_5%_%root%_%;428.1567;426.4559
no_asm%_%no_mbtree%_%rc_lookahead%_%rc_lookahead_60%_%ref%_%ref_5%_%root%_%;519.4133;516.3043
no_asm%_%no_deblock%_%no_mbtree%_%rc_lookahead%_%rc_lookahead_60%_%ref%_%ref_5%_%root%_%;521.98;518.2946
no_asm%_%no_fast_pskip%_%no_mbtree%_%rc_lookahead%_%rc_lookahead_60%_%ref%_%ref_5%_%root%_%;571.51;555.44
no_asm%_%no_cabac%_%no_deblock%_%no_mbtree%_%no_weightb%_%rc_lookahead%_%rc_lookahead_20%_%ref%_%ref_1%_%root%_%;295.3333;434.31
no_asm%_%no_deblock%_%no_fast_pskip%_%no_mbtree%_%rc_lookahead%_%rc_lookahead_60%_%ref%_%ref_5%_%root%_%;573.7567;557.8978
no_asm%_%no_cabac%_%no_mbtree%_%rc_lookahead%_%rc_lookahead_60%_%ref%_%ref_5%_%root%_%;511.3733;513.3152
no_asm%_%no_cabac%_%no_fast_pskip%_%no_mbtree%_%rc_lookahead%_%rc_lookahead_60%_%ref%_%ref_5%_%root%_%;562.9233;556.2572
no_asm%_%no_cabac%_%no_deblock%_%no_mbtree%_%rc_lookahead%_%rc_lookahead_60%_%ref%_%ref_5%_%root%_%;513.5233;515.0743
no_asm%_%no_cabac%_%no_deblock%_%no_fast_pskip%_%no_mbtree%_%rc_lookahead%_%rc_lookahead_60%_%ref%_%ref_5%_%root%_%;564.1667;558.5976
no_asm%_%no_mbtree%_%no_weightb%_%rc_lookahead%_%rc_lookahead_60%_%ref%_%ref_5%_%root%_%;518.96;516.3574
no_asm%_%no_deblock%_%no_mbtree%_%no_weightb%_%rc_lookahead%_%rc_lookahead_60%_%ref%_%ref_5%_%root%_%;521.51;518.5081
no_asm%_%no_cabac%_%no_mbtree%_%no_weightb%_%rc_lookahead%_%rc_lookahead_60%_%ref%_%ref_5%_%root%_%;511.4067;513.5126
no_asm%_%no_cabac%_%no_deblock%_%no_mbtree%_%no_weightb%_%rc_lookahead%_%rc_lookahead_60%_%ref%_%ref_5%_%root%_%;512.7733;515.3028
no_asm%_%no_fast_pskip%_%no_mbtree%_%no_weightb%_%rc_lookahead%_%rc_lookahead_60%_%ref%_%ref_5%_%root%_%;571.4733;555.3989
no_asm%_%no_cabac%_%no_mbtree%_%no_mixed_refs%_%no_weightb%_%rc_lookahead%_%rc_lookahead_20%_%ref%_%ref_1%_%root%_%;295.5267;375.1846
no_asm%_%no_cabac%_%no_fast_pskip%_%no_mbtree%_%no_weightb%_%rc_lookahead%_%rc_lookahead_60%_%ref%_%ref_5%_%root%_%;562.1867;556.2472
no_asm%_%no_deblock%_%no_fast_pskip%_%no_mbtree%_%no_weightb%_%rc_lookahead%_%rc_lookahead_60%_%ref%_%ref_5%_%root%_%;573.24;557.8878
no_asm%_%no_cabac%_%no_deblock%_%no_fast_pskip%_%no_mbtree%_%no_weightb%_%rc_lookahead%_%rc_lookahead_60%_%ref%_%ref_5%_%root%_%;564.1467;558.5876
no_8x8dct%_%no_asm%_%no_mbtree%_%rc_lookahead%_%rc_lookahead_60%_%ref%_%ref_5%_%root%_%;492.3667;492.5052
no_8x8dct%_%no_asm%_%no_deblock%_%no_mbtree%_%rc_lookahead%_%rc_lookahead_60%_%ref%_%ref_5%_%root%_%;494.34;495.1219
no_8x8dct%_%no_asm%_%no_fast_pskip%_%no_mbtree%_%rc_lookahead%_%rc_lookahead_60%_%ref%_%ref_5%_%root%_%;543.5233;537.9443
no_8x8dct%_%no_asm%_%no_deblock%_%no_fast_pskip%_%no_mbtree%_%rc_lookahead%_%rc_lookahead_60%_%ref%_%ref_5%_%root%_%;544.8233;539.0694
no_8x8dct%_%no_asm%_%no_mbtree%_%no_weightb%_%rc_lookahead%_%rc_lookahead_60%_%ref%_%ref_5%_%root%_%;492.36;492.7991
no_8x8dct%_%no_asm%_%no_fast_pskip%_%no_mbtree%_%no_weightb%_%rc_lookahead%_%rc_lookahead_60%_%ref%_%ref_5%_%root%_%;543.0833;538.9237
no_8x8dct%_%no_asm%_%no_deblock%_%no_mbtree%_%no_weightb%_%rc_lookahead%_%rc_lookahead_60%_%ref%_%ref_5%_%root%_%;493.7033;495.3952
no_asm%_%no_cabac%_%no_fast_pskip%_%rc_lookahead%_%rc_lookahead_20%_%ref%_%ref_1%_%root%_%;266.4833;412.6665
no_asm%_%no_cabac%_%no_deblock%_%no_mbtree%_%no_mixed_refs%_%no_weightb%_%rc_lookahead%_%rc_lookahead_20%_%ref%_%ref_1%_%root%_%;295.41;373.8969
no_8x8dct%_%no_asm%_%no_deblock%_%no_fast_pskip%_%no_mbtree%_%no_weightb%_%rc_lookahead%_%rc_lookahead_60%_%ref%_%ref_5%_%root%_%;544.58;540.0339
no_8x8dct%_%no_asm%_%no_cabac%_%no_mbtree%_%rc_lookahead%_%rc_lookahead_60%_%ref%_%ref_5%_%root%_%;485.59;487.2056
no_8x8dct%_%no_asm%_%no_cabac%_%no_deblock%_%no_mbtree%_%rc_lookahead%_%rc_lookahead_60%_%ref%_%ref_5%_%root%_%;486.9733;490.0817
no_8x8dct%_%no_asm%_%no_cabac%_%no_mbtree%_%no_weightb%_%rc_lookahead%_%rc_lookahead_60%_%ref%_%ref_5%_%root%_%;485.4367;487.5576
no_8x8dct%_%no_asm%_%no_cabac%_%no_deblock%_%no_mbtree%_%no_weightb%_%rc_lookahead%_%rc_lookahead_60%_%ref%_%ref_5%_%root%_%;487.1167;490.3543
no_8x8dct%_%no_asm%_%no_cabac%_%no_fast_pskip%_%no_mbtree%_%rc_lookahead%_%rc_lookahead_60%_%ref%_%ref_5%_%root%_%;535.7067;538.4806
no_8x8dct%_%no_asm%_%no_cabac%_%no_fast_pskip%_%no_mbtree%_%no_weightb%_%rc_lookahead%_%rc_lookahead_60%_%ref%_%ref_5%_%root%_%;535.5533;539.46
no_8x8dct%_%no_asm%_%no_cabac%_%no_deblock%_%no_fast_pskip%_%no_mbtree%_%rc_lookahead%_%rc_lookahead_60%_%ref%_%ref_5%_%root%_%;537.1133;539.515
no_8x8dct%_%no_asm%_%no_cabac%_%no_deblock%_%no_fast_pskip%_%no_mbtree%_%no_weightb%_%rc_lookahead%_%rc_lookahead_60%_%ref%_%ref_5%_%root%_%;536.85;540.4944
no_asm%_%no_mbtree%_%no_mixed_refs%_%rc_lookahead%_%rc_lookahead_60%_%ref%_%ref_5%_%root%_%;433.2233;433.1902
no_asm%_%no_cabac%_%no_fast_pskip%_%no_mbtree%_%no_weightb%_%rc_lookahead%_%rc_lookahead_20%_%ref%_%ref_1%_%root%_%;299.69;479.3667
no_asm%_%no_deblock%_%no_mbtree%_%no_mixed_refs%_%rc_lookahead%_%rc_lookahead_60%_%ref%_%ref_5%_%root%_%;432.7567;431.4509
no_asm%_%no_fast_pskip%_%no_mbtree%_%no_mixed_refs%_%rc_lookahead%_%rc_lookahead_60%_%ref%_%ref_5%_%root%_%;482.8167;482.5109
no_asm%_%no_deblock%_%no_fast_pskip%_%no_mbtree%_%no_mixed_refs%_%rc_lookahead%_%rc_lookahead_60%_%ref%_%ref_5%_%root%_%;482.3767;482.1335
no_asm%_%no_cabac%_%no_mbtree%_%no_mixed_refs%_%rc_lookahead%_%rc_lookahead_60%_%ref%_%ref_5%_%root%_%;428.3733;428.782
no_asm%_%no_cabac%_%no_fast_pskip%_%no_mbtree%_%no_mixed_refs%_%rc_lookahead%_%rc_lookahead_60%_%ref%_%ref_5%_%root%_%;476.8633;478.4656
no_asm%_%no_cabac%_%no_deblock%_%no_mbtree%_%no_mixed_refs%_%rc_lookahead%_%rc_lookahead_60%_%ref%_%ref_5%_%root%_%;427.7933;427.2989
no_asm%_%no_cabac%_%no_deblock%_%no_fast_pskip%_%no_mbtree%_%no_mixed_refs%_%rc_lookahead%_%rc_lookahead_60%_%ref%_%ref_5%_%root%_%;476.31;478.1624
no_8x8dct%_%no_asm%_%no_mbtree%_%no_mixed_refs%_%rc_lookahead%_%rc_lookahead_60%_%ref%_%ref_5%_%root%_%;414.9967;412.8317
no_8x8dct%_%no_asm%_%no_deblock%_%no_mbtree%_%no_mixed_refs%_%rc_lookahead%_%rc_lookahead_60%_%ref%_%ref_5%_%root%_%;414.2433;409.8791
no_8x8dct%_%no_asm%_%no_cabac%_%no_mbtree%_%no_mixed_refs%_%rc_lookahead%_%rc_lookahead_60%_%ref%_%ref_5%_%root%_%;408.6833;411.8137
no_asm%_%no_cabac%_%no_fast_pskip%_%no_mbtree%_%no_mixed_refs%_%no_weightb%_%rc_lookahead%_%rc_lookahead_20%_%ref%_%ref_1%_%root%_%;299.8433;419.9454
no_8x8dct%_%no_asm%_%no_cabac%_%no_deblock%_%no_mbtree%_%no_mixed_refs%_%rc_lookahead%_%rc_lookahead_60%_%ref%_%ref_5%_%root%_%;407.99;409.1276
no_8x8dct%_%no_asm%_%no_fast_pskip%_%no_mbtree%_%no_mixed_refs%_%rc_lookahead%_%rc_lookahead_60%_%ref%_%ref_5%_%root%_%;463.31;465.0417
no_8x8dct%_%no_asm%_%no_cabac%_%no_fast_pskip%_%no_mbtree%_%no_mixed_refs%_%rc_lookahead%_%rc_lookahead_60%_%ref%_%ref_5%_%root%_%;456.6167;459.4722
no_8x8dct%_%no_asm%_%no_deblock%_%no_fast_pskip%_%no_mbtree%_%no_mixed_refs%_%rc_lookahead%_%rc_lookahead_60%_%ref%_%ref_5%_%root%_%;462.74;464.0928
no_8x8dct%_%no_asm%_%no_cabac%_%no_deblock%_%no_fast_pskip%_%no_mbtree%_%no_mixed_refs%_%rc_lookahead%_%rc_lookahead_60%_%ref%_%ref_5%_%root%_%;455.72;458.9296
no_asm%_%no_mbtree%_%no_mixed_refs%_%no_weightb%_%rc_lookahead%_%rc_lookahead_60%_%ref%_%ref_5%_%root%_%;433.2133;432.9489
no_asm%_%no_deblock%_%no_mbtree%_%no_mixed_refs%_%no_weightb%_%rc_lookahead%_%rc_lookahead_60%_%ref%_%ref_5%_%root%_%;432.6767;431.145
no_asm%_%no_fast_pskip%_%no_mbtree%_%no_mixed_refs%_%no_weightb%_%rc_lookahead%_%rc_lookahead_60%_%ref%_%ref_5%_%root%_%;482.64;481.5741
no_asm%_%no_deblock%_%no_fast_pskip%_%no_mbtree%_%no_mixed_refs%_%no_weightb%_%rc_lookahead%_%rc_lookahead_60%_%ref%_%ref_5%_%root%_%;482.08;481.3039
no_8x8dct%_%no_asm%_%no_mbtree%_%no_mixed_refs%_%no_weightb%_%rc_lookahead%_%rc_lookahead_60%_%ref%_%ref_5%_%root%_%;414.67;412.3713
no_asm%_%no_cabac%_%no_deblock%_%no_fast_pskip%_%no_mbtree%_%no_weightb%_%rc_lookahead%_%rc_lookahead_20%_%ref%_%ref_1%_%root%_%;299.6467;480.5369
no_8x8dct%_%no_asm%_%no_fast_pskip%_%no_mbtree%_%no_mixed_refs%_%no_weightb%_%rc_lookahead%_%rc_lookahead_60%_%ref%_%ref_5%_%root%_%;463.5;464.3189
no_8x8dct%_%no_asm%_%no_deblock%_%no_mbtree%_%no_mixed_refs%_%no_weightb%_%rc_lookahead%_%rc_lookahead_60%_%ref%_%ref_5%_%root%_%;413.9133;409.3989
no_8x8dct%_%no_asm%_%no_deblock%_%no_fast_pskip%_%no_mbtree%_%no_mixed_refs%_%no_weightb%_%rc_lookahead%_%rc_lookahead_60%_%ref%_%ref_5%_%root%_%;462.5;463.2406
no_asm%_%no_cabac%_%no_mbtree%_%no_mixed_refs%_%no_weightb%_%rc_lookahead%_%rc_lookahead_60%_%ref%_%ref_5%_%root%_%;428.02;428.3111
no_asm%_%no_cabac%_%no_deblock%_%no_mbtree%_%no_mixed_refs%_%no_weightb%_%rc_lookahead%_%rc_lookahead_60%_%ref%_%ref_5%_%root%_%;427.52;426.8541
no_8x8dct%_%no_asm%_%no_cabac%_%no_mbtree%_%no_mixed_refs%_%no_weightb%_%rc_lookahead%_%rc_lookahead_60%_%ref%_%ref_5%_%root%_%;408.6067;411.297
no_8x8dct%_%no_asm%_%no_cabac%_%no_deblock%_%no_mbtree%_%no_mixed_refs%_%no_weightb%_%rc_lookahead%_%rc_lookahead_60%_%ref%_%ref_5%_%root%_%;407.7633;408.6126
no_asm%_%no_cabac%_%no_fast_pskip%_%no_mbtree%_%no_mixed_refs%_%no_weightb%_%rc_lookahead%_%rc_lookahead_60%_%ref%_%ref_5%_%root%_%;476.9;477.6211
no_8x8dct%_%no_asm%_%no_cabac%_%no_fast_pskip%_%no_mbtree%_%no_mixed_refs%_%no_weightb%_%rc_lookahead%_%rc_lookahead_60%_%ref%_%ref_5%_%root%_%;456.4367;458.4844
no_asm%_%no_cabac%_%no_deblock%_%no_fast_pskip%_%no_mbtree%_%no_mixed_refs%_%no_weightb%_%rc_lookahead%_%rc_lookahead_60%_%ref%_%ref_5%_%root%_%;476.0933;477.3207
no_asm%_%no_cabac%_%no_deblock%_%no_fast_pskip%_%no_mbtree%_%no_mixed_refs%_%no_weightb%_%rc_lookahead%_%rc_lookahead_20%_%ref%_%ref_1%_%root%_%;299.7033;419.7185
no_8x8dct%_%no_asm%_%no_cabac%_%no_deblock%_%no_fast_pskip%_%no_mbtree%_%no_mixed_refs%_%no_weightb%_%rc_lookahead%_%rc_lookahead_60%_%ref%_%ref_5%_%root%_%;455.5133;457.8361
no_asm%_%rc_lookahead%_%rc_lookahead_20%_%ref%_%ref_5%_%root%_%;442.25;442.3409
no_asm%_%no_fast_pskip%_%rc_lookahead%_%rc_lookahead_20%_%ref%_%ref_5%_%root%_%;514.17;509.5874
no_asm%_%no_cabac%_%rc_lookahead%_%rc_lookahead_20%_%ref%_%ref_5%_%root%_%;436.1167;437.3567
no_asm%_%no_cabac%_%no_fast_pskip%_%rc_lookahead%_%rc_lookahead_20%_%ref%_%ref_5%_%root%_%;505.8567;507.7078
no_asm%_%no_weightb%_%rc_lookahead%_%rc_lookahead_20%_%ref%_%ref_5%_%root%_%;442.5467;442.2159
no_asm%_%no_cabac%_%no_weightb%_%rc_lookahead%_%rc_lookahead_20%_%ref%_%ref_5%_%root%_%;435.9767;437.2596
no_asm%_%no_fast_pskip%_%no_weightb%_%rc_lookahead%_%rc_lookahead_20%_%ref%_%ref_5%_%root%_%;513.53;508.8244
no_asm%_%no_cabac%_%no_fast_pskip%_%no_weightb%_%rc_lookahead%_%rc_lookahead_20%_%ref%_%ref_5%_%root%_%;505.6367;507.087
no_asm%_%no_mixed_refs%_%rc_lookahead%_%rc_lookahead_20%_%ref%_%ref_5%_%root%_%;381.1233;380.9246
no_8x8dct%_%no_asm%_%rc_lookahead%_%rc_lookahead_20%_%ref%_%ref_1%_%root%_%;254.5867;353.5635
no_asm%_%no_fast_pskip%_%no_mixed_refs%_%rc_lookahead%_%rc_lookahead_20%_%ref%_%ref_5%_%root%_%;447.4233;447.2546
no_asm%_%no_mixed_refs%_%no_weightb%_%rc_lookahead%_%rc_lookahead_20%_%ref%_%ref_5%_%root%_%;380.84;380.8239
no_asm%_%no_fast_pskip%_%no_mixed_refs%_%no_weightb%_%rc_lookahead%_%rc_lookahead_20%_%ref%_%ref_5%_%root%_%;447.1367;447.1844
no_asm%_%no_cabac%_%no_mixed_refs%_%rc_lookahead%_%rc_lookahead_20%_%ref%_%ref_5%_%root%_%;378.4167;378.2533
no_asm%_%no_cabac%_%no_mixed_refs%_%no_weightb%_%rc_lookahead%_%rc_lookahead_20%_%ref%_%ref_5%_%root%_%;378.2833;378.2041
no_asm%_%no_cabac%_%no_fast_pskip%_%no_mixed_refs%_%rc_lookahead%_%rc_lookahead_20%_%ref%_%ref_5%_%root%_%;443.92;443.1906
no_asm%_%no_cabac%_%no_fast_pskip%_%no_mixed_refs%_%no_weightb%_%rc_lookahead%_%rc_lookahead_20%_%ref%_%ref_5%_%root%_%;443.6467;443.0235
no_asm%_%no_mbtree%_%rc_lookahead%_%rc_lookahead_20%_%ref%_%ref_5%_%root%_%;519.5867;516.3043
no_asm%_%no_fast_pskip%_%no_mbtree%_%rc_lookahead%_%rc_lookahead_20%_%ref%_%ref_5%_%root%_%;571.5667;555.44
no_asm%_%no_cabac%_%no_mbtree%_%rc_lookahead%_%rc_lookahead_20%_%ref%_%ref_5%_%root%_%;511.6933;513.3152
no_8x8dct%_%no_asm%_%no_deblock%_%rc_lookahead%_%rc_lookahead_20%_%ref%_%ref_1%_%root%_%;254.1767;353.3446
no_asm%_%no_cabac%_%no_fast_pskip%_%no_mbtree%_%rc_lookahead%_%rc_lookahead_20%_%ref%_%ref_5%_%root%_%;562.57;556.2572
no_asm%_%no_mbtree%_%no_mixed_refs%_%rc_lookahead%_%rc_lookahead_20%_%ref%_%ref_5%_%root%_%;433.2233;433.1902
no_asm%_%no_cabac%_%no_mbtree%_%no_mixed_refs%_%rc_lookahead%_%rc_lookahead_20%_%ref%_%ref_5%_%root%_%;428.4267;428.782
no_asm%_%no_fast_pskip%_%no_mbtree%_%no_mixed_refs%_%rc_lookahead%_%rc_lookahead_20%_%ref%_%ref_5%_%root%_%;482.9033;482.5109
no_asm%_%no_cabac%_%no_fast_pskip%_%no_mbtree%_%no_mixed_refs%_%rc_lookahead%_%rc_lookahead_20%_%ref%_%ref_5%_%root%_%;476.9967;478.4656
no_asm%_%no_mbtree%_%no_weightb%_%rc_lookahead%_%rc_lookahead_20%_%ref%_%ref_5%_%root%_%;519.0267;516.3574
no_asm%_%no_fast_pskip%_%no_mbtree%_%no_weightb%_%rc_lookahead%_%rc_lookahead_20%_%ref%_%ref_5%_%root%_%;571.35;555.3989
no_asm%_%no_mbtree%_%no_mixed_refs%_%no_weightb%_%rc_lookahead%_%rc_lookahead_20%_%ref%_%ref_5%_%root%_%;433.2667;432.9489
no_asm%_%no_fast_pskip%_%no_mbtree%_%no_mixed_refs%_%no_weightb%_%rc_lookahead%_%rc_lookahead_20%_%ref%_%ref_5%_%root%_%;482.59;481.5741
no_asm%_%no_cabac%_%no_mbtree%_%no_weightb%_%rc_lookahead%_%rc_lookahead_20%_%ref%_%ref_5%_%root%_%;511.48;513.5126
no_8x8dct%_%no_asm%_%no_fast_pskip%_%rc_lookahead%_%rc_lookahead_20%_%ref%_%ref_1%_%root%_%;261.0767;405.4206
no_asm%_%no_cabac%_%no_mbtree%_%no_mixed_refs%_%no_weightb%_%rc_lookahead%_%rc_lookahead_20%_%ref%_%ref_5%_%root%_%;428.0833;428.3111
no_asm%_%no_cabac%_%no_fast_pskip%_%no_mbtree%_%no_weightb%_%rc_lookahead%_%rc_lookahead_20%_%ref%_%ref_5%_%root%_%;562.1833;556.2472
no_asm%_%no_cabac%_%no_fast_pskip%_%no_mbtree%_%no_mixed_refs%_%no_weightb%_%rc_lookahead%_%rc_lookahead_20%_%ref%_%ref_5%_%root%_%;476.9367;477.6211
no_asm%_%no_deblock%_%rc_lookahead%_%rc_lookahead_20%_%ref%_%ref_5%_%root%_%;444.71;443.3404
no_asm%_%no_deblock%_%no_fast_pskip%_%rc_lookahead%_%rc_lookahead_20%_%ref%_%ref_5%_%root%_%;516.22;508.4596
no_asm%_%no_cabac%_%no_deblock%_%rc_lookahead%_%rc_lookahead_20%_%ref%_%ref_5%_%root%_%;437.92;437.618
no_asm%_%no_cabac%_%no_deblock%_%no_fast_pskip%_%rc_lookahead%_%rc_lookahead_20%_%ref%_%ref_5%_%root%_%;507.4033;506.58
no_asm%_%no_deblock%_%no_weightb%_%rc_lookahead%_%rc_lookahead_20%_%ref%_%ref_5%_%root%_%;444.52;443.0531
no_asm%_%no_cabac%_%no_deblock%_%no_weightb%_%rc_lookahead%_%rc_lookahead_20%_%ref%_%ref_5%_%root%_%;437.4833;437.4724
no_asm%_%no_deblock%_%no_fast_pskip%_%no_weightb%_%rc_lookahead%_%rc_lookahead_20%_%ref%_%ref_5%_%root%_%;515.6867;507.7678
no_8x8dct%_%no_asm%_%no_deblock%_%no_fast_pskip%_%rc_lookahead%_%rc_lookahead_20%_%ref%_%ref_1%_%root%_%;260.4967;405.4206
no_asm%_%no_cabac%_%no_deblock%_%no_fast_pskip%_%no_weightb%_%rc_lookahead%_%rc_lookahead_20%_%ref%_%ref_5%_%root%_%;506.93;506.0304
no_asm%_%no_deblock%_%no_mbtree%_%rc_lookahead%_%rc_lookahead_20%_%ref%_%ref_5%_%root%_%;521.7;518.2946
no_asm%_%no_deblock%_%no_fast_pskip%_%no_mbtree%_%rc_lookahead%_%rc_lookahead_20%_%ref%_%ref_5%_%root%_%;573.6533;557.8978
no_asm%_%no_deblock%_%no_mbtree%_%no_weightb%_%rc_lookahead%_%rc_lookahead_20%_%ref%_%ref_5%_%root%_%;521.4433;518.5081
no_asm%_%no_deblock%_%no_fast_pskip%_%no_mbtree%_%no_weightb%_%rc_lookahead%_%rc_lookahead_20%_%ref%_%ref_5%_%root%_%;573.46;557.8878
no_asm%_%no_cabac%_%no_deblock%_%no_mbtree%_%rc_lookahead%_%rc_lookahead_20%_%ref%_%ref_5%_%root%_%;513.2333;515.0743
no_asm%_%no_cabac%_%no_deblock%_%no_mbtree%_%no_weightb%_%rc_lookahead%_%rc_lookahead_20%_%ref%_%ref_5%_%root%_%;512.87;515.3028
no_asm%_%no_cabac%_%no_deblock%_%no_fast_pskip%_%no_mbtree%_%rc_lookahead%_%rc_lookahead_20%_%ref%_%ref_5%_%root%_%;564.0933;558.5976
no_asm%_%no_cabac%_%no_deblock%_%no_fast_pskip%_%no_mbtree%_%no_weightb%_%rc_lookahead%_%rc_lookahead_20%_%ref%_%ref_5%_%root%_%;564.0633;558.5876
no_asm%_%no_deblock%_%no_mixed_refs%_%rc_lookahead%_%rc_lookahead_20%_%ref%_%ref_5%_%root%_%;380.1467;380.3978
no_8x8dct%_%no_asm%_%no_cabac%_%rc_lookahead%_%rc_lookahead_20%_%ref%_%ref_1%_%root%_%;244.39;352.4089
no_asm%_%no_deblock%_%no_fast_pskip%_%no_mixed_refs%_%rc_lookahead%_%rc_lookahead_20%_%ref%_%ref_5%_%root%_%;446.68;446.9213
no_asm%_%no_cabac%_%no_deblock%_%no_mixed_refs%_%rc_lookahead%_%rc_lookahead_20%_%ref%_%ref_5%_%root%_%;377.83;377.7826
no_asm%_%no_cabac%_%no_deblock%_%no_fast_pskip%_%no_mixed_refs%_%rc_lookahead%_%rc_lookahead_20%_%ref%_%ref_5%_%root%_%;442.81;443.1906
no_asm%_%no_deblock%_%no_mbtree%_%no_mixed_refs%_%rc_lookahead%_%rc_lookahead_20%_%ref%_%ref_5%_%root%_%;432.7733;431.4509
no_asm%_%no_cabac%_%no_deblock%_%no_mbtree%_%no_mixed_refs%_%rc_lookahead%_%rc_lookahead_20%_%ref%_%ref_5%_%root%_%;427.66;427.2989
no_asm%_%no_deblock%_%no_fast_pskip%_%no_mbtree%_%no_mixed_refs%_%rc_lookahead%_%rc_lookahead_20%_%ref%_%ref_5%_%root%_%;482.3733;482.1335
no_asm%_%no_cabac%_%no_deblock%_%no_fast_pskip%_%no_mbtree%_%no_mixed_refs%_%rc_lookahead%_%rc_lookahead_20%_%ref%_%ref_5%_%root%_%;476.2233;478.1624
no_asm%_%no_deblock%_%no_mixed_refs%_%no_weightb%_%rc_lookahead%_%rc_lookahead_20%_%ref%_%ref_5%_%root%_%;380.1;380.4072
no_asm%_%no_deblock%_%no_fast_pskip%_%no_mixed_refs%_%no_weightb%_%rc_lookahead%_%rc_lookahead_20%_%ref%_%ref_5%_%root%_%;446.25;446.9307
no_asm%_%no_deblock%_%no_mbtree%_%no_mixed_refs%_%no_weightb%_%rc_lookahead%_%rc_lookahead_20%_%ref%_%ref_5%_%root%_%;432.7233;431.145
no_asm%_%no_cabac%_%no_deblock%_%rc_lookahead%_%rc_lookahead_20%_%ref%_%ref_1%_%root%_%;259.8067;362.5987
no_8x8dct%_%no_asm%_%no_cabac%_%no_fast_pskip%_%rc_lookahead%_%rc_lookahead_20%_%ref%_%ref_1%_%root%_%;249.4967;404.352
no_asm%_%no_deblock%_%no_fast_pskip%_%no_mbtree%_%no_mixed_refs%_%no_weightb%_%rc_lookahead%_%rc_lookahead_20%_%ref%_%ref_5%_%root%_%;482.0833;481.3039
no_asm%_%no_cabac%_%no_deblock%_%no_mixed_refs%_%no_weightb%_%rc_lookahead%_%rc_lookahead_20%_%ref%_%ref_5%_%root%_%;377.5033;377.7381
no_asm%_%no_cabac%_%no_deblock%_%no_mbtree%_%no_mixed_refs%_%no_weightb%_%rc_lookahead%_%rc_lookahead_20%_%ref%_%ref_5%_%root%_%;427.4933;426.8541
no_asm%_%no_cabac%_%no_deblock%_%no_fast_pskip%_%no_mixed_refs%_%no_weightb%_%rc_lookahead%_%rc_lookahead_20%_%ref%_%ref_5%_%root%_%;442.5;443.0235
no_asm%_%no_cabac%_%no_deblock%_%no_fast_pskip%_%no_mbtree%_%no_mixed_refs%_%no_weightb%_%rc_lookahead%_%rc_lookahead_20%_%ref%_%ref_5%_%root%_%;476.1;477.3207
no_8x8dct%_%no_asm%_%rc_lookahead%_%rc_lookahead_20%_%ref%_%ref_5%_%root%_%;423.0767;421.5826
no_8x8dct%_%no_asm%_%no_fast_pskip%_%rc_lookahead%_%rc_lookahead_20%_%ref%_%ref_5%_%root%_%;492.1267;496.0585
no_8x8dct%_%no_asm%_%no_cabac%_%rc_lookahead%_%rc_lookahead_20%_%ref%_%ref_5%_%root%_%;416.8867;419.2424
no_8x8dct%_%no_asm%_%no_cabac%_%no_fast_pskip%_%rc_lookahead%_%rc_lookahead_20%_%ref%_%ref_5%_%root%_%;484.8533;494.99
no_8x8dct%_%no_asm%_%no_weightb%_%rc_lookahead%_%rc_lookahead_20%_%ref%_%ref_5%_%root%_%;422.6467;421.4589
no_8x8dct%_%no_asm%_%no_cabac%_%no_deblock%_%rc_lookahead%_%rc_lookahead_20%_%ref%_%ref_1%_%root%_%;244.23;351.8828
no_8x8dct%_%no_asm%_%no_cabac%_%no_weightb%_%rc_lookahead%_%rc_lookahead_20%_%ref%_%ref_5%_%root%_%;416.2633;419.0569
no_8x8dct%_%no_asm%_%no_fast_pskip%_%no_weightb%_%rc_lookahead%_%rc_lookahead_20%_%ref%_%ref_5%_%root%_%;491.6867;495.0881
no_8x8dct%_%no_asm%_%no_cabac%_%no_fast_pskip%_%no_weightb%_%rc_lookahead%_%rc_lookahead_20%_%ref%_%ref_5%_%root%_%;484.29;494.1356
no_8x8dct%_%no_asm%_%no_mixed_refs%_%rc_lookahead%_%rc_lookahead_20%_%ref%_%ref_5%_%root%_%;367.9633;380.9246
no_8x8dct%_%no_asm%_%no_fast_pskip%_%no_mixed_refs%_%rc_lookahead%_%rc_lookahead_20%_%ref%_%ref_5%_%root%_%;432.1433;431.8815
no_8x8dct%_%no_asm%_%no_mixed_refs%_%no_weightb%_%rc_lookahead%_%rc_lookahead_20%_%ref%_%ref_5%_%root%_%;367.5433;380.8239
no_8x8dct%_%no_asm%_%no_fast_pskip%_%no_mixed_refs%_%no_weightb%_%rc_lookahead%_%rc_lookahead_20%_%ref%_%ref_5%_%root%_%;432.03;430.4493
no_8x8dct%_%no_asm%_%no_cabac%_%no_mixed_refs%_%rc_lookahead%_%rc_lookahead_20%_%ref%_%ref_5%_%root%_%;362.6267;378.2533
no_8x8dct%_%no_asm%_%no_cabac%_%no_mixed_refs%_%no_weightb%_%rc_lookahead%_%rc_lookahead_20%_%ref%_%ref_5%_%root%_%;362.6133;378.2041
no_8x8dct%_%no_asm%_%no_cabac%_%no_fast_pskip%_%no_mixed_refs%_%rc_lookahead%_%rc_lookahead_20%_%ref%_%ref_5%_%root%_%;426.5267;428.0844
no_8x8dct%_%no_asm%_%no_cabac%_%no_deblock%_%no_fast_pskip%_%rc_lookahead%_%rc_lookahead_20%_%ref%_%ref_1%_%root%_%;249.3633;404.352
no_8x8dct%_%no_asm%_%no_cabac%_%no_fast_pskip%_%no_mixed_refs%_%no_weightb%_%rc_lookahead%_%rc_lookahead_20%_%ref%_%ref_5%_%root%_%;426.4433;427.0541
no_8x8dct%_%no_asm%_%no_deblock%_%rc_lookahead%_%rc_lookahead_20%_%ref%_%ref_5%_%root%_%;425.0633;421.1448
no_8x8dct%_%no_asm%_%no_deblock%_%no_fast_pskip%_%rc_lookahead%_%rc_lookahead_20%_%ref%_%ref_5%_%root%_%;493.3067;496.0585
no_8x8dct%_%no_asm%_%no_cabac%_%no_deblock%_%rc_lookahead%_%rc_lookahead_20%_%ref%_%ref_5%_%root%_%;418.19;418.1902
no_8x8dct%_%no_asm%_%no_cabac%_%no_deblock%_%no_fast_pskip%_%rc_lookahead%_%rc_lookahead_20%_%ref%_%ref_5%_%root%_%;485.5367;494.99
no_8x8dct%_%no_asm%_%no_deblock%_%no_mixed_refs%_%rc_lookahead%_%rc_lookahead_20%_%ref%_%ref_5%_%root%_%;367.0667;380.3978
no_8x8dct%_%no_asm%_%no_cabac%_%no_deblock%_%no_mixed_refs%_%rc_lookahead%_%rc_lookahead_20%_%ref%_%ref_5%_%root%_%;362.0367;377.7826
no_8x8dct%_%no_asm%_%no_deblock%_%no_fast_pskip%_%no_mixed_refs%_%rc_lookahead%_%rc_lookahead_20%_%ref%_%ref_5%_%root%_%;431;431.5481
no_8x8dct%_%no_asm%_%no_cabac%_%no_deblock%_%no_fast_pskip%_%no_mixed_refs%_%rc_lookahead%_%rc_lookahead_20%_%ref%_%ref_5%_%root%_%;425.2467;427.5726
no_8x8dct%_%no_asm%_%no_deblock%_%no_weightb%_%rc_lookahead%_%rc_lookahead_20%_%ref%_%ref_5%_%root%_%;424.49;420.9902
no_8x8dct%_%no_asm%_%no_weightb%_%rc_lookahead%_%rc_lookahead_20%_%ref%_%ref_1%_%root%_%;254.7333;353.5017
no_8x8dct%_%no_asm%_%no_deblock%_%no_fast_pskip%_%no_weightb%_%rc_lookahead%_%rc_lookahead_20%_%ref%_%ref_5%_%root%_%;492.6633;495.0881
no_8x8dct%_%no_asm%_%no_deblock%_%no_mixed_refs%_%no_weightb%_%rc_lookahead%_%rc_lookahead_20%_%ref%_%ref_5%_%root%_%;366.8367;380.4072
no_8x8dct%_%no_asm%_%no_deblock%_%no_fast_pskip%_%no_mixed_refs%_%no_weightb%_%rc_lookahead%_%rc_lookahead_20%_%ref%_%ref_5%_%root%_%;430.6967;430.0296
no_8x8dct%_%no_asm%_%no_cabac%_%no_deblock%_%no_weightb%_%rc_lookahead%_%rc_lookahead_20%_%ref%_%ref_5%_%root%_%;417.6333;417.9737
no_8x8dct%_%no_asm%_%no_cabac%_%no_deblock%_%no_mixed_refs%_%no_weightb%_%rc_lookahead%_%rc_lookahead_20%_%ref%_%ref_5%_%root%_%;361.7033;377.7381
no_8x8dct%_%no_asm%_%no_cabac%_%no_deblock%_%no_fast_pskip%_%no_weightb%_%rc_lookahead%_%rc_lookahead_20%_%ref%_%ref_5%_%root%_%;485.35;494.1356
no_8x8dct%_%no_asm%_%no_cabac%_%no_deblock%_%no_fast_pskip%_%no_mixed_refs%_%no_weightb%_%rc_lookahead%_%rc_lookahead_20%_%ref%_%ref_5%_%root%_%;424.89;426.4559
no_8x8dct%_%no_asm%_%no_mbtree%_%rc_lookahead%_%rc_lookahead_20%_%ref%_%ref_5%_%root%_%;492.6233;492.5052
no_8x8dct%_%no_asm%_%no_fast_pskip%_%no_mbtree%_%rc_lookahead%_%rc_lookahead_20%_%ref%_%ref_5%_%root%_%;543.59;537.9443
no_8x8dct%_%no_asm%_%no_cabac%_%no_mbtree%_%rc_lookahead%_%rc_lookahead_20%_%ref%_%ref_5%_%root%_%;485.66;487.2056
no_8x8dct%_%no_asm%_%no_deblock%_%no_weightb%_%rc_lookahead%_%rc_lookahead_20%_%ref%_%ref_1%_%root%_%;254.0333;353.2828
no_8x8dct%_%no_asm%_%no_cabac%_%no_fast_pskip%_%no_mbtree%_%rc_lookahead%_%rc_lookahead_20%_%ref%_%ref_5%_%root%_%;535.6267;538.4806
no_8x8dct%_%no_asm%_%no_mbtree%_%no_weightb%_%rc_lookahead%_%rc_lookahead_20%_%ref%_%ref_5%_%root%_%;492.2667;492.7991
no_8x8dct%_%no_asm%_%no_cabac%_%no_mbtree%_%no_weightb%_%rc_lookahead%_%rc_lookahead_20%_%ref%_%ref_5%_%root%_%;485.5833;487.5576
no_8x8dct%_%no_asm%_%no_fast_pskip%_%no_mbtree%_%no_weightb%_%rc_lookahead%_%rc_lookahead_20%_%ref%_%ref_5%_%root%_%;543.03;538.9237
no_8x8dct%_%no_asm%_%no_cabac%_%no_fast_pskip%_%no_mbtree%_%no_weightb%_%rc_lookahead%_%rc_lookahead_20%_%ref%_%ref_5%_%root%_%;535.6967;539.46
no_8x8dct%_%no_asm%_%no_deblock%_%no_mbtree%_%rc_lookahead%_%rc_lookahead_20%_%ref%_%ref_5%_%root%_%;494.2567;495.1219
no_8x8dct%_%no_asm%_%no_deblock%_%no_fast_pskip%_%no_mbtree%_%rc_lookahead%_%rc_lookahead_20%_%ref%_%ref_5%_%root%_%;545.0167;539.0694
no_8x8dct%_%no_asm%_%no_deblock%_%no_mbtree%_%no_weightb%_%rc_lookahead%_%rc_lookahead_20%_%ref%_%ref_5%_%root%_%;493.9867;495.3952
no_8x8dct%_%no_asm%_%no_deblock%_%no_fast_pskip%_%no_mbtree%_%no_weightb%_%rc_lookahead%_%rc_lookahead_20%_%ref%_%ref_5%_%root%_%;544.5067;540.0339
no_8x8dct%_%no_asm%_%no_cabac%_%no_deblock%_%no_mbtree%_%rc_lookahead%_%rc_lookahead_20%_%ref%_%ref_5%_%root%_%;487.09;490.0817
no_8x8dct%_%no_asm%_%no_cabac%_%no_weightb%_%rc_lookahead%_%rc_lookahead_20%_%ref%_%ref_1%_%root%_%;244.3033;352.3161
no_8x8dct%_%no_asm%_%no_cabac%_%no_deblock%_%no_mbtree%_%no_weightb%_%rc_lookahead%_%rc_lookahead_20%_%ref%_%ref_5%_%root%_%;486.8167;490.3543
no_8x8dct%_%no_asm%_%no_cabac%_%no_deblock%_%no_fast_pskip%_%no_mbtree%_%rc_lookahead%_%rc_lookahead_20%_%ref%_%ref_5%_%root%_%;537.1533;539.515
no_8x8dct%_%no_asm%_%no_cabac%_%no_deblock%_%no_fast_pskip%_%no_mbtree%_%no_weightb%_%rc_lookahead%_%rc_lookahead_20%_%ref%_%ref_5%_%root%_%;536.95;540.4944
no_8x8dct%_%no_asm%_%no_mbtree%_%no_mixed_refs%_%rc_lookahead%_%rc_lookahead_20%_%ref%_%ref_5%_%root%_%;414.8333;412.8317
no_8x8dct%_%no_asm%_%no_fast_pskip%_%no_mbtree%_%no_mixed_refs%_%rc_lookahead%_%rc_lookahead_20%_%ref%_%ref_5%_%root%_%;463.24;465.0417
no_8x8dct%_%no_asm%_%no_cabac%_%no_mbtree%_%no_mixed_refs%_%rc_lookahead%_%rc_lookahead_20%_%ref%_%ref_5%_%root%_%;408.84;411.8137
no_8x8dct%_%no_asm%_%no_cabac%_%no_fast_pskip%_%no_mbtree%_%no_mixed_refs%_%rc_lookahead%_%rc_lookahead_20%_%ref%_%ref_5%_%root%_%;456.74;459.4722
no_8x8dct%_%no_asm%_%no_deblock%_%no_mbtree%_%no_mixed_refs%_%rc_lookahead%_%rc_lookahead_20%_%ref%_%ref_5%_%root%_%;414.23;409.8791
no_8x8dct%_%no_asm%_%no_cabac%_%no_deblock%_%no_mbtree%_%no_mixed_refs%_%rc_lookahead%_%rc_lookahead_20%_%ref%_%ref_5%_%root%_%;408.07;409.1276
no_8x8dct%_%no_asm%_%no_deblock%_%no_fast_pskip%_%no_mbtree%_%no_mixed_refs%_%rc_lookahead%_%rc_lookahead_20%_%ref%_%ref_5%_%root%_%;462.6267;464.0928
no_8x8dct%_%no_asm%_%no_cabac%_%no_deblock%_%no_weightb%_%rc_lookahead%_%rc_lookahead_20%_%ref%_%ref_1%_%root%_%;244.3533;351.79
no_8x8dct%_%no_asm%_%no_cabac%_%no_deblock%_%no_fast_pskip%_%no_mbtree%_%no_mixed_refs%_%rc_lookahead%_%rc_lookahead_20%_%ref%_%ref_5%_%root%_%;455.64;458.9296
no_8x8dct%_%no_asm%_%no_mbtree%_%no_mixed_refs%_%no_weightb%_%rc_lookahead%_%rc_lookahead_20%_%ref%_%ref_5%_%root%_%;414.7367;412.3713
no_8x8dct%_%no_asm%_%no_fast_pskip%_%no_mbtree%_%no_mixed_refs%_%no_weightb%_%rc_lookahead%_%rc_lookahead_20%_%ref%_%ref_5%_%root%_%;463.3633;464.3189
no_8x8dct%_%no_asm%_%no_deblock%_%no_mbtree%_%no_mixed_refs%_%no_weightb%_%rc_lookahead%_%rc_lookahead_20%_%ref%_%ref_5%_%root%_%;414.0333;409.3989
no_8x8dct%_%no_asm%_%no_deblock%_%no_fast_pskip%_%no_mbtree%_%no_mixed_refs%_%no_weightb%_%rc_lookahead%_%rc_lookahead_20%_%ref%_%ref_5%_%root%_%;462.4733;463.2406
no_8x8dct%_%no_asm%_%no_cabac%_%no_mbtree%_%no_mixed_refs%_%no_weightb%_%rc_lookahead%_%rc_lookahead_20%_%ref%_%ref_5%_%root%_%;408.6267;411.297
no_8x8dct%_%no_asm%_%no_cabac%_%no_deblock%_%no_mbtree%_%no_mixed_refs%_%no_weightb%_%rc_lookahead%_%rc_lookahead_20%_%ref%_%ref_5%_%root%_%;407.7567;408.6126
no_8x8dct%_%no_asm%_%no_cabac%_%no_fast_pskip%_%no_mbtree%_%no_mixed_refs%_%no_weightb%_%rc_lookahead%_%rc_lookahead_20%_%ref%_%ref_5%_%root%_%;456.37;458.4844
no_8x8dct%_%no_asm%_%no_cabac%_%no_deblock%_%no_fast_pskip%_%no_mbtree%_%no_mixed_refs%_%no_weightb%_%rc_lookahead%_%rc_lookahead_20%_%ref%_%ref_5%_%root%_%;455.4933;457.8361
no_asm%_%rc_lookahead%_%rc_lookahead_20%_%ref%_%ref_9%_%root%_%;611.0433;365.1835
no_8x8dct%_%no_asm%_%no_fast_pskip%_%no_weightb%_%rc_lookahead%_%rc_lookahead_20%_%ref%_%ref_1%_%root%_%;261.31;404.4857
no_asm%_%no_fast_pskip%_%rc_lookahead%_%rc_lookahead_20%_%ref%_%ref_9%_%root%_%;740.21;414.1702
no_asm%_%no_cabac%_%rc_lookahead%_%rc_lookahead_20%_%ref%_%ref_9%_%root%_%;602.7133;362.4559
no_asm%_%no_cabac%_%no_fast_pskip%_%rc_lookahead%_%rc_lookahead_20%_%ref%_%ref_9%_%root%_%;730.01;412.6665
no_asm%_%no_weightb%_%rc_lookahead%_%rc_lookahead_20%_%ref%_%ref_9%_%root%_%;610.8233;364.9926
no_asm%_%no_cabac%_%no_weightb%_%rc_lookahead%_%rc_lookahead_20%_%ref%_%ref_9%_%root%_%;601.59;362.4074
no_asm%_%no_fast_pskip%_%no_weightb%_%rc_lookahead%_%rc_lookahead_20%_%ref%_%ref_9%_%root%_%;739.9033;413.5494
no_asm%_%no_cabac%_%no_fast_pskip%_%no_weightb%_%rc_lookahead%_%rc_lookahead_20%_%ref%_%ref_9%_%root%_%;729.3;412.1524
no_asm%_%no_mixed_refs%_%rc_lookahead%_%rc_lookahead_20%_%ref%_%ref_9%_%root%_%;510.01;330.9676
no_asm%_%no_fast_pskip%_%no_mixed_refs%_%rc_lookahead%_%rc_lookahead_20%_%ref%_%ref_9%_%root%_%;631.0433;377.8067
no_asm%_%no_mixed_refs%_%no_weightb%_%rc_lookahead%_%rc_lookahead_20%_%ref%_%ref_9%_%root%_%;509.5233;330.9298
no_8x8dct%_%no_asm%_%no_cabac%_%no_fast_pskip%_%no_weightb%_%rc_lookahead%_%rc_lookahead_20%_%ref%_%ref_1%_%root%_%;249.64;403.5331
no_asm%_%no_fast_pskip%_%no_mixed_refs%_%no_weightb%_%rc_lookahead%_%rc_lookahead_20%_%ref%_%ref_9%_%root%_%;630.5767;377.7683
no_asm%_%no_cabac%_%no_mixed_refs%_%rc_lookahead%_%rc_lookahead_20%_%ref%_%ref_9%_%root%_%;507.2467;329.5319
no_asm%_%no_cabac%_%no_mixed_refs%_%no_weightb%_%rc_lookahead%_%rc_lookahead_20%_%ref%_%ref_9%_%root%_%;506.88;329.5452
no_asm%_%no_cabac%_%no_fast_pskip%_%no_mixed_refs%_%rc_lookahead%_%rc_lookahead_20%_%ref%_%ref_9%_%root%_%;627.0533;374.8778
no_asm%_%no_cabac%_%no_fast_pskip%_%no_mixed_refs%_%no_weightb%_%rc_lookahead%_%rc_lookahead_20%_%ref%_%ref_9%_%root%_%;627.1133;374.7715
no_asm%_%no_mbtree%_%rc_lookahead%_%rc_lookahead_20%_%ref%_%ref_9%_%root%_%;721.4867;435.6978
no_asm%_%no_fast_pskip%_%no_mbtree%_%rc_lookahead%_%rc_lookahead_20%_%ref%_%ref_9%_%root%_%;817.7933;478.2048
no_asm%_%no_cabac%_%no_mbtree%_%rc_lookahead%_%rc_lookahead_20%_%ref%_%ref_9%_%root%_%;712.7433;434.5215
no_asm%_%no_cabac%_%no_fast_pskip%_%no_mbtree%_%rc_lookahead%_%rc_lookahead_20%_%ref%_%ref_9%_%root%_%;807.3333;479.375
no_asm%_%no_mbtree%_%no_mixed_refs%_%rc_lookahead%_%rc_lookahead_20%_%ref%_%ref_9%_%root%_%;580.7367;378.3759
no_8x8dct%_%no_asm%_%no_deblock%_%no_fast_pskip%_%no_weightb%_%rc_lookahead%_%rc_lookahead_20%_%ref%_%ref_1%_%root%_%;260.6167;404.4857
no_asm%_%no_cabac%_%no_mbtree%_%no_mixed_refs%_%rc_lookahead%_%rc_lookahead_20%_%ref%_%ref_9%_%root%_%;576.54;375.6365
no_asm%_%no_fast_pskip%_%no_mbtree%_%no_mixed_refs%_%rc_lookahead%_%rc_lookahead_20%_%ref%_%ref_9%_%root%_%;672.3733;423.033
no_asm%_%no_cabac%_%no_fast_pskip%_%no_mbtree%_%no_mixed_refs%_%rc_lookahead%_%rc_lookahead_20%_%ref%_%ref_9%_%root%_%;666.5533;419.6694
no_asm%_%no_mbtree%_%no_weightb%_%rc_lookahead%_%rc_lookahead_20%_%ref%_%ref_9%_%root%_%;721.7567;435.8641
no_asm%_%no_fast_pskip%_%no_mbtree%_%no_weightb%_%rc_lookahead%_%rc_lookahead_20%_%ref%_%ref_9%_%root%_%;817.34;478.1965
no_asm%_%no_mbtree%_%no_mixed_refs%_%no_weightb%_%rc_lookahead%_%rc_lookahead_20%_%ref%_%ref_9%_%root%_%;580.73;378.1274
no_asm%_%no_fast_pskip%_%no_mbtree%_%no_mixed_refs%_%no_weightb%_%rc_lookahead%_%rc_lookahead_20%_%ref%_%ref_9%_%root%_%;672.1367;423.2339
no_asm%_%no_cabac%_%no_mbtree%_%no_weightb%_%rc_lookahead%_%rc_lookahead_20%_%ref%_%ref_9%_%root%_%;712.81;434.7189
no_asm%_%no_cabac%_%no_mbtree%_%no_mixed_refs%_%no_weightb%_%rc_lookahead%_%rc_lookahead_20%_%ref%_%ref_9%_%root%_%;576.2167;375.1846
no_asm%_%no_cabac%_%no_fast_pskip%_%no_mbtree%_%no_weightb%_%rc_lookahead%_%rc_lookahead_20%_%ref%_%ref_9%_%root%_%;807.0167;479.3667
no_asm%_%no_cabac%_%no_deblock%_%no_fast_pskip%_%rc_lookahead%_%rc_lookahead_20%_%ref%_%ref_1%_%root%_%;266.19;411.9146
no_8x8dct%_%no_asm%_%no_cabac%_%no_deblock%_%no_fast_pskip%_%no_weightb%_%rc_lookahead%_%rc_lookahead_20%_%ref%_%ref_1%_%root%_%;249.4633;403.5331
no_asm%_%no_cabac%_%no_fast_pskip%_%no_mbtree%_%no_mixed_refs%_%no_weightb%_%rc_lookahead%_%rc_lookahead_20%_%ref%_%ref_9%_%root%_%;666.25;419.9454
no_8x8dct%_%no_asm%_%rc_lookahead%_%rc_lookahead_20%_%ref%_%ref_9%_%root%_%;585.35;353.5635
no_8x8dct%_%no_asm%_%no_fast_pskip%_%rc_lookahead%_%rc_lookahead_20%_%ref%_%ref_9%_%root%_%;711.2333;405.4206
no_8x8dct%_%no_asm%_%no_cabac%_%rc_lookahead%_%rc_lookahead_20%_%ref%_%ref_9%_%root%_%;579.1767;352.4089
no_8x8dct%_%no_asm%_%no_cabac%_%no_fast_pskip%_%rc_lookahead%_%rc_lookahead_20%_%ref%_%ref_9%_%root%_%;704.22;404.352
no_8x8dct%_%no_asm%_%no_weightb%_%rc_lookahead%_%rc_lookahead_20%_%ref%_%ref_9%_%root%_%;584.82;353.5017
no_8x8dct%_%no_asm%_%no_cabac%_%no_weightb%_%rc_lookahead%_%rc_lookahead_20%_%ref%_%ref_9%_%root%_%;579.0233;352.3161
no_8x8dct%_%no_asm%_%no_fast_pskip%_%no_weightb%_%rc_lookahead%_%rc_lookahead_20%_%ref%_%ref_9%_%root%_%;711.2933;404.4857
no_8x8dct%_%no_asm%_%no_cabac%_%no_fast_pskip%_%no_weightb%_%rc_lookahead%_%rc_lookahead_20%_%ref%_%ref_9%_%root%_%;703.5;403.5331
no_8x8dct%_%no_asm%_%no_mbtree%_%rc_lookahead%_%rc_lookahead_20%_%ref%_%ref_9%_%root%_%;687.39;417.9104
no_8x8dct%_%no_asm%_%no_mbtree%_%rc_lookahead%_%rc_lookahead_20%_%ref%_%ref_1%_%root%_%;287.01;417.9104
no_8x8dct%_%no_asm%_%no_fast_pskip%_%no_mbtree%_%rc_lookahead%_%rc_lookahead_20%_%ref%_%ref_9%_%root%_%;780.93;464.8739
no_8x8dct%_%no_asm%_%no_mbtree%_%no_weightb%_%rc_lookahead%_%rc_lookahead_20%_%ref%_%ref_9%_%root%_%;687.0933;418.2637
no_8x8dct%_%no_asm%_%no_fast_pskip%_%no_mbtree%_%no_weightb%_%rc_lookahead%_%rc_lookahead_20%_%ref%_%ref_9%_%root%_%;780.6567;465.5269
no_8x8dct%_%no_asm%_%no_cabac%_%no_mbtree%_%rc_lookahead%_%rc_lookahead_20%_%ref%_%ref_9%_%root%_%;680.6467;414.4457
no_8x8dct%_%no_asm%_%no_cabac%_%no_mbtree%_%no_weightb%_%rc_lookahead%_%rc_lookahead_20%_%ref%_%ref_9%_%root%_%;680.6167;414.7978
no_8x8dct%_%no_asm%_%no_cabac%_%no_fast_pskip%_%no_mbtree%_%rc_lookahead%_%rc_lookahead_20%_%ref%_%ref_9%_%root%_%;773.67;465.7176
no_8x8dct%_%no_asm%_%no_cabac%_%no_fast_pskip%_%no_mbtree%_%no_weightb%_%rc_lookahead%_%rc_lookahead_20%_%ref%_%ref_9%_%root%_%;773.2767;466.3706
no_8x8dct%_%no_asm%_%no_mixed_refs%_%rc_lookahead%_%rc_lookahead_20%_%ref%_%ref_9%_%root%_%;496.8933;330.9676
no_8x8dct%_%no_asm%_%no_fast_pskip%_%no_mixed_refs%_%rc_lookahead%_%rc_lookahead_20%_%ref%_%ref_9%_%root%_%;615.3367;369.122
no_8x8dct%_%no_asm%_%no_cabac%_%no_mixed_refs%_%rc_lookahead%_%rc_lookahead_20%_%ref%_%ref_9%_%root%_%;491.52;329.5319
no_8x8dct%_%no_asm%_%no_deblock%_%no_mbtree%_%rc_lookahead%_%rc_lookahead_20%_%ref%_%ref_1%_%root%_%;286.2867;418.5439
no_8x8dct%_%no_asm%_%no_cabac%_%no_fast_pskip%_%no_mixed_refs%_%rc_lookahead%_%rc_lookahead_20%_%ref%_%ref_9%_%root%_%;609.33;366.2006
no_8x8dct%_%no_asm%_%no_mbtree%_%no_mixed_refs%_%rc_lookahead%_%rc_lookahead_20%_%ref%_%ref_9%_%root%_%;561.9267;365.2544
no_8x8dct%_%no_asm%_%no_cabac%_%no_mbtree%_%no_mixed_refs%_%rc_lookahead%_%rc_lookahead_20%_%ref%_%ref_9%_%root%_%;556.5133;364.6122
no_8x8dct%_%no_asm%_%no_fast_pskip%_%no_mbtree%_%no_mixed_refs%_%rc_lookahead%_%rc_lookahead_20%_%ref%_%ref_9%_%root%_%;652.4667;409.9448
no_8x8dct%_%no_asm%_%no_cabac%_%no_fast_pskip%_%no_mbtree%_%no_mixed_refs%_%rc_lookahead%_%rc_lookahead_20%_%ref%_%ref_9%_%root%_%;645.4467;405.8602
no_8x8dct%_%no_asm%_%no_mixed_refs%_%no_weightb%_%rc_lookahead%_%rc_lookahead_20%_%ref%_%ref_9%_%root%_%;496.23;330.9298
no_8x8dct%_%no_asm%_%no_fast_pskip%_%no_mixed_refs%_%no_weightb%_%rc_lookahead%_%rc_lookahead_20%_%ref%_%ref_9%_%root%_%;615.0567;367.8506
no_8x8dct%_%no_asm%_%no_mbtree%_%no_mixed_refs%_%no_weightb%_%rc_lookahead%_%rc_lookahead_20%_%ref%_%ref_9%_%root%_%;561.96;364.8289
no_8x8dct%_%no_asm%_%no_fast_pskip%_%no_mbtree%_%no_mixed_refs%_%no_weightb%_%rc_lookahead%_%rc_lookahead_20%_%ref%_%ref_9%_%root%_%;652.55;410.3007
no_8x8dct%_%no_asm%_%no_cabac%_%no_mixed_refs%_%no_weightb%_%rc_lookahead%_%rc_lookahead_20%_%ref%_%ref_9%_%root%_%;491.2367;329.5452
no_8x8dct%_%no_asm%_%no_fast_pskip%_%no_mbtree%_%rc_lookahead%_%rc_lookahead_20%_%ref%_%ref_1%_%root%_%;291.6333;464.8739
no_8x8dct%_%no_asm%_%no_cabac%_%no_mbtree%_%no_mixed_refs%_%no_weightb%_%rc_lookahead%_%rc_lookahead_20%_%ref%_%ref_9%_%root%_%;556.3267;364.1478
no_8x8dct%_%no_asm%_%no_cabac%_%no_fast_pskip%_%no_mixed_refs%_%no_weightb%_%rc_lookahead%_%rc_lookahead_20%_%ref%_%ref_9%_%root%_%;608.9967;365.2506
no_8x8dct%_%no_asm%_%no_cabac%_%no_fast_pskip%_%no_mbtree%_%no_mixed_refs%_%no_weightb%_%rc_lookahead%_%rc_lookahead_20%_%ref%_%ref_9%_%root%_%;645.3767;406.0272
no_asm%_%no_deblock%_%rc_lookahead%_%rc_lookahead_20%_%ref%_%ref_9%_%root%_%;615.2867;365.5346
no_asm%_%no_deblock%_%no_fast_pskip%_%rc_lookahead%_%rc_lookahead_20%_%ref%_%ref_9%_%root%_%;743.1633;413.4183
no_asm%_%no_cabac%_%no_deblock%_%rc_lookahead%_%rc_lookahead_20%_%ref%_%ref_9%_%root%_%;605.2733;362.5987
no_asm%_%no_cabac%_%no_deblock%_%no_fast_pskip%_%rc_lookahead%_%rc_lookahead_20%_%ref%_%ref_9%_%root%_%;732.0067;411.9146
no_asm%_%no_deblock%_%no_weightb%_%rc_lookahead%_%rc_lookahead_20%_%ref%_%ref_9%_%root%_%;614.57;365.3002
no_asm%_%no_cabac%_%no_deblock%_%no_weightb%_%rc_lookahead%_%rc_lookahead_20%_%ref%_%ref_9%_%root%_%;604.9167;362.5502
no_asm%_%no_deblock%_%no_fast_pskip%_%no_weightb%_%rc_lookahead%_%rc_lookahead_20%_%ref%_%ref_9%_%root%_%;743.1233;412.8331
no_8x8dct%_%no_asm%_%no_deblock%_%no_fast_pskip%_%no_mbtree%_%rc_lookahead%_%rc_lookahead_20%_%ref%_%ref_1%_%root%_%;291.01;465.0646
no_asm%_%no_cabac%_%no_deblock%_%no_fast_pskip%_%no_weightb%_%rc_lookahead%_%rc_lookahead_20%_%ref%_%ref_9%_%root%_%;731.1933;411.4361
no_asm%_%no_deblock%_%no_mixed_refs%_%rc_lookahead%_%rc_lookahead_20%_%ref%_%ref_9%_%root%_%;508.71;330.712
no_asm%_%no_deblock%_%no_fast_pskip%_%no_mixed_refs%_%rc_lookahead%_%rc_lookahead_20%_%ref%_%ref_9%_%root%_%;629.62;377.6067
no_asm%_%no_deblock%_%no_mixed_refs%_%no_weightb%_%rc_lookahead%_%rc_lookahead_20%_%ref%_%ref_9%_%root%_%;508.4233;330.7215
no_asm%_%no_deblock%_%no_fast_pskip%_%no_mixed_refs%_%no_weightb%_%rc_lookahead%_%rc_lookahead_20%_%ref%_%ref_9%_%root%_%;629.39;377.6161
no_asm%_%no_cabac%_%no_deblock%_%no_mixed_refs%_%rc_lookahead%_%rc_lookahead_20%_%ref%_%ref_9%_%root%_%;506.36;329.2785
no_asm%_%no_cabac%_%no_deblock%_%no_mixed_refs%_%no_weightb%_%rc_lookahead%_%rc_lookahead_20%_%ref%_%ref_9%_%root%_%;506.2233;329.2852
no_asm%_%no_cabac%_%no_deblock%_%no_fast_pskip%_%no_mixed_refs%_%rc_lookahead%_%rc_lookahead_20%_%ref%_%ref_9%_%root%_%;625.7967;374.8778
no_asm%_%no_cabac%_%no_deblock%_%no_fast_pskip%_%no_mixed_refs%_%no_weightb%_%rc_lookahead%_%rc_lookahead_20%_%ref%_%ref_9%_%root%_%;625.71;374.7715
no_8x8dct%_%no_asm%_%no_deblock%_%rc_lookahead%_%rc_lookahead_20%_%ref%_%ref_9%_%root%_%;588.6733;353.3446
no_8x8dct%_%no_asm%_%no_mbtree%_%no_weightb%_%rc_lookahead%_%rc_lookahead_20%_%ref%_%ref_1%_%root%_%;287.06;418.2637
no_8x8dct%_%no_asm%_%no_deblock%_%no_fast_pskip%_%rc_lookahead%_%rc_lookahead_20%_%ref%_%ref_9%_%root%_%;713.6733;405.4206
no_8x8dct%_%no_asm%_%no_cabac%_%no_deblock%_%rc_lookahead%_%rc_lookahead_20%_%ref%_%ref_9%_%root%_%;581.4067;351.8828
no_8x8dct%_%no_asm%_%no_cabac%_%no_deblock%_%no_fast_pskip%_%rc_lookahead%_%rc_lookahead_20%_%ref%_%ref_9%_%root%_%;705.4533;404.352
no_8x8dct%_%no_asm%_%no_deblock%_%no_mixed_refs%_%rc_lookahead%_%rc_lookahead_20%_%ref%_%ref_9%_%root%_%;495.7233;330.712
no_8x8dct%_%no_asm%_%no_cabac%_%no_deblock%_%no_mixed_refs%_%rc_lookahead%_%rc_lookahead_20%_%ref%_%ref_9%_%root%_%;490.4733;329.2785
no_8x8dct%_%no_asm%_%no_deblock%_%no_fast_pskip%_%no_mixed_refs%_%rc_lookahead%_%rc_lookahead_20%_%ref%_%ref_9%_%root%_%;613.7633;368.5524
no_8x8dct%_%no_asm%_%no_cabac%_%no_deblock%_%no_fast_pskip%_%no_mixed_refs%_%rc_lookahead%_%rc_lookahead_20%_%ref%_%ref_9%_%root%_%;607.6267;365.625
no_8x8dct%_%no_asm%_%no_deblock%_%no_weightb%_%rc_lookahead%_%rc_lookahead_20%_%ref%_%ref_9%_%root%_%;588.67;353.2828
no_8x8dct%_%no_asm%_%no_deblock%_%no_fast_pskip%_%no_weightb%_%rc_lookahead%_%rc_lookahead_20%_%ref%_%ref_9%_%root%_%;713.39;404.4857
no_8x8dct%_%no_asm%_%no_deblock%_%no_mixed_refs%_%no_weightb%_%rc_lookahead%_%rc_lookahead_20%_%ref%_%ref_9%_%root%_%;495.49;330.7215
no_8x8dct%_%no_asm%_%no_fast_pskip%_%no_mbtree%_%no_weightb%_%rc_lookahead%_%rc_lookahead_20%_%ref%_%ref_1%_%root%_%;291.62;465.5269
no_8x8dct%_%no_asm%_%no_deblock%_%no_fast_pskip%_%no_mixed_refs%_%no_weightb%_%rc_lookahead%_%rc_lookahead_20%_%ref%_%ref_9%_%root%_%;613.3967;367.1946
no_8x8dct%_%no_asm%_%no_cabac%_%no_deblock%_%no_weightb%_%rc_lookahead%_%rc_lookahead_20%_%ref%_%ref_9%_%root%_%;581.2433;351.79
no_8x8dct%_%no_asm%_%no_cabac%_%no_deblock%_%no_mixed_refs%_%no_weightb%_%rc_lookahead%_%rc_lookahead_20%_%ref%_%ref_9%_%root%_%;490.0433;329.2852
no_8x8dct%_%no_asm%_%no_cabac%_%no_deblock%_%no_fast_pskip%_%no_weightb%_%rc_lookahead%_%rc_lookahead_20%_%ref%_%ref_9%_%root%_%;704.8067;403.5331
no_8x8dct%_%no_asm%_%no_cabac%_%no_deblock%_%no_fast_pskip%_%no_mixed_refs%_%no_weightb%_%rc_lookahead%_%rc_lookahead_20%_%ref%_%ref_9%_%root%_%;607.3767;364.5887
no_asm%_%no_deblock%_%no_mbtree%_%rc_lookahead%_%rc_lookahead_20%_%ref%_%ref_9%_%root%_%;726.89;435.4926
no_asm%_%no_deblock%_%no_fast_pskip%_%no_mbtree%_%rc_lookahead%_%rc_lookahead_20%_%ref%_%ref_9%_%root%_%;821.52;479.375
no_asm%_%no_cabac%_%no_deblock%_%no_mbtree%_%rc_lookahead%_%rc_lookahead_20%_%ref%_%ref_9%_%root%_%;716.0333;434.0815
no_asm%_%no_cabac%_%no_deblock%_%no_fast_pskip%_%no_mbtree%_%rc_lookahead%_%rc_lookahead_20%_%ref%_%ref_9%_%root%_%;809.9367;480.5452
no_asm%_%no_deblock%_%no_mbtree%_%no_weightb%_%rc_lookahead%_%rc_lookahead_20%_%ref%_%ref_9%_%root%_%;726.51;435.7211
no_8x8dct%_%no_asm%_%no_deblock%_%no_mbtree%_%no_weightb%_%rc_lookahead%_%rc_lookahead_20%_%ref%_%ref_1%_%root%_%;286.3967;418.8472
no_asm%_%no_cabac%_%no_deblock%_%no_mbtree%_%no_weightb%_%rc_lookahead%_%rc_lookahead_20%_%ref%_%ref_9%_%root%_%;715.9233;434.31
no_asm%_%no_deblock%_%no_fast_pskip%_%no_mbtree%_%no_weightb%_%rc_lookahead%_%rc_lookahead_20%_%ref%_%ref_9%_%root%_%;821.9633;479.3667
no_asm%_%no_cabac%_%no_deblock%_%no_fast_pskip%_%no_mbtree%_%no_weightb%_%rc_lookahead%_%rc_lookahead_20%_%ref%_%ref_9%_%root%_%;809.57;480.5369
no_8x8dct%_%no_asm%_%no_deblock%_%no_mbtree%_%rc_lookahead%_%rc_lookahead_20%_%ref%_%ref_9%_%root%_%;690.59;418.5439
no_8x8dct%_%no_asm%_%no_deblock%_%no_fast_pskip%_%no_mbtree%_%rc_lookahead%_%rc_lookahead_20%_%ref%_%ref_9%_%root%_%;784.02;465.0646
no_8x8dct%_%no_asm%_%no_deblock%_%no_mbtree%_%no_weightb%_%rc_lookahead%_%rc_lookahead_20%_%ref%_%ref_9%_%root%_%;690.4633;418.8472
no_8x8dct%_%no_asm%_%no_deblock%_%no_fast_pskip%_%no_mbtree%_%no_weightb%_%rc_lookahead%_%rc_lookahead_20%_%ref%_%ref_9%_%root%_%;783.4933;465.7176
no_8x8dct%_%no_asm%_%no_cabac%_%no_deblock%_%no_mbtree%_%rc_lookahead%_%rc_lookahead_20%_%ref%_%ref_9%_%root%_%;683.75;415.0813
no_8x8dct%_%no_asm%_%no_cabac%_%no_deblock%_%no_mbtree%_%no_weightb%_%rc_lookahead%_%rc_lookahead_20%_%ref%_%ref_9%_%root%_%;683.42;415.3539
no_8x8dct%_%no_asm%_%no_cabac%_%no_deblock%_%no_fast_pskip%_%no_mbtree%_%rc_lookahead%_%rc_lookahead_20%_%ref%_%ref_9%_%root%_%;775.8533;465.9083
no_8x8dct%_%no_asm%_%no_deblock%_%no_fast_pskip%_%no_mbtree%_%no_weightb%_%rc_lookahead%_%rc_lookahead_20%_%ref%_%ref_1%_%root%_%;291.15;465.7176
no_8x8dct%_%no_asm%_%no_cabac%_%no_deblock%_%no_fast_pskip%_%no_mbtree%_%no_weightb%_%rc_lookahead%_%rc_lookahead_20%_%ref%_%ref_9%_%root%_%;775.8033;466.5613
no_asm%_%no_deblock%_%no_mbtree%_%no_mixed_refs%_%rc_lookahead%_%rc_lookahead_20%_%ref%_%ref_9%_%root%_%;580.5433;376.7665
no_asm%_%no_deblock%_%no_fast_pskip%_%no_mbtree%_%no_mixed_refs%_%rc_lookahead%_%rc_lookahead_20%_%ref%_%ref_9%_%root%_%;671.73;422.7559
no_asm%_%no_cabac%_%no_deblock%_%no_mbtree%_%no_mixed_refs%_%rc_lookahead%_%rc_lookahead_20%_%ref%_%ref_9%_%root%_%;575.8633;374.3226
no_asm%_%no_cabac%_%no_deblock%_%no_fast_pskip%_%no_mbtree%_%no_mixed_refs%_%rc_lookahead%_%rc_lookahead_20%_%ref%_%ref_9%_%root%_%;665.2233;419.4252
no_8x8dct%_%no_asm%_%no_deblock%_%no_mbtree%_%no_mixed_refs%_%rc_lookahead%_%rc_lookahead_20%_%ref%_%ref_9%_%root%_%;561.79;363.0881
no_8x8dct%_%no_asm%_%no_cabac%_%no_deblock%_%no_mbtree%_%no_mixed_refs%_%rc_lookahead%_%rc_lookahead_20%_%ref%_%ref_9%_%root%_%;555.58;362.7124
no_8x8dct%_%no_asm%_%no_deblock%_%no_fast_pskip%_%no_mbtree%_%no_mixed_refs%_%rc_lookahead%_%rc_lookahead_20%_%ref%_%ref_9%_%root%_%;651.7033;409.1374
no_8x8dct%_%no_asm%_%no_cabac%_%no_deblock%_%no_fast_pskip%_%no_mbtree%_%no_mixed_refs%_%rc_lookahead%_%rc_lookahead_20%_%ref%_%ref_9%_%root%_%;644.1567;405.3176
no_asm%_%no_deblock%_%no_mbtree%_%no_mixed_refs%_%no_weightb%_%rc_lookahead%_%rc_lookahead_20%_%ref%_%ref_9%_%root%_%;580.3733;376.4606
no_8x8dct%_%no_asm%_%no_cabac%_%no_mbtree%_%rc_lookahead%_%rc_lookahead_20%_%ref%_%ref_1%_%root%_%;275.9233;414.4457
no_asm%_%no_deblock%_%no_fast_pskip%_%no_mbtree%_%no_mixed_refs%_%no_weightb%_%rc_lookahead%_%rc_lookahead_20%_%ref%_%ref_9%_%root%_%;671.4;423.0613
no_8x8dct%_%no_asm%_%no_deblock%_%no_mbtree%_%no_mixed_refs%_%no_weightb%_%rc_lookahead%_%rc_lookahead_20%_%ref%_%ref_9%_%root%_%;561.3733;362.6428
no_8x8dct%_%no_asm%_%no_deblock%_%no_fast_pskip%_%no_mbtree%_%no_mixed_refs%_%no_weightb%_%rc_lookahead%_%rc_lookahead_20%_%ref%_%ref_9%_%root%_%;651.2033;409.4202
no_asm%_%no_cabac%_%no_deblock%_%no_mbtree%_%no_mixed_refs%_%no_weightb%_%rc_lookahead%_%rc_lookahead_20%_%ref%_%ref_9%_%root%_%;575.4767;373.8969
no_8x8dct%_%no_asm%_%no_cabac%_%no_deblock%_%no_mbtree%_%no_mixed_refs%_%no_weightb%_%rc_lookahead%_%rc_lookahead_20%_%ref%_%ref_9%_%root%_%;555.2033;362.2496
no_asm%_%no_cabac%_%no_deblock%_%no_fast_pskip%_%no_mbtree%_%no_mixed_refs%_%no_weightb%_%rc_lookahead%_%rc_lookahead_20%_%ref%_%ref_9%_%root%_%;665.2833;419.7185
no_8x8dct%_%no_asm%_%no_cabac%_%no_deblock%_%no_fast_pskip%_%no_mbtree%_%no_mixed_refs%_%no_weightb%_%rc_lookahead%_%rc_lookahead_20%_%ref%_%ref_9%_%root%_%;643.96;405.4283
no_asm%_%rc_lookahead%_%rc_lookahead_60%_%ref%_%ref_9%_%root%_%;613.4467;365.1835
no_asm%_%no_fast_pskip%_%rc_lookahead%_%rc_lookahead_60%_%ref%_%ref_9%_%root%_%;742.4633;414.1702
no_asm%_%no_cabac%_%rc_lookahead%_%rc_lookahead_60%_%ref%_%ref_9%_%root%_%;604.8867;362.4559
no_asm%_%no_weightb%_%rc_lookahead%_%rc_lookahead_20%_%ref%_%ref_1%_%root%_%;268.5567;364.9926
no_8x8dct%_%no_asm%_%no_cabac%_%no_deblock%_%no_mbtree%_%rc_lookahead%_%rc_lookahead_20%_%ref%_%ref_1%_%root%_%;275.3867;415.0813
no_asm%_%no_cabac%_%no_fast_pskip%_%rc_lookahead%_%rc_lookahead_60%_%ref%_%ref_9%_%root%_%;731.76;412.6665
no_asm%_%no_weightb%_%rc_lookahead%_%rc_lookahead_60%_%ref%_%ref_9%_%root%_%;613.5167;364.9926
no_asm%_%no_cabac%_%no_weightb%_%rc_lookahead%_%rc_lookahead_60%_%ref%_%ref_9%_%root%_%;604.4833;362.4074
no_asm%_%no_fast_pskip%_%no_weightb%_%rc_lookahead%_%rc_lookahead_60%_%ref%_%ref_9%_%root%_%;741.8867;413.5494
no_asm%_%no_cabac%_%no_fast_pskip%_%no_weightb%_%rc_lookahead%_%rc_lookahead_60%_%ref%_%ref_9%_%root%_%;731.41;412.1524
no_asm%_%no_mixed_refs%_%rc_lookahead%_%rc_lookahead_60%_%ref%_%ref_9%_%root%_%;511.5067;330.9676
no_asm%_%no_fast_pskip%_%no_mixed_refs%_%rc_lookahead%_%rc_lookahead_60%_%ref%_%ref_9%_%root%_%;632.9433;377.8067
no_asm%_%no_mixed_refs%_%no_weightb%_%rc_lookahead%_%rc_lookahead_60%_%ref%_%ref_9%_%root%_%;511.7333;330.9298
no_asm%_%no_fast_pskip%_%no_mixed_refs%_%no_weightb%_%rc_lookahead%_%rc_lookahead_60%_%ref%_%ref_9%_%root%_%;632.8267;377.7683
no_asm%_%no_cabac%_%no_mixed_refs%_%rc_lookahead%_%rc_lookahead_60%_%ref%_%ref_9%_%root%_%;509.8933;329.5319
no_8x8dct%_%no_asm%_%no_cabac%_%no_mbtree%_%no_weightb%_%rc_lookahead%_%rc_lookahead_20%_%ref%_%ref_1%_%root%_%;275.9267;414.7978
no_asm%_%no_cabac%_%no_mixed_refs%_%no_weightb%_%rc_lookahead%_%rc_lookahead_60%_%ref%_%ref_9%_%root%_%;509.4733;329.5452
no_asm%_%no_cabac%_%no_fast_pskip%_%no_mixed_refs%_%rc_lookahead%_%rc_lookahead_60%_%ref%_%ref_9%_%root%_%;629.3367;374.8778
no_asm%_%no_cabac%_%no_fast_pskip%_%no_mixed_refs%_%no_weightb%_%rc_lookahead%_%rc_lookahead_60%_%ref%_%ref_9%_%root%_%;629.3967;374.7715
no_asm%_%no_mbtree%_%rc_lookahead%_%rc_lookahead_60%_%ref%_%ref_9%_%root%_%;721.8733;435.6978
no_asm%_%no_fast_pskip%_%no_mbtree%_%rc_lookahead%_%rc_lookahead_60%_%ref%_%ref_9%_%root%_%;817.99;478.2048
no_asm%_%no_cabac%_%no_mbtree%_%rc_lookahead%_%rc_lookahead_60%_%ref%_%ref_9%_%root%_%;712.87;434.5215
no_asm%_%no_cabac%_%no_fast_pskip%_%no_mbtree%_%rc_lookahead%_%rc_lookahead_60%_%ref%_%ref_9%_%root%_%;807.4367;479.375
no_asm%_%no_mbtree%_%no_mixed_refs%_%rc_lookahead%_%rc_lookahead_60%_%ref%_%ref_9%_%root%_%;580.74;378.3759
no_asm%_%no_cabac%_%no_mbtree%_%no_mixed_refs%_%rc_lookahead%_%rc_lookahead_60%_%ref%_%ref_9%_%root%_%;576.48;375.6365
no_asm%_%no_fast_pskip%_%no_mbtree%_%no_mixed_refs%_%rc_lookahead%_%rc_lookahead_60%_%ref%_%ref_9%_%root%_%;672.6;423.033
no_8x8dct%_%no_asm%_%no_cabac%_%no_deblock%_%no_mbtree%_%no_weightb%_%rc_lookahead%_%rc_lookahead_20%_%ref%_%ref_1%_%root%_%;275.4333;415.3539
no_asm%_%no_cabac%_%no_fast_pskip%_%no_mbtree%_%no_mixed_refs%_%rc_lookahead%_%rc_lookahead_60%_%ref%_%ref_9%_%root%_%;666.6867;419.6694
no_asm%_%no_mbtree%_%no_weightb%_%rc_lookahead%_%rc_lookahead_60%_%ref%_%ref_9%_%root%_%;721.8667;435.8641
no_asm%_%no_fast_pskip%_%no_mbtree%_%no_weightb%_%rc_lookahead%_%rc_lookahead_60%_%ref%_%ref_9%_%root%_%;817.3533;478.1965
no_asm%_%no_mbtree%_%no_mixed_refs%_%no_weightb%_%rc_lookahead%_%rc_lookahead_60%_%ref%_%ref_9%_%root%_%;580.6067;378.1274
no_asm%_%no_fast_pskip%_%no_mbtree%_%no_mixed_refs%_%no_weightb%_%rc_lookahead%_%rc_lookahead_60%_%ref%_%ref_9%_%root%_%;672.2067;423.2339
no_asm%_%no_cabac%_%no_mbtree%_%no_weightb%_%rc_lookahead%_%rc_lookahead_60%_%ref%_%ref_9%_%root%_%;712.7267;434.7189
no_asm%_%no_cabac%_%no_mbtree%_%no_mixed_refs%_%no_weightb%_%rc_lookahead%_%rc_lookahead_60%_%ref%_%ref_9%_%root%_%;576.2467;375.1846
no_asm%_%no_cabac%_%no_fast_pskip%_%no_mbtree%_%no_weightb%_%rc_lookahead%_%rc_lookahead_60%_%ref%_%ref_9%_%root%_%;806.9233;479.3667
no_asm%_%no_cabac%_%no_fast_pskip%_%no_mbtree%_%no_mixed_refs%_%no_weightb%_%rc_lookahead%_%rc_lookahead_60%_%ref%_%ref_9%_%root%_%;666.33;419.9454
no_asm%_%no_deblock%_%rc_lookahead%_%rc_lookahead_60%_%ref%_%ref_9%_%root%_%;617.42;365.5346
no_8x8dct%_%no_asm%_%no_cabac%_%no_fast_pskip%_%no_mbtree%_%rc_lookahead%_%rc_lookahead_20%_%ref%_%ref_1%_%root%_%;279.79;465.7176
no_asm%_%no_deblock%_%no_fast_pskip%_%rc_lookahead%_%rc_lookahead_60%_%ref%_%ref_9%_%root%_%;745.5967;413.4183
no_asm%_%no_cabac%_%no_deblock%_%rc_lookahead%_%rc_lookahead_60%_%ref%_%ref_9%_%root%_%;607.9267;362.5987
no_asm%_%no_cabac%_%no_deblock%_%no_fast_pskip%_%rc_lookahead%_%rc_lookahead_60%_%ref%_%ref_9%_%root%_%;734.21;411.9146
no_asm%_%no_deblock%_%no_weightb%_%rc_lookahead%_%rc_lookahead_60%_%ref%_%ref_9%_%root%_%;616.96;365.3002
no_asm%_%no_cabac%_%no_deblock%_%no_weightb%_%rc_lookahead%_%rc_lookahead_60%_%ref%_%ref_9%_%root%_%;607.7;362.5502
no_asm%_%no_deblock%_%no_fast_pskip%_%no_weightb%_%rc_lookahead%_%rc_lookahead_60%_%ref%_%ref_9%_%root%_%;745.4433;412.8331
no_asm%_%no_cabac%_%no_deblock%_%no_fast_pskip%_%no_weightb%_%rc_lookahead%_%rc_lookahead_60%_%ref%_%ref_9%_%root%_%;733.7633;411.4361
no_asm%_%no_deblock%_%no_mbtree%_%rc_lookahead%_%rc_lookahead_60%_%ref%_%ref_9%_%root%_%;726.9167;435.4926
no_asm%_%no_deblock%_%no_fast_pskip%_%no_mbtree%_%rc_lookahead%_%rc_lookahead_60%_%ref%_%ref_9%_%root%_%;821.76;479.375
no_asm%_%no_deblock%_%no_mbtree%_%no_weightb%_%rc_lookahead%_%rc_lookahead_60%_%ref%_%ref_9%_%root%_%;726.6;435.7211
no_8x8dct%_%no_asm%_%no_cabac%_%no_fast_pskip%_%no_mbtree%_%no_weightb%_%rc_lookahead%_%rc_lookahead_20%_%ref%_%ref_1%_%root%_%;279.7767;466.3706
no_asm%_%no_deblock%_%no_fast_pskip%_%no_mbtree%_%no_weightb%_%rc_lookahead%_%rc_lookahead_60%_%ref%_%ref_9%_%root%_%;821.51;479.3667
no_asm%_%no_cabac%_%no_deblock%_%no_mbtree%_%rc_lookahead%_%rc_lookahead_60%_%ref%_%ref_9%_%root%_%;715.8267;434.0815
no_asm%_%no_cabac%_%no_deblock%_%no_mbtree%_%no_weightb%_%rc_lookahead%_%rc_lookahead_60%_%ref%_%ref_9%_%root%_%;715.7467;434.31
no_asm%_%no_cabac%_%no_deblock%_%no_fast_pskip%_%no_mbtree%_%rc_lookahead%_%rc_lookahead_60%_%ref%_%ref_9%_%root%_%;809.8067;480.5452
no_asm%_%no_cabac%_%no_deblock%_%no_fast_pskip%_%no_mbtree%_%no_weightb%_%rc_lookahead%_%rc_lookahead_60%_%ref%_%ref_9%_%root%_%;809.53;480.5369
no_asm%_%no_deblock%_%no_mixed_refs%_%rc_lookahead%_%rc_lookahead_60%_%ref%_%ref_9%_%root%_%;510.8367;330.712
no_asm%_%no_deblock%_%no_fast_pskip%_%no_mixed_refs%_%rc_lookahead%_%rc_lookahead_60%_%ref%_%ref_9%_%root%_%;631.7367;377.6067
no_asm%_%no_cabac%_%no_deblock%_%no_mixed_refs%_%rc_lookahead%_%rc_lookahead_60%_%ref%_%ref_9%_%root%_%;508.7667;329.2785
no_asm%_%no_cabac%_%no_deblock%_%no_fast_pskip%_%no_mixed_refs%_%rc_lookahead%_%rc_lookahead_60%_%ref%_%ref_9%_%root%_%;628.15;374.8778
no_asm%_%no_deblock%_%no_mbtree%_%no_mixed_refs%_%rc_lookahead%_%rc_lookahead_60%_%ref%_%ref_9%_%root%_%;580.4767;376.7665
no_8x8dct%_%no_asm%_%no_cabac%_%no_deblock%_%no_fast_pskip%_%no_mbtree%_%rc_lookahead%_%rc_lookahead_20%_%ref%_%ref_1%_%root%_%;279.15;465.9083
no_asm%_%no_cabac%_%no_deblock%_%no_mbtree%_%no_mixed_refs%_%rc_lookahead%_%rc_lookahead_60%_%ref%_%ref_9%_%root%_%;575.6633;374.3226
no_asm%_%no_deblock%_%no_fast_pskip%_%no_mbtree%_%no_mixed_refs%_%rc_lookahead%_%rc_lookahead_60%_%ref%_%ref_9%_%root%_%;671.7467;422.7559
no_asm%_%no_cabac%_%no_deblock%_%no_fast_pskip%_%no_mbtree%_%no_mixed_refs%_%rc_lookahead%_%rc_lookahead_60%_%ref%_%ref_9%_%root%_%;665.2;419.4252
no_asm%_%no_deblock%_%no_mixed_refs%_%no_weightb%_%rc_lookahead%_%rc_lookahead_60%_%ref%_%ref_9%_%root%_%;510.89;330.7215
no_asm%_%no_deblock%_%no_fast_pskip%_%no_mixed_refs%_%no_weightb%_%rc_lookahead%_%rc_lookahead_60%_%ref%_%ref_9%_%root%_%;631.5833;377.6161
no_asm%_%no_deblock%_%no_mbtree%_%no_mixed_refs%_%no_weightb%_%rc_lookahead%_%rc_lookahead_60%_%ref%_%ref_9%_%root%_%;580.41;376.4606
no_asm%_%no_deblock%_%no_fast_pskip%_%no_mbtree%_%no_mixed_refs%_%no_weightb%_%rc_lookahead%_%rc_lookahead_60%_%ref%_%ref_9%_%root%_%;671.55;423.0613
no_asm%_%no_cabac%_%no_deblock%_%no_mixed_refs%_%no_weightb%_%rc_lookahead%_%rc_lookahead_60%_%ref%_%ref_9%_%root%_%;508.6067;329.2852
no_asm%_%no_cabac%_%no_deblock%_%no_mbtree%_%no_mixed_refs%_%no_weightb%_%rc_lookahead%_%rc_lookahead_60%_%ref%_%ref_9%_%root%_%;575.5533;373.8969
no_asm%_%no_cabac%_%no_deblock%_%no_fast_pskip%_%no_mixed_refs%_%no_weightb%_%rc_lookahead%_%rc_lookahead_60%_%ref%_%ref_9%_%root%_%;627.8133;374.7715
no_8x8dct%_%no_asm%_%no_cabac%_%no_deblock%_%no_fast_pskip%_%no_mbtree%_%no_weightb%_%rc_lookahead%_%rc_lookahead_20%_%ref%_%ref_1%_%root%_%;279.15;466.5613
no_asm%_%no_cabac%_%no_deblock%_%no_fast_pskip%_%no_mbtree%_%no_mixed_refs%_%no_weightb%_%rc_lookahead%_%rc_lookahead_60%_%ref%_%ref_9%_%root%_%;665.1667;419.7185
no_8x8dct%_%no_asm%_%rc_lookahead%_%rc_lookahead_60%_%ref%_%ref_9%_%root%_%;588.54;353.5635
no_8x8dct%_%no_asm%_%no_fast_pskip%_%rc_lookahead%_%rc_lookahead_60%_%ref%_%ref_9%_%root%_%;713.5767;405.4206
no_8x8dct%_%no_asm%_%no_cabac%_%rc_lookahead%_%rc_lookahead_60%_%ref%_%ref_9%_%root%_%;581.8133;352.4089
no_8x8dct%_%no_asm%_%no_cabac%_%no_fast_pskip%_%rc_lookahead%_%rc_lookahead_60%_%ref%_%ref_9%_%root%_%;706.2467;404.352
no_8x8dct%_%no_asm%_%no_weightb%_%rc_lookahead%_%rc_lookahead_60%_%ref%_%ref_9%_%root%_%;588.2;353.5017
no_8x8dct%_%no_asm%_%no_cabac%_%no_weightb%_%rc_lookahead%_%rc_lookahead_60%_%ref%_%ref_9%_%root%_%;581.7167;352.3161
no_8x8dct%_%no_asm%_%no_fast_pskip%_%no_weightb%_%rc_lookahead%_%rc_lookahead_60%_%ref%_%ref_9%_%root%_%;712.9533;404.4857
no_8x8dct%_%no_asm%_%no_cabac%_%no_fast_pskip%_%no_weightb%_%rc_lookahead%_%rc_lookahead_60%_%ref%_%ref_9%_%root%_%;706.0633;403.5331
no_8x8dct%_%no_asm%_%no_mixed_refs%_%rc_lookahead%_%rc_lookahead_60%_%ref%_%ref_9%_%root%_%;499.27;330.9676
no_8x8dct%_%no_asm%_%no_mixed_refs%_%rc_lookahead%_%rc_lookahead_20%_%ref%_%ref_1%_%root%_%;254.82;330.9676
no_8x8dct%_%no_asm%_%no_fast_pskip%_%no_mixed_refs%_%rc_lookahead%_%rc_lookahead_60%_%ref%_%ref_9%_%root%_%;617.2067;369.122
no_8x8dct%_%no_asm%_%no_mixed_refs%_%no_weightb%_%rc_lookahead%_%rc_lookahead_60%_%ref%_%ref_9%_%root%_%;498.8267;330.9298
no_8x8dct%_%no_asm%_%no_fast_pskip%_%no_mixed_refs%_%no_weightb%_%rc_lookahead%_%rc_lookahead_60%_%ref%_%ref_9%_%root%_%;616.97;367.8506
no_8x8dct%_%no_asm%_%no_cabac%_%no_mixed_refs%_%rc_lookahead%_%rc_lookahead_60%_%ref%_%ref_9%_%root%_%;493.96;329.5319
no_8x8dct%_%no_asm%_%no_cabac%_%no_mixed_refs%_%no_weightb%_%rc_lookahead%_%rc_lookahead_60%_%ref%_%ref_9%_%root%_%;493.5433;329.5452
no_8x8dct%_%no_asm%_%no_cabac%_%no_fast_pskip%_%no_mixed_refs%_%rc_lookahead%_%rc_lookahead_60%_%ref%_%ref_9%_%root%_%;611.6;366.2006
no_8x8dct%_%no_asm%_%no_cabac%_%no_fast_pskip%_%no_mixed_refs%_%no_weightb%_%rc_lookahead%_%rc_lookahead_60%_%ref%_%ref_9%_%root%_%;611.4333;365.2506
no_8x8dct%_%no_asm%_%no_deblock%_%rc_lookahead%_%rc_lookahead_60%_%ref%_%ref_9%_%root%_%;590.55;353.3446
no_8x8dct%_%no_asm%_%no_deblock%_%no_fast_pskip%_%rc_lookahead%_%rc_lookahead_60%_%ref%_%ref_9%_%root%_%;715.7367;405.4206
no_8x8dct%_%no_asm%_%no_cabac%_%no_deblock%_%rc_lookahead%_%rc_lookahead_60%_%ref%_%ref_9%_%root%_%;584.9767;351.8828
no_8x8dct%_%no_asm%_%no_deblock%_%no_mixed_refs%_%rc_lookahead%_%rc_lookahead_20%_%ref%_%ref_1%_%root%_%;254.11;330.712
no_8x8dct%_%no_asm%_%no_cabac%_%no_deblock%_%no_fast_pskip%_%rc_lookahead%_%rc_lookahead_60%_%ref%_%ref_9%_%root%_%;707.5967;404.352
no_8x8dct%_%no_asm%_%no_deblock%_%no_mixed_refs%_%rc_lookahead%_%rc_lookahead_60%_%ref%_%ref_9%_%root%_%;497.8033;330.712
no_8x8dct%_%no_asm%_%no_cabac%_%no_deblock%_%no_mixed_refs%_%rc_lookahead%_%rc_lookahead_60%_%ref%_%ref_9%_%root%_%;493.0067;329.2785
no_8x8dct%_%no_asm%_%no_deblock%_%no_fast_pskip%_%no_mixed_refs%_%rc_lookahead%_%rc_lookahead_60%_%ref%_%ref_9%_%root%_%;615.9;368.5524
no_8x8dct%_%no_asm%_%no_cabac%_%no_deblock%_%no_fast_pskip%_%no_mixed_refs%_%rc_lookahead%_%rc_lookahead_60%_%ref%_%ref_9%_%root%_%;609.8867;365.625
no_8x8dct%_%no_asm%_%no_deblock%_%no_weightb%_%rc_lookahead%_%rc_lookahead_60%_%ref%_%ref_9%_%root%_%;590.8367;353.2828
no_8x8dct%_%no_asm%_%no_deblock%_%no_fast_pskip%_%no_weightb%_%rc_lookahead%_%rc_lookahead_60%_%ref%_%ref_9%_%root%_%;715.5833;404.4857
no_8x8dct%_%no_asm%_%no_deblock%_%no_mixed_refs%_%no_weightb%_%rc_lookahead%_%rc_lookahead_60%_%ref%_%ref_9%_%root%_%;497.37;330.7215
no_8x8dct%_%no_asm%_%no_deblock%_%no_fast_pskip%_%no_mixed_refs%_%no_weightb%_%rc_lookahead%_%rc_lookahead_60%_%ref%_%ref_9%_%root%_%;616.1333;367.1946
no_8x8dct%_%no_asm%_%no_cabac%_%no_deblock%_%no_weightb%_%rc_lookahead%_%rc_lookahead_60%_%ref%_%ref_9%_%root%_%;583.8467;351.79
no_8x8dct%_%no_asm%_%no_fast_pskip%_%no_mixed_refs%_%rc_lookahead%_%rc_lookahead_20%_%ref%_%ref_1%_%root%_%;261.2033;369.122
no_8x8dct%_%no_asm%_%no_cabac%_%no_deblock%_%no_mixed_refs%_%no_weightb%_%rc_lookahead%_%rc_lookahead_60%_%ref%_%ref_9%_%root%_%;492.4267;329.2852
no_8x8dct%_%no_asm%_%no_cabac%_%no_deblock%_%no_fast_pskip%_%no_weightb%_%rc_lookahead%_%rc_lookahead_60%_%ref%_%ref_9%_%root%_%;707.4933;403.5331
no_8x8dct%_%no_asm%_%no_cabac%_%no_deblock%_%no_fast_pskip%_%no_mixed_refs%_%no_weightb%_%rc_lookahead%_%rc_lookahead_60%_%ref%_%ref_9%_%root%_%;609.6967;364.5887
no_8x8dct%_%no_asm%_%no_mbtree%_%rc_lookahead%_%rc_lookahead_60%_%ref%_%ref_9%_%root%_%;687.4733;417.9104
no_8x8dct%_%no_asm%_%no_fast_pskip%_%no_mbtree%_%rc_lookahead%_%rc_lookahead_60%_%ref%_%ref_9%_%root%_%;781.1633;464.8739
no_8x8dct%_%no_asm%_%no_cabac%_%no_mbtree%_%rc_lookahead%_%rc_lookahead_60%_%ref%_%ref_9%_%root%_%;680.5633;414.4457
no_8x8dct%_%no_asm%_%no_cabac%_%no_fast_pskip%_%no_mbtree%_%rc_lookahead%_%rc_lookahead_60%_%ref%_%ref_9%_%root%_%;773.4367;465.7176
no_8x8dct%_%no_asm%_%no_mbtree%_%no_weightb%_%rc_lookahead%_%rc_lookahead_60%_%ref%_%ref_9%_%root%_%;687.0333;418.2637
no_8x8dct%_%no_asm%_%no_cabac%_%no_mbtree%_%no_weightb%_%rc_lookahead%_%rc_lookahead_60%_%ref%_%ref_9%_%root%_%;680.7267;414.7978
no_8x8dct%_%no_asm%_%no_fast_pskip%_%no_mbtree%_%no_weightb%_%rc_lookahead%_%rc_lookahead_60%_%ref%_%ref_9%_%root%_%;780.79;465.5269
