Current machine learning settings: epsilon:0 lossFunction:RELATIVE parallelization:True bagging:False baggingNumbers:3 considerEpsilonTube:False baggingTestDataFraction:50 useBackward:False abortError:1 limitFeatureSize:False featureSizeTreshold:4 quadraticFunctionSupport:True crossValidation:False crossValidation-k:5 learn-logFunction:False learn-accumulatedLogFunction:False learn-asymFunction:False learn-ratioFunction:False learn-mirrowedFunction:False learn-numeric-disabled:True numberOfRounds:70 backwardErrorDelta:1 minImprovementPerRound:0.1 withHierarchy:False bruteForceCandidates:False ignoreBadFeatures:False stopOnLongRound:True candidateSizePenalty:True learnTimeLimit:00:00:00 scoreMeasure:RELERROR outputRoundsToStdout:False debug:False pythonInfluenceAnalysis:False blacklisted: 
command: solver z3
command: vm /scratch/kallistos/Distance-Based_Data/SupplementaryWebsite/MeasuredPerformanceValues/x264/FeatureModel.xml
Warning: Variability model contains outdated notation. Children nodes will no longer have effect on the model. Instead use the parent node to describe the parent of an configuration option. You can also use the converter providedby the Variability Model GUI in export>convert legacy model.
command: all /scratch/kallistos/Distance-Based_Data/SupplementaryWebsite/MeasuredPerformanceValues/x264/measurements.xml
Configs with too large deviation: 0
1152 configurations loaded.
command: nfp Performance
command: setsampleset /scratch/kallistos/Distance-Based_Data/Results/x264/x264_44/sampledConfigurations_solverBased_t1.csv
command: learn-splconqueror-opt abortError=[1] minImprovementPerRound=[0.1,0.2,0.5] lossFunction=[RELATIVE] quadraticFunctionSupport=[True,False] learn_logFunction=[True,False] learn_asymFunction=[True,False] learn_ratioFunction=[True,False] withHierarchy=[False] useBackward=[False]
Learning: NumberOfConfigurationsLearning:12 NumberOfConfigurationsValidation:12
Learning progress:
1;478.866666666667 * no_asm + 216.676666666667 * no_mbtree;8.80489917886147;8.80489917886147;8.80489917886147;8.80489917886147;0.036714;2;216.676666666667 * no_mbtree;1;15.2532018061563;
2;357.628333333334 * no_asm + 95.4383333333338 * no_mbtree + 242.476666666666 * ref_9;3.32801466555706;3.32801466555706;3.32801466555706;3.32801466555706;0.040613;3;242.476666666666 * ref_9;1;5.47688451330441;
3;357.628333333333 * no_asm + 104.521025641026 * no_mbtree + 257.614487179487 * ref_9 + -30.2756410256411 * no_8x8dct;0.557852396392085;0.557852396392085;0.557852396392085;0.557852396392085;0.044106;4;-30.2756410256411 * no_8x8dct;1;2.77016226916497;
Elapsed=00:00:00.0455441
Learning progress:
1;591.793333333334 * no_asm + 134.85 * no_deblock;3.75143645260921;3.75143645260921;3.75143645260921;3.75143645260921;0.000781;2;134.85 * no_deblock;1;10.9646739911596;
2;591.793333333333 * no_asm + 67.425 * no_deblock + 67.425 * no_deblock * no_weightb;3.53772927246623;3.53772927246623;3.53772927246623;3.53772927246623;0.002973;4;67.425 * no_deblock * no_weightb;2;0.106853590071489;
3;591.793333333333 * no_asm + 44.9499999999997 * no_deblock + 44.9499999999997 * no_deblock * no_weightb + 44.9499999999997 * no_deblock * no_mbtree;2.45310702021614;2.45310702021614;2.45310702021614;2.45310702021614;0.007575;6;44.9499999999997 * no_deblock * no_mbtree;2;0.542311126125048;
4;591.793333333333 * no_asm + 33.7125 * no_deblock + 33.7125 * no_deblock * no_weightb + 33.7125 * no_deblock * no_mbtree + 33.7125 * no_deblock * ref_9;2.12450307423407;2.12450307423407;2.12450307423407;2.12450307423407;0.013394;8;33.7125 * no_deblock * ref_9;2;0.164301972991032;
Elapsed=00:00:00.0210202
Learning progress:
1;481.89 * no_asm + 221.813333333333 * no_mbtree;14.885860753588;14.885860753588;14.885860753588;14.885860753588;0.00077;2;221.813333333333 * no_mbtree;1;16.6440290049637;
2;465.5688 * no_asm + 210.155333333333 * no_mbtree + 48.9635999999999 * no_weightb;14.3816894478306;14.3816894478306;14.3816894478306;14.3816894478306;0.00243;3;48.9635999999999 * no_weightb;1;0.50417130575746;
3;462.085 * no_asm + 215.961666666667 * no_mbtree + 59.4150000000006 * no_weightb + -29.0316666666669 * no_weightb * no_deblock;14.2740728513182;14.2740728513182;14.2740728513182;14.2740728513182;0.005207;5;-29.0316666666669 * no_weightb * no_deblock;2;0.0538082982561896;
Elapsed=00:00:00.0053002
Learning progress:
1;444.6 * no_asm + 225.04 * ref_9;33.4074431752079;33.4074431752079;33.4074431752079;33.4074431752079;0.000702;2;225.04 * ref_9;1;41.5729645183935;
2;371.413333333333 * no_asm + 298.226666666667 * ref_9 + 73.1866666666667 * ref_5;19.8872392267861;19.8872392267861;19.8872392267861;19.8872392267861;0.002374;3;73.1866666666667 * ref_5;1;13.5202039484217;
3;346.864814814815 * no_asm + 249.12962962963 * ref_9 + 97.7351851851854 * ref_5 + 110.468333333334 * no_mbtree;15.4839104550464;15.4839104550464;15.4839104550464;15.4839104550464;0.004973;4;110.468333333334 * no_mbtree;1;4.40332877173976;
4;346.864814814815 * no_asm + 249.12962962963 * ref_9 + 97.735185185185 * ref_5 + 127.42 * no_mbtree + -33.9033333333326 * no_mbtree * no_8x8dct;14.2504280349905;14.2504280349905;14.2504280349905;14.2504280349905;0.009234;6;-33.9033333333326 * no_mbtree * no_8x8dct;2;0.61674121002792;
5;346.864814814814 * no_asm + 249.12962962963 * ref_9 + 97.735185185185 * ref_5 + 126.135 * no_mbtree + -35.1883333333328 * no_mbtree * no_8x8dct + 3.85499999999962 * no_deblock;14.0933371988112;14.0933371988112;14.0933371988112;14.0933371988112;0.014721;7;3.85499999999962 * no_deblock;1;0.157090836179373;
6;346.864814814815 * no_asm + 249.12962962963 * ref_9 + 97.7351851851854 * ref_5 + 126.123650793651 * no_mbtree + -35.1542857142853 * no_mbtree * no_8x8dct + 3.75285714285712 * no_deblock + 0.13619047619018 * no_deblock * no_weightb;14.0916855563163;14.0916855563163;14.0916855563163;14.0916855563163;0.021577;9;0.13619047619018 * no_deblock * no_weightb;2;0.000825821247424585;
Elapsed=00:00:00.0217193
Learning progress:
1;500.648 * no_asm + 202.609333333333 * no_mbtree;2.43899135012653;2.43899135012653;2.43899135012653;2.43899135012653;0.000685;2;202.609333333333 * no_mbtree;1;18.2237250339345;
2;492.565333333333 * no_asm + 186.444 * no_mbtree + 40.4133333333334 * no_weightb;0.80570063220807;0.80570063220807;0.80570063220807;0.80570063220807;0.002601;3;40.4133333333334 * no_weightb;1;1.63329071791846;
Elapsed=00:00:00.0026829
Learning progress:
1;478.866666666667 * no_asm + 216.676666666667 * no_mbtree;8.80489917886147;8.80489917886147;8.80489917886147;8.80489917886147;0.000723;2;216.676666666667 * no_mbtree;1;15.2532018061563;
2;357.628333333334 * no_asm + 95.4383333333338 * no_mbtree + 242.476666666666 * ref_9;3.32801466555706;3.32801466555706;3.32801466555706;3.32801466555706;0.002619;3;242.476666666666 * ref_9;1;5.47688451330441;
3;357.628333333333 * no_asm + 104.521025641026 * no_mbtree + 257.614487179487 * ref_9 + -30.2756410256411 * no_8x8dct;0.557852396392085;0.557852396392085;0.557852396392085;0.557852396392085;0.006512;4;-30.2756410256411 * no_8x8dct;1;2.77016226916497;
Elapsed=00:00:00.0066174
Learning progress:
1;591.793333333334 * no_asm + 134.85 * no_deblock;3.75143645260921;3.75143645260921;3.75143645260921;3.75143645260921;0.000875;2;134.85 * no_deblock;1;10.9646739911596;
2;591.793333333333 * no_asm + 67.425 * no_deblock + 67.425 * no_deblock * no_weightb;3.53772927246623;3.53772927246623;3.53772927246623;3.53772927246623;0.002897;4;67.425 * no_deblock * no_weightb;2;0.106853590071489;
Elapsed=00:00:00.0029882
Learning progress:
1;481.89 * no_asm + 221.813333333333 * no_mbtree;14.885860753588;14.885860753588;14.885860753588;14.885860753588;0.000658;2;221.813333333333 * no_mbtree;1;16.6440290049637;
2;465.5688 * no_asm + 210.155333333333 * no_mbtree + 48.9635999999999 * no_weightb;14.3816894478306;14.3816894478306;14.3816894478306;14.3816894478306;0.00232;3;48.9635999999999 * no_weightb;1;0.50417130575746;
3;462.085 * no_asm + 215.961666666667 * no_mbtree + 59.4150000000006 * no_weightb + -29.0316666666669 * no_weightb * no_deblock;14.2740728513182;14.2740728513182;14.2740728513182;14.2740728513182;0.005044;5;-29.0316666666669 * no_weightb * no_deblock;2;0.0538082982561896;
Elapsed=00:00:00.0051284
Learning progress:
1;444.6 * no_asm + 225.04 * ref_9;33.4074431752079;33.4074431752079;33.4074431752079;33.4074431752079;0.000731;2;225.04 * ref_9;1;41.5729645183935;
2;371.413333333333 * no_asm + 298.226666666667 * ref_9 + 73.1866666666667 * ref_5;19.8872392267861;19.8872392267861;19.8872392267861;19.8872392267861;0.00248;3;73.1866666666667 * ref_5;1;13.5202039484217;
3;346.864814814815 * no_asm + 249.12962962963 * ref_9 + 97.7351851851854 * ref_5 + 110.468333333334 * no_mbtree;15.4839104550464;15.4839104550464;15.4839104550464;15.4839104550464;0.00508;4;110.468333333334 * no_mbtree;1;4.40332877173976;
4;346.864814814815 * no_asm + 249.12962962963 * ref_9 + 97.735185185185 * ref_5 + 127.42 * no_mbtree + -33.9033333333326 * no_mbtree * no_8x8dct;14.2504280349905;14.2504280349905;14.2504280349905;14.2504280349905;0.008821;6;-33.9033333333326 * no_mbtree * no_8x8dct;2;0.61674121002792;
5;346.864814814814 * no_asm + 249.12962962963 * ref_9 + 97.735185185185 * ref_5 + 126.135 * no_mbtree + -35.1883333333328 * no_mbtree * no_8x8dct + 3.85499999999962 * no_deblock;14.0933371988112;14.0933371988112;14.0933371988112;14.0933371988112;0.01481;7;3.85499999999962 * no_deblock;1;0.157090836179373;
Elapsed=00:00:00.0149139
Learning progress:
1;500.648 * no_asm + 202.609333333333 * no_mbtree;2.43899135012653;2.43899135012653;2.43899135012653;2.43899135012653;0.000793;2;202.609333333333 * no_mbtree;1;18.2237250339345;
2;492.565333333333 * no_asm + 186.444 * no_mbtree + 40.4133333333334 * no_weightb;0.80570063220807;0.80570063220807;0.80570063220807;0.80570063220807;0.002845;3;40.4133333333334 * no_weightb;1;1.63329071791846;
Elapsed=00:00:00.0029273
Learning progress:
1;478.866666666667 * no_asm + 216.676666666667 * no_mbtree;8.80489917886147;8.80489917886147;8.80489917886147;8.80489917886147;0.000909;2;216.676666666667 * no_mbtree;1;15.2532018061563;
2;357.628333333334 * no_asm + 95.4383333333338 * no_mbtree + 242.476666666666 * ref_9;3.32801466555706;3.32801466555706;3.32801466555706;3.32801466555706;0.002956;3;242.476666666666 * ref_9;1;5.47688451330441;
3;357.628333333333 * no_asm + 104.521025641026 * no_mbtree + 257.614487179487 * ref_9 + -30.2756410256411 * no_8x8dct;0.557852396392085;0.557852396392085;0.557852396392085;0.557852396392085;0.006882;4;-30.2756410256411 * no_8x8dct;1;2.77016226916497;
Elapsed=00:00:00.0069853
Learning progress:
1;591.793333333334 * no_asm + 134.85 * no_deblock;3.75143645260921;3.75143645260921;3.75143645260921;3.75143645260921;0.000732;2;134.85 * no_deblock;1;10.9646739911596;
2;591.793333333333 * no_asm + 67.425 * no_deblock + 67.425 * no_deblock * no_weightb;3.53772927246623;3.53772927246623;3.53772927246623;3.53772927246623;0.002796;4;67.425 * no_deblock * no_weightb;2;0.106853590071489;
Elapsed=00:00:00.0028876
Learning progress:
1;481.89 * no_asm + 221.813333333333 * no_mbtree;14.885860753588;14.885860753588;14.885860753588;14.885860753588;0.000601;2;221.813333333333 * no_mbtree;1;16.6440290049637;
2;465.5688 * no_asm + 210.155333333333 * no_mbtree + 48.9635999999999 * no_weightb;14.3816894478306;14.3816894478306;14.3816894478306;14.3816894478306;0.002247;3;48.9635999999999 * no_weightb;1;0.50417130575746;
3;462.085 * no_asm + 215.961666666667 * no_mbtree + 59.4150000000006 * no_weightb + -29.0316666666669 * no_weightb * no_deblock;14.2740728513182;14.2740728513182;14.2740728513182;14.2740728513182;0.00491;5;-29.0316666666669 * no_weightb * no_deblock;2;0.0538082982561896;
Elapsed=00:00:00.0049952
Learning progress:
1;444.6 * no_asm + 225.04 * ref_9;33.4074431752079;33.4074431752079;33.4074431752079;33.4074431752079;0.000783;2;225.04 * ref_9;1;41.5729645183935;
2;371.413333333333 * no_asm + 298.226666666667 * ref_9 + 73.1866666666667 * ref_5;19.8872392267861;19.8872392267861;19.8872392267861;19.8872392267861;0.002434;3;73.1866666666667 * ref_5;1;13.5202039484217;
3;346.864814814815 * no_asm + 249.12962962963 * ref_9 + 97.7351851851854 * ref_5 + 110.468333333334 * no_mbtree;15.4839104550464;15.4839104550464;15.4839104550464;15.4839104550464;0.005102;4;110.468333333334 * no_mbtree;1;4.40332877173976;
4;346.864814814815 * no_asm + 249.12962962963 * ref_9 + 97.735185185185 * ref_5 + 127.42 * no_mbtree + -33.9033333333326 * no_mbtree * no_8x8dct;14.2504280349905;14.2504280349905;14.2504280349905;14.2504280349905;0.008767;6;-33.9033333333326 * no_mbtree * no_8x8dct;2;0.61674121002792;
5;346.864814814814 * no_asm + 249.12962962963 * ref_9 + 97.735185185185 * ref_5 + 126.135 * no_mbtree + -35.1883333333328 * no_mbtree * no_8x8dct + 3.85499999999962 * no_deblock;14.0933371988112;14.0933371988112;14.0933371988112;14.0933371988112;0.014716;7;3.85499999999962 * no_deblock;1;0.157090836179373;
Elapsed=00:00:00.0148198
Learning progress:
1;500.648 * no_asm + 202.609333333333 * no_mbtree;2.43899135012653;2.43899135012653;2.43899135012653;2.43899135012653;0.000717;2;202.609333333333 * no_mbtree;1;18.2237250339345;
2;492.565333333333 * no_asm + 186.444 * no_mbtree + 40.4133333333334 * no_weightb;0.80570063220807;0.80570063220807;0.80570063220807;0.80570063220807;0.002643;3;40.4133333333334 * no_weightb;1;1.63329071791846;
Elapsed=00:00:00.0027246
Learning progress:
1;478.866666666667 * no_asm + 216.676666666667 * no_mbtree;8.80489917886147;8.80489917886147;8.80489917886147;8.80489917886147;0.000717;2;216.676666666667 * no_mbtree;1;15.2532018061563;
2;357.628333333334 * no_asm + 95.4383333333338 * no_mbtree + 242.476666666666 * ref_9;3.32801466555706;3.32801466555706;3.32801466555706;3.32801466555706;0.002757;3;242.476666666666 * ref_9;1;5.47688451330441;
3;357.628333333333 * no_asm + 104.521025641026 * no_mbtree + 257.614487179487 * ref_9 + -30.2756410256411 * no_8x8dct;0.557852396392085;0.557852396392085;0.557852396392085;0.557852396392085;0.006605;4;-30.2756410256411 * no_8x8dct;1;2.77016226916497;
Elapsed=00:00:00.0067092
Learning progress:
1;591.793333333334 * no_asm + 134.85 * no_deblock;3.75143645260921;3.75143645260921;3.75143645260921;3.75143645260921;0.00074;2;134.85 * no_deblock;1;10.9646739911596;
2;591.793333333333 * no_asm + 67.425 * no_deblock + 67.425 * no_deblock * no_weightb;3.53772927246623;3.53772927246623;3.53772927246623;3.53772927246623;0.002672;4;67.425 * no_deblock * no_weightb;2;0.106853590071489;
3;591.793333333333 * no_asm + 44.9499999999997 * no_deblock + 44.9499999999997 * no_deblock * no_weightb + 44.9499999999997 * no_deblock * no_mbtree;2.45310702021614;2.45310702021614;2.45310702021614;2.45310702021614;0.006382;6;44.9499999999997 * no_deblock * no_mbtree;2;0.542311126125048;
4;591.793333333333 * no_asm + 33.7125 * no_deblock + 33.7125 * no_deblock * no_weightb + 33.7125 * no_deblock * no_mbtree + 33.7125 * no_deblock * ref_9;2.12450307423407;2.12450307423407;2.12450307423407;2.12450307423407;0.01236;8;33.7125 * no_deblock * ref_9;2;0.164301972991032;
Elapsed=00:00:00.0195144
Learning progress:
1;481.89 * no_asm + 221.813333333333 * no_mbtree;14.885860753588;14.885860753588;14.885860753588;14.885860753588;0.000584;2;221.813333333333 * no_mbtree;1;16.6440290049637;
2;465.5688 * no_asm + 210.155333333333 * no_mbtree + 48.9635999999999 * no_weightb;14.3816894478306;14.3816894478306;14.3816894478306;14.3816894478306;0.002307;3;48.9635999999999 * no_weightb;1;0.50417130575746;
3;462.085 * no_asm + 215.961666666667 * no_mbtree + 59.4150000000006 * no_weightb + -29.0316666666669 * no_weightb * no_deblock;14.2740728513182;14.2740728513182;14.2740728513182;14.2740728513182;0.005429;5;-29.0316666666669 * no_weightb * no_deblock;2;0.0538082982561896;
Elapsed=00:00:00.0055195
Learning progress:
1;444.6 * no_asm + 225.04 * ref_9;33.4074431752079;33.4074431752079;33.4074431752079;33.4074431752079;0.000581;2;225.04 * ref_9;1;41.5729645183935;
2;371.413333333333 * no_asm + 298.226666666667 * ref_9 + 73.1866666666667 * ref_5;19.8872392267861;19.8872392267861;19.8872392267861;19.8872392267861;0.002167;3;73.1866666666667 * ref_5;1;13.5202039484217;
3;346.864814814815 * no_asm + 249.12962962963 * ref_9 + 97.7351851851854 * ref_5 + 110.468333333334 * no_mbtree;15.4839104550464;15.4839104550464;15.4839104550464;15.4839104550464;0.004824;4;110.468333333334 * no_mbtree;1;4.40332877173976;
4;346.864814814815 * no_asm + 249.12962962963 * ref_9 + 97.735185185185 * ref_5 + 127.42 * no_mbtree + -33.9033333333326 * no_mbtree * no_8x8dct;14.2504280349905;14.2504280349905;14.2504280349905;14.2504280349905;0.00849;6;-33.9033333333326 * no_mbtree * no_8x8dct;2;0.61674121002792;
5;346.864814814814 * no_asm + 249.12962962963 * ref_9 + 97.735185185185 * ref_5 + 126.135 * no_mbtree + -35.1883333333328 * no_mbtree * no_8x8dct + 3.85499999999962 * no_deblock;14.0933371988112;14.0933371988112;14.0933371988112;14.0933371988112;0.014456;7;3.85499999999962 * no_deblock;1;0.157090836179373;
6;346.864814814815 * no_asm + 249.12962962963 * ref_9 + 97.7351851851854 * ref_5 + 126.123650793651 * no_mbtree + -35.1542857142853 * no_mbtree * no_8x8dct + 3.75285714285712 * no_deblock + 0.13619047619018 * no_deblock * no_weightb;14.0916855563163;14.0916855563163;14.0916855563163;14.0916855563163;0.020885;9;0.13619047619018 * no_deblock * no_weightb;2;0.000825821247424585;
Elapsed=00:00:00.0209947
Learning progress:
1;500.648 * no_asm + 202.609333333333 * no_mbtree;2.43899135012653;2.43899135012653;2.43899135012653;2.43899135012653;0.000656;2;202.609333333333 * no_mbtree;1;18.2237250339345;
2;492.565333333333 * no_asm + 186.444 * no_mbtree + 40.4133333333334 * no_weightb;0.80570063220807;0.80570063220807;0.80570063220807;0.80570063220807;0.003084;3;40.4133333333334 * no_weightb;1;1.63329071791846;
Elapsed=00:00:00.0031687
Learning progress:
1;478.866666666667 * no_asm + 216.676666666667 * no_mbtree;8.80489917886147;8.80489917886147;8.80489917886147;8.80489917886147;0.000721;2;216.676666666667 * no_mbtree;1;15.2532018061563;
2;357.628333333334 * no_asm + 95.4383333333338 * no_mbtree + 242.476666666666 * ref_9;3.32801466555706;3.32801466555706;3.32801466555706;3.32801466555706;0.00269;3;242.476666666666 * ref_9;1;5.47688451330441;
3;357.628333333333 * no_asm + 104.521025641026 * no_mbtree + 257.614487179487 * ref_9 + -30.2756410256411 * no_8x8dct;0.557852396392085;0.557852396392085;0.557852396392085;0.557852396392085;0.005892;4;-30.2756410256411 * no_8x8dct;1;2.77016226916497;
Elapsed=00:00:00.0059940
Learning progress:
1;591.793333333334 * no_asm + 134.85 * no_deblock;3.75143645260921;3.75143645260921;3.75143645260921;3.75143645260921;0.000764;2;134.85 * no_deblock;1;10.9646739911596;
2;591.793333333333 * no_asm + 67.425 * no_deblock + 67.425 * no_deblock * no_weightb;3.53772927246623;3.53772927246623;3.53772927246623;3.53772927246623;0.003227;4;67.425 * no_deblock * no_weightb;2;0.106853590071489;
Elapsed=00:00:00.0033182
Learning progress:
1;481.89 * no_asm + 221.813333333333 * no_mbtree;14.885860753588;14.885860753588;14.885860753588;14.885860753588;0.000599;2;221.813333333333 * no_mbtree;1;16.6440290049637;
2;465.5688 * no_asm + 210.155333333333 * no_mbtree + 48.9635999999999 * no_weightb;14.3816894478306;14.3816894478306;14.3816894478306;14.3816894478306;0.002317;3;48.9635999999999 * no_weightb;1;0.50417130575746;
3;462.085 * no_asm + 215.961666666667 * no_mbtree + 59.4150000000006 * no_weightb + -29.0316666666669 * no_weightb * no_deblock;14.2740728513182;14.2740728513182;14.2740728513182;14.2740728513182;0.004968;5;-29.0316666666669 * no_weightb * no_deblock;2;0.0538082982561896;
Elapsed=00:00:00.0050524
Learning progress:
1;444.6 * no_asm + 225.04 * ref_9;33.4074431752079;33.4074431752079;33.4074431752079;33.4074431752079;0.00064;2;225.04 * ref_9;1;41.5729645183935;
2;371.413333333333 * no_asm + 298.226666666667 * ref_9 + 73.1866666666667 * ref_5;19.8872392267861;19.8872392267861;19.8872392267861;19.8872392267861;0.002252;3;73.1866666666667 * ref_5;1;13.5202039484217;
3;346.864814814815 * no_asm + 249.12962962963 * ref_9 + 97.7351851851854 * ref_5 + 110.468333333334 * no_mbtree;15.4839104550464;15.4839104550464;15.4839104550464;15.4839104550464;0.005386;4;110.468333333334 * no_mbtree;1;4.40332877173976;
4;346.864814814815 * no_asm + 249.12962962963 * ref_9 + 97.735185185185 * ref_5 + 127.42 * no_mbtree + -33.9033333333326 * no_mbtree * no_8x8dct;14.2504280349905;14.2504280349905;14.2504280349905;14.2504280349905;0.009094;6;-33.9033333333326 * no_mbtree * no_8x8dct;2;0.61674121002792;
5;346.864814814814 * no_asm + 249.12962962963 * ref_9 + 97.735185185185 * ref_5 + 126.135 * no_mbtree + -35.1883333333328 * no_mbtree * no_8x8dct + 3.85499999999962 * no_deblock;14.0933371988112;14.0933371988112;14.0933371988112;14.0933371988112;0.014526;7;3.85499999999962 * no_deblock;1;0.157090836179373;
Elapsed=00:00:00.0146293
Learning progress:
1;500.648 * no_asm + 202.609333333333 * no_mbtree;2.43899135012653;2.43899135012653;2.43899135012653;2.43899135012653;0.000691;2;202.609333333333 * no_mbtree;1;18.2237250339345;
2;492.565333333333 * no_asm + 186.444 * no_mbtree + 40.4133333333334 * no_weightb;0.80570063220807;0.80570063220807;0.80570063220807;0.80570063220807;0.003193;3;40.4133333333334 * no_weightb;1;1.63329071791846;
Elapsed=00:00:00.0032764
Learning progress:
1;478.866666666667 * no_asm + 216.676666666667 * no_mbtree;8.80489917886147;8.80489917886147;8.80489917886147;8.80489917886147;0.000879;2;216.676666666667 * no_mbtree;1;15.2532018061563;
2;357.628333333334 * no_asm + 95.4383333333338 * no_mbtree + 242.476666666666 * ref_9;3.32801466555706;3.32801466555706;3.32801466555706;3.32801466555706;0.002778;3;242.476666666666 * ref_9;1;5.47688451330441;
3;357.628333333333 * no_asm + 104.521025641026 * no_mbtree + 257.614487179487 * ref_9 + -30.2756410256411 * no_8x8dct;0.557852396392085;0.557852396392085;0.557852396392085;0.557852396392085;0.006029;4;-30.2756410256411 * no_8x8dct;1;2.77016226916497;
Elapsed=00:00:00.0061311
Learning progress:
1;591.793333333334 * no_asm + 134.85 * no_deblock;3.75143645260921;3.75143645260921;3.75143645260921;3.75143645260921;0.000761;2;134.85 * no_deblock;1;10.9646739911596;
2;591.793333333333 * no_asm + 67.425 * no_deblock + 67.425 * no_deblock * no_weightb;3.53772927246623;3.53772927246623;3.53772927246623;3.53772927246623;0.003256;4;67.425 * no_deblock * no_weightb;2;0.106853590071489;
Elapsed=00:00:00.0033483
Learning progress:
1;481.89 * no_asm + 221.813333333333 * no_mbtree;14.885860753588;14.885860753588;14.885860753588;14.885860753588;0.000675;2;221.813333333333 * no_mbtree;1;16.6440290049637;
2;465.5688 * no_asm + 210.155333333333 * no_mbtree + 48.9635999999999 * no_weightb;14.3816894478306;14.3816894478306;14.3816894478306;14.3816894478306;0.002454;3;48.9635999999999 * no_weightb;1;0.50417130575746;
3;462.085 * no_asm + 215.961666666667 * no_mbtree + 59.4150000000006 * no_weightb + -29.0316666666669 * no_weightb * no_deblock;14.2740728513182;14.2740728513182;14.2740728513182;14.2740728513182;0.005077;5;-29.0316666666669 * no_weightb * no_deblock;2;0.0538082982561896;
Elapsed=00:00:00.0051615
Learning progress:
1;444.6 * no_asm + 225.04 * ref_9;33.4074431752079;33.4074431752079;33.4074431752079;33.4074431752079;0.000582;2;225.04 * ref_9;1;41.5729645183935;
2;371.413333333333 * no_asm + 298.226666666667 * ref_9 + 73.1866666666667 * ref_5;19.8872392267861;19.8872392267861;19.8872392267861;19.8872392267861;0.002195;3;73.1866666666667 * ref_5;1;13.5202039484217;
3;346.864814814815 * no_asm + 249.12962962963 * ref_9 + 97.7351851851854 * ref_5 + 110.468333333334 * no_mbtree;15.4839104550464;15.4839104550464;15.4839104550464;15.4839104550464;0.005312;4;110.468333333334 * no_mbtree;1;4.40332877173976;
4;346.864814814815 * no_asm + 249.12962962963 * ref_9 + 97.735185185185 * ref_5 + 127.42 * no_mbtree + -33.9033333333326 * no_mbtree * no_8x8dct;14.2504280349905;14.2504280349905;14.2504280349905;14.2504280349905;0.008962;6;-33.9033333333326 * no_mbtree * no_8x8dct;2;0.61674121002792;
5;346.864814814814 * no_asm + 249.12962962963 * ref_9 + 97.735185185185 * ref_5 + 126.135 * no_mbtree + -35.1883333333328 * no_mbtree * no_8x8dct + 3.85499999999962 * no_deblock;14.0933371988112;14.0933371988112;14.0933371988112;14.0933371988112;0.014389;7;3.85499999999962 * no_deblock;1;0.157090836179373;
Elapsed=00:00:00.0144919
Learning progress:
1;500.648 * no_asm + 202.609333333333 * no_mbtree;2.43899135012653;2.43899135012653;2.43899135012653;2.43899135012653;0.000677;2;202.609333333333 * no_mbtree;1;18.2237250339345;
2;492.565333333333 * no_asm + 186.444 * no_mbtree + 40.4133333333334 * no_weightb;0.80570063220807;0.80570063220807;0.80570063220807;0.80570063220807;0.003153;3;40.4133333333334 * no_weightb;1;1.63329071791846;
Elapsed=00:00:00.0032427
Learning progress:
1;478.866666666667 * no_asm + 216.676666666667 * no_mbtree;8.80489917886147;8.80489917886147;8.80489917886147;8.80489917886147;0.000737;2;216.676666666667 * no_mbtree;1;15.2532018061563;
2;357.628333333334 * no_asm + 95.4383333333338 * no_mbtree + 242.476666666666 * ref_9;3.32801466555706;3.32801466555706;3.32801466555706;3.32801466555706;0.00264;3;242.476666666666 * ref_9;1;5.47688451330441;
3;357.628333333333 * no_asm + 104.521025641026 * no_mbtree + 257.614487179487 * ref_9 + -30.2756410256411 * no_8x8dct;0.557852396392085;0.557852396392085;0.557852396392085;0.557852396392085;0.005765;4;-30.2756410256411 * no_8x8dct;1;2.77016226916497;
Elapsed=00:00:00.0058679
Learning progress:
1;591.793333333334 * no_asm + 134.85 * no_deblock;3.75143645260921;3.75143645260921;3.75143645260921;3.75143645260921;0.000753;2;134.85 * no_deblock;1;10.9646739911596;
2;591.793333333333 * no_asm + 67.425 * no_deblock + 67.425 * no_deblock * no_weightb;3.53772927246623;3.53772927246623;3.53772927246623;3.53772927246623;0.003196;4;67.425 * no_deblock * no_weightb;2;0.106853590071489;
3;591.793333333333 * no_asm + 44.9499999999997 * no_deblock + 44.9499999999997 * no_deblock * no_weightb + 44.9499999999997 * no_deblock * no_mbtree;2.45310702021614;2.45310702021614;2.45310702021614;2.45310702021614;0.006917;6;44.9499999999997 * no_deblock * no_mbtree;2;0.542311126125048;
4;591.793333333333 * no_asm + 33.7125 * no_deblock + 33.7125 * no_deblock * no_weightb + 33.7125 * no_deblock * no_mbtree + 33.7125 * no_deblock * ref_9;2.12450307423407;2.12450307423407;2.12450307423407;2.12450307423407;0.01242;8;33.7125 * no_deblock * ref_9;2;0.164301972991032;
Elapsed=00:00:00.0199684
Learning progress:
1;481.89 * no_asm + 221.813333333333 * no_mbtree;14.885860753588;14.885860753588;14.885860753588;14.885860753588;0.000657;2;221.813333333333 * no_mbtree;1;16.6440290049637;
2;465.5688 * no_asm + 210.155333333333 * no_mbtree + 48.9635999999999 * no_weightb;14.3816894478306;14.3816894478306;14.3816894478306;14.3816894478306;0.002309;3;48.9635999999999 * no_weightb;1;0.50417130575746;
3;462.085 * no_asm + 215.961666666667 * no_mbtree + 59.4150000000006 * no_weightb + -29.0316666666669 * no_weightb * no_deblock;14.2740728513182;14.2740728513182;14.2740728513182;14.2740728513182;0.004998;5;-29.0316666666669 * no_weightb * no_deblock;2;0.0538082982561896;
Elapsed=00:00:00.0050833
Learning progress:
1;444.6 * no_asm + 225.04 * ref_9;33.4074431752079;33.4074431752079;33.4074431752079;33.4074431752079;0.000581;2;225.04 * ref_9;1;41.5729645183935;
2;371.413333333333 * no_asm + 298.226666666667 * ref_9 + 73.1866666666667 * ref_5;19.8872392267861;19.8872392267861;19.8872392267861;19.8872392267861;0.002194;3;73.1866666666667 * ref_5;1;13.5202039484217;
3;346.864814814815 * no_asm + 249.12962962963 * ref_9 + 97.7351851851854 * ref_5 + 110.468333333334 * no_mbtree;15.4839104550464;15.4839104550464;15.4839104550464;15.4839104550464;0.005294;4;110.468333333334 * no_mbtree;1;4.40332877173976;
4;346.864814814815 * no_asm + 249.12962962963 * ref_9 + 97.735185185185 * ref_5 + 127.42 * no_mbtree + -33.9033333333326 * no_mbtree * no_8x8dct;14.2504280349905;14.2504280349905;14.2504280349905;14.2504280349905;0.008947;6;-33.9033333333326 * no_mbtree * no_8x8dct;2;0.61674121002792;
5;346.864814814814 * no_asm + 249.12962962963 * ref_9 + 97.735185185185 * ref_5 + 126.135 * no_mbtree + -35.1883333333328 * no_mbtree * no_8x8dct + 3.85499999999962 * no_deblock;14.0933371988112;14.0933371988112;14.0933371988112;14.0933371988112;0.014407;7;3.85499999999962 * no_deblock;1;0.157090836179373;
6;346.864814814815 * no_asm + 249.12962962963 * ref_9 + 97.7351851851854 * ref_5 + 126.123650793651 * no_mbtree + -35.1542857142853 * no_mbtree * no_8x8dct + 3.75285714285712 * no_deblock + 0.13619047619018 * no_deblock * no_weightb;14.0916855563163;14.0916855563163;14.0916855563163;14.0916855563163;0.021258;9;0.13619047619018 * no_deblock * no_weightb;2;0.000825821247424585;
Elapsed=00:00:00.0213730
Learning progress:
1;500.648 * no_asm + 202.609333333333 * no_mbtree;2.43899135012653;2.43899135012653;2.43899135012653;2.43899135012653;0.000836;2;202.609333333333 * no_mbtree;1;18.2237250339345;
2;492.565333333333 * no_asm + 186.444 * no_mbtree + 40.4133333333334 * no_weightb;0.80570063220807;0.80570063220807;0.80570063220807;0.80570063220807;0.002751;3;40.4133333333334 * no_weightb;1;1.63329071791846;
Elapsed=00:00:00.0028326
Learning progress:
1;478.866666666667 * no_asm + 216.676666666667 * no_mbtree;8.80489917886147;8.80489917886147;8.80489917886147;8.80489917886147;0.000773;2;216.676666666667 * no_mbtree;1;15.2532018061563;
2;357.628333333334 * no_asm + 95.4383333333338 * no_mbtree + 242.476666666666 * ref_9;3.32801466555706;3.32801466555706;3.32801466555706;3.32801466555706;0.003342;3;242.476666666666 * ref_9;1;5.47688451330441;
3;357.628333333333 * no_asm + 104.521025641026 * no_mbtree + 257.614487179487 * ref_9 + -30.2756410256411 * no_8x8dct;0.557852396392085;0.557852396392085;0.557852396392085;0.557852396392085;0.006522;4;-30.2756410256411 * no_8x8dct;1;2.77016226916497;
Elapsed=00:00:00.0066244
Learning progress:
1;591.793333333334 * no_asm + 134.85 * no_deblock;3.75143645260921;3.75143645260921;3.75143645260921;3.75143645260921;0.000728;2;134.85 * no_deblock;1;10.9646739911596;
2;591.793333333333 * no_asm + 67.425 * no_deblock + 67.425 * no_deblock * no_weightb;3.53772927246623;3.53772927246623;3.53772927246623;3.53772927246623;0.002917;4;67.425 * no_deblock * no_weightb;2;0.106853590071489;
Elapsed=00:00:00.0030077
Learning progress:
1;481.89 * no_asm + 221.813333333333 * no_mbtree;14.885860753588;14.885860753588;14.885860753588;14.885860753588;0.000599;2;221.813333333333 * no_mbtree;1;16.6440290049637;
2;465.5688 * no_asm + 210.155333333333 * no_mbtree + 48.9635999999999 * no_weightb;14.3816894478306;14.3816894478306;14.3816894478306;14.3816894478306;0.002493;3;48.9635999999999 * no_weightb;1;0.50417130575746;
3;462.085 * no_asm + 215.961666666667 * no_mbtree + 59.4150000000006 * no_weightb + -29.0316666666669 * no_weightb * no_deblock;14.2740728513182;14.2740728513182;14.2740728513182;14.2740728513182;0.005632;5;-29.0316666666669 * no_weightb * no_deblock;2;0.0538082982561896;
Elapsed=00:00:00.0057163
Learning progress:
1;444.6 * no_asm + 225.04 * ref_9;33.4074431752079;33.4074431752079;33.4074431752079;33.4074431752079;0.000579;2;225.04 * ref_9;1;41.5729645183935;
2;371.413333333333 * no_asm + 298.226666666667 * ref_9 + 73.1866666666667 * ref_5;19.8872392267861;19.8872392267861;19.8872392267861;19.8872392267861;0.002197;3;73.1866666666667 * ref_5;1;13.5202039484217;
3;346.864814814815 * no_asm + 249.12962962963 * ref_9 + 97.7351851851854 * ref_5 + 110.468333333334 * no_mbtree;15.4839104550464;15.4839104550464;15.4839104550464;15.4839104550464;0.004851;4;110.468333333334 * no_mbtree;1;4.40332877173976;
4;346.864814814815 * no_asm + 249.12962962963 * ref_9 + 97.735185185185 * ref_5 + 127.42 * no_mbtree + -33.9033333333326 * no_mbtree * no_8x8dct;14.2504280349905;14.2504280349905;14.2504280349905;14.2504280349905;0.008523;6;-33.9033333333326 * no_mbtree * no_8x8dct;2;0.61674121002792;
5;346.864814814814 * no_asm + 249.12962962963 * ref_9 + 97.735185185185 * ref_5 + 126.135 * no_mbtree + -35.1883333333328 * no_mbtree * no_8x8dct + 3.85499999999962 * no_deblock;14.0933371988112;14.0933371988112;14.0933371988112;14.0933371988112;0.014424;7;3.85499999999962 * no_deblock;1;0.157090836179373;
Elapsed=00:00:00.0145650
Learning progress:
1;500.648 * no_asm + 202.609333333333 * no_mbtree;2.43899135012653;2.43899135012653;2.43899135012653;2.43899135012653;0.000654;2;202.609333333333 * no_mbtree;1;18.2237250339345;
2;492.565333333333 * no_asm + 186.444 * no_mbtree + 40.4133333333334 * no_weightb;0.80570063220807;0.80570063220807;0.80570063220807;0.80570063220807;0.002541;3;40.4133333333334 * no_weightb;1;1.63329071791846;
Elapsed=00:00:00.0026230
Learning progress:
1;478.866666666667 * no_asm + 216.676666666667 * no_mbtree;8.80489917886147;8.80489917886147;8.80489917886147;8.80489917886147;0.000721;2;216.676666666667 * no_mbtree;1;15.2532018061563;
2;357.628333333334 * no_asm + 95.4383333333338 * no_mbtree + 242.476666666666 * ref_9;3.32801466555706;3.32801466555706;3.32801466555706;3.32801466555706;0.003251;3;242.476666666666 * ref_9;1;5.47688451330441;
3;357.628333333333 * no_asm + 104.521025641026 * no_mbtree + 257.614487179487 * ref_9 + -30.2756410256411 * no_8x8dct;0.557852396392085;0.557852396392085;0.557852396392085;0.557852396392085;0.006558;4;-30.2756410256411 * no_8x8dct;1;2.77016226916497;
Elapsed=00:00:00.0066604
Learning progress:
1;591.793333333334 * no_asm + 134.85 * no_deblock;3.75143645260921;3.75143645260921;3.75143645260921;3.75143645260921;0.000763;2;134.85 * no_deblock;1;10.9646739911596;
2;591.793333333333 * no_asm + 67.425 * no_deblock + 67.425 * no_deblock * no_weightb;3.53772927246623;3.53772927246623;3.53772927246623;3.53772927246623;0.002647;4;67.425 * no_deblock * no_weightb;2;0.106853590071489;
Elapsed=00:00:00.0027383
Learning progress:
1;481.89 * no_asm + 221.813333333333 * no_mbtree;14.885860753588;14.885860753588;14.885860753588;14.885860753588;0.000659;2;221.813333333333 * no_mbtree;1;16.6440290049637;
2;465.5688 * no_asm + 210.155333333333 * no_mbtree + 48.9635999999999 * no_weightb;14.3816894478306;14.3816894478306;14.3816894478306;14.3816894478306;0.002323;3;48.9635999999999 * no_weightb;1;0.50417130575746;
3;462.085 * no_asm + 215.961666666667 * no_mbtree + 59.4150000000006 * no_weightb + -29.0316666666669 * no_weightb * no_deblock;14.2740728513182;14.2740728513182;14.2740728513182;14.2740728513182;0.005526;5;-29.0316666666669 * no_weightb * no_deblock;2;0.0538082982561896;
Elapsed=00:00:00.0056105
Learning progress:
1;444.6 * no_asm + 225.04 * ref_9;33.4074431752079;33.4074431752079;33.4074431752079;33.4074431752079;0.00058;2;225.04 * ref_9;1;41.5729645183935;
2;371.413333333333 * no_asm + 298.226666666667 * ref_9 + 73.1866666666667 * ref_5;19.8872392267861;19.8872392267861;19.8872392267861;19.8872392267861;0.002226;3;73.1866666666667 * ref_5;1;13.5202039484217;
3;346.864814814815 * no_asm + 249.12962962963 * ref_9 + 97.7351851851854 * ref_5 + 110.468333333334 * no_mbtree;15.4839104550464;15.4839104550464;15.4839104550464;15.4839104550464;0.00483;4;110.468333333334 * no_mbtree;1;4.40332877173976;
4;346.864814814815 * no_asm + 249.12962962963 * ref_9 + 97.735185185185 * ref_5 + 127.42 * no_mbtree + -33.9033333333326 * no_mbtree * no_8x8dct;14.2504280349905;14.2504280349905;14.2504280349905;14.2504280349905;0.008494;6;-33.9033333333326 * no_mbtree * no_8x8dct;2;0.61674121002792;
5;346.864814814814 * no_asm + 249.12962962963 * ref_9 + 97.735185185185 * ref_5 + 126.135 * no_mbtree + -35.1883333333328 * no_mbtree * no_8x8dct + 3.85499999999962 * no_deblock;14.0933371988112;14.0933371988112;14.0933371988112;14.0933371988112;0.014424;7;3.85499999999962 * no_deblock;1;0.157090836179373;
Elapsed=00:00:00.0145278
Learning progress:
1;500.648 * no_asm + 202.609333333333 * no_mbtree;2.43899135012653;2.43899135012653;2.43899135012653;2.43899135012653;0.000685;2;202.609333333333 * no_mbtree;1;18.2237250339345;
2;492.565333333333 * no_asm + 186.444 * no_mbtree + 40.4133333333334 * no_weightb;0.80570063220807;0.80570063220807;0.80570063220807;0.80570063220807;0.002822;3;40.4133333333334 * no_weightb;1;1.63329071791846;
Elapsed=00:00:00.0029256
Learning progress:
1;478.866666666667 * no_asm + 216.676666666667 * no_mbtree;8.80489917886147;8.80489917886147;8.80489917886147;8.80489917886147;0.00092;2;216.676666666667 * no_mbtree;1;15.2532018061563;
2;357.628333333334 * no_asm + 95.4383333333338 * no_mbtree + 242.476666666666 * ref_9;3.32801466555706;3.32801466555706;3.32801466555706;3.32801466555706;0.003615;3;242.476666666666 * ref_9;1;5.47688451330441;
3;357.628333333333 * no_asm + 104.521025641026 * no_mbtree + 257.614487179487 * ref_9 + -30.2756410256411 * no_8x8dct;0.557852396392085;0.557852396392085;0.557852396392085;0.557852396392085;0.007038;4;-30.2756410256411 * no_8x8dct;1;2.77016226916497;
Elapsed=00:00:00.0071681
Learning progress:
1;591.793333333334 * no_asm + 134.85 * no_deblock;3.75143645260921;3.75143645260921;3.75143645260921;3.75143645260921;0.000835;2;134.85 * no_deblock;1;10.9646739911596;
2;591.793333333333 * no_asm + 67.425 * no_deblock + 67.425 * no_deblock * no_weightb;3.53772927246623;3.53772927246623;3.53772927246623;3.53772927246623;0.002966;4;67.425 * no_deblock * no_weightb;2;0.106853590071489;
3;591.793333333333 * no_asm + 44.9499999999997 * no_deblock + 44.9499999999997 * no_deblock * no_weightb + 44.9499999999997 * no_deblock * no_mbtree;2.45310702021614;2.45310702021614;2.45310702021614;2.45310702021614;0.006699;6;44.9499999999997 * no_deblock * no_mbtree;2;0.542311126125048;
4;591.793333333333 * no_asm + 33.7125 * no_deblock + 33.7125 * no_deblock * no_weightb + 33.7125 * no_deblock * no_mbtree + 33.7125 * no_deblock * ref_9;2.12450307423407;2.12450307423407;2.12450307423407;2.12450307423407;0.012889;8;33.7125 * no_deblock * ref_9;2;0.164301972991032;
Elapsed=00:00:00.0199973
Learning progress:
1;481.89 * no_asm + 221.813333333333 * no_mbtree;14.885860753588;14.885860753588;14.885860753588;14.885860753588;0.000587;2;221.813333333333 * no_mbtree;1;16.6440290049637;
2;465.5688 * no_asm + 210.155333333333 * no_mbtree + 48.9635999999999 * no_weightb;14.3816894478306;14.3816894478306;14.3816894478306;14.3816894478306;0.002918;3;48.9635999999999 * no_weightb;1;0.50417130575746;
3;462.085 * no_asm + 215.961666666667 * no_mbtree + 59.4150000000006 * no_weightb + -29.0316666666669 * no_weightb * no_deblock;14.2740728513182;14.2740728513182;14.2740728513182;14.2740728513182;0.005554;5;-29.0316666666669 * no_weightb * no_deblock;2;0.0538082982561896;
Elapsed=00:00:00.0056391
Learning progress:
1;444.6 * no_asm + 225.04 * ref_9;33.4074431752079;33.4074431752079;33.4074431752079;33.4074431752079;0.000582;2;225.04 * ref_9;1;41.5729645183935;
2;371.413333333333 * no_asm + 298.226666666667 * ref_9 + 73.1866666666667 * ref_5;19.8872392267861;19.8872392267861;19.8872392267861;19.8872392267861;0.002289;3;73.1866666666667 * ref_5;1;13.5202039484217;
3;346.864814814815 * no_asm + 249.12962962963 * ref_9 + 97.7351851851854 * ref_5 + 110.468333333334 * no_mbtree;15.4839104550464;15.4839104550464;15.4839104550464;15.4839104550464;0.004946;4;110.468333333334 * no_mbtree;1;4.40332877173976;
4;346.864814814815 * no_asm + 249.12962962963 * ref_9 + 97.735185185185 * ref_5 + 127.42 * no_mbtree + -33.9033333333326 * no_mbtree * no_8x8dct;14.2504280349905;14.2504280349905;14.2504280349905;14.2504280349905;0.009199;6;-33.9033333333326 * no_mbtree * no_8x8dct;2;0.61674121002792;
5;346.864814814814 * no_asm + 249.12962962963 * ref_9 + 97.735185185185 * ref_5 + 126.135 * no_mbtree + -35.1883333333328 * no_mbtree * no_8x8dct + 3.85499999999962 * no_deblock;14.0933371988112;14.0933371988112;14.0933371988112;14.0933371988112;0.014615;7;3.85499999999962 * no_deblock;1;0.157090836179373;
6;346.864814814815 * no_asm + 249.12962962963 * ref_9 + 97.7351851851854 * ref_5 + 126.123650793651 * no_mbtree + -35.1542857142853 * no_mbtree * no_8x8dct + 3.75285714285712 * no_deblock + 0.13619047619018 * no_deblock * no_weightb;14.0916855563163;14.0916855563163;14.0916855563163;14.0916855563163;0.021051;9;0.13619047619018 * no_deblock * no_weightb;2;0.000825821247424585;
Elapsed=00:00:00.0211612
Learning progress:
1;500.648 * no_asm + 202.609333333333 * no_mbtree;2.43899135012653;2.43899135012653;2.43899135012653;2.43899135012653;0.00083;2;202.609333333333 * no_mbtree;1;18.2237250339345;
2;492.565333333333 * no_asm + 186.444 * no_mbtree + 40.4133333333334 * no_weightb;0.80570063220807;0.80570063220807;0.80570063220807;0.80570063220807;0.002806;3;40.4133333333334 * no_weightb;1;1.63329071791846;
Elapsed=00:00:00.0028884
Learning progress:
1;478.866666666667 * no_asm + 216.676666666667 * no_mbtree;8.80489917886147;8.80489917886147;8.80489917886147;8.80489917886147;0.000716;2;216.676666666667 * no_mbtree;1;15.2532018061563;
2;357.628333333334 * no_asm + 95.4383333333338 * no_mbtree + 242.476666666666 * ref_9;3.32801466555706;3.32801466555706;3.32801466555706;3.32801466555706;0.002672;3;242.476666666666 * ref_9;1;5.47688451330441;
3;357.628333333333 * no_asm + 104.521025641026 * no_mbtree + 257.614487179487 * ref_9 + -30.2756410256411 * no_8x8dct;0.557852396392085;0.557852396392085;0.557852396392085;0.557852396392085;0.005854;4;-30.2756410256411 * no_8x8dct;1;2.77016226916497;
Elapsed=00:00:00.0059558
Learning progress:
1;591.793333333334 * no_asm + 134.85 * no_deblock;3.75143645260921;3.75143645260921;3.75143645260921;3.75143645260921;0.000825;2;134.85 * no_deblock;1;10.9646739911596;
2;591.793333333333 * no_asm + 67.425 * no_deblock + 67.425 * no_deblock * no_weightb;3.53772927246623;3.53772927246623;3.53772927246623;3.53772927246623;0.002912;4;67.425 * no_deblock * no_weightb;2;0.106853590071489;
Elapsed=00:00:00.0030033
Learning progress:
1;481.89 * no_asm + 221.813333333333 * no_mbtree;14.885860753588;14.885860753588;14.885860753588;14.885860753588;0.000598;2;221.813333333333 * no_mbtree;1;16.6440290049637;
2;465.5688 * no_asm + 210.155333333333 * no_mbtree + 48.9635999999999 * no_weightb;14.3816894478306;14.3816894478306;14.3816894478306;14.3816894478306;0.002404;3;48.9635999999999 * no_weightb;1;0.50417130575746;
3;462.085 * no_asm + 215.961666666667 * no_mbtree + 59.4150000000006 * no_weightb + -29.0316666666669 * no_weightb * no_deblock;14.2740728513182;14.2740728513182;14.2740728513182;14.2740728513182;0.005032;5;-29.0316666666669 * no_weightb * no_deblock;2;0.0538082982561896;
Elapsed=00:00:00.0051155
Learning progress:
1;444.6 * no_asm + 225.04 * ref_9;33.4074431752079;33.4074431752079;33.4074431752079;33.4074431752079;0.000752;2;225.04 * ref_9;1;41.5729645183935;
2;371.413333333333 * no_asm + 298.226666666667 * ref_9 + 73.1866666666667 * ref_5;19.8872392267861;19.8872392267861;19.8872392267861;19.8872392267861;0.003061;3;73.1866666666667 * ref_5;1;13.5202039484217;
3;346.864814814815 * no_asm + 249.12962962963 * ref_9 + 97.7351851851854 * ref_5 + 110.468333333334 * no_mbtree;15.4839104550464;15.4839104550464;15.4839104550464;15.4839104550464;0.005727;4;110.468333333334 * no_mbtree;1;4.40332877173976;
4;346.864814814815 * no_asm + 249.12962962963 * ref_9 + 97.735185185185 * ref_5 + 127.42 * no_mbtree + -33.9033333333326 * no_mbtree * no_8x8dct;14.2504280349905;14.2504280349905;14.2504280349905;14.2504280349905;0.009395;6;-33.9033333333326 * no_mbtree * no_8x8dct;2;0.61674121002792;
5;346.864814814814 * no_asm + 249.12962962963 * ref_9 + 97.735185185185 * ref_5 + 126.135 * no_mbtree + -35.1883333333328 * no_mbtree * no_8x8dct + 3.85499999999962 * no_deblock;14.0933371988112;14.0933371988112;14.0933371988112;14.0933371988112;0.014832;7;3.85499999999962 * no_deblock;1;0.157090836179373;
Elapsed=00:00:00.0149377
Learning progress:
1;500.648 * no_asm + 202.609333333333 * no_mbtree;2.43899135012653;2.43899135012653;2.43899135012653;2.43899135012653;0.000693;2;202.609333333333 * no_mbtree;1;18.2237250339345;
2;492.565333333333 * no_asm + 186.444 * no_mbtree + 40.4133333333334 * no_weightb;0.80570063220807;0.80570063220807;0.80570063220807;0.80570063220807;0.002639;3;40.4133333333334 * no_weightb;1;1.63329071791846;
Elapsed=00:00:00.0027226
Learning progress:
1;478.866666666667 * no_asm + 216.676666666667 * no_mbtree;8.80489917886147;8.80489917886147;8.80489917886147;8.80489917886147;0.000883;2;216.676666666667 * no_mbtree;1;15.2532018061563;
2;357.628333333334 * no_asm + 95.4383333333338 * no_mbtree + 242.476666666666 * ref_9;3.32801466555706;3.32801466555706;3.32801466555706;3.32801466555706;0.002934;3;242.476666666666 * ref_9;1;5.47688451330441;
3;357.628333333333 * no_asm + 104.521025641026 * no_mbtree + 257.614487179487 * ref_9 + -30.2756410256411 * no_8x8dct;0.557852396392085;0.557852396392085;0.557852396392085;0.557852396392085;0.006136;4;-30.2756410256411 * no_8x8dct;1;2.77016226916497;
Elapsed=00:00:00.0062387
Learning progress:
1;591.793333333334 * no_asm + 134.85 * no_deblock;3.75143645260921;3.75143645260921;3.75143645260921;3.75143645260921;0.000805;2;134.85 * no_deblock;1;10.9646739911596;
2;591.793333333333 * no_asm + 67.425 * no_deblock + 67.425 * no_deblock * no_weightb;3.53772927246623;3.53772927246623;3.53772927246623;3.53772927246623;0.002919;4;67.425 * no_deblock * no_weightb;2;0.106853590071489;
Elapsed=00:00:00.0030168
Learning progress:
1;481.89 * no_asm + 221.813333333333 * no_mbtree;14.885860753588;14.885860753588;14.885860753588;14.885860753588;0.000614;2;221.813333333333 * no_mbtree;1;16.6440290049637;
2;465.5688 * no_asm + 210.155333333333 * no_mbtree + 48.9635999999999 * no_weightb;14.3816894478306;14.3816894478306;14.3816894478306;14.3816894478306;0.002352;3;48.9635999999999 * no_weightb;1;0.50417130575746;
3;462.085 * no_asm + 215.961666666667 * no_mbtree + 59.4150000000006 * no_weightb + -29.0316666666669 * no_weightb * no_deblock;14.2740728513182;14.2740728513182;14.2740728513182;14.2740728513182;0.00506;5;-29.0316666666669 * no_weightb * no_deblock;2;0.0538082982561896;
Elapsed=00:00:00.0051445
Learning progress:
1;444.6 * no_asm + 225.04 * ref_9;33.4074431752079;33.4074431752079;33.4074431752079;33.4074431752079;0.000728;2;225.04 * ref_9;1;41.5729645183935;
2;371.413333333333 * no_asm + 298.226666666667 * ref_9 + 73.1866666666667 * ref_5;19.8872392267861;19.8872392267861;19.8872392267861;19.8872392267861;0.002989;3;73.1866666666667 * ref_5;1;13.5202039484217;
3;346.864814814815 * no_asm + 249.12962962963 * ref_9 + 97.7351851851854 * ref_5 + 110.468333333334 * no_mbtree;15.4839104550464;15.4839104550464;15.4839104550464;15.4839104550464;0.005592;4;110.468333333334 * no_mbtree;1;4.40332877173976;
4;346.864814814815 * no_asm + 249.12962962963 * ref_9 + 97.735185185185 * ref_5 + 127.42 * no_mbtree + -33.9033333333326 * no_mbtree * no_8x8dct;14.2504280349905;14.2504280349905;14.2504280349905;14.2504280349905;0.009249;6;-33.9033333333326 * no_mbtree * no_8x8dct;2;0.61674121002792;
5;346.864814814814 * no_asm + 249.12962962963 * ref_9 + 97.735185185185 * ref_5 + 126.135 * no_mbtree + -35.1883333333328 * no_mbtree * no_8x8dct + 3.85499999999962 * no_deblock;14.0933371988112;14.0933371988112;14.0933371988112;14.0933371988112;0.014719;7;3.85499999999962 * no_deblock;1;0.157090836179373;
Elapsed=00:00:00.0148306
Learning progress:
1;500.648 * no_asm + 202.609333333333 * no_mbtree;2.43899135012653;2.43899135012653;2.43899135012653;2.43899135012653;0.000658;2;202.609333333333 * no_mbtree;1;18.2237250339345;
2;492.565333333333 * no_asm + 186.444 * no_mbtree + 40.4133333333334 * no_weightb;0.80570063220807;0.80570063220807;0.80570063220807;0.80570063220807;0.00261;3;40.4133333333334 * no_weightb;1;1.63329071791846;
Elapsed=00:00:00.0026981
Learning progress:
1;478.866666666667 * no_asm + 216.676666666667 * no_mbtree;8.80489917886147;8.80489917886147;8.80489917886147;8.80489917886147;0.000721;2;216.676666666667 * no_mbtree;1;15.2532018061563;
2;357.628333333334 * no_asm + 95.4383333333338 * no_mbtree + 242.476666666666 * ref_9;3.32801466555706;3.32801466555706;3.32801466555706;3.32801466555706;0.002773;3;242.476666666666 * ref_9;1;5.47688451330441;
3;357.628333333333 * no_asm + 104.521025641026 * no_mbtree + 257.614487179487 * ref_9 + -30.2756410256411 * no_8x8dct;0.557852396392085;0.557852396392085;0.557852396392085;0.557852396392085;0.005963;4;-30.2756410256411 * no_8x8dct;1;2.77016226916497;
Elapsed=00:00:00.0060651
Learning progress:
1;591.793333333334 * no_asm + 134.85 * no_deblock;3.75143645260921;3.75143645260921;3.75143645260921;3.75143645260921;0.000865;2;134.85 * no_deblock;1;10.9646739911596;
2;591.793333333333 * no_asm + 67.425 * no_deblock + 67.425 * no_deblock * no_weightb;3.53772927246623;3.53772927246623;3.53772927246623;3.53772927246623;0.002771;4;67.425 * no_deblock * no_weightb;2;0.106853590071489;
3;591.793333333333 * no_asm + 44.9499999999997 * no_deblock + 44.9499999999997 * no_deblock * no_weightb + 44.9499999999997 * no_deblock * no_mbtree;2.45310702021614;2.45310702021614;2.45310702021614;2.45310702021614;0.006489;6;44.9499999999997 * no_deblock * no_mbtree;2;0.542311126125048;
4;591.793333333333 * no_asm + 33.7125 * no_deblock + 33.7125 * no_deblock * no_weightb + 33.7125 * no_deblock * no_mbtree + 33.7125 * no_deblock * ref_9;2.12450307423407;2.12450307423407;2.12450307423407;2.12450307423407;0.012046;8;33.7125 * no_deblock * ref_9;2;0.164301972991032;
Elapsed=00:00:00.0195641
Learning progress:
1;481.89 * no_asm + 221.813333333333 * no_mbtree;14.885860753588;14.885860753588;14.885860753588;14.885860753588;0.000599;2;221.813333333333 * no_mbtree;1;16.6440290049637;
2;465.5688 * no_asm + 210.155333333333 * no_mbtree + 48.9635999999999 * no_weightb;14.3816894478306;14.3816894478306;14.3816894478306;14.3816894478306;0.002295;3;48.9635999999999 * no_weightb;1;0.50417130575746;
3;462.085 * no_asm + 215.961666666667 * no_mbtree + 59.4150000000006 * no_weightb + -29.0316666666669 * no_weightb * no_deblock;14.2740728513182;14.2740728513182;14.2740728513182;14.2740728513182;0.00506;5;-29.0316666666669 * no_weightb * no_deblock;2;0.0538082982561896;
Elapsed=00:00:00.0051450
Learning progress:
1;444.6 * no_asm + 225.04 * ref_9;33.4074431752079;33.4074431752079;33.4074431752079;33.4074431752079;0.000712;2;225.04 * ref_9;1;41.5729645183935;
2;371.413333333333 * no_asm + 298.226666666667 * ref_9 + 73.1866666666667 * ref_5;19.8872392267861;19.8872392267861;19.8872392267861;19.8872392267861;0.002397;3;73.1866666666667 * ref_5;1;13.5202039484217;
3;346.864814814815 * no_asm + 249.12962962963 * ref_9 + 97.7351851851854 * ref_5 + 110.468333333334 * no_mbtree;15.4839104550464;15.4839104550464;15.4839104550464;15.4839104550464;0.005065;4;110.468333333334 * no_mbtree;1;4.40332877173976;
4;346.864814814815 * no_asm + 249.12962962963 * ref_9 + 97.735185185185 * ref_5 + 127.42 * no_mbtree + -33.9033333333326 * no_mbtree * no_8x8dct;14.2504280349905;14.2504280349905;14.2504280349905;14.2504280349905;0.008792;6;-33.9033333333326 * no_mbtree * no_8x8dct;2;0.61674121002792;
5;346.864814814814 * no_asm + 249.12962962963 * ref_9 + 97.735185185185 * ref_5 + 126.135 * no_mbtree + -35.1883333333328 * no_mbtree * no_8x8dct + 3.85499999999962 * no_deblock;14.0933371988112;14.0933371988112;14.0933371988112;14.0933371988112;0.014776;7;3.85499999999962 * no_deblock;1;0.157090836179373;
6;346.864814814815 * no_asm + 249.12962962963 * ref_9 + 97.7351851851854 * ref_5 + 126.123650793651 * no_mbtree + -35.1542857142853 * no_mbtree * no_8x8dct + 3.75285714285712 * no_deblock + 0.13619047619018 * no_deblock * no_weightb;14.0916855563163;14.0916855563163;14.0916855563163;14.0916855563163;0.021203;9;0.13619047619018 * no_deblock * no_weightb;2;0.000825821247424585;
Elapsed=00:00:00.0213128
Learning progress:
1;500.648 * no_asm + 202.609333333333 * no_mbtree;2.43899135012653;2.43899135012653;2.43899135012653;2.43899135012653;0.000655;2;202.609333333333 * no_mbtree;1;18.2237250339345;
2;492.565333333333 * no_asm + 186.444 * no_mbtree + 40.4133333333334 * no_weightb;0.80570063220807;0.80570063220807;0.80570063220807;0.80570063220807;0.002592;3;40.4133333333334 * no_weightb;1;1.63329071791846;
Elapsed=00:00:00.0026740
Learning progress:
1;478.866666666667 * no_asm + 216.676666666667 * no_mbtree;8.80489917886147;8.80489917886147;8.80489917886147;8.80489917886147;0.000732;2;216.676666666667 * no_mbtree;1;15.2532018061563;
2;357.628333333334 * no_asm + 95.4383333333338 * no_mbtree + 242.476666666666 * ref_9;3.32801466555706;3.32801466555706;3.32801466555706;3.32801466555706;0.002693;3;242.476666666666 * ref_9;1;5.47688451330441;
3;357.628333333333 * no_asm + 104.521025641026 * no_mbtree + 257.614487179487 * ref_9 + -30.2756410256411 * no_8x8dct;0.557852396392085;0.557852396392085;0.557852396392085;0.557852396392085;0.005839;4;-30.2756410256411 * no_8x8dct;1;2.77016226916497;
Elapsed=00:00:00.0059415
Learning progress:
1;591.793333333334 * no_asm + 134.85 * no_deblock;3.75143645260921;3.75143645260921;3.75143645260921;3.75143645260921;0.000729;2;134.85 * no_deblock;1;10.9646739911596;
2;591.793333333333 * no_asm + 67.425 * no_deblock + 67.425 * no_deblock * no_weightb;3.53772927246623;3.53772927246623;3.53772927246623;3.53772927246623;0.002611;4;67.425 * no_deblock * no_weightb;2;0.106853590071489;
Elapsed=00:00:00.0027023
Learning progress:
1;481.89 * no_asm + 221.813333333333 * no_mbtree;14.885860753588;14.885860753588;14.885860753588;14.885860753588;0.001089;2;221.813333333333 * no_mbtree;1;16.6440290049637;
2;465.5688 * no_asm + 210.155333333333 * no_mbtree + 48.9635999999999 * no_weightb;14.3816894478306;14.3816894478306;14.3816894478306;14.3816894478306;0.002885;3;48.9635999999999 * no_weightb;1;0.50417130575746;
3;462.085 * no_asm + 215.961666666667 * no_mbtree + 59.4150000000006 * no_weightb + -29.0316666666669 * no_weightb * no_deblock;14.2740728513182;14.2740728513182;14.2740728513182;14.2740728513182;0.005539;5;-29.0316666666669 * no_weightb * no_deblock;2;0.0538082982561896;
Elapsed=00:00:00.0056229
Learning progress:
1;444.6 * no_asm + 225.04 * ref_9;33.4074431752079;33.4074431752079;33.4074431752079;33.4074431752079;0.000611;2;225.04 * ref_9;1;41.5729645183935;
2;371.413333333333 * no_asm + 298.226666666667 * ref_9 + 73.1866666666667 * ref_5;19.8872392267861;19.8872392267861;19.8872392267861;19.8872392267861;0.002354;3;73.1866666666667 * ref_5;1;13.5202039484217;
3;346.864814814815 * no_asm + 249.12962962963 * ref_9 + 97.7351851851854 * ref_5 + 110.468333333334 * no_mbtree;15.4839104550464;15.4839104550464;15.4839104550464;15.4839104550464;0.004956;4;110.468333333334 * no_mbtree;1;4.40332877173976;
4;346.864814814815 * no_asm + 249.12962962963 * ref_9 + 97.735185185185 * ref_5 + 127.42 * no_mbtree + -33.9033333333326 * no_mbtree * no_8x8dct;14.2504280349905;14.2504280349905;14.2504280349905;14.2504280349905;0.009209;6;-33.9033333333326 * no_mbtree * no_8x8dct;2;0.61674121002792;
5;346.864814814814 * no_asm + 249.12962962963 * ref_9 + 97.735185185185 * ref_5 + 126.135 * no_mbtree + -35.1883333333328 * no_mbtree * no_8x8dct + 3.85499999999962 * no_deblock;14.0933371988112;14.0933371988112;14.0933371988112;14.0933371988112;0.014695;7;3.85499999999962 * no_deblock;1;0.157090836179373;
Elapsed=00:00:00.0147997
Learning progress:
1;500.648 * no_asm + 202.609333333333 * no_mbtree;2.43899135012653;2.43899135012653;2.43899135012653;2.43899135012653;0.000656;2;202.609333333333 * no_mbtree;1;18.2237250339345;
2;492.565333333333 * no_asm + 186.444 * no_mbtree + 40.4133333333334 * no_weightb;0.80570063220807;0.80570063220807;0.80570063220807;0.80570063220807;0.002639;3;40.4133333333334 * no_weightb;1;1.63329071791846;
Elapsed=00:00:00.0027222
Learning progress:
1;478.866666666667 * no_asm + 216.676666666667 * no_mbtree;8.80489917886147;8.80489917886147;8.80489917886147;8.80489917886147;0.000729;2;216.676666666667 * no_mbtree;1;15.2532018061563;
2;357.628333333334 * no_asm + 95.4383333333338 * no_mbtree + 242.476666666666 * ref_9;3.32801466555706;3.32801466555706;3.32801466555706;3.32801466555706;0.002691;3;242.476666666666 * ref_9;1;5.47688451330441;
3;357.628333333333 * no_asm + 104.521025641026 * no_mbtree + 257.614487179487 * ref_9 + -30.2756410256411 * no_8x8dct;0.557852396392085;0.557852396392085;0.557852396392085;0.557852396392085;0.005874;4;-30.2756410256411 * no_8x8dct;1;2.77016226916497;
Elapsed=00:00:00.0059771
Learning progress:
1;591.793333333334 * no_asm + 134.85 * no_deblock;3.75143645260921;3.75143645260921;3.75143645260921;3.75143645260921;0.000729;2;134.85 * no_deblock;1;10.9646739911596;
2;591.793333333333 * no_asm + 67.425 * no_deblock + 67.425 * no_deblock * no_weightb;3.53772927246623;3.53772927246623;3.53772927246623;3.53772927246623;0.002689;4;67.425 * no_deblock * no_weightb;2;0.106853590071489;
Elapsed=00:00:00.0028091
Learning progress:
1;481.89 * no_asm + 221.813333333333 * no_mbtree;14.885860753588;14.885860753588;14.885860753588;14.885860753588;0.00129;2;221.813333333333 * no_mbtree;1;16.6440290049637;
2;465.5688 * no_asm + 210.155333333333 * no_mbtree + 48.9635999999999 * no_weightb;14.3816894478306;14.3816894478306;14.3816894478306;14.3816894478306;0.002997;3;48.9635999999999 * no_weightb;1;0.50417130575746;
3;462.085 * no_asm + 215.961666666667 * no_mbtree + 59.4150000000006 * no_weightb + -29.0316666666669 * no_weightb * no_deblock;14.2740728513182;14.2740728513182;14.2740728513182;14.2740728513182;0.005702;5;-29.0316666666669 * no_weightb * no_deblock;2;0.0538082982561896;
Elapsed=00:00:00.0057871
Learning progress:
1;444.6 * no_asm + 225.04 * ref_9;33.4074431752079;33.4074431752079;33.4074431752079;33.4074431752079;0.000788;2;225.04 * ref_9;1;41.5729645183935;
2;371.413333333333 * no_asm + 298.226666666667 * ref_9 + 73.1866666666667 * ref_5;19.8872392267861;19.8872392267861;19.8872392267861;19.8872392267861;0.0024;3;73.1866666666667 * ref_5;1;13.5202039484217;
3;346.864814814815 * no_asm + 249.12962962963 * ref_9 + 97.7351851851854 * ref_5 + 110.468333333334 * no_mbtree;15.4839104550464;15.4839104550464;15.4839104550464;15.4839104550464;0.00506;4;110.468333333334 * no_mbtree;1;4.40332877173976;
4;346.864814814815 * no_asm + 249.12962962963 * ref_9 + 97.735185185185 * ref_5 + 127.42 * no_mbtree + -33.9033333333326 * no_mbtree * no_8x8dct;14.2504280349905;14.2504280349905;14.2504280349905;14.2504280349905;0.009395;6;-33.9033333333326 * no_mbtree * no_8x8dct;2;0.61674121002792;
5;346.864814814814 * no_asm + 249.12962962963 * ref_9 + 97.735185185185 * ref_5 + 126.135 * no_mbtree + -35.1883333333328 * no_mbtree * no_8x8dct + 3.85499999999962 * no_deblock;14.0933371988112;14.0933371988112;14.0933371988112;14.0933371988112;0.014809;7;3.85499999999962 * no_deblock;1;0.157090836179373;
Elapsed=00:00:00.0149116
Learning progress:
1;500.648 * no_asm + 202.609333333333 * no_mbtree;2.43899135012653;2.43899135012653;2.43899135012653;2.43899135012653;0.000684;2;202.609333333333 * no_mbtree;1;18.2237250339345;
2;492.565333333333 * no_asm + 186.444 * no_mbtree + 40.4133333333334 * no_weightb;0.80570063220807;0.80570063220807;0.80570063220807;0.80570063220807;0.002601;3;40.4133333333334 * no_weightb;1;1.63329071791846;
Elapsed=00:00:00.0026842
Learning progress:
1;478.866666666667 * no_asm + 216.676666666667 * no_mbtree;8.80489917886147;8.80489917886147;8.80489917886147;8.80489917886147;0.000783;2;216.676666666667 * no_mbtree;1;15.2532018061563;
2;357.628333333334 * no_asm + 95.4383333333338 * no_mbtree + 242.476666666666 * ref_9;3.32801466555706;3.32801466555706;3.32801466555706;3.32801466555706;0.002733;3;242.476666666666 * ref_9;1;5.47688451330441;
3;357.628333333333 * no_asm + 104.521025641026 * no_mbtree + 257.614487179487 * ref_9 + -30.2756410256411 * no_8x8dct;0.557852396392085;0.557852396392085;0.557852396392085;0.557852396392085;0.00593;4;-30.2756410256411 * no_8x8dct;1;2.77016226916497;
Elapsed=00:00:00.0060319
Learning progress:
1;591.793333333334 * no_asm + 134.85 * no_deblock;3.75143645260921;3.75143645260921;3.75143645260921;3.75143645260921;0.000722;2;134.85 * no_deblock;1;10.9646739911596;
2;591.793333333333 * no_asm + 67.425 * no_deblock + 67.425 * no_deblock * no_weightb;3.53772927246623;3.53772927246623;3.53772927246623;3.53772927246623;0.002654;4;67.425 * no_deblock * no_weightb;2;0.106853590071489;
3;591.793333333333 * no_asm + 44.9499999999997 * no_deblock + 44.9499999999997 * no_deblock * no_weightb + 44.9499999999997 * no_deblock * no_mbtree;2.45310702021614;2.45310702021614;2.45310702021614;2.45310702021614;0.006852;6;44.9499999999997 * no_deblock * no_mbtree;2;0.542311126125048;
4;591.793333333333 * no_asm + 33.7125 * no_deblock + 33.7125 * no_deblock * no_weightb + 33.7125 * no_deblock * no_mbtree + 33.7125 * no_deblock * ref_9;2.12450307423407;2.12450307423407;2.12450307423407;2.12450307423407;0.012342;8;33.7125 * no_deblock * ref_9;2;0.164301972991032;
Elapsed=00:00:00.0194327
Learning progress:
1;481.89 * no_asm + 221.813333333333 * no_mbtree;14.885860753588;14.885860753588;14.885860753588;14.885860753588;0.000594;2;221.813333333333 * no_mbtree;1;16.6440290049637;
2;465.5688 * no_asm + 210.155333333333 * no_mbtree + 48.9635999999999 * no_weightb;14.3816894478306;14.3816894478306;14.3816894478306;14.3816894478306;0.00231;3;48.9635999999999 * no_weightb;1;0.50417130575746;
3;462.085 * no_asm + 215.961666666667 * no_mbtree + 59.4150000000006 * no_weightb + -29.0316666666669 * no_weightb * no_deblock;14.2740728513182;14.2740728513182;14.2740728513182;14.2740728513182;0.004935;5;-29.0316666666669 * no_weightb * no_deblock;2;0.0538082982561896;
Elapsed=00:00:00.0050334
Learning progress:
1;444.6 * no_asm + 225.04 * ref_9;33.4074431752079;33.4074431752079;33.4074431752079;33.4074431752079;0.000617;2;225.04 * ref_9;1;41.5729645183935;
2;371.413333333333 * no_asm + 298.226666666667 * ref_9 + 73.1866666666667 * ref_5;19.8872392267861;19.8872392267861;19.8872392267861;19.8872392267861;0.002236;3;73.1866666666667 * ref_5;1;13.5202039484217;
3;346.864814814815 * no_asm + 249.12962962963 * ref_9 + 97.7351851851854 * ref_5 + 110.468333333334 * no_mbtree;15.4839104550464;15.4839104550464;15.4839104550464;15.4839104550464;0.005371;4;110.468333333334 * no_mbtree;1;4.40332877173976;
4;346.864814814815 * no_asm + 249.12962962963 * ref_9 + 97.735185185185 * ref_5 + 127.42 * no_mbtree + -33.9033333333326 * no_mbtree * no_8x8dct;14.2504280349905;14.2504280349905;14.2504280349905;14.2504280349905;0.009037;6;-33.9033333333326 * no_mbtree * no_8x8dct;2;0.61674121002792;
5;346.864814814814 * no_asm + 249.12962962963 * ref_9 + 97.735185185185 * ref_5 + 126.135 * no_mbtree + -35.1883333333328 * no_mbtree * no_8x8dct + 3.85499999999962 * no_deblock;14.0933371988112;14.0933371988112;14.0933371988112;14.0933371988112;0.014464;7;3.85499999999962 * no_deblock;1;0.157090836179373;
6;346.864814814815 * no_asm + 249.12962962963 * ref_9 + 97.7351851851854 * ref_5 + 126.123650793651 * no_mbtree + -35.1542857142853 * no_mbtree * no_8x8dct + 3.75285714285712 * no_deblock + 0.13619047619018 * no_deblock * no_weightb;14.0916855563163;14.0916855563163;14.0916855563163;14.0916855563163;0.021486;9;0.13619047619018 * no_deblock * no_weightb;2;0.000825821247424585;
Elapsed=00:00:00.0215960
Learning progress:
1;500.648 * no_asm + 202.609333333333 * no_mbtree;2.43899135012653;2.43899135012653;2.43899135012653;2.43899135012653;0.000715;2;202.609333333333 * no_mbtree;1;18.2237250339345;
2;492.565333333333 * no_asm + 186.444 * no_mbtree + 40.4133333333334 * no_weightb;0.80570063220807;0.80570063220807;0.80570063220807;0.80570063220807;0.002629;3;40.4133333333334 * no_weightb;1;1.63329071791846;
Elapsed=00:00:00.0027116
Learning progress:
1;478.866666666667 * no_asm + 216.676666666667 * no_mbtree;8.80489917886147;8.80489917886147;8.80489917886147;8.80489917886147;0.000719;2;216.676666666667 * no_mbtree;1;15.2532018061563;
2;357.628333333334 * no_asm + 95.4383333333338 * no_mbtree + 242.476666666666 * ref_9;3.32801466555706;3.32801466555706;3.32801466555706;3.32801466555706;0.002687;3;242.476666666666 * ref_9;1;5.47688451330441;
3;357.628333333333 * no_asm + 104.521025641026 * no_mbtree + 257.614487179487 * ref_9 + -30.2756410256411 * no_8x8dct;0.557852396392085;0.557852396392085;0.557852396392085;0.557852396392085;0.006517;4;-30.2756410256411 * no_8x8dct;1;2.77016226916497;
Elapsed=00:00:00.0066211
Learning progress:
1;591.793333333334 * no_asm + 134.85 * no_deblock;3.75143645260921;3.75143645260921;3.75143645260921;3.75143645260921;0.000726;2;134.85 * no_deblock;1;10.9646739911596;
2;591.793333333333 * no_asm + 67.425 * no_deblock + 67.425 * no_deblock * no_weightb;3.53772927246623;3.53772927246623;3.53772927246623;3.53772927246623;0.00265;4;67.425 * no_deblock * no_weightb;2;0.106853590071489;
Elapsed=00:00:00.0027412
Learning progress:
1;481.89 * no_asm + 221.813333333333 * no_mbtree;14.885860753588;14.885860753588;14.885860753588;14.885860753588;0.000601;2;221.813333333333 * no_mbtree;1;16.6440290049637;
2;465.5688 * no_asm + 210.155333333333 * no_mbtree + 48.9635999999999 * no_weightb;14.3816894478306;14.3816894478306;14.3816894478306;14.3816894478306;0.002295;3;48.9635999999999 * no_weightb;1;0.50417130575746;
3;462.085 * no_asm + 215.961666666667 * no_mbtree + 59.4150000000006 * no_weightb + -29.0316666666669 * no_weightb * no_deblock;14.2740728513182;14.2740728513182;14.2740728513182;14.2740728513182;0.004949;5;-29.0316666666669 * no_weightb * no_deblock;2;0.0538082982561896;
Elapsed=00:00:00.0050330
Learning progress:
1;444.6 * no_asm + 225.04 * ref_9;33.4074431752079;33.4074431752079;33.4074431752079;33.4074431752079;0.00062;2;225.04 * ref_9;1;41.5729645183935;
2;371.413333333333 * no_asm + 298.226666666667 * ref_9 + 73.1866666666667 * ref_5;19.8872392267861;19.8872392267861;19.8872392267861;19.8872392267861;0.002236;3;73.1866666666667 * ref_5;1;13.5202039484217;
3;346.864814814815 * no_asm + 249.12962962963 * ref_9 + 97.7351851851854 * ref_5 + 110.468333333334 * no_mbtree;15.4839104550464;15.4839104550464;15.4839104550464;15.4839104550464;0.004893;4;110.468333333334 * no_mbtree;1;4.40332877173976;
4;346.864814814815 * no_asm + 249.12962962963 * ref_9 + 97.735185185185 * ref_5 + 127.42 * no_mbtree + -33.9033333333326 * no_mbtree * no_8x8dct;14.2504280349905;14.2504280349905;14.2504280349905;14.2504280349905;0.008539;6;-33.9033333333326 * no_mbtree * no_8x8dct;2;0.61674121002792;
5;346.864814814814 * no_asm + 249.12962962963 * ref_9 + 97.735185185185 * ref_5 + 126.135 * no_mbtree + -35.1883333333328 * no_mbtree * no_8x8dct + 3.85499999999962 * no_deblock;14.0933371988112;14.0933371988112;14.0933371988112;14.0933371988112;0.014484;7;3.85499999999962 * no_deblock;1;0.157090836179373;
Elapsed=00:00:00.0145869
Learning progress:
1;500.648 * no_asm + 202.609333333333 * no_mbtree;2.43899135012653;2.43899135012653;2.43899135012653;2.43899135012653;0.000742;2;202.609333333333 * no_mbtree;1;18.2237250339345;
2;492.565333333333 * no_asm + 186.444 * no_mbtree + 40.4133333333334 * no_weightb;0.80570063220807;0.80570063220807;0.80570063220807;0.80570063220807;0.002616;3;40.4133333333334 * no_weightb;1;1.63329071791846;
Elapsed=00:00:00.0026979
Learning progress:
1;478.866666666667 * no_asm + 216.676666666667 * no_mbtree;8.80489917886147;8.80489917886147;8.80489917886147;8.80489917886147;0.000847;2;216.676666666667 * no_mbtree;1;15.2532018061563;
2;357.628333333334 * no_asm + 95.4383333333338 * no_mbtree + 242.476666666666 * ref_9;3.32801466555706;3.32801466555706;3.32801466555706;3.32801466555706;0.002767;3;242.476666666666 * ref_9;1;5.47688451330441;
3;357.628333333333 * no_asm + 104.521025641026 * no_mbtree + 257.614487179487 * ref_9 + -30.2756410256411 * no_8x8dct;0.557852396392085;0.557852396392085;0.557852396392085;0.557852396392085;0.006537;4;-30.2756410256411 * no_8x8dct;1;2.77016226916497;
Elapsed=00:00:00.0066400
Learning progress:
1;591.793333333334 * no_asm + 134.85 * no_deblock;3.75143645260921;3.75143645260921;3.75143645260921;3.75143645260921;0.000802;2;134.85 * no_deblock;1;10.9646739911596;
2;591.793333333333 * no_asm + 67.425 * no_deblock + 67.425 * no_deblock * no_weightb;3.53772927246623;3.53772927246623;3.53772927246623;3.53772927246623;0.00286;4;67.425 * no_deblock * no_weightb;2;0.106853590071489;
Elapsed=00:00:00.0029513
Learning progress:
1;481.89 * no_asm + 221.813333333333 * no_mbtree;14.885860753588;14.885860753588;14.885860753588;14.885860753588;0.000607;2;221.813333333333 * no_mbtree;1;16.6440290049637;
2;465.5688 * no_asm + 210.155333333333 * no_mbtree + 48.9635999999999 * no_weightb;14.3816894478306;14.3816894478306;14.3816894478306;14.3816894478306;0.002316;3;48.9635999999999 * no_weightb;1;0.50417130575746;
3;462.085 * no_asm + 215.961666666667 * no_mbtree + 59.4150000000006 * no_weightb + -29.0316666666669 * no_weightb * no_deblock;14.2740728513182;14.2740728513182;14.2740728513182;14.2740728513182;0.005006;5;-29.0316666666669 * no_weightb * no_deblock;2;0.0538082982561896;
Elapsed=00:00:00.0050920
Learning progress:
1;444.6 * no_asm + 225.04 * ref_9;33.4074431752079;33.4074431752079;33.4074431752079;33.4074431752079;0.000617;2;225.04 * ref_9;1;41.5729645183935;
2;371.413333333333 * no_asm + 298.226666666667 * ref_9 + 73.1866666666667 * ref_5;19.8872392267861;19.8872392267861;19.8872392267861;19.8872392267861;0.002232;3;73.1866666666667 * ref_5;1;13.5202039484217;
3;346.864814814815 * no_asm + 249.12962962963 * ref_9 + 97.7351851851854 * ref_5 + 110.468333333334 * no_mbtree;15.4839104550464;15.4839104550464;15.4839104550464;15.4839104550464;0.004881;4;110.468333333334 * no_mbtree;1;4.40332877173976;
4;346.864814814815 * no_asm + 249.12962962963 * ref_9 + 97.735185185185 * ref_5 + 127.42 * no_mbtree + -33.9033333333326 * no_mbtree * no_8x8dct;14.2504280349905;14.2504280349905;14.2504280349905;14.2504280349905;0.008612;6;-33.9033333333326 * no_mbtree * no_8x8dct;2;0.61674121002792;
5;346.864814814814 * no_asm + 249.12962962963 * ref_9 + 97.735185185185 * ref_5 + 126.135 * no_mbtree + -35.1883333333328 * no_mbtree * no_8x8dct + 3.85499999999962 * no_deblock;14.0933371988112;14.0933371988112;14.0933371988112;14.0933371988112;0.014566;7;3.85499999999962 * no_deblock;1;0.157090836179373;
Elapsed=00:00:00.0146703
Learning progress:
1;500.648 * no_asm + 202.609333333333 * no_mbtree;2.43899135012653;2.43899135012653;2.43899135012653;2.43899135012653;0.000686;2;202.609333333333 * no_mbtree;1;18.2237250339345;
2;492.565333333333 * no_asm + 186.444 * no_mbtree + 40.4133333333334 * no_weightb;0.80570063220807;0.80570063220807;0.80570063220807;0.80570063220807;0.002594;3;40.4133333333334 * no_weightb;1;1.63329071791846;
Elapsed=00:00:00.0026760
Learning progress:
1;478.866666666667 * no_asm + 216.676666666667 * no_mbtree;8.80489917886147;8.80489917886147;8.80489917886147;8.80489917886147;0.000721;2;216.676666666667 * no_mbtree;1;15.2532018061563;
2;357.628333333334 * no_asm + 95.4383333333338 * no_mbtree + 242.476666666666 * ref_9;3.32801466555706;3.32801466555706;3.32801466555706;3.32801466555706;0.002744;3;242.476666666666 * ref_9;1;5.47688451330441;
3;357.628333333333 * no_asm + 104.521025641026 * no_mbtree + 257.614487179487 * ref_9 + -30.2756410256411 * no_8x8dct;0.557852396392085;0.557852396392085;0.557852396392085;0.557852396392085;0.006619;4;-30.2756410256411 * no_8x8dct;1;2.77016226916497;
Elapsed=00:00:00.0067212
Learning progress:
1;591.793333333334 * no_asm + 134.85 * no_deblock;3.75143645260921;3.75143645260921;3.75143645260921;3.75143645260921;0.000788;2;134.85 * no_deblock;1;10.9646739911596;
2;591.793333333333 * no_asm + 67.425 * no_deblock + 67.425 * no_deblock * no_weightb;3.53772927246623;3.53772927246623;3.53772927246623;3.53772927246623;0.002678;4;67.425 * no_deblock * no_weightb;2;0.106853590071489;
3;591.793333333333 * no_asm + 44.9499999999997 * no_deblock + 44.9499999999997 * no_deblock * no_weightb + 44.9499999999997 * no_deblock * no_mbtree;2.45310702021614;2.45310702021614;2.45310702021614;2.45310702021614;0.006452;6;44.9499999999997 * no_deblock * no_mbtree;2;0.542311126125048;
4;591.793333333333 * no_asm + 33.7125 * no_deblock + 33.7125 * no_deblock * no_weightb + 33.7125 * no_deblock * no_mbtree + 33.7125 * no_deblock * ref_9;2.12450307423407;2.12450307423407;2.12450307423407;2.12450307423407;0.012563;8;33.7125 * no_deblock * ref_9;2;0.164301972991032;
Elapsed=00:00:00.0195745
Learning progress:
1;481.89 * no_asm + 221.813333333333 * no_mbtree;14.885860753588;14.885860753588;14.885860753588;14.885860753588;0.000608;2;221.813333333333 * no_mbtree;1;16.6440290049637;
2;465.5688 * no_asm + 210.155333333333 * no_mbtree + 48.9635999999999 * no_weightb;14.3816894478306;14.3816894478306;14.3816894478306;14.3816894478306;0.002301;3;48.9635999999999 * no_weightb;1;0.50417130575746;
3;462.085 * no_asm + 215.961666666667 * no_mbtree + 59.4150000000006 * no_weightb + -29.0316666666669 * no_weightb * no_deblock;14.2740728513182;14.2740728513182;14.2740728513182;14.2740728513182;0.005543;5;-29.0316666666669 * no_weightb * no_deblock;2;0.0538082982561896;
Elapsed=00:00:00.0056301
Learning progress:
1;444.6 * no_asm + 225.04 * ref_9;33.4074431752079;33.4074431752079;33.4074431752079;33.4074431752079;0.000584;2;225.04 * ref_9;1;41.5729645183935;
2;371.413333333333 * no_asm + 298.226666666667 * ref_9 + 73.1866666666667 * ref_5;19.8872392267861;19.8872392267861;19.8872392267861;19.8872392267861;0.002232;3;73.1866666666667 * ref_5;1;13.5202039484217;
3;346.864814814815 * no_asm + 249.12962962963 * ref_9 + 97.7351851851854 * ref_5 + 110.468333333334 * no_mbtree;15.4839104550464;15.4839104550464;15.4839104550464;15.4839104550464;0.004828;4;110.468333333334 * no_mbtree;1;4.40332877173976;
4;346.864814814815 * no_asm + 249.12962962963 * ref_9 + 97.735185185185 * ref_5 + 127.42 * no_mbtree + -33.9033333333326 * no_mbtree * no_8x8dct;14.2504280349905;14.2504280349905;14.2504280349905;14.2504280349905;0.008488;6;-33.9033333333326 * no_mbtree * no_8x8dct;2;0.61674121002792;
5;346.864814814814 * no_asm + 249.12962962963 * ref_9 + 97.735185185185 * ref_5 + 126.135 * no_mbtree + -35.1883333333328 * no_mbtree * no_8x8dct + 3.85499999999962 * no_deblock;14.0933371988112;14.0933371988112;14.0933371988112;14.0933371988112;0.014518;7;3.85499999999962 * no_deblock;1;0.157090836179373;
6;346.864814814815 * no_asm + 249.12962962963 * ref_9 + 97.7351851851854 * ref_5 + 126.123650793651 * no_mbtree + -35.1542857142853 * no_mbtree * no_8x8dct + 3.75285714285712 * no_deblock + 0.13619047619018 * no_deblock * no_weightb;14.0916855563163;14.0916855563163;14.0916855563163;14.0916855563163;0.020839;9;0.13619047619018 * no_deblock * no_weightb;2;0.000825821247424585;
Elapsed=00:00:00.0209492
Learning progress:
1;500.648 * no_asm + 202.609333333333 * no_mbtree;2.43899135012653;2.43899135012653;2.43899135012653;2.43899135012653;0.001306;2;202.609333333333 * no_mbtree;1;18.2237250339345;
2;492.565333333333 * no_asm + 186.444 * no_mbtree + 40.4133333333334 * no_weightb;0.80570063220807;0.80570063220807;0.80570063220807;0.80570063220807;0.0032;3;40.4133333333334 * no_weightb;1;1.63329071791846;
Elapsed=00:00:00.0032974
Learning progress:
1;478.866666666667 * no_asm + 216.676666666667 * no_mbtree;8.80489917886147;8.80489917886147;8.80489917886147;8.80489917886147;0.000715;2;216.676666666667 * no_mbtree;1;15.2532018061563;
2;357.628333333334 * no_asm + 95.4383333333338 * no_mbtree + 242.476666666666 * ref_9;3.32801466555706;3.32801466555706;3.32801466555706;3.32801466555706;0.002634;3;242.476666666666 * ref_9;1;5.47688451330441;
3;357.628333333333 * no_asm + 104.521025641026 * no_mbtree + 257.614487179487 * ref_9 + -30.2756410256411 * no_8x8dct;0.557852396392085;0.557852396392085;0.557852396392085;0.557852396392085;0.00588;4;-30.2756410256411 * no_8x8dct;1;2.77016226916497;
Elapsed=00:00:00.0059820
Learning progress:
1;591.793333333334 * no_asm + 134.85 * no_deblock;3.75143645260921;3.75143645260921;3.75143645260921;3.75143645260921;0.000828;2;134.85 * no_deblock;1;10.9646739911596;
2;591.793333333333 * no_asm + 67.425 * no_deblock + 67.425 * no_deblock * no_weightb;3.53772927246623;3.53772927246623;3.53772927246623;3.53772927246623;0.003381;4;67.425 * no_deblock * no_weightb;2;0.106853590071489;
Elapsed=00:00:00.0034727
Learning progress:
1;481.89 * no_asm + 221.813333333333 * no_mbtree;14.885860753588;14.885860753588;14.885860753588;14.885860753588;0.000632;2;221.813333333333 * no_mbtree;1;16.6440290049637;
2;465.5688 * no_asm + 210.155333333333 * no_mbtree + 48.9635999999999 * no_weightb;14.3816894478306;14.3816894478306;14.3816894478306;14.3816894478306;0.002295;3;48.9635999999999 * no_weightb;1;0.50417130575746;
3;462.085 * no_asm + 215.961666666667 * no_mbtree + 59.4150000000006 * no_weightb + -29.0316666666669 * no_weightb * no_deblock;14.2740728513182;14.2740728513182;14.2740728513182;14.2740728513182;0.004981;5;-29.0316666666669 * no_weightb * no_deblock;2;0.0538082982561896;
Elapsed=00:00:00.0050657
Learning progress:
1;444.6 * no_asm + 225.04 * ref_9;33.4074431752079;33.4074431752079;33.4074431752079;33.4074431752079;0.000581;2;225.04 * ref_9;1;41.5729645183935;
2;371.413333333333 * no_asm + 298.226666666667 * ref_9 + 73.1866666666667 * ref_5;19.8872392267861;19.8872392267861;19.8872392267861;19.8872392267861;0.002201;3;73.1866666666667 * ref_5;1;13.5202039484217;
3;346.864814814815 * no_asm + 249.12962962963 * ref_9 + 97.7351851851854 * ref_5 + 110.468333333334 * no_mbtree;15.4839104550464;15.4839104550464;15.4839104550464;15.4839104550464;0.005374;4;110.468333333334 * no_mbtree;1;4.40332877173976;
4;346.864814814815 * no_asm + 249.12962962963 * ref_9 + 97.735185185185 * ref_5 + 127.42 * no_mbtree + -33.9033333333326 * no_mbtree * no_8x8dct;14.2504280349905;14.2504280349905;14.2504280349905;14.2504280349905;0.00902;6;-33.9033333333326 * no_mbtree * no_8x8dct;2;0.61674121002792;
5;346.864814814814 * no_asm + 249.12962962963 * ref_9 + 97.735185185185 * ref_5 + 126.135 * no_mbtree + -35.1883333333328 * no_mbtree * no_8x8dct + 3.85499999999962 * no_deblock;14.0933371988112;14.0933371988112;14.0933371988112;14.0933371988112;0.014495;7;3.85499999999962 * no_deblock;1;0.157090836179373;
Elapsed=00:00:00.0146026
Learning progress:
1;500.648 * no_asm + 202.609333333333 * no_mbtree;2.43899135012653;2.43899135012653;2.43899135012653;2.43899135012653;0.001159;2;202.609333333333 * no_mbtree;1;18.2237250339345;
2;492.565333333333 * no_asm + 186.444 * no_mbtree + 40.4133333333334 * no_weightb;0.80570063220807;0.80570063220807;0.80570063220807;0.80570063220807;0.003157;3;40.4133333333334 * no_weightb;1;1.63329071791846;
Elapsed=00:00:00.0032408
Learning progress:
1;478.866666666667 * no_asm + 216.676666666667 * no_mbtree;8.80489917886147;8.80489917886147;8.80489917886147;8.80489917886147;0.000717;2;216.676666666667 * no_mbtree;1;15.2532018061563;
2;357.628333333334 * no_asm + 95.4383333333338 * no_mbtree + 242.476666666666 * ref_9;3.32801466555706;3.32801466555706;3.32801466555706;3.32801466555706;0.002649;3;242.476666666666 * ref_9;1;5.47688451330441;
3;357.628333333333 * no_asm + 104.521025641026 * no_mbtree + 257.614487179487 * ref_9 + -30.2756410256411 * no_8x8dct;0.557852396392085;0.557852396392085;0.557852396392085;0.557852396392085;0.005802;4;-30.2756410256411 * no_8x8dct;1;2.77016226916497;
Elapsed=00:00:00.0059038
Learning progress:
1;591.793333333334 * no_asm + 134.85 * no_deblock;3.75143645260921;3.75143645260921;3.75143645260921;3.75143645260921;0.000785;2;134.85 * no_deblock;1;10.9646739911596;
2;591.793333333333 * no_asm + 67.425 * no_deblock + 67.425 * no_deblock * no_weightb;3.53772927246623;3.53772927246623;3.53772927246623;3.53772927246623;0.003437;4;67.425 * no_deblock * no_weightb;2;0.106853590071489;
Elapsed=00:00:00.0035298
Learning progress:
1;481.89 * no_asm + 221.813333333333 * no_mbtree;14.885860753588;14.885860753588;14.885860753588;14.885860753588;0.000634;2;221.813333333333 * no_mbtree;1;16.6440290049637;
2;465.5688 * no_asm + 210.155333333333 * no_mbtree + 48.9635999999999 * no_weightb;14.3816894478306;14.3816894478306;14.3816894478306;14.3816894478306;0.00232;3;48.9635999999999 * no_weightb;1;0.50417130575746;
3;462.085 * no_asm + 215.961666666667 * no_mbtree + 59.4150000000006 * no_weightb + -29.0316666666669 * no_weightb * no_deblock;14.2740728513182;14.2740728513182;14.2740728513182;14.2740728513182;0.005016;5;-29.0316666666669 * no_weightb * no_deblock;2;0.0538082982561896;
Elapsed=00:00:00.0051009
Learning progress:
1;444.6 * no_asm + 225.04 * ref_9;33.4074431752079;33.4074431752079;33.4074431752079;33.4074431752079;0.000582;2;225.04 * ref_9;1;41.5729645183935;
2;371.413333333333 * no_asm + 298.226666666667 * ref_9 + 73.1866666666667 * ref_5;19.8872392267861;19.8872392267861;19.8872392267861;19.8872392267861;0.002368;3;73.1866666666667 * ref_5;1;13.5202039484217;
3;346.864814814815 * no_asm + 249.12962962963 * ref_9 + 97.7351851851854 * ref_5 + 110.468333333334 * no_mbtree;15.4839104550464;15.4839104550464;15.4839104550464;15.4839104550464;0.005541;4;110.468333333334 * no_mbtree;1;4.40332877173976;
4;346.864814814815 * no_asm + 249.12962962963 * ref_9 + 97.735185185185 * ref_5 + 127.42 * no_mbtree + -33.9033333333326 * no_mbtree * no_8x8dct;14.2504280349905;14.2504280349905;14.2504280349905;14.2504280349905;0.009157;6;-33.9033333333326 * no_mbtree * no_8x8dct;2;0.61674121002792;
5;346.864814814814 * no_asm + 249.12962962963 * ref_9 + 97.735185185185 * ref_5 + 126.135 * no_mbtree + -35.1883333333328 * no_mbtree * no_8x8dct + 3.85499999999962 * no_deblock;14.0933371988112;14.0933371988112;14.0933371988112;14.0933371988112;0.014585;7;3.85499999999962 * no_deblock;1;0.157090836179373;
Elapsed=00:00:00.0146887
Learning progress:
1;500.648 * no_asm + 202.609333333333 * no_mbtree;2.43899135012653;2.43899135012653;2.43899135012653;2.43899135012653;0.001273;2;202.609333333333 * no_mbtree;1;18.2237250339345;
2;492.565333333333 * no_asm + 186.444 * no_mbtree + 40.4133333333334 * no_weightb;0.80570063220807;0.80570063220807;0.80570063220807;0.80570063220807;0.003237;3;40.4133333333334 * no_weightb;1;1.63329071791846;
Elapsed=00:00:00.0033209
Learning progress:
1;478.866666666667 * no_asm + 216.676666666667 * no_mbtree;8.80489917886147;8.80489917886147;8.80489917886147;8.80489917886147;0.000716;2;216.676666666667 * no_mbtree;1;15.2532018061563;
2;357.628333333334 * no_asm + 95.4383333333338 * no_mbtree + 242.476666666666 * ref_9;3.32801466555706;3.32801466555706;3.32801466555706;3.32801466555706;0.002758;3;242.476666666666 * ref_9;1;5.47688451330441;
3;357.628333333333 * no_asm + 104.521025641026 * no_mbtree + 257.614487179487 * ref_9 + -30.2756410256411 * no_8x8dct;0.557852396392085;0.557852396392085;0.557852396392085;0.557852396392085;0.005964;4;-30.2756410256411 * no_8x8dct;1;2.77016226916497;
Elapsed=00:00:00.0060836
Learning progress:
1;591.793333333334 * no_asm + 134.85 * no_deblock;3.75143645260921;3.75143645260921;3.75143645260921;3.75143645260921;0.000732;2;134.85 * no_deblock;1;10.9646739911596;
2;591.793333333333 * no_asm + 67.425 * no_deblock + 67.425 * no_deblock * no_weightb;3.53772927246623;3.53772927246623;3.53772927246623;3.53772927246623;0.003344;4;67.425 * no_deblock * no_weightb;2;0.106853590071489;
3;591.793333333333 * no_asm + 44.9499999999997 * no_deblock + 44.9499999999997 * no_deblock * no_weightb + 44.9499999999997 * no_deblock * no_mbtree;2.45310702021614;2.45310702021614;2.45310702021614;2.45310702021614;0.007041;6;44.9499999999997 * no_deblock * no_mbtree;2;0.542311126125048;
4;591.793333333333 * no_asm + 33.7125 * no_deblock + 33.7125 * no_deblock * no_weightb + 33.7125 * no_deblock * no_mbtree + 33.7125 * no_deblock * ref_9;2.12450307423407;2.12450307423407;2.12450307423407;2.12450307423407;0.012552;8;33.7125 * no_deblock * ref_9;2;0.164301972991032;
Elapsed=00:00:00.0201351
Learning progress:
1;481.89 * no_asm + 221.813333333333 * no_mbtree;14.885860753588;14.885860753588;14.885860753588;14.885860753588;0.000596;2;221.813333333333 * no_mbtree;1;16.6440290049637;
2;465.5688 * no_asm + 210.155333333333 * no_mbtree + 48.9635999999999 * no_weightb;14.3816894478306;14.3816894478306;14.3816894478306;14.3816894478306;0.002293;3;48.9635999999999 * no_weightb;1;0.50417130575746;
3;462.085 * no_asm + 215.961666666667 * no_mbtree + 59.4150000000006 * no_weightb + -29.0316666666669 * no_weightb * no_deblock;14.2740728513182;14.2740728513182;14.2740728513182;14.2740728513182;0.004923;5;-29.0316666666669 * no_weightb * no_deblock;2;0.0538082982561896;
Elapsed=00:00:00.0050076
Learning progress:
1;444.6 * no_asm + 225.04 * ref_9;33.4074431752079;33.4074431752079;33.4074431752079;33.4074431752079;0.000713;2;225.04 * ref_9;1;41.5729645183935;
2;371.413333333333 * no_asm + 298.226666666667 * ref_9 + 73.1866666666667 * ref_5;19.8872392267861;19.8872392267861;19.8872392267861;19.8872392267861;0.002974;3;73.1866666666667 * ref_5;1;13.5202039484217;
3;346.864814814815 * no_asm + 249.12962962963 * ref_9 + 97.7351851851854 * ref_5 + 110.468333333334 * no_mbtree;15.4839104550464;15.4839104550464;15.4839104550464;15.4839104550464;0.005677;4;110.468333333334 * no_mbtree;1;4.40332877173976;
4;346.864814814815 * no_asm + 249.12962962963 * ref_9 + 97.735185185185 * ref_5 + 127.42 * no_mbtree + -33.9033333333326 * no_mbtree * no_8x8dct;14.2504280349905;14.2504280349905;14.2504280349905;14.2504280349905;0.009371;6;-33.9033333333326 * no_mbtree * no_8x8dct;2;0.61674121002792;
5;346.864814814814 * no_asm + 249.12962962963 * ref_9 + 97.735185185185 * ref_5 + 126.135 * no_mbtree + -35.1883333333328 * no_mbtree * no_8x8dct + 3.85499999999962 * no_deblock;14.0933371988112;14.0933371988112;14.0933371988112;14.0933371988112;0.014792;7;3.85499999999962 * no_deblock;1;0.157090836179373;
6;346.864814814815 * no_asm + 249.12962962963 * ref_9 + 97.7351851851854 * ref_5 + 126.123650793651 * no_mbtree + -35.1542857142853 * no_mbtree * no_8x8dct + 3.75285714285712 * no_deblock + 0.13619047619018 * no_deblock * no_weightb;14.0916855563163;14.0916855563163;14.0916855563163;14.0916855563163;0.021784;9;0.13619047619018 * no_deblock * no_weightb;2;0.000825821247424585;
Elapsed=00:00:00.0218935
Learning progress:
1;500.648 * no_asm + 202.609333333333 * no_mbtree;2.43899135012653;2.43899135012653;2.43899135012653;2.43899135012653;0.000653;2;202.609333333333 * no_mbtree;1;18.2237250339345;
2;492.565333333333 * no_asm + 186.444 * no_mbtree + 40.4133333333334 * no_weightb;0.80570063220807;0.80570063220807;0.80570063220807;0.80570063220807;0.002607;3;40.4133333333334 * no_weightb;1;1.63329071791846;
Elapsed=00:00:00.0026900
Learning progress:
1;478.866666666667 * no_asm + 216.676666666667 * no_mbtree;8.80489917886147;8.80489917886147;8.80489917886147;8.80489917886147;0.000718;2;216.676666666667 * no_mbtree;1;15.2532018061563;
2;357.628333333334 * no_asm + 95.4383333333338 * no_mbtree + 242.476666666666 * ref_9;3.32801466555706;3.32801466555706;3.32801466555706;3.32801466555706;0.003238;3;242.476666666666 * ref_9;1;5.47688451330441;
3;357.628333333333 * no_asm + 104.521025641026 * no_mbtree + 257.614487179487 * ref_9 + -30.2756410256411 * no_8x8dct;0.557852396392085;0.557852396392085;0.557852396392085;0.557852396392085;0.006432;4;-30.2756410256411 * no_8x8dct;1;2.77016226916497;
Elapsed=00:00:00.0065332
Learning progress:
1;591.793333333334 * no_asm + 134.85 * no_deblock;3.75143645260921;3.75143645260921;3.75143645260921;3.75143645260921;0.0021;2;134.85 * no_deblock;1;10.9646739911596;
2;591.793333333333 * no_asm + 67.425 * no_deblock + 67.425 * no_deblock * no_weightb;3.53772927246623;3.53772927246623;3.53772927246623;3.53772927246623;0.004007;4;67.425 * no_deblock * no_weightb;2;0.106853590071489;
Elapsed=00:00:00.0040984
Learning progress:
1;481.89 * no_asm + 221.813333333333 * no_mbtree;14.885860753588;14.885860753588;14.885860753588;14.885860753588;0.000602;2;221.813333333333 * no_mbtree;1;16.6440290049637;
2;465.5688 * no_asm + 210.155333333333 * no_mbtree + 48.9635999999999 * no_weightb;14.3816894478306;14.3816894478306;14.3816894478306;14.3816894478306;0.002885;3;48.9635999999999 * no_weightb;1;0.50417130575746;
3;462.085 * no_asm + 215.961666666667 * no_mbtree + 59.4150000000006 * no_weightb + -29.0316666666669 * no_weightb * no_deblock;14.2740728513182;14.2740728513182;14.2740728513182;14.2740728513182;0.005591;5;-29.0316666666669 * no_weightb * no_deblock;2;0.0538082982561896;
Elapsed=00:00:00.0056909
Learning progress:
1;444.6 * no_asm + 225.04 * ref_9;33.4074431752079;33.4074431752079;33.4074431752079;33.4074431752079;0.000615;2;225.04 * ref_9;1;41.5729645183935;
2;371.413333333333 * no_asm + 298.226666666667 * ref_9 + 73.1866666666667 * ref_5;19.8872392267861;19.8872392267861;19.8872392267861;19.8872392267861;0.002222;3;73.1866666666667 * ref_5;1;13.5202039484217;
3;346.864814814815 * no_asm + 249.12962962963 * ref_9 + 97.7351851851854 * ref_5 + 110.468333333334 * no_mbtree;15.4839104550464;15.4839104550464;15.4839104550464;15.4839104550464;0.004828;4;110.468333333334 * no_mbtree;1;4.40332877173976;
4;346.864814814815 * no_asm + 249.12962962963 * ref_9 + 97.735185185185 * ref_5 + 127.42 * no_mbtree + -33.9033333333326 * no_mbtree * no_8x8dct;14.2504280349905;14.2504280349905;14.2504280349905;14.2504280349905;0.009024;6;-33.9033333333326 * no_mbtree * no_8x8dct;2;0.61674121002792;
5;346.864814814814 * no_asm + 249.12962962963 * ref_9 + 97.735185185185 * ref_5 + 126.135 * no_mbtree + -35.1883333333328 * no_mbtree * no_8x8dct + 3.85499999999962 * no_deblock;14.0933371988112;14.0933371988112;14.0933371988112;14.0933371988112;0.014448;7;3.85499999999962 * no_deblock;1;0.157090836179373;
Elapsed=00:00:00.0145509
Learning progress:
1;500.648 * no_asm + 202.609333333333 * no_mbtree;2.43899135012653;2.43899135012653;2.43899135012653;2.43899135012653;0.000653;2;202.609333333333 * no_mbtree;1;18.2237250339345;
2;492.565333333333 * no_asm + 186.444 * no_mbtree + 40.4133333333334 * no_weightb;0.80570063220807;0.80570063220807;0.80570063220807;0.80570063220807;0.002543;3;40.4133333333334 * no_weightb;1;1.63329071791846;
Elapsed=00:00:00.0026254
Learning progress:
1;478.866666666667 * no_asm + 216.676666666667 * no_mbtree;8.80489917886147;8.80489917886147;8.80489917886147;8.80489917886147;0.000724;2;216.676666666667 * no_mbtree;1;15.2532018061563;
2;357.628333333334 * no_asm + 95.4383333333338 * no_mbtree + 242.476666666666 * ref_9;3.32801466555706;3.32801466555706;3.32801466555706;3.32801466555706;0.00323;3;242.476666666666 * ref_9;1;5.47688451330441;
3;357.628333333333 * no_asm + 104.521025641026 * no_mbtree + 257.614487179487 * ref_9 + -30.2756410256411 * no_8x8dct;0.557852396392085;0.557852396392085;0.557852396392085;0.557852396392085;0.006371;4;-30.2756410256411 * no_8x8dct;1;2.77016226916497;
Elapsed=00:00:00.0064736
Learning progress:
1;591.793333333334 * no_asm + 134.85 * no_deblock;3.75143645260921;3.75143645260921;3.75143645260921;3.75143645260921;0.000773;2;134.85 * no_deblock;1;10.9646739911596;
2;591.793333333333 * no_asm + 67.425 * no_deblock + 67.425 * no_deblock * no_weightb;3.53772927246623;3.53772927246623;3.53772927246623;3.53772927246623;0.002814;4;67.425 * no_deblock * no_weightb;2;0.106853590071489;
Elapsed=00:00:00.0029056
Learning progress:
1;481.89 * no_asm + 221.813333333333 * no_mbtree;14.885860753588;14.885860753588;14.885860753588;14.885860753588;0.000687;2;221.813333333333 * no_mbtree;1;16.6440290049637;
2;465.5688 * no_asm + 210.155333333333 * no_mbtree + 48.9635999999999 * no_weightb;14.3816894478306;14.3816894478306;14.3816894478306;14.3816894478306;0.002511;3;48.9635999999999 * no_weightb;1;0.50417130575746;
3;462.085 * no_asm + 215.961666666667 * no_mbtree + 59.4150000000006 * no_weightb + -29.0316666666669 * no_weightb * no_deblock;14.2740728513182;14.2740728513182;14.2740728513182;14.2740728513182;0.005746;5;-29.0316666666669 * no_weightb * no_deblock;2;0.0538082982561896;
Elapsed=00:00:00.0058306
Learning progress:
1;444.6 * no_asm + 225.04 * ref_9;33.4074431752079;33.4074431752079;33.4074431752079;33.4074431752079;0.000732;2;225.04 * ref_9;1;41.5729645183935;
2;371.413333333333 * no_asm + 298.226666666667 * ref_9 + 73.1866666666667 * ref_5;19.8872392267861;19.8872392267861;19.8872392267861;19.8872392267861;0.002355;3;73.1866666666667 * ref_5;1;13.5202039484217;
3;346.864814814815 * no_asm + 249.12962962963 * ref_9 + 97.7351851851854 * ref_5 + 110.468333333334 * no_mbtree;15.4839104550464;15.4839104550464;15.4839104550464;15.4839104550464;0.004946;4;110.468333333334 * no_mbtree;1;4.40332877173976;
4;346.864814814815 * no_asm + 249.12962962963 * ref_9 + 97.735185185185 * ref_5 + 127.42 * no_mbtree + -33.9033333333326 * no_mbtree * no_8x8dct;14.2504280349905;14.2504280349905;14.2504280349905;14.2504280349905;0.009288;6;-33.9033333333326 * no_mbtree * no_8x8dct;2;0.61674121002792;
5;346.864814814814 * no_asm + 249.12962962963 * ref_9 + 97.735185185185 * ref_5 + 126.135 * no_mbtree + -35.1883333333328 * no_mbtree * no_8x8dct + 3.85499999999962 * no_deblock;14.0933371988112;14.0933371988112;14.0933371988112;14.0933371988112;0.014788;7;3.85499999999962 * no_deblock;1;0.157090836179373;
Elapsed=00:00:00.0148912
Learning progress:
1;500.648 * no_asm + 202.609333333333 * no_mbtree;2.43899135012653;2.43899135012653;2.43899135012653;2.43899135012653;0.000653;2;202.609333333333 * no_mbtree;1;18.2237250339345;
2;492.565333333333 * no_asm + 186.444 * no_mbtree + 40.4133333333334 * no_weightb;0.80570063220807;0.80570063220807;0.80570063220807;0.80570063220807;0.002807;3;40.4133333333334 * no_weightb;1;1.63329071791846;
Elapsed=00:00:00.0028910
Learning progress:
1;478.866666666667 * no_asm + 216.676666666667 * no_mbtree;8.80489917886147;8.80489917886147;8.80489917886147;8.80489917886147;0.000838;2;216.676666666667 * no_mbtree;1;15.2532018061563;
2;357.628333333334 * no_asm + 95.4383333333338 * no_mbtree + 242.476666666666 * ref_9;3.32801466555706;3.32801466555706;3.32801466555706;3.32801466555706;0.00332;3;242.476666666666 * ref_9;1;5.47688451330441;
3;357.628333333333 * no_asm + 104.521025641026 * no_mbtree + 257.614487179487 * ref_9 + -30.2756410256411 * no_8x8dct;0.557852396392085;0.557852396392085;0.557852396392085;0.557852396392085;0.006477;4;-30.2756410256411 * no_8x8dct;1;2.77016226916497;
Elapsed=00:00:00.0066087
Learning progress:
1;591.793333333334 * no_asm + 134.85 * no_deblock;3.75143645260921;3.75143645260921;3.75143645260921;3.75143645260921;0.000825;2;134.85 * no_deblock;1;10.9646739911596;
2;591.793333333333 * no_asm + 67.425 * no_deblock + 67.425 * no_deblock * no_weightb;3.53772927246623;3.53772927246623;3.53772927246623;3.53772927246623;0.002899;4;67.425 * no_deblock * no_weightb;2;0.106853590071489;
3;591.793333333333 * no_asm + 44.9499999999997 * no_deblock + 44.9499999999997 * no_deblock * no_weightb + 44.9499999999997 * no_deblock * no_mbtree;2.45310702021614;2.45310702021614;2.45310702021614;2.45310702021614;0.006728;6;44.9499999999997 * no_deblock * no_mbtree;2;0.542311126125048;
4;591.793333333333 * no_asm + 33.7125 * no_deblock + 33.7125 * no_deblock * no_weightb + 33.7125 * no_deblock * no_mbtree + 33.7125 * no_deblock * ref_9;2.12450307423407;2.12450307423407;2.12450307423407;2.12450307423407;0.012827;8;33.7125 * no_deblock * ref_9;2;0.164301972991032;
Elapsed=00:00:00.0199068
Learning progress:
1;481.89 * no_asm + 221.813333333333 * no_mbtree;14.885860753588;14.885860753588;14.885860753588;14.885860753588;0.001208;2;221.813333333333 * no_mbtree;1;16.6440290049637;
2;465.5688 * no_asm + 210.155333333333 * no_mbtree + 48.9635999999999 * no_weightb;14.3816894478306;14.3816894478306;14.3816894478306;14.3816894478306;0.002988;3;48.9635999999999 * no_weightb;1;0.50417130575746;
3;462.085 * no_asm + 215.961666666667 * no_mbtree + 59.4150000000006 * no_weightb + -29.0316666666669 * no_weightb * no_deblock;14.2740728513182;14.2740728513182;14.2740728513182;14.2740728513182;0.005623;5;-29.0316666666669 * no_weightb * no_deblock;2;0.0538082982561896;
Elapsed=00:00:00.0057080
Learning progress:
1;444.6 * no_asm + 225.04 * ref_9;33.4074431752079;33.4074431752079;33.4074431752079;33.4074431752079;0.000664;2;225.04 * ref_9;1;41.5729645183935;
2;371.413333333333 * no_asm + 298.226666666667 * ref_9 + 73.1866666666667 * ref_5;19.8872392267861;19.8872392267861;19.8872392267861;19.8872392267861;0.002281;3;73.1866666666667 * ref_5;1;13.5202039484217;
3;346.864814814815 * no_asm + 249.12962962963 * ref_9 + 97.7351851851854 * ref_5 + 110.468333333334 * no_mbtree;15.4839104550464;15.4839104550464;15.4839104550464;15.4839104550464;0.004945;4;110.468333333334 * no_mbtree;1;4.40332877173976;
4;346.864814814815 * no_asm + 249.12962962963 * ref_9 + 97.735185185185 * ref_5 + 127.42 * no_mbtree + -33.9033333333326 * no_mbtree * no_8x8dct;14.2504280349905;14.2504280349905;14.2504280349905;14.2504280349905;0.009218;6;-33.9033333333326 * no_mbtree * no_8x8dct;2;0.61674121002792;
5;346.864814814814 * no_asm + 249.12962962963 * ref_9 + 97.735185185185 * ref_5 + 126.135 * no_mbtree + -35.1883333333328 * no_mbtree * no_8x8dct + 3.85499999999962 * no_deblock;14.0933371988112;14.0933371988112;14.0933371988112;14.0933371988112;0.014644;7;3.85499999999962 * no_deblock;1;0.157090836179373;
6;346.864814814815 * no_asm + 249.12962962963 * ref_9 + 97.7351851851854 * ref_5 + 126.123650793651 * no_mbtree + -35.1542857142853 * no_mbtree * no_8x8dct + 3.75285714285712 * no_deblock + 0.13619047619018 * no_deblock * no_weightb;14.0916855563163;14.0916855563163;14.0916855563163;14.0916855563163;0.021672;9;0.13619047619018 * no_deblock * no_weightb;2;0.000825821247424585;
Elapsed=00:00:00.0217810
Learning progress:
1;500.648 * no_asm + 202.609333333333 * no_mbtree;2.43899135012653;2.43899135012653;2.43899135012653;2.43899135012653;0.000761;2;202.609333333333 * no_mbtree;1;18.2237250339345;
2;492.565333333333 * no_asm + 186.444 * no_mbtree + 40.4133333333334 * no_weightb;0.80570063220807;0.80570063220807;0.80570063220807;0.80570063220807;0.002817;3;40.4133333333334 * no_weightb;1;1.63329071791846;
Elapsed=00:00:00.0028996
Learning progress:
1;478.866666666667 * no_asm + 216.676666666667 * no_mbtree;8.80489917886147;8.80489917886147;8.80489917886147;8.80489917886147;0.000719;2;216.676666666667 * no_mbtree;1;15.2532018061563;
2;357.628333333334 * no_asm + 95.4383333333338 * no_mbtree + 242.476666666666 * ref_9;3.32801466555706;3.32801466555706;3.32801466555706;3.32801466555706;0.002687;3;242.476666666666 * ref_9;1;5.47688451330441;
3;357.628333333333 * no_asm + 104.521025641026 * no_mbtree + 257.614487179487 * ref_9 + -30.2756410256411 * no_8x8dct;0.557852396392085;0.557852396392085;0.557852396392085;0.557852396392085;0.005902;4;-30.2756410256411 * no_8x8dct;1;2.77016226916497;
Elapsed=00:00:00.0064312
Learning progress:
1;591.793333333334 * no_asm + 134.85 * no_deblock;3.75143645260921;3.75143645260921;3.75143645260921;3.75143645260921;0.000716;2;134.85 * no_deblock;1;10.9646739911596;
2;591.793333333333 * no_asm + 67.425 * no_deblock + 67.425 * no_deblock * no_weightb;3.53772927246623;3.53772927246623;3.53772927246623;3.53772927246623;0.002664;4;67.425 * no_deblock * no_weightb;2;0.106853590071489;
Elapsed=00:00:00.0027543
Learning progress:
1;481.89 * no_asm + 221.813333333333 * no_mbtree;14.885860753588;14.885860753588;14.885860753588;14.885860753588;0.000597;2;221.813333333333 * no_mbtree;1;16.6440290049637;
2;465.5688 * no_asm + 210.155333333333 * no_mbtree + 48.9635999999999 * no_weightb;14.3816894478306;14.3816894478306;14.3816894478306;14.3816894478306;0.002247;3;48.9635999999999 * no_weightb;1;0.50417130575746;
3;462.085 * no_asm + 215.961666666667 * no_mbtree + 59.4150000000006 * no_weightb + -29.0316666666669 * no_weightb * no_deblock;14.2740728513182;14.2740728513182;14.2740728513182;14.2740728513182;0.004968;5;-29.0316666666669 * no_weightb * no_deblock;2;0.0538082982561896;
Elapsed=00:00:00.0050531
Learning progress:
1;444.6 * no_asm + 225.04 * ref_9;33.4074431752079;33.4074431752079;33.4074431752079;33.4074431752079;0.001215;2;225.04 * ref_9;1;41.5729645183935;
2;371.413333333333 * no_asm + 298.226666666667 * ref_9 + 73.1866666666667 * ref_5;19.8872392267861;19.8872392267861;19.8872392267861;19.8872392267861;0.002812;3;73.1866666666667 * ref_5;1;13.5202039484217;
3;346.864814814815 * no_asm + 249.12962962963 * ref_9 + 97.7351851851854 * ref_5 + 110.468333333334 * no_mbtree;15.4839104550464;15.4839104550464;15.4839104550464;15.4839104550464;0.005476;4;110.468333333334 * no_mbtree;1;4.40332877173976;
4;346.864814814815 * no_asm + 249.12962962963 * ref_9 + 97.735185185185 * ref_5 + 127.42 * no_mbtree + -33.9033333333326 * no_mbtree * no_8x8dct;14.2504280349905;14.2504280349905;14.2504280349905;14.2504280349905;0.009135;6;-33.9033333333326 * no_mbtree * no_8x8dct;2;0.61674121002792;
5;346.864814814814 * no_asm + 249.12962962963 * ref_9 + 97.735185185185 * ref_5 + 126.135 * no_mbtree + -35.1883333333328 * no_mbtree * no_8x8dct + 3.85499999999962 * no_deblock;14.0933371988112;14.0933371988112;14.0933371988112;14.0933371988112;0.015331;7;3.85499999999962 * no_deblock;1;0.157090836179373;
Elapsed=00:00:00.0154352
Learning progress:
1;500.648 * no_asm + 202.609333333333 * no_mbtree;2.43899135012653;2.43899135012653;2.43899135012653;2.43899135012653;0.000743;2;202.609333333333 * no_mbtree;1;18.2237250339345;
2;492.565333333333 * no_asm + 186.444 * no_mbtree + 40.4133333333334 * no_weightb;0.80570063220807;0.80570063220807;0.80570063220807;0.80570063220807;0.00262;3;40.4133333333334 * no_weightb;1;1.63329071791846;
Elapsed=00:00:00.0027029
Learning progress:
1;478.866666666667 * no_asm + 216.676666666667 * no_mbtree;8.80489917886147;8.80489917886147;8.80489917886147;8.80489917886147;0.000866;2;216.676666666667 * no_mbtree;1;15.2532018061563;
2;357.628333333334 * no_asm + 95.4383333333338 * no_mbtree + 242.476666666666 * ref_9;3.32801466555706;3.32801466555706;3.32801466555706;3.32801466555706;0.002799;3;242.476666666666 * ref_9;1;5.47688451330441;
3;357.628333333333 * no_asm + 104.521025641026 * no_mbtree + 257.614487179487 * ref_9 + -30.2756410256411 * no_8x8dct;0.557852396392085;0.557852396392085;0.557852396392085;0.557852396392085;0.005953;4;-30.2756410256411 * no_8x8dct;1;2.77016226916497;
Elapsed=00:00:00.0064651
Learning progress:
1;591.793333333334 * no_asm + 134.85 * no_deblock;3.75143645260921;3.75143645260921;3.75143645260921;3.75143645260921;0.000737;2;134.85 * no_deblock;1;10.9646739911596;
2;591.793333333333 * no_asm + 67.425 * no_deblock + 67.425 * no_deblock * no_weightb;3.53772927246623;3.53772927246623;3.53772927246623;3.53772927246623;0.002736;4;67.425 * no_deblock * no_weightb;2;0.106853590071489;
Elapsed=00:00:00.0028274
Learning progress:
1;481.89 * no_asm + 221.813333333333 * no_mbtree;14.885860753588;14.885860753588;14.885860753588;14.885860753588;0.000637;2;221.813333333333 * no_mbtree;1;16.6440290049637;
2;465.5688 * no_asm + 210.155333333333 * no_mbtree + 48.9635999999999 * no_weightb;14.3816894478306;14.3816894478306;14.3816894478306;14.3816894478306;0.002418;3;48.9635999999999 * no_weightb;1;0.50417130575746;
3;462.085 * no_asm + 215.961666666667 * no_mbtree + 59.4150000000006 * no_weightb + -29.0316666666669 * no_weightb * no_deblock;14.2740728513182;14.2740728513182;14.2740728513182;14.2740728513182;0.00506;5;-29.0316666666669 * no_weightb * no_deblock;2;0.0538082982561896;
Elapsed=00:00:00.0051436
Learning progress:
1;444.6 * no_asm + 225.04 * ref_9;33.4074431752079;33.4074431752079;33.4074431752079;33.4074431752079;0.001192;2;225.04 * ref_9;1;41.5729645183935;
2;371.413333333333 * no_asm + 298.226666666667 * ref_9 + 73.1866666666667 * ref_5;19.8872392267861;19.8872392267861;19.8872392267861;19.8872392267861;0.002828;3;73.1866666666667 * ref_5;1;13.5202039484217;
3;346.864814814815 * no_asm + 249.12962962963 * ref_9 + 97.7351851851854 * ref_5 + 110.468333333334 * no_mbtree;15.4839104550464;15.4839104550464;15.4839104550464;15.4839104550464;0.005481;4;110.468333333334 * no_mbtree;1;4.40332877173976;
4;346.864814814815 * no_asm + 249.12962962963 * ref_9 + 97.735185185185 * ref_5 + 127.42 * no_mbtree + -33.9033333333326 * no_mbtree * no_8x8dct;14.2504280349905;14.2504280349905;14.2504280349905;14.2504280349905;0.009143;6;-33.9033333333326 * no_mbtree * no_8x8dct;2;0.61674121002792;
5;346.864814814814 * no_asm + 249.12962962963 * ref_9 + 97.735185185185 * ref_5 + 126.135 * no_mbtree + -35.1883333333328 * no_mbtree * no_8x8dct + 3.85499999999962 * no_deblock;14.0933371988112;14.0933371988112;14.0933371988112;14.0933371988112;0.015169;7;3.85499999999962 * no_deblock;1;0.157090836179373;
Elapsed=00:00:00.0152733
Learning progress:
1;500.648 * no_asm + 202.609333333333 * no_mbtree;2.43899135012653;2.43899135012653;2.43899135012653;2.43899135012653;0.000807;2;202.609333333333 * no_mbtree;1;18.2237250339345;
2;492.565333333333 * no_asm + 186.444 * no_mbtree + 40.4133333333334 * no_weightb;0.80570063220807;0.80570063220807;0.80570063220807;0.80570063220807;0.002756;3;40.4133333333334 * no_weightb;1;1.63329071791846;
Elapsed=00:00:00.0028391
Learning progress:
1;478.866666666667 * no_asm + 216.676666666667 * no_mbtree;8.80489917886147;8.80489917886147;8.80489917886147;8.80489917886147;0.00073;2;216.676666666667 * no_mbtree;1;15.2532018061563;
2;357.628333333334 * no_asm + 95.4383333333338 * no_mbtree + 242.476666666666 * ref_9;3.32801466555706;3.32801466555706;3.32801466555706;3.32801466555706;0.002628;3;242.476666666666 * ref_9;1;5.47688451330441;
3;357.628333333333 * no_asm + 104.521025641026 * no_mbtree + 257.614487179487 * ref_9 + -30.2756410256411 * no_8x8dct;0.557852396392085;0.557852396392085;0.557852396392085;0.557852396392085;0.005923;4;-30.2756410256411 * no_8x8dct;1;2.77016226916497;
Elapsed=00:00:00.0060294
Learning progress:
1;591.793333333334 * no_asm + 134.85 * no_deblock;3.75143645260921;3.75143645260921;3.75143645260921;3.75143645260921;0.000746;2;134.85 * no_deblock;1;10.9646739911596;
2;591.793333333333 * no_asm + 67.425 * no_deblock + 67.425 * no_deblock * no_weightb;3.53772927246623;3.53772927246623;3.53772927246623;3.53772927246623;0.002812;4;67.425 * no_deblock * no_weightb;2;0.106853590071489;
3;591.793333333333 * no_asm + 44.9499999999997 * no_deblock + 44.9499999999997 * no_deblock * no_weightb + 44.9499999999997 * no_deblock * no_mbtree;2.45310702021614;2.45310702021614;2.45310702021614;2.45310702021614;0.006519;6;44.9499999999997 * no_deblock * no_mbtree;2;0.542311126125048;
4;591.793333333333 * no_asm + 33.7125 * no_deblock + 33.7125 * no_deblock * no_weightb + 33.7125 * no_deblock * no_mbtree + 33.7125 * no_deblock * ref_9;2.12450307423407;2.12450307423407;2.12450307423407;2.12450307423407;0.012009;8;33.7125 * no_deblock * ref_9;2;0.164301972991032;
Elapsed=00:00:00.0196405
Learning progress:
1;481.89 * no_asm + 221.813333333333 * no_mbtree;14.885860753588;14.885860753588;14.885860753588;14.885860753588;0.000617;2;221.813333333333 * no_mbtree;1;16.6440290049637;
2;465.5688 * no_asm + 210.155333333333 * no_mbtree + 48.9635999999999 * no_weightb;14.3816894478306;14.3816894478306;14.3816894478306;14.3816894478306;0.002308;3;48.9635999999999 * no_weightb;1;0.50417130575746;
3;462.085 * no_asm + 215.961666666667 * no_mbtree + 59.4150000000006 * no_weightb + -29.0316666666669 * no_weightb * no_deblock;14.2740728513182;14.2740728513182;14.2740728513182;14.2740728513182;0.005011;5;-29.0316666666669 * no_weightb * no_deblock;2;0.0538082982561896;
Elapsed=00:00:00.0050950
Learning progress:
1;444.6 * no_asm + 225.04 * ref_9;33.4074431752079;33.4074431752079;33.4074431752079;33.4074431752079;0.000626;2;225.04 * ref_9;1;41.5729645183935;
2;371.413333333333 * no_asm + 298.226666666667 * ref_9 + 73.1866666666667 * ref_5;19.8872392267861;19.8872392267861;19.8872392267861;19.8872392267861;0.002314;3;73.1866666666667 * ref_5;1;13.5202039484217;
3;346.864814814815 * no_asm + 249.12962962963 * ref_9 + 97.7351851851854 * ref_5 + 110.468333333334 * no_mbtree;15.4839104550464;15.4839104550464;15.4839104550464;15.4839104550464;0.004914;4;110.468333333334 * no_mbtree;1;4.40332877173976;
4;346.864814814815 * no_asm + 249.12962962963 * ref_9 + 97.735185185185 * ref_5 + 127.42 * no_mbtree + -33.9033333333326 * no_mbtree * no_8x8dct;14.2504280349905;14.2504280349905;14.2504280349905;14.2504280349905;0.008562;6;-33.9033333333326 * no_mbtree * no_8x8dct;2;0.61674121002792;
5;346.864814814814 * no_asm + 249.12962962963 * ref_9 + 97.735185185185 * ref_5 + 126.135 * no_mbtree + -35.1883333333328 * no_mbtree * no_8x8dct + 3.85499999999962 * no_deblock;14.0933371988112;14.0933371988112;14.0933371988112;14.0933371988112;0.014739;7;3.85499999999962 * no_deblock;1;0.157090836179373;
6;346.864814814815 * no_asm + 249.12962962963 * ref_9 + 97.7351851851854 * ref_5 + 126.123650793651 * no_mbtree + -35.1542857142853 * no_mbtree * no_8x8dct + 3.75285714285712 * no_deblock + 0.13619047619018 * no_deblock * no_weightb;14.0916855563163;14.0916855563163;14.0916855563163;14.0916855563163;0.021111;9;0.13619047619018 * no_deblock * no_weightb;2;0.000825821247424585;
Elapsed=00:00:00.0212194
Learning progress:
1;500.648 * no_asm + 202.609333333333 * no_mbtree;2.43899135012653;2.43899135012653;2.43899135012653;2.43899135012653;0.000665;2;202.609333333333 * no_mbtree;1;18.2237250339345;
2;492.565333333333 * no_asm + 186.444 * no_mbtree + 40.4133333333334 * no_weightb;0.80570063220807;0.80570063220807;0.80570063220807;0.80570063220807;0.003204;3;40.4133333333334 * no_weightb;1;1.63329071791846;
Elapsed=00:00:00.0033183
Learning progress:
1;478.866666666667 * no_asm + 216.676666666667 * no_mbtree;8.80489917886147;8.80489917886147;8.80489917886147;8.80489917886147;0.000733;2;216.676666666667 * no_mbtree;1;15.2532018061563;
2;357.628333333334 * no_asm + 95.4383333333338 * no_mbtree + 242.476666666666 * ref_9;3.32801466555706;3.32801466555706;3.32801466555706;3.32801466555706;0.002664;3;242.476666666666 * ref_9;1;5.47688451330441;
3;357.628333333333 * no_asm + 104.521025641026 * no_mbtree + 257.614487179487 * ref_9 + -30.2756410256411 * no_8x8dct;0.557852396392085;0.557852396392085;0.557852396392085;0.557852396392085;0.005854;4;-30.2756410256411 * no_8x8dct;1;2.77016226916497;
Elapsed=00:00:00.0059569
Learning progress:
1;591.793333333334 * no_asm + 134.85 * no_deblock;3.75143645260921;3.75143645260921;3.75143645260921;3.75143645260921;0.000793;2;134.85 * no_deblock;1;10.9646739911596;
2;591.793333333333 * no_asm + 67.425 * no_deblock + 67.425 * no_deblock * no_weightb;3.53772927246623;3.53772927246623;3.53772927246623;3.53772927246623;0.002713;4;67.425 * no_deblock * no_weightb;2;0.106853590071489;
Elapsed=00:00:00.0028034
Learning progress:
1;481.89 * no_asm + 221.813333333333 * no_mbtree;14.885860753588;14.885860753588;14.885860753588;14.885860753588;0.00067;2;221.813333333333 * no_mbtree;1;16.6440290049637;
2;465.5688 * no_asm + 210.155333333333 * no_mbtree + 48.9635999999999 * no_weightb;14.3816894478306;14.3816894478306;14.3816894478306;14.3816894478306;0.002343;3;48.9635999999999 * no_weightb;1;0.50417130575746;
3;462.085 * no_asm + 215.961666666667 * no_mbtree + 59.4150000000006 * no_weightb + -29.0316666666669 * no_weightb * no_deblock;14.2740728513182;14.2740728513182;14.2740728513182;14.2740728513182;0.005058;5;-29.0316666666669 * no_weightb * no_deblock;2;0.0538082982561896;
Elapsed=00:00:00.0051421
Learning progress:
1;444.6 * no_asm + 225.04 * ref_9;33.4074431752079;33.4074431752079;33.4074431752079;33.4074431752079;0.000744;2;225.04 * ref_9;1;41.5729645183935;
2;371.413333333333 * no_asm + 298.226666666667 * ref_9 + 73.1866666666667 * ref_5;19.8872392267861;19.8872392267861;19.8872392267861;19.8872392267861;0.002533;3;73.1866666666667 * ref_5;1;13.5202039484217;
3;346.864814814815 * no_asm + 249.12962962963 * ref_9 + 97.7351851851854 * ref_5 + 110.468333333334 * no_mbtree;15.4839104550464;15.4839104550464;15.4839104550464;15.4839104550464;0.005144;4;110.468333333334 * no_mbtree;1;4.40332877173976;
4;346.864814814815 * no_asm + 249.12962962963 * ref_9 + 97.735185185185 * ref_5 + 127.42 * no_mbtree + -33.9033333333326 * no_mbtree * no_8x8dct;14.2504280349905;14.2504280349905;14.2504280349905;14.2504280349905;0.00935;6;-33.9033333333326 * no_mbtree * no_8x8dct;2;0.61674121002792;
5;346.864814814814 * no_asm + 249.12962962963 * ref_9 + 97.735185185185 * ref_5 + 126.135 * no_mbtree + -35.1883333333328 * no_mbtree * no_8x8dct + 3.85499999999962 * no_deblock;14.0933371988112;14.0933371988112;14.0933371988112;14.0933371988112;0.014857;7;3.85499999999962 * no_deblock;1;0.157090836179373;
Elapsed=00:00:00.0149596
Learning progress:
1;500.648 * no_asm + 202.609333333333 * no_mbtree;2.43899135012653;2.43899135012653;2.43899135012653;2.43899135012653;0.000655;2;202.609333333333 * no_mbtree;1;18.2237250339345;
2;492.565333333333 * no_asm + 186.444 * no_mbtree + 40.4133333333334 * no_weightb;0.80570063220807;0.80570063220807;0.80570063220807;0.80570063220807;0.003169;3;40.4133333333334 * no_weightb;1;1.63329071791846;
Elapsed=00:00:00.0032518
Learning progress:
1;478.866666666667 * no_asm + 216.676666666667 * no_mbtree;8.80489917886147;8.80489917886147;8.80489917886147;8.80489917886147;0.000721;2;216.676666666667 * no_mbtree;1;15.2532018061563;
2;357.628333333334 * no_asm + 95.4383333333338 * no_mbtree + 242.476666666666 * ref_9;3.32801466555706;3.32801466555706;3.32801466555706;3.32801466555706;0.002759;3;242.476666666666 * ref_9;1;5.47688451330441;
3;357.628333333333 * no_asm + 104.521025641026 * no_mbtree + 257.614487179487 * ref_9 + -30.2756410256411 * no_8x8dct;0.557852396392085;0.557852396392085;0.557852396392085;0.557852396392085;0.005865;4;-30.2756410256411 * no_8x8dct;1;2.77016226916497;
Elapsed=00:00:00.0059671
Learning progress:
1;591.793333333334 * no_asm + 134.85 * no_deblock;3.75143645260921;3.75143645260921;3.75143645260921;3.75143645260921;0.000837;2;134.85 * no_deblock;1;10.9646739911596;
2;591.793333333333 * no_asm + 67.425 * no_deblock + 67.425 * no_deblock * no_weightb;3.53772927246623;3.53772927246623;3.53772927246623;3.53772927246623;0.002758;4;67.425 * no_deblock * no_weightb;2;0.106853590071489;
Elapsed=00:00:00.0028488
Learning progress:
1;481.89 * no_asm + 221.813333333333 * no_mbtree;14.885860753588;14.885860753588;14.885860753588;14.885860753588;0.00061;2;221.813333333333 * no_mbtree;1;16.6440290049637;
2;465.5688 * no_asm + 210.155333333333 * no_mbtree + 48.9635999999999 * no_weightb;14.3816894478306;14.3816894478306;14.3816894478306;14.3816894478306;0.002327;3;48.9635999999999 * no_weightb;1;0.50417130575746;
3;462.085 * no_asm + 215.961666666667 * no_mbtree + 59.4150000000006 * no_weightb + -29.0316666666669 * no_weightb * no_deblock;14.2740728513182;14.2740728513182;14.2740728513182;14.2740728513182;0.005025;5;-29.0316666666669 * no_weightb * no_deblock;2;0.0538082982561896;
Elapsed=00:00:00.0051087
Learning progress:
1;444.6 * no_asm + 225.04 * ref_9;33.4074431752079;33.4074431752079;33.4074431752079;33.4074431752079;0.000611;2;225.04 * ref_9;1;41.5729645183935;
2;371.413333333333 * no_asm + 298.226666666667 * ref_9 + 73.1866666666667 * ref_5;19.8872392267861;19.8872392267861;19.8872392267861;19.8872392267861;0.002345;3;73.1866666666667 * ref_5;1;13.5202039484217;
3;346.864814814815 * no_asm + 249.12962962963 * ref_9 + 97.7351851851854 * ref_5 + 110.468333333334 * no_mbtree;15.4839104550464;15.4839104550464;15.4839104550464;15.4839104550464;0.004947;4;110.468333333334 * no_mbtree;1;4.40332877173976;
4;346.864814814815 * no_asm + 249.12962962963 * ref_9 + 97.735185185185 * ref_5 + 127.42 * no_mbtree + -33.9033333333326 * no_mbtree * no_8x8dct;14.2504280349905;14.2504280349905;14.2504280349905;14.2504280349905;0.009226;6;-33.9033333333326 * no_mbtree * no_8x8dct;2;0.61674121002792;
5;346.864814814814 * no_asm + 249.12962962963 * ref_9 + 97.735185185185 * ref_5 + 126.135 * no_mbtree + -35.1883333333328 * no_mbtree * no_8x8dct + 3.85499999999962 * no_deblock;14.0933371988112;14.0933371988112;14.0933371988112;14.0933371988112;0.014696;7;3.85499999999962 * no_deblock;1;0.157090836179373;
Elapsed=00:00:00.0147993
Learning progress:
1;500.648 * no_asm + 202.609333333333 * no_mbtree;2.43899135012653;2.43899135012653;2.43899135012653;2.43899135012653;0.000686;2;202.609333333333 * no_mbtree;1;18.2237250339345;
2;492.565333333333 * no_asm + 186.444 * no_mbtree + 40.4133333333334 * no_weightb;0.80570063220807;0.80570063220807;0.80570063220807;0.80570063220807;0.003274;3;40.4133333333334 * no_weightb;1;1.63329071791846;
Elapsed=00:00:00.0033575
Learning progress:
1;478.866666666667 * no_asm + 216.676666666667 * no_mbtree;8.80489917886147;8.80489917886147;8.80489917886147;8.80489917886147;0.000851;2;216.676666666667 * no_mbtree;1;15.2532018061563;
2;357.628333333334 * no_asm + 95.4383333333338 * no_mbtree + 242.476666666666 * ref_9;3.32801466555706;3.32801466555706;3.32801466555706;3.32801466555706;0.00284;3;242.476666666666 * ref_9;1;5.47688451330441;
3;357.628333333333 * no_asm + 104.521025641026 * no_mbtree + 257.614487179487 * ref_9 + -30.2756410256411 * no_8x8dct;0.557852396392085;0.557852396392085;0.557852396392085;0.557852396392085;0.00604;4;-30.2756410256411 * no_8x8dct;1;2.77016226916497;
Elapsed=00:00:00.0061424
Learning progress:
1;591.793333333334 * no_asm + 134.85 * no_deblock;3.75143645260921;3.75143645260921;3.75143645260921;3.75143645260921;0.000912;2;134.85 * no_deblock;1;10.9646739911596;
2;591.793333333333 * no_asm + 67.425 * no_deblock + 67.425 * no_deblock * no_weightb;3.53772927246623;3.53772927246623;3.53772927246623;3.53772927246623;0.002836;4;67.425 * no_deblock * no_weightb;2;0.106853590071489;
3;591.793333333333 * no_asm + 44.9499999999997 * no_deblock + 44.9499999999997 * no_deblock * no_weightb + 44.9499999999997 * no_deblock * no_mbtree;2.45310702021614;2.45310702021614;2.45310702021614;2.45310702021614;0.007091;6;44.9499999999997 * no_deblock * no_mbtree;2;0.542311126125048;
4;591.793333333333 * no_asm + 33.7125 * no_deblock + 33.7125 * no_deblock * no_weightb + 33.7125 * no_deblock * no_mbtree + 33.7125 * no_deblock * ref_9;2.12450307423407;2.12450307423407;2.12450307423407;2.12450307423407;0.012587;8;33.7125 * no_deblock * ref_9;2;0.164301972991032;
Elapsed=00:00:00.0202129
Learning progress:
1;481.89 * no_asm + 221.813333333333 * no_mbtree;14.885860753588;14.885860753588;14.885860753588;14.885860753588;0.000597;2;221.813333333333 * no_mbtree;1;16.6440290049637;
2;465.5688 * no_asm + 210.155333333333 * no_mbtree + 48.9635999999999 * no_weightb;14.3816894478306;14.3816894478306;14.3816894478306;14.3816894478306;0.002346;3;48.9635999999999 * no_weightb;1;0.50417130575746;
3;462.085 * no_asm + 215.961666666667 * no_mbtree + 59.4150000000006 * no_weightb + -29.0316666666669 * no_weightb * no_deblock;14.2740728513182;14.2740728513182;14.2740728513182;14.2740728513182;0.00498;5;-29.0316666666669 * no_weightb * no_deblock;2;0.0538082982561896;
Elapsed=00:00:00.0050646
Learning progress:
1;444.6 * no_asm + 225.04 * ref_9;33.4074431752079;33.4074431752079;33.4074431752079;33.4074431752079;0.000621;2;225.04 * ref_9;1;41.5729645183935;
2;371.413333333333 * no_asm + 298.226666666667 * ref_9 + 73.1866666666667 * ref_5;19.8872392267861;19.8872392267861;19.8872392267861;19.8872392267861;0.002246;3;73.1866666666667 * ref_5;1;13.5202039484217;
3;346.864814814815 * no_asm + 249.12962962963 * ref_9 + 97.7351851851854 * ref_5 + 110.468333333334 * no_mbtree;15.4839104550464;15.4839104550464;15.4839104550464;15.4839104550464;0.005563;4;110.468333333334 * no_mbtree;1;4.40332877173976;
4;346.864814814815 * no_asm + 249.12962962963 * ref_9 + 97.735185185185 * ref_5 + 127.42 * no_mbtree + -33.9033333333326 * no_mbtree * no_8x8dct;14.2504280349905;14.2504280349905;14.2504280349905;14.2504280349905;0.009242;6;-33.9033333333326 * no_mbtree * no_8x8dct;2;0.61674121002792;
5;346.864814814814 * no_asm + 249.12962962963 * ref_9 + 97.735185185185 * ref_5 + 126.135 * no_mbtree + -35.1883333333328 * no_mbtree * no_8x8dct + 3.85499999999962 * no_deblock;14.0933371988112;14.0933371988112;14.0933371988112;14.0933371988112;0.014674;7;3.85499999999962 * no_deblock;1;0.157090836179373;
6;346.864814814815 * no_asm + 249.12962962963 * ref_9 + 97.7351851851854 * ref_5 + 126.123650793651 * no_mbtree + -35.1542857142853 * no_mbtree * no_8x8dct + 3.75285714285712 * no_deblock + 0.13619047619018 * no_deblock * no_weightb;14.0916855563163;14.0916855563163;14.0916855563163;14.0916855563163;0.021639;9;0.13619047619018 * no_deblock * no_weightb;2;0.000825821247424585;
Elapsed=00:00:00.0217492
Learning progress:
1;500.648 * no_asm + 202.609333333333 * no_mbtree;2.43899135012653;2.43899135012653;2.43899135012653;2.43899135012653;0.000734;2;202.609333333333 * no_mbtree;1;18.2237250339345;
2;492.565333333333 * no_asm + 186.444 * no_mbtree + 40.4133333333334 * no_weightb;0.80570063220807;0.80570063220807;0.80570063220807;0.80570063220807;0.00274;3;40.4133333333334 * no_weightb;1;1.63329071791846;
Elapsed=00:00:00.0028233
Learning progress:
1;478.866666666667 * no_asm + 216.676666666667 * no_mbtree;8.80489917886147;8.80489917886147;8.80489917886147;8.80489917886147;0.00079;2;216.676666666667 * no_mbtree;1;15.2532018061563;
2;357.628333333334 * no_asm + 95.4383333333338 * no_mbtree + 242.476666666666 * ref_9;3.32801466555706;3.32801466555706;3.32801466555706;3.32801466555706;0.002749;3;242.476666666666 * ref_9;1;5.47688451330441;
3;357.628333333333 * no_asm + 104.521025641026 * no_mbtree + 257.614487179487 * ref_9 + -30.2756410256411 * no_8x8dct;0.557852396392085;0.557852396392085;0.557852396392085;0.557852396392085;0.006474;4;-30.2756410256411 * no_8x8dct;1;2.77016226916497;
Elapsed=00:00:00.0065762
Learning progress:
1;591.793333333334 * no_asm + 134.85 * no_deblock;3.75143645260921;3.75143645260921;3.75143645260921;3.75143645260921;0.000814;2;134.85 * no_deblock;1;10.9646739911596;
2;591.793333333333 * no_asm + 67.425 * no_deblock + 67.425 * no_deblock * no_weightb;3.53772927246623;3.53772927246623;3.53772927246623;3.53772927246623;0.002957;4;67.425 * no_deblock * no_weightb;2;0.106853590071489;
Elapsed=00:00:00.0030482
Learning progress:
1;481.89 * no_asm + 221.813333333333 * no_mbtree;14.885860753588;14.885860753588;14.885860753588;14.885860753588;0.000758;2;221.813333333333 * no_mbtree;1;16.6440290049637;
2;465.5688 * no_asm + 210.155333333333 * no_mbtree + 48.9635999999999 * no_weightb;14.3816894478306;14.3816894478306;14.3816894478306;14.3816894478306;0.002538;3;48.9635999999999 * no_weightb;1;0.50417130575746;
3;462.085 * no_asm + 215.961666666667 * no_mbtree + 59.4150000000006 * no_weightb + -29.0316666666669 * no_weightb * no_deblock;14.2740728513182;14.2740728513182;14.2740728513182;14.2740728513182;0.005903;5;-29.0316666666669 * no_weightb * no_deblock;2;0.0538082982561896;
Elapsed=00:00:00.0060074
Learning progress:
1;444.6 * no_asm + 225.04 * ref_9;33.4074431752079;33.4074431752079;33.4074431752079;33.4074431752079;0.000616;2;225.04 * ref_9;1;41.5729645183935;
2;371.413333333333 * no_asm + 298.226666666667 * ref_9 + 73.1866666666667 * ref_5;19.8872392267861;19.8872392267861;19.8872392267861;19.8872392267861;0.002238;3;73.1866666666667 * ref_5;1;13.5202039484217;
3;346.864814814815 * no_asm + 249.12962962963 * ref_9 + 97.7351851851854 * ref_5 + 110.468333333334 * no_mbtree;15.4839104550464;15.4839104550464;15.4839104550464;15.4839104550464;0.004899;4;110.468333333334 * no_mbtree;1;4.40332877173976;
4;346.864814814815 * no_asm + 249.12962962963 * ref_9 + 97.735185185185 * ref_5 + 127.42 * no_mbtree + -33.9033333333326 * no_mbtree * no_8x8dct;14.2504280349905;14.2504280349905;14.2504280349905;14.2504280349905;0.008525;6;-33.9033333333326 * no_mbtree * no_8x8dct;2;0.61674121002792;
5;346.864814814814 * no_asm + 249.12962962963 * ref_9 + 97.735185185185 * ref_5 + 126.135 * no_mbtree + -35.1883333333328 * no_mbtree * no_8x8dct + 3.85499999999962 * no_deblock;14.0933371988112;14.0933371988112;14.0933371988112;14.0933371988112;0.014527;7;3.85499999999962 * no_deblock;1;0.157090836179373;
Elapsed=00:00:00.0146299
Learning progress:
1;500.648 * no_asm + 202.609333333333 * no_mbtree;2.43899135012653;2.43899135012653;2.43899135012653;2.43899135012653;0.000697;2;202.609333333333 * no_mbtree;1;18.2237250339345;
2;492.565333333333 * no_asm + 186.444 * no_mbtree + 40.4133333333334 * no_weightb;0.80570063220807;0.80570063220807;0.80570063220807;0.80570063220807;0.002717;3;40.4133333333334 * no_weightb;1;1.63329071791846;
Elapsed=00:00:00.0028000
Learning progress:
1;478.866666666667 * no_asm + 216.676666666667 * no_mbtree;8.80489917886147;8.80489917886147;8.80489917886147;8.80489917886147;0.000802;2;216.676666666667 * no_mbtree;1;15.2532018061563;
2;357.628333333334 * no_asm + 95.4383333333338 * no_mbtree + 242.476666666666 * ref_9;3.32801466555706;3.32801466555706;3.32801466555706;3.32801466555706;0.002742;3;242.476666666666 * ref_9;1;5.47688451330441;
3;357.628333333333 * no_asm + 104.521025641026 * no_mbtree + 257.614487179487 * ref_9 + -30.2756410256411 * no_8x8dct;0.557852396392085;0.557852396392085;0.557852396392085;0.557852396392085;0.006489;4;-30.2756410256411 * no_8x8dct;1;2.77016226916497;
Elapsed=00:00:00.0065922
Learning progress:
1;591.793333333334 * no_asm + 134.85 * no_deblock;3.75143645260921;3.75143645260921;3.75143645260921;3.75143645260921;0.000869;2;134.85 * no_deblock;1;10.9646739911596;
2;591.793333333333 * no_asm + 67.425 * no_deblock + 67.425 * no_deblock * no_weightb;3.53772927246623;3.53772927246623;3.53772927246623;3.53772927246623;0.002746;4;67.425 * no_deblock * no_weightb;2;0.106853590071489;
Elapsed=00:00:00.0028378
Learning progress:
1;481.89 * no_asm + 221.813333333333 * no_mbtree;14.885860753588;14.885860753588;14.885860753588;14.885860753588;0.000658;2;221.813333333333 * no_mbtree;1;16.6440290049637;
2;465.5688 * no_asm + 210.155333333333 * no_mbtree + 48.9635999999999 * no_weightb;14.3816894478306;14.3816894478306;14.3816894478306;14.3816894478306;0.002315;3;48.9635999999999 * no_weightb;1;0.50417130575746;
3;462.085 * no_asm + 215.961666666667 * no_mbtree + 59.4150000000006 * no_weightb + -29.0316666666669 * no_weightb * no_deblock;14.2740728513182;14.2740728513182;14.2740728513182;14.2740728513182;0.005636;5;-29.0316666666669 * no_weightb * no_deblock;2;0.0538082982561896;
Elapsed=00:00:00.0057228
Learning progress:
1;444.6 * no_asm + 225.04 * ref_9;33.4074431752079;33.4074431752079;33.4074431752079;33.4074431752079;0.00065;2;225.04 * ref_9;1;41.5729645183935;
2;371.413333333333 * no_asm + 298.226666666667 * ref_9 + 73.1866666666667 * ref_5;19.8872392267861;19.8872392267861;19.8872392267861;19.8872392267861;0.002328;3;73.1866666666667 * ref_5;1;13.5202039484217;
3;346.864814814815 * no_asm + 249.12962962963 * ref_9 + 97.7351851851854 * ref_5 + 110.468333333334 * no_mbtree;15.4839104550464;15.4839104550464;15.4839104550464;15.4839104550464;0.004935;4;110.468333333334 * no_mbtree;1;4.40332877173976;
4;346.864814814815 * no_asm + 249.12962962963 * ref_9 + 97.735185185185 * ref_5 + 127.42 * no_mbtree + -33.9033333333326 * no_mbtree * no_8x8dct;14.2504280349905;14.2504280349905;14.2504280349905;14.2504280349905;0.008589;6;-33.9033333333326 * no_mbtree * no_8x8dct;2;0.61674121002792;
5;346.864814814814 * no_asm + 249.12962962963 * ref_9 + 97.735185185185 * ref_5 + 126.135 * no_mbtree + -35.1883333333328 * no_mbtree * no_8x8dct + 3.85499999999962 * no_deblock;14.0933371988112;14.0933371988112;14.0933371988112;14.0933371988112;0.014649;7;3.85499999999962 * no_deblock;1;0.157090836179373;
Elapsed=00:00:00.0147578
Learning progress:
1;500.648 * no_asm + 202.609333333333 * no_mbtree;2.43899135012653;2.43899135012653;2.43899135012653;2.43899135012653;0.00076;2;202.609333333333 * no_mbtree;1;18.2237250339345;
2;492.565333333333 * no_asm + 186.444 * no_mbtree + 40.4133333333334 * no_weightb;0.80570063220807;0.80570063220807;0.80570063220807;0.80570063220807;0.002704;3;40.4133333333334 * no_weightb;1;1.63329071791846;
Elapsed=00:00:00.0027874
Learning progress:
1;478.866666666667 * no_asm + 216.676666666667 * no_mbtree;8.80489917886147;8.80489917886147;8.80489917886147;8.80489917886147;0.00073;2;216.676666666667 * no_mbtree;1;15.2532018061563;
2;357.628333333334 * no_asm + 95.4383333333338 * no_mbtree + 242.476666666666 * ref_9;3.32801466555706;3.32801466555706;3.32801466555706;3.32801466555706;0.002717;3;242.476666666666 * ref_9;1;5.47688451330441;
3;357.628333333333 * no_asm + 104.521025641026 * no_mbtree + 257.614487179487 * ref_9 + -30.2756410256411 * no_8x8dct;0.557852396392085;0.557852396392085;0.557852396392085;0.557852396392085;0.006467;4;-30.2756410256411 * no_8x8dct;1;2.77016226916497;
Elapsed=00:00:00.0065698
Learning progress:
1;591.793333333334 * no_asm + 134.85 * no_deblock;3.75143645260921;3.75143645260921;3.75143645260921;3.75143645260921;0.000818;2;134.85 * no_deblock;1;10.9646739911596;
2;591.793333333333 * no_asm + 67.425 * no_deblock + 67.425 * no_deblock * no_weightb;3.53772927246623;3.53772927246623;3.53772927246623;3.53772927246623;0.002691;4;67.425 * no_deblock * no_weightb;2;0.106853590071489;
3;591.793333333333 * no_asm + 44.9499999999997 * no_deblock + 44.9499999999997 * no_deblock * no_weightb + 44.9499999999997 * no_deblock * no_mbtree;2.45310702021614;2.45310702021614;2.45310702021614;2.45310702021614;0.006365;6;44.9499999999997 * no_deblock * no_mbtree;2;0.542311126125048;
4;591.793333333333 * no_asm + 33.7125 * no_deblock + 33.7125 * no_deblock * no_weightb + 33.7125 * no_deblock * no_mbtree + 33.7125 * no_deblock * ref_9;2.12450307423407;2.12450307423407;2.12450307423407;2.12450307423407;0.01254;8;33.7125 * no_deblock * ref_9;2;0.164301972991032;
Elapsed=00:00:00.0196745
Learning progress:
1;481.89 * no_asm + 221.813333333333 * no_mbtree;14.885860753588;14.885860753588;14.885860753588;14.885860753588;0.000591;2;221.813333333333 * no_mbtree;1;16.6440290049637;
2;465.5688 * no_asm + 210.155333333333 * no_mbtree + 48.9635999999999 * no_weightb;14.3816894478306;14.3816894478306;14.3816894478306;14.3816894478306;0.002882;3;48.9635999999999 * no_weightb;1;0.50417130575746;
3;462.085 * no_asm + 215.961666666667 * no_mbtree + 59.4150000000006 * no_weightb + -29.0316666666669 * no_weightb * no_deblock;14.2740728513182;14.2740728513182;14.2740728513182;14.2740728513182;0.005557;5;-29.0316666666669 * no_weightb * no_deblock;2;0.0538082982561896;
Elapsed=00:00:00.0056423
Learning progress:
1;444.6 * no_asm + 225.04 * ref_9;33.4074431752079;33.4074431752079;33.4074431752079;33.4074431752079;0.000636;2;225.04 * ref_9;1;41.5729645183935;
2;371.413333333333 * no_asm + 298.226666666667 * ref_9 + 73.1866666666667 * ref_5;19.8872392267861;19.8872392267861;19.8872392267861;19.8872392267861;0.002223;3;73.1866666666667 * ref_5;1;13.5202039484217;
3;346.864814814815 * no_asm + 249.12962962963 * ref_9 + 97.7351851851854 * ref_5 + 110.468333333334 * no_mbtree;15.4839104550464;15.4839104550464;15.4839104550464;15.4839104550464;0.004879;4;110.468333333334 * no_mbtree;1;4.40332877173976;
4;346.864814814815 * no_asm + 249.12962962963 * ref_9 + 97.735185185185 * ref_5 + 127.42 * no_mbtree + -33.9033333333326 * no_mbtree * no_8x8dct;14.2504280349905;14.2504280349905;14.2504280349905;14.2504280349905;0.009159;6;-33.9033333333326 * no_mbtree * no_8x8dct;2;0.61674121002792;
5;346.864814814814 * no_asm + 249.12962962963 * ref_9 + 97.735185185185 * ref_5 + 126.135 * no_mbtree + -35.1883333333328 * no_mbtree * no_8x8dct + 3.85499999999962 * no_deblock;14.0933371988112;14.0933371988112;14.0933371988112;14.0933371988112;0.014591;7;3.85499999999962 * no_deblock;1;0.157090836179373;
6;346.864814814815 * no_asm + 249.12962962963 * ref_9 + 97.7351851851854 * ref_5 + 126.123650793651 * no_mbtree + -35.1542857142853 * no_mbtree * no_8x8dct + 3.75285714285712 * no_deblock + 0.13619047619018 * no_deblock * no_weightb;14.0916855563163;14.0916855563163;14.0916855563163;14.0916855563163;0.021025;9;0.13619047619018 * no_deblock * no_weightb;2;0.000825821247424585;
Elapsed=00:00:00.0211343
Learning progress:
1;500.648 * no_asm + 202.609333333333 * no_mbtree;2.43899135012653;2.43899135012653;2.43899135012653;2.43899135012653;0.0007;2;202.609333333333 * no_mbtree;1;18.2237250339345;
2;492.565333333333 * no_asm + 186.444 * no_mbtree + 40.4133333333334 * no_weightb;0.80570063220807;0.80570063220807;0.80570063220807;0.80570063220807;0.002654;3;40.4133333333334 * no_weightb;1;1.63329071791846;
Elapsed=00:00:00.0027375
Learning progress:
1;478.866666666667 * no_asm + 216.676666666667 * no_mbtree;8.80489917886147;8.80489917886147;8.80489917886147;8.80489917886147;0.000719;2;216.676666666667 * no_mbtree;1;15.2532018061563;
2;357.628333333334 * no_asm + 95.4383333333338 * no_mbtree + 242.476666666666 * ref_9;3.32801466555706;3.32801466555706;3.32801466555706;3.32801466555706;0.002683;3;242.476666666666 * ref_9;1;5.47688451330441;
3;357.628333333333 * no_asm + 104.521025641026 * no_mbtree + 257.614487179487 * ref_9 + -30.2756410256411 * no_8x8dct;0.557852396392085;0.557852396392085;0.557852396392085;0.557852396392085;0.005812;4;-30.2756410256411 * no_8x8dct;1;2.77016226916497;
Elapsed=00:00:00.0059148
Learning progress:
1;591.793333333334 * no_asm + 134.85 * no_deblock;3.75143645260921;3.75143645260921;3.75143645260921;3.75143645260921;0.001382;2;134.85 * no_deblock;1;10.9646739911596;
2;591.793333333333 * no_asm + 67.425 * no_deblock + 67.425 * no_deblock * no_weightb;3.53772927246623;3.53772927246623;3.53772927246623;3.53772927246623;0.003303;4;67.425 * no_deblock * no_weightb;2;0.106853590071489;
Elapsed=00:00:00.0034009
Learning progress:
1;481.89 * no_asm + 221.813333333333 * no_mbtree;14.885860753588;14.885860753588;14.885860753588;14.885860753588;0.000734;2;221.813333333333 * no_mbtree;1;16.6440290049637;
2;465.5688 * no_asm + 210.155333333333 * no_mbtree + 48.9635999999999 * no_weightb;14.3816894478306;14.3816894478306;14.3816894478306;14.3816894478306;0.002404;3;48.9635999999999 * no_weightb;1;0.50417130575746;
3;462.085 * no_asm + 215.961666666667 * no_mbtree + 59.4150000000006 * no_weightb + -29.0316666666669 * no_weightb * no_deblock;14.2740728513182;14.2740728513182;14.2740728513182;14.2740728513182;0.005111;5;-29.0316666666669 * no_weightb * no_deblock;2;0.0538082982561896;
Elapsed=00:00:00.0051966
Learning progress:
1;444.6 * no_asm + 225.04 * ref_9;33.4074431752079;33.4074431752079;33.4074431752079;33.4074431752079;0.000746;2;225.04 * ref_9;1;41.5729645183935;
2;371.413333333333 * no_asm + 298.226666666667 * ref_9 + 73.1866666666667 * ref_5;19.8872392267861;19.8872392267861;19.8872392267861;19.8872392267861;0.003115;3;73.1866666666667 * ref_5;1;13.5202039484217;
3;346.864814814815 * no_asm + 249.12962962963 * ref_9 + 97.7351851851854 * ref_5 + 110.468333333334 * no_mbtree;15.4839104550464;15.4839104550464;15.4839104550464;15.4839104550464;0.005793;4;110.468333333334 * no_mbtree;1;4.40332877173976;
4;346.864814814815 * no_asm + 249.12962962963 * ref_9 + 97.735185185185 * ref_5 + 127.42 * no_mbtree + -33.9033333333326 * no_mbtree * no_8x8dct;14.2504280349905;14.2504280349905;14.2504280349905;14.2504280349905;0.00947;6;-33.9033333333326 * no_mbtree * no_8x8dct;2;0.61674121002792;
5;346.864814814814 * no_asm + 249.12962962963 * ref_9 + 97.735185185185 * ref_5 + 126.135 * no_mbtree + -35.1883333333328 * no_mbtree * no_8x8dct + 3.85499999999962 * no_deblock;14.0933371988112;14.0933371988112;14.0933371988112;14.0933371988112;0.014896;7;3.85499999999962 * no_deblock;1;0.157090836179373;
Elapsed=00:00:00.0150006
Learning progress:
1;500.648 * no_asm + 202.609333333333 * no_mbtree;2.43899135012653;2.43899135012653;2.43899135012653;2.43899135012653;0.000712;2;202.609333333333 * no_mbtree;1;18.2237250339345;
2;492.565333333333 * no_asm + 186.444 * no_mbtree + 40.4133333333334 * no_weightb;0.80570063220807;0.80570063220807;0.80570063220807;0.80570063220807;0.002608;3;40.4133333333334 * no_weightb;1;1.63329071791846;
Elapsed=00:00:00.0026909
Learning progress:
1;478.866666666667 * no_asm + 216.676666666667 * no_mbtree;8.80489917886147;8.80489917886147;8.80489917886147;8.80489917886147;0.00072;2;216.676666666667 * no_mbtree;1;15.2532018061563;
2;357.628333333334 * no_asm + 95.4383333333338 * no_mbtree + 242.476666666666 * ref_9;3.32801466555706;3.32801466555706;3.32801466555706;3.32801466555706;0.002668;3;242.476666666666 * ref_9;1;5.47688451330441;
3;357.628333333333 * no_asm + 104.521025641026 * no_mbtree + 257.614487179487 * ref_9 + -30.2756410256411 * no_8x8dct;0.557852396392085;0.557852396392085;0.557852396392085;0.557852396392085;0.005853;4;-30.2756410256411 * no_8x8dct;1;2.77016226916497;
Elapsed=00:00:00.0059546
Learning progress:
1;591.793333333334 * no_asm + 134.85 * no_deblock;3.75143645260921;3.75143645260921;3.75143645260921;3.75143645260921;0.001393;2;134.85 * no_deblock;1;10.9646739911596;
2;591.793333333333 * no_asm + 67.425 * no_deblock + 67.425 * no_deblock * no_weightb;3.53772927246623;3.53772927246623;3.53772927246623;3.53772927246623;0.00333;4;67.425 * no_deblock * no_weightb;2;0.106853590071489;
Elapsed=00:00:00.0034207
Learning progress:
1;481.89 * no_asm + 221.813333333333 * no_mbtree;14.885860753588;14.885860753588;14.885860753588;14.885860753588;0.000597;2;221.813333333333 * no_mbtree;1;16.6440290049637;
2;465.5688 * no_asm + 210.155333333333 * no_mbtree + 48.9635999999999 * no_weightb;14.3816894478306;14.3816894478306;14.3816894478306;14.3816894478306;0.002321;3;48.9635999999999 * no_weightb;1;0.50417130575746;
3;462.085 * no_asm + 215.961666666667 * no_mbtree + 59.4150000000006 * no_weightb + -29.0316666666669 * no_weightb * no_deblock;14.2740728513182;14.2740728513182;14.2740728513182;14.2740728513182;0.005011;5;-29.0316666666669 * no_weightb * no_deblock;2;0.0538082982561896;
Elapsed=00:00:00.0050959
Learning progress:
1;444.6 * no_asm + 225.04 * ref_9;33.4074431752079;33.4074431752079;33.4074431752079;33.4074431752079;0.000682;2;225.04 * ref_9;1;41.5729645183935;
2;371.413333333333 * no_asm + 298.226666666667 * ref_9 + 73.1866666666667 * ref_5;19.8872392267861;19.8872392267861;19.8872392267861;19.8872392267861;0.003194;3;73.1866666666667 * ref_5;1;13.5202039484217;
3;346.864814814815 * no_asm + 249.12962962963 * ref_9 + 97.7351851851854 * ref_5 + 110.468333333334 * no_mbtree;15.4839104550464;15.4839104550464;15.4839104550464;15.4839104550464;0.005858;4;110.468333333334 * no_mbtree;1;4.40332877173976;
4;346.864814814815 * no_asm + 249.12962962963 * ref_9 + 97.735185185185 * ref_5 + 127.42 * no_mbtree + -33.9033333333326 * no_mbtree * no_8x8dct;14.2504280349905;14.2504280349905;14.2504280349905;14.2504280349905;0.009522;6;-33.9033333333326 * no_mbtree * no_8x8dct;2;0.61674121002792;
5;346.864814814814 * no_asm + 249.12962962963 * ref_9 + 97.735185185185 * ref_5 + 126.135 * no_mbtree + -35.1883333333328 * no_mbtree * no_8x8dct + 3.85499999999962 * no_deblock;14.0933371988112;14.0933371988112;14.0933371988112;14.0933371988112;0.014948;7;3.85499999999962 * no_deblock;1;0.157090836179373;
Elapsed=00:00:00.0150517
Learning progress:
1;500.648 * no_asm + 202.609333333333 * no_mbtree;2.43899135012653;2.43899135012653;2.43899135012653;2.43899135012653;0.000666;2;202.609333333333 * no_mbtree;1;18.2237250339345;
2;492.565333333333 * no_asm + 186.444 * no_mbtree + 40.4133333333334 * no_weightb;0.80570063220807;0.80570063220807;0.80570063220807;0.80570063220807;0.002555;3;40.4133333333334 * no_weightb;1;1.63329071791846;
Elapsed=00:00:00.0026372
Learning progress:
1;478.866666666667 * no_asm + 216.676666666667 * no_mbtree;8.80489917886147;8.80489917886147;8.80489917886147;8.80489917886147;0.000851;2;216.676666666667 * no_mbtree;1;15.2532018061563;
2;357.628333333334 * no_asm + 95.4383333333338 * no_mbtree + 242.476666666666 * ref_9;3.32801466555706;3.32801466555706;3.32801466555706;3.32801466555706;0.002783;3;242.476666666666 * ref_9;1;5.47688451330441;
3;357.628333333333 * no_asm + 104.521025641026 * no_mbtree + 257.614487179487 * ref_9 + -30.2756410256411 * no_8x8dct;0.557852396392085;0.557852396392085;0.557852396392085;0.557852396392085;0.006;4;-30.2756410256411 * no_8x8dct;1;2.77016226916497;
Elapsed=00:00:00.0061032
Learning progress:
1;591.793333333334 * no_asm + 134.85 * no_deblock;3.75143645260921;3.75143645260921;3.75143645260921;3.75143645260921;0.001292;2;134.85 * no_deblock;1;10.9646739911596;
2;591.793333333333 * no_asm + 67.425 * no_deblock + 67.425 * no_deblock * no_weightb;3.53772927246623;3.53772927246623;3.53772927246623;3.53772927246623;0.003172;4;67.425 * no_deblock * no_weightb;2;0.106853590071489;
3;591.793333333333 * no_asm + 44.9499999999997 * no_deblock + 44.9499999999997 * no_deblock * no_weightb + 44.9499999999997 * no_deblock * no_mbtree;2.45310702021614;2.45310702021614;2.45310702021614;2.45310702021614;0.006889;6;44.9499999999997 * no_deblock * no_mbtree;2;0.542311126125048;
4;591.793333333333 * no_asm + 33.7125 * no_deblock + 33.7125 * no_deblock * no_weightb + 33.7125 * no_deblock * no_mbtree + 33.7125 * no_deblock * ref_9;2.12450307423407;2.12450307423407;2.12450307423407;2.12450307423407;0.012369;8;33.7125 * no_deblock * ref_9;2;0.164301972991032;
Elapsed=00:00:00.0199507
Learning progress:
1;481.89 * no_asm + 221.813333333333 * no_mbtree;14.885860753588;14.885860753588;14.885860753588;14.885860753588;0.000657;2;221.813333333333 * no_mbtree;1;16.6440290049637;
2;465.5688 * no_asm + 210.155333333333 * no_mbtree + 48.9635999999999 * no_weightb;14.3816894478306;14.3816894478306;14.3816894478306;14.3816894478306;0.002335;3;48.9635999999999 * no_weightb;1;0.50417130575746;
3;462.085 * no_asm + 215.961666666667 * no_mbtree + 59.4150000000006 * no_weightb + -29.0316666666669 * no_weightb * no_deblock;14.2740728513182;14.2740728513182;14.2740728513182;14.2740728513182;0.005028;5;-29.0316666666669 * no_weightb * no_deblock;2;0.0538082982561896;
Elapsed=00:00:00.0051121
Learning progress:
1;444.6 * no_asm + 225.04 * ref_9;33.4074431752079;33.4074431752079;33.4074431752079;33.4074431752079;0.001247;2;225.04 * ref_9;1;41.5729645183935;
2;371.413333333333 * no_asm + 298.226666666667 * ref_9 + 73.1866666666667 * ref_5;19.8872392267861;19.8872392267861;19.8872392267861;19.8872392267861;0.0029;3;73.1866666666667 * ref_5;1;13.5202039484217;
3;346.864814814815 * no_asm + 249.12962962963 * ref_9 + 97.7351851851854 * ref_5 + 110.468333333334 * no_mbtree;15.4839104550464;15.4839104550464;15.4839104550464;15.4839104550464;0.005521;4;110.468333333334 * no_mbtree;1;4.40332877173976;
4;346.864814814815 * no_asm + 249.12962962963 * ref_9 + 97.735185185185 * ref_5 + 127.42 * no_mbtree + -33.9033333333326 * no_mbtree * no_8x8dct;14.2504280349905;14.2504280349905;14.2504280349905;14.2504280349905;0.009219;6;-33.9033333333326 * no_mbtree * no_8x8dct;2;0.61674121002792;
5;346.864814814814 * no_asm + 249.12962962963 * ref_9 + 97.735185185185 * ref_5 + 126.135 * no_mbtree + -35.1883333333328 * no_mbtree * no_8x8dct + 3.85499999999962 * no_deblock;14.0933371988112;14.0933371988112;14.0933371988112;14.0933371988112;0.015418;7;3.85499999999962 * no_deblock;1;0.157090836179373;
6;346.864814814815 * no_asm + 249.12962962963 * ref_9 + 97.7351851851854 * ref_5 + 126.123650793651 * no_mbtree + -35.1542857142853 * no_mbtree * no_8x8dct + 3.75285714285712 * no_deblock + 0.13619047619018 * no_deblock * no_weightb;14.0916855563163;14.0916855563163;14.0916855563163;14.0916855563163;0.021794;9;0.13619047619018 * no_deblock * no_weightb;2;0.000825821247424585;
Elapsed=00:00:00.0219032
Learning progress:
1;500.648 * no_asm + 202.609333333333 * no_mbtree;2.43899135012653;2.43899135012653;2.43899135012653;2.43899135012653;0.000797;2;202.609333333333 * no_mbtree;1;18.2237250339345;
2;492.565333333333 * no_asm + 186.444 * no_mbtree + 40.4133333333334 * no_weightb;0.80570063220807;0.80570063220807;0.80570063220807;0.80570063220807;0.002694;3;40.4133333333334 * no_weightb;1;1.63329071791846;
Elapsed=00:00:00.0027774
Learning progress:
1;478.866666666667 * no_asm + 216.676666666667 * no_mbtree;8.80489917886147;8.80489917886147;8.80489917886147;8.80489917886147;0.000814;2;216.676666666667 * no_mbtree;1;15.2532018061563;
2;357.628333333334 * no_asm + 95.4383333333338 * no_mbtree + 242.476666666666 * ref_9;3.32801466555706;3.32801466555706;3.32801466555706;3.32801466555706;0.002863;3;242.476666666666 * ref_9;1;5.47688451330441;
3;357.628333333333 * no_asm + 104.521025641026 * no_mbtree + 257.614487179487 * ref_9 + -30.2756410256411 * no_8x8dct;0.557852396392085;0.557852396392085;0.557852396392085;0.557852396392085;0.006044;4;-30.2756410256411 * no_8x8dct;1;2.77016226916497;
Elapsed=00:00:00.0061458
Learning progress:
1;591.793333333334 * no_asm + 134.85 * no_deblock;3.75143645260921;3.75143645260921;3.75143645260921;3.75143645260921;0.000787;2;134.85 * no_deblock;1;10.9646739911596;
2;591.793333333333 * no_asm + 67.425 * no_deblock + 67.425 * no_deblock * no_weightb;3.53772927246623;3.53772927246623;3.53772927246623;3.53772927246623;0.002662;4;67.425 * no_deblock * no_weightb;2;0.106853590071489;
Elapsed=00:00:00.0027531
Learning progress:
1;481.89 * no_asm + 221.813333333333 * no_mbtree;14.885860753588;14.885860753588;14.885860753588;14.885860753588;0.001398;2;221.813333333333 * no_mbtree;1;16.6440290049637;
2;465.5688 * no_asm + 210.155333333333 * no_mbtree + 48.9635999999999 * no_weightb;14.3816894478306;14.3816894478306;14.3816894478306;14.3816894478306;0.003077;3;48.9635999999999 * no_weightb;1;0.50417130575746;
3;462.085 * no_asm + 215.961666666667 * no_mbtree + 59.4150000000006 * no_weightb + -29.0316666666669 * no_weightb * no_deblock;14.2740728513182;14.2740728513182;14.2740728513182;14.2740728513182;0.005777;5;-29.0316666666669 * no_weightb * no_deblock;2;0.0538082982561896;
Elapsed=00:00:00.0058611
Learning progress:
1;444.6 * no_asm + 225.04 * ref_9;33.4074431752079;33.4074431752079;33.4074431752079;33.4074431752079;0.000616;2;225.04 * ref_9;1;41.5729645183935;
2;371.413333333333 * no_asm + 298.226666666667 * ref_9 + 73.1866666666667 * ref_5;19.8872392267861;19.8872392267861;19.8872392267861;19.8872392267861;0.002381;3;73.1866666666667 * ref_5;1;13.5202039484217;
3;346.864814814815 * no_asm + 249.12962962963 * ref_9 + 97.7351851851854 * ref_5 + 110.468333333334 * no_mbtree;15.4839104550464;15.4839104550464;15.4839104550464;15.4839104550464;0.004987;4;110.468333333334 * no_mbtree;1;4.40332877173976;
4;346.864814814815 * no_asm + 249.12962962963 * ref_9 + 97.735185185185 * ref_5 + 127.42 * no_mbtree + -33.9033333333326 * no_mbtree * no_8x8dct;14.2504280349905;14.2504280349905;14.2504280349905;14.2504280349905;0.00937;6;-33.9033333333326 * no_mbtree * no_8x8dct;2;0.61674121002792;
5;346.864814814814 * no_asm + 249.12962962963 * ref_9 + 97.735185185185 * ref_5 + 126.135 * no_mbtree + -35.1883333333328 * no_mbtree * no_8x8dct + 3.85499999999962 * no_deblock;14.0933371988112;14.0933371988112;14.0933371988112;14.0933371988112;0.014873;7;3.85499999999962 * no_deblock;1;0.157090836179373;
Elapsed=00:00:00.0149759
Learning progress:
1;500.648 * no_asm + 202.609333333333 * no_mbtree;2.43899135012653;2.43899135012653;2.43899135012653;2.43899135012653;0.000685;2;202.609333333333 * no_mbtree;1;18.2237250339345;
2;492.565333333333 * no_asm + 186.444 * no_mbtree + 40.4133333333334 * no_weightb;0.80570063220807;0.80570063220807;0.80570063220807;0.80570063220807;0.002635;3;40.4133333333334 * no_weightb;1;1.63329071791846;
Elapsed=00:00:00.0027179
Learning progress:
1;478.866666666667 * no_asm + 216.676666666667 * no_mbtree;8.80489917886147;8.80489917886147;8.80489917886147;8.80489917886147;0.00073;2;216.676666666667 * no_mbtree;1;15.2532018061563;
2;357.628333333334 * no_asm + 95.4383333333338 * no_mbtree + 242.476666666666 * ref_9;3.32801466555706;3.32801466555706;3.32801466555706;3.32801466555706;0.002687;3;242.476666666666 * ref_9;1;5.47688451330441;
3;357.628333333333 * no_asm + 104.521025641026 * no_mbtree + 257.614487179487 * ref_9 + -30.2756410256411 * no_8x8dct;0.557852396392085;0.557852396392085;0.557852396392085;0.557852396392085;0.00593;4;-30.2756410256411 * no_8x8dct;1;2.77016226916497;
Elapsed=00:00:00.0060454
Learning progress:
1;591.793333333334 * no_asm + 134.85 * no_deblock;3.75143645260921;3.75143645260921;3.75143645260921;3.75143645260921;0.000835;2;134.85 * no_deblock;1;10.9646739911596;
2;591.793333333333 * no_asm + 67.425 * no_deblock + 67.425 * no_deblock * no_weightb;3.53772927246623;3.53772927246623;3.53772927246623;3.53772927246623;0.002709;4;67.425 * no_deblock * no_weightb;2;0.106853590071489;
Elapsed=00:00:00.0027985
Learning progress:
1;481.89 * no_asm + 221.813333333333 * no_mbtree;14.885860753588;14.885860753588;14.885860753588;14.885860753588;0.001263;2;221.813333333333 * no_mbtree;1;16.6440290049637;
2;465.5688 * no_asm + 210.155333333333 * no_mbtree + 48.9635999999999 * no_weightb;14.3816894478306;14.3816894478306;14.3816894478306;14.3816894478306;0.003041;3;48.9635999999999 * no_weightb;1;0.50417130575746;
3;462.085 * no_asm + 215.961666666667 * no_mbtree + 59.4150000000006 * no_weightb + -29.0316666666669 * no_weightb * no_deblock;14.2740728513182;14.2740728513182;14.2740728513182;14.2740728513182;0.005746;5;-29.0316666666669 * no_weightb * no_deblock;2;0.0538082982561896;
Elapsed=00:00:00.0058299
Learning progress:
1;444.6 * no_asm + 225.04 * ref_9;33.4074431752079;33.4074431752079;33.4074431752079;33.4074431752079;0.000642;2;225.04 * ref_9;1;41.5729645183935;
2;371.413333333333 * no_asm + 298.226666666667 * ref_9 + 73.1866666666667 * ref_5;19.8872392267861;19.8872392267861;19.8872392267861;19.8872392267861;0.002279;3;73.1866666666667 * ref_5;1;13.5202039484217;
3;346.864814814815 * no_asm + 249.12962962963 * ref_9 + 97.7351851851854 * ref_5 + 110.468333333334 * no_mbtree;15.4839104550464;15.4839104550464;15.4839104550464;15.4839104550464;0.004972;4;110.468333333334 * no_mbtree;1;4.40332877173976;
4;346.864814814815 * no_asm + 249.12962962963 * ref_9 + 97.735185185185 * ref_5 + 127.42 * no_mbtree + -33.9033333333326 * no_mbtree * no_8x8dct;14.2504280349905;14.2504280349905;14.2504280349905;14.2504280349905;0.009194;6;-33.9033333333326 * no_mbtree * no_8x8dct;2;0.61674121002792;
5;346.864814814814 * no_asm + 249.12962962963 * ref_9 + 97.735185185185 * ref_5 + 126.135 * no_mbtree + -35.1883333333328 * no_mbtree * no_8x8dct + 3.85499999999962 * no_deblock;14.0933371988112;14.0933371988112;14.0933371988112;14.0933371988112;0.014625;7;3.85499999999962 * no_deblock;1;0.157090836179373;
Elapsed=00:00:00.0147279
Learning progress:
1;500.648 * no_asm + 202.609333333333 * no_mbtree;2.43899135012653;2.43899135012653;2.43899135012653;2.43899135012653;0.000718;2;202.609333333333 * no_mbtree;1;18.2237250339345;
2;492.565333333333 * no_asm + 186.444 * no_mbtree + 40.4133333333334 * no_weightb;0.80570063220807;0.80570063220807;0.80570063220807;0.80570063220807;0.00268;3;40.4133333333334 * no_weightb;1;1.63329071791846;
Elapsed=00:00:00.0027631
Learning progress:
1;478.866666666667 * no_asm + 216.676666666667 * no_mbtree;8.80489917886147;8.80489917886147;8.80489917886147;8.80489917886147;0.000736;2;216.676666666667 * no_mbtree;1;15.2532018061563;
2;357.628333333334 * no_asm + 95.4383333333338 * no_mbtree + 242.476666666666 * ref_9;3.32801466555706;3.32801466555706;3.32801466555706;3.32801466555706;0.002663;3;242.476666666666 * ref_9;1;5.47688451330441;
3;357.628333333333 * no_asm + 104.521025641026 * no_mbtree + 257.614487179487 * ref_9 + -30.2756410256411 * no_8x8dct;0.557852396392085;0.557852396392085;0.557852396392085;0.557852396392085;0.005818;4;-30.2756410256411 * no_8x8dct;1;2.77016226916497;
Elapsed=00:00:00.0059208
Learning progress:
1;591.793333333334 * no_asm + 134.85 * no_deblock;3.75143645260921;3.75143645260921;3.75143645260921;3.75143645260921;0.000814;2;134.85 * no_deblock;1;10.9646739911596;
2;591.793333333333 * no_asm + 67.425 * no_deblock + 67.425 * no_deblock * no_weightb;3.53772927246623;3.53772927246623;3.53772927246623;3.53772927246623;0.002766;4;67.425 * no_deblock * no_weightb;2;0.106853590071489;
3;591.793333333333 * no_asm + 44.9499999999997 * no_deblock + 44.9499999999997 * no_deblock * no_weightb + 44.9499999999997 * no_deblock * no_mbtree;2.45310702021614;2.45310702021614;2.45310702021614;2.45310702021614;0.007061;6;44.9499999999997 * no_deblock * no_mbtree;2;0.542311126125048;
4;591.793333333333 * no_asm + 33.7125 * no_deblock + 33.7125 * no_deblock * no_weightb + 33.7125 * no_deblock * no_mbtree + 33.7125 * no_deblock * ref_9;2.12450307423407;2.12450307423407;2.12450307423407;2.12450307423407;0.012566;8;33.7125 * no_deblock * ref_9;2;0.164301972991032;
Elapsed=00:00:00.0196353
Learning progress:
1;481.89 * no_asm + 221.813333333333 * no_mbtree;14.885860753588;14.885860753588;14.885860753588;14.885860753588;0.000612;2;221.813333333333 * no_mbtree;1;16.6440290049637;
2;465.5688 * no_asm + 210.155333333333 * no_mbtree + 48.9635999999999 * no_weightb;14.3816894478306;14.3816894478306;14.3816894478306;14.3816894478306;0.002324;3;48.9635999999999 * no_weightb;1;0.50417130575746;
3;462.085 * no_asm + 215.961666666667 * no_mbtree + 59.4150000000006 * no_weightb + -29.0316666666669 * no_weightb * no_deblock;14.2740728513182;14.2740728513182;14.2740728513182;14.2740728513182;0.004997;5;-29.0316666666669 * no_weightb * no_deblock;2;0.0538082982561896;
Elapsed=00:00:00.0050865
Learning progress:
1;444.6 * no_asm + 225.04 * ref_9;33.4074431752079;33.4074431752079;33.4074431752079;33.4074431752079;0.000615;2;225.04 * ref_9;1;41.5729645183935;
2;371.413333333333 * no_asm + 298.226666666667 * ref_9 + 73.1866666666667 * ref_5;19.8872392267861;19.8872392267861;19.8872392267861;19.8872392267861;0.002338;3;73.1866666666667 * ref_5;1;13.5202039484217;
3;346.864814814815 * no_asm + 249.12962962963 * ref_9 + 97.7351851851854 * ref_5 + 110.468333333334 * no_mbtree;15.4839104550464;15.4839104550464;15.4839104550464;15.4839104550464;0.005008;4;110.468333333334 * no_mbtree;1;4.40332877173976;
4;346.864814814815 * no_asm + 249.12962962963 * ref_9 + 97.735185185185 * ref_5 + 127.42 * no_mbtree + -33.9033333333326 * no_mbtree * no_8x8dct;14.2504280349905;14.2504280349905;14.2504280349905;14.2504280349905;0.01133;6;-33.9033333333326 * no_mbtree * no_8x8dct;2;0.61674121002792;
5;346.864814814814 * no_asm + 249.12962962963 * ref_9 + 97.735185185185 * ref_5 + 126.135 * no_mbtree + -35.1883333333328 * no_mbtree * no_8x8dct + 3.85499999999962 * no_deblock;14.0933371988112;14.0933371988112;14.0933371988112;14.0933371988112;0.016764;7;3.85499999999962 * no_deblock;1;0.157090836179373;
6;346.864814814815 * no_asm + 249.12962962963 * ref_9 + 97.7351851851854 * ref_5 + 126.123650793651 * no_mbtree + -35.1542857142853 * no_mbtree * no_8x8dct + 3.75285714285712 * no_deblock + 0.13619047619018 * no_deblock * no_weightb;14.0916855563163;14.0916855563163;14.0916855563163;14.0916855563163;0.026885;9;0.13619047619018 * no_deblock * no_weightb;2;0.000825821247424585;
Elapsed=00:00:00.0270155
Learning progress:
1;500.648 * no_asm + 202.609333333333 * no_mbtree;2.43899135012653;2.43899135012653;2.43899135012653;2.43899135012653;0.000699;2;202.609333333333 * no_mbtree;1;18.2237250339345;
2;492.565333333333 * no_asm + 186.444 * no_mbtree + 40.4133333333334 * no_weightb;0.80570063220807;0.80570063220807;0.80570063220807;0.80570063220807;0.002732;3;40.4133333333334 * no_weightb;1;1.63329071791846;
Elapsed=00:00:00.0028144
Learning progress:
1;478.866666666667 * no_asm + 216.676666666667 * no_mbtree;8.80489917886147;8.80489917886147;8.80489917886147;8.80489917886147;0.000838;2;216.676666666667 * no_mbtree;1;15.2532018061563;
2;357.628333333334 * no_asm + 95.4383333333338 * no_mbtree + 242.476666666666 * ref_9;3.32801466555706;3.32801466555706;3.32801466555706;3.32801466555706;0.002803;3;242.476666666666 * ref_9;1;5.47688451330441;
3;357.628333333333 * no_asm + 104.521025641026 * no_mbtree + 257.614487179487 * ref_9 + -30.2756410256411 * no_8x8dct;0.557852396392085;0.557852396392085;0.557852396392085;0.557852396392085;0.007763;4;-30.2756410256411 * no_8x8dct;1;2.77016226916497;
Elapsed=00:00:00.0078666
Learning progress:
1;591.793333333334 * no_asm + 134.85 * no_deblock;3.75143645260921;3.75143645260921;3.75143645260921;3.75143645260921;0.000831;2;134.85 * no_deblock;1;10.9646739911596;
2;591.793333333333 * no_asm + 67.425 * no_deblock + 67.425 * no_deblock * no_weightb;3.53772927246623;3.53772927246623;3.53772927246623;3.53772927246623;0.003038;4;67.425 * no_deblock * no_weightb;2;0.106853590071489;
Elapsed=00:00:00.0031297
Learning progress:
1;481.89 * no_asm + 221.813333333333 * no_mbtree;14.885860753588;14.885860753588;14.885860753588;14.885860753588;0.000674;2;221.813333333333 * no_mbtree;1;16.6440290049637;
2;465.5688 * no_asm + 210.155333333333 * no_mbtree + 48.9635999999999 * no_weightb;14.3816894478306;14.3816894478306;14.3816894478306;14.3816894478306;0.002431;3;48.9635999999999 * no_weightb;1;0.50417130575746;
3;462.085 * no_asm + 215.961666666667 * no_mbtree + 59.4150000000006 * no_weightb + -29.0316666666669 * no_weightb * no_deblock;14.2740728513182;14.2740728513182;14.2740728513182;14.2740728513182;0.005155;5;-29.0316666666669 * no_weightb * no_deblock;2;0.0538082982561896;
Elapsed=00:00:00.0052402
Learning progress:
1;444.6 * no_asm + 225.04 * ref_9;33.4074431752079;33.4074431752079;33.4074431752079;33.4074431752079;0.000681;2;225.04 * ref_9;1;41.5729645183935;
2;371.413333333333 * no_asm + 298.226666666667 * ref_9 + 73.1866666666667 * ref_5;19.8872392267861;19.8872392267861;19.8872392267861;19.8872392267861;0.002294;3;73.1866666666667 * ref_5;1;13.5202039484217;
3;346.864814814815 * no_asm + 249.12962962963 * ref_9 + 97.7351851851854 * ref_5 + 110.468333333334 * no_mbtree;15.4839104550464;15.4839104550464;15.4839104550464;15.4839104550464;0.004978;4;110.468333333334 * no_mbtree;1;4.40332877173976;
4;346.864814814815 * no_asm + 249.12962962963 * ref_9 + 97.735185185185 * ref_5 + 127.42 * no_mbtree + -33.9033333333326 * no_mbtree * no_8x8dct;14.2504280349905;14.2504280349905;14.2504280349905;14.2504280349905;0.008661;6;-33.9033333333326 * no_mbtree * no_8x8dct;2;0.61674121002792;
5;346.864814814814 * no_asm + 249.12962962963 * ref_9 + 97.735185185185 * ref_5 + 126.135 * no_mbtree + -35.1883333333328 * no_mbtree * no_8x8dct + 3.85499999999962 * no_deblock;14.0933371988112;14.0933371988112;14.0933371988112;14.0933371988112;0.014676;7;3.85499999999962 * no_deblock;1;0.157090836179373;
Elapsed=00:00:00.0147816
Learning progress:
1;500.648 * no_asm + 202.609333333333 * no_mbtree;2.43899135012653;2.43899135012653;2.43899135012653;2.43899135012653;0.000813;2;202.609333333333 * no_mbtree;1;18.2237250339345;
2;492.565333333333 * no_asm + 186.444 * no_mbtree + 40.4133333333334 * no_weightb;0.80570063220807;0.80570063220807;0.80570063220807;0.80570063220807;0.002711;3;40.4133333333334 * no_weightb;1;1.63329071791846;
Elapsed=00:00:00.0027929
Learning progress:
1;478.866666666667 * no_asm + 216.676666666667 * no_mbtree;8.80489917886147;8.80489917886147;8.80489917886147;8.80489917886147;0.000848;2;216.676666666667 * no_mbtree;1;15.2532018061563;
2;357.628333333334 * no_asm + 95.4383333333338 * no_mbtree + 242.476666666666 * ref_9;3.32801466555706;3.32801466555706;3.32801466555706;3.32801466555706;0.002785;3;242.476666666666 * ref_9;1;5.47688451330441;
3;357.628333333333 * no_asm + 104.521025641026 * no_mbtree + 257.614487179487 * ref_9 + -30.2756410256411 * no_8x8dct;0.557852396392085;0.557852396392085;0.557852396392085;0.557852396392085;0.006711;4;-30.2756410256411 * no_8x8dct;1;2.77016226916497;
Elapsed=00:00:00.0068135
Learning progress:
1;591.793333333334 * no_asm + 134.85 * no_deblock;3.75143645260921;3.75143645260921;3.75143645260921;3.75143645260921;0.000832;2;134.85 * no_deblock;1;10.9646739911596;
2;591.793333333333 * no_asm + 67.425 * no_deblock + 67.425 * no_deblock * no_weightb;3.53772927246623;3.53772927246623;3.53772927246623;3.53772927246623;0.002761;4;67.425 * no_deblock * no_weightb;2;0.106853590071489;
Elapsed=00:00:00.0028525
Learning progress:
1;481.89 * no_asm + 221.813333333333 * no_mbtree;14.885860753588;14.885860753588;14.885860753588;14.885860753588;0.000728;2;221.813333333333 * no_mbtree;1;16.6440290049637;
2;465.5688 * no_asm + 210.155333333333 * no_mbtree + 48.9635999999999 * no_weightb;14.3816894478306;14.3816894478306;14.3816894478306;14.3816894478306;0.00246;3;48.9635999999999 * no_weightb;1;0.50417130575746;
3;462.085 * no_asm + 215.961666666667 * no_mbtree + 59.4150000000006 * no_weightb + -29.0316666666669 * no_weightb * no_deblock;14.2740728513182;14.2740728513182;14.2740728513182;14.2740728513182;0.005123;5;-29.0316666666669 * no_weightb * no_deblock;2;0.0538082982561896;
Elapsed=00:00:00.0052065
Learning progress:
1;444.6 * no_asm + 225.04 * ref_9;33.4074431752079;33.4074431752079;33.4074431752079;33.4074431752079;0.000619;2;225.04 * ref_9;1;41.5729645183935;
2;371.413333333333 * no_asm + 298.226666666667 * ref_9 + 73.1866666666667 * ref_5;19.8872392267861;19.8872392267861;19.8872392267861;19.8872392267861;0.002352;3;73.1866666666667 * ref_5;1;13.5202039484217;
3;346.864814814815 * no_asm + 249.12962962963 * ref_9 + 97.7351851851854 * ref_5 + 110.468333333334 * no_mbtree;15.4839104550464;15.4839104550464;15.4839104550464;15.4839104550464;0.005019;4;110.468333333334 * no_mbtree;1;4.40332877173976;
4;346.864814814815 * no_asm + 249.12962962963 * ref_9 + 97.735185185185 * ref_5 + 127.42 * no_mbtree + -33.9033333333326 * no_mbtree * no_8x8dct;14.2504280349905;14.2504280349905;14.2504280349905;14.2504280349905;0.008703;6;-33.9033333333326 * no_mbtree * no_8x8dct;2;0.61674121002792;
5;346.864814814814 * no_asm + 249.12962962963 * ref_9 + 97.735185185185 * ref_5 + 126.135 * no_mbtree + -35.1883333333328 * no_mbtree * no_8x8dct + 3.85499999999962 * no_deblock;14.0933371988112;14.0933371988112;14.0933371988112;14.0933371988112;0.014652;7;3.85499999999962 * no_deblock;1;0.157090836179373;
Elapsed=00:00:00.0147549
Learning progress:
1;500.648 * no_asm + 202.609333333333 * no_mbtree;2.43899135012653;2.43899135012653;2.43899135012653;2.43899135012653;0.000688;2;202.609333333333 * no_mbtree;1;18.2237250339345;
2;492.565333333333 * no_asm + 186.444 * no_mbtree + 40.4133333333334 * no_weightb;0.80570063220807;0.80570063220807;0.80570063220807;0.80570063220807;0.002575;3;40.4133333333334 * no_weightb;1;1.63329071791846;
Elapsed=00:00:00.0026575
Learning progress:
1;478.866666666667 * no_asm + 216.676666666667 * no_mbtree;8.80489917886147;8.80489917886147;8.80489917886147;8.80489917886147;0.000824;2;216.676666666667 * no_mbtree;1;15.2532018061563;
2;357.628333333334 * no_asm + 95.4383333333338 * no_mbtree + 242.476666666666 * ref_9;3.32801466555706;3.32801466555706;3.32801466555706;3.32801466555706;0.002749;3;242.476666666666 * ref_9;1;5.47688451330441;
3;357.628333333333 * no_asm + 104.521025641026 * no_mbtree + 257.614487179487 * ref_9 + -30.2756410256411 * no_8x8dct;0.557852396392085;0.557852396392085;0.557852396392085;0.557852396392085;0.00676;4;-30.2756410256411 * no_8x8dct;1;2.77016226916497;
Elapsed=00:00:00.0068634
Learning progress:
1;591.793333333334 * no_asm + 134.85 * no_deblock;3.75143645260921;3.75143645260921;3.75143645260921;3.75143645260921;0.000745;2;134.85 * no_deblock;1;10.9646739911596;
2;591.793333333333 * no_asm + 67.425 * no_deblock + 67.425 * no_deblock * no_weightb;3.53772927246623;3.53772927246623;3.53772927246623;3.53772927246623;0.002809;4;67.425 * no_deblock * no_weightb;2;0.106853590071489;
3;591.793333333333 * no_asm + 44.9499999999997 * no_deblock + 44.9499999999997 * no_deblock * no_weightb + 44.9499999999997 * no_deblock * no_mbtree;2.45310702021614;2.45310702021614;2.45310702021614;2.45310702021614;0.00654;6;44.9499999999997 * no_deblock * no_mbtree;2;0.542311126125048;
4;591.793333333333 * no_asm + 33.7125 * no_deblock + 33.7125 * no_deblock * no_weightb + 33.7125 * no_deblock * no_mbtree + 33.7125 * no_deblock * ref_9;2.12450307423407;2.12450307423407;2.12450307423407;2.12450307423407;0.012707;8;33.7125 * no_deblock * ref_9;2;0.164301972991032;
Elapsed=00:00:00.0197411
Learning progress:
1;481.89 * no_asm + 221.813333333333 * no_mbtree;14.885860753588;14.885860753588;14.885860753588;14.885860753588;0.000769;2;221.813333333333 * no_mbtree;1;16.6440290049637;
2;465.5688 * no_asm + 210.155333333333 * no_mbtree + 48.9635999999999 * no_weightb;14.3816894478306;14.3816894478306;14.3816894478306;14.3816894478306;0.002443;3;48.9635999999999 * no_weightb;1;0.50417130575746;
3;462.085 * no_asm + 215.961666666667 * no_mbtree + 59.4150000000006 * no_weightb + -29.0316666666669 * no_weightb * no_deblock;14.2740728513182;14.2740728513182;14.2740728513182;14.2740728513182;0.005818;5;-29.0316666666669 * no_weightb * no_deblock;2;0.0538082982561896;
Elapsed=00:00:00.0059031
Learning progress:
1;444.6 * no_asm + 225.04 * ref_9;33.4074431752079;33.4074431752079;33.4074431752079;33.4074431752079;0.000652;2;225.04 * ref_9;1;41.5729645183935;
2;371.413333333333 * no_asm + 298.226666666667 * ref_9 + 73.1866666666667 * ref_5;19.8872392267861;19.8872392267861;19.8872392267861;19.8872392267861;0.002526;3;73.1866666666667 * ref_5;1;13.5202039484217;
3;346.864814814815 * no_asm + 249.12962962963 * ref_9 + 97.7351851851854 * ref_5 + 110.468333333334 * no_mbtree;15.4839104550464;15.4839104550464;15.4839104550464;15.4839104550464;0.005181;4;110.468333333334 * no_mbtree;1;4.40332877173976;
4;346.864814814815 * no_asm + 249.12962962963 * ref_9 + 97.735185185185 * ref_5 + 127.42 * no_mbtree + -33.9033333333326 * no_mbtree * no_8x8dct;14.2504280349905;14.2504280349905;14.2504280349905;14.2504280349905;0.008863;6;-33.9033333333326 * no_mbtree * no_8x8dct;2;0.61674121002792;
5;346.864814814814 * no_asm + 249.12962962963 * ref_9 + 97.735185185185 * ref_5 + 126.135 * no_mbtree + -35.1883333333328 * no_mbtree * no_8x8dct + 3.85499999999962 * no_deblock;14.0933371988112;14.0933371988112;14.0933371988112;14.0933371988112;0.014902;7;3.85499999999962 * no_deblock;1;0.157090836179373;
6;346.864814814815 * no_asm + 249.12962962963 * ref_9 + 97.7351851851854 * ref_5 + 126.123650793651 * no_mbtree + -35.1542857142853 * no_mbtree * no_8x8dct + 3.75285714285712 * no_deblock + 0.13619047619018 * no_deblock * no_weightb;14.0916855563163;14.0916855563163;14.0916855563163;14.0916855563163;0.021332;9;0.13619047619018 * no_deblock * no_weightb;2;0.000825821247424585;
Elapsed=00:00:00.0214398
Learning progress:
1;500.648 * no_asm + 202.609333333333 * no_mbtree;2.43899135012653;2.43899135012653;2.43899135012653;2.43899135012653;0.001361;2;202.609333333333 * no_mbtree;1;18.2237250339345;
2;492.565333333333 * no_asm + 186.444 * no_mbtree + 40.4133333333334 * no_weightb;0.80570063220807;0.80570063220807;0.80570063220807;0.80570063220807;0.003552;3;40.4133333333334 * no_weightb;1;1.63329071791846;
Elapsed=00:00:00.0036354
Learning progress:
1;478.866666666667 * no_asm + 216.676666666667 * no_mbtree;8.80489917886147;8.80489917886147;8.80489917886147;8.80489917886147;0.000802;2;216.676666666667 * no_mbtree;1;15.2532018061563;
2;357.628333333334 * no_asm + 95.4383333333338 * no_mbtree + 242.476666666666 * ref_9;3.32801466555706;3.32801466555706;3.32801466555706;3.32801466555706;0.002785;3;242.476666666666 * ref_9;1;5.47688451330441;
3;357.628333333333 * no_asm + 104.521025641026 * no_mbtree + 257.614487179487 * ref_9 + -30.2756410256411 * no_8x8dct;0.557852396392085;0.557852396392085;0.557852396392085;0.557852396392085;0.005949;4;-30.2756410256411 * no_8x8dct;1;2.77016226916497;
Elapsed=00:00:00.0060707
Learning progress:
1;591.793333333334 * no_asm + 134.85 * no_deblock;3.75143645260921;3.75143645260921;3.75143645260921;3.75143645260921;0.000732;2;134.85 * no_deblock;1;10.9646739911596;
2;591.793333333333 * no_asm + 67.425 * no_deblock + 67.425 * no_deblock * no_weightb;3.53772927246623;3.53772927246623;3.53772927246623;3.53772927246623;0.003401;4;67.425 * no_deblock * no_weightb;2;0.106853590071489;
Elapsed=00:00:00.0034931
Learning progress:
1;481.89 * no_asm + 221.813333333333 * no_mbtree;14.885860753588;14.885860753588;14.885860753588;14.885860753588;0.000571;2;221.813333333333 * no_mbtree;1;16.6440290049637;
2;465.5688 * no_asm + 210.155333333333 * no_mbtree + 48.9635999999999 * no_weightb;14.3816894478306;14.3816894478306;14.3816894478306;14.3816894478306;0.002239;3;48.9635999999999 * no_weightb;1;0.50417130575746;
3;462.085 * no_asm + 215.961666666667 * no_mbtree + 59.4150000000006 * no_weightb + -29.0316666666669 * no_weightb * no_deblock;14.2740728513182;14.2740728513182;14.2740728513182;14.2740728513182;0.00494;5;-29.0316666666669 * no_weightb * no_deblock;2;0.0538082982561896;
Elapsed=00:00:00.0050284
Learning progress:
1;444.6 * no_asm + 225.04 * ref_9;33.4074431752079;33.4074431752079;33.4074431752079;33.4074431752079;0.000644;2;225.04 * ref_9;1;41.5729645183935;
2;371.413333333333 * no_asm + 298.226666666667 * ref_9 + 73.1866666666667 * ref_5;19.8872392267861;19.8872392267861;19.8872392267861;19.8872392267861;0.0024;3;73.1866666666667 * ref_5;1;13.5202039484217;
3;346.864814814815 * no_asm + 249.12962962963 * ref_9 + 97.7351851851854 * ref_5 + 110.468333333334 * no_mbtree;15.4839104550464;15.4839104550464;15.4839104550464;15.4839104550464;0.005663;4;110.468333333334 * no_mbtree;1;4.40332877173976;
4;346.864814814815 * no_asm + 249.12962962963 * ref_9 + 97.735185185185 * ref_5 + 127.42 * no_mbtree + -33.9033333333326 * no_mbtree * no_8x8dct;14.2504280349905;14.2504280349905;14.2504280349905;14.2504280349905;0.009281;6;-33.9033333333326 * no_mbtree * no_8x8dct;2;0.61674121002792;
5;346.864814814814 * no_asm + 249.12962962963 * ref_9 + 97.735185185185 * ref_5 + 126.135 * no_mbtree + -35.1883333333328 * no_mbtree * no_8x8dct + 3.85499999999962 * no_deblock;14.0933371988112;14.0933371988112;14.0933371988112;14.0933371988112;0.014654;7;3.85499999999962 * no_deblock;1;0.157090836179373;
Elapsed=00:00:00.0147579
Learning progress:
1;500.648 * no_asm + 202.609333333333 * no_mbtree;2.43899135012653;2.43899135012653;2.43899135012653;2.43899135012653;0.001412;2;202.609333333333 * no_mbtree;1;18.2237250339345;
2;492.565333333333 * no_asm + 186.444 * no_mbtree + 40.4133333333334 * no_weightb;0.80570063220807;0.80570063220807;0.80570063220807;0.80570063220807;0.003356;3;40.4133333333334 * no_weightb;1;1.63329071791846;
Elapsed=00:00:00.0034387
Learning progress:
1;478.866666666667 * no_asm + 216.676666666667 * no_mbtree;8.80489917886147;8.80489917886147;8.80489917886147;8.80489917886147;0.000857;2;216.676666666667 * no_mbtree;1;15.2532018061563;
2;357.628333333334 * no_asm + 95.4383333333338 * no_mbtree + 242.476666666666 * ref_9;3.32801466555706;3.32801466555706;3.32801466555706;3.32801466555706;0.002777;3;242.476666666666 * ref_9;1;5.47688451330441;
3;357.628333333333 * no_asm + 104.521025641026 * no_mbtree + 257.614487179487 * ref_9 + -30.2756410256411 * no_8x8dct;0.557852396392085;0.557852396392085;0.557852396392085;0.557852396392085;0.005947;4;-30.2756410256411 * no_8x8dct;1;2.77016226916497;
Elapsed=00:00:00.0060497
Learning progress:
1;591.793333333334 * no_asm + 134.85 * no_deblock;3.75143645260921;3.75143645260921;3.75143645260921;3.75143645260921;0.000802;2;134.85 * no_deblock;1;10.9646739911596;
2;591.793333333333 * no_asm + 67.425 * no_deblock + 67.425 * no_deblock * no_weightb;3.53772927246623;3.53772927246623;3.53772927246623;3.53772927246623;0.003329;4;67.425 * no_deblock * no_weightb;2;0.106853590071489;
Elapsed=00:00:00.0034216
Learning progress:
1;481.89 * no_asm + 221.813333333333 * no_mbtree;14.885860753588;14.885860753588;14.885860753588;14.885860753588;0.000601;2;221.813333333333 * no_mbtree;1;16.6440290049637;
2;465.5688 * no_asm + 210.155333333333 * no_mbtree + 48.9635999999999 * no_weightb;14.3816894478306;14.3816894478306;14.3816894478306;14.3816894478306;0.002503;3;48.9635999999999 * no_weightb;1;0.50417130575746;
3;462.085 * no_asm + 215.961666666667 * no_mbtree + 59.4150000000006 * no_weightb + -29.0316666666669 * no_weightb * no_deblock;14.2740728513182;14.2740728513182;14.2740728513182;14.2740728513182;0.005133;5;-29.0316666666669 * no_weightb * no_deblock;2;0.0538082982561896;
Elapsed=00:00:00.0052174
Learning progress:
1;444.6 * no_asm + 225.04 * ref_9;33.4074431752079;33.4074431752079;33.4074431752079;33.4074431752079;0.000617;2;225.04 * ref_9;1;41.5729645183935;
2;371.413333333333 * no_asm + 298.226666666667 * ref_9 + 73.1866666666667 * ref_5;19.8872392267861;19.8872392267861;19.8872392267861;19.8872392267861;0.002313;3;73.1866666666667 * ref_5;1;13.5202039484217;
3;346.864814814815 * no_asm + 249.12962962963 * ref_9 + 97.7351851851854 * ref_5 + 110.468333333334 * no_mbtree;15.4839104550464;15.4839104550464;15.4839104550464;15.4839104550464;0.005604;4;110.468333333334 * no_mbtree;1;4.40332877173976;
4;346.864814814815 * no_asm + 249.12962962963 * ref_9 + 97.735185185185 * ref_5 + 127.42 * no_mbtree + -33.9033333333326 * no_mbtree * no_8x8dct;14.2504280349905;14.2504280349905;14.2504280349905;14.2504280349905;0.009368;6;-33.9033333333326 * no_mbtree * no_8x8dct;2;0.61674121002792;
5;346.864814814814 * no_asm + 249.12962962963 * ref_9 + 97.735185185185 * ref_5 + 126.135 * no_mbtree + -35.1883333333328 * no_mbtree * no_8x8dct + 3.85499999999962 * no_deblock;14.0933371988112;14.0933371988112;14.0933371988112;14.0933371988112;0.014832;7;3.85499999999962 * no_deblock;1;0.157090836179373;
Elapsed=00:00:00.0149362
Learning progress:
1;500.648 * no_asm + 202.609333333333 * no_mbtree;2.43899135012653;2.43899135012653;2.43899135012653;2.43899135012653;0.001263;2;202.609333333333 * no_mbtree;1;18.2237250339345;
2;492.565333333333 * no_asm + 186.444 * no_mbtree + 40.4133333333334 * no_weightb;0.80570063220807;0.80570063220807;0.80570063220807;0.80570063220807;0.003155;3;40.4133333333334 * no_weightb;1;1.63329071791846;
Elapsed=00:00:00.0032385
Learning progress:
1;478.866666666667 * no_asm + 216.676666666667 * no_mbtree;8.80489917886147;8.80489917886147;8.80489917886147;8.80489917886147;0.000731;2;216.676666666667 * no_mbtree;1;15.2532018061563;
2;357.628333333334 * no_asm + 95.4383333333338 * no_mbtree + 242.476666666666 * ref_9;3.32801466555706;3.32801466555706;3.32801466555706;3.32801466555706;0.002643;3;242.476666666666 * ref_9;1;5.47688451330441;
3;357.628333333333 * no_asm + 104.521025641026 * no_mbtree + 257.614487179487 * ref_9 + -30.2756410256411 * no_8x8dct;0.557852396392085;0.557852396392085;0.557852396392085;0.557852396392085;0.005825;4;-30.2756410256411 * no_8x8dct;1;2.77016226916497;
Elapsed=00:00:00.0059274
Learning progress:
1;591.793333333334 * no_asm + 134.85 * no_deblock;3.75143645260921;3.75143645260921;3.75143645260921;3.75143645260921;0.000761;2;134.85 * no_deblock;1;10.9646739911596;
2;591.793333333333 * no_asm + 67.425 * no_deblock + 67.425 * no_deblock * no_weightb;3.53772927246623;3.53772927246623;3.53772927246623;3.53772927246623;0.003232;4;67.425 * no_deblock * no_weightb;2;0.106853590071489;
3;591.793333333333 * no_asm + 44.9499999999997 * no_deblock + 44.9499999999997 * no_deblock * no_weightb + 44.9499999999997 * no_deblock * no_mbtree;2.45310702021614;2.45310702021614;2.45310702021614;2.45310702021614;0.00694;6;44.9499999999997 * no_deblock * no_mbtree;2;0.542311126125048;
4;591.793333333333 * no_asm + 33.7125 * no_deblock + 33.7125 * no_deblock * no_weightb + 33.7125 * no_deblock * no_mbtree + 33.7125 * no_deblock * ref_9;2.12450307423407;2.12450307423407;2.12450307423407;2.12450307423407;0.012421;8;33.7125 * no_deblock * ref_9;2;0.164301972991032;
Elapsed=00:00:00.0201115
Learning progress:
1;481.89 * no_asm + 221.813333333333 * no_mbtree;14.885860753588;14.885860753588;14.885860753588;14.885860753588;0.000744;2;221.813333333333 * no_mbtree;1;16.6440290049637;
2;465.5688 * no_asm + 210.155333333333 * no_mbtree + 48.9635999999999 * no_weightb;14.3816894478306;14.3816894478306;14.3816894478306;14.3816894478306;0.002424;3;48.9635999999999 * no_weightb;1;0.50417130575746;
3;462.085 * no_asm + 215.961666666667 * no_mbtree + 59.4150000000006 * no_weightb + -29.0316666666669 * no_weightb * no_deblock;14.2740728513182;14.2740728513182;14.2740728513182;14.2740728513182;0.005121;5;-29.0316666666669 * no_weightb * no_deblock;2;0.0538082982561896;
Elapsed=00:00:00.0052064
Learning progress:
1;444.6 * no_asm + 225.04 * ref_9;33.4074431752079;33.4074431752079;33.4074431752079;33.4074431752079;0.000669;2;225.04 * ref_9;1;41.5729645183935;
2;371.413333333333 * no_asm + 298.226666666667 * ref_9 + 73.1866666666667 * ref_5;19.8872392267861;19.8872392267861;19.8872392267861;19.8872392267861;0.003002;3;73.1866666666667 * ref_5;1;13.5202039484217;
3;346.864814814815 * no_asm + 249.12962962963 * ref_9 + 97.7351851851854 * ref_5 + 110.468333333334 * no_mbtree;15.4839104550464;15.4839104550464;15.4839104550464;15.4839104550464;0.005646;4;110.468333333334 * no_mbtree;1;4.40332877173976;
4;346.864814814815 * no_asm + 249.12962962963 * ref_9 + 97.735185185185 * ref_5 + 127.42 * no_mbtree + -33.9033333333326 * no_mbtree * no_8x8dct;14.2504280349905;14.2504280349905;14.2504280349905;14.2504280349905;0.009304;6;-33.9033333333326 * no_mbtree * no_8x8dct;2;0.61674121002792;
5;346.864814814814 * no_asm + 249.12962962963 * ref_9 + 97.735185185185 * ref_5 + 126.135 * no_mbtree + -35.1883333333328 * no_mbtree * no_8x8dct + 3.85499999999962 * no_deblock;14.0933371988112;14.0933371988112;14.0933371988112;14.0933371988112;0.014795;7;3.85499999999962 * no_deblock;1;0.157090836179373;
6;346.864814814815 * no_asm + 249.12962962963 * ref_9 + 97.7351851851854 * ref_5 + 126.123650793651 * no_mbtree + -35.1542857142853 * no_mbtree * no_8x8dct + 3.75285714285712 * no_deblock + 0.13619047619018 * no_deblock * no_weightb;14.0916855563163;14.0916855563163;14.0916855563163;14.0916855563163;0.021787;9;0.13619047619018 * no_deblock * no_weightb;2;0.000825821247424585;
Elapsed=00:00:00.0219195
Learning progress:
1;500.648 * no_asm + 202.609333333333 * no_mbtree;2.43899135012653;2.43899135012653;2.43899135012653;2.43899135012653;0.000693;2;202.609333333333 * no_mbtree;1;18.2237250339345;
2;492.565333333333 * no_asm + 186.444 * no_mbtree + 40.4133333333334 * no_weightb;0.80570063220807;0.80570063220807;0.80570063220807;0.80570063220807;0.002623;3;40.4133333333334 * no_weightb;1;1.63329071791846;
Elapsed=00:00:00.0027067
Learning progress:
1;478.866666666667 * no_asm + 216.676666666667 * no_mbtree;8.80489917886147;8.80489917886147;8.80489917886147;8.80489917886147;0.000735;2;216.676666666667 * no_mbtree;1;15.2532018061563;
2;357.628333333334 * no_asm + 95.4383333333338 * no_mbtree + 242.476666666666 * ref_9;3.32801466555706;3.32801466555706;3.32801466555706;3.32801466555706;0.003392;3;242.476666666666 * ref_9;1;5.47688451330441;
3;357.628333333333 * no_asm + 104.521025641026 * no_mbtree + 257.614487179487 * ref_9 + -30.2756410256411 * no_8x8dct;0.557852396392085;0.557852396392085;0.557852396392085;0.557852396392085;0.006608;4;-30.2756410256411 * no_8x8dct;1;2.77016226916497;
Elapsed=00:00:00.0067111
Learning progress:
1;591.793333333334 * no_asm + 134.85 * no_deblock;3.75143645260921;3.75143645260921;3.75143645260921;3.75143645260921;0.000831;2;134.85 * no_deblock;1;10.9646739911596;
2;591.793333333333 * no_asm + 67.425 * no_deblock + 67.425 * no_deblock * no_weightb;3.53772927246623;3.53772927246623;3.53772927246623;3.53772927246623;0.002732;4;67.425 * no_deblock * no_weightb;2;0.106853590071489;
Elapsed=00:00:00.0028229
Learning progress:
1;481.89 * no_asm + 221.813333333333 * no_mbtree;14.885860753588;14.885860753588;14.885860753588;14.885860753588;0.00079;2;221.813333333333 * no_mbtree;1;16.6440290049637;
2;465.5688 * no_asm + 210.155333333333 * no_mbtree + 48.9635999999999 * no_weightb;14.3816894478306;14.3816894478306;14.3816894478306;14.3816894478306;0.003007;3;48.9635999999999 * no_weightb;1;0.50417130575746;
3;462.085 * no_asm + 215.961666666667 * no_mbtree + 59.4150000000006 * no_weightb + -29.0316666666669 * no_weightb * no_deblock;14.2740728513182;14.2740728513182;14.2740728513182;14.2740728513182;0.005706;5;-29.0316666666669 * no_weightb * no_deblock;2;0.0538082982561896;
Elapsed=00:00:00.0057902
Learning progress:
1;444.6 * no_asm + 225.04 * ref_9;33.4074431752079;33.4074431752079;33.4074431752079;33.4074431752079;0.000612;2;225.04 * ref_9;1;41.5729645183935;
2;371.413333333333 * no_asm + 298.226666666667 * ref_9 + 73.1866666666667 * ref_5;19.8872392267861;19.8872392267861;19.8872392267861;19.8872392267861;0.002277;3;73.1866666666667 * ref_5;1;13.5202039484217;
3;346.864814814815 * no_asm + 249.12962962963 * ref_9 + 97.7351851851854 * ref_5 + 110.468333333334 * no_mbtree;15.4839104550464;15.4839104550464;15.4839104550464;15.4839104550464;0.004883;4;110.468333333334 * no_mbtree;1;4.40332877173976;
4;346.864814814815 * no_asm + 249.12962962963 * ref_9 + 97.735185185185 * ref_5 + 127.42 * no_mbtree + -33.9033333333326 * no_mbtree * no_8x8dct;14.2504280349905;14.2504280349905;14.2504280349905;14.2504280349905;0.009171;6;-33.9033333333326 * no_mbtree * no_8x8dct;2;0.61674121002792;
5;346.864814814814 * no_asm + 249.12962962963 * ref_9 + 97.735185185185 * ref_5 + 126.135 * no_mbtree + -35.1883333333328 * no_mbtree * no_8x8dct + 3.85499999999962 * no_deblock;14.0933371988112;14.0933371988112;14.0933371988112;14.0933371988112;0.014665;7;3.85499999999962 * no_deblock;1;0.157090836179373;
Elapsed=00:00:00.0147690
Learning progress:
1;500.648 * no_asm + 202.609333333333 * no_mbtree;2.43899135012653;2.43899135012653;2.43899135012653;2.43899135012653;0.000689;2;202.609333333333 * no_mbtree;1;18.2237250339345;
2;492.565333333333 * no_asm + 186.444 * no_mbtree + 40.4133333333334 * no_weightb;0.80570063220807;0.80570063220807;0.80570063220807;0.80570063220807;0.002655;3;40.4133333333334 * no_weightb;1;1.63329071791846;
Elapsed=00:00:00.0027373
Learning progress:
1;478.866666666667 * no_asm + 216.676666666667 * no_mbtree;8.80489917886147;8.80489917886147;8.80489917886147;8.80489917886147;0.000723;2;216.676666666667 * no_mbtree;1;15.2532018061563;
2;357.628333333334 * no_asm + 95.4383333333338 * no_mbtree + 242.476666666666 * ref_9;3.32801466555706;3.32801466555706;3.32801466555706;3.32801466555706;0.003253;3;242.476666666666 * ref_9;1;5.47688451330441;
3;357.628333333333 * no_asm + 104.521025641026 * no_mbtree + 257.614487179487 * ref_9 + -30.2756410256411 * no_8x8dct;0.557852396392085;0.557852396392085;0.557852396392085;0.557852396392085;0.006439;4;-30.2756410256411 * no_8x8dct;1;2.77016226916497;
Elapsed=00:00:00.0065408
Learning progress:
1;591.793333333334 * no_asm + 134.85 * no_deblock;3.75143645260921;3.75143645260921;3.75143645260921;3.75143645260921;0.000731;2;134.85 * no_deblock;1;10.9646739911596;
2;591.793333333333 * no_asm + 67.425 * no_deblock + 67.425 * no_deblock * no_weightb;3.53772927246623;3.53772927246623;3.53772927246623;3.53772927246623;0.002682;4;67.425 * no_deblock * no_weightb;2;0.106853590071489;
Elapsed=00:00:00.0027783
Learning progress:
1;481.89 * no_asm + 221.813333333333 * no_mbtree;14.885860753588;14.885860753588;14.885860753588;14.885860753588;0.000774;2;221.813333333333 * no_mbtree;1;16.6440290049637;
2;465.5688 * no_asm + 210.155333333333 * no_mbtree + 48.9635999999999 * no_weightb;14.3816894478306;14.3816894478306;14.3816894478306;14.3816894478306;0.003038;3;48.9635999999999 * no_weightb;1;0.50417130575746;
3;462.085 * no_asm + 215.961666666667 * no_mbtree + 59.4150000000006 * no_weightb + -29.0316666666669 * no_weightb * no_deblock;14.2740728513182;14.2740728513182;14.2740728513182;14.2740728513182;0.00576;5;-29.0316666666669 * no_weightb * no_deblock;2;0.0538082982561896;
Elapsed=00:00:00.0058453
Learning progress:
1;444.6 * no_asm + 225.04 * ref_9;33.4074431752079;33.4074431752079;33.4074431752079;33.4074431752079;0.000669;2;225.04 * ref_9;1;41.5729645183935;
2;371.413333333333 * no_asm + 298.226666666667 * ref_9 + 73.1866666666667 * ref_5;19.8872392267861;19.8872392267861;19.8872392267861;19.8872392267861;0.002277;3;73.1866666666667 * ref_5;1;13.5202039484217;
3;346.864814814815 * no_asm + 249.12962962963 * ref_9 + 97.7351851851854 * ref_5 + 110.468333333334 * no_mbtree;15.4839104550464;15.4839104550464;15.4839104550464;15.4839104550464;0.004936;4;110.468333333334 * no_mbtree;1;4.40332877173976;
4;346.864814814815 * no_asm + 249.12962962963 * ref_9 + 97.735185185185 * ref_5 + 127.42 * no_mbtree + -33.9033333333326 * no_mbtree * no_8x8dct;14.2504280349905;14.2504280349905;14.2504280349905;14.2504280349905;0.009209;6;-33.9033333333326 * no_mbtree * no_8x8dct;2;0.61674121002792;
5;346.864814814814 * no_asm + 249.12962962963 * ref_9 + 97.735185185185 * ref_5 + 126.135 * no_mbtree + -35.1883333333328 * no_mbtree * no_8x8dct + 3.85499999999962 * no_deblock;14.0933371988112;14.0933371988112;14.0933371988112;14.0933371988112;0.014647;7;3.85499999999962 * no_deblock;1;0.157090836179373;
Elapsed=00:00:00.0147503
Learning progress:
1;500.648 * no_asm + 202.609333333333 * no_mbtree;2.43899135012653;2.43899135012653;2.43899135012653;2.43899135012653;0.000856;2;202.609333333333 * no_mbtree;1;18.2237250339345;
2;492.565333333333 * no_asm + 186.444 * no_mbtree + 40.4133333333334 * no_weightb;0.80570063220807;0.80570063220807;0.80570063220807;0.80570063220807;0.002813;3;40.4133333333334 * no_weightb;1;1.63329071791846;
Elapsed=00:00:00.0028963
Error of optimal parameters: 6.37076290209375
Optimal parameters abortError:1;minImprovementPerRound:0.1;lossFunction:RELATIVE;quadraticFunctionSupport:True;learn-logFunction:True;learn-asymFunction:True;learn-ratioFunction:True;withHierarchy:False;useBackward:False;
Learning progress:
1;357.628333333333 * no_asm + 313.762333333333 * ref_9;10.1274512217087;10.1274512217087;10.1274512217087;10.1274512217087;0.001715;2;313.762333333333 * ref_9;1;10.8967427516414;
2;270.656666666667 * no_asm + 400.734 * ref_9 + 173.943333333333 * ref_5;5.81950499327316;5.81950499327316;5.81950499327316;5.81950499327316;0.00477;3;173.943333333333 * ref_5;1;4.30794622843554;
3;270.656666666667 * no_asm + 325.337777777777 * ref_9 + 173.943333333333 * ref_5 + 107.708888888889 * no_mbtree;1.86797736446054;1.86797736446054;1.86797736446054;1.86797736446054;0.009082;4;107.708888888889 * no_mbtree;1;3.95152762881262;
4;270.656666666667 * no_asm + 346.648266666666 * ref_9 + 173.943333333333 * ref_5 + 104.664533333334 * no_mbtree + -31.9657333333328 * no_8x8dct;0.254437952388951;0.254437952388951;0.254437952388951;0.254437952388951;0.016407;5;-31.9657333333328 * no_8x8dct;1;1.61353941207158;
Elapsed=00:00:00.0166235
command: clean-sampling
command: clean-global
command: script ./learn_solverBased_t2.a
command: log ./out_solverBased_t2Predictions.log
