Current machine learning settings: epsilon:0 lossFunction:RELATIVE parallelization:True bagging:False baggingNumbers:3 considerEpsilonTube:False baggingTestDataFraction:50 useBackward:False abortError:1 limitFeatureSize:False featureSizeTreshold:4 quadraticFunctionSupport:True crossValidation:False crossValidation-k:5 learn-logFunction:False learn-accumulatedLogFunction:False learn-asymFunction:False learn-ratioFunction:False learn-mirrowedFunction:False learn-numeric-disabled:True numberOfRounds:70 backwardErrorDelta:1 minImprovementPerRound:0.1 withHierarchy:False bruteForceCandidates:False ignoreBadFeatures:False stopOnLongRound:True candidateSizePenalty:True learnTimeLimit:00:00:00 scoreMeasure:RELERROR outputRoundsToStdout:False debug:False pythonInfluenceAnalysis:False blacklisted: 
command: solver z3
command: vm /scratch/kallistos/Distance-Based_Data/SupplementaryWebsite/MeasuredPerformanceValues/7z/FeatureModel.xml
command: all /scratch/kallistos/Distance-Based_Data/SupplementaryWebsite/MeasuredPerformanceValues/7z/measurements.xml
Configs with too large deviation: 0
68640 configurations loaded.
command: nfp Performance
command: setsampleset /scratch/kallistos/Distance-Based_Data/Results/7z/7z_40/sampledConfigurations_grammarBased_t1.csv
command: learn-splconqueror-opt abortError=[1] minImprovementPerRound=[0.1,0.2,0.5] lossFunction=[RELATIVE] quadraticFunctionSupport=[True,False] learn_logFunction=[True,False] learn_asymFunction=[True,False] learn_ratioFunction=[True,False] withHierarchy=[False] useBackward=[False]
Learning: NumberOfConfigurationsLearning:39 NumberOfConfigurationsValidation:39
Learning progress:
1;12704.6153846154 * CompressionMethod + -8132.61538461538 * x_0;155.05748921056;155.05748921056;155.05748921056;155.05748921056;0.050764;2;-8132.61538461538 * x_0;1;95.8113075632079;
2;14498.6363636364 * CompressionMethod + -9926.63636363638 * x_0 + -11661.1363636364 * x_4;97.6994024186794;97.6994024186794;97.6994024186794;97.6994024186794;0.073202;3;-11661.1363636364 * x_4;1;57.3580867918809;
3;19628 * CompressionMethod + -15056 * x_0 + -16790.5 * x_4 + -16120.8571428571 * x_2;53.0203807411209;53.0203807411209;53.0203807411209;53.0203807411209;0.108908;4;-16120.8571428571 * x_2;1;44.6790216775585;
4;19101.0220955096 * CompressionMethod + -16109.9558089808 * x_0 + -18239.6892373486 * x_4 + -16723.1176051319 * x_2 + 7904.66856735566 * BlockSize_4096;35.1570378148874;35.1570378148874;35.1570378148874;35.1570378148874;0.166736;5;7904.66856735566 * BlockSize_4096;1;17.8633429262335;
5;19040.1142857143 * CompressionMethod + -16231.7714285714 * x_0 + -17150.5142857143 * x_4 + -16074.6285714286 * x_2 + 8818.28571428573 * BlockSize_4096 + -5026.68571428572 * Files_80;30.268367023845;30.268367023845;30.268367023845;30.268367023845;0.253163;6;-5026.68571428572 * Files_80;1;4.88867079104241;
6;19043.9165154265 * CompressionMethod + -16046.7295825772 * x_0 + -17145.444646098 * x_4 + -16073.3611615245 * x_2 + 8761.25226860255 * BlockSize_4096 + -5005.13974591652 * Files_80 + -887.186932849352 * Files_40;28.3564983401042;28.3564983401042;28.3564983401042;28.3564983401042;0.368321;7;-887.186932849352 * Files_40;1;1.91186868374077;
7;19043.9165154265 * CompressionMethod + -16046.7295825771 * x_0 + -17145.444646098 * x_4 + -16073.3611615245 * x_2 + 8761.25226860255 * BlockSize_4096 + -5005.13974591652 * Files_80 + -443.593466424668 * Files_40 + -443.593466424668 * x_0 * Deflate;26.7883653281391;26.7883653281391;26.7883653281391;26.7883653281391;0.52089;9;-443.593466424668 * x_0 * Deflate;2;0.784066505982542;
8;19043.9165154265 * CompressionMethod + -16046.7295825771 * x_0 + -17145.444646098 * x_4 + -16073.3611615245 * x_2 + 8761.25226860256 * BlockSize_4096 + -2502.56987295827 * Files_80 + -443.59346642468 * Files_40 + -443.593466424677 * x_0 * Deflate + -2502.56987295827 * Files_80 * Deflate;25.2405116214605;25.2405116214605;25.2405116214605;25.2405116214605;0.721238;11;-2502.56987295827 * Files_80 * Deflate;2;0.773926853339324;
9;18941.8657491561 * CompressionMethod + -15952.8356271098 * x_0 + -17048.4692287717 * x_4 + -15974.2105946507 * x_2 + 8793.87951181512 * BlockSize_4096 + -2508.73279667622 * Files_80 + -439.515061023088 * Files_40 + -439.515061023088 * x_0 * Deflate + -2508.73279667622 * Files_80 * Deflate + 1498.13425084387 * Files_50;25.0666359184397;25.0666359184397;25.0666359184397;25.0666359184397;0.980871;12;1498.13425084387 * Files_50;1;0.173875703020755;
10;18941.5376401495 * CompressionMethod + -15911.5376401495 * x_0 + -17048.8556682684 * x_4 + -15974.2907990746 * x_2 + 8798.47303790709 * BlockSize_4096 + -2509.60046271579 * Files_80 + -459.999999999982 * Files_40 + -459.999999999979 * x_0 * Deflate + -2509.60046271579 * Files_80 * Deflate + 1498.46235985048 * Files_50 + -56.1576793023349 * x_0 * BZip2;24.8167675698892;24.8167675698892;24.8167675698892;24.8167675698892;1.297758;14;-56.1576793023349 * x_0 * BZip2;2;0.124934174275282;
11;18939.0951374207 * CompressionMethod + -15909.0951374207 * x_0 + -17077.1479915434 * x_4 + -16152.7970401692 * x_2 + 8832.66807610994 * BlockSize_4096 + -2465.22832980972 * Files_80 + -460.00000000001 * Files_40 + -460.000000000009 * x_0 * Deflate + -2465.22832980972 * Files_80 * Deflate + 1500.90486257924 * Files_50 + -67.5560253700135 * x_0 * BZip2 + 1143.70190274839 * x_2 * BlockSize_32;24.6282435855952;24.6282435855952;24.6282435855952;24.6282435855952;1.699762;16;1143.70190274839 * x_2 * BlockSize_32;2;0.0942619921469614;
Elapsed=00:00:01.7025385
Learning progress:
1;6555.38461538461 * CompressionMethod + 12394.6153846154 * x_8;90.3753896573691;90.3753896573691;90.3753896573691;90.3753896573691;0.007171;2;12394.6153846154 * x_8;1;49.5388883756638;
2;5179.52380952381 * CompressionMethod + 13770.4761904762 * x_8 + 7154.47619047619 * x_10;63.6535757850141;63.6535757850141;63.6535757850141;63.6535757850141;0.025943;3;7154.47619047619 * x_10;1;26.721813872355;
3;5287.66304347825 * CompressionMethod + 14116.5217391304 * x_8 + 7046.33695652174 * x_10 + -2270.92391304349 * BlockSize_32;50.3947916532111;50.3947916532111;50.3947916532111;50.3947916532111;0.063846;4;-2270.92391304349 * BlockSize_32;1;13.258784131803;
4;5556.58597662771 * CompressionMethod + 13877.4791318865 * x_8 + 7327.21202003338 * x_10 + -2420.32554257095 * BlockSize_32 + -2748.98998330551 * BlockSize_512;44.2531538865537;44.2531538865537;44.2531538865537;44.2531538865537;0.123012;5;-2748.98998330551 * BlockSize_512;1;6.14163776665746;
5;5792.43470149253 * CompressionMethod + 13667.8358208955 * x_8 + 7125.05597014926 * x_10 + -2551.3526119403 * BlockSize_32 + -2917.45335820895 * BlockSize_512 + -2242.43470149253 * BlockSize_4096;37.1580160276262;37.1580160276262;37.1580160276262;37.1580160276262;0.210145;6;-2242.43470149253 * BlockSize_4096;1;7.09513785892748;
6;5875.17241379311 * CompressionMethod + 13242.3275862069 * x_8 + 7054.13793103448 * x_10 + -837.500000000015 * BlockSize_32 + -2976.55172413793 * BlockSize_512 + -2325.1724137931 * BlockSize_4096 + -3167.67241379308 * BlockSize_32 * Deflate;32.9893712687873;32.9893712687873;32.9893712687873;32.9893712687873;0.334545;8;-3167.67241379308 * BlockSize_32 * Deflate;2;2.08432237941946;
7;6018.48214285714 * CompressionMethod + 13692.7295918367 * x_8 + 6931.30102040816 * x_10 + -1431.21173469387 * BlockSize_32 + -3078.91581632653 * BlockSize_512 + -2468.48214285715 * BlockSize_4096 + -2717.27040816327 * BlockSize_32 * Deflate + -2374.8469387755 * BlockSize_1;31.172895075669;31.172895075669;31.172895075669;31.172895075669;0.505626;9;-2374.8469387755 * BlockSize_1;1;1.81647619311821;
8;6138.52355072464 * CompressionMethod + 13589.8369565217 * x_8 + 7188.53260869565 * x_10 + -1448.36050724637 * BlockSize_32 + -3284.70108695652 * BlockSize_512 + -2588.52355072463 * BlockSize_4096 + -2820.16304347826 * BlockSize_32 * Deflate + -2443.44202898551 * BlockSize_1 + -840.289855072453 * Files_60;29.5198279324025;29.5198279324025;29.5198279324025;29.5198279324025;0.725221;10;-840.289855072453 * Files_60;1;1.65306714326652;
9;5995.21166134186 * CompressionMethod + 13712.6757188498 * x_8 + 13944.6645367412 * x_10 + -1427.8873801917 * BlockSize_32 + -1626.37779552716 * BlockSize_512 + -2445.21166134186 * BlockSize_4096 + -2697.32428115014 * BlockSize_32 * Deflate + -2361.54952076678 * BlockSize_1 + -1249.75239616614 * Files_60 + -11301.1661341853 * x_10 * PPMd;27.6047904351607;27.6047904351607;27.6047904351607;27.6047904351607;0.997145;12;-11301.1661341853 * x_10 * PPMd;2;0.957518748620906;
10;6931.92580049261 * CompressionMethod + 13877.0874384236 * x_8 + 13507.6754926108 * x_10 + -2529.01323891627 * BlockSize_32 + -1438.16964285714 * BlockSize_512 + -2027.69242610837 * BlockSize_4096 + -2532.91256157636 * BlockSize_32 * Deflate + -2703.35283251232 * BlockSize_1 + -894.969211822664 * Files_60 + -11530.4772167488 * x_10 * PPMd + -1354.23337438423 * tmOff;24.0188018229397;24.0188018229397;24.0188018229397;24.0188018229397;1.347621;13;-1354.23337438423 * tmOff;1;3.58598861222107;
11;6911.29648241206 * CompressionMethod + 13852.5552763819 * x_8 + 13477.567839196 * x_10 + -2483.85175879397 * BlockSize_32 + -775.243718592963 * BlockSize_512 + -2066.16331658291 * BlockSize_4096 + -2557.44472361808 * BlockSize_32 * Deflate + -2700.00753768842 * BlockSize_1 + -852.595477386926 * Files_60 + -11734.5402010051 * x_10 * PPMd + -1295.13316582915 * tmOff + -1810.91959798997 * BlockSize_512 * filterOff;20.7599344128676;20.7599344128676;20.7599344128676;20.7599344128676;1.765776;15;-1810.91959798997 * BlockSize_512 * filterOff;2;1.62943370503601;
12;6928.61921708185 * CompressionMethod + 13539.3024911032 * x_8 + 13471.7935943061 * x_10 + -2187.92170818505 * BlockSize_32 + -765.138790035591 * BlockSize_512 + -2041.62277580072 * BlockSize_4096 + -2870.69750889678 * BlockSize_32 * Deflate + -2539.77224199288 * BlockSize_1 + -833.829181494654 * Files_60 + -11741.7580071174 * x_10 * PPMd + -1336.99644128115 * tmOff + -1796.48398576512 * BlockSize_512 * filterOff + 1149.07473309609 * x_8 * BlockSize_16;19.7135864079506;19.7135864079506;19.7135864079506;19.7135864079506;2.28191;17;1149.07473309609 * x_8 * BlockSize_16;2;0.52317400245852;
13;6901.84261868631 * CompressionMethod + 13596.1814437459 * x_8 + 13496.6941252981 * x_10 + -2218.02406243227 * BlockSize_32 + -712.864730110548 * BlockSize_512 + -1955.75005419466 * BlockSize_4096 + -2813.81855625404 * BlockSize_32 * Deflate + -2511.88705831346 * BlockSize_1 + -770.980923477131 * Files_60 + -11758.5573379579 * x_10 * PPMd + -1396.09256449165 * tmOff + -1762.88532408411 * BlockSize_512 * filterOff + 1178.0685020594 * x_8 * BlockSize_16 + 479.249945805345 * BlockSize_64;19.5938165079921;19.5938165079921;19.5938165079921;19.5938165079921;2.893751;18;479.249945805345 * BlockSize_64;1;0.119769899958463;
14;6901.84261868633 * CompressionMethod + 13596.1814437459 * x_8 + 13496.6941252981 * x_10 + -2218.02406243226 * BlockSize_32 + -712.864730110555 * BlockSize_512 + -1955.75005419466 * BlockSize_4096 + -2813.81855625405 * BlockSize_32 * Deflate + -2511.88705831346 * BlockSize_1 + -770.98092347713 * Files_60 + -11758.557337958 * x_10 * PPMd + -1396.09256449166 * tmOff + -881.442662042055 * BlockSize_512 * filterOff + 1178.06850205939 * x_8 * BlockSize_16 + 479.24994580534 * BlockSize_64 + -881.442662042056 * BlockSize_512 * filterOff * tmOff;19.4150103853771;19.4150103853771;19.4150103853771;19.4150103853771;3.596852;21;-881.442662042056 * BlockSize_512 * filterOff * tmOff;3;0.0596020408716787;
Elapsed=00:00:03.5972355
Learning progress:
1;6886.08695652174 * CompressionMethod + 16881.4130434783 * x_10;83.6915996072685;83.6915996072685;83.6915996072685;83.6915996072685;0.006114;2;16881.4130434783 * x_10;1;103.416788236654;
2;5045.49999999999 * CompressionMethod + 18722 * x_10 + 14111.1666666667 * x_8;43.7190444485273;43.7190444485273;43.7190444485273;43.7190444485273;0.025261;3;14111.1666666667 * x_8;1;39.9725551587412;
3;3302.50000000001 * CompressionMethod + 20465 * x_10 + 15854.1666666667 * x_8 + 8715.00000000001 * x_6;28.3567413215888;28.3567413215888;28.3567413215888;28.3567413215888;0.062084;4;8715.00000000001 * x_6;1;15.3623031269386;
4;3302.5 * CompressionMethod + 20465 * x_10 + 16280.5 * x_8 + 9354.5 * x_6 + -1279 * Files_20;23.2996943222797;23.2996943222797;23.2996943222797;23.2996943222797;0.121104;5;-1279 * Files_20;1;5.05704699930907;
5;3302.5 * CompressionMethod + 20465 * x_10 + 16280.5 * x_8 + 4677.25 * x_6 + -1279.00000000001 * Files_20 + 4677.25 * x_6 * HeaderCompressionOff;15.8613196403459;15.8613196403459;15.8613196403459;15.8613196403459;0.205487;7;4677.25 * x_6 * HeaderCompressionOff;2;3.7191873409669;
6;3530.83333333334 * CompressionMethod + 20236.6666666667 * x_10 + 16052.1666666667 * x_8 + 4563.08333333334 * x_6 + -1279.00000000001 * Files_20 + 4563.08333333334 * x_6 * HeaderCompressionOff + -913.33333333334 * x_4;13.4874844995803;13.4874844995803;13.4874844995803;13.4874844995803;0.326352;8;-913.33333333334 * x_4;1;2.37383514076559;
7;3530.83333333333 * CompressionMethod + 20236.6666666667 * x_10 + 16052.1666666667 * x_8 + 4563.08333333334 * x_6 + -1278.99999999997 * Files_20 + 4563.08333333334 * x_6 * HeaderCompressionOff + -664.166666666656 * x_4 + -996.666666666661 * Files_10;13.4155148026108;13.4155148026108;13.4155148026108;13.4155148026108;0.490328;9;-996.666666666661 * Files_10;1;0.071969696969532;
Elapsed=00:00:00.4905714
Learning progress:
1;12775.3846153846 * CompressionMethod + -9393.38461538462 * x_2;80.5361333140554;80.5361333140554;80.5361333140554;80.5361333140554;0.006077;2;-9393.38461538462 * x_2;1;167.328325556214;
2;14645.4545454545 * CompressionMethod + -11263.4545454546 * x_2 + -12155.4545454546 * x_4;51.3302862485845;51.3302862485845;51.3302862485845;51.3302862485845;0.027059;3;-12155.4545454546 * x_4;1;29.2058470654708;
3;16289.3233082707 * CompressionMethod + -10496.3157894737 * x_2 + -12292.4436090226 * x_4 + -3013.75939849624 * tmOff;37.2581986989226;37.2581986989226;37.2581986989226;37.2581986989226;0.065085;4;-3013.75939849624 * tmOff;1;14.0720875496619;
4;10875.3975903614 * CompressionMethod + -6368.86746987952 * x_2 + -7682.56626506025 * x_4 + -1405.6626506024 * tmOff + 14258.4578313253 * x_10;29.6919161228151;29.6919161228151;29.6919161228151;29.6919161228151;0.130495;5;14258.4578313253 * x_10;1;7.5662825761075;
5;10539.7885196375 * CompressionMethod + -6207.64350453171 * x_2 + -6943.89728096676 * x_4 + -2211.78247734139 * tmOff + 14939.5468277946 * x_10 + 4096.40483383687 * Files_20;23.6668948377808;23.6668948377808;23.6668948377808;23.6668948377808;0.223556;6;4096.40483383687 * Files_20;1;6.02502128503428;
6;10445.5895578316 * CompressionMethod + -5702.76417686733 * x_2 + -6821.23532350736 * x_4 + -2268.70846864851 * tmOff + 15058.1426430177 * x_10 + 2270.70696977269 * Files_20 + 7402.41194104423 * Files_20 * LZMA;19.852622333232;19.852622333232;19.852622333232;19.852622333232;0.352032;8;7402.41194104423 * Files_20 * LZMA;2;1.90713625227442;
7;10277.0123839009 * CompressionMethod + -5770.19504643963 * x_2 + -6817.48916408669 * x_4 + -1939.04643962848 * tmOff + 15621.0030959753 * x_10 + 2132.09907120742 * Files_20 + 11128.9040247678 * Files_20 * LZMA + -3748.96904024767 * BlockSize_8;17.7963592904964;17.7963592904964;17.7963592904964;17.7963592904964;0.529783;9;-3748.96904024767 * BlockSize_8;1;2.05626304273556;
8;11031.864608076 * CompressionMethod + -5468.2541567696 * x_2 + -6834.26365795725 * x_4 + -3415.20190023753 * tmOff + 13100.635391924 * x_10 + 2752.75534441806 * Files_20 + 14760.5819477435 * Files_20 * LZMA + -7279.99999999997 * BlockSize_8 + 6772.70190023752 * x_10 * tmOff;15.7246653133639;15.7246653133639;15.7246653133639;15.7246653133639;0.758359;11;6772.70190023752 * x_10 * tmOff;2;1.03584698856624;
9;11012.1827613727 * CompressionMethod + -5268.97545889864 * x_2 + -6845.33469672784 * x_4 + -3698.94852354351 * tmOff + 12947.6910415004 * x_10 + 2989.75758180366 * Files_20 + 14827.0081803671 * Files_20 * LZMA + -7970.50478850757 * BlockSize_8 + 7229.07472067041 * x_10 * tmOff + 690.504788507568 * LZMA;13.5368882631285;13.5368882631285;13.5368882631285;13.5368882631285;1.048453;12;690.504788507568 * LZMA;1;2.18777705023548;
10;11190.5313319037 * CompressionMethod + -5030.81486776269 * x_2 + -7766.98355968549 * x_4 + -4307.21864824079 * tmOff + 12630.3248351998 * x_10 + 3340.29227225796 * Files_20 + 14906.3950440791 * Files_20 * LZMA + -8526.57533158606 * BlockSize_8 + 7976.3624811373 * x_10 * tmOff + 1246.57533158606 * LZMA + 3633.67087602252 * BlockSize_4;12.5186337006687;12.5186337006687;12.5186337006687;12.5186337006687;1.403295;13;3633.67087602252 * BlockSize_4;1;1.01825456245974;
11;11190.5313319037 * CompressionMethod + -5030.81486776268 * x_2 + -7766.98355968549 * x_4 + -4307.21864824081 * tmOff + 12630.3248351998 * x_10 + 3340.29227225797 * Files_20 + 14906.3950440791 * Files_20 * LZMA + -4263.28766579304 * BlockSize_8 + 7976.36248113732 * x_10 * tmOff + 1246.57533158605 * LZMA + 3633.67087602258 * BlockSize_4 + -4263.28766579304 * BlockSize_8 * LZMA;11.1694543689829;11.1694543689829;11.1694543689829;11.1694543689829;1.82768;15;-4263.28766579304 * BlockSize_8 * LZMA;2;0.674589665842896;
12;11190.5313319037 * CompressionMethod + -5030.81486776269 * x_2 + -7766.9835596855 * x_4 + -4307.21864824083 * tmOff + 12630.3248351998 * x_10 + 3340.29227225797 * Files_20 + 14906.3950440791 * Files_20 * LZMA + -2842.19177719536 * BlockSize_8 + 7976.36248113735 * x_10 * tmOff + 1246.57533158607 * LZMA + 3633.6708760226 * BlockSize_4 + -2842.19177719536 * BlockSize_8 * LZMA + -2842.19177719536 * BlockSize_8 * filterOff;10.5898933524091;10.5898933524091;10.5898933524091;10.5898933524091;2.33658;17;-2842.19177719536 * BlockSize_8 * filterOff;2;0.289780508286901;
13;11186.7269667648 * CompressionMethod + -5000.58897770299 * x_2 + -7764.97686159023 * x_4 + -4290.67732435843 * tmOff + 12636.9162810265 * x_10 + 3317.48001682793 * Files_20 + 14741.0096760623 * Files_20 * LZMA + -2779.98878137709 * BlockSize_8 + 7957.03407656709 * x_10 * tmOff + 1235.42700883465 * LZMA + 3618.92721918382 * BlockSize_4 + -2779.98878137708 * BlockSize_8 * LZMA + -2779.98878137708 * BlockSize_8 * filterOff + -175.460664703412 * tmOff * Files_80;10.4432463299413;10.4432463299413;10.4432463299413;10.4432463299413;2.996945;19;-175.460664703412 * tmOff * Files_80;2;0.0733235112339292;
Elapsed=00:00:02.9975766
Learning progress:
1;11356.8965517241 * CompressionMethod + -8846.89655172414 * BlockSize_1024;114.711352653924;114.711352653924;114.711352653924;114.711352653924;0.016449;2;-8846.89655172414 * BlockSize_1024;1;205.02520598467;
2;7521.90635451505 * CompressionMethod + -8719.06354515051 * BlockSize_1024 + 5560.73578595318 * filterOff;86.2899823370832;86.2899823370832;86.2899823370832;86.2899823370832;0.046634;3;5560.73578595318 * filterOff;1;28.4213703168413;
3;5792.73409893992 * CompressionMethod + -9013.14045936395 * BlockSize_1024 + 5078.44964664312 * filterOff + 3517.15989399293 * HeaderCompressionOff;52.0292062157222;52.0292062157222;52.0292062157222;52.0292062157222;0.086205;4;3517.15989399293 * HeaderCompressionOff;1;34.260776121361;
4;3494.97700562084 * CompressionMethod + -8481.73735309147 * BlockSize_1024 + 6627.75166070517 * filterOff + 4617.38886050077 * HeaderCompressionOff + 16945.0229943792 * Files_50;38.9670789884693;38.9670789884693;38.9670789884693;38.9670789884693;0.148874;5;16945.0229943792 * Files_50;1;13.0621272272529;
5;2548.794489093 * CompressionMethod + -7526.67049368542 * BlockSize_1024 + 6840.97588978187 * filterOff + 4390.83811710678 * HeaderCompressionOff + 17891.205510907 * Files_50 + 8693.32950631459 * x_8;29.2320887973568;29.2320887973568;29.2320887973568;29.2320887973568;0.235658;6;8693.32950631459 * x_8;1;9.73499019111252;
6;2108.88535031848 * CompressionMethod + -7420.54140127388 * BlockSize_1024 + 7297.89808917197 * filterOff + 4434.58598726115 * HeaderCompressionOff + 18331.1146496815 * Files_50 + 8093.82165605094 * x_8 + 2116.91082802548 * BlockSize_1;27.7169238245554;27.7169238245554;27.7169238245554;27.7169238245554;0.357489;7;2116.91082802548 * BlockSize_1;1;1.51516497280141;
7;1667.39675016925 * CompressionMethod + -8159.90182802979 * BlockSize_1024 + 8111.72647257957 * filterOff + 5392.03114421124 * HeaderCompressionOff + 18772.6032498308 * Files_50 + 7221.4827352742 * x_8 + 2515.84631008803 * BlockSize_1 + -9186.15436696007 * BlockSize_64;25.9792133921251;25.9792133921251;25.9792133921251;25.9792133921251;0.513163;8;-9186.15436696007 * BlockSize_64;1;1.73771043243029;
8;1941.05442176872 * CompressionMethod + -8334.04761904762 * BlockSize_1024 + 8397.82312925169 * filterOff + 4956.66666666666 * HeaderCompressionOff + 18498.9455782313 * Files_50 + 7034.89795918368 * x_8 + 7802.41496598639 * BlockSize_1 + -6685.91836734694 * BlockSize_64 + -5249.25170068028 * Files_30;23.6527936564602;23.6527936564602;23.6527936564602;23.6527936564602;0.716612;9;-5249.25170068028 * Files_30;1;2.32641973566489;
9;1685.60769656698 * CompressionMethod + -8930.0899778516 * BlockSize_1024 + 9079.01439645627 * filterOff + 5552.70902547066 * HeaderCompressionOff + 18754.392303433 * Files_50 + 9674.51411960133 * x_8 + 9505.39313399782 * BlockSize_1 + -2002.7284053156 * BlockSize_64 + -8314.6124031008 * Files_30 + -8344.59302325582 * HeaderCompressionOff * Files_90;18.3873983304196;18.3873983304196;18.3873983304196;18.3873983304196;0.965443;11;-8344.59302325582 * HeaderCompressionOff * Files_90;2;2.63269766302029;
10;1739.64875681201 * CompressionMethod + -8978.05900885558 * BlockSize_1024 + 9152.48595027248 * filterOff + 5470.12942779292 * HeaderCompressionOff + 18700.351243188 * Files_50 + 12814.9676430518 * x_8 + 10668.1867336512 * BlockSize_1 + -1070.06471389646 * BlockSize_64 + -8867.1670640327 * Files_30 + -9747.23177792915 * HeaderCompressionOff * Files_90 + -4386.43392370575 * x_8 * mtOff;16.7071479146095;16.7071479146095;16.7071479146095;16.7071479146095;1.28849;13;-4386.43392370575 * x_8 * mtOff;2;0.840125207905063;
11;1739.64875681199 * CompressionMethod + -8978.0590088556 * BlockSize_1024 + 9152.48595027248 * filterOff + 5470.12942779292 * HeaderCompressionOff + 18700.351243188 * Files_50 + 12814.9676430518 * x_8 + 10668.1867336512 * BlockSize_1 + -535.032356948235 * BlockSize_64 + -8867.16706403269 * Files_30 + -9747.23177792919 * HeaderCompressionOff * Files_90 + -4386.43392370577 * x_8 * mtOff + -535.03235694823 * BlockSize_64 * filterOff;16.7071479146092;16.7071479146092;16.7071479146092;16.7071479146092;1.681507;15;-535.03235694823 * BlockSize_64 * filterOff;2;1.70530256582424E-13;
Elapsed=00:00:01.6818184
Learning progress:
1;12704.6153846154 * CompressionMethod + -8132.61538461538 * x_0;155.05748921056;155.05748921056;155.05748921056;155.05748921056;0.005928;2;-8132.61538461538 * x_0;1;95.8113075632079;
2;14498.6363636364 * CompressionMethod + -9926.63636363638 * x_0 + -11661.1363636364 * x_4;97.6994024186794;97.6994024186794;97.6994024186794;97.6994024186794;0.025554;3;-11661.1363636364 * x_4;1;57.3580867918809;
3;19628 * CompressionMethod + -15056 * x_0 + -16790.5 * x_4 + -16120.8571428571 * x_2;53.0203807411209;53.0203807411209;53.0203807411209;53.0203807411209;0.062816;4;-16120.8571428571 * x_2;1;44.6790216775585;
4;19101.0220955096 * CompressionMethod + -16109.9558089808 * x_0 + -18239.6892373486 * x_4 + -16723.1176051319 * x_2 + 7904.66856735566 * BlockSize_4096;35.1570378148874;35.1570378148874;35.1570378148874;35.1570378148874;0.122239;5;7904.66856735566 * BlockSize_4096;1;17.8633429262335;
5;19040.1142857143 * CompressionMethod + -16231.7714285714 * x_0 + -17150.5142857143 * x_4 + -16074.6285714286 * x_2 + 8818.28571428573 * BlockSize_4096 + -5026.68571428572 * Files_80;30.268367023845;30.268367023845;30.268367023845;30.268367023845;0.210012;6;-5026.68571428572 * Files_80;1;4.88867079104241;
6;19043.9165154265 * CompressionMethod + -16046.7295825772 * x_0 + -17145.444646098 * x_4 + -16073.3611615245 * x_2 + 8761.25226860255 * BlockSize_4096 + -5005.13974591652 * Files_80 + -887.186932849352 * Files_40;28.3564983401042;28.3564983401042;28.3564983401042;28.3564983401042;0.32962;7;-887.186932849352 * Files_40;1;1.91186868374077;
7;19043.9165154265 * CompressionMethod + -16046.7295825771 * x_0 + -17145.444646098 * x_4 + -16073.3611615245 * x_2 + 8761.25226860255 * BlockSize_4096 + -5005.13974591652 * Files_80 + -443.593466424668 * Files_40 + -443.593466424668 * x_0 * Deflate;26.7883653281391;26.7883653281391;26.7883653281391;26.7883653281391;0.492459;9;-443.593466424668 * x_0 * Deflate;2;0.784066505982542;
8;19043.9165154265 * CompressionMethod + -16046.7295825771 * x_0 + -17145.444646098 * x_4 + -16073.3611615245 * x_2 + 8761.25226860256 * BlockSize_4096 + -2502.56987295827 * Files_80 + -443.59346642468 * Files_40 + -443.593466424677 * x_0 * Deflate + -2502.56987295827 * Files_80 * Deflate;25.2405116214605;25.2405116214605;25.2405116214605;25.2405116214605;0.698378;11;-2502.56987295827 * Files_80 * Deflate;2;0.773926853339324;
9;18941.8657491561 * CompressionMethod + -15952.8356271098 * x_0 + -17048.4692287717 * x_4 + -15974.2105946507 * x_2 + 8793.87951181512 * BlockSize_4096 + -2508.73279667622 * Files_80 + -439.515061023088 * Files_40 + -439.515061023088 * x_0 * Deflate + -2508.73279667622 * Files_80 * Deflate + 1498.13425084387 * Files_50;25.0666359184397;25.0666359184397;25.0666359184397;25.0666359184397;0.962149;12;1498.13425084387 * Files_50;1;0.173875703020755;
Elapsed=00:00:00.9624604
Learning progress:
1;6555.38461538461 * CompressionMethod + 12394.6153846154 * x_8;90.3753896573691;90.3753896573691;90.3753896573691;90.3753896573691;0.006122;2;12394.6153846154 * x_8;1;49.5388883756638;
2;5179.52380952381 * CompressionMethod + 13770.4761904762 * x_8 + 7154.47619047619 * x_10;63.6535757850141;63.6535757850141;63.6535757850141;63.6535757850141;0.024985;3;7154.47619047619 * x_10;1;26.721813872355;
3;5287.66304347825 * CompressionMethod + 14116.5217391304 * x_8 + 7046.33695652174 * x_10 + -2270.92391304349 * BlockSize_32;50.3947916532111;50.3947916532111;50.3947916532111;50.3947916532111;0.061226;4;-2270.92391304349 * BlockSize_32;1;13.258784131803;
4;5556.58597662771 * CompressionMethod + 13877.4791318865 * x_8 + 7327.21202003338 * x_10 + -2420.32554257095 * BlockSize_32 + -2748.98998330551 * BlockSize_512;44.2531538865537;44.2531538865537;44.2531538865537;44.2531538865537;0.119599;5;-2748.98998330551 * BlockSize_512;1;6.14163776665746;
5;5792.43470149253 * CompressionMethod + 13667.8358208955 * x_8 + 7125.05597014926 * x_10 + -2551.3526119403 * BlockSize_32 + -2917.45335820895 * BlockSize_512 + -2242.43470149253 * BlockSize_4096;37.1580160276262;37.1580160276262;37.1580160276262;37.1580160276262;0.208197;6;-2242.43470149253 * BlockSize_4096;1;7.09513785892748;
6;5875.17241379311 * CompressionMethod + 13242.3275862069 * x_8 + 7054.13793103448 * x_10 + -837.500000000015 * BlockSize_32 + -2976.55172413793 * BlockSize_512 + -2325.1724137931 * BlockSize_4096 + -3167.67241379308 * BlockSize_32 * Deflate;32.9893712687873;32.9893712687873;32.9893712687873;32.9893712687873;0.331155;8;-3167.67241379308 * BlockSize_32 * Deflate;2;2.08432237941946;
7;6018.48214285714 * CompressionMethod + 13692.7295918367 * x_8 + 6931.30102040816 * x_10 + -1431.21173469387 * BlockSize_32 + -3078.91581632653 * BlockSize_512 + -2468.48214285715 * BlockSize_4096 + -2717.27040816327 * BlockSize_32 * Deflate + -2374.8469387755 * BlockSize_1;31.172895075669;31.172895075669;31.172895075669;31.172895075669;0.501694;9;-2374.8469387755 * BlockSize_1;1;1.81647619311821;
8;6138.52355072464 * CompressionMethod + 13589.8369565217 * x_8 + 7188.53260869565 * x_10 + -1448.36050724637 * BlockSize_32 + -3284.70108695652 * BlockSize_512 + -2588.52355072463 * BlockSize_4096 + -2820.16304347826 * BlockSize_32 * Deflate + -2443.44202898551 * BlockSize_1 + -840.289855072453 * Files_60;29.5198279324025;29.5198279324025;29.5198279324025;29.5198279324025;0.723671;10;-840.289855072453 * Files_60;1;1.65306714326652;
9;5995.21166134186 * CompressionMethod + 13712.6757188498 * x_8 + 13944.6645367412 * x_10 + -1427.8873801917 * BlockSize_32 + -1626.37779552716 * BlockSize_512 + -2445.21166134186 * BlockSize_4096 + -2697.32428115014 * BlockSize_32 * Deflate + -2361.54952076678 * BlockSize_1 + -1249.75239616614 * Files_60 + -11301.1661341853 * x_10 * PPMd;27.6047904351607;27.6047904351607;27.6047904351607;27.6047904351607;0.996256;12;-11301.1661341853 * x_10 * PPMd;2;0.957518748620906;
10;6931.92580049261 * CompressionMethod + 13877.0874384236 * x_8 + 13507.6754926108 * x_10 + -2529.01323891627 * BlockSize_32 + -1438.16964285714 * BlockSize_512 + -2027.69242610837 * BlockSize_4096 + -2532.91256157636 * BlockSize_32 * Deflate + -2703.35283251232 * BlockSize_1 + -894.969211822664 * Files_60 + -11530.4772167488 * x_10 * PPMd + -1354.23337438423 * tmOff;24.0188018229397;24.0188018229397;24.0188018229397;24.0188018229397;1.345311;13;-1354.23337438423 * tmOff;1;3.58598861222107;
11;6911.29648241206 * CompressionMethod + 13852.5552763819 * x_8 + 13477.567839196 * x_10 + -2483.85175879397 * BlockSize_32 + -775.243718592963 * BlockSize_512 + -2066.16331658291 * BlockSize_4096 + -2557.44472361808 * BlockSize_32 * Deflate + -2700.00753768842 * BlockSize_1 + -852.595477386926 * Files_60 + -11734.5402010051 * x_10 * PPMd + -1295.13316582915 * tmOff + -1810.91959798997 * BlockSize_512 * filterOff;20.7599344128676;20.7599344128676;20.7599344128676;20.7599344128676;1.764018;15;-1810.91959798997 * BlockSize_512 * filterOff;2;1.62943370503601;
12;6928.61921708185 * CompressionMethod + 13539.3024911032 * x_8 + 13471.7935943061 * x_10 + -2187.92170818505 * BlockSize_32 + -765.138790035591 * BlockSize_512 + -2041.62277580072 * BlockSize_4096 + -2870.69750889678 * BlockSize_32 * Deflate + -2539.77224199288 * BlockSize_1 + -833.829181494654 * Files_60 + -11741.7580071174 * x_10 * PPMd + -1336.99644128115 * tmOff + -1796.48398576512 * BlockSize_512 * filterOff + 1149.07473309609 * x_8 * BlockSize_16;19.7135864079506;19.7135864079506;19.7135864079506;19.7135864079506;2.281783;17;1149.07473309609 * x_8 * BlockSize_16;2;0.52317400245852;
13;6901.84261868631 * CompressionMethod + 13596.1814437459 * x_8 + 13496.6941252981 * x_10 + -2218.02406243227 * BlockSize_32 + -712.864730110548 * BlockSize_512 + -1955.75005419466 * BlockSize_4096 + -2813.81855625404 * BlockSize_32 * Deflate + -2511.88705831346 * BlockSize_1 + -770.980923477131 * Files_60 + -11758.5573379579 * x_10 * PPMd + -1396.09256449165 * tmOff + -1762.88532408411 * BlockSize_512 * filterOff + 1178.0685020594 * x_8 * BlockSize_16 + 479.249945805345 * BlockSize_64;19.5938165079921;19.5938165079921;19.5938165079921;19.5938165079921;2.89379;18;479.249945805345 * BlockSize_64;1;0.119769899958463;
Elapsed=00:00:02.8942008
Learning progress:
1;6886.08695652174 * CompressionMethod + 16881.4130434783 * x_10;83.6915996072685;83.6915996072685;83.6915996072685;83.6915996072685;0.00598;2;16881.4130434783 * x_10;1;103.416788236654;
2;5045.49999999999 * CompressionMethod + 18722 * x_10 + 14111.1666666667 * x_8;43.7190444485273;43.7190444485273;43.7190444485273;43.7190444485273;0.026198;3;14111.1666666667 * x_8;1;39.9725551587412;
3;3302.50000000001 * CompressionMethod + 20465 * x_10 + 15854.1666666667 * x_8 + 8715.00000000001 * x_6;28.3567413215888;28.3567413215888;28.3567413215888;28.3567413215888;0.062;4;8715.00000000001 * x_6;1;15.3623031269386;
4;3302.5 * CompressionMethod + 20465 * x_10 + 16280.5 * x_8 + 9354.5 * x_6 + -1279 * Files_20;23.2996943222797;23.2996943222797;23.2996943222797;23.2996943222797;0.11883;5;-1279 * Files_20;1;5.05704699930907;
5;3302.5 * CompressionMethod + 20465 * x_10 + 16280.5 * x_8 + 4677.25 * x_6 + -1279.00000000001 * Files_20 + 4677.25 * x_6 * HeaderCompressionOff;15.8613196403459;15.8613196403459;15.8613196403459;15.8613196403459;0.204774;7;4677.25 * x_6 * HeaderCompressionOff;2;3.7191873409669;
6;3530.83333333334 * CompressionMethod + 20236.6666666667 * x_10 + 16052.1666666667 * x_8 + 4563.08333333334 * x_6 + -1279.00000000001 * Files_20 + 4563.08333333334 * x_6 * HeaderCompressionOff + -913.33333333334 * x_4;13.4874844995803;13.4874844995803;13.4874844995803;13.4874844995803;0.326652;8;-913.33333333334 * x_4;1;2.37383514076559;
7;3530.83333333333 * CompressionMethod + 20236.6666666667 * x_10 + 16052.1666666667 * x_8 + 4563.08333333334 * x_6 + -1278.99999999997 * Files_20 + 4563.08333333334 * x_6 * HeaderCompressionOff + -664.166666666656 * x_4 + -996.666666666661 * Files_10;13.4155148026108;13.4155148026108;13.4155148026108;13.4155148026108;0.48893;9;-996.666666666661 * Files_10;1;0.071969696969532;
Elapsed=00:00:00.4891719
Learning progress:
1;12775.3846153846 * CompressionMethod + -9393.38461538462 * x_2;80.5361333140554;80.5361333140554;80.5361333140554;80.5361333140554;0.00648;2;-9393.38461538462 * x_2;1;167.328325556214;
2;14645.4545454545 * CompressionMethod + -11263.4545454546 * x_2 + -12155.4545454546 * x_4;51.3302862485845;51.3302862485845;51.3302862485845;51.3302862485845;0.027694;3;-12155.4545454546 * x_4;1;29.2058470654708;
3;16289.3233082707 * CompressionMethod + -10496.3157894737 * x_2 + -12292.4436090226 * x_4 + -3013.75939849624 * tmOff;37.2581986989226;37.2581986989226;37.2581986989226;37.2581986989226;0.06538;4;-3013.75939849624 * tmOff;1;14.0720875496619;
4;10875.3975903614 * CompressionMethod + -6368.86746987952 * x_2 + -7682.56626506025 * x_4 + -1405.6626506024 * tmOff + 14258.4578313253 * x_10;29.6919161228151;29.6919161228151;29.6919161228151;29.6919161228151;0.130236;5;14258.4578313253 * x_10;1;7.5662825761075;
5;10539.7885196375 * CompressionMethod + -6207.64350453171 * x_2 + -6943.89728096676 * x_4 + -2211.78247734139 * tmOff + 14939.5468277946 * x_10 + 4096.40483383687 * Files_20;23.6668948377808;23.6668948377808;23.6668948377808;23.6668948377808;0.220543;6;4096.40483383687 * Files_20;1;6.02502128503428;
6;10445.5895578316 * CompressionMethod + -5702.76417686733 * x_2 + -6821.23532350736 * x_4 + -2268.70846864851 * tmOff + 15058.1426430177 * x_10 + 2270.70696977269 * Files_20 + 7402.41194104423 * Files_20 * LZMA;19.852622333232;19.852622333232;19.852622333232;19.852622333232;0.348366;8;7402.41194104423 * Files_20 * LZMA;2;1.90713625227442;
7;10277.0123839009 * CompressionMethod + -5770.19504643963 * x_2 + -6817.48916408669 * x_4 + -1939.04643962848 * tmOff + 15621.0030959753 * x_10 + 2132.09907120742 * Files_20 + 11128.9040247678 * Files_20 * LZMA + -3748.96904024767 * BlockSize_8;17.7963592904964;17.7963592904964;17.7963592904964;17.7963592904964;0.521584;9;-3748.96904024767 * BlockSize_8;1;2.05626304273556;
8;11031.864608076 * CompressionMethod + -5468.2541567696 * x_2 + -6834.26365795725 * x_4 + -3415.20190023753 * tmOff + 13100.635391924 * x_10 + 2752.75534441806 * Files_20 + 14760.5819477435 * Files_20 * LZMA + -7279.99999999997 * BlockSize_8 + 6772.70190023752 * x_10 * tmOff;15.7246653133639;15.7246653133639;15.7246653133639;15.7246653133639;0.752053;11;6772.70190023752 * x_10 * tmOff;2;1.03584698856624;
9;11012.1827613727 * CompressionMethod + -5268.97545889864 * x_2 + -6845.33469672784 * x_4 + -3698.94852354351 * tmOff + 12947.6910415004 * x_10 + 2989.75758180366 * Files_20 + 14827.0081803671 * Files_20 * LZMA + -7970.50478850757 * BlockSize_8 + 7229.07472067041 * x_10 * tmOff + 690.504788507568 * LZMA;13.5368882631285;13.5368882631285;13.5368882631285;13.5368882631285;1.04049;12;690.504788507568 * LZMA;1;2.18777705023548;
10;11190.5313319037 * CompressionMethod + -5030.81486776269 * x_2 + -7766.98355968549 * x_4 + -4307.21864824079 * tmOff + 12630.3248351998 * x_10 + 3340.29227225796 * Files_20 + 14906.3950440791 * Files_20 * LZMA + -8526.57533158606 * BlockSize_8 + 7976.3624811373 * x_10 * tmOff + 1246.57533158606 * LZMA + 3633.67087602252 * BlockSize_4;12.5186337006687;12.5186337006687;12.5186337006687;12.5186337006687;1.396066;13;3633.67087602252 * BlockSize_4;1;1.01825456245974;
11;11190.5313319037 * CompressionMethod + -5030.81486776268 * x_2 + -7766.98355968549 * x_4 + -4307.21864824081 * tmOff + 12630.3248351998 * x_10 + 3340.29227225797 * Files_20 + 14906.3950440791 * Files_20 * LZMA + -4263.28766579304 * BlockSize_8 + 7976.36248113732 * x_10 * tmOff + 1246.57533158605 * LZMA + 3633.67087602258 * BlockSize_4 + -4263.28766579304 * BlockSize_8 * LZMA;11.1694543689829;11.1694543689829;11.1694543689829;11.1694543689829;1.821597;15;-4263.28766579304 * BlockSize_8 * LZMA;2;0.674589665842896;
12;11190.5313319037 * CompressionMethod + -5030.81486776269 * x_2 + -7766.9835596855 * x_4 + -4307.21864824083 * tmOff + 12630.3248351998 * x_10 + 3340.29227225797 * Files_20 + 14906.3950440791 * Files_20 * LZMA + -2842.19177719536 * BlockSize_8 + 7976.36248113735 * x_10 * tmOff + 1246.57533158607 * LZMA + 3633.6708760226 * BlockSize_4 + -2842.19177719536 * BlockSize_8 * LZMA + -2842.19177719536 * BlockSize_8 * filterOff;10.5898933524091;10.5898933524091;10.5898933524091;10.5898933524091;2.337177;17;-2842.19177719536 * BlockSize_8 * filterOff;2;0.289780508286901;
13;11186.7269667648 * CompressionMethod + -5000.58897770299 * x_2 + -7764.97686159023 * x_4 + -4290.67732435843 * tmOff + 12636.9162810265 * x_10 + 3317.48001682793 * Files_20 + 14741.0096760623 * Files_20 * LZMA + -2779.98878137709 * BlockSize_8 + 7957.03407656709 * x_10 * tmOff + 1235.42700883465 * LZMA + 3618.92721918382 * BlockSize_4 + -2779.98878137708 * BlockSize_8 * LZMA + -2779.98878137708 * BlockSize_8 * filterOff + -175.460664703412 * tmOff * Files_80;10.4432463299413;10.4432463299413;10.4432463299413;10.4432463299413;2.948115;19;-175.460664703412 * tmOff * Files_80;2;0.0733235112339292;
Elapsed=00:00:02.9484792
Learning progress:
1;11356.8965517241 * CompressionMethod + -8846.89655172414 * BlockSize_1024;114.711352653924;114.711352653924;114.711352653924;114.711352653924;0.007225;2;-8846.89655172414 * BlockSize_1024;1;205.02520598467;
2;7521.90635451505 * CompressionMethod + -8719.06354515051 * BlockSize_1024 + 5560.73578595318 * filterOff;86.2899823370832;86.2899823370832;86.2899823370832;86.2899823370832;0.026058;3;5560.73578595318 * filterOff;1;28.4213703168413;
3;5792.73409893992 * CompressionMethod + -9013.14045936395 * BlockSize_1024 + 5078.44964664312 * filterOff + 3517.15989399293 * HeaderCompressionOff;52.0292062157222;52.0292062157222;52.0292062157222;52.0292062157222;0.063401;4;3517.15989399293 * HeaderCompressionOff;1;34.260776121361;
4;3494.97700562084 * CompressionMethod + -8481.73735309147 * BlockSize_1024 + 6627.75166070517 * filterOff + 4617.38886050077 * HeaderCompressionOff + 16945.0229943792 * Files_50;38.9670789884693;38.9670789884693;38.9670789884693;38.9670789884693;0.12632;5;16945.0229943792 * Files_50;1;13.0621272272529;
5;2548.794489093 * CompressionMethod + -7526.67049368542 * BlockSize_1024 + 6840.97588978187 * filterOff + 4390.83811710678 * HeaderCompressionOff + 17891.205510907 * Files_50 + 8693.32950631459 * x_8;29.2320887973568;29.2320887973568;29.2320887973568;29.2320887973568;0.213469;6;8693.32950631459 * x_8;1;9.73499019111252;
6;2108.88535031848 * CompressionMethod + -7420.54140127388 * BlockSize_1024 + 7297.89808917197 * filterOff + 4434.58598726115 * HeaderCompressionOff + 18331.1146496815 * Files_50 + 8093.82165605094 * x_8 + 2116.91082802548 * BlockSize_1;27.7169238245554;27.7169238245554;27.7169238245554;27.7169238245554;0.334717;7;2116.91082802548 * BlockSize_1;1;1.51516497280141;
7;1667.39675016925 * CompressionMethod + -8159.90182802979 * BlockSize_1024 + 8111.72647257957 * filterOff + 5392.03114421124 * HeaderCompressionOff + 18772.6032498308 * Files_50 + 7221.4827352742 * x_8 + 2515.84631008803 * BlockSize_1 + -9186.15436696007 * BlockSize_64;25.9792133921251;25.9792133921251;25.9792133921251;25.9792133921251;0.491859;8;-9186.15436696007 * BlockSize_64;1;1.73771043243029;
8;1941.05442176872 * CompressionMethod + -8334.04761904762 * BlockSize_1024 + 8397.82312925169 * filterOff + 4956.66666666666 * HeaderCompressionOff + 18498.9455782313 * Files_50 + 7034.89795918368 * x_8 + 7802.41496598639 * BlockSize_1 + -6685.91836734694 * BlockSize_64 + -5249.25170068028 * Files_30;23.6527936564602;23.6527936564602;23.6527936564602;23.6527936564602;0.69215;9;-5249.25170068028 * Files_30;1;2.32641973566489;
9;1685.60769656698 * CompressionMethod + -8930.0899778516 * BlockSize_1024 + 9079.01439645627 * filterOff + 5552.70902547066 * HeaderCompressionOff + 18754.392303433 * Files_50 + 9674.51411960133 * x_8 + 9505.39313399782 * BlockSize_1 + -2002.7284053156 * BlockSize_64 + -8314.6124031008 * Files_30 + -8344.59302325582 * HeaderCompressionOff * Files_90;18.3873983304196;18.3873983304196;18.3873983304196;18.3873983304196;0.942355;11;-8344.59302325582 * HeaderCompressionOff * Files_90;2;2.63269766302029;
10;1739.64875681201 * CompressionMethod + -8978.05900885558 * BlockSize_1024 + 9152.48595027248 * filterOff + 5470.12942779292 * HeaderCompressionOff + 18700.351243188 * Files_50 + 12814.9676430518 * x_8 + 10668.1867336512 * BlockSize_1 + -1070.06471389646 * BlockSize_64 + -8867.1670640327 * Files_30 + -9747.23177792915 * HeaderCompressionOff * Files_90 + -4386.43392370575 * x_8 * mtOff;16.7071479146095;16.7071479146095;16.7071479146095;16.7071479146095;1.265047;13;-4386.43392370575 * x_8 * mtOff;2;0.840125207905063;
11;1739.64875681199 * CompressionMethod + -8978.0590088556 * BlockSize_1024 + 9152.48595027248 * filterOff + 5470.12942779292 * HeaderCompressionOff + 18700.351243188 * Files_50 + 12814.9676430518 * x_8 + 10668.1867336512 * BlockSize_1 + -535.032356948235 * BlockSize_64 + -8867.16706403269 * Files_30 + -9747.23177792919 * HeaderCompressionOff * Files_90 + -4386.43392370577 * x_8 * mtOff + -535.03235694823 * BlockSize_64 * filterOff;16.7071479146092;16.7071479146092;16.7071479146092;16.7071479146092;1.667221;15;-535.03235694823 * BlockSize_64 * filterOff;2;1.70530256582424E-13;
Elapsed=00:00:01.6675124
Learning progress:
1;12704.6153846154 * CompressionMethod + -8132.61538461538 * x_0;155.05748921056;155.05748921056;155.05748921056;155.05748921056;0.007589;2;-8132.61538461538 * x_0;1;95.8113075632079;
2;14498.6363636364 * CompressionMethod + -9926.63636363638 * x_0 + -11661.1363636364 * x_4;97.6994024186794;97.6994024186794;97.6994024186794;97.6994024186794;0.027979;3;-11661.1363636364 * x_4;1;57.3580867918809;
3;19628 * CompressionMethod + -15056 * x_0 + -16790.5 * x_4 + -16120.8571428571 * x_2;53.0203807411209;53.0203807411209;53.0203807411209;53.0203807411209;0.065611;4;-16120.8571428571 * x_2;1;44.6790216775585;
4;19101.0220955096 * CompressionMethod + -16109.9558089808 * x_0 + -18239.6892373486 * x_4 + -16723.1176051319 * x_2 + 7904.66856735566 * BlockSize_4096;35.1570378148874;35.1570378148874;35.1570378148874;35.1570378148874;0.12611;5;7904.66856735566 * BlockSize_4096;1;17.8633429262335;
5;19040.1142857143 * CompressionMethod + -16231.7714285714 * x_0 + -17150.5142857143 * x_4 + -16074.6285714286 * x_2 + 8818.28571428573 * BlockSize_4096 + -5026.68571428572 * Files_80;30.268367023845;30.268367023845;30.268367023845;30.268367023845;0.214408;6;-5026.68571428572 * Files_80;1;4.88867079104241;
6;19043.9165154265 * CompressionMethod + -16046.7295825772 * x_0 + -17145.444646098 * x_4 + -16073.3611615245 * x_2 + 8761.25226860255 * BlockSize_4096 + -5005.13974591652 * Files_80 + -887.186932849352 * Files_40;28.3564983401042;28.3564983401042;28.3564983401042;28.3564983401042;0.335701;7;-887.186932849352 * Files_40;1;1.91186868374077;
7;19043.9165154265 * CompressionMethod + -16046.7295825771 * x_0 + -17145.444646098 * x_4 + -16073.3611615245 * x_2 + 8761.25226860255 * BlockSize_4096 + -5005.13974591652 * Files_80 + -443.593466424668 * Files_40 + -443.593466424668 * x_0 * Deflate;26.7883653281391;26.7883653281391;26.7883653281391;26.7883653281391;0.494334;9;-443.593466424668 * x_0 * Deflate;2;0.784066505982542;
8;19043.9165154265 * CompressionMethod + -16046.7295825771 * x_0 + -17145.444646098 * x_4 + -16073.3611615245 * x_2 + 8761.25226860256 * BlockSize_4096 + -2502.56987295827 * Files_80 + -443.59346642468 * Files_40 + -443.593466424677 * x_0 * Deflate + -2502.56987295827 * Files_80 * Deflate;25.2405116214605;25.2405116214605;25.2405116214605;25.2405116214605;0.701783;11;-2502.56987295827 * Files_80 * Deflate;2;0.773926853339324;
9;18941.8657491561 * CompressionMethod + -15952.8356271098 * x_0 + -17048.4692287717 * x_4 + -15974.2105946507 * x_2 + 8793.87951181512 * BlockSize_4096 + -2508.73279667622 * Files_80 + -439.515061023088 * Files_40 + -439.515061023088 * x_0 * Deflate + -2508.73279667622 * Files_80 * Deflate + 1498.13425084387 * Files_50;25.0666359184397;25.0666359184397;25.0666359184397;25.0666359184397;0.96666;12;1498.13425084387 * Files_50;1;0.173875703020755;
Elapsed=00:00:00.9669307
Learning progress:
1;6555.38461538461 * CompressionMethod + 12394.6153846154 * x_8;90.3753896573691;90.3753896573691;90.3753896573691;90.3753896573691;0.005796;2;12394.6153846154 * x_8;1;49.5388883756638;
2;5179.52380952381 * CompressionMethod + 13770.4761904762 * x_8 + 7154.47619047619 * x_10;63.6535757850141;63.6535757850141;63.6535757850141;63.6535757850141;0.024395;3;7154.47619047619 * x_10;1;26.721813872355;
3;5287.66304347825 * CompressionMethod + 14116.5217391304 * x_8 + 7046.33695652174 * x_10 + -2270.92391304349 * BlockSize_32;50.3947916532111;50.3947916532111;50.3947916532111;50.3947916532111;0.060908;4;-2270.92391304349 * BlockSize_32;1;13.258784131803;
4;5556.58597662771 * CompressionMethod + 13877.4791318865 * x_8 + 7327.21202003338 * x_10 + -2420.32554257095 * BlockSize_32 + -2748.98998330551 * BlockSize_512;44.2531538865537;44.2531538865537;44.2531538865537;44.2531538865537;0.121908;5;-2748.98998330551 * BlockSize_512;1;6.14163776665746;
5;5792.43470149253 * CompressionMethod + 13667.8358208955 * x_8 + 7125.05597014926 * x_10 + -2551.3526119403 * BlockSize_32 + -2917.45335820895 * BlockSize_512 + -2242.43470149253 * BlockSize_4096;37.1580160276262;37.1580160276262;37.1580160276262;37.1580160276262;0.211228;6;-2242.43470149253 * BlockSize_4096;1;7.09513785892748;
6;5875.17241379311 * CompressionMethod + 13242.3275862069 * x_8 + 7054.13793103448 * x_10 + -837.500000000015 * BlockSize_32 + -2976.55172413793 * BlockSize_512 + -2325.1724137931 * BlockSize_4096 + -3167.67241379308 * BlockSize_32 * Deflate;32.9893712687873;32.9893712687873;32.9893712687873;32.9893712687873;0.336597;8;-3167.67241379308 * BlockSize_32 * Deflate;2;2.08432237941946;
7;6018.48214285714 * CompressionMethod + 13692.7295918367 * x_8 + 6931.30102040816 * x_10 + -1431.21173469387 * BlockSize_32 + -3078.91581632653 * BlockSize_512 + -2468.48214285715 * BlockSize_4096 + -2717.27040816327 * BlockSize_32 * Deflate + -2374.8469387755 * BlockSize_1;31.172895075669;31.172895075669;31.172895075669;31.172895075669;0.510505;9;-2374.8469387755 * BlockSize_1;1;1.81647619311821;
8;6138.52355072464 * CompressionMethod + 13589.8369565217 * x_8 + 7188.53260869565 * x_10 + -1448.36050724637 * BlockSize_32 + -3284.70108695652 * BlockSize_512 + -2588.52355072463 * BlockSize_4096 + -2820.16304347826 * BlockSize_32 * Deflate + -2443.44202898551 * BlockSize_1 + -840.289855072453 * Files_60;29.5198279324025;29.5198279324025;29.5198279324025;29.5198279324025;0.734537;10;-840.289855072453 * Files_60;1;1.65306714326652;
9;5995.21166134186 * CompressionMethod + 13712.6757188498 * x_8 + 13944.6645367412 * x_10 + -1427.8873801917 * BlockSize_32 + -1626.37779552716 * BlockSize_512 + -2445.21166134186 * BlockSize_4096 + -2697.32428115014 * BlockSize_32 * Deflate + -2361.54952076678 * BlockSize_1 + -1249.75239616614 * Files_60 + -11301.1661341853 * x_10 * PPMd;27.6047904351607;27.6047904351607;27.6047904351607;27.6047904351607;1.015191;12;-11301.1661341853 * x_10 * PPMd;2;0.957518748620906;
10;6931.92580049261 * CompressionMethod + 13877.0874384236 * x_8 + 13507.6754926108 * x_10 + -2529.01323891627 * BlockSize_32 + -1438.16964285714 * BlockSize_512 + -2027.69242610837 * BlockSize_4096 + -2532.91256157636 * BlockSize_32 * Deflate + -2703.35283251232 * BlockSize_1 + -894.969211822664 * Files_60 + -11530.4772167488 * x_10 * PPMd + -1354.23337438423 * tmOff;24.0188018229397;24.0188018229397;24.0188018229397;24.0188018229397;1.364401;13;-1354.23337438423 * tmOff;1;3.58598861222107;
11;6911.29648241206 * CompressionMethod + 13852.5552763819 * x_8 + 13477.567839196 * x_10 + -2483.85175879397 * BlockSize_32 + -775.243718592963 * BlockSize_512 + -2066.16331658291 * BlockSize_4096 + -2557.44472361808 * BlockSize_32 * Deflate + -2700.00753768842 * BlockSize_1 + -852.595477386926 * Files_60 + -11734.5402010051 * x_10 * PPMd + -1295.13316582915 * tmOff + -1810.91959798997 * BlockSize_512 * filterOff;20.7599344128676;20.7599344128676;20.7599344128676;20.7599344128676;1.789939;15;-1810.91959798997 * BlockSize_512 * filterOff;2;1.62943370503601;
12;6928.61921708185 * CompressionMethod + 13539.3024911032 * x_8 + 13471.7935943061 * x_10 + -2187.92170818505 * BlockSize_32 + -765.138790035591 * BlockSize_512 + -2041.62277580072 * BlockSize_4096 + -2870.69750889678 * BlockSize_32 * Deflate + -2539.77224199288 * BlockSize_1 + -833.829181494654 * Files_60 + -11741.7580071174 * x_10 * PPMd + -1336.99644128115 * tmOff + -1796.48398576512 * BlockSize_512 * filterOff + 1149.07473309609 * x_8 * BlockSize_16;19.7135864079506;19.7135864079506;19.7135864079506;19.7135864079506;2.463269;17;1149.07473309609 * x_8 * BlockSize_16;2;0.52317400245852;
13;6901.84261868631 * CompressionMethod + 13596.1814437459 * x_8 + 13496.6941252981 * x_10 + -2218.02406243227 * BlockSize_32 + -712.864730110548 * BlockSize_512 + -1955.75005419466 * BlockSize_4096 + -2813.81855625404 * BlockSize_32 * Deflate + -2511.88705831346 * BlockSize_1 + -770.980923477131 * Files_60 + -11758.5573379579 * x_10 * PPMd + -1396.09256449165 * tmOff + -1762.88532408411 * BlockSize_512 * filterOff + 1178.0685020594 * x_8 * BlockSize_16 + 479.249945805345 * BlockSize_64;19.5938165079921;19.5938165079921;19.5938165079921;19.5938165079921;3.075776;18;479.249945805345 * BlockSize_64;1;0.119769899958463;
Elapsed=00:00:03.0761464
Learning progress:
1;6886.08695652174 * CompressionMethod + 16881.4130434783 * x_10;83.6915996072685;83.6915996072685;83.6915996072685;83.6915996072685;0.005873;2;16881.4130434783 * x_10;1;103.416788236654;
2;5045.49999999999 * CompressionMethod + 18722 * x_10 + 14111.1666666667 * x_8;43.7190444485273;43.7190444485273;43.7190444485273;43.7190444485273;0.024987;3;14111.1666666667 * x_8;1;39.9725551587412;
3;3302.50000000001 * CompressionMethod + 20465 * x_10 + 15854.1666666667 * x_8 + 8715.00000000001 * x_6;28.3567413215888;28.3567413215888;28.3567413215888;28.3567413215888;0.060948;4;8715.00000000001 * x_6;1;15.3623031269386;
4;3302.5 * CompressionMethod + 20465 * x_10 + 16280.5 * x_8 + 9354.5 * x_6 + -1279 * Files_20;23.2996943222797;23.2996943222797;23.2996943222797;23.2996943222797;0.118278;5;-1279 * Files_20;1;5.05704699930907;
5;3302.5 * CompressionMethod + 20465 * x_10 + 16280.5 * x_8 + 4677.25 * x_6 + -1279.00000000001 * Files_20 + 4677.25 * x_6 * HeaderCompressionOff;15.8613196403459;15.8613196403459;15.8613196403459;15.8613196403459;0.204547;7;4677.25 * x_6 * HeaderCompressionOff;2;3.7191873409669;
6;3530.83333333334 * CompressionMethod + 20236.6666666667 * x_10 + 16052.1666666667 * x_8 + 4563.08333333334 * x_6 + -1279.00000000001 * Files_20 + 4563.08333333334 * x_6 * HeaderCompressionOff + -913.33333333334 * x_4;13.4874844995803;13.4874844995803;13.4874844995803;13.4874844995803;0.327655;8;-913.33333333334 * x_4;1;2.37383514076559;
7;3530.83333333333 * CompressionMethod + 20236.6666666667 * x_10 + 16052.1666666667 * x_8 + 4563.08333333334 * x_6 + -1278.99999999997 * Files_20 + 4563.08333333334 * x_6 * HeaderCompressionOff + -664.166666666656 * x_4 + -996.666666666661 * Files_10;13.4155148026108;13.4155148026108;13.4155148026108;13.4155148026108;0.489425;9;-996.666666666661 * Files_10;1;0.071969696969532;
Elapsed=00:00:00.4896687
Learning progress:
1;12775.3846153846 * CompressionMethod + -9393.38461538462 * x_2;80.5361333140554;80.5361333140554;80.5361333140554;80.5361333140554;0.006152;2;-9393.38461538462 * x_2;1;167.328325556214;
2;14645.4545454545 * CompressionMethod + -11263.4545454546 * x_2 + -12155.4545454546 * x_4;51.3302862485845;51.3302862485845;51.3302862485845;51.3302862485845;0.027208;3;-12155.4545454546 * x_4;1;29.2058470654708;
3;16289.3233082707 * CompressionMethod + -10496.3157894737 * x_2 + -12292.4436090226 * x_4 + -3013.75939849624 * tmOff;37.2581986989226;37.2581986989226;37.2581986989226;37.2581986989226;0.064922;4;-3013.75939849624 * tmOff;1;14.0720875496619;
4;10875.3975903614 * CompressionMethod + -6368.86746987952 * x_2 + -7682.56626506025 * x_4 + -1405.6626506024 * tmOff + 14258.4578313253 * x_10;29.6919161228151;29.6919161228151;29.6919161228151;29.6919161228151;0.130479;5;14258.4578313253 * x_10;1;7.5662825761075;
5;10539.7885196375 * CompressionMethod + -6207.64350453171 * x_2 + -6943.89728096676 * x_4 + -2211.78247734139 * tmOff + 14939.5468277946 * x_10 + 4096.40483383687 * Files_20;23.6668948377808;23.6668948377808;23.6668948377808;23.6668948377808;0.221236;6;4096.40483383687 * Files_20;1;6.02502128503428;
6;10445.5895578316 * CompressionMethod + -5702.76417686733 * x_2 + -6821.23532350736 * x_4 + -2268.70846864851 * tmOff + 15058.1426430177 * x_10 + 2270.70696977269 * Files_20 + 7402.41194104423 * Files_20 * LZMA;19.852622333232;19.852622333232;19.852622333232;19.852622333232;0.350211;8;7402.41194104423 * Files_20 * LZMA;2;1.90713625227442;
7;10277.0123839009 * CompressionMethod + -5770.19504643963 * x_2 + -6817.48916408669 * x_4 + -1939.04643962848 * tmOff + 15621.0030959753 * x_10 + 2132.09907120742 * Files_20 + 11128.9040247678 * Files_20 * LZMA + -3748.96904024767 * BlockSize_8;17.7963592904964;17.7963592904964;17.7963592904964;17.7963592904964;0.525328;9;-3748.96904024767 * BlockSize_8;1;2.05626304273556;
8;11031.864608076 * CompressionMethod + -5468.2541567696 * x_2 + -6834.26365795725 * x_4 + -3415.20190023753 * tmOff + 13100.635391924 * x_10 + 2752.75534441806 * Files_20 + 14760.5819477435 * Files_20 * LZMA + -7279.99999999997 * BlockSize_8 + 6772.70190023752 * x_10 * tmOff;15.7246653133639;15.7246653133639;15.7246653133639;15.7246653133639;0.756799;11;6772.70190023752 * x_10 * tmOff;2;1.03584698856624;
9;11012.1827613727 * CompressionMethod + -5268.97545889864 * x_2 + -6845.33469672784 * x_4 + -3698.94852354351 * tmOff + 12947.6910415004 * x_10 + 2989.75758180366 * Files_20 + 14827.0081803671 * Files_20 * LZMA + -7970.50478850757 * BlockSize_8 + 7229.07472067041 * x_10 * tmOff + 690.504788507568 * LZMA;13.5368882631285;13.5368882631285;13.5368882631285;13.5368882631285;1.043015;12;690.504788507568 * LZMA;1;2.18777705023548;
10;11190.5313319037 * CompressionMethod + -5030.81486776269 * x_2 + -7766.98355968549 * x_4 + -4307.21864824079 * tmOff + 12630.3248351998 * x_10 + 3340.29227225796 * Files_20 + 14906.3950440791 * Files_20 * LZMA + -8526.57533158606 * BlockSize_8 + 7976.3624811373 * x_10 * tmOff + 1246.57533158606 * LZMA + 3633.67087602252 * BlockSize_4;12.5186337006687;12.5186337006687;12.5186337006687;12.5186337006687;1.400311;13;3633.67087602252 * BlockSize_4;1;1.01825456245974;
11;11190.5313319037 * CompressionMethod + -5030.81486776268 * x_2 + -7766.98355968549 * x_4 + -4307.21864824081 * tmOff + 12630.3248351998 * x_10 + 3340.29227225797 * Files_20 + 14906.3950440791 * Files_20 * LZMA + -4263.28766579304 * BlockSize_8 + 7976.36248113732 * x_10 * tmOff + 1246.57533158605 * LZMA + 3633.67087602258 * BlockSize_4 + -4263.28766579304 * BlockSize_8 * LZMA;11.1694543689829;11.1694543689829;11.1694543689829;11.1694543689829;1.823303;15;-4263.28766579304 * BlockSize_8 * LZMA;2;0.674589665842896;
12;11190.5313319037 * CompressionMethod + -5030.81486776269 * x_2 + -7766.9835596855 * x_4 + -4307.21864824083 * tmOff + 12630.3248351998 * x_10 + 3340.29227225797 * Files_20 + 14906.3950440791 * Files_20 * LZMA + -2842.19177719536 * BlockSize_8 + 7976.36248113735 * x_10 * tmOff + 1246.57533158607 * LZMA + 3633.6708760226 * BlockSize_4 + -2842.19177719536 * BlockSize_8 * LZMA + -2842.19177719536 * BlockSize_8 * filterOff;10.5898933524091;10.5898933524091;10.5898933524091;10.5898933524091;2.334088;17;-2842.19177719536 * BlockSize_8 * filterOff;2;0.289780508286901;
Elapsed=00:00:02.3344416
Learning progress:
1;11356.8965517241 * CompressionMethod + -8846.89655172414 * BlockSize_1024;114.711352653924;114.711352653924;114.711352653924;114.711352653924;0.0057;2;-8846.89655172414 * BlockSize_1024;1;205.02520598467;
2;7521.90635451505 * CompressionMethod + -8719.06354515051 * BlockSize_1024 + 5560.73578595318 * filterOff;86.2899823370832;86.2899823370832;86.2899823370832;86.2899823370832;0.023717;3;5560.73578595318 * filterOff;1;28.4213703168413;
3;5792.73409893992 * CompressionMethod + -9013.14045936395 * BlockSize_1024 + 5078.44964664312 * filterOff + 3517.15989399293 * HeaderCompressionOff;52.0292062157222;52.0292062157222;52.0292062157222;52.0292062157222;0.061025;4;3517.15989399293 * HeaderCompressionOff;1;34.260776121361;
4;3494.97700562084 * CompressionMethod + -8481.73735309147 * BlockSize_1024 + 6627.75166070517 * filterOff + 4617.38886050077 * HeaderCompressionOff + 16945.0229943792 * Files_50;38.9670789884693;38.9670789884693;38.9670789884693;38.9670789884693;0.124253;5;16945.0229943792 * Files_50;1;13.0621272272529;
5;2548.794489093 * CompressionMethod + -7526.67049368542 * BlockSize_1024 + 6840.97588978187 * filterOff + 4390.83811710678 * HeaderCompressionOff + 17891.205510907 * Files_50 + 8693.32950631459 * x_8;29.2320887973568;29.2320887973568;29.2320887973568;29.2320887973568;0.212391;6;8693.32950631459 * x_8;1;9.73499019111252;
6;2108.88535031848 * CompressionMethod + -7420.54140127388 * BlockSize_1024 + 7297.89808917197 * filterOff + 4434.58598726115 * HeaderCompressionOff + 18331.1146496815 * Files_50 + 8093.82165605094 * x_8 + 2116.91082802548 * BlockSize_1;27.7169238245554;27.7169238245554;27.7169238245554;27.7169238245554;0.330615;7;2116.91082802548 * BlockSize_1;1;1.51516497280141;
7;1667.39675016925 * CompressionMethod + -8159.90182802979 * BlockSize_1024 + 8111.72647257957 * filterOff + 5392.03114421124 * HeaderCompressionOff + 18772.6032498308 * Files_50 + 7221.4827352742 * x_8 + 2515.84631008803 * BlockSize_1 + -9186.15436696007 * BlockSize_64;25.9792133921251;25.9792133921251;25.9792133921251;25.9792133921251;0.487177;8;-9186.15436696007 * BlockSize_64;1;1.73771043243029;
8;1941.05442176872 * CompressionMethod + -8334.04761904762 * BlockSize_1024 + 8397.82312925169 * filterOff + 4956.66666666666 * HeaderCompressionOff + 18498.9455782313 * Files_50 + 7034.89795918368 * x_8 + 7802.41496598639 * BlockSize_1 + -6685.91836734694 * BlockSize_64 + -5249.25170068028 * Files_30;23.6527936564602;23.6527936564602;23.6527936564602;23.6527936564602;0.686003;9;-5249.25170068028 * Files_30;1;2.32641973566489;
9;1685.60769656698 * CompressionMethod + -8930.0899778516 * BlockSize_1024 + 9079.01439645627 * filterOff + 5552.70902547066 * HeaderCompressionOff + 18754.392303433 * Files_50 + 9674.51411960133 * x_8 + 9505.39313399782 * BlockSize_1 + -2002.7284053156 * BlockSize_64 + -8314.6124031008 * Files_30 + -8344.59302325582 * HeaderCompressionOff * Files_90;18.3873983304196;18.3873983304196;18.3873983304196;18.3873983304196;0.935775;11;-8344.59302325582 * HeaderCompressionOff * Files_90;2;2.63269766302029;
10;1739.64875681201 * CompressionMethod + -8978.05900885558 * BlockSize_1024 + 9152.48595027248 * filterOff + 5470.12942779292 * HeaderCompressionOff + 18700.351243188 * Files_50 + 12814.9676430518 * x_8 + 10668.1867336512 * BlockSize_1 + -1070.06471389646 * BlockSize_64 + -8867.1670640327 * Files_30 + -9747.23177792915 * HeaderCompressionOff * Files_90 + -4386.43392370575 * x_8 * mtOff;16.7071479146095;16.7071479146095;16.7071479146095;16.7071479146095;1.253276;13;-4386.43392370575 * x_8 * mtOff;2;0.840125207905063;
11;1739.64875681199 * CompressionMethod + -8978.0590088556 * BlockSize_1024 + 9152.48595027248 * filterOff + 5470.12942779292 * HeaderCompressionOff + 18700.351243188 * Files_50 + 12814.9676430518 * x_8 + 10668.1867336512 * BlockSize_1 + -535.032356948235 * BlockSize_64 + -8867.16706403269 * Files_30 + -9747.23177792919 * HeaderCompressionOff * Files_90 + -4386.43392370577 * x_8 * mtOff + -535.03235694823 * BlockSize_64 * filterOff;16.7071479146092;16.7071479146092;16.7071479146092;16.7071479146092;1.65059;15;-535.03235694823 * BlockSize_64 * filterOff;2;1.70530256582424E-13;
Elapsed=00:00:01.6508806
Learning progress:
1;12704.6153846154 * CompressionMethod + -8132.61538461538 * x_0;155.05748921056;155.05748921056;155.05748921056;155.05748921056;0.007735;2;-8132.61538461538 * x_0;1;95.8113075632079;
2;14498.6363636364 * CompressionMethod + -9926.63636363638 * x_0 + -11661.1363636364 * x_4;97.6994024186794;97.6994024186794;97.6994024186794;97.6994024186794;0.027802;3;-11661.1363636364 * x_4;1;57.3580867918809;
3;19628 * CompressionMethod + -15056 * x_0 + -16790.5 * x_4 + -16120.8571428571 * x_2;53.0203807411209;53.0203807411209;53.0203807411209;53.0203807411209;0.065154;4;-16120.8571428571 * x_2;1;44.6790216775585;
4;19101.0220955096 * CompressionMethod + -16109.9558089808 * x_0 + -18239.6892373486 * x_4 + -16723.1176051319 * x_2 + 7904.66856735566 * BlockSize_4096;35.1570378148874;35.1570378148874;35.1570378148874;35.1570378148874;0.124053;5;7904.66856735566 * BlockSize_4096;1;17.8633429262335;
5;19040.1142857143 * CompressionMethod + -16231.7714285714 * x_0 + -17150.5142857143 * x_4 + -16074.6285714286 * x_2 + 8818.28571428573 * BlockSize_4096 + -5026.68571428572 * Files_80;30.268367023845;30.268367023845;30.268367023845;30.268367023845;0.212383;6;-5026.68571428572 * Files_80;1;4.88867079104241;
6;19043.9165154265 * CompressionMethod + -16046.7295825772 * x_0 + -17145.444646098 * x_4 + -16073.3611615245 * x_2 + 8761.25226860255 * BlockSize_4096 + -5005.13974591652 * Files_80 + -887.186932849352 * Files_40;28.3564983401042;28.3564983401042;28.3564983401042;28.3564983401042;0.332471;7;-887.186932849352 * Files_40;1;1.91186868374077;
7;19043.9165154265 * CompressionMethod + -16046.7295825771 * x_0 + -17145.444646098 * x_4 + -16073.3611615245 * x_2 + 8761.25226860255 * BlockSize_4096 + -5005.13974591652 * Files_80 + -443.593466424668 * Files_40 + -443.593466424668 * x_0 * Deflate;26.7883653281391;26.7883653281391;26.7883653281391;26.7883653281391;0.492339;9;-443.593466424668 * x_0 * Deflate;2;0.784066505982542;
8;19043.9165154265 * CompressionMethod + -16046.7295825771 * x_0 + -17145.444646098 * x_4 + -16073.3611615245 * x_2 + 8761.25226860256 * BlockSize_4096 + -2502.56987295827 * Files_80 + -443.59346642468 * Files_40 + -443.593466424677 * x_0 * Deflate + -2502.56987295827 * Files_80 * Deflate;25.2405116214605;25.2405116214605;25.2405116214605;25.2405116214605;0.701168;11;-2502.56987295827 * Files_80 * Deflate;2;0.773926853339324;
9;18941.8657491561 * CompressionMethod + -15952.8356271098 * x_0 + -17048.4692287717 * x_4 + -15974.2105946507 * x_2 + 8793.87951181512 * BlockSize_4096 + -2508.73279667622 * Files_80 + -439.515061023088 * Files_40 + -439.515061023088 * x_0 * Deflate + -2508.73279667622 * Files_80 * Deflate + 1498.13425084387 * Files_50;25.0666359184397;25.0666359184397;25.0666359184397;25.0666359184397;0.966199;12;1498.13425084387 * Files_50;1;0.173875703020755;
10;18941.5376401495 * CompressionMethod + -15911.5376401495 * x_0 + -17048.8556682684 * x_4 + -15974.2907990746 * x_2 + 8798.47303790709 * BlockSize_4096 + -2509.60046271579 * Files_80 + -459.999999999982 * Files_40 + -459.999999999979 * x_0 * Deflate + -2509.60046271579 * Files_80 * Deflate + 1498.46235985048 * Files_50 + -56.1576793023349 * x_0 * BZip2;24.8167675698892;24.8167675698892;24.8167675698892;24.8167675698892;1.290149;14;-56.1576793023349 * x_0 * BZip2;2;0.124934174275282;
11;18939.0951374207 * CompressionMethod + -15909.0951374207 * x_0 + -17077.1479915434 * x_4 + -16152.7970401692 * x_2 + 8832.66807610994 * BlockSize_4096 + -2465.22832980972 * Files_80 + -460.00000000001 * Files_40 + -460.000000000009 * x_0 * Deflate + -2465.22832980972 * Files_80 * Deflate + 1500.90486257924 * Files_50 + -67.5560253700135 * x_0 * BZip2 + 1143.70190274839 * x_2 * BlockSize_32;24.6282435855952;24.6282435855952;24.6282435855952;24.6282435855952;1.692568;16;1143.70190274839 * x_2 * BlockSize_32;2;0.0942619921469614;
Elapsed=00:00:01.6928924
Learning progress:
1;6555.38461538461 * CompressionMethod + 12394.6153846154 * x_8;90.3753896573691;90.3753896573691;90.3753896573691;90.3753896573691;0.005688;2;12394.6153846154 * x_8;1;49.5388883756638;
2;5179.52380952381 * CompressionMethod + 13770.4761904762 * x_8 + 7154.47619047619 * x_10;63.6535757850141;63.6535757850141;63.6535757850141;63.6535757850141;0.024273;3;7154.47619047619 * x_10;1;26.721813872355;
3;5287.66304347825 * CompressionMethod + 14116.5217391304 * x_8 + 7046.33695652174 * x_10 + -2270.92391304349 * BlockSize_32;50.3947916532111;50.3947916532111;50.3947916532111;50.3947916532111;0.060919;4;-2270.92391304349 * BlockSize_32;1;13.258784131803;
4;5556.58597662771 * CompressionMethod + 13877.4791318865 * x_8 + 7327.21202003338 * x_10 + -2420.32554257095 * BlockSize_32 + -2748.98998330551 * BlockSize_512;44.2531538865537;44.2531538865537;44.2531538865537;44.2531538865537;0.120119;5;-2748.98998330551 * BlockSize_512;1;6.14163776665746;
5;5792.43470149253 * CompressionMethod + 13667.8358208955 * x_8 + 7125.05597014926 * x_10 + -2551.3526119403 * BlockSize_32 + -2917.45335820895 * BlockSize_512 + -2242.43470149253 * BlockSize_4096;37.1580160276262;37.1580160276262;37.1580160276262;37.1580160276262;0.210767;6;-2242.43470149253 * BlockSize_4096;1;7.09513785892748;
6;5875.17241379311 * CompressionMethod + 13242.3275862069 * x_8 + 7054.13793103448 * x_10 + -837.500000000015 * BlockSize_32 + -2976.55172413793 * BlockSize_512 + -2325.1724137931 * BlockSize_4096 + -3167.67241379308 * BlockSize_32 * Deflate;32.9893712687873;32.9893712687873;32.9893712687873;32.9893712687873;0.332802;8;-3167.67241379308 * BlockSize_32 * Deflate;2;2.08432237941946;
7;6018.48214285714 * CompressionMethod + 13692.7295918367 * x_8 + 6931.30102040816 * x_10 + -1431.21173469387 * BlockSize_32 + -3078.91581632653 * BlockSize_512 + -2468.48214285715 * BlockSize_4096 + -2717.27040816327 * BlockSize_32 * Deflate + -2374.8469387755 * BlockSize_1;31.172895075669;31.172895075669;31.172895075669;31.172895075669;0.502748;9;-2374.8469387755 * BlockSize_1;1;1.81647619311821;
8;6138.52355072464 * CompressionMethod + 13589.8369565217 * x_8 + 7188.53260869565 * x_10 + -1448.36050724637 * BlockSize_32 + -3284.70108695652 * BlockSize_512 + -2588.52355072463 * BlockSize_4096 + -2820.16304347826 * BlockSize_32 * Deflate + -2443.44202898551 * BlockSize_1 + -840.289855072453 * Files_60;29.5198279324025;29.5198279324025;29.5198279324025;29.5198279324025;0.722968;10;-840.289855072453 * Files_60;1;1.65306714326652;
9;5995.21166134186 * CompressionMethod + 13712.6757188498 * x_8 + 13944.6645367412 * x_10 + -1427.8873801917 * BlockSize_32 + -1626.37779552716 * BlockSize_512 + -2445.21166134186 * BlockSize_4096 + -2697.32428115014 * BlockSize_32 * Deflate + -2361.54952076678 * BlockSize_1 + -1249.75239616614 * Files_60 + -11301.1661341853 * x_10 * PPMd;27.6047904351607;27.6047904351607;27.6047904351607;27.6047904351607;0.996806;12;-11301.1661341853 * x_10 * PPMd;2;0.957518748620906;
10;6931.92580049261 * CompressionMethod + 13877.0874384236 * x_8 + 13507.6754926108 * x_10 + -2529.01323891627 * BlockSize_32 + -1438.16964285714 * BlockSize_512 + -2027.69242610837 * BlockSize_4096 + -2532.91256157636 * BlockSize_32 * Deflate + -2703.35283251232 * BlockSize_1 + -894.969211822664 * Files_60 + -11530.4772167488 * x_10 * PPMd + -1354.23337438423 * tmOff;24.0188018229397;24.0188018229397;24.0188018229397;24.0188018229397;1.346041;13;-1354.23337438423 * tmOff;1;3.58598861222107;
11;6911.29648241206 * CompressionMethod + 13852.5552763819 * x_8 + 13477.567839196 * x_10 + -2483.85175879397 * BlockSize_32 + -775.243718592963 * BlockSize_512 + -2066.16331658291 * BlockSize_4096 + -2557.44472361808 * BlockSize_32 * Deflate + -2700.00753768842 * BlockSize_1 + -852.595477386926 * Files_60 + -11734.5402010051 * x_10 * PPMd + -1295.13316582915 * tmOff + -1810.91959798997 * BlockSize_512 * filterOff;20.7599344128676;20.7599344128676;20.7599344128676;20.7599344128676;1.766488;15;-1810.91959798997 * BlockSize_512 * filterOff;2;1.62943370503601;
12;6928.61921708185 * CompressionMethod + 13539.3024911032 * x_8 + 13471.7935943061 * x_10 + -2187.92170818505 * BlockSize_32 + -765.138790035591 * BlockSize_512 + -2041.62277580072 * BlockSize_4096 + -2870.69750889678 * BlockSize_32 * Deflate + -2539.77224199288 * BlockSize_1 + -833.829181494654 * Files_60 + -11741.7580071174 * x_10 * PPMd + -1336.99644128115 * tmOff + -1796.48398576512 * BlockSize_512 * filterOff + 1149.07473309609 * x_8 * BlockSize_16;19.7135864079506;19.7135864079506;19.7135864079506;19.7135864079506;2.284262;17;1149.07473309609 * x_8 * BlockSize_16;2;0.52317400245852;
13;6901.84261868631 * CompressionMethod + 13596.1814437459 * x_8 + 13496.6941252981 * x_10 + -2218.02406243227 * BlockSize_32 + -712.864730110548 * BlockSize_512 + -1955.75005419466 * BlockSize_4096 + -2813.81855625404 * BlockSize_32 * Deflate + -2511.88705831346 * BlockSize_1 + -770.980923477131 * Files_60 + -11758.5573379579 * x_10 * PPMd + -1396.09256449165 * tmOff + -1762.88532408411 * BlockSize_512 * filterOff + 1178.0685020594 * x_8 * BlockSize_16 + 479.249945805345 * BlockSize_64;19.5938165079921;19.5938165079921;19.5938165079921;19.5938165079921;2.901671;18;479.249945805345 * BlockSize_64;1;0.119769899958463;
14;6901.84261868633 * CompressionMethod + 13596.1814437459 * x_8 + 13496.6941252981 * x_10 + -2218.02406243226 * BlockSize_32 + -712.864730110555 * BlockSize_512 + -1955.75005419466 * BlockSize_4096 + -2813.81855625405 * BlockSize_32 * Deflate + -2511.88705831346 * BlockSize_1 + -770.98092347713 * Files_60 + -11758.557337958 * x_10 * PPMd + -1396.09256449166 * tmOff + -881.442662042055 * BlockSize_512 * filterOff + 1178.06850205939 * x_8 * BlockSize_16 + 479.24994580534 * BlockSize_64 + -881.442662042056 * BlockSize_512 * filterOff * tmOff;19.4150103853771;19.4150103853771;19.4150103853771;19.4150103853771;3.603803;21;-881.442662042056 * BlockSize_512 * filterOff * tmOff;3;0.0596020408716787;
Elapsed=00:00:03.6042042
Learning progress:
1;6886.08695652174 * CompressionMethod + 16881.4130434783 * x_10;83.6915996072685;83.6915996072685;83.6915996072685;83.6915996072685;0.008444;2;16881.4130434783 * x_10;1;103.416788236654;
2;5045.49999999999 * CompressionMethod + 18722 * x_10 + 14111.1666666667 * x_8;43.7190444485273;43.7190444485273;43.7190444485273;43.7190444485273;0.027902;3;14111.1666666667 * x_8;1;39.9725551587412;
3;3302.50000000001 * CompressionMethod + 20465 * x_10 + 15854.1666666667 * x_8 + 8715.00000000001 * x_6;28.3567413215888;28.3567413215888;28.3567413215888;28.3567413215888;0.064512;4;8715.00000000001 * x_6;1;15.3623031269386;
4;3302.5 * CompressionMethod + 20465 * x_10 + 16280.5 * x_8 + 9354.5 * x_6 + -1279 * Files_20;23.2996943222797;23.2996943222797;23.2996943222797;23.2996943222797;0.123636;5;-1279 * Files_20;1;5.05704699930907;
5;3302.5 * CompressionMethod + 20465 * x_10 + 16280.5 * x_8 + 4677.25 * x_6 + -1279.00000000001 * Files_20 + 4677.25 * x_6 * HeaderCompressionOff;15.8613196403459;15.8613196403459;15.8613196403459;15.8613196403459;0.209297;7;4677.25 * x_6 * HeaderCompressionOff;2;3.7191873409669;
6;3530.83333333334 * CompressionMethod + 20236.6666666667 * x_10 + 16052.1666666667 * x_8 + 4563.08333333334 * x_6 + -1279.00000000001 * Files_20 + 4563.08333333334 * x_6 * HeaderCompressionOff + -913.33333333334 * x_4;13.4874844995803;13.4874844995803;13.4874844995803;13.4874844995803;0.332357;8;-913.33333333334 * x_4;1;2.37383514076559;
7;3530.83333333333 * CompressionMethod + 20236.6666666667 * x_10 + 16052.1666666667 * x_8 + 4563.08333333334 * x_6 + -1278.99999999997 * Files_20 + 4563.08333333334 * x_6 * HeaderCompressionOff + -664.166666666656 * x_4 + -996.666666666661 * Files_10;13.4155148026108;13.4155148026108;13.4155148026108;13.4155148026108;0.493083;9;-996.666666666661 * Files_10;1;0.071969696969532;
Elapsed=00:00:00.4933167
Learning progress:
1;12775.3846153846 * CompressionMethod + -9393.38461538462 * x_2;80.5361333140554;80.5361333140554;80.5361333140554;80.5361333140554;0.007391;2;-9393.38461538462 * x_2;1;167.328325556214;
2;14645.4545454545 * CompressionMethod + -11263.4545454546 * x_2 + -12155.4545454546 * x_4;51.3302862485845;51.3302862485845;51.3302862485845;51.3302862485845;0.027915;3;-12155.4545454546 * x_4;1;29.2058470654708;
3;16289.3233082707 * CompressionMethod + -10496.3157894737 * x_2 + -12292.4436090226 * x_4 + -3013.75939849624 * tmOff;37.2581986989226;37.2581986989226;37.2581986989226;37.2581986989226;0.066206;4;-3013.75939849624 * tmOff;1;14.0720875496619;
4;10875.3975903614 * CompressionMethod + -6368.86746987952 * x_2 + -7682.56626506025 * x_4 + -1405.6626506024 * tmOff + 14258.4578313253 * x_10;29.6919161228151;29.6919161228151;29.6919161228151;29.6919161228151;0.13056;5;14258.4578313253 * x_10;1;7.5662825761075;
5;10539.7885196375 * CompressionMethod + -6207.64350453171 * x_2 + -6943.89728096676 * x_4 + -2211.78247734139 * tmOff + 14939.5468277946 * x_10 + 4096.40483383687 * Files_20;23.6668948377808;23.6668948377808;23.6668948377808;23.6668948377808;0.223173;6;4096.40483383687 * Files_20;1;6.02502128503428;
6;10445.5895578316 * CompressionMethod + -5702.76417686733 * x_2 + -6821.23532350736 * x_4 + -2268.70846864851 * tmOff + 15058.1426430177 * x_10 + 2270.70696977269 * Files_20 + 7402.41194104423 * Files_20 * LZMA;19.852622333232;19.852622333232;19.852622333232;19.852622333232;0.35251;8;7402.41194104423 * Files_20 * LZMA;2;1.90713625227442;
7;10277.0123839009 * CompressionMethod + -5770.19504643963 * x_2 + -6817.48916408669 * x_4 + -1939.04643962848 * tmOff + 15621.0030959753 * x_10 + 2132.09907120742 * Files_20 + 11128.9040247678 * Files_20 * LZMA + -3748.96904024767 * BlockSize_8;17.7963592904964;17.7963592904964;17.7963592904964;17.7963592904964;0.52712;9;-3748.96904024767 * BlockSize_8;1;2.05626304273556;
8;11031.864608076 * CompressionMethod + -5468.2541567696 * x_2 + -6834.26365795725 * x_4 + -3415.20190023753 * tmOff + 13100.635391924 * x_10 + 2752.75534441806 * Files_20 + 14760.5819477435 * Files_20 * LZMA + -7279.99999999997 * BlockSize_8 + 6772.70190023752 * x_10 * tmOff;15.7246653133639;15.7246653133639;15.7246653133639;15.7246653133639;0.756517;11;6772.70190023752 * x_10 * tmOff;2;1.03584698856624;
9;11012.1827613727 * CompressionMethod + -5268.97545889864 * x_2 + -6845.33469672784 * x_4 + -3698.94852354351 * tmOff + 12947.6910415004 * x_10 + 2989.75758180366 * Files_20 + 14827.0081803671 * Files_20 * LZMA + -7970.50478850757 * BlockSize_8 + 7229.07472067041 * x_10 * tmOff + 690.504788507568 * LZMA;13.5368882631285;13.5368882631285;13.5368882631285;13.5368882631285;1.04199;12;690.504788507568 * LZMA;1;2.18777705023548;
10;11190.5313319037 * CompressionMethod + -5030.81486776269 * x_2 + -7766.98355968549 * x_4 + -4307.21864824079 * tmOff + 12630.3248351998 * x_10 + 3340.29227225796 * Files_20 + 14906.3950440791 * Files_20 * LZMA + -8526.57533158606 * BlockSize_8 + 7976.3624811373 * x_10 * tmOff + 1246.57533158606 * LZMA + 3633.67087602252 * BlockSize_4;12.5186337006687;12.5186337006687;12.5186337006687;12.5186337006687;1.399345;13;3633.67087602252 * BlockSize_4;1;1.01825456245974;
11;11190.5313319037 * CompressionMethod + -5030.81486776268 * x_2 + -7766.98355968549 * x_4 + -4307.21864824081 * tmOff + 12630.3248351998 * x_10 + 3340.29227225797 * Files_20 + 14906.3950440791 * Files_20 * LZMA + -4263.28766579304 * BlockSize_8 + 7976.36248113732 * x_10 * tmOff + 1246.57533158605 * LZMA + 3633.67087602258 * BlockSize_4 + -4263.28766579304 * BlockSize_8 * LZMA;11.1694543689829;11.1694543689829;11.1694543689829;11.1694543689829;1.825376;15;-4263.28766579304 * BlockSize_8 * LZMA;2;0.674589665842896;
12;11190.5313319037 * CompressionMethod + -5030.81486776269 * x_2 + -7766.9835596855 * x_4 + -4307.21864824083 * tmOff + 12630.3248351998 * x_10 + 3340.29227225797 * Files_20 + 14906.3950440791 * Files_20 * LZMA + -2842.19177719536 * BlockSize_8 + 7976.36248113735 * x_10 * tmOff + 1246.57533158607 * LZMA + 3633.6708760226 * BlockSize_4 + -2842.19177719536 * BlockSize_8 * LZMA + -2842.19177719536 * BlockSize_8 * filterOff;10.5898933524091;10.5898933524091;10.5898933524091;10.5898933524091;2.336762;17;-2842.19177719536 * BlockSize_8 * filterOff;2;0.289780508286901;
13;11186.7269667648 * CompressionMethod + -5000.58897770299 * x_2 + -7764.97686159023 * x_4 + -4290.67732435843 * tmOff + 12636.9162810265 * x_10 + 3317.48001682793 * Files_20 + 14741.0096760623 * Files_20 * LZMA + -2779.98878137709 * BlockSize_8 + 7957.03407656709 * x_10 * tmOff + 1235.42700883465 * LZMA + 3618.92721918382 * BlockSize_4 + -2779.98878137708 * BlockSize_8 * LZMA + -2779.98878137708 * BlockSize_8 * filterOff + -175.460664703412 * tmOff * Files_80;10.4432463299413;10.4432463299413;10.4432463299413;10.4432463299413;3.079182;19;-175.460664703412 * tmOff * Files_80;2;0.0733235112339292;
Elapsed=00:00:03.0795539
Learning progress:
1;11356.8965517241 * CompressionMethod + -8846.89655172414 * BlockSize_1024;114.711352653924;114.711352653924;114.711352653924;114.711352653924;0.005694;2;-8846.89655172414 * BlockSize_1024;1;205.02520598467;
2;7521.90635451505 * CompressionMethod + -8719.06354515051 * BlockSize_1024 + 5560.73578595318 * filterOff;86.2899823370832;86.2899823370832;86.2899823370832;86.2899823370832;0.02489;3;5560.73578595318 * filterOff;1;28.4213703168413;
3;5792.73409893992 * CompressionMethod + -9013.14045936395 * BlockSize_1024 + 5078.44964664312 * filterOff + 3517.15989399293 * HeaderCompressionOff;52.0292062157222;52.0292062157222;52.0292062157222;52.0292062157222;0.062482;4;3517.15989399293 * HeaderCompressionOff;1;34.260776121361;
4;3494.97700562084 * CompressionMethod + -8481.73735309147 * BlockSize_1024 + 6627.75166070517 * filterOff + 4617.38886050077 * HeaderCompressionOff + 16945.0229943792 * Files_50;38.9670789884693;38.9670789884693;38.9670789884693;38.9670789884693;0.125973;5;16945.0229943792 * Files_50;1;13.0621272272529;
5;2548.794489093 * CompressionMethod + -7526.67049368542 * BlockSize_1024 + 6840.97588978187 * filterOff + 4390.83811710678 * HeaderCompressionOff + 17891.205510907 * Files_50 + 8693.32950631459 * x_8;29.2320887973568;29.2320887973568;29.2320887973568;29.2320887973568;0.213303;6;8693.32950631459 * x_8;1;9.73499019111252;
6;2108.88535031848 * CompressionMethod + -7420.54140127388 * BlockSize_1024 + 7297.89808917197 * filterOff + 4434.58598726115 * HeaderCompressionOff + 18331.1146496815 * Files_50 + 8093.82165605094 * x_8 + 2116.91082802548 * BlockSize_1;27.7169238245554;27.7169238245554;27.7169238245554;27.7169238245554;0.33396;7;2116.91082802548 * BlockSize_1;1;1.51516497280141;
7;1667.39675016925 * CompressionMethod + -8159.90182802979 * BlockSize_1024 + 8111.72647257957 * filterOff + 5392.03114421124 * HeaderCompressionOff + 18772.6032498308 * Files_50 + 7221.4827352742 * x_8 + 2515.84631008803 * BlockSize_1 + -9186.15436696007 * BlockSize_64;25.9792133921251;25.9792133921251;25.9792133921251;25.9792133921251;0.491901;8;-9186.15436696007 * BlockSize_64;1;1.73771043243029;
8;1941.05442176872 * CompressionMethod + -8334.04761904762 * BlockSize_1024 + 8397.82312925169 * filterOff + 4956.66666666666 * HeaderCompressionOff + 18498.9455782313 * Files_50 + 7034.89795918368 * x_8 + 7802.41496598639 * BlockSize_1 + -6685.91836734694 * BlockSize_64 + -5249.25170068028 * Files_30;23.6527936564602;23.6527936564602;23.6527936564602;23.6527936564602;0.691354;9;-5249.25170068028 * Files_30;1;2.32641973566489;
9;1685.60769656698 * CompressionMethod + -8930.0899778516 * BlockSize_1024 + 9079.01439645627 * filterOff + 5552.70902547066 * HeaderCompressionOff + 18754.392303433 * Files_50 + 9674.51411960133 * x_8 + 9505.39313399782 * BlockSize_1 + -2002.7284053156 * BlockSize_64 + -8314.6124031008 * Files_30 + -8344.59302325582 * HeaderCompressionOff * Files_90;18.3873983304196;18.3873983304196;18.3873983304196;18.3873983304196;0.945392;11;-8344.59302325582 * HeaderCompressionOff * Files_90;2;2.63269766302029;
10;1739.64875681201 * CompressionMethod + -8978.05900885558 * BlockSize_1024 + 9152.48595027248 * filterOff + 5470.12942779292 * HeaderCompressionOff + 18700.351243188 * Files_50 + 12814.9676430518 * x_8 + 10668.1867336512 * BlockSize_1 + -1070.06471389646 * BlockSize_64 + -8867.1670640327 * Files_30 + -9747.23177792915 * HeaderCompressionOff * Files_90 + -4386.43392370575 * x_8 * mtOff;16.7071479146095;16.7071479146095;16.7071479146095;16.7071479146095;1.26432;13;-4386.43392370575 * x_8 * mtOff;2;0.840125207905063;
11;1739.64875681199 * CompressionMethod + -8978.0590088556 * BlockSize_1024 + 9152.48595027248 * filterOff + 5470.12942779292 * HeaderCompressionOff + 18700.351243188 * Files_50 + 12814.9676430518 * x_8 + 10668.1867336512 * BlockSize_1 + -535.032356948235 * BlockSize_64 + -8867.16706403269 * Files_30 + -9747.23177792919 * HeaderCompressionOff * Files_90 + -4386.43392370577 * x_8 * mtOff + -535.03235694823 * BlockSize_64 * filterOff;16.7071479146092;16.7071479146092;16.7071479146092;16.7071479146092;1.658697;15;-535.03235694823 * BlockSize_64 * filterOff;2;1.70530256582424E-13;
Elapsed=00:00:01.6589898
Learning progress:
1;12704.6153846154 * CompressionMethod + -8132.61538461538 * x_0;155.05748921056;155.05748921056;155.05748921056;155.05748921056;0.007857;2;-8132.61538461538 * x_0;1;95.8113075632079;
2;14498.6363636364 * CompressionMethod + -9926.63636363638 * x_0 + -11661.1363636364 * x_4;97.6994024186794;97.6994024186794;97.6994024186794;97.6994024186794;0.028062;3;-11661.1363636364 * x_4;1;57.3580867918809;
3;19628 * CompressionMethod + -15056 * x_0 + -16790.5 * x_4 + -16120.8571428571 * x_2;53.0203807411209;53.0203807411209;53.0203807411209;53.0203807411209;0.065589;4;-16120.8571428571 * x_2;1;44.6790216775585;
4;19101.0220955096 * CompressionMethod + -16109.9558089808 * x_0 + -18239.6892373486 * x_4 + -16723.1176051319 * x_2 + 7904.66856735566 * BlockSize_4096;35.1570378148874;35.1570378148874;35.1570378148874;35.1570378148874;0.124927;5;7904.66856735566 * BlockSize_4096;1;17.8633429262335;
5;19040.1142857143 * CompressionMethod + -16231.7714285714 * x_0 + -17150.5142857143 * x_4 + -16074.6285714286 * x_2 + 8818.28571428573 * BlockSize_4096 + -5026.68571428572 * Files_80;30.268367023845;30.268367023845;30.268367023845;30.268367023845;0.211715;6;-5026.68571428572 * Files_80;1;4.88867079104241;
6;19043.9165154265 * CompressionMethod + -16046.7295825772 * x_0 + -17145.444646098 * x_4 + -16073.3611615245 * x_2 + 8761.25226860255 * BlockSize_4096 + -5005.13974591652 * Files_80 + -887.186932849352 * Files_40;28.3564983401042;28.3564983401042;28.3564983401042;28.3564983401042;0.334024;7;-887.186932849352 * Files_40;1;1.91186868374077;
7;19043.9165154265 * CompressionMethod + -16046.7295825771 * x_0 + -17145.444646098 * x_4 + -16073.3611615245 * x_2 + 8761.25226860255 * BlockSize_4096 + -5005.13974591652 * Files_80 + -443.593466424668 * Files_40 + -443.593466424668 * x_0 * Deflate;26.7883653281391;26.7883653281391;26.7883653281391;26.7883653281391;0.491293;9;-443.593466424668 * x_0 * Deflate;2;0.784066505982542;
8;19043.9165154265 * CompressionMethod + -16046.7295825771 * x_0 + -17145.444646098 * x_4 + -16073.3611615245 * x_2 + 8761.25226860256 * BlockSize_4096 + -2502.56987295827 * Files_80 + -443.59346642468 * Files_40 + -443.593466424677 * x_0 * Deflate + -2502.56987295827 * Files_80 * Deflate;25.2405116214605;25.2405116214605;25.2405116214605;25.2405116214605;0.699299;11;-2502.56987295827 * Files_80 * Deflate;2;0.773926853339324;
9;18941.8657491561 * CompressionMethod + -15952.8356271098 * x_0 + -17048.4692287717 * x_4 + -15974.2105946507 * x_2 + 8793.87951181512 * BlockSize_4096 + -2508.73279667622 * Files_80 + -439.515061023088 * Files_40 + -439.515061023088 * x_0 * Deflate + -2508.73279667622 * Files_80 * Deflate + 1498.13425084387 * Files_50;25.0666359184397;25.0666359184397;25.0666359184397;25.0666359184397;0.960843;12;1498.13425084387 * Files_50;1;0.173875703020755;
Elapsed=00:00:00.9611181
Learning progress:
1;6555.38461538461 * CompressionMethod + 12394.6153846154 * x_8;90.3753896573691;90.3753896573691;90.3753896573691;90.3753896573691;0.008037;2;12394.6153846154 * x_8;1;49.5388883756638;
2;5179.52380952381 * CompressionMethod + 13770.4761904762 * x_8 + 7154.47619047619 * x_10;63.6535757850141;63.6535757850141;63.6535757850141;63.6535757850141;0.026916;3;7154.47619047619 * x_10;1;26.721813872355;
3;5287.66304347825 * CompressionMethod + 14116.5217391304 * x_8 + 7046.33695652174 * x_10 + -2270.92391304349 * BlockSize_32;50.3947916532111;50.3947916532111;50.3947916532111;50.3947916532111;0.063765;4;-2270.92391304349 * BlockSize_32;1;13.258784131803;
4;5556.58597662771 * CompressionMethod + 13877.4791318865 * x_8 + 7327.21202003338 * x_10 + -2420.32554257095 * BlockSize_32 + -2748.98998330551 * BlockSize_512;44.2531538865537;44.2531538865537;44.2531538865537;44.2531538865537;0.123247;5;-2748.98998330551 * BlockSize_512;1;6.14163776665746;
5;5792.43470149253 * CompressionMethod + 13667.8358208955 * x_8 + 7125.05597014926 * x_10 + -2551.3526119403 * BlockSize_32 + -2917.45335820895 * BlockSize_512 + -2242.43470149253 * BlockSize_4096;37.1580160276262;37.1580160276262;37.1580160276262;37.1580160276262;0.211377;6;-2242.43470149253 * BlockSize_4096;1;7.09513785892748;
6;5875.17241379311 * CompressionMethod + 13242.3275862069 * x_8 + 7054.13793103448 * x_10 + -837.500000000015 * BlockSize_32 + -2976.55172413793 * BlockSize_512 + -2325.1724137931 * BlockSize_4096 + -3167.67241379308 * BlockSize_32 * Deflate;32.9893712687873;32.9893712687873;32.9893712687873;32.9893712687873;0.335235;8;-3167.67241379308 * BlockSize_32 * Deflate;2;2.08432237941946;
7;6018.48214285714 * CompressionMethod + 13692.7295918367 * x_8 + 6931.30102040816 * x_10 + -1431.21173469387 * BlockSize_32 + -3078.91581632653 * BlockSize_512 + -2468.48214285715 * BlockSize_4096 + -2717.27040816327 * BlockSize_32 * Deflate + -2374.8469387755 * BlockSize_1;31.172895075669;31.172895075669;31.172895075669;31.172895075669;0.50694;9;-2374.8469387755 * BlockSize_1;1;1.81647619311821;
8;6138.52355072464 * CompressionMethod + 13589.8369565217 * x_8 + 7188.53260869565 * x_10 + -1448.36050724637 * BlockSize_32 + -3284.70108695652 * BlockSize_512 + -2588.52355072463 * BlockSize_4096 + -2820.16304347826 * BlockSize_32 * Deflate + -2443.44202898551 * BlockSize_1 + -840.289855072453 * Files_60;29.5198279324025;29.5198279324025;29.5198279324025;29.5198279324025;0.724739;10;-840.289855072453 * Files_60;1;1.65306714326652;
9;5995.21166134186 * CompressionMethod + 13712.6757188498 * x_8 + 13944.6645367412 * x_10 + -1427.8873801917 * BlockSize_32 + -1626.37779552716 * BlockSize_512 + -2445.21166134186 * BlockSize_4096 + -2697.32428115014 * BlockSize_32 * Deflate + -2361.54952076678 * BlockSize_1 + -1249.75239616614 * Files_60 + -11301.1661341853 * x_10 * PPMd;27.6047904351607;27.6047904351607;27.6047904351607;27.6047904351607;1.003442;12;-11301.1661341853 * x_10 * PPMd;2;0.957518748620906;
10;6931.92580049261 * CompressionMethod + 13877.0874384236 * x_8 + 13507.6754926108 * x_10 + -2529.01323891627 * BlockSize_32 + -1438.16964285714 * BlockSize_512 + -2027.69242610837 * BlockSize_4096 + -2532.91256157636 * BlockSize_32 * Deflate + -2703.35283251232 * BlockSize_1 + -894.969211822664 * Files_60 + -11530.4772167488 * x_10 * PPMd + -1354.23337438423 * tmOff;24.0188018229397;24.0188018229397;24.0188018229397;24.0188018229397;1.351677;13;-1354.23337438423 * tmOff;1;3.58598861222107;
11;6911.29648241206 * CompressionMethod + 13852.5552763819 * x_8 + 13477.567839196 * x_10 + -2483.85175879397 * BlockSize_32 + -775.243718592963 * BlockSize_512 + -2066.16331658291 * BlockSize_4096 + -2557.44472361808 * BlockSize_32 * Deflate + -2700.00753768842 * BlockSize_1 + -852.595477386926 * Files_60 + -11734.5402010051 * x_10 * PPMd + -1295.13316582915 * tmOff + -1810.91959798997 * BlockSize_512 * filterOff;20.7599344128676;20.7599344128676;20.7599344128676;20.7599344128676;1.770634;15;-1810.91959798997 * BlockSize_512 * filterOff;2;1.62943370503601;
12;6928.61921708185 * CompressionMethod + 13539.3024911032 * x_8 + 13471.7935943061 * x_10 + -2187.92170818505 * BlockSize_32 + -765.138790035591 * BlockSize_512 + -2041.62277580072 * BlockSize_4096 + -2870.69750889678 * BlockSize_32 * Deflate + -2539.77224199288 * BlockSize_1 + -833.829181494654 * Files_60 + -11741.7580071174 * x_10 * PPMd + -1336.99644128115 * tmOff + -1796.48398576512 * BlockSize_512 * filterOff + 1149.07473309609 * x_8 * BlockSize_16;19.7135864079506;19.7135864079506;19.7135864079506;19.7135864079506;2.288698;17;1149.07473309609 * x_8 * BlockSize_16;2;0.52317400245852;
13;6901.84261868631 * CompressionMethod + 13596.1814437459 * x_8 + 13496.6941252981 * x_10 + -2218.02406243227 * BlockSize_32 + -712.864730110548 * BlockSize_512 + -1955.75005419466 * BlockSize_4096 + -2813.81855625404 * BlockSize_32 * Deflate + -2511.88705831346 * BlockSize_1 + -770.980923477131 * Files_60 + -11758.5573379579 * x_10 * PPMd + -1396.09256449165 * tmOff + -1762.88532408411 * BlockSize_512 * filterOff + 1178.0685020594 * x_8 * BlockSize_16 + 479.249945805345 * BlockSize_64;19.5938165079921;19.5938165079921;19.5938165079921;19.5938165079921;2.894382;18;479.249945805345 * BlockSize_64;1;0.119769899958463;
Elapsed=00:00:02.8947654
Learning progress:
1;6886.08695652174 * CompressionMethod + 16881.4130434783 * x_10;83.6915996072685;83.6915996072685;83.6915996072685;83.6915996072685;0.005674;2;16881.4130434783 * x_10;1;103.416788236654;
2;5045.49999999999 * CompressionMethod + 18722 * x_10 + 14111.1666666667 * x_8;43.7190444485273;43.7190444485273;43.7190444485273;43.7190444485273;0.024858;3;14111.1666666667 * x_8;1;39.9725551587412;
3;3302.50000000001 * CompressionMethod + 20465 * x_10 + 15854.1666666667 * x_8 + 8715.00000000001 * x_6;28.3567413215888;28.3567413215888;28.3567413215888;28.3567413215888;0.060746;4;8715.00000000001 * x_6;1;15.3623031269386;
4;3302.5 * CompressionMethod + 20465 * x_10 + 16280.5 * x_8 + 9354.5 * x_6 + -1279 * Files_20;23.2996943222797;23.2996943222797;23.2996943222797;23.2996943222797;0.117597;5;-1279 * Files_20;1;5.05704699930907;
5;3302.5 * CompressionMethod + 20465 * x_10 + 16280.5 * x_8 + 4677.25 * x_6 + -1279.00000000001 * Files_20 + 4677.25 * x_6 * HeaderCompressionOff;15.8613196403459;15.8613196403459;15.8613196403459;15.8613196403459;0.201699;7;4677.25 * x_6 * HeaderCompressionOff;2;3.7191873409669;
6;3530.83333333334 * CompressionMethod + 20236.6666666667 * x_10 + 16052.1666666667 * x_8 + 4563.08333333334 * x_6 + -1279.00000000001 * Files_20 + 4563.08333333334 * x_6 * HeaderCompressionOff + -913.33333333334 * x_4;13.4874844995803;13.4874844995803;13.4874844995803;13.4874844995803;0.324059;8;-913.33333333334 * x_4;1;2.37383514076559;
7;3530.83333333333 * CompressionMethod + 20236.6666666667 * x_10 + 16052.1666666667 * x_8 + 4563.08333333334 * x_6 + -1278.99999999997 * Files_20 + 4563.08333333334 * x_6 * HeaderCompressionOff + -664.166666666656 * x_4 + -996.666666666661 * Files_10;13.4155148026108;13.4155148026108;13.4155148026108;13.4155148026108;0.486997;9;-996.666666666661 * Files_10;1;0.071969696969532;
Elapsed=00:00:00.4872377
Learning progress:
1;12775.3846153846 * CompressionMethod + -9393.38461538462 * x_2;80.5361333140554;80.5361333140554;80.5361333140554;80.5361333140554;0.007586;2;-9393.38461538462 * x_2;1;167.328325556214;
2;14645.4545454545 * CompressionMethod + -11263.4545454546 * x_2 + -12155.4545454546 * x_4;51.3302862485845;51.3302862485845;51.3302862485845;51.3302862485845;0.027525;3;-12155.4545454546 * x_4;1;29.2058470654708;
3;16289.3233082707 * CompressionMethod + -10496.3157894737 * x_2 + -12292.4436090226 * x_4 + -3013.75939849624 * tmOff;37.2581986989226;37.2581986989226;37.2581986989226;37.2581986989226;0.065847;4;-3013.75939849624 * tmOff;1;14.0720875496619;
4;10875.3975903614 * CompressionMethod + -6368.86746987952 * x_2 + -7682.56626506025 * x_4 + -1405.6626506024 * tmOff + 14258.4578313253 * x_10;29.6919161228151;29.6919161228151;29.6919161228151;29.6919161228151;0.128238;5;14258.4578313253 * x_10;1;7.5662825761075;
5;10539.7885196375 * CompressionMethod + -6207.64350453171 * x_2 + -6943.89728096676 * x_4 + -2211.78247734139 * tmOff + 14939.5468277946 * x_10 + 4096.40483383687 * Files_20;23.6668948377808;23.6668948377808;23.6668948377808;23.6668948377808;0.220191;6;4096.40483383687 * Files_20;1;6.02502128503428;
6;10445.5895578316 * CompressionMethod + -5702.76417686733 * x_2 + -6821.23532350736 * x_4 + -2268.70846864851 * tmOff + 15058.1426430177 * x_10 + 2270.70696977269 * Files_20 + 7402.41194104423 * Files_20 * LZMA;19.852622333232;19.852622333232;19.852622333232;19.852622333232;0.345928;8;7402.41194104423 * Files_20 * LZMA;2;1.90713625227442;
7;10277.0123839009 * CompressionMethod + -5770.19504643963 * x_2 + -6817.48916408669 * x_4 + -1939.04643962848 * tmOff + 15621.0030959753 * x_10 + 2132.09907120742 * Files_20 + 11128.9040247678 * Files_20 * LZMA + -3748.96904024767 * BlockSize_8;17.7963592904964;17.7963592904964;17.7963592904964;17.7963592904964;0.518435;9;-3748.96904024767 * BlockSize_8;1;2.05626304273556;
8;11031.864608076 * CompressionMethod + -5468.2541567696 * x_2 + -6834.26365795725 * x_4 + -3415.20190023753 * tmOff + 13100.635391924 * x_10 + 2752.75534441806 * Files_20 + 14760.5819477435 * Files_20 * LZMA + -7279.99999999997 * BlockSize_8 + 6772.70190023752 * x_10 * tmOff;15.7246653133639;15.7246653133639;15.7246653133639;15.7246653133639;0.747794;11;6772.70190023752 * x_10 * tmOff;2;1.03584698856624;
9;11012.1827613727 * CompressionMethod + -5268.97545889864 * x_2 + -6845.33469672784 * x_4 + -3698.94852354351 * tmOff + 12947.6910415004 * x_10 + 2989.75758180366 * Files_20 + 14827.0081803671 * Files_20 * LZMA + -7970.50478850757 * BlockSize_8 + 7229.07472067041 * x_10 * tmOff + 690.504788507568 * LZMA;13.5368882631285;13.5368882631285;13.5368882631285;13.5368882631285;1.035153;12;690.504788507568 * LZMA;1;2.18777705023548;
10;11190.5313319037 * CompressionMethod + -5030.81486776269 * x_2 + -7766.98355968549 * x_4 + -4307.21864824079 * tmOff + 12630.3248351998 * x_10 + 3340.29227225796 * Files_20 + 14906.3950440791 * Files_20 * LZMA + -8526.57533158606 * BlockSize_8 + 7976.3624811373 * x_10 * tmOff + 1246.57533158606 * LZMA + 3633.67087602252 * BlockSize_4;12.5186337006687;12.5186337006687;12.5186337006687;12.5186337006687;1.387173;13;3633.67087602252 * BlockSize_4;1;1.01825456245974;
11;11190.5313319037 * CompressionMethod + -5030.81486776268 * x_2 + -7766.98355968549 * x_4 + -4307.21864824081 * tmOff + 12630.3248351998 * x_10 + 3340.29227225797 * Files_20 + 14906.3950440791 * Files_20 * LZMA + -4263.28766579304 * BlockSize_8 + 7976.36248113732 * x_10 * tmOff + 1246.57533158605 * LZMA + 3633.67087602258 * BlockSize_4 + -4263.28766579304 * BlockSize_8 * LZMA;11.1694543689829;11.1694543689829;11.1694543689829;11.1694543689829;1.810399;15;-4263.28766579304 * BlockSize_8 * LZMA;2;0.674589665842896;
12;11190.5313319037 * CompressionMethod + -5030.81486776269 * x_2 + -7766.9835596855 * x_4 + -4307.21864824083 * tmOff + 12630.3248351998 * x_10 + 3340.29227225797 * Files_20 + 14906.3950440791 * Files_20 * LZMA + -2842.19177719536 * BlockSize_8 + 7976.36248113735 * x_10 * tmOff + 1246.57533158607 * LZMA + 3633.6708760226 * BlockSize_4 + -2842.19177719536 * BlockSize_8 * LZMA + -2842.19177719536 * BlockSize_8 * filterOff;10.5898933524091;10.5898933524091;10.5898933524091;10.5898933524091;2.321775;17;-2842.19177719536 * BlockSize_8 * filterOff;2;0.289780508286901;
13;11186.7269667648 * CompressionMethod + -5000.58897770299 * x_2 + -7764.97686159023 * x_4 + -4290.67732435843 * tmOff + 12636.9162810265 * x_10 + 3317.48001682793 * Files_20 + 14741.0096760623 * Files_20 * LZMA + -2779.98878137709 * BlockSize_8 + 7957.03407656709 * x_10 * tmOff + 1235.42700883465 * LZMA + 3618.92721918382 * BlockSize_4 + -2779.98878137708 * BlockSize_8 * LZMA + -2779.98878137708 * BlockSize_8 * filterOff + -175.460664703412 * tmOff * Files_80;10.4432463299413;10.4432463299413;10.4432463299413;10.4432463299413;2.932057;19;-175.460664703412 * tmOff * Files_80;2;0.0733235112339292;
Elapsed=00:00:02.9324228
Learning progress:
1;11356.8965517241 * CompressionMethod + -8846.89655172414 * BlockSize_1024;114.711352653924;114.711352653924;114.711352653924;114.711352653924;0.006136;2;-8846.89655172414 * BlockSize_1024;1;205.02520598467;
2;7521.90635451505 * CompressionMethod + -8719.06354515051 * BlockSize_1024 + 5560.73578595318 * filterOff;86.2899823370832;86.2899823370832;86.2899823370832;86.2899823370832;0.024784;3;5560.73578595318 * filterOff;1;28.4213703168413;
3;5792.73409893992 * CompressionMethod + -9013.14045936395 * BlockSize_1024 + 5078.44964664312 * filterOff + 3517.15989399293 * HeaderCompressionOff;52.0292062157222;52.0292062157222;52.0292062157222;52.0292062157222;0.063315;4;3517.15989399293 * HeaderCompressionOff;1;34.260776121361;
4;3494.97700562084 * CompressionMethod + -8481.73735309147 * BlockSize_1024 + 6627.75166070517 * filterOff + 4617.38886050077 * HeaderCompressionOff + 16945.0229943792 * Files_50;38.9670789884693;38.9670789884693;38.9670789884693;38.9670789884693;0.123864;5;16945.0229943792 * Files_50;1;13.0621272272529;
5;2548.794489093 * CompressionMethod + -7526.67049368542 * BlockSize_1024 + 6840.97588978187 * filterOff + 4390.83811710678 * HeaderCompressionOff + 17891.205510907 * Files_50 + 8693.32950631459 * x_8;29.2320887973568;29.2320887973568;29.2320887973568;29.2320887973568;0.211455;6;8693.32950631459 * x_8;1;9.73499019111252;
6;2108.88535031848 * CompressionMethod + -7420.54140127388 * BlockSize_1024 + 7297.89808917197 * filterOff + 4434.58598726115 * HeaderCompressionOff + 18331.1146496815 * Files_50 + 8093.82165605094 * x_8 + 2116.91082802548 * BlockSize_1;27.7169238245554;27.7169238245554;27.7169238245554;27.7169238245554;0.330733;7;2116.91082802548 * BlockSize_1;1;1.51516497280141;
7;1667.39675016925 * CompressionMethod + -8159.90182802979 * BlockSize_1024 + 8111.72647257957 * filterOff + 5392.03114421124 * HeaderCompressionOff + 18772.6032498308 * Files_50 + 7221.4827352742 * x_8 + 2515.84631008803 * BlockSize_1 + -9186.15436696007 * BlockSize_64;25.9792133921251;25.9792133921251;25.9792133921251;25.9792133921251;0.489296;8;-9186.15436696007 * BlockSize_64;1;1.73771043243029;
8;1941.05442176872 * CompressionMethod + -8334.04761904762 * BlockSize_1024 + 8397.82312925169 * filterOff + 4956.66666666666 * HeaderCompressionOff + 18498.9455782313 * Files_50 + 7034.89795918368 * x_8 + 7802.41496598639 * BlockSize_1 + -6685.91836734694 * BlockSize_64 + -5249.25170068028 * Files_30;23.6527936564602;23.6527936564602;23.6527936564602;23.6527936564602;0.690158;9;-5249.25170068028 * Files_30;1;2.32641973566489;
9;1685.60769656698 * CompressionMethod + -8930.0899778516 * BlockSize_1024 + 9079.01439645627 * filterOff + 5552.70902547066 * HeaderCompressionOff + 18754.392303433 * Files_50 + 9674.51411960133 * x_8 + 9505.39313399782 * BlockSize_1 + -2002.7284053156 * BlockSize_64 + -8314.6124031008 * Files_30 + -8344.59302325582 * HeaderCompressionOff * Files_90;18.3873983304196;18.3873983304196;18.3873983304196;18.3873983304196;0.939416;11;-8344.59302325582 * HeaderCompressionOff * Files_90;2;2.63269766302029;
10;1739.64875681201 * CompressionMethod + -8978.05900885558 * BlockSize_1024 + 9152.48595027248 * filterOff + 5470.12942779292 * HeaderCompressionOff + 18700.351243188 * Files_50 + 12814.9676430518 * x_8 + 10668.1867336512 * BlockSize_1 + -1070.06471389646 * BlockSize_64 + -8867.1670640327 * Files_30 + -9747.23177792915 * HeaderCompressionOff * Files_90 + -4386.43392370575 * x_8 * mtOff;16.7071479146095;16.7071479146095;16.7071479146095;16.7071479146095;1.25886;13;-4386.43392370575 * x_8 * mtOff;2;0.840125207905063;
11;1739.64875681199 * CompressionMethod + -8978.0590088556 * BlockSize_1024 + 9152.48595027248 * filterOff + 5470.12942779292 * HeaderCompressionOff + 18700.351243188 * Files_50 + 12814.9676430518 * x_8 + 10668.1867336512 * BlockSize_1 + -535.032356948235 * BlockSize_64 + -8867.16706403269 * Files_30 + -9747.23177792919 * HeaderCompressionOff * Files_90 + -4386.43392370577 * x_8 * mtOff + -535.03235694823 * BlockSize_64 * filterOff;16.7071479146092;16.7071479146092;16.7071479146092;16.7071479146092;1.648986;15;-535.03235694823 * BlockSize_64 * filterOff;2;1.70530256582424E-13;
Elapsed=00:00:01.6492760
Learning progress:
1;12704.6153846154 * CompressionMethod + -8132.61538461538 * x_0;155.05748921056;155.05748921056;155.05748921056;155.05748921056;0.008215;2;-8132.61538461538 * x_0;1;95.8113075632079;
2;14498.6363636364 * CompressionMethod + -9926.63636363638 * x_0 + -11661.1363636364 * x_4;97.6994024186794;97.6994024186794;97.6994024186794;97.6994024186794;0.028248;3;-11661.1363636364 * x_4;1;57.3580867918809;
3;19628 * CompressionMethod + -15056 * x_0 + -16790.5 * x_4 + -16120.8571428571 * x_2;53.0203807411209;53.0203807411209;53.0203807411209;53.0203807411209;0.065801;4;-16120.8571428571 * x_2;1;44.6790216775585;
4;19101.0220955096 * CompressionMethod + -16109.9558089808 * x_0 + -18239.6892373486 * x_4 + -16723.1176051319 * x_2 + 7904.66856735566 * BlockSize_4096;35.1570378148874;35.1570378148874;35.1570378148874;35.1570378148874;0.124352;5;7904.66856735566 * BlockSize_4096;1;17.8633429262335;
5;19040.1142857143 * CompressionMethod + -16231.7714285714 * x_0 + -17150.5142857143 * x_4 + -16074.6285714286 * x_2 + 8818.28571428573 * BlockSize_4096 + -5026.68571428572 * Files_80;30.268367023845;30.268367023845;30.268367023845;30.268367023845;0.212758;6;-5026.68571428572 * Files_80;1;4.88867079104241;
6;19043.9165154265 * CompressionMethod + -16046.7295825772 * x_0 + -17145.444646098 * x_4 + -16073.3611615245 * x_2 + 8761.25226860255 * BlockSize_4096 + -5005.13974591652 * Files_80 + -887.186932849352 * Files_40;28.3564983401042;28.3564983401042;28.3564983401042;28.3564983401042;0.33194;7;-887.186932849352 * Files_40;1;1.91186868374077;
7;19043.9165154265 * CompressionMethod + -16046.7295825771 * x_0 + -17145.444646098 * x_4 + -16073.3611615245 * x_2 + 8761.25226860255 * BlockSize_4096 + -5005.13974591652 * Files_80 + -443.593466424668 * Files_40 + -443.593466424668 * x_0 * Deflate;26.7883653281391;26.7883653281391;26.7883653281391;26.7883653281391;0.487445;9;-443.593466424668 * x_0 * Deflate;2;0.784066505982542;
8;19043.9165154265 * CompressionMethod + -16046.7295825771 * x_0 + -17145.444646098 * x_4 + -16073.3611615245 * x_2 + 8761.25226860256 * BlockSize_4096 + -2502.56987295827 * Files_80 + -443.59346642468 * Files_40 + -443.593466424677 * x_0 * Deflate + -2502.56987295827 * Files_80 * Deflate;25.2405116214605;25.2405116214605;25.2405116214605;25.2405116214605;0.693119;11;-2502.56987295827 * Files_80 * Deflate;2;0.773926853339324;
9;18941.8657491561 * CompressionMethod + -15952.8356271098 * x_0 + -17048.4692287717 * x_4 + -15974.2105946507 * x_2 + 8793.87951181512 * BlockSize_4096 + -2508.73279667622 * Files_80 + -439.515061023088 * Files_40 + -439.515061023088 * x_0 * Deflate + -2508.73279667622 * Files_80 * Deflate + 1498.13425084387 * Files_50;25.0666359184397;25.0666359184397;25.0666359184397;25.0666359184397;0.958536;12;1498.13425084387 * Files_50;1;0.173875703020755;
Elapsed=00:00:00.9588071
Learning progress:
1;6555.38461538461 * CompressionMethod + 12394.6153846154 * x_8;90.3753896573691;90.3753896573691;90.3753896573691;90.3753896573691;0.007416;2;12394.6153846154 * x_8;1;49.5388883756638;
2;5179.52380952381 * CompressionMethod + 13770.4761904762 * x_8 + 7154.47619047619 * x_10;63.6535757850141;63.6535757850141;63.6535757850141;63.6535757850141;0.025852;3;7154.47619047619 * x_10;1;26.721813872355;
3;5287.66304347825 * CompressionMethod + 14116.5217391304 * x_8 + 7046.33695652174 * x_10 + -2270.92391304349 * BlockSize_32;50.3947916532111;50.3947916532111;50.3947916532111;50.3947916532111;0.063272;4;-2270.92391304349 * BlockSize_32;1;13.258784131803;
4;5556.58597662771 * CompressionMethod + 13877.4791318865 * x_8 + 7327.21202003338 * x_10 + -2420.32554257095 * BlockSize_32 + -2748.98998330551 * BlockSize_512;44.2531538865537;44.2531538865537;44.2531538865537;44.2531538865537;0.123746;5;-2748.98998330551 * BlockSize_512;1;6.14163776665746;
5;5792.43470149253 * CompressionMethod + 13667.8358208955 * x_8 + 7125.05597014926 * x_10 + -2551.3526119403 * BlockSize_32 + -2917.45335820895 * BlockSize_512 + -2242.43470149253 * BlockSize_4096;37.1580160276262;37.1580160276262;37.1580160276262;37.1580160276262;0.212563;6;-2242.43470149253 * BlockSize_4096;1;7.09513785892748;
6;5875.17241379311 * CompressionMethod + 13242.3275862069 * x_8 + 7054.13793103448 * x_10 + -837.500000000015 * BlockSize_32 + -2976.55172413793 * BlockSize_512 + -2325.1724137931 * BlockSize_4096 + -3167.67241379308 * BlockSize_32 * Deflate;32.9893712687873;32.9893712687873;32.9893712687873;32.9893712687873;0.335946;8;-3167.67241379308 * BlockSize_32 * Deflate;2;2.08432237941946;
7;6018.48214285714 * CompressionMethod + 13692.7295918367 * x_8 + 6931.30102040816 * x_10 + -1431.21173469387 * BlockSize_32 + -3078.91581632653 * BlockSize_512 + -2468.48214285715 * BlockSize_4096 + -2717.27040816327 * BlockSize_32 * Deflate + -2374.8469387755 * BlockSize_1;31.172895075669;31.172895075669;31.172895075669;31.172895075669;0.509835;9;-2374.8469387755 * BlockSize_1;1;1.81647619311821;
8;6138.52355072464 * CompressionMethod + 13589.8369565217 * x_8 + 7188.53260869565 * x_10 + -1448.36050724637 * BlockSize_32 + -3284.70108695652 * BlockSize_512 + -2588.52355072463 * BlockSize_4096 + -2820.16304347826 * BlockSize_32 * Deflate + -2443.44202898551 * BlockSize_1 + -840.289855072453 * Files_60;29.5198279324025;29.5198279324025;29.5198279324025;29.5198279324025;0.731841;10;-840.289855072453 * Files_60;1;1.65306714326652;
9;5995.21166134186 * CompressionMethod + 13712.6757188498 * x_8 + 13944.6645367412 * x_10 + -1427.8873801917 * BlockSize_32 + -1626.37779552716 * BlockSize_512 + -2445.21166134186 * BlockSize_4096 + -2697.32428115014 * BlockSize_32 * Deflate + -2361.54952076678 * BlockSize_1 + -1249.75239616614 * Files_60 + -11301.1661341853 * x_10 * PPMd;27.6047904351607;27.6047904351607;27.6047904351607;27.6047904351607;1.008895;12;-11301.1661341853 * x_10 * PPMd;2;0.957518748620906;
10;6931.92580049261 * CompressionMethod + 13877.0874384236 * x_8 + 13507.6754926108 * x_10 + -2529.01323891627 * BlockSize_32 + -1438.16964285714 * BlockSize_512 + -2027.69242610837 * BlockSize_4096 + -2532.91256157636 * BlockSize_32 * Deflate + -2703.35283251232 * BlockSize_1 + -894.969211822664 * Files_60 + -11530.4772167488 * x_10 * PPMd + -1354.23337438423 * tmOff;24.0188018229397;24.0188018229397;24.0188018229397;24.0188018229397;1.35829;13;-1354.23337438423 * tmOff;1;3.58598861222107;
11;6911.29648241206 * CompressionMethod + 13852.5552763819 * x_8 + 13477.567839196 * x_10 + -2483.85175879397 * BlockSize_32 + -775.243718592963 * BlockSize_512 + -2066.16331658291 * BlockSize_4096 + -2557.44472361808 * BlockSize_32 * Deflate + -2700.00753768842 * BlockSize_1 + -852.595477386926 * Files_60 + -11734.5402010051 * x_10 * PPMd + -1295.13316582915 * tmOff + -1810.91959798997 * BlockSize_512 * filterOff;20.7599344128676;20.7599344128676;20.7599344128676;20.7599344128676;1.779206;15;-1810.91959798997 * BlockSize_512 * filterOff;2;1.62943370503601;
12;6928.61921708185 * CompressionMethod + 13539.3024911032 * x_8 + 13471.7935943061 * x_10 + -2187.92170818505 * BlockSize_32 + -765.138790035591 * BlockSize_512 + -2041.62277580072 * BlockSize_4096 + -2870.69750889678 * BlockSize_32 * Deflate + -2539.77224199288 * BlockSize_1 + -833.829181494654 * Files_60 + -11741.7580071174 * x_10 * PPMd + -1336.99644128115 * tmOff + -1796.48398576512 * BlockSize_512 * filterOff + 1149.07473309609 * x_8 * BlockSize_16;19.7135864079506;19.7135864079506;19.7135864079506;19.7135864079506;2.432749;17;1149.07473309609 * x_8 * BlockSize_16;2;0.52317400245852;
13;6901.84261868631 * CompressionMethod + 13596.1814437459 * x_8 + 13496.6941252981 * x_10 + -2218.02406243227 * BlockSize_32 + -712.864730110548 * BlockSize_512 + -1955.75005419466 * BlockSize_4096 + -2813.81855625404 * BlockSize_32 * Deflate + -2511.88705831346 * BlockSize_1 + -770.980923477131 * Files_60 + -11758.5573379579 * x_10 * PPMd + -1396.09256449165 * tmOff + -1762.88532408411 * BlockSize_512 * filterOff + 1178.0685020594 * x_8 * BlockSize_16 + 479.249945805345 * BlockSize_64;19.5938165079921;19.5938165079921;19.5938165079921;19.5938165079921;3.045369;18;479.249945805345 * BlockSize_64;1;0.119769899958463;
Elapsed=00:00:03.0457265
Learning progress:
1;6886.08695652174 * CompressionMethod + 16881.4130434783 * x_10;83.6915996072685;83.6915996072685;83.6915996072685;83.6915996072685;0.007538;2;16881.4130434783 * x_10;1;103.416788236654;
2;5045.49999999999 * CompressionMethod + 18722 * x_10 + 14111.1666666667 * x_8;43.7190444485273;43.7190444485273;43.7190444485273;43.7190444485273;0.027281;3;14111.1666666667 * x_8;1;39.9725551587412;
3;3302.50000000001 * CompressionMethod + 20465 * x_10 + 15854.1666666667 * x_8 + 8715.00000000001 * x_6;28.3567413215888;28.3567413215888;28.3567413215888;28.3567413215888;0.063541;4;8715.00000000001 * x_6;1;15.3623031269386;
4;3302.5 * CompressionMethod + 20465 * x_10 + 16280.5 * x_8 + 9354.5 * x_6 + -1279 * Files_20;23.2996943222797;23.2996943222797;23.2996943222797;23.2996943222797;0.120084;5;-1279 * Files_20;1;5.05704699930907;
5;3302.5 * CompressionMethod + 20465 * x_10 + 16280.5 * x_8 + 4677.25 * x_6 + -1279.00000000001 * Files_20 + 4677.25 * x_6 * HeaderCompressionOff;15.8613196403459;15.8613196403459;15.8613196403459;15.8613196403459;0.205548;7;4677.25 * x_6 * HeaderCompressionOff;2;3.7191873409669;
6;3530.83333333334 * CompressionMethod + 20236.6666666667 * x_10 + 16052.1666666667 * x_8 + 4563.08333333334 * x_6 + -1279.00000000001 * Files_20 + 4563.08333333334 * x_6 * HeaderCompressionOff + -913.33333333334 * x_4;13.4874844995803;13.4874844995803;13.4874844995803;13.4874844995803;0.328759;8;-913.33333333334 * x_4;1;2.37383514076559;
7;3530.83333333333 * CompressionMethod + 20236.6666666667 * x_10 + 16052.1666666667 * x_8 + 4563.08333333334 * x_6 + -1278.99999999997 * Files_20 + 4563.08333333334 * x_6 * HeaderCompressionOff + -664.166666666656 * x_4 + -996.666666666661 * Files_10;13.4155148026108;13.4155148026108;13.4155148026108;13.4155148026108;0.492501;9;-996.666666666661 * Files_10;1;0.071969696969532;
Elapsed=00:00:00.4927278
Learning progress:
1;12775.3846153846 * CompressionMethod + -9393.38461538462 * x_2;80.5361333140554;80.5361333140554;80.5361333140554;80.5361333140554;0.007895;2;-9393.38461538462 * x_2;1;167.328325556214;
2;14645.4545454545 * CompressionMethod + -11263.4545454546 * x_2 + -12155.4545454546 * x_4;51.3302862485845;51.3302862485845;51.3302862485845;51.3302862485845;0.030425;3;-12155.4545454546 * x_4;1;29.2058470654708;
3;16289.3233082707 * CompressionMethod + -10496.3157894737 * x_2 + -12292.4436090226 * x_4 + -3013.75939849624 * tmOff;37.2581986989226;37.2581986989226;37.2581986989226;37.2581986989226;0.069388;4;-3013.75939849624 * tmOff;1;14.0720875496619;
4;10875.3975903614 * CompressionMethod + -6368.86746987952 * x_2 + -7682.56626506025 * x_4 + -1405.6626506024 * tmOff + 14258.4578313253 * x_10;29.6919161228151;29.6919161228151;29.6919161228151;29.6919161228151;0.134102;5;14258.4578313253 * x_10;1;7.5662825761075;
5;10539.7885196375 * CompressionMethod + -6207.64350453171 * x_2 + -6943.89728096676 * x_4 + -2211.78247734139 * tmOff + 14939.5468277946 * x_10 + 4096.40483383687 * Files_20;23.6668948377808;23.6668948377808;23.6668948377808;23.6668948377808;0.227123;6;4096.40483383687 * Files_20;1;6.02502128503428;
6;10445.5895578316 * CompressionMethod + -5702.76417686733 * x_2 + -6821.23532350736 * x_4 + -2268.70846864851 * tmOff + 15058.1426430177 * x_10 + 2270.70696977269 * Files_20 + 7402.41194104423 * Files_20 * LZMA;19.852622333232;19.852622333232;19.852622333232;19.852622333232;0.361088;8;7402.41194104423 * Files_20 * LZMA;2;1.90713625227442;
7;10277.0123839009 * CompressionMethod + -5770.19504643963 * x_2 + -6817.48916408669 * x_4 + -1939.04643962848 * tmOff + 15621.0030959753 * x_10 + 2132.09907120742 * Files_20 + 11128.9040247678 * Files_20 * LZMA + -3748.96904024767 * BlockSize_8;17.7963592904964;17.7963592904964;17.7963592904964;17.7963592904964;0.536701;9;-3748.96904024767 * BlockSize_8;1;2.05626304273556;
8;11031.864608076 * CompressionMethod + -5468.2541567696 * x_2 + -6834.26365795725 * x_4 + -3415.20190023753 * tmOff + 13100.635391924 * x_10 + 2752.75534441806 * Files_20 + 14760.5819477435 * Files_20 * LZMA + -7279.99999999997 * BlockSize_8 + 6772.70190023752 * x_10 * tmOff;15.7246653133639;15.7246653133639;15.7246653133639;15.7246653133639;0.767656;11;6772.70190023752 * x_10 * tmOff;2;1.03584698856624;
9;11012.1827613727 * CompressionMethod + -5268.97545889864 * x_2 + -6845.33469672784 * x_4 + -3698.94852354351 * tmOff + 12947.6910415004 * x_10 + 2989.75758180366 * Files_20 + 14827.0081803671 * Files_20 * LZMA + -7970.50478850757 * BlockSize_8 + 7229.07472067041 * x_10 * tmOff + 690.504788507568 * LZMA;13.5368882631285;13.5368882631285;13.5368882631285;13.5368882631285;1.053194;12;690.504788507568 * LZMA;1;2.18777705023548;
10;11190.5313319037 * CompressionMethod + -5030.81486776269 * x_2 + -7766.98355968549 * x_4 + -4307.21864824079 * tmOff + 12630.3248351998 * x_10 + 3340.29227225796 * Files_20 + 14906.3950440791 * Files_20 * LZMA + -8526.57533158606 * BlockSize_8 + 7976.3624811373 * x_10 * tmOff + 1246.57533158606 * LZMA + 3633.67087602252 * BlockSize_4;12.5186337006687;12.5186337006687;12.5186337006687;12.5186337006687;1.407452;13;3633.67087602252 * BlockSize_4;1;1.01825456245974;
11;11190.5313319037 * CompressionMethod + -5030.81486776268 * x_2 + -7766.98355968549 * x_4 + -4307.21864824081 * tmOff + 12630.3248351998 * x_10 + 3340.29227225797 * Files_20 + 14906.3950440791 * Files_20 * LZMA + -4263.28766579304 * BlockSize_8 + 7976.36248113732 * x_10 * tmOff + 1246.57533158605 * LZMA + 3633.67087602258 * BlockSize_4 + -4263.28766579304 * BlockSize_8 * LZMA;11.1694543689829;11.1694543689829;11.1694543689829;11.1694543689829;1.831817;15;-4263.28766579304 * BlockSize_8 * LZMA;2;0.674589665842896;
12;11190.5313319037 * CompressionMethod + -5030.81486776269 * x_2 + -7766.9835596855 * x_4 + -4307.21864824083 * tmOff + 12630.3248351998 * x_10 + 3340.29227225797 * Files_20 + 14906.3950440791 * Files_20 * LZMA + -2842.19177719536 * BlockSize_8 + 7976.36248113735 * x_10 * tmOff + 1246.57533158607 * LZMA + 3633.6708760226 * BlockSize_4 + -2842.19177719536 * BlockSize_8 * LZMA + -2842.19177719536 * BlockSize_8 * filterOff;10.5898933524091;10.5898933524091;10.5898933524091;10.5898933524091;2.338938;17;-2842.19177719536 * BlockSize_8 * filterOff;2;0.289780508286901;
Elapsed=00:00:02.3392808
Learning progress:
1;11356.8965517241 * CompressionMethod + -8846.89655172414 * BlockSize_1024;114.711352653924;114.711352653924;114.711352653924;114.711352653924;0.005058;2;-8846.89655172414 * BlockSize_1024;1;205.02520598467;
2;7521.90635451505 * CompressionMethod + -8719.06354515051 * BlockSize_1024 + 5560.73578595318 * filterOff;86.2899823370832;86.2899823370832;86.2899823370832;86.2899823370832;0.023442;3;5560.73578595318 * filterOff;1;28.4213703168413;
3;5792.73409893992 * CompressionMethod + -9013.14045936395 * BlockSize_1024 + 5078.44964664312 * filterOff + 3517.15989399293 * HeaderCompressionOff;52.0292062157222;52.0292062157222;52.0292062157222;52.0292062157222;0.060576;4;3517.15989399293 * HeaderCompressionOff;1;34.260776121361;
4;3494.97700562084 * CompressionMethod + -8481.73735309147 * BlockSize_1024 + 6627.75166070517 * filterOff + 4617.38886050077 * HeaderCompressionOff + 16945.0229943792 * Files_50;38.9670789884693;38.9670789884693;38.9670789884693;38.9670789884693;0.12395;5;16945.0229943792 * Files_50;1;13.0621272272529;
5;2548.794489093 * CompressionMethod + -7526.67049368542 * BlockSize_1024 + 6840.97588978187 * filterOff + 4390.83811710678 * HeaderCompressionOff + 17891.205510907 * Files_50 + 8693.32950631459 * x_8;29.2320887973568;29.2320887973568;29.2320887973568;29.2320887973568;0.210715;6;8693.32950631459 * x_8;1;9.73499019111252;
6;2108.88535031848 * CompressionMethod + -7420.54140127388 * BlockSize_1024 + 7297.89808917197 * filterOff + 4434.58598726115 * HeaderCompressionOff + 18331.1146496815 * Files_50 + 8093.82165605094 * x_8 + 2116.91082802548 * BlockSize_1;27.7169238245554;27.7169238245554;27.7169238245554;27.7169238245554;0.333253;7;2116.91082802548 * BlockSize_1;1;1.51516497280141;
7;1667.39675016925 * CompressionMethod + -8159.90182802979 * BlockSize_1024 + 8111.72647257957 * filterOff + 5392.03114421124 * HeaderCompressionOff + 18772.6032498308 * Files_50 + 7221.4827352742 * x_8 + 2515.84631008803 * BlockSize_1 + -9186.15436696007 * BlockSize_64;25.9792133921251;25.9792133921251;25.9792133921251;25.9792133921251;0.490816;8;-9186.15436696007 * BlockSize_64;1;1.73771043243029;
8;1941.05442176872 * CompressionMethod + -8334.04761904762 * BlockSize_1024 + 8397.82312925169 * filterOff + 4956.66666666666 * HeaderCompressionOff + 18498.9455782313 * Files_50 + 7034.89795918368 * x_8 + 7802.41496598639 * BlockSize_1 + -6685.91836734694 * BlockSize_64 + -5249.25170068028 * Files_30;23.6527936564602;23.6527936564602;23.6527936564602;23.6527936564602;0.692416;9;-5249.25170068028 * Files_30;1;2.32641973566489;
9;1685.60769656698 * CompressionMethod + -8930.0899778516 * BlockSize_1024 + 9079.01439645627 * filterOff + 5552.70902547066 * HeaderCompressionOff + 18754.392303433 * Files_50 + 9674.51411960133 * x_8 + 9505.39313399782 * BlockSize_1 + -2002.7284053156 * BlockSize_64 + -8314.6124031008 * Files_30 + -8344.59302325582 * HeaderCompressionOff * Files_90;18.3873983304196;18.3873983304196;18.3873983304196;18.3873983304196;0.945046;11;-8344.59302325582 * HeaderCompressionOff * Files_90;2;2.63269766302029;
10;1739.64875681201 * CompressionMethod + -8978.05900885558 * BlockSize_1024 + 9152.48595027248 * filterOff + 5470.12942779292 * HeaderCompressionOff + 18700.351243188 * Files_50 + 12814.9676430518 * x_8 + 10668.1867336512 * BlockSize_1 + -1070.06471389646 * BlockSize_64 + -8867.1670640327 * Files_30 + -9747.23177792915 * HeaderCompressionOff * Files_90 + -4386.43392370575 * x_8 * mtOff;16.7071479146095;16.7071479146095;16.7071479146095;16.7071479146095;1.262602;13;-4386.43392370575 * x_8 * mtOff;2;0.840125207905063;
11;1739.64875681199 * CompressionMethod + -8978.0590088556 * BlockSize_1024 + 9152.48595027248 * filterOff + 5470.12942779292 * HeaderCompressionOff + 18700.351243188 * Files_50 + 12814.9676430518 * x_8 + 10668.1867336512 * BlockSize_1 + -535.032356948235 * BlockSize_64 + -8867.16706403269 * Files_30 + -9747.23177792919 * HeaderCompressionOff * Files_90 + -4386.43392370577 * x_8 * mtOff + -535.03235694823 * BlockSize_64 * filterOff;16.7071479146092;16.7071479146092;16.7071479146092;16.7071479146092;1.661548;15;-535.03235694823 * BlockSize_64 * filterOff;2;1.70530256582424E-13;
Elapsed=00:00:01.6618509
Learning progress:
1;12704.6153846154 * CompressionMethod + -8132.61538461538 * x_0;155.05748921056;155.05748921056;155.05748921056;155.05748921056;0.008157;2;-8132.61538461538 * x_0;1;95.8113075632079;
2;14498.6363636364 * CompressionMethod + -9926.63636363638 * x_0 + -11661.1363636364 * x_4;97.6994024186794;97.6994024186794;97.6994024186794;97.6994024186794;0.030668;3;-11661.1363636364 * x_4;1;57.3580867918809;
3;19628 * CompressionMethod + -15056 * x_0 + -16790.5 * x_4 + -16120.8571428571 * x_2;53.0203807411209;53.0203807411209;53.0203807411209;53.0203807411209;0.067149;4;-16120.8571428571 * x_2;1;44.6790216775585;
4;19101.0220955096 * CompressionMethod + -16109.9558089808 * x_0 + -18239.6892373486 * x_4 + -16723.1176051319 * x_2 + 7904.66856735566 * BlockSize_4096;35.1570378148874;35.1570378148874;35.1570378148874;35.1570378148874;0.126432;5;7904.66856735566 * BlockSize_4096;1;17.8633429262335;
5;19040.1142857143 * CompressionMethod + -16231.7714285714 * x_0 + -17150.5142857143 * x_4 + -16074.6285714286 * x_2 + 8818.28571428573 * BlockSize_4096 + -5026.68571428572 * Files_80;30.268367023845;30.268367023845;30.268367023845;30.268367023845;0.214247;6;-5026.68571428572 * Files_80;1;4.88867079104241;
6;19043.9165154265 * CompressionMethod + -16046.7295825772 * x_0 + -17145.444646098 * x_4 + -16073.3611615245 * x_2 + 8761.25226860255 * BlockSize_4096 + -5005.13974591652 * Files_80 + -887.186932849352 * Files_40;28.3564983401042;28.3564983401042;28.3564983401042;28.3564983401042;0.332737;7;-887.186932849352 * Files_40;1;1.91186868374077;
7;19043.9165154265 * CompressionMethod + -16046.7295825771 * x_0 + -17145.444646098 * x_4 + -16073.3611615245 * x_2 + 8761.25226860255 * BlockSize_4096 + -5005.13974591652 * Files_80 + -443.593466424668 * Files_40 + -443.593466424668 * x_0 * Deflate;26.7883653281391;26.7883653281391;26.7883653281391;26.7883653281391;0.492262;9;-443.593466424668 * x_0 * Deflate;2;0.784066505982542;
8;19043.9165154265 * CompressionMethod + -16046.7295825771 * x_0 + -17145.444646098 * x_4 + -16073.3611615245 * x_2 + 8761.25226860256 * BlockSize_4096 + -2502.56987295827 * Files_80 + -443.59346642468 * Files_40 + -443.593466424677 * x_0 * Deflate + -2502.56987295827 * Files_80 * Deflate;25.2405116214605;25.2405116214605;25.2405116214605;25.2405116214605;0.702887;11;-2502.56987295827 * Files_80 * Deflate;2;0.773926853339324;
9;18941.8657491561 * CompressionMethod + -15952.8356271098 * x_0 + -17048.4692287717 * x_4 + -15974.2105946507 * x_2 + 8793.87951181512 * BlockSize_4096 + -2508.73279667622 * Files_80 + -439.515061023088 * Files_40 + -439.515061023088 * x_0 * Deflate + -2508.73279667622 * Files_80 * Deflate + 1498.13425084387 * Files_50;25.0666359184397;25.0666359184397;25.0666359184397;25.0666359184397;0.969766;12;1498.13425084387 * Files_50;1;0.173875703020755;
10;18941.5376401495 * CompressionMethod + -15911.5376401495 * x_0 + -17048.8556682684 * x_4 + -15974.2907990746 * x_2 + 8798.47303790709 * BlockSize_4096 + -2509.60046271579 * Files_80 + -459.999999999982 * Files_40 + -459.999999999979 * x_0 * Deflate + -2509.60046271579 * Files_80 * Deflate + 1498.46235985048 * Files_50 + -56.1576793023349 * x_0 * BZip2;24.8167675698892;24.8167675698892;24.8167675698892;24.8167675698892;1.296394;14;-56.1576793023349 * x_0 * BZip2;2;0.124934174275282;
11;18939.0951374207 * CompressionMethod + -15909.0951374207 * x_0 + -17077.1479915434 * x_4 + -16152.7970401692 * x_2 + 8832.66807610994 * BlockSize_4096 + -2465.22832980972 * Files_80 + -460.00000000001 * Files_40 + -460.000000000009 * x_0 * Deflate + -2465.22832980972 * Files_80 * Deflate + 1500.90486257924 * Files_50 + -67.5560253700135 * x_0 * BZip2 + 1143.70190274839 * x_2 * BlockSize_32;24.6282435855952;24.6282435855952;24.6282435855952;24.6282435855952;1.696804;16;1143.70190274839 * x_2 * BlockSize_32;2;0.0942619921469614;
Elapsed=00:00:01.6970987
Learning progress:
1;6555.38461538461 * CompressionMethod + 12394.6153846154 * x_8;90.3753896573691;90.3753896573691;90.3753896573691;90.3753896573691;0.007715;2;12394.6153846154 * x_8;1;49.5388883756638;
2;5179.52380952381 * CompressionMethod + 13770.4761904762 * x_8 + 7154.47619047619 * x_10;63.6535757850141;63.6535757850141;63.6535757850141;63.6535757850141;0.02799;3;7154.47619047619 * x_10;1;26.721813872355;
3;5287.66304347825 * CompressionMethod + 14116.5217391304 * x_8 + 7046.33695652174 * x_10 + -2270.92391304349 * BlockSize_32;50.3947916532111;50.3947916532111;50.3947916532111;50.3947916532111;0.065741;4;-2270.92391304349 * BlockSize_32;1;13.258784131803;
4;5556.58597662771 * CompressionMethod + 13877.4791318865 * x_8 + 7327.21202003338 * x_10 + -2420.32554257095 * BlockSize_32 + -2748.98998330551 * BlockSize_512;44.2531538865537;44.2531538865537;44.2531538865537;44.2531538865537;0.126048;5;-2748.98998330551 * BlockSize_512;1;6.14163776665746;
5;5792.43470149253 * CompressionMethod + 13667.8358208955 * x_8 + 7125.05597014926 * x_10 + -2551.3526119403 * BlockSize_32 + -2917.45335820895 * BlockSize_512 + -2242.43470149253 * BlockSize_4096;37.1580160276262;37.1580160276262;37.1580160276262;37.1580160276262;0.216594;6;-2242.43470149253 * BlockSize_4096;1;7.09513785892748;
6;5875.17241379311 * CompressionMethod + 13242.3275862069 * x_8 + 7054.13793103448 * x_10 + -837.500000000015 * BlockSize_32 + -2976.55172413793 * BlockSize_512 + -2325.1724137931 * BlockSize_4096 + -3167.67241379308 * BlockSize_32 * Deflate;32.9893712687873;32.9893712687873;32.9893712687873;32.9893712687873;0.342316;8;-3167.67241379308 * BlockSize_32 * Deflate;2;2.08432237941946;
7;6018.48214285714 * CompressionMethod + 13692.7295918367 * x_8 + 6931.30102040816 * x_10 + -1431.21173469387 * BlockSize_32 + -3078.91581632653 * BlockSize_512 + -2468.48214285715 * BlockSize_4096 + -2717.27040816327 * BlockSize_32 * Deflate + -2374.8469387755 * BlockSize_1;31.172895075669;31.172895075669;31.172895075669;31.172895075669;0.518154;9;-2374.8469387755 * BlockSize_1;1;1.81647619311821;
8;6138.52355072464 * CompressionMethod + 13589.8369565217 * x_8 + 7188.53260869565 * x_10 + -1448.36050724637 * BlockSize_32 + -3284.70108695652 * BlockSize_512 + -2588.52355072463 * BlockSize_4096 + -2820.16304347826 * BlockSize_32 * Deflate + -2443.44202898551 * BlockSize_1 + -840.289855072453 * Files_60;29.5198279324025;29.5198279324025;29.5198279324025;29.5198279324025;0.742079;10;-840.289855072453 * Files_60;1;1.65306714326652;
9;5995.21166134186 * CompressionMethod + 13712.6757188498 * x_8 + 13944.6645367412 * x_10 + -1427.8873801917 * BlockSize_32 + -1626.37779552716 * BlockSize_512 + -2445.21166134186 * BlockSize_4096 + -2697.32428115014 * BlockSize_32 * Deflate + -2361.54952076678 * BlockSize_1 + -1249.75239616614 * Files_60 + -11301.1661341853 * x_10 * PPMd;27.6047904351607;27.6047904351607;27.6047904351607;27.6047904351607;1.018737;12;-11301.1661341853 * x_10 * PPMd;2;0.957518748620906;
10;6931.92580049261 * CompressionMethod + 13877.0874384236 * x_8 + 13507.6754926108 * x_10 + -2529.01323891627 * BlockSize_32 + -1438.16964285714 * BlockSize_512 + -2027.69242610837 * BlockSize_4096 + -2532.91256157636 * BlockSize_32 * Deflate + -2703.35283251232 * BlockSize_1 + -894.969211822664 * Files_60 + -11530.4772167488 * x_10 * PPMd + -1354.23337438423 * tmOff;24.0188018229397;24.0188018229397;24.0188018229397;24.0188018229397;1.372817;13;-1354.23337438423 * tmOff;1;3.58598861222107;
11;6911.29648241206 * CompressionMethod + 13852.5552763819 * x_8 + 13477.567839196 * x_10 + -2483.85175879397 * BlockSize_32 + -775.243718592963 * BlockSize_512 + -2066.16331658291 * BlockSize_4096 + -2557.44472361808 * BlockSize_32 * Deflate + -2700.00753768842 * BlockSize_1 + -852.595477386926 * Files_60 + -11734.5402010051 * x_10 * PPMd + -1295.13316582915 * tmOff + -1810.91959798997 * BlockSize_512 * filterOff;20.7599344128676;20.7599344128676;20.7599344128676;20.7599344128676;1.800684;15;-1810.91959798997 * BlockSize_512 * filterOff;2;1.62943370503601;
12;6928.61921708185 * CompressionMethod + 13539.3024911032 * x_8 + 13471.7935943061 * x_10 + -2187.92170818505 * BlockSize_32 + -765.138790035591 * BlockSize_512 + -2041.62277580072 * BlockSize_4096 + -2870.69750889678 * BlockSize_32 * Deflate + -2539.77224199288 * BlockSize_1 + -833.829181494654 * Files_60 + -11741.7580071174 * x_10 * PPMd + -1336.99644128115 * tmOff + -1796.48398576512 * BlockSize_512 * filterOff + 1149.07473309609 * x_8 * BlockSize_16;19.7135864079506;19.7135864079506;19.7135864079506;19.7135864079506;2.3312;17;1149.07473309609 * x_8 * BlockSize_16;2;0.52317400245852;
13;6901.84261868631 * CompressionMethod + 13596.1814437459 * x_8 + 13496.6941252981 * x_10 + -2218.02406243227 * BlockSize_32 + -712.864730110548 * BlockSize_512 + -1955.75005419466 * BlockSize_4096 + -2813.81855625404 * BlockSize_32 * Deflate + -2511.88705831346 * BlockSize_1 + -770.980923477131 * Files_60 + -11758.5573379579 * x_10 * PPMd + -1396.09256449165 * tmOff + -1762.88532408411 * BlockSize_512 * filterOff + 1178.0685020594 * x_8 * BlockSize_16 + 479.249945805345 * BlockSize_64;19.5938165079921;19.5938165079921;19.5938165079921;19.5938165079921;2.948512;18;479.249945805345 * BlockSize_64;1;0.119769899958463;
14;6901.84261868633 * CompressionMethod + 13596.1814437459 * x_8 + 13496.6941252981 * x_10 + -2218.02406243226 * BlockSize_32 + -712.864730110555 * BlockSize_512 + -1955.75005419466 * BlockSize_4096 + -2813.81855625405 * BlockSize_32 * Deflate + -2511.88705831346 * BlockSize_1 + -770.98092347713 * Files_60 + -11758.557337958 * x_10 * PPMd + -1396.09256449166 * tmOff + -881.442662042055 * BlockSize_512 * filterOff + 1178.06850205939 * x_8 * BlockSize_16 + 479.24994580534 * BlockSize_64 + -881.442662042056 * BlockSize_512 * filterOff * tmOff;19.4150103853771;19.4150103853771;19.4150103853771;19.4150103853771;3.661708;21;-881.442662042056 * BlockSize_512 * filterOff * tmOff;3;0.0596020408716787;
Elapsed=00:00:03.6621016
Learning progress:
1;6886.08695652174 * CompressionMethod + 16881.4130434783 * x_10;83.6915996072685;83.6915996072685;83.6915996072685;83.6915996072685;0.008517;2;16881.4130434783 * x_10;1;103.416788236654;
2;5045.49999999999 * CompressionMethod + 18722 * x_10 + 14111.1666666667 * x_8;43.7190444485273;43.7190444485273;43.7190444485273;43.7190444485273;0.027497;3;14111.1666666667 * x_8;1;39.9725551587412;
3;3302.50000000001 * CompressionMethod + 20465 * x_10 + 15854.1666666667 * x_8 + 8715.00000000001 * x_6;28.3567413215888;28.3567413215888;28.3567413215888;28.3567413215888;0.065427;4;8715.00000000001 * x_6;1;15.3623031269386;
4;3302.5 * CompressionMethod + 20465 * x_10 + 16280.5 * x_8 + 9354.5 * x_6 + -1279 * Files_20;23.2996943222797;23.2996943222797;23.2996943222797;23.2996943222797;0.125845;5;-1279 * Files_20;1;5.05704699930907;
5;3302.5 * CompressionMethod + 20465 * x_10 + 16280.5 * x_8 + 4677.25 * x_6 + -1279.00000000001 * Files_20 + 4677.25 * x_6 * HeaderCompressionOff;15.8613196403459;15.8613196403459;15.8613196403459;15.8613196403459;0.210964;7;4677.25 * x_6 * HeaderCompressionOff;2;3.7191873409669;
6;3530.83333333334 * CompressionMethod + 20236.6666666667 * x_10 + 16052.1666666667 * x_8 + 4563.08333333334 * x_6 + -1279.00000000001 * Files_20 + 4563.08333333334 * x_6 * HeaderCompressionOff + -913.33333333334 * x_4;13.4874844995803;13.4874844995803;13.4874844995803;13.4874844995803;0.335573;8;-913.33333333334 * x_4;1;2.37383514076559;
7;3530.83333333333 * CompressionMethod + 20236.6666666667 * x_10 + 16052.1666666667 * x_8 + 4563.08333333334 * x_6 + -1278.99999999997 * Files_20 + 4563.08333333334 * x_6 * HeaderCompressionOff + -664.166666666656 * x_4 + -996.666666666661 * Files_10;13.4155148026108;13.4155148026108;13.4155148026108;13.4155148026108;0.50012;9;-996.666666666661 * Files_10;1;0.071969696969532;
Elapsed=00:00:00.5003640
Learning progress:
1;12775.3846153846 * CompressionMethod + -9393.38461538462 * x_2;80.5361333140554;80.5361333140554;80.5361333140554;80.5361333140554;0.007447;2;-9393.38461538462 * x_2;1;167.328325556214;
2;14645.4545454545 * CompressionMethod + -11263.4545454546 * x_2 + -12155.4545454546 * x_4;51.3302862485845;51.3302862485845;51.3302862485845;51.3302862485845;0.028536;3;-12155.4545454546 * x_4;1;29.2058470654708;
3;16289.3233082707 * CompressionMethod + -10496.3157894737 * x_2 + -12292.4436090226 * x_4 + -3013.75939849624 * tmOff;37.2581986989226;37.2581986989226;37.2581986989226;37.2581986989226;0.068237;4;-3013.75939849624 * tmOff;1;14.0720875496619;
4;10875.3975903614 * CompressionMethod + -6368.86746987952 * x_2 + -7682.56626506025 * x_4 + -1405.6626506024 * tmOff + 14258.4578313253 * x_10;29.6919161228151;29.6919161228151;29.6919161228151;29.6919161228151;0.133413;5;14258.4578313253 * x_10;1;7.5662825761075;
5;10539.7885196375 * CompressionMethod + -6207.64350453171 * x_2 + -6943.89728096676 * x_4 + -2211.78247734139 * tmOff + 14939.5468277946 * x_10 + 4096.40483383687 * Files_20;23.6668948377808;23.6668948377808;23.6668948377808;23.6668948377808;0.227422;6;4096.40483383687 * Files_20;1;6.02502128503428;
6;10445.5895578316 * CompressionMethod + -5702.76417686733 * x_2 + -6821.23532350736 * x_4 + -2268.70846864851 * tmOff + 15058.1426430177 * x_10 + 2270.70696977269 * Files_20 + 7402.41194104423 * Files_20 * LZMA;19.852622333232;19.852622333232;19.852622333232;19.852622333232;0.357889;8;7402.41194104423 * Files_20 * LZMA;2;1.90713625227442;
7;10277.0123839009 * CompressionMethod + -5770.19504643963 * x_2 + -6817.48916408669 * x_4 + -1939.04643962848 * tmOff + 15621.0030959753 * x_10 + 2132.09907120742 * Files_20 + 11128.9040247678 * Files_20 * LZMA + -3748.96904024767 * BlockSize_8;17.7963592904964;17.7963592904964;17.7963592904964;17.7963592904964;0.537387;9;-3748.96904024767 * BlockSize_8;1;2.05626304273556;
8;11031.864608076 * CompressionMethod + -5468.2541567696 * x_2 + -6834.26365795725 * x_4 + -3415.20190023753 * tmOff + 13100.635391924 * x_10 + 2752.75534441806 * Files_20 + 14760.5819477435 * Files_20 * LZMA + -7279.99999999997 * BlockSize_8 + 6772.70190023752 * x_10 * tmOff;15.7246653133639;15.7246653133639;15.7246653133639;15.7246653133639;0.770184;11;6772.70190023752 * x_10 * tmOff;2;1.03584698856624;
9;11012.1827613727 * CompressionMethod + -5268.97545889864 * x_2 + -6845.33469672784 * x_4 + -3698.94852354351 * tmOff + 12947.6910415004 * x_10 + 2989.75758180366 * Files_20 + 14827.0081803671 * Files_20 * LZMA + -7970.50478850757 * BlockSize_8 + 7229.07472067041 * x_10 * tmOff + 690.504788507568 * LZMA;13.5368882631285;13.5368882631285;13.5368882631285;13.5368882631285;1.062455;12;690.504788507568 * LZMA;1;2.18777705023548;
10;11190.5313319037 * CompressionMethod + -5030.81486776269 * x_2 + -7766.98355968549 * x_4 + -4307.21864824079 * tmOff + 12630.3248351998 * x_10 + 3340.29227225796 * Files_20 + 14906.3950440791 * Files_20 * LZMA + -8526.57533158606 * BlockSize_8 + 7976.3624811373 * x_10 * tmOff + 1246.57533158606 * LZMA + 3633.67087602252 * BlockSize_4;12.5186337006687;12.5186337006687;12.5186337006687;12.5186337006687;1.422608;13;3633.67087602252 * BlockSize_4;1;1.01825456245974;
11;11190.5313319037 * CompressionMethod + -5030.81486776268 * x_2 + -7766.98355968549 * x_4 + -4307.21864824081 * tmOff + 12630.3248351998 * x_10 + 3340.29227225797 * Files_20 + 14906.3950440791 * Files_20 * LZMA + -4263.28766579304 * BlockSize_8 + 7976.36248113732 * x_10 * tmOff + 1246.57533158605 * LZMA + 3633.67087602258 * BlockSize_4 + -4263.28766579304 * BlockSize_8 * LZMA;11.1694543689829;11.1694543689829;11.1694543689829;11.1694543689829;1.847514;15;-4263.28766579304 * BlockSize_8 * LZMA;2;0.674589665842896;
12;11190.5313319037 * CompressionMethod + -5030.81486776269 * x_2 + -7766.9835596855 * x_4 + -4307.21864824083 * tmOff + 12630.3248351998 * x_10 + 3340.29227225797 * Files_20 + 14906.3950440791 * Files_20 * LZMA + -2842.19177719536 * BlockSize_8 + 7976.36248113735 * x_10 * tmOff + 1246.57533158607 * LZMA + 3633.6708760226 * BlockSize_4 + -2842.19177719536 * BlockSize_8 * LZMA + -2842.19177719536 * BlockSize_8 * filterOff;10.5898933524091;10.5898933524091;10.5898933524091;10.5898933524091;2.364202;17;-2842.19177719536 * BlockSize_8 * filterOff;2;0.289780508286901;
13;11186.7269667648 * CompressionMethod + -5000.58897770299 * x_2 + -7764.97686159023 * x_4 + -4290.67732435843 * tmOff + 12636.9162810265 * x_10 + 3317.48001682793 * Files_20 + 14741.0096760623 * Files_20 * LZMA + -2779.98878137709 * BlockSize_8 + 7957.03407656709 * x_10 * tmOff + 1235.42700883465 * LZMA + 3618.92721918382 * BlockSize_4 + -2779.98878137708 * BlockSize_8 * LZMA + -2779.98878137708 * BlockSize_8 * filterOff + -175.460664703412 * tmOff * Files_80;10.4432463299413;10.4432463299413;10.4432463299413;10.4432463299413;2.98138;19;-175.460664703412 * tmOff * Files_80;2;0.0733235112339292;
Elapsed=00:00:02.9817757
Learning progress:
1;11356.8965517241 * CompressionMethod + -8846.89655172414 * BlockSize_1024;114.711352653924;114.711352653924;114.711352653924;114.711352653924;0.005566;2;-8846.89655172414 * BlockSize_1024;1;205.02520598467;
2;7521.90635451505 * CompressionMethod + -8719.06354515051 * BlockSize_1024 + 5560.73578595318 * filterOff;86.2899823370832;86.2899823370832;86.2899823370832;86.2899823370832;0.024329;3;5560.73578595318 * filterOff;1;28.4213703168413;
3;5792.73409893992 * CompressionMethod + -9013.14045936395 * BlockSize_1024 + 5078.44964664312 * filterOff + 3517.15989399293 * HeaderCompressionOff;52.0292062157222;52.0292062157222;52.0292062157222;52.0292062157222;0.08673;4;3517.15989399293 * HeaderCompressionOff;1;34.260776121361;
4;3494.97700562084 * CompressionMethod + -8481.73735309147 * BlockSize_1024 + 6627.75166070517 * filterOff + 4617.38886050077 * HeaderCompressionOff + 16945.0229943792 * Files_50;38.9670789884693;38.9670789884693;38.9670789884693;38.9670789884693;0.203656;5;16945.0229943792 * Files_50;1;13.0621272272529;
5;2548.794489093 * CompressionMethod + -7526.67049368542 * BlockSize_1024 + 6840.97588978187 * filterOff + 4390.83811710678 * HeaderCompressionOff + 17891.205510907 * Files_50 + 8693.32950631459 * x_8;29.2320887973568;29.2320887973568;29.2320887973568;29.2320887973568;0.354018;6;8693.32950631459 * x_8;1;9.73499019111252;
6;2108.88535031848 * CompressionMethod + -7420.54140127388 * BlockSize_1024 + 7297.89808917197 * filterOff + 4434.58598726115 * HeaderCompressionOff + 18331.1146496815 * Files_50 + 8093.82165605094 * x_8 + 2116.91082802548 * BlockSize_1;27.7169238245554;27.7169238245554;27.7169238245554;27.7169238245554;0.475274;7;2116.91082802548 * BlockSize_1;1;1.51516497280141;
7;1667.39675016925 * CompressionMethod + -8159.90182802979 * BlockSize_1024 + 8111.72647257957 * filterOff + 5392.03114421124 * HeaderCompressionOff + 18772.6032498308 * Files_50 + 7221.4827352742 * x_8 + 2515.84631008803 * BlockSize_1 + -9186.15436696007 * BlockSize_64;25.9792133921251;25.9792133921251;25.9792133921251;25.9792133921251;0.63572;8;-9186.15436696007 * BlockSize_64;1;1.73771043243029;
8;1941.05442176872 * CompressionMethod + -8334.04761904762 * BlockSize_1024 + 8397.82312925169 * filterOff + 4956.66666666666 * HeaderCompressionOff + 18498.9455782313 * Files_50 + 7034.89795918368 * x_8 + 7802.41496598639 * BlockSize_1 + -6685.91836734694 * BlockSize_64 + -5249.25170068028 * Files_30;23.6527936564602;23.6527936564602;23.6527936564602;23.6527936564602;0.833891;9;-5249.25170068028 * Files_30;1;2.32641973566489;
9;1685.60769656698 * CompressionMethod + -8930.0899778516 * BlockSize_1024 + 9079.01439645627 * filterOff + 5552.70902547066 * HeaderCompressionOff + 18754.392303433 * Files_50 + 9674.51411960133 * x_8 + 9505.39313399782 * BlockSize_1 + -2002.7284053156 * BlockSize_64 + -8314.6124031008 * Files_30 + -8344.59302325582 * HeaderCompressionOff * Files_90;18.3873983304196;18.3873983304196;18.3873983304196;18.3873983304196;1.089142;11;-8344.59302325582 * HeaderCompressionOff * Files_90;2;2.63269766302029;
10;1739.64875681201 * CompressionMethod + -8978.05900885558 * BlockSize_1024 + 9152.48595027248 * filterOff + 5470.12942779292 * HeaderCompressionOff + 18700.351243188 * Files_50 + 12814.9676430518 * x_8 + 10668.1867336512 * BlockSize_1 + -1070.06471389646 * BlockSize_64 + -8867.1670640327 * Files_30 + -9747.23177792915 * HeaderCompressionOff * Files_90 + -4386.43392370575 * x_8 * mtOff;16.7071479146095;16.7071479146095;16.7071479146095;16.7071479146095;1.411098;13;-4386.43392370575 * x_8 * mtOff;2;0.840125207905063;
11;1739.64875681199 * CompressionMethod + -8978.0590088556 * BlockSize_1024 + 9152.48595027248 * filterOff + 5470.12942779292 * HeaderCompressionOff + 18700.351243188 * Files_50 + 12814.9676430518 * x_8 + 10668.1867336512 * BlockSize_1 + -535.032356948235 * BlockSize_64 + -8867.16706403269 * Files_30 + -9747.23177792919 * HeaderCompressionOff * Files_90 + -4386.43392370577 * x_8 * mtOff + -535.03235694823 * BlockSize_64 * filterOff;16.7071479146092;16.7071479146092;16.7071479146092;16.7071479146092;1.809177;15;-535.03235694823 * BlockSize_64 * filterOff;2;1.70530256582424E-13;
Elapsed=00:00:01.8094861
Learning progress:
1;12704.6153846154 * CompressionMethod + -8132.61538461538 * x_0;155.05748921056;155.05748921056;155.05748921056;155.05748921056;0.008198;2;-8132.61538461538 * x_0;1;95.8113075632079;
2;14498.6363636364 * CompressionMethod + -9926.63636363638 * x_0 + -11661.1363636364 * x_4;97.6994024186794;97.6994024186794;97.6994024186794;97.6994024186794;0.028219;3;-11661.1363636364 * x_4;1;57.3580867918809;
3;19628 * CompressionMethod + -15056 * x_0 + -16790.5 * x_4 + -16120.8571428571 * x_2;53.0203807411209;53.0203807411209;53.0203807411209;53.0203807411209;0.067065;4;-16120.8571428571 * x_2;1;44.6790216775585;
4;19101.0220955096 * CompressionMethod + -16109.9558089808 * x_0 + -18239.6892373486 * x_4 + -16723.1176051319 * x_2 + 7904.66856735566 * BlockSize_4096;35.1570378148874;35.1570378148874;35.1570378148874;35.1570378148874;0.127308;5;7904.66856735566 * BlockSize_4096;1;17.8633429262335;
5;19040.1142857143 * CompressionMethod + -16231.7714285714 * x_0 + -17150.5142857143 * x_4 + -16074.6285714286 * x_2 + 8818.28571428573 * BlockSize_4096 + -5026.68571428572 * Files_80;30.268367023845;30.268367023845;30.268367023845;30.268367023845;0.216236;6;-5026.68571428572 * Files_80;1;4.88867079104241;
6;19043.9165154265 * CompressionMethod + -16046.7295825772 * x_0 + -17145.444646098 * x_4 + -16073.3611615245 * x_2 + 8761.25226860255 * BlockSize_4096 + -5005.13974591652 * Files_80 + -887.186932849352 * Files_40;28.3564983401042;28.3564983401042;28.3564983401042;28.3564983401042;0.337754;7;-887.186932849352 * Files_40;1;1.91186868374077;
7;19043.9165154265 * CompressionMethod + -16046.7295825771 * x_0 + -17145.444646098 * x_4 + -16073.3611615245 * x_2 + 8761.25226860255 * BlockSize_4096 + -5005.13974591652 * Files_80 + -443.593466424668 * Files_40 + -443.593466424668 * x_0 * Deflate;26.7883653281391;26.7883653281391;26.7883653281391;26.7883653281391;0.497323;9;-443.593466424668 * x_0 * Deflate;2;0.784066505982542;
8;19043.9165154265 * CompressionMethod + -16046.7295825771 * x_0 + -17145.444646098 * x_4 + -16073.3611615245 * x_2 + 8761.25226860256 * BlockSize_4096 + -2502.56987295827 * Files_80 + -443.59346642468 * Files_40 + -443.593466424677 * x_0 * Deflate + -2502.56987295827 * Files_80 * Deflate;25.2405116214605;25.2405116214605;25.2405116214605;25.2405116214605;0.7048;11;-2502.56987295827 * Files_80 * Deflate;2;0.773926853339324;
9;18941.8657491561 * CompressionMethod + -15952.8356271098 * x_0 + -17048.4692287717 * x_4 + -15974.2105946507 * x_2 + 8793.87951181512 * BlockSize_4096 + -2508.73279667622 * Files_80 + -439.515061023088 * Files_40 + -439.515061023088 * x_0 * Deflate + -2508.73279667622 * Files_80 * Deflate + 1498.13425084387 * Files_50;25.0666359184397;25.0666359184397;25.0666359184397;25.0666359184397;0.970603;12;1498.13425084387 * Files_50;1;0.173875703020755;
Elapsed=00:00:00.9708717
Learning progress:
1;6555.38461538461 * CompressionMethod + 12394.6153846154 * x_8;90.3753896573691;90.3753896573691;90.3753896573691;90.3753896573691;0.007795;2;12394.6153846154 * x_8;1;49.5388883756638;
2;5179.52380952381 * CompressionMethod + 13770.4761904762 * x_8 + 7154.47619047619 * x_10;63.6535757850141;63.6535757850141;63.6535757850141;63.6535757850141;0.028003;3;7154.47619047619 * x_10;1;26.721813872355;
3;5287.66304347825 * CompressionMethod + 14116.5217391304 * x_8 + 7046.33695652174 * x_10 + -2270.92391304349 * BlockSize_32;50.3947916532111;50.3947916532111;50.3947916532111;50.3947916532111;0.065798;4;-2270.92391304349 * BlockSize_32;1;13.258784131803;
4;5556.58597662771 * CompressionMethod + 13877.4791318865 * x_8 + 7327.21202003338 * x_10 + -2420.32554257095 * BlockSize_32 + -2748.98998330551 * BlockSize_512;44.2531538865537;44.2531538865537;44.2531538865537;44.2531538865537;0.127044;5;-2748.98998330551 * BlockSize_512;1;6.14163776665746;
5;5792.43470149253 * CompressionMethod + 13667.8358208955 * x_8 + 7125.05597014926 * x_10 + -2551.3526119403 * BlockSize_32 + -2917.45335820895 * BlockSize_512 + -2242.43470149253 * BlockSize_4096;37.1580160276262;37.1580160276262;37.1580160276262;37.1580160276262;0.216294;6;-2242.43470149253 * BlockSize_4096;1;7.09513785892748;
6;5875.17241379311 * CompressionMethod + 13242.3275862069 * x_8 + 7054.13793103448 * x_10 + -837.500000000015 * BlockSize_32 + -2976.55172413793 * BlockSize_512 + -2325.1724137931 * BlockSize_4096 + -3167.67241379308 * BlockSize_32 * Deflate;32.9893712687873;32.9893712687873;32.9893712687873;32.9893712687873;0.341736;8;-3167.67241379308 * BlockSize_32 * Deflate;2;2.08432237941946;
7;6018.48214285714 * CompressionMethod + 13692.7295918367 * x_8 + 6931.30102040816 * x_10 + -1431.21173469387 * BlockSize_32 + -3078.91581632653 * BlockSize_512 + -2468.48214285715 * BlockSize_4096 + -2717.27040816327 * BlockSize_32 * Deflate + -2374.8469387755 * BlockSize_1;31.172895075669;31.172895075669;31.172895075669;31.172895075669;0.514729;9;-2374.8469387755 * BlockSize_1;1;1.81647619311821;
8;6138.52355072464 * CompressionMethod + 13589.8369565217 * x_8 + 7188.53260869565 * x_10 + -1448.36050724637 * BlockSize_32 + -3284.70108695652 * BlockSize_512 + -2588.52355072463 * BlockSize_4096 + -2820.16304347826 * BlockSize_32 * Deflate + -2443.44202898551 * BlockSize_1 + -840.289855072453 * Files_60;29.5198279324025;29.5198279324025;29.5198279324025;29.5198279324025;0.737375;10;-840.289855072453 * Files_60;1;1.65306714326652;
9;5995.21166134186 * CompressionMethod + 13712.6757188498 * x_8 + 13944.6645367412 * x_10 + -1427.8873801917 * BlockSize_32 + -1626.37779552716 * BlockSize_512 + -2445.21166134186 * BlockSize_4096 + -2697.32428115014 * BlockSize_32 * Deflate + -2361.54952076678 * BlockSize_1 + -1249.75239616614 * Files_60 + -11301.1661341853 * x_10 * PPMd;27.6047904351607;27.6047904351607;27.6047904351607;27.6047904351607;1.014217;12;-11301.1661341853 * x_10 * PPMd;2;0.957518748620906;
10;6931.92580049261 * CompressionMethod + 13877.0874384236 * x_8 + 13507.6754926108 * x_10 + -2529.01323891627 * BlockSize_32 + -1438.16964285714 * BlockSize_512 + -2027.69242610837 * BlockSize_4096 + -2532.91256157636 * BlockSize_32 * Deflate + -2703.35283251232 * BlockSize_1 + -894.969211822664 * Files_60 + -11530.4772167488 * x_10 * PPMd + -1354.23337438423 * tmOff;24.0188018229397;24.0188018229397;24.0188018229397;24.0188018229397;1.365969;13;-1354.23337438423 * tmOff;1;3.58598861222107;
11;6911.29648241206 * CompressionMethod + 13852.5552763819 * x_8 + 13477.567839196 * x_10 + -2483.85175879397 * BlockSize_32 + -775.243718592963 * BlockSize_512 + -2066.16331658291 * BlockSize_4096 + -2557.44472361808 * BlockSize_32 * Deflate + -2700.00753768842 * BlockSize_1 + -852.595477386926 * Files_60 + -11734.5402010051 * x_10 * PPMd + -1295.13316582915 * tmOff + -1810.91959798997 * BlockSize_512 * filterOff;20.7599344128676;20.7599344128676;20.7599344128676;20.7599344128676;1.789671;15;-1810.91959798997 * BlockSize_512 * filterOff;2;1.62943370503601;
12;6928.61921708185 * CompressionMethod + 13539.3024911032 * x_8 + 13471.7935943061 * x_10 + -2187.92170818505 * BlockSize_32 + -765.138790035591 * BlockSize_512 + -2041.62277580072 * BlockSize_4096 + -2870.69750889678 * BlockSize_32 * Deflate + -2539.77224199288 * BlockSize_1 + -833.829181494654 * Files_60 + -11741.7580071174 * x_10 * PPMd + -1336.99644128115 * tmOff + -1796.48398576512 * BlockSize_512 * filterOff + 1149.07473309609 * x_8 * BlockSize_16;19.7135864079506;19.7135864079506;19.7135864079506;19.7135864079506;2.312461;17;1149.07473309609 * x_8 * BlockSize_16;2;0.52317400245852;
13;6901.84261868631 * CompressionMethod + 13596.1814437459 * x_8 + 13496.6941252981 * x_10 + -2218.02406243227 * BlockSize_32 + -712.864730110548 * BlockSize_512 + -1955.75005419466 * BlockSize_4096 + -2813.81855625404 * BlockSize_32 * Deflate + -2511.88705831346 * BlockSize_1 + -770.980923477131 * Files_60 + -11758.5573379579 * x_10 * PPMd + -1396.09256449165 * tmOff + -1762.88532408411 * BlockSize_512 * filterOff + 1178.0685020594 * x_8 * BlockSize_16 + 479.249945805345 * BlockSize_64;19.5938165079921;19.5938165079921;19.5938165079921;19.5938165079921;2.927318;18;479.249945805345 * BlockSize_64;1;0.119769899958463;
Elapsed=00:00:02.9276763
Learning progress:
1;6886.08695652174 * CompressionMethod + 16881.4130434783 * x_10;83.6915996072685;83.6915996072685;83.6915996072685;83.6915996072685;0.006272;2;16881.4130434783 * x_10;1;103.416788236654;
2;5045.49999999999 * CompressionMethod + 18722 * x_10 + 14111.1666666667 * x_8;43.7190444485273;43.7190444485273;43.7190444485273;43.7190444485273;0.027488;3;14111.1666666667 * x_8;1;39.9725551587412;
3;3302.50000000001 * CompressionMethod + 20465 * x_10 + 15854.1666666667 * x_8 + 8715.00000000001 * x_6;28.3567413215888;28.3567413215888;28.3567413215888;28.3567413215888;0.065407;4;8715.00000000001 * x_6;1;15.3623031269386;
4;3302.5 * CompressionMethod + 20465 * x_10 + 16280.5 * x_8 + 9354.5 * x_6 + -1279 * Files_20;23.2996943222797;23.2996943222797;23.2996943222797;23.2996943222797;0.123791;5;-1279 * Files_20;1;5.05704699930907;
5;3302.5 * CompressionMethod + 20465 * x_10 + 16280.5 * x_8 + 4677.25 * x_6 + -1279.00000000001 * Files_20 + 4677.25 * x_6 * HeaderCompressionOff;15.8613196403459;15.8613196403459;15.8613196403459;15.8613196403459;0.211622;7;4677.25 * x_6 * HeaderCompressionOff;2;3.7191873409669;
6;3530.83333333334 * CompressionMethod + 20236.6666666667 * x_10 + 16052.1666666667 * x_8 + 4563.08333333334 * x_6 + -1279.00000000001 * Files_20 + 4563.08333333334 * x_6 * HeaderCompressionOff + -913.33333333334 * x_4;13.4874844995803;13.4874844995803;13.4874844995803;13.4874844995803;0.334835;8;-913.33333333334 * x_4;1;2.37383514076559;
7;3530.83333333333 * CompressionMethod + 20236.6666666667 * x_10 + 16052.1666666667 * x_8 + 4563.08333333334 * x_6 + -1278.99999999997 * Files_20 + 4563.08333333334 * x_6 * HeaderCompressionOff + -664.166666666656 * x_4 + -996.666666666661 * Files_10;13.4155148026108;13.4155148026108;13.4155148026108;13.4155148026108;0.500363;9;-996.666666666661 * Files_10;1;0.071969696969532;
Elapsed=00:00:00.5006057
Learning progress:
1;12775.3846153846 * CompressionMethod + -9393.38461538462 * x_2;80.5361333140554;80.5361333140554;80.5361333140554;80.5361333140554;0.005774;2;-9393.38461538462 * x_2;1;167.328325556214;
2;14645.4545454545 * CompressionMethod + -11263.4545454546 * x_2 + -12155.4545454546 * x_4;51.3302862485845;51.3302862485845;51.3302862485845;51.3302862485845;0.026128;3;-12155.4545454546 * x_4;1;29.2058470654708;
3;16289.3233082707 * CompressionMethod + -10496.3157894737 * x_2 + -12292.4436090226 * x_4 + -3013.75939849624 * tmOff;37.2581986989226;37.2581986989226;37.2581986989226;37.2581986989226;0.065219;4;-3013.75939849624 * tmOff;1;14.0720875496619;
4;10875.3975903614 * CompressionMethod + -6368.86746987952 * x_2 + -7682.56626506025 * x_4 + -1405.6626506024 * tmOff + 14258.4578313253 * x_10;29.6919161228151;29.6919161228151;29.6919161228151;29.6919161228151;0.13396;5;14258.4578313253 * x_10;1;7.5662825761075;
5;10539.7885196375 * CompressionMethod + -6207.64350453171 * x_2 + -6943.89728096676 * x_4 + -2211.78247734139 * tmOff + 14939.5468277946 * x_10 + 4096.40483383687 * Files_20;23.6668948377808;23.6668948377808;23.6668948377808;23.6668948377808;0.227722;6;4096.40483383687 * Files_20;1;6.02502128503428;
6;10445.5895578316 * CompressionMethod + -5702.76417686733 * x_2 + -6821.23532350736 * x_4 + -2268.70846864851 * tmOff + 15058.1426430177 * x_10 + 2270.70696977269 * Files_20 + 7402.41194104423 * Files_20 * LZMA;19.852622333232;19.852622333232;19.852622333232;19.852622333232;0.359501;8;7402.41194104423 * Files_20 * LZMA;2;1.90713625227442;
7;10277.0123839009 * CompressionMethod + -5770.19504643963 * x_2 + -6817.48916408669 * x_4 + -1939.04643962848 * tmOff + 15621.0030959753 * x_10 + 2132.09907120742 * Files_20 + 11128.9040247678 * Files_20 * LZMA + -3748.96904024767 * BlockSize_8;17.7963592904964;17.7963592904964;17.7963592904964;17.7963592904964;0.53773;9;-3748.96904024767 * BlockSize_8;1;2.05626304273556;
8;11031.864608076 * CompressionMethod + -5468.2541567696 * x_2 + -6834.26365795725 * x_4 + -3415.20190023753 * tmOff + 13100.635391924 * x_10 + 2752.75534441806 * Files_20 + 14760.5819477435 * Files_20 * LZMA + -7279.99999999997 * BlockSize_8 + 6772.70190023752 * x_10 * tmOff;15.7246653133639;15.7246653133639;15.7246653133639;15.7246653133639;0.777252;11;6772.70190023752 * x_10 * tmOff;2;1.03584698856624;
9;11012.1827613727 * CompressionMethod + -5268.97545889864 * x_2 + -6845.33469672784 * x_4 + -3698.94852354351 * tmOff + 12947.6910415004 * x_10 + 2989.75758180366 * Files_20 + 14827.0081803671 * Files_20 * LZMA + -7970.50478850757 * BlockSize_8 + 7229.07472067041 * x_10 * tmOff + 690.504788507568 * LZMA;13.5368882631285;13.5368882631285;13.5368882631285;13.5368882631285;1.066002;12;690.504788507568 * LZMA;1;2.18777705023548;
10;11190.5313319037 * CompressionMethod + -5030.81486776269 * x_2 + -7766.98355968549 * x_4 + -4307.21864824079 * tmOff + 12630.3248351998 * x_10 + 3340.29227225796 * Files_20 + 14906.3950440791 * Files_20 * LZMA + -8526.57533158606 * BlockSize_8 + 7976.3624811373 * x_10 * tmOff + 1246.57533158606 * LZMA + 3633.67087602252 * BlockSize_4;12.5186337006687;12.5186337006687;12.5186337006687;12.5186337006687;1.420784;13;3633.67087602252 * BlockSize_4;1;1.01825456245974;
11;11190.5313319037 * CompressionMethod + -5030.81486776268 * x_2 + -7766.98355968549 * x_4 + -4307.21864824081 * tmOff + 12630.3248351998 * x_10 + 3340.29227225797 * Files_20 + 14906.3950440791 * Files_20 * LZMA + -4263.28766579304 * BlockSize_8 + 7976.36248113732 * x_10 * tmOff + 1246.57533158605 * LZMA + 3633.67087602258 * BlockSize_4 + -4263.28766579304 * BlockSize_8 * LZMA;11.1694543689829;11.1694543689829;11.1694543689829;11.1694543689829;1.844299;15;-4263.28766579304 * BlockSize_8 * LZMA;2;0.674589665842896;
12;11190.5313319037 * CompressionMethod + -5030.81486776269 * x_2 + -7766.9835596855 * x_4 + -4307.21864824083 * tmOff + 12630.3248351998 * x_10 + 3340.29227225797 * Files_20 + 14906.3950440791 * Files_20 * LZMA + -2842.19177719536 * BlockSize_8 + 7976.36248113735 * x_10 * tmOff + 1246.57533158607 * LZMA + 3633.6708760226 * BlockSize_4 + -2842.19177719536 * BlockSize_8 * LZMA + -2842.19177719536 * BlockSize_8 * filterOff;10.5898933524091;10.5898933524091;10.5898933524091;10.5898933524091;2.358834;17;-2842.19177719536 * BlockSize_8 * filterOff;2;0.289780508286901;
13;11186.7269667648 * CompressionMethod + -5000.58897770299 * x_2 + -7764.97686159023 * x_4 + -4290.67732435843 * tmOff + 12636.9162810265 * x_10 + 3317.48001682793 * Files_20 + 14741.0096760623 * Files_20 * LZMA + -2779.98878137709 * BlockSize_8 + 7957.03407656709 * x_10 * tmOff + 1235.42700883465 * LZMA + 3618.92721918382 * BlockSize_4 + -2779.98878137708 * BlockSize_8 * LZMA + -2779.98878137708 * BlockSize_8 * filterOff + -175.460664703412 * tmOff * Files_80;10.4432463299413;10.4432463299413;10.4432463299413;10.4432463299413;2.968907;19;-175.460664703412 * tmOff * Files_80;2;0.0733235112339292;
Elapsed=00:00:02.9692824
Learning progress:
1;11356.8965517241 * CompressionMethod + -8846.89655172414 * BlockSize_1024;114.711352653924;114.711352653924;114.711352653924;114.711352653924;0.005571;2;-8846.89655172414 * BlockSize_1024;1;205.02520598467;
2;7521.90635451505 * CompressionMethod + -8719.06354515051 * BlockSize_1024 + 5560.73578595318 * filterOff;86.2899823370832;86.2899823370832;86.2899823370832;86.2899823370832;0.02624;3;5560.73578595318 * filterOff;1;28.4213703168413;
3;5792.73409893992 * CompressionMethod + -9013.14045936395 * BlockSize_1024 + 5078.44964664312 * filterOff + 3517.15989399293 * HeaderCompressionOff;52.0292062157222;52.0292062157222;52.0292062157222;52.0292062157222;0.066259;4;3517.15989399293 * HeaderCompressionOff;1;34.260776121361;
4;3494.97700562084 * CompressionMethod + -8481.73735309147 * BlockSize_1024 + 6627.75166070517 * filterOff + 4617.38886050077 * HeaderCompressionOff + 16945.0229943792 * Files_50;38.9670789884693;38.9670789884693;38.9670789884693;38.9670789884693;0.128579;5;16945.0229943792 * Files_50;1;13.0621272272529;
5;2548.794489093 * CompressionMethod + -7526.67049368542 * BlockSize_1024 + 6840.97588978187 * filterOff + 4390.83811710678 * HeaderCompressionOff + 17891.205510907 * Files_50 + 8693.32950631459 * x_8;29.2320887973568;29.2320887973568;29.2320887973568;29.2320887973568;0.21603;6;8693.32950631459 * x_8;1;9.73499019111252;
6;2108.88535031848 * CompressionMethod + -7420.54140127388 * BlockSize_1024 + 7297.89808917197 * filterOff + 4434.58598726115 * HeaderCompressionOff + 18331.1146496815 * Files_50 + 8093.82165605094 * x_8 + 2116.91082802548 * BlockSize_1;27.7169238245554;27.7169238245554;27.7169238245554;27.7169238245554;0.336302;7;2116.91082802548 * BlockSize_1;1;1.51516497280141;
7;1667.39675016925 * CompressionMethod + -8159.90182802979 * BlockSize_1024 + 8111.72647257957 * filterOff + 5392.03114421124 * HeaderCompressionOff + 18772.6032498308 * Files_50 + 7221.4827352742 * x_8 + 2515.84631008803 * BlockSize_1 + -9186.15436696007 * BlockSize_64;25.9792133921251;25.9792133921251;25.9792133921251;25.9792133921251;0.495948;8;-9186.15436696007 * BlockSize_64;1;1.73771043243029;
8;1941.05442176872 * CompressionMethod + -8334.04761904762 * BlockSize_1024 + 8397.82312925169 * filterOff + 4956.66666666666 * HeaderCompressionOff + 18498.9455782313 * Files_50 + 7034.89795918368 * x_8 + 7802.41496598639 * BlockSize_1 + -6685.91836734694 * BlockSize_64 + -5249.25170068028 * Files_30;23.6527936564602;23.6527936564602;23.6527936564602;23.6527936564602;0.696594;9;-5249.25170068028 * Files_30;1;2.32641973566489;
9;1685.60769656698 * CompressionMethod + -8930.0899778516 * BlockSize_1024 + 9079.01439645627 * filterOff + 5552.70902547066 * HeaderCompressionOff + 18754.392303433 * Files_50 + 9674.51411960133 * x_8 + 9505.39313399782 * BlockSize_1 + -2002.7284053156 * BlockSize_64 + -8314.6124031008 * Files_30 + -8344.59302325582 * HeaderCompressionOff * Files_90;18.3873983304196;18.3873983304196;18.3873983304196;18.3873983304196;0.947441;11;-8344.59302325582 * HeaderCompressionOff * Files_90;2;2.63269766302029;
10;1739.64875681201 * CompressionMethod + -8978.05900885558 * BlockSize_1024 + 9152.48595027248 * filterOff + 5470.12942779292 * HeaderCompressionOff + 18700.351243188 * Files_50 + 12814.9676430518 * x_8 + 10668.1867336512 * BlockSize_1 + -1070.06471389646 * BlockSize_64 + -8867.1670640327 * Files_30 + -9747.23177792915 * HeaderCompressionOff * Files_90 + -4386.43392370575 * x_8 * mtOff;16.7071479146095;16.7071479146095;16.7071479146095;16.7071479146095;1.269506;13;-4386.43392370575 * x_8 * mtOff;2;0.840125207905063;
11;1739.64875681199 * CompressionMethod + -8978.0590088556 * BlockSize_1024 + 9152.48595027248 * filterOff + 5470.12942779292 * HeaderCompressionOff + 18700.351243188 * Files_50 + 12814.9676430518 * x_8 + 10668.1867336512 * BlockSize_1 + -535.032356948235 * BlockSize_64 + -8867.16706403269 * Files_30 + -9747.23177792919 * HeaderCompressionOff * Files_90 + -4386.43392370577 * x_8 * mtOff + -535.03235694823 * BlockSize_64 * filterOff;16.7071479146092;16.7071479146092;16.7071479146092;16.7071479146092;1.663327;15;-535.03235694823 * BlockSize_64 * filterOff;2;1.70530256582424E-13;
Elapsed=00:00:01.6636193
Learning progress:
1;12704.6153846154 * CompressionMethod + -8132.61538461538 * x_0;155.05748921056;155.05748921056;155.05748921056;155.05748921056;0.005729;2;-8132.61538461538 * x_0;1;95.8113075632079;
2;14498.6363636364 * CompressionMethod + -9926.63636363638 * x_0 + -11661.1363636364 * x_4;97.6994024186794;97.6994024186794;97.6994024186794;97.6994024186794;0.026048;3;-11661.1363636364 * x_4;1;57.3580867918809;
3;19628 * CompressionMethod + -15056 * x_0 + -16790.5 * x_4 + -16120.8571428571 * x_2;53.0203807411209;53.0203807411209;53.0203807411209;53.0203807411209;0.064128;4;-16120.8571428571 * x_2;1;44.6790216775585;
4;19101.0220955096 * CompressionMethod + -16109.9558089808 * x_0 + -18239.6892373486 * x_4 + -16723.1176051319 * x_2 + 7904.66856735566 * BlockSize_4096;35.1570378148874;35.1570378148874;35.1570378148874;35.1570378148874;0.123153;5;7904.66856735566 * BlockSize_4096;1;17.8633429262335;
5;19040.1142857143 * CompressionMethod + -16231.7714285714 * x_0 + -17150.5142857143 * x_4 + -16074.6285714286 * x_2 + 8818.28571428573 * BlockSize_4096 + -5026.68571428572 * Files_80;30.268367023845;30.268367023845;30.268367023845;30.268367023845;0.212756;6;-5026.68571428572 * Files_80;1;4.88867079104241;
6;19043.9165154265 * CompressionMethod + -16046.7295825772 * x_0 + -17145.444646098 * x_4 + -16073.3611615245 * x_2 + 8761.25226860255 * BlockSize_4096 + -5005.13974591652 * Files_80 + -887.186932849352 * Files_40;28.3564983401042;28.3564983401042;28.3564983401042;28.3564983401042;0.333764;7;-887.186932849352 * Files_40;1;1.91186868374077;
7;19043.9165154265 * CompressionMethod + -16046.7295825771 * x_0 + -17145.444646098 * x_4 + -16073.3611615245 * x_2 + 8761.25226860255 * BlockSize_4096 + -5005.13974591652 * Files_80 + -443.593466424668 * Files_40 + -443.593466424668 * x_0 * Deflate;26.7883653281391;26.7883653281391;26.7883653281391;26.7883653281391;0.493564;9;-443.593466424668 * x_0 * Deflate;2;0.784066505982542;
8;19043.9165154265 * CompressionMethod + -16046.7295825771 * x_0 + -17145.444646098 * x_4 + -16073.3611615245 * x_2 + 8761.25226860256 * BlockSize_4096 + -2502.56987295827 * Files_80 + -443.59346642468 * Files_40 + -443.593466424677 * x_0 * Deflate + -2502.56987295827 * Files_80 * Deflate;25.2405116214605;25.2405116214605;25.2405116214605;25.2405116214605;0.705208;11;-2502.56987295827 * Files_80 * Deflate;2;0.773926853339324;
9;18941.8657491561 * CompressionMethod + -15952.8356271098 * x_0 + -17048.4692287717 * x_4 + -15974.2105946507 * x_2 + 8793.87951181512 * BlockSize_4096 + -2508.73279667622 * Files_80 + -439.515061023088 * Files_40 + -439.515061023088 * x_0 * Deflate + -2508.73279667622 * Files_80 * Deflate + 1498.13425084387 * Files_50;25.0666359184397;25.0666359184397;25.0666359184397;25.0666359184397;0.971042;12;1498.13425084387 * Files_50;1;0.173875703020755;
Elapsed=00:00:00.9713197
Learning progress:
1;6555.38461538461 * CompressionMethod + 12394.6153846154 * x_8;90.3753896573691;90.3753896573691;90.3753896573691;90.3753896573691;0.006009;2;12394.6153846154 * x_8;1;49.5388883756638;
2;5179.52380952381 * CompressionMethod + 13770.4761904762 * x_8 + 7154.47619047619 * x_10;63.6535757850141;63.6535757850141;63.6535757850141;63.6535757850141;0.02559;3;7154.47619047619 * x_10;1;26.721813872355;
3;5287.66304347825 * CompressionMethod + 14116.5217391304 * x_8 + 7046.33695652174 * x_10 + -2270.92391304349 * BlockSize_32;50.3947916532111;50.3947916532111;50.3947916532111;50.3947916532111;0.062467;4;-2270.92391304349 * BlockSize_32;1;13.258784131803;
4;5556.58597662771 * CompressionMethod + 13877.4791318865 * x_8 + 7327.21202003338 * x_10 + -2420.32554257095 * BlockSize_32 + -2748.98998330551 * BlockSize_512;44.2531538865537;44.2531538865537;44.2531538865537;44.2531538865537;0.121781;5;-2748.98998330551 * BlockSize_512;1;6.14163776665746;
5;5792.43470149253 * CompressionMethod + 13667.8358208955 * x_8 + 7125.05597014926 * x_10 + -2551.3526119403 * BlockSize_32 + -2917.45335820895 * BlockSize_512 + -2242.43470149253 * BlockSize_4096;37.1580160276262;37.1580160276262;37.1580160276262;37.1580160276262;0.211281;6;-2242.43470149253 * BlockSize_4096;1;7.09513785892748;
6;5875.17241379311 * CompressionMethod + 13242.3275862069 * x_8 + 7054.13793103448 * x_10 + -837.500000000015 * BlockSize_32 + -2976.55172413793 * BlockSize_512 + -2325.1724137931 * BlockSize_4096 + -3167.67241379308 * BlockSize_32 * Deflate;32.9893712687873;32.9893712687873;32.9893712687873;32.9893712687873;0.33975;8;-3167.67241379308 * BlockSize_32 * Deflate;2;2.08432237941946;
7;6018.48214285714 * CompressionMethod + 13692.7295918367 * x_8 + 6931.30102040816 * x_10 + -1431.21173469387 * BlockSize_32 + -3078.91581632653 * BlockSize_512 + -2468.48214285715 * BlockSize_4096 + -2717.27040816327 * BlockSize_32 * Deflate + -2374.8469387755 * BlockSize_1;31.172895075669;31.172895075669;31.172895075669;31.172895075669;0.514812;9;-2374.8469387755 * BlockSize_1;1;1.81647619311821;
8;6138.52355072464 * CompressionMethod + 13589.8369565217 * x_8 + 7188.53260869565 * x_10 + -1448.36050724637 * BlockSize_32 + -3284.70108695652 * BlockSize_512 + -2588.52355072463 * BlockSize_4096 + -2820.16304347826 * BlockSize_32 * Deflate + -2443.44202898551 * BlockSize_1 + -840.289855072453 * Files_60;29.5198279324025;29.5198279324025;29.5198279324025;29.5198279324025;0.736838;10;-840.289855072453 * Files_60;1;1.65306714326652;
9;5995.21166134186 * CompressionMethod + 13712.6757188498 * x_8 + 13944.6645367412 * x_10 + -1427.8873801917 * BlockSize_32 + -1626.37779552716 * BlockSize_512 + -2445.21166134186 * BlockSize_4096 + -2697.32428115014 * BlockSize_32 * Deflate + -2361.54952076678 * BlockSize_1 + -1249.75239616614 * Files_60 + -11301.1661341853 * x_10 * PPMd;27.6047904351607;27.6047904351607;27.6047904351607;27.6047904351607;1.013994;12;-11301.1661341853 * x_10 * PPMd;2;0.957518748620906;
10;6931.92580049261 * CompressionMethod + 13877.0874384236 * x_8 + 13507.6754926108 * x_10 + -2529.01323891627 * BlockSize_32 + -1438.16964285714 * BlockSize_512 + -2027.69242610837 * BlockSize_4096 + -2532.91256157636 * BlockSize_32 * Deflate + -2703.35283251232 * BlockSize_1 + -894.969211822664 * Files_60 + -11530.4772167488 * x_10 * PPMd + -1354.23337438423 * tmOff;24.0188018229397;24.0188018229397;24.0188018229397;24.0188018229397;1.371241;13;-1354.23337438423 * tmOff;1;3.58598861222107;
11;6911.29648241206 * CompressionMethod + 13852.5552763819 * x_8 + 13477.567839196 * x_10 + -2483.85175879397 * BlockSize_32 + -775.243718592963 * BlockSize_512 + -2066.16331658291 * BlockSize_4096 + -2557.44472361808 * BlockSize_32 * Deflate + -2700.00753768842 * BlockSize_1 + -852.595477386926 * Files_60 + -11734.5402010051 * x_10 * PPMd + -1295.13316582915 * tmOff + -1810.91959798997 * BlockSize_512 * filterOff;20.7599344128676;20.7599344128676;20.7599344128676;20.7599344128676;1.793769;15;-1810.91959798997 * BlockSize_512 * filterOff;2;1.62943370503601;
12;6928.61921708185 * CompressionMethod + 13539.3024911032 * x_8 + 13471.7935943061 * x_10 + -2187.92170818505 * BlockSize_32 + -765.138790035591 * BlockSize_512 + -2041.62277580072 * BlockSize_4096 + -2870.69750889678 * BlockSize_32 * Deflate + -2539.77224199288 * BlockSize_1 + -833.829181494654 * Files_60 + -11741.7580071174 * x_10 * PPMd + -1336.99644128115 * tmOff + -1796.48398576512 * BlockSize_512 * filterOff + 1149.07473309609 * x_8 * BlockSize_16;19.7135864079506;19.7135864079506;19.7135864079506;19.7135864079506;2.319491;17;1149.07473309609 * x_8 * BlockSize_16;2;0.52317400245852;
13;6901.84261868631 * CompressionMethod + 13596.1814437459 * x_8 + 13496.6941252981 * x_10 + -2218.02406243227 * BlockSize_32 + -712.864730110548 * BlockSize_512 + -1955.75005419466 * BlockSize_4096 + -2813.81855625404 * BlockSize_32 * Deflate + -2511.88705831346 * BlockSize_1 + -770.980923477131 * Files_60 + -11758.5573379579 * x_10 * PPMd + -1396.09256449165 * tmOff + -1762.88532408411 * BlockSize_512 * filterOff + 1178.0685020594 * x_8 * BlockSize_16 + 479.249945805345 * BlockSize_64;19.5938165079921;19.5938165079921;19.5938165079921;19.5938165079921;3.075787;18;479.249945805345 * BlockSize_64;1;0.119769899958463;
Elapsed=00:00:03.0761493
Learning progress:
1;6886.08695652174 * CompressionMethod + 16881.4130434783 * x_10;83.6915996072685;83.6915996072685;83.6915996072685;83.6915996072685;0.005573;2;16881.4130434783 * x_10;1;103.416788236654;
2;5045.49999999999 * CompressionMethod + 18722 * x_10 + 14111.1666666667 * x_8;43.7190444485273;43.7190444485273;43.7190444485273;43.7190444485273;0.025945;3;14111.1666666667 * x_8;1;39.9725551587412;
3;3302.50000000001 * CompressionMethod + 20465 * x_10 + 15854.1666666667 * x_8 + 8715.00000000001 * x_6;28.3567413215888;28.3567413215888;28.3567413215888;28.3567413215888;0.06249;4;8715.00000000001 * x_6;1;15.3623031269386;
4;3302.5 * CompressionMethod + 20465 * x_10 + 16280.5 * x_8 + 9354.5 * x_6 + -1279 * Files_20;23.2996943222797;23.2996943222797;23.2996943222797;23.2996943222797;0.119658;5;-1279 * Files_20;1;5.05704699930907;
5;3302.5 * CompressionMethod + 20465 * x_10 + 16280.5 * x_8 + 4677.25 * x_6 + -1279.00000000001 * Files_20 + 4677.25 * x_6 * HeaderCompressionOff;15.8613196403459;15.8613196403459;15.8613196403459;15.8613196403459;0.207146;7;4677.25 * x_6 * HeaderCompressionOff;2;3.7191873409669;
6;3530.83333333334 * CompressionMethod + 20236.6666666667 * x_10 + 16052.1666666667 * x_8 + 4563.08333333334 * x_6 + -1279.00000000001 * Files_20 + 4563.08333333334 * x_6 * HeaderCompressionOff + -913.33333333334 * x_4;13.4874844995803;13.4874844995803;13.4874844995803;13.4874844995803;0.332063;8;-913.33333333334 * x_4;1;2.37383514076559;
7;3530.83333333333 * CompressionMethod + 20236.6666666667 * x_10 + 16052.1666666667 * x_8 + 4563.08333333334 * x_6 + -1278.99999999997 * Files_20 + 4563.08333333334 * x_6 * HeaderCompressionOff + -664.166666666656 * x_4 + -996.666666666661 * Files_10;13.4155148026108;13.4155148026108;13.4155148026108;13.4155148026108;0.496604;9;-996.666666666661 * Files_10;1;0.071969696969532;
Elapsed=00:00:00.4968465
Learning progress:
1;12775.3846153846 * CompressionMethod + -9393.38461538462 * x_2;80.5361333140554;80.5361333140554;80.5361333140554;80.5361333140554;0.006097;2;-9393.38461538462 * x_2;1;167.328325556214;
2;14645.4545454545 * CompressionMethod + -11263.4545454546 * x_2 + -12155.4545454546 * x_4;51.3302862485845;51.3302862485845;51.3302862485845;51.3302862485845;0.027538;3;-12155.4545454546 * x_4;1;29.2058470654708;
3;16289.3233082707 * CompressionMethod + -10496.3157894737 * x_2 + -12292.4436090226 * x_4 + -3013.75939849624 * tmOff;37.2581986989226;37.2581986989226;37.2581986989226;37.2581986989226;0.066442;4;-3013.75939849624 * tmOff;1;14.0720875496619;
4;10875.3975903614 * CompressionMethod + -6368.86746987952 * x_2 + -7682.56626506025 * x_4 + -1405.6626506024 * tmOff + 14258.4578313253 * x_10;29.6919161228151;29.6919161228151;29.6919161228151;29.6919161228151;0.132505;5;14258.4578313253 * x_10;1;7.5662825761075;
5;10539.7885196375 * CompressionMethod + -6207.64350453171 * x_2 + -6943.89728096676 * x_4 + -2211.78247734139 * tmOff + 14939.5468277946 * x_10 + 4096.40483383687 * Files_20;23.6668948377808;23.6668948377808;23.6668948377808;23.6668948377808;0.224106;6;4096.40483383687 * Files_20;1;6.02502128503428;
6;10445.5895578316 * CompressionMethod + -5702.76417686733 * x_2 + -6821.23532350736 * x_4 + -2268.70846864851 * tmOff + 15058.1426430177 * x_10 + 2270.70696977269 * Files_20 + 7402.41194104423 * Files_20 * LZMA;19.852622333232;19.852622333232;19.852622333232;19.852622333232;0.35626;8;7402.41194104423 * Files_20 * LZMA;2;1.90713625227442;
7;10277.0123839009 * CompressionMethod + -5770.19504643963 * x_2 + -6817.48916408669 * x_4 + -1939.04643962848 * tmOff + 15621.0030959753 * x_10 + 2132.09907120742 * Files_20 + 11128.9040247678 * Files_20 * LZMA + -3748.96904024767 * BlockSize_8;17.7963592904964;17.7963592904964;17.7963592904964;17.7963592904964;0.530774;9;-3748.96904024767 * BlockSize_8;1;2.05626304273556;
8;11031.864608076 * CompressionMethod + -5468.2541567696 * x_2 + -6834.26365795725 * x_4 + -3415.20190023753 * tmOff + 13100.635391924 * x_10 + 2752.75534441806 * Files_20 + 14760.5819477435 * Files_20 * LZMA + -7279.99999999997 * BlockSize_8 + 6772.70190023752 * x_10 * tmOff;15.7246653133639;15.7246653133639;15.7246653133639;15.7246653133639;0.76122;11;6772.70190023752 * x_10 * tmOff;2;1.03584698856624;
9;11012.1827613727 * CompressionMethod + -5268.97545889864 * x_2 + -6845.33469672784 * x_4 + -3698.94852354351 * tmOff + 12947.6910415004 * x_10 + 2989.75758180366 * Files_20 + 14827.0081803671 * Files_20 * LZMA + -7970.50478850757 * BlockSize_8 + 7229.07472067041 * x_10 * tmOff + 690.504788507568 * LZMA;13.5368882631285;13.5368882631285;13.5368882631285;13.5368882631285;1.052625;12;690.504788507568 * LZMA;1;2.18777705023548;
10;11190.5313319037 * CompressionMethod + -5030.81486776269 * x_2 + -7766.98355968549 * x_4 + -4307.21864824079 * tmOff + 12630.3248351998 * x_10 + 3340.29227225796 * Files_20 + 14906.3950440791 * Files_20 * LZMA + -8526.57533158606 * BlockSize_8 + 7976.3624811373 * x_10 * tmOff + 1246.57533158606 * LZMA + 3633.67087602252 * BlockSize_4;12.5186337006687;12.5186337006687;12.5186337006687;12.5186337006687;1.409129;13;3633.67087602252 * BlockSize_4;1;1.01825456245974;
11;11190.5313319037 * CompressionMethod + -5030.81486776268 * x_2 + -7766.98355968549 * x_4 + -4307.21864824081 * tmOff + 12630.3248351998 * x_10 + 3340.29227225797 * Files_20 + 14906.3950440791 * Files_20 * LZMA + -4263.28766579304 * BlockSize_8 + 7976.36248113732 * x_10 * tmOff + 1246.57533158605 * LZMA + 3633.67087602258 * BlockSize_4 + -4263.28766579304 * BlockSize_8 * LZMA;11.1694543689829;11.1694543689829;11.1694543689829;11.1694543689829;1.835805;15;-4263.28766579304 * BlockSize_8 * LZMA;2;0.674589665842896;
12;11190.5313319037 * CompressionMethod + -5030.81486776269 * x_2 + -7766.9835596855 * x_4 + -4307.21864824083 * tmOff + 12630.3248351998 * x_10 + 3340.29227225797 * Files_20 + 14906.3950440791 * Files_20 * LZMA + -2842.19177719536 * BlockSize_8 + 7976.36248113735 * x_10 * tmOff + 1246.57533158607 * LZMA + 3633.6708760226 * BlockSize_4 + -2842.19177719536 * BlockSize_8 * LZMA + -2842.19177719536 * BlockSize_8 * filterOff;10.5898933524091;10.5898933524091;10.5898933524091;10.5898933524091;2.346727;17;-2842.19177719536 * BlockSize_8 * filterOff;2;0.289780508286901;
Elapsed=00:00:02.3471254
Learning progress:
1;11356.8965517241 * CompressionMethod + -8846.89655172414 * BlockSize_1024;114.711352653924;114.711352653924;114.711352653924;114.711352653924;0.005038;2;-8846.89655172414 * BlockSize_1024;1;205.02520598467;
2;7521.90635451505 * CompressionMethod + -8719.06354515051 * BlockSize_1024 + 5560.73578595318 * filterOff;86.2899823370832;86.2899823370832;86.2899823370832;86.2899823370832;0.025648;3;5560.73578595318 * filterOff;1;28.4213703168413;
3;5792.73409893992 * CompressionMethod + -9013.14045936395 * BlockSize_1024 + 5078.44964664312 * filterOff + 3517.15989399293 * HeaderCompressionOff;52.0292062157222;52.0292062157222;52.0292062157222;52.0292062157222;0.063389;4;3517.15989399293 * HeaderCompressionOff;1;34.260776121361;
4;3494.97700562084 * CompressionMethod + -8481.73735309147 * BlockSize_1024 + 6627.75166070517 * filterOff + 4617.38886050077 * HeaderCompressionOff + 16945.0229943792 * Files_50;38.9670789884693;38.9670789884693;38.9670789884693;38.9670789884693;0.124582;5;16945.0229943792 * Files_50;1;13.0621272272529;
5;2548.794489093 * CompressionMethod + -7526.67049368542 * BlockSize_1024 + 6840.97588978187 * filterOff + 4390.83811710678 * HeaderCompressionOff + 17891.205510907 * Files_50 + 8693.32950631459 * x_8;29.2320887973568;29.2320887973568;29.2320887973568;29.2320887973568;0.211059;6;8693.32950631459 * x_8;1;9.73499019111252;
6;2108.88535031848 * CompressionMethod + -7420.54140127388 * BlockSize_1024 + 7297.89808917197 * filterOff + 4434.58598726115 * HeaderCompressionOff + 18331.1146496815 * Files_50 + 8093.82165605094 * x_8 + 2116.91082802548 * BlockSize_1;27.7169238245554;27.7169238245554;27.7169238245554;27.7169238245554;0.330065;7;2116.91082802548 * BlockSize_1;1;1.51516497280141;
7;1667.39675016925 * CompressionMethod + -8159.90182802979 * BlockSize_1024 + 8111.72647257957 * filterOff + 5392.03114421124 * HeaderCompressionOff + 18772.6032498308 * Files_50 + 7221.4827352742 * x_8 + 2515.84631008803 * BlockSize_1 + -9186.15436696007 * BlockSize_64;25.9792133921251;25.9792133921251;25.9792133921251;25.9792133921251;0.495531;8;-9186.15436696007 * BlockSize_64;1;1.73771043243029;
8;1941.05442176872 * CompressionMethod + -8334.04761904762 * BlockSize_1024 + 8397.82312925169 * filterOff + 4956.66666666666 * HeaderCompressionOff + 18498.9455782313 * Files_50 + 7034.89795918368 * x_8 + 7802.41496598639 * BlockSize_1 + -6685.91836734694 * BlockSize_64 + -5249.25170068028 * Files_30;23.6527936564602;23.6527936564602;23.6527936564602;23.6527936564602;0.698468;9;-5249.25170068028 * Files_30;1;2.32641973566489;
9;1685.60769656698 * CompressionMethod + -8930.0899778516 * BlockSize_1024 + 9079.01439645627 * filterOff + 5552.70902547066 * HeaderCompressionOff + 18754.392303433 * Files_50 + 9674.51411960133 * x_8 + 9505.39313399782 * BlockSize_1 + -2002.7284053156 * BlockSize_64 + -8314.6124031008 * Files_30 + -8344.59302325582 * HeaderCompressionOff * Files_90;18.3873983304196;18.3873983304196;18.3873983304196;18.3873983304196;0.95023;11;-8344.59302325582 * HeaderCompressionOff * Files_90;2;2.63269766302029;
10;1739.64875681201 * CompressionMethod + -8978.05900885558 * BlockSize_1024 + 9152.48595027248 * filterOff + 5470.12942779292 * HeaderCompressionOff + 18700.351243188 * Files_50 + 12814.9676430518 * x_8 + 10668.1867336512 * BlockSize_1 + -1070.06471389646 * BlockSize_64 + -8867.1670640327 * Files_30 + -9747.23177792915 * HeaderCompressionOff * Files_90 + -4386.43392370575 * x_8 * mtOff;16.7071479146095;16.7071479146095;16.7071479146095;16.7071479146095;1.27349;13;-4386.43392370575 * x_8 * mtOff;2;0.840125207905063;
11;1739.64875681199 * CompressionMethod + -8978.0590088556 * BlockSize_1024 + 9152.48595027248 * filterOff + 5470.12942779292 * HeaderCompressionOff + 18700.351243188 * Files_50 + 12814.9676430518 * x_8 + 10668.1867336512 * BlockSize_1 + -535.032356948235 * BlockSize_64 + -8867.16706403269 * Files_30 + -9747.23177792919 * HeaderCompressionOff * Files_90 + -4386.43392370577 * x_8 * mtOff + -535.03235694823 * BlockSize_64 * filterOff;16.7071479146092;16.7071479146092;16.7071479146092;16.7071479146092;1.673904;15;-535.03235694823 * BlockSize_64 * filterOff;2;1.70530256582424E-13;
Elapsed=00:00:01.6742080
Learning progress:
1;12704.6153846154 * CompressionMethod + -8132.61538461538 * x_0;155.05748921056;155.05748921056;155.05748921056;155.05748921056;0.005935;2;-8132.61538461538 * x_0;1;95.8113075632079;
2;14498.6363636364 * CompressionMethod + -9926.63636363638 * x_0 + -11661.1363636364 * x_4;97.6994024186794;97.6994024186794;97.6994024186794;97.6994024186794;0.027292;3;-11661.1363636364 * x_4;1;57.3580867918809;
3;19628 * CompressionMethod + -15056 * x_0 + -16790.5 * x_4 + -16120.8571428571 * x_2;53.0203807411209;53.0203807411209;53.0203807411209;53.0203807411209;0.065457;4;-16120.8571428571 * x_2;1;44.6790216775585;
4;19101.0220955096 * CompressionMethod + -16109.9558089808 * x_0 + -18239.6892373486 * x_4 + -16723.1176051319 * x_2 + 7904.66856735566 * BlockSize_4096;35.1570378148874;35.1570378148874;35.1570378148874;35.1570378148874;0.125905;5;7904.66856735566 * BlockSize_4096;1;17.8633429262335;
5;19040.1142857143 * CompressionMethod + -16231.7714285714 * x_0 + -17150.5142857143 * x_4 + -16074.6285714286 * x_2 + 8818.28571428573 * BlockSize_4096 + -5026.68571428572 * Files_80;30.268367023845;30.268367023845;30.268367023845;30.268367023845;0.213888;6;-5026.68571428572 * Files_80;1;4.88867079104241;
6;19043.9165154265 * CompressionMethod + -16046.7295825772 * x_0 + -17145.444646098 * x_4 + -16073.3611615245 * x_2 + 8761.25226860255 * BlockSize_4096 + -5005.13974591652 * Files_80 + -887.186932849352 * Files_40;28.3564983401042;28.3564983401042;28.3564983401042;28.3564983401042;0.333727;7;-887.186932849352 * Files_40;1;1.91186868374077;
7;19043.9165154265 * CompressionMethod + -16046.7295825771 * x_0 + -17145.444646098 * x_4 + -16073.3611615245 * x_2 + 8761.25226860255 * BlockSize_4096 + -5005.13974591652 * Files_80 + -443.593466424668 * Files_40 + -443.593466424668 * x_0 * Deflate;26.7883653281391;26.7883653281391;26.7883653281391;26.7883653281391;0.492299;9;-443.593466424668 * x_0 * Deflate;2;0.784066505982542;
8;19043.9165154265 * CompressionMethod + -16046.7295825771 * x_0 + -17145.444646098 * x_4 + -16073.3611615245 * x_2 + 8761.25226860256 * BlockSize_4096 + -2502.56987295827 * Files_80 + -443.59346642468 * Files_40 + -443.593466424677 * x_0 * Deflate + -2502.56987295827 * Files_80 * Deflate;25.2405116214605;25.2405116214605;25.2405116214605;25.2405116214605;0.702791;11;-2502.56987295827 * Files_80 * Deflate;2;0.773926853339324;
9;18941.8657491561 * CompressionMethod + -15952.8356271098 * x_0 + -17048.4692287717 * x_4 + -15974.2105946507 * x_2 + 8793.87951181512 * BlockSize_4096 + -2508.73279667622 * Files_80 + -439.515061023088 * Files_40 + -439.515061023088 * x_0 * Deflate + -2508.73279667622 * Files_80 * Deflate + 1498.13425084387 * Files_50;25.0666359184397;25.0666359184397;25.0666359184397;25.0666359184397;0.972159;12;1498.13425084387 * Files_50;1;0.173875703020755;
10;18941.5376401495 * CompressionMethod + -15911.5376401495 * x_0 + -17048.8556682684 * x_4 + -15974.2907990746 * x_2 + 8798.47303790709 * BlockSize_4096 + -2509.60046271579 * Files_80 + -459.999999999982 * Files_40 + -459.999999999979 * x_0 * Deflate + -2509.60046271579 * Files_80 * Deflate + 1498.46235985048 * Files_50 + -56.1576793023349 * x_0 * BZip2;24.8167675698892;24.8167675698892;24.8167675698892;24.8167675698892;1.299288;14;-56.1576793023349 * x_0 * BZip2;2;0.124934174275282;
11;18939.0951374207 * CompressionMethod + -15909.0951374207 * x_0 + -17077.1479915434 * x_4 + -16152.7970401692 * x_2 + 8832.66807610994 * BlockSize_4096 + -2465.22832980972 * Files_80 + -460.00000000001 * Files_40 + -460.000000000009 * x_0 * Deflate + -2465.22832980972 * Files_80 * Deflate + 1500.90486257924 * Files_50 + -67.5560253700135 * x_0 * BZip2 + 1143.70190274839 * x_2 * BlockSize_32;24.6282435855952;24.6282435855952;24.6282435855952;24.6282435855952;1.704541;16;1143.70190274839 * x_2 * BlockSize_32;2;0.0942619921469614;
Elapsed=00:00:01.7048287
Learning progress:
1;6555.38461538461 * CompressionMethod + 12394.6153846154 * x_8;90.3753896573691;90.3753896573691;90.3753896573691;90.3753896573691;0.005719;2;12394.6153846154 * x_8;1;49.5388883756638;
2;5179.52380952381 * CompressionMethod + 13770.4761904762 * x_8 + 7154.47619047619 * x_10;63.6535757850141;63.6535757850141;63.6535757850141;63.6535757850141;0.0261;3;7154.47619047619 * x_10;1;26.721813872355;
3;5287.66304347825 * CompressionMethod + 14116.5217391304 * x_8 + 7046.33695652174 * x_10 + -2270.92391304349 * BlockSize_32;50.3947916532111;50.3947916532111;50.3947916532111;50.3947916532111;0.062317;4;-2270.92391304349 * BlockSize_32;1;13.258784131803;
4;5556.58597662771 * CompressionMethod + 13877.4791318865 * x_8 + 7327.21202003338 * x_10 + -2420.32554257095 * BlockSize_32 + -2748.98998330551 * BlockSize_512;44.2531538865537;44.2531538865537;44.2531538865537;44.2531538865537;0.124262;5;-2748.98998330551 * BlockSize_512;1;6.14163776665746;
5;5792.43470149253 * CompressionMethod + 13667.8358208955 * x_8 + 7125.05597014926 * x_10 + -2551.3526119403 * BlockSize_32 + -2917.45335820895 * BlockSize_512 + -2242.43470149253 * BlockSize_4096;37.1580160276262;37.1580160276262;37.1580160276262;37.1580160276262;0.214523;6;-2242.43470149253 * BlockSize_4096;1;7.09513785892748;
6;5875.17241379311 * CompressionMethod + 13242.3275862069 * x_8 + 7054.13793103448 * x_10 + -837.500000000015 * BlockSize_32 + -2976.55172413793 * BlockSize_512 + -2325.1724137931 * BlockSize_4096 + -3167.67241379308 * BlockSize_32 * Deflate;32.9893712687873;32.9893712687873;32.9893712687873;32.9893712687873;0.340468;8;-3167.67241379308 * BlockSize_32 * Deflate;2;2.08432237941946;
7;6018.48214285714 * CompressionMethod + 13692.7295918367 * x_8 + 6931.30102040816 * x_10 + -1431.21173469387 * BlockSize_32 + -3078.91581632653 * BlockSize_512 + -2468.48214285715 * BlockSize_4096 + -2717.27040816327 * BlockSize_32 * Deflate + -2374.8469387755 * BlockSize_1;31.172895075669;31.172895075669;31.172895075669;31.172895075669;0.515963;9;-2374.8469387755 * BlockSize_1;1;1.81647619311821;
8;6138.52355072464 * CompressionMethod + 13589.8369565217 * x_8 + 7188.53260869565 * x_10 + -1448.36050724637 * BlockSize_32 + -3284.70108695652 * BlockSize_512 + -2588.52355072463 * BlockSize_4096 + -2820.16304347826 * BlockSize_32 * Deflate + -2443.44202898551 * BlockSize_1 + -840.289855072453 * Files_60;29.5198279324025;29.5198279324025;29.5198279324025;29.5198279324025;0.739334;10;-840.289855072453 * Files_60;1;1.65306714326652;
9;5995.21166134186 * CompressionMethod + 13712.6757188498 * x_8 + 13944.6645367412 * x_10 + -1427.8873801917 * BlockSize_32 + -1626.37779552716 * BlockSize_512 + -2445.21166134186 * BlockSize_4096 + -2697.32428115014 * BlockSize_32 * Deflate + -2361.54952076678 * BlockSize_1 + -1249.75239616614 * Files_60 + -11301.1661341853 * x_10 * PPMd;27.6047904351607;27.6047904351607;27.6047904351607;27.6047904351607;1.019868;12;-11301.1661341853 * x_10 * PPMd;2;0.957518748620906;
10;6931.92580049261 * CompressionMethod + 13877.0874384236 * x_8 + 13507.6754926108 * x_10 + -2529.01323891627 * BlockSize_32 + -1438.16964285714 * BlockSize_512 + -2027.69242610837 * BlockSize_4096 + -2532.91256157636 * BlockSize_32 * Deflate + -2703.35283251232 * BlockSize_1 + -894.969211822664 * Files_60 + -11530.4772167488 * x_10 * PPMd + -1354.23337438423 * tmOff;24.0188018229397;24.0188018229397;24.0188018229397;24.0188018229397;1.374093;13;-1354.23337438423 * tmOff;1;3.58598861222107;
11;6911.29648241206 * CompressionMethod + 13852.5552763819 * x_8 + 13477.567839196 * x_10 + -2483.85175879397 * BlockSize_32 + -775.243718592963 * BlockSize_512 + -2066.16331658291 * BlockSize_4096 + -2557.44472361808 * BlockSize_32 * Deflate + -2700.00753768842 * BlockSize_1 + -852.595477386926 * Files_60 + -11734.5402010051 * x_10 * PPMd + -1295.13316582915 * tmOff + -1810.91959798997 * BlockSize_512 * filterOff;20.7599344128676;20.7599344128676;20.7599344128676;20.7599344128676;1.801944;15;-1810.91959798997 * BlockSize_512 * filterOff;2;1.62943370503601;
12;6928.61921708185 * CompressionMethod + 13539.3024911032 * x_8 + 13471.7935943061 * x_10 + -2187.92170818505 * BlockSize_32 + -765.138790035591 * BlockSize_512 + -2041.62277580072 * BlockSize_4096 + -2870.69750889678 * BlockSize_32 * Deflate + -2539.77224199288 * BlockSize_1 + -833.829181494654 * Files_60 + -11741.7580071174 * x_10 * PPMd + -1336.99644128115 * tmOff + -1796.48398576512 * BlockSize_512 * filterOff + 1149.07473309609 * x_8 * BlockSize_16;19.7135864079506;19.7135864079506;19.7135864079506;19.7135864079506;2.328123;17;1149.07473309609 * x_8 * BlockSize_16;2;0.52317400245852;
13;6901.84261868631 * CompressionMethod + 13596.1814437459 * x_8 + 13496.6941252981 * x_10 + -2218.02406243227 * BlockSize_32 + -712.864730110548 * BlockSize_512 + -1955.75005419466 * BlockSize_4096 + -2813.81855625404 * BlockSize_32 * Deflate + -2511.88705831346 * BlockSize_1 + -770.980923477131 * Files_60 + -11758.5573379579 * x_10 * PPMd + -1396.09256449165 * tmOff + -1762.88532408411 * BlockSize_512 * filterOff + 1178.0685020594 * x_8 * BlockSize_16 + 479.249945805345 * BlockSize_64;19.5938165079921;19.5938165079921;19.5938165079921;19.5938165079921;2.94702;18;479.249945805345 * BlockSize_64;1;0.119769899958463;
14;6901.84261868633 * CompressionMethod + 13596.1814437459 * x_8 + 13496.6941252981 * x_10 + -2218.02406243226 * BlockSize_32 + -712.864730110555 * BlockSize_512 + -1955.75005419466 * BlockSize_4096 + -2813.81855625405 * BlockSize_32 * Deflate + -2511.88705831346 * BlockSize_1 + -770.98092347713 * Files_60 + -11758.557337958 * x_10 * PPMd + -1396.09256449166 * tmOff + -881.442662042055 * BlockSize_512 * filterOff + 1178.06850205939 * x_8 * BlockSize_16 + 479.24994580534 * BlockSize_64 + -881.442662042056 * BlockSize_512 * filterOff * tmOff;19.4150103853771;19.4150103853771;19.4150103853771;19.4150103853771;3.658647;21;-881.442662042056 * BlockSize_512 * filterOff * tmOff;3;0.0596020408716787;
Elapsed=00:00:03.6590318
Learning progress:
1;6886.08695652174 * CompressionMethod + 16881.4130434783 * x_10;83.6915996072685;83.6915996072685;83.6915996072685;83.6915996072685;0.005687;2;16881.4130434783 * x_10;1;103.416788236654;
2;5045.49999999999 * CompressionMethod + 18722 * x_10 + 14111.1666666667 * x_8;43.7190444485273;43.7190444485273;43.7190444485273;43.7190444485273;0.025068;3;14111.1666666667 * x_8;1;39.9725551587412;
3;3302.50000000001 * CompressionMethod + 20465 * x_10 + 15854.1666666667 * x_8 + 8715.00000000001 * x_6;28.3567413215888;28.3567413215888;28.3567413215888;28.3567413215888;0.063586;4;8715.00000000001 * x_6;1;15.3623031269386;
4;3302.5 * CompressionMethod + 20465 * x_10 + 16280.5 * x_8 + 9354.5 * x_6 + -1279 * Files_20;23.2996943222797;23.2996943222797;23.2996943222797;23.2996943222797;0.123242;5;-1279 * Files_20;1;5.05704699930907;
5;3302.5 * CompressionMethod + 20465 * x_10 + 16280.5 * x_8 + 4677.25 * x_6 + -1279.00000000001 * Files_20 + 4677.25 * x_6 * HeaderCompressionOff;15.8613196403459;15.8613196403459;15.8613196403459;15.8613196403459;0.211033;7;4677.25 * x_6 * HeaderCompressionOff;2;3.7191873409669;
6;3530.83333333334 * CompressionMethod + 20236.6666666667 * x_10 + 16052.1666666667 * x_8 + 4563.08333333334 * x_6 + -1279.00000000001 * Files_20 + 4563.08333333334 * x_6 * HeaderCompressionOff + -913.33333333334 * x_4;13.4874844995803;13.4874844995803;13.4874844995803;13.4874844995803;0.338148;8;-913.33333333334 * x_4;1;2.37383514076559;
7;3530.83333333333 * CompressionMethod + 20236.6666666667 * x_10 + 16052.1666666667 * x_8 + 4563.08333333334 * x_6 + -1278.99999999997 * Files_20 + 4563.08333333334 * x_6 * HeaderCompressionOff + -664.166666666656 * x_4 + -996.666666666661 * Files_10;13.4155148026108;13.4155148026108;13.4155148026108;13.4155148026108;0.502844;9;-996.666666666661 * Files_10;1;0.071969696969532;
Elapsed=00:00:00.5030871
Learning progress:
1;12775.3846153846 * CompressionMethod + -9393.38461538462 * x_2;80.5361333140554;80.5361333140554;80.5361333140554;80.5361333140554;0.006413;2;-9393.38461538462 * x_2;1;167.328325556214;
2;14645.4545454545 * CompressionMethod + -11263.4545454546 * x_2 + -12155.4545454546 * x_4;51.3302862485845;51.3302862485845;51.3302862485845;51.3302862485845;0.027772;3;-12155.4545454546 * x_4;1;29.2058470654708;
3;16289.3233082707 * CompressionMethod + -10496.3157894737 * x_2 + -12292.4436090226 * x_4 + -3013.75939849624 * tmOff;37.2581986989226;37.2581986989226;37.2581986989226;37.2581986989226;0.06602;4;-3013.75939849624 * tmOff;1;14.0720875496619;
4;10875.3975903614 * CompressionMethod + -6368.86746987952 * x_2 + -7682.56626506025 * x_4 + -1405.6626506024 * tmOff + 14258.4578313253 * x_10;29.6919161228151;29.6919161228151;29.6919161228151;29.6919161228151;0.133469;5;14258.4578313253 * x_10;1;7.5662825761075;
5;10539.7885196375 * CompressionMethod + -6207.64350453171 * x_2 + -6943.89728096676 * x_4 + -2211.78247734139 * tmOff + 14939.5468277946 * x_10 + 4096.40483383687 * Files_20;23.6668948377808;23.6668948377808;23.6668948377808;23.6668948377808;0.22819;6;4096.40483383687 * Files_20;1;6.02502128503428;
6;10445.5895578316 * CompressionMethod + -5702.76417686733 * x_2 + -6821.23532350736 * x_4 + -2268.70846864851 * tmOff + 15058.1426430177 * x_10 + 2270.70696977269 * Files_20 + 7402.41194104423 * Files_20 * LZMA;19.852622333232;19.852622333232;19.852622333232;19.852622333232;0.362063;8;7402.41194104423 * Files_20 * LZMA;2;1.90713625227442;
7;10277.0123839009 * CompressionMethod + -5770.19504643963 * x_2 + -6817.48916408669 * x_4 + -1939.04643962848 * tmOff + 15621.0030959753 * x_10 + 2132.09907120742 * Files_20 + 11128.9040247678 * Files_20 * LZMA + -3748.96904024767 * BlockSize_8;17.7963592904964;17.7963592904964;17.7963592904964;17.7963592904964;0.543219;9;-3748.96904024767 * BlockSize_8;1;2.05626304273556;
8;11031.864608076 * CompressionMethod + -5468.2541567696 * x_2 + -6834.26365795725 * x_4 + -3415.20190023753 * tmOff + 13100.635391924 * x_10 + 2752.75534441806 * Files_20 + 14760.5819477435 * Files_20 * LZMA + -7279.99999999997 * BlockSize_8 + 6772.70190023752 * x_10 * tmOff;15.7246653133639;15.7246653133639;15.7246653133639;15.7246653133639;0.776472;11;6772.70190023752 * x_10 * tmOff;2;1.03584698856624;
9;11012.1827613727 * CompressionMethod + -5268.97545889864 * x_2 + -6845.33469672784 * x_4 + -3698.94852354351 * tmOff + 12947.6910415004 * x_10 + 2989.75758180366 * Files_20 + 14827.0081803671 * Files_20 * LZMA + -7970.50478850757 * BlockSize_8 + 7229.07472067041 * x_10 * tmOff + 690.504788507568 * LZMA;13.5368882631285;13.5368882631285;13.5368882631285;13.5368882631285;1.06917;12;690.504788507568 * LZMA;1;2.18777705023548;
10;11190.5313319037 * CompressionMethod + -5030.81486776269 * x_2 + -7766.98355968549 * x_4 + -4307.21864824079 * tmOff + 12630.3248351998 * x_10 + 3340.29227225796 * Files_20 + 14906.3950440791 * Files_20 * LZMA + -8526.57533158606 * BlockSize_8 + 7976.3624811373 * x_10 * tmOff + 1246.57533158606 * LZMA + 3633.67087602252 * BlockSize_4;12.5186337006687;12.5186337006687;12.5186337006687;12.5186337006687;1.432169;13;3633.67087602252 * BlockSize_4;1;1.01825456245974;
11;11190.5313319037 * CompressionMethod + -5030.81486776268 * x_2 + -7766.98355968549 * x_4 + -4307.21864824081 * tmOff + 12630.3248351998 * x_10 + 3340.29227225797 * Files_20 + 14906.3950440791 * Files_20 * LZMA + -4263.28766579304 * BlockSize_8 + 7976.36248113732 * x_10 * tmOff + 1246.57533158605 * LZMA + 3633.67087602258 * BlockSize_4 + -4263.28766579304 * BlockSize_8 * LZMA;11.1694543689829;11.1694543689829;11.1694543689829;11.1694543689829;1.866455;15;-4263.28766579304 * BlockSize_8 * LZMA;2;0.674589665842896;
12;11190.5313319037 * CompressionMethod + -5030.81486776269 * x_2 + -7766.9835596855 * x_4 + -4307.21864824083 * tmOff + 12630.3248351998 * x_10 + 3340.29227225797 * Files_20 + 14906.3950440791 * Files_20 * LZMA + -2842.19177719536 * BlockSize_8 + 7976.36248113735 * x_10 * tmOff + 1246.57533158607 * LZMA + 3633.6708760226 * BlockSize_4 + -2842.19177719536 * BlockSize_8 * LZMA + -2842.19177719536 * BlockSize_8 * filterOff;10.5898933524091;10.5898933524091;10.5898933524091;10.5898933524091;2.38718;17;-2842.19177719536 * BlockSize_8 * filterOff;2;0.289780508286901;
13;11186.7269667648 * CompressionMethod + -5000.58897770299 * x_2 + -7764.97686159023 * x_4 + -4290.67732435843 * tmOff + 12636.9162810265 * x_10 + 3317.48001682793 * Files_20 + 14741.0096760623 * Files_20 * LZMA + -2779.98878137709 * BlockSize_8 + 7957.03407656709 * x_10 * tmOff + 1235.42700883465 * LZMA + 3618.92721918382 * BlockSize_4 + -2779.98878137708 * BlockSize_8 * LZMA + -2779.98878137708 * BlockSize_8 * filterOff + -175.460664703412 * tmOff * Files_80;10.4432463299413;10.4432463299413;10.4432463299413;10.4432463299413;3.009079;19;-175.460664703412 * tmOff * Files_80;2;0.0733235112339292;
Elapsed=00:00:03.0094549
Learning progress:
1;11356.8965517241 * CompressionMethod + -8846.89655172414 * BlockSize_1024;114.711352653924;114.711352653924;114.711352653924;114.711352653924;0.007714;2;-8846.89655172414 * BlockSize_1024;1;205.02520598467;
2;7521.90635451505 * CompressionMethod + -8719.06354515051 * BlockSize_1024 + 5560.73578595318 * filterOff;86.2899823370832;86.2899823370832;86.2899823370832;86.2899823370832;0.027816;3;5560.73578595318 * filterOff;1;28.4213703168413;
3;5792.73409893992 * CompressionMethod + -9013.14045936395 * BlockSize_1024 + 5078.44964664312 * filterOff + 3517.15989399293 * HeaderCompressionOff;52.0292062157222;52.0292062157222;52.0292062157222;52.0292062157222;0.066978;4;3517.15989399293 * HeaderCompressionOff;1;34.260776121361;
4;3494.97700562084 * CompressionMethod + -8481.73735309147 * BlockSize_1024 + 6627.75166070517 * filterOff + 4617.38886050077 * HeaderCompressionOff + 16945.0229943792 * Files_50;38.9670789884693;38.9670789884693;38.9670789884693;38.9670789884693;0.129997;5;16945.0229943792 * Files_50;1;13.0621272272529;
5;2548.794489093 * CompressionMethod + -7526.67049368542 * BlockSize_1024 + 6840.97588978187 * filterOff + 4390.83811710678 * HeaderCompressionOff + 17891.205510907 * Files_50 + 8693.32950631459 * x_8;29.2320887973568;29.2320887973568;29.2320887973568;29.2320887973568;0.220061;6;8693.32950631459 * x_8;1;9.73499019111252;
6;2108.88535031848 * CompressionMethod + -7420.54140127388 * BlockSize_1024 + 7297.89808917197 * filterOff + 4434.58598726115 * HeaderCompressionOff + 18331.1146496815 * Files_50 + 8093.82165605094 * x_8 + 2116.91082802548 * BlockSize_1;27.7169238245554;27.7169238245554;27.7169238245554;27.7169238245554;0.343451;7;2116.91082802548 * BlockSize_1;1;1.51516497280141;
7;1667.39675016925 * CompressionMethod + -8159.90182802979 * BlockSize_1024 + 8111.72647257957 * filterOff + 5392.03114421124 * HeaderCompressionOff + 18772.6032498308 * Files_50 + 7221.4827352742 * x_8 + 2515.84631008803 * BlockSize_1 + -9186.15436696007 * BlockSize_64;25.9792133921251;25.9792133921251;25.9792133921251;25.9792133921251;0.505861;8;-9186.15436696007 * BlockSize_64;1;1.73771043243029;
8;1941.05442176872 * CompressionMethod + -8334.04761904762 * BlockSize_1024 + 8397.82312925169 * filterOff + 4956.66666666666 * HeaderCompressionOff + 18498.9455782313 * Files_50 + 7034.89795918368 * x_8 + 7802.41496598639 * BlockSize_1 + -6685.91836734694 * BlockSize_64 + -5249.25170068028 * Files_30;23.6527936564602;23.6527936564602;23.6527936564602;23.6527936564602;0.711823;9;-5249.25170068028 * Files_30;1;2.32641973566489;
9;1685.60769656698 * CompressionMethod + -8930.0899778516 * BlockSize_1024 + 9079.01439645627 * filterOff + 5552.70902547066 * HeaderCompressionOff + 18754.392303433 * Files_50 + 9674.51411960133 * x_8 + 9505.39313399782 * BlockSize_1 + -2002.7284053156 * BlockSize_64 + -8314.6124031008 * Files_30 + -8344.59302325582 * HeaderCompressionOff * Files_90;18.3873983304196;18.3873983304196;18.3873983304196;18.3873983304196;0.965263;11;-8344.59302325582 * HeaderCompressionOff * Files_90;2;2.63269766302029;
10;1739.64875681201 * CompressionMethod + -8978.05900885558 * BlockSize_1024 + 9152.48595027248 * filterOff + 5470.12942779292 * HeaderCompressionOff + 18700.351243188 * Files_50 + 12814.9676430518 * x_8 + 10668.1867336512 * BlockSize_1 + -1070.06471389646 * BlockSize_64 + -8867.1670640327 * Files_30 + -9747.23177792915 * HeaderCompressionOff * Files_90 + -4386.43392370575 * x_8 * mtOff;16.7071479146095;16.7071479146095;16.7071479146095;16.7071479146095;1.428762;13;-4386.43392370575 * x_8 * mtOff;2;0.840125207905063;
11;1739.64875681199 * CompressionMethod + -8978.0590088556 * BlockSize_1024 + 9152.48595027248 * filterOff + 5470.12942779292 * HeaderCompressionOff + 18700.351243188 * Files_50 + 12814.9676430518 * x_8 + 10668.1867336512 * BlockSize_1 + -535.032356948235 * BlockSize_64 + -8867.16706403269 * Files_30 + -9747.23177792919 * HeaderCompressionOff * Files_90 + -4386.43392370577 * x_8 * mtOff + -535.03235694823 * BlockSize_64 * filterOff;16.7071479146092;16.7071479146092;16.7071479146092;16.7071479146092;1.826207;15;-535.03235694823 * BlockSize_64 * filterOff;2;1.70530256582424E-13;
Elapsed=00:00:01.8265108
Learning progress:
1;12704.6153846154 * CompressionMethod + -8132.61538461538 * x_0;155.05748921056;155.05748921056;155.05748921056;155.05748921056;0.007571;2;-8132.61538461538 * x_0;1;95.8113075632079;
2;14498.6363636364 * CompressionMethod + -9926.63636363638 * x_0 + -11661.1363636364 * x_4;97.6994024186794;97.6994024186794;97.6994024186794;97.6994024186794;0.028009;3;-11661.1363636364 * x_4;1;57.3580867918809;
3;19628 * CompressionMethod + -15056 * x_0 + -16790.5 * x_4 + -16120.8571428571 * x_2;53.0203807411209;53.0203807411209;53.0203807411209;53.0203807411209;0.066373;4;-16120.8571428571 * x_2;1;44.6790216775585;
4;19101.0220955096 * CompressionMethod + -16109.9558089808 * x_0 + -18239.6892373486 * x_4 + -16723.1176051319 * x_2 + 7904.66856735566 * BlockSize_4096;35.1570378148874;35.1570378148874;35.1570378148874;35.1570378148874;0.127381;5;7904.66856735566 * BlockSize_4096;1;17.8633429262335;
5;19040.1142857143 * CompressionMethod + -16231.7714285714 * x_0 + -17150.5142857143 * x_4 + -16074.6285714286 * x_2 + 8818.28571428573 * BlockSize_4096 + -5026.68571428572 * Files_80;30.268367023845;30.268367023845;30.268367023845;30.268367023845;0.216901;6;-5026.68571428572 * Files_80;1;4.88867079104241;
6;19043.9165154265 * CompressionMethod + -16046.7295825772 * x_0 + -17145.444646098 * x_4 + -16073.3611615245 * x_2 + 8761.25226860255 * BlockSize_4096 + -5005.13974591652 * Files_80 + -887.186932849352 * Files_40;28.3564983401042;28.3564983401042;28.3564983401042;28.3564983401042;0.340179;7;-887.186932849352 * Files_40;1;1.91186868374077;
7;19043.9165154265 * CompressionMethod + -16046.7295825771 * x_0 + -17145.444646098 * x_4 + -16073.3611615245 * x_2 + 8761.25226860255 * BlockSize_4096 + -5005.13974591652 * Files_80 + -443.593466424668 * Files_40 + -443.593466424668 * x_0 * Deflate;26.7883653281391;26.7883653281391;26.7883653281391;26.7883653281391;0.501024;9;-443.593466424668 * x_0 * Deflate;2;0.784066505982542;
8;19043.9165154265 * CompressionMethod + -16046.7295825771 * x_0 + -17145.444646098 * x_4 + -16073.3611615245 * x_2 + 8761.25226860256 * BlockSize_4096 + -2502.56987295827 * Files_80 + -443.59346642468 * Files_40 + -443.593466424677 * x_0 * Deflate + -2502.56987295827 * Files_80 * Deflate;25.2405116214605;25.2405116214605;25.2405116214605;25.2405116214605;0.711412;11;-2502.56987295827 * Files_80 * Deflate;2;0.773926853339324;
9;18941.8657491561 * CompressionMethod + -15952.8356271098 * x_0 + -17048.4692287717 * x_4 + -15974.2105946507 * x_2 + 8793.87951181512 * BlockSize_4096 + -2508.73279667622 * Files_80 + -439.515061023088 * Files_40 + -439.515061023088 * x_0 * Deflate + -2508.73279667622 * Files_80 * Deflate + 1498.13425084387 * Files_50;25.0666359184397;25.0666359184397;25.0666359184397;25.0666359184397;0.982995;12;1498.13425084387 * Files_50;1;0.173875703020755;
Elapsed=00:00:00.9832668
Learning progress:
1;6555.38461538461 * CompressionMethod + 12394.6153846154 * x_8;90.3753896573691;90.3753896573691;90.3753896573691;90.3753896573691;0.006136;2;12394.6153846154 * x_8;1;49.5388883756638;
2;5179.52380952381 * CompressionMethod + 13770.4761904762 * x_8 + 7154.47619047619 * x_10;63.6535757850141;63.6535757850141;63.6535757850141;63.6535757850141;0.026506;3;7154.47619047619 * x_10;1;26.721813872355;
3;5287.66304347825 * CompressionMethod + 14116.5217391304 * x_8 + 7046.33695652174 * x_10 + -2270.92391304349 * BlockSize_32;50.3947916532111;50.3947916532111;50.3947916532111;50.3947916532111;0.063166;4;-2270.92391304349 * BlockSize_32;1;13.258784131803;
4;5556.58597662771 * CompressionMethod + 13877.4791318865 * x_8 + 7327.21202003338 * x_10 + -2420.32554257095 * BlockSize_32 + -2748.98998330551 * BlockSize_512;44.2531538865537;44.2531538865537;44.2531538865537;44.2531538865537;0.124305;5;-2748.98998330551 * BlockSize_512;1;6.14163776665746;
5;5792.43470149253 * CompressionMethod + 13667.8358208955 * x_8 + 7125.05597014926 * x_10 + -2551.3526119403 * BlockSize_32 + -2917.45335820895 * BlockSize_512 + -2242.43470149253 * BlockSize_4096;37.1580160276262;37.1580160276262;37.1580160276262;37.1580160276262;0.214673;6;-2242.43470149253 * BlockSize_4096;1;7.09513785892748;
6;5875.17241379311 * CompressionMethod + 13242.3275862069 * x_8 + 7054.13793103448 * x_10 + -837.500000000015 * BlockSize_32 + -2976.55172413793 * BlockSize_512 + -2325.1724137931 * BlockSize_4096 + -3167.67241379308 * BlockSize_32 * Deflate;32.9893712687873;32.9893712687873;32.9893712687873;32.9893712687873;0.342407;8;-3167.67241379308 * BlockSize_32 * Deflate;2;2.08432237941946;
7;6018.48214285714 * CompressionMethod + 13692.7295918367 * x_8 + 6931.30102040816 * x_10 + -1431.21173469387 * BlockSize_32 + -3078.91581632653 * BlockSize_512 + -2468.48214285715 * BlockSize_4096 + -2717.27040816327 * BlockSize_32 * Deflate + -2374.8469387755 * BlockSize_1;31.172895075669;31.172895075669;31.172895075669;31.172895075669;0.522352;9;-2374.8469387755 * BlockSize_1;1;1.81647619311821;
8;6138.52355072464 * CompressionMethod + 13589.8369565217 * x_8 + 7188.53260869565 * x_10 + -1448.36050724637 * BlockSize_32 + -3284.70108695652 * BlockSize_512 + -2588.52355072463 * BlockSize_4096 + -2820.16304347826 * BlockSize_32 * Deflate + -2443.44202898551 * BlockSize_1 + -840.289855072453 * Files_60;29.5198279324025;29.5198279324025;29.5198279324025;29.5198279324025;0.744237;10;-840.289855072453 * Files_60;1;1.65306714326652;
9;5995.21166134186 * CompressionMethod + 13712.6757188498 * x_8 + 13944.6645367412 * x_10 + -1427.8873801917 * BlockSize_32 + -1626.37779552716 * BlockSize_512 + -2445.21166134186 * BlockSize_4096 + -2697.32428115014 * BlockSize_32 * Deflate + -2361.54952076678 * BlockSize_1 + -1249.75239616614 * Files_60 + -11301.1661341853 * x_10 * PPMd;27.6047904351607;27.6047904351607;27.6047904351607;27.6047904351607;1.025271;12;-11301.1661341853 * x_10 * PPMd;2;0.957518748620906;
10;6931.92580049261 * CompressionMethod + 13877.0874384236 * x_8 + 13507.6754926108 * x_10 + -2529.01323891627 * BlockSize_32 + -1438.16964285714 * BlockSize_512 + -2027.69242610837 * BlockSize_4096 + -2532.91256157636 * BlockSize_32 * Deflate + -2703.35283251232 * BlockSize_1 + -894.969211822664 * Files_60 + -11530.4772167488 * x_10 * PPMd + -1354.23337438423 * tmOff;24.0188018229397;24.0188018229397;24.0188018229397;24.0188018229397;1.380723;13;-1354.23337438423 * tmOff;1;3.58598861222107;
11;6911.29648241206 * CompressionMethod + 13852.5552763819 * x_8 + 13477.567839196 * x_10 + -2483.85175879397 * BlockSize_32 + -775.243718592963 * BlockSize_512 + -2066.16331658291 * BlockSize_4096 + -2557.44472361808 * BlockSize_32 * Deflate + -2700.00753768842 * BlockSize_1 + -852.595477386926 * Files_60 + -11734.5402010051 * x_10 * PPMd + -1295.13316582915 * tmOff + -1810.91959798997 * BlockSize_512 * filterOff;20.7599344128676;20.7599344128676;20.7599344128676;20.7599344128676;1.806926;15;-1810.91959798997 * BlockSize_512 * filterOff;2;1.62943370503601;
12;6928.61921708185 * CompressionMethod + 13539.3024911032 * x_8 + 13471.7935943061 * x_10 + -2187.92170818505 * BlockSize_32 + -765.138790035591 * BlockSize_512 + -2041.62277580072 * BlockSize_4096 + -2870.69750889678 * BlockSize_32 * Deflate + -2539.77224199288 * BlockSize_1 + -833.829181494654 * Files_60 + -11741.7580071174 * x_10 * PPMd + -1336.99644128115 * tmOff + -1796.48398576512 * BlockSize_512 * filterOff + 1149.07473309609 * x_8 * BlockSize_16;19.7135864079506;19.7135864079506;19.7135864079506;19.7135864079506;2.331574;17;1149.07473309609 * x_8 * BlockSize_16;2;0.52317400245852;
13;6901.84261868631 * CompressionMethod + 13596.1814437459 * x_8 + 13496.6941252981 * x_10 + -2218.02406243227 * BlockSize_32 + -712.864730110548 * BlockSize_512 + -1955.75005419466 * BlockSize_4096 + -2813.81855625404 * BlockSize_32 * Deflate + -2511.88705831346 * BlockSize_1 + -770.980923477131 * Files_60 + -11758.5573379579 * x_10 * PPMd + -1396.09256449165 * tmOff + -1762.88532408411 * BlockSize_512 * filterOff + 1178.0685020594 * x_8 * BlockSize_16 + 479.249945805345 * BlockSize_64;19.5938165079921;19.5938165079921;19.5938165079921;19.5938165079921;2.958459;18;479.249945805345 * BlockSize_64;1;0.119769899958463;
Elapsed=00:00:02.9588164
Learning progress:
1;6886.08695652174 * CompressionMethod + 16881.4130434783 * x_10;83.6915996072685;83.6915996072685;83.6915996072685;83.6915996072685;0.007432;2;16881.4130434783 * x_10;1;103.416788236654;
2;5045.49999999999 * CompressionMethod + 18722 * x_10 + 14111.1666666667 * x_8;43.7190444485273;43.7190444485273;43.7190444485273;43.7190444485273;0.027458;3;14111.1666666667 * x_8;1;39.9725551587412;
3;3302.50000000001 * CompressionMethod + 20465 * x_10 + 15854.1666666667 * x_8 + 8715.00000000001 * x_6;28.3567413215888;28.3567413215888;28.3567413215888;28.3567413215888;0.065356;4;8715.00000000001 * x_6;1;15.3623031269386;
4;3302.5 * CompressionMethod + 20465 * x_10 + 16280.5 * x_8 + 9354.5 * x_6 + -1279 * Files_20;23.2996943222797;23.2996943222797;23.2996943222797;23.2996943222797;0.125219;5;-1279 * Files_20;1;5.05704699930907;
5;3302.5 * CompressionMethod + 20465 * x_10 + 16280.5 * x_8 + 4677.25 * x_6 + -1279.00000000001 * Files_20 + 4677.25 * x_6 * HeaderCompressionOff;15.8613196403459;15.8613196403459;15.8613196403459;15.8613196403459;0.213357;7;4677.25 * x_6 * HeaderCompressionOff;2;3.7191873409669;
6;3530.83333333334 * CompressionMethod + 20236.6666666667 * x_10 + 16052.1666666667 * x_8 + 4563.08333333334 * x_6 + -1279.00000000001 * Files_20 + 4563.08333333334 * x_6 * HeaderCompressionOff + -913.33333333334 * x_4;13.4874844995803;13.4874844995803;13.4874844995803;13.4874844995803;0.33833;8;-913.33333333334 * x_4;1;2.37383514076559;
7;3530.83333333333 * CompressionMethod + 20236.6666666667 * x_10 + 16052.1666666667 * x_8 + 4563.08333333334 * x_6 + -1278.99999999997 * Files_20 + 4563.08333333334 * x_6 * HeaderCompressionOff + -664.166666666656 * x_4 + -996.666666666661 * Files_10;13.4155148026108;13.4155148026108;13.4155148026108;13.4155148026108;0.503603;9;-996.666666666661 * Files_10;1;0.071969696969532;
Elapsed=00:00:00.5038556
Learning progress:
1;12775.3846153846 * CompressionMethod + -9393.38461538462 * x_2;80.5361333140554;80.5361333140554;80.5361333140554;80.5361333140554;0.006177;2;-9393.38461538462 * x_2;1;167.328325556214;
2;14645.4545454545 * CompressionMethod + -11263.4545454546 * x_2 + -12155.4545454546 * x_4;51.3302862485845;51.3302862485845;51.3302862485845;51.3302862485845;0.028254;3;-12155.4545454546 * x_4;1;29.2058470654708;
3;16289.3233082707 * CompressionMethod + -10496.3157894737 * x_2 + -12292.4436090226 * x_4 + -3013.75939849624 * tmOff;37.2581986989226;37.2581986989226;37.2581986989226;37.2581986989226;0.06668;4;-3013.75939849624 * tmOff;1;14.0720875496619;
4;10875.3975903614 * CompressionMethod + -6368.86746987952 * x_2 + -7682.56626506025 * x_4 + -1405.6626506024 * tmOff + 14258.4578313253 * x_10;29.6919161228151;29.6919161228151;29.6919161228151;29.6919161228151;0.133824;5;14258.4578313253 * x_10;1;7.5662825761075;
5;10539.7885196375 * CompressionMethod + -6207.64350453171 * x_2 + -6943.89728096676 * x_4 + -2211.78247734139 * tmOff + 14939.5468277946 * x_10 + 4096.40483383687 * Files_20;23.6668948377808;23.6668948377808;23.6668948377808;23.6668948377808;0.228979;6;4096.40483383687 * Files_20;1;6.02502128503428;
6;10445.5895578316 * CompressionMethod + -5702.76417686733 * x_2 + -6821.23532350736 * x_4 + -2268.70846864851 * tmOff + 15058.1426430177 * x_10 + 2270.70696977269 * Files_20 + 7402.41194104423 * Files_20 * LZMA;19.852622333232;19.852622333232;19.852622333232;19.852622333232;0.359809;8;7402.41194104423 * Files_20 * LZMA;2;1.90713625227442;
7;10277.0123839009 * CompressionMethod + -5770.19504643963 * x_2 + -6817.48916408669 * x_4 + -1939.04643962848 * tmOff + 15621.0030959753 * x_10 + 2132.09907120742 * Files_20 + 11128.9040247678 * Files_20 * LZMA + -3748.96904024767 * BlockSize_8;17.7963592904964;17.7963592904964;17.7963592904964;17.7963592904964;0.538648;9;-3748.96904024767 * BlockSize_8;1;2.05626304273556;
8;11031.864608076 * CompressionMethod + -5468.2541567696 * x_2 + -6834.26365795725 * x_4 + -3415.20190023753 * tmOff + 13100.635391924 * x_10 + 2752.75534441806 * Files_20 + 14760.5819477435 * Files_20 * LZMA + -7279.99999999997 * BlockSize_8 + 6772.70190023752 * x_10 * tmOff;15.7246653133639;15.7246653133639;15.7246653133639;15.7246653133639;0.77138;11;6772.70190023752 * x_10 * tmOff;2;1.03584698856624;
9;11012.1827613727 * CompressionMethod + -5268.97545889864 * x_2 + -6845.33469672784 * x_4 + -3698.94852354351 * tmOff + 12947.6910415004 * x_10 + 2989.75758180366 * Files_20 + 14827.0081803671 * Files_20 * LZMA + -7970.50478850757 * BlockSize_8 + 7229.07472067041 * x_10 * tmOff + 690.504788507568 * LZMA;13.5368882631285;13.5368882631285;13.5368882631285;13.5368882631285;1.065899;12;690.504788507568 * LZMA;1;2.18777705023548;
10;11190.5313319037 * CompressionMethod + -5030.81486776269 * x_2 + -7766.98355968549 * x_4 + -4307.21864824079 * tmOff + 12630.3248351998 * x_10 + 3340.29227225796 * Files_20 + 14906.3950440791 * Files_20 * LZMA + -8526.57533158606 * BlockSize_8 + 7976.3624811373 * x_10 * tmOff + 1246.57533158606 * LZMA + 3633.67087602252 * BlockSize_4;12.5186337006687;12.5186337006687;12.5186337006687;12.5186337006687;1.431887;13;3633.67087602252 * BlockSize_4;1;1.01825456245974;
11;11190.5313319037 * CompressionMethod + -5030.81486776268 * x_2 + -7766.98355968549 * x_4 + -4307.21864824081 * tmOff + 12630.3248351998 * x_10 + 3340.29227225797 * Files_20 + 14906.3950440791 * Files_20 * LZMA + -4263.28766579304 * BlockSize_8 + 7976.36248113732 * x_10 * tmOff + 1246.57533158605 * LZMA + 3633.67087602258 * BlockSize_4 + -4263.28766579304 * BlockSize_8 * LZMA;11.1694543689829;11.1694543689829;11.1694543689829;11.1694543689829;1.865623;15;-4263.28766579304 * BlockSize_8 * LZMA;2;0.674589665842896;
12;11190.5313319037 * CompressionMethod + -5030.81486776269 * x_2 + -7766.9835596855 * x_4 + -4307.21864824083 * tmOff + 12630.3248351998 * x_10 + 3340.29227225797 * Files_20 + 14906.3950440791 * Files_20 * LZMA + -2842.19177719536 * BlockSize_8 + 7976.36248113735 * x_10 * tmOff + 1246.57533158607 * LZMA + 3633.6708760226 * BlockSize_4 + -2842.19177719536 * BlockSize_8 * LZMA + -2842.19177719536 * BlockSize_8 * filterOff;10.5898933524091;10.5898933524091;10.5898933524091;10.5898933524091;2.3841;17;-2842.19177719536 * BlockSize_8 * filterOff;2;0.289780508286901;
13;11186.7269667648 * CompressionMethod + -5000.58897770299 * x_2 + -7764.97686159023 * x_4 + -4290.67732435843 * tmOff + 12636.9162810265 * x_10 + 3317.48001682793 * Files_20 + 14741.0096760623 * Files_20 * LZMA + -2779.98878137709 * BlockSize_8 + 7957.03407656709 * x_10 * tmOff + 1235.42700883465 * LZMA + 3618.92721918382 * BlockSize_4 + -2779.98878137708 * BlockSize_8 * LZMA + -2779.98878137708 * BlockSize_8 * filterOff + -175.460664703412 * tmOff * Files_80;10.4432463299413;10.4432463299413;10.4432463299413;10.4432463299413;3.003881;19;-175.460664703412 * tmOff * Files_80;2;0.0733235112339292;
Elapsed=00:00:03.0042473
Learning progress:
1;11356.8965517241 * CompressionMethod + -8846.89655172414 * BlockSize_1024;114.711352653924;114.711352653924;114.711352653924;114.711352653924;0.006324;2;-8846.89655172414 * BlockSize_1024;1;205.02520598467;
2;7521.90635451505 * CompressionMethod + -8719.06354515051 * BlockSize_1024 + 5560.73578595318 * filterOff;86.2899823370832;86.2899823370832;86.2899823370832;86.2899823370832;0.027863;3;5560.73578595318 * filterOff;1;28.4213703168413;
3;5792.73409893992 * CompressionMethod + -9013.14045936395 * BlockSize_1024 + 5078.44964664312 * filterOff + 3517.15989399293 * HeaderCompressionOff;52.0292062157222;52.0292062157222;52.0292062157222;52.0292062157222;0.067168;4;3517.15989399293 * HeaderCompressionOff;1;34.260776121361;
4;3494.97700562084 * CompressionMethod + -8481.73735309147 * BlockSize_1024 + 6627.75166070517 * filterOff + 4617.38886050077 * HeaderCompressionOff + 16945.0229943792 * Files_50;38.9670789884693;38.9670789884693;38.9670789884693;38.9670789884693;0.129779;5;16945.0229943792 * Files_50;1;13.0621272272529;
5;2548.794489093 * CompressionMethod + -7526.67049368542 * BlockSize_1024 + 6840.97588978187 * filterOff + 4390.83811710678 * HeaderCompressionOff + 17891.205510907 * Files_50 + 8693.32950631459 * x_8;29.2320887973568;29.2320887973568;29.2320887973568;29.2320887973568;0.22222;6;8693.32950631459 * x_8;1;9.73499019111252;
6;2108.88535031848 * CompressionMethod + -7420.54140127388 * BlockSize_1024 + 7297.89808917197 * filterOff + 4434.58598726115 * HeaderCompressionOff + 18331.1146496815 * Files_50 + 8093.82165605094 * x_8 + 2116.91082802548 * BlockSize_1;27.7169238245554;27.7169238245554;27.7169238245554;27.7169238245554;0.344309;7;2116.91082802548 * BlockSize_1;1;1.51516497280141;
7;1667.39675016925 * CompressionMethod + -8159.90182802979 * BlockSize_1024 + 8111.72647257957 * filterOff + 5392.03114421124 * HeaderCompressionOff + 18772.6032498308 * Files_50 + 7221.4827352742 * x_8 + 2515.84631008803 * BlockSize_1 + -9186.15436696007 * BlockSize_64;25.9792133921251;25.9792133921251;25.9792133921251;25.9792133921251;0.508373;8;-9186.15436696007 * BlockSize_64;1;1.73771043243029;
8;1941.05442176872 * CompressionMethod + -8334.04761904762 * BlockSize_1024 + 8397.82312925169 * filterOff + 4956.66666666666 * HeaderCompressionOff + 18498.9455782313 * Files_50 + 7034.89795918368 * x_8 + 7802.41496598639 * BlockSize_1 + -6685.91836734694 * BlockSize_64 + -5249.25170068028 * Files_30;23.6527936564602;23.6527936564602;23.6527936564602;23.6527936564602;0.711651;9;-5249.25170068028 * Files_30;1;2.32641973566489;
9;1685.60769656698 * CompressionMethod + -8930.0899778516 * BlockSize_1024 + 9079.01439645627 * filterOff + 5552.70902547066 * HeaderCompressionOff + 18754.392303433 * Files_50 + 9674.51411960133 * x_8 + 9505.39313399782 * BlockSize_1 + -2002.7284053156 * BlockSize_64 + -8314.6124031008 * Files_30 + -8344.59302325582 * HeaderCompressionOff * Files_90;18.3873983304196;18.3873983304196;18.3873983304196;18.3873983304196;0.969476;11;-8344.59302325582 * HeaderCompressionOff * Files_90;2;2.63269766302029;
10;1739.64875681201 * CompressionMethod + -8978.05900885558 * BlockSize_1024 + 9152.48595027248 * filterOff + 5470.12942779292 * HeaderCompressionOff + 18700.351243188 * Files_50 + 12814.9676430518 * x_8 + 10668.1867336512 * BlockSize_1 + -1070.06471389646 * BlockSize_64 + -8867.1670640327 * Files_30 + -9747.23177792915 * HeaderCompressionOff * Files_90 + -4386.43392370575 * x_8 * mtOff;16.7071479146095;16.7071479146095;16.7071479146095;16.7071479146095;1.292217;13;-4386.43392370575 * x_8 * mtOff;2;0.840125207905063;
11;1739.64875681199 * CompressionMethod + -8978.0590088556 * BlockSize_1024 + 9152.48595027248 * filterOff + 5470.12942779292 * HeaderCompressionOff + 18700.351243188 * Files_50 + 12814.9676430518 * x_8 + 10668.1867336512 * BlockSize_1 + -535.032356948235 * BlockSize_64 + -8867.16706403269 * Files_30 + -9747.23177792919 * HeaderCompressionOff * Files_90 + -4386.43392370577 * x_8 * mtOff + -535.03235694823 * BlockSize_64 * filterOff;16.7071479146092;16.7071479146092;16.7071479146092;16.7071479146092;1.69343;15;-535.03235694823 * BlockSize_64 * filterOff;2;1.70530256582424E-13;
Elapsed=00:00:01.6937342
Learning progress:
1;12704.6153846154 * CompressionMethod + -8132.61538461538 * x_0;155.05748921056;155.05748921056;155.05748921056;155.05748921056;0.007373;2;-8132.61538461538 * x_0;1;95.8113075632079;
2;14498.6363636364 * CompressionMethod + -9926.63636363638 * x_0 + -11661.1363636364 * x_4;97.6994024186794;97.6994024186794;97.6994024186794;97.6994024186794;0.028088;3;-11661.1363636364 * x_4;1;57.3580867918809;
3;19628 * CompressionMethod + -15056 * x_0 + -16790.5 * x_4 + -16120.8571428571 * x_2;53.0203807411209;53.0203807411209;53.0203807411209;53.0203807411209;0.067121;4;-16120.8571428571 * x_2;1;44.6790216775585;
4;19101.0220955096 * CompressionMethod + -16109.9558089808 * x_0 + -18239.6892373486 * x_4 + -16723.1176051319 * x_2 + 7904.66856735566 * BlockSize_4096;35.1570378148874;35.1570378148874;35.1570378148874;35.1570378148874;0.129469;5;7904.66856735566 * BlockSize_4096;1;17.8633429262335;
5;19040.1142857143 * CompressionMethod + -16231.7714285714 * x_0 + -17150.5142857143 * x_4 + -16074.6285714286 * x_2 + 8818.28571428573 * BlockSize_4096 + -5026.68571428572 * Files_80;30.268367023845;30.268367023845;30.268367023845;30.268367023845;0.220674;6;-5026.68571428572 * Files_80;1;4.88867079104241;
6;19043.9165154265 * CompressionMethod + -16046.7295825772 * x_0 + -17145.444646098 * x_4 + -16073.3611615245 * x_2 + 8761.25226860255 * BlockSize_4096 + -5005.13974591652 * Files_80 + -887.186932849352 * Files_40;28.3564983401042;28.3564983401042;28.3564983401042;28.3564983401042;0.341971;7;-887.186932849352 * Files_40;1;1.91186868374077;
7;19043.9165154265 * CompressionMethod + -16046.7295825771 * x_0 + -17145.444646098 * x_4 + -16073.3611615245 * x_2 + 8761.25226860255 * BlockSize_4096 + -5005.13974591652 * Files_80 + -443.593466424668 * Files_40 + -443.593466424668 * x_0 * Deflate;26.7883653281391;26.7883653281391;26.7883653281391;26.7883653281391;0.501809;9;-443.593466424668 * x_0 * Deflate;2;0.784066505982542;
8;19043.9165154265 * CompressionMethod + -16046.7295825771 * x_0 + -17145.444646098 * x_4 + -16073.3611615245 * x_2 + 8761.25226860256 * BlockSize_4096 + -2502.56987295827 * Files_80 + -443.59346642468 * Files_40 + -443.593466424677 * x_0 * Deflate + -2502.56987295827 * Files_80 * Deflate;25.2405116214605;25.2405116214605;25.2405116214605;25.2405116214605;0.714554;11;-2502.56987295827 * Files_80 * Deflate;2;0.773926853339324;
9;18941.8657491561 * CompressionMethod + -15952.8356271098 * x_0 + -17048.4692287717 * x_4 + -15974.2105946507 * x_2 + 8793.87951181512 * BlockSize_4096 + -2508.73279667622 * Files_80 + -439.515061023088 * Files_40 + -439.515061023088 * x_0 * Deflate + -2508.73279667622 * Files_80 * Deflate + 1498.13425084387 * Files_50;25.0666359184397;25.0666359184397;25.0666359184397;25.0666359184397;0.982943;12;1498.13425084387 * Files_50;1;0.173875703020755;
Elapsed=00:00:00.9832185
Learning progress:
1;6555.38461538461 * CompressionMethod + 12394.6153846154 * x_8;90.3753896573691;90.3753896573691;90.3753896573691;90.3753896573691;0.008572;2;12394.6153846154 * x_8;1;49.5388883756638;
2;5179.52380952381 * CompressionMethod + 13770.4761904762 * x_8 + 7154.47619047619 * x_10;63.6535757850141;63.6535757850141;63.6535757850141;63.6535757850141;0.028067;3;7154.47619047619 * x_10;1;26.721813872355;
3;5287.66304347825 * CompressionMethod + 14116.5217391304 * x_8 + 7046.33695652174 * x_10 + -2270.92391304349 * BlockSize_32;50.3947916532111;50.3947916532111;50.3947916532111;50.3947916532111;0.065043;4;-2270.92391304349 * BlockSize_32;1;13.258784131803;
4;5556.58597662771 * CompressionMethod + 13877.4791318865 * x_8 + 7327.21202003338 * x_10 + -2420.32554257095 * BlockSize_32 + -2748.98998330551 * BlockSize_512;44.2531538865537;44.2531538865537;44.2531538865537;44.2531538865537;0.126015;5;-2748.98998330551 * BlockSize_512;1;6.14163776665746;
5;5792.43470149253 * CompressionMethod + 13667.8358208955 * x_8 + 7125.05597014926 * x_10 + -2551.3526119403 * BlockSize_32 + -2917.45335820895 * BlockSize_512 + -2242.43470149253 * BlockSize_4096;37.1580160276262;37.1580160276262;37.1580160276262;37.1580160276262;0.218969;6;-2242.43470149253 * BlockSize_4096;1;7.09513785892748;
6;5875.17241379311 * CompressionMethod + 13242.3275862069 * x_8 + 7054.13793103448 * x_10 + -837.500000000015 * BlockSize_32 + -2976.55172413793 * BlockSize_512 + -2325.1724137931 * BlockSize_4096 + -3167.67241379308 * BlockSize_32 * Deflate;32.9893712687873;32.9893712687873;32.9893712687873;32.9893712687873;0.345787;8;-3167.67241379308 * BlockSize_32 * Deflate;2;2.08432237941946;
7;6018.48214285714 * CompressionMethod + 13692.7295918367 * x_8 + 6931.30102040816 * x_10 + -1431.21173469387 * BlockSize_32 + -3078.91581632653 * BlockSize_512 + -2468.48214285715 * BlockSize_4096 + -2717.27040816327 * BlockSize_32 * Deflate + -2374.8469387755 * BlockSize_1;31.172895075669;31.172895075669;31.172895075669;31.172895075669;0.521824;9;-2374.8469387755 * BlockSize_1;1;1.81647619311821;
8;6138.52355072464 * CompressionMethod + 13589.8369565217 * x_8 + 7188.53260869565 * x_10 + -1448.36050724637 * BlockSize_32 + -3284.70108695652 * BlockSize_512 + -2588.52355072463 * BlockSize_4096 + -2820.16304347826 * BlockSize_32 * Deflate + -2443.44202898551 * BlockSize_1 + -840.289855072453 * Files_60;29.5198279324025;29.5198279324025;29.5198279324025;29.5198279324025;0.742772;10;-840.289855072453 * Files_60;1;1.65306714326652;
9;5995.21166134186 * CompressionMethod + 13712.6757188498 * x_8 + 13944.6645367412 * x_10 + -1427.8873801917 * BlockSize_32 + -1626.37779552716 * BlockSize_512 + -2445.21166134186 * BlockSize_4096 + -2697.32428115014 * BlockSize_32 * Deflate + -2361.54952076678 * BlockSize_1 + -1249.75239616614 * Files_60 + -11301.1661341853 * x_10 * PPMd;27.6047904351607;27.6047904351607;27.6047904351607;27.6047904351607;1.027;12;-11301.1661341853 * x_10 * PPMd;2;0.957518748620906;
10;6931.92580049261 * CompressionMethod + 13877.0874384236 * x_8 + 13507.6754926108 * x_10 + -2529.01323891627 * BlockSize_32 + -1438.16964285714 * BlockSize_512 + -2027.69242610837 * BlockSize_4096 + -2532.91256157636 * BlockSize_32 * Deflate + -2703.35283251232 * BlockSize_1 + -894.969211822664 * Files_60 + -11530.4772167488 * x_10 * PPMd + -1354.23337438423 * tmOff;24.0188018229397;24.0188018229397;24.0188018229397;24.0188018229397;1.381922;13;-1354.23337438423 * tmOff;1;3.58598861222107;
11;6911.29648241206 * CompressionMethod + 13852.5552763819 * x_8 + 13477.567839196 * x_10 + -2483.85175879397 * BlockSize_32 + -775.243718592963 * BlockSize_512 + -2066.16331658291 * BlockSize_4096 + -2557.44472361808 * BlockSize_32 * Deflate + -2700.00753768842 * BlockSize_1 + -852.595477386926 * Files_60 + -11734.5402010051 * x_10 * PPMd + -1295.13316582915 * tmOff + -1810.91959798997 * BlockSize_512 * filterOff;20.7599344128676;20.7599344128676;20.7599344128676;20.7599344128676;1.809335;15;-1810.91959798997 * BlockSize_512 * filterOff;2;1.62943370503601;
12;6928.61921708185 * CompressionMethod + 13539.3024911032 * x_8 + 13471.7935943061 * x_10 + -2187.92170818505 * BlockSize_32 + -765.138790035591 * BlockSize_512 + -2041.62277580072 * BlockSize_4096 + -2870.69750889678 * BlockSize_32 * Deflate + -2539.77224199288 * BlockSize_1 + -833.829181494654 * Files_60 + -11741.7580071174 * x_10 * PPMd + -1336.99644128115 * tmOff + -1796.48398576512 * BlockSize_512 * filterOff + 1149.07473309609 * x_8 * BlockSize_16;19.7135864079506;19.7135864079506;19.7135864079506;19.7135864079506;2.338653;17;1149.07473309609 * x_8 * BlockSize_16;2;0.52317400245852;
13;6901.84261868631 * CompressionMethod + 13596.1814437459 * x_8 + 13496.6941252981 * x_10 + -2218.02406243227 * BlockSize_32 + -712.864730110548 * BlockSize_512 + -1955.75005419466 * BlockSize_4096 + -2813.81855625404 * BlockSize_32 * Deflate + -2511.88705831346 * BlockSize_1 + -770.980923477131 * Files_60 + -11758.5573379579 * x_10 * PPMd + -1396.09256449165 * tmOff + -1762.88532408411 * BlockSize_512 * filterOff + 1178.0685020594 * x_8 * BlockSize_16 + 479.249945805345 * BlockSize_64;19.5938165079921;19.5938165079921;19.5938165079921;19.5938165079921;2.959763;18;479.249945805345 * BlockSize_64;1;0.119769899958463;
Elapsed=00:00:02.9601322
Learning progress:
1;6886.08695652174 * CompressionMethod + 16881.4130434783 * x_10;83.6915996072685;83.6915996072685;83.6915996072685;83.6915996072685;0.008568;2;16881.4130434783 * x_10;1;103.416788236654;
2;5045.49999999999 * CompressionMethod + 18722 * x_10 + 14111.1666666667 * x_8;43.7190444485273;43.7190444485273;43.7190444485273;43.7190444485273;0.030386;3;14111.1666666667 * x_8;1;39.9725551587412;
3;3302.50000000001 * CompressionMethod + 20465 * x_10 + 15854.1666666667 * x_8 + 8715.00000000001 * x_6;28.3567413215888;28.3567413215888;28.3567413215888;28.3567413215888;0.068427;4;8715.00000000001 * x_6;1;15.3623031269386;
4;3302.5 * CompressionMethod + 20465 * x_10 + 16280.5 * x_8 + 9354.5 * x_6 + -1279 * Files_20;23.2996943222797;23.2996943222797;23.2996943222797;23.2996943222797;0.126579;5;-1279 * Files_20;1;5.05704699930907;
5;3302.5 * CompressionMethod + 20465 * x_10 + 16280.5 * x_8 + 4677.25 * x_6 + -1279.00000000001 * Files_20 + 4677.25 * x_6 * HeaderCompressionOff;15.8613196403459;15.8613196403459;15.8613196403459;15.8613196403459;0.216842;7;4677.25 * x_6 * HeaderCompressionOff;2;3.7191873409669;
6;3530.83333333334 * CompressionMethod + 20236.6666666667 * x_10 + 16052.1666666667 * x_8 + 4563.08333333334 * x_6 + -1279.00000000001 * Files_20 + 4563.08333333334 * x_6 * HeaderCompressionOff + -913.33333333334 * x_4;13.4874844995803;13.4874844995803;13.4874844995803;13.4874844995803;0.344509;8;-913.33333333334 * x_4;1;2.37383514076559;
7;3530.83333333333 * CompressionMethod + 20236.6666666667 * x_10 + 16052.1666666667 * x_8 + 4563.08333333334 * x_6 + -1278.99999999997 * Files_20 + 4563.08333333334 * x_6 * HeaderCompressionOff + -664.166666666656 * x_4 + -996.666666666661 * Files_10;13.4155148026108;13.4155148026108;13.4155148026108;13.4155148026108;0.51005;9;-996.666666666661 * Files_10;1;0.071969696969532;
Elapsed=00:00:00.5102938
Learning progress:
1;12775.3846153846 * CompressionMethod + -9393.38461538462 * x_2;80.5361333140554;80.5361333140554;80.5361333140554;80.5361333140554;0.008389;2;-9393.38461538462 * x_2;1;167.328325556214;
2;14645.4545454545 * CompressionMethod + -11263.4545454546 * x_2 + -12155.4545454546 * x_4;51.3302862485845;51.3302862485845;51.3302862485845;51.3302862485845;0.029484;3;-12155.4545454546 * x_4;1;29.2058470654708;
3;16289.3233082707 * CompressionMethod + -10496.3157894737 * x_2 + -12292.4436090226 * x_4 + -3013.75939849624 * tmOff;37.2581986989226;37.2581986989226;37.2581986989226;37.2581986989226;0.068686;4;-3013.75939849624 * tmOff;1;14.0720875496619;
4;10875.3975903614 * CompressionMethod + -6368.86746987952 * x_2 + -7682.56626506025 * x_4 + -1405.6626506024 * tmOff + 14258.4578313253 * x_10;29.6919161228151;29.6919161228151;29.6919161228151;29.6919161228151;0.13369;5;14258.4578313253 * x_10;1;7.5662825761075;
5;10539.7885196375 * CompressionMethod + -6207.64350453171 * x_2 + -6943.89728096676 * x_4 + -2211.78247734139 * tmOff + 14939.5468277946 * x_10 + 4096.40483383687 * Files_20;23.6668948377808;23.6668948377808;23.6668948377808;23.6668948377808;0.229647;6;4096.40483383687 * Files_20;1;6.02502128503428;
6;10445.5895578316 * CompressionMethod + -5702.76417686733 * x_2 + -6821.23532350736 * x_4 + -2268.70846864851 * tmOff + 15058.1426430177 * x_10 + 2270.70696977269 * Files_20 + 7402.41194104423 * Files_20 * LZMA;19.852622333232;19.852622333232;19.852622333232;19.852622333232;0.360238;8;7402.41194104423 * Files_20 * LZMA;2;1.90713625227442;
7;10277.0123839009 * CompressionMethod + -5770.19504643963 * x_2 + -6817.48916408669 * x_4 + -1939.04643962848 * tmOff + 15621.0030959753 * x_10 + 2132.09907120742 * Files_20 + 11128.9040247678 * Files_20 * LZMA + -3748.96904024767 * BlockSize_8;17.7963592904964;17.7963592904964;17.7963592904964;17.7963592904964;0.537857;9;-3748.96904024767 * BlockSize_8;1;2.05626304273556;
8;11031.864608076 * CompressionMethod + -5468.2541567696 * x_2 + -6834.26365795725 * x_4 + -3415.20190023753 * tmOff + 13100.635391924 * x_10 + 2752.75534441806 * Files_20 + 14760.5819477435 * Files_20 * LZMA + -7279.99999999997 * BlockSize_8 + 6772.70190023752 * x_10 * tmOff;15.7246653133639;15.7246653133639;15.7246653133639;15.7246653133639;0.775091;11;6772.70190023752 * x_10 * tmOff;2;1.03584698856624;
9;11012.1827613727 * CompressionMethod + -5268.97545889864 * x_2 + -6845.33469672784 * x_4 + -3698.94852354351 * tmOff + 12947.6910415004 * x_10 + 2989.75758180366 * Files_20 + 14827.0081803671 * Files_20 * LZMA + -7970.50478850757 * BlockSize_8 + 7229.07472067041 * x_10 * tmOff + 690.504788507568 * LZMA;13.5368882631285;13.5368882631285;13.5368882631285;13.5368882631285;1.215896;12;690.504788507568 * LZMA;1;2.18777705023548;
10;11190.5313319037 * CompressionMethod + -5030.81486776269 * x_2 + -7766.98355968549 * x_4 + -4307.21864824079 * tmOff + 12630.3248351998 * x_10 + 3340.29227225796 * Files_20 + 14906.3950440791 * Files_20 * LZMA + -8526.57533158606 * BlockSize_8 + 7976.3624811373 * x_10 * tmOff + 1246.57533158606 * LZMA + 3633.67087602252 * BlockSize_4;12.5186337006687;12.5186337006687;12.5186337006687;12.5186337006687;1.577208;13;3633.67087602252 * BlockSize_4;1;1.01825456245974;
11;11190.5313319037 * CompressionMethod + -5030.81486776268 * x_2 + -7766.98355968549 * x_4 + -4307.21864824081 * tmOff + 12630.3248351998 * x_10 + 3340.29227225797 * Files_20 + 14906.3950440791 * Files_20 * LZMA + -4263.28766579304 * BlockSize_8 + 7976.36248113732 * x_10 * tmOff + 1246.57533158605 * LZMA + 3633.67087602258 * BlockSize_4 + -4263.28766579304 * BlockSize_8 * LZMA;11.1694543689829;11.1694543689829;11.1694543689829;11.1694543689829;2.003065;15;-4263.28766579304 * BlockSize_8 * LZMA;2;0.674589665842896;
12;11190.5313319037 * CompressionMethod + -5030.81486776269 * x_2 + -7766.9835596855 * x_4 + -4307.21864824083 * tmOff + 12630.3248351998 * x_10 + 3340.29227225797 * Files_20 + 14906.3950440791 * Files_20 * LZMA + -2842.19177719536 * BlockSize_8 + 7976.36248113735 * x_10 * tmOff + 1246.57533158607 * LZMA + 3633.6708760226 * BlockSize_4 + -2842.19177719536 * BlockSize_8 * LZMA + -2842.19177719536 * BlockSize_8 * filterOff;10.5898933524091;10.5898933524091;10.5898933524091;10.5898933524091;2.525217;17;-2842.19177719536 * BlockSize_8 * filterOff;2;0.289780508286901;
Elapsed=00:00:02.5255711
Learning progress:
1;11356.8965517241 * CompressionMethod + -8846.89655172414 * BlockSize_1024;114.711352653924;114.711352653924;114.711352653924;114.711352653924;0.007393;2;-8846.89655172414 * BlockSize_1024;1;205.02520598467;
2;7521.90635451505 * CompressionMethod + -8719.06354515051 * BlockSize_1024 + 5560.73578595318 * filterOff;86.2899823370832;86.2899823370832;86.2899823370832;86.2899823370832;0.027698;3;5560.73578595318 * filterOff;1;28.4213703168413;
3;5792.73409893992 * CompressionMethod + -9013.14045936395 * BlockSize_1024 + 5078.44964664312 * filterOff + 3517.15989399293 * HeaderCompressionOff;52.0292062157222;52.0292062157222;52.0292062157222;52.0292062157222;0.065736;4;3517.15989399293 * HeaderCompressionOff;1;34.260776121361;
4;3494.97700562084 * CompressionMethod + -8481.73735309147 * BlockSize_1024 + 6627.75166070517 * filterOff + 4617.38886050077 * HeaderCompressionOff + 16945.0229943792 * Files_50;38.9670789884693;38.9670789884693;38.9670789884693;38.9670789884693;0.128526;5;16945.0229943792 * Files_50;1;13.0621272272529;
5;2548.794489093 * CompressionMethod + -7526.67049368542 * BlockSize_1024 + 6840.97588978187 * filterOff + 4390.83811710678 * HeaderCompressionOff + 17891.205510907 * Files_50 + 8693.32950631459 * x_8;29.2320887973568;29.2320887973568;29.2320887973568;29.2320887973568;0.215387;6;8693.32950631459 * x_8;1;9.73499019111252;
6;2108.88535031848 * CompressionMethod + -7420.54140127388 * BlockSize_1024 + 7297.89808917197 * filterOff + 4434.58598726115 * HeaderCompressionOff + 18331.1146496815 * Files_50 + 8093.82165605094 * x_8 + 2116.91082802548 * BlockSize_1;27.7169238245554;27.7169238245554;27.7169238245554;27.7169238245554;0.336749;7;2116.91082802548 * BlockSize_1;1;1.51516497280141;
7;1667.39675016925 * CompressionMethod + -8159.90182802979 * BlockSize_1024 + 8111.72647257957 * filterOff + 5392.03114421124 * HeaderCompressionOff + 18772.6032498308 * Files_50 + 7221.4827352742 * x_8 + 2515.84631008803 * BlockSize_1 + -9186.15436696007 * BlockSize_64;25.9792133921251;25.9792133921251;25.9792133921251;25.9792133921251;0.495142;8;-9186.15436696007 * BlockSize_64;1;1.73771043243029;
8;1941.05442176872 * CompressionMethod + -8334.04761904762 * BlockSize_1024 + 8397.82312925169 * filterOff + 4956.66666666666 * HeaderCompressionOff + 18498.9455782313 * Files_50 + 7034.89795918368 * x_8 + 7802.41496598639 * BlockSize_1 + -6685.91836734694 * BlockSize_64 + -5249.25170068028 * Files_30;23.6527936564602;23.6527936564602;23.6527936564602;23.6527936564602;0.696777;9;-5249.25170068028 * Files_30;1;2.32641973566489;
9;1685.60769656698 * CompressionMethod + -8930.0899778516 * BlockSize_1024 + 9079.01439645627 * filterOff + 5552.70902547066 * HeaderCompressionOff + 18754.392303433 * Files_50 + 9674.51411960133 * x_8 + 9505.39313399782 * BlockSize_1 + -2002.7284053156 * BlockSize_64 + -8314.6124031008 * Files_30 + -8344.59302325582 * HeaderCompressionOff * Files_90;18.3873983304196;18.3873983304196;18.3873983304196;18.3873983304196;0.952413;11;-8344.59302325582 * HeaderCompressionOff * Files_90;2;2.63269766302029;
10;1739.64875681201 * CompressionMethod + -8978.05900885558 * BlockSize_1024 + 9152.48595027248 * filterOff + 5470.12942779292 * HeaderCompressionOff + 18700.351243188 * Files_50 + 12814.9676430518 * x_8 + 10668.1867336512 * BlockSize_1 + -1070.06471389646 * BlockSize_64 + -8867.1670640327 * Files_30 + -9747.23177792915 * HeaderCompressionOff * Files_90 + -4386.43392370575 * x_8 * mtOff;16.7071479146095;16.7071479146095;16.7071479146095;16.7071479146095;1.278547;13;-4386.43392370575 * x_8 * mtOff;2;0.840125207905063;
11;1739.64875681199 * CompressionMethod + -8978.0590088556 * BlockSize_1024 + 9152.48595027248 * filterOff + 5470.12942779292 * HeaderCompressionOff + 18700.351243188 * Files_50 + 12814.9676430518 * x_8 + 10668.1867336512 * BlockSize_1 + -535.032356948235 * BlockSize_64 + -8867.16706403269 * Files_30 + -9747.23177792919 * HeaderCompressionOff * Files_90 + -4386.43392370577 * x_8 * mtOff + -535.03235694823 * BlockSize_64 * filterOff;16.7071479146092;16.7071479146092;16.7071479146092;16.7071479146092;1.67736;15;-535.03235694823 * BlockSize_64 * filterOff;2;1.70530256582424E-13;
Elapsed=00:00:01.6776546
Learning progress:
1;12704.6153846154 * CompressionMethod + -8132.61538461538 * x_0;155.05748921056;155.05748921056;155.05748921056;155.05748921056;0.00612;2;-8132.61538461538 * x_0;1;95.8113075632079;
2;14498.6363636364 * CompressionMethod + -9926.63636363638 * x_0 + -11661.1363636364 * x_4;97.6994024186794;97.6994024186794;97.6994024186794;97.6994024186794;0.026883;3;-11661.1363636364 * x_4;1;57.3580867918809;
3;19628 * CompressionMethod + -15056 * x_0 + -16790.5 * x_4 + -16120.8571428571 * x_2;53.0203807411209;53.0203807411209;53.0203807411209;53.0203807411209;0.070346;4;-16120.8571428571 * x_2;1;44.6790216775585;
4;19101.0220955096 * CompressionMethod + -16109.9558089808 * x_0 + -18239.6892373486 * x_4 + -16723.1176051319 * x_2 + 7904.66856735566 * BlockSize_4096;35.1570378148874;35.1570378148874;35.1570378148874;35.1570378148874;0.132553;5;7904.66856735566 * BlockSize_4096;1;17.8633429262335;
5;19040.1142857143 * CompressionMethod + -16231.7714285714 * x_0 + -17150.5142857143 * x_4 + -16074.6285714286 * x_2 + 8818.28571428573 * BlockSize_4096 + -5026.68571428572 * Files_80;30.268367023845;30.268367023845;30.268367023845;30.268367023845;0.225465;6;-5026.68571428572 * Files_80;1;4.88867079104241;
6;19043.9165154265 * CompressionMethod + -16046.7295825772 * x_0 + -17145.444646098 * x_4 + -16073.3611615245 * x_2 + 8761.25226860255 * BlockSize_4096 + -5005.13974591652 * Files_80 + -887.186932849352 * Files_40;28.3564983401042;28.3564983401042;28.3564983401042;28.3564983401042;0.346753;7;-887.186932849352 * Files_40;1;1.91186868374077;
7;19043.9165154265 * CompressionMethod + -16046.7295825771 * x_0 + -17145.444646098 * x_4 + -16073.3611615245 * x_2 + 8761.25226860255 * BlockSize_4096 + -5005.13974591652 * Files_80 + -443.593466424668 * Files_40 + -443.593466424668 * x_0 * Deflate;26.7883653281391;26.7883653281391;26.7883653281391;26.7883653281391;0.505048;9;-443.593466424668 * x_0 * Deflate;2;0.784066505982542;
8;19043.9165154265 * CompressionMethod + -16046.7295825771 * x_0 + -17145.444646098 * x_4 + -16073.3611615245 * x_2 + 8761.25226860256 * BlockSize_4096 + -2502.56987295827 * Files_80 + -443.59346642468 * Files_40 + -443.593466424677 * x_0 * Deflate + -2502.56987295827 * Files_80 * Deflate;25.2405116214605;25.2405116214605;25.2405116214605;25.2405116214605;0.717294;11;-2502.56987295827 * Files_80 * Deflate;2;0.773926853339324;
9;18941.8657491561 * CompressionMethod + -15952.8356271098 * x_0 + -17048.4692287717 * x_4 + -15974.2105946507 * x_2 + 8793.87951181512 * BlockSize_4096 + -2508.73279667622 * Files_80 + -439.515061023088 * Files_40 + -439.515061023088 * x_0 * Deflate + -2508.73279667622 * Files_80 * Deflate + 1498.13425084387 * Files_50;25.0666359184397;25.0666359184397;25.0666359184397;25.0666359184397;0.986066;12;1498.13425084387 * Files_50;1;0.173875703020755;
10;18941.5376401495 * CompressionMethod + -15911.5376401495 * x_0 + -17048.8556682684 * x_4 + -15974.2907990746 * x_2 + 8798.47303790709 * BlockSize_4096 + -2509.60046271579 * Files_80 + -459.999999999982 * Files_40 + -459.999999999979 * x_0 * Deflate + -2509.60046271579 * Files_80 * Deflate + 1498.46235985048 * Files_50 + -56.1576793023349 * x_0 * BZip2;24.8167675698892;24.8167675698892;24.8167675698892;24.8167675698892;1.321597;14;-56.1576793023349 * x_0 * BZip2;2;0.124934174275282;
11;18939.0951374207 * CompressionMethod + -15909.0951374207 * x_0 + -17077.1479915434 * x_4 + -16152.7970401692 * x_2 + 8832.66807610994 * BlockSize_4096 + -2465.22832980972 * Files_80 + -460.00000000001 * Files_40 + -460.000000000009 * x_0 * Deflate + -2465.22832980972 * Files_80 * Deflate + 1500.90486257924 * Files_50 + -67.5560253700135 * x_0 * BZip2 + 1143.70190274839 * x_2 * BlockSize_32;24.6282435855952;24.6282435855952;24.6282435855952;24.6282435855952;1.731034;16;1143.70190274839 * x_2 * BlockSize_32;2;0.0942619921469614;
Elapsed=00:00:01.7313222
Learning progress:
1;6555.38461538461 * CompressionMethod + 12394.6153846154 * x_8;90.3753896573691;90.3753896573691;90.3753896573691;90.3753896573691;0.006173;2;12394.6153846154 * x_8;1;49.5388883756638;
2;5179.52380952381 * CompressionMethod + 13770.4761904762 * x_8 + 7154.47619047619 * x_10;63.6535757850141;63.6535757850141;63.6535757850141;63.6535757850141;0.025539;3;7154.47619047619 * x_10;1;26.721813872355;
3;5287.66304347825 * CompressionMethod + 14116.5217391304 * x_8 + 7046.33695652174 * x_10 + -2270.92391304349 * BlockSize_32;50.3947916532111;50.3947916532111;50.3947916532111;50.3947916532111;0.061949;4;-2270.92391304349 * BlockSize_32;1;13.258784131803;
4;5556.58597662771 * CompressionMethod + 13877.4791318865 * x_8 + 7327.21202003338 * x_10 + -2420.32554257095 * BlockSize_32 + -2748.98998330551 * BlockSize_512;44.2531538865537;44.2531538865537;44.2531538865537;44.2531538865537;0.123138;5;-2748.98998330551 * BlockSize_512;1;6.14163776665746;
5;5792.43470149253 * CompressionMethod + 13667.8358208955 * x_8 + 7125.05597014926 * x_10 + -2551.3526119403 * BlockSize_32 + -2917.45335820895 * BlockSize_512 + -2242.43470149253 * BlockSize_4096;37.1580160276262;37.1580160276262;37.1580160276262;37.1580160276262;0.212058;6;-2242.43470149253 * BlockSize_4096;1;7.09513785892748;
6;5875.17241379311 * CompressionMethod + 13242.3275862069 * x_8 + 7054.13793103448 * x_10 + -837.500000000015 * BlockSize_32 + -2976.55172413793 * BlockSize_512 + -2325.1724137931 * BlockSize_4096 + -3167.67241379308 * BlockSize_32 * Deflate;32.9893712687873;32.9893712687873;32.9893712687873;32.9893712687873;0.340432;8;-3167.67241379308 * BlockSize_32 * Deflate;2;2.08432237941946;
7;6018.48214285714 * CompressionMethod + 13692.7295918367 * x_8 + 6931.30102040816 * x_10 + -1431.21173469387 * BlockSize_32 + -3078.91581632653 * BlockSize_512 + -2468.48214285715 * BlockSize_4096 + -2717.27040816327 * BlockSize_32 * Deflate + -2374.8469387755 * BlockSize_1;31.172895075669;31.172895075669;31.172895075669;31.172895075669;0.521554;9;-2374.8469387755 * BlockSize_1;1;1.81647619311821;
8;6138.52355072464 * CompressionMethod + 13589.8369565217 * x_8 + 7188.53260869565 * x_10 + -1448.36050724637 * BlockSize_32 + -3284.70108695652 * BlockSize_512 + -2588.52355072463 * BlockSize_4096 + -2820.16304347826 * BlockSize_32 * Deflate + -2443.44202898551 * BlockSize_1 + -840.289855072453 * Files_60;29.5198279324025;29.5198279324025;29.5198279324025;29.5198279324025;0.742392;10;-840.289855072453 * Files_60;1;1.65306714326652;
9;5995.21166134186 * CompressionMethod + 13712.6757188498 * x_8 + 13944.6645367412 * x_10 + -1427.8873801917 * BlockSize_32 + -1626.37779552716 * BlockSize_512 + -2445.21166134186 * BlockSize_4096 + -2697.32428115014 * BlockSize_32 * Deflate + -2361.54952076678 * BlockSize_1 + -1249.75239616614 * Files_60 + -11301.1661341853 * x_10 * PPMd;27.6047904351607;27.6047904351607;27.6047904351607;27.6047904351607;1.021743;12;-11301.1661341853 * x_10 * PPMd;2;0.957518748620906;
10;6931.92580049261 * CompressionMethod + 13877.0874384236 * x_8 + 13507.6754926108 * x_10 + -2529.01323891627 * BlockSize_32 + -1438.16964285714 * BlockSize_512 + -2027.69242610837 * BlockSize_4096 + -2532.91256157636 * BlockSize_32 * Deflate + -2703.35283251232 * BlockSize_1 + -894.969211822664 * Files_60 + -11530.4772167488 * x_10 * PPMd + -1354.23337438423 * tmOff;24.0188018229397;24.0188018229397;24.0188018229397;24.0188018229397;1.379016;13;-1354.23337438423 * tmOff;1;3.58598861222107;
11;6911.29648241206 * CompressionMethod + 13852.5552763819 * x_8 + 13477.567839196 * x_10 + -2483.85175879397 * BlockSize_32 + -775.243718592963 * BlockSize_512 + -2066.16331658291 * BlockSize_4096 + -2557.44472361808 * BlockSize_32 * Deflate + -2700.00753768842 * BlockSize_1 + -852.595477386926 * Files_60 + -11734.5402010051 * x_10 * PPMd + -1295.13316582915 * tmOff + -1810.91959798997 * BlockSize_512 * filterOff;20.7599344128676;20.7599344128676;20.7599344128676;20.7599344128676;1.805363;15;-1810.91959798997 * BlockSize_512 * filterOff;2;1.62943370503601;
12;6928.61921708185 * CompressionMethod + 13539.3024911032 * x_8 + 13471.7935943061 * x_10 + -2187.92170818505 * BlockSize_32 + -765.138790035591 * BlockSize_512 + -2041.62277580072 * BlockSize_4096 + -2870.69750889678 * BlockSize_32 * Deflate + -2539.77224199288 * BlockSize_1 + -833.829181494654 * Files_60 + -11741.7580071174 * x_10 * PPMd + -1336.99644128115 * tmOff + -1796.48398576512 * BlockSize_512 * filterOff + 1149.07473309609 * x_8 * BlockSize_16;19.7135864079506;19.7135864079506;19.7135864079506;19.7135864079506;2.3384;17;1149.07473309609 * x_8 * BlockSize_16;2;0.52317400245852;
13;6901.84261868631 * CompressionMethod + 13596.1814437459 * x_8 + 13496.6941252981 * x_10 + -2218.02406243227 * BlockSize_32 + -712.864730110548 * BlockSize_512 + -1955.75005419466 * BlockSize_4096 + -2813.81855625404 * BlockSize_32 * Deflate + -2511.88705831346 * BlockSize_1 + -770.980923477131 * Files_60 + -11758.5573379579 * x_10 * PPMd + -1396.09256449165 * tmOff + -1762.88532408411 * BlockSize_512 * filterOff + 1178.0685020594 * x_8 * BlockSize_16 + 479.249945805345 * BlockSize_64;19.5938165079921;19.5938165079921;19.5938165079921;19.5938165079921;2.967425;18;479.249945805345 * BlockSize_64;1;0.119769899958463;
14;6901.84261868633 * CompressionMethod + 13596.1814437459 * x_8 + 13496.6941252981 * x_10 + -2218.02406243226 * BlockSize_32 + -712.864730110555 * BlockSize_512 + -1955.75005419466 * BlockSize_4096 + -2813.81855625405 * BlockSize_32 * Deflate + -2511.88705831346 * BlockSize_1 + -770.98092347713 * Files_60 + -11758.557337958 * x_10 * PPMd + -1396.09256449166 * tmOff + -881.442662042055 * BlockSize_512 * filterOff + 1178.06850205939 * x_8 * BlockSize_16 + 479.24994580534 * BlockSize_64 + -881.442662042056 * BlockSize_512 * filterOff * tmOff;19.4150103853771;19.4150103853771;19.4150103853771;19.4150103853771;3.680436;21;-881.442662042056 * BlockSize_512 * filterOff * tmOff;3;0.0596020408716787;
Elapsed=00:00:03.6808357
Learning progress:
1;6886.08695652174 * CompressionMethod + 16881.4130434783 * x_10;83.6915996072685;83.6915996072685;83.6915996072685;83.6915996072685;0.005704;2;16881.4130434783 * x_10;1;103.416788236654;
2;5045.49999999999 * CompressionMethod + 18722 * x_10 + 14111.1666666667 * x_8;43.7190444485273;43.7190444485273;43.7190444485273;43.7190444485273;0.025239;3;14111.1666666667 * x_8;1;39.9725551587412;
3;3302.50000000001 * CompressionMethod + 20465 * x_10 + 15854.1666666667 * x_8 + 8715.00000000001 * x_6;28.3567413215888;28.3567413215888;28.3567413215888;28.3567413215888;0.061306;4;8715.00000000001 * x_6;1;15.3623031269386;
4;3302.5 * CompressionMethod + 20465 * x_10 + 16280.5 * x_8 + 9354.5 * x_6 + -1279 * Files_20;23.2996943222797;23.2996943222797;23.2996943222797;23.2996943222797;0.12018;5;-1279 * Files_20;1;5.05704699930907;
5;3302.5 * CompressionMethod + 20465 * x_10 + 16280.5 * x_8 + 4677.25 * x_6 + -1279.00000000001 * Files_20 + 4677.25 * x_6 * HeaderCompressionOff;15.8613196403459;15.8613196403459;15.8613196403459;15.8613196403459;0.206659;7;4677.25 * x_6 * HeaderCompressionOff;2;3.7191873409669;
6;3530.83333333334 * CompressionMethod + 20236.6666666667 * x_10 + 16052.1666666667 * x_8 + 4563.08333333334 * x_6 + -1279.00000000001 * Files_20 + 4563.08333333334 * x_6 * HeaderCompressionOff + -913.33333333334 * x_4;13.4874844995803;13.4874844995803;13.4874844995803;13.4874844995803;0.336061;8;-913.33333333334 * x_4;1;2.37383514076559;
7;3530.83333333333 * CompressionMethod + 20236.6666666667 * x_10 + 16052.1666666667 * x_8 + 4563.08333333334 * x_6 + -1278.99999999997 * Files_20 + 4563.08333333334 * x_6 * HeaderCompressionOff + -664.166666666656 * x_4 + -996.666666666661 * Files_10;13.4155148026108;13.4155148026108;13.4155148026108;13.4155148026108;0.501305;9;-996.666666666661 * Files_10;1;0.071969696969532;
Elapsed=00:00:00.5015504
Learning progress:
1;12775.3846153846 * CompressionMethod + -9393.38461538462 * x_2;80.5361333140554;80.5361333140554;80.5361333140554;80.5361333140554;0.006403;2;-9393.38461538462 * x_2;1;167.328325556214;
2;14645.4545454545 * CompressionMethod + -11263.4545454546 * x_2 + -12155.4545454546 * x_4;51.3302862485845;51.3302862485845;51.3302862485845;51.3302862485845;0.028523;3;-12155.4545454546 * x_4;1;29.2058470654708;
3;16289.3233082707 * CompressionMethod + -10496.3157894737 * x_2 + -12292.4436090226 * x_4 + -3013.75939849624 * tmOff;37.2581986989226;37.2581986989226;37.2581986989226;37.2581986989226;0.067195;4;-3013.75939849624 * tmOff;1;14.0720875496619;
4;10875.3975903614 * CompressionMethod + -6368.86746987952 * x_2 + -7682.56626506025 * x_4 + -1405.6626506024 * tmOff + 14258.4578313253 * x_10;29.6919161228151;29.6919161228151;29.6919161228151;29.6919161228151;0.13428;5;14258.4578313253 * x_10;1;7.5662825761075;
5;10539.7885196375 * CompressionMethod + -6207.64350453171 * x_2 + -6943.89728096676 * x_4 + -2211.78247734139 * tmOff + 14939.5468277946 * x_10 + 4096.40483383687 * Files_20;23.6668948377808;23.6668948377808;23.6668948377808;23.6668948377808;0.227873;6;4096.40483383687 * Files_20;1;6.02502128503428;
6;10445.5895578316 * CompressionMethod + -5702.76417686733 * x_2 + -6821.23532350736 * x_4 + -2268.70846864851 * tmOff + 15058.1426430177 * x_10 + 2270.70696977269 * Files_20 + 7402.41194104423 * Files_20 * LZMA;19.852622333232;19.852622333232;19.852622333232;19.852622333232;0.356895;8;7402.41194104423 * Files_20 * LZMA;2;1.90713625227442;
7;10277.0123839009 * CompressionMethod + -5770.19504643963 * x_2 + -6817.48916408669 * x_4 + -1939.04643962848 * tmOff + 15621.0030959753 * x_10 + 2132.09907120742 * Files_20 + 11128.9040247678 * Files_20 * LZMA + -3748.96904024767 * BlockSize_8;17.7963592904964;17.7963592904964;17.7963592904964;17.7963592904964;0.535678;9;-3748.96904024767 * BlockSize_8;1;2.05626304273556;
8;11031.864608076 * CompressionMethod + -5468.2541567696 * x_2 + -6834.26365795725 * x_4 + -3415.20190023753 * tmOff + 13100.635391924 * x_10 + 2752.75534441806 * Files_20 + 14760.5819477435 * Files_20 * LZMA + -7279.99999999997 * BlockSize_8 + 6772.70190023752 * x_10 * tmOff;15.7246653133639;15.7246653133639;15.7246653133639;15.7246653133639;0.776039;11;6772.70190023752 * x_10 * tmOff;2;1.03584698856624;
9;11012.1827613727 * CompressionMethod + -5268.97545889864 * x_2 + -6845.33469672784 * x_4 + -3698.94852354351 * tmOff + 12947.6910415004 * x_10 + 2989.75758180366 * Files_20 + 14827.0081803671 * Files_20 * LZMA + -7970.50478850757 * BlockSize_8 + 7229.07472067041 * x_10 * tmOff + 690.504788507568 * LZMA;13.5368882631285;13.5368882631285;13.5368882631285;13.5368882631285;1.078007;12;690.504788507568 * LZMA;1;2.18777705023548;
10;11190.5313319037 * CompressionMethod + -5030.81486776269 * x_2 + -7766.98355968549 * x_4 + -4307.21864824079 * tmOff + 12630.3248351998 * x_10 + 3340.29227225796 * Files_20 + 14906.3950440791 * Files_20 * LZMA + -8526.57533158606 * BlockSize_8 + 7976.3624811373 * x_10 * tmOff + 1246.57533158606 * LZMA + 3633.67087602252 * BlockSize_4;12.5186337006687;12.5186337006687;12.5186337006687;12.5186337006687;1.44797;13;3633.67087602252 * BlockSize_4;1;1.01825456245974;
11;11190.5313319037 * CompressionMethod + -5030.81486776268 * x_2 + -7766.98355968549 * x_4 + -4307.21864824081 * tmOff + 12630.3248351998 * x_10 + 3340.29227225797 * Files_20 + 14906.3950440791 * Files_20 * LZMA + -4263.28766579304 * BlockSize_8 + 7976.36248113732 * x_10 * tmOff + 1246.57533158605 * LZMA + 3633.67087602258 * BlockSize_4 + -4263.28766579304 * BlockSize_8 * LZMA;11.1694543689829;11.1694543689829;11.1694543689829;11.1694543689829;1.883629;15;-4263.28766579304 * BlockSize_8 * LZMA;2;0.674589665842896;
12;11190.5313319037 * CompressionMethod + -5030.81486776269 * x_2 + -7766.9835596855 * x_4 + -4307.21864824083 * tmOff + 12630.3248351998 * x_10 + 3340.29227225797 * Files_20 + 14906.3950440791 * Files_20 * LZMA + -2842.19177719536 * BlockSize_8 + 7976.36248113735 * x_10 * tmOff + 1246.57533158607 * LZMA + 3633.6708760226 * BlockSize_4 + -2842.19177719536 * BlockSize_8 * LZMA + -2842.19177719536 * BlockSize_8 * filterOff;10.5898933524091;10.5898933524091;10.5898933524091;10.5898933524091;2.411259;17;-2842.19177719536 * BlockSize_8 * filterOff;2;0.289780508286901;
13;11186.7269667648 * CompressionMethod + -5000.58897770299 * x_2 + -7764.97686159023 * x_4 + -4290.67732435843 * tmOff + 12636.9162810265 * x_10 + 3317.48001682793 * Files_20 + 14741.0096760623 * Files_20 * LZMA + -2779.98878137709 * BlockSize_8 + 7957.03407656709 * x_10 * tmOff + 1235.42700883465 * LZMA + 3618.92721918382 * BlockSize_4 + -2779.98878137708 * BlockSize_8 * LZMA + -2779.98878137708 * BlockSize_8 * filterOff + -175.460664703412 * tmOff * Files_80;10.4432463299413;10.4432463299413;10.4432463299413;10.4432463299413;3.034299;19;-175.460664703412 * tmOff * Files_80;2;0.0733235112339292;
Elapsed=00:00:03.0346642
Learning progress:
1;11356.8965517241 * CompressionMethod + -8846.89655172414 * BlockSize_1024;114.711352653924;114.711352653924;114.711352653924;114.711352653924;0.007158;2;-8846.89655172414 * BlockSize_1024;1;205.02520598467;
2;7521.90635451505 * CompressionMethod + -8719.06354515051 * BlockSize_1024 + 5560.73578595318 * filterOff;86.2899823370832;86.2899823370832;86.2899823370832;86.2899823370832;0.026684;3;5560.73578595318 * filterOff;1;28.4213703168413;
3;5792.73409893992 * CompressionMethod + -9013.14045936395 * BlockSize_1024 + 5078.44964664312 * filterOff + 3517.15989399293 * HeaderCompressionOff;52.0292062157222;52.0292062157222;52.0292062157222;52.0292062157222;0.066639;4;3517.15989399293 * HeaderCompressionOff;1;34.260776121361;
4;3494.97700562084 * CompressionMethod + -8481.73735309147 * BlockSize_1024 + 6627.75166070517 * filterOff + 4617.38886050077 * HeaderCompressionOff + 16945.0229943792 * Files_50;38.9670789884693;38.9670789884693;38.9670789884693;38.9670789884693;0.131616;5;16945.0229943792 * Files_50;1;13.0621272272529;
5;2548.794489093 * CompressionMethod + -7526.67049368542 * BlockSize_1024 + 6840.97588978187 * filterOff + 4390.83811710678 * HeaderCompressionOff + 17891.205510907 * Files_50 + 8693.32950631459 * x_8;29.2320887973568;29.2320887973568;29.2320887973568;29.2320887973568;0.22143;6;8693.32950631459 * x_8;1;9.73499019111252;
6;2108.88535031848 * CompressionMethod + -7420.54140127388 * BlockSize_1024 + 7297.89808917197 * filterOff + 4434.58598726115 * HeaderCompressionOff + 18331.1146496815 * Files_50 + 8093.82165605094 * x_8 + 2116.91082802548 * BlockSize_1;27.7169238245554;27.7169238245554;27.7169238245554;27.7169238245554;0.345523;7;2116.91082802548 * BlockSize_1;1;1.51516497280141;
7;1667.39675016925 * CompressionMethod + -8159.90182802979 * BlockSize_1024 + 8111.72647257957 * filterOff + 5392.03114421124 * HeaderCompressionOff + 18772.6032498308 * Files_50 + 7221.4827352742 * x_8 + 2515.84631008803 * BlockSize_1 + -9186.15436696007 * BlockSize_64;25.9792133921251;25.9792133921251;25.9792133921251;25.9792133921251;0.507821;8;-9186.15436696007 * BlockSize_64;1;1.73771043243029;
8;1941.05442176872 * CompressionMethod + -8334.04761904762 * BlockSize_1024 + 8397.82312925169 * filterOff + 4956.66666666666 * HeaderCompressionOff + 18498.9455782313 * Files_50 + 7034.89795918368 * x_8 + 7802.41496598639 * BlockSize_1 + -6685.91836734694 * BlockSize_64 + -5249.25170068028 * Files_30;23.6527936564602;23.6527936564602;23.6527936564602;23.6527936564602;0.715176;9;-5249.25170068028 * Files_30;1;2.32641973566489;
9;1685.60769656698 * CompressionMethod + -8930.0899778516 * BlockSize_1024 + 9079.01439645627 * filterOff + 5552.70902547066 * HeaderCompressionOff + 18754.392303433 * Files_50 + 9674.51411960133 * x_8 + 9505.39313399782 * BlockSize_1 + -2002.7284053156 * BlockSize_64 + -8314.6124031008 * Files_30 + -8344.59302325582 * HeaderCompressionOff * Files_90;18.3873983304196;18.3873983304196;18.3873983304196;18.3873983304196;0.976314;11;-8344.59302325582 * HeaderCompressionOff * Files_90;2;2.63269766302029;
10;1739.64875681201 * CompressionMethod + -8978.05900885558 * BlockSize_1024 + 9152.48595027248 * filterOff + 5470.12942779292 * HeaderCompressionOff + 18700.351243188 * Files_50 + 12814.9676430518 * x_8 + 10668.1867336512 * BlockSize_1 + -1070.06471389646 * BlockSize_64 + -8867.1670640327 * Files_30 + -9747.23177792915 * HeaderCompressionOff * Files_90 + -4386.43392370575 * x_8 * mtOff;16.7071479146095;16.7071479146095;16.7071479146095;16.7071479146095;1.307302;13;-4386.43392370575 * x_8 * mtOff;2;0.840125207905063;
11;1739.64875681199 * CompressionMethod + -8978.0590088556 * BlockSize_1024 + 9152.48595027248 * filterOff + 5470.12942779292 * HeaderCompressionOff + 18700.351243188 * Files_50 + 12814.9676430518 * x_8 + 10668.1867336512 * BlockSize_1 + -535.032356948235 * BlockSize_64 + -8867.16706403269 * Files_30 + -9747.23177792919 * HeaderCompressionOff * Files_90 + -4386.43392370577 * x_8 * mtOff + -535.03235694823 * BlockSize_64 * filterOff;16.7071479146092;16.7071479146092;16.7071479146092;16.7071479146092;1.843553;15;-535.03235694823 * BlockSize_64 * filterOff;2;1.70530256582424E-13;
Elapsed=00:00:01.8438510
Learning progress:
1;12704.6153846154 * CompressionMethod + -8132.61538461538 * x_0;155.05748921056;155.05748921056;155.05748921056;155.05748921056;0.006846;2;-8132.61538461538 * x_0;1;95.8113075632079;
2;14498.6363636364 * CompressionMethod + -9926.63636363638 * x_0 + -11661.1363636364 * x_4;97.6994024186794;97.6994024186794;97.6994024186794;97.6994024186794;0.027199;3;-11661.1363636364 * x_4;1;57.3580867918809;
3;19628 * CompressionMethod + -15056 * x_0 + -16790.5 * x_4 + -16120.8571428571 * x_2;53.0203807411209;53.0203807411209;53.0203807411209;53.0203807411209;0.067221;4;-16120.8571428571 * x_2;1;44.6790216775585;
4;19101.0220955096 * CompressionMethod + -16109.9558089808 * x_0 + -18239.6892373486 * x_4 + -16723.1176051319 * x_2 + 7904.66856735566 * BlockSize_4096;35.1570378148874;35.1570378148874;35.1570378148874;35.1570378148874;0.130459;5;7904.66856735566 * BlockSize_4096;1;17.8633429262335;
5;19040.1142857143 * CompressionMethod + -16231.7714285714 * x_0 + -17150.5142857143 * x_4 + -16074.6285714286 * x_2 + 8818.28571428573 * BlockSize_4096 + -5026.68571428572 * Files_80;30.268367023845;30.268367023845;30.268367023845;30.268367023845;0.221385;6;-5026.68571428572 * Files_80;1;4.88867079104241;
6;19043.9165154265 * CompressionMethod + -16046.7295825772 * x_0 + -17145.444646098 * x_4 + -16073.3611615245 * x_2 + 8761.25226860255 * BlockSize_4096 + -5005.13974591652 * Files_80 + -887.186932849352 * Files_40;28.3564983401042;28.3564983401042;28.3564983401042;28.3564983401042;0.345952;7;-887.186932849352 * Files_40;1;1.91186868374077;
7;19043.9165154265 * CompressionMethod + -16046.7295825771 * x_0 + -17145.444646098 * x_4 + -16073.3611615245 * x_2 + 8761.25226860255 * BlockSize_4096 + -5005.13974591652 * Files_80 + -443.593466424668 * Files_40 + -443.593466424668 * x_0 * Deflate;26.7883653281391;26.7883653281391;26.7883653281391;26.7883653281391;0.507285;9;-443.593466424668 * x_0 * Deflate;2;0.784066505982542;
8;19043.9165154265 * CompressionMethod + -16046.7295825771 * x_0 + -17145.444646098 * x_4 + -16073.3611615245 * x_2 + 8761.25226860256 * BlockSize_4096 + -2502.56987295827 * Files_80 + -443.59346642468 * Files_40 + -443.593466424677 * x_0 * Deflate + -2502.56987295827 * Files_80 * Deflate;25.2405116214605;25.2405116214605;25.2405116214605;25.2405116214605;0.720124;11;-2502.56987295827 * Files_80 * Deflate;2;0.773926853339324;
9;18941.8657491561 * CompressionMethod + -15952.8356271098 * x_0 + -17048.4692287717 * x_4 + -15974.2105946507 * x_2 + 8793.87951181512 * BlockSize_4096 + -2508.73279667622 * Files_80 + -439.515061023088 * Files_40 + -439.515061023088 * x_0 * Deflate + -2508.73279667622 * Files_80 * Deflate + 1498.13425084387 * Files_50;25.0666359184397;25.0666359184397;25.0666359184397;25.0666359184397;0.993843;12;1498.13425084387 * Files_50;1;0.173875703020755;
Elapsed=00:00:00.9941161
Learning progress:
1;6555.38461538461 * CompressionMethod + 12394.6153846154 * x_8;90.3753896573691;90.3753896573691;90.3753896573691;90.3753896573691;0.007854;2;12394.6153846154 * x_8;1;49.5388883756638;
2;5179.52380952381 * CompressionMethod + 13770.4761904762 * x_8 + 7154.47619047619 * x_10;63.6535757850141;63.6535757850141;63.6535757850141;63.6535757850141;0.026988;3;7154.47619047619 * x_10;1;26.721813872355;
3;5287.66304347825 * CompressionMethod + 14116.5217391304 * x_8 + 7046.33695652174 * x_10 + -2270.92391304349 * BlockSize_32;50.3947916532111;50.3947916532111;50.3947916532111;50.3947916532111;0.065178;4;-2270.92391304349 * BlockSize_32;1;13.258784131803;
4;5556.58597662771 * CompressionMethod + 13877.4791318865 * x_8 + 7327.21202003338 * x_10 + -2420.32554257095 * BlockSize_32 + -2748.98998330551 * BlockSize_512;44.2531538865537;44.2531538865537;44.2531538865537;44.2531538865537;0.126754;5;-2748.98998330551 * BlockSize_512;1;6.14163776665746;
5;5792.43470149253 * CompressionMethod + 13667.8358208955 * x_8 + 7125.05597014926 * x_10 + -2551.3526119403 * BlockSize_32 + -2917.45335820895 * BlockSize_512 + -2242.43470149253 * BlockSize_4096;37.1580160276262;37.1580160276262;37.1580160276262;37.1580160276262;0.216017;6;-2242.43470149253 * BlockSize_4096;1;7.09513785892748;
6;5875.17241379311 * CompressionMethod + 13242.3275862069 * x_8 + 7054.13793103448 * x_10 + -837.500000000015 * BlockSize_32 + -2976.55172413793 * BlockSize_512 + -2325.1724137931 * BlockSize_4096 + -3167.67241379308 * BlockSize_32 * Deflate;32.9893712687873;32.9893712687873;32.9893712687873;32.9893712687873;0.344782;8;-3167.67241379308 * BlockSize_32 * Deflate;2;2.08432237941946;
7;6018.48214285714 * CompressionMethod + 13692.7295918367 * x_8 + 6931.30102040816 * x_10 + -1431.21173469387 * BlockSize_32 + -3078.91581632653 * BlockSize_512 + -2468.48214285715 * BlockSize_4096 + -2717.27040816327 * BlockSize_32 * Deflate + -2374.8469387755 * BlockSize_1;31.172895075669;31.172895075669;31.172895075669;31.172895075669;0.527262;9;-2374.8469387755 * BlockSize_1;1;1.81647619311821;
8;6138.52355072464 * CompressionMethod + 13589.8369565217 * x_8 + 7188.53260869565 * x_10 + -1448.36050724637 * BlockSize_32 + -3284.70108695652 * BlockSize_512 + -2588.52355072463 * BlockSize_4096 + -2820.16304347826 * BlockSize_32 * Deflate + -2443.44202898551 * BlockSize_1 + -840.289855072453 * Files_60;29.5198279324025;29.5198279324025;29.5198279324025;29.5198279324025;0.750198;10;-840.289855072453 * Files_60;1;1.65306714326652;
9;5995.21166134186 * CompressionMethod + 13712.6757188498 * x_8 + 13944.6645367412 * x_10 + -1427.8873801917 * BlockSize_32 + -1626.37779552716 * BlockSize_512 + -2445.21166134186 * BlockSize_4096 + -2697.32428115014 * BlockSize_32 * Deflate + -2361.54952076678 * BlockSize_1 + -1249.75239616614 * Files_60 + -11301.1661341853 * x_10 * PPMd;27.6047904351607;27.6047904351607;27.6047904351607;27.6047904351607;1.03732;12;-11301.1661341853 * x_10 * PPMd;2;0.957518748620906;
10;6931.92580049261 * CompressionMethod + 13877.0874384236 * x_8 + 13507.6754926108 * x_10 + -2529.01323891627 * BlockSize_32 + -1438.16964285714 * BlockSize_512 + -2027.69242610837 * BlockSize_4096 + -2532.91256157636 * BlockSize_32 * Deflate + -2703.35283251232 * BlockSize_1 + -894.969211822664 * Files_60 + -11530.4772167488 * x_10 * PPMd + -1354.23337438423 * tmOff;24.0188018229397;24.0188018229397;24.0188018229397;24.0188018229397;1.395195;13;-1354.23337438423 * tmOff;1;3.58598861222107;
11;6911.29648241206 * CompressionMethod + 13852.5552763819 * x_8 + 13477.567839196 * x_10 + -2483.85175879397 * BlockSize_32 + -775.243718592963 * BlockSize_512 + -2066.16331658291 * BlockSize_4096 + -2557.44472361808 * BlockSize_32 * Deflate + -2700.00753768842 * BlockSize_1 + -852.595477386926 * Files_60 + -11734.5402010051 * x_10 * PPMd + -1295.13316582915 * tmOff + -1810.91959798997 * BlockSize_512 * filterOff;20.7599344128676;20.7599344128676;20.7599344128676;20.7599344128676;1.826731;15;-1810.91959798997 * BlockSize_512 * filterOff;2;1.62943370503601;
12;6928.61921708185 * CompressionMethod + 13539.3024911032 * x_8 + 13471.7935943061 * x_10 + -2187.92170818505 * BlockSize_32 + -765.138790035591 * BlockSize_512 + -2041.62277580072 * BlockSize_4096 + -2870.69750889678 * BlockSize_32 * Deflate + -2539.77224199288 * BlockSize_1 + -833.829181494654 * Files_60 + -11741.7580071174 * x_10 * PPMd + -1336.99644128115 * tmOff + -1796.48398576512 * BlockSize_512 * filterOff + 1149.07473309609 * x_8 * BlockSize_16;19.7135864079506;19.7135864079506;19.7135864079506;19.7135864079506;2.362079;17;1149.07473309609 * x_8 * BlockSize_16;2;0.52317400245852;
13;6901.84261868631 * CompressionMethod + 13596.1814437459 * x_8 + 13496.6941252981 * x_10 + -2218.02406243227 * BlockSize_32 + -712.864730110548 * BlockSize_512 + -1955.75005419466 * BlockSize_4096 + -2813.81855625404 * BlockSize_32 * Deflate + -2511.88705831346 * BlockSize_1 + -770.980923477131 * Files_60 + -11758.5573379579 * x_10 * PPMd + -1396.09256449165 * tmOff + -1762.88532408411 * BlockSize_512 * filterOff + 1178.0685020594 * x_8 * BlockSize_16 + 479.249945805345 * BlockSize_64;19.5938165079921;19.5938165079921;19.5938165079921;19.5938165079921;2.993795;18;479.249945805345 * BlockSize_64;1;0.119769899958463;
Elapsed=00:00:02.9942133
Learning progress:
1;6886.08695652174 * CompressionMethod + 16881.4130434783 * x_10;83.6915996072685;83.6915996072685;83.6915996072685;83.6915996072685;0.008785;2;16881.4130434783 * x_10;1;103.416788236654;
2;5045.49999999999 * CompressionMethod + 18722 * x_10 + 14111.1666666667 * x_8;43.7190444485273;43.7190444485273;43.7190444485273;43.7190444485273;0.028221;3;14111.1666666667 * x_8;1;39.9725551587412;
3;3302.50000000001 * CompressionMethod + 20465 * x_10 + 15854.1666666667 * x_8 + 8715.00000000001 * x_6;28.3567413215888;28.3567413215888;28.3567413215888;28.3567413215888;0.067171;4;8715.00000000001 * x_6;1;15.3623031269386;
4;3302.5 * CompressionMethod + 20465 * x_10 + 16280.5 * x_8 + 9354.5 * x_6 + -1279 * Files_20;23.2996943222797;23.2996943222797;23.2996943222797;23.2996943222797;0.127725;5;-1279 * Files_20;1;5.05704699930907;
5;3302.5 * CompressionMethod + 20465 * x_10 + 16280.5 * x_8 + 4677.25 * x_6 + -1279.00000000001 * Files_20 + 4677.25 * x_6 * HeaderCompressionOff;15.8613196403459;15.8613196403459;15.8613196403459;15.8613196403459;0.216424;7;4677.25 * x_6 * HeaderCompressionOff;2;3.7191873409669;
6;3530.83333333334 * CompressionMethod + 20236.6666666667 * x_10 + 16052.1666666667 * x_8 + 4563.08333333334 * x_6 + -1279.00000000001 * Files_20 + 4563.08333333334 * x_6 * HeaderCompressionOff + -913.33333333334 * x_4;13.4874844995803;13.4874844995803;13.4874844995803;13.4874844995803;0.345102;8;-913.33333333334 * x_4;1;2.37383514076559;
7;3530.83333333333 * CompressionMethod + 20236.6666666667 * x_10 + 16052.1666666667 * x_8 + 4563.08333333334 * x_6 + -1278.99999999997 * Files_20 + 4563.08333333334 * x_6 * HeaderCompressionOff + -664.166666666656 * x_4 + -996.666666666661 * Files_10;13.4155148026108;13.4155148026108;13.4155148026108;13.4155148026108;0.51208;9;-996.666666666661 * Files_10;1;0.071969696969532;
Elapsed=00:00:00.5123225
Learning progress:
1;12775.3846153846 * CompressionMethod + -9393.38461538462 * x_2;80.5361333140554;80.5361333140554;80.5361333140554;80.5361333140554;0.008355;2;-9393.38461538462 * x_2;1;167.328325556214;
2;14645.4545454545 * CompressionMethod + -11263.4545454546 * x_2 + -12155.4545454546 * x_4;51.3302862485845;51.3302862485845;51.3302862485845;51.3302862485845;0.029596;3;-12155.4545454546 * x_4;1;29.2058470654708;
3;16289.3233082707 * CompressionMethod + -10496.3157894737 * x_2 + -12292.4436090226 * x_4 + -3013.75939849624 * tmOff;37.2581986989226;37.2581986989226;37.2581986989226;37.2581986989226;0.069483;4;-3013.75939849624 * tmOff;1;14.0720875496619;
4;10875.3975903614 * CompressionMethod + -6368.86746987952 * x_2 + -7682.56626506025 * x_4 + -1405.6626506024 * tmOff + 14258.4578313253 * x_10;29.6919161228151;29.6919161228151;29.6919161228151;29.6919161228151;0.134564;5;14258.4578313253 * x_10;1;7.5662825761075;
5;10539.7885196375 * CompressionMethod + -6207.64350453171 * x_2 + -6943.89728096676 * x_4 + -2211.78247734139 * tmOff + 14939.5468277946 * x_10 + 4096.40483383687 * Files_20;23.6668948377808;23.6668948377808;23.6668948377808;23.6668948377808;0.231112;6;4096.40483383687 * Files_20;1;6.02502128503428;
6;10445.5895578316 * CompressionMethod + -5702.76417686733 * x_2 + -6821.23532350736 * x_4 + -2268.70846864851 * tmOff + 15058.1426430177 * x_10 + 2270.70696977269 * Files_20 + 7402.41194104423 * Files_20 * LZMA;19.852622333232;19.852622333232;19.852622333232;19.852622333232;0.362725;8;7402.41194104423 * Files_20 * LZMA;2;1.90713625227442;
7;10277.0123839009 * CompressionMethod + -5770.19504643963 * x_2 + -6817.48916408669 * x_4 + -1939.04643962848 * tmOff + 15621.0030959753 * x_10 + 2132.09907120742 * Files_20 + 11128.9040247678 * Files_20 * LZMA + -3748.96904024767 * BlockSize_8;17.7963592904964;17.7963592904964;17.7963592904964;17.7963592904964;0.548631;9;-3748.96904024767 * BlockSize_8;1;2.05626304273556;
8;11031.864608076 * CompressionMethod + -5468.2541567696 * x_2 + -6834.26365795725 * x_4 + -3415.20190023753 * tmOff + 13100.635391924 * x_10 + 2752.75534441806 * Files_20 + 14760.5819477435 * Files_20 * LZMA + -7279.99999999997 * BlockSize_8 + 6772.70190023752 * x_10 * tmOff;15.7246653133639;15.7246653133639;15.7246653133639;15.7246653133639;0.786002;11;6772.70190023752 * x_10 * tmOff;2;1.03584698856624;
9;11012.1827613727 * CompressionMethod + -5268.97545889864 * x_2 + -6845.33469672784 * x_4 + -3698.94852354351 * tmOff + 12947.6910415004 * x_10 + 2989.75758180366 * Files_20 + 14827.0081803671 * Files_20 * LZMA + -7970.50478850757 * BlockSize_8 + 7229.07472067041 * x_10 * tmOff + 690.504788507568 * LZMA;13.5368882631285;13.5368882631285;13.5368882631285;13.5368882631285;1.080442;12;690.504788507568 * LZMA;1;2.18777705023548;
10;11190.5313319037 * CompressionMethod + -5030.81486776269 * x_2 + -7766.98355968549 * x_4 + -4307.21864824079 * tmOff + 12630.3248351998 * x_10 + 3340.29227225796 * Files_20 + 14906.3950440791 * Files_20 * LZMA + -8526.57533158606 * BlockSize_8 + 7976.3624811373 * x_10 * tmOff + 1246.57533158606 * LZMA + 3633.67087602252 * BlockSize_4;12.5186337006687;12.5186337006687;12.5186337006687;12.5186337006687;1.442184;13;3633.67087602252 * BlockSize_4;1;1.01825456245974;
11;11190.5313319037 * CompressionMethod + -5030.81486776268 * x_2 + -7766.98355968549 * x_4 + -4307.21864824081 * tmOff + 12630.3248351998 * x_10 + 3340.29227225797 * Files_20 + 14906.3950440791 * Files_20 * LZMA + -4263.28766579304 * BlockSize_8 + 7976.36248113732 * x_10 * tmOff + 1246.57533158605 * LZMA + 3633.67087602258 * BlockSize_4 + -4263.28766579304 * BlockSize_8 * LZMA;11.1694543689829;11.1694543689829;11.1694543689829;11.1694543689829;1.872714;15;-4263.28766579304 * BlockSize_8 * LZMA;2;0.674589665842896;
12;11190.5313319037 * CompressionMethod + -5030.81486776269 * x_2 + -7766.9835596855 * x_4 + -4307.21864824083 * tmOff + 12630.3248351998 * x_10 + 3340.29227225797 * Files_20 + 14906.3950440791 * Files_20 * LZMA + -2842.19177719536 * BlockSize_8 + 7976.36248113735 * x_10 * tmOff + 1246.57533158607 * LZMA + 3633.6708760226 * BlockSize_4 + -2842.19177719536 * BlockSize_8 * LZMA + -2842.19177719536 * BlockSize_8 * filterOff;10.5898933524091;10.5898933524091;10.5898933524091;10.5898933524091;2.39439;17;-2842.19177719536 * BlockSize_8 * filterOff;2;0.289780508286901;
13;11186.7269667648 * CompressionMethod + -5000.58897770299 * x_2 + -7764.97686159023 * x_4 + -4290.67732435843 * tmOff + 12636.9162810265 * x_10 + 3317.48001682793 * Files_20 + 14741.0096760623 * Files_20 * LZMA + -2779.98878137709 * BlockSize_8 + 7957.03407656709 * x_10 * tmOff + 1235.42700883465 * LZMA + 3618.92721918382 * BlockSize_4 + -2779.98878137708 * BlockSize_8 * LZMA + -2779.98878137708 * BlockSize_8 * filterOff + -175.460664703412 * tmOff * Files_80;10.4432463299413;10.4432463299413;10.4432463299413;10.4432463299413;3.017833;19;-175.460664703412 * tmOff * Files_80;2;0.0733235112339292;
Elapsed=00:00:03.0181956
Learning progress:
1;11356.8965517241 * CompressionMethod + -8846.89655172414 * BlockSize_1024;114.711352653924;114.711352653924;114.711352653924;114.711352653924;0.005725;2;-8846.89655172414 * BlockSize_1024;1;205.02520598467;
2;7521.90635451505 * CompressionMethod + -8719.06354515051 * BlockSize_1024 + 5560.73578595318 * filterOff;86.2899823370832;86.2899823370832;86.2899823370832;86.2899823370832;0.026962;3;5560.73578595318 * filterOff;1;28.4213703168413;
3;5792.73409893992 * CompressionMethod + -9013.14045936395 * BlockSize_1024 + 5078.44964664312 * filterOff + 3517.15989399293 * HeaderCompressionOff;52.0292062157222;52.0292062157222;52.0292062157222;52.0292062157222;0.065749;4;3517.15989399293 * HeaderCompressionOff;1;34.260776121361;
4;3494.97700562084 * CompressionMethod + -8481.73735309147 * BlockSize_1024 + 6627.75166070517 * filterOff + 4617.38886050077 * HeaderCompressionOff + 16945.0229943792 * Files_50;38.9670789884693;38.9670789884693;38.9670789884693;38.9670789884693;0.130438;5;16945.0229943792 * Files_50;1;13.0621272272529;
5;2548.794489093 * CompressionMethod + -7526.67049368542 * BlockSize_1024 + 6840.97588978187 * filterOff + 4390.83811710678 * HeaderCompressionOff + 17891.205510907 * Files_50 + 8693.32950631459 * x_8;29.2320887973568;29.2320887973568;29.2320887973568;29.2320887973568;0.220697;6;8693.32950631459 * x_8;1;9.73499019111252;
6;2108.88535031848 * CompressionMethod + -7420.54140127388 * BlockSize_1024 + 7297.89808917197 * filterOff + 4434.58598726115 * HeaderCompressionOff + 18331.1146496815 * Files_50 + 8093.82165605094 * x_8 + 2116.91082802548 * BlockSize_1;27.7169238245554;27.7169238245554;27.7169238245554;27.7169238245554;0.344052;7;2116.91082802548 * BlockSize_1;1;1.51516497280141;
7;1667.39675016925 * CompressionMethod + -8159.90182802979 * BlockSize_1024 + 8111.72647257957 * filterOff + 5392.03114421124 * HeaderCompressionOff + 18772.6032498308 * Files_50 + 7221.4827352742 * x_8 + 2515.84631008803 * BlockSize_1 + -9186.15436696007 * BlockSize_64;25.9792133921251;25.9792133921251;25.9792133921251;25.9792133921251;0.509798;8;-9186.15436696007 * BlockSize_64;1;1.73771043243029;
8;1941.05442176872 * CompressionMethod + -8334.04761904762 * BlockSize_1024 + 8397.82312925169 * filterOff + 4956.66666666666 * HeaderCompressionOff + 18498.9455782313 * Files_50 + 7034.89795918368 * x_8 + 7802.41496598639 * BlockSize_1 + -6685.91836734694 * BlockSize_64 + -5249.25170068028 * Files_30;23.6527936564602;23.6527936564602;23.6527936564602;23.6527936564602;0.717192;9;-5249.25170068028 * Files_30;1;2.32641973566489;
9;1685.60769656698 * CompressionMethod + -8930.0899778516 * BlockSize_1024 + 9079.01439645627 * filterOff + 5552.70902547066 * HeaderCompressionOff + 18754.392303433 * Files_50 + 9674.51411960133 * x_8 + 9505.39313399782 * BlockSize_1 + -2002.7284053156 * BlockSize_64 + -8314.6124031008 * Files_30 + -8344.59302325582 * HeaderCompressionOff * Files_90;18.3873983304196;18.3873983304196;18.3873983304196;18.3873983304196;0.976007;11;-8344.59302325582 * HeaderCompressionOff * Files_90;2;2.63269766302029;
10;1739.64875681201 * CompressionMethod + -8978.05900885558 * BlockSize_1024 + 9152.48595027248 * filterOff + 5470.12942779292 * HeaderCompressionOff + 18700.351243188 * Files_50 + 12814.9676430518 * x_8 + 10668.1867336512 * BlockSize_1 + -1070.06471389646 * BlockSize_64 + -8867.1670640327 * Files_30 + -9747.23177792915 * HeaderCompressionOff * Files_90 + -4386.43392370575 * x_8 * mtOff;16.7071479146095;16.7071479146095;16.7071479146095;16.7071479146095;1.304621;13;-4386.43392370575 * x_8 * mtOff;2;0.840125207905063;
11;1739.64875681199 * CompressionMethod + -8978.0590088556 * BlockSize_1024 + 9152.48595027248 * filterOff + 5470.12942779292 * HeaderCompressionOff + 18700.351243188 * Files_50 + 12814.9676430518 * x_8 + 10668.1867336512 * BlockSize_1 + -535.032356948235 * BlockSize_64 + -8867.16706403269 * Files_30 + -9747.23177792919 * HeaderCompressionOff * Files_90 + -4386.43392370577 * x_8 * mtOff + -535.03235694823 * BlockSize_64 * filterOff;16.7071479146092;16.7071479146092;16.7071479146092;16.7071479146092;1.717102;15;-535.03235694823 * BlockSize_64 * filterOff;2;1.70530256582424E-13;
Elapsed=00:00:01.7173943
Learning progress:
1;12704.6153846154 * CompressionMethod + -8132.61538461538 * x_0;155.05748921056;155.05748921056;155.05748921056;155.05748921056;0.005668;2;-8132.61538461538 * x_0;1;95.8113075632079;
2;14498.6363636364 * CompressionMethod + -9926.63636363638 * x_0 + -11661.1363636364 * x_4;97.6994024186794;97.6994024186794;97.6994024186794;97.6994024186794;0.027401;3;-11661.1363636364 * x_4;1;57.3580867918809;
3;19628 * CompressionMethod + -15056 * x_0 + -16790.5 * x_4 + -16120.8571428571 * x_2;53.0203807411209;53.0203807411209;53.0203807411209;53.0203807411209;0.066;4;-16120.8571428571 * x_2;1;44.6790216775585;
4;19101.0220955096 * CompressionMethod + -16109.9558089808 * x_0 + -18239.6892373486 * x_4 + -16723.1176051319 * x_2 + 7904.66856735566 * BlockSize_4096;35.1570378148874;35.1570378148874;35.1570378148874;35.1570378148874;0.1282;5;7904.66856735566 * BlockSize_4096;1;17.8633429262335;
5;19040.1142857143 * CompressionMethod + -16231.7714285714 * x_0 + -17150.5142857143 * x_4 + -16074.6285714286 * x_2 + 8818.28571428573 * BlockSize_4096 + -5026.68571428572 * Files_80;30.268367023845;30.268367023845;30.268367023845;30.268367023845;0.217171;6;-5026.68571428572 * Files_80;1;4.88867079104241;
6;19043.9165154265 * CompressionMethod + -16046.7295825772 * x_0 + -17145.444646098 * x_4 + -16073.3611615245 * x_2 + 8761.25226860255 * BlockSize_4096 + -5005.13974591652 * Files_80 + -887.186932849352 * Files_40;28.3564983401042;28.3564983401042;28.3564983401042;28.3564983401042;0.340966;7;-887.186932849352 * Files_40;1;1.91186868374077;
7;19043.9165154265 * CompressionMethod + -16046.7295825771 * x_0 + -17145.444646098 * x_4 + -16073.3611615245 * x_2 + 8761.25226860255 * BlockSize_4096 + -5005.13974591652 * Files_80 + -443.593466424668 * Files_40 + -443.593466424668 * x_0 * Deflate;26.7883653281391;26.7883653281391;26.7883653281391;26.7883653281391;0.505151;9;-443.593466424668 * x_0 * Deflate;2;0.784066505982542;
8;19043.9165154265 * CompressionMethod + -16046.7295825771 * x_0 + -17145.444646098 * x_4 + -16073.3611615245 * x_2 + 8761.25226860256 * BlockSize_4096 + -2502.56987295827 * Files_80 + -443.59346642468 * Files_40 + -443.593466424677 * x_0 * Deflate + -2502.56987295827 * Files_80 * Deflate;25.2405116214605;25.2405116214605;25.2405116214605;25.2405116214605;0.719958;11;-2502.56987295827 * Files_80 * Deflate;2;0.773926853339324;
9;18941.8657491561 * CompressionMethod + -15952.8356271098 * x_0 + -17048.4692287717 * x_4 + -15974.2105946507 * x_2 + 8793.87951181512 * BlockSize_4096 + -2508.73279667622 * Files_80 + -439.515061023088 * Files_40 + -439.515061023088 * x_0 * Deflate + -2508.73279667622 * Files_80 * Deflate + 1498.13425084387 * Files_50;25.0666359184397;25.0666359184397;25.0666359184397;25.0666359184397;0.997691;12;1498.13425084387 * Files_50;1;0.173875703020755;
Elapsed=00:00:00.9979626
Learning progress:
1;6555.38461538461 * CompressionMethod + 12394.6153846154 * x_8;90.3753896573691;90.3753896573691;90.3753896573691;90.3753896573691;0.00609;2;12394.6153846154 * x_8;1;49.5388883756638;
2;5179.52380952381 * CompressionMethod + 13770.4761904762 * x_8 + 7154.47619047619 * x_10;63.6535757850141;63.6535757850141;63.6535757850141;63.6535757850141;0.025871;3;7154.47619047619 * x_10;1;26.721813872355;
3;5287.66304347825 * CompressionMethod + 14116.5217391304 * x_8 + 7046.33695652174 * x_10 + -2270.92391304349 * BlockSize_32;50.3947916532111;50.3947916532111;50.3947916532111;50.3947916532111;0.065775;4;-2270.92391304349 * BlockSize_32;1;13.258784131803;
4;5556.58597662771 * CompressionMethod + 13877.4791318865 * x_8 + 7327.21202003338 * x_10 + -2420.32554257095 * BlockSize_32 + -2748.98998330551 * BlockSize_512;44.2531538865537;44.2531538865537;44.2531538865537;44.2531538865537;0.12898;5;-2748.98998330551 * BlockSize_512;1;6.14163776665746;
5;5792.43470149253 * CompressionMethod + 13667.8358208955 * x_8 + 7125.05597014926 * x_10 + -2551.3526119403 * BlockSize_32 + -2917.45335820895 * BlockSize_512 + -2242.43470149253 * BlockSize_4096;37.1580160276262;37.1580160276262;37.1580160276262;37.1580160276262;0.219836;6;-2242.43470149253 * BlockSize_4096;1;7.09513785892748;
6;5875.17241379311 * CompressionMethod + 13242.3275862069 * x_8 + 7054.13793103448 * x_10 + -837.500000000015 * BlockSize_32 + -2976.55172413793 * BlockSize_512 + -2325.1724137931 * BlockSize_4096 + -3167.67241379308 * BlockSize_32 * Deflate;32.9893712687873;32.9893712687873;32.9893712687873;32.9893712687873;0.348645;8;-3167.67241379308 * BlockSize_32 * Deflate;2;2.08432237941946;
7;6018.48214285714 * CompressionMethod + 13692.7295918367 * x_8 + 6931.30102040816 * x_10 + -1431.21173469387 * BlockSize_32 + -3078.91581632653 * BlockSize_512 + -2468.48214285715 * BlockSize_4096 + -2717.27040816327 * BlockSize_32 * Deflate + -2374.8469387755 * BlockSize_1;31.172895075669;31.172895075669;31.172895075669;31.172895075669;0.527724;9;-2374.8469387755 * BlockSize_1;1;1.81647619311821;
8;6138.52355072464 * CompressionMethod + 13589.8369565217 * x_8 + 7188.53260869565 * x_10 + -1448.36050724637 * BlockSize_32 + -3284.70108695652 * BlockSize_512 + -2588.52355072463 * BlockSize_4096 + -2820.16304347826 * BlockSize_32 * Deflate + -2443.44202898551 * BlockSize_1 + -840.289855072453 * Files_60;29.5198279324025;29.5198279324025;29.5198279324025;29.5198279324025;0.76061;10;-840.289855072453 * Files_60;1;1.65306714326652;
9;5995.21166134186 * CompressionMethod + 13712.6757188498 * x_8 + 13944.6645367412 * x_10 + -1427.8873801917 * BlockSize_32 + -1626.37779552716 * BlockSize_512 + -2445.21166134186 * BlockSize_4096 + -2697.32428115014 * BlockSize_32 * Deflate + -2361.54952076678 * BlockSize_1 + -1249.75239616614 * Files_60 + -11301.1661341853 * x_10 * PPMd;27.6047904351607;27.6047904351607;27.6047904351607;27.6047904351607;1.05038;12;-11301.1661341853 * x_10 * PPMd;2;0.957518748620906;
10;6931.92580049261 * CompressionMethod + 13877.0874384236 * x_8 + 13507.6754926108 * x_10 + -2529.01323891627 * BlockSize_32 + -1438.16964285714 * BlockSize_512 + -2027.69242610837 * BlockSize_4096 + -2532.91256157636 * BlockSize_32 * Deflate + -2703.35283251232 * BlockSize_1 + -894.969211822664 * Files_60 + -11530.4772167488 * x_10 * PPMd + -1354.23337438423 * tmOff;24.0188018229397;24.0188018229397;24.0188018229397;24.0188018229397;1.411321;13;-1354.23337438423 * tmOff;1;3.58598861222107;
11;6911.29648241206 * CompressionMethod + 13852.5552763819 * x_8 + 13477.567839196 * x_10 + -2483.85175879397 * BlockSize_32 + -775.243718592963 * BlockSize_512 + -2066.16331658291 * BlockSize_4096 + -2557.44472361808 * BlockSize_32 * Deflate + -2700.00753768842 * BlockSize_1 + -852.595477386926 * Files_60 + -11734.5402010051 * x_10 * PPMd + -1295.13316582915 * tmOff + -1810.91959798997 * BlockSize_512 * filterOff;20.7599344128676;20.7599344128676;20.7599344128676;20.7599344128676;1.844341;15;-1810.91959798997 * BlockSize_512 * filterOff;2;1.62943370503601;
12;6928.61921708185 * CompressionMethod + 13539.3024911032 * x_8 + 13471.7935943061 * x_10 + -2187.92170818505 * BlockSize_32 + -765.138790035591 * BlockSize_512 + -2041.62277580072 * BlockSize_4096 + -2870.69750889678 * BlockSize_32 * Deflate + -2539.77224199288 * BlockSize_1 + -833.829181494654 * Files_60 + -11741.7580071174 * x_10 * PPMd + -1336.99644128115 * tmOff + -1796.48398576512 * BlockSize_512 * filterOff + 1149.07473309609 * x_8 * BlockSize_16;19.7135864079506;19.7135864079506;19.7135864079506;19.7135864079506;2.379972;17;1149.07473309609 * x_8 * BlockSize_16;2;0.52317400245852;
13;6901.84261868631 * CompressionMethod + 13596.1814437459 * x_8 + 13496.6941252981 * x_10 + -2218.02406243227 * BlockSize_32 + -712.864730110548 * BlockSize_512 + -1955.75005419466 * BlockSize_4096 + -2813.81855625404 * BlockSize_32 * Deflate + -2511.88705831346 * BlockSize_1 + -770.980923477131 * Files_60 + -11758.5573379579 * x_10 * PPMd + -1396.09256449165 * tmOff + -1762.88532408411 * BlockSize_512 * filterOff + 1178.0685020594 * x_8 * BlockSize_16 + 479.249945805345 * BlockSize_64;19.5938165079921;19.5938165079921;19.5938165079921;19.5938165079921;3.011615;18;479.249945805345 * BlockSize_64;1;0.119769899958463;
Elapsed=00:00:03.0120128
Learning progress:
1;6886.08695652174 * CompressionMethod + 16881.4130434783 * x_10;83.6915996072685;83.6915996072685;83.6915996072685;83.6915996072685;0.00892;2;16881.4130434783 * x_10;1;103.416788236654;
2;5045.49999999999 * CompressionMethod + 18722 * x_10 + 14111.1666666667 * x_8;43.7190444485273;43.7190444485273;43.7190444485273;43.7190444485273;0.029016;3;14111.1666666667 * x_8;1;39.9725551587412;
3;3302.50000000001 * CompressionMethod + 20465 * x_10 + 15854.1666666667 * x_8 + 8715.00000000001 * x_6;28.3567413215888;28.3567413215888;28.3567413215888;28.3567413215888;0.068205;4;8715.00000000001 * x_6;1;15.3623031269386;
4;3302.5 * CompressionMethod + 20465 * x_10 + 16280.5 * x_8 + 9354.5 * x_6 + -1279 * Files_20;23.2996943222797;23.2996943222797;23.2996943222797;23.2996943222797;0.129877;5;-1279 * Files_20;1;5.05704699930907;
5;3302.5 * CompressionMethod + 20465 * x_10 + 16280.5 * x_8 + 4677.25 * x_6 + -1279.00000000001 * Files_20 + 4677.25 * x_6 * HeaderCompressionOff;15.8613196403459;15.8613196403459;15.8613196403459;15.8613196403459;0.21634;7;4677.25 * x_6 * HeaderCompressionOff;2;3.7191873409669;
6;3530.83333333334 * CompressionMethod + 20236.6666666667 * x_10 + 16052.1666666667 * x_8 + 4563.08333333334 * x_6 + -1279.00000000001 * Files_20 + 4563.08333333334 * x_6 * HeaderCompressionOff + -913.33333333334 * x_4;13.4874844995803;13.4874844995803;13.4874844995803;13.4874844995803;0.346759;8;-913.33333333334 * x_4;1;2.37383514076559;
7;3530.83333333333 * CompressionMethod + 20236.6666666667 * x_10 + 16052.1666666667 * x_8 + 4563.08333333334 * x_6 + -1278.99999999997 * Files_20 + 4563.08333333334 * x_6 * HeaderCompressionOff + -664.166666666656 * x_4 + -996.666666666661 * Files_10;13.4155148026108;13.4155148026108;13.4155148026108;13.4155148026108;0.513788;9;-996.666666666661 * Files_10;1;0.071969696969532;
Elapsed=00:00:00.5140426
Learning progress:
1;12775.3846153846 * CompressionMethod + -9393.38461538462 * x_2;80.5361333140554;80.5361333140554;80.5361333140554;80.5361333140554;0.008396;2;-9393.38461538462 * x_2;1;167.328325556214;
2;14645.4545454545 * CompressionMethod + -11263.4545454546 * x_2 + -12155.4545454546 * x_4;51.3302862485845;51.3302862485845;51.3302862485845;51.3302862485845;0.029668;3;-12155.4545454546 * x_4;1;29.2058470654708;
3;16289.3233082707 * CompressionMethod + -10496.3157894737 * x_2 + -12292.4436090226 * x_4 + -3013.75939849624 * tmOff;37.2581986989226;37.2581986989226;37.2581986989226;37.2581986989226;0.069582;4;-3013.75939849624 * tmOff;1;14.0720875496619;
4;10875.3975903614 * CompressionMethod + -6368.86746987952 * x_2 + -7682.56626506025 * x_4 + -1405.6626506024 * tmOff + 14258.4578313253 * x_10;29.6919161228151;29.6919161228151;29.6919161228151;29.6919161228151;0.134926;5;14258.4578313253 * x_10;1;7.5662825761075;
5;10539.7885196375 * CompressionMethod + -6207.64350453171 * x_2 + -6943.89728096676 * x_4 + -2211.78247734139 * tmOff + 14939.5468277946 * x_10 + 4096.40483383687 * Files_20;23.6668948377808;23.6668948377808;23.6668948377808;23.6668948377808;0.233025;6;4096.40483383687 * Files_20;1;6.02502128503428;
6;10445.5895578316 * CompressionMethod + -5702.76417686733 * x_2 + -6821.23532350736 * x_4 + -2268.70846864851 * tmOff + 15058.1426430177 * x_10 + 2270.70696977269 * Files_20 + 7402.41194104423 * Files_20 * LZMA;19.852622333232;19.852622333232;19.852622333232;19.852622333232;0.364253;8;7402.41194104423 * Files_20 * LZMA;2;1.90713625227442;
7;10277.0123839009 * CompressionMethod + -5770.19504643963 * x_2 + -6817.48916408669 * x_4 + -1939.04643962848 * tmOff + 15621.0030959753 * x_10 + 2132.09907120742 * Files_20 + 11128.9040247678 * Files_20 * LZMA + -3748.96904024767 * BlockSize_8;17.7963592904964;17.7963592904964;17.7963592904964;17.7963592904964;0.544034;9;-3748.96904024767 * BlockSize_8;1;2.05626304273556;
8;11031.864608076 * CompressionMethod + -5468.2541567696 * x_2 + -6834.26365795725 * x_4 + -3415.20190023753 * tmOff + 13100.635391924 * x_10 + 2752.75534441806 * Files_20 + 14760.5819477435 * Files_20 * LZMA + -7279.99999999997 * BlockSize_8 + 6772.70190023752 * x_10 * tmOff;15.7246653133639;15.7246653133639;15.7246653133639;15.7246653133639;0.78319;11;6772.70190023752 * x_10 * tmOff;2;1.03584698856624;
9;11012.1827613727 * CompressionMethod + -5268.97545889864 * x_2 + -6845.33469672784 * x_4 + -3698.94852354351 * tmOff + 12947.6910415004 * x_10 + 2989.75758180366 * Files_20 + 14827.0081803671 * Files_20 * LZMA + -7970.50478850757 * BlockSize_8 + 7229.07472067041 * x_10 * tmOff + 690.504788507568 * LZMA;13.5368882631285;13.5368882631285;13.5368882631285;13.5368882631285;1.090638;12;690.504788507568 * LZMA;1;2.18777705023548;
10;11190.5313319037 * CompressionMethod + -5030.81486776269 * x_2 + -7766.98355968549 * x_4 + -4307.21864824079 * tmOff + 12630.3248351998 * x_10 + 3340.29227225796 * Files_20 + 14906.3950440791 * Files_20 * LZMA + -8526.57533158606 * BlockSize_8 + 7976.3624811373 * x_10 * tmOff + 1246.57533158606 * LZMA + 3633.67087602252 * BlockSize_4;12.5186337006687;12.5186337006687;12.5186337006687;12.5186337006687;1.461623;13;3633.67087602252 * BlockSize_4;1;1.01825456245974;
11;11190.5313319037 * CompressionMethod + -5030.81486776268 * x_2 + -7766.98355968549 * x_4 + -4307.21864824081 * tmOff + 12630.3248351998 * x_10 + 3340.29227225797 * Files_20 + 14906.3950440791 * Files_20 * LZMA + -4263.28766579304 * BlockSize_8 + 7976.36248113732 * x_10 * tmOff + 1246.57533158605 * LZMA + 3633.67087602258 * BlockSize_4 + -4263.28766579304 * BlockSize_8 * LZMA;11.1694543689829;11.1694543689829;11.1694543689829;11.1694543689829;2.044942;15;-4263.28766579304 * BlockSize_8 * LZMA;2;0.674589665842896;
12;11190.5313319037 * CompressionMethod + -5030.81486776269 * x_2 + -7766.9835596855 * x_4 + -4307.21864824083 * tmOff + 12630.3248351998 * x_10 + 3340.29227225797 * Files_20 + 14906.3950440791 * Files_20 * LZMA + -2842.19177719536 * BlockSize_8 + 7976.36248113735 * x_10 * tmOff + 1246.57533158607 * LZMA + 3633.6708760226 * BlockSize_4 + -2842.19177719536 * BlockSize_8 * LZMA + -2842.19177719536 * BlockSize_8 * filterOff;10.5898933524091;10.5898933524091;10.5898933524091;10.5898933524091;2.565611;17;-2842.19177719536 * BlockSize_8 * filterOff;2;0.289780508286901;
Elapsed=00:00:02.5659783
Learning progress:
1;11356.8965517241 * CompressionMethod + -8846.89655172414 * BlockSize_1024;114.711352653924;114.711352653924;114.711352653924;114.711352653924;0.00715;2;-8846.89655172414 * BlockSize_1024;1;205.02520598467;
2;7521.90635451505 * CompressionMethod + -8719.06354515051 * BlockSize_1024 + 5560.73578595318 * filterOff;86.2899823370832;86.2899823370832;86.2899823370832;86.2899823370832;0.025889;3;5560.73578595318 * filterOff;1;28.4213703168413;
3;5792.73409893992 * CompressionMethod + -9013.14045936395 * BlockSize_1024 + 5078.44964664312 * filterOff + 3517.15989399293 * HeaderCompressionOff;52.0292062157222;52.0292062157222;52.0292062157222;52.0292062157222;0.064836;4;3517.15989399293 * HeaderCompressionOff;1;34.260776121361;
4;3494.97700562084 * CompressionMethod + -8481.73735309147 * BlockSize_1024 + 6627.75166070517 * filterOff + 4617.38886050077 * HeaderCompressionOff + 16945.0229943792 * Files_50;38.9670789884693;38.9670789884693;38.9670789884693;38.9670789884693;0.12904;5;16945.0229943792 * Files_50;1;13.0621272272529;
5;2548.794489093 * CompressionMethod + -7526.67049368542 * BlockSize_1024 + 6840.97588978187 * filterOff + 4390.83811710678 * HeaderCompressionOff + 17891.205510907 * Files_50 + 8693.32950631459 * x_8;29.2320887973568;29.2320887973568;29.2320887973568;29.2320887973568;0.218181;6;8693.32950631459 * x_8;1;9.73499019111252;
6;2108.88535031848 * CompressionMethod + -7420.54140127388 * BlockSize_1024 + 7297.89808917197 * filterOff + 4434.58598726115 * HeaderCompressionOff + 18331.1146496815 * Files_50 + 8093.82165605094 * x_8 + 2116.91082802548 * BlockSize_1;27.7169238245554;27.7169238245554;27.7169238245554;27.7169238245554;0.340316;7;2116.91082802548 * BlockSize_1;1;1.51516497280141;
7;1667.39675016925 * CompressionMethod + -8159.90182802979 * BlockSize_1024 + 8111.72647257957 * filterOff + 5392.03114421124 * HeaderCompressionOff + 18772.6032498308 * Files_50 + 7221.4827352742 * x_8 + 2515.84631008803 * BlockSize_1 + -9186.15436696007 * BlockSize_64;25.9792133921251;25.9792133921251;25.9792133921251;25.9792133921251;0.502407;8;-9186.15436696007 * BlockSize_64;1;1.73771043243029;
8;1941.05442176872 * CompressionMethod + -8334.04761904762 * BlockSize_1024 + 8397.82312925169 * filterOff + 4956.66666666666 * HeaderCompressionOff + 18498.9455782313 * Files_50 + 7034.89795918368 * x_8 + 7802.41496598639 * BlockSize_1 + -6685.91836734694 * BlockSize_64 + -5249.25170068028 * Files_30;23.6527936564602;23.6527936564602;23.6527936564602;23.6527936564602;0.706968;9;-5249.25170068028 * Files_30;1;2.32641973566489;
9;1685.60769656698 * CompressionMethod + -8930.0899778516 * BlockSize_1024 + 9079.01439645627 * filterOff + 5552.70902547066 * HeaderCompressionOff + 18754.392303433 * Files_50 + 9674.51411960133 * x_8 + 9505.39313399782 * BlockSize_1 + -2002.7284053156 * BlockSize_64 + -8314.6124031008 * Files_30 + -8344.59302325582 * HeaderCompressionOff * Files_90;18.3873983304196;18.3873983304196;18.3873983304196;18.3873983304196;0.966242;11;-8344.59302325582 * HeaderCompressionOff * Files_90;2;2.63269766302029;
10;1739.64875681201 * CompressionMethod + -8978.05900885558 * BlockSize_1024 + 9152.48595027248 * filterOff + 5470.12942779292 * HeaderCompressionOff + 18700.351243188 * Files_50 + 12814.9676430518 * x_8 + 10668.1867336512 * BlockSize_1 + -1070.06471389646 * BlockSize_64 + -8867.1670640327 * Files_30 + -9747.23177792915 * HeaderCompressionOff * Files_90 + -4386.43392370575 * x_8 * mtOff;16.7071479146095;16.7071479146095;16.7071479146095;16.7071479146095;1.296846;13;-4386.43392370575 * x_8 * mtOff;2;0.840125207905063;
11;1739.64875681199 * CompressionMethod + -8978.0590088556 * BlockSize_1024 + 9152.48595027248 * filterOff + 5470.12942779292 * HeaderCompressionOff + 18700.351243188 * Files_50 + 12814.9676430518 * x_8 + 10668.1867336512 * BlockSize_1 + -535.032356948235 * BlockSize_64 + -8867.16706403269 * Files_30 + -9747.23177792919 * HeaderCompressionOff * Files_90 + -4386.43392370577 * x_8 * mtOff + -535.03235694823 * BlockSize_64 * filterOff;16.7071479146092;16.7071479146092;16.7071479146092;16.7071479146092;1.701512;15;-535.03235694823 * BlockSize_64 * filterOff;2;1.70530256582424E-13;
Elapsed=00:00:01.7018132
Learning progress:
1;12704.6153846154 * CompressionMethod + -8132.61538461538 * x_0;155.05748921056;155.05748921056;155.05748921056;155.05748921056;0.00611;2;-8132.61538461538 * x_0;1;95.8113075632079;
2;14498.6363636364 * CompressionMethod + -9926.63636363638 * x_0 + -11661.1363636364 * x_4;97.6994024186794;97.6994024186794;97.6994024186794;97.6994024186794;0.027117;3;-11661.1363636364 * x_4;1;57.3580867918809;
3;19628 * CompressionMethod + -15056 * x_0 + -16790.5 * x_4 + -16120.8571428571 * x_2;53.0203807411209;53.0203807411209;53.0203807411209;53.0203807411209;0.065551;4;-16120.8571428571 * x_2;1;44.6790216775585;
4;19101.0220955096 * CompressionMethod + -16109.9558089808 * x_0 + -18239.6892373486 * x_4 + -16723.1176051319 * x_2 + 7904.66856735566 * BlockSize_4096;35.1570378148874;35.1570378148874;35.1570378148874;35.1570378148874;0.124867;5;7904.66856735566 * BlockSize_4096;1;17.8633429262335;
5;19040.1142857143 * CompressionMethod + -16231.7714285714 * x_0 + -17150.5142857143 * x_4 + -16074.6285714286 * x_2 + 8818.28571428573 * BlockSize_4096 + -5026.68571428572 * Files_80;30.268367023845;30.268367023845;30.268367023845;30.268367023845;0.214198;6;-5026.68571428572 * Files_80;1;4.88867079104241;
6;19043.9165154265 * CompressionMethod + -16046.7295825772 * x_0 + -17145.444646098 * x_4 + -16073.3611615245 * x_2 + 8761.25226860255 * BlockSize_4096 + -5005.13974591652 * Files_80 + -887.186932849352 * Files_40;28.3564983401042;28.3564983401042;28.3564983401042;28.3564983401042;0.336102;7;-887.186932849352 * Files_40;1;1.91186868374077;
7;19043.9165154265 * CompressionMethod + -16046.7295825771 * x_0 + -17145.444646098 * x_4 + -16073.3611615245 * x_2 + 8761.25226860255 * BlockSize_4096 + -5005.13974591652 * Files_80 + -443.593466424668 * Files_40 + -443.593466424668 * x_0 * Deflate;26.7883653281391;26.7883653281391;26.7883653281391;26.7883653281391;0.496386;9;-443.593466424668 * x_0 * Deflate;2;0.784066505982542;
8;19043.9165154265 * CompressionMethod + -16046.7295825771 * x_0 + -17145.444646098 * x_4 + -16073.3611615245 * x_2 + 8761.25226860256 * BlockSize_4096 + -2502.56987295827 * Files_80 + -443.59346642468 * Files_40 + -443.593466424677 * x_0 * Deflate + -2502.56987295827 * Files_80 * Deflate;25.2405116214605;25.2405116214605;25.2405116214605;25.2405116214605;0.708572;11;-2502.56987295827 * Files_80 * Deflate;2;0.773926853339324;
9;18941.8657491561 * CompressionMethod + -15952.8356271098 * x_0 + -17048.4692287717 * x_4 + -15974.2105946507 * x_2 + 8793.87951181512 * BlockSize_4096 + -2508.73279667622 * Files_80 + -439.515061023088 * Files_40 + -439.515061023088 * x_0 * Deflate + -2508.73279667622 * Files_80 * Deflate + 1498.13425084387 * Files_50;25.0666359184397;25.0666359184397;25.0666359184397;25.0666359184397;0.980055;12;1498.13425084387 * Files_50;1;0.173875703020755;
10;18941.5376401495 * CompressionMethod + -15911.5376401495 * x_0 + -17048.8556682684 * x_4 + -15974.2907990746 * x_2 + 8798.47303790709 * BlockSize_4096 + -2509.60046271579 * Files_80 + -459.999999999982 * Files_40 + -459.999999999979 * x_0 * Deflate + -2509.60046271579 * Files_80 * Deflate + 1498.46235985048 * Files_50 + -56.1576793023349 * x_0 * BZip2;24.8167675698892;24.8167675698892;24.8167675698892;24.8167675698892;1.316047;14;-56.1576793023349 * x_0 * BZip2;2;0.124934174275282;
11;18939.0951374207 * CompressionMethod + -15909.0951374207 * x_0 + -17077.1479915434 * x_4 + -16152.7970401692 * x_2 + 8832.66807610994 * BlockSize_4096 + -2465.22832980972 * Files_80 + -460.00000000001 * Files_40 + -460.000000000009 * x_0 * Deflate + -2465.22832980972 * Files_80 * Deflate + 1500.90486257924 * Files_50 + -67.5560253700135 * x_0 * BZip2 + 1143.70190274839 * x_2 * BlockSize_32;24.6282435855952;24.6282435855952;24.6282435855952;24.6282435855952;1.727204;16;1143.70190274839 * x_2 * BlockSize_32;2;0.0942619921469614;
Elapsed=00:00:01.7275035
Learning progress:
1;6555.38461538461 * CompressionMethod + 12394.6153846154 * x_8;90.3753896573691;90.3753896573691;90.3753896573691;90.3753896573691;0.006178;2;12394.6153846154 * x_8;1;49.5388883756638;
2;5179.52380952381 * CompressionMethod + 13770.4761904762 * x_8 + 7154.47619047619 * x_10;63.6535757850141;63.6535757850141;63.6535757850141;63.6535757850141;0.027772;3;7154.47619047619 * x_10;1;26.721813872355;
3;5287.66304347825 * CompressionMethod + 14116.5217391304 * x_8 + 7046.33695652174 * x_10 + -2270.92391304349 * BlockSize_32;50.3947916532111;50.3947916532111;50.3947916532111;50.3947916532111;0.066233;4;-2270.92391304349 * BlockSize_32;1;13.258784131803;
4;5556.58597662771 * CompressionMethod + 13877.4791318865 * x_8 + 7327.21202003338 * x_10 + -2420.32554257095 * BlockSize_32 + -2748.98998330551 * BlockSize_512;44.2531538865537;44.2531538865537;44.2531538865537;44.2531538865537;0.126624;5;-2748.98998330551 * BlockSize_512;1;6.14163776665746;
5;5792.43470149253 * CompressionMethod + 13667.8358208955 * x_8 + 7125.05597014926 * x_10 + -2551.3526119403 * BlockSize_32 + -2917.45335820895 * BlockSize_512 + -2242.43470149253 * BlockSize_4096;37.1580160276262;37.1580160276262;37.1580160276262;37.1580160276262;0.217641;6;-2242.43470149253 * BlockSize_4096;1;7.09513785892748;
6;5875.17241379311 * CompressionMethod + 13242.3275862069 * x_8 + 7054.13793103448 * x_10 + -837.500000000015 * BlockSize_32 + -2976.55172413793 * BlockSize_512 + -2325.1724137931 * BlockSize_4096 + -3167.67241379308 * BlockSize_32 * Deflate;32.9893712687873;32.9893712687873;32.9893712687873;32.9893712687873;0.346842;8;-3167.67241379308 * BlockSize_32 * Deflate;2;2.08432237941946;
7;6018.48214285714 * CompressionMethod + 13692.7295918367 * x_8 + 6931.30102040816 * x_10 + -1431.21173469387 * BlockSize_32 + -3078.91581632653 * BlockSize_512 + -2468.48214285715 * BlockSize_4096 + -2717.27040816327 * BlockSize_32 * Deflate + -2374.8469387755 * BlockSize_1;31.172895075669;31.172895075669;31.172895075669;31.172895075669;0.52825;9;-2374.8469387755 * BlockSize_1;1;1.81647619311821;
8;6138.52355072464 * CompressionMethod + 13589.8369565217 * x_8 + 7188.53260869565 * x_10 + -1448.36050724637 * BlockSize_32 + -3284.70108695652 * BlockSize_512 + -2588.52355072463 * BlockSize_4096 + -2820.16304347826 * BlockSize_32 * Deflate + -2443.44202898551 * BlockSize_1 + -840.289855072453 * Files_60;29.5198279324025;29.5198279324025;29.5198279324025;29.5198279324025;0.754139;10;-840.289855072453 * Files_60;1;1.65306714326652;
9;5995.21166134186 * CompressionMethod + 13712.6757188498 * x_8 + 13944.6645367412 * x_10 + -1427.8873801917 * BlockSize_32 + -1626.37779552716 * BlockSize_512 + -2445.21166134186 * BlockSize_4096 + -2697.32428115014 * BlockSize_32 * Deflate + -2361.54952076678 * BlockSize_1 + -1249.75239616614 * Files_60 + -11301.1661341853 * x_10 * PPMd;27.6047904351607;27.6047904351607;27.6047904351607;27.6047904351607;1.038654;12;-11301.1661341853 * x_10 * PPMd;2;0.957518748620906;
10;6931.92580049261 * CompressionMethod + 13877.0874384236 * x_8 + 13507.6754926108 * x_10 + -2529.01323891627 * BlockSize_32 + -1438.16964285714 * BlockSize_512 + -2027.69242610837 * BlockSize_4096 + -2532.91256157636 * BlockSize_32 * Deflate + -2703.35283251232 * BlockSize_1 + -894.969211822664 * Files_60 + -11530.4772167488 * x_10 * PPMd + -1354.23337438423 * tmOff;24.0188018229397;24.0188018229397;24.0188018229397;24.0188018229397;1.403964;13;-1354.23337438423 * tmOff;1;3.58598861222107;
11;6911.29648241206 * CompressionMethod + 13852.5552763819 * x_8 + 13477.567839196 * x_10 + -2483.85175879397 * BlockSize_32 + -775.243718592963 * BlockSize_512 + -2066.16331658291 * BlockSize_4096 + -2557.44472361808 * BlockSize_32 * Deflate + -2700.00753768842 * BlockSize_1 + -852.595477386926 * Files_60 + -11734.5402010051 * x_10 * PPMd + -1295.13316582915 * tmOff + -1810.91959798997 * BlockSize_512 * filterOff;20.7599344128676;20.7599344128676;20.7599344128676;20.7599344128676;1.838444;15;-1810.91959798997 * BlockSize_512 * filterOff;2;1.62943370503601;
12;6928.61921708185 * CompressionMethod + 13539.3024911032 * x_8 + 13471.7935943061 * x_10 + -2187.92170818505 * BlockSize_32 + -765.138790035591 * BlockSize_512 + -2041.62277580072 * BlockSize_4096 + -2870.69750889678 * BlockSize_32 * Deflate + -2539.77224199288 * BlockSize_1 + -833.829181494654 * Files_60 + -11741.7580071174 * x_10 * PPMd + -1336.99644128115 * tmOff + -1796.48398576512 * BlockSize_512 * filterOff + 1149.07473309609 * x_8 * BlockSize_16;19.7135864079506;19.7135864079506;19.7135864079506;19.7135864079506;2.36533;17;1149.07473309609 * x_8 * BlockSize_16;2;0.52317400245852;
13;6901.84261868631 * CompressionMethod + 13596.1814437459 * x_8 + 13496.6941252981 * x_10 + -2218.02406243227 * BlockSize_32 + -712.864730110548 * BlockSize_512 + -1955.75005419466 * BlockSize_4096 + -2813.81855625404 * BlockSize_32 * Deflate + -2511.88705831346 * BlockSize_1 + -770.980923477131 * Files_60 + -11758.5573379579 * x_10 * PPMd + -1396.09256449165 * tmOff + -1762.88532408411 * BlockSize_512 * filterOff + 1178.0685020594 * x_8 * BlockSize_16 + 479.249945805345 * BlockSize_64;19.5938165079921;19.5938165079921;19.5938165079921;19.5938165079921;2.990012;18;479.249945805345 * BlockSize_64;1;0.119769899958463;
14;6901.84261868633 * CompressionMethod + 13596.1814437459 * x_8 + 13496.6941252981 * x_10 + -2218.02406243226 * BlockSize_32 + -712.864730110555 * BlockSize_512 + -1955.75005419466 * BlockSize_4096 + -2813.81855625405 * BlockSize_32 * Deflate + -2511.88705831346 * BlockSize_1 + -770.98092347713 * Files_60 + -11758.557337958 * x_10 * PPMd + -1396.09256449166 * tmOff + -881.442662042055 * BlockSize_512 * filterOff + 1178.06850205939 * x_8 * BlockSize_16 + 479.24994580534 * BlockSize_64 + -881.442662042056 * BlockSize_512 * filterOff * tmOff;19.4150103853771;19.4150103853771;19.4150103853771;19.4150103853771;3.709508;21;-881.442662042056 * BlockSize_512 * filterOff * tmOff;3;0.0596020408716787;
Elapsed=00:00:03.7099077
Learning progress:
1;6886.08695652174 * CompressionMethod + 16881.4130434783 * x_10;83.6915996072685;83.6915996072685;83.6915996072685;83.6915996072685;0.006336;2;16881.4130434783 * x_10;1;103.416788236654;
2;5045.49999999999 * CompressionMethod + 18722 * x_10 + 14111.1666666667 * x_8;43.7190444485273;43.7190444485273;43.7190444485273;43.7190444485273;0.027663;3;14111.1666666667 * x_8;1;39.9725551587412;
3;3302.50000000001 * CompressionMethod + 20465 * x_10 + 15854.1666666667 * x_8 + 8715.00000000001 * x_6;28.3567413215888;28.3567413215888;28.3567413215888;28.3567413215888;0.064943;4;8715.00000000001 * x_6;1;15.3623031269386;
4;3302.5 * CompressionMethod + 20465 * x_10 + 16280.5 * x_8 + 9354.5 * x_6 + -1279 * Files_20;23.2996943222797;23.2996943222797;23.2996943222797;23.2996943222797;0.124448;5;-1279 * Files_20;1;5.05704699930907;
5;3302.5 * CompressionMethod + 20465 * x_10 + 16280.5 * x_8 + 4677.25 * x_6 + -1279.00000000001 * Files_20 + 4677.25 * x_6 * HeaderCompressionOff;15.8613196403459;15.8613196403459;15.8613196403459;15.8613196403459;0.211993;7;4677.25 * x_6 * HeaderCompressionOff;2;3.7191873409669;
6;3530.83333333334 * CompressionMethod + 20236.6666666667 * x_10 + 16052.1666666667 * x_8 + 4563.08333333334 * x_6 + -1279.00000000001 * Files_20 + 4563.08333333334 * x_6 * HeaderCompressionOff + -913.33333333334 * x_4;13.4874844995803;13.4874844995803;13.4874844995803;13.4874844995803;0.337804;8;-913.33333333334 * x_4;1;2.37383514076559;
7;3530.83333333333 * CompressionMethod + 20236.6666666667 * x_10 + 16052.1666666667 * x_8 + 4563.08333333334 * x_6 + -1278.99999999997 * Files_20 + 4563.08333333334 * x_6 * HeaderCompressionOff + -664.166666666656 * x_4 + -996.666666666661 * Files_10;13.4155148026108;13.4155148026108;13.4155148026108;13.4155148026108;0.506035;9;-996.666666666661 * Files_10;1;0.071969696969532;
Elapsed=00:00:00.5062862
Learning progress:
1;12775.3846153846 * CompressionMethod + -9393.38461538462 * x_2;80.5361333140554;80.5361333140554;80.5361333140554;80.5361333140554;0.006305;2;-9393.38461538462 * x_2;1;167.328325556214;
2;14645.4545454545 * CompressionMethod + -11263.4545454546 * x_2 + -12155.4545454546 * x_4;51.3302862485845;51.3302862485845;51.3302862485845;51.3302862485845;0.028486;3;-12155.4545454546 * x_4;1;29.2058470654708;
3;16289.3233082707 * CompressionMethod + -10496.3157894737 * x_2 + -12292.4436090226 * x_4 + -3013.75939849624 * tmOff;37.2581986989226;37.2581986989226;37.2581986989226;37.2581986989226;0.069706;4;-3013.75939849624 * tmOff;1;14.0720875496619;
4;10875.3975903614 * CompressionMethod + -6368.86746987952 * x_2 + -7682.56626506025 * x_4 + -1405.6626506024 * tmOff + 14258.4578313253 * x_10;29.6919161228151;29.6919161228151;29.6919161228151;29.6919161228151;0.135024;5;14258.4578313253 * x_10;1;7.5662825761075;
5;10539.7885196375 * CompressionMethod + -6207.64350453171 * x_2 + -6943.89728096676 * x_4 + -2211.78247734139 * tmOff + 14939.5468277946 * x_10 + 4096.40483383687 * Files_20;23.6668948377808;23.6668948377808;23.6668948377808;23.6668948377808;0.234386;6;4096.40483383687 * Files_20;1;6.02502128503428;
6;10445.5895578316 * CompressionMethod + -5702.76417686733 * x_2 + -6821.23532350736 * x_4 + -2268.70846864851 * tmOff + 15058.1426430177 * x_10 + 2270.70696977269 * Files_20 + 7402.41194104423 * Files_20 * LZMA;19.852622333232;19.852622333232;19.852622333232;19.852622333232;0.366065;8;7402.41194104423 * Files_20 * LZMA;2;1.90713625227442;
7;10277.0123839009 * CompressionMethod + -5770.19504643963 * x_2 + -6817.48916408669 * x_4 + -1939.04643962848 * tmOff + 15621.0030959753 * x_10 + 2132.09907120742 * Files_20 + 11128.9040247678 * Files_20 * LZMA + -3748.96904024767 * BlockSize_8;17.7963592904964;17.7963592904964;17.7963592904964;17.7963592904964;0.546324;9;-3748.96904024767 * BlockSize_8;1;2.05626304273556;
8;11031.864608076 * CompressionMethod + -5468.2541567696 * x_2 + -6834.26365795725 * x_4 + -3415.20190023753 * tmOff + 13100.635391924 * x_10 + 2752.75534441806 * Files_20 + 14760.5819477435 * Files_20 * LZMA + -7279.99999999997 * BlockSize_8 + 6772.70190023752 * x_10 * tmOff;15.7246653133639;15.7246653133639;15.7246653133639;15.7246653133639;0.778426;11;6772.70190023752 * x_10 * tmOff;2;1.03584698856624;
9;11012.1827613727 * CompressionMethod + -5268.97545889864 * x_2 + -6845.33469672784 * x_4 + -3698.94852354351 * tmOff + 12947.6910415004 * x_10 + 2989.75758180366 * Files_20 + 14827.0081803671 * Files_20 * LZMA + -7970.50478850757 * BlockSize_8 + 7229.07472067041 * x_10 * tmOff + 690.504788507568 * LZMA;13.5368882631285;13.5368882631285;13.5368882631285;13.5368882631285;1.083787;12;690.504788507568 * LZMA;1;2.18777705023548;
10;11190.5313319037 * CompressionMethod + -5030.81486776269 * x_2 + -7766.98355968549 * x_4 + -4307.21864824079 * tmOff + 12630.3248351998 * x_10 + 3340.29227225796 * Files_20 + 14906.3950440791 * Files_20 * LZMA + -8526.57533158606 * BlockSize_8 + 7976.3624811373 * x_10 * tmOff + 1246.57533158606 * LZMA + 3633.67087602252 * BlockSize_4;12.5186337006687;12.5186337006687;12.5186337006687;12.5186337006687;1.44958;13;3633.67087602252 * BlockSize_4;1;1.01825456245974;
11;11190.5313319037 * CompressionMethod + -5030.81486776268 * x_2 + -7766.98355968549 * x_4 + -4307.21864824081 * tmOff + 12630.3248351998 * x_10 + 3340.29227225797 * Files_20 + 14906.3950440791 * Files_20 * LZMA + -4263.28766579304 * BlockSize_8 + 7976.36248113732 * x_10 * tmOff + 1246.57533158605 * LZMA + 3633.67087602258 * BlockSize_4 + -4263.28766579304 * BlockSize_8 * LZMA;11.1694543689829;11.1694543689829;11.1694543689829;11.1694543689829;1.879916;15;-4263.28766579304 * BlockSize_8 * LZMA;2;0.674589665842896;
12;11190.5313319037 * CompressionMethod + -5030.81486776269 * x_2 + -7766.9835596855 * x_4 + -4307.21864824083 * tmOff + 12630.3248351998 * x_10 + 3340.29227225797 * Files_20 + 14906.3950440791 * Files_20 * LZMA + -2842.19177719536 * BlockSize_8 + 7976.36248113735 * x_10 * tmOff + 1246.57533158607 * LZMA + 3633.6708760226 * BlockSize_4 + -2842.19177719536 * BlockSize_8 * LZMA + -2842.19177719536 * BlockSize_8 * filterOff;10.5898933524091;10.5898933524091;10.5898933524091;10.5898933524091;2.404314;17;-2842.19177719536 * BlockSize_8 * filterOff;2;0.289780508286901;
13;11186.7269667648 * CompressionMethod + -5000.58897770299 * x_2 + -7764.97686159023 * x_4 + -4290.67732435843 * tmOff + 12636.9162810265 * x_10 + 3317.48001682793 * Files_20 + 14741.0096760623 * Files_20 * LZMA + -2779.98878137709 * BlockSize_8 + 7957.03407656709 * x_10 * tmOff + 1235.42700883465 * LZMA + 3618.92721918382 * BlockSize_4 + -2779.98878137708 * BlockSize_8 * LZMA + -2779.98878137708 * BlockSize_8 * filterOff + -175.460664703412 * tmOff * Files_80;10.4432463299413;10.4432463299413;10.4432463299413;10.4432463299413;3.024773;19;-175.460664703412 * tmOff * Files_80;2;0.0733235112339292;
Elapsed=00:00:03.0251376
Learning progress:
1;11356.8965517241 * CompressionMethod + -8846.89655172414 * BlockSize_1024;114.711352653924;114.711352653924;114.711352653924;114.711352653924;0.005932;2;-8846.89655172414 * BlockSize_1024;1;205.02520598467;
2;7521.90635451505 * CompressionMethod + -8719.06354515051 * BlockSize_1024 + 5560.73578595318 * filterOff;86.2899823370832;86.2899823370832;86.2899823370832;86.2899823370832;0.025175;3;5560.73578595318 * filterOff;1;28.4213703168413;
3;5792.73409893992 * CompressionMethod + -9013.14045936395 * BlockSize_1024 + 5078.44964664312 * filterOff + 3517.15989399293 * HeaderCompressionOff;52.0292062157222;52.0292062157222;52.0292062157222;52.0292062157222;0.063692;4;3517.15989399293 * HeaderCompressionOff;1;34.260776121361;
4;3494.97700562084 * CompressionMethod + -8481.73735309147 * BlockSize_1024 + 6627.75166070517 * filterOff + 4617.38886050077 * HeaderCompressionOff + 16945.0229943792 * Files_50;38.9670789884693;38.9670789884693;38.9670789884693;38.9670789884693;0.128668;5;16945.0229943792 * Files_50;1;13.0621272272529;
5;2548.794489093 * CompressionMethod + -7526.67049368542 * BlockSize_1024 + 6840.97588978187 * filterOff + 4390.83811710678 * HeaderCompressionOff + 17891.205510907 * Files_50 + 8693.32950631459 * x_8;29.2320887973568;29.2320887973568;29.2320887973568;29.2320887973568;0.221;6;8693.32950631459 * x_8;1;9.73499019111252;
6;2108.88535031848 * CompressionMethod + -7420.54140127388 * BlockSize_1024 + 7297.89808917197 * filterOff + 4434.58598726115 * HeaderCompressionOff + 18331.1146496815 * Files_50 + 8093.82165605094 * x_8 + 2116.91082802548 * BlockSize_1;27.7169238245554;27.7169238245554;27.7169238245554;27.7169238245554;0.345056;7;2116.91082802548 * BlockSize_1;1;1.51516497280141;
7;1667.39675016925 * CompressionMethod + -8159.90182802979 * BlockSize_1024 + 8111.72647257957 * filterOff + 5392.03114421124 * HeaderCompressionOff + 18772.6032498308 * Files_50 + 7221.4827352742 * x_8 + 2515.84631008803 * BlockSize_1 + -9186.15436696007 * BlockSize_64;25.9792133921251;25.9792133921251;25.9792133921251;25.9792133921251;0.509893;8;-9186.15436696007 * BlockSize_64;1;1.73771043243029;
8;1941.05442176872 * CompressionMethod + -8334.04761904762 * BlockSize_1024 + 8397.82312925169 * filterOff + 4956.66666666666 * HeaderCompressionOff + 18498.9455782313 * Files_50 + 7034.89795918368 * x_8 + 7802.41496598639 * BlockSize_1 + -6685.91836734694 * BlockSize_64 + -5249.25170068028 * Files_30;23.6527936564602;23.6527936564602;23.6527936564602;23.6527936564602;0.713181;9;-5249.25170068028 * Files_30;1;2.32641973566489;
9;1685.60769656698 * CompressionMethod + -8930.0899778516 * BlockSize_1024 + 9079.01439645627 * filterOff + 5552.70902547066 * HeaderCompressionOff + 18754.392303433 * Files_50 + 9674.51411960133 * x_8 + 9505.39313399782 * BlockSize_1 + -2002.7284053156 * BlockSize_64 + -8314.6124031008 * Files_30 + -8344.59302325582 * HeaderCompressionOff * Files_90;18.3873983304196;18.3873983304196;18.3873983304196;18.3873983304196;0.975172;11;-8344.59302325582 * HeaderCompressionOff * Files_90;2;2.63269766302029;
10;1739.64875681201 * CompressionMethod + -8978.05900885558 * BlockSize_1024 + 9152.48595027248 * filterOff + 5470.12942779292 * HeaderCompressionOff + 18700.351243188 * Files_50 + 12814.9676430518 * x_8 + 10668.1867336512 * BlockSize_1 + -1070.06471389646 * BlockSize_64 + -8867.1670640327 * Files_30 + -9747.23177792915 * HeaderCompressionOff * Files_90 + -4386.43392370575 * x_8 * mtOff;16.7071479146095;16.7071479146095;16.7071479146095;16.7071479146095;1.307929;13;-4386.43392370575 * x_8 * mtOff;2;0.840125207905063;
11;1739.64875681199 * CompressionMethod + -8978.0590088556 * BlockSize_1024 + 9152.48595027248 * filterOff + 5470.12942779292 * HeaderCompressionOff + 18700.351243188 * Files_50 + 12814.9676430518 * x_8 + 10668.1867336512 * BlockSize_1 + -535.032356948235 * BlockSize_64 + -8867.16706403269 * Files_30 + -9747.23177792919 * HeaderCompressionOff * Files_90 + -4386.43392370577 * x_8 * mtOff + -535.03235694823 * BlockSize_64 * filterOff;16.7071479146092;16.7071479146092;16.7071479146092;16.7071479146092;1.713185;15;-535.03235694823 * BlockSize_64 * filterOff;2;1.70530256582424E-13;
Elapsed=00:00:01.7134777
Learning progress:
1;12704.6153846154 * CompressionMethod + -8132.61538461538 * x_0;155.05748921056;155.05748921056;155.05748921056;155.05748921056;0.005537;2;-8132.61538461538 * x_0;1;95.8113075632079;
2;14498.6363636364 * CompressionMethod + -9926.63636363638 * x_0 + -11661.1363636364 * x_4;97.6994024186794;97.6994024186794;97.6994024186794;97.6994024186794;0.026154;3;-11661.1363636364 * x_4;1;57.3580867918809;
3;19628 * CompressionMethod + -15056 * x_0 + -16790.5 * x_4 + -16120.8571428571 * x_2;53.0203807411209;53.0203807411209;53.0203807411209;53.0203807411209;0.064688;4;-16120.8571428571 * x_2;1;44.6790216775585;
4;19101.0220955096 * CompressionMethod + -16109.9558089808 * x_0 + -18239.6892373486 * x_4 + -16723.1176051319 * x_2 + 7904.66856735566 * BlockSize_4096;35.1570378148874;35.1570378148874;35.1570378148874;35.1570378148874;0.125788;5;7904.66856735566 * BlockSize_4096;1;17.8633429262335;
5;19040.1142857143 * CompressionMethod + -16231.7714285714 * x_0 + -17150.5142857143 * x_4 + -16074.6285714286 * x_2 + 8818.28571428573 * BlockSize_4096 + -5026.68571428572 * Files_80;30.268367023845;30.268367023845;30.268367023845;30.268367023845;0.219546;6;-5026.68571428572 * Files_80;1;4.88867079104241;
6;19043.9165154265 * CompressionMethod + -16046.7295825772 * x_0 + -17145.444646098 * x_4 + -16073.3611615245 * x_2 + 8761.25226860255 * BlockSize_4096 + -5005.13974591652 * Files_80 + -887.186932849352 * Files_40;28.3564983401042;28.3564983401042;28.3564983401042;28.3564983401042;0.343346;7;-887.186932849352 * Files_40;1;1.91186868374077;
7;19043.9165154265 * CompressionMethod + -16046.7295825771 * x_0 + -17145.444646098 * x_4 + -16073.3611615245 * x_2 + 8761.25226860255 * BlockSize_4096 + -5005.13974591652 * Files_80 + -443.593466424668 * Files_40 + -443.593466424668 * x_0 * Deflate;26.7883653281391;26.7883653281391;26.7883653281391;26.7883653281391;0.512875;9;-443.593466424668 * x_0 * Deflate;2;0.784066505982542;
8;19043.9165154265 * CompressionMethod + -16046.7295825771 * x_0 + -17145.444646098 * x_4 + -16073.3611615245 * x_2 + 8761.25226860256 * BlockSize_4096 + -2502.56987295827 * Files_80 + -443.59346642468 * Files_40 + -443.593466424677 * x_0 * Deflate + -2502.56987295827 * Files_80 * Deflate;25.2405116214605;25.2405116214605;25.2405116214605;25.2405116214605;0.729346;11;-2502.56987295827 * Files_80 * Deflate;2;0.773926853339324;
9;18941.8657491561 * CompressionMethod + -15952.8356271098 * x_0 + -17048.4692287717 * x_4 + -15974.2105946507 * x_2 + 8793.87951181512 * BlockSize_4096 + -2508.73279667622 * Files_80 + -439.515061023088 * Files_40 + -439.515061023088 * x_0 * Deflate + -2508.73279667622 * Files_80 * Deflate + 1498.13425084387 * Files_50;25.0666359184397;25.0666359184397;25.0666359184397;25.0666359184397;1.003233;12;1498.13425084387 * Files_50;1;0.173875703020755;
Elapsed=00:00:01.0035090
Learning progress:
1;6555.38461538461 * CompressionMethod + 12394.6153846154 * x_8;90.3753896573691;90.3753896573691;90.3753896573691;90.3753896573691;0.00571;2;12394.6153846154 * x_8;1;49.5388883756638;
2;5179.52380952381 * CompressionMethod + 13770.4761904762 * x_8 + 7154.47619047619 * x_10;63.6535757850141;63.6535757850141;63.6535757850141;63.6535757850141;0.024777;3;7154.47619047619 * x_10;1;26.721813872355;
3;5287.66304347825 * CompressionMethod + 14116.5217391304 * x_8 + 7046.33695652174 * x_10 + -2270.92391304349 * BlockSize_32;50.3947916532111;50.3947916532111;50.3947916532111;50.3947916532111;0.063649;4;-2270.92391304349 * BlockSize_32;1;13.258784131803;
4;5556.58597662771 * CompressionMethod + 13877.4791318865 * x_8 + 7327.21202003338 * x_10 + -2420.32554257095 * BlockSize_32 + -2748.98998330551 * BlockSize_512;44.2531538865537;44.2531538865537;44.2531538865537;44.2531538865537;0.211968;5;-2748.98998330551 * BlockSize_512;1;6.14163776665746;
5;5792.43470149253 * CompressionMethod + 13667.8358208955 * x_8 + 7125.05597014926 * x_10 + -2551.3526119403 * BlockSize_32 + -2917.45335820895 * BlockSize_512 + -2242.43470149253 * BlockSize_4096;37.1580160276262;37.1580160276262;37.1580160276262;37.1580160276262;0.371883;6;-2242.43470149253 * BlockSize_4096;1;7.09513785892748;
6;5875.17241379311 * CompressionMethod + 13242.3275862069 * x_8 + 7054.13793103448 * x_10 + -837.500000000015 * BlockSize_32 + -2976.55172413793 * BlockSize_512 + -2325.1724137931 * BlockSize_4096 + -3167.67241379308 * BlockSize_32 * Deflate;32.9893712687873;32.9893712687873;32.9893712687873;32.9893712687873;0.499972;8;-3167.67241379308 * BlockSize_32 * Deflate;2;2.08432237941946;
7;6018.48214285714 * CompressionMethod + 13692.7295918367 * x_8 + 6931.30102040816 * x_10 + -1431.21173469387 * BlockSize_32 + -3078.91581632653 * BlockSize_512 + -2468.48214285715 * BlockSize_4096 + -2717.27040816327 * BlockSize_32 * Deflate + -2374.8469387755 * BlockSize_1;31.172895075669;31.172895075669;31.172895075669;31.172895075669;0.680007;9;-2374.8469387755 * BlockSize_1;1;1.81647619311821;
8;6138.52355072464 * CompressionMethod + 13589.8369565217 * x_8 + 7188.53260869565 * x_10 + -1448.36050724637 * BlockSize_32 + -3284.70108695652 * BlockSize_512 + -2588.52355072463 * BlockSize_4096 + -2820.16304347826 * BlockSize_32 * Deflate + -2443.44202898551 * BlockSize_1 + -840.289855072453 * Files_60;29.5198279324025;29.5198279324025;29.5198279324025;29.5198279324025;0.906129;10;-840.289855072453 * Files_60;1;1.65306714326652;
9;5995.21166134186 * CompressionMethod + 13712.6757188498 * x_8 + 13944.6645367412 * x_10 + -1427.8873801917 * BlockSize_32 + -1626.37779552716 * BlockSize_512 + -2445.21166134186 * BlockSize_4096 + -2697.32428115014 * BlockSize_32 * Deflate + -2361.54952076678 * BlockSize_1 + -1249.75239616614 * Files_60 + -11301.1661341853 * x_10 * PPMd;27.6047904351607;27.6047904351607;27.6047904351607;27.6047904351607;1.183158;12;-11301.1661341853 * x_10 * PPMd;2;0.957518748620906;
10;6931.92580049261 * CompressionMethod + 13877.0874384236 * x_8 + 13507.6754926108 * x_10 + -2529.01323891627 * BlockSize_32 + -1438.16964285714 * BlockSize_512 + -2027.69242610837 * BlockSize_4096 + -2532.91256157636 * BlockSize_32 * Deflate + -2703.35283251232 * BlockSize_1 + -894.969211822664 * Files_60 + -11530.4772167488 * x_10 * PPMd + -1354.23337438423 * tmOff;24.0188018229397;24.0188018229397;24.0188018229397;24.0188018229397;1.542222;13;-1354.23337438423 * tmOff;1;3.58598861222107;
11;6911.29648241206 * CompressionMethod + 13852.5552763819 * x_8 + 13477.567839196 * x_10 + -2483.85175879397 * BlockSize_32 + -775.243718592963 * BlockSize_512 + -2066.16331658291 * BlockSize_4096 + -2557.44472361808 * BlockSize_32 * Deflate + -2700.00753768842 * BlockSize_1 + -852.595477386926 * Files_60 + -11734.5402010051 * x_10 * PPMd + -1295.13316582915 * tmOff + -1810.91959798997 * BlockSize_512 * filterOff;20.7599344128676;20.7599344128676;20.7599344128676;20.7599344128676;1.974667;15;-1810.91959798997 * BlockSize_512 * filterOff;2;1.62943370503601;
12;6928.61921708185 * CompressionMethod + 13539.3024911032 * x_8 + 13471.7935943061 * x_10 + -2187.92170818505 * BlockSize_32 + -765.138790035591 * BlockSize_512 + -2041.62277580072 * BlockSize_4096 + -2870.69750889678 * BlockSize_32 * Deflate + -2539.77224199288 * BlockSize_1 + -833.829181494654 * Files_60 + -11741.7580071174 * x_10 * PPMd + -1336.99644128115 * tmOff + -1796.48398576512 * BlockSize_512 * filterOff + 1149.07473309609 * x_8 * BlockSize_16;19.7135864079506;19.7135864079506;19.7135864079506;19.7135864079506;2.504741;17;1149.07473309609 * x_8 * BlockSize_16;2;0.52317400245852;
13;6901.84261868631 * CompressionMethod + 13596.1814437459 * x_8 + 13496.6941252981 * x_10 + -2218.02406243227 * BlockSize_32 + -712.864730110548 * BlockSize_512 + -1955.75005419466 * BlockSize_4096 + -2813.81855625404 * BlockSize_32 * Deflate + -2511.88705831346 * BlockSize_1 + -770.980923477131 * Files_60 + -11758.5573379579 * x_10 * PPMd + -1396.09256449165 * tmOff + -1762.88532408411 * BlockSize_512 * filterOff + 1178.0685020594 * x_8 * BlockSize_16 + 479.249945805345 * BlockSize_64;19.5938165079921;19.5938165079921;19.5938165079921;19.5938165079921;3.133145;18;479.249945805345 * BlockSize_64;1;0.119769899958463;
Elapsed=00:00:03.1335049
Learning progress:
1;6886.08695652174 * CompressionMethod + 16881.4130434783 * x_10;83.6915996072685;83.6915996072685;83.6915996072685;83.6915996072685;0.008128;2;16881.4130434783 * x_10;1;103.416788236654;
2;5045.49999999999 * CompressionMethod + 18722 * x_10 + 14111.1666666667 * x_8;43.7190444485273;43.7190444485273;43.7190444485273;43.7190444485273;0.028059;3;14111.1666666667 * x_8;1;39.9725551587412;
3;3302.50000000001 * CompressionMethod + 20465 * x_10 + 15854.1666666667 * x_8 + 8715.00000000001 * x_6;28.3567413215888;28.3567413215888;28.3567413215888;28.3567413215888;0.065286;4;8715.00000000001 * x_6;1;15.3623031269386;
4;3302.5 * CompressionMethod + 20465 * x_10 + 16280.5 * x_8 + 9354.5 * x_6 + -1279 * Files_20;23.2996943222797;23.2996943222797;23.2996943222797;23.2996943222797;0.12477;5;-1279 * Files_20;1;5.05704699930907;
5;3302.5 * CompressionMethod + 20465 * x_10 + 16280.5 * x_8 + 4677.25 * x_6 + -1279.00000000001 * Files_20 + 4677.25 * x_6 * HeaderCompressionOff;15.8613196403459;15.8613196403459;15.8613196403459;15.8613196403459;0.211755;7;4677.25 * x_6 * HeaderCompressionOff;2;3.7191873409669;
6;3530.83333333334 * CompressionMethod + 20236.6666666667 * x_10 + 16052.1666666667 * x_8 + 4563.08333333334 * x_6 + -1279.00000000001 * Files_20 + 4563.08333333334 * x_6 * HeaderCompressionOff + -913.33333333334 * x_4;13.4874844995803;13.4874844995803;13.4874844995803;13.4874844995803;0.348178;8;-913.33333333334 * x_4;1;2.37383514076559;
7;3530.83333333333 * CompressionMethod + 20236.6666666667 * x_10 + 16052.1666666667 * x_8 + 4563.08333333334 * x_6 + -1278.99999999997 * Files_20 + 4563.08333333334 * x_6 * HeaderCompressionOff + -664.166666666656 * x_4 + -996.666666666661 * Files_10;13.4155148026108;13.4155148026108;13.4155148026108;13.4155148026108;0.512575;9;-996.666666666661 * Files_10;1;0.071969696969532;
Elapsed=00:00:00.5128190
Learning progress:
1;12775.3846153846 * CompressionMethod + -9393.38461538462 * x_2;80.5361333140554;80.5361333140554;80.5361333140554;80.5361333140554;0.007931;2;-9393.38461538462 * x_2;1;167.328325556214;
2;14645.4545454545 * CompressionMethod + -11263.4545454546 * x_2 + -12155.4545454546 * x_4;51.3302862485845;51.3302862485845;51.3302862485845;51.3302862485845;0.029662;3;-12155.4545454546 * x_4;1;29.2058470654708;
3;16289.3233082707 * CompressionMethod + -10496.3157894737 * x_2 + -12292.4436090226 * x_4 + -3013.75939849624 * tmOff;37.2581986989226;37.2581986989226;37.2581986989226;37.2581986989226;0.070552;4;-3013.75939849624 * tmOff;1;14.0720875496619;
4;10875.3975903614 * CompressionMethod + -6368.86746987952 * x_2 + -7682.56626506025 * x_4 + -1405.6626506024 * tmOff + 14258.4578313253 * x_10;29.6919161228151;29.6919161228151;29.6919161228151;29.6919161228151;0.137396;5;14258.4578313253 * x_10;1;7.5662825761075;
5;10539.7885196375 * CompressionMethod + -6207.64350453171 * x_2 + -6943.89728096676 * x_4 + -2211.78247734139 * tmOff + 14939.5468277946 * x_10 + 4096.40483383687 * Files_20;23.6668948377808;23.6668948377808;23.6668948377808;23.6668948377808;0.232549;6;4096.40483383687 * Files_20;1;6.02502128503428;
6;10445.5895578316 * CompressionMethod + -5702.76417686733 * x_2 + -6821.23532350736 * x_4 + -2268.70846864851 * tmOff + 15058.1426430177 * x_10 + 2270.70696977269 * Files_20 + 7402.41194104423 * Files_20 * LZMA;19.852622333232;19.852622333232;19.852622333232;19.852622333232;0.363955;8;7402.41194104423 * Files_20 * LZMA;2;1.90713625227442;
7;10277.0123839009 * CompressionMethod + -5770.19504643963 * x_2 + -6817.48916408669 * x_4 + -1939.04643962848 * tmOff + 15621.0030959753 * x_10 + 2132.09907120742 * Files_20 + 11128.9040247678 * Files_20 * LZMA + -3748.96904024767 * BlockSize_8;17.7963592904964;17.7963592904964;17.7963592904964;17.7963592904964;0.546233;9;-3748.96904024767 * BlockSize_8;1;2.05626304273556;
8;11031.864608076 * CompressionMethod + -5468.2541567696 * x_2 + -6834.26365795725 * x_4 + -3415.20190023753 * tmOff + 13100.635391924 * x_10 + 2752.75534441806 * Files_20 + 14760.5819477435 * Files_20 * LZMA + -7279.99999999997 * BlockSize_8 + 6772.70190023752 * x_10 * tmOff;15.7246653133639;15.7246653133639;15.7246653133639;15.7246653133639;0.783877;11;6772.70190023752 * x_10 * tmOff;2;1.03584698856624;
9;11012.1827613727 * CompressionMethod + -5268.97545889864 * x_2 + -6845.33469672784 * x_4 + -3698.94852354351 * tmOff + 12947.6910415004 * x_10 + 2989.75758180366 * Files_20 + 14827.0081803671 * Files_20 * LZMA + -7970.50478850757 * BlockSize_8 + 7229.07472067041 * x_10 * tmOff + 690.504788507568 * LZMA;13.5368882631285;13.5368882631285;13.5368882631285;13.5368882631285;1.077051;12;690.504788507568 * LZMA;1;2.18777705023548;
10;11190.5313319037 * CompressionMethod + -5030.81486776269 * x_2 + -7766.98355968549 * x_4 + -4307.21864824079 * tmOff + 12630.3248351998 * x_10 + 3340.29227225796 * Files_20 + 14906.3950440791 * Files_20 * LZMA + -8526.57533158606 * BlockSize_8 + 7976.3624811373 * x_10 * tmOff + 1246.57533158606 * LZMA + 3633.67087602252 * BlockSize_4;12.5186337006687;12.5186337006687;12.5186337006687;12.5186337006687;1.441101;13;3633.67087602252 * BlockSize_4;1;1.01825456245974;
11;11190.5313319037 * CompressionMethod + -5030.81486776268 * x_2 + -7766.98355968549 * x_4 + -4307.21864824081 * tmOff + 12630.3248351998 * x_10 + 3340.29227225797 * Files_20 + 14906.3950440791 * Files_20 * LZMA + -4263.28766579304 * BlockSize_8 + 7976.36248113732 * x_10 * tmOff + 1246.57533158605 * LZMA + 3633.67087602258 * BlockSize_4 + -4263.28766579304 * BlockSize_8 * LZMA;11.1694543689829;11.1694543689829;11.1694543689829;11.1694543689829;1.88268;15;-4263.28766579304 * BlockSize_8 * LZMA;2;0.674589665842896;
12;11190.5313319037 * CompressionMethod + -5030.81486776269 * x_2 + -7766.9835596855 * x_4 + -4307.21864824083 * tmOff + 12630.3248351998 * x_10 + 3340.29227225797 * Files_20 + 14906.3950440791 * Files_20 * LZMA + -2842.19177719536 * BlockSize_8 + 7976.36248113735 * x_10 * tmOff + 1246.57533158607 * LZMA + 3633.6708760226 * BlockSize_4 + -2842.19177719536 * BlockSize_8 * LZMA + -2842.19177719536 * BlockSize_8 * filterOff;10.5898933524091;10.5898933524091;10.5898933524091;10.5898933524091;2.410479;17;-2842.19177719536 * BlockSize_8 * filterOff;2;0.289780508286901;
13;11186.7269667648 * CompressionMethod + -5000.58897770299 * x_2 + -7764.97686159023 * x_4 + -4290.67732435843 * tmOff + 12636.9162810265 * x_10 + 3317.48001682793 * Files_20 + 14741.0096760623 * Files_20 * LZMA + -2779.98878137709 * BlockSize_8 + 7957.03407656709 * x_10 * tmOff + 1235.42700883465 * LZMA + 3618.92721918382 * BlockSize_4 + -2779.98878137708 * BlockSize_8 * LZMA + -2779.98878137708 * BlockSize_8 * filterOff + -175.460664703412 * tmOff * Files_80;10.4432463299413;10.4432463299413;10.4432463299413;10.4432463299413;3.03171;19;-175.460664703412 * tmOff * Files_80;2;0.0733235112339292;
Elapsed=00:00:03.0320763
Learning progress:
1;11356.8965517241 * CompressionMethod + -8846.89655172414 * BlockSize_1024;114.711352653924;114.711352653924;114.711352653924;114.711352653924;0.007498;2;-8846.89655172414 * BlockSize_1024;1;205.02520598467;
2;7521.90635451505 * CompressionMethod + -8719.06354515051 * BlockSize_1024 + 5560.73578595318 * filterOff;86.2899823370832;86.2899823370832;86.2899823370832;86.2899823370832;0.027189;3;5560.73578595318 * filterOff;1;28.4213703168413;
3;5792.73409893992 * CompressionMethod + -9013.14045936395 * BlockSize_1024 + 5078.44964664312 * filterOff + 3517.15989399293 * HeaderCompressionOff;52.0292062157222;52.0292062157222;52.0292062157222;52.0292062157222;0.065886;4;3517.15989399293 * HeaderCompressionOff;1;34.260776121361;
4;3494.97700562084 * CompressionMethod + -8481.73735309147 * BlockSize_1024 + 6627.75166070517 * filterOff + 4617.38886050077 * HeaderCompressionOff + 16945.0229943792 * Files_50;38.9670789884693;38.9670789884693;38.9670789884693;38.9670789884693;0.133037;5;16945.0229943792 * Files_50;1;13.0621272272529;
5;2548.794489093 * CompressionMethod + -7526.67049368542 * BlockSize_1024 + 6840.97588978187 * filterOff + 4390.83811710678 * HeaderCompressionOff + 17891.205510907 * Files_50 + 8693.32950631459 * x_8;29.2320887973568;29.2320887973568;29.2320887973568;29.2320887973568;0.222604;6;8693.32950631459 * x_8;1;9.73499019111252;
6;2108.88535031848 * CompressionMethod + -7420.54140127388 * BlockSize_1024 + 7297.89808917197 * filterOff + 4434.58598726115 * HeaderCompressionOff + 18331.1146496815 * Files_50 + 8093.82165605094 * x_8 + 2116.91082802548 * BlockSize_1;27.7169238245554;27.7169238245554;27.7169238245554;27.7169238245554;0.347744;7;2116.91082802548 * BlockSize_1;1;1.51516497280141;
7;1667.39675016925 * CompressionMethod + -8159.90182802979 * BlockSize_1024 + 8111.72647257957 * filterOff + 5392.03114421124 * HeaderCompressionOff + 18772.6032498308 * Files_50 + 7221.4827352742 * x_8 + 2515.84631008803 * BlockSize_1 + -9186.15436696007 * BlockSize_64;25.9792133921251;25.9792133921251;25.9792133921251;25.9792133921251;0.511987;8;-9186.15436696007 * BlockSize_64;1;1.73771043243029;
8;1941.05442176872 * CompressionMethod + -8334.04761904762 * BlockSize_1024 + 8397.82312925169 * filterOff + 4956.66666666666 * HeaderCompressionOff + 18498.9455782313 * Files_50 + 7034.89795918368 * x_8 + 7802.41496598639 * BlockSize_1 + -6685.91836734694 * BlockSize_64 + -5249.25170068028 * Files_30;23.6527936564602;23.6527936564602;23.6527936564602;23.6527936564602;0.72098;9;-5249.25170068028 * Files_30;1;2.32641973566489;
9;1685.60769656698 * CompressionMethod + -8930.0899778516 * BlockSize_1024 + 9079.01439645627 * filterOff + 5552.70902547066 * HeaderCompressionOff + 18754.392303433 * Files_50 + 9674.51411960133 * x_8 + 9505.39313399782 * BlockSize_1 + -2002.7284053156 * BlockSize_64 + -8314.6124031008 * Files_30 + -8344.59302325582 * HeaderCompressionOff * Files_90;18.3873983304196;18.3873983304196;18.3873983304196;18.3873983304196;0.978081;11;-8344.59302325582 * HeaderCompressionOff * Files_90;2;2.63269766302029;
10;1739.64875681201 * CompressionMethod + -8978.05900885558 * BlockSize_1024 + 9152.48595027248 * filterOff + 5470.12942779292 * HeaderCompressionOff + 18700.351243188 * Files_50 + 12814.9676430518 * x_8 + 10668.1867336512 * BlockSize_1 + -1070.06471389646 * BlockSize_64 + -8867.1670640327 * Files_30 + -9747.23177792915 * HeaderCompressionOff * Files_90 + -4386.43392370575 * x_8 * mtOff;16.7071479146095;16.7071479146095;16.7071479146095;16.7071479146095;1.304842;13;-4386.43392370575 * x_8 * mtOff;2;0.840125207905063;
11;1739.64875681199 * CompressionMethod + -8978.0590088556 * BlockSize_1024 + 9152.48595027248 * filterOff + 5470.12942779292 * HeaderCompressionOff + 18700.351243188 * Files_50 + 12814.9676430518 * x_8 + 10668.1867336512 * BlockSize_1 + -535.032356948235 * BlockSize_64 + -8867.16706403269 * Files_30 + -9747.23177792919 * HeaderCompressionOff * Files_90 + -4386.43392370577 * x_8 * mtOff + -535.03235694823 * BlockSize_64 * filterOff;16.7071479146092;16.7071479146092;16.7071479146092;16.7071479146092;1.719864;15;-535.03235694823 * BlockSize_64 * filterOff;2;1.70530256582424E-13;
Elapsed=00:00:01.7201811
Learning progress:
1;12704.6153846154 * CompressionMethod + -8132.61538461538 * x_0;155.05748921056;155.05748921056;155.05748921056;155.05748921056;0.005428;2;-8132.61538461538 * x_0;1;95.8113075632079;
2;14498.6363636364 * CompressionMethod + -9926.63636363638 * x_0 + -11661.1363636364 * x_4;97.6994024186794;97.6994024186794;97.6994024186794;97.6994024186794;0.027722;3;-11661.1363636364 * x_4;1;57.3580867918809;
3;19628 * CompressionMethod + -15056 * x_0 + -16790.5 * x_4 + -16120.8571428571 * x_2;53.0203807411209;53.0203807411209;53.0203807411209;53.0203807411209;0.067412;4;-16120.8571428571 * x_2;1;44.6790216775585;
4;19101.0220955096 * CompressionMethod + -16109.9558089808 * x_0 + -18239.6892373486 * x_4 + -16723.1176051319 * x_2 + 7904.66856735566 * BlockSize_4096;35.1570378148874;35.1570378148874;35.1570378148874;35.1570378148874;0.12885;5;7904.66856735566 * BlockSize_4096;1;17.8633429262335;
5;19040.1142857143 * CompressionMethod + -16231.7714285714 * x_0 + -17150.5142857143 * x_4 + -16074.6285714286 * x_2 + 8818.28571428573 * BlockSize_4096 + -5026.68571428572 * Files_80;30.268367023845;30.268367023845;30.268367023845;30.268367023845;0.219042;6;-5026.68571428572 * Files_80;1;4.88867079104241;
6;19043.9165154265 * CompressionMethod + -16046.7295825772 * x_0 + -17145.444646098 * x_4 + -16073.3611615245 * x_2 + 8761.25226860255 * BlockSize_4096 + -5005.13974591652 * Files_80 + -887.186932849352 * Files_40;28.3564983401042;28.3564983401042;28.3564983401042;28.3564983401042;0.341269;7;-887.186932849352 * Files_40;1;1.91186868374077;
7;19043.9165154265 * CompressionMethod + -16046.7295825771 * x_0 + -17145.444646098 * x_4 + -16073.3611615245 * x_2 + 8761.25226860255 * BlockSize_4096 + -5005.13974591652 * Files_80 + -443.593466424668 * Files_40 + -443.593466424668 * x_0 * Deflate;26.7883653281391;26.7883653281391;26.7883653281391;26.7883653281391;0.502419;9;-443.593466424668 * x_0 * Deflate;2;0.784066505982542;
8;19043.9165154265 * CompressionMethod + -16046.7295825771 * x_0 + -17145.444646098 * x_4 + -16073.3611615245 * x_2 + 8761.25226860256 * BlockSize_4096 + -2502.56987295827 * Files_80 + -443.59346642468 * Files_40 + -443.593466424677 * x_0 * Deflate + -2502.56987295827 * Files_80 * Deflate;25.2405116214605;25.2405116214605;25.2405116214605;25.2405116214605;0.713536;11;-2502.56987295827 * Files_80 * Deflate;2;0.773926853339324;
9;18941.8657491561 * CompressionMethod + -15952.8356271098 * x_0 + -17048.4692287717 * x_4 + -15974.2105946507 * x_2 + 8793.87951181512 * BlockSize_4096 + -2508.73279667622 * Files_80 + -439.515061023088 * Files_40 + -439.515061023088 * x_0 * Deflate + -2508.73279667622 * Files_80 * Deflate + 1498.13425084387 * Files_50;25.0666359184397;25.0666359184397;25.0666359184397;25.0666359184397;0.984032;12;1498.13425084387 * Files_50;1;0.173875703020755;
Elapsed=00:00:00.9843670
Learning progress:
1;6555.38461538461 * CompressionMethod + 12394.6153846154 * x_8;90.3753896573691;90.3753896573691;90.3753896573691;90.3753896573691;0.005691;2;12394.6153846154 * x_8;1;49.5388883756638;
2;5179.52380952381 * CompressionMethod + 13770.4761904762 * x_8 + 7154.47619047619 * x_10;63.6535757850141;63.6535757850141;63.6535757850141;63.6535757850141;0.024697;3;7154.47619047619 * x_10;1;26.721813872355;
3;5287.66304347825 * CompressionMethod + 14116.5217391304 * x_8 + 7046.33695652174 * x_10 + -2270.92391304349 * BlockSize_32;50.3947916532111;50.3947916532111;50.3947916532111;50.3947916532111;0.062195;4;-2270.92391304349 * BlockSize_32;1;13.258784131803;
4;5556.58597662771 * CompressionMethod + 13877.4791318865 * x_8 + 7327.21202003338 * x_10 + -2420.32554257095 * BlockSize_32 + -2748.98998330551 * BlockSize_512;44.2531538865537;44.2531538865537;44.2531538865537;44.2531538865537;0.125646;5;-2748.98998330551 * BlockSize_512;1;6.14163776665746;
5;5792.43470149253 * CompressionMethod + 13667.8358208955 * x_8 + 7125.05597014926 * x_10 + -2551.3526119403 * BlockSize_32 + -2917.45335820895 * BlockSize_512 + -2242.43470149253 * BlockSize_4096;37.1580160276262;37.1580160276262;37.1580160276262;37.1580160276262;0.21643;6;-2242.43470149253 * BlockSize_4096;1;7.09513785892748;
6;5875.17241379311 * CompressionMethod + 13242.3275862069 * x_8 + 7054.13793103448 * x_10 + -837.500000000015 * BlockSize_32 + -2976.55172413793 * BlockSize_512 + -2325.1724137931 * BlockSize_4096 + -3167.67241379308 * BlockSize_32 * Deflate;32.9893712687873;32.9893712687873;32.9893712687873;32.9893712687873;0.349731;8;-3167.67241379308 * BlockSize_32 * Deflate;2;2.08432237941946;
7;6018.48214285714 * CompressionMethod + 13692.7295918367 * x_8 + 6931.30102040816 * x_10 + -1431.21173469387 * BlockSize_32 + -3078.91581632653 * BlockSize_512 + -2468.48214285715 * BlockSize_4096 + -2717.27040816327 * BlockSize_32 * Deflate + -2374.8469387755 * BlockSize_1;31.172895075669;31.172895075669;31.172895075669;31.172895075669;0.531945;9;-2374.8469387755 * BlockSize_1;1;1.81647619311821;
8;6138.52355072464 * CompressionMethod + 13589.8369565217 * x_8 + 7188.53260869565 * x_10 + -1448.36050724637 * BlockSize_32 + -3284.70108695652 * BlockSize_512 + -2588.52355072463 * BlockSize_4096 + -2820.16304347826 * BlockSize_32 * Deflate + -2443.44202898551 * BlockSize_1 + -840.289855072453 * Files_60;29.5198279324025;29.5198279324025;29.5198279324025;29.5198279324025;0.757897;10;-840.289855072453 * Files_60;1;1.65306714326652;
9;5995.21166134186 * CompressionMethod + 13712.6757188498 * x_8 + 13944.6645367412 * x_10 + -1427.8873801917 * BlockSize_32 + -1626.37779552716 * BlockSize_512 + -2445.21166134186 * BlockSize_4096 + -2697.32428115014 * BlockSize_32 * Deflate + -2361.54952076678 * BlockSize_1 + -1249.75239616614 * Files_60 + -11301.1661341853 * x_10 * PPMd;27.6047904351607;27.6047904351607;27.6047904351607;27.6047904351607;1.034836;12;-11301.1661341853 * x_10 * PPMd;2;0.957518748620906;
10;6931.92580049261 * CompressionMethod + 13877.0874384236 * x_8 + 13507.6754926108 * x_10 + -2529.01323891627 * BlockSize_32 + -1438.16964285714 * BlockSize_512 + -2027.69242610837 * BlockSize_4096 + -2532.91256157636 * BlockSize_32 * Deflate + -2703.35283251232 * BlockSize_1 + -894.969211822664 * Files_60 + -11530.4772167488 * x_10 * PPMd + -1354.23337438423 * tmOff;24.0188018229397;24.0188018229397;24.0188018229397;24.0188018229397;1.394474;13;-1354.23337438423 * tmOff;1;3.58598861222107;
11;6911.29648241206 * CompressionMethod + 13852.5552763819 * x_8 + 13477.567839196 * x_10 + -2483.85175879397 * BlockSize_32 + -775.243718592963 * BlockSize_512 + -2066.16331658291 * BlockSize_4096 + -2557.44472361808 * BlockSize_32 * Deflate + -2700.00753768842 * BlockSize_1 + -852.595477386926 * Files_60 + -11734.5402010051 * x_10 * PPMd + -1295.13316582915 * tmOff + -1810.91959798997 * BlockSize_512 * filterOff;20.7599344128676;20.7599344128676;20.7599344128676;20.7599344128676;1.827807;15;-1810.91959798997 * BlockSize_512 * filterOff;2;1.62943370503601;
12;6928.61921708185 * CompressionMethod + 13539.3024911032 * x_8 + 13471.7935943061 * x_10 + -2187.92170818505 * BlockSize_32 + -765.138790035591 * BlockSize_512 + -2041.62277580072 * BlockSize_4096 + -2870.69750889678 * BlockSize_32 * Deflate + -2539.77224199288 * BlockSize_1 + -833.829181494654 * Files_60 + -11741.7580071174 * x_10 * PPMd + -1336.99644128115 * tmOff + -1796.48398576512 * BlockSize_512 * filterOff + 1149.07473309609 * x_8 * BlockSize_16;19.7135864079506;19.7135864079506;19.7135864079506;19.7135864079506;2.362815;17;1149.07473309609 * x_8 * BlockSize_16;2;0.52317400245852;
13;6901.84261868631 * CompressionMethod + 13596.1814437459 * x_8 + 13496.6941252981 * x_10 + -2218.02406243227 * BlockSize_32 + -712.864730110548 * BlockSize_512 + -1955.75005419466 * BlockSize_4096 + -2813.81855625404 * BlockSize_32 * Deflate + -2511.88705831346 * BlockSize_1 + -770.980923477131 * Files_60 + -11758.5573379579 * x_10 * PPMd + -1396.09256449165 * tmOff + -1762.88532408411 * BlockSize_512 * filterOff + 1178.0685020594 * x_8 * BlockSize_16 + 479.249945805345 * BlockSize_64;19.5938165079921;19.5938165079921;19.5938165079921;19.5938165079921;2.991743;18;479.249945805345 * BlockSize_64;1;0.119769899958463;
Elapsed=00:00:02.9921022
Learning progress:
1;6886.08695652174 * CompressionMethod + 16881.4130434783 * x_10;83.6915996072685;83.6915996072685;83.6915996072685;83.6915996072685;0.009268;2;16881.4130434783 * x_10;1;103.416788236654;
2;5045.49999999999 * CompressionMethod + 18722 * x_10 + 14111.1666666667 * x_8;43.7190444485273;43.7190444485273;43.7190444485273;43.7190444485273;0.03011;3;14111.1666666667 * x_8;1;39.9725551587412;
3;3302.50000000001 * CompressionMethod + 20465 * x_10 + 15854.1666666667 * x_8 + 8715.00000000001 * x_6;28.3567413215888;28.3567413215888;28.3567413215888;28.3567413215888;0.068568;4;8715.00000000001 * x_6;1;15.3623031269386;
4;3302.5 * CompressionMethod + 20465 * x_10 + 16280.5 * x_8 + 9354.5 * x_6 + -1279 * Files_20;23.2996943222797;23.2996943222797;23.2996943222797;23.2996943222797;0.130974;5;-1279 * Files_20;1;5.05704699930907;
5;3302.5 * CompressionMethod + 20465 * x_10 + 16280.5 * x_8 + 4677.25 * x_6 + -1279.00000000001 * Files_20 + 4677.25 * x_6 * HeaderCompressionOff;15.8613196403459;15.8613196403459;15.8613196403459;15.8613196403459;0.218473;7;4677.25 * x_6 * HeaderCompressionOff;2;3.7191873409669;
6;3530.83333333334 * CompressionMethod + 20236.6666666667 * x_10 + 16052.1666666667 * x_8 + 4563.08333333334 * x_6 + -1279.00000000001 * Files_20 + 4563.08333333334 * x_6 * HeaderCompressionOff + -913.33333333334 * x_4;13.4874844995803;13.4874844995803;13.4874844995803;13.4874844995803;0.349029;8;-913.33333333334 * x_4;1;2.37383514076559;
7;3530.83333333333 * CompressionMethod + 20236.6666666667 * x_10 + 16052.1666666667 * x_8 + 4563.08333333334 * x_6 + -1278.99999999997 * Files_20 + 4563.08333333334 * x_6 * HeaderCompressionOff + -664.166666666656 * x_4 + -996.666666666661 * Files_10;13.4155148026108;13.4155148026108;13.4155148026108;13.4155148026108;0.516588;9;-996.666666666661 * Files_10;1;0.071969696969532;
Elapsed=00:00:00.5168292
Learning progress:
1;12775.3846153846 * CompressionMethod + -9393.38461538462 * x_2;80.5361333140554;80.5361333140554;80.5361333140554;80.5361333140554;0.008177;2;-9393.38461538462 * x_2;1;167.328325556214;
2;14645.4545454545 * CompressionMethod + -11263.4545454546 * x_2 + -12155.4545454546 * x_4;51.3302862485845;51.3302862485845;51.3302862485845;51.3302862485845;0.029665;3;-12155.4545454546 * x_4;1;29.2058470654708;
3;16289.3233082707 * CompressionMethod + -10496.3157894737 * x_2 + -12292.4436090226 * x_4 + -3013.75939849624 * tmOff;37.2581986989226;37.2581986989226;37.2581986989226;37.2581986989226;0.07029;4;-3013.75939849624 * tmOff;1;14.0720875496619;
4;10875.3975903614 * CompressionMethod + -6368.86746987952 * x_2 + -7682.56626506025 * x_4 + -1405.6626506024 * tmOff + 14258.4578313253 * x_10;29.6919161228151;29.6919161228151;29.6919161228151;29.6919161228151;0.137985;5;14258.4578313253 * x_10;1;7.5662825761075;
5;10539.7885196375 * CompressionMethod + -6207.64350453171 * x_2 + -6943.89728096676 * x_4 + -2211.78247734139 * tmOff + 14939.5468277946 * x_10 + 4096.40483383687 * Files_20;23.6668948377808;23.6668948377808;23.6668948377808;23.6668948377808;0.234923;6;4096.40483383687 * Files_20;1;6.02502128503428;
6;10445.5895578316 * CompressionMethod + -5702.76417686733 * x_2 + -6821.23532350736 * x_4 + -2268.70846864851 * tmOff + 15058.1426430177 * x_10 + 2270.70696977269 * Files_20 + 7402.41194104423 * Files_20 * LZMA;19.852622333232;19.852622333232;19.852622333232;19.852622333232;0.368049;8;7402.41194104423 * Files_20 * LZMA;2;1.90713625227442;
7;10277.0123839009 * CompressionMethod + -5770.19504643963 * x_2 + -6817.48916408669 * x_4 + -1939.04643962848 * tmOff + 15621.0030959753 * x_10 + 2132.09907120742 * Files_20 + 11128.9040247678 * Files_20 * LZMA + -3748.96904024767 * BlockSize_8;17.7963592904964;17.7963592904964;17.7963592904964;17.7963592904964;0.697629;9;-3748.96904024767 * BlockSize_8;1;2.05626304273556;
8;11031.864608076 * CompressionMethod + -5468.2541567696 * x_2 + -6834.26365795725 * x_4 + -3415.20190023753 * tmOff + 13100.635391924 * x_10 + 2752.75534441806 * Files_20 + 14760.5819477435 * Files_20 * LZMA + -7279.99999999997 * BlockSize_8 + 6772.70190023752 * x_10 * tmOff;15.7246653133639;15.7246653133639;15.7246653133639;15.7246653133639;0.930632;11;6772.70190023752 * x_10 * tmOff;2;1.03584698856624;
9;11012.1827613727 * CompressionMethod + -5268.97545889864 * x_2 + -6845.33469672784 * x_4 + -3698.94852354351 * tmOff + 12947.6910415004 * x_10 + 2989.75758180366 * Files_20 + 14827.0081803671 * Files_20 * LZMA + -7970.50478850757 * BlockSize_8 + 7229.07472067041 * x_10 * tmOff + 690.504788507568 * LZMA;13.5368882631285;13.5368882631285;13.5368882631285;13.5368882631285;1.227276;12;690.504788507568 * LZMA;1;2.18777705023548;
10;11190.5313319037 * CompressionMethod + -5030.81486776269 * x_2 + -7766.98355968549 * x_4 + -4307.21864824079 * tmOff + 12630.3248351998 * x_10 + 3340.29227225796 * Files_20 + 14906.3950440791 * Files_20 * LZMA + -8526.57533158606 * BlockSize_8 + 7976.3624811373 * x_10 * tmOff + 1246.57533158606 * LZMA + 3633.67087602252 * BlockSize_4;12.5186337006687;12.5186337006687;12.5186337006687;12.5186337006687;1.589526;13;3633.67087602252 * BlockSize_4;1;1.01825456245974;
11;11190.5313319037 * CompressionMethod + -5030.81486776268 * x_2 + -7766.98355968549 * x_4 + -4307.21864824081 * tmOff + 12630.3248351998 * x_10 + 3340.29227225797 * Files_20 + 14906.3950440791 * Files_20 * LZMA + -4263.28766579304 * BlockSize_8 + 7976.36248113732 * x_10 * tmOff + 1246.57533158605 * LZMA + 3633.67087602258 * BlockSize_4 + -4263.28766579304 * BlockSize_8 * LZMA;11.1694543689829;11.1694543689829;11.1694543689829;11.1694543689829;2.025739;15;-4263.28766579304 * BlockSize_8 * LZMA;2;0.674589665842896;
12;11190.5313319037 * CompressionMethod + -5030.81486776269 * x_2 + -7766.9835596855 * x_4 + -4307.21864824083 * tmOff + 12630.3248351998 * x_10 + 3340.29227225797 * Files_20 + 14906.3950440791 * Files_20 * LZMA + -2842.19177719536 * BlockSize_8 + 7976.36248113735 * x_10 * tmOff + 1246.57533158607 * LZMA + 3633.6708760226 * BlockSize_4 + -2842.19177719536 * BlockSize_8 * LZMA + -2842.19177719536 * BlockSize_8 * filterOff;10.5898933524091;10.5898933524091;10.5898933524091;10.5898933524091;2.548699;17;-2842.19177719536 * BlockSize_8 * filterOff;2;0.289780508286901;
Elapsed=00:00:02.5490545
Learning progress:
1;11356.8965517241 * CompressionMethod + -8846.89655172414 * BlockSize_1024;114.711352653924;114.711352653924;114.711352653924;114.711352653924;0.005796;2;-8846.89655172414 * BlockSize_1024;1;205.02520598467;
2;7521.90635451505 * CompressionMethod + -8719.06354515051 * BlockSize_1024 + 5560.73578595318 * filterOff;86.2899823370832;86.2899823370832;86.2899823370832;86.2899823370832;0.027242;3;5560.73578595318 * filterOff;1;28.4213703168413;
3;5792.73409893992 * CompressionMethod + -9013.14045936395 * BlockSize_1024 + 5078.44964664312 * filterOff + 3517.15989399293 * HeaderCompressionOff;52.0292062157222;52.0292062157222;52.0292062157222;52.0292062157222;0.066606;4;3517.15989399293 * HeaderCompressionOff;1;34.260776121361;
4;3494.97700562084 * CompressionMethod + -8481.73735309147 * BlockSize_1024 + 6627.75166070517 * filterOff + 4617.38886050077 * HeaderCompressionOff + 16945.0229943792 * Files_50;38.9670789884693;38.9670789884693;38.9670789884693;38.9670789884693;0.130224;5;16945.0229943792 * Files_50;1;13.0621272272529;
5;2548.794489093 * CompressionMethod + -7526.67049368542 * BlockSize_1024 + 6840.97588978187 * filterOff + 4390.83811710678 * HeaderCompressionOff + 17891.205510907 * Files_50 + 8693.32950631459 * x_8;29.2320887973568;29.2320887973568;29.2320887973568;29.2320887973568;0.218767;6;8693.32950631459 * x_8;1;9.73499019111252;
6;2108.88535031848 * CompressionMethod + -7420.54140127388 * BlockSize_1024 + 7297.89808917197 * filterOff + 4434.58598726115 * HeaderCompressionOff + 18331.1146496815 * Files_50 + 8093.82165605094 * x_8 + 2116.91082802548 * BlockSize_1;27.7169238245554;27.7169238245554;27.7169238245554;27.7169238245554;0.34377;7;2116.91082802548 * BlockSize_1;1;1.51516497280141;
7;1667.39675016925 * CompressionMethod + -8159.90182802979 * BlockSize_1024 + 8111.72647257957 * filterOff + 5392.03114421124 * HeaderCompressionOff + 18772.6032498308 * Files_50 + 7221.4827352742 * x_8 + 2515.84631008803 * BlockSize_1 + -9186.15436696007 * BlockSize_64;25.9792133921251;25.9792133921251;25.9792133921251;25.9792133921251;0.506005;8;-9186.15436696007 * BlockSize_64;1;1.73771043243029;
8;1941.05442176872 * CompressionMethod + -8334.04761904762 * BlockSize_1024 + 8397.82312925169 * filterOff + 4956.66666666666 * HeaderCompressionOff + 18498.9455782313 * Files_50 + 7034.89795918368 * x_8 + 7802.41496598639 * BlockSize_1 + -6685.91836734694 * BlockSize_64 + -5249.25170068028 * Files_30;23.6527936564602;23.6527936564602;23.6527936564602;23.6527936564602;0.712394;9;-5249.25170068028 * Files_30;1;2.32641973566489;
9;1685.60769656698 * CompressionMethod + -8930.0899778516 * BlockSize_1024 + 9079.01439645627 * filterOff + 5552.70902547066 * HeaderCompressionOff + 18754.392303433 * Files_50 + 9674.51411960133 * x_8 + 9505.39313399782 * BlockSize_1 + -2002.7284053156 * BlockSize_64 + -8314.6124031008 * Files_30 + -8344.59302325582 * HeaderCompressionOff * Files_90;18.3873983304196;18.3873983304196;18.3873983304196;18.3873983304196;0.97022;11;-8344.59302325582 * HeaderCompressionOff * Files_90;2;2.63269766302029;
10;1739.64875681201 * CompressionMethod + -8978.05900885558 * BlockSize_1024 + 9152.48595027248 * filterOff + 5470.12942779292 * HeaderCompressionOff + 18700.351243188 * Files_50 + 12814.9676430518 * x_8 + 10668.1867336512 * BlockSize_1 + -1070.06471389646 * BlockSize_64 + -8867.1670640327 * Files_30 + -9747.23177792915 * HeaderCompressionOff * Files_90 + -4386.43392370575 * x_8 * mtOff;16.7071479146095;16.7071479146095;16.7071479146095;16.7071479146095;1.299151;13;-4386.43392370575 * x_8 * mtOff;2;0.840125207905063;
11;1739.64875681199 * CompressionMethod + -8978.0590088556 * BlockSize_1024 + 9152.48595027248 * filterOff + 5470.12942779292 * HeaderCompressionOff + 18700.351243188 * Files_50 + 12814.9676430518 * x_8 + 10668.1867336512 * BlockSize_1 + -535.032356948235 * BlockSize_64 + -8867.16706403269 * Files_30 + -9747.23177792919 * HeaderCompressionOff * Files_90 + -4386.43392370577 * x_8 * mtOff + -535.03235694823 * BlockSize_64 * filterOff;16.7071479146092;16.7071479146092;16.7071479146092;16.7071479146092;1.701061;15;-535.03235694823 * BlockSize_64 * filterOff;2;1.70530256582424E-13;
Elapsed=00:00:01.7013519
Learning progress:
1;12704.6153846154 * CompressionMethod + -8132.61538461538 * x_0;155.05748921056;155.05748921056;155.05748921056;155.05748921056;0.005708;2;-8132.61538461538 * x_0;1;95.8113075632079;
2;14498.6363636364 * CompressionMethod + -9926.63636363638 * x_0 + -11661.1363636364 * x_4;97.6994024186794;97.6994024186794;97.6994024186794;97.6994024186794;0.026064;3;-11661.1363636364 * x_4;1;57.3580867918809;
3;19628 * CompressionMethod + -15056 * x_0 + -16790.5 * x_4 + -16120.8571428571 * x_2;53.0203807411209;53.0203807411209;53.0203807411209;53.0203807411209;0.0642;4;-16120.8571428571 * x_2;1;44.6790216775585;
4;19101.0220955096 * CompressionMethod + -16109.9558089808 * x_0 + -18239.6892373486 * x_4 + -16723.1176051319 * x_2 + 7904.66856735566 * BlockSize_4096;35.1570378148874;35.1570378148874;35.1570378148874;35.1570378148874;0.123982;5;7904.66856735566 * BlockSize_4096;1;17.8633429262335;
5;19040.1142857143 * CompressionMethod + -16231.7714285714 * x_0 + -17150.5142857143 * x_4 + -16074.6285714286 * x_2 + 8818.28571428573 * BlockSize_4096 + -5026.68571428572 * Files_80;30.268367023845;30.268367023845;30.268367023845;30.268367023845;0.213509;6;-5026.68571428572 * Files_80;1;4.88867079104241;
6;19043.9165154265 * CompressionMethod + -16046.7295825772 * x_0 + -17145.444646098 * x_4 + -16073.3611615245 * x_2 + 8761.25226860255 * BlockSize_4096 + -5005.13974591652 * Files_80 + -887.186932849352 * Files_40;28.3564983401042;28.3564983401042;28.3564983401042;28.3564983401042;0.339538;7;-887.186932849352 * Files_40;1;1.91186868374077;
7;19043.9165154265 * CompressionMethod + -16046.7295825771 * x_0 + -17145.444646098 * x_4 + -16073.3611615245 * x_2 + 8761.25226860255 * BlockSize_4096 + -5005.13974591652 * Files_80 + -443.593466424668 * Files_40 + -443.593466424668 * x_0 * Deflate;26.7883653281391;26.7883653281391;26.7883653281391;26.7883653281391;0.500262;9;-443.593466424668 * x_0 * Deflate;2;0.784066505982542;
8;19043.9165154265 * CompressionMethod + -16046.7295825771 * x_0 + -17145.444646098 * x_4 + -16073.3611615245 * x_2 + 8761.25226860256 * BlockSize_4096 + -2502.56987295827 * Files_80 + -443.59346642468 * Files_40 + -443.593466424677 * x_0 * Deflate + -2502.56987295827 * Files_80 * Deflate;25.2405116214605;25.2405116214605;25.2405116214605;25.2405116214605;0.711878;11;-2502.56987295827 * Files_80 * Deflate;2;0.773926853339324;
9;18941.8657491561 * CompressionMethod + -15952.8356271098 * x_0 + -17048.4692287717 * x_4 + -15974.2105946507 * x_2 + 8793.87951181512 * BlockSize_4096 + -2508.73279667622 * Files_80 + -439.515061023088 * Files_40 + -439.515061023088 * x_0 * Deflate + -2508.73279667622 * Files_80 * Deflate + 1498.13425084387 * Files_50;25.0666359184397;25.0666359184397;25.0666359184397;25.0666359184397;0.981708;12;1498.13425084387 * Files_50;1;0.173875703020755;
10;18941.5376401495 * CompressionMethod + -15911.5376401495 * x_0 + -17048.8556682684 * x_4 + -15974.2907990746 * x_2 + 8798.47303790709 * BlockSize_4096 + -2509.60046271579 * Files_80 + -459.999999999982 * Files_40 + -459.999999999979 * x_0 * Deflate + -2509.60046271579 * Files_80 * Deflate + 1498.46235985048 * Files_50 + -56.1576793023349 * x_0 * BZip2;24.8167675698892;24.8167675698892;24.8167675698892;24.8167675698892;1.313617;14;-56.1576793023349 * x_0 * BZip2;2;0.124934174275282;
11;18939.0951374207 * CompressionMethod + -15909.0951374207 * x_0 + -17077.1479915434 * x_4 + -16152.7970401692 * x_2 + 8832.66807610994 * BlockSize_4096 + -2465.22832980972 * Files_80 + -460.00000000001 * Files_40 + -460.000000000009 * x_0 * Deflate + -2465.22832980972 * Files_80 * Deflate + 1500.90486257924 * Files_50 + -67.5560253700135 * x_0 * BZip2 + 1143.70190274839 * x_2 * BlockSize_32;24.6282435855952;24.6282435855952;24.6282435855952;24.6282435855952;1.733167;16;1143.70190274839 * x_2 * BlockSize_32;2;0.0942619921469614;
Elapsed=00:00:01.7334761
Learning progress:
1;6555.38461538461 * CompressionMethod + 12394.6153846154 * x_8;90.3753896573691;90.3753896573691;90.3753896573691;90.3753896573691;0.005735;2;12394.6153846154 * x_8;1;49.5388883756638;
2;5179.52380952381 * CompressionMethod + 13770.4761904762 * x_8 + 7154.47619047619 * x_10;63.6535757850141;63.6535757850141;63.6535757850141;63.6535757850141;0.024892;3;7154.47619047619 * x_10;1;26.721813872355;
3;5287.66304347825 * CompressionMethod + 14116.5217391304 * x_8 + 7046.33695652174 * x_10 + -2270.92391304349 * BlockSize_32;50.3947916532111;50.3947916532111;50.3947916532111;50.3947916532111;0.063156;4;-2270.92391304349 * BlockSize_32;1;13.258784131803;
4;5556.58597662771 * CompressionMethod + 13877.4791318865 * x_8 + 7327.21202003338 * x_10 + -2420.32554257095 * BlockSize_32 + -2748.98998330551 * BlockSize_512;44.2531538865537;44.2531538865537;44.2531538865537;44.2531538865537;0.127182;5;-2748.98998330551 * BlockSize_512;1;6.14163776665746;
5;5792.43470149253 * CompressionMethod + 13667.8358208955 * x_8 + 7125.05597014926 * x_10 + -2551.3526119403 * BlockSize_32 + -2917.45335820895 * BlockSize_512 + -2242.43470149253 * BlockSize_4096;37.1580160276262;37.1580160276262;37.1580160276262;37.1580160276262;0.218105;6;-2242.43470149253 * BlockSize_4096;1;7.09513785892748;
6;5875.17241379311 * CompressionMethod + 13242.3275862069 * x_8 + 7054.13793103448 * x_10 + -837.500000000015 * BlockSize_32 + -2976.55172413793 * BlockSize_512 + -2325.1724137931 * BlockSize_4096 + -3167.67241379308 * BlockSize_32 * Deflate;32.9893712687873;32.9893712687873;32.9893712687873;32.9893712687873;0.346403;8;-3167.67241379308 * BlockSize_32 * Deflate;2;2.08432237941946;
7;6018.48214285714 * CompressionMethod + 13692.7295918367 * x_8 + 6931.30102040816 * x_10 + -1431.21173469387 * BlockSize_32 + -3078.91581632653 * BlockSize_512 + -2468.48214285715 * BlockSize_4096 + -2717.27040816327 * BlockSize_32 * Deflate + -2374.8469387755 * BlockSize_1;31.172895075669;31.172895075669;31.172895075669;31.172895075669;0.524254;9;-2374.8469387755 * BlockSize_1;1;1.81647619311821;
8;6138.52355072464 * CompressionMethod + 13589.8369565217 * x_8 + 7188.53260869565 * x_10 + -1448.36050724637 * BlockSize_32 + -3284.70108695652 * BlockSize_512 + -2588.52355072463 * BlockSize_4096 + -2820.16304347826 * BlockSize_32 * Deflate + -2443.44202898551 * BlockSize_1 + -840.289855072453 * Files_60;29.5198279324025;29.5198279324025;29.5198279324025;29.5198279324025;0.751817;10;-840.289855072453 * Files_60;1;1.65306714326652;
9;5995.21166134186 * CompressionMethod + 13712.6757188498 * x_8 + 13944.6645367412 * x_10 + -1427.8873801917 * BlockSize_32 + -1626.37779552716 * BlockSize_512 + -2445.21166134186 * BlockSize_4096 + -2697.32428115014 * BlockSize_32 * Deflate + -2361.54952076678 * BlockSize_1 + -1249.75239616614 * Files_60 + -11301.1661341853 * x_10 * PPMd;27.6047904351607;27.6047904351607;27.6047904351607;27.6047904351607;1.034713;12;-11301.1661341853 * x_10 * PPMd;2;0.957518748620906;
10;6931.92580049261 * CompressionMethod + 13877.0874384236 * x_8 + 13507.6754926108 * x_10 + -2529.01323891627 * BlockSize_32 + -1438.16964285714 * BlockSize_512 + -2027.69242610837 * BlockSize_4096 + -2532.91256157636 * BlockSize_32 * Deflate + -2703.35283251232 * BlockSize_1 + -894.969211822664 * Files_60 + -11530.4772167488 * x_10 * PPMd + -1354.23337438423 * tmOff;24.0188018229397;24.0188018229397;24.0188018229397;24.0188018229397;1.391702;13;-1354.23337438423 * tmOff;1;3.58598861222107;
11;6911.29648241206 * CompressionMethod + 13852.5552763819 * x_8 + 13477.567839196 * x_10 + -2483.85175879397 * BlockSize_32 + -775.243718592963 * BlockSize_512 + -2066.16331658291 * BlockSize_4096 + -2557.44472361808 * BlockSize_32 * Deflate + -2700.00753768842 * BlockSize_1 + -852.595477386926 * Files_60 + -11734.5402010051 * x_10 * PPMd + -1295.13316582915 * tmOff + -1810.91959798997 * BlockSize_512 * filterOff;20.7599344128676;20.7599344128676;20.7599344128676;20.7599344128676;1.821312;15;-1810.91959798997 * BlockSize_512 * filterOff;2;1.62943370503601;
12;6928.61921708185 * CompressionMethod + 13539.3024911032 * x_8 + 13471.7935943061 * x_10 + -2187.92170818505 * BlockSize_32 + -765.138790035591 * BlockSize_512 + -2041.62277580072 * BlockSize_4096 + -2870.69750889678 * BlockSize_32 * Deflate + -2539.77224199288 * BlockSize_1 + -833.829181494654 * Files_60 + -11741.7580071174 * x_10 * PPMd + -1336.99644128115 * tmOff + -1796.48398576512 * BlockSize_512 * filterOff + 1149.07473309609 * x_8 * BlockSize_16;19.7135864079506;19.7135864079506;19.7135864079506;19.7135864079506;2.354078;17;1149.07473309609 * x_8 * BlockSize_16;2;0.52317400245852;
13;6901.84261868631 * CompressionMethod + 13596.1814437459 * x_8 + 13496.6941252981 * x_10 + -2218.02406243227 * BlockSize_32 + -712.864730110548 * BlockSize_512 + -1955.75005419466 * BlockSize_4096 + -2813.81855625404 * BlockSize_32 * Deflate + -2511.88705831346 * BlockSize_1 + -770.980923477131 * Files_60 + -11758.5573379579 * x_10 * PPMd + -1396.09256449165 * tmOff + -1762.88532408411 * BlockSize_512 * filterOff + 1178.0685020594 * x_8 * BlockSize_16 + 479.249945805345 * BlockSize_64;19.5938165079921;19.5938165079921;19.5938165079921;19.5938165079921;2.982145;18;479.249945805345 * BlockSize_64;1;0.119769899958463;
14;6901.84261868633 * CompressionMethod + 13596.1814437459 * x_8 + 13496.6941252981 * x_10 + -2218.02406243226 * BlockSize_32 + -712.864730110555 * BlockSize_512 + -1955.75005419466 * BlockSize_4096 + -2813.81855625405 * BlockSize_32 * Deflate + -2511.88705831346 * BlockSize_1 + -770.98092347713 * Files_60 + -11758.557337958 * x_10 * PPMd + -1396.09256449166 * tmOff + -881.442662042055 * BlockSize_512 * filterOff + 1178.06850205939 * x_8 * BlockSize_16 + 479.24994580534 * BlockSize_64 + -881.442662042056 * BlockSize_512 * filterOff * tmOff;19.4150103853771;19.4150103853771;19.4150103853771;19.4150103853771;3.700754;21;-881.442662042056 * BlockSize_512 * filterOff * tmOff;3;0.0596020408716787;
Elapsed=00:00:03.7011678
Learning progress:
1;6886.08695652174 * CompressionMethod + 16881.4130434783 * x_10;83.6915996072685;83.6915996072685;83.6915996072685;83.6915996072685;0.005741;2;16881.4130434783 * x_10;1;103.416788236654;
2;5045.49999999999 * CompressionMethod + 18722 * x_10 + 14111.1666666667 * x_8;43.7190444485273;43.7190444485273;43.7190444485273;43.7190444485273;0.02506;3;14111.1666666667 * x_8;1;39.9725551587412;
3;3302.50000000001 * CompressionMethod + 20465 * x_10 + 15854.1666666667 * x_8 + 8715.00000000001 * x_6;28.3567413215888;28.3567413215888;28.3567413215888;28.3567413215888;0.062345;4;8715.00000000001 * x_6;1;15.3623031269386;
4;3302.5 * CompressionMethod + 20465 * x_10 + 16280.5 * x_8 + 9354.5 * x_6 + -1279 * Files_20;23.2996943222797;23.2996943222797;23.2996943222797;23.2996943222797;0.124063;5;-1279 * Files_20;1;5.05704699930907;
5;3302.5 * CompressionMethod + 20465 * x_10 + 16280.5 * x_8 + 4677.25 * x_6 + -1279.00000000001 * Files_20 + 4677.25 * x_6 * HeaderCompressionOff;15.8613196403459;15.8613196403459;15.8613196403459;15.8613196403459;0.211466;7;4677.25 * x_6 * HeaderCompressionOff;2;3.7191873409669;
6;3530.83333333334 * CompressionMethod + 20236.6666666667 * x_10 + 16052.1666666667 * x_8 + 4563.08333333334 * x_6 + -1279.00000000001 * Files_20 + 4563.08333333334 * x_6 * HeaderCompressionOff + -913.33333333334 * x_4;13.4874844995803;13.4874844995803;13.4874844995803;13.4874844995803;0.337142;8;-913.33333333334 * x_4;1;2.37383514076559;
7;3530.83333333333 * CompressionMethod + 20236.6666666667 * x_10 + 16052.1666666667 * x_8 + 4563.08333333334 * x_6 + -1278.99999999997 * Files_20 + 4563.08333333334 * x_6 * HeaderCompressionOff + -664.166666666656 * x_4 + -996.666666666661 * Files_10;13.4155148026108;13.4155148026108;13.4155148026108;13.4155148026108;0.504719;9;-996.666666666661 * Files_10;1;0.071969696969532;
Elapsed=00:00:00.5049650
Learning progress:
1;12775.3846153846 * CompressionMethod + -9393.38461538462 * x_2;80.5361333140554;80.5361333140554;80.5361333140554;80.5361333140554;0.006539;2;-9393.38461538462 * x_2;1;167.328325556214;
2;14645.4545454545 * CompressionMethod + -11263.4545454546 * x_2 + -12155.4545454546 * x_4;51.3302862485845;51.3302862485845;51.3302862485845;51.3302862485845;0.027599;3;-12155.4545454546 * x_4;1;29.2058470654708;
3;16289.3233082707 * CompressionMethod + -10496.3157894737 * x_2 + -12292.4436090226 * x_4 + -3013.75939849624 * tmOff;37.2581986989226;37.2581986989226;37.2581986989226;37.2581986989226;0.065998;4;-3013.75939849624 * tmOff;1;14.0720875496619;
4;10875.3975903614 * CompressionMethod + -6368.86746987952 * x_2 + -7682.56626506025 * x_4 + -1405.6626506024 * tmOff + 14258.4578313253 * x_10;29.6919161228151;29.6919161228151;29.6919161228151;29.6919161228151;0.133099;5;14258.4578313253 * x_10;1;7.5662825761075;
5;10539.7885196375 * CompressionMethod + -6207.64350453171 * x_2 + -6943.89728096676 * x_4 + -2211.78247734139 * tmOff + 14939.5468277946 * x_10 + 4096.40483383687 * Files_20;23.6668948377808;23.6668948377808;23.6668948377808;23.6668948377808;0.229113;6;4096.40483383687 * Files_20;1;6.02502128503428;
6;10445.5895578316 * CompressionMethod + -5702.76417686733 * x_2 + -6821.23532350736 * x_4 + -2268.70846864851 * tmOff + 15058.1426430177 * x_10 + 2270.70696977269 * Files_20 + 7402.41194104423 * Files_20 * LZMA;19.852622333232;19.852622333232;19.852622333232;19.852622333232;0.365052;8;7402.41194104423 * Files_20 * LZMA;2;1.90713625227442;
7;10277.0123839009 * CompressionMethod + -5770.19504643963 * x_2 + -6817.48916408669 * x_4 + -1939.04643962848 * tmOff + 15621.0030959753 * x_10 + 2132.09907120742 * Files_20 + 11128.9040247678 * Files_20 * LZMA + -3748.96904024767 * BlockSize_8;17.7963592904964;17.7963592904964;17.7963592904964;17.7963592904964;0.548578;9;-3748.96904024767 * BlockSize_8;1;2.05626304273556;
8;11031.864608076 * CompressionMethod + -5468.2541567696 * x_2 + -6834.26365795725 * x_4 + -3415.20190023753 * tmOff + 13100.635391924 * x_10 + 2752.75534441806 * Files_20 + 14760.5819477435 * Files_20 * LZMA + -7279.99999999997 * BlockSize_8 + 6772.70190023752 * x_10 * tmOff;15.7246653133639;15.7246653133639;15.7246653133639;15.7246653133639;0.783426;11;6772.70190023752 * x_10 * tmOff;2;1.03584698856624;
9;11012.1827613727 * CompressionMethod + -5268.97545889864 * x_2 + -6845.33469672784 * x_4 + -3698.94852354351 * tmOff + 12947.6910415004 * x_10 + 2989.75758180366 * Files_20 + 14827.0081803671 * Files_20 * LZMA + -7970.50478850757 * BlockSize_8 + 7229.07472067041 * x_10 * tmOff + 690.504788507568 * LZMA;13.5368882631285;13.5368882631285;13.5368882631285;13.5368882631285;1.07763;12;690.504788507568 * LZMA;1;2.18777705023548;
10;11190.5313319037 * CompressionMethod + -5030.81486776269 * x_2 + -7766.98355968549 * x_4 + -4307.21864824079 * tmOff + 12630.3248351998 * x_10 + 3340.29227225796 * Files_20 + 14906.3950440791 * Files_20 * LZMA + -8526.57533158606 * BlockSize_8 + 7976.3624811373 * x_10 * tmOff + 1246.57533158606 * LZMA + 3633.67087602252 * BlockSize_4;12.5186337006687;12.5186337006687;12.5186337006687;12.5186337006687;1.447656;13;3633.67087602252 * BlockSize_4;1;1.01825456245974;
11;11190.5313319037 * CompressionMethod + -5030.81486776268 * x_2 + -7766.98355968549 * x_4 + -4307.21864824081 * tmOff + 12630.3248351998 * x_10 + 3340.29227225797 * Files_20 + 14906.3950440791 * Files_20 * LZMA + -4263.28766579304 * BlockSize_8 + 7976.36248113732 * x_10 * tmOff + 1246.57533158605 * LZMA + 3633.67087602258 * BlockSize_4 + -4263.28766579304 * BlockSize_8 * LZMA;11.1694543689829;11.1694543689829;11.1694543689829;11.1694543689829;1.883807;15;-4263.28766579304 * BlockSize_8 * LZMA;2;0.674589665842896;
12;11190.5313319037 * CompressionMethod + -5030.81486776269 * x_2 + -7766.9835596855 * x_4 + -4307.21864824083 * tmOff + 12630.3248351998 * x_10 + 3340.29227225797 * Files_20 + 14906.3950440791 * Files_20 * LZMA + -2842.19177719536 * BlockSize_8 + 7976.36248113735 * x_10 * tmOff + 1246.57533158607 * LZMA + 3633.6708760226 * BlockSize_4 + -2842.19177719536 * BlockSize_8 * LZMA + -2842.19177719536 * BlockSize_8 * filterOff;10.5898933524091;10.5898933524091;10.5898933524091;10.5898933524091;2.4089;17;-2842.19177719536 * BlockSize_8 * filterOff;2;0.289780508286901;
13;11186.7269667648 * CompressionMethod + -5000.58897770299 * x_2 + -7764.97686159023 * x_4 + -4290.67732435843 * tmOff + 12636.9162810265 * x_10 + 3317.48001682793 * Files_20 + 14741.0096760623 * Files_20 * LZMA + -2779.98878137709 * BlockSize_8 + 7957.03407656709 * x_10 * tmOff + 1235.42700883465 * LZMA + 3618.92721918382 * BlockSize_4 + -2779.98878137708 * BlockSize_8 * LZMA + -2779.98878137708 * BlockSize_8 * filterOff + -175.460664703412 * tmOff * Files_80;10.4432463299413;10.4432463299413;10.4432463299413;10.4432463299413;3.032813;19;-175.460664703412 * tmOff * Files_80;2;0.0733235112339292;
Elapsed=00:00:03.0331804
Learning progress:
1;11356.8965517241 * CompressionMethod + -8846.89655172414 * BlockSize_1024;114.711352653924;114.711352653924;114.711352653924;114.711352653924;0.006033;2;-8846.89655172414 * BlockSize_1024;1;205.02520598467;
2;7521.90635451505 * CompressionMethod + -8719.06354515051 * BlockSize_1024 + 5560.73578595318 * filterOff;86.2899823370832;86.2899823370832;86.2899823370832;86.2899823370832;0.024879;3;5560.73578595318 * filterOff;1;28.4213703168413;
3;5792.73409893992 * CompressionMethod + -9013.14045936395 * BlockSize_1024 + 5078.44964664312 * filterOff + 3517.15989399293 * HeaderCompressionOff;52.0292062157222;52.0292062157222;52.0292062157222;52.0292062157222;0.063118;4;3517.15989399293 * HeaderCompressionOff;1;34.260776121361;
4;3494.97700562084 * CompressionMethod + -8481.73735309147 * BlockSize_1024 + 6627.75166070517 * filterOff + 4617.38886050077 * HeaderCompressionOff + 16945.0229943792 * Files_50;38.9670789884693;38.9670789884693;38.9670789884693;38.9670789884693;0.126549;5;16945.0229943792 * Files_50;1;13.0621272272529;
5;2548.794489093 * CompressionMethod + -7526.67049368542 * BlockSize_1024 + 6840.97588978187 * filterOff + 4390.83811710678 * HeaderCompressionOff + 17891.205510907 * Files_50 + 8693.32950631459 * x_8;29.2320887973568;29.2320887973568;29.2320887973568;29.2320887973568;0.217462;6;8693.32950631459 * x_8;1;9.73499019111252;
6;2108.88535031848 * CompressionMethod + -7420.54140127388 * BlockSize_1024 + 7297.89808917197 * filterOff + 4434.58598726115 * HeaderCompressionOff + 18331.1146496815 * Files_50 + 8093.82165605094 * x_8 + 2116.91082802548 * BlockSize_1;27.7169238245554;27.7169238245554;27.7169238245554;27.7169238245554;0.342383;7;2116.91082802548 * BlockSize_1;1;1.51516497280141;
7;1667.39675016925 * CompressionMethod + -8159.90182802979 * BlockSize_1024 + 8111.72647257957 * filterOff + 5392.03114421124 * HeaderCompressionOff + 18772.6032498308 * Files_50 + 7221.4827352742 * x_8 + 2515.84631008803 * BlockSize_1 + -9186.15436696007 * BlockSize_64;25.9792133921251;25.9792133921251;25.9792133921251;25.9792133921251;0.628836;8;-9186.15436696007 * BlockSize_64;1;1.73771043243029;
8;1941.05442176872 * CompressionMethod + -8334.04761904762 * BlockSize_1024 + 8397.82312925169 * filterOff + 4956.66666666666 * HeaderCompressionOff + 18498.9455782313 * Files_50 + 7034.89795918368 * x_8 + 7802.41496598639 * BlockSize_1 + -6685.91836734694 * BlockSize_64 + -5249.25170068028 * Files_30;23.6527936564602;23.6527936564602;23.6527936564602;23.6527936564602;0.837233;9;-5249.25170068028 * Files_30;1;2.32641973566489;
9;1685.60769656698 * CompressionMethod + -8930.0899778516 * BlockSize_1024 + 9079.01439645627 * filterOff + 5552.70902547066 * HeaderCompressionOff + 18754.392303433 * Files_50 + 9674.51411960133 * x_8 + 9505.39313399782 * BlockSize_1 + -2002.7284053156 * BlockSize_64 + -8314.6124031008 * Files_30 + -8344.59302325582 * HeaderCompressionOff * Files_90;18.3873983304196;18.3873983304196;18.3873983304196;18.3873983304196;1.095285;11;-8344.59302325582 * HeaderCompressionOff * Files_90;2;2.63269766302029;
10;1739.64875681201 * CompressionMethod + -8978.05900885558 * BlockSize_1024 + 9152.48595027248 * filterOff + 5470.12942779292 * HeaderCompressionOff + 18700.351243188 * Files_50 + 12814.9676430518 * x_8 + 10668.1867336512 * BlockSize_1 + -1070.06471389646 * BlockSize_64 + -8867.1670640327 * Files_30 + -9747.23177792915 * HeaderCompressionOff * Files_90 + -4386.43392370575 * x_8 * mtOff;16.7071479146095;16.7071479146095;16.7071479146095;16.7071479146095;1.422349;13;-4386.43392370575 * x_8 * mtOff;2;0.840125207905063;
11;1739.64875681199 * CompressionMethod + -8978.0590088556 * BlockSize_1024 + 9152.48595027248 * filterOff + 5470.12942779292 * HeaderCompressionOff + 18700.351243188 * Files_50 + 12814.9676430518 * x_8 + 10668.1867336512 * BlockSize_1 + -535.032356948235 * BlockSize_64 + -8867.16706403269 * Files_30 + -9747.23177792919 * HeaderCompressionOff * Files_90 + -4386.43392370577 * x_8 * mtOff + -535.03235694823 * BlockSize_64 * filterOff;16.7071479146092;16.7071479146092;16.7071479146092;16.7071479146092;1.831843;15;-535.03235694823 * BlockSize_64 * filterOff;2;1.70530256582424E-13;
Elapsed=00:00:01.8321354
Learning progress:
1;12704.6153846154 * CompressionMethod + -8132.61538461538 * x_0;155.05748921056;155.05748921056;155.05748921056;155.05748921056;0.00846;2;-8132.61538461538 * x_0;1;95.8113075632079;
2;14498.6363636364 * CompressionMethod + -9926.63636363638 * x_0 + -11661.1363636364 * x_4;97.6994024186794;97.6994024186794;97.6994024186794;97.6994024186794;0.028541;3;-11661.1363636364 * x_4;1;57.3580867918809;
3;19628 * CompressionMethod + -15056 * x_0 + -16790.5 * x_4 + -16120.8571428571 * x_2;53.0203807411209;53.0203807411209;53.0203807411209;53.0203807411209;0.066392;4;-16120.8571428571 * x_2;1;44.6790216775585;
4;19101.0220955096 * CompressionMethod + -16109.9558089808 * x_0 + -18239.6892373486 * x_4 + -16723.1176051319 * x_2 + 7904.66856735566 * BlockSize_4096;35.1570378148874;35.1570378148874;35.1570378148874;35.1570378148874;0.126795;5;7904.66856735566 * BlockSize_4096;1;17.8633429262335;
5;19040.1142857143 * CompressionMethod + -16231.7714285714 * x_0 + -17150.5142857143 * x_4 + -16074.6285714286 * x_2 + 8818.28571428573 * BlockSize_4096 + -5026.68571428572 * Files_80;30.268367023845;30.268367023845;30.268367023845;30.268367023845;0.219501;6;-5026.68571428572 * Files_80;1;4.88867079104241;
6;19043.9165154265 * CompressionMethod + -16046.7295825772 * x_0 + -17145.444646098 * x_4 + -16073.3611615245 * x_2 + 8761.25226860255 * BlockSize_4096 + -5005.13974591652 * Files_80 + -887.186932849352 * Files_40;28.3564983401042;28.3564983401042;28.3564983401042;28.3564983401042;0.343198;7;-887.186932849352 * Files_40;1;1.91186868374077;
7;19043.9165154265 * CompressionMethod + -16046.7295825771 * x_0 + -17145.444646098 * x_4 + -16073.3611615245 * x_2 + 8761.25226860255 * BlockSize_4096 + -5005.13974591652 * Files_80 + -443.593466424668 * Files_40 + -443.593466424668 * x_0 * Deflate;26.7883653281391;26.7883653281391;26.7883653281391;26.7883653281391;0.507706;9;-443.593466424668 * x_0 * Deflate;2;0.784066505982542;
8;19043.9165154265 * CompressionMethod + -16046.7295825771 * x_0 + -17145.444646098 * x_4 + -16073.3611615245 * x_2 + 8761.25226860256 * BlockSize_4096 + -2502.56987295827 * Files_80 + -443.59346642468 * Files_40 + -443.593466424677 * x_0 * Deflate + -2502.56987295827 * Files_80 * Deflate;25.2405116214605;25.2405116214605;25.2405116214605;25.2405116214605;0.723278;11;-2502.56987295827 * Files_80 * Deflate;2;0.773926853339324;
9;18941.8657491561 * CompressionMethod + -15952.8356271098 * x_0 + -17048.4692287717 * x_4 + -15974.2105946507 * x_2 + 8793.87951181512 * BlockSize_4096 + -2508.73279667622 * Files_80 + -439.515061023088 * Files_40 + -439.515061023088 * x_0 * Deflate + -2508.73279667622 * Files_80 * Deflate + 1498.13425084387 * Files_50;25.0666359184397;25.0666359184397;25.0666359184397;25.0666359184397;1.001643;12;1498.13425084387 * Files_50;1;0.173875703020755;
Elapsed=00:00:01.0019150
Learning progress:
1;6555.38461538461 * CompressionMethod + 12394.6153846154 * x_8;90.3753896573691;90.3753896573691;90.3753896573691;90.3753896573691;0.008132;2;12394.6153846154 * x_8;1;49.5388883756638;
2;5179.52380952381 * CompressionMethod + 13770.4761904762 * x_8 + 7154.47619047619 * x_10;63.6535757850141;63.6535757850141;63.6535757850141;63.6535757850141;0.027924;3;7154.47619047619 * x_10;1;26.721813872355;
3;5287.66304347825 * CompressionMethod + 14116.5217391304 * x_8 + 7046.33695652174 * x_10 + -2270.92391304349 * BlockSize_32;50.3947916532111;50.3947916532111;50.3947916532111;50.3947916532111;0.066985;4;-2270.92391304349 * BlockSize_32;1;13.258784131803;
4;5556.58597662771 * CompressionMethod + 13877.4791318865 * x_8 + 7327.21202003338 * x_10 + -2420.32554257095 * BlockSize_32 + -2748.98998330551 * BlockSize_512;44.2531538865537;44.2531538865537;44.2531538865537;44.2531538865537;0.128742;5;-2748.98998330551 * BlockSize_512;1;6.14163776665746;
5;5792.43470149253 * CompressionMethod + 13667.8358208955 * x_8 + 7125.05597014926 * x_10 + -2551.3526119403 * BlockSize_32 + -2917.45335820895 * BlockSize_512 + -2242.43470149253 * BlockSize_4096;37.1580160276262;37.1580160276262;37.1580160276262;37.1580160276262;0.222152;6;-2242.43470149253 * BlockSize_4096;1;7.09513785892748;
6;5875.17241379311 * CompressionMethod + 13242.3275862069 * x_8 + 7054.13793103448 * x_10 + -837.500000000015 * BlockSize_32 + -2976.55172413793 * BlockSize_512 + -2325.1724137931 * BlockSize_4096 + -3167.67241379308 * BlockSize_32 * Deflate;32.9893712687873;32.9893712687873;32.9893712687873;32.9893712687873;0.351082;8;-3167.67241379308 * BlockSize_32 * Deflate;2;2.08432237941946;
7;6018.48214285714 * CompressionMethod + 13692.7295918367 * x_8 + 6931.30102040816 * x_10 + -1431.21173469387 * BlockSize_32 + -3078.91581632653 * BlockSize_512 + -2468.48214285715 * BlockSize_4096 + -2717.27040816327 * BlockSize_32 * Deflate + -2374.8469387755 * BlockSize_1;31.172895075669;31.172895075669;31.172895075669;31.172895075669;0.530056;9;-2374.8469387755 * BlockSize_1;1;1.81647619311821;
8;6138.52355072464 * CompressionMethod + 13589.8369565217 * x_8 + 7188.53260869565 * x_10 + -1448.36050724637 * BlockSize_32 + -3284.70108695652 * BlockSize_512 + -2588.52355072463 * BlockSize_4096 + -2820.16304347826 * BlockSize_32 * Deflate + -2443.44202898551 * BlockSize_1 + -840.289855072453 * Files_60;29.5198279324025;29.5198279324025;29.5198279324025;29.5198279324025;0.756638;10;-840.289855072453 * Files_60;1;1.65306714326652;
9;5995.21166134186 * CompressionMethod + 13712.6757188498 * x_8 + 13944.6645367412 * x_10 + -1427.8873801917 * BlockSize_32 + -1626.37779552716 * BlockSize_512 + -2445.21166134186 * BlockSize_4096 + -2697.32428115014 * BlockSize_32 * Deflate + -2361.54952076678 * BlockSize_1 + -1249.75239616614 * Files_60 + -11301.1661341853 * x_10 * PPMd;27.6047904351607;27.6047904351607;27.6047904351607;27.6047904351607;1.043097;12;-11301.1661341853 * x_10 * PPMd;2;0.957518748620906;
10;6931.92580049261 * CompressionMethod + 13877.0874384236 * x_8 + 13507.6754926108 * x_10 + -2529.01323891627 * BlockSize_32 + -1438.16964285714 * BlockSize_512 + -2027.69242610837 * BlockSize_4096 + -2532.91256157636 * BlockSize_32 * Deflate + -2703.35283251232 * BlockSize_1 + -894.969211822664 * Files_60 + -11530.4772167488 * x_10 * PPMd + -1354.23337438423 * tmOff;24.0188018229397;24.0188018229397;24.0188018229397;24.0188018229397;1.39785;13;-1354.23337438423 * tmOff;1;3.58598861222107;
11;6911.29648241206 * CompressionMethod + 13852.5552763819 * x_8 + 13477.567839196 * x_10 + -2483.85175879397 * BlockSize_32 + -775.243718592963 * BlockSize_512 + -2066.16331658291 * BlockSize_4096 + -2557.44472361808 * BlockSize_32 * Deflate + -2700.00753768842 * BlockSize_1 + -852.595477386926 * Files_60 + -11734.5402010051 * x_10 * PPMd + -1295.13316582915 * tmOff + -1810.91959798997 * BlockSize_512 * filterOff;20.7599344128676;20.7599344128676;20.7599344128676;20.7599344128676;1.8307;15;-1810.91959798997 * BlockSize_512 * filterOff;2;1.62943370503601;
12;6928.61921708185 * CompressionMethod + 13539.3024911032 * x_8 + 13471.7935943061 * x_10 + -2187.92170818505 * BlockSize_32 + -765.138790035591 * BlockSize_512 + -2041.62277580072 * BlockSize_4096 + -2870.69750889678 * BlockSize_32 * Deflate + -2539.77224199288 * BlockSize_1 + -833.829181494654 * Files_60 + -11741.7580071174 * x_10 * PPMd + -1336.99644128115 * tmOff + -1796.48398576512 * BlockSize_512 * filterOff + 1149.07473309609 * x_8 * BlockSize_16;19.7135864079506;19.7135864079506;19.7135864079506;19.7135864079506;2.360592;17;1149.07473309609 * x_8 * BlockSize_16;2;0.52317400245852;
13;6901.84261868631 * CompressionMethod + 13596.1814437459 * x_8 + 13496.6941252981 * x_10 + -2218.02406243227 * BlockSize_32 + -712.864730110548 * BlockSize_512 + -1955.75005419466 * BlockSize_4096 + -2813.81855625404 * BlockSize_32 * Deflate + -2511.88705831346 * BlockSize_1 + -770.980923477131 * Files_60 + -11758.5573379579 * x_10 * PPMd + -1396.09256449165 * tmOff + -1762.88532408411 * BlockSize_512 * filterOff + 1178.0685020594 * x_8 * BlockSize_16 + 479.249945805345 * BlockSize_64;19.5938165079921;19.5938165079921;19.5938165079921;19.5938165079921;2.991978;18;479.249945805345 * BlockSize_64;1;0.119769899958463;
Elapsed=00:00:02.9923382
Learning progress:
1;6886.08695652174 * CompressionMethod + 16881.4130434783 * x_10;83.6915996072685;83.6915996072685;83.6915996072685;83.6915996072685;0.005936;2;16881.4130434783 * x_10;1;103.416788236654;
2;5045.49999999999 * CompressionMethod + 18722 * x_10 + 14111.1666666667 * x_8;43.7190444485273;43.7190444485273;43.7190444485273;43.7190444485273;0.025854;3;14111.1666666667 * x_8;1;39.9725551587412;
3;3302.50000000001 * CompressionMethod + 20465 * x_10 + 15854.1666666667 * x_8 + 8715.00000000001 * x_6;28.3567413215888;28.3567413215888;28.3567413215888;28.3567413215888;0.063258;4;8715.00000000001 * x_6;1;15.3623031269386;
4;3302.5 * CompressionMethod + 20465 * x_10 + 16280.5 * x_8 + 9354.5 * x_6 + -1279 * Files_20;23.2996943222797;23.2996943222797;23.2996943222797;23.2996943222797;0.121958;5;-1279 * Files_20;1;5.05704699930907;
5;3302.5 * CompressionMethod + 20465 * x_10 + 16280.5 * x_8 + 4677.25 * x_6 + -1279.00000000001 * Files_20 + 4677.25 * x_6 * HeaderCompressionOff;15.8613196403459;15.8613196403459;15.8613196403459;15.8613196403459;0.212393;7;4677.25 * x_6 * HeaderCompressionOff;2;3.7191873409669;
6;3530.83333333334 * CompressionMethod + 20236.6666666667 * x_10 + 16052.1666666667 * x_8 + 4563.08333333334 * x_6 + -1279.00000000001 * Files_20 + 4563.08333333334 * x_6 * HeaderCompressionOff + -913.33333333334 * x_4;13.4874844995803;13.4874844995803;13.4874844995803;13.4874844995803;0.34035;8;-913.33333333334 * x_4;1;2.37383514076559;
7;3530.83333333333 * CompressionMethod + 20236.6666666667 * x_10 + 16052.1666666667 * x_8 + 4563.08333333334 * x_6 + -1278.99999999997 * Files_20 + 4563.08333333334 * x_6 * HeaderCompressionOff + -664.166666666656 * x_4 + -996.666666666661 * Files_10;13.4155148026108;13.4155148026108;13.4155148026108;13.4155148026108;0.507792;9;-996.666666666661 * Files_10;1;0.071969696969532;
Elapsed=00:00:00.5080394
Learning progress:
1;12775.3846153846 * CompressionMethod + -9393.38461538462 * x_2;80.5361333140554;80.5361333140554;80.5361333140554;80.5361333140554;0.006789;2;-9393.38461538462 * x_2;1;167.328325556214;
2;14645.4545454545 * CompressionMethod + -11263.4545454546 * x_2 + -12155.4545454546 * x_4;51.3302862485845;51.3302862485845;51.3302862485845;51.3302862485845;0.029969;3;-12155.4545454546 * x_4;1;29.2058470654708;
3;16289.3233082707 * CompressionMethod + -10496.3157894737 * x_2 + -12292.4436090226 * x_4 + -3013.75939849624 * tmOff;37.2581986989226;37.2581986989226;37.2581986989226;37.2581986989226;0.071583;4;-3013.75939849624 * tmOff;1;14.0720875496619;
4;10875.3975903614 * CompressionMethod + -6368.86746987952 * x_2 + -7682.56626506025 * x_4 + -1405.6626506024 * tmOff + 14258.4578313253 * x_10;29.6919161228151;29.6919161228151;29.6919161228151;29.6919161228151;0.138735;5;14258.4578313253 * x_10;1;7.5662825761075;
5;10539.7885196375 * CompressionMethod + -6207.64350453171 * x_2 + -6943.89728096676 * x_4 + -2211.78247734139 * tmOff + 14939.5468277946 * x_10 + 4096.40483383687 * Files_20;23.6668948377808;23.6668948377808;23.6668948377808;23.6668948377808;0.235113;6;4096.40483383687 * Files_20;1;6.02502128503428;
6;10445.5895578316 * CompressionMethod + -5702.76417686733 * x_2 + -6821.23532350736 * x_4 + -2268.70846864851 * tmOff + 15058.1426430177 * x_10 + 2270.70696977269 * Files_20 + 7402.41194104423 * Files_20 * LZMA;19.852622333232;19.852622333232;19.852622333232;19.852622333232;0.366575;8;7402.41194104423 * Files_20 * LZMA;2;1.90713625227442;
7;10277.0123839009 * CompressionMethod + -5770.19504643963 * x_2 + -6817.48916408669 * x_4 + -1939.04643962848 * tmOff + 15621.0030959753 * x_10 + 2132.09907120742 * Files_20 + 11128.9040247678 * Files_20 * LZMA + -3748.96904024767 * BlockSize_8;17.7963592904964;17.7963592904964;17.7963592904964;17.7963592904964;0.548152;9;-3748.96904024767 * BlockSize_8;1;2.05626304273556;
8;11031.864608076 * CompressionMethod + -5468.2541567696 * x_2 + -6834.26365795725 * x_4 + -3415.20190023753 * tmOff + 13100.635391924 * x_10 + 2752.75534441806 * Files_20 + 14760.5819477435 * Files_20 * LZMA + -7279.99999999997 * BlockSize_8 + 6772.70190023752 * x_10 * tmOff;15.7246653133639;15.7246653133639;15.7246653133639;15.7246653133639;0.785394;11;6772.70190023752 * x_10 * tmOff;2;1.03584698856624;
9;11012.1827613727 * CompressionMethod + -5268.97545889864 * x_2 + -6845.33469672784 * x_4 + -3698.94852354351 * tmOff + 12947.6910415004 * x_10 + 2989.75758180366 * Files_20 + 14827.0081803671 * Files_20 * LZMA + -7970.50478850757 * BlockSize_8 + 7229.07472067041 * x_10 * tmOff + 690.504788507568 * LZMA;13.5368882631285;13.5368882631285;13.5368882631285;13.5368882631285;1.084151;12;690.504788507568 * LZMA;1;2.18777705023548;
10;11190.5313319037 * CompressionMethod + -5030.81486776269 * x_2 + -7766.98355968549 * x_4 + -4307.21864824079 * tmOff + 12630.3248351998 * x_10 + 3340.29227225796 * Files_20 + 14906.3950440791 * Files_20 * LZMA + -8526.57533158606 * BlockSize_8 + 7976.3624811373 * x_10 * tmOff + 1246.57533158606 * LZMA + 3633.67087602252 * BlockSize_4;12.5186337006687;12.5186337006687;12.5186337006687;12.5186337006687;1.453153;13;3633.67087602252 * BlockSize_4;1;1.01825456245974;
11;11190.5313319037 * CompressionMethod + -5030.81486776268 * x_2 + -7766.98355968549 * x_4 + -4307.21864824081 * tmOff + 12630.3248351998 * x_10 + 3340.29227225797 * Files_20 + 14906.3950440791 * Files_20 * LZMA + -4263.28766579304 * BlockSize_8 + 7976.36248113732 * x_10 * tmOff + 1246.57533158605 * LZMA + 3633.67087602258 * BlockSize_4 + -4263.28766579304 * BlockSize_8 * LZMA;11.1694543689829;11.1694543689829;11.1694543689829;11.1694543689829;1.890468;15;-4263.28766579304 * BlockSize_8 * LZMA;2;0.674589665842896;
12;11190.5313319037 * CompressionMethod + -5030.81486776269 * x_2 + -7766.9835596855 * x_4 + -4307.21864824083 * tmOff + 12630.3248351998 * x_10 + 3340.29227225797 * Files_20 + 14906.3950440791 * Files_20 * LZMA + -2842.19177719536 * BlockSize_8 + 7976.36248113735 * x_10 * tmOff + 1246.57533158607 * LZMA + 3633.6708760226 * BlockSize_4 + -2842.19177719536 * BlockSize_8 * LZMA + -2842.19177719536 * BlockSize_8 * filterOff;10.5898933524091;10.5898933524091;10.5898933524091;10.5898933524091;2.415136;17;-2842.19177719536 * BlockSize_8 * filterOff;2;0.289780508286901;
13;11186.7269667648 * CompressionMethod + -5000.58897770299 * x_2 + -7764.97686159023 * x_4 + -4290.67732435843 * tmOff + 12636.9162810265 * x_10 + 3317.48001682793 * Files_20 + 14741.0096760623 * Files_20 * LZMA + -2779.98878137709 * BlockSize_8 + 7957.03407656709 * x_10 * tmOff + 1235.42700883465 * LZMA + 3618.92721918382 * BlockSize_4 + -2779.98878137708 * BlockSize_8 * LZMA + -2779.98878137708 * BlockSize_8 * filterOff + -175.460664703412 * tmOff * Files_80;10.4432463299413;10.4432463299413;10.4432463299413;10.4432463299413;3.041351;19;-175.460664703412 * tmOff * Files_80;2;0.0733235112339292;
Elapsed=00:00:03.0417158
Learning progress:
1;11356.8965517241 * CompressionMethod + -8846.89655172414 * BlockSize_1024;114.711352653924;114.711352653924;114.711352653924;114.711352653924;0.005287;2;-8846.89655172414 * BlockSize_1024;1;205.02520598467;
2;7521.90635451505 * CompressionMethod + -8719.06354515051 * BlockSize_1024 + 5560.73578595318 * filterOff;86.2899823370832;86.2899823370832;86.2899823370832;86.2899823370832;0.02652;3;5560.73578595318 * filterOff;1;28.4213703168413;
3;5792.73409893992 * CompressionMethod + -9013.14045936395 * BlockSize_1024 + 5078.44964664312 * filterOff + 3517.15989399293 * HeaderCompressionOff;52.0292062157222;52.0292062157222;52.0292062157222;52.0292062157222;0.066078;4;3517.15989399293 * HeaderCompressionOff;1;34.260776121361;
4;3494.97700562084 * CompressionMethod + -8481.73735309147 * BlockSize_1024 + 6627.75166070517 * filterOff + 4617.38886050077 * HeaderCompressionOff + 16945.0229943792 * Files_50;38.9670789884693;38.9670789884693;38.9670789884693;38.9670789884693;0.129866;5;16945.0229943792 * Files_50;1;13.0621272272529;
5;2548.794489093 * CompressionMethod + -7526.67049368542 * BlockSize_1024 + 6840.97588978187 * filterOff + 4390.83811710678 * HeaderCompressionOff + 17891.205510907 * Files_50 + 8693.32950631459 * x_8;29.2320887973568;29.2320887973568;29.2320887973568;29.2320887973568;0.22178;6;8693.32950631459 * x_8;1;9.73499019111252;
6;2108.88535031848 * CompressionMethod + -7420.54140127388 * BlockSize_1024 + 7297.89808917197 * filterOff + 4434.58598726115 * HeaderCompressionOff + 18331.1146496815 * Files_50 + 8093.82165605094 * x_8 + 2116.91082802548 * BlockSize_1;27.7169238245554;27.7169238245554;27.7169238245554;27.7169238245554;0.344863;7;2116.91082802548 * BlockSize_1;1;1.51516497280141;
7;1667.39675016925 * CompressionMethod + -8159.90182802979 * BlockSize_1024 + 8111.72647257957 * filterOff + 5392.03114421124 * HeaderCompressionOff + 18772.6032498308 * Files_50 + 7221.4827352742 * x_8 + 2515.84631008803 * BlockSize_1 + -9186.15436696007 * BlockSize_64;25.9792133921251;25.9792133921251;25.9792133921251;25.9792133921251;0.50719;8;-9186.15436696007 * BlockSize_64;1;1.73771043243029;
8;1941.05442176872 * CompressionMethod + -8334.04761904762 * BlockSize_1024 + 8397.82312925169 * filterOff + 4956.66666666666 * HeaderCompressionOff + 18498.9455782313 * Files_50 + 7034.89795918368 * x_8 + 7802.41496598639 * BlockSize_1 + -6685.91836734694 * BlockSize_64 + -5249.25170068028 * Files_30;23.6527936564602;23.6527936564602;23.6527936564602;23.6527936564602;0.715629;9;-5249.25170068028 * Files_30;1;2.32641973566489;
9;1685.60769656698 * CompressionMethod + -8930.0899778516 * BlockSize_1024 + 9079.01439645627 * filterOff + 5552.70902547066 * HeaderCompressionOff + 18754.392303433 * Files_50 + 9674.51411960133 * x_8 + 9505.39313399782 * BlockSize_1 + -2002.7284053156 * BlockSize_64 + -8314.6124031008 * Files_30 + -8344.59302325582 * HeaderCompressionOff * Files_90;18.3873983304196;18.3873983304196;18.3873983304196;18.3873983304196;0.975979;11;-8344.59302325582 * HeaderCompressionOff * Files_90;2;2.63269766302029;
10;1739.64875681201 * CompressionMethod + -8978.05900885558 * BlockSize_1024 + 9152.48595027248 * filterOff + 5470.12942779292 * HeaderCompressionOff + 18700.351243188 * Files_50 + 12814.9676430518 * x_8 + 10668.1867336512 * BlockSize_1 + -1070.06471389646 * BlockSize_64 + -8867.1670640327 * Files_30 + -9747.23177792915 * HeaderCompressionOff * Files_90 + -4386.43392370575 * x_8 * mtOff;16.7071479146095;16.7071479146095;16.7071479146095;16.7071479146095;1.303997;13;-4386.43392370575 * x_8 * mtOff;2;0.840125207905063;
11;1739.64875681199 * CompressionMethod + -8978.0590088556 * BlockSize_1024 + 9152.48595027248 * filterOff + 5470.12942779292 * HeaderCompressionOff + 18700.351243188 * Files_50 + 12814.9676430518 * x_8 + 10668.1867336512 * BlockSize_1 + -535.032356948235 * BlockSize_64 + -8867.16706403269 * Files_30 + -9747.23177792919 * HeaderCompressionOff * Files_90 + -4386.43392370577 * x_8 * mtOff + -535.03235694823 * BlockSize_64 * filterOff;16.7071479146092;16.7071479146092;16.7071479146092;16.7071479146092;1.714296;15;-535.03235694823 * BlockSize_64 * filterOff;2;1.70530256582424E-13;
Elapsed=00:00:01.7145872
Learning progress:
1;12704.6153846154 * CompressionMethod + -8132.61538461538 * x_0;155.05748921056;155.05748921056;155.05748921056;155.05748921056;0.008279;2;-8132.61538461538 * x_0;1;95.8113075632079;
2;14498.6363636364 * CompressionMethod + -9926.63636363638 * x_0 + -11661.1363636364 * x_4;97.6994024186794;97.6994024186794;97.6994024186794;97.6994024186794;0.029092;3;-11661.1363636364 * x_4;1;57.3580867918809;
3;19628 * CompressionMethod + -15056 * x_0 + -16790.5 * x_4 + -16120.8571428571 * x_2;53.0203807411209;53.0203807411209;53.0203807411209;53.0203807411209;0.066712;4;-16120.8571428571 * x_2;1;44.6790216775585;
4;19101.0220955096 * CompressionMethod + -16109.9558089808 * x_0 + -18239.6892373486 * x_4 + -16723.1176051319 * x_2 + 7904.66856735566 * BlockSize_4096;35.1570378148874;35.1570378148874;35.1570378148874;35.1570378148874;0.128117;5;7904.66856735566 * BlockSize_4096;1;17.8633429262335;
5;19040.1142857143 * CompressionMethod + -16231.7714285714 * x_0 + -17150.5142857143 * x_4 + -16074.6285714286 * x_2 + 8818.28571428573 * BlockSize_4096 + -5026.68571428572 * Files_80;30.268367023845;30.268367023845;30.268367023845;30.268367023845;0.219594;6;-5026.68571428572 * Files_80;1;4.88867079104241;
6;19043.9165154265 * CompressionMethod + -16046.7295825772 * x_0 + -17145.444646098 * x_4 + -16073.3611615245 * x_2 + 8761.25226860255 * BlockSize_4096 + -5005.13974591652 * Files_80 + -887.186932849352 * Files_40;28.3564983401042;28.3564983401042;28.3564983401042;28.3564983401042;0.348446;7;-887.186932849352 * Files_40;1;1.91186868374077;
7;19043.9165154265 * CompressionMethod + -16046.7295825771 * x_0 + -17145.444646098 * x_4 + -16073.3611615245 * x_2 + 8761.25226860255 * BlockSize_4096 + -5005.13974591652 * Files_80 + -443.593466424668 * Files_40 + -443.593466424668 * x_0 * Deflate;26.7883653281391;26.7883653281391;26.7883653281391;26.7883653281391;0.512538;9;-443.593466424668 * x_0 * Deflate;2;0.784066505982542;
8;19043.9165154265 * CompressionMethod + -16046.7295825771 * x_0 + -17145.444646098 * x_4 + -16073.3611615245 * x_2 + 8761.25226860256 * BlockSize_4096 + -2502.56987295827 * Files_80 + -443.59346642468 * Files_40 + -443.593466424677 * x_0 * Deflate + -2502.56987295827 * Files_80 * Deflate;25.2405116214605;25.2405116214605;25.2405116214605;25.2405116214605;0.728572;11;-2502.56987295827 * Files_80 * Deflate;2;0.773926853339324;
9;18941.8657491561 * CompressionMethod + -15952.8356271098 * x_0 + -17048.4692287717 * x_4 + -15974.2105946507 * x_2 + 8793.87951181512 * BlockSize_4096 + -2508.73279667622 * Files_80 + -439.515061023088 * Files_40 + -439.515061023088 * x_0 * Deflate + -2508.73279667622 * Files_80 * Deflate + 1498.13425084387 * Files_50;25.0666359184397;25.0666359184397;25.0666359184397;25.0666359184397;1.003289;12;1498.13425084387 * Files_50;1;0.173875703020755;
Elapsed=00:00:01.0035654
Learning progress:
1;6555.38461538461 * CompressionMethod + 12394.6153846154 * x_8;90.3753896573691;90.3753896573691;90.3753896573691;90.3753896573691;0.008398;2;12394.6153846154 * x_8;1;49.5388883756638;
2;5179.52380952381 * CompressionMethod + 13770.4761904762 * x_8 + 7154.47619047619 * x_10;63.6535757850141;63.6535757850141;63.6535757850141;63.6535757850141;0.028869;3;7154.47619047619 * x_10;1;26.721813872355;
3;5287.66304347825 * CompressionMethod + 14116.5217391304 * x_8 + 7046.33695652174 * x_10 + -2270.92391304349 * BlockSize_32;50.3947916532111;50.3947916532111;50.3947916532111;50.3947916532111;0.070649;4;-2270.92391304349 * BlockSize_32;1;13.258784131803;
4;5556.58597662771 * CompressionMethod + 13877.4791318865 * x_8 + 7327.21202003338 * x_10 + -2420.32554257095 * BlockSize_32 + -2748.98998330551 * BlockSize_512;44.2531538865537;44.2531538865537;44.2531538865537;44.2531538865537;0.133037;5;-2748.98998330551 * BlockSize_512;1;6.14163776665746;
5;5792.43470149253 * CompressionMethod + 13667.8358208955 * x_8 + 7125.05597014926 * x_10 + -2551.3526119403 * BlockSize_32 + -2917.45335820895 * BlockSize_512 + -2242.43470149253 * BlockSize_4096;37.1580160276262;37.1580160276262;37.1580160276262;37.1580160276262;0.226355;6;-2242.43470149253 * BlockSize_4096;1;7.09513785892748;
6;5875.17241379311 * CompressionMethod + 13242.3275862069 * x_8 + 7054.13793103448 * x_10 + -837.500000000015 * BlockSize_32 + -2976.55172413793 * BlockSize_512 + -2325.1724137931 * BlockSize_4096 + -3167.67241379308 * BlockSize_32 * Deflate;32.9893712687873;32.9893712687873;32.9893712687873;32.9893712687873;0.355588;8;-3167.67241379308 * BlockSize_32 * Deflate;2;2.08432237941946;
7;6018.48214285714 * CompressionMethod + 13692.7295918367 * x_8 + 6931.30102040816 * x_10 + -1431.21173469387 * BlockSize_32 + -3078.91581632653 * BlockSize_512 + -2468.48214285715 * BlockSize_4096 + -2717.27040816327 * BlockSize_32 * Deflate + -2374.8469387755 * BlockSize_1;31.172895075669;31.172895075669;31.172895075669;31.172895075669;0.53586;9;-2374.8469387755 * BlockSize_1;1;1.81647619311821;
8;6138.52355072464 * CompressionMethod + 13589.8369565217 * x_8 + 7188.53260869565 * x_10 + -1448.36050724637 * BlockSize_32 + -3284.70108695652 * BlockSize_512 + -2588.52355072463 * BlockSize_4096 + -2820.16304347826 * BlockSize_32 * Deflate + -2443.44202898551 * BlockSize_1 + -840.289855072453 * Files_60;29.5198279324025;29.5198279324025;29.5198279324025;29.5198279324025;0.764744;10;-840.289855072453 * Files_60;1;1.65306714326652;
9;5995.21166134186 * CompressionMethod + 13712.6757188498 * x_8 + 13944.6645367412 * x_10 + -1427.8873801917 * BlockSize_32 + -1626.37779552716 * BlockSize_512 + -2445.21166134186 * BlockSize_4096 + -2697.32428115014 * BlockSize_32 * Deflate + -2361.54952076678 * BlockSize_1 + -1249.75239616614 * Files_60 + -11301.1661341853 * x_10 * PPMd;27.6047904351607;27.6047904351607;27.6047904351607;27.6047904351607;1.052766;12;-11301.1661341853 * x_10 * PPMd;2;0.957518748620906;
10;6931.92580049261 * CompressionMethod + 13877.0874384236 * x_8 + 13507.6754926108 * x_10 + -2529.01323891627 * BlockSize_32 + -1438.16964285714 * BlockSize_512 + -2027.69242610837 * BlockSize_4096 + -2532.91256157636 * BlockSize_32 * Deflate + -2703.35283251232 * BlockSize_1 + -894.969211822664 * Files_60 + -11530.4772167488 * x_10 * PPMd + -1354.23337438423 * tmOff;24.0188018229397;24.0188018229397;24.0188018229397;24.0188018229397;1.419416;13;-1354.23337438423 * tmOff;1;3.58598861222107;
11;6911.29648241206 * CompressionMethod + 13852.5552763819 * x_8 + 13477.567839196 * x_10 + -2483.85175879397 * BlockSize_32 + -775.243718592963 * BlockSize_512 + -2066.16331658291 * BlockSize_4096 + -2557.44472361808 * BlockSize_32 * Deflate + -2700.00753768842 * BlockSize_1 + -852.595477386926 * Files_60 + -11734.5402010051 * x_10 * PPMd + -1295.13316582915 * tmOff + -1810.91959798997 * BlockSize_512 * filterOff;20.7599344128676;20.7599344128676;20.7599344128676;20.7599344128676;1.862153;15;-1810.91959798997 * BlockSize_512 * filterOff;2;1.62943370503601;
12;6928.61921708185 * CompressionMethod + 13539.3024911032 * x_8 + 13471.7935943061 * x_10 + -2187.92170818505 * BlockSize_32 + -765.138790035591 * BlockSize_512 + -2041.62277580072 * BlockSize_4096 + -2870.69750889678 * BlockSize_32 * Deflate + -2539.77224199288 * BlockSize_1 + -833.829181494654 * Files_60 + -11741.7580071174 * x_10 * PPMd + -1336.99644128115 * tmOff + -1796.48398576512 * BlockSize_512 * filterOff + 1149.07473309609 * x_8 * BlockSize_16;19.7135864079506;19.7135864079506;19.7135864079506;19.7135864079506;2.397293;17;1149.07473309609 * x_8 * BlockSize_16;2;0.52317400245852;
13;6901.84261868631 * CompressionMethod + 13596.1814437459 * x_8 + 13496.6941252981 * x_10 + -2218.02406243227 * BlockSize_32 + -712.864730110548 * BlockSize_512 + -1955.75005419466 * BlockSize_4096 + -2813.81855625404 * BlockSize_32 * Deflate + -2511.88705831346 * BlockSize_1 + -770.980923477131 * Files_60 + -11758.5573379579 * x_10 * PPMd + -1396.09256449165 * tmOff + -1762.88532408411 * BlockSize_512 * filterOff + 1178.0685020594 * x_8 * BlockSize_16 + 479.249945805345 * BlockSize_64;19.5938165079921;19.5938165079921;19.5938165079921;19.5938165079921;3.029132;18;479.249945805345 * BlockSize_64;1;0.119769899958463;
Elapsed=00:00:03.0294954
Learning progress:
1;6886.08695652174 * CompressionMethod + 16881.4130434783 * x_10;83.6915996072685;83.6915996072685;83.6915996072685;83.6915996072685;0.005949;2;16881.4130434783 * x_10;1;103.416788236654;
2;5045.49999999999 * CompressionMethod + 18722 * x_10 + 14111.1666666667 * x_8;43.7190444485273;43.7190444485273;43.7190444485273;43.7190444485273;0.026199;3;14111.1666666667 * x_8;1;39.9725551587412;
3;3302.50000000001 * CompressionMethod + 20465 * x_10 + 15854.1666666667 * x_8 + 8715.00000000001 * x_6;28.3567413215888;28.3567413215888;28.3567413215888;28.3567413215888;0.064975;4;8715.00000000001 * x_6;1;15.3623031269386;
4;3302.5 * CompressionMethod + 20465 * x_10 + 16280.5 * x_8 + 9354.5 * x_6 + -1279 * Files_20;23.2996943222797;23.2996943222797;23.2996943222797;23.2996943222797;0.125882;5;-1279 * Files_20;1;5.05704699930907;
5;3302.5 * CompressionMethod + 20465 * x_10 + 16280.5 * x_8 + 4677.25 * x_6 + -1279.00000000001 * Files_20 + 4677.25 * x_6 * HeaderCompressionOff;15.8613196403459;15.8613196403459;15.8613196403459;15.8613196403459;0.217122;7;4677.25 * x_6 * HeaderCompressionOff;2;3.7191873409669;
6;3530.83333333334 * CompressionMethod + 20236.6666666667 * x_10 + 16052.1666666667 * x_8 + 4563.08333333334 * x_6 + -1279.00000000001 * Files_20 + 4563.08333333334 * x_6 * HeaderCompressionOff + -913.33333333334 * x_4;13.4874844995803;13.4874844995803;13.4874844995803;13.4874844995803;0.348536;8;-913.33333333334 * x_4;1;2.37383514076559;
7;3530.83333333333 * CompressionMethod + 20236.6666666667 * x_10 + 16052.1666666667 * x_8 + 4563.08333333334 * x_6 + -1278.99999999997 * Files_20 + 4563.08333333334 * x_6 * HeaderCompressionOff + -664.166666666656 * x_4 + -996.666666666661 * Files_10;13.4155148026108;13.4155148026108;13.4155148026108;13.4155148026108;0.523633;9;-996.666666666661 * Files_10;1;0.071969696969532;
Elapsed=00:00:00.5239047
Learning progress:
1;12775.3846153846 * CompressionMethod + -9393.38461538462 * x_2;80.5361333140554;80.5361333140554;80.5361333140554;80.5361333140554;0.005899;2;-9393.38461538462 * x_2;1;167.328325556214;
2;14645.4545454545 * CompressionMethod + -11263.4545454546 * x_2 + -12155.4545454546 * x_4;51.3302862485845;51.3302862485845;51.3302862485845;51.3302862485845;0.026967;3;-12155.4545454546 * x_4;1;29.2058470654708;
3;16289.3233082707 * CompressionMethod + -10496.3157894737 * x_2 + -12292.4436090226 * x_4 + -3013.75939849624 * tmOff;37.2581986989226;37.2581986989226;37.2581986989226;37.2581986989226;0.06627;4;-3013.75939849624 * tmOff;1;14.0720875496619;
4;10875.3975903614 * CompressionMethod + -6368.86746987952 * x_2 + -7682.56626506025 * x_4 + -1405.6626506024 * tmOff + 14258.4578313253 * x_10;29.6919161228151;29.6919161228151;29.6919161228151;29.6919161228151;0.137528;5;14258.4578313253 * x_10;1;7.5662825761075;
5;10539.7885196375 * CompressionMethod + -6207.64350453171 * x_2 + -6943.89728096676 * x_4 + -2211.78247734139 * tmOff + 14939.5468277946 * x_10 + 4096.40483383687 * Files_20;23.6668948377808;23.6668948377808;23.6668948377808;23.6668948377808;0.234851;6;4096.40483383687 * Files_20;1;6.02502128503428;
6;10445.5895578316 * CompressionMethod + -5702.76417686733 * x_2 + -6821.23532350736 * x_4 + -2268.70846864851 * tmOff + 15058.1426430177 * x_10 + 2270.70696977269 * Files_20 + 7402.41194104423 * Files_20 * LZMA;19.852622333232;19.852622333232;19.852622333232;19.852622333232;0.420826;8;7402.41194104423 * Files_20 * LZMA;2;1.90713625227442;
7;10277.0123839009 * CompressionMethod + -5770.19504643963 * x_2 + -6817.48916408669 * x_4 + -1939.04643962848 * tmOff + 15621.0030959753 * x_10 + 2132.09907120742 * Files_20 + 11128.9040247678 * Files_20 * LZMA + -3748.96904024767 * BlockSize_8;17.7963592904964;17.7963592904964;17.7963592904964;17.7963592904964;0.647363;9;-3748.96904024767 * BlockSize_8;1;2.05626304273556;
8;11031.864608076 * CompressionMethod + -5468.2541567696 * x_2 + -6834.26365795725 * x_4 + -3415.20190023753 * tmOff + 13100.635391924 * x_10 + 2752.75534441806 * Files_20 + 14760.5819477435 * Files_20 * LZMA + -7279.99999999997 * BlockSize_8 + 6772.70190023752 * x_10 * tmOff;15.7246653133639;15.7246653133639;15.7246653133639;15.7246653133639;0.883123;11;6772.70190023752 * x_10 * tmOff;2;1.03584698856624;
9;11012.1827613727 * CompressionMethod + -5268.97545889864 * x_2 + -6845.33469672784 * x_4 + -3698.94852354351 * tmOff + 12947.6910415004 * x_10 + 2989.75758180366 * Files_20 + 14827.0081803671 * Files_20 * LZMA + -7970.50478850757 * BlockSize_8 + 7229.07472067041 * x_10 * tmOff + 690.504788507568 * LZMA;13.5368882631285;13.5368882631285;13.5368882631285;13.5368882631285;1.180753;12;690.504788507568 * LZMA;1;2.18777705023548;
10;11190.5313319037 * CompressionMethod + -5030.81486776269 * x_2 + -7766.98355968549 * x_4 + -4307.21864824079 * tmOff + 12630.3248351998 * x_10 + 3340.29227225796 * Files_20 + 14906.3950440791 * Files_20 * LZMA + -8526.57533158606 * BlockSize_8 + 7976.3624811373 * x_10 * tmOff + 1246.57533158606 * LZMA + 3633.67087602252 * BlockSize_4;12.5186337006687;12.5186337006687;12.5186337006687;12.5186337006687;1.551515;13;3633.67087602252 * BlockSize_4;1;1.01825456245974;
11;11190.5313319037 * CompressionMethod + -5030.81486776268 * x_2 + -7766.98355968549 * x_4 + -4307.21864824081 * tmOff + 12630.3248351998 * x_10 + 3340.29227225797 * Files_20 + 14906.3950440791 * Files_20 * LZMA + -4263.28766579304 * BlockSize_8 + 7976.36248113732 * x_10 * tmOff + 1246.57533158605 * LZMA + 3633.67087602258 * BlockSize_4 + -4263.28766579304 * BlockSize_8 * LZMA;11.1694543689829;11.1694543689829;11.1694543689829;11.1694543689829;1.992463;15;-4263.28766579304 * BlockSize_8 * LZMA;2;0.674589665842896;
12;11190.5313319037 * CompressionMethod + -5030.81486776269 * x_2 + -7766.9835596855 * x_4 + -4307.21864824083 * tmOff + 12630.3248351998 * x_10 + 3340.29227225797 * Files_20 + 14906.3950440791 * Files_20 * LZMA + -2842.19177719536 * BlockSize_8 + 7976.36248113735 * x_10 * tmOff + 1246.57533158607 * LZMA + 3633.6708760226 * BlockSize_4 + -2842.19177719536 * BlockSize_8 * LZMA + -2842.19177719536 * BlockSize_8 * filterOff;10.5898933524091;10.5898933524091;10.5898933524091;10.5898933524091;2.521853;17;-2842.19177719536 * BlockSize_8 * filterOff;2;0.289780508286901;
Elapsed=00:00:02.5222098
Learning progress:
1;11356.8965517241 * CompressionMethod + -8846.89655172414 * BlockSize_1024;114.711352653924;114.711352653924;114.711352653924;114.711352653924;0.005348;2;-8846.89655172414 * BlockSize_1024;1;205.02520598467;
2;7521.90635451505 * CompressionMethod + -8719.06354515051 * BlockSize_1024 + 5560.73578595318 * filterOff;86.2899823370832;86.2899823370832;86.2899823370832;86.2899823370832;0.025242;3;5560.73578595318 * filterOff;1;28.4213703168413;
3;5792.73409893992 * CompressionMethod + -9013.14045936395 * BlockSize_1024 + 5078.44964664312 * filterOff + 3517.15989399293 * HeaderCompressionOff;52.0292062157222;52.0292062157222;52.0292062157222;52.0292062157222;0.064439;4;3517.15989399293 * HeaderCompressionOff;1;34.260776121361;
4;3494.97700562084 * CompressionMethod + -8481.73735309147 * BlockSize_1024 + 6627.75166070517 * filterOff + 4617.38886050077 * HeaderCompressionOff + 16945.0229943792 * Files_50;38.9670789884693;38.9670789884693;38.9670789884693;38.9670789884693;0.127728;5;16945.0229943792 * Files_50;1;13.0621272272529;
5;2548.794489093 * CompressionMethod + -7526.67049368542 * BlockSize_1024 + 6840.97588978187 * filterOff + 4390.83811710678 * HeaderCompressionOff + 17891.205510907 * Files_50 + 8693.32950631459 * x_8;29.2320887973568;29.2320887973568;29.2320887973568;29.2320887973568;0.220063;6;8693.32950631459 * x_8;1;9.73499019111252;
6;2108.88535031848 * CompressionMethod + -7420.54140127388 * BlockSize_1024 + 7297.89808917197 * filterOff + 4434.58598726115 * HeaderCompressionOff + 18331.1146496815 * Files_50 + 8093.82165605094 * x_8 + 2116.91082802548 * BlockSize_1;27.7169238245554;27.7169238245554;27.7169238245554;27.7169238245554;0.346427;7;2116.91082802548 * BlockSize_1;1;1.51516497280141;
7;1667.39675016925 * CompressionMethod + -8159.90182802979 * BlockSize_1024 + 8111.72647257957 * filterOff + 5392.03114421124 * HeaderCompressionOff + 18772.6032498308 * Files_50 + 7221.4827352742 * x_8 + 2515.84631008803 * BlockSize_1 + -9186.15436696007 * BlockSize_64;25.9792133921251;25.9792133921251;25.9792133921251;25.9792133921251;0.51083;8;-9186.15436696007 * BlockSize_64;1;1.73771043243029;
8;1941.05442176872 * CompressionMethod + -8334.04761904762 * BlockSize_1024 + 8397.82312925169 * filterOff + 4956.66666666666 * HeaderCompressionOff + 18498.9455782313 * Files_50 + 7034.89795918368 * x_8 + 7802.41496598639 * BlockSize_1 + -6685.91836734694 * BlockSize_64 + -5249.25170068028 * Files_30;23.6527936564602;23.6527936564602;23.6527936564602;23.6527936564602;0.721895;9;-5249.25170068028 * Files_30;1;2.32641973566489;
9;1685.60769656698 * CompressionMethod + -8930.0899778516 * BlockSize_1024 + 9079.01439645627 * filterOff + 5552.70902547066 * HeaderCompressionOff + 18754.392303433 * Files_50 + 9674.51411960133 * x_8 + 9505.39313399782 * BlockSize_1 + -2002.7284053156 * BlockSize_64 + -8314.6124031008 * Files_30 + -8344.59302325582 * HeaderCompressionOff * Files_90;18.3873983304196;18.3873983304196;18.3873983304196;18.3873983304196;0.981934;11;-8344.59302325582 * HeaderCompressionOff * Files_90;2;2.63269766302029;
10;1739.64875681201 * CompressionMethod + -8978.05900885558 * BlockSize_1024 + 9152.48595027248 * filterOff + 5470.12942779292 * HeaderCompressionOff + 18700.351243188 * Files_50 + 12814.9676430518 * x_8 + 10668.1867336512 * BlockSize_1 + -1070.06471389646 * BlockSize_64 + -8867.1670640327 * Files_30 + -9747.23177792915 * HeaderCompressionOff * Files_90 + -4386.43392370575 * x_8 * mtOff;16.7071479146095;16.7071479146095;16.7071479146095;16.7071479146095;1.318665;13;-4386.43392370575 * x_8 * mtOff;2;0.840125207905063;
11;1739.64875681199 * CompressionMethod + -8978.0590088556 * BlockSize_1024 + 9152.48595027248 * filterOff + 5470.12942779292 * HeaderCompressionOff + 18700.351243188 * Files_50 + 12814.9676430518 * x_8 + 10668.1867336512 * BlockSize_1 + -535.032356948235 * BlockSize_64 + -8867.16706403269 * Files_30 + -9747.23177792919 * HeaderCompressionOff * Files_90 + -4386.43392370577 * x_8 * mtOff + -535.03235694823 * BlockSize_64 * filterOff;16.7071479146092;16.7071479146092;16.7071479146092;16.7071479146092;1.728596;15;-535.03235694823 * BlockSize_64 * filterOff;2;1.70530256582424E-13;
Elapsed=00:00:01.7289170
Learning progress:
1;12704.6153846154 * CompressionMethod + -8132.61538461538 * x_0;155.05748921056;155.05748921056;155.05748921056;155.05748921056;0.009162;2;-8132.61538461538 * x_0;1;95.8113075632079;
2;14498.6363636364 * CompressionMethod + -9926.63636363638 * x_0 + -11661.1363636364 * x_4;97.6994024186794;97.6994024186794;97.6994024186794;97.6994024186794;0.030184;3;-11661.1363636364 * x_4;1;57.3580867918809;
3;19628 * CompressionMethod + -15056 * x_0 + -16790.5 * x_4 + -16120.8571428571 * x_2;53.0203807411209;53.0203807411209;53.0203807411209;53.0203807411209;0.068786;4;-16120.8571428571 * x_2;1;44.6790216775585;
4;19101.0220955096 * CompressionMethod + -16109.9558089808 * x_0 + -18239.6892373486 * x_4 + -16723.1176051319 * x_2 + 7904.66856735566 * BlockSize_4096;35.1570378148874;35.1570378148874;35.1570378148874;35.1570378148874;0.1303;5;7904.66856735566 * BlockSize_4096;1;17.8633429262335;
5;19040.1142857143 * CompressionMethod + -16231.7714285714 * x_0 + -17150.5142857143 * x_4 + -16074.6285714286 * x_2 + 8818.28571428573 * BlockSize_4096 + -5026.68571428572 * Files_80;30.268367023845;30.268367023845;30.268367023845;30.268367023845;0.223536;6;-5026.68571428572 * Files_80;1;4.88867079104241;
6;19043.9165154265 * CompressionMethod + -16046.7295825772 * x_0 + -17145.444646098 * x_4 + -16073.3611615245 * x_2 + 8761.25226860255 * BlockSize_4096 + -5005.13974591652 * Files_80 + -887.186932849352 * Files_40;28.3564983401042;28.3564983401042;28.3564983401042;28.3564983401042;0.350037;7;-887.186932849352 * Files_40;1;1.91186868374077;
7;19043.9165154265 * CompressionMethod + -16046.7295825771 * x_0 + -17145.444646098 * x_4 + -16073.3611615245 * x_2 + 8761.25226860255 * BlockSize_4096 + -5005.13974591652 * Files_80 + -443.593466424668 * Files_40 + -443.593466424668 * x_0 * Deflate;26.7883653281391;26.7883653281391;26.7883653281391;26.7883653281391;0.51524;9;-443.593466424668 * x_0 * Deflate;2;0.784066505982542;
8;19043.9165154265 * CompressionMethod + -16046.7295825771 * x_0 + -17145.444646098 * x_4 + -16073.3611615245 * x_2 + 8761.25226860256 * BlockSize_4096 + -2502.56987295827 * Files_80 + -443.59346642468 * Files_40 + -443.593466424677 * x_0 * Deflate + -2502.56987295827 * Files_80 * Deflate;25.2405116214605;25.2405116214605;25.2405116214605;25.2405116214605;0.739475;11;-2502.56987295827 * Files_80 * Deflate;2;0.773926853339324;
9;18941.8657491561 * CompressionMethod + -15952.8356271098 * x_0 + -17048.4692287717 * x_4 + -15974.2105946507 * x_2 + 8793.87951181512 * BlockSize_4096 + -2508.73279667622 * Files_80 + -439.515061023088 * Files_40 + -439.515061023088 * x_0 * Deflate + -2508.73279667622 * Files_80 * Deflate + 1498.13425084387 * Files_50;25.0666359184397;25.0666359184397;25.0666359184397;25.0666359184397;1.012948;12;1498.13425084387 * Files_50;1;0.173875703020755;
10;18941.5376401495 * CompressionMethod + -15911.5376401495 * x_0 + -17048.8556682684 * x_4 + -15974.2907990746 * x_2 + 8798.47303790709 * BlockSize_4096 + -2509.60046271579 * Files_80 + -459.999999999982 * Files_40 + -459.999999999979 * x_0 * Deflate + -2509.60046271579 * Files_80 * Deflate + 1498.46235985048 * Files_50 + -56.1576793023349 * x_0 * BZip2;24.8167675698892;24.8167675698892;24.8167675698892;24.8167675698892;1.355216;14;-56.1576793023349 * x_0 * BZip2;2;0.124934174275282;
11;18939.0951374207 * CompressionMethod + -15909.0951374207 * x_0 + -17077.1479915434 * x_4 + -16152.7970401692 * x_2 + 8832.66807610994 * BlockSize_4096 + -2465.22832980972 * Files_80 + -460.00000000001 * Files_40 + -460.000000000009 * x_0 * Deflate + -2465.22832980972 * Files_80 * Deflate + 1500.90486257924 * Files_50 + -67.5560253700135 * x_0 * BZip2 + 1143.70190274839 * x_2 * BlockSize_32;24.6282435855952;24.6282435855952;24.6282435855952;24.6282435855952;1.775432;16;1143.70190274839 * x_2 * BlockSize_32;2;0.0942619921469614;
Elapsed=00:00:01.7757240
Learning progress:
1;6555.38461538461 * CompressionMethod + 12394.6153846154 * x_8;90.3753896573691;90.3753896573691;90.3753896573691;90.3753896573691;0.006284;2;12394.6153846154 * x_8;1;49.5388883756638;
2;5179.52380952381 * CompressionMethod + 13770.4761904762 * x_8 + 7154.47619047619 * x_10;63.6535757850141;63.6535757850141;63.6535757850141;63.6535757850141;0.026401;3;7154.47619047619 * x_10;1;26.721813872355;
3;5287.66304347825 * CompressionMethod + 14116.5217391304 * x_8 + 7046.33695652174 * x_10 + -2270.92391304349 * BlockSize_32;50.3947916532111;50.3947916532111;50.3947916532111;50.3947916532111;0.064244;4;-2270.92391304349 * BlockSize_32;1;13.258784131803;
4;5556.58597662771 * CompressionMethod + 13877.4791318865 * x_8 + 7327.21202003338 * x_10 + -2420.32554257095 * BlockSize_32 + -2748.98998330551 * BlockSize_512;44.2531538865537;44.2531538865537;44.2531538865537;44.2531538865537;0.129528;5;-2748.98998330551 * BlockSize_512;1;6.14163776665746;
5;5792.43470149253 * CompressionMethod + 13667.8358208955 * x_8 + 7125.05597014926 * x_10 + -2551.3526119403 * BlockSize_32 + -2917.45335820895 * BlockSize_512 + -2242.43470149253 * BlockSize_4096;37.1580160276262;37.1580160276262;37.1580160276262;37.1580160276262;0.223145;6;-2242.43470149253 * BlockSize_4096;1;7.09513785892748;
6;5875.17241379311 * CompressionMethod + 13242.3275862069 * x_8 + 7054.13793103448 * x_10 + -837.500000000015 * BlockSize_32 + -2976.55172413793 * BlockSize_512 + -2325.1724137931 * BlockSize_4096 + -3167.67241379308 * BlockSize_32 * Deflate;32.9893712687873;32.9893712687873;32.9893712687873;32.9893712687873;0.352904;8;-3167.67241379308 * BlockSize_32 * Deflate;2;2.08432237941946;
7;6018.48214285714 * CompressionMethod + 13692.7295918367 * x_8 + 6931.30102040816 * x_10 + -1431.21173469387 * BlockSize_32 + -3078.91581632653 * BlockSize_512 + -2468.48214285715 * BlockSize_4096 + -2717.27040816327 * BlockSize_32 * Deflate + -2374.8469387755 * BlockSize_1;31.172895075669;31.172895075669;31.172895075669;31.172895075669;0.537742;9;-2374.8469387755 * BlockSize_1;1;1.81647619311821;
8;6138.52355072464 * CompressionMethod + 13589.8369565217 * x_8 + 7188.53260869565 * x_10 + -1448.36050724637 * BlockSize_32 + -3284.70108695652 * BlockSize_512 + -2588.52355072463 * BlockSize_4096 + -2820.16304347826 * BlockSize_32 * Deflate + -2443.44202898551 * BlockSize_1 + -840.289855072453 * Files_60;29.5198279324025;29.5198279324025;29.5198279324025;29.5198279324025;0.768555;10;-840.289855072453 * Files_60;1;1.65306714326652;
9;5995.21166134186 * CompressionMethod + 13712.6757188498 * x_8 + 13944.6645367412 * x_10 + -1427.8873801917 * BlockSize_32 + -1626.37779552716 * BlockSize_512 + -2445.21166134186 * BlockSize_4096 + -2697.32428115014 * BlockSize_32 * Deflate + -2361.54952076678 * BlockSize_1 + -1249.75239616614 * Files_60 + -11301.1661341853 * x_10 * PPMd;27.6047904351607;27.6047904351607;27.6047904351607;27.6047904351607;1.057284;12;-11301.1661341853 * x_10 * PPMd;2;0.957518748620906;
10;6931.92580049261 * CompressionMethod + 13877.0874384236 * x_8 + 13507.6754926108 * x_10 + -2529.01323891627 * BlockSize_32 + -1438.16964285714 * BlockSize_512 + -2027.69242610837 * BlockSize_4096 + -2532.91256157636 * BlockSize_32 * Deflate + -2703.35283251232 * BlockSize_1 + -894.969211822664 * Files_60 + -11530.4772167488 * x_10 * PPMd + -1354.23337438423 * tmOff;24.0188018229397;24.0188018229397;24.0188018229397;24.0188018229397;1.430863;13;-1354.23337438423 * tmOff;1;3.58598861222107;
11;6911.29648241206 * CompressionMethod + 13852.5552763819 * x_8 + 13477.567839196 * x_10 + -2483.85175879397 * BlockSize_32 + -775.243718592963 * BlockSize_512 + -2066.16331658291 * BlockSize_4096 + -2557.44472361808 * BlockSize_32 * Deflate + -2700.00753768842 * BlockSize_1 + -852.595477386926 * Files_60 + -11734.5402010051 * x_10 * PPMd + -1295.13316582915 * tmOff + -1810.91959798997 * BlockSize_512 * filterOff;20.7599344128676;20.7599344128676;20.7599344128676;20.7599344128676;1.873126;15;-1810.91959798997 * BlockSize_512 * filterOff;2;1.62943370503601;
12;6928.61921708185 * CompressionMethod + 13539.3024911032 * x_8 + 13471.7935943061 * x_10 + -2187.92170818505 * BlockSize_32 + -765.138790035591 * BlockSize_512 + -2041.62277580072 * BlockSize_4096 + -2870.69750889678 * BlockSize_32 * Deflate + -2539.77224199288 * BlockSize_1 + -833.829181494654 * Files_60 + -11741.7580071174 * x_10 * PPMd + -1336.99644128115 * tmOff + -1796.48398576512 * BlockSize_512 * filterOff + 1149.07473309609 * x_8 * BlockSize_16;19.7135864079506;19.7135864079506;19.7135864079506;19.7135864079506;2.418173;17;1149.07473309609 * x_8 * BlockSize_16;2;0.52317400245852;
13;6901.84261868631 * CompressionMethod + 13596.1814437459 * x_8 + 13496.6941252981 * x_10 + -2218.02406243227 * BlockSize_32 + -712.864730110548 * BlockSize_512 + -1955.75005419466 * BlockSize_4096 + -2813.81855625404 * BlockSize_32 * Deflate + -2511.88705831346 * BlockSize_1 + -770.980923477131 * Files_60 + -11758.5573379579 * x_10 * PPMd + -1396.09256449165 * tmOff + -1762.88532408411 * BlockSize_512 * filterOff + 1178.0685020594 * x_8 * BlockSize_16 + 479.249945805345 * BlockSize_64;19.5938165079921;19.5938165079921;19.5938165079921;19.5938165079921;3.055441;18;479.249945805345 * BlockSize_64;1;0.119769899958463;
14;6901.84261868633 * CompressionMethod + 13596.1814437459 * x_8 + 13496.6941252981 * x_10 + -2218.02406243226 * BlockSize_32 + -712.864730110555 * BlockSize_512 + -1955.75005419466 * BlockSize_4096 + -2813.81855625405 * BlockSize_32 * Deflate + -2511.88705831346 * BlockSize_1 + -770.98092347713 * Files_60 + -11758.557337958 * x_10 * PPMd + -1396.09256449166 * tmOff + -881.442662042055 * BlockSize_512 * filterOff + 1178.06850205939 * x_8 * BlockSize_16 + 479.24994580534 * BlockSize_64 + -881.442662042056 * BlockSize_512 * filterOff * tmOff;19.4150103853771;19.4150103853771;19.4150103853771;19.4150103853771;3.791981;21;-881.442662042056 * BlockSize_512 * filterOff * tmOff;3;0.0596020408716787;
Elapsed=00:00:03.7923621
Learning progress:
1;6886.08695652174 * CompressionMethod + 16881.4130434783 * x_10;83.6915996072685;83.6915996072685;83.6915996072685;83.6915996072685;0.005764;2;16881.4130434783 * x_10;1;103.416788236654;
2;5045.49999999999 * CompressionMethod + 18722 * x_10 + 14111.1666666667 * x_8;43.7190444485273;43.7190444485273;43.7190444485273;43.7190444485273;0.025538;3;14111.1666666667 * x_8;1;39.9725551587412;
3;3302.50000000001 * CompressionMethod + 20465 * x_10 + 15854.1666666667 * x_8 + 8715.00000000001 * x_6;28.3567413215888;28.3567413215888;28.3567413215888;28.3567413215888;0.06336;4;8715.00000000001 * x_6;1;15.3623031269386;
4;3302.5 * CompressionMethod + 20465 * x_10 + 16280.5 * x_8 + 9354.5 * x_6 + -1279 * Files_20;23.2996943222797;23.2996943222797;23.2996943222797;23.2996943222797;0.128807;5;-1279 * Files_20;1;5.05704699930907;
5;3302.5 * CompressionMethod + 20465 * x_10 + 16280.5 * x_8 + 4677.25 * x_6 + -1279.00000000001 * Files_20 + 4677.25 * x_6 * HeaderCompressionOff;15.8613196403459;15.8613196403459;15.8613196403459;15.8613196403459;0.218617;7;4677.25 * x_6 * HeaderCompressionOff;2;3.7191873409669;
6;3530.83333333334 * CompressionMethod + 20236.6666666667 * x_10 + 16052.1666666667 * x_8 + 4563.08333333334 * x_6 + -1279.00000000001 * Files_20 + 4563.08333333334 * x_6 * HeaderCompressionOff + -913.33333333334 * x_4;13.4874844995803;13.4874844995803;13.4874844995803;13.4874844995803;0.351902;8;-913.33333333334 * x_4;1;2.37383514076559;
7;3530.83333333333 * CompressionMethod + 20236.6666666667 * x_10 + 16052.1666666667 * x_8 + 4563.08333333334 * x_6 + -1278.99999999997 * Files_20 + 4563.08333333334 * x_6 * HeaderCompressionOff + -664.166666666656 * x_4 + -996.666666666661 * Files_10;13.4155148026108;13.4155148026108;13.4155148026108;13.4155148026108;0.522265;9;-996.666666666661 * Files_10;1;0.071969696969532;
Elapsed=00:00:00.5225085
Learning progress:
1;12775.3846153846 * CompressionMethod + -9393.38461538462 * x_2;80.5361333140554;80.5361333140554;80.5361333140554;80.5361333140554;0.00591;2;-9393.38461538462 * x_2;1;167.328325556214;
2;14645.4545454545 * CompressionMethod + -11263.4545454546 * x_2 + -12155.4545454546 * x_4;51.3302862485845;51.3302862485845;51.3302862485845;51.3302862485845;0.029767;3;-12155.4545454546 * x_4;1;29.2058470654708;
3;16289.3233082707 * CompressionMethod + -10496.3157894737 * x_2 + -12292.4436090226 * x_4 + -3013.75939849624 * tmOff;37.2581986989226;37.2581986989226;37.2581986989226;37.2581986989226;0.070164;4;-3013.75939849624 * tmOff;1;14.0720875496619;
4;10875.3975903614 * CompressionMethod + -6368.86746987952 * x_2 + -7682.56626506025 * x_4 + -1405.6626506024 * tmOff + 14258.4578313253 * x_10;29.6919161228151;29.6919161228151;29.6919161228151;29.6919161228151;0.137945;5;14258.4578313253 * x_10;1;7.5662825761075;
5;10539.7885196375 * CompressionMethod + -6207.64350453171 * x_2 + -6943.89728096676 * x_4 + -2211.78247734139 * tmOff + 14939.5468277946 * x_10 + 4096.40483383687 * Files_20;23.6668948377808;23.6668948377808;23.6668948377808;23.6668948377808;0.237342;6;4096.40483383687 * Files_20;1;6.02502128503428;
6;10445.5895578316 * CompressionMethod + -5702.76417686733 * x_2 + -6821.23532350736 * x_4 + -2268.70846864851 * tmOff + 15058.1426430177 * x_10 + 2270.70696977269 * Files_20 + 7402.41194104423 * Files_20 * LZMA;19.852622333232;19.852622333232;19.852622333232;19.852622333232;0.390596;8;7402.41194104423 * Files_20 * LZMA;2;1.90713625227442;
7;10277.0123839009 * CompressionMethod + -5770.19504643963 * x_2 + -6817.48916408669 * x_4 + -1939.04643962848 * tmOff + 15621.0030959753 * x_10 + 2132.09907120742 * Files_20 + 11128.9040247678 * Files_20 * LZMA + -3748.96904024767 * BlockSize_8;17.7963592904964;17.7963592904964;17.7963592904964;17.7963592904964;0.579791;9;-3748.96904024767 * BlockSize_8;1;2.05626304273556;
8;11031.864608076 * CompressionMethod + -5468.2541567696 * x_2 + -6834.26365795725 * x_4 + -3415.20190023753 * tmOff + 13100.635391924 * x_10 + 2752.75534441806 * Files_20 + 14760.5819477435 * Files_20 * LZMA + -7279.99999999997 * BlockSize_8 + 6772.70190023752 * x_10 * tmOff;15.7246653133639;15.7246653133639;15.7246653133639;15.7246653133639;0.898089;11;6772.70190023752 * x_10 * tmOff;2;1.03584698856624;
9;11012.1827613727 * CompressionMethod + -5268.97545889864 * x_2 + -6845.33469672784 * x_4 + -3698.94852354351 * tmOff + 12947.6910415004 * x_10 + 2989.75758180366 * Files_20 + 14827.0081803671 * Files_20 * LZMA + -7970.50478850757 * BlockSize_8 + 7229.07472067041 * x_10 * tmOff + 690.504788507568 * LZMA;13.5368882631285;13.5368882631285;13.5368882631285;13.5368882631285;1.198817;12;690.504788507568 * LZMA;1;2.18777705023548;
10;11190.5313319037 * CompressionMethod + -5030.81486776269 * x_2 + -7766.98355968549 * x_4 + -4307.21864824079 * tmOff + 12630.3248351998 * x_10 + 3340.29227225796 * Files_20 + 14906.3950440791 * Files_20 * LZMA + -8526.57533158606 * BlockSize_8 + 7976.3624811373 * x_10 * tmOff + 1246.57533158606 * LZMA + 3633.67087602252 * BlockSize_4;12.5186337006687;12.5186337006687;12.5186337006687;12.5186337006687;1.57269;13;3633.67087602252 * BlockSize_4;1;1.01825456245974;
11;11190.5313319037 * CompressionMethod + -5030.81486776268 * x_2 + -7766.98355968549 * x_4 + -4307.21864824081 * tmOff + 12630.3248351998 * x_10 + 3340.29227225797 * Files_20 + 14906.3950440791 * Files_20 * LZMA + -4263.28766579304 * BlockSize_8 + 7976.36248113732 * x_10 * tmOff + 1246.57533158605 * LZMA + 3633.67087602258 * BlockSize_4 + -4263.28766579304 * BlockSize_8 * LZMA;11.1694543689829;11.1694543689829;11.1694543689829;11.1694543689829;2.014898;15;-4263.28766579304 * BlockSize_8 * LZMA;2;0.674589665842896;
12;11190.5313319037 * CompressionMethod + -5030.81486776269 * x_2 + -7766.9835596855 * x_4 + -4307.21864824083 * tmOff + 12630.3248351998 * x_10 + 3340.29227225797 * Files_20 + 14906.3950440791 * Files_20 * LZMA + -2842.19177719536 * BlockSize_8 + 7976.36248113735 * x_10 * tmOff + 1246.57533158607 * LZMA + 3633.6708760226 * BlockSize_4 + -2842.19177719536 * BlockSize_8 * LZMA + -2842.19177719536 * BlockSize_8 * filterOff;10.5898933524091;10.5898933524091;10.5898933524091;10.5898933524091;2.550268;17;-2842.19177719536 * BlockSize_8 * filterOff;2;0.289780508286901;
13;11186.7269667648 * CompressionMethod + -5000.58897770299 * x_2 + -7764.97686159023 * x_4 + -4290.67732435843 * tmOff + 12636.9162810265 * x_10 + 3317.48001682793 * Files_20 + 14741.0096760623 * Files_20 * LZMA + -2779.98878137709 * BlockSize_8 + 7957.03407656709 * x_10 * tmOff + 1235.42700883465 * LZMA + 3618.92721918382 * BlockSize_4 + -2779.98878137708 * BlockSize_8 * LZMA + -2779.98878137708 * BlockSize_8 * filterOff + -175.460664703412 * tmOff * Files_80;10.4432463299413;10.4432463299413;10.4432463299413;10.4432463299413;3.184472;19;-175.460664703412 * tmOff * Files_80;2;0.0733235112339292;
Elapsed=00:00:03.1848379
Learning progress:
1;11356.8965517241 * CompressionMethod + -8846.89655172414 * BlockSize_1024;114.711352653924;114.711352653924;114.711352653924;114.711352653924;0.007974;2;-8846.89655172414 * BlockSize_1024;1;205.02520598467;
2;7521.90635451505 * CompressionMethod + -8719.06354515051 * BlockSize_1024 + 5560.73578595318 * filterOff;86.2899823370832;86.2899823370832;86.2899823370832;86.2899823370832;0.027468;3;5560.73578595318 * filterOff;1;28.4213703168413;
3;5792.73409893992 * CompressionMethod + -9013.14045936395 * BlockSize_1024 + 5078.44964664312 * filterOff + 3517.15989399293 * HeaderCompressionOff;52.0292062157222;52.0292062157222;52.0292062157222;52.0292062157222;0.068048;4;3517.15989399293 * HeaderCompressionOff;1;34.260776121361;
4;3494.97700562084 * CompressionMethod + -8481.73735309147 * BlockSize_1024 + 6627.75166070517 * filterOff + 4617.38886050077 * HeaderCompressionOff + 16945.0229943792 * Files_50;38.9670789884693;38.9670789884693;38.9670789884693;38.9670789884693;0.133686;5;16945.0229943792 * Files_50;1;13.0621272272529;
5;2548.794489093 * CompressionMethod + -7526.67049368542 * BlockSize_1024 + 6840.97588978187 * filterOff + 4390.83811710678 * HeaderCompressionOff + 17891.205510907 * Files_50 + 8693.32950631459 * x_8;29.2320887973568;29.2320887973568;29.2320887973568;29.2320887973568;0.228693;6;8693.32950631459 * x_8;1;9.73499019111252;
6;2108.88535031848 * CompressionMethod + -7420.54140127388 * BlockSize_1024 + 7297.89808917197 * filterOff + 4434.58598726115 * HeaderCompressionOff + 18331.1146496815 * Files_50 + 8093.82165605094 * x_8 + 2116.91082802548 * BlockSize_1;27.7169238245554;27.7169238245554;27.7169238245554;27.7169238245554;0.354835;7;2116.91082802548 * BlockSize_1;1;1.51516497280141;
7;1667.39675016925 * CompressionMethod + -8159.90182802979 * BlockSize_1024 + 8111.72647257957 * filterOff + 5392.03114421124 * HeaderCompressionOff + 18772.6032498308 * Files_50 + 7221.4827352742 * x_8 + 2515.84631008803 * BlockSize_1 + -9186.15436696007 * BlockSize_64;25.9792133921251;25.9792133921251;25.9792133921251;25.9792133921251;0.516983;8;-9186.15436696007 * BlockSize_64;1;1.73771043243029;
8;1941.05442176872 * CompressionMethod + -8334.04761904762 * BlockSize_1024 + 8397.82312925169 * filterOff + 4956.66666666666 * HeaderCompressionOff + 18498.9455782313 * Files_50 + 7034.89795918368 * x_8 + 7802.41496598639 * BlockSize_1 + -6685.91836734694 * BlockSize_64 + -5249.25170068028 * Files_30;23.6527936564602;23.6527936564602;23.6527936564602;23.6527936564602;0.730378;9;-5249.25170068028 * Files_30;1;2.32641973566489;
9;1685.60769656698 * CompressionMethod + -8930.0899778516 * BlockSize_1024 + 9079.01439645627 * filterOff + 5552.70902547066 * HeaderCompressionOff + 18754.392303433 * Files_50 + 9674.51411960133 * x_8 + 9505.39313399782 * BlockSize_1 + -2002.7284053156 * BlockSize_64 + -8314.6124031008 * Files_30 + -8344.59302325582 * HeaderCompressionOff * Files_90;18.3873983304196;18.3873983304196;18.3873983304196;18.3873983304196;0.996268;11;-8344.59302325582 * HeaderCompressionOff * Files_90;2;2.63269766302029;
10;1739.64875681201 * CompressionMethod + -8978.05900885558 * BlockSize_1024 + 9152.48595027248 * filterOff + 5470.12942779292 * HeaderCompressionOff + 18700.351243188 * Files_50 + 12814.9676430518 * x_8 + 10668.1867336512 * BlockSize_1 + -1070.06471389646 * BlockSize_64 + -8867.1670640327 * Files_30 + -9747.23177792915 * HeaderCompressionOff * Files_90 + -4386.43392370575 * x_8 * mtOff;16.7071479146095;16.7071479146095;16.7071479146095;16.7071479146095;1.337515;13;-4386.43392370575 * x_8 * mtOff;2;0.840125207905063;
11;1739.64875681199 * CompressionMethod + -8978.0590088556 * BlockSize_1024 + 9152.48595027248 * filterOff + 5470.12942779292 * HeaderCompressionOff + 18700.351243188 * Files_50 + 12814.9676430518 * x_8 + 10668.1867336512 * BlockSize_1 + -535.032356948235 * BlockSize_64 + -8867.16706403269 * Files_30 + -9747.23177792919 * HeaderCompressionOff * Files_90 + -4386.43392370577 * x_8 * mtOff + -535.03235694823 * BlockSize_64 * filterOff;16.7071479146092;16.7071479146092;16.7071479146092;16.7071479146092;1.747856;15;-535.03235694823 * BlockSize_64 * filterOff;2;1.70530256582424E-13;
Elapsed=00:00:01.7481896
Learning progress:
1;12704.6153846154 * CompressionMethod + -8132.61538461538 * x_0;155.05748921056;155.05748921056;155.05748921056;155.05748921056;0.00917;2;-8132.61538461538 * x_0;1;95.8113075632079;
2;14498.6363636364 * CompressionMethod + -9926.63636363638 * x_0 + -11661.1363636364 * x_4;97.6994024186794;97.6994024186794;97.6994024186794;97.6994024186794;0.029921;3;-11661.1363636364 * x_4;1;57.3580867918809;
3;19628 * CompressionMethod + -15056 * x_0 + -16790.5 * x_4 + -16120.8571428571 * x_2;53.0203807411209;53.0203807411209;53.0203807411209;53.0203807411209;0.069342;4;-16120.8571428571 * x_2;1;44.6790216775585;
4;19101.0220955096 * CompressionMethod + -16109.9558089808 * x_0 + -18239.6892373486 * x_4 + -16723.1176051319 * x_2 + 7904.66856735566 * BlockSize_4096;35.1570378148874;35.1570378148874;35.1570378148874;35.1570378148874;0.135438;5;7904.66856735566 * BlockSize_4096;1;17.8633429262335;
5;19040.1142857143 * CompressionMethod + -16231.7714285714 * x_0 + -17150.5142857143 * x_4 + -16074.6285714286 * x_2 + 8818.28571428573 * BlockSize_4096 + -5026.68571428572 * Files_80;30.268367023845;30.268367023845;30.268367023845;30.268367023845;0.228198;6;-5026.68571428572 * Files_80;1;4.88867079104241;
6;19043.9165154265 * CompressionMethod + -16046.7295825772 * x_0 + -17145.444646098 * x_4 + -16073.3611615245 * x_2 + 8761.25226860255 * BlockSize_4096 + -5005.13974591652 * Files_80 + -887.186932849352 * Files_40;28.3564983401042;28.3564983401042;28.3564983401042;28.3564983401042;0.353476;7;-887.186932849352 * Files_40;1;1.91186868374077;
7;19043.9165154265 * CompressionMethod + -16046.7295825771 * x_0 + -17145.444646098 * x_4 + -16073.3611615245 * x_2 + 8761.25226860255 * BlockSize_4096 + -5005.13974591652 * Files_80 + -443.593466424668 * Files_40 + -443.593466424668 * x_0 * Deflate;26.7883653281391;26.7883653281391;26.7883653281391;26.7883653281391;0.516586;9;-443.593466424668 * x_0 * Deflate;2;0.784066505982542;
8;19043.9165154265 * CompressionMethod + -16046.7295825771 * x_0 + -17145.444646098 * x_4 + -16073.3611615245 * x_2 + 8761.25226860256 * BlockSize_4096 + -2502.56987295827 * Files_80 + -443.59346642468 * Files_40 + -443.593466424677 * x_0 * Deflate + -2502.56987295827 * Files_80 * Deflate;25.2405116214605;25.2405116214605;25.2405116214605;25.2405116214605;0.737562;11;-2502.56987295827 * Files_80 * Deflate;2;0.773926853339324;
9;18941.8657491561 * CompressionMethod + -15952.8356271098 * x_0 + -17048.4692287717 * x_4 + -15974.2105946507 * x_2 + 8793.87951181512 * BlockSize_4096 + -2508.73279667622 * Files_80 + -439.515061023088 * Files_40 + -439.515061023088 * x_0 * Deflate + -2508.73279667622 * Files_80 * Deflate + 1498.13425084387 * Files_50;25.0666359184397;25.0666359184397;25.0666359184397;25.0666359184397;1.020034;12;1498.13425084387 * Files_50;1;0.173875703020755;
Elapsed=00:00:01.0203101
Learning progress:
1;6555.38461538461 * CompressionMethod + 12394.6153846154 * x_8;90.3753896573691;90.3753896573691;90.3753896573691;90.3753896573691;0.008988;2;12394.6153846154 * x_8;1;49.5388883756638;
2;5179.52380952381 * CompressionMethod + 13770.4761904762 * x_8 + 7154.47619047619 * x_10;63.6535757850141;63.6535757850141;63.6535757850141;63.6535757850141;0.028773;3;7154.47619047619 * x_10;1;26.721813872355;
3;5287.66304347825 * CompressionMethod + 14116.5217391304 * x_8 + 7046.33695652174 * x_10 + -2270.92391304349 * BlockSize_32;50.3947916532111;50.3947916532111;50.3947916532111;50.3947916532111;0.068184;4;-2270.92391304349 * BlockSize_32;1;13.258784131803;
4;5556.58597662771 * CompressionMethod + 13877.4791318865 * x_8 + 7327.21202003338 * x_10 + -2420.32554257095 * BlockSize_32 + -2748.98998330551 * BlockSize_512;44.2531538865537;44.2531538865537;44.2531538865537;44.2531538865537;0.130337;5;-2748.98998330551 * BlockSize_512;1;6.14163776665746;
5;5792.43470149253 * CompressionMethod + 13667.8358208955 * x_8 + 7125.05597014926 * x_10 + -2551.3526119403 * BlockSize_32 + -2917.45335820895 * BlockSize_512 + -2242.43470149253 * BlockSize_4096;37.1580160276262;37.1580160276262;37.1580160276262;37.1580160276262;0.22609;6;-2242.43470149253 * BlockSize_4096;1;7.09513785892748;
6;5875.17241379311 * CompressionMethod + 13242.3275862069 * x_8 + 7054.13793103448 * x_10 + -837.500000000015 * BlockSize_32 + -2976.55172413793 * BlockSize_512 + -2325.1724137931 * BlockSize_4096 + -3167.67241379308 * BlockSize_32 * Deflate;32.9893712687873;32.9893712687873;32.9893712687873;32.9893712687873;0.357183;8;-3167.67241379308 * BlockSize_32 * Deflate;2;2.08432237941946;
7;6018.48214285714 * CompressionMethod + 13692.7295918367 * x_8 + 6931.30102040816 * x_10 + -1431.21173469387 * BlockSize_32 + -3078.91581632653 * BlockSize_512 + -2468.48214285715 * BlockSize_4096 + -2717.27040816327 * BlockSize_32 * Deflate + -2374.8469387755 * BlockSize_1;31.172895075669;31.172895075669;31.172895075669;31.172895075669;0.542451;9;-2374.8469387755 * BlockSize_1;1;1.81647619311821;
8;6138.52355072464 * CompressionMethod + 13589.8369565217 * x_8 + 7188.53260869565 * x_10 + -1448.36050724637 * BlockSize_32 + -3284.70108695652 * BlockSize_512 + -2588.52355072463 * BlockSize_4096 + -2820.16304347826 * BlockSize_32 * Deflate + -2443.44202898551 * BlockSize_1 + -840.289855072453 * Files_60;29.5198279324025;29.5198279324025;29.5198279324025;29.5198279324025;0.78165;10;-840.289855072453 * Files_60;1;1.65306714326652;
9;5995.21166134186 * CompressionMethod + 13712.6757188498 * x_8 + 13944.6645367412 * x_10 + -1427.8873801917 * BlockSize_32 + -1626.37779552716 * BlockSize_512 + -2445.21166134186 * BlockSize_4096 + -2697.32428115014 * BlockSize_32 * Deflate + -2361.54952076678 * BlockSize_1 + -1249.75239616614 * Files_60 + -11301.1661341853 * x_10 * PPMd;27.6047904351607;27.6047904351607;27.6047904351607;27.6047904351607;1.073976;12;-11301.1661341853 * x_10 * PPMd;2;0.957518748620906;
10;6931.92580049261 * CompressionMethod + 13877.0874384236 * x_8 + 13507.6754926108 * x_10 + -2529.01323891627 * BlockSize_32 + -1438.16964285714 * BlockSize_512 + -2027.69242610837 * BlockSize_4096 + -2532.91256157636 * BlockSize_32 * Deflate + -2703.35283251232 * BlockSize_1 + -894.969211822664 * Files_60 + -11530.4772167488 * x_10 * PPMd + -1354.23337438423 * tmOff;24.0188018229397;24.0188018229397;24.0188018229397;24.0188018229397;1.440639;13;-1354.23337438423 * tmOff;1;3.58598861222107;
11;6911.29648241206 * CompressionMethod + 13852.5552763819 * x_8 + 13477.567839196 * x_10 + -2483.85175879397 * BlockSize_32 + -775.243718592963 * BlockSize_512 + -2066.16331658291 * BlockSize_4096 + -2557.44472361808 * BlockSize_32 * Deflate + -2700.00753768842 * BlockSize_1 + -852.595477386926 * Files_60 + -11734.5402010051 * x_10 * PPMd + -1295.13316582915 * tmOff + -1810.91959798997 * BlockSize_512 * filterOff;20.7599344128676;20.7599344128676;20.7599344128676;20.7599344128676;1.880059;15;-1810.91959798997 * BlockSize_512 * filterOff;2;1.62943370503601;
12;6928.61921708185 * CompressionMethod + 13539.3024911032 * x_8 + 13471.7935943061 * x_10 + -2187.92170818505 * BlockSize_32 + -765.138790035591 * BlockSize_512 + -2041.62277580072 * BlockSize_4096 + -2870.69750889678 * BlockSize_32 * Deflate + -2539.77224199288 * BlockSize_1 + -833.829181494654 * Files_60 + -11741.7580071174 * x_10 * PPMd + -1336.99644128115 * tmOff + -1796.48398576512 * BlockSize_512 * filterOff + 1149.07473309609 * x_8 * BlockSize_16;19.7135864079506;19.7135864079506;19.7135864079506;19.7135864079506;2.428326;17;1149.07473309609 * x_8 * BlockSize_16;2;0.52317400245852;
13;6901.84261868631 * CompressionMethod + 13596.1814437459 * x_8 + 13496.6941252981 * x_10 + -2218.02406243227 * BlockSize_32 + -712.864730110548 * BlockSize_512 + -1955.75005419466 * BlockSize_4096 + -2813.81855625404 * BlockSize_32 * Deflate + -2511.88705831346 * BlockSize_1 + -770.980923477131 * Files_60 + -11758.5573379579 * x_10 * PPMd + -1396.09256449165 * tmOff + -1762.88532408411 * BlockSize_512 * filterOff + 1178.0685020594 * x_8 * BlockSize_16 + 479.249945805345 * BlockSize_64;19.5938165079921;19.5938165079921;19.5938165079921;19.5938165079921;3.071593;18;479.249945805345 * BlockSize_64;1;0.119769899958463;
Elapsed=00:00:03.0719556
Learning progress:
1;6886.08695652174 * CompressionMethod + 16881.4130434783 * x_10;83.6915996072685;83.6915996072685;83.6915996072685;83.6915996072685;0.006079;2;16881.4130434783 * x_10;1;103.416788236654;
2;5045.49999999999 * CompressionMethod + 18722 * x_10 + 14111.1666666667 * x_8;43.7190444485273;43.7190444485273;43.7190444485273;43.7190444485273;0.028082;3;14111.1666666667 * x_8;1;39.9725551587412;
3;3302.50000000001 * CompressionMethod + 20465 * x_10 + 15854.1666666667 * x_8 + 8715.00000000001 * x_6;28.3567413215888;28.3567413215888;28.3567413215888;28.3567413215888;0.065651;4;8715.00000000001 * x_6;1;15.3623031269386;
4;3302.5 * CompressionMethod + 20465 * x_10 + 16280.5 * x_8 + 9354.5 * x_6 + -1279 * Files_20;23.2996943222797;23.2996943222797;23.2996943222797;23.2996943222797;0.127224;5;-1279 * Files_20;1;5.05704699930907;
5;3302.5 * CompressionMethod + 20465 * x_10 + 16280.5 * x_8 + 4677.25 * x_6 + -1279.00000000001 * Files_20 + 4677.25 * x_6 * HeaderCompressionOff;15.8613196403459;15.8613196403459;15.8613196403459;15.8613196403459;0.215123;7;4677.25 * x_6 * HeaderCompressionOff;2;3.7191873409669;
6;3530.83333333334 * CompressionMethod + 20236.6666666667 * x_10 + 16052.1666666667 * x_8 + 4563.08333333334 * x_6 + -1279.00000000001 * Files_20 + 4563.08333333334 * x_6 * HeaderCompressionOff + -913.33333333334 * x_4;13.4874844995803;13.4874844995803;13.4874844995803;13.4874844995803;0.344837;8;-913.33333333334 * x_4;1;2.37383514076559;
7;3530.83333333333 * CompressionMethod + 20236.6666666667 * x_10 + 16052.1666666667 * x_8 + 4563.08333333334 * x_6 + -1278.99999999997 * Files_20 + 4563.08333333334 * x_6 * HeaderCompressionOff + -664.166666666656 * x_4 + -996.666666666661 * Files_10;13.4155148026108;13.4155148026108;13.4155148026108;13.4155148026108;0.51821;9;-996.666666666661 * Files_10;1;0.071969696969532;
Elapsed=00:00:00.5184811
Learning progress:
1;12775.3846153846 * CompressionMethod + -9393.38461538462 * x_2;80.5361333140554;80.5361333140554;80.5361333140554;80.5361333140554;0.00788;2;-9393.38461538462 * x_2;1;167.328325556214;
2;14645.4545454545 * CompressionMethod + -11263.4545454546 * x_2 + -12155.4545454546 * x_4;51.3302862485845;51.3302862485845;51.3302862485845;51.3302862485845;0.029009;3;-12155.4545454546 * x_4;1;29.2058470654708;
3;16289.3233082707 * CompressionMethod + -10496.3157894737 * x_2 + -12292.4436090226 * x_4 + -3013.75939849624 * tmOff;37.2581986989226;37.2581986989226;37.2581986989226;37.2581986989226;0.069888;4;-3013.75939849624 * tmOff;1;14.0720875496619;
4;10875.3975903614 * CompressionMethod + -6368.86746987952 * x_2 + -7682.56626506025 * x_4 + -1405.6626506024 * tmOff + 14258.4578313253 * x_10;29.6919161228151;29.6919161228151;29.6919161228151;29.6919161228151;0.137931;5;14258.4578313253 * x_10;1;7.5662825761075;
5;10539.7885196375 * CompressionMethod + -6207.64350453171 * x_2 + -6943.89728096676 * x_4 + -2211.78247734139 * tmOff + 14939.5468277946 * x_10 + 4096.40483383687 * Files_20;23.6668948377808;23.6668948377808;23.6668948377808;23.6668948377808;0.238661;6;4096.40483383687 * Files_20;1;6.02502128503428;
6;10445.5895578316 * CompressionMethod + -5702.76417686733 * x_2 + -6821.23532350736 * x_4 + -2268.70846864851 * tmOff + 15058.1426430177 * x_10 + 2270.70696977269 * Files_20 + 7402.41194104423 * Files_20 * LZMA;19.852622333232;19.852622333232;19.852622333232;19.852622333232;0.372688;8;7402.41194104423 * Files_20 * LZMA;2;1.90713625227442;
7;10277.0123839009 * CompressionMethod + -5770.19504643963 * x_2 + -6817.48916408669 * x_4 + -1939.04643962848 * tmOff + 15621.0030959753 * x_10 + 2132.09907120742 * Files_20 + 11128.9040247678 * Files_20 * LZMA + -3748.96904024767 * BlockSize_8;17.7963592904964;17.7963592904964;17.7963592904964;17.7963592904964;0.557578;9;-3748.96904024767 * BlockSize_8;1;2.05626304273556;
8;11031.864608076 * CompressionMethod + -5468.2541567696 * x_2 + -6834.26365795725 * x_4 + -3415.20190023753 * tmOff + 13100.635391924 * x_10 + 2752.75534441806 * Files_20 + 14760.5819477435 * Files_20 * LZMA + -7279.99999999997 * BlockSize_8 + 6772.70190023752 * x_10 * tmOff;15.7246653133639;15.7246653133639;15.7246653133639;15.7246653133639;0.798143;11;6772.70190023752 * x_10 * tmOff;2;1.03584698856624;
9;11012.1827613727 * CompressionMethod + -5268.97545889864 * x_2 + -6845.33469672784 * x_4 + -3698.94852354351 * tmOff + 12947.6910415004 * x_10 + 2989.75758180366 * Files_20 + 14827.0081803671 * Files_20 * LZMA + -7970.50478850757 * BlockSize_8 + 7229.07472067041 * x_10 * tmOff + 690.504788507568 * LZMA;13.5368882631285;13.5368882631285;13.5368882631285;13.5368882631285;1.105287;12;690.504788507568 * LZMA;1;2.18777705023548;
10;11190.5313319037 * CompressionMethod + -5030.81486776269 * x_2 + -7766.98355968549 * x_4 + -4307.21864824079 * tmOff + 12630.3248351998 * x_10 + 3340.29227225796 * Files_20 + 14906.3950440791 * Files_20 * LZMA + -8526.57533158606 * BlockSize_8 + 7976.3624811373 * x_10 * tmOff + 1246.57533158606 * LZMA + 3633.67087602252 * BlockSize_4;12.5186337006687;12.5186337006687;12.5186337006687;12.5186337006687;1.477431;13;3633.67087602252 * BlockSize_4;1;1.01825456245974;
11;11190.5313319037 * CompressionMethod + -5030.81486776268 * x_2 + -7766.98355968549 * x_4 + -4307.21864824081 * tmOff + 12630.3248351998 * x_10 + 3340.29227225797 * Files_20 + 14906.3950440791 * Files_20 * LZMA + -4263.28766579304 * BlockSize_8 + 7976.36248113732 * x_10 * tmOff + 1246.57533158605 * LZMA + 3633.67087602258 * BlockSize_4 + -4263.28766579304 * BlockSize_8 * LZMA;11.1694543689829;11.1694543689829;11.1694543689829;11.1694543689829;1.919987;15;-4263.28766579304 * BlockSize_8 * LZMA;2;0.674589665842896;
12;11190.5313319037 * CompressionMethod + -5030.81486776269 * x_2 + -7766.9835596855 * x_4 + -4307.21864824083 * tmOff + 12630.3248351998 * x_10 + 3340.29227225797 * Files_20 + 14906.3950440791 * Files_20 * LZMA + -2842.19177719536 * BlockSize_8 + 7976.36248113735 * x_10 * tmOff + 1246.57533158607 * LZMA + 3633.6708760226 * BlockSize_4 + -2842.19177719536 * BlockSize_8 * LZMA + -2842.19177719536 * BlockSize_8 * filterOff;10.5898933524091;10.5898933524091;10.5898933524091;10.5898933524091;2.457186;17;-2842.19177719536 * BlockSize_8 * filterOff;2;0.289780508286901;
13;11186.7269667648 * CompressionMethod + -5000.58897770299 * x_2 + -7764.97686159023 * x_4 + -4290.67732435843 * tmOff + 12636.9162810265 * x_10 + 3317.48001682793 * Files_20 + 14741.0096760623 * Files_20 * LZMA + -2779.98878137709 * BlockSize_8 + 7957.03407656709 * x_10 * tmOff + 1235.42700883465 * LZMA + 3618.92721918382 * BlockSize_4 + -2779.98878137708 * BlockSize_8 * LZMA + -2779.98878137708 * BlockSize_8 * filterOff + -175.460664703412 * tmOff * Files_80;10.4432463299413;10.4432463299413;10.4432463299413;10.4432463299413;3.093814;19;-175.460664703412 * tmOff * Files_80;2;0.0733235112339292;
Elapsed=00:00:03.0941772
Learning progress:
1;11356.8965517241 * CompressionMethod + -8846.89655172414 * BlockSize_1024;114.711352653924;114.711352653924;114.711352653924;114.711352653924;0.008276;2;-8846.89655172414 * BlockSize_1024;1;205.02520598467;
2;7521.90635451505 * CompressionMethod + -8719.06354515051 * BlockSize_1024 + 5560.73578595318 * filterOff;86.2899823370832;86.2899823370832;86.2899823370832;86.2899823370832;0.02782;3;5560.73578595318 * filterOff;1;28.4213703168413;
3;5792.73409893992 * CompressionMethod + -9013.14045936395 * BlockSize_1024 + 5078.44964664312 * filterOff + 3517.15989399293 * HeaderCompressionOff;52.0292062157222;52.0292062157222;52.0292062157222;52.0292062157222;0.069503;4;3517.15989399293 * HeaderCompressionOff;1;34.260776121361;
4;3494.97700562084 * CompressionMethod + -8481.73735309147 * BlockSize_1024 + 6627.75166070517 * filterOff + 4617.38886050077 * HeaderCompressionOff + 16945.0229943792 * Files_50;38.9670789884693;38.9670789884693;38.9670789884693;38.9670789884693;0.136731;5;16945.0229943792 * Files_50;1;13.0621272272529;
5;2548.794489093 * CompressionMethod + -7526.67049368542 * BlockSize_1024 + 6840.97588978187 * filterOff + 4390.83811710678 * HeaderCompressionOff + 17891.205510907 * Files_50 + 8693.32950631459 * x_8;29.2320887973568;29.2320887973568;29.2320887973568;29.2320887973568;0.229307;6;8693.32950631459 * x_8;1;9.73499019111252;
6;2108.88535031848 * CompressionMethod + -7420.54140127388 * BlockSize_1024 + 7297.89808917197 * filterOff + 4434.58598726115 * HeaderCompressionOff + 18331.1146496815 * Files_50 + 8093.82165605094 * x_8 + 2116.91082802548 * BlockSize_1;27.7169238245554;27.7169238245554;27.7169238245554;27.7169238245554;0.356831;7;2116.91082802548 * BlockSize_1;1;1.51516497280141;
7;1667.39675016925 * CompressionMethod + -8159.90182802979 * BlockSize_1024 + 8111.72647257957 * filterOff + 5392.03114421124 * HeaderCompressionOff + 18772.6032498308 * Files_50 + 7221.4827352742 * x_8 + 2515.84631008803 * BlockSize_1 + -9186.15436696007 * BlockSize_64;25.9792133921251;25.9792133921251;25.9792133921251;25.9792133921251;0.52413;8;-9186.15436696007 * BlockSize_64;1;1.73771043243029;
8;1941.05442176872 * CompressionMethod + -8334.04761904762 * BlockSize_1024 + 8397.82312925169 * filterOff + 4956.66666666666 * HeaderCompressionOff + 18498.9455782313 * Files_50 + 7034.89795918368 * x_8 + 7802.41496598639 * BlockSize_1 + -6685.91836734694 * BlockSize_64 + -5249.25170068028 * Files_30;23.6527936564602;23.6527936564602;23.6527936564602;23.6527936564602;0.733965;9;-5249.25170068028 * Files_30;1;2.32641973566489;
9;1685.60769656698 * CompressionMethod + -8930.0899778516 * BlockSize_1024 + 9079.01439645627 * filterOff + 5552.70902547066 * HeaderCompressionOff + 18754.392303433 * Files_50 + 9674.51411960133 * x_8 + 9505.39313399782 * BlockSize_1 + -2002.7284053156 * BlockSize_64 + -8314.6124031008 * Files_30 + -8344.59302325582 * HeaderCompressionOff * Files_90;18.3873983304196;18.3873983304196;18.3873983304196;18.3873983304196;0.994384;11;-8344.59302325582 * HeaderCompressionOff * Files_90;2;2.63269766302029;
10;1739.64875681201 * CompressionMethod + -8978.05900885558 * BlockSize_1024 + 9152.48595027248 * filterOff + 5470.12942779292 * HeaderCompressionOff + 18700.351243188 * Files_50 + 12814.9676430518 * x_8 + 10668.1867336512 * BlockSize_1 + -1070.06471389646 * BlockSize_64 + -8867.1670640327 * Files_30 + -9747.23177792915 * HeaderCompressionOff * Files_90 + -4386.43392370575 * x_8 * mtOff;16.7071479146095;16.7071479146095;16.7071479146095;16.7071479146095;1.335045;13;-4386.43392370575 * x_8 * mtOff;2;0.840125207905063;
11;1739.64875681199 * CompressionMethod + -8978.0590088556 * BlockSize_1024 + 9152.48595027248 * filterOff + 5470.12942779292 * HeaderCompressionOff + 18700.351243188 * Files_50 + 12814.9676430518 * x_8 + 10668.1867336512 * BlockSize_1 + -535.032356948235 * BlockSize_64 + -8867.16706403269 * Files_30 + -9747.23177792919 * HeaderCompressionOff * Files_90 + -4386.43392370577 * x_8 * mtOff + -535.03235694823 * BlockSize_64 * filterOff;16.7071479146092;16.7071479146092;16.7071479146092;16.7071479146092;1.748629;15;-535.03235694823 * BlockSize_64 * filterOff;2;1.70530256582424E-13;
Elapsed=00:00:01.7489228
Learning progress:
1;12704.6153846154 * CompressionMethod + -8132.61538461538 * x_0;155.05748921056;155.05748921056;155.05748921056;155.05748921056;0.005698;2;-8132.61538461538 * x_0;1;95.8113075632079;
2;14498.6363636364 * CompressionMethod + -9926.63636363638 * x_0 + -11661.1363636364 * x_4;97.6994024186794;97.6994024186794;97.6994024186794;97.6994024186794;0.026887;3;-11661.1363636364 * x_4;1;57.3580867918809;
3;19628 * CompressionMethod + -15056 * x_0 + -16790.5 * x_4 + -16120.8571428571 * x_2;53.0203807411209;53.0203807411209;53.0203807411209;53.0203807411209;0.066124;4;-16120.8571428571 * x_2;1;44.6790216775585;
4;19101.0220955096 * CompressionMethod + -16109.9558089808 * x_0 + -18239.6892373486 * x_4 + -16723.1176051319 * x_2 + 7904.66856735566 * BlockSize_4096;35.1570378148874;35.1570378148874;35.1570378148874;35.1570378148874;0.13119;5;7904.66856735566 * BlockSize_4096;1;17.8633429262335;
5;19040.1142857143 * CompressionMethod + -16231.7714285714 * x_0 + -17150.5142857143 * x_4 + -16074.6285714286 * x_2 + 8818.28571428573 * BlockSize_4096 + -5026.68571428572 * Files_80;30.268367023845;30.268367023845;30.268367023845;30.268367023845;0.224585;6;-5026.68571428572 * Files_80;1;4.88867079104241;
6;19043.9165154265 * CompressionMethod + -16046.7295825772 * x_0 + -17145.444646098 * x_4 + -16073.3611615245 * x_2 + 8761.25226860255 * BlockSize_4096 + -5005.13974591652 * Files_80 + -887.186932849352 * Files_40;28.3564983401042;28.3564983401042;28.3564983401042;28.3564983401042;0.461309;7;-887.186932849352 * Files_40;1;1.91186868374077;
7;19043.9165154265 * CompressionMethod + -16046.7295825771 * x_0 + -17145.444646098 * x_4 + -16073.3611615245 * x_2 + 8761.25226860255 * BlockSize_4096 + -5005.13974591652 * Files_80 + -443.593466424668 * Files_40 + -443.593466424668 * x_0 * Deflate;26.7883653281391;26.7883653281391;26.7883653281391;26.7883653281391;0.647507;9;-443.593466424668 * x_0 * Deflate;2;0.784066505982542;
8;19043.9165154265 * CompressionMethod + -16046.7295825771 * x_0 + -17145.444646098 * x_4 + -16073.3611615245 * x_2 + 8761.25226860256 * BlockSize_4096 + -2502.56987295827 * Files_80 + -443.59346642468 * Files_40 + -443.593466424677 * x_0 * Deflate + -2502.56987295827 * Files_80 * Deflate;25.2405116214605;25.2405116214605;25.2405116214605;25.2405116214605;0.862604;11;-2502.56987295827 * Files_80 * Deflate;2;0.773926853339324;
9;18941.8657491561 * CompressionMethod + -15952.8356271098 * x_0 + -17048.4692287717 * x_4 + -15974.2105946507 * x_2 + 8793.87951181512 * BlockSize_4096 + -2508.73279667622 * Files_80 + -439.515061023088 * Files_40 + -439.515061023088 * x_0 * Deflate + -2508.73279667622 * Files_80 * Deflate + 1498.13425084387 * Files_50;25.0666359184397;25.0666359184397;25.0666359184397;25.0666359184397;1.140648;12;1498.13425084387 * Files_50;1;0.173875703020755;
Elapsed=00:00:01.1409480
Learning progress:
1;6555.38461538461 * CompressionMethod + 12394.6153846154 * x_8;90.3753896573691;90.3753896573691;90.3753896573691;90.3753896573691;0.008495;2;12394.6153846154 * x_8;1;49.5388883756638;
2;5179.52380952381 * CompressionMethod + 13770.4761904762 * x_8 + 7154.47619047619 * x_10;63.6535757850141;63.6535757850141;63.6535757850141;63.6535757850141;0.027724;3;7154.47619047619 * x_10;1;26.721813872355;
3;5287.66304347825 * CompressionMethod + 14116.5217391304 * x_8 + 7046.33695652174 * x_10 + -2270.92391304349 * BlockSize_32;50.3947916532111;50.3947916532111;50.3947916532111;50.3947916532111;0.068502;4;-2270.92391304349 * BlockSize_32;1;13.258784131803;
4;5556.58597662771 * CompressionMethod + 13877.4791318865 * x_8 + 7327.21202003338 * x_10 + -2420.32554257095 * BlockSize_32 + -2748.98998330551 * BlockSize_512;44.2531538865537;44.2531538865537;44.2531538865537;44.2531538865537;0.131882;5;-2748.98998330551 * BlockSize_512;1;6.14163776665746;
5;5792.43470149253 * CompressionMethod + 13667.8358208955 * x_8 + 7125.05597014926 * x_10 + -2551.3526119403 * BlockSize_32 + -2917.45335820895 * BlockSize_512 + -2242.43470149253 * BlockSize_4096;37.1580160276262;37.1580160276262;37.1580160276262;37.1580160276262;0.22626;6;-2242.43470149253 * BlockSize_4096;1;7.09513785892748;
6;5875.17241379311 * CompressionMethod + 13242.3275862069 * x_8 + 7054.13793103448 * x_10 + -837.500000000015 * BlockSize_32 + -2976.55172413793 * BlockSize_512 + -2325.1724137931 * BlockSize_4096 + -3167.67241379308 * BlockSize_32 * Deflate;32.9893712687873;32.9893712687873;32.9893712687873;32.9893712687873;0.355632;8;-3167.67241379308 * BlockSize_32 * Deflate;2;2.08432237941946;
7;6018.48214285714 * CompressionMethod + 13692.7295918367 * x_8 + 6931.30102040816 * x_10 + -1431.21173469387 * BlockSize_32 + -3078.91581632653 * BlockSize_512 + -2468.48214285715 * BlockSize_4096 + -2717.27040816327 * BlockSize_32 * Deflate + -2374.8469387755 * BlockSize_1;31.172895075669;31.172895075669;31.172895075669;31.172895075669;0.536251;9;-2374.8469387755 * BlockSize_1;1;1.81647619311821;
8;6138.52355072464 * CompressionMethod + 13589.8369565217 * x_8 + 7188.53260869565 * x_10 + -1448.36050724637 * BlockSize_32 + -3284.70108695652 * BlockSize_512 + -2588.52355072463 * BlockSize_4096 + -2820.16304347826 * BlockSize_32 * Deflate + -2443.44202898551 * BlockSize_1 + -840.289855072453 * Files_60;29.5198279324025;29.5198279324025;29.5198279324025;29.5198279324025;0.766719;10;-840.289855072453 * Files_60;1;1.65306714326652;
9;5995.21166134186 * CompressionMethod + 13712.6757188498 * x_8 + 13944.6645367412 * x_10 + -1427.8873801917 * BlockSize_32 + -1626.37779552716 * BlockSize_512 + -2445.21166134186 * BlockSize_4096 + -2697.32428115014 * BlockSize_32 * Deflate + -2361.54952076678 * BlockSize_1 + -1249.75239616614 * Files_60 + -11301.1661341853 * x_10 * PPMd;27.6047904351607;27.6047904351607;27.6047904351607;27.6047904351607;1.052986;12;-11301.1661341853 * x_10 * PPMd;2;0.957518748620906;
10;6931.92580049261 * CompressionMethod + 13877.0874384236 * x_8 + 13507.6754926108 * x_10 + -2529.01323891627 * BlockSize_32 + -1438.16964285714 * BlockSize_512 + -2027.69242610837 * BlockSize_4096 + -2532.91256157636 * BlockSize_32 * Deflate + -2703.35283251232 * BlockSize_1 + -894.969211822664 * Files_60 + -11530.4772167488 * x_10 * PPMd + -1354.23337438423 * tmOff;24.0188018229397;24.0188018229397;24.0188018229397;24.0188018229397;1.416996;13;-1354.23337438423 * tmOff;1;3.58598861222107;
11;6911.29648241206 * CompressionMethod + 13852.5552763819 * x_8 + 13477.567839196 * x_10 + -2483.85175879397 * BlockSize_32 + -775.243718592963 * BlockSize_512 + -2066.16331658291 * BlockSize_4096 + -2557.44472361808 * BlockSize_32 * Deflate + -2700.00753768842 * BlockSize_1 + -852.595477386926 * Files_60 + -11734.5402010051 * x_10 * PPMd + -1295.13316582915 * tmOff + -1810.91959798997 * BlockSize_512 * filterOff;20.7599344128676;20.7599344128676;20.7599344128676;20.7599344128676;1.856303;15;-1810.91959798997 * BlockSize_512 * filterOff;2;1.62943370503601;
12;6928.61921708185 * CompressionMethod + 13539.3024911032 * x_8 + 13471.7935943061 * x_10 + -2187.92170818505 * BlockSize_32 + -765.138790035591 * BlockSize_512 + -2041.62277580072 * BlockSize_4096 + -2870.69750889678 * BlockSize_32 * Deflate + -2539.77224199288 * BlockSize_1 + -833.829181494654 * Files_60 + -11741.7580071174 * x_10 * PPMd + -1336.99644128115 * tmOff + -1796.48398576512 * BlockSize_512 * filterOff + 1149.07473309609 * x_8 * BlockSize_16;19.7135864079506;19.7135864079506;19.7135864079506;19.7135864079506;2.396002;17;1149.07473309609 * x_8 * BlockSize_16;2;0.52317400245852;
13;6901.84261868631 * CompressionMethod + 13596.1814437459 * x_8 + 13496.6941252981 * x_10 + -2218.02406243227 * BlockSize_32 + -712.864730110548 * BlockSize_512 + -1955.75005419466 * BlockSize_4096 + -2813.81855625404 * BlockSize_32 * Deflate + -2511.88705831346 * BlockSize_1 + -770.980923477131 * Files_60 + -11758.5573379579 * x_10 * PPMd + -1396.09256449165 * tmOff + -1762.88532408411 * BlockSize_512 * filterOff + 1178.0685020594 * x_8 * BlockSize_16 + 479.249945805345 * BlockSize_64;19.5938165079921;19.5938165079921;19.5938165079921;19.5938165079921;3.038744;18;479.249945805345 * BlockSize_64;1;0.119769899958463;
Elapsed=00:00:03.0391492
Learning progress:
1;6886.08695652174 * CompressionMethod + 16881.4130434783 * x_10;83.6915996072685;83.6915996072685;83.6915996072685;83.6915996072685;0.005744;2;16881.4130434783 * x_10;1;103.416788236654;
2;5045.49999999999 * CompressionMethod + 18722 * x_10 + 14111.1666666667 * x_8;43.7190444485273;43.7190444485273;43.7190444485273;43.7190444485273;0.025657;3;14111.1666666667 * x_8;1;39.9725551587412;
3;3302.50000000001 * CompressionMethod + 20465 * x_10 + 15854.1666666667 * x_8 + 8715.00000000001 * x_6;28.3567413215888;28.3567413215888;28.3567413215888;28.3567413215888;0.06416;4;8715.00000000001 * x_6;1;15.3623031269386;
4;3302.5 * CompressionMethod + 20465 * x_10 + 16280.5 * x_8 + 9354.5 * x_6 + -1279 * Files_20;23.2996943222797;23.2996943222797;23.2996943222797;23.2996943222797;0.1253;5;-1279 * Files_20;1;5.05704699930907;
5;3302.5 * CompressionMethod + 20465 * x_10 + 16280.5 * x_8 + 4677.25 * x_6 + -1279.00000000001 * Files_20 + 4677.25 * x_6 * HeaderCompressionOff;15.8613196403459;15.8613196403459;15.8613196403459;15.8613196403459;0.217843;7;4677.25 * x_6 * HeaderCompressionOff;2;3.7191873409669;
6;3530.83333333334 * CompressionMethod + 20236.6666666667 * x_10 + 16052.1666666667 * x_8 + 4563.08333333334 * x_6 + -1279.00000000001 * Files_20 + 4563.08333333334 * x_6 * HeaderCompressionOff + -913.33333333334 * x_4;13.4874844995803;13.4874844995803;13.4874844995803;13.4874844995803;0.349107;8;-913.33333333334 * x_4;1;2.37383514076559;
7;3530.83333333333 * CompressionMethod + 20236.6666666667 * x_10 + 16052.1666666667 * x_8 + 4563.08333333334 * x_6 + -1278.99999999997 * Files_20 + 4563.08333333334 * x_6 * HeaderCompressionOff + -664.166666666656 * x_4 + -996.666666666661 * Files_10;13.4155148026108;13.4155148026108;13.4155148026108;13.4155148026108;0.519753;9;-996.666666666661 * Files_10;1;0.071969696969532;
Elapsed=00:00:00.5199962
Learning progress:
1;12775.3846153846 * CompressionMethod + -9393.38461538462 * x_2;80.5361333140554;80.5361333140554;80.5361333140554;80.5361333140554;0.005885;2;-9393.38461538462 * x_2;1;167.328325556214;
2;14645.4545454545 * CompressionMethod + -11263.4545454546 * x_2 + -12155.4545454546 * x_4;51.3302862485845;51.3302862485845;51.3302862485845;51.3302862485845;0.02735;3;-12155.4545454546 * x_4;1;29.2058470654708;
3;16289.3233082707 * CompressionMethod + -10496.3157894737 * x_2 + -12292.4436090226 * x_4 + -3013.75939849624 * tmOff;37.2581986989226;37.2581986989226;37.2581986989226;37.2581986989226;0.068035;4;-3013.75939849624 * tmOff;1;14.0720875496619;
4;10875.3975903614 * CompressionMethod + -6368.86746987952 * x_2 + -7682.56626506025 * x_4 + -1405.6626506024 * tmOff + 14258.4578313253 * x_10;29.6919161228151;29.6919161228151;29.6919161228151;29.6919161228151;0.136535;5;14258.4578313253 * x_10;1;7.5662825761075;
5;10539.7885196375 * CompressionMethod + -6207.64350453171 * x_2 + -6943.89728096676 * x_4 + -2211.78247734139 * tmOff + 14939.5468277946 * x_10 + 4096.40483383687 * Files_20;23.6668948377808;23.6668948377808;23.6668948377808;23.6668948377808;0.236144;6;4096.40483383687 * Files_20;1;6.02502128503428;
6;10445.5895578316 * CompressionMethod + -5702.76417686733 * x_2 + -6821.23532350736 * x_4 + -2268.70846864851 * tmOff + 15058.1426430177 * x_10 + 2270.70696977269 * Files_20 + 7402.41194104423 * Files_20 * LZMA;19.852622333232;19.852622333232;19.852622333232;19.852622333232;0.371471;8;7402.41194104423 * Files_20 * LZMA;2;1.90713625227442;
7;10277.0123839009 * CompressionMethod + -5770.19504643963 * x_2 + -6817.48916408669 * x_4 + -1939.04643962848 * tmOff + 15621.0030959753 * x_10 + 2132.09907120742 * Files_20 + 11128.9040247678 * Files_20 * LZMA + -3748.96904024767 * BlockSize_8;17.7963592904964;17.7963592904964;17.7963592904964;17.7963592904964;0.556532;9;-3748.96904024767 * BlockSize_8;1;2.05626304273556;
8;11031.864608076 * CompressionMethod + -5468.2541567696 * x_2 + -6834.26365795725 * x_4 + -3415.20190023753 * tmOff + 13100.635391924 * x_10 + 2752.75534441806 * Files_20 + 14760.5819477435 * Files_20 * LZMA + -7279.99999999997 * BlockSize_8 + 6772.70190023752 * x_10 * tmOff;15.7246653133639;15.7246653133639;15.7246653133639;15.7246653133639;0.797259;11;6772.70190023752 * x_10 * tmOff;2;1.03584698856624;
9;11012.1827613727 * CompressionMethod + -5268.97545889864 * x_2 + -6845.33469672784 * x_4 + -3698.94852354351 * tmOff + 12947.6910415004 * x_10 + 2989.75758180366 * Files_20 + 14827.0081803671 * Files_20 * LZMA + -7970.50478850757 * BlockSize_8 + 7229.07472067041 * x_10 * tmOff + 690.504788507568 * LZMA;13.5368882631285;13.5368882631285;13.5368882631285;13.5368882631285;1.097427;12;690.504788507568 * LZMA;1;2.18777705023548;
10;11190.5313319037 * CompressionMethod + -5030.81486776269 * x_2 + -7766.98355968549 * x_4 + -4307.21864824079 * tmOff + 12630.3248351998 * x_10 + 3340.29227225796 * Files_20 + 14906.3950440791 * Files_20 * LZMA + -8526.57533158606 * BlockSize_8 + 7976.3624811373 * x_10 * tmOff + 1246.57533158606 * LZMA + 3633.67087602252 * BlockSize_4;12.5186337006687;12.5186337006687;12.5186337006687;12.5186337006687;1.468313;13;3633.67087602252 * BlockSize_4;1;1.01825456245974;
11;11190.5313319037 * CompressionMethod + -5030.81486776268 * x_2 + -7766.98355968549 * x_4 + -4307.21864824081 * tmOff + 12630.3248351998 * x_10 + 3340.29227225797 * Files_20 + 14906.3950440791 * Files_20 * LZMA + -4263.28766579304 * BlockSize_8 + 7976.36248113732 * x_10 * tmOff + 1246.57533158605 * LZMA + 3633.67087602258 * BlockSize_4 + -4263.28766579304 * BlockSize_8 * LZMA;11.1694543689829;11.1694543689829;11.1694543689829;11.1694543689829;1.913797;15;-4263.28766579304 * BlockSize_8 * LZMA;2;0.674589665842896;
12;11190.5313319037 * CompressionMethod + -5030.81486776269 * x_2 + -7766.9835596855 * x_4 + -4307.21864824083 * tmOff + 12630.3248351998 * x_10 + 3340.29227225797 * Files_20 + 14906.3950440791 * Files_20 * LZMA + -2842.19177719536 * BlockSize_8 + 7976.36248113735 * x_10 * tmOff + 1246.57533158607 * LZMA + 3633.6708760226 * BlockSize_4 + -2842.19177719536 * BlockSize_8 * LZMA + -2842.19177719536 * BlockSize_8 * filterOff;10.5898933524091;10.5898933524091;10.5898933524091;10.5898933524091;2.443637;17;-2842.19177719536 * BlockSize_8 * filterOff;2;0.289780508286901;
Elapsed=00:00:02.4439977
Learning progress:
1;11356.8965517241 * CompressionMethod + -8846.89655172414 * BlockSize_1024;114.711352653924;114.711352653924;114.711352653924;114.711352653924;0.008717;2;-8846.89655172414 * BlockSize_1024;1;205.02520598467;
2;7521.90635451505 * CompressionMethod + -8719.06354515051 * BlockSize_1024 + 5560.73578595318 * filterOff;86.2899823370832;86.2899823370832;86.2899823370832;86.2899823370832;0.029038;3;5560.73578595318 * filterOff;1;28.4213703168413;
3;5792.73409893992 * CompressionMethod + -9013.14045936395 * BlockSize_1024 + 5078.44964664312 * filterOff + 3517.15989399293 * HeaderCompressionOff;52.0292062157222;52.0292062157222;52.0292062157222;52.0292062157222;0.070187;4;3517.15989399293 * HeaderCompressionOff;1;34.260776121361;
4;3494.97700562084 * CompressionMethod + -8481.73735309147 * BlockSize_1024 + 6627.75166070517 * filterOff + 4617.38886050077 * HeaderCompressionOff + 16945.0229943792 * Files_50;38.9670789884693;38.9670789884693;38.9670789884693;38.9670789884693;0.135872;5;16945.0229943792 * Files_50;1;13.0621272272529;
5;2548.794489093 * CompressionMethod + -7526.67049368542 * BlockSize_1024 + 6840.97588978187 * filterOff + 4390.83811710678 * HeaderCompressionOff + 17891.205510907 * Files_50 + 8693.32950631459 * x_8;29.2320887973568;29.2320887973568;29.2320887973568;29.2320887973568;0.228792;6;8693.32950631459 * x_8;1;9.73499019111252;
6;2108.88535031848 * CompressionMethod + -7420.54140127388 * BlockSize_1024 + 7297.89808917197 * filterOff + 4434.58598726115 * HeaderCompressionOff + 18331.1146496815 * Files_50 + 8093.82165605094 * x_8 + 2116.91082802548 * BlockSize_1;27.7169238245554;27.7169238245554;27.7169238245554;27.7169238245554;0.355962;7;2116.91082802548 * BlockSize_1;1;1.51516497280141;
7;1667.39675016925 * CompressionMethod + -8159.90182802979 * BlockSize_1024 + 8111.72647257957 * filterOff + 5392.03114421124 * HeaderCompressionOff + 18772.6032498308 * Files_50 + 7221.4827352742 * x_8 + 2515.84631008803 * BlockSize_1 + -9186.15436696007 * BlockSize_64;25.9792133921251;25.9792133921251;25.9792133921251;25.9792133921251;0.520792;8;-9186.15436696007 * BlockSize_64;1;1.73771043243029;
8;1941.05442176872 * CompressionMethod + -8334.04761904762 * BlockSize_1024 + 8397.82312925169 * filterOff + 4956.66666666666 * HeaderCompressionOff + 18498.9455782313 * Files_50 + 7034.89795918368 * x_8 + 7802.41496598639 * BlockSize_1 + -6685.91836734694 * BlockSize_64 + -5249.25170068028 * Files_30;23.6527936564602;23.6527936564602;23.6527936564602;23.6527936564602;0.73153;9;-5249.25170068028 * Files_30;1;2.32641973566489;
9;1685.60769656698 * CompressionMethod + -8930.0899778516 * BlockSize_1024 + 9079.01439645627 * filterOff + 5552.70902547066 * HeaderCompressionOff + 18754.392303433 * Files_50 + 9674.51411960133 * x_8 + 9505.39313399782 * BlockSize_1 + -2002.7284053156 * BlockSize_64 + -8314.6124031008 * Files_30 + -8344.59302325582 * HeaderCompressionOff * Files_90;18.3873983304196;18.3873983304196;18.3873983304196;18.3873983304196;0.994388;11;-8344.59302325582 * HeaderCompressionOff * Files_90;2;2.63269766302029;
10;1739.64875681201 * CompressionMethod + -8978.05900885558 * BlockSize_1024 + 9152.48595027248 * filterOff + 5470.12942779292 * HeaderCompressionOff + 18700.351243188 * Files_50 + 12814.9676430518 * x_8 + 10668.1867336512 * BlockSize_1 + -1070.06471389646 * BlockSize_64 + -8867.1670640327 * Files_30 + -9747.23177792915 * HeaderCompressionOff * Files_90 + -4386.43392370575 * x_8 * mtOff;16.7071479146095;16.7071479146095;16.7071479146095;16.7071479146095;1.327777;13;-4386.43392370575 * x_8 * mtOff;2;0.840125207905063;
11;1739.64875681199 * CompressionMethod + -8978.0590088556 * BlockSize_1024 + 9152.48595027248 * filterOff + 5470.12942779292 * HeaderCompressionOff + 18700.351243188 * Files_50 + 12814.9676430518 * x_8 + 10668.1867336512 * BlockSize_1 + -535.032356948235 * BlockSize_64 + -8867.16706403269 * Files_30 + -9747.23177792919 * HeaderCompressionOff * Files_90 + -4386.43392370577 * x_8 * mtOff + -535.03235694823 * BlockSize_64 * filterOff;16.7071479146092;16.7071479146092;16.7071479146092;16.7071479146092;1.744808;15;-535.03235694823 * BlockSize_64 * filterOff;2;1.70530256582424E-13;
Elapsed=00:00:01.7451045
Learning progress:
1;12704.6153846154 * CompressionMethod + -8132.61538461538 * x_0;155.05748921056;155.05748921056;155.05748921056;155.05748921056;0.008808;2;-8132.61538461538 * x_0;1;95.8113075632079;
2;14498.6363636364 * CompressionMethod + -9926.63636363638 * x_0 + -11661.1363636364 * x_4;97.6994024186794;97.6994024186794;97.6994024186794;97.6994024186794;0.030383;3;-11661.1363636364 * x_4;1;57.3580867918809;
3;19628 * CompressionMethod + -15056 * x_0 + -16790.5 * x_4 + -16120.8571428571 * x_2;53.0203807411209;53.0203807411209;53.0203807411209;53.0203807411209;0.073569;4;-16120.8571428571 * x_2;1;44.6790216775585;
4;19101.0220955096 * CompressionMethod + -16109.9558089808 * x_0 + -18239.6892373486 * x_4 + -16723.1176051319 * x_2 + 7904.66856735566 * BlockSize_4096;35.1570378148874;35.1570378148874;35.1570378148874;35.1570378148874;0.137763;5;7904.66856735566 * BlockSize_4096;1;17.8633429262335;
5;19040.1142857143 * CompressionMethod + -16231.7714285714 * x_0 + -17150.5142857143 * x_4 + -16074.6285714286 * x_2 + 8818.28571428573 * BlockSize_4096 + -5026.68571428572 * Files_80;30.268367023845;30.268367023845;30.268367023845;30.268367023845;0.230963;6;-5026.68571428572 * Files_80;1;4.88867079104241;
6;19043.9165154265 * CompressionMethod + -16046.7295825772 * x_0 + -17145.444646098 * x_4 + -16073.3611615245 * x_2 + 8761.25226860255 * BlockSize_4096 + -5005.13974591652 * Files_80 + -887.186932849352 * Files_40;28.3564983401042;28.3564983401042;28.3564983401042;28.3564983401042;0.360759;7;-887.186932849352 * Files_40;1;1.91186868374077;
7;19043.9165154265 * CompressionMethod + -16046.7295825771 * x_0 + -17145.444646098 * x_4 + -16073.3611615245 * x_2 + 8761.25226860255 * BlockSize_4096 + -5005.13974591652 * Files_80 + -443.593466424668 * Files_40 + -443.593466424668 * x_0 * Deflate;26.7883653281391;26.7883653281391;26.7883653281391;26.7883653281391;0.522943;9;-443.593466424668 * x_0 * Deflate;2;0.784066505982542;
8;19043.9165154265 * CompressionMethod + -16046.7295825771 * x_0 + -17145.444646098 * x_4 + -16073.3611615245 * x_2 + 8761.25226860256 * BlockSize_4096 + -2502.56987295827 * Files_80 + -443.59346642468 * Files_40 + -443.593466424677 * x_0 * Deflate + -2502.56987295827 * Files_80 * Deflate;25.2405116214605;25.2405116214605;25.2405116214605;25.2405116214605;0.742693;11;-2502.56987295827 * Files_80 * Deflate;2;0.773926853339324;
9;18941.8657491561 * CompressionMethod + -15952.8356271098 * x_0 + -17048.4692287717 * x_4 + -15974.2105946507 * x_2 + 8793.87951181512 * BlockSize_4096 + -2508.73279667622 * Files_80 + -439.515061023088 * Files_40 + -439.515061023088 * x_0 * Deflate + -2508.73279667622 * Files_80 * Deflate + 1498.13425084387 * Files_50;25.0666359184397;25.0666359184397;25.0666359184397;25.0666359184397;1.019721;12;1498.13425084387 * Files_50;1;0.173875703020755;
10;18941.5376401495 * CompressionMethod + -15911.5376401495 * x_0 + -17048.8556682684 * x_4 + -15974.2907990746 * x_2 + 8798.47303790709 * BlockSize_4096 + -2509.60046271579 * Files_80 + -459.999999999982 * Files_40 + -459.999999999979 * x_0 * Deflate + -2509.60046271579 * Files_80 * Deflate + 1498.46235985048 * Files_50 + -56.1576793023349 * x_0 * BZip2;24.8167675698892;24.8167675698892;24.8167675698892;24.8167675698892;1.358566;14;-56.1576793023349 * x_0 * BZip2;2;0.124934174275282;
11;18939.0951374207 * CompressionMethod + -15909.0951374207 * x_0 + -17077.1479915434 * x_4 + -16152.7970401692 * x_2 + 8832.66807610994 * BlockSize_4096 + -2465.22832980972 * Files_80 + -460.00000000001 * Files_40 + -460.000000000009 * x_0 * Deflate + -2465.22832980972 * Files_80 * Deflate + 1500.90486257924 * Files_50 + -67.5560253700135 * x_0 * BZip2 + 1143.70190274839 * x_2 * BlockSize_32;24.6282435855952;24.6282435855952;24.6282435855952;24.6282435855952;1.781851;16;1143.70190274839 * x_2 * BlockSize_32;2;0.0942619921469614;
Elapsed=00:00:01.7821410
Learning progress:
1;6555.38461538461 * CompressionMethod + 12394.6153846154 * x_8;90.3753896573691;90.3753896573691;90.3753896573691;90.3753896573691;0.005982;2;12394.6153846154 * x_8;1;49.5388883756638;
2;5179.52380952381 * CompressionMethod + 13770.4761904762 * x_8 + 7154.47619047619 * x_10;63.6535757850141;63.6535757850141;63.6535757850141;63.6535757850141;0.026429;3;7154.47619047619 * x_10;1;26.721813872355;
3;5287.66304347825 * CompressionMethod + 14116.5217391304 * x_8 + 7046.33695652174 * x_10 + -2270.92391304349 * BlockSize_32;50.3947916532111;50.3947916532111;50.3947916532111;50.3947916532111;0.065192;4;-2270.92391304349 * BlockSize_32;1;13.258784131803;
4;5556.58597662771 * CompressionMethod + 13877.4791318865 * x_8 + 7327.21202003338 * x_10 + -2420.32554257095 * BlockSize_32 + -2748.98998330551 * BlockSize_512;44.2531538865537;44.2531538865537;44.2531538865537;44.2531538865537;0.128476;5;-2748.98998330551 * BlockSize_512;1;6.14163776665746;
5;5792.43470149253 * CompressionMethod + 13667.8358208955 * x_8 + 7125.05597014926 * x_10 + -2551.3526119403 * BlockSize_32 + -2917.45335820895 * BlockSize_512 + -2242.43470149253 * BlockSize_4096;37.1580160276262;37.1580160276262;37.1580160276262;37.1580160276262;0.224087;6;-2242.43470149253 * BlockSize_4096;1;7.09513785892748;
6;5875.17241379311 * CompressionMethod + 13242.3275862069 * x_8 + 7054.13793103448 * x_10 + -837.500000000015 * BlockSize_32 + -2976.55172413793 * BlockSize_512 + -2325.1724137931 * BlockSize_4096 + -3167.67241379308 * BlockSize_32 * Deflate;32.9893712687873;32.9893712687873;32.9893712687873;32.9893712687873;0.355483;8;-3167.67241379308 * BlockSize_32 * Deflate;2;2.08432237941946;
7;6018.48214285714 * CompressionMethod + 13692.7295918367 * x_8 + 6931.30102040816 * x_10 + -1431.21173469387 * BlockSize_32 + -3078.91581632653 * BlockSize_512 + -2468.48214285715 * BlockSize_4096 + -2717.27040816327 * BlockSize_32 * Deflate + -2374.8469387755 * BlockSize_1;31.172895075669;31.172895075669;31.172895075669;31.172895075669;0.540262;9;-2374.8469387755 * BlockSize_1;1;1.81647619311821;
8;6138.52355072464 * CompressionMethod + 13589.8369565217 * x_8 + 7188.53260869565 * x_10 + -1448.36050724637 * BlockSize_32 + -3284.70108695652 * BlockSize_512 + -2588.52355072463 * BlockSize_4096 + -2820.16304347826 * BlockSize_32 * Deflate + -2443.44202898551 * BlockSize_1 + -840.289855072453 * Files_60;29.5198279324025;29.5198279324025;29.5198279324025;29.5198279324025;0.775033;10;-840.289855072453 * Files_60;1;1.65306714326652;
9;5995.21166134186 * CompressionMethod + 13712.6757188498 * x_8 + 13944.6645367412 * x_10 + -1427.8873801917 * BlockSize_32 + -1626.37779552716 * BlockSize_512 + -2445.21166134186 * BlockSize_4096 + -2697.32428115014 * BlockSize_32 * Deflate + -2361.54952076678 * BlockSize_1 + -1249.75239616614 * Files_60 + -11301.1661341853 * x_10 * PPMd;27.6047904351607;27.6047904351607;27.6047904351607;27.6047904351607;1.064364;12;-11301.1661341853 * x_10 * PPMd;2;0.957518748620906;
10;6931.92580049261 * CompressionMethod + 13877.0874384236 * x_8 + 13507.6754926108 * x_10 + -2529.01323891627 * BlockSize_32 + -1438.16964285714 * BlockSize_512 + -2027.69242610837 * BlockSize_4096 + -2532.91256157636 * BlockSize_32 * Deflate + -2703.35283251232 * BlockSize_1 + -894.969211822664 * Files_60 + -11530.4772167488 * x_10 * PPMd + -1354.23337438423 * tmOff;24.0188018229397;24.0188018229397;24.0188018229397;24.0188018229397;1.430524;13;-1354.23337438423 * tmOff;1;3.58598861222107;
11;6911.29648241206 * CompressionMethod + 13852.5552763819 * x_8 + 13477.567839196 * x_10 + -2483.85175879397 * BlockSize_32 + -775.243718592963 * BlockSize_512 + -2066.16331658291 * BlockSize_4096 + -2557.44472361808 * BlockSize_32 * Deflate + -2700.00753768842 * BlockSize_1 + -852.595477386926 * Files_60 + -11734.5402010051 * x_10 * PPMd + -1295.13316582915 * tmOff + -1810.91959798997 * BlockSize_512 * filterOff;20.7599344128676;20.7599344128676;20.7599344128676;20.7599344128676;1.87069;15;-1810.91959798997 * BlockSize_512 * filterOff;2;1.62943370503601;
12;6928.61921708185 * CompressionMethod + 13539.3024911032 * x_8 + 13471.7935943061 * x_10 + -2187.92170818505 * BlockSize_32 + -765.138790035591 * BlockSize_512 + -2041.62277580072 * BlockSize_4096 + -2870.69750889678 * BlockSize_32 * Deflate + -2539.77224199288 * BlockSize_1 + -833.829181494654 * Files_60 + -11741.7580071174 * x_10 * PPMd + -1336.99644128115 * tmOff + -1796.48398576512 * BlockSize_512 * filterOff + 1149.07473309609 * x_8 * BlockSize_16;19.7135864079506;19.7135864079506;19.7135864079506;19.7135864079506;2.418905;17;1149.07473309609 * x_8 * BlockSize_16;2;0.52317400245852;
13;6901.84261868631 * CompressionMethod + 13596.1814437459 * x_8 + 13496.6941252981 * x_10 + -2218.02406243227 * BlockSize_32 + -712.864730110548 * BlockSize_512 + -1955.75005419466 * BlockSize_4096 + -2813.81855625404 * BlockSize_32 * Deflate + -2511.88705831346 * BlockSize_1 + -770.980923477131 * Files_60 + -11758.5573379579 * x_10 * PPMd + -1396.09256449165 * tmOff + -1762.88532408411 * BlockSize_512 * filterOff + 1178.0685020594 * x_8 * BlockSize_16 + 479.249945805345 * BlockSize_64;19.5938165079921;19.5938165079921;19.5938165079921;19.5938165079921;3.068032;18;479.249945805345 * BlockSize_64;1;0.119769899958463;
14;6901.84261868633 * CompressionMethod + 13596.1814437459 * x_8 + 13496.6941252981 * x_10 + -2218.02406243226 * BlockSize_32 + -712.864730110555 * BlockSize_512 + -1955.75005419466 * BlockSize_4096 + -2813.81855625405 * BlockSize_32 * Deflate + -2511.88705831346 * BlockSize_1 + -770.98092347713 * Files_60 + -11758.557337958 * x_10 * PPMd + -1396.09256449166 * tmOff + -881.442662042055 * BlockSize_512 * filterOff + 1178.06850205939 * x_8 * BlockSize_16 + 479.24994580534 * BlockSize_64 + -881.442662042056 * BlockSize_512 * filterOff * tmOff;19.4150103853771;19.4150103853771;19.4150103853771;19.4150103853771;3.936268;21;-881.442662042056 * BlockSize_512 * filterOff * tmOff;3;0.0596020408716787;
Elapsed=00:00:03.9366537
Learning progress:
1;6886.08695652174 * CompressionMethod + 16881.4130434783 * x_10;83.6915996072685;83.6915996072685;83.6915996072685;83.6915996072685;0.005994;2;16881.4130434783 * x_10;1;103.416788236654;
2;5045.49999999999 * CompressionMethod + 18722 * x_10 + 14111.1666666667 * x_8;43.7190444485273;43.7190444485273;43.7190444485273;43.7190444485273;0.026259;3;14111.1666666667 * x_8;1;39.9725551587412;
3;3302.50000000001 * CompressionMethod + 20465 * x_10 + 15854.1666666667 * x_8 + 8715.00000000001 * x_6;28.3567413215888;28.3567413215888;28.3567413215888;28.3567413215888;0.063679;4;8715.00000000001 * x_6;1;15.3623031269386;
4;3302.5 * CompressionMethod + 20465 * x_10 + 16280.5 * x_8 + 9354.5 * x_6 + -1279 * Files_20;23.2996943222797;23.2996943222797;23.2996943222797;23.2996943222797;0.123095;5;-1279 * Files_20;1;5.05704699930907;
5;3302.5 * CompressionMethod + 20465 * x_10 + 16280.5 * x_8 + 4677.25 * x_6 + -1279.00000000001 * Files_20 + 4677.25 * x_6 * HeaderCompressionOff;15.8613196403459;15.8613196403459;15.8613196403459;15.8613196403459;0.215996;7;4677.25 * x_6 * HeaderCompressionOff;2;3.7191873409669;
6;3530.83333333334 * CompressionMethod + 20236.6666666667 * x_10 + 16052.1666666667 * x_8 + 4563.08333333334 * x_6 + -1279.00000000001 * Files_20 + 4563.08333333334 * x_6 * HeaderCompressionOff + -913.33333333334 * x_4;13.4874844995803;13.4874844995803;13.4874844995803;13.4874844995803;0.34308;8;-913.33333333334 * x_4;1;2.37383514076559;
7;3530.83333333333 * CompressionMethod + 20236.6666666667 * x_10 + 16052.1666666667 * x_8 + 4563.08333333334 * x_6 + -1278.99999999997 * Files_20 + 4563.08333333334 * x_6 * HeaderCompressionOff + -664.166666666656 * x_4 + -996.666666666661 * Files_10;13.4155148026108;13.4155148026108;13.4155148026108;13.4155148026108;0.512941;9;-996.666666666661 * Files_10;1;0.071969696969532;
Elapsed=00:00:00.5131960
Learning progress:
1;12775.3846153846 * CompressionMethod + -9393.38461538462 * x_2;80.5361333140554;80.5361333140554;80.5361333140554;80.5361333140554;0.006278;2;-9393.38461538462 * x_2;1;167.328325556214;
2;14645.4545454545 * CompressionMethod + -11263.4545454546 * x_2 + -12155.4545454546 * x_4;51.3302862485845;51.3302862485845;51.3302862485845;51.3302862485845;0.027467;3;-12155.4545454546 * x_4;1;29.2058470654708;
3;16289.3233082707 * CompressionMethod + -10496.3157894737 * x_2 + -12292.4436090226 * x_4 + -3013.75939849624 * tmOff;37.2581986989226;37.2581986989226;37.2581986989226;37.2581986989226;0.067239;4;-3013.75939849624 * tmOff;1;14.0720875496619;
4;10875.3975903614 * CompressionMethod + -6368.86746987952 * x_2 + -7682.56626506025 * x_4 + -1405.6626506024 * tmOff + 14258.4578313253 * x_10;29.6919161228151;29.6919161228151;29.6919161228151;29.6919161228151;0.135115;5;14258.4578313253 * x_10;1;7.5662825761075;
5;10539.7885196375 * CompressionMethod + -6207.64350453171 * x_2 + -6943.89728096676 * x_4 + -2211.78247734139 * tmOff + 14939.5468277946 * x_10 + 4096.40483383687 * Files_20;23.6668948377808;23.6668948377808;23.6668948377808;23.6668948377808;0.233619;6;4096.40483383687 * Files_20;1;6.02502128503428;
6;10445.5895578316 * CompressionMethod + -5702.76417686733 * x_2 + -6821.23532350736 * x_4 + -2268.70846864851 * tmOff + 15058.1426430177 * x_10 + 2270.70696977269 * Files_20 + 7402.41194104423 * Files_20 * LZMA;19.852622333232;19.852622333232;19.852622333232;19.852622333232;0.367496;8;7402.41194104423 * Files_20 * LZMA;2;1.90713625227442;
7;10277.0123839009 * CompressionMethod + -5770.19504643963 * x_2 + -6817.48916408669 * x_4 + -1939.04643962848 * tmOff + 15621.0030959753 * x_10 + 2132.09907120742 * Files_20 + 11128.9040247678 * Files_20 * LZMA + -3748.96904024767 * BlockSize_8;17.7963592904964;17.7963592904964;17.7963592904964;17.7963592904964;0.554031;9;-3748.96904024767 * BlockSize_8;1;2.05626304273556;
8;11031.864608076 * CompressionMethod + -5468.2541567696 * x_2 + -6834.26365795725 * x_4 + -3415.20190023753 * tmOff + 13100.635391924 * x_10 + 2752.75534441806 * Files_20 + 14760.5819477435 * Files_20 * LZMA + -7279.99999999997 * BlockSize_8 + 6772.70190023752 * x_10 * tmOff;15.7246653133639;15.7246653133639;15.7246653133639;15.7246653133639;0.792431;11;6772.70190023752 * x_10 * tmOff;2;1.03584698856624;
9;11012.1827613727 * CompressionMethod + -5268.97545889864 * x_2 + -6845.33469672784 * x_4 + -3698.94852354351 * tmOff + 12947.6910415004 * x_10 + 2989.75758180366 * Files_20 + 14827.0081803671 * Files_20 * LZMA + -7970.50478850757 * BlockSize_8 + 7229.07472067041 * x_10 * tmOff + 690.504788507568 * LZMA;13.5368882631285;13.5368882631285;13.5368882631285;13.5368882631285;1.099408;12;690.504788507568 * LZMA;1;2.18777705023548;
10;11190.5313319037 * CompressionMethod + -5030.81486776269 * x_2 + -7766.98355968549 * x_4 + -4307.21864824079 * tmOff + 12630.3248351998 * x_10 + 3340.29227225796 * Files_20 + 14906.3950440791 * Files_20 * LZMA + -8526.57533158606 * BlockSize_8 + 7976.3624811373 * x_10 * tmOff + 1246.57533158606 * LZMA + 3633.67087602252 * BlockSize_4;12.5186337006687;12.5186337006687;12.5186337006687;12.5186337006687;1.472343;13;3633.67087602252 * BlockSize_4;1;1.01825456245974;
11;11190.5313319037 * CompressionMethod + -5030.81486776268 * x_2 + -7766.98355968549 * x_4 + -4307.21864824081 * tmOff + 12630.3248351998 * x_10 + 3340.29227225797 * Files_20 + 14906.3950440791 * Files_20 * LZMA + -4263.28766579304 * BlockSize_8 + 7976.36248113732 * x_10 * tmOff + 1246.57533158605 * LZMA + 3633.67087602258 * BlockSize_4 + -4263.28766579304 * BlockSize_8 * LZMA;11.1694543689829;11.1694543689829;11.1694543689829;11.1694543689829;1.918884;15;-4263.28766579304 * BlockSize_8 * LZMA;2;0.674589665842896;
12;11190.5313319037 * CompressionMethod + -5030.81486776269 * x_2 + -7766.9835596855 * x_4 + -4307.21864824083 * tmOff + 12630.3248351998 * x_10 + 3340.29227225797 * Files_20 + 14906.3950440791 * Files_20 * LZMA + -2842.19177719536 * BlockSize_8 + 7976.36248113735 * x_10 * tmOff + 1246.57533158607 * LZMA + 3633.6708760226 * BlockSize_4 + -2842.19177719536 * BlockSize_8 * LZMA + -2842.19177719536 * BlockSize_8 * filterOff;10.5898933524091;10.5898933524091;10.5898933524091;10.5898933524091;2.448465;17;-2842.19177719536 * BlockSize_8 * filterOff;2;0.289780508286901;
13;11186.7269667648 * CompressionMethod + -5000.58897770299 * x_2 + -7764.97686159023 * x_4 + -4290.67732435843 * tmOff + 12636.9162810265 * x_10 + 3317.48001682793 * Files_20 + 14741.0096760623 * Files_20 * LZMA + -2779.98878137709 * BlockSize_8 + 7957.03407656709 * x_10 * tmOff + 1235.42700883465 * LZMA + 3618.92721918382 * BlockSize_4 + -2779.98878137708 * BlockSize_8 * LZMA + -2779.98878137708 * BlockSize_8 * filterOff + -175.460664703412 * tmOff * Files_80;10.4432463299413;10.4432463299413;10.4432463299413;10.4432463299413;3.083729;19;-175.460664703412 * tmOff * Files_80;2;0.0733235112339292;
Elapsed=00:00:03.0840977
Learning progress:
1;11356.8965517241 * CompressionMethod + -8846.89655172414 * BlockSize_1024;114.711352653924;114.711352653924;114.711352653924;114.711352653924;0.005802;2;-8846.89655172414 * BlockSize_1024;1;205.02520598467;
2;7521.90635451505 * CompressionMethod + -8719.06354515051 * BlockSize_1024 + 5560.73578595318 * filterOff;86.2899823370832;86.2899823370832;86.2899823370832;86.2899823370832;0.025951;3;5560.73578595318 * filterOff;1;28.4213703168413;
3;5792.73409893992 * CompressionMethod + -9013.14045936395 * BlockSize_1024 + 5078.44964664312 * filterOff + 3517.15989399293 * HeaderCompressionOff;52.0292062157222;52.0292062157222;52.0292062157222;52.0292062157222;0.063941;4;3517.15989399293 * HeaderCompressionOff;1;34.260776121361;
4;3494.97700562084 * CompressionMethod + -8481.73735309147 * BlockSize_1024 + 6627.75166070517 * filterOff + 4617.38886050077 * HeaderCompressionOff + 16945.0229943792 * Files_50;38.9670789884693;38.9670789884693;38.9670789884693;38.9670789884693;0.128088;5;16945.0229943792 * Files_50;1;13.0621272272529;
5;2548.794489093 * CompressionMethod + -7526.67049368542 * BlockSize_1024 + 6840.97588978187 * filterOff + 4390.83811710678 * HeaderCompressionOff + 17891.205510907 * Files_50 + 8693.32950631459 * x_8;29.2320887973568;29.2320887973568;29.2320887973568;29.2320887973568;0.220914;6;8693.32950631459 * x_8;1;9.73499019111252;
6;2108.88535031848 * CompressionMethod + -7420.54140127388 * BlockSize_1024 + 7297.89808917197 * filterOff + 4434.58598726115 * HeaderCompressionOff + 18331.1146496815 * Files_50 + 8093.82165605094 * x_8 + 2116.91082802548 * BlockSize_1;27.7169238245554;27.7169238245554;27.7169238245554;27.7169238245554;0.35171;7;2116.91082802548 * BlockSize_1;1;1.51516497280141;
7;1667.39675016925 * CompressionMethod + -8159.90182802979 * BlockSize_1024 + 8111.72647257957 * filterOff + 5392.03114421124 * HeaderCompressionOff + 18772.6032498308 * Files_50 + 7221.4827352742 * x_8 + 2515.84631008803 * BlockSize_1 + -9186.15436696007 * BlockSize_64;25.9792133921251;25.9792133921251;25.9792133921251;25.9792133921251;0.51556;8;-9186.15436696007 * BlockSize_64;1;1.73771043243029;
8;1941.05442176872 * CompressionMethod + -8334.04761904762 * BlockSize_1024 + 8397.82312925169 * filterOff + 4956.66666666666 * HeaderCompressionOff + 18498.9455782313 * Files_50 + 7034.89795918368 * x_8 + 7802.41496598639 * BlockSize_1 + -6685.91836734694 * BlockSize_64 + -5249.25170068028 * Files_30;23.6527936564602;23.6527936564602;23.6527936564602;23.6527936564602;0.726121;9;-5249.25170068028 * Files_30;1;2.32641973566489;
9;1685.60769656698 * CompressionMethod + -8930.0899778516 * BlockSize_1024 + 9079.01439645627 * filterOff + 5552.70902547066 * HeaderCompressionOff + 18754.392303433 * Files_50 + 9674.51411960133 * x_8 + 9505.39313399782 * BlockSize_1 + -2002.7284053156 * BlockSize_64 + -8314.6124031008 * Files_30 + -8344.59302325582 * HeaderCompressionOff * Files_90;18.3873983304196;18.3873983304196;18.3873983304196;18.3873983304196;0.991651;11;-8344.59302325582 * HeaderCompressionOff * Files_90;2;2.63269766302029;
10;1739.64875681201 * CompressionMethod + -8978.05900885558 * BlockSize_1024 + 9152.48595027248 * filterOff + 5470.12942779292 * HeaderCompressionOff + 18700.351243188 * Files_50 + 12814.9676430518 * x_8 + 10668.1867336512 * BlockSize_1 + -1070.06471389646 * BlockSize_64 + -8867.1670640327 * Files_30 + -9747.23177792915 * HeaderCompressionOff * Files_90 + -4386.43392370575 * x_8 * mtOff;16.7071479146095;16.7071479146095;16.7071479146095;16.7071479146095;1.33045;13;-4386.43392370575 * x_8 * mtOff;2;0.840125207905063;
11;1739.64875681199 * CompressionMethod + -8978.0590088556 * BlockSize_1024 + 9152.48595027248 * filterOff + 5470.12942779292 * HeaderCompressionOff + 18700.351243188 * Files_50 + 12814.9676430518 * x_8 + 10668.1867336512 * BlockSize_1 + -535.032356948235 * BlockSize_64 + -8867.16706403269 * Files_30 + -9747.23177792919 * HeaderCompressionOff * Files_90 + -4386.43392370577 * x_8 * mtOff + -535.03235694823 * BlockSize_64 * filterOff;16.7071479146092;16.7071479146092;16.7071479146092;16.7071479146092;1.74694;15;-535.03235694823 * BlockSize_64 * filterOff;2;1.70530256582424E-13;
Elapsed=00:00:01.7472520
Learning progress:
1;12704.6153846154 * CompressionMethod + -8132.61538461538 * x_0;155.05748921056;155.05748921056;155.05748921056;155.05748921056;0.008815;2;-8132.61538461538 * x_0;1;95.8113075632079;
2;14498.6363636364 * CompressionMethod + -9926.63636363638 * x_0 + -11661.1363636364 * x_4;97.6994024186794;97.6994024186794;97.6994024186794;97.6994024186794;0.029941;3;-11661.1363636364 * x_4;1;57.3580867918809;
3;19628 * CompressionMethod + -15056 * x_0 + -16790.5 * x_4 + -16120.8571428571 * x_2;53.0203807411209;53.0203807411209;53.0203807411209;53.0203807411209;0.070278;4;-16120.8571428571 * x_2;1;44.6790216775585;
4;19101.0220955096 * CompressionMethod + -16109.9558089808 * x_0 + -18239.6892373486 * x_4 + -16723.1176051319 * x_2 + 7904.66856735566 * BlockSize_4096;35.1570378148874;35.1570378148874;35.1570378148874;35.1570378148874;0.132047;5;7904.66856735566 * BlockSize_4096;1;17.8633429262335;
5;19040.1142857143 * CompressionMethod + -16231.7714285714 * x_0 + -17150.5142857143 * x_4 + -16074.6285714286 * x_2 + 8818.28571428573 * BlockSize_4096 + -5026.68571428572 * Files_80;30.268367023845;30.268367023845;30.268367023845;30.268367023845;0.224301;6;-5026.68571428572 * Files_80;1;4.88867079104241;
6;19043.9165154265 * CompressionMethod + -16046.7295825772 * x_0 + -17145.444646098 * x_4 + -16073.3611615245 * x_2 + 8761.25226860255 * BlockSize_4096 + -5005.13974591652 * Files_80 + -887.186932849352 * Files_40;28.3564983401042;28.3564983401042;28.3564983401042;28.3564983401042;0.350828;7;-887.186932849352 * Files_40;1;1.91186868374077;
7;19043.9165154265 * CompressionMethod + -16046.7295825771 * x_0 + -17145.444646098 * x_4 + -16073.3611615245 * x_2 + 8761.25226860255 * BlockSize_4096 + -5005.13974591652 * Files_80 + -443.593466424668 * Files_40 + -443.593466424668 * x_0 * Deflate;26.7883653281391;26.7883653281391;26.7883653281391;26.7883653281391;0.519302;9;-443.593466424668 * x_0 * Deflate;2;0.784066505982542;
8;19043.9165154265 * CompressionMethod + -16046.7295825771 * x_0 + -17145.444646098 * x_4 + -16073.3611615245 * x_2 + 8761.25226860256 * BlockSize_4096 + -2502.56987295827 * Files_80 + -443.59346642468 * Files_40 + -443.593466424677 * x_0 * Deflate + -2502.56987295827 * Files_80 * Deflate;25.2405116214605;25.2405116214605;25.2405116214605;25.2405116214605;0.737913;11;-2502.56987295827 * Files_80 * Deflate;2;0.773926853339324;
9;18941.8657491561 * CompressionMethod + -15952.8356271098 * x_0 + -17048.4692287717 * x_4 + -15974.2105946507 * x_2 + 8793.87951181512 * BlockSize_4096 + -2508.73279667622 * Files_80 + -439.515061023088 * Files_40 + -439.515061023088 * x_0 * Deflate + -2508.73279667622 * Files_80 * Deflate + 1498.13425084387 * Files_50;25.0666359184397;25.0666359184397;25.0666359184397;25.0666359184397;1.017576;12;1498.13425084387 * Files_50;1;0.173875703020755;
Elapsed=00:00:01.0178634
Learning progress:
1;6555.38461538461 * CompressionMethod + 12394.6153846154 * x_8;90.3753896573691;90.3753896573691;90.3753896573691;90.3753896573691;0.005874;2;12394.6153846154 * x_8;1;49.5388883756638;
2;5179.52380952381 * CompressionMethod + 13770.4761904762 * x_8 + 7154.47619047619 * x_10;63.6535757850141;63.6535757850141;63.6535757850141;63.6535757850141;0.026219;3;7154.47619047619 * x_10;1;26.721813872355;
3;5287.66304347825 * CompressionMethod + 14116.5217391304 * x_8 + 7046.33695652174 * x_10 + -2270.92391304349 * BlockSize_32;50.3947916532111;50.3947916532111;50.3947916532111;50.3947916532111;0.066904;4;-2270.92391304349 * BlockSize_32;1;13.258784131803;
4;5556.58597662771 * CompressionMethod + 13877.4791318865 * x_8 + 7327.21202003338 * x_10 + -2420.32554257095 * BlockSize_32 + -2748.98998330551 * BlockSize_512;44.2531538865537;44.2531538865537;44.2531538865537;44.2531538865537;0.131119;5;-2748.98998330551 * BlockSize_512;1;6.14163776665746;
5;5792.43470149253 * CompressionMethod + 13667.8358208955 * x_8 + 7125.05597014926 * x_10 + -2551.3526119403 * BlockSize_32 + -2917.45335820895 * BlockSize_512 + -2242.43470149253 * BlockSize_4096;37.1580160276262;37.1580160276262;37.1580160276262;37.1580160276262;0.227471;6;-2242.43470149253 * BlockSize_4096;1;7.09513785892748;
6;5875.17241379311 * CompressionMethod + 13242.3275862069 * x_8 + 7054.13793103448 * x_10 + -837.500000000015 * BlockSize_32 + -2976.55172413793 * BlockSize_512 + -2325.1724137931 * BlockSize_4096 + -3167.67241379308 * BlockSize_32 * Deflate;32.9893712687873;32.9893712687873;32.9893712687873;32.9893712687873;0.360273;8;-3167.67241379308 * BlockSize_32 * Deflate;2;2.08432237941946;
7;6018.48214285714 * CompressionMethod + 13692.7295918367 * x_8 + 6931.30102040816 * x_10 + -1431.21173469387 * BlockSize_32 + -3078.91581632653 * BlockSize_512 + -2468.48214285715 * BlockSize_4096 + -2717.27040816327 * BlockSize_32 * Deflate + -2374.8469387755 * BlockSize_1;31.172895075669;31.172895075669;31.172895075669;31.172895075669;0.543542;9;-2374.8469387755 * BlockSize_1;1;1.81647619311821;
8;6138.52355072464 * CompressionMethod + 13589.8369565217 * x_8 + 7188.53260869565 * x_10 + -1448.36050724637 * BlockSize_32 + -3284.70108695652 * BlockSize_512 + -2588.52355072463 * BlockSize_4096 + -2820.16304347826 * BlockSize_32 * Deflate + -2443.44202898551 * BlockSize_1 + -840.289855072453 * Files_60;29.5198279324025;29.5198279324025;29.5198279324025;29.5198279324025;0.778715;10;-840.289855072453 * Files_60;1;1.65306714326652;
9;5995.21166134186 * CompressionMethod + 13712.6757188498 * x_8 + 13944.6645367412 * x_10 + -1427.8873801917 * BlockSize_32 + -1626.37779552716 * BlockSize_512 + -2445.21166134186 * BlockSize_4096 + -2697.32428115014 * BlockSize_32 * Deflate + -2361.54952076678 * BlockSize_1 + -1249.75239616614 * Files_60 + -11301.1661341853 * x_10 * PPMd;27.6047904351607;27.6047904351607;27.6047904351607;27.6047904351607;1.069071;12;-11301.1661341853 * x_10 * PPMd;2;0.957518748620906;
10;6931.92580049261 * CompressionMethod + 13877.0874384236 * x_8 + 13507.6754926108 * x_10 + -2529.01323891627 * BlockSize_32 + -1438.16964285714 * BlockSize_512 + -2027.69242610837 * BlockSize_4096 + -2532.91256157636 * BlockSize_32 * Deflate + -2703.35283251232 * BlockSize_1 + -894.969211822664 * Files_60 + -11530.4772167488 * x_10 * PPMd + -1354.23337438423 * tmOff;24.0188018229397;24.0188018229397;24.0188018229397;24.0188018229397;1.437384;13;-1354.23337438423 * tmOff;1;3.58598861222107;
11;6911.29648241206 * CompressionMethod + 13852.5552763819 * x_8 + 13477.567839196 * x_10 + -2483.85175879397 * BlockSize_32 + -775.243718592963 * BlockSize_512 + -2066.16331658291 * BlockSize_4096 + -2557.44472361808 * BlockSize_32 * Deflate + -2700.00753768842 * BlockSize_1 + -852.595477386926 * Files_60 + -11734.5402010051 * x_10 * PPMd + -1295.13316582915 * tmOff + -1810.91959798997 * BlockSize_512 * filterOff;20.7599344128676;20.7599344128676;20.7599344128676;20.7599344128676;1.881891;15;-1810.91959798997 * BlockSize_512 * filterOff;2;1.62943370503601;
12;6928.61921708185 * CompressionMethod + 13539.3024911032 * x_8 + 13471.7935943061 * x_10 + -2187.92170818505 * BlockSize_32 + -765.138790035591 * BlockSize_512 + -2041.62277580072 * BlockSize_4096 + -2870.69750889678 * BlockSize_32 * Deflate + -2539.77224199288 * BlockSize_1 + -833.829181494654 * Files_60 + -11741.7580071174 * x_10 * PPMd + -1336.99644128115 * tmOff + -1796.48398576512 * BlockSize_512 * filterOff + 1149.07473309609 * x_8 * BlockSize_16;19.7135864079506;19.7135864079506;19.7135864079506;19.7135864079506;2.427477;17;1149.07473309609 * x_8 * BlockSize_16;2;0.52317400245852;
13;6901.84261868631 * CompressionMethod + 13596.1814437459 * x_8 + 13496.6941252981 * x_10 + -2218.02406243227 * BlockSize_32 + -712.864730110548 * BlockSize_512 + -1955.75005419466 * BlockSize_4096 + -2813.81855625404 * BlockSize_32 * Deflate + -2511.88705831346 * BlockSize_1 + -770.980923477131 * Files_60 + -11758.5573379579 * x_10 * PPMd + -1396.09256449165 * tmOff + -1762.88532408411 * BlockSize_512 * filterOff + 1178.0685020594 * x_8 * BlockSize_16 + 479.249945805345 * BlockSize_64;19.5938165079921;19.5938165079921;19.5938165079921;19.5938165079921;3.0696;18;479.249945805345 * BlockSize_64;1;0.119769899958463;
Elapsed=00:00:03.0699797
Learning progress:
1;6886.08695652174 * CompressionMethod + 16881.4130434783 * x_10;83.6915996072685;83.6915996072685;83.6915996072685;83.6915996072685;0.005648;2;16881.4130434783 * x_10;1;103.416788236654;
2;5045.49999999999 * CompressionMethod + 18722 * x_10 + 14111.1666666667 * x_8;43.7190444485273;43.7190444485273;43.7190444485273;43.7190444485273;0.025455;3;14111.1666666667 * x_8;1;39.9725551587412;
3;3302.50000000001 * CompressionMethod + 20465 * x_10 + 15854.1666666667 * x_8 + 8715.00000000001 * x_6;28.3567413215888;28.3567413215888;28.3567413215888;28.3567413215888;0.063269;4;8715.00000000001 * x_6;1;15.3623031269386;
4;3302.5 * CompressionMethod + 20465 * x_10 + 16280.5 * x_8 + 9354.5 * x_6 + -1279 * Files_20;23.2996943222797;23.2996943222797;23.2996943222797;23.2996943222797;0.12379;5;-1279 * Files_20;1;5.05704699930907;
5;3302.5 * CompressionMethod + 20465 * x_10 + 16280.5 * x_8 + 4677.25 * x_6 + -1279.00000000001 * Files_20 + 4677.25 * x_6 * HeaderCompressionOff;15.8613196403459;15.8613196403459;15.8613196403459;15.8613196403459;0.214402;7;4677.25 * x_6 * HeaderCompressionOff;2;3.7191873409669;
6;3530.83333333334 * CompressionMethod + 20236.6666666667 * x_10 + 16052.1666666667 * x_8 + 4563.08333333334 * x_6 + -1279.00000000001 * Files_20 + 4563.08333333334 * x_6 * HeaderCompressionOff + -913.33333333334 * x_4;13.4874844995803;13.4874844995803;13.4874844995803;13.4874844995803;0.345731;8;-913.33333333334 * x_4;1;2.37383514076559;
7;3530.83333333333 * CompressionMethod + 20236.6666666667 * x_10 + 16052.1666666667 * x_8 + 4563.08333333334 * x_6 + -1278.99999999997 * Files_20 + 4563.08333333334 * x_6 * HeaderCompressionOff + -664.166666666656 * x_4 + -996.666666666661 * Files_10;13.4155148026108;13.4155148026108;13.4155148026108;13.4155148026108;0.519196;9;-996.666666666661 * Files_10;1;0.071969696969532;
Elapsed=00:00:00.5194402
Learning progress:
1;12775.3846153846 * CompressionMethod + -9393.38461538462 * x_2;80.5361333140554;80.5361333140554;80.5361333140554;80.5361333140554;0.006739;2;-9393.38461538462 * x_2;1;167.328325556214;
2;14645.4545454545 * CompressionMethod + -11263.4545454546 * x_2 + -12155.4545454546 * x_4;51.3302862485845;51.3302862485845;51.3302862485845;51.3302862485845;0.028055;3;-12155.4545454546 * x_4;1;29.2058470654708;
3;16289.3233082707 * CompressionMethod + -10496.3157894737 * x_2 + -12292.4436090226 * x_4 + -3013.75939849624 * tmOff;37.2581986989226;37.2581986989226;37.2581986989226;37.2581986989226;0.068376;4;-3013.75939849624 * tmOff;1;14.0720875496619;
4;10875.3975903614 * CompressionMethod + -6368.86746987952 * x_2 + -7682.56626506025 * x_4 + -1405.6626506024 * tmOff + 14258.4578313253 * x_10;29.6919161228151;29.6919161228151;29.6919161228151;29.6919161228151;0.139974;5;14258.4578313253 * x_10;1;7.5662825761075;
5;10539.7885196375 * CompressionMethod + -6207.64350453171 * x_2 + -6943.89728096676 * x_4 + -2211.78247734139 * tmOff + 14939.5468277946 * x_10 + 4096.40483383687 * Files_20;23.6668948377808;23.6668948377808;23.6668948377808;23.6668948377808;0.240872;6;4096.40483383687 * Files_20;1;6.02502128503428;
6;10445.5895578316 * CompressionMethod + -5702.76417686733 * x_2 + -6821.23532350736 * x_4 + -2268.70846864851 * tmOff + 15058.1426430177 * x_10 + 2270.70696977269 * Files_20 + 7402.41194104423 * Files_20 * LZMA;19.852622333232;19.852622333232;19.852622333232;19.852622333232;0.376671;8;7402.41194104423 * Files_20 * LZMA;2;1.90713625227442;
7;10277.0123839009 * CompressionMethod + -5770.19504643963 * x_2 + -6817.48916408669 * x_4 + -1939.04643962848 * tmOff + 15621.0030959753 * x_10 + 2132.09907120742 * Files_20 + 11128.9040247678 * Files_20 * LZMA + -3748.96904024767 * BlockSize_8;17.7963592904964;17.7963592904964;17.7963592904964;17.7963592904964;0.564295;9;-3748.96904024767 * BlockSize_8;1;2.05626304273556;
8;11031.864608076 * CompressionMethod + -5468.2541567696 * x_2 + -6834.26365795725 * x_4 + -3415.20190023753 * tmOff + 13100.635391924 * x_10 + 2752.75534441806 * Files_20 + 14760.5819477435 * Files_20 * LZMA + -7279.99999999997 * BlockSize_8 + 6772.70190023752 * x_10 * tmOff;15.7246653133639;15.7246653133639;15.7246653133639;15.7246653133639;0.806606;11;6772.70190023752 * x_10 * tmOff;2;1.03584698856624;
9;11012.1827613727 * CompressionMethod + -5268.97545889864 * x_2 + -6845.33469672784 * x_4 + -3698.94852354351 * tmOff + 12947.6910415004 * x_10 + 2989.75758180366 * Files_20 + 14827.0081803671 * Files_20 * LZMA + -7970.50478850757 * BlockSize_8 + 7229.07472067041 * x_10 * tmOff + 690.504788507568 * LZMA;13.5368882631285;13.5368882631285;13.5368882631285;13.5368882631285;1.111192;12;690.504788507568 * LZMA;1;2.18777705023548;
10;11190.5313319037 * CompressionMethod + -5030.81486776269 * x_2 + -7766.98355968549 * x_4 + -4307.21864824079 * tmOff + 12630.3248351998 * x_10 + 3340.29227225796 * Files_20 + 14906.3950440791 * Files_20 * LZMA + -8526.57533158606 * BlockSize_8 + 7976.3624811373 * x_10 * tmOff + 1246.57533158606 * LZMA + 3633.67087602252 * BlockSize_4;12.5186337006687;12.5186337006687;12.5186337006687;12.5186337006687;1.486195;13;3633.67087602252 * BlockSize_4;1;1.01825456245974;
11;11190.5313319037 * CompressionMethod + -5030.81486776268 * x_2 + -7766.98355968549 * x_4 + -4307.21864824081 * tmOff + 12630.3248351998 * x_10 + 3340.29227225797 * Files_20 + 14906.3950440791 * Files_20 * LZMA + -4263.28766579304 * BlockSize_8 + 7976.36248113732 * x_10 * tmOff + 1246.57533158605 * LZMA + 3633.67087602258 * BlockSize_4 + -4263.28766579304 * BlockSize_8 * LZMA;11.1694543689829;11.1694543689829;11.1694543689829;11.1694543689829;1.934389;15;-4263.28766579304 * BlockSize_8 * LZMA;2;0.674589665842896;
12;11190.5313319037 * CompressionMethod + -5030.81486776269 * x_2 + -7766.9835596855 * x_4 + -4307.21864824083 * tmOff + 12630.3248351998 * x_10 + 3340.29227225797 * Files_20 + 14906.3950440791 * Files_20 * LZMA + -2842.19177719536 * BlockSize_8 + 7976.36248113735 * x_10 * tmOff + 1246.57533158607 * LZMA + 3633.6708760226 * BlockSize_4 + -2842.19177719536 * BlockSize_8 * LZMA + -2842.19177719536 * BlockSize_8 * filterOff;10.5898933524091;10.5898933524091;10.5898933524091;10.5898933524091;2.468756;17;-2842.19177719536 * BlockSize_8 * filterOff;2;0.289780508286901;
13;11186.7269667648 * CompressionMethod + -5000.58897770299 * x_2 + -7764.97686159023 * x_4 + -4290.67732435843 * tmOff + 12636.9162810265 * x_10 + 3317.48001682793 * Files_20 + 14741.0096760623 * Files_20 * LZMA + -2779.98878137709 * BlockSize_8 + 7957.03407656709 * x_10 * tmOff + 1235.42700883465 * LZMA + 3618.92721918382 * BlockSize_4 + -2779.98878137708 * BlockSize_8 * LZMA + -2779.98878137708 * BlockSize_8 * filterOff + -175.460664703412 * tmOff * Files_80;10.4432463299413;10.4432463299413;10.4432463299413;10.4432463299413;3.113447;19;-175.460664703412 * tmOff * Files_80;2;0.0733235112339292;
Elapsed=00:00:03.1138130
Learning progress:
1;11356.8965517241 * CompressionMethod + -8846.89655172414 * BlockSize_1024;114.711352653924;114.711352653924;114.711352653924;114.711352653924;0.005328;2;-8846.89655172414 * BlockSize_1024;1;205.02520598467;
2;7521.90635451505 * CompressionMethod + -8719.06354515051 * BlockSize_1024 + 5560.73578595318 * filterOff;86.2899823370832;86.2899823370832;86.2899823370832;86.2899823370832;0.027897;3;5560.73578595318 * filterOff;1;28.4213703168413;
3;5792.73409893992 * CompressionMethod + -9013.14045936395 * BlockSize_1024 + 5078.44964664312 * filterOff + 3517.15989399293 * HeaderCompressionOff;52.0292062157222;52.0292062157222;52.0292062157222;52.0292062157222;0.066772;4;3517.15989399293 * HeaderCompressionOff;1;34.260776121361;
4;3494.97700562084 * CompressionMethod + -8481.73735309147 * BlockSize_1024 + 6627.75166070517 * filterOff + 4617.38886050077 * HeaderCompressionOff + 16945.0229943792 * Files_50;38.9670789884693;38.9670789884693;38.9670789884693;38.9670789884693;0.135154;5;16945.0229943792 * Files_50;1;13.0621272272529;
5;2548.794489093 * CompressionMethod + -7526.67049368542 * BlockSize_1024 + 6840.97588978187 * filterOff + 4390.83811710678 * HeaderCompressionOff + 17891.205510907 * Files_50 + 8693.32950631459 * x_8;29.2320887973568;29.2320887973568;29.2320887973568;29.2320887973568;0.226655;6;8693.32950631459 * x_8;1;9.73499019111252;
6;2108.88535031848 * CompressionMethod + -7420.54140127388 * BlockSize_1024 + 7297.89808917197 * filterOff + 4434.58598726115 * HeaderCompressionOff + 18331.1146496815 * Files_50 + 8093.82165605094 * x_8 + 2116.91082802548 * BlockSize_1;27.7169238245554;27.7169238245554;27.7169238245554;27.7169238245554;0.353648;7;2116.91082802548 * BlockSize_1;1;1.51516497280141;
7;1667.39675016925 * CompressionMethod + -8159.90182802979 * BlockSize_1024 + 8111.72647257957 * filterOff + 5392.03114421124 * HeaderCompressionOff + 18772.6032498308 * Files_50 + 7221.4827352742 * x_8 + 2515.84631008803 * BlockSize_1 + -9186.15436696007 * BlockSize_64;25.9792133921251;25.9792133921251;25.9792133921251;25.9792133921251;0.519878;8;-9186.15436696007 * BlockSize_64;1;1.73771043243029;
8;1941.05442176872 * CompressionMethod + -8334.04761904762 * BlockSize_1024 + 8397.82312925169 * filterOff + 4956.66666666666 * HeaderCompressionOff + 18498.9455782313 * Files_50 + 7034.89795918368 * x_8 + 7802.41496598639 * BlockSize_1 + -6685.91836734694 * BlockSize_64 + -5249.25170068028 * Files_30;23.6527936564602;23.6527936564602;23.6527936564602;23.6527936564602;0.729998;9;-5249.25170068028 * Files_30;1;2.32641973566489;
9;1685.60769656698 * CompressionMethod + -8930.0899778516 * BlockSize_1024 + 9079.01439645627 * filterOff + 5552.70902547066 * HeaderCompressionOff + 18754.392303433 * Files_50 + 9674.51411960133 * x_8 + 9505.39313399782 * BlockSize_1 + -2002.7284053156 * BlockSize_64 + -8314.6124031008 * Files_30 + -8344.59302325582 * HeaderCompressionOff * Files_90;18.3873983304196;18.3873983304196;18.3873983304196;18.3873983304196;0.99245;11;-8344.59302325582 * HeaderCompressionOff * Files_90;2;2.63269766302029;
10;1739.64875681201 * CompressionMethod + -8978.05900885558 * BlockSize_1024 + 9152.48595027248 * filterOff + 5470.12942779292 * HeaderCompressionOff + 18700.351243188 * Files_50 + 12814.9676430518 * x_8 + 10668.1867336512 * BlockSize_1 + -1070.06471389646 * BlockSize_64 + -8867.1670640327 * Files_30 + -9747.23177792915 * HeaderCompressionOff * Files_90 + -4386.43392370575 * x_8 * mtOff;16.7071479146095;16.7071479146095;16.7071479146095;16.7071479146095;1.331941;13;-4386.43392370575 * x_8 * mtOff;2;0.840125207905063;
11;1739.64875681199 * CompressionMethod + -8978.0590088556 * BlockSize_1024 + 9152.48595027248 * filterOff + 5470.12942779292 * HeaderCompressionOff + 18700.351243188 * Files_50 + 12814.9676430518 * x_8 + 10668.1867336512 * BlockSize_1 + -535.032356948235 * BlockSize_64 + -8867.16706403269 * Files_30 + -9747.23177792919 * HeaderCompressionOff * Files_90 + -4386.43392370577 * x_8 * mtOff + -535.03235694823 * BlockSize_64 * filterOff;16.7071479146092;16.7071479146092;16.7071479146092;16.7071479146092;1.747103;15;-535.03235694823 * BlockSize_64 * filterOff;2;1.70530256582424E-13;
Elapsed=00:00:01.7474064
Learning progress:
1;12704.6153846154 * CompressionMethod + -8132.61538461538 * x_0;155.05748921056;155.05748921056;155.05748921056;155.05748921056;0.006334;2;-8132.61538461538 * x_0;1;95.8113075632079;
2;14498.6363636364 * CompressionMethod + -9926.63636363638 * x_0 + -11661.1363636364 * x_4;97.6994024186794;97.6994024186794;97.6994024186794;97.6994024186794;0.027161;3;-11661.1363636364 * x_4;1;57.3580867918809;
3;19628 * CompressionMethod + -15056 * x_0 + -16790.5 * x_4 + -16120.8571428571 * x_2;53.0203807411209;53.0203807411209;53.0203807411209;53.0203807411209;0.066419;4;-16120.8571428571 * x_2;1;44.6790216775585;
4;19101.0220955096 * CompressionMethod + -16109.9558089808 * x_0 + -18239.6892373486 * x_4 + -16723.1176051319 * x_2 + 7904.66856735566 * BlockSize_4096;35.1570378148874;35.1570378148874;35.1570378148874;35.1570378148874;0.131412;5;7904.66856735566 * BlockSize_4096;1;17.8633429262335;
5;19040.1142857143 * CompressionMethod + -16231.7714285714 * x_0 + -17150.5142857143 * x_4 + -16074.6285714286 * x_2 + 8818.28571428573 * BlockSize_4096 + -5026.68571428572 * Files_80;30.268367023845;30.268367023845;30.268367023845;30.268367023845;0.222672;6;-5026.68571428572 * Files_80;1;4.88867079104241;
6;19043.9165154265 * CompressionMethod + -16046.7295825772 * x_0 + -17145.444646098 * x_4 + -16073.3611615245 * x_2 + 8761.25226860255 * BlockSize_4096 + -5005.13974591652 * Files_80 + -887.186932849352 * Files_40;28.3564983401042;28.3564983401042;28.3564983401042;28.3564983401042;0.350753;7;-887.186932849352 * Files_40;1;1.91186868374077;
7;19043.9165154265 * CompressionMethod + -16046.7295825771 * x_0 + -17145.444646098 * x_4 + -16073.3611615245 * x_2 + 8761.25226860255 * BlockSize_4096 + -5005.13974591652 * Files_80 + -443.593466424668 * Files_40 + -443.593466424668 * x_0 * Deflate;26.7883653281391;26.7883653281391;26.7883653281391;26.7883653281391;0.517033;9;-443.593466424668 * x_0 * Deflate;2;0.784066505982542;
8;19043.9165154265 * CompressionMethod + -16046.7295825771 * x_0 + -17145.444646098 * x_4 + -16073.3611615245 * x_2 + 8761.25226860256 * BlockSize_4096 + -2502.56987295827 * Files_80 + -443.59346642468 * Files_40 + -443.593466424677 * x_0 * Deflate + -2502.56987295827 * Files_80 * Deflate;25.2405116214605;25.2405116214605;25.2405116214605;25.2405116214605;0.737242;11;-2502.56987295827 * Files_80 * Deflate;2;0.773926853339324;
9;18941.8657491561 * CompressionMethod + -15952.8356271098 * x_0 + -17048.4692287717 * x_4 + -15974.2105946507 * x_2 + 8793.87951181512 * BlockSize_4096 + -2508.73279667622 * Files_80 + -439.515061023088 * Files_40 + -439.515061023088 * x_0 * Deflate + -2508.73279667622 * Files_80 * Deflate + 1498.13425084387 * Files_50;25.0666359184397;25.0666359184397;25.0666359184397;25.0666359184397;1.019905;12;1498.13425084387 * Files_50;1;0.173875703020755;
Elapsed=00:00:01.0201775
Learning progress:
1;6555.38461538461 * CompressionMethod + 12394.6153846154 * x_8;90.3753896573691;90.3753896573691;90.3753896573691;90.3753896573691;0.006054;2;12394.6153846154 * x_8;1;49.5388883756638;
2;5179.52380952381 * CompressionMethod + 13770.4761904762 * x_8 + 7154.47619047619 * x_10;63.6535757850141;63.6535757850141;63.6535757850141;63.6535757850141;0.02723;3;7154.47619047619 * x_10;1;26.721813872355;
3;5287.66304347825 * CompressionMethod + 14116.5217391304 * x_8 + 7046.33695652174 * x_10 + -2270.92391304349 * BlockSize_32;50.3947916532111;50.3947916532111;50.3947916532111;50.3947916532111;0.068156;4;-2270.92391304349 * BlockSize_32;1;13.258784131803;
4;5556.58597662771 * CompressionMethod + 13877.4791318865 * x_8 + 7327.21202003338 * x_10 + -2420.32554257095 * BlockSize_32 + -2748.98998330551 * BlockSize_512;44.2531538865537;44.2531538865537;44.2531538865537;44.2531538865537;0.133255;5;-2748.98998330551 * BlockSize_512;1;6.14163776665746;
5;5792.43470149253 * CompressionMethod + 13667.8358208955 * x_8 + 7125.05597014926 * x_10 + -2551.3526119403 * BlockSize_32 + -2917.45335820895 * BlockSize_512 + -2242.43470149253 * BlockSize_4096;37.1580160276262;37.1580160276262;37.1580160276262;37.1580160276262;0.226206;6;-2242.43470149253 * BlockSize_4096;1;7.09513785892748;
6;5875.17241379311 * CompressionMethod + 13242.3275862069 * x_8 + 7054.13793103448 * x_10 + -837.500000000015 * BlockSize_32 + -2976.55172413793 * BlockSize_512 + -2325.1724137931 * BlockSize_4096 + -3167.67241379308 * BlockSize_32 * Deflate;32.9893712687873;32.9893712687873;32.9893712687873;32.9893712687873;0.361593;8;-3167.67241379308 * BlockSize_32 * Deflate;2;2.08432237941946;
7;6018.48214285714 * CompressionMethod + 13692.7295918367 * x_8 + 6931.30102040816 * x_10 + -1431.21173469387 * BlockSize_32 + -3078.91581632653 * BlockSize_512 + -2468.48214285715 * BlockSize_4096 + -2717.27040816327 * BlockSize_32 * Deflate + -2374.8469387755 * BlockSize_1;31.172895075669;31.172895075669;31.172895075669;31.172895075669;0.543742;9;-2374.8469387755 * BlockSize_1;1;1.81647619311821;
8;6138.52355072464 * CompressionMethod + 13589.8369565217 * x_8 + 7188.53260869565 * x_10 + -1448.36050724637 * BlockSize_32 + -3284.70108695652 * BlockSize_512 + -2588.52355072463 * BlockSize_4096 + -2820.16304347826 * BlockSize_32 * Deflate + -2443.44202898551 * BlockSize_1 + -840.289855072453 * Files_60;29.5198279324025;29.5198279324025;29.5198279324025;29.5198279324025;0.776722;10;-840.289855072453 * Files_60;1;1.65306714326652;
9;5995.21166134186 * CompressionMethod + 13712.6757188498 * x_8 + 13944.6645367412 * x_10 + -1427.8873801917 * BlockSize_32 + -1626.37779552716 * BlockSize_512 + -2445.21166134186 * BlockSize_4096 + -2697.32428115014 * BlockSize_32 * Deflate + -2361.54952076678 * BlockSize_1 + -1249.75239616614 * Files_60 + -11301.1661341853 * x_10 * PPMd;27.6047904351607;27.6047904351607;27.6047904351607;27.6047904351607;1.06733;12;-11301.1661341853 * x_10 * PPMd;2;0.957518748620906;
10;6931.92580049261 * CompressionMethod + 13877.0874384236 * x_8 + 13507.6754926108 * x_10 + -2529.01323891627 * BlockSize_32 + -1438.16964285714 * BlockSize_512 + -2027.69242610837 * BlockSize_4096 + -2532.91256157636 * BlockSize_32 * Deflate + -2703.35283251232 * BlockSize_1 + -894.969211822664 * Files_60 + -11530.4772167488 * x_10 * PPMd + -1354.23337438423 * tmOff;24.0188018229397;24.0188018229397;24.0188018229397;24.0188018229397;1.571832;13;-1354.23337438423 * tmOff;1;3.58598861222107;
11;6911.29648241206 * CompressionMethod + 13852.5552763819 * x_8 + 13477.567839196 * x_10 + -2483.85175879397 * BlockSize_32 + -775.243718592963 * BlockSize_512 + -2066.16331658291 * BlockSize_4096 + -2557.44472361808 * BlockSize_32 * Deflate + -2700.00753768842 * BlockSize_1 + -852.595477386926 * Files_60 + -11734.5402010051 * x_10 * PPMd + -1295.13316582915 * tmOff + -1810.91959798997 * BlockSize_512 * filterOff;20.7599344128676;20.7599344128676;20.7599344128676;20.7599344128676;2.013468;15;-1810.91959798997 * BlockSize_512 * filterOff;2;1.62943370503601;
12;6928.61921708185 * CompressionMethod + 13539.3024911032 * x_8 + 13471.7935943061 * x_10 + -2187.92170818505 * BlockSize_32 + -765.138790035591 * BlockSize_512 + -2041.62277580072 * BlockSize_4096 + -2870.69750889678 * BlockSize_32 * Deflate + -2539.77224199288 * BlockSize_1 + -833.829181494654 * Files_60 + -11741.7580071174 * x_10 * PPMd + -1336.99644128115 * tmOff + -1796.48398576512 * BlockSize_512 * filterOff + 1149.07473309609 * x_8 * BlockSize_16;19.7135864079506;19.7135864079506;19.7135864079506;19.7135864079506;2.550112;17;1149.07473309609 * x_8 * BlockSize_16;2;0.52317400245852;
13;6901.84261868631 * CompressionMethod + 13596.1814437459 * x_8 + 13496.6941252981 * x_10 + -2218.02406243227 * BlockSize_32 + -712.864730110548 * BlockSize_512 + -1955.75005419466 * BlockSize_4096 + -2813.81855625404 * BlockSize_32 * Deflate + -2511.88705831346 * BlockSize_1 + -770.980923477131 * Files_60 + -11758.5573379579 * x_10 * PPMd + -1396.09256449165 * tmOff + -1762.88532408411 * BlockSize_512 * filterOff + 1178.0685020594 * x_8 * BlockSize_16 + 479.249945805345 * BlockSize_64;19.5938165079921;19.5938165079921;19.5938165079921;19.5938165079921;3.188306;18;479.249945805345 * BlockSize_64;1;0.119769899958463;
Elapsed=00:00:03.1886810
Learning progress:
1;6886.08695652174 * CompressionMethod + 16881.4130434783 * x_10;83.6915996072685;83.6915996072685;83.6915996072685;83.6915996072685;0.008537;2;16881.4130434783 * x_10;1;103.416788236654;
2;5045.49999999999 * CompressionMethod + 18722 * x_10 + 14111.1666666667 * x_8;43.7190444485273;43.7190444485273;43.7190444485273;43.7190444485273;0.03023;3;14111.1666666667 * x_8;1;39.9725551587412;
3;3302.50000000001 * CompressionMethod + 20465 * x_10 + 15854.1666666667 * x_8 + 8715.00000000001 * x_6;28.3567413215888;28.3567413215888;28.3567413215888;28.3567413215888;0.067977;4;8715.00000000001 * x_6;1;15.3623031269386;
4;3302.5 * CompressionMethod + 20465 * x_10 + 16280.5 * x_8 + 9354.5 * x_6 + -1279 * Files_20;23.2996943222797;23.2996943222797;23.2996943222797;23.2996943222797;0.128064;5;-1279 * Files_20;1;5.05704699930907;
5;3302.5 * CompressionMethod + 20465 * x_10 + 16280.5 * x_8 + 4677.25 * x_6 + -1279.00000000001 * Files_20 + 4677.25 * x_6 * HeaderCompressionOff;15.8613196403459;15.8613196403459;15.8613196403459;15.8613196403459;0.217609;7;4677.25 * x_6 * HeaderCompressionOff;2;3.7191873409669;
6;3530.83333333334 * CompressionMethod + 20236.6666666667 * x_10 + 16052.1666666667 * x_8 + 4563.08333333334 * x_6 + -1279.00000000001 * Files_20 + 4563.08333333334 * x_6 * HeaderCompressionOff + -913.33333333334 * x_4;13.4874844995803;13.4874844995803;13.4874844995803;13.4874844995803;0.348458;8;-913.33333333334 * x_4;1;2.37383514076559;
7;3530.83333333333 * CompressionMethod + 20236.6666666667 * x_10 + 16052.1666666667 * x_8 + 4563.08333333334 * x_6 + -1278.99999999997 * Files_20 + 4563.08333333334 * x_6 * HeaderCompressionOff + -664.166666666656 * x_4 + -996.666666666661 * Files_10;13.4155148026108;13.4155148026108;13.4155148026108;13.4155148026108;0.521188;9;-996.666666666661 * Files_10;1;0.071969696969532;
Elapsed=00:00:00.5214332
Learning progress:
1;12775.3846153846 * CompressionMethod + -9393.38461538462 * x_2;80.5361333140554;80.5361333140554;80.5361333140554;80.5361333140554;0.008569;2;-9393.38461538462 * x_2;1;167.328325556214;
2;14645.4545454545 * CompressionMethod + -11263.4545454546 * x_2 + -12155.4545454546 * x_4;51.3302862485845;51.3302862485845;51.3302862485845;51.3302862485845;0.031106;3;-12155.4545454546 * x_4;1;29.2058470654708;
3;16289.3233082707 * CompressionMethod + -10496.3157894737 * x_2 + -12292.4436090226 * x_4 + -3013.75939849624 * tmOff;37.2581986989226;37.2581986989226;37.2581986989226;37.2581986989226;0.071336;4;-3013.75939849624 * tmOff;1;14.0720875496619;
4;10875.3975903614 * CompressionMethod + -6368.86746987952 * x_2 + -7682.56626506025 * x_4 + -1405.6626506024 * tmOff + 14258.4578313253 * x_10;29.6919161228151;29.6919161228151;29.6919161228151;29.6919161228151;0.142646;5;14258.4578313253 * x_10;1;7.5662825761075;
5;10539.7885196375 * CompressionMethod + -6207.64350453171 * x_2 + -6943.89728096676 * x_4 + -2211.78247734139 * tmOff + 14939.5468277946 * x_10 + 4096.40483383687 * Files_20;23.6668948377808;23.6668948377808;23.6668948377808;23.6668948377808;0.238088;6;4096.40483383687 * Files_20;1;6.02502128503428;
6;10445.5895578316 * CompressionMethod + -5702.76417686733 * x_2 + -6821.23532350736 * x_4 + -2268.70846864851 * tmOff + 15058.1426430177 * x_10 + 2270.70696977269 * Files_20 + 7402.41194104423 * Files_20 * LZMA;19.852622333232;19.852622333232;19.852622333232;19.852622333232;0.372435;8;7402.41194104423 * Files_20 * LZMA;2;1.90713625227442;
7;10277.0123839009 * CompressionMethod + -5770.19504643963 * x_2 + -6817.48916408669 * x_4 + -1939.04643962848 * tmOff + 15621.0030959753 * x_10 + 2132.09907120742 * Files_20 + 11128.9040247678 * Files_20 * LZMA + -3748.96904024767 * BlockSize_8;17.7963592904964;17.7963592904964;17.7963592904964;17.7963592904964;0.557045;9;-3748.96904024767 * BlockSize_8;1;2.05626304273556;
8;11031.864608076 * CompressionMethod + -5468.2541567696 * x_2 + -6834.26365795725 * x_4 + -3415.20190023753 * tmOff + 13100.635391924 * x_10 + 2752.75534441806 * Files_20 + 14760.5819477435 * Files_20 * LZMA + -7279.99999999997 * BlockSize_8 + 6772.70190023752 * x_10 * tmOff;15.7246653133639;15.7246653133639;15.7246653133639;15.7246653133639;0.798388;11;6772.70190023752 * x_10 * tmOff;2;1.03584698856624;
9;11012.1827613727 * CompressionMethod + -5268.97545889864 * x_2 + -6845.33469672784 * x_4 + -3698.94852354351 * tmOff + 12947.6910415004 * x_10 + 2989.75758180366 * Files_20 + 14827.0081803671 * Files_20 * LZMA + -7970.50478850757 * BlockSize_8 + 7229.07472067041 * x_10 * tmOff + 690.504788507568 * LZMA;13.5368882631285;13.5368882631285;13.5368882631285;13.5368882631285;1.098967;12;690.504788507568 * LZMA;1;2.18777705023548;
10;11190.5313319037 * CompressionMethod + -5030.81486776269 * x_2 + -7766.98355968549 * x_4 + -4307.21864824079 * tmOff + 12630.3248351998 * x_10 + 3340.29227225796 * Files_20 + 14906.3950440791 * Files_20 * LZMA + -8526.57533158606 * BlockSize_8 + 7976.3624811373 * x_10 * tmOff + 1246.57533158606 * LZMA + 3633.67087602252 * BlockSize_4;12.5186337006687;12.5186337006687;12.5186337006687;12.5186337006687;1.470131;13;3633.67087602252 * BlockSize_4;1;1.01825456245974;
11;11190.5313319037 * CompressionMethod + -5030.81486776268 * x_2 + -7766.98355968549 * x_4 + -4307.21864824081 * tmOff + 12630.3248351998 * x_10 + 3340.29227225797 * Files_20 + 14906.3950440791 * Files_20 * LZMA + -4263.28766579304 * BlockSize_8 + 7976.36248113732 * x_10 * tmOff + 1246.57533158605 * LZMA + 3633.67087602258 * BlockSize_4 + -4263.28766579304 * BlockSize_8 * LZMA;11.1694543689829;11.1694543689829;11.1694543689829;11.1694543689829;1.913565;15;-4263.28766579304 * BlockSize_8 * LZMA;2;0.674589665842896;
12;11190.5313319037 * CompressionMethod + -5030.81486776269 * x_2 + -7766.9835596855 * x_4 + -4307.21864824083 * tmOff + 12630.3248351998 * x_10 + 3340.29227225797 * Files_20 + 14906.3950440791 * Files_20 * LZMA + -2842.19177719536 * BlockSize_8 + 7976.36248113735 * x_10 * tmOff + 1246.57533158607 * LZMA + 3633.6708760226 * BlockSize_4 + -2842.19177719536 * BlockSize_8 * LZMA + -2842.19177719536 * BlockSize_8 * filterOff;10.5898933524091;10.5898933524091;10.5898933524091;10.5898933524091;2.443082;17;-2842.19177719536 * BlockSize_8 * filterOff;2;0.289780508286901;
Elapsed=00:00:02.4434416
Learning progress:
1;11356.8965517241 * CompressionMethod + -8846.89655172414 * BlockSize_1024;114.711352653924;114.711352653924;114.711352653924;114.711352653924;0.00878;2;-8846.89655172414 * BlockSize_1024;1;205.02520598467;
2;7521.90635451505 * CompressionMethod + -8719.06354515051 * BlockSize_1024 + 5560.73578595318 * filterOff;86.2899823370832;86.2899823370832;86.2899823370832;86.2899823370832;0.028579;3;5560.73578595318 * filterOff;1;28.4213703168413;
3;5792.73409893992 * CompressionMethod + -9013.14045936395 * BlockSize_1024 + 5078.44964664312 * filterOff + 3517.15989399293 * HeaderCompressionOff;52.0292062157222;52.0292062157222;52.0292062157222;52.0292062157222;0.068582;4;3517.15989399293 * HeaderCompressionOff;1;34.260776121361;
4;3494.97700562084 * CompressionMethod + -8481.73735309147 * BlockSize_1024 + 6627.75166070517 * filterOff + 4617.38886050077 * HeaderCompressionOff + 16945.0229943792 * Files_50;38.9670789884693;38.9670789884693;38.9670789884693;38.9670789884693;0.134467;5;16945.0229943792 * Files_50;1;13.0621272272529;
5;2548.794489093 * CompressionMethod + -7526.67049368542 * BlockSize_1024 + 6840.97588978187 * filterOff + 4390.83811710678 * HeaderCompressionOff + 17891.205510907 * Files_50 + 8693.32950631459 * x_8;29.2320887973568;29.2320887973568;29.2320887973568;29.2320887973568;0.227027;6;8693.32950631459 * x_8;1;9.73499019111252;
6;2108.88535031848 * CompressionMethod + -7420.54140127388 * BlockSize_1024 + 7297.89808917197 * filterOff + 4434.58598726115 * HeaderCompressionOff + 18331.1146496815 * Files_50 + 8093.82165605094 * x_8 + 2116.91082802548 * BlockSize_1;27.7169238245554;27.7169238245554;27.7169238245554;27.7169238245554;0.351392;7;2116.91082802548 * BlockSize_1;1;1.51516497280141;
7;1667.39675016925 * CompressionMethod + -8159.90182802979 * BlockSize_1024 + 8111.72647257957 * filterOff + 5392.03114421124 * HeaderCompressionOff + 18772.6032498308 * Files_50 + 7221.4827352742 * x_8 + 2515.84631008803 * BlockSize_1 + -9186.15436696007 * BlockSize_64;25.9792133921251;25.9792133921251;25.9792133921251;25.9792133921251;0.5183;8;-9186.15436696007 * BlockSize_64;1;1.73771043243029;
8;1941.05442176872 * CompressionMethod + -8334.04761904762 * BlockSize_1024 + 8397.82312925169 * filterOff + 4956.66666666666 * HeaderCompressionOff + 18498.9455782313 * Files_50 + 7034.89795918368 * x_8 + 7802.41496598639 * BlockSize_1 + -6685.91836734694 * BlockSize_64 + -5249.25170068028 * Files_30;23.6527936564602;23.6527936564602;23.6527936564602;23.6527936564602;0.732644;9;-5249.25170068028 * Files_30;1;2.32641973566489;
9;1685.60769656698 * CompressionMethod + -8930.0899778516 * BlockSize_1024 + 9079.01439645627 * filterOff + 5552.70902547066 * HeaderCompressionOff + 18754.392303433 * Files_50 + 9674.51411960133 * x_8 + 9505.39313399782 * BlockSize_1 + -2002.7284053156 * BlockSize_64 + -8314.6124031008 * Files_30 + -8344.59302325582 * HeaderCompressionOff * Files_90;18.3873983304196;18.3873983304196;18.3873983304196;18.3873983304196;0.991922;11;-8344.59302325582 * HeaderCompressionOff * Files_90;2;2.63269766302029;
10;1739.64875681201 * CompressionMethod + -8978.05900885558 * BlockSize_1024 + 9152.48595027248 * filterOff + 5470.12942779292 * HeaderCompressionOff + 18700.351243188 * Files_50 + 12814.9676430518 * x_8 + 10668.1867336512 * BlockSize_1 + -1070.06471389646 * BlockSize_64 + -8867.1670640327 * Files_30 + -9747.23177792915 * HeaderCompressionOff * Files_90 + -4386.43392370575 * x_8 * mtOff;16.7071479146095;16.7071479146095;16.7071479146095;16.7071479146095;1.327238;13;-4386.43392370575 * x_8 * mtOff;2;0.840125207905063;
11;1739.64875681199 * CompressionMethod + -8978.0590088556 * BlockSize_1024 + 9152.48595027248 * filterOff + 5470.12942779292 * HeaderCompressionOff + 18700.351243188 * Files_50 + 12814.9676430518 * x_8 + 10668.1867336512 * BlockSize_1 + -535.032356948235 * BlockSize_64 + -8867.16706403269 * Files_30 + -9747.23177792919 * HeaderCompressionOff * Files_90 + -4386.43392370577 * x_8 * mtOff + -535.03235694823 * BlockSize_64 * filterOff;16.7071479146092;16.7071479146092;16.7071479146092;16.7071479146092;1.734516;15;-535.03235694823 * BlockSize_64 * filterOff;2;1.70530256582424E-13;
Elapsed=00:00:01.7348088
Learning progress:
1;12704.6153846154 * CompressionMethod + -8132.61538461538 * x_0;155.05748921056;155.05748921056;155.05748921056;155.05748921056;0.006176;2;-8132.61538461538 * x_0;1;95.8113075632079;
2;14498.6363636364 * CompressionMethod + -9926.63636363638 * x_0 + -11661.1363636364 * x_4;97.6994024186794;97.6994024186794;97.6994024186794;97.6994024186794;0.029291;3;-11661.1363636364 * x_4;1;57.3580867918809;
3;19628 * CompressionMethod + -15056 * x_0 + -16790.5 * x_4 + -16120.8571428571 * x_2;53.0203807411209;53.0203807411209;53.0203807411209;53.0203807411209;0.068817;4;-16120.8571428571 * x_2;1;44.6790216775585;
4;19101.0220955096 * CompressionMethod + -16109.9558089808 * x_0 + -18239.6892373486 * x_4 + -16723.1176051319 * x_2 + 7904.66856735566 * BlockSize_4096;35.1570378148874;35.1570378148874;35.1570378148874;35.1570378148874;0.133226;5;7904.66856735566 * BlockSize_4096;1;17.8633429262335;
5;19040.1142857143 * CompressionMethod + -16231.7714285714 * x_0 + -17150.5142857143 * x_4 + -16074.6285714286 * x_2 + 8818.28571428573 * BlockSize_4096 + -5026.68571428572 * Files_80;30.268367023845;30.268367023845;30.268367023845;30.268367023845;0.225881;6;-5026.68571428572 * Files_80;1;4.88867079104241;
6;19043.9165154265 * CompressionMethod + -16046.7295825772 * x_0 + -17145.444646098 * x_4 + -16073.3611615245 * x_2 + 8761.25226860255 * BlockSize_4096 + -5005.13974591652 * Files_80 + -887.186932849352 * Files_40;28.3564983401042;28.3564983401042;28.3564983401042;28.3564983401042;0.358353;7;-887.186932849352 * Files_40;1;1.91186868374077;
7;19043.9165154265 * CompressionMethod + -16046.7295825771 * x_0 + -17145.444646098 * x_4 + -16073.3611615245 * x_2 + 8761.25226860255 * BlockSize_4096 + -5005.13974591652 * Files_80 + -443.593466424668 * Files_40 + -443.593466424668 * x_0 * Deflate;26.7883653281391;26.7883653281391;26.7883653281391;26.7883653281391;0.523295;9;-443.593466424668 * x_0 * Deflate;2;0.784066505982542;
8;19043.9165154265 * CompressionMethod + -16046.7295825771 * x_0 + -17145.444646098 * x_4 + -16073.3611615245 * x_2 + 8761.25226860256 * BlockSize_4096 + -2502.56987295827 * Files_80 + -443.59346642468 * Files_40 + -443.593466424677 * x_0 * Deflate + -2502.56987295827 * Files_80 * Deflate;25.2405116214605;25.2405116214605;25.2405116214605;25.2405116214605;0.740609;11;-2502.56987295827 * Files_80 * Deflate;2;0.773926853339324;
9;18941.8657491561 * CompressionMethod + -15952.8356271098 * x_0 + -17048.4692287717 * x_4 + -15974.2105946507 * x_2 + 8793.87951181512 * BlockSize_4096 + -2508.73279667622 * Files_80 + -439.515061023088 * Files_40 + -439.515061023088 * x_0 * Deflate + -2508.73279667622 * Files_80 * Deflate + 1498.13425084387 * Files_50;25.0666359184397;25.0666359184397;25.0666359184397;25.0666359184397;1.018756;12;1498.13425084387 * Files_50;1;0.173875703020755;
10;18941.5376401495 * CompressionMethod + -15911.5376401495 * x_0 + -17048.8556682684 * x_4 + -15974.2907990746 * x_2 + 8798.47303790709 * BlockSize_4096 + -2509.60046271579 * Files_80 + -459.999999999982 * Files_40 + -459.999999999979 * x_0 * Deflate + -2509.60046271579 * Files_80 * Deflate + 1498.46235985048 * Files_50 + -56.1576793023349 * x_0 * BZip2;24.8167675698892;24.8167675698892;24.8167675698892;24.8167675698892;1.361647;14;-56.1576793023349 * x_0 * BZip2;2;0.124934174275282;
11;18939.0951374207 * CompressionMethod + -15909.0951374207 * x_0 + -17077.1479915434 * x_4 + -16152.7970401692 * x_2 + 8832.66807610994 * BlockSize_4096 + -2465.22832980972 * Files_80 + -460.00000000001 * Files_40 + -460.000000000009 * x_0 * Deflate + -2465.22832980972 * Files_80 * Deflate + 1500.90486257924 * Files_50 + -67.5560253700135 * x_0 * BZip2 + 1143.70190274839 * x_2 * BlockSize_32;24.6282435855952;24.6282435855952;24.6282435855952;24.6282435855952;1.778034;16;1143.70190274839 * x_2 * BlockSize_32;2;0.0942619921469614;
Elapsed=00:00:01.7783268
Learning progress:
1;6555.38461538461 * CompressionMethod + 12394.6153846154 * x_8;90.3753896573691;90.3753896573691;90.3753896573691;90.3753896573691;0.005289;2;12394.6153846154 * x_8;1;49.5388883756638;
2;5179.52380952381 * CompressionMethod + 13770.4761904762 * x_8 + 7154.47619047619 * x_10;63.6535757850141;63.6535757850141;63.6535757850141;63.6535757850141;0.024931;3;7154.47619047619 * x_10;1;26.721813872355;
3;5287.66304347825 * CompressionMethod + 14116.5217391304 * x_8 + 7046.33695652174 * x_10 + -2270.92391304349 * BlockSize_32;50.3947916532111;50.3947916532111;50.3947916532111;50.3947916532111;0.064925;4;-2270.92391304349 * BlockSize_32;1;13.258784131803;
4;5556.58597662771 * CompressionMethod + 13877.4791318865 * x_8 + 7327.21202003338 * x_10 + -2420.32554257095 * BlockSize_32 + -2748.98998330551 * BlockSize_512;44.2531538865537;44.2531538865537;44.2531538865537;44.2531538865537;0.127354;5;-2748.98998330551 * BlockSize_512;1;6.14163776665746;
5;5792.43470149253 * CompressionMethod + 13667.8358208955 * x_8 + 7125.05597014926 * x_10 + -2551.3526119403 * BlockSize_32 + -2917.45335820895 * BlockSize_512 + -2242.43470149253 * BlockSize_4096;37.1580160276262;37.1580160276262;37.1580160276262;37.1580160276262;0.222632;6;-2242.43470149253 * BlockSize_4096;1;7.09513785892748;
6;5875.17241379311 * CompressionMethod + 13242.3275862069 * x_8 + 7054.13793103448 * x_10 + -837.500000000015 * BlockSize_32 + -2976.55172413793 * BlockSize_512 + -2325.1724137931 * BlockSize_4096 + -3167.67241379308 * BlockSize_32 * Deflate;32.9893712687873;32.9893712687873;32.9893712687873;32.9893712687873;0.351847;8;-3167.67241379308 * BlockSize_32 * Deflate;2;2.08432237941946;
7;6018.48214285714 * CompressionMethod + 13692.7295918367 * x_8 + 6931.30102040816 * x_10 + -1431.21173469387 * BlockSize_32 + -3078.91581632653 * BlockSize_512 + -2468.48214285715 * BlockSize_4096 + -2717.27040816327 * BlockSize_32 * Deflate + -2374.8469387755 * BlockSize_1;31.172895075669;31.172895075669;31.172895075669;31.172895075669;0.53447;9;-2374.8469387755 * BlockSize_1;1;1.81647619311821;
8;6138.52355072464 * CompressionMethod + 13589.8369565217 * x_8 + 7188.53260869565 * x_10 + -1448.36050724637 * BlockSize_32 + -3284.70108695652 * BlockSize_512 + -2588.52355072463 * BlockSize_4096 + -2820.16304347826 * BlockSize_32 * Deflate + -2443.44202898551 * BlockSize_1 + -840.289855072453 * Files_60;29.5198279324025;29.5198279324025;29.5198279324025;29.5198279324025;0.768933;10;-840.289855072453 * Files_60;1;1.65306714326652;
9;5995.21166134186 * CompressionMethod + 13712.6757188498 * x_8 + 13944.6645367412 * x_10 + -1427.8873801917 * BlockSize_32 + -1626.37779552716 * BlockSize_512 + -2445.21166134186 * BlockSize_4096 + -2697.32428115014 * BlockSize_32 * Deflate + -2361.54952076678 * BlockSize_1 + -1249.75239616614 * Files_60 + -11301.1661341853 * x_10 * PPMd;27.6047904351607;27.6047904351607;27.6047904351607;27.6047904351607;1.05876;12;-11301.1661341853 * x_10 * PPMd;2;0.957518748620906;
10;6931.92580049261 * CompressionMethod + 13877.0874384236 * x_8 + 13507.6754926108 * x_10 + -2529.01323891627 * BlockSize_32 + -1438.16964285714 * BlockSize_512 + -2027.69242610837 * BlockSize_4096 + -2532.91256157636 * BlockSize_32 * Deflate + -2703.35283251232 * BlockSize_1 + -894.969211822664 * Files_60 + -11530.4772167488 * x_10 * PPMd + -1354.23337438423 * tmOff;24.0188018229397;24.0188018229397;24.0188018229397;24.0188018229397;1.425313;13;-1354.23337438423 * tmOff;1;3.58598861222107;
11;6911.29648241206 * CompressionMethod + 13852.5552763819 * x_8 + 13477.567839196 * x_10 + -2483.85175879397 * BlockSize_32 + -775.243718592963 * BlockSize_512 + -2066.16331658291 * BlockSize_4096 + -2557.44472361808 * BlockSize_32 * Deflate + -2700.00753768842 * BlockSize_1 + -852.595477386926 * Files_60 + -11734.5402010051 * x_10 * PPMd + -1295.13316582915 * tmOff + -1810.91959798997 * BlockSize_512 * filterOff;20.7599344128676;20.7599344128676;20.7599344128676;20.7599344128676;1.867743;15;-1810.91959798997 * BlockSize_512 * filterOff;2;1.62943370503601;
12;6928.61921708185 * CompressionMethod + 13539.3024911032 * x_8 + 13471.7935943061 * x_10 + -2187.92170818505 * BlockSize_32 + -765.138790035591 * BlockSize_512 + -2041.62277580072 * BlockSize_4096 + -2870.69750889678 * BlockSize_32 * Deflate + -2539.77224199288 * BlockSize_1 + -833.829181494654 * Files_60 + -11741.7580071174 * x_10 * PPMd + -1336.99644128115 * tmOff + -1796.48398576512 * BlockSize_512 * filterOff + 1149.07473309609 * x_8 * BlockSize_16;19.7135864079506;19.7135864079506;19.7135864079506;19.7135864079506;2.411185;17;1149.07473309609 * x_8 * BlockSize_16;2;0.52317400245852;
13;6901.84261868631 * CompressionMethod + 13596.1814437459 * x_8 + 13496.6941252981 * x_10 + -2218.02406243227 * BlockSize_32 + -712.864730110548 * BlockSize_512 + -1955.75005419466 * BlockSize_4096 + -2813.81855625404 * BlockSize_32 * Deflate + -2511.88705831346 * BlockSize_1 + -770.980923477131 * Files_60 + -11758.5573379579 * x_10 * PPMd + -1396.09256449165 * tmOff + -1762.88532408411 * BlockSize_512 * filterOff + 1178.0685020594 * x_8 * BlockSize_16 + 479.249945805345 * BlockSize_64;19.5938165079921;19.5938165079921;19.5938165079921;19.5938165079921;3.051296;18;479.249945805345 * BlockSize_64;1;0.119769899958463;
14;6901.84261868633 * CompressionMethod + 13596.1814437459 * x_8 + 13496.6941252981 * x_10 + -2218.02406243226 * BlockSize_32 + -712.864730110555 * BlockSize_512 + -1955.75005419466 * BlockSize_4096 + -2813.81855625405 * BlockSize_32 * Deflate + -2511.88705831346 * BlockSize_1 + -770.98092347713 * Files_60 + -11758.557337958 * x_10 * PPMd + -1396.09256449166 * tmOff + -881.442662042055 * BlockSize_512 * filterOff + 1178.06850205939 * x_8 * BlockSize_16 + 479.24994580534 * BlockSize_64 + -881.442662042056 * BlockSize_512 * filterOff * tmOff;19.4150103853771;19.4150103853771;19.4150103853771;19.4150103853771;3.784761;21;-881.442662042056 * BlockSize_512 * filterOff * tmOff;3;0.0596020408716787;
Elapsed=00:00:03.7851588
Learning progress:
1;6886.08695652174 * CompressionMethod + 16881.4130434783 * x_10;83.6915996072685;83.6915996072685;83.6915996072685;83.6915996072685;0.006565;2;16881.4130434783 * x_10;1;103.416788236654;
2;5045.49999999999 * CompressionMethod + 18722 * x_10 + 14111.1666666667 * x_8;43.7190444485273;43.7190444485273;43.7190444485273;43.7190444485273;0.026638;3;14111.1666666667 * x_8;1;39.9725551587412;
3;3302.50000000001 * CompressionMethod + 20465 * x_10 + 15854.1666666667 * x_8 + 8715.00000000001 * x_6;28.3567413215888;28.3567413215888;28.3567413215888;28.3567413215888;0.065384;4;8715.00000000001 * x_6;1;15.3623031269386;
4;3302.5 * CompressionMethod + 20465 * x_10 + 16280.5 * x_8 + 9354.5 * x_6 + -1279 * Files_20;23.2996943222797;23.2996943222797;23.2996943222797;23.2996943222797;0.126492;5;-1279 * Files_20;1;5.05704699930907;
5;3302.5 * CompressionMethod + 20465 * x_10 + 16280.5 * x_8 + 4677.25 * x_6 + -1279.00000000001 * Files_20 + 4677.25 * x_6 * HeaderCompressionOff;15.8613196403459;15.8613196403459;15.8613196403459;15.8613196403459;0.219221;7;4677.25 * x_6 * HeaderCompressionOff;2;3.7191873409669;
6;3530.83333333334 * CompressionMethod + 20236.6666666667 * x_10 + 16052.1666666667 * x_8 + 4563.08333333334 * x_6 + -1279.00000000001 * Files_20 + 4563.08333333334 * x_6 * HeaderCompressionOff + -913.33333333334 * x_4;13.4874844995803;13.4874844995803;13.4874844995803;13.4874844995803;0.347645;8;-913.33333333334 * x_4;1;2.37383514076559;
7;3530.83333333333 * CompressionMethod + 20236.6666666667 * x_10 + 16052.1666666667 * x_8 + 4563.08333333334 * x_6 + -1278.99999999997 * Files_20 + 4563.08333333334 * x_6 * HeaderCompressionOff + -664.166666666656 * x_4 + -996.666666666661 * Files_10;13.4155148026108;13.4155148026108;13.4155148026108;13.4155148026108;0.520016;9;-996.666666666661 * Files_10;1;0.071969696969532;
Elapsed=00:00:00.5202602
Learning progress:
1;12775.3846153846 * CompressionMethod + -9393.38461538462 * x_2;80.5361333140554;80.5361333140554;80.5361333140554;80.5361333140554;0.006213;2;-9393.38461538462 * x_2;1;167.328325556214;
2;14645.4545454545 * CompressionMethod + -11263.4545454546 * x_2 + -12155.4545454546 * x_4;51.3302862485845;51.3302862485845;51.3302862485845;51.3302862485845;0.027991;3;-12155.4545454546 * x_4;1;29.2058470654708;
3;16289.3233082707 * CompressionMethod + -10496.3157894737 * x_2 + -12292.4436090226 * x_4 + -3013.75939849624 * tmOff;37.2581986989226;37.2581986989226;37.2581986989226;37.2581986989226;0.068098;4;-3013.75939849624 * tmOff;1;14.0720875496619;
4;10875.3975903614 * CompressionMethod + -6368.86746987952 * x_2 + -7682.56626506025 * x_4 + -1405.6626506024 * tmOff + 14258.4578313253 * x_10;29.6919161228151;29.6919161228151;29.6919161228151;29.6919161228151;0.13835;5;14258.4578313253 * x_10;1;7.5662825761075;
5;10539.7885196375 * CompressionMethod + -6207.64350453171 * x_2 + -6943.89728096676 * x_4 + -2211.78247734139 * tmOff + 14939.5468277946 * x_10 + 4096.40483383687 * Files_20;23.6668948377808;23.6668948377808;23.6668948377808;23.6668948377808;0.23732;6;4096.40483383687 * Files_20;1;6.02502128503428;
6;10445.5895578316 * CompressionMethod + -5702.76417686733 * x_2 + -6821.23532350736 * x_4 + -2268.70846864851 * tmOff + 15058.1426430177 * x_10 + 2270.70696977269 * Files_20 + 7402.41194104423 * Files_20 * LZMA;19.852622333232;19.852622333232;19.852622333232;19.852622333232;0.372576;8;7402.41194104423 * Files_20 * LZMA;2;1.90713625227442;
7;10277.0123839009 * CompressionMethod + -5770.19504643963 * x_2 + -6817.48916408669 * x_4 + -1939.04643962848 * tmOff + 15621.0030959753 * x_10 + 2132.09907120742 * Files_20 + 11128.9040247678 * Files_20 * LZMA + -3748.96904024767 * BlockSize_8;17.7963592904964;17.7963592904964;17.7963592904964;17.7963592904964;0.558725;9;-3748.96904024767 * BlockSize_8;1;2.05626304273556;
8;11031.864608076 * CompressionMethod + -5468.2541567696 * x_2 + -6834.26365795725 * x_4 + -3415.20190023753 * tmOff + 13100.635391924 * x_10 + 2752.75534441806 * Files_20 + 14760.5819477435 * Files_20 * LZMA + -7279.99999999997 * BlockSize_8 + 6772.70190023752 * x_10 * tmOff;15.7246653133639;15.7246653133639;15.7246653133639;15.7246653133639;0.798907;11;6772.70190023752 * x_10 * tmOff;2;1.03584698856624;
9;11012.1827613727 * CompressionMethod + -5268.97545889864 * x_2 + -6845.33469672784 * x_4 + -3698.94852354351 * tmOff + 12947.6910415004 * x_10 + 2989.75758180366 * Files_20 + 14827.0081803671 * Files_20 * LZMA + -7970.50478850757 * BlockSize_8 + 7229.07472067041 * x_10 * tmOff + 690.504788507568 * LZMA;13.5368882631285;13.5368882631285;13.5368882631285;13.5368882631285;1.10983;12;690.504788507568 * LZMA;1;2.18777705023548;
10;11190.5313319037 * CompressionMethod + -5030.81486776269 * x_2 + -7766.98355968549 * x_4 + -4307.21864824079 * tmOff + 12630.3248351998 * x_10 + 3340.29227225796 * Files_20 + 14906.3950440791 * Files_20 * LZMA + -8526.57533158606 * BlockSize_8 + 7976.3624811373 * x_10 * tmOff + 1246.57533158606 * LZMA + 3633.67087602252 * BlockSize_4;12.5186337006687;12.5186337006687;12.5186337006687;12.5186337006687;1.485466;13;3633.67087602252 * BlockSize_4;1;1.01825456245974;
11;11190.5313319037 * CompressionMethod + -5030.81486776268 * x_2 + -7766.98355968549 * x_4 + -4307.21864824081 * tmOff + 12630.3248351998 * x_10 + 3340.29227225797 * Files_20 + 14906.3950440791 * Files_20 * LZMA + -4263.28766579304 * BlockSize_8 + 7976.36248113732 * x_10 * tmOff + 1246.57533158605 * LZMA + 3633.67087602258 * BlockSize_4 + -4263.28766579304 * BlockSize_8 * LZMA;11.1694543689829;11.1694543689829;11.1694543689829;11.1694543689829;1.926639;15;-4263.28766579304 * BlockSize_8 * LZMA;2;0.674589665842896;
12;11190.5313319037 * CompressionMethod + -5030.81486776269 * x_2 + -7766.9835596855 * x_4 + -4307.21864824083 * tmOff + 12630.3248351998 * x_10 + 3340.29227225797 * Files_20 + 14906.3950440791 * Files_20 * LZMA + -2842.19177719536 * BlockSize_8 + 7976.36248113735 * x_10 * tmOff + 1246.57533158607 * LZMA + 3633.6708760226 * BlockSize_4 + -2842.19177719536 * BlockSize_8 * LZMA + -2842.19177719536 * BlockSize_8 * filterOff;10.5898933524091;10.5898933524091;10.5898933524091;10.5898933524091;2.461815;17;-2842.19177719536 * BlockSize_8 * filterOff;2;0.289780508286901;
13;11186.7269667648 * CompressionMethod + -5000.58897770299 * x_2 + -7764.97686159023 * x_4 + -4290.67732435843 * tmOff + 12636.9162810265 * x_10 + 3317.48001682793 * Files_20 + 14741.0096760623 * Files_20 * LZMA + -2779.98878137709 * BlockSize_8 + 7957.03407656709 * x_10 * tmOff + 1235.42700883465 * LZMA + 3618.92721918382 * BlockSize_4 + -2779.98878137708 * BlockSize_8 * LZMA + -2779.98878137708 * BlockSize_8 * filterOff + -175.460664703412 * tmOff * Files_80;10.4432463299413;10.4432463299413;10.4432463299413;10.4432463299413;3.224223;19;-175.460664703412 * tmOff * Files_80;2;0.0733235112339292;
Elapsed=00:00:03.2245891
Learning progress:
1;11356.8965517241 * CompressionMethod + -8846.89655172414 * BlockSize_1024;114.711352653924;114.711352653924;114.711352653924;114.711352653924;0.005399;2;-8846.89655172414 * BlockSize_1024;1;205.02520598467;
2;7521.90635451505 * CompressionMethod + -8719.06354515051 * BlockSize_1024 + 5560.73578595318 * filterOff;86.2899823370832;86.2899823370832;86.2899823370832;86.2899823370832;0.024833;3;5560.73578595318 * filterOff;1;28.4213703168413;
3;5792.73409893992 * CompressionMethod + -9013.14045936395 * BlockSize_1024 + 5078.44964664312 * filterOff + 3517.15989399293 * HeaderCompressionOff;52.0292062157222;52.0292062157222;52.0292062157222;52.0292062157222;0.064297;4;3517.15989399293 * HeaderCompressionOff;1;34.260776121361;
4;3494.97700562084 * CompressionMethod + -8481.73735309147 * BlockSize_1024 + 6627.75166070517 * filterOff + 4617.38886050077 * HeaderCompressionOff + 16945.0229943792 * Files_50;38.9670789884693;38.9670789884693;38.9670789884693;38.9670789884693;0.129284;5;16945.0229943792 * Files_50;1;13.0621272272529;
5;2548.794489093 * CompressionMethod + -7526.67049368542 * BlockSize_1024 + 6840.97588978187 * filterOff + 4390.83811710678 * HeaderCompressionOff + 17891.205510907 * Files_50 + 8693.32950631459 * x_8;29.2320887973568;29.2320887973568;29.2320887973568;29.2320887973568;0.22386;6;8693.32950631459 * x_8;1;9.73499019111252;
6;2108.88535031848 * CompressionMethod + -7420.54140127388 * BlockSize_1024 + 7297.89808917197 * filterOff + 4434.58598726115 * HeaderCompressionOff + 18331.1146496815 * Files_50 + 8093.82165605094 * x_8 + 2116.91082802548 * BlockSize_1;27.7169238245554;27.7169238245554;27.7169238245554;27.7169238245554;0.349473;7;2116.91082802548 * BlockSize_1;1;1.51516497280141;
7;1667.39675016925 * CompressionMethod + -8159.90182802979 * BlockSize_1024 + 8111.72647257957 * filterOff + 5392.03114421124 * HeaderCompressionOff + 18772.6032498308 * Files_50 + 7221.4827352742 * x_8 + 2515.84631008803 * BlockSize_1 + -9186.15436696007 * BlockSize_64;25.9792133921251;25.9792133921251;25.9792133921251;25.9792133921251;0.516033;8;-9186.15436696007 * BlockSize_64;1;1.73771043243029;
8;1941.05442176872 * CompressionMethod + -8334.04761904762 * BlockSize_1024 + 8397.82312925169 * filterOff + 4956.66666666666 * HeaderCompressionOff + 18498.9455782313 * Files_50 + 7034.89795918368 * x_8 + 7802.41496598639 * BlockSize_1 + -6685.91836734694 * BlockSize_64 + -5249.25170068028 * Files_30;23.6527936564602;23.6527936564602;23.6527936564602;23.6527936564602;0.727073;9;-5249.25170068028 * Files_30;1;2.32641973566489;
9;1685.60769656698 * CompressionMethod + -8930.0899778516 * BlockSize_1024 + 9079.01439645627 * filterOff + 5552.70902547066 * HeaderCompressionOff + 18754.392303433 * Files_50 + 9674.51411960133 * x_8 + 9505.39313399782 * BlockSize_1 + -2002.7284053156 * BlockSize_64 + -8314.6124031008 * Files_30 + -8344.59302325582 * HeaderCompressionOff * Files_90;18.3873983304196;18.3873983304196;18.3873983304196;18.3873983304196;0.991576;11;-8344.59302325582 * HeaderCompressionOff * Files_90;2;2.63269766302029;
10;1739.64875681201 * CompressionMethod + -8978.05900885558 * BlockSize_1024 + 9152.48595027248 * filterOff + 5470.12942779292 * HeaderCompressionOff + 18700.351243188 * Files_50 + 12814.9676430518 * x_8 + 10668.1867336512 * BlockSize_1 + -1070.06471389646 * BlockSize_64 + -8867.1670640327 * Files_30 + -9747.23177792915 * HeaderCompressionOff * Files_90 + -4386.43392370575 * x_8 * mtOff;16.7071479146095;16.7071479146095;16.7071479146095;16.7071479146095;1.323764;13;-4386.43392370575 * x_8 * mtOff;2;0.840125207905063;
11;1739.64875681199 * CompressionMethod + -8978.0590088556 * BlockSize_1024 + 9152.48595027248 * filterOff + 5470.12942779292 * HeaderCompressionOff + 18700.351243188 * Files_50 + 12814.9676430518 * x_8 + 10668.1867336512 * BlockSize_1 + -535.032356948235 * BlockSize_64 + -8867.16706403269 * Files_30 + -9747.23177792919 * HeaderCompressionOff * Files_90 + -4386.43392370577 * x_8 * mtOff + -535.03235694823 * BlockSize_64 * filterOff;16.7071479146092;16.7071479146092;16.7071479146092;16.7071479146092;1.732961;15;-535.03235694823 * BlockSize_64 * filterOff;2;1.70530256582424E-13;
Elapsed=00:00:01.7332542
Learning progress:
1;12704.6153846154 * CompressionMethod + -8132.61538461538 * x_0;155.05748921056;155.05748921056;155.05748921056;155.05748921056;0.009136;2;-8132.61538461538 * x_0;1;95.8113075632079;
2;14498.6363636364 * CompressionMethod + -9926.63636363638 * x_0 + -11661.1363636364 * x_4;97.6994024186794;97.6994024186794;97.6994024186794;97.6994024186794;0.031219;3;-11661.1363636364 * x_4;1;57.3580867918809;
3;19628 * CompressionMethod + -15056 * x_0 + -16790.5 * x_4 + -16120.8571428571 * x_2;53.0203807411209;53.0203807411209;53.0203807411209;53.0203807411209;0.071287;4;-16120.8571428571 * x_2;1;44.6790216775585;
4;19101.0220955096 * CompressionMethod + -16109.9558089808 * x_0 + -18239.6892373486 * x_4 + -16723.1176051319 * x_2 + 7904.66856735566 * BlockSize_4096;35.1570378148874;35.1570378148874;35.1570378148874;35.1570378148874;0.133409;5;7904.66856735566 * BlockSize_4096;1;17.8633429262335;
5;19040.1142857143 * CompressionMethod + -16231.7714285714 * x_0 + -17150.5142857143 * x_4 + -16074.6285714286 * x_2 + 8818.28571428573 * BlockSize_4096 + -5026.68571428572 * Files_80;30.268367023845;30.268367023845;30.268367023845;30.268367023845;0.224531;6;-5026.68571428572 * Files_80;1;4.88867079104241;
6;19043.9165154265 * CompressionMethod + -16046.7295825772 * x_0 + -17145.444646098 * x_4 + -16073.3611615245 * x_2 + 8761.25226860255 * BlockSize_4096 + -5005.13974591652 * Files_80 + -887.186932849352 * Files_40;28.3564983401042;28.3564983401042;28.3564983401042;28.3564983401042;0.351365;7;-887.186932849352 * Files_40;1;1.91186868374077;
7;19043.9165154265 * CompressionMethod + -16046.7295825771 * x_0 + -17145.444646098 * x_4 + -16073.3611615245 * x_2 + 8761.25226860255 * BlockSize_4096 + -5005.13974591652 * Files_80 + -443.593466424668 * Files_40 + -443.593466424668 * x_0 * Deflate;26.7883653281391;26.7883653281391;26.7883653281391;26.7883653281391;0.516854;9;-443.593466424668 * x_0 * Deflate;2;0.784066505982542;
8;19043.9165154265 * CompressionMethod + -16046.7295825771 * x_0 + -17145.444646098 * x_4 + -16073.3611615245 * x_2 + 8761.25226860256 * BlockSize_4096 + -2502.56987295827 * Files_80 + -443.59346642468 * Files_40 + -443.593466424677 * x_0 * Deflate + -2502.56987295827 * Files_80 * Deflate;25.2405116214605;25.2405116214605;25.2405116214605;25.2405116214605;0.734926;11;-2502.56987295827 * Files_80 * Deflate;2;0.773926853339324;
9;18941.8657491561 * CompressionMethod + -15952.8356271098 * x_0 + -17048.4692287717 * x_4 + -15974.2105946507 * x_2 + 8793.87951181512 * BlockSize_4096 + -2508.73279667622 * Files_80 + -439.515061023088 * Files_40 + -439.515061023088 * x_0 * Deflate + -2508.73279667622 * Files_80 * Deflate + 1498.13425084387 * Files_50;25.0666359184397;25.0666359184397;25.0666359184397;25.0666359184397;1.014823;12;1498.13425084387 * Files_50;1;0.173875703020755;
Elapsed=00:00:01.0150975
Learning progress:
1;6555.38461538461 * CompressionMethod + 12394.6153846154 * x_8;90.3753896573691;90.3753896573691;90.3753896573691;90.3753896573691;0.005977;2;12394.6153846154 * x_8;1;49.5388883756638;
2;5179.52380952381 * CompressionMethod + 13770.4761904762 * x_8 + 7154.47619047619 * x_10;63.6535757850141;63.6535757850141;63.6535757850141;63.6535757850141;0.02559;3;7154.47619047619 * x_10;1;26.721813872355;
3;5287.66304347825 * CompressionMethod + 14116.5217391304 * x_8 + 7046.33695652174 * x_10 + -2270.92391304349 * BlockSize_32;50.3947916532111;50.3947916532111;50.3947916532111;50.3947916532111;0.064485;4;-2270.92391304349 * BlockSize_32;1;13.258784131803;
4;5556.58597662771 * CompressionMethod + 13877.4791318865 * x_8 + 7327.21202003338 * x_10 + -2420.32554257095 * BlockSize_32 + -2748.98998330551 * BlockSize_512;44.2531538865537;44.2531538865537;44.2531538865537;44.2531538865537;0.127986;5;-2748.98998330551 * BlockSize_512;1;6.14163776665746;
5;5792.43470149253 * CompressionMethod + 13667.8358208955 * x_8 + 7125.05597014926 * x_10 + -2551.3526119403 * BlockSize_32 + -2917.45335820895 * BlockSize_512 + -2242.43470149253 * BlockSize_4096;37.1580160276262;37.1580160276262;37.1580160276262;37.1580160276262;0.221489;6;-2242.43470149253 * BlockSize_4096;1;7.09513785892748;
6;5875.17241379311 * CompressionMethod + 13242.3275862069 * x_8 + 7054.13793103448 * x_10 + -837.500000000015 * BlockSize_32 + -2976.55172413793 * BlockSize_512 + -2325.1724137931 * BlockSize_4096 + -3167.67241379308 * BlockSize_32 * Deflate;32.9893712687873;32.9893712687873;32.9893712687873;32.9893712687873;0.35249;8;-3167.67241379308 * BlockSize_32 * Deflate;2;2.08432237941946;
7;6018.48214285714 * CompressionMethod + 13692.7295918367 * x_8 + 6931.30102040816 * x_10 + -1431.21173469387 * BlockSize_32 + -3078.91581632653 * BlockSize_512 + -2468.48214285715 * BlockSize_4096 + -2717.27040816327 * BlockSize_32 * Deflate + -2374.8469387755 * BlockSize_1;31.172895075669;31.172895075669;31.172895075669;31.172895075669;0.536206;9;-2374.8469387755 * BlockSize_1;1;1.81647619311821;
8;6138.52355072464 * CompressionMethod + 13589.8369565217 * x_8 + 7188.53260869565 * x_10 + -1448.36050724637 * BlockSize_32 + -3284.70108695652 * BlockSize_512 + -2588.52355072463 * BlockSize_4096 + -2820.16304347826 * BlockSize_32 * Deflate + -2443.44202898551 * BlockSize_1 + -840.289855072453 * Files_60;29.5198279324025;29.5198279324025;29.5198279324025;29.5198279324025;0.77056;10;-840.289855072453 * Files_60;1;1.65306714326652;
9;5995.21166134186 * CompressionMethod + 13712.6757188498 * x_8 + 13944.6645367412 * x_10 + -1427.8873801917 * BlockSize_32 + -1626.37779552716 * BlockSize_512 + -2445.21166134186 * BlockSize_4096 + -2697.32428115014 * BlockSize_32 * Deflate + -2361.54952076678 * BlockSize_1 + -1249.75239616614 * Files_60 + -11301.1661341853 * x_10 * PPMd;27.6047904351607;27.6047904351607;27.6047904351607;27.6047904351607;1.055722;12;-11301.1661341853 * x_10 * PPMd;2;0.957518748620906;
10;6931.92580049261 * CompressionMethod + 13877.0874384236 * x_8 + 13507.6754926108 * x_10 + -2529.01323891627 * BlockSize_32 + -1438.16964285714 * BlockSize_512 + -2027.69242610837 * BlockSize_4096 + -2532.91256157636 * BlockSize_32 * Deflate + -2703.35283251232 * BlockSize_1 + -894.969211822664 * Files_60 + -11530.4772167488 * x_10 * PPMd + -1354.23337438423 * tmOff;24.0188018229397;24.0188018229397;24.0188018229397;24.0188018229397;1.425221;13;-1354.23337438423 * tmOff;1;3.58598861222107;
11;6911.29648241206 * CompressionMethod + 13852.5552763819 * x_8 + 13477.567839196 * x_10 + -2483.85175879397 * BlockSize_32 + -775.243718592963 * BlockSize_512 + -2066.16331658291 * BlockSize_4096 + -2557.44472361808 * BlockSize_32 * Deflate + -2700.00753768842 * BlockSize_1 + -852.595477386926 * Files_60 + -11734.5402010051 * x_10 * PPMd + -1295.13316582915 * tmOff + -1810.91959798997 * BlockSize_512 * filterOff;20.7599344128676;20.7599344128676;20.7599344128676;20.7599344128676;1.862177;15;-1810.91959798997 * BlockSize_512 * filterOff;2;1.62943370503601;
12;6928.61921708185 * CompressionMethod + 13539.3024911032 * x_8 + 13471.7935943061 * x_10 + -2187.92170818505 * BlockSize_32 + -765.138790035591 * BlockSize_512 + -2041.62277580072 * BlockSize_4096 + -2870.69750889678 * BlockSize_32 * Deflate + -2539.77224199288 * BlockSize_1 + -833.829181494654 * Files_60 + -11741.7580071174 * x_10 * PPMd + -1336.99644128115 * tmOff + -1796.48398576512 * BlockSize_512 * filterOff + 1149.07473309609 * x_8 * BlockSize_16;19.7135864079506;19.7135864079506;19.7135864079506;19.7135864079506;2.402239;17;1149.07473309609 * x_8 * BlockSize_16;2;0.52317400245852;
13;6901.84261868631 * CompressionMethod + 13596.1814437459 * x_8 + 13496.6941252981 * x_10 + -2218.02406243227 * BlockSize_32 + -712.864730110548 * BlockSize_512 + -1955.75005419466 * BlockSize_4096 + -2813.81855625404 * BlockSize_32 * Deflate + -2511.88705831346 * BlockSize_1 + -770.980923477131 * Files_60 + -11758.5573379579 * x_10 * PPMd + -1396.09256449165 * tmOff + -1762.88532408411 * BlockSize_512 * filterOff + 1178.0685020594 * x_8 * BlockSize_16 + 479.249945805345 * BlockSize_64;19.5938165079921;19.5938165079921;19.5938165079921;19.5938165079921;3.041971;18;479.249945805345 * BlockSize_64;1;0.119769899958463;
Elapsed=00:00:03.0423308
Learning progress:
1;6886.08695652174 * CompressionMethod + 16881.4130434783 * x_10;83.6915996072685;83.6915996072685;83.6915996072685;83.6915996072685;0.005902;2;16881.4130434783 * x_10;1;103.416788236654;
2;5045.49999999999 * CompressionMethod + 18722 * x_10 + 14111.1666666667 * x_8;43.7190444485273;43.7190444485273;43.7190444485273;43.7190444485273;0.026113;3;14111.1666666667 * x_8;1;39.9725551587412;
3;3302.50000000001 * CompressionMethod + 20465 * x_10 + 15854.1666666667 * x_8 + 8715.00000000001 * x_6;28.3567413215888;28.3567413215888;28.3567413215888;28.3567413215888;0.064379;4;8715.00000000001 * x_6;1;15.3623031269386;
4;3302.5 * CompressionMethod + 20465 * x_10 + 16280.5 * x_8 + 9354.5 * x_6 + -1279 * Files_20;23.2996943222797;23.2996943222797;23.2996943222797;23.2996943222797;0.124419;5;-1279 * Files_20;1;5.05704699930907;
5;3302.5 * CompressionMethod + 20465 * x_10 + 16280.5 * x_8 + 4677.25 * x_6 + -1279.00000000001 * Files_20 + 4677.25 * x_6 * HeaderCompressionOff;15.8613196403459;15.8613196403459;15.8613196403459;15.8613196403459;0.215199;7;4677.25 * x_6 * HeaderCompressionOff;2;3.7191873409669;
6;3530.83333333334 * CompressionMethod + 20236.6666666667 * x_10 + 16052.1666666667 * x_8 + 4563.08333333334 * x_6 + -1279.00000000001 * Files_20 + 4563.08333333334 * x_6 * HeaderCompressionOff + -913.33333333334 * x_4;13.4874844995803;13.4874844995803;13.4874844995803;13.4874844995803;0.344244;8;-913.33333333334 * x_4;1;2.37383514076559;
7;3530.83333333333 * CompressionMethod + 20236.6666666667 * x_10 + 16052.1666666667 * x_8 + 4563.08333333334 * x_6 + -1278.99999999997 * Files_20 + 4563.08333333334 * x_6 * HeaderCompressionOff + -664.166666666656 * x_4 + -996.666666666661 * Files_10;13.4155148026108;13.4155148026108;13.4155148026108;13.4155148026108;0.515478;9;-996.666666666661 * Files_10;1;0.071969696969532;
Elapsed=00:00:00.5157251
Learning progress:
1;12775.3846153846 * CompressionMethod + -9393.38461538462 * x_2;80.5361333140554;80.5361333140554;80.5361333140554;80.5361333140554;0.006266;2;-9393.38461538462 * x_2;1;167.328325556214;
2;14645.4545454545 * CompressionMethod + -11263.4545454546 * x_2 + -12155.4545454546 * x_4;51.3302862485845;51.3302862485845;51.3302862485845;51.3302862485845;0.027809;3;-12155.4545454546 * x_4;1;29.2058470654708;
3;16289.3233082707 * CompressionMethod + -10496.3157894737 * x_2 + -12292.4436090226 * x_4 + -3013.75939849624 * tmOff;37.2581986989226;37.2581986989226;37.2581986989226;37.2581986989226;0.068412;4;-3013.75939849624 * tmOff;1;14.0720875496619;
4;10875.3975903614 * CompressionMethod + -6368.86746987952 * x_2 + -7682.56626506025 * x_4 + -1405.6626506024 * tmOff + 14258.4578313253 * x_10;29.6919161228151;29.6919161228151;29.6919161228151;29.6919161228151;0.138158;5;14258.4578313253 * x_10;1;7.5662825761075;
5;10539.7885196375 * CompressionMethod + -6207.64350453171 * x_2 + -6943.89728096676 * x_4 + -2211.78247734139 * tmOff + 14939.5468277946 * x_10 + 4096.40483383687 * Files_20;23.6668948377808;23.6668948377808;23.6668948377808;23.6668948377808;0.236356;6;4096.40483383687 * Files_20;1;6.02502128503428;
6;10445.5895578316 * CompressionMethod + -5702.76417686733 * x_2 + -6821.23532350736 * x_4 + -2268.70846864851 * tmOff + 15058.1426430177 * x_10 + 2270.70696977269 * Files_20 + 7402.41194104423 * Files_20 * LZMA;19.852622333232;19.852622333232;19.852622333232;19.852622333232;0.372521;8;7402.41194104423 * Files_20 * LZMA;2;1.90713625227442;
7;10277.0123839009 * CompressionMethod + -5770.19504643963 * x_2 + -6817.48916408669 * x_4 + -1939.04643962848 * tmOff + 15621.0030959753 * x_10 + 2132.09907120742 * Files_20 + 11128.9040247678 * Files_20 * LZMA + -3748.96904024767 * BlockSize_8;17.7963592904964;17.7963592904964;17.7963592904964;17.7963592904964;0.559754;9;-3748.96904024767 * BlockSize_8;1;2.05626304273556;
8;11031.864608076 * CompressionMethod + -5468.2541567696 * x_2 + -6834.26365795725 * x_4 + -3415.20190023753 * tmOff + 13100.635391924 * x_10 + 2752.75534441806 * Files_20 + 14760.5819477435 * Files_20 * LZMA + -7279.99999999997 * BlockSize_8 + 6772.70190023752 * x_10 * tmOff;15.7246653133639;15.7246653133639;15.7246653133639;15.7246653133639;0.798819;11;6772.70190023752 * x_10 * tmOff;2;1.03584698856624;
9;11012.1827613727 * CompressionMethod + -5268.97545889864 * x_2 + -6845.33469672784 * x_4 + -3698.94852354351 * tmOff + 12947.6910415004 * x_10 + 2989.75758180366 * Files_20 + 14827.0081803671 * Files_20 * LZMA + -7970.50478850757 * BlockSize_8 + 7229.07472067041 * x_10 * tmOff + 690.504788507568 * LZMA;13.5368882631285;13.5368882631285;13.5368882631285;13.5368882631285;1.103265;12;690.504788507568 * LZMA;1;2.18777705023548;
10;11190.5313319037 * CompressionMethod + -5030.81486776269 * x_2 + -7766.98355968549 * x_4 + -4307.21864824079 * tmOff + 12630.3248351998 * x_10 + 3340.29227225796 * Files_20 + 14906.3950440791 * Files_20 * LZMA + -8526.57533158606 * BlockSize_8 + 7976.3624811373 * x_10 * tmOff + 1246.57533158606 * LZMA + 3633.67087602252 * BlockSize_4;12.5186337006687;12.5186337006687;12.5186337006687;12.5186337006687;1.478809;13;3633.67087602252 * BlockSize_4;1;1.01825456245974;
11;11190.5313319037 * CompressionMethod + -5030.81486776268 * x_2 + -7766.98355968549 * x_4 + -4307.21864824081 * tmOff + 12630.3248351998 * x_10 + 3340.29227225797 * Files_20 + 14906.3950440791 * Files_20 * LZMA + -4263.28766579304 * BlockSize_8 + 7976.36248113732 * x_10 * tmOff + 1246.57533158605 * LZMA + 3633.67087602258 * BlockSize_4 + -4263.28766579304 * BlockSize_8 * LZMA;11.1694543689829;11.1694543689829;11.1694543689829;11.1694543689829;1.92155;15;-4263.28766579304 * BlockSize_8 * LZMA;2;0.674589665842896;
12;11190.5313319037 * CompressionMethod + -5030.81486776269 * x_2 + -7766.9835596855 * x_4 + -4307.21864824083 * tmOff + 12630.3248351998 * x_10 + 3340.29227225797 * Files_20 + 14906.3950440791 * Files_20 * LZMA + -2842.19177719536 * BlockSize_8 + 7976.36248113735 * x_10 * tmOff + 1246.57533158607 * LZMA + 3633.6708760226 * BlockSize_4 + -2842.19177719536 * BlockSize_8 * LZMA + -2842.19177719536 * BlockSize_8 * filterOff;10.5898933524091;10.5898933524091;10.5898933524091;10.5898933524091;2.4547;17;-2842.19177719536 * BlockSize_8 * filterOff;2;0.289780508286901;
13;11186.7269667648 * CompressionMethod + -5000.58897770299 * x_2 + -7764.97686159023 * x_4 + -4290.67732435843 * tmOff + 12636.9162810265 * x_10 + 3317.48001682793 * Files_20 + 14741.0096760623 * Files_20 * LZMA + -2779.98878137709 * BlockSize_8 + 7957.03407656709 * x_10 * tmOff + 1235.42700883465 * LZMA + 3618.92721918382 * BlockSize_4 + -2779.98878137708 * BlockSize_8 * LZMA + -2779.98878137708 * BlockSize_8 * filterOff + -175.460664703412 * tmOff * Files_80;10.4432463299413;10.4432463299413;10.4432463299413;10.4432463299413;3.089516;19;-175.460664703412 * tmOff * Files_80;2;0.0733235112339292;
Elapsed=00:00:03.0898840
Learning progress:
1;11356.8965517241 * CompressionMethod + -8846.89655172414 * BlockSize_1024;114.711352653924;114.711352653924;114.711352653924;114.711352653924;0.006659;2;-8846.89655172414 * BlockSize_1024;1;205.02520598467;
2;7521.90635451505 * CompressionMethod + -8719.06354515051 * BlockSize_1024 + 5560.73578595318 * filterOff;86.2899823370832;86.2899823370832;86.2899823370832;86.2899823370832;0.027085;3;5560.73578595318 * filterOff;1;28.4213703168413;
3;5792.73409893992 * CompressionMethod + -9013.14045936395 * BlockSize_1024 + 5078.44964664312 * filterOff + 3517.15989399293 * HeaderCompressionOff;52.0292062157222;52.0292062157222;52.0292062157222;52.0292062157222;0.066498;4;3517.15989399293 * HeaderCompressionOff;1;34.260776121361;
4;3494.97700562084 * CompressionMethod + -8481.73735309147 * BlockSize_1024 + 6627.75166070517 * filterOff + 4617.38886050077 * HeaderCompressionOff + 16945.0229943792 * Files_50;38.9670789884693;38.9670789884693;38.9670789884693;38.9670789884693;0.131313;5;16945.0229943792 * Files_50;1;13.0621272272529;
5;2548.794489093 * CompressionMethod + -7526.67049368542 * BlockSize_1024 + 6840.97588978187 * filterOff + 4390.83811710678 * HeaderCompressionOff + 17891.205510907 * Files_50 + 8693.32950631459 * x_8;29.2320887973568;29.2320887973568;29.2320887973568;29.2320887973568;0.224771;6;8693.32950631459 * x_8;1;9.73499019111252;
6;2108.88535031848 * CompressionMethod + -7420.54140127388 * BlockSize_1024 + 7297.89808917197 * filterOff + 4434.58598726115 * HeaderCompressionOff + 18331.1146496815 * Files_50 + 8093.82165605094 * x_8 + 2116.91082802548 * BlockSize_1;27.7169238245554;27.7169238245554;27.7169238245554;27.7169238245554;0.353263;7;2116.91082802548 * BlockSize_1;1;1.51516497280141;
7;1667.39675016925 * CompressionMethod + -8159.90182802979 * BlockSize_1024 + 8111.72647257957 * filterOff + 5392.03114421124 * HeaderCompressionOff + 18772.6032498308 * Files_50 + 7221.4827352742 * x_8 + 2515.84631008803 * BlockSize_1 + -9186.15436696007 * BlockSize_64;25.9792133921251;25.9792133921251;25.9792133921251;25.9792133921251;0.519808;8;-9186.15436696007 * BlockSize_64;1;1.73771043243029;
8;1941.05442176872 * CompressionMethod + -8334.04761904762 * BlockSize_1024 + 8397.82312925169 * filterOff + 4956.66666666666 * HeaderCompressionOff + 18498.9455782313 * Files_50 + 7034.89795918368 * x_8 + 7802.41496598639 * BlockSize_1 + -6685.91836734694 * BlockSize_64 + -5249.25170068028 * Files_30;23.6527936564602;23.6527936564602;23.6527936564602;23.6527936564602;0.733026;9;-5249.25170068028 * Files_30;1;2.32641973566489;
9;1685.60769656698 * CompressionMethod + -8930.0899778516 * BlockSize_1024 + 9079.01439645627 * filterOff + 5552.70902547066 * HeaderCompressionOff + 18754.392303433 * Files_50 + 9674.51411960133 * x_8 + 9505.39313399782 * BlockSize_1 + -2002.7284053156 * BlockSize_64 + -8314.6124031008 * Files_30 + -8344.59302325582 * HeaderCompressionOff * Files_90;18.3873983304196;18.3873983304196;18.3873983304196;18.3873983304196;0.996476;11;-8344.59302325582 * HeaderCompressionOff * Files_90;2;2.63269766302029;
10;1739.64875681201 * CompressionMethod + -8978.05900885558 * BlockSize_1024 + 9152.48595027248 * filterOff + 5470.12942779292 * HeaderCompressionOff + 18700.351243188 * Files_50 + 12814.9676430518 * x_8 + 10668.1867336512 * BlockSize_1 + -1070.06471389646 * BlockSize_64 + -8867.1670640327 * Files_30 + -9747.23177792915 * HeaderCompressionOff * Files_90 + -4386.43392370575 * x_8 * mtOff;16.7071479146095;16.7071479146095;16.7071479146095;16.7071479146095;1.331115;13;-4386.43392370575 * x_8 * mtOff;2;0.840125207905063;
11;1739.64875681199 * CompressionMethod + -8978.0590088556 * BlockSize_1024 + 9152.48595027248 * filterOff + 5470.12942779292 * HeaderCompressionOff + 18700.351243188 * Files_50 + 12814.9676430518 * x_8 + 10668.1867336512 * BlockSize_1 + -535.032356948235 * BlockSize_64 + -8867.16706403269 * Files_30 + -9747.23177792919 * HeaderCompressionOff * Files_90 + -4386.43392370577 * x_8 * mtOff + -535.03235694823 * BlockSize_64 * filterOff;16.7071479146092;16.7071479146092;16.7071479146092;16.7071479146092;1.751198;15;-535.03235694823 * BlockSize_64 * filterOff;2;1.70530256582424E-13;
Elapsed=00:00:01.7515041
Learning progress:
1;12704.6153846154 * CompressionMethod + -8132.61538461538 * x_0;155.05748921056;155.05748921056;155.05748921056;155.05748921056;0.005741;2;-8132.61538461538 * x_0;1;95.8113075632079;
2;14498.6363636364 * CompressionMethod + -9926.63636363638 * x_0 + -11661.1363636364 * x_4;97.6994024186794;97.6994024186794;97.6994024186794;97.6994024186794;0.027137;3;-11661.1363636364 * x_4;1;57.3580867918809;
3;19628 * CompressionMethod + -15056 * x_0 + -16790.5 * x_4 + -16120.8571428571 * x_2;53.0203807411209;53.0203807411209;53.0203807411209;53.0203807411209;0.066782;4;-16120.8571428571 * x_2;1;44.6790216775585;
4;19101.0220955096 * CompressionMethod + -16109.9558089808 * x_0 + -18239.6892373486 * x_4 + -16723.1176051319 * x_2 + 7904.66856735566 * BlockSize_4096;35.1570378148874;35.1570378148874;35.1570378148874;35.1570378148874;0.129488;5;7904.66856735566 * BlockSize_4096;1;17.8633429262335;
5;19040.1142857143 * CompressionMethod + -16231.7714285714 * x_0 + -17150.5142857143 * x_4 + -16074.6285714286 * x_2 + 8818.28571428573 * BlockSize_4096 + -5026.68571428572 * Files_80;30.268367023845;30.268367023845;30.268367023845;30.268367023845;0.22259;6;-5026.68571428572 * Files_80;1;4.88867079104241;
6;19043.9165154265 * CompressionMethod + -16046.7295825772 * x_0 + -17145.444646098 * x_4 + -16073.3611615245 * x_2 + 8761.25226860255 * BlockSize_4096 + -5005.13974591652 * Files_80 + -887.186932849352 * Files_40;28.3564983401042;28.3564983401042;28.3564983401042;28.3564983401042;0.349276;7;-887.186932849352 * Files_40;1;1.91186868374077;
7;19043.9165154265 * CompressionMethod + -16046.7295825771 * x_0 + -17145.444646098 * x_4 + -16073.3611615245 * x_2 + 8761.25226860255 * BlockSize_4096 + -5005.13974591652 * Files_80 + -443.593466424668 * Files_40 + -443.593466424668 * x_0 * Deflate;26.7883653281391;26.7883653281391;26.7883653281391;26.7883653281391;0.515276;9;-443.593466424668 * x_0 * Deflate;2;0.784066505982542;
8;19043.9165154265 * CompressionMethod + -16046.7295825771 * x_0 + -17145.444646098 * x_4 + -16073.3611615245 * x_2 + 8761.25226860256 * BlockSize_4096 + -2502.56987295827 * Files_80 + -443.59346642468 * Files_40 + -443.593466424677 * x_0 * Deflate + -2502.56987295827 * Files_80 * Deflate;25.2405116214605;25.2405116214605;25.2405116214605;25.2405116214605;0.735246;11;-2502.56987295827 * Files_80 * Deflate;2;0.773926853339324;
9;18941.8657491561 * CompressionMethod + -15952.8356271098 * x_0 + -17048.4692287717 * x_4 + -15974.2105946507 * x_2 + 8793.87951181512 * BlockSize_4096 + -2508.73279667622 * Files_80 + -439.515061023088 * Files_40 + -439.515061023088 * x_0 * Deflate + -2508.73279667622 * Files_80 * Deflate + 1498.13425084387 * Files_50;25.0666359184397;25.0666359184397;25.0666359184397;25.0666359184397;1.01882;12;1498.13425084387 * Files_50;1;0.173875703020755;
Elapsed=00:00:01.0191021
Learning progress:
1;6555.38461538461 * CompressionMethod + 12394.6153846154 * x_8;90.3753896573691;90.3753896573691;90.3753896573691;90.3753896573691;0.005452;2;12394.6153846154 * x_8;1;49.5388883756638;
2;5179.52380952381 * CompressionMethod + 13770.4761904762 * x_8 + 7154.47619047619 * x_10;63.6535757850141;63.6535757850141;63.6535757850141;63.6535757850141;0.025076;3;7154.47619047619 * x_10;1;26.721813872355;
3;5287.66304347825 * CompressionMethod + 14116.5217391304 * x_8 + 7046.33695652174 * x_10 + -2270.92391304349 * BlockSize_32;50.3947916532111;50.3947916532111;50.3947916532111;50.3947916532111;0.063515;4;-2270.92391304349 * BlockSize_32;1;13.258784131803;
4;5556.58597662771 * CompressionMethod + 13877.4791318865 * x_8 + 7327.21202003338 * x_10 + -2420.32554257095 * BlockSize_32 + -2748.98998330551 * BlockSize_512;44.2531538865537;44.2531538865537;44.2531538865537;44.2531538865537;0.124903;5;-2748.98998330551 * BlockSize_512;1;6.14163776665746;
5;5792.43470149253 * CompressionMethod + 13667.8358208955 * x_8 + 7125.05597014926 * x_10 + -2551.3526119403 * BlockSize_32 + -2917.45335820895 * BlockSize_512 + -2242.43470149253 * BlockSize_4096;37.1580160276262;37.1580160276262;37.1580160276262;37.1580160276262;0.220643;6;-2242.43470149253 * BlockSize_4096;1;7.09513785892748;
6;5875.17241379311 * CompressionMethod + 13242.3275862069 * x_8 + 7054.13793103448 * x_10 + -837.500000000015 * BlockSize_32 + -2976.55172413793 * BlockSize_512 + -2325.1724137931 * BlockSize_4096 + -3167.67241379308 * BlockSize_32 * Deflate;32.9893712687873;32.9893712687873;32.9893712687873;32.9893712687873;0.349762;8;-3167.67241379308 * BlockSize_32 * Deflate;2;2.08432237941946;
7;6018.48214285714 * CompressionMethod + 13692.7295918367 * x_8 + 6931.30102040816 * x_10 + -1431.21173469387 * BlockSize_32 + -3078.91581632653 * BlockSize_512 + -2468.48214285715 * BlockSize_4096 + -2717.27040816327 * BlockSize_32 * Deflate + -2374.8469387755 * BlockSize_1;31.172895075669;31.172895075669;31.172895075669;31.172895075669;0.531102;9;-2374.8469387755 * BlockSize_1;1;1.81647619311821;
8;6138.52355072464 * CompressionMethod + 13589.8369565217 * x_8 + 7188.53260869565 * x_10 + -1448.36050724637 * BlockSize_32 + -3284.70108695652 * BlockSize_512 + -2588.52355072463 * BlockSize_4096 + -2820.16304347826 * BlockSize_32 * Deflate + -2443.44202898551 * BlockSize_1 + -840.289855072453 * Files_60;29.5198279324025;29.5198279324025;29.5198279324025;29.5198279324025;0.765742;10;-840.289855072453 * Files_60;1;1.65306714326652;
9;5995.21166134186 * CompressionMethod + 13712.6757188498 * x_8 + 13944.6645367412 * x_10 + -1427.8873801917 * BlockSize_32 + -1626.37779552716 * BlockSize_512 + -2445.21166134186 * BlockSize_4096 + -2697.32428115014 * BlockSize_32 * Deflate + -2361.54952076678 * BlockSize_1 + -1249.75239616614 * Files_60 + -11301.1661341853 * x_10 * PPMd;27.6047904351607;27.6047904351607;27.6047904351607;27.6047904351607;1.052832;12;-11301.1661341853 * x_10 * PPMd;2;0.957518748620906;
10;6931.92580049261 * CompressionMethod + 13877.0874384236 * x_8 + 13507.6754926108 * x_10 + -2529.01323891627 * BlockSize_32 + -1438.16964285714 * BlockSize_512 + -2027.69242610837 * BlockSize_4096 + -2532.91256157636 * BlockSize_32 * Deflate + -2703.35283251232 * BlockSize_1 + -894.969211822664 * Files_60 + -11530.4772167488 * x_10 * PPMd + -1354.23337438423 * tmOff;24.0188018229397;24.0188018229397;24.0188018229397;24.0188018229397;1.417282;13;-1354.23337438423 * tmOff;1;3.58598861222107;
11;6911.29648241206 * CompressionMethod + 13852.5552763819 * x_8 + 13477.567839196 * x_10 + -2483.85175879397 * BlockSize_32 + -775.243718592963 * BlockSize_512 + -2066.16331658291 * BlockSize_4096 + -2557.44472361808 * BlockSize_32 * Deflate + -2700.00753768842 * BlockSize_1 + -852.595477386926 * Files_60 + -11734.5402010051 * x_10 * PPMd + -1295.13316582915 * tmOff + -1810.91959798997 * BlockSize_512 * filterOff;20.7599344128676;20.7599344128676;20.7599344128676;20.7599344128676;1.859817;15;-1810.91959798997 * BlockSize_512 * filterOff;2;1.62943370503601;
12;6928.61921708185 * CompressionMethod + 13539.3024911032 * x_8 + 13471.7935943061 * x_10 + -2187.92170818505 * BlockSize_32 + -765.138790035591 * BlockSize_512 + -2041.62277580072 * BlockSize_4096 + -2870.69750889678 * BlockSize_32 * Deflate + -2539.77224199288 * BlockSize_1 + -833.829181494654 * Files_60 + -11741.7580071174 * x_10 * PPMd + -1336.99644128115 * tmOff + -1796.48398576512 * BlockSize_512 * filterOff + 1149.07473309609 * x_8 * BlockSize_16;19.7135864079506;19.7135864079506;19.7135864079506;19.7135864079506;2.402191;17;1149.07473309609 * x_8 * BlockSize_16;2;0.52317400245852;
13;6901.84261868631 * CompressionMethod + 13596.1814437459 * x_8 + 13496.6941252981 * x_10 + -2218.02406243227 * BlockSize_32 + -712.864730110548 * BlockSize_512 + -1955.75005419466 * BlockSize_4096 + -2813.81855625404 * BlockSize_32 * Deflate + -2511.88705831346 * BlockSize_1 + -770.980923477131 * Files_60 + -11758.5573379579 * x_10 * PPMd + -1396.09256449165 * tmOff + -1762.88532408411 * BlockSize_512 * filterOff + 1178.0685020594 * x_8 * BlockSize_16 + 479.249945805345 * BlockSize_64;19.5938165079921;19.5938165079921;19.5938165079921;19.5938165079921;3.05019;18;479.249945805345 * BlockSize_64;1;0.119769899958463;
Elapsed=00:00:03.0505479
Learning progress:
1;6886.08695652174 * CompressionMethod + 16881.4130434783 * x_10;83.6915996072685;83.6915996072685;83.6915996072685;83.6915996072685;0.006764;2;16881.4130434783 * x_10;1;103.416788236654;
2;5045.49999999999 * CompressionMethod + 18722 * x_10 + 14111.1666666667 * x_8;43.7190444485273;43.7190444485273;43.7190444485273;43.7190444485273;0.029113;3;14111.1666666667 * x_8;1;39.9725551587412;
3;3302.50000000001 * CompressionMethod + 20465 * x_10 + 15854.1666666667 * x_8 + 8715.00000000001 * x_6;28.3567413215888;28.3567413215888;28.3567413215888;28.3567413215888;0.066433;4;8715.00000000001 * x_6;1;15.3623031269386;
4;3302.5 * CompressionMethod + 20465 * x_10 + 16280.5 * x_8 + 9354.5 * x_6 + -1279 * Files_20;23.2996943222797;23.2996943222797;23.2996943222797;23.2996943222797;0.129225;5;-1279 * Files_20;1;5.05704699930907;
5;3302.5 * CompressionMethod + 20465 * x_10 + 16280.5 * x_8 + 4677.25 * x_6 + -1279.00000000001 * Files_20 + 4677.25 * x_6 * HeaderCompressionOff;15.8613196403459;15.8613196403459;15.8613196403459;15.8613196403459;0.218941;7;4677.25 * x_6 * HeaderCompressionOff;2;3.7191873409669;
6;3530.83333333334 * CompressionMethod + 20236.6666666667 * x_10 + 16052.1666666667 * x_8 + 4563.08333333334 * x_6 + -1279.00000000001 * Files_20 + 4563.08333333334 * x_6 * HeaderCompressionOff + -913.33333333334 * x_4;13.4874844995803;13.4874844995803;13.4874844995803;13.4874844995803;0.35192;8;-913.33333333334 * x_4;1;2.37383514076559;
7;3530.83333333333 * CompressionMethod + 20236.6666666667 * x_10 + 16052.1666666667 * x_8 + 4563.08333333334 * x_6 + -1278.99999999997 * Files_20 + 4563.08333333334 * x_6 * HeaderCompressionOff + -664.166666666656 * x_4 + -996.666666666661 * Files_10;13.4155148026108;13.4155148026108;13.4155148026108;13.4155148026108;0.526129;9;-996.666666666661 * Files_10;1;0.071969696969532;
Elapsed=00:00:00.5263752
Learning progress:
1;12775.3846153846 * CompressionMethod + -9393.38461538462 * x_2;80.5361333140554;80.5361333140554;80.5361333140554;80.5361333140554;0.006319;2;-9393.38461538462 * x_2;1;167.328325556214;
2;14645.4545454545 * CompressionMethod + -11263.4545454546 * x_2 + -12155.4545454546 * x_4;51.3302862485845;51.3302862485845;51.3302862485845;51.3302862485845;0.030947;3;-12155.4545454546 * x_4;1;29.2058470654708;
3;16289.3233082707 * CompressionMethod + -10496.3157894737 * x_2 + -12292.4436090226 * x_4 + -3013.75939849624 * tmOff;37.2581986989226;37.2581986989226;37.2581986989226;37.2581986989226;0.100947;4;-3013.75939849624 * tmOff;1;14.0720875496619;
4;10875.3975903614 * CompressionMethod + -6368.86746987952 * x_2 + -7682.56626506025 * x_4 + -1405.6626506024 * tmOff + 14258.4578313253 * x_10;29.6919161228151;29.6919161228151;29.6919161228151;29.6919161228151;0.224263;5;14258.4578313253 * x_10;1;7.5662825761075;
5;10539.7885196375 * CompressionMethod + -6207.64350453171 * x_2 + -6943.89728096676 * x_4 + -2211.78247734139 * tmOff + 14939.5468277946 * x_10 + 4096.40483383687 * Files_20;23.6668948377808;23.6668948377808;23.6668948377808;23.6668948377808;0.358554;6;4096.40483383687 * Files_20;1;6.02502128503428;
6;10445.5895578316 * CompressionMethod + -5702.76417686733 * x_2 + -6821.23532350736 * x_4 + -2268.70846864851 * tmOff + 15058.1426430177 * x_10 + 2270.70696977269 * Files_20 + 7402.41194104423 * Files_20 * LZMA;19.852622333232;19.852622333232;19.852622333232;19.852622333232;0.496182;8;7402.41194104423 * Files_20 * LZMA;2;1.90713625227442;
7;10277.0123839009 * CompressionMethod + -5770.19504643963 * x_2 + -6817.48916408669 * x_4 + -1939.04643962848 * tmOff + 15621.0030959753 * x_10 + 2132.09907120742 * Files_20 + 11128.9040247678 * Files_20 * LZMA + -3748.96904024767 * BlockSize_8;17.7963592904964;17.7963592904964;17.7963592904964;17.7963592904964;0.678326;9;-3748.96904024767 * BlockSize_8;1;2.05626304273556;
8;11031.864608076 * CompressionMethod + -5468.2541567696 * x_2 + -6834.26365795725 * x_4 + -3415.20190023753 * tmOff + 13100.635391924 * x_10 + 2752.75534441806 * Files_20 + 14760.5819477435 * Files_20 * LZMA + -7279.99999999997 * BlockSize_8 + 6772.70190023752 * x_10 * tmOff;15.7246653133639;15.7246653133639;15.7246653133639;15.7246653133639;0.917542;11;6772.70190023752 * x_10 * tmOff;2;1.03584698856624;
9;11012.1827613727 * CompressionMethod + -5268.97545889864 * x_2 + -6845.33469672784 * x_4 + -3698.94852354351 * tmOff + 12947.6910415004 * x_10 + 2989.75758180366 * Files_20 + 14827.0081803671 * Files_20 * LZMA + -7970.50478850757 * BlockSize_8 + 7229.07472067041 * x_10 * tmOff + 690.504788507568 * LZMA;13.5368882631285;13.5368882631285;13.5368882631285;13.5368882631285;1.219582;12;690.504788507568 * LZMA;1;2.18777705023548;
10;11190.5313319037 * CompressionMethod + -5030.81486776269 * x_2 + -7766.98355968549 * x_4 + -4307.21864824079 * tmOff + 12630.3248351998 * x_10 + 3340.29227225796 * Files_20 + 14906.3950440791 * Files_20 * LZMA + -8526.57533158606 * BlockSize_8 + 7976.3624811373 * x_10 * tmOff + 1246.57533158606 * LZMA + 3633.67087602252 * BlockSize_4;12.5186337006687;12.5186337006687;12.5186337006687;12.5186337006687;1.591025;13;3633.67087602252 * BlockSize_4;1;1.01825456245974;
11;11190.5313319037 * CompressionMethod + -5030.81486776268 * x_2 + -7766.98355968549 * x_4 + -4307.21864824081 * tmOff + 12630.3248351998 * x_10 + 3340.29227225797 * Files_20 + 14906.3950440791 * Files_20 * LZMA + -4263.28766579304 * BlockSize_8 + 7976.36248113732 * x_10 * tmOff + 1246.57533158605 * LZMA + 3633.67087602258 * BlockSize_4 + -4263.28766579304 * BlockSize_8 * LZMA;11.1694543689829;11.1694543689829;11.1694543689829;11.1694543689829;2.032471;15;-4263.28766579304 * BlockSize_8 * LZMA;2;0.674589665842896;
12;11190.5313319037 * CompressionMethod + -5030.81486776269 * x_2 + -7766.9835596855 * x_4 + -4307.21864824083 * tmOff + 12630.3248351998 * x_10 + 3340.29227225797 * Files_20 + 14906.3950440791 * Files_20 * LZMA + -2842.19177719536 * BlockSize_8 + 7976.36248113735 * x_10 * tmOff + 1246.57533158607 * LZMA + 3633.6708760226 * BlockSize_4 + -2842.19177719536 * BlockSize_8 * LZMA + -2842.19177719536 * BlockSize_8 * filterOff;10.5898933524091;10.5898933524091;10.5898933524091;10.5898933524091;2.567281;17;-2842.19177719536 * BlockSize_8 * filterOff;2;0.289780508286901;
Elapsed=00:00:02.5676371
Learning progress:
1;11356.8965517241 * CompressionMethod + -8846.89655172414 * BlockSize_1024;114.711352653924;114.711352653924;114.711352653924;114.711352653924;0.008329;2;-8846.89655172414 * BlockSize_1024;1;205.02520598467;
2;7521.90635451505 * CompressionMethod + -8719.06354515051 * BlockSize_1024 + 5560.73578595318 * filterOff;86.2899823370832;86.2899823370832;86.2899823370832;86.2899823370832;0.027778;3;5560.73578595318 * filterOff;1;28.4213703168413;
3;5792.73409893992 * CompressionMethod + -9013.14045936395 * BlockSize_1024 + 5078.44964664312 * filterOff + 3517.15989399293 * HeaderCompressionOff;52.0292062157222;52.0292062157222;52.0292062157222;52.0292062157222;0.067772;4;3517.15989399293 * HeaderCompressionOff;1;34.260776121361;
4;3494.97700562084 * CompressionMethod + -8481.73735309147 * BlockSize_1024 + 6627.75166070517 * filterOff + 4617.38886050077 * HeaderCompressionOff + 16945.0229943792 * Files_50;38.9670789884693;38.9670789884693;38.9670789884693;38.9670789884693;0.133547;5;16945.0229943792 * Files_50;1;13.0621272272529;
5;2548.794489093 * CompressionMethod + -7526.67049368542 * BlockSize_1024 + 6840.97588978187 * filterOff + 4390.83811710678 * HeaderCompressionOff + 17891.205510907 * Files_50 + 8693.32950631459 * x_8;29.2320887973568;29.2320887973568;29.2320887973568;29.2320887973568;0.225118;6;8693.32950631459 * x_8;1;9.73499019111252;
6;2108.88535031848 * CompressionMethod + -7420.54140127388 * BlockSize_1024 + 7297.89808917197 * filterOff + 4434.58598726115 * HeaderCompressionOff + 18331.1146496815 * Files_50 + 8093.82165605094 * x_8 + 2116.91082802548 * BlockSize_1;27.7169238245554;27.7169238245554;27.7169238245554;27.7169238245554;0.352385;7;2116.91082802548 * BlockSize_1;1;1.51516497280141;
7;1667.39675016925 * CompressionMethod + -8159.90182802979 * BlockSize_1024 + 8111.72647257957 * filterOff + 5392.03114421124 * HeaderCompressionOff + 18772.6032498308 * Files_50 + 7221.4827352742 * x_8 + 2515.84631008803 * BlockSize_1 + -9186.15436696007 * BlockSize_64;25.9792133921251;25.9792133921251;25.9792133921251;25.9792133921251;0.51735;8;-9186.15436696007 * BlockSize_64;1;1.73771043243029;
8;1941.05442176872 * CompressionMethod + -8334.04761904762 * BlockSize_1024 + 8397.82312925169 * filterOff + 4956.66666666666 * HeaderCompressionOff + 18498.9455782313 * Files_50 + 7034.89795918368 * x_8 + 7802.41496598639 * BlockSize_1 + -6685.91836734694 * BlockSize_64 + -5249.25170068028 * Files_30;23.6527936564602;23.6527936564602;23.6527936564602;23.6527936564602;0.7317;9;-5249.25170068028 * Files_30;1;2.32641973566489;
9;1685.60769656698 * CompressionMethod + -8930.0899778516 * BlockSize_1024 + 9079.01439645627 * filterOff + 5552.70902547066 * HeaderCompressionOff + 18754.392303433 * Files_50 + 9674.51411960133 * x_8 + 9505.39313399782 * BlockSize_1 + -2002.7284053156 * BlockSize_64 + -8314.6124031008 * Files_30 + -8344.59302325582 * HeaderCompressionOff * Files_90;18.3873983304196;18.3873983304196;18.3873983304196;18.3873983304196;0.990808;11;-8344.59302325582 * HeaderCompressionOff * Files_90;2;2.63269766302029;
10;1739.64875681201 * CompressionMethod + -8978.05900885558 * BlockSize_1024 + 9152.48595027248 * filterOff + 5470.12942779292 * HeaderCompressionOff + 18700.351243188 * Files_50 + 12814.9676430518 * x_8 + 10668.1867336512 * BlockSize_1 + -1070.06471389646 * BlockSize_64 + -8867.1670640327 * Files_30 + -9747.23177792915 * HeaderCompressionOff * Files_90 + -4386.43392370575 * x_8 * mtOff;16.7071479146095;16.7071479146095;16.7071479146095;16.7071479146095;1.32602;13;-4386.43392370575 * x_8 * mtOff;2;0.840125207905063;
11;1739.64875681199 * CompressionMethod + -8978.0590088556 * BlockSize_1024 + 9152.48595027248 * filterOff + 5470.12942779292 * HeaderCompressionOff + 18700.351243188 * Files_50 + 12814.9676430518 * x_8 + 10668.1867336512 * BlockSize_1 + -535.032356948235 * BlockSize_64 + -8867.16706403269 * Files_30 + -9747.23177792919 * HeaderCompressionOff * Files_90 + -4386.43392370577 * x_8 * mtOff + -535.03235694823 * BlockSize_64 * filterOff;16.7071479146092;16.7071479146092;16.7071479146092;16.7071479146092;1.736474;15;-535.03235694823 * BlockSize_64 * filterOff;2;1.70530256582424E-13;
Elapsed=00:00:01.7367733
Learning progress:
1;12704.6153846154 * CompressionMethod + -8132.61538461538 * x_0;155.05748921056;155.05748921056;155.05748921056;155.05748921056;0.006046;2;-8132.61538461538 * x_0;1;95.8113075632079;
2;14498.6363636364 * CompressionMethod + -9926.63636363638 * x_0 + -11661.1363636364 * x_4;97.6994024186794;97.6994024186794;97.6994024186794;97.6994024186794;0.027565;3;-11661.1363636364 * x_4;1;57.3580867918809;
3;19628 * CompressionMethod + -15056 * x_0 + -16790.5 * x_4 + -16120.8571428571 * x_2;53.0203807411209;53.0203807411209;53.0203807411209;53.0203807411209;0.065168;4;-16120.8571428571 * x_2;1;44.6790216775585;
4;19101.0220955096 * CompressionMethod + -16109.9558089808 * x_0 + -18239.6892373486 * x_4 + -16723.1176051319 * x_2 + 7904.66856735566 * BlockSize_4096;35.1570378148874;35.1570378148874;35.1570378148874;35.1570378148874;0.130859;5;7904.66856735566 * BlockSize_4096;1;17.8633429262335;
5;19040.1142857143 * CompressionMethod + -16231.7714285714 * x_0 + -17150.5142857143 * x_4 + -16074.6285714286 * x_2 + 8818.28571428573 * BlockSize_4096 + -5026.68571428572 * Files_80;30.268367023845;30.268367023845;30.268367023845;30.268367023845;0.219573;6;-5026.68571428572 * Files_80;1;4.88867079104241;
6;19043.9165154265 * CompressionMethod + -16046.7295825772 * x_0 + -17145.444646098 * x_4 + -16073.3611615245 * x_2 + 8761.25226860255 * BlockSize_4096 + -5005.13974591652 * Files_80 + -887.186932849352 * Files_40;28.3564983401042;28.3564983401042;28.3564983401042;28.3564983401042;0.344694;7;-887.186932849352 * Files_40;1;1.91186868374077;
7;19043.9165154265 * CompressionMethod + -16046.7295825771 * x_0 + -17145.444646098 * x_4 + -16073.3611615245 * x_2 + 8761.25226860255 * BlockSize_4096 + -5005.13974591652 * Files_80 + -443.593466424668 * Files_40 + -443.593466424668 * x_0 * Deflate;26.7883653281391;26.7883653281391;26.7883653281391;26.7883653281391;0.5085;9;-443.593466424668 * x_0 * Deflate;2;0.784066505982542;
8;19043.9165154265 * CompressionMethod + -16046.7295825771 * x_0 + -17145.444646098 * x_4 + -16073.3611615245 * x_2 + 8761.25226860256 * BlockSize_4096 + -2502.56987295827 * Files_80 + -443.59346642468 * Files_40 + -443.593466424677 * x_0 * Deflate + -2502.56987295827 * Files_80 * Deflate;25.2405116214605;25.2405116214605;25.2405116214605;25.2405116214605;0.726068;11;-2502.56987295827 * Files_80 * Deflate;2;0.773926853339324;
9;18941.8657491561 * CompressionMethod + -15952.8356271098 * x_0 + -17048.4692287717 * x_4 + -15974.2105946507 * x_2 + 8793.87951181512 * BlockSize_4096 + -2508.73279667622 * Files_80 + -439.515061023088 * Files_40 + -439.515061023088 * x_0 * Deflate + -2508.73279667622 * Files_80 * Deflate + 1498.13425084387 * Files_50;25.0666359184397;25.0666359184397;25.0666359184397;25.0666359184397;1.004052;12;1498.13425084387 * Files_50;1;0.173875703020755;
10;18941.5376401495 * CompressionMethod + -15911.5376401495 * x_0 + -17048.8556682684 * x_4 + -15974.2907990746 * x_2 + 8798.47303790709 * BlockSize_4096 + -2509.60046271579 * Files_80 + -459.999999999982 * Files_40 + -459.999999999979 * x_0 * Deflate + -2509.60046271579 * Files_80 * Deflate + 1498.46235985048 * Files_50 + -56.1576793023349 * x_0 * BZip2;24.8167675698892;24.8167675698892;24.8167675698892;24.8167675698892;1.343516;14;-56.1576793023349 * x_0 * BZip2;2;0.124934174275282;
11;18939.0951374207 * CompressionMethod + -15909.0951374207 * x_0 + -17077.1479915434 * x_4 + -16152.7970401692 * x_2 + 8832.66807610994 * BlockSize_4096 + -2465.22832980972 * Files_80 + -460.00000000001 * Files_40 + -460.000000000009 * x_0 * Deflate + -2465.22832980972 * Files_80 * Deflate + 1500.90486257924 * Files_50 + -67.5560253700135 * x_0 * BZip2 + 1143.70190274839 * x_2 * BlockSize_32;24.6282435855952;24.6282435855952;24.6282435855952;24.6282435855952;1.760976;16;1143.70190274839 * x_2 * BlockSize_32;2;0.0942619921469614;
Elapsed=00:00:01.7612714
Learning progress:
1;6555.38461538461 * CompressionMethod + 12394.6153846154 * x_8;90.3753896573691;90.3753896573691;90.3753896573691;90.3753896573691;0.009287;2;12394.6153846154 * x_8;1;49.5388883756638;
2;5179.52380952381 * CompressionMethod + 13770.4761904762 * x_8 + 7154.47619047619 * x_10;63.6535757850141;63.6535757850141;63.6535757850141;63.6535757850141;0.029997;3;7154.47619047619 * x_10;1;26.721813872355;
3;5287.66304347825 * CompressionMethod + 14116.5217391304 * x_8 + 7046.33695652174 * x_10 + -2270.92391304349 * BlockSize_32;50.3947916532111;50.3947916532111;50.3947916532111;50.3947916532111;0.070561;4;-2270.92391304349 * BlockSize_32;1;13.258784131803;
4;5556.58597662771 * CompressionMethod + 13877.4791318865 * x_8 + 7327.21202003338 * x_10 + -2420.32554257095 * BlockSize_32 + -2748.98998330551 * BlockSize_512;44.2531538865537;44.2531538865537;44.2531538865537;44.2531538865537;0.133552;5;-2748.98998330551 * BlockSize_512;1;6.14163776665746;
5;5792.43470149253 * CompressionMethod + 13667.8358208955 * x_8 + 7125.05597014926 * x_10 + -2551.3526119403 * BlockSize_32 + -2917.45335820895 * BlockSize_512 + -2242.43470149253 * BlockSize_4096;37.1580160276262;37.1580160276262;37.1580160276262;37.1580160276262;0.227228;6;-2242.43470149253 * BlockSize_4096;1;7.09513785892748;
6;5875.17241379311 * CompressionMethod + 13242.3275862069 * x_8 + 7054.13793103448 * x_10 + -837.500000000015 * BlockSize_32 + -2976.55172413793 * BlockSize_512 + -2325.1724137931 * BlockSize_4096 + -3167.67241379308 * BlockSize_32 * Deflate;32.9893712687873;32.9893712687873;32.9893712687873;32.9893712687873;0.358505;8;-3167.67241379308 * BlockSize_32 * Deflate;2;2.08432237941946;
7;6018.48214285714 * CompressionMethod + 13692.7295918367 * x_8 + 6931.30102040816 * x_10 + -1431.21173469387 * BlockSize_32 + -3078.91581632653 * BlockSize_512 + -2468.48214285715 * BlockSize_4096 + -2717.27040816327 * BlockSize_32 * Deflate + -2374.8469387755 * BlockSize_1;31.172895075669;31.172895075669;31.172895075669;31.172895075669;0.540247;9;-2374.8469387755 * BlockSize_1;1;1.81647619311821;
8;6138.52355072464 * CompressionMethod + 13589.8369565217 * x_8 + 7188.53260869565 * x_10 + -1448.36050724637 * BlockSize_32 + -3284.70108695652 * BlockSize_512 + -2588.52355072463 * BlockSize_4096 + -2820.16304347826 * BlockSize_32 * Deflate + -2443.44202898551 * BlockSize_1 + -840.289855072453 * Files_60;29.5198279324025;29.5198279324025;29.5198279324025;29.5198279324025;0.768202;10;-840.289855072453 * Files_60;1;1.65306714326652;
9;5995.21166134186 * CompressionMethod + 13712.6757188498 * x_8 + 13944.6645367412 * x_10 + -1427.8873801917 * BlockSize_32 + -1626.37779552716 * BlockSize_512 + -2445.21166134186 * BlockSize_4096 + -2697.32428115014 * BlockSize_32 * Deflate + -2361.54952076678 * BlockSize_1 + -1249.75239616614 * Files_60 + -11301.1661341853 * x_10 * PPMd;27.6047904351607;27.6047904351607;27.6047904351607;27.6047904351607;1.058049;12;-11301.1661341853 * x_10 * PPMd;2;0.957518748620906;
10;6931.92580049261 * CompressionMethod + 13877.0874384236 * x_8 + 13507.6754926108 * x_10 + -2529.01323891627 * BlockSize_32 + -1438.16964285714 * BlockSize_512 + -2027.69242610837 * BlockSize_4096 + -2532.91256157636 * BlockSize_32 * Deflate + -2703.35283251232 * BlockSize_1 + -894.969211822664 * Files_60 + -11530.4772167488 * x_10 * PPMd + -1354.23337438423 * tmOff;24.0188018229397;24.0188018229397;24.0188018229397;24.0188018229397;1.424117;13;-1354.23337438423 * tmOff;1;3.58598861222107;
11;6911.29648241206 * CompressionMethod + 13852.5552763819 * x_8 + 13477.567839196 * x_10 + -2483.85175879397 * BlockSize_32 + -775.243718592963 * BlockSize_512 + -2066.16331658291 * BlockSize_4096 + -2557.44472361808 * BlockSize_32 * Deflate + -2700.00753768842 * BlockSize_1 + -852.595477386926 * Files_60 + -11734.5402010051 * x_10 * PPMd + -1295.13316582915 * tmOff + -1810.91959798997 * BlockSize_512 * filterOff;20.7599344128676;20.7599344128676;20.7599344128676;20.7599344128676;1.869737;15;-1810.91959798997 * BlockSize_512 * filterOff;2;1.62943370503601;
12;6928.61921708185 * CompressionMethod + 13539.3024911032 * x_8 + 13471.7935943061 * x_10 + -2187.92170818505 * BlockSize_32 + -765.138790035591 * BlockSize_512 + -2041.62277580072 * BlockSize_4096 + -2870.69750889678 * BlockSize_32 * Deflate + -2539.77224199288 * BlockSize_1 + -833.829181494654 * Files_60 + -11741.7580071174 * x_10 * PPMd + -1336.99644128115 * tmOff + -1796.48398576512 * BlockSize_512 * filterOff + 1149.07473309609 * x_8 * BlockSize_16;19.7135864079506;19.7135864079506;19.7135864079506;19.7135864079506;2.411583;17;1149.07473309609 * x_8 * BlockSize_16;2;0.52317400245852;
13;6901.84261868631 * CompressionMethod + 13596.1814437459 * x_8 + 13496.6941252981 * x_10 + -2218.02406243227 * BlockSize_32 + -712.864730110548 * BlockSize_512 + -1955.75005419466 * BlockSize_4096 + -2813.81855625404 * BlockSize_32 * Deflate + -2511.88705831346 * BlockSize_1 + -770.980923477131 * Files_60 + -11758.5573379579 * x_10 * PPMd + -1396.09256449165 * tmOff + -1762.88532408411 * BlockSize_512 * filterOff + 1178.0685020594 * x_8 * BlockSize_16 + 479.249945805345 * BlockSize_64;19.5938165079921;19.5938165079921;19.5938165079921;19.5938165079921;3.05112;18;479.249945805345 * BlockSize_64;1;0.119769899958463;
14;6901.84261868633 * CompressionMethod + 13596.1814437459 * x_8 + 13496.6941252981 * x_10 + -2218.02406243226 * BlockSize_32 + -712.864730110555 * BlockSize_512 + -1955.75005419466 * BlockSize_4096 + -2813.81855625405 * BlockSize_32 * Deflate + -2511.88705831346 * BlockSize_1 + -770.98092347713 * Files_60 + -11758.557337958 * x_10 * PPMd + -1396.09256449166 * tmOff + -881.442662042055 * BlockSize_512 * filterOff + 1178.06850205939 * x_8 * BlockSize_16 + 479.24994580534 * BlockSize_64 + -881.442662042056 * BlockSize_512 * filterOff * tmOff;19.4150103853771;19.4150103853771;19.4150103853771;19.4150103853771;3.783683;21;-881.442662042056 * BlockSize_512 * filterOff * tmOff;3;0.0596020408716787;
Elapsed=00:00:03.7840663
Learning progress:
1;6886.08695652174 * CompressionMethod + 16881.4130434783 * x_10;83.6915996072685;83.6915996072685;83.6915996072685;83.6915996072685;0.006106;2;16881.4130434783 * x_10;1;103.416788236654;
2;5045.49999999999 * CompressionMethod + 18722 * x_10 + 14111.1666666667 * x_8;43.7190444485273;43.7190444485273;43.7190444485273;43.7190444485273;0.027057;3;14111.1666666667 * x_8;1;39.9725551587412;
3;3302.50000000001 * CompressionMethod + 20465 * x_10 + 15854.1666666667 * x_8 + 8715.00000000001 * x_6;28.3567413215888;28.3567413215888;28.3567413215888;28.3567413215888;0.065287;4;8715.00000000001 * x_6;1;15.3623031269386;
4;3302.5 * CompressionMethod + 20465 * x_10 + 16280.5 * x_8 + 9354.5 * x_6 + -1279 * Files_20;23.2996943222797;23.2996943222797;23.2996943222797;23.2996943222797;0.126154;5;-1279 * Files_20;1;5.05704699930907;
5;3302.5 * CompressionMethod + 20465 * x_10 + 16280.5 * x_8 + 4677.25 * x_6 + -1279.00000000001 * Files_20 + 4677.25 * x_6 * HeaderCompressionOff;15.8613196403459;15.8613196403459;15.8613196403459;15.8613196403459;0.218232;7;4677.25 * x_6 * HeaderCompressionOff;2;3.7191873409669;
6;3530.83333333334 * CompressionMethod + 20236.6666666667 * x_10 + 16052.1666666667 * x_8 + 4563.08333333334 * x_6 + -1279.00000000001 * Files_20 + 4563.08333333334 * x_6 * HeaderCompressionOff + -913.33333333334 * x_4;13.4874844995803;13.4874844995803;13.4874844995803;13.4874844995803;0.348468;8;-913.33333333334 * x_4;1;2.37383514076559;
7;3530.83333333333 * CompressionMethod + 20236.6666666667 * x_10 + 16052.1666666667 * x_8 + 4563.08333333334 * x_6 + -1278.99999999997 * Files_20 + 4563.08333333334 * x_6 * HeaderCompressionOff + -664.166666666656 * x_4 + -996.666666666661 * Files_10;13.4155148026108;13.4155148026108;13.4155148026108;13.4155148026108;0.518691;9;-996.666666666661 * Files_10;1;0.071969696969532;
Elapsed=00:00:00.5189355
Learning progress:
1;12775.3846153846 * CompressionMethod + -9393.38461538462 * x_2;80.5361333140554;80.5361333140554;80.5361333140554;80.5361333140554;0.005718;2;-9393.38461538462 * x_2;1;167.328325556214;
2;14645.4545454545 * CompressionMethod + -11263.4545454546 * x_2 + -12155.4545454546 * x_4;51.3302862485845;51.3302862485845;51.3302862485845;51.3302862485845;0.027223;3;-12155.4545454546 * x_4;1;29.2058470654708;
3;16289.3233082707 * CompressionMethod + -10496.3157894737 * x_2 + -12292.4436090226 * x_4 + -3013.75939849624 * tmOff;37.2581986989226;37.2581986989226;37.2581986989226;37.2581986989226;0.068331;4;-3013.75939849624 * tmOff;1;14.0720875496619;
4;10875.3975903614 * CompressionMethod + -6368.86746987952 * x_2 + -7682.56626506025 * x_4 + -1405.6626506024 * tmOff + 14258.4578313253 * x_10;29.6919161228151;29.6919161228151;29.6919161228151;29.6919161228151;0.138745;5;14258.4578313253 * x_10;1;7.5662825761075;
5;10539.7885196375 * CompressionMethod + -6207.64350453171 * x_2 + -6943.89728096676 * x_4 + -2211.78247734139 * tmOff + 14939.5468277946 * x_10 + 4096.40483383687 * Files_20;23.6668948377808;23.6668948377808;23.6668948377808;23.6668948377808;0.236408;6;4096.40483383687 * Files_20;1;6.02502128503428;
6;10445.5895578316 * CompressionMethod + -5702.76417686733 * x_2 + -6821.23532350736 * x_4 + -2268.70846864851 * tmOff + 15058.1426430177 * x_10 + 2270.70696977269 * Files_20 + 7402.41194104423 * Files_20 * LZMA;19.852622333232;19.852622333232;19.852622333232;19.852622333232;0.371553;8;7402.41194104423 * Files_20 * LZMA;2;1.90713625227442;
7;10277.0123839009 * CompressionMethod + -5770.19504643963 * x_2 + -6817.48916408669 * x_4 + -1939.04643962848 * tmOff + 15621.0030959753 * x_10 + 2132.09907120742 * Files_20 + 11128.9040247678 * Files_20 * LZMA + -3748.96904024767 * BlockSize_8;17.7963592904964;17.7963592904964;17.7963592904964;17.7963592904964;0.554135;9;-3748.96904024767 * BlockSize_8;1;2.05626304273556;
8;11031.864608076 * CompressionMethod + -5468.2541567696 * x_2 + -6834.26365795725 * x_4 + -3415.20190023753 * tmOff + 13100.635391924 * x_10 + 2752.75534441806 * Files_20 + 14760.5819477435 * Files_20 * LZMA + -7279.99999999997 * BlockSize_8 + 6772.70190023752 * x_10 * tmOff;15.7246653133639;15.7246653133639;15.7246653133639;15.7246653133639;0.79877;11;6772.70190023752 * x_10 * tmOff;2;1.03584698856624;
9;11012.1827613727 * CompressionMethod + -5268.97545889864 * x_2 + -6845.33469672784 * x_4 + -3698.94852354351 * tmOff + 12947.6910415004 * x_10 + 2989.75758180366 * Files_20 + 14827.0081803671 * Files_20 * LZMA + -7970.50478850757 * BlockSize_8 + 7229.07472067041 * x_10 * tmOff + 690.504788507568 * LZMA;13.5368882631285;13.5368882631285;13.5368882631285;13.5368882631285;1.103497;12;690.504788507568 * LZMA;1;2.18777705023548;
10;11190.5313319037 * CompressionMethod + -5030.81486776269 * x_2 + -7766.98355968549 * x_4 + -4307.21864824079 * tmOff + 12630.3248351998 * x_10 + 3340.29227225796 * Files_20 + 14906.3950440791 * Files_20 * LZMA + -8526.57533158606 * BlockSize_8 + 7976.3624811373 * x_10 * tmOff + 1246.57533158606 * LZMA + 3633.67087602252 * BlockSize_4;12.5186337006687;12.5186337006687;12.5186337006687;12.5186337006687;1.481133;13;3633.67087602252 * BlockSize_4;1;1.01825456245974;
11;11190.5313319037 * CompressionMethod + -5030.81486776268 * x_2 + -7766.98355968549 * x_4 + -4307.21864824081 * tmOff + 12630.3248351998 * x_10 + 3340.29227225797 * Files_20 + 14906.3950440791 * Files_20 * LZMA + -4263.28766579304 * BlockSize_8 + 7976.36248113732 * x_10 * tmOff + 1246.57533158605 * LZMA + 3633.67087602258 * BlockSize_4 + -4263.28766579304 * BlockSize_8 * LZMA;11.1694543689829;11.1694543689829;11.1694543689829;11.1694543689829;1.926909;15;-4263.28766579304 * BlockSize_8 * LZMA;2;0.674589665842896;
12;11190.5313319037 * CompressionMethod + -5030.81486776269 * x_2 + -7766.9835596855 * x_4 + -4307.21864824083 * tmOff + 12630.3248351998 * x_10 + 3340.29227225797 * Files_20 + 14906.3950440791 * Files_20 * LZMA + -2842.19177719536 * BlockSize_8 + 7976.36248113735 * x_10 * tmOff + 1246.57533158607 * LZMA + 3633.6708760226 * BlockSize_4 + -2842.19177719536 * BlockSize_8 * LZMA + -2842.19177719536 * BlockSize_8 * filterOff;10.5898933524091;10.5898933524091;10.5898933524091;10.5898933524091;2.460965;17;-2842.19177719536 * BlockSize_8 * filterOff;2;0.289780508286901;
13;11186.7269667648 * CompressionMethod + -5000.58897770299 * x_2 + -7764.97686159023 * x_4 + -4290.67732435843 * tmOff + 12636.9162810265 * x_10 + 3317.48001682793 * Files_20 + 14741.0096760623 * Files_20 * LZMA + -2779.98878137709 * BlockSize_8 + 7957.03407656709 * x_10 * tmOff + 1235.42700883465 * LZMA + 3618.92721918382 * BlockSize_4 + -2779.98878137708 * BlockSize_8 * LZMA + -2779.98878137708 * BlockSize_8 * filterOff + -175.460664703412 * tmOff * Files_80;10.4432463299413;10.4432463299413;10.4432463299413;10.4432463299413;3.095933;19;-175.460664703412 * tmOff * Files_80;2;0.0733235112339292;
Elapsed=00:00:03.0962981
Learning progress:
1;11356.8965517241 * CompressionMethod + -8846.89655172414 * BlockSize_1024;114.711352653924;114.711352653924;114.711352653924;114.711352653924;0.007843;2;-8846.89655172414 * BlockSize_1024;1;205.02520598467;
2;7521.90635451505 * CompressionMethod + -8719.06354515051 * BlockSize_1024 + 5560.73578595318 * filterOff;86.2899823370832;86.2899823370832;86.2899823370832;86.2899823370832;0.027827;3;5560.73578595318 * filterOff;1;28.4213703168413;
3;5792.73409893992 * CompressionMethod + -9013.14045936395 * BlockSize_1024 + 5078.44964664312 * filterOff + 3517.15989399293 * HeaderCompressionOff;52.0292062157222;52.0292062157222;52.0292062157222;52.0292062157222;0.067422;4;3517.15989399293 * HeaderCompressionOff;1;34.260776121361;
4;3494.97700562084 * CompressionMethod + -8481.73735309147 * BlockSize_1024 + 6627.75166070517 * filterOff + 4617.38886050077 * HeaderCompressionOff + 16945.0229943792 * Files_50;38.9670789884693;38.9670789884693;38.9670789884693;38.9670789884693;0.131687;5;16945.0229943792 * Files_50;1;13.0621272272529;
5;2548.794489093 * CompressionMethod + -7526.67049368542 * BlockSize_1024 + 6840.97588978187 * filterOff + 4390.83811710678 * HeaderCompressionOff + 17891.205510907 * Files_50 + 8693.32950631459 * x_8;29.2320887973568;29.2320887973568;29.2320887973568;29.2320887973568;0.22527;6;8693.32950631459 * x_8;1;9.73499019111252;
6;2108.88535031848 * CompressionMethod + -7420.54140127388 * BlockSize_1024 + 7297.89808917197 * filterOff + 4434.58598726115 * HeaderCompressionOff + 18331.1146496815 * Files_50 + 8093.82165605094 * x_8 + 2116.91082802548 * BlockSize_1;27.7169238245554;27.7169238245554;27.7169238245554;27.7169238245554;0.352376;7;2116.91082802548 * BlockSize_1;1;1.51516497280141;
7;1667.39675016925 * CompressionMethod + -8159.90182802979 * BlockSize_1024 + 8111.72647257957 * filterOff + 5392.03114421124 * HeaderCompressionOff + 18772.6032498308 * Files_50 + 7221.4827352742 * x_8 + 2515.84631008803 * BlockSize_1 + -9186.15436696007 * BlockSize_64;25.9792133921251;25.9792133921251;25.9792133921251;25.9792133921251;0.558559;8;-9186.15436696007 * BlockSize_64;1;1.73771043243029;
8;1941.05442176872 * CompressionMethod + -8334.04761904762 * BlockSize_1024 + 8397.82312925169 * filterOff + 4956.66666666666 * HeaderCompressionOff + 18498.9455782313 * Files_50 + 7034.89795918368 * x_8 + 7802.41496598639 * BlockSize_1 + -6685.91836734694 * BlockSize_64 + -5249.25170068028 * Files_30;23.6527936564602;23.6527936564602;23.6527936564602;23.6527936564602;0.836581;9;-5249.25170068028 * Files_30;1;2.32641973566489;
9;1685.60769656698 * CompressionMethod + -8930.0899778516 * BlockSize_1024 + 9079.01439645627 * filterOff + 5552.70902547066 * HeaderCompressionOff + 18754.392303433 * Files_50 + 9674.51411960133 * x_8 + 9505.39313399782 * BlockSize_1 + -2002.7284053156 * BlockSize_64 + -8314.6124031008 * Files_30 + -8344.59302325582 * HeaderCompressionOff * Files_90;18.3873983304196;18.3873983304196;18.3873983304196;18.3873983304196;1.097537;11;-8344.59302325582 * HeaderCompressionOff * Files_90;2;2.63269766302029;
10;1739.64875681201 * CompressionMethod + -8978.05900885558 * BlockSize_1024 + 9152.48595027248 * filterOff + 5470.12942779292 * HeaderCompressionOff + 18700.351243188 * Files_50 + 12814.9676430518 * x_8 + 10668.1867336512 * BlockSize_1 + -1070.06471389646 * BlockSize_64 + -8867.1670640327 * Files_30 + -9747.23177792915 * HeaderCompressionOff * Files_90 + -4386.43392370575 * x_8 * mtOff;16.7071479146095;16.7071479146095;16.7071479146095;16.7071479146095;1.435047;13;-4386.43392370575 * x_8 * mtOff;2;0.840125207905063;
11;1739.64875681199 * CompressionMethod + -8978.0590088556 * BlockSize_1024 + 9152.48595027248 * filterOff + 5470.12942779292 * HeaderCompressionOff + 18700.351243188 * Files_50 + 12814.9676430518 * x_8 + 10668.1867336512 * BlockSize_1 + -535.032356948235 * BlockSize_64 + -8867.16706403269 * Files_30 + -9747.23177792919 * HeaderCompressionOff * Files_90 + -4386.43392370577 * x_8 * mtOff + -535.03235694823 * BlockSize_64 * filterOff;16.7071479146092;16.7071479146092;16.7071479146092;16.7071479146092;1.845214;15;-535.03235694823 * BlockSize_64 * filterOff;2;1.70530256582424E-13;
Elapsed=00:00:01.8455140
Learning progress:
1;12704.6153846154 * CompressionMethod + -8132.61538461538 * x_0;155.05748921056;155.05748921056;155.05748921056;155.05748921056;0.008461;2;-8132.61538461538 * x_0;1;95.8113075632079;
2;14498.6363636364 * CompressionMethod + -9926.63636363638 * x_0 + -11661.1363636364 * x_4;97.6994024186794;97.6994024186794;97.6994024186794;97.6994024186794;0.028744;3;-11661.1363636364 * x_4;1;57.3580867918809;
3;19628 * CompressionMethod + -15056 * x_0 + -16790.5 * x_4 + -16120.8571428571 * x_2;53.0203807411209;53.0203807411209;53.0203807411209;53.0203807411209;0.068935;4;-16120.8571428571 * x_2;1;44.6790216775585;
4;19101.0220955096 * CompressionMethod + -16109.9558089808 * x_0 + -18239.6892373486 * x_4 + -16723.1176051319 * x_2 + 7904.66856735566 * BlockSize_4096;35.1570378148874;35.1570378148874;35.1570378148874;35.1570378148874;0.131633;5;7904.66856735566 * BlockSize_4096;1;17.8633429262335;
5;19040.1142857143 * CompressionMethod + -16231.7714285714 * x_0 + -17150.5142857143 * x_4 + -16074.6285714286 * x_2 + 8818.28571428573 * BlockSize_4096 + -5026.68571428572 * Files_80;30.268367023845;30.268367023845;30.268367023845;30.268367023845;0.223334;6;-5026.68571428572 * Files_80;1;4.88867079104241;
6;19043.9165154265 * CompressionMethod + -16046.7295825772 * x_0 + -17145.444646098 * x_4 + -16073.3611615245 * x_2 + 8761.25226860255 * BlockSize_4096 + -5005.13974591652 * Files_80 + -887.186932849352 * Files_40;28.3564983401042;28.3564983401042;28.3564983401042;28.3564983401042;0.351383;7;-887.186932849352 * Files_40;1;1.91186868374077;
7;19043.9165154265 * CompressionMethod + -16046.7295825771 * x_0 + -17145.444646098 * x_4 + -16073.3611615245 * x_2 + 8761.25226860255 * BlockSize_4096 + -5005.13974591652 * Files_80 + -443.593466424668 * Files_40 + -443.593466424668 * x_0 * Deflate;26.7883653281391;26.7883653281391;26.7883653281391;26.7883653281391;0.516764;9;-443.593466424668 * x_0 * Deflate;2;0.784066505982542;
8;19043.9165154265 * CompressionMethod + -16046.7295825771 * x_0 + -17145.444646098 * x_4 + -16073.3611615245 * x_2 + 8761.25226860256 * BlockSize_4096 + -2502.56987295827 * Files_80 + -443.59346642468 * Files_40 + -443.593466424677 * x_0 * Deflate + -2502.56987295827 * Files_80 * Deflate;25.2405116214605;25.2405116214605;25.2405116214605;25.2405116214605;0.737856;11;-2502.56987295827 * Files_80 * Deflate;2;0.773926853339324;
9;18941.8657491561 * CompressionMethod + -15952.8356271098 * x_0 + -17048.4692287717 * x_4 + -15974.2105946507 * x_2 + 8793.87951181512 * BlockSize_4096 + -2508.73279667622 * Files_80 + -439.515061023088 * Files_40 + -439.515061023088 * x_0 * Deflate + -2508.73279667622 * Files_80 * Deflate + 1498.13425084387 * Files_50;25.0666359184397;25.0666359184397;25.0666359184397;25.0666359184397;1.016222;12;1498.13425084387 * Files_50;1;0.173875703020755;
Elapsed=00:00:01.0164796
Learning progress:
1;6555.38461538461 * CompressionMethod + 12394.6153846154 * x_8;90.3753896573691;90.3753896573691;90.3753896573691;90.3753896573691;0.008071;2;12394.6153846154 * x_8;1;49.5388883756638;
2;5179.52380952381 * CompressionMethod + 13770.4761904762 * x_8 + 7154.47619047619 * x_10;63.6535757850141;63.6535757850141;63.6535757850141;63.6535757850141;0.028222;3;7154.47619047619 * x_10;1;26.721813872355;
3;5287.66304347825 * CompressionMethod + 14116.5217391304 * x_8 + 7046.33695652174 * x_10 + -2270.92391304349 * BlockSize_32;50.3947916532111;50.3947916532111;50.3947916532111;50.3947916532111;0.067473;4;-2270.92391304349 * BlockSize_32;1;13.258784131803;
4;5556.58597662771 * CompressionMethod + 13877.4791318865 * x_8 + 7327.21202003338 * x_10 + -2420.32554257095 * BlockSize_32 + -2748.98998330551 * BlockSize_512;44.2531538865537;44.2531538865537;44.2531538865537;44.2531538865537;0.12977;5;-2748.98998330551 * BlockSize_512;1;6.14163776665746;
5;5792.43470149253 * CompressionMethod + 13667.8358208955 * x_8 + 7125.05597014926 * x_10 + -2551.3526119403 * BlockSize_32 + -2917.45335820895 * BlockSize_512 + -2242.43470149253 * BlockSize_4096;37.1580160276262;37.1580160276262;37.1580160276262;37.1580160276262;0.225298;6;-2242.43470149253 * BlockSize_4096;1;7.09513785892748;
6;5875.17241379311 * CompressionMethod + 13242.3275862069 * x_8 + 7054.13793103448 * x_10 + -837.500000000015 * BlockSize_32 + -2976.55172413793 * BlockSize_512 + -2325.1724137931 * BlockSize_4096 + -3167.67241379308 * BlockSize_32 * Deflate;32.9893712687873;32.9893712687873;32.9893712687873;32.9893712687873;0.356354;8;-3167.67241379308 * BlockSize_32 * Deflate;2;2.08432237941946;
7;6018.48214285714 * CompressionMethod + 13692.7295918367 * x_8 + 6931.30102040816 * x_10 + -1431.21173469387 * BlockSize_32 + -3078.91581632653 * BlockSize_512 + -2468.48214285715 * BlockSize_4096 + -2717.27040816327 * BlockSize_32 * Deflate + -2374.8469387755 * BlockSize_1;31.172895075669;31.172895075669;31.172895075669;31.172895075669;0.53721;9;-2374.8469387755 * BlockSize_1;1;1.81647619311821;
8;6138.52355072464 * CompressionMethod + 13589.8369565217 * x_8 + 7188.53260869565 * x_10 + -1448.36050724637 * BlockSize_32 + -3284.70108695652 * BlockSize_512 + -2588.52355072463 * BlockSize_4096 + -2820.16304347826 * BlockSize_32 * Deflate + -2443.44202898551 * BlockSize_1 + -840.289855072453 * Files_60;29.5198279324025;29.5198279324025;29.5198279324025;29.5198279324025;0.774729;10;-840.289855072453 * Files_60;1;1.65306714326652;
9;5995.21166134186 * CompressionMethod + 13712.6757188498 * x_8 + 13944.6645367412 * x_10 + -1427.8873801917 * BlockSize_32 + -1626.37779552716 * BlockSize_512 + -2445.21166134186 * BlockSize_4096 + -2697.32428115014 * BlockSize_32 * Deflate + -2361.54952076678 * BlockSize_1 + -1249.75239616614 * Files_60 + -11301.1661341853 * x_10 * PPMd;27.6047904351607;27.6047904351607;27.6047904351607;27.6047904351607;1.060636;12;-11301.1661341853 * x_10 * PPMd;2;0.957518748620906;
10;6931.92580049261 * CompressionMethod + 13877.0874384236 * x_8 + 13507.6754926108 * x_10 + -2529.01323891627 * BlockSize_32 + -1438.16964285714 * BlockSize_512 + -2027.69242610837 * BlockSize_4096 + -2532.91256157636 * BlockSize_32 * Deflate + -2703.35283251232 * BlockSize_1 + -894.969211822664 * Files_60 + -11530.4772167488 * x_10 * PPMd + -1354.23337438423 * tmOff;24.0188018229397;24.0188018229397;24.0188018229397;24.0188018229397;1.428082;13;-1354.23337438423 * tmOff;1;3.58598861222107;
11;6911.29648241206 * CompressionMethod + 13852.5552763819 * x_8 + 13477.567839196 * x_10 + -2483.85175879397 * BlockSize_32 + -775.243718592963 * BlockSize_512 + -2066.16331658291 * BlockSize_4096 + -2557.44472361808 * BlockSize_32 * Deflate + -2700.00753768842 * BlockSize_1 + -852.595477386926 * Files_60 + -11734.5402010051 * x_10 * PPMd + -1295.13316582915 * tmOff + -1810.91959798997 * BlockSize_512 * filterOff;20.7599344128676;20.7599344128676;20.7599344128676;20.7599344128676;1.868292;15;-1810.91959798997 * BlockSize_512 * filterOff;2;1.62943370503601;
12;6928.61921708185 * CompressionMethod + 13539.3024911032 * x_8 + 13471.7935943061 * x_10 + -2187.92170818505 * BlockSize_32 + -765.138790035591 * BlockSize_512 + -2041.62277580072 * BlockSize_4096 + -2870.69750889678 * BlockSize_32 * Deflate + -2539.77224199288 * BlockSize_1 + -833.829181494654 * Files_60 + -11741.7580071174 * x_10 * PPMd + -1336.99644128115 * tmOff + -1796.48398576512 * BlockSize_512 * filterOff + 1149.07473309609 * x_8 * BlockSize_16;19.7135864079506;19.7135864079506;19.7135864079506;19.7135864079506;2.408017;17;1149.07473309609 * x_8 * BlockSize_16;2;0.52317400245852;
13;6901.84261868631 * CompressionMethod + 13596.1814437459 * x_8 + 13496.6941252981 * x_10 + -2218.02406243227 * BlockSize_32 + -712.864730110548 * BlockSize_512 + -1955.75005419466 * BlockSize_4096 + -2813.81855625404 * BlockSize_32 * Deflate + -2511.88705831346 * BlockSize_1 + -770.980923477131 * Files_60 + -11758.5573379579 * x_10 * PPMd + -1396.09256449165 * tmOff + -1762.88532408411 * BlockSize_512 * filterOff + 1178.0685020594 * x_8 * BlockSize_16 + 479.249945805345 * BlockSize_64;19.5938165079921;19.5938165079921;19.5938165079921;19.5938165079921;3.048169;18;479.249945805345 * BlockSize_64;1;0.119769899958463;
Elapsed=00:00:03.0485269
Learning progress:
1;6886.08695652174 * CompressionMethod + 16881.4130434783 * x_10;83.6915996072685;83.6915996072685;83.6915996072685;83.6915996072685;0.008273;2;16881.4130434783 * x_10;1;103.416788236654;
2;5045.49999999999 * CompressionMethod + 18722 * x_10 + 14111.1666666667 * x_8;43.7190444485273;43.7190444485273;43.7190444485273;43.7190444485273;0.027866;3;14111.1666666667 * x_8;1;39.9725551587412;
3;3302.50000000001 * CompressionMethod + 20465 * x_10 + 15854.1666666667 * x_8 + 8715.00000000001 * x_6;28.3567413215888;28.3567413215888;28.3567413215888;28.3567413215888;0.066583;4;8715.00000000001 * x_6;1;15.3623031269386;
4;3302.5 * CompressionMethod + 20465 * x_10 + 16280.5 * x_8 + 9354.5 * x_6 + -1279 * Files_20;23.2996943222797;23.2996943222797;23.2996943222797;23.2996943222797;0.128946;5;-1279 * Files_20;1;5.05704699930907;
5;3302.5 * CompressionMethod + 20465 * x_10 + 16280.5 * x_8 + 4677.25 * x_6 + -1279.00000000001 * Files_20 + 4677.25 * x_6 * HeaderCompressionOff;15.8613196403459;15.8613196403459;15.8613196403459;15.8613196403459;0.219832;7;4677.25 * x_6 * HeaderCompressionOff;2;3.7191873409669;
6;3530.83333333334 * CompressionMethod + 20236.6666666667 * x_10 + 16052.1666666667 * x_8 + 4563.08333333334 * x_6 + -1279.00000000001 * Files_20 + 4563.08333333334 * x_6 * HeaderCompressionOff + -913.33333333334 * x_4;13.4874844995803;13.4874844995803;13.4874844995803;13.4874844995803;0.349952;8;-913.33333333334 * x_4;1;2.37383514076559;
7;3530.83333333333 * CompressionMethod + 20236.6666666667 * x_10 + 16052.1666666667 * x_8 + 4563.08333333334 * x_6 + -1278.99999999997 * Files_20 + 4563.08333333334 * x_6 * HeaderCompressionOff + -664.166666666656 * x_4 + -996.666666666661 * Files_10;13.4155148026108;13.4155148026108;13.4155148026108;13.4155148026108;0.520756;9;-996.666666666661 * Files_10;1;0.071969696969532;
Elapsed=00:00:00.5210007
Learning progress:
1;12775.3846153846 * CompressionMethod + -9393.38461538462 * x_2;80.5361333140554;80.5361333140554;80.5361333140554;80.5361333140554;0.008543;2;-9393.38461538462 * x_2;1;167.328325556214;
2;14645.4545454545 * CompressionMethod + -11263.4545454546 * x_2 + -12155.4545454546 * x_4;51.3302862485845;51.3302862485845;51.3302862485845;51.3302862485845;0.029965;3;-12155.4545454546 * x_4;1;29.2058470654708;
3;16289.3233082707 * CompressionMethod + -10496.3157894737 * x_2 + -12292.4436090226 * x_4 + -3013.75939849624 * tmOff;37.2581986989226;37.2581986989226;37.2581986989226;37.2581986989226;0.070712;4;-3013.75939849624 * tmOff;1;14.0720875496619;
4;10875.3975903614 * CompressionMethod + -6368.86746987952 * x_2 + -7682.56626506025 * x_4 + -1405.6626506024 * tmOff + 14258.4578313253 * x_10;29.6919161228151;29.6919161228151;29.6919161228151;29.6919161228151;0.138919;5;14258.4578313253 * x_10;1;7.5662825761075;
5;10539.7885196375 * CompressionMethod + -6207.64350453171 * x_2 + -6943.89728096676 * x_4 + -2211.78247734139 * tmOff + 14939.5468277946 * x_10 + 4096.40483383687 * Files_20;23.6668948377808;23.6668948377808;23.6668948377808;23.6668948377808;0.238666;6;4096.40483383687 * Files_20;1;6.02502128503428;
6;10445.5895578316 * CompressionMethod + -5702.76417686733 * x_2 + -6821.23532350736 * x_4 + -2268.70846864851 * tmOff + 15058.1426430177 * x_10 + 2270.70696977269 * Files_20 + 7402.41194104423 * Files_20 * LZMA;19.852622333232;19.852622333232;19.852622333232;19.852622333232;0.374346;8;7402.41194104423 * Files_20 * LZMA;2;1.90713625227442;
7;10277.0123839009 * CompressionMethod + -5770.19504643963 * x_2 + -6817.48916408669 * x_4 + -1939.04643962848 * tmOff + 15621.0030959753 * x_10 + 2132.09907120742 * Files_20 + 11128.9040247678 * Files_20 * LZMA + -3748.96904024767 * BlockSize_8;17.7963592904964;17.7963592904964;17.7963592904964;17.7963592904964;0.559131;9;-3748.96904024767 * BlockSize_8;1;2.05626304273556;
8;11031.864608076 * CompressionMethod + -5468.2541567696 * x_2 + -6834.26365795725 * x_4 + -3415.20190023753 * tmOff + 13100.635391924 * x_10 + 2752.75534441806 * Files_20 + 14760.5819477435 * Files_20 * LZMA + -7279.99999999997 * BlockSize_8 + 6772.70190023752 * x_10 * tmOff;15.7246653133639;15.7246653133639;15.7246653133639;15.7246653133639;0.79755;11;6772.70190023752 * x_10 * tmOff;2;1.03584698856624;
9;11012.1827613727 * CompressionMethod + -5268.97545889864 * x_2 + -6845.33469672784 * x_4 + -3698.94852354351 * tmOff + 12947.6910415004 * x_10 + 2989.75758180366 * Files_20 + 14827.0081803671 * Files_20 * LZMA + -7970.50478850757 * BlockSize_8 + 7229.07472067041 * x_10 * tmOff + 690.504788507568 * LZMA;13.5368882631285;13.5368882631285;13.5368882631285;13.5368882631285;1.10287;12;690.504788507568 * LZMA;1;2.18777705023548;
10;11190.5313319037 * CompressionMethod + -5030.81486776269 * x_2 + -7766.98355968549 * x_4 + -4307.21864824079 * tmOff + 12630.3248351998 * x_10 + 3340.29227225796 * Files_20 + 14906.3950440791 * Files_20 * LZMA + -8526.57533158606 * BlockSize_8 + 7976.3624811373 * x_10 * tmOff + 1246.57533158606 * LZMA + 3633.67087602252 * BlockSize_4;12.5186337006687;12.5186337006687;12.5186337006687;12.5186337006687;1.477992;13;3633.67087602252 * BlockSize_4;1;1.01825456245974;
11;11190.5313319037 * CompressionMethod + -5030.81486776268 * x_2 + -7766.98355968549 * x_4 + -4307.21864824081 * tmOff + 12630.3248351998 * x_10 + 3340.29227225797 * Files_20 + 14906.3950440791 * Files_20 * LZMA + -4263.28766579304 * BlockSize_8 + 7976.36248113732 * x_10 * tmOff + 1246.57533158605 * LZMA + 3633.67087602258 * BlockSize_4 + -4263.28766579304 * BlockSize_8 * LZMA;11.1694543689829;11.1694543689829;11.1694543689829;11.1694543689829;1.92473;15;-4263.28766579304 * BlockSize_8 * LZMA;2;0.674589665842896;
12;11190.5313319037 * CompressionMethod + -5030.81486776269 * x_2 + -7766.9835596855 * x_4 + -4307.21864824083 * tmOff + 12630.3248351998 * x_10 + 3340.29227225797 * Files_20 + 14906.3950440791 * Files_20 * LZMA + -2842.19177719536 * BlockSize_8 + 7976.36248113735 * x_10 * tmOff + 1246.57533158607 * LZMA + 3633.6708760226 * BlockSize_4 + -2842.19177719536 * BlockSize_8 * LZMA + -2842.19177719536 * BlockSize_8 * filterOff;10.5898933524091;10.5898933524091;10.5898933524091;10.5898933524091;2.463463;17;-2842.19177719536 * BlockSize_8 * filterOff;2;0.289780508286901;
13;11186.7269667648 * CompressionMethod + -5000.58897770299 * x_2 + -7764.97686159023 * x_4 + -4290.67732435843 * tmOff + 12636.9162810265 * x_10 + 3317.48001682793 * Files_20 + 14741.0096760623 * Files_20 * LZMA + -2779.98878137709 * BlockSize_8 + 7957.03407656709 * x_10 * tmOff + 1235.42700883465 * LZMA + 3618.92721918382 * BlockSize_4 + -2779.98878137708 * BlockSize_8 * LZMA + -2779.98878137708 * BlockSize_8 * filterOff + -175.460664703412 * tmOff * Files_80;10.4432463299413;10.4432463299413;10.4432463299413;10.4432463299413;3.099561;19;-175.460664703412 * tmOff * Files_80;2;0.0733235112339292;
Elapsed=00:00:03.0999262
Learning progress:
1;11356.8965517241 * CompressionMethod + -8846.89655172414 * BlockSize_1024;114.711352653924;114.711352653924;114.711352653924;114.711352653924;0.008693;2;-8846.89655172414 * BlockSize_1024;1;205.02520598467;
2;7521.90635451505 * CompressionMethod + -8719.06354515051 * BlockSize_1024 + 5560.73578595318 * filterOff;86.2899823370832;86.2899823370832;86.2899823370832;86.2899823370832;0.028505;3;5560.73578595318 * filterOff;1;28.4213703168413;
3;5792.73409893992 * CompressionMethod + -9013.14045936395 * BlockSize_1024 + 5078.44964664312 * filterOff + 3517.15989399293 * HeaderCompressionOff;52.0292062157222;52.0292062157222;52.0292062157222;52.0292062157222;0.069145;4;3517.15989399293 * HeaderCompressionOff;1;34.260776121361;
4;3494.97700562084 * CompressionMethod + -8481.73735309147 * BlockSize_1024 + 6627.75166070517 * filterOff + 4617.38886050077 * HeaderCompressionOff + 16945.0229943792 * Files_50;38.9670789884693;38.9670789884693;38.9670789884693;38.9670789884693;0.133824;5;16945.0229943792 * Files_50;1;13.0621272272529;
5;2548.794489093 * CompressionMethod + -7526.67049368542 * BlockSize_1024 + 6840.97588978187 * filterOff + 4390.83811710678 * HeaderCompressionOff + 17891.205510907 * Files_50 + 8693.32950631459 * x_8;29.2320887973568;29.2320887973568;29.2320887973568;29.2320887973568;0.225469;6;8693.32950631459 * x_8;1;9.73499019111252;
6;2108.88535031848 * CompressionMethod + -7420.54140127388 * BlockSize_1024 + 7297.89808917197 * filterOff + 4434.58598726115 * HeaderCompressionOff + 18331.1146496815 * Files_50 + 8093.82165605094 * x_8 + 2116.91082802548 * BlockSize_1;27.7169238245554;27.7169238245554;27.7169238245554;27.7169238245554;0.352656;7;2116.91082802548 * BlockSize_1;1;1.51516497280141;
7;1667.39675016925 * CompressionMethod + -8159.90182802979 * BlockSize_1024 + 8111.72647257957 * filterOff + 5392.03114421124 * HeaderCompressionOff + 18772.6032498308 * Files_50 + 7221.4827352742 * x_8 + 2515.84631008803 * BlockSize_1 + -9186.15436696007 * BlockSize_64;25.9792133921251;25.9792133921251;25.9792133921251;25.9792133921251;0.523652;8;-9186.15436696007 * BlockSize_64;1;1.73771043243029;
8;1941.05442176872 * CompressionMethod + -8334.04761904762 * BlockSize_1024 + 8397.82312925169 * filterOff + 4956.66666666666 * HeaderCompressionOff + 18498.9455782313 * Files_50 + 7034.89795918368 * x_8 + 7802.41496598639 * BlockSize_1 + -6685.91836734694 * BlockSize_64 + -5249.25170068028 * Files_30;23.6527936564602;23.6527936564602;23.6527936564602;23.6527936564602;0.735696;9;-5249.25170068028 * Files_30;1;2.32641973566489;
9;1685.60769656698 * CompressionMethod + -8930.0899778516 * BlockSize_1024 + 9079.01439645627 * filterOff + 5552.70902547066 * HeaderCompressionOff + 18754.392303433 * Files_50 + 9674.51411960133 * x_8 + 9505.39313399782 * BlockSize_1 + -2002.7284053156 * BlockSize_64 + -8314.6124031008 * Files_30 + -8344.59302325582 * HeaderCompressionOff * Files_90;18.3873983304196;18.3873983304196;18.3873983304196;18.3873983304196;0.997866;11;-8344.59302325582 * HeaderCompressionOff * Files_90;2;2.63269766302029;
10;1739.64875681201 * CompressionMethod + -8978.05900885558 * BlockSize_1024 + 9152.48595027248 * filterOff + 5470.12942779292 * HeaderCompressionOff + 18700.351243188 * Files_50 + 12814.9676430518 * x_8 + 10668.1867336512 * BlockSize_1 + -1070.06471389646 * BlockSize_64 + -8867.1670640327 * Files_30 + -9747.23177792915 * HeaderCompressionOff * Files_90 + -4386.43392370575 * x_8 * mtOff;16.7071479146095;16.7071479146095;16.7071479146095;16.7071479146095;1.338294;13;-4386.43392370575 * x_8 * mtOff;2;0.840125207905063;
11;1739.64875681199 * CompressionMethod + -8978.0590088556 * BlockSize_1024 + 9152.48595027248 * filterOff + 5470.12942779292 * HeaderCompressionOff + 18700.351243188 * Files_50 + 12814.9676430518 * x_8 + 10668.1867336512 * BlockSize_1 + -535.032356948235 * BlockSize_64 + -8867.16706403269 * Files_30 + -9747.23177792919 * HeaderCompressionOff * Files_90 + -4386.43392370577 * x_8 * mtOff + -535.03235694823 * BlockSize_64 * filterOff;16.7071479146092;16.7071479146092;16.7071479146092;16.7071479146092;1.752685;15;-535.03235694823 * BlockSize_64 * filterOff;2;1.70530256582424E-13;
Elapsed=00:00:01.7529772
Learning progress:
1;12704.6153846154 * CompressionMethod + -8132.61538461538 * x_0;155.05748921056;155.05748921056;155.05748921056;155.05748921056;0.006077;2;-8132.61538461538 * x_0;1;95.8113075632079;
2;14498.6363636364 * CompressionMethod + -9926.63636363638 * x_0 + -11661.1363636364 * x_4;97.6994024186794;97.6994024186794;97.6994024186794;97.6994024186794;0.02916;3;-11661.1363636364 * x_4;1;57.3580867918809;
3;19628 * CompressionMethod + -15056 * x_0 + -16790.5 * x_4 + -16120.8571428571 * x_2;53.0203807411209;53.0203807411209;53.0203807411209;53.0203807411209;0.068358;4;-16120.8571428571 * x_2;1;44.6790216775585;
4;19101.0220955096 * CompressionMethod + -16109.9558089808 * x_0 + -18239.6892373486 * x_4 + -16723.1176051319 * x_2 + 7904.66856735566 * BlockSize_4096;35.1570378148874;35.1570378148874;35.1570378148874;35.1570378148874;0.13928;5;7904.66856735566 * BlockSize_4096;1;17.8633429262335;
5;19040.1142857143 * CompressionMethod + -16231.7714285714 * x_0 + -17150.5142857143 * x_4 + -16074.6285714286 * x_2 + 8818.28571428573 * BlockSize_4096 + -5026.68571428572 * Files_80;30.268367023845;30.268367023845;30.268367023845;30.268367023845;0.230147;6;-5026.68571428572 * Files_80;1;4.88867079104241;
6;19043.9165154265 * CompressionMethod + -16046.7295825772 * x_0 + -17145.444646098 * x_4 + -16073.3611615245 * x_2 + 8761.25226860255 * BlockSize_4096 + -5005.13974591652 * Files_80 + -887.186932849352 * Files_40;28.3564983401042;28.3564983401042;28.3564983401042;28.3564983401042;0.360755;7;-887.186932849352 * Files_40;1;1.91186868374077;
7;19043.9165154265 * CompressionMethod + -16046.7295825771 * x_0 + -17145.444646098 * x_4 + -16073.3611615245 * x_2 + 8761.25226860255 * BlockSize_4096 + -5005.13974591652 * Files_80 + -443.593466424668 * Files_40 + -443.593466424668 * x_0 * Deflate;26.7883653281391;26.7883653281391;26.7883653281391;26.7883653281391;0.528941;9;-443.593466424668 * x_0 * Deflate;2;0.784066505982542;
8;19043.9165154265 * CompressionMethod + -16046.7295825771 * x_0 + -17145.444646098 * x_4 + -16073.3611615245 * x_2 + 8761.25226860256 * BlockSize_4096 + -2502.56987295827 * Files_80 + -443.59346642468 * Files_40 + -443.593466424677 * x_0 * Deflate + -2502.56987295827 * Files_80 * Deflate;25.2405116214605;25.2405116214605;25.2405116214605;25.2405116214605;0.751583;11;-2502.56987295827 * Files_80 * Deflate;2;0.773926853339324;
9;18941.8657491561 * CompressionMethod + -15952.8356271098 * x_0 + -17048.4692287717 * x_4 + -15974.2105946507 * x_2 + 8793.87951181512 * BlockSize_4096 + -2508.73279667622 * Files_80 + -439.515061023088 * Files_40 + -439.515061023088 * x_0 * Deflate + -2508.73279667622 * Files_80 * Deflate + 1498.13425084387 * Files_50;25.0666359184397;25.0666359184397;25.0666359184397;25.0666359184397;1.032111;12;1498.13425084387 * Files_50;1;0.173875703020755;
Elapsed=00:00:01.0323926
Learning progress:
1;6555.38461538461 * CompressionMethod + 12394.6153846154 * x_8;90.3753896573691;90.3753896573691;90.3753896573691;90.3753896573691;0.008658;2;12394.6153846154 * x_8;1;49.5388883756638;
2;5179.52380952381 * CompressionMethod + 13770.4761904762 * x_8 + 7154.47619047619 * x_10;63.6535757850141;63.6535757850141;63.6535757850141;63.6535757850141;0.028737;3;7154.47619047619 * x_10;1;26.721813872355;
3;5287.66304347825 * CompressionMethod + 14116.5217391304 * x_8 + 7046.33695652174 * x_10 + -2270.92391304349 * BlockSize_32;50.3947916532111;50.3947916532111;50.3947916532111;50.3947916532111;0.067268;4;-2270.92391304349 * BlockSize_32;1;13.258784131803;
4;5556.58597662771 * CompressionMethod + 13877.4791318865 * x_8 + 7327.21202003338 * x_10 + -2420.32554257095 * BlockSize_32 + -2748.98998330551 * BlockSize_512;44.2531538865537;44.2531538865537;44.2531538865537;44.2531538865537;0.130461;5;-2748.98998330551 * BlockSize_512;1;6.14163776665746;
5;5792.43470149253 * CompressionMethod + 13667.8358208955 * x_8 + 7125.05597014926 * x_10 + -2551.3526119403 * BlockSize_32 + -2917.45335820895 * BlockSize_512 + -2242.43470149253 * BlockSize_4096;37.1580160276262;37.1580160276262;37.1580160276262;37.1580160276262;0.225419;6;-2242.43470149253 * BlockSize_4096;1;7.09513785892748;
6;5875.17241379311 * CompressionMethod + 13242.3275862069 * x_8 + 7054.13793103448 * x_10 + -837.500000000015 * BlockSize_32 + -2976.55172413793 * BlockSize_512 + -2325.1724137931 * BlockSize_4096 + -3167.67241379308 * BlockSize_32 * Deflate;32.9893712687873;32.9893712687873;32.9893712687873;32.9893712687873;0.354503;8;-3167.67241379308 * BlockSize_32 * Deflate;2;2.08432237941946;
7;6018.48214285714 * CompressionMethod + 13692.7295918367 * x_8 + 6931.30102040816 * x_10 + -1431.21173469387 * BlockSize_32 + -3078.91581632653 * BlockSize_512 + -2468.48214285715 * BlockSize_4096 + -2717.27040816327 * BlockSize_32 * Deflate + -2374.8469387755 * BlockSize_1;31.172895075669;31.172895075669;31.172895075669;31.172895075669;0.539867;9;-2374.8469387755 * BlockSize_1;1;1.81647619311821;
8;6138.52355072464 * CompressionMethod + 13589.8369565217 * x_8 + 7188.53260869565 * x_10 + -1448.36050724637 * BlockSize_32 + -3284.70108695652 * BlockSize_512 + -2588.52355072463 * BlockSize_4096 + -2820.16304347826 * BlockSize_32 * Deflate + -2443.44202898551 * BlockSize_1 + -840.289855072453 * Files_60;29.5198279324025;29.5198279324025;29.5198279324025;29.5198279324025;0.774234;10;-840.289855072453 * Files_60;1;1.65306714326652;
9;5995.21166134186 * CompressionMethod + 13712.6757188498 * x_8 + 13944.6645367412 * x_10 + -1427.8873801917 * BlockSize_32 + -1626.37779552716 * BlockSize_512 + -2445.21166134186 * BlockSize_4096 + -2697.32428115014 * BlockSize_32 * Deflate + -2361.54952076678 * BlockSize_1 + -1249.75239616614 * Files_60 + -11301.1661341853 * x_10 * PPMd;27.6047904351607;27.6047904351607;27.6047904351607;27.6047904351607;1.066221;12;-11301.1661341853 * x_10 * PPMd;2;0.957518748620906;
10;6931.92580049261 * CompressionMethod + 13877.0874384236 * x_8 + 13507.6754926108 * x_10 + -2529.01323891627 * BlockSize_32 + -1438.16964285714 * BlockSize_512 + -2027.69242610837 * BlockSize_4096 + -2532.91256157636 * BlockSize_32 * Deflate + -2703.35283251232 * BlockSize_1 + -894.969211822664 * Files_60 + -11530.4772167488 * x_10 * PPMd + -1354.23337438423 * tmOff;24.0188018229397;24.0188018229397;24.0188018229397;24.0188018229397;1.43252;13;-1354.23337438423 * tmOff;1;3.58598861222107;
11;6911.29648241206 * CompressionMethod + 13852.5552763819 * x_8 + 13477.567839196 * x_10 + -2483.85175879397 * BlockSize_32 + -775.243718592963 * BlockSize_512 + -2066.16331658291 * BlockSize_4096 + -2557.44472361808 * BlockSize_32 * Deflate + -2700.00753768842 * BlockSize_1 + -852.595477386926 * Files_60 + -11734.5402010051 * x_10 * PPMd + -1295.13316582915 * tmOff + -1810.91959798997 * BlockSize_512 * filterOff;20.7599344128676;20.7599344128676;20.7599344128676;20.7599344128676;1.878142;15;-1810.91959798997 * BlockSize_512 * filterOff;2;1.62943370503601;
12;6928.61921708185 * CompressionMethod + 13539.3024911032 * x_8 + 13471.7935943061 * x_10 + -2187.92170818505 * BlockSize_32 + -765.138790035591 * BlockSize_512 + -2041.62277580072 * BlockSize_4096 + -2870.69750889678 * BlockSize_32 * Deflate + -2539.77224199288 * BlockSize_1 + -833.829181494654 * Files_60 + -11741.7580071174 * x_10 * PPMd + -1336.99644128115 * tmOff + -1796.48398576512 * BlockSize_512 * filterOff + 1149.07473309609 * x_8 * BlockSize_16;19.7135864079506;19.7135864079506;19.7135864079506;19.7135864079506;2.424584;17;1149.07473309609 * x_8 * BlockSize_16;2;0.52317400245852;
13;6901.84261868631 * CompressionMethod + 13596.1814437459 * x_8 + 13496.6941252981 * x_10 + -2218.02406243227 * BlockSize_32 + -712.864730110548 * BlockSize_512 + -1955.75005419466 * BlockSize_4096 + -2813.81855625404 * BlockSize_32 * Deflate + -2511.88705831346 * BlockSize_1 + -770.980923477131 * Files_60 + -11758.5573379579 * x_10 * PPMd + -1396.09256449165 * tmOff + -1762.88532408411 * BlockSize_512 * filterOff + 1178.0685020594 * x_8 * BlockSize_16 + 479.249945805345 * BlockSize_64;19.5938165079921;19.5938165079921;19.5938165079921;19.5938165079921;3.070294;18;479.249945805345 * BlockSize_64;1;0.119769899958463;
Elapsed=00:00:03.0706536
Learning progress:
1;6886.08695652174 * CompressionMethod + 16881.4130434783 * x_10;83.6915996072685;83.6915996072685;83.6915996072685;83.6915996072685;0.006193;2;16881.4130434783 * x_10;1;103.416788236654;
2;5045.49999999999 * CompressionMethod + 18722 * x_10 + 14111.1666666667 * x_8;43.7190444485273;43.7190444485273;43.7190444485273;43.7190444485273;0.027534;3;14111.1666666667 * x_8;1;39.9725551587412;
3;3302.50000000001 * CompressionMethod + 20465 * x_10 + 15854.1666666667 * x_8 + 8715.00000000001 * x_6;28.3567413215888;28.3567413215888;28.3567413215888;28.3567413215888;0.066623;4;8715.00000000001 * x_6;1;15.3623031269386;
4;3302.5 * CompressionMethod + 20465 * x_10 + 16280.5 * x_8 + 9354.5 * x_6 + -1279 * Files_20;23.2996943222797;23.2996943222797;23.2996943222797;23.2996943222797;0.128613;5;-1279 * Files_20;1;5.05704699930907;
5;3302.5 * CompressionMethod + 20465 * x_10 + 16280.5 * x_8 + 4677.25 * x_6 + -1279.00000000001 * Files_20 + 4677.25 * x_6 * HeaderCompressionOff;15.8613196403459;15.8613196403459;15.8613196403459;15.8613196403459;0.219707;7;4677.25 * x_6 * HeaderCompressionOff;2;3.7191873409669;
6;3530.83333333334 * CompressionMethod + 20236.6666666667 * x_10 + 16052.1666666667 * x_8 + 4563.08333333334 * x_6 + -1279.00000000001 * Files_20 + 4563.08333333334 * x_6 * HeaderCompressionOff + -913.33333333334 * x_4;13.4874844995803;13.4874844995803;13.4874844995803;13.4874844995803;0.351112;8;-913.33333333334 * x_4;1;2.37383514076559;
7;3530.83333333333 * CompressionMethod + 20236.6666666667 * x_10 + 16052.1666666667 * x_8 + 4563.08333333334 * x_6 + -1278.99999999997 * Files_20 + 4563.08333333334 * x_6 * HeaderCompressionOff + -664.166666666656 * x_4 + -996.666666666661 * Files_10;13.4155148026108;13.4155148026108;13.4155148026108;13.4155148026108;0.524844;9;-996.666666666661 * Files_10;1;0.071969696969532;
Elapsed=00:00:00.5250893
Learning progress:
1;12775.3846153846 * CompressionMethod + -9393.38461538462 * x_2;80.5361333140554;80.5361333140554;80.5361333140554;80.5361333140554;0.005871;2;-9393.38461538462 * x_2;1;167.328325556214;
2;14645.4545454545 * CompressionMethod + -11263.4545454546 * x_2 + -12155.4545454546 * x_4;51.3302862485845;51.3302862485845;51.3302862485845;51.3302862485845;0.028026;3;-12155.4545454546 * x_4;1;29.2058470654708;
3;16289.3233082707 * CompressionMethod + -10496.3157894737 * x_2 + -12292.4436090226 * x_4 + -3013.75939849624 * tmOff;37.2581986989226;37.2581986989226;37.2581986989226;37.2581986989226;0.068151;4;-3013.75939849624 * tmOff;1;14.0720875496619;
4;10875.3975903614 * CompressionMethod + -6368.86746987952 * x_2 + -7682.56626506025 * x_4 + -1405.6626506024 * tmOff + 14258.4578313253 * x_10;29.6919161228151;29.6919161228151;29.6919161228151;29.6919161228151;0.138002;5;14258.4578313253 * x_10;1;7.5662825761075;
5;10539.7885196375 * CompressionMethod + -6207.64350453171 * x_2 + -6943.89728096676 * x_4 + -2211.78247734139 * tmOff + 14939.5468277946 * x_10 + 4096.40483383687 * Files_20;23.6668948377808;23.6668948377808;23.6668948377808;23.6668948377808;0.238056;6;4096.40483383687 * Files_20;1;6.02502128503428;
6;10445.5895578316 * CompressionMethod + -5702.76417686733 * x_2 + -6821.23532350736 * x_4 + -2268.70846864851 * tmOff + 15058.1426430177 * x_10 + 2270.70696977269 * Files_20 + 7402.41194104423 * Files_20 * LZMA;19.852622333232;19.852622333232;19.852622333232;19.852622333232;0.374222;8;7402.41194104423 * Files_20 * LZMA;2;1.90713625227442;
7;10277.0123839009 * CompressionMethod + -5770.19504643963 * x_2 + -6817.48916408669 * x_4 + -1939.04643962848 * tmOff + 15621.0030959753 * x_10 + 2132.09907120742 * Files_20 + 11128.9040247678 * Files_20 * LZMA + -3748.96904024767 * BlockSize_8;17.7963592904964;17.7963592904964;17.7963592904964;17.7963592904964;0.559701;9;-3748.96904024767 * BlockSize_8;1;2.05626304273556;
8;11031.864608076 * CompressionMethod + -5468.2541567696 * x_2 + -6834.26365795725 * x_4 + -3415.20190023753 * tmOff + 13100.635391924 * x_10 + 2752.75534441806 * Files_20 + 14760.5819477435 * Files_20 * LZMA + -7279.99999999997 * BlockSize_8 + 6772.70190023752 * x_10 * tmOff;15.7246653133639;15.7246653133639;15.7246653133639;15.7246653133639;0.806132;11;6772.70190023752 * x_10 * tmOff;2;1.03584698856624;
9;11012.1827613727 * CompressionMethod + -5268.97545889864 * x_2 + -6845.33469672784 * x_4 + -3698.94852354351 * tmOff + 12947.6910415004 * x_10 + 2989.75758180366 * Files_20 + 14827.0081803671 * Files_20 * LZMA + -7970.50478850757 * BlockSize_8 + 7229.07472067041 * x_10 * tmOff + 690.504788507568 * LZMA;13.5368882631285;13.5368882631285;13.5368882631285;13.5368882631285;1.225292;12;690.504788507568 * LZMA;1;2.18777705023548;
10;11190.5313319037 * CompressionMethod + -5030.81486776269 * x_2 + -7766.98355968549 * x_4 + -4307.21864824079 * tmOff + 12630.3248351998 * x_10 + 3340.29227225796 * Files_20 + 14906.3950440791 * Files_20 * LZMA + -8526.57533158606 * BlockSize_8 + 7976.3624811373 * x_10 * tmOff + 1246.57533158606 * LZMA + 3633.67087602252 * BlockSize_4;12.5186337006687;12.5186337006687;12.5186337006687;12.5186337006687;1.596902;13;3633.67087602252 * BlockSize_4;1;1.01825456245974;
11;11190.5313319037 * CompressionMethod + -5030.81486776268 * x_2 + -7766.98355968549 * x_4 + -4307.21864824081 * tmOff + 12630.3248351998 * x_10 + 3340.29227225797 * Files_20 + 14906.3950440791 * Files_20 * LZMA + -4263.28766579304 * BlockSize_8 + 7976.36248113732 * x_10 * tmOff + 1246.57533158605 * LZMA + 3633.67087602258 * BlockSize_4 + -4263.28766579304 * BlockSize_8 * LZMA;11.1694543689829;11.1694543689829;11.1694543689829;11.1694543689829;2.037296;15;-4263.28766579304 * BlockSize_8 * LZMA;2;0.674589665842896;
12;11190.5313319037 * CompressionMethod + -5030.81486776269 * x_2 + -7766.9835596855 * x_4 + -4307.21864824083 * tmOff + 12630.3248351998 * x_10 + 3340.29227225797 * Files_20 + 14906.3950440791 * Files_20 * LZMA + -2842.19177719536 * BlockSize_8 + 7976.36248113735 * x_10 * tmOff + 1246.57533158607 * LZMA + 3633.6708760226 * BlockSize_4 + -2842.19177719536 * BlockSize_8 * LZMA + -2842.19177719536 * BlockSize_8 * filterOff;10.5898933524091;10.5898933524091;10.5898933524091;10.5898933524091;2.564781;17;-2842.19177719536 * BlockSize_8 * filterOff;2;0.289780508286901;
Elapsed=00:00:02.5651347
Learning progress:
1;11356.8965517241 * CompressionMethod + -8846.89655172414 * BlockSize_1024;114.711352653924;114.711352653924;114.711352653924;114.711352653924;0.00529;2;-8846.89655172414 * BlockSize_1024;1;205.02520598467;
2;7521.90635451505 * CompressionMethod + -8719.06354515051 * BlockSize_1024 + 5560.73578595318 * filterOff;86.2899823370832;86.2899823370832;86.2899823370832;86.2899823370832;0.025483;3;5560.73578595318 * filterOff;1;28.4213703168413;
3;5792.73409893992 * CompressionMethod + -9013.14045936395 * BlockSize_1024 + 5078.44964664312 * filterOff + 3517.15989399293 * HeaderCompressionOff;52.0292062157222;52.0292062157222;52.0292062157222;52.0292062157222;0.06505;4;3517.15989399293 * HeaderCompressionOff;1;34.260776121361;
4;3494.97700562084 * CompressionMethod + -8481.73735309147 * BlockSize_1024 + 6627.75166070517 * filterOff + 4617.38886050077 * HeaderCompressionOff + 16945.0229943792 * Files_50;38.9670789884693;38.9670789884693;38.9670789884693;38.9670789884693;0.130094;5;16945.0229943792 * Files_50;1;13.0621272272529;
5;2548.794489093 * CompressionMethod + -7526.67049368542 * BlockSize_1024 + 6840.97588978187 * filterOff + 4390.83811710678 * HeaderCompressionOff + 17891.205510907 * Files_50 + 8693.32950631459 * x_8;29.2320887973568;29.2320887973568;29.2320887973568;29.2320887973568;0.222231;6;8693.32950631459 * x_8;1;9.73499019111252;
6;2108.88535031848 * CompressionMethod + -7420.54140127388 * BlockSize_1024 + 7297.89808917197 * filterOff + 4434.58598726115 * HeaderCompressionOff + 18331.1146496815 * Files_50 + 8093.82165605094 * x_8 + 2116.91082802548 * BlockSize_1;27.7169238245554;27.7169238245554;27.7169238245554;27.7169238245554;0.346997;7;2116.91082802548 * BlockSize_1;1;1.51516497280141;
7;1667.39675016925 * CompressionMethod + -8159.90182802979 * BlockSize_1024 + 8111.72647257957 * filterOff + 5392.03114421124 * HeaderCompressionOff + 18772.6032498308 * Files_50 + 7221.4827352742 * x_8 + 2515.84631008803 * BlockSize_1 + -9186.15436696007 * BlockSize_64;25.9792133921251;25.9792133921251;25.9792133921251;25.9792133921251;0.50867;8;-9186.15436696007 * BlockSize_64;1;1.73771043243029;
8;1941.05442176872 * CompressionMethod + -8334.04761904762 * BlockSize_1024 + 8397.82312925169 * filterOff + 4956.66666666666 * HeaderCompressionOff + 18498.9455782313 * Files_50 + 7034.89795918368 * x_8 + 7802.41496598639 * BlockSize_1 + -6685.91836734694 * BlockSize_64 + -5249.25170068028 * Files_30;23.6527936564602;23.6527936564602;23.6527936564602;23.6527936564602;0.719464;9;-5249.25170068028 * Files_30;1;2.32641973566489;
9;1685.60769656698 * CompressionMethod + -8930.0899778516 * BlockSize_1024 + 9079.01439645627 * filterOff + 5552.70902547066 * HeaderCompressionOff + 18754.392303433 * Files_50 + 9674.51411960133 * x_8 + 9505.39313399782 * BlockSize_1 + -2002.7284053156 * BlockSize_64 + -8314.6124031008 * Files_30 + -8344.59302325582 * HeaderCompressionOff * Files_90;18.3873983304196;18.3873983304196;18.3873983304196;18.3873983304196;0.982009;11;-8344.59302325582 * HeaderCompressionOff * Files_90;2;2.63269766302029;
10;1739.64875681201 * CompressionMethod + -8978.05900885558 * BlockSize_1024 + 9152.48595027248 * filterOff + 5470.12942779292 * HeaderCompressionOff + 18700.351243188 * Files_50 + 12814.9676430518 * x_8 + 10668.1867336512 * BlockSize_1 + -1070.06471389646 * BlockSize_64 + -8867.1670640327 * Files_30 + -9747.23177792915 * HeaderCompressionOff * Files_90 + -4386.43392370575 * x_8 * mtOff;16.7071479146095;16.7071479146095;16.7071479146095;16.7071479146095;1.314754;13;-4386.43392370575 * x_8 * mtOff;2;0.840125207905063;
11;1739.64875681199 * CompressionMethod + -8978.0590088556 * BlockSize_1024 + 9152.48595027248 * filterOff + 5470.12942779292 * HeaderCompressionOff + 18700.351243188 * Files_50 + 12814.9676430518 * x_8 + 10668.1867336512 * BlockSize_1 + -535.032356948235 * BlockSize_64 + -8867.16706403269 * Files_30 + -9747.23177792919 * HeaderCompressionOff * Files_90 + -4386.43392370577 * x_8 * mtOff + -535.03235694823 * BlockSize_64 * filterOff;16.7071479146092;16.7071479146092;16.7071479146092;16.7071479146092;1.726641;15;-535.03235694823 * BlockSize_64 * filterOff;2;1.70530256582424E-13;
Elapsed=00:00:01.7269754
Learning progress:
1;12704.6153846154 * CompressionMethod + -8132.61538461538 * x_0;155.05748921056;155.05748921056;155.05748921056;155.05748921056;0.008104;2;-8132.61538461538 * x_0;1;95.8113075632079;
2;14498.6363636364 * CompressionMethod + -9926.63636363638 * x_0 + -11661.1363636364 * x_4;97.6994024186794;97.6994024186794;97.6994024186794;97.6994024186794;0.028866;3;-11661.1363636364 * x_4;1;57.3580867918809;
3;19628 * CompressionMethod + -15056 * x_0 + -16790.5 * x_4 + -16120.8571428571 * x_2;53.0203807411209;53.0203807411209;53.0203807411209;53.0203807411209;0.068014;4;-16120.8571428571 * x_2;1;44.6790216775585;
4;19101.0220955096 * CompressionMethod + -16109.9558089808 * x_0 + -18239.6892373486 * x_4 + -16723.1176051319 * x_2 + 7904.66856735566 * BlockSize_4096;35.1570378148874;35.1570378148874;35.1570378148874;35.1570378148874;0.13097;5;7904.66856735566 * BlockSize_4096;1;17.8633429262335;
5;19040.1142857143 * CompressionMethod + -16231.7714285714 * x_0 + -17150.5142857143 * x_4 + -16074.6285714286 * x_2 + 8818.28571428573 * BlockSize_4096 + -5026.68571428572 * Files_80;30.268367023845;30.268367023845;30.268367023845;30.268367023845;0.222537;6;-5026.68571428572 * Files_80;1;4.88867079104241;
6;19043.9165154265 * CompressionMethod + -16046.7295825772 * x_0 + -17145.444646098 * x_4 + -16073.3611615245 * x_2 + 8761.25226860255 * BlockSize_4096 + -5005.13974591652 * Files_80 + -887.186932849352 * Files_40;28.3564983401042;28.3564983401042;28.3564983401042;28.3564983401042;0.348523;7;-887.186932849352 * Files_40;1;1.91186868374077;
7;19043.9165154265 * CompressionMethod + -16046.7295825771 * x_0 + -17145.444646098 * x_4 + -16073.3611615245 * x_2 + 8761.25226860255 * BlockSize_4096 + -5005.13974591652 * Files_80 + -443.593466424668 * Files_40 + -443.593466424668 * x_0 * Deflate;26.7883653281391;26.7883653281391;26.7883653281391;26.7883653281391;0.51492;9;-443.593466424668 * x_0 * Deflate;2;0.784066505982542;
8;19043.9165154265 * CompressionMethod + -16046.7295825771 * x_0 + -17145.444646098 * x_4 + -16073.3611615245 * x_2 + 8761.25226860256 * BlockSize_4096 + -2502.56987295827 * Files_80 + -443.59346642468 * Files_40 + -443.593466424677 * x_0 * Deflate + -2502.56987295827 * Files_80 * Deflate;25.2405116214605;25.2405116214605;25.2405116214605;25.2405116214605;0.73379;11;-2502.56987295827 * Files_80 * Deflate;2;0.773926853339324;
9;18941.8657491561 * CompressionMethod + -15952.8356271098 * x_0 + -17048.4692287717 * x_4 + -15974.2105946507 * x_2 + 8793.87951181512 * BlockSize_4096 + -2508.73279667622 * Files_80 + -439.515061023088 * Files_40 + -439.515061023088 * x_0 * Deflate + -2508.73279667622 * Files_80 * Deflate + 1498.13425084387 * Files_50;25.0666359184397;25.0666359184397;25.0666359184397;25.0666359184397;1.016078;12;1498.13425084387 * Files_50;1;0.173875703020755;
10;18941.5376401495 * CompressionMethod + -15911.5376401495 * x_0 + -17048.8556682684 * x_4 + -15974.2907990746 * x_2 + 8798.47303790709 * BlockSize_4096 + -2509.60046271579 * Files_80 + -459.999999999982 * Files_40 + -459.999999999979 * x_0 * Deflate + -2509.60046271579 * Files_80 * Deflate + 1498.46235985048 * Files_50 + -56.1576793023349 * x_0 * BZip2;24.8167675698892;24.8167675698892;24.8167675698892;24.8167675698892;1.352646;14;-56.1576793023349 * x_0 * BZip2;2;0.124934174275282;
11;18939.0951374207 * CompressionMethod + -15909.0951374207 * x_0 + -17077.1479915434 * x_4 + -16152.7970401692 * x_2 + 8832.66807610994 * BlockSize_4096 + -2465.22832980972 * Files_80 + -460.00000000001 * Files_40 + -460.000000000009 * x_0 * Deflate + -2465.22832980972 * Files_80 * Deflate + 1500.90486257924 * Files_50 + -67.5560253700135 * x_0 * BZip2 + 1143.70190274839 * x_2 * BlockSize_32;24.6282435855952;24.6282435855952;24.6282435855952;24.6282435855952;1.764661;16;1143.70190274839 * x_2 * BlockSize_32;2;0.0942619921469614;
Elapsed=00:00:01.7649513
Learning progress:
1;6555.38461538461 * CompressionMethod + 12394.6153846154 * x_8;90.3753896573691;90.3753896573691;90.3753896573691;90.3753896573691;0.006029;2;12394.6153846154 * x_8;1;49.5388883756638;
2;5179.52380952381 * CompressionMethod + 13770.4761904762 * x_8 + 7154.47619047619 * x_10;63.6535757850141;63.6535757850141;63.6535757850141;63.6535757850141;0.025833;3;7154.47619047619 * x_10;1;26.721813872355;
3;5287.66304347825 * CompressionMethod + 14116.5217391304 * x_8 + 7046.33695652174 * x_10 + -2270.92391304349 * BlockSize_32;50.3947916532111;50.3947916532111;50.3947916532111;50.3947916532111;0.064448;4;-2270.92391304349 * BlockSize_32;1;13.258784131803;
4;5556.58597662771 * CompressionMethod + 13877.4791318865 * x_8 + 7327.21202003338 * x_10 + -2420.32554257095 * BlockSize_32 + -2748.98998330551 * BlockSize_512;44.2531538865537;44.2531538865537;44.2531538865537;44.2531538865537;0.125703;5;-2748.98998330551 * BlockSize_512;1;6.14163776665746;
5;5792.43470149253 * CompressionMethod + 13667.8358208955 * x_8 + 7125.05597014926 * x_10 + -2551.3526119403 * BlockSize_32 + -2917.45335820895 * BlockSize_512 + -2242.43470149253 * BlockSize_4096;37.1580160276262;37.1580160276262;37.1580160276262;37.1580160276262;0.222921;6;-2242.43470149253 * BlockSize_4096;1;7.09513785892748;
6;5875.17241379311 * CompressionMethod + 13242.3275862069 * x_8 + 7054.13793103448 * x_10 + -837.500000000015 * BlockSize_32 + -2976.55172413793 * BlockSize_512 + -2325.1724137931 * BlockSize_4096 + -3167.67241379308 * BlockSize_32 * Deflate;32.9893712687873;32.9893712687873;32.9893712687873;32.9893712687873;0.34919;8;-3167.67241379308 * BlockSize_32 * Deflate;2;2.08432237941946;
7;6018.48214285714 * CompressionMethod + 13692.7295918367 * x_8 + 6931.30102040816 * x_10 + -1431.21173469387 * BlockSize_32 + -3078.91581632653 * BlockSize_512 + -2468.48214285715 * BlockSize_4096 + -2717.27040816327 * BlockSize_32 * Deflate + -2374.8469387755 * BlockSize_1;31.172895075669;31.172895075669;31.172895075669;31.172895075669;0.527918;9;-2374.8469387755 * BlockSize_1;1;1.81647619311821;
8;6138.52355072464 * CompressionMethod + 13589.8369565217 * x_8 + 7188.53260869565 * x_10 + -1448.36050724637 * BlockSize_32 + -3284.70108695652 * BlockSize_512 + -2588.52355072463 * BlockSize_4096 + -2820.16304347826 * BlockSize_32 * Deflate + -2443.44202898551 * BlockSize_1 + -840.289855072453 * Files_60;29.5198279324025;29.5198279324025;29.5198279324025;29.5198279324025;0.758901;10;-840.289855072453 * Files_60;1;1.65306714326652;
9;5995.21166134186 * CompressionMethod + 13712.6757188498 * x_8 + 13944.6645367412 * x_10 + -1427.8873801917 * BlockSize_32 + -1626.37779552716 * BlockSize_512 + -2445.21166134186 * BlockSize_4096 + -2697.32428115014 * BlockSize_32 * Deflate + -2361.54952076678 * BlockSize_1 + -1249.75239616614 * Files_60 + -11301.1661341853 * x_10 * PPMd;27.6047904351607;27.6047904351607;27.6047904351607;27.6047904351607;1.046359;12;-11301.1661341853 * x_10 * PPMd;2;0.957518748620906;
10;6931.92580049261 * CompressionMethod + 13877.0874384236 * x_8 + 13507.6754926108 * x_10 + -2529.01323891627 * BlockSize_32 + -1438.16964285714 * BlockSize_512 + -2027.69242610837 * BlockSize_4096 + -2532.91256157636 * BlockSize_32 * Deflate + -2703.35283251232 * BlockSize_1 + -894.969211822664 * Files_60 + -11530.4772167488 * x_10 * PPMd + -1354.23337438423 * tmOff;24.0188018229397;24.0188018229397;24.0188018229397;24.0188018229397;1.408223;13;-1354.23337438423 * tmOff;1;3.58598861222107;
11;6911.29648241206 * CompressionMethod + 13852.5552763819 * x_8 + 13477.567839196 * x_10 + -2483.85175879397 * BlockSize_32 + -775.243718592963 * BlockSize_512 + -2066.16331658291 * BlockSize_4096 + -2557.44472361808 * BlockSize_32 * Deflate + -2700.00753768842 * BlockSize_1 + -852.595477386926 * Files_60 + -11734.5402010051 * x_10 * PPMd + -1295.13316582915 * tmOff + -1810.91959798997 * BlockSize_512 * filterOff;20.7599344128676;20.7599344128676;20.7599344128676;20.7599344128676;1.852644;15;-1810.91959798997 * BlockSize_512 * filterOff;2;1.62943370503601;
12;6928.61921708185 * CompressionMethod + 13539.3024911032 * x_8 + 13471.7935943061 * x_10 + -2187.92170818505 * BlockSize_32 + -765.138790035591 * BlockSize_512 + -2041.62277580072 * BlockSize_4096 + -2870.69750889678 * BlockSize_32 * Deflate + -2539.77224199288 * BlockSize_1 + -833.829181494654 * Files_60 + -11741.7580071174 * x_10 * PPMd + -1336.99644128115 * tmOff + -1796.48398576512 * BlockSize_512 * filterOff + 1149.07473309609 * x_8 * BlockSize_16;19.7135864079506;19.7135864079506;19.7135864079506;19.7135864079506;2.393955;17;1149.07473309609 * x_8 * BlockSize_16;2;0.52317400245852;
13;6901.84261868631 * CompressionMethod + 13596.1814437459 * x_8 + 13496.6941252981 * x_10 + -2218.02406243227 * BlockSize_32 + -712.864730110548 * BlockSize_512 + -1955.75005419466 * BlockSize_4096 + -2813.81855625404 * BlockSize_32 * Deflate + -2511.88705831346 * BlockSize_1 + -770.980923477131 * Files_60 + -11758.5573379579 * x_10 * PPMd + -1396.09256449165 * tmOff + -1762.88532408411 * BlockSize_512 * filterOff + 1178.0685020594 * x_8 * BlockSize_16 + 479.249945805345 * BlockSize_64;19.5938165079921;19.5938165079921;19.5938165079921;19.5938165079921;3.036739;18;479.249945805345 * BlockSize_64;1;0.119769899958463;
14;6901.84261868633 * CompressionMethod + 13596.1814437459 * x_8 + 13496.6941252981 * x_10 + -2218.02406243226 * BlockSize_32 + -712.864730110555 * BlockSize_512 + -1955.75005419466 * BlockSize_4096 + -2813.81855625405 * BlockSize_32 * Deflate + -2511.88705831346 * BlockSize_1 + -770.98092347713 * Files_60 + -11758.557337958 * x_10 * PPMd + -1396.09256449166 * tmOff + -881.442662042055 * BlockSize_512 * filterOff + 1178.06850205939 * x_8 * BlockSize_16 + 479.24994580534 * BlockSize_64 + -881.442662042056 * BlockSize_512 * filterOff * tmOff;19.4150103853771;19.4150103853771;19.4150103853771;19.4150103853771;3.767178;21;-881.442662042056 * BlockSize_512 * filterOff * tmOff;3;0.0596020408716787;
Elapsed=00:00:03.7675934
Learning progress:
1;6886.08695652174 * CompressionMethod + 16881.4130434783 * x_10;83.6915996072685;83.6915996072685;83.6915996072685;83.6915996072685;0.006512;2;16881.4130434783 * x_10;1;103.416788236654;
2;5045.49999999999 * CompressionMethod + 18722 * x_10 + 14111.1666666667 * x_8;43.7190444485273;43.7190444485273;43.7190444485273;43.7190444485273;0.026571;3;14111.1666666667 * x_8;1;39.9725551587412;
3;3302.50000000001 * CompressionMethod + 20465 * x_10 + 15854.1666666667 * x_8 + 8715.00000000001 * x_6;28.3567413215888;28.3567413215888;28.3567413215888;28.3567413215888;0.065187;4;8715.00000000001 * x_6;1;15.3623031269386;
4;3302.5 * CompressionMethod + 20465 * x_10 + 16280.5 * x_8 + 9354.5 * x_6 + -1279 * Files_20;23.2996943222797;23.2996943222797;23.2996943222797;23.2996943222797;0.126686;5;-1279 * Files_20;1;5.05704699930907;
5;3302.5 * CompressionMethod + 20465 * x_10 + 16280.5 * x_8 + 4677.25 * x_6 + -1279.00000000001 * Files_20 + 4677.25 * x_6 * HeaderCompressionOff;15.8613196403459;15.8613196403459;15.8613196403459;15.8613196403459;0.21671;7;4677.25 * x_6 * HeaderCompressionOff;2;3.7191873409669;
6;3530.83333333334 * CompressionMethod + 20236.6666666667 * x_10 + 16052.1666666667 * x_8 + 4563.08333333334 * x_6 + -1279.00000000001 * Files_20 + 4563.08333333334 * x_6 * HeaderCompressionOff + -913.33333333334 * x_4;13.4874844995803;13.4874844995803;13.4874844995803;13.4874844995803;0.346325;8;-913.33333333334 * x_4;1;2.37383514076559;
7;3530.83333333333 * CompressionMethod + 20236.6666666667 * x_10 + 16052.1666666667 * x_8 + 4563.08333333334 * x_6 + -1278.99999999997 * Files_20 + 4563.08333333334 * x_6 * HeaderCompressionOff + -664.166666666656 * x_4 + -996.666666666661 * Files_10;13.4155148026108;13.4155148026108;13.4155148026108;13.4155148026108;0.517228;9;-996.666666666661 * Files_10;1;0.071969696969532;
Elapsed=00:00:00.5174761
Learning progress:
1;12775.3846153846 * CompressionMethod + -9393.38461538462 * x_2;80.5361333140554;80.5361333140554;80.5361333140554;80.5361333140554;0.006587;2;-9393.38461538462 * x_2;1;167.328325556214;
2;14645.4545454545 * CompressionMethod + -11263.4545454546 * x_2 + -12155.4545454546 * x_4;51.3302862485845;51.3302862485845;51.3302862485845;51.3302862485845;0.028231;3;-12155.4545454546 * x_4;1;29.2058470654708;
3;16289.3233082707 * CompressionMethod + -10496.3157894737 * x_2 + -12292.4436090226 * x_4 + -3013.75939849624 * tmOff;37.2581986989226;37.2581986989226;37.2581986989226;37.2581986989226;0.068365;4;-3013.75939849624 * tmOff;1;14.0720875496619;
4;10875.3975903614 * CompressionMethod + -6368.86746987952 * x_2 + -7682.56626506025 * x_4 + -1405.6626506024 * tmOff + 14258.4578313253 * x_10;29.6919161228151;29.6919161228151;29.6919161228151;29.6919161228151;0.137353;5;14258.4578313253 * x_10;1;7.5662825761075;
5;10539.7885196375 * CompressionMethod + -6207.64350453171 * x_2 + -6943.89728096676 * x_4 + -2211.78247734139 * tmOff + 14939.5468277946 * x_10 + 4096.40483383687 * Files_20;23.6668948377808;23.6668948377808;23.6668948377808;23.6668948377808;0.234962;6;4096.40483383687 * Files_20;1;6.02502128503428;
6;10445.5895578316 * CompressionMethod + -5702.76417686733 * x_2 + -6821.23532350736 * x_4 + -2268.70846864851 * tmOff + 15058.1426430177 * x_10 + 2270.70696977269 * Files_20 + 7402.41194104423 * Files_20 * LZMA;19.852622333232;19.852622333232;19.852622333232;19.852622333232;0.367667;8;7402.41194104423 * Files_20 * LZMA;2;1.90713625227442;
7;10277.0123839009 * CompressionMethod + -5770.19504643963 * x_2 + -6817.48916408669 * x_4 + -1939.04643962848 * tmOff + 15621.0030959753 * x_10 + 2132.09907120742 * Files_20 + 11128.9040247678 * Files_20 * LZMA + -3748.96904024767 * BlockSize_8;17.7963592904964;17.7963592904964;17.7963592904964;17.7963592904964;0.554;9;-3748.96904024767 * BlockSize_8;1;2.05626304273556;
8;11031.864608076 * CompressionMethod + -5468.2541567696 * x_2 + -6834.26365795725 * x_4 + -3415.20190023753 * tmOff + 13100.635391924 * x_10 + 2752.75534441806 * Files_20 + 14760.5819477435 * Files_20 * LZMA + -7279.99999999997 * BlockSize_8 + 6772.70190023752 * x_10 * tmOff;15.7246653133639;15.7246653133639;15.7246653133639;15.7246653133639;0.798923;11;6772.70190023752 * x_10 * tmOff;2;1.03584698856624;
9;11012.1827613727 * CompressionMethod + -5268.97545889864 * x_2 + -6845.33469672784 * x_4 + -3698.94852354351 * tmOff + 12947.6910415004 * x_10 + 2989.75758180366 * Files_20 + 14827.0081803671 * Files_20 * LZMA + -7970.50478850757 * BlockSize_8 + 7229.07472067041 * x_10 * tmOff + 690.504788507568 * LZMA;13.5368882631285;13.5368882631285;13.5368882631285;13.5368882631285;1.100542;12;690.504788507568 * LZMA;1;2.18777705023548;
10;11190.5313319037 * CompressionMethod + -5030.81486776269 * x_2 + -7766.98355968549 * x_4 + -4307.21864824079 * tmOff + 12630.3248351998 * x_10 + 3340.29227225796 * Files_20 + 14906.3950440791 * Files_20 * LZMA + -8526.57533158606 * BlockSize_8 + 7976.3624811373 * x_10 * tmOff + 1246.57533158606 * LZMA + 3633.67087602252 * BlockSize_4;12.5186337006687;12.5186337006687;12.5186337006687;12.5186337006687;1.471563;13;3633.67087602252 * BlockSize_4;1;1.01825456245974;
11;11190.5313319037 * CompressionMethod + -5030.81486776268 * x_2 + -7766.98355968549 * x_4 + -4307.21864824081 * tmOff + 12630.3248351998 * x_10 + 3340.29227225797 * Files_20 + 14906.3950440791 * Files_20 * LZMA + -4263.28766579304 * BlockSize_8 + 7976.36248113732 * x_10 * tmOff + 1246.57533158605 * LZMA + 3633.67087602258 * BlockSize_4 + -4263.28766579304 * BlockSize_8 * LZMA;11.1694543689829;11.1694543689829;11.1694543689829;11.1694543689829;1.914302;15;-4263.28766579304 * BlockSize_8 * LZMA;2;0.674589665842896;
12;11190.5313319037 * CompressionMethod + -5030.81486776269 * x_2 + -7766.9835596855 * x_4 + -4307.21864824083 * tmOff + 12630.3248351998 * x_10 + 3340.29227225797 * Files_20 + 14906.3950440791 * Files_20 * LZMA + -2842.19177719536 * BlockSize_8 + 7976.36248113735 * x_10 * tmOff + 1246.57533158607 * LZMA + 3633.6708760226 * BlockSize_4 + -2842.19177719536 * BlockSize_8 * LZMA + -2842.19177719536 * BlockSize_8 * filterOff;10.5898933524091;10.5898933524091;10.5898933524091;10.5898933524091;2.443851;17;-2842.19177719536 * BlockSize_8 * filterOff;2;0.289780508286901;
13;11186.7269667648 * CompressionMethod + -5000.58897770299 * x_2 + -7764.97686159023 * x_4 + -4290.67732435843 * tmOff + 12636.9162810265 * x_10 + 3317.48001682793 * Files_20 + 14741.0096760623 * Files_20 * LZMA + -2779.98878137709 * BlockSize_8 + 7957.03407656709 * x_10 * tmOff + 1235.42700883465 * LZMA + 3618.92721918382 * BlockSize_4 + -2779.98878137708 * BlockSize_8 * LZMA + -2779.98878137708 * BlockSize_8 * filterOff + -175.460664703412 * tmOff * Files_80;10.4432463299413;10.4432463299413;10.4432463299413;10.4432463299413;3.076482;19;-175.460664703412 * tmOff * Files_80;2;0.0733235112339292;
Elapsed=00:00:03.0768863
Learning progress:
1;11356.8965517241 * CompressionMethod + -8846.89655172414 * BlockSize_1024;114.711352653924;114.711352653924;114.711352653924;114.711352653924;0.005105;2;-8846.89655172414 * BlockSize_1024;1;205.02520598467;
2;7521.90635451505 * CompressionMethod + -8719.06354515051 * BlockSize_1024 + 5560.73578595318 * filterOff;86.2899823370832;86.2899823370832;86.2899823370832;86.2899823370832;0.025263;3;5560.73578595318 * filterOff;1;28.4213703168413;
3;5792.73409893992 * CompressionMethod + -9013.14045936395 * BlockSize_1024 + 5078.44964664312 * filterOff + 3517.15989399293 * HeaderCompressionOff;52.0292062157222;52.0292062157222;52.0292062157222;52.0292062157222;0.065239;4;3517.15989399293 * HeaderCompressionOff;1;34.260776121361;
4;3494.97700562084 * CompressionMethod + -8481.73735309147 * BlockSize_1024 + 6627.75166070517 * filterOff + 4617.38886050077 * HeaderCompressionOff + 16945.0229943792 * Files_50;38.9670789884693;38.9670789884693;38.9670789884693;38.9670789884693;0.130102;5;16945.0229943792 * Files_50;1;13.0621272272529;
5;2548.794489093 * CompressionMethod + -7526.67049368542 * BlockSize_1024 + 6840.97588978187 * filterOff + 4390.83811710678 * HeaderCompressionOff + 17891.205510907 * Files_50 + 8693.32950631459 * x_8;29.2320887973568;29.2320887973568;29.2320887973568;29.2320887973568;0.225804;6;8693.32950631459 * x_8;1;9.73499019111252;
6;2108.88535031848 * CompressionMethod + -7420.54140127388 * BlockSize_1024 + 7297.89808917197 * filterOff + 4434.58598726115 * HeaderCompressionOff + 18331.1146496815 * Files_50 + 8093.82165605094 * x_8 + 2116.91082802548 * BlockSize_1;27.7169238245554;27.7169238245554;27.7169238245554;27.7169238245554;0.350292;7;2116.91082802548 * BlockSize_1;1;1.51516497280141;
7;1667.39675016925 * CompressionMethod + -8159.90182802979 * BlockSize_1024 + 8111.72647257957 * filterOff + 5392.03114421124 * HeaderCompressionOff + 18772.6032498308 * Files_50 + 7221.4827352742 * x_8 + 2515.84631008803 * BlockSize_1 + -9186.15436696007 * BlockSize_64;25.9792133921251;25.9792133921251;25.9792133921251;25.9792133921251;0.518818;8;-9186.15436696007 * BlockSize_64;1;1.73771043243029;
8;1941.05442176872 * CompressionMethod + -8334.04761904762 * BlockSize_1024 + 8397.82312925169 * filterOff + 4956.66666666666 * HeaderCompressionOff + 18498.9455782313 * Files_50 + 7034.89795918368 * x_8 + 7802.41496598639 * BlockSize_1 + -6685.91836734694 * BlockSize_64 + -5249.25170068028 * Files_30;23.6527936564602;23.6527936564602;23.6527936564602;23.6527936564602;0.732205;9;-5249.25170068028 * Files_30;1;2.32641973566489;
9;1685.60769656698 * CompressionMethod + -8930.0899778516 * BlockSize_1024 + 9079.01439645627 * filterOff + 5552.70902547066 * HeaderCompressionOff + 18754.392303433 * Files_50 + 9674.51411960133 * x_8 + 9505.39313399782 * BlockSize_1 + -2002.7284053156 * BlockSize_64 + -8314.6124031008 * Files_30 + -8344.59302325582 * HeaderCompressionOff * Files_90;18.3873983304196;18.3873983304196;18.3873983304196;18.3873983304196;0.998613;11;-8344.59302325582 * HeaderCompressionOff * Files_90;2;2.63269766302029;
10;1739.64875681201 * CompressionMethod + -8978.05900885558 * BlockSize_1024 + 9152.48595027248 * filterOff + 5470.12942779292 * HeaderCompressionOff + 18700.351243188 * Files_50 + 12814.9676430518 * x_8 + 10668.1867336512 * BlockSize_1 + -1070.06471389646 * BlockSize_64 + -8867.1670640327 * Files_30 + -9747.23177792915 * HeaderCompressionOff * Files_90 + -4386.43392370575 * x_8 * mtOff;16.7071479146095;16.7071479146095;16.7071479146095;16.7071479146095;1.334007;13;-4386.43392370575 * x_8 * mtOff;2;0.840125207905063;
11;1739.64875681199 * CompressionMethod + -8978.0590088556 * BlockSize_1024 + 9152.48595027248 * filterOff + 5470.12942779292 * HeaderCompressionOff + 18700.351243188 * Files_50 + 12814.9676430518 * x_8 + 10668.1867336512 * BlockSize_1 + -535.032356948235 * BlockSize_64 + -8867.16706403269 * Files_30 + -9747.23177792919 * HeaderCompressionOff * Files_90 + -4386.43392370577 * x_8 * mtOff + -535.03235694823 * BlockSize_64 * filterOff;16.7071479146092;16.7071479146092;16.7071479146092;16.7071479146092;1.752442;15;-535.03235694823 * BlockSize_64 * filterOff;2;1.70530256582424E-13;
Elapsed=00:00:01.7527341
Learning progress:
1;12704.6153846154 * CompressionMethod + -8132.61538461538 * x_0;155.05748921056;155.05748921056;155.05748921056;155.05748921056;0.008411;2;-8132.61538461538 * x_0;1;95.8113075632079;
2;14498.6363636364 * CompressionMethod + -9926.63636363638 * x_0 + -11661.1363636364 * x_4;97.6994024186794;97.6994024186794;97.6994024186794;97.6994024186794;0.029578;3;-11661.1363636364 * x_4;1;57.3580867918809;
3;19628 * CompressionMethod + -15056 * x_0 + -16790.5 * x_4 + -16120.8571428571 * x_2;53.0203807411209;53.0203807411209;53.0203807411209;53.0203807411209;0.069451;4;-16120.8571428571 * x_2;1;44.6790216775585;
4;19101.0220955096 * CompressionMethod + -16109.9558089808 * x_0 + -18239.6892373486 * x_4 + -16723.1176051319 * x_2 + 7904.66856735566 * BlockSize_4096;35.1570378148874;35.1570378148874;35.1570378148874;35.1570378148874;0.132561;5;7904.66856735566 * BlockSize_4096;1;17.8633429262335;
5;19040.1142857143 * CompressionMethod + -16231.7714285714 * x_0 + -17150.5142857143 * x_4 + -16074.6285714286 * x_2 + 8818.28571428573 * BlockSize_4096 + -5026.68571428572 * Files_80;30.268367023845;30.268367023845;30.268367023845;30.268367023845;0.224951;6;-5026.68571428572 * Files_80;1;4.88867079104241;
6;19043.9165154265 * CompressionMethod + -16046.7295825772 * x_0 + -17145.444646098 * x_4 + -16073.3611615245 * x_2 + 8761.25226860255 * BlockSize_4096 + -5005.13974591652 * Files_80 + -887.186932849352 * Files_40;28.3564983401042;28.3564983401042;28.3564983401042;28.3564983401042;0.354058;7;-887.186932849352 * Files_40;1;1.91186868374077;
7;19043.9165154265 * CompressionMethod + -16046.7295825771 * x_0 + -17145.444646098 * x_4 + -16073.3611615245 * x_2 + 8761.25226860255 * BlockSize_4096 + -5005.13974591652 * Files_80 + -443.593466424668 * Files_40 + -443.593466424668 * x_0 * Deflate;26.7883653281391;26.7883653281391;26.7883653281391;26.7883653281391;0.520948;9;-443.593466424668 * x_0 * Deflate;2;0.784066505982542;
8;19043.9165154265 * CompressionMethod + -16046.7295825771 * x_0 + -17145.444646098 * x_4 + -16073.3611615245 * x_2 + 8761.25226860256 * BlockSize_4096 + -2502.56987295827 * Files_80 + -443.59346642468 * Files_40 + -443.593466424677 * x_0 * Deflate + -2502.56987295827 * Files_80 * Deflate;25.2405116214605;25.2405116214605;25.2405116214605;25.2405116214605;0.858413;11;-2502.56987295827 * Files_80 * Deflate;2;0.773926853339324;
9;18941.8657491561 * CompressionMethod + -15952.8356271098 * x_0 + -17048.4692287717 * x_4 + -15974.2105946507 * x_2 + 8793.87951181512 * BlockSize_4096 + -2508.73279667622 * Files_80 + -439.515061023088 * Files_40 + -439.515061023088 * x_0 * Deflate + -2508.73279667622 * Files_80 * Deflate + 1498.13425084387 * Files_50;25.0666359184397;25.0666359184397;25.0666359184397;25.0666359184397;1.134295;12;1498.13425084387 * Files_50;1;0.173875703020755;
Elapsed=00:00:01.1345756
Learning progress:
1;6555.38461538461 * CompressionMethod + 12394.6153846154 * x_8;90.3753896573691;90.3753896573691;90.3753896573691;90.3753896573691;0.006074;2;12394.6153846154 * x_8;1;49.5388883756638;
2;5179.52380952381 * CompressionMethod + 13770.4761904762 * x_8 + 7154.47619047619 * x_10;63.6535757850141;63.6535757850141;63.6535757850141;63.6535757850141;0.025433;3;7154.47619047619 * x_10;1;26.721813872355;
3;5287.66304347825 * CompressionMethod + 14116.5217391304 * x_8 + 7046.33695652174 * x_10 + -2270.92391304349 * BlockSize_32;50.3947916532111;50.3947916532111;50.3947916532111;50.3947916532111;0.064351;4;-2270.92391304349 * BlockSize_32;1;13.258784131803;
4;5556.58597662771 * CompressionMethod + 13877.4791318865 * x_8 + 7327.21202003338 * x_10 + -2420.32554257095 * BlockSize_32 + -2748.98998330551 * BlockSize_512;44.2531538865537;44.2531538865537;44.2531538865537;44.2531538865537;0.126753;5;-2748.98998330551 * BlockSize_512;1;6.14163776665746;
5;5792.43470149253 * CompressionMethod + 13667.8358208955 * x_8 + 7125.05597014926 * x_10 + -2551.3526119403 * BlockSize_32 + -2917.45335820895 * BlockSize_512 + -2242.43470149253 * BlockSize_4096;37.1580160276262;37.1580160276262;37.1580160276262;37.1580160276262;0.219262;6;-2242.43470149253 * BlockSize_4096;1;7.09513785892748;
6;5875.17241379311 * CompressionMethod + 13242.3275862069 * x_8 + 7054.13793103448 * x_10 + -837.500000000015 * BlockSize_32 + -2976.55172413793 * BlockSize_512 + -2325.1724137931 * BlockSize_4096 + -3167.67241379308 * BlockSize_32 * Deflate;32.9893712687873;32.9893712687873;32.9893712687873;32.9893712687873;0.347987;8;-3167.67241379308 * BlockSize_32 * Deflate;2;2.08432237941946;
7;6018.48214285714 * CompressionMethod + 13692.7295918367 * x_8 + 6931.30102040816 * x_10 + -1431.21173469387 * BlockSize_32 + -3078.91581632653 * BlockSize_512 + -2468.48214285715 * BlockSize_4096 + -2717.27040816327 * BlockSize_32 * Deflate + -2374.8469387755 * BlockSize_1;31.172895075669;31.172895075669;31.172895075669;31.172895075669;0.529375;9;-2374.8469387755 * BlockSize_1;1;1.81647619311821;
8;6138.52355072464 * CompressionMethod + 13589.8369565217 * x_8 + 7188.53260869565 * x_10 + -1448.36050724637 * BlockSize_32 + -3284.70108695652 * BlockSize_512 + -2588.52355072463 * BlockSize_4096 + -2820.16304347826 * BlockSize_32 * Deflate + -2443.44202898551 * BlockSize_1 + -840.289855072453 * Files_60;29.5198279324025;29.5198279324025;29.5198279324025;29.5198279324025;0.761027;10;-840.289855072453 * Files_60;1;1.65306714326652;
9;5995.21166134186 * CompressionMethod + 13712.6757188498 * x_8 + 13944.6645367412 * x_10 + -1427.8873801917 * BlockSize_32 + -1626.37779552716 * BlockSize_512 + -2445.21166134186 * BlockSize_4096 + -2697.32428115014 * BlockSize_32 * Deflate + -2361.54952076678 * BlockSize_1 + -1249.75239616614 * Files_60 + -11301.1661341853 * x_10 * PPMd;27.6047904351607;27.6047904351607;27.6047904351607;27.6047904351607;1.046432;12;-11301.1661341853 * x_10 * PPMd;2;0.957518748620906;
10;6931.92580049261 * CompressionMethod + 13877.0874384236 * x_8 + 13507.6754926108 * x_10 + -2529.01323891627 * BlockSize_32 + -1438.16964285714 * BlockSize_512 + -2027.69242610837 * BlockSize_4096 + -2532.91256157636 * BlockSize_32 * Deflate + -2703.35283251232 * BlockSize_1 + -894.969211822664 * Files_60 + -11530.4772167488 * x_10 * PPMd + -1354.23337438423 * tmOff;24.0188018229397;24.0188018229397;24.0188018229397;24.0188018229397;1.408419;13;-1354.23337438423 * tmOff;1;3.58598861222107;
11;6911.29648241206 * CompressionMethod + 13852.5552763819 * x_8 + 13477.567839196 * x_10 + -2483.85175879397 * BlockSize_32 + -775.243718592963 * BlockSize_512 + -2066.16331658291 * BlockSize_4096 + -2557.44472361808 * BlockSize_32 * Deflate + -2700.00753768842 * BlockSize_1 + -852.595477386926 * Files_60 + -11734.5402010051 * x_10 * PPMd + -1295.13316582915 * tmOff + -1810.91959798997 * BlockSize_512 * filterOff;20.7599344128676;20.7599344128676;20.7599344128676;20.7599344128676;1.850287;15;-1810.91959798997 * BlockSize_512 * filterOff;2;1.62943370503601;
12;6928.61921708185 * CompressionMethod + 13539.3024911032 * x_8 + 13471.7935943061 * x_10 + -2187.92170818505 * BlockSize_32 + -765.138790035591 * BlockSize_512 + -2041.62277580072 * BlockSize_4096 + -2870.69750889678 * BlockSize_32 * Deflate + -2539.77224199288 * BlockSize_1 + -833.829181494654 * Files_60 + -11741.7580071174 * x_10 * PPMd + -1336.99644128115 * tmOff + -1796.48398576512 * BlockSize_512 * filterOff + 1149.07473309609 * x_8 * BlockSize_16;19.7135864079506;19.7135864079506;19.7135864079506;19.7135864079506;2.391778;17;1149.07473309609 * x_8 * BlockSize_16;2;0.52317400245852;
13;6901.84261868631 * CompressionMethod + 13596.1814437459 * x_8 + 13496.6941252981 * x_10 + -2218.02406243227 * BlockSize_32 + -712.864730110548 * BlockSize_512 + -1955.75005419466 * BlockSize_4096 + -2813.81855625404 * BlockSize_32 * Deflate + -2511.88705831346 * BlockSize_1 + -770.980923477131 * Files_60 + -11758.5573379579 * x_10 * PPMd + -1396.09256449165 * tmOff + -1762.88532408411 * BlockSize_512 * filterOff + 1178.0685020594 * x_8 * BlockSize_16 + 479.249945805345 * BlockSize_64;19.5938165079921;19.5938165079921;19.5938165079921;19.5938165079921;3.029332;18;479.249945805345 * BlockSize_64;1;0.119769899958463;
Elapsed=00:00:03.0296876
Learning progress:
1;6886.08695652174 * CompressionMethod + 16881.4130434783 * x_10;83.6915996072685;83.6915996072685;83.6915996072685;83.6915996072685;0.005992;2;16881.4130434783 * x_10;1;103.416788236654;
2;5045.49999999999 * CompressionMethod + 18722 * x_10 + 14111.1666666667 * x_8;43.7190444485273;43.7190444485273;43.7190444485273;43.7190444485273;0.026149;3;14111.1666666667 * x_8;1;39.9725551587412;
3;3302.50000000001 * CompressionMethod + 20465 * x_10 + 15854.1666666667 * x_8 + 8715.00000000001 * x_6;28.3567413215888;28.3567413215888;28.3567413215888;28.3567413215888;0.064168;4;8715.00000000001 * x_6;1;15.3623031269386;
4;3302.5 * CompressionMethod + 20465 * x_10 + 16280.5 * x_8 + 9354.5 * x_6 + -1279 * Files_20;23.2996943222797;23.2996943222797;23.2996943222797;23.2996943222797;0.128793;5;-1279 * Files_20;1;5.05704699930907;
5;3302.5 * CompressionMethod + 20465 * x_10 + 16280.5 * x_8 + 4677.25 * x_6 + -1279.00000000001 * Files_20 + 4677.25 * x_6 * HeaderCompressionOff;15.8613196403459;15.8613196403459;15.8613196403459;15.8613196403459;0.218831;7;4677.25 * x_6 * HeaderCompressionOff;2;3.7191873409669;
6;3530.83333333334 * CompressionMethod + 20236.6666666667 * x_10 + 16052.1666666667 * x_8 + 4563.08333333334 * x_6 + -1279.00000000001 * Files_20 + 4563.08333333334 * x_6 * HeaderCompressionOff + -913.33333333334 * x_4;13.4874844995803;13.4874844995803;13.4874844995803;13.4874844995803;0.346676;8;-913.33333333334 * x_4;1;2.37383514076559;
7;3530.83333333333 * CompressionMethod + 20236.6666666667 * x_10 + 16052.1666666667 * x_8 + 4563.08333333334 * x_6 + -1278.99999999997 * Files_20 + 4563.08333333334 * x_6 * HeaderCompressionOff + -664.166666666656 * x_4 + -996.666666666661 * Files_10;13.4155148026108;13.4155148026108;13.4155148026108;13.4155148026108;0.52057;9;-996.666666666661 * Files_10;1;0.071969696969532;
Elapsed=00:00:00.5208142
Learning progress:
1;12775.3846153846 * CompressionMethod + -9393.38461538462 * x_2;80.5361333140554;80.5361333140554;80.5361333140554;80.5361333140554;0.005883;2;-9393.38461538462 * x_2;1;167.328325556214;
2;14645.4545454545 * CompressionMethod + -11263.4545454546 * x_2 + -12155.4545454546 * x_4;51.3302862485845;51.3302862485845;51.3302862485845;51.3302862485845;0.029249;3;-12155.4545454546 * x_4;1;29.2058470654708;
3;16289.3233082707 * CompressionMethod + -10496.3157894737 * x_2 + -12292.4436090226 * x_4 + -3013.75939849624 * tmOff;37.2581986989226;37.2581986989226;37.2581986989226;37.2581986989226;0.068764;4;-3013.75939849624 * tmOff;1;14.0720875496619;
4;10875.3975903614 * CompressionMethod + -6368.86746987952 * x_2 + -7682.56626506025 * x_4 + -1405.6626506024 * tmOff + 14258.4578313253 * x_10;29.6919161228151;29.6919161228151;29.6919161228151;29.6919161228151;0.135803;5;14258.4578313253 * x_10;1;7.5662825761075;
5;10539.7885196375 * CompressionMethod + -6207.64350453171 * x_2 + -6943.89728096676 * x_4 + -2211.78247734139 * tmOff + 14939.5468277946 * x_10 + 4096.40483383687 * Files_20;23.6668948377808;23.6668948377808;23.6668948377808;23.6668948377808;0.235839;6;4096.40483383687 * Files_20;1;6.02502128503428;
6;10445.5895578316 * CompressionMethod + -5702.76417686733 * x_2 + -6821.23532350736 * x_4 + -2268.70846864851 * tmOff + 15058.1426430177 * x_10 + 2270.70696977269 * Files_20 + 7402.41194104423 * Files_20 * LZMA;19.852622333232;19.852622333232;19.852622333232;19.852622333232;0.36888;8;7402.41194104423 * Files_20 * LZMA;2;1.90713625227442;
7;10277.0123839009 * CompressionMethod + -5770.19504643963 * x_2 + -6817.48916408669 * x_4 + -1939.04643962848 * tmOff + 15621.0030959753 * x_10 + 2132.09907120742 * Files_20 + 11128.9040247678 * Files_20 * LZMA + -3748.96904024767 * BlockSize_8;17.7963592904964;17.7963592904964;17.7963592904964;17.7963592904964;0.554729;9;-3748.96904024767 * BlockSize_8;1;2.05626304273556;
8;11031.864608076 * CompressionMethod + -5468.2541567696 * x_2 + -6834.26365795725 * x_4 + -3415.20190023753 * tmOff + 13100.635391924 * x_10 + 2752.75534441806 * Files_20 + 14760.5819477435 * Files_20 * LZMA + -7279.99999999997 * BlockSize_8 + 6772.70190023752 * x_10 * tmOff;15.7246653133639;15.7246653133639;15.7246653133639;15.7246653133639;0.794751;11;6772.70190023752 * x_10 * tmOff;2;1.03584698856624;
9;11012.1827613727 * CompressionMethod + -5268.97545889864 * x_2 + -6845.33469672784 * x_4 + -3698.94852354351 * tmOff + 12947.6910415004 * x_10 + 2989.75758180366 * Files_20 + 14827.0081803671 * Files_20 * LZMA + -7970.50478850757 * BlockSize_8 + 7229.07472067041 * x_10 * tmOff + 690.504788507568 * LZMA;13.5368882631285;13.5368882631285;13.5368882631285;13.5368882631285;1.097396;12;690.504788507568 * LZMA;1;2.18777705023548;
10;11190.5313319037 * CompressionMethod + -5030.81486776269 * x_2 + -7766.98355968549 * x_4 + -4307.21864824079 * tmOff + 12630.3248351998 * x_10 + 3340.29227225796 * Files_20 + 14906.3950440791 * Files_20 * LZMA + -8526.57533158606 * BlockSize_8 + 7976.3624811373 * x_10 * tmOff + 1246.57533158606 * LZMA + 3633.67087602252 * BlockSize_4;12.5186337006687;12.5186337006687;12.5186337006687;12.5186337006687;1.472981;13;3633.67087602252 * BlockSize_4;1;1.01825456245974;
11;11190.5313319037 * CompressionMethod + -5030.81486776268 * x_2 + -7766.98355968549 * x_4 + -4307.21864824081 * tmOff + 12630.3248351998 * x_10 + 3340.29227225797 * Files_20 + 14906.3950440791 * Files_20 * LZMA + -4263.28766579304 * BlockSize_8 + 7976.36248113732 * x_10 * tmOff + 1246.57533158605 * LZMA + 3633.67087602258 * BlockSize_4 + -4263.28766579304 * BlockSize_8 * LZMA;11.1694543689829;11.1694543689829;11.1694543689829;11.1694543689829;1.92014;15;-4263.28766579304 * BlockSize_8 * LZMA;2;0.674589665842896;
12;11190.5313319037 * CompressionMethod + -5030.81486776269 * x_2 + -7766.9835596855 * x_4 + -4307.21864824083 * tmOff + 12630.3248351998 * x_10 + 3340.29227225797 * Files_20 + 14906.3950440791 * Files_20 * LZMA + -2842.19177719536 * BlockSize_8 + 7976.36248113735 * x_10 * tmOff + 1246.57533158607 * LZMA + 3633.6708760226 * BlockSize_4 + -2842.19177719536 * BlockSize_8 * LZMA + -2842.19177719536 * BlockSize_8 * filterOff;10.5898933524091;10.5898933524091;10.5898933524091;10.5898933524091;2.44911;17;-2842.19177719536 * BlockSize_8 * filterOff;2;0.289780508286901;
13;11186.7269667648 * CompressionMethod + -5000.58897770299 * x_2 + -7764.97686159023 * x_4 + -4290.67732435843 * tmOff + 12636.9162810265 * x_10 + 3317.48001682793 * Files_20 + 14741.0096760623 * Files_20 * LZMA + -2779.98878137709 * BlockSize_8 + 7957.03407656709 * x_10 * tmOff + 1235.42700883465 * LZMA + 3618.92721918382 * BlockSize_4 + -2779.98878137708 * BlockSize_8 * LZMA + -2779.98878137708 * BlockSize_8 * filterOff + -175.460664703412 * tmOff * Files_80;10.4432463299413;10.4432463299413;10.4432463299413;10.4432463299413;3.082465;19;-175.460664703412 * tmOff * Files_80;2;0.0733235112339292;
Elapsed=00:00:03.0828391
Learning progress:
1;11356.8965517241 * CompressionMethod + -8846.89655172414 * BlockSize_1024;114.711352653924;114.711352653924;114.711352653924;114.711352653924;0.006041;2;-8846.89655172414 * BlockSize_1024;1;205.02520598467;
2;7521.90635451505 * CompressionMethod + -8719.06354515051 * BlockSize_1024 + 5560.73578595318 * filterOff;86.2899823370832;86.2899823370832;86.2899823370832;86.2899823370832;0.026268;3;5560.73578595318 * filterOff;1;28.4213703168413;
3;5792.73409893992 * CompressionMethod + -9013.14045936395 * BlockSize_1024 + 5078.44964664312 * filterOff + 3517.15989399293 * HeaderCompressionOff;52.0292062157222;52.0292062157222;52.0292062157222;52.0292062157222;0.066992;4;3517.15989399293 * HeaderCompressionOff;1;34.260776121361;
4;3494.97700562084 * CompressionMethod + -8481.73735309147 * BlockSize_1024 + 6627.75166070517 * filterOff + 4617.38886050077 * HeaderCompressionOff + 16945.0229943792 * Files_50;38.9670789884693;38.9670789884693;38.9670789884693;38.9670789884693;0.134313;5;16945.0229943792 * Files_50;1;13.0621272272529;
5;2548.794489093 * CompressionMethod + -7526.67049368542 * BlockSize_1024 + 6840.97588978187 * filterOff + 4390.83811710678 * HeaderCompressionOff + 17891.205510907 * Files_50 + 8693.32950631459 * x_8;29.2320887973568;29.2320887973568;29.2320887973568;29.2320887973568;0.225115;6;8693.32950631459 * x_8;1;9.73499019111252;
6;2108.88535031848 * CompressionMethod + -7420.54140127388 * BlockSize_1024 + 7297.89808917197 * filterOff + 4434.58598726115 * HeaderCompressionOff + 18331.1146496815 * Files_50 + 8093.82165605094 * x_8 + 2116.91082802548 * BlockSize_1;27.7169238245554;27.7169238245554;27.7169238245554;27.7169238245554;0.352475;7;2116.91082802548 * BlockSize_1;1;1.51516497280141;
7;1667.39675016925 * CompressionMethod + -8159.90182802979 * BlockSize_1024 + 8111.72647257957 * filterOff + 5392.03114421124 * HeaderCompressionOff + 18772.6032498308 * Files_50 + 7221.4827352742 * x_8 + 2515.84631008803 * BlockSize_1 + -9186.15436696007 * BlockSize_64;25.9792133921251;25.9792133921251;25.9792133921251;25.9792133921251;0.519708;8;-9186.15436696007 * BlockSize_64;1;1.73771043243029;
8;1941.05442176872 * CompressionMethod + -8334.04761904762 * BlockSize_1024 + 8397.82312925169 * filterOff + 4956.66666666666 * HeaderCompressionOff + 18498.9455782313 * Files_50 + 7034.89795918368 * x_8 + 7802.41496598639 * BlockSize_1 + -6685.91836734694 * BlockSize_64 + -5249.25170068028 * Files_30;23.6527936564602;23.6527936564602;23.6527936564602;23.6527936564602;0.726528;9;-5249.25170068028 * Files_30;1;2.32641973566489;
9;1685.60769656698 * CompressionMethod + -8930.0899778516 * BlockSize_1024 + 9079.01439645627 * filterOff + 5552.70902547066 * HeaderCompressionOff + 18754.392303433 * Files_50 + 9674.51411960133 * x_8 + 9505.39313399782 * BlockSize_1 + -2002.7284053156 * BlockSize_64 + -8314.6124031008 * Files_30 + -8344.59302325582 * HeaderCompressionOff * Files_90;18.3873983304196;18.3873983304196;18.3873983304196;18.3873983304196;0.995615;11;-8344.59302325582 * HeaderCompressionOff * Files_90;2;2.63269766302029;
10;1739.64875681201 * CompressionMethod + -8978.05900885558 * BlockSize_1024 + 9152.48595027248 * filterOff + 5470.12942779292 * HeaderCompressionOff + 18700.351243188 * Files_50 + 12814.9676430518 * x_8 + 10668.1867336512 * BlockSize_1 + -1070.06471389646 * BlockSize_64 + -8867.1670640327 * Files_30 + -9747.23177792915 * HeaderCompressionOff * Files_90 + -4386.43392370575 * x_8 * mtOff;16.7071479146095;16.7071479146095;16.7071479146095;16.7071479146095;1.331629;13;-4386.43392370575 * x_8 * mtOff;2;0.840125207905063;
11;1739.64875681199 * CompressionMethod + -8978.0590088556 * BlockSize_1024 + 9152.48595027248 * filterOff + 5470.12942779292 * HeaderCompressionOff + 18700.351243188 * Files_50 + 12814.9676430518 * x_8 + 10668.1867336512 * BlockSize_1 + -535.032356948235 * BlockSize_64 + -8867.16706403269 * Files_30 + -9747.23177792919 * HeaderCompressionOff * Files_90 + -4386.43392370577 * x_8 * mtOff + -535.03235694823 * BlockSize_64 * filterOff;16.7071479146092;16.7071479146092;16.7071479146092;16.7071479146092;1.748597;15;-535.03235694823 * BlockSize_64 * filterOff;2;1.70530256582424E-13;
Elapsed=00:00:01.7489035
Learning progress:
1;12704.6153846154 * CompressionMethod + -8132.61538461538 * x_0;155.05748921056;155.05748921056;155.05748921056;155.05748921056;0.00563;2;-8132.61538461538 * x_0;1;95.8113075632079;
2;14498.6363636364 * CompressionMethod + -9926.63636363638 * x_0 + -11661.1363636364 * x_4;97.6994024186794;97.6994024186794;97.6994024186794;97.6994024186794;0.026612;3;-11661.1363636364 * x_4;1;57.3580867918809;
3;19628 * CompressionMethod + -15056 * x_0 + -16790.5 * x_4 + -16120.8571428571 * x_2;53.0203807411209;53.0203807411209;53.0203807411209;53.0203807411209;0.066794;4;-16120.8571428571 * x_2;1;44.6790216775585;
4;19101.0220955096 * CompressionMethod + -16109.9558089808 * x_0 + -18239.6892373486 * x_4 + -16723.1176051319 * x_2 + 7904.66856735566 * BlockSize_4096;35.1570378148874;35.1570378148874;35.1570378148874;35.1570378148874;0.131562;5;7904.66856735566 * BlockSize_4096;1;17.8633429262335;
5;19040.1142857143 * CompressionMethod + -16231.7714285714 * x_0 + -17150.5142857143 * x_4 + -16074.6285714286 * x_2 + 8818.28571428573 * BlockSize_4096 + -5026.68571428572 * Files_80;30.268367023845;30.268367023845;30.268367023845;30.268367023845;0.224185;6;-5026.68571428572 * Files_80;1;4.88867079104241;
6;19043.9165154265 * CompressionMethod + -16046.7295825772 * x_0 + -17145.444646098 * x_4 + -16073.3611615245 * x_2 + 8761.25226860255 * BlockSize_4096 + -5005.13974591652 * Files_80 + -887.186932849352 * Files_40;28.3564983401042;28.3564983401042;28.3564983401042;28.3564983401042;0.350589;7;-887.186932849352 * Files_40;1;1.91186868374077;
7;19043.9165154265 * CompressionMethod + -16046.7295825771 * x_0 + -17145.444646098 * x_4 + -16073.3611615245 * x_2 + 8761.25226860255 * BlockSize_4096 + -5005.13974591652 * Files_80 + -443.593466424668 * Files_40 + -443.593466424668 * x_0 * Deflate;26.7883653281391;26.7883653281391;26.7883653281391;26.7883653281391;0.519473;9;-443.593466424668 * x_0 * Deflate;2;0.784066505982542;
8;19043.9165154265 * CompressionMethod + -16046.7295825771 * x_0 + -17145.444646098 * x_4 + -16073.3611615245 * x_2 + 8761.25226860256 * BlockSize_4096 + -2502.56987295827 * Files_80 + -443.59346642468 * Files_40 + -443.593466424677 * x_0 * Deflate + -2502.56987295827 * Files_80 * Deflate;25.2405116214605;25.2405116214605;25.2405116214605;25.2405116214605;0.73802;11;-2502.56987295827 * Files_80 * Deflate;2;0.773926853339324;
9;18941.8657491561 * CompressionMethod + -15952.8356271098 * x_0 + -17048.4692287717 * x_4 + -15974.2105946507 * x_2 + 8793.87951181512 * BlockSize_4096 + -2508.73279667622 * Files_80 + -439.515061023088 * Files_40 + -439.515061023088 * x_0 * Deflate + -2508.73279667622 * Files_80 * Deflate + 1498.13425084387 * Files_50;25.0666359184397;25.0666359184397;25.0666359184397;25.0666359184397;1.019278;12;1498.13425084387 * Files_50;1;0.173875703020755;
Elapsed=00:00:01.0195481
Learning progress:
1;6555.38461538461 * CompressionMethod + 12394.6153846154 * x_8;90.3753896573691;90.3753896573691;90.3753896573691;90.3753896573691;0.005576;2;12394.6153846154 * x_8;1;49.5388883756638;
2;5179.52380952381 * CompressionMethod + 13770.4761904762 * x_8 + 7154.47619047619 * x_10;63.6535757850141;63.6535757850141;63.6535757850141;63.6535757850141;0.025285;3;7154.47619047619 * x_10;1;26.721813872355;
3;5287.66304347825 * CompressionMethod + 14116.5217391304 * x_8 + 7046.33695652174 * x_10 + -2270.92391304349 * BlockSize_32;50.3947916532111;50.3947916532111;50.3947916532111;50.3947916532111;0.067717;4;-2270.92391304349 * BlockSize_32;1;13.258784131803;
4;5556.58597662771 * CompressionMethod + 13877.4791318865 * x_8 + 7327.21202003338 * x_10 + -2420.32554257095 * BlockSize_32 + -2748.98998330551 * BlockSize_512;44.2531538865537;44.2531538865537;44.2531538865537;44.2531538865537;0.130516;5;-2748.98998330551 * BlockSize_512;1;6.14163776665746;
5;5792.43470149253 * CompressionMethod + 13667.8358208955 * x_8 + 7125.05597014926 * x_10 + -2551.3526119403 * BlockSize_32 + -2917.45335820895 * BlockSize_512 + -2242.43470149253 * BlockSize_4096;37.1580160276262;37.1580160276262;37.1580160276262;37.1580160276262;0.225174;6;-2242.43470149253 * BlockSize_4096;1;7.09513785892748;
6;5875.17241379311 * CompressionMethod + 13242.3275862069 * x_8 + 7054.13793103448 * x_10 + -837.500000000015 * BlockSize_32 + -2976.55172413793 * BlockSize_512 + -2325.1724137931 * BlockSize_4096 + -3167.67241379308 * BlockSize_32 * Deflate;32.9893712687873;32.9893712687873;32.9893712687873;32.9893712687873;0.36076;8;-3167.67241379308 * BlockSize_32 * Deflate;2;2.08432237941946;
7;6018.48214285714 * CompressionMethod + 13692.7295918367 * x_8 + 6931.30102040816 * x_10 + -1431.21173469387 * BlockSize_32 + -3078.91581632653 * BlockSize_512 + -2468.48214285715 * BlockSize_4096 + -2717.27040816327 * BlockSize_32 * Deflate + -2374.8469387755 * BlockSize_1;31.172895075669;31.172895075669;31.172895075669;31.172895075669;0.544151;9;-2374.8469387755 * BlockSize_1;1;1.81647619311821;
8;6138.52355072464 * CompressionMethod + 13589.8369565217 * x_8 + 7188.53260869565 * x_10 + -1448.36050724637 * BlockSize_32 + -3284.70108695652 * BlockSize_512 + -2588.52355072463 * BlockSize_4096 + -2820.16304347826 * BlockSize_32 * Deflate + -2443.44202898551 * BlockSize_1 + -840.289855072453 * Files_60;29.5198279324025;29.5198279324025;29.5198279324025;29.5198279324025;0.778649;10;-840.289855072453 * Files_60;1;1.65306714326652;
9;5995.21166134186 * CompressionMethod + 13712.6757188498 * x_8 + 13944.6645367412 * x_10 + -1427.8873801917 * BlockSize_32 + -1626.37779552716 * BlockSize_512 + -2445.21166134186 * BlockSize_4096 + -2697.32428115014 * BlockSize_32 * Deflate + -2361.54952076678 * BlockSize_1 + -1249.75239616614 * Files_60 + -11301.1661341853 * x_10 * PPMd;27.6047904351607;27.6047904351607;27.6047904351607;27.6047904351607;1.072257;12;-11301.1661341853 * x_10 * PPMd;2;0.957518748620906;
10;6931.92580049261 * CompressionMethod + 13877.0874384236 * x_8 + 13507.6754926108 * x_10 + -2529.01323891627 * BlockSize_32 + -1438.16964285714 * BlockSize_512 + -2027.69242610837 * BlockSize_4096 + -2532.91256157636 * BlockSize_32 * Deflate + -2703.35283251232 * BlockSize_1 + -894.969211822664 * Files_60 + -11530.4772167488 * x_10 * PPMd + -1354.23337438423 * tmOff;24.0188018229397;24.0188018229397;24.0188018229397;24.0188018229397;1.443762;13;-1354.23337438423 * tmOff;1;3.58598861222107;
11;6911.29648241206 * CompressionMethod + 13852.5552763819 * x_8 + 13477.567839196 * x_10 + -2483.85175879397 * BlockSize_32 + -775.243718592963 * BlockSize_512 + -2066.16331658291 * BlockSize_4096 + -2557.44472361808 * BlockSize_32 * Deflate + -2700.00753768842 * BlockSize_1 + -852.595477386926 * Files_60 + -11734.5402010051 * x_10 * PPMd + -1295.13316582915 * tmOff + -1810.91959798997 * BlockSize_512 * filterOff;20.7599344128676;20.7599344128676;20.7599344128676;20.7599344128676;1.890744;15;-1810.91959798997 * BlockSize_512 * filterOff;2;1.62943370503601;
12;6928.61921708185 * CompressionMethod + 13539.3024911032 * x_8 + 13471.7935943061 * x_10 + -2187.92170818505 * BlockSize_32 + -765.138790035591 * BlockSize_512 + -2041.62277580072 * BlockSize_4096 + -2870.69750889678 * BlockSize_32 * Deflate + -2539.77224199288 * BlockSize_1 + -833.829181494654 * Files_60 + -11741.7580071174 * x_10 * PPMd + -1336.99644128115 * tmOff + -1796.48398576512 * BlockSize_512 * filterOff + 1149.07473309609 * x_8 * BlockSize_16;19.7135864079506;19.7135864079506;19.7135864079506;19.7135864079506;2.440134;17;1149.07473309609 * x_8 * BlockSize_16;2;0.52317400245852;
13;6901.84261868631 * CompressionMethod + 13596.1814437459 * x_8 + 13496.6941252981 * x_10 + -2218.02406243227 * BlockSize_32 + -712.864730110548 * BlockSize_512 + -1955.75005419466 * BlockSize_4096 + -2813.81855625404 * BlockSize_32 * Deflate + -2511.88705831346 * BlockSize_1 + -770.980923477131 * Files_60 + -11758.5573379579 * x_10 * PPMd + -1396.09256449165 * tmOff + -1762.88532408411 * BlockSize_512 * filterOff + 1178.0685020594 * x_8 * BlockSize_16 + 479.249945805345 * BlockSize_64;19.5938165079921;19.5938165079921;19.5938165079921;19.5938165079921;3.086579;18;479.249945805345 * BlockSize_64;1;0.119769899958463;
Elapsed=00:00:03.0869513
Learning progress:
1;6886.08695652174 * CompressionMethod + 16881.4130434783 * x_10;83.6915996072685;83.6915996072685;83.6915996072685;83.6915996072685;0.00603;2;16881.4130434783 * x_10;1;103.416788236654;
2;5045.49999999999 * CompressionMethod + 18722 * x_10 + 14111.1666666667 * x_8;43.7190444485273;43.7190444485273;43.7190444485273;43.7190444485273;0.026261;3;14111.1666666667 * x_8;1;39.9725551587412;
3;3302.50000000001 * CompressionMethod + 20465 * x_10 + 15854.1666666667 * x_8 + 8715.00000000001 * x_6;28.3567413215888;28.3567413215888;28.3567413215888;28.3567413215888;0.065671;4;8715.00000000001 * x_6;1;15.3623031269386;
4;3302.5 * CompressionMethod + 20465 * x_10 + 16280.5 * x_8 + 9354.5 * x_6 + -1279 * Files_20;23.2996943222797;23.2996943222797;23.2996943222797;23.2996943222797;0.128212;5;-1279 * Files_20;1;5.05704699930907;
5;3302.5 * CompressionMethod + 20465 * x_10 + 16280.5 * x_8 + 4677.25 * x_6 + -1279.00000000001 * Files_20 + 4677.25 * x_6 * HeaderCompressionOff;15.8613196403459;15.8613196403459;15.8613196403459;15.8613196403459;0.219729;7;4677.25 * x_6 * HeaderCompressionOff;2;3.7191873409669;
6;3530.83333333334 * CompressionMethod + 20236.6666666667 * x_10 + 16052.1666666667 * x_8 + 4563.08333333334 * x_6 + -1279.00000000001 * Files_20 + 4563.08333333334 * x_6 * HeaderCompressionOff + -913.33333333334 * x_4;13.4874844995803;13.4874844995803;13.4874844995803;13.4874844995803;0.350084;8;-913.33333333334 * x_4;1;2.37383514076559;
7;3530.83333333333 * CompressionMethod + 20236.6666666667 * x_10 + 16052.1666666667 * x_8 + 4563.08333333334 * x_6 + -1278.99999999997 * Files_20 + 4563.08333333334 * x_6 * HeaderCompressionOff + -664.166666666656 * x_4 + -996.666666666661 * Files_10;13.4155148026108;13.4155148026108;13.4155148026108;13.4155148026108;0.525427;9;-996.666666666661 * Files_10;1;0.071969696969532;
Elapsed=00:00:00.5256685
Learning progress:
1;12775.3846153846 * CompressionMethod + -9393.38461538462 * x_2;80.5361333140554;80.5361333140554;80.5361333140554;80.5361333140554;0.009223;2;-9393.38461538462 * x_2;1;167.328325556214;
2;14645.4545454545 * CompressionMethod + -11263.4545454546 * x_2 + -12155.4545454546 * x_4;51.3302862485845;51.3302862485845;51.3302862485845;51.3302862485845;0.031144;3;-12155.4545454546 * x_4;1;29.2058470654708;
3;16289.3233082707 * CompressionMethod + -10496.3157894737 * x_2 + -12292.4436090226 * x_4 + -3013.75939849624 * tmOff;37.2581986989226;37.2581986989226;37.2581986989226;37.2581986989226;0.072592;4;-3013.75939849624 * tmOff;1;14.0720875496619;
4;10875.3975903614 * CompressionMethod + -6368.86746987952 * x_2 + -7682.56626506025 * x_4 + -1405.6626506024 * tmOff + 14258.4578313253 * x_10;29.6919161228151;29.6919161228151;29.6919161228151;29.6919161228151;0.143729;5;14258.4578313253 * x_10;1;7.5662825761075;
5;10539.7885196375 * CompressionMethod + -6207.64350453171 * x_2 + -6943.89728096676 * x_4 + -2211.78247734139 * tmOff + 14939.5468277946 * x_10 + 4096.40483383687 * Files_20;23.6668948377808;23.6668948377808;23.6668948377808;23.6668948377808;0.241578;6;4096.40483383687 * Files_20;1;6.02502128503428;
6;10445.5895578316 * CompressionMethod + -5702.76417686733 * x_2 + -6821.23532350736 * x_4 + -2268.70846864851 * tmOff + 15058.1426430177 * x_10 + 2270.70696977269 * Files_20 + 7402.41194104423 * Files_20 * LZMA;19.852622333232;19.852622333232;19.852622333232;19.852622333232;0.380754;8;7402.41194104423 * Files_20 * LZMA;2;1.90713625227442;
7;10277.0123839009 * CompressionMethod + -5770.19504643963 * x_2 + -6817.48916408669 * x_4 + -1939.04643962848 * tmOff + 15621.0030959753 * x_10 + 2132.09907120742 * Files_20 + 11128.9040247678 * Files_20 * LZMA + -3748.96904024767 * BlockSize_8;17.7963592904964;17.7963592904964;17.7963592904964;17.7963592904964;0.623471;9;-3748.96904024767 * BlockSize_8;1;2.05626304273556;
8;11031.864608076 * CompressionMethod + -5468.2541567696 * x_2 + -6834.26365795725 * x_4 + -3415.20190023753 * tmOff + 13100.635391924 * x_10 + 2752.75534441806 * Files_20 + 14760.5819477435 * Files_20 * LZMA + -7279.99999999997 * BlockSize_8 + 6772.70190023752 * x_10 * tmOff;15.7246653133639;15.7246653133639;15.7246653133639;15.7246653133639;0.880589;11;6772.70190023752 * x_10 * tmOff;2;1.03584698856624;
9;11012.1827613727 * CompressionMethod + -5268.97545889864 * x_2 + -6845.33469672784 * x_4 + -3698.94852354351 * tmOff + 12947.6910415004 * x_10 + 2989.75758180366 * Files_20 + 14827.0081803671 * Files_20 * LZMA + -7970.50478850757 * BlockSize_8 + 7229.07472067041 * x_10 * tmOff + 690.504788507568 * LZMA;13.5368882631285;13.5368882631285;13.5368882631285;13.5368882631285;1.181974;12;690.504788507568 * LZMA;1;2.18777705023548;
10;11190.5313319037 * CompressionMethod + -5030.81486776269 * x_2 + -7766.98355968549 * x_4 + -4307.21864824079 * tmOff + 12630.3248351998 * x_10 + 3340.29227225796 * Files_20 + 14906.3950440791 * Files_20 * LZMA + -8526.57533158606 * BlockSize_8 + 7976.3624811373 * x_10 * tmOff + 1246.57533158606 * LZMA + 3633.67087602252 * BlockSize_4;12.5186337006687;12.5186337006687;12.5186337006687;12.5186337006687;1.550587;13;3633.67087602252 * BlockSize_4;1;1.01825456245974;
11;11190.5313319037 * CompressionMethod + -5030.81486776268 * x_2 + -7766.98355968549 * x_4 + -4307.21864824081 * tmOff + 12630.3248351998 * x_10 + 3340.29227225797 * Files_20 + 14906.3950440791 * Files_20 * LZMA + -4263.28766579304 * BlockSize_8 + 7976.36248113732 * x_10 * tmOff + 1246.57533158605 * LZMA + 3633.67087602258 * BlockSize_4 + -4263.28766579304 * BlockSize_8 * LZMA;11.1694543689829;11.1694543689829;11.1694543689829;11.1694543689829;1.988207;15;-4263.28766579304 * BlockSize_8 * LZMA;2;0.674589665842896;
12;11190.5313319037 * CompressionMethod + -5030.81486776269 * x_2 + -7766.9835596855 * x_4 + -4307.21864824083 * tmOff + 12630.3248351998 * x_10 + 3340.29227225797 * Files_20 + 14906.3950440791 * Files_20 * LZMA + -2842.19177719536 * BlockSize_8 + 7976.36248113735 * x_10 * tmOff + 1246.57533158607 * LZMA + 3633.6708760226 * BlockSize_4 + -2842.19177719536 * BlockSize_8 * LZMA + -2842.19177719536 * BlockSize_8 * filterOff;10.5898933524091;10.5898933524091;10.5898933524091;10.5898933524091;2.514283;17;-2842.19177719536 * BlockSize_8 * filterOff;2;0.289780508286901;
Elapsed=00:00:02.5146414
Learning progress:
1;11356.8965517241 * CompressionMethod + -8846.89655172414 * BlockSize_1024;114.711352653924;114.711352653924;114.711352653924;114.711352653924;0.008042;2;-8846.89655172414 * BlockSize_1024;1;205.02520598467;
2;7521.90635451505 * CompressionMethod + -8719.06354515051 * BlockSize_1024 + 5560.73578595318 * filterOff;86.2899823370832;86.2899823370832;86.2899823370832;86.2899823370832;0.028499;3;5560.73578595318 * filterOff;1;28.4213703168413;
3;5792.73409893992 * CompressionMethod + -9013.14045936395 * BlockSize_1024 + 5078.44964664312 * filterOff + 3517.15989399293 * HeaderCompressionOff;52.0292062157222;52.0292062157222;52.0292062157222;52.0292062157222;0.069735;4;3517.15989399293 * HeaderCompressionOff;1;34.260776121361;
4;3494.97700562084 * CompressionMethod + -8481.73735309147 * BlockSize_1024 + 6627.75166070517 * filterOff + 4617.38886050077 * HeaderCompressionOff + 16945.0229943792 * Files_50;38.9670789884693;38.9670789884693;38.9670789884693;38.9670789884693;0.134495;5;16945.0229943792 * Files_50;1;13.0621272272529;
5;2548.794489093 * CompressionMethod + -7526.67049368542 * BlockSize_1024 + 6840.97588978187 * filterOff + 4390.83811710678 * HeaderCompressionOff + 17891.205510907 * Files_50 + 8693.32950631459 * x_8;29.2320887973568;29.2320887973568;29.2320887973568;29.2320887973568;0.228233;6;8693.32950631459 * x_8;1;9.73499019111252;
6;2108.88535031848 * CompressionMethod + -7420.54140127388 * BlockSize_1024 + 7297.89808917197 * filterOff + 4434.58598726115 * HeaderCompressionOff + 18331.1146496815 * Files_50 + 8093.82165605094 * x_8 + 2116.91082802548 * BlockSize_1;27.7169238245554;27.7169238245554;27.7169238245554;27.7169238245554;0.35593;7;2116.91082802548 * BlockSize_1;1;1.51516497280141;
7;1667.39675016925 * CompressionMethod + -8159.90182802979 * BlockSize_1024 + 8111.72647257957 * filterOff + 5392.03114421124 * HeaderCompressionOff + 18772.6032498308 * Files_50 + 7221.4827352742 * x_8 + 2515.84631008803 * BlockSize_1 + -9186.15436696007 * BlockSize_64;25.9792133921251;25.9792133921251;25.9792133921251;25.9792133921251;0.522187;8;-9186.15436696007 * BlockSize_64;1;1.73771043243029;
8;1941.05442176872 * CompressionMethod + -8334.04761904762 * BlockSize_1024 + 8397.82312925169 * filterOff + 4956.66666666666 * HeaderCompressionOff + 18498.9455782313 * Files_50 + 7034.89795918368 * x_8 + 7802.41496598639 * BlockSize_1 + -6685.91836734694 * BlockSize_64 + -5249.25170068028 * Files_30;23.6527936564602;23.6527936564602;23.6527936564602;23.6527936564602;0.729653;9;-5249.25170068028 * Files_30;1;2.32641973566489;
9;1685.60769656698 * CompressionMethod + -8930.0899778516 * BlockSize_1024 + 9079.01439645627 * filterOff + 5552.70902547066 * HeaderCompressionOff + 18754.392303433 * Files_50 + 9674.51411960133 * x_8 + 9505.39313399782 * BlockSize_1 + -2002.7284053156 * BlockSize_64 + -8314.6124031008 * Files_30 + -8344.59302325582 * HeaderCompressionOff * Files_90;18.3873983304196;18.3873983304196;18.3873983304196;18.3873983304196;0.99053;11;-8344.59302325582 * HeaderCompressionOff * Files_90;2;2.63269766302029;
10;1739.64875681201 * CompressionMethod + -8978.05900885558 * BlockSize_1024 + 9152.48595027248 * filterOff + 5470.12942779292 * HeaderCompressionOff + 18700.351243188 * Files_50 + 12814.9676430518 * x_8 + 10668.1867336512 * BlockSize_1 + -1070.06471389646 * BlockSize_64 + -8867.1670640327 * Files_30 + -9747.23177792915 * HeaderCompressionOff * Files_90 + -4386.43392370575 * x_8 * mtOff;16.7071479146095;16.7071479146095;16.7071479146095;16.7071479146095;1.321572;13;-4386.43392370575 * x_8 * mtOff;2;0.840125207905063;
11;1739.64875681199 * CompressionMethod + -8978.0590088556 * BlockSize_1024 + 9152.48595027248 * filterOff + 5470.12942779292 * HeaderCompressionOff + 18700.351243188 * Files_50 + 12814.9676430518 * x_8 + 10668.1867336512 * BlockSize_1 + -535.032356948235 * BlockSize_64 + -8867.16706403269 * Files_30 + -9747.23177792919 * HeaderCompressionOff * Files_90 + -4386.43392370577 * x_8 * mtOff + -535.03235694823 * BlockSize_64 * filterOff;16.7071479146092;16.7071479146092;16.7071479146092;16.7071479146092;1.733406;15;-535.03235694823 * BlockSize_64 * filterOff;2;1.70530256582424E-13;
Elapsed=00:00:01.7337219
Learning progress:
1;12704.6153846154 * CompressionMethod + -8132.61538461538 * x_0;155.05748921056;155.05748921056;155.05748921056;155.05748921056;0.008608;2;-8132.61538461538 * x_0;1;95.8113075632079;
2;14498.6363636364 * CompressionMethod + -9926.63636363638 * x_0 + -11661.1363636364 * x_4;97.6994024186794;97.6994024186794;97.6994024186794;97.6994024186794;0.030476;3;-11661.1363636364 * x_4;1;57.3580867918809;
3;19628 * CompressionMethod + -15056 * x_0 + -16790.5 * x_4 + -16120.8571428571 * x_2;53.0203807411209;53.0203807411209;53.0203807411209;53.0203807411209;0.069904;4;-16120.8571428571 * x_2;1;44.6790216775585;
4;19101.0220955096 * CompressionMethod + -16109.9558089808 * x_0 + -18239.6892373486 * x_4 + -16723.1176051319 * x_2 + 7904.66856735566 * BlockSize_4096;35.1570378148874;35.1570378148874;35.1570378148874;35.1570378148874;0.133559;5;7904.66856735566 * BlockSize_4096;1;17.8633429262335;
5;19040.1142857143 * CompressionMethod + -16231.7714285714 * x_0 + -17150.5142857143 * x_4 + -16074.6285714286 * x_2 + 8818.28571428573 * BlockSize_4096 + -5026.68571428572 * Files_80;30.268367023845;30.268367023845;30.268367023845;30.268367023845;0.227333;6;-5026.68571428572 * Files_80;1;4.88867079104241;
6;19043.9165154265 * CompressionMethod + -16046.7295825772 * x_0 + -17145.444646098 * x_4 + -16073.3611615245 * x_2 + 8761.25226860255 * BlockSize_4096 + -5005.13974591652 * Files_80 + -887.186932849352 * Files_40;28.3564983401042;28.3564983401042;28.3564983401042;28.3564983401042;0.356725;7;-887.186932849352 * Files_40;1;1.91186868374077;
7;19043.9165154265 * CompressionMethod + -16046.7295825771 * x_0 + -17145.444646098 * x_4 + -16073.3611615245 * x_2 + 8761.25226860255 * BlockSize_4096 + -5005.13974591652 * Files_80 + -443.593466424668 * Files_40 + -443.593466424668 * x_0 * Deflate;26.7883653281391;26.7883653281391;26.7883653281391;26.7883653281391;0.522907;9;-443.593466424668 * x_0 * Deflate;2;0.784066505982542;
8;19043.9165154265 * CompressionMethod + -16046.7295825771 * x_0 + -17145.444646098 * x_4 + -16073.3611615245 * x_2 + 8761.25226860256 * BlockSize_4096 + -2502.56987295827 * Files_80 + -443.59346642468 * Files_40 + -443.593466424677 * x_0 * Deflate + -2502.56987295827 * Files_80 * Deflate;25.2405116214605;25.2405116214605;25.2405116214605;25.2405116214605;0.741938;11;-2502.56987295827 * Files_80 * Deflate;2;0.773926853339324;
9;18941.8657491561 * CompressionMethod + -15952.8356271098 * x_0 + -17048.4692287717 * x_4 + -15974.2105946507 * x_2 + 8793.87951181512 * BlockSize_4096 + -2508.73279667622 * Files_80 + -439.515061023088 * Files_40 + -439.515061023088 * x_0 * Deflate + -2508.73279667622 * Files_80 * Deflate + 1498.13425084387 * Files_50;25.0666359184397;25.0666359184397;25.0666359184397;25.0666359184397;1.020033;12;1498.13425084387 * Files_50;1;0.173875703020755;
10;18941.5376401495 * CompressionMethod + -15911.5376401495 * x_0 + -17048.8556682684 * x_4 + -15974.2907990746 * x_2 + 8798.47303790709 * BlockSize_4096 + -2509.60046271579 * Files_80 + -459.999999999982 * Files_40 + -459.999999999979 * x_0 * Deflate + -2509.60046271579 * Files_80 * Deflate + 1498.46235985048 * Files_50 + -56.1576793023349 * x_0 * BZip2;24.8167675698892;24.8167675698892;24.8167675698892;24.8167675698892;1.360064;14;-56.1576793023349 * x_0 * BZip2;2;0.124934174275282;
11;18939.0951374207 * CompressionMethod + -15909.0951374207 * x_0 + -17077.1479915434 * x_4 + -16152.7970401692 * x_2 + 8832.66807610994 * BlockSize_4096 + -2465.22832980972 * Files_80 + -460.00000000001 * Files_40 + -460.000000000009 * x_0 * Deflate + -2465.22832980972 * Files_80 * Deflate + 1500.90486257924 * Files_50 + -67.5560253700135 * x_0 * BZip2 + 1143.70190274839 * x_2 * BlockSize_32;24.6282435855952;24.6282435855952;24.6282435855952;24.6282435855952;1.774288;16;1143.70190274839 * x_2 * BlockSize_32;2;0.0942619921469614;
Elapsed=00:00:01.7745807
Learning progress:
1;6555.38461538461 * CompressionMethod + 12394.6153846154 * x_8;90.3753896573691;90.3753896573691;90.3753896573691;90.3753896573691;0.005979;2;12394.6153846154 * x_8;1;49.5388883756638;
2;5179.52380952381 * CompressionMethod + 13770.4761904762 * x_8 + 7154.47619047619 * x_10;63.6535757850141;63.6535757850141;63.6535757850141;63.6535757850141;0.026252;3;7154.47619047619 * x_10;1;26.721813872355;
3;5287.66304347825 * CompressionMethod + 14116.5217391304 * x_8 + 7046.33695652174 * x_10 + -2270.92391304349 * BlockSize_32;50.3947916532111;50.3947916532111;50.3947916532111;50.3947916532111;0.065119;4;-2270.92391304349 * BlockSize_32;1;13.258784131803;
4;5556.58597662771 * CompressionMethod + 13877.4791318865 * x_8 + 7327.21202003338 * x_10 + -2420.32554257095 * BlockSize_32 + -2748.98998330551 * BlockSize_512;44.2531538865537;44.2531538865537;44.2531538865537;44.2531538865537;0.12716;5;-2748.98998330551 * BlockSize_512;1;6.14163776665746;
5;5792.43470149253 * CompressionMethod + 13667.8358208955 * x_8 + 7125.05597014926 * x_10 + -2551.3526119403 * BlockSize_32 + -2917.45335820895 * BlockSize_512 + -2242.43470149253 * BlockSize_4096;37.1580160276262;37.1580160276262;37.1580160276262;37.1580160276262;0.221166;6;-2242.43470149253 * BlockSize_4096;1;7.09513785892748;
6;5875.17241379311 * CompressionMethod + 13242.3275862069 * x_8 + 7054.13793103448 * x_10 + -837.500000000015 * BlockSize_32 + -2976.55172413793 * BlockSize_512 + -2325.1724137931 * BlockSize_4096 + -3167.67241379308 * BlockSize_32 * Deflate;32.9893712687873;32.9893712687873;32.9893712687873;32.9893712687873;0.351851;8;-3167.67241379308 * BlockSize_32 * Deflate;2;2.08432237941946;
7;6018.48214285714 * CompressionMethod + 13692.7295918367 * x_8 + 6931.30102040816 * x_10 + -1431.21173469387 * BlockSize_32 + -3078.91581632653 * BlockSize_512 + -2468.48214285715 * BlockSize_4096 + -2717.27040816327 * BlockSize_32 * Deflate + -2374.8469387755 * BlockSize_1;31.172895075669;31.172895075669;31.172895075669;31.172895075669;0.53409;9;-2374.8469387755 * BlockSize_1;1;1.81647619311821;
8;6138.52355072464 * CompressionMethod + 13589.8369565217 * x_8 + 7188.53260869565 * x_10 + -1448.36050724637 * BlockSize_32 + -3284.70108695652 * BlockSize_512 + -2588.52355072463 * BlockSize_4096 + -2820.16304347826 * BlockSize_32 * Deflate + -2443.44202898551 * BlockSize_1 + -840.289855072453 * Files_60;29.5198279324025;29.5198279324025;29.5198279324025;29.5198279324025;0.770734;10;-840.289855072453 * Files_60;1;1.65306714326652;
9;5995.21166134186 * CompressionMethod + 13712.6757188498 * x_8 + 13944.6645367412 * x_10 + -1427.8873801917 * BlockSize_32 + -1626.37779552716 * BlockSize_512 + -2445.21166134186 * BlockSize_4096 + -2697.32428115014 * BlockSize_32 * Deflate + -2361.54952076678 * BlockSize_1 + -1249.75239616614 * Files_60 + -11301.1661341853 * x_10 * PPMd;27.6047904351607;27.6047904351607;27.6047904351607;27.6047904351607;1.057036;12;-11301.1661341853 * x_10 * PPMd;2;0.957518748620906;
10;6931.92580049261 * CompressionMethod + 13877.0874384236 * x_8 + 13507.6754926108 * x_10 + -2529.01323891627 * BlockSize_32 + -1438.16964285714 * BlockSize_512 + -2027.69242610837 * BlockSize_4096 + -2532.91256157636 * BlockSize_32 * Deflate + -2703.35283251232 * BlockSize_1 + -894.969211822664 * Files_60 + -11530.4772167488 * x_10 * PPMd + -1354.23337438423 * tmOff;24.0188018229397;24.0188018229397;24.0188018229397;24.0188018229397;1.418781;13;-1354.23337438423 * tmOff;1;3.58598861222107;
11;6911.29648241206 * CompressionMethod + 13852.5552763819 * x_8 + 13477.567839196 * x_10 + -2483.85175879397 * BlockSize_32 + -775.243718592963 * BlockSize_512 + -2066.16331658291 * BlockSize_4096 + -2557.44472361808 * BlockSize_32 * Deflate + -2700.00753768842 * BlockSize_1 + -852.595477386926 * Files_60 + -11734.5402010051 * x_10 * PPMd + -1295.13316582915 * tmOff + -1810.91959798997 * BlockSize_512 * filterOff;20.7599344128676;20.7599344128676;20.7599344128676;20.7599344128676;1.859891;15;-1810.91959798997 * BlockSize_512 * filterOff;2;1.62943370503601;
12;6928.61921708185 * CompressionMethod + 13539.3024911032 * x_8 + 13471.7935943061 * x_10 + -2187.92170818505 * BlockSize_32 + -765.138790035591 * BlockSize_512 + -2041.62277580072 * BlockSize_4096 + -2870.69750889678 * BlockSize_32 * Deflate + -2539.77224199288 * BlockSize_1 + -833.829181494654 * Files_60 + -11741.7580071174 * x_10 * PPMd + -1336.99644128115 * tmOff + -1796.48398576512 * BlockSize_512 * filterOff + 1149.07473309609 * x_8 * BlockSize_16;19.7135864079506;19.7135864079506;19.7135864079506;19.7135864079506;2.401666;17;1149.07473309609 * x_8 * BlockSize_16;2;0.52317400245852;
13;6901.84261868631 * CompressionMethod + 13596.1814437459 * x_8 + 13496.6941252981 * x_10 + -2218.02406243227 * BlockSize_32 + -712.864730110548 * BlockSize_512 + -1955.75005419466 * BlockSize_4096 + -2813.81855625404 * BlockSize_32 * Deflate + -2511.88705831346 * BlockSize_1 + -770.980923477131 * Files_60 + -11758.5573379579 * x_10 * PPMd + -1396.09256449165 * tmOff + -1762.88532408411 * BlockSize_512 * filterOff + 1178.0685020594 * x_8 * BlockSize_16 + 479.249945805345 * BlockSize_64;19.5938165079921;19.5938165079921;19.5938165079921;19.5938165079921;3.042315;18;479.249945805345 * BlockSize_64;1;0.119769899958463;
14;6901.84261868633 * CompressionMethod + 13596.1814437459 * x_8 + 13496.6941252981 * x_10 + -2218.02406243226 * BlockSize_32 + -712.864730110555 * BlockSize_512 + -1955.75005419466 * BlockSize_4096 + -2813.81855625405 * BlockSize_32 * Deflate + -2511.88705831346 * BlockSize_1 + -770.98092347713 * Files_60 + -11758.557337958 * x_10 * PPMd + -1396.09256449166 * tmOff + -881.442662042055 * BlockSize_512 * filterOff + 1178.06850205939 * x_8 * BlockSize_16 + 479.24994580534 * BlockSize_64 + -881.442662042056 * BlockSize_512 * filterOff * tmOff;19.4150103853771;19.4150103853771;19.4150103853771;19.4150103853771;3.775024;21;-881.442662042056 * BlockSize_512 * filterOff * tmOff;3;0.0596020408716787;
Elapsed=00:00:03.7754159
Learning progress:
1;6886.08695652174 * CompressionMethod + 16881.4130434783 * x_10;83.6915996072685;83.6915996072685;83.6915996072685;83.6915996072685;0.005727;2;16881.4130434783 * x_10;1;103.416788236654;
2;5045.49999999999 * CompressionMethod + 18722 * x_10 + 14111.1666666667 * x_8;43.7190444485273;43.7190444485273;43.7190444485273;43.7190444485273;0.026706;3;14111.1666666667 * x_8;1;39.9725551587412;
3;3302.50000000001 * CompressionMethod + 20465 * x_10 + 15854.1666666667 * x_8 + 8715.00000000001 * x_6;28.3567413215888;28.3567413215888;28.3567413215888;28.3567413215888;0.064451;4;8715.00000000001 * x_6;1;15.3623031269386;
4;3302.5 * CompressionMethod + 20465 * x_10 + 16280.5 * x_8 + 9354.5 * x_6 + -1279 * Files_20;23.2996943222797;23.2996943222797;23.2996943222797;23.2996943222797;0.125747;5;-1279 * Files_20;1;5.05704699930907;
5;3302.5 * CompressionMethod + 20465 * x_10 + 16280.5 * x_8 + 4677.25 * x_6 + -1279.00000000001 * Files_20 + 4677.25 * x_6 * HeaderCompressionOff;15.8613196403459;15.8613196403459;15.8613196403459;15.8613196403459;0.217556;7;4677.25 * x_6 * HeaderCompressionOff;2;3.7191873409669;
6;3530.83333333334 * CompressionMethod + 20236.6666666667 * x_10 + 16052.1666666667 * x_8 + 4563.08333333334 * x_6 + -1279.00000000001 * Files_20 + 4563.08333333334 * x_6 * HeaderCompressionOff + -913.33333333334 * x_4;13.4874844995803;13.4874844995803;13.4874844995803;13.4874844995803;0.347456;8;-913.33333333334 * x_4;1;2.37383514076559;
7;3530.83333333333 * CompressionMethod + 20236.6666666667 * x_10 + 16052.1666666667 * x_8 + 4563.08333333334 * x_6 + -1278.99999999997 * Files_20 + 4563.08333333334 * x_6 * HeaderCompressionOff + -664.166666666656 * x_4 + -996.666666666661 * Files_10;13.4155148026108;13.4155148026108;13.4155148026108;13.4155148026108;0.521226;9;-996.666666666661 * Files_10;1;0.071969696969532;
Elapsed=00:00:00.5214715
Learning progress:
1;12775.3846153846 * CompressionMethod + -9393.38461538462 * x_2;80.5361333140554;80.5361333140554;80.5361333140554;80.5361333140554;0.005853;2;-9393.38461538462 * x_2;1;167.328325556214;
2;14645.4545454545 * CompressionMethod + -11263.4545454546 * x_2 + -12155.4545454546 * x_4;51.3302862485845;51.3302862485845;51.3302862485845;51.3302862485845;0.026994;3;-12155.4545454546 * x_4;1;29.2058470654708;
3;16289.3233082707 * CompressionMethod + -10496.3157894737 * x_2 + -12292.4436090226 * x_4 + -3013.75939849624 * tmOff;37.2581986989226;37.2581986989226;37.2581986989226;37.2581986989226;0.066471;4;-3013.75939849624 * tmOff;1;14.0720875496619;
4;10875.3975903614 * CompressionMethod + -6368.86746987952 * x_2 + -7682.56626506025 * x_4 + -1405.6626506024 * tmOff + 14258.4578313253 * x_10;29.6919161228151;29.6919161228151;29.6919161228151;29.6919161228151;0.135651;5;14258.4578313253 * x_10;1;7.5662825761075;
5;10539.7885196375 * CompressionMethod + -6207.64350453171 * x_2 + -6943.89728096676 * x_4 + -2211.78247734139 * tmOff + 14939.5468277946 * x_10 + 4096.40483383687 * Files_20;23.6668948377808;23.6668948377808;23.6668948377808;23.6668948377808;0.235858;6;4096.40483383687 * Files_20;1;6.02502128503428;
6;10445.5895578316 * CompressionMethod + -5702.76417686733 * x_2 + -6821.23532350736 * x_4 + -2268.70846864851 * tmOff + 15058.1426430177 * x_10 + 2270.70696977269 * Files_20 + 7402.41194104423 * Files_20 * LZMA;19.852622333232;19.852622333232;19.852622333232;19.852622333232;0.36911;8;7402.41194104423 * Files_20 * LZMA;2;1.90713625227442;
7;10277.0123839009 * CompressionMethod + -5770.19504643963 * x_2 + -6817.48916408669 * x_4 + -1939.04643962848 * tmOff + 15621.0030959753 * x_10 + 2132.09907120742 * Files_20 + 11128.9040247678 * Files_20 * LZMA + -3748.96904024767 * BlockSize_8;17.7963592904964;17.7963592904964;17.7963592904964;17.7963592904964;0.556045;9;-3748.96904024767 * BlockSize_8;1;2.05626304273556;
8;11031.864608076 * CompressionMethod + -5468.2541567696 * x_2 + -6834.26365795725 * x_4 + -3415.20190023753 * tmOff + 13100.635391924 * x_10 + 2752.75534441806 * Files_20 + 14760.5819477435 * Files_20 * LZMA + -7279.99999999997 * BlockSize_8 + 6772.70190023752 * x_10 * tmOff;15.7246653133639;15.7246653133639;15.7246653133639;15.7246653133639;0.797602;11;6772.70190023752 * x_10 * tmOff;2;1.03584698856624;
9;11012.1827613727 * CompressionMethod + -5268.97545889864 * x_2 + -6845.33469672784 * x_4 + -3698.94852354351 * tmOff + 12947.6910415004 * x_10 + 2989.75758180366 * Files_20 + 14827.0081803671 * Files_20 * LZMA + -7970.50478850757 * BlockSize_8 + 7229.07472067041 * x_10 * tmOff + 690.504788507568 * LZMA;13.5368882631285;13.5368882631285;13.5368882631285;13.5368882631285;1.104144;12;690.504788507568 * LZMA;1;2.18777705023548;
10;11190.5313319037 * CompressionMethod + -5030.81486776269 * x_2 + -7766.98355968549 * x_4 + -4307.21864824079 * tmOff + 12630.3248351998 * x_10 + 3340.29227225796 * Files_20 + 14906.3950440791 * Files_20 * LZMA + -8526.57533158606 * BlockSize_8 + 7976.3624811373 * x_10 * tmOff + 1246.57533158606 * LZMA + 3633.67087602252 * BlockSize_4;12.5186337006687;12.5186337006687;12.5186337006687;12.5186337006687;1.48263;13;3633.67087602252 * BlockSize_4;1;1.01825456245974;
11;11190.5313319037 * CompressionMethod + -5030.81486776268 * x_2 + -7766.98355968549 * x_4 + -4307.21864824081 * tmOff + 12630.3248351998 * x_10 + 3340.29227225797 * Files_20 + 14906.3950440791 * Files_20 * LZMA + -4263.28766579304 * BlockSize_8 + 7976.36248113732 * x_10 * tmOff + 1246.57533158605 * LZMA + 3633.67087602258 * BlockSize_4 + -4263.28766579304 * BlockSize_8 * LZMA;11.1694543689829;11.1694543689829;11.1694543689829;11.1694543689829;1.92526;15;-4263.28766579304 * BlockSize_8 * LZMA;2;0.674589665842896;
12;11190.5313319037 * CompressionMethod + -5030.81486776269 * x_2 + -7766.9835596855 * x_4 + -4307.21864824083 * tmOff + 12630.3248351998 * x_10 + 3340.29227225797 * Files_20 + 14906.3950440791 * Files_20 * LZMA + -2842.19177719536 * BlockSize_8 + 7976.36248113735 * x_10 * tmOff + 1246.57533158607 * LZMA + 3633.6708760226 * BlockSize_4 + -2842.19177719536 * BlockSize_8 * LZMA + -2842.19177719536 * BlockSize_8 * filterOff;10.5898933524091;10.5898933524091;10.5898933524091;10.5898933524091;2.463759;17;-2842.19177719536 * BlockSize_8 * filterOff;2;0.289780508286901;
13;11186.7269667648 * CompressionMethod + -5000.58897770299 * x_2 + -7764.97686159023 * x_4 + -4290.67732435843 * tmOff + 12636.9162810265 * x_10 + 3317.48001682793 * Files_20 + 14741.0096760623 * Files_20 * LZMA + -2779.98878137709 * BlockSize_8 + 7957.03407656709 * x_10 * tmOff + 1235.42700883465 * LZMA + 3618.92721918382 * BlockSize_4 + -2779.98878137708 * BlockSize_8 * LZMA + -2779.98878137708 * BlockSize_8 * filterOff + -175.460664703412 * tmOff * Files_80;10.4432463299413;10.4432463299413;10.4432463299413;10.4432463299413;3.100699;19;-175.460664703412 * tmOff * Files_80;2;0.0733235112339292;
Elapsed=00:00:03.1010646
Learning progress:
1;11356.8965517241 * CompressionMethod + -8846.89655172414 * BlockSize_1024;114.711352653924;114.711352653924;114.711352653924;114.711352653924;0.006083;2;-8846.89655172414 * BlockSize_1024;1;205.02520598467;
2;7521.90635451505 * CompressionMethod + -8719.06354515051 * BlockSize_1024 + 5560.73578595318 * filterOff;86.2899823370832;86.2899823370832;86.2899823370832;86.2899823370832;0.025891;3;5560.73578595318 * filterOff;1;28.4213703168413;
3;5792.73409893992 * CompressionMethod + -9013.14045936395 * BlockSize_1024 + 5078.44964664312 * filterOff + 3517.15989399293 * HeaderCompressionOff;52.0292062157222;52.0292062157222;52.0292062157222;52.0292062157222;0.065369;4;3517.15989399293 * HeaderCompressionOff;1;34.260776121361;
4;3494.97700562084 * CompressionMethod + -8481.73735309147 * BlockSize_1024 + 6627.75166070517 * filterOff + 4617.38886050077 * HeaderCompressionOff + 16945.0229943792 * Files_50;38.9670789884693;38.9670789884693;38.9670789884693;38.9670789884693;0.130128;5;16945.0229943792 * Files_50;1;13.0621272272529;
5;2548.794489093 * CompressionMethod + -7526.67049368542 * BlockSize_1024 + 6840.97588978187 * filterOff + 4390.83811710678 * HeaderCompressionOff + 17891.205510907 * Files_50 + 8693.32950631459 * x_8;29.2320887973568;29.2320887973568;29.2320887973568;29.2320887973568;0.225839;6;8693.32950631459 * x_8;1;9.73499019111252;
6;2108.88535031848 * CompressionMethod + -7420.54140127388 * BlockSize_1024 + 7297.89808917197 * filterOff + 4434.58598726115 * HeaderCompressionOff + 18331.1146496815 * Files_50 + 8093.82165605094 * x_8 + 2116.91082802548 * BlockSize_1;27.7169238245554;27.7169238245554;27.7169238245554;27.7169238245554;0.35255;7;2116.91082802548 * BlockSize_1;1;1.51516497280141;
7;1667.39675016925 * CompressionMethod + -8159.90182802979 * BlockSize_1024 + 8111.72647257957 * filterOff + 5392.03114421124 * HeaderCompressionOff + 18772.6032498308 * Files_50 + 7221.4827352742 * x_8 + 2515.84631008803 * BlockSize_1 + -9186.15436696007 * BlockSize_64;25.9792133921251;25.9792133921251;25.9792133921251;25.9792133921251;0.521948;8;-9186.15436696007 * BlockSize_64;1;1.73771043243029;
8;1941.05442176872 * CompressionMethod + -8334.04761904762 * BlockSize_1024 + 8397.82312925169 * filterOff + 4956.66666666666 * HeaderCompressionOff + 18498.9455782313 * Files_50 + 7034.89795918368 * x_8 + 7802.41496598639 * BlockSize_1 + -6685.91836734694 * BlockSize_64 + -5249.25170068028 * Files_30;23.6527936564602;23.6527936564602;23.6527936564602;23.6527936564602;0.734864;9;-5249.25170068028 * Files_30;1;2.32641973566489;
9;1685.60769656698 * CompressionMethod + -8930.0899778516 * BlockSize_1024 + 9079.01439645627 * filterOff + 5552.70902547066 * HeaderCompressionOff + 18754.392303433 * Files_50 + 9674.51411960133 * x_8 + 9505.39313399782 * BlockSize_1 + -2002.7284053156 * BlockSize_64 + -8314.6124031008 * Files_30 + -8344.59302325582 * HeaderCompressionOff * Files_90;18.3873983304196;18.3873983304196;18.3873983304196;18.3873983304196;1.001314;11;-8344.59302325582 * HeaderCompressionOff * Files_90;2;2.63269766302029;
10;1739.64875681201 * CompressionMethod + -8978.05900885558 * BlockSize_1024 + 9152.48595027248 * filterOff + 5470.12942779292 * HeaderCompressionOff + 18700.351243188 * Files_50 + 12814.9676430518 * x_8 + 10668.1867336512 * BlockSize_1 + -1070.06471389646 * BlockSize_64 + -8867.1670640327 * Files_30 + -9747.23177792915 * HeaderCompressionOff * Files_90 + -4386.43392370575 * x_8 * mtOff;16.7071479146095;16.7071479146095;16.7071479146095;16.7071479146095;1.417027;13;-4386.43392370575 * x_8 * mtOff;2;0.840125207905063;
11;1739.64875681199 * CompressionMethod + -8978.0590088556 * BlockSize_1024 + 9152.48595027248 * filterOff + 5470.12942779292 * HeaderCompressionOff + 18700.351243188 * Files_50 + 12814.9676430518 * x_8 + 10668.1867336512 * BlockSize_1 + -535.032356948235 * BlockSize_64 + -8867.16706403269 * Files_30 + -9747.23177792919 * HeaderCompressionOff * Files_90 + -4386.43392370577 * x_8 * mtOff + -535.03235694823 * BlockSize_64 * filterOff;16.7071479146092;16.7071479146092;16.7071479146092;16.7071479146092;1.846438;15;-535.03235694823 * BlockSize_64 * filterOff;2;1.70530256582424E-13;
Elapsed=00:00:01.8467472
Learning progress:
1;12704.6153846154 * CompressionMethod + -8132.61538461538 * x_0;155.05748921056;155.05748921056;155.05748921056;155.05748921056;0.009446;2;-8132.61538461538 * x_0;1;95.8113075632079;
2;14498.6363636364 * CompressionMethod + -9926.63636363638 * x_0 + -11661.1363636364 * x_4;97.6994024186794;97.6994024186794;97.6994024186794;97.6994024186794;0.031084;3;-11661.1363636364 * x_4;1;57.3580867918809;
3;19628 * CompressionMethod + -15056 * x_0 + -16790.5 * x_4 + -16120.8571428571 * x_2;53.0203807411209;53.0203807411209;53.0203807411209;53.0203807411209;0.069912;4;-16120.8571428571 * x_2;1;44.6790216775585;
4;19101.0220955096 * CompressionMethod + -16109.9558089808 * x_0 + -18239.6892373486 * x_4 + -16723.1176051319 * x_2 + 7904.66856735566 * BlockSize_4096;35.1570378148874;35.1570378148874;35.1570378148874;35.1570378148874;0.13256;5;7904.66856735566 * BlockSize_4096;1;17.8633429262335;
5;19040.1142857143 * CompressionMethod + -16231.7714285714 * x_0 + -17150.5142857143 * x_4 + -16074.6285714286 * x_2 + 8818.28571428573 * BlockSize_4096 + -5026.68571428572 * Files_80;30.268367023845;30.268367023845;30.268367023845;30.268367023845;0.224434;6;-5026.68571428572 * Files_80;1;4.88867079104241;
6;19043.9165154265 * CompressionMethod + -16046.7295825772 * x_0 + -17145.444646098 * x_4 + -16073.3611615245 * x_2 + 8761.25226860255 * BlockSize_4096 + -5005.13974591652 * Files_80 + -887.186932849352 * Files_40;28.3564983401042;28.3564983401042;28.3564983401042;28.3564983401042;0.350443;7;-887.186932849352 * Files_40;1;1.91186868374077;
7;19043.9165154265 * CompressionMethod + -16046.7295825771 * x_0 + -17145.444646098 * x_4 + -16073.3611615245 * x_2 + 8761.25226860255 * BlockSize_4096 + -5005.13974591652 * Files_80 + -443.593466424668 * Files_40 + -443.593466424668 * x_0 * Deflate;26.7883653281391;26.7883653281391;26.7883653281391;26.7883653281391;0.516355;9;-443.593466424668 * x_0 * Deflate;2;0.784066505982542;
8;19043.9165154265 * CompressionMethod + -16046.7295825771 * x_0 + -17145.444646098 * x_4 + -16073.3611615245 * x_2 + 8761.25226860256 * BlockSize_4096 + -2502.56987295827 * Files_80 + -443.59346642468 * Files_40 + -443.593466424677 * x_0 * Deflate + -2502.56987295827 * Files_80 * Deflate;25.2405116214605;25.2405116214605;25.2405116214605;25.2405116214605;0.732928;11;-2502.56987295827 * Files_80 * Deflate;2;0.773926853339324;
9;18941.8657491561 * CompressionMethod + -15952.8356271098 * x_0 + -17048.4692287717 * x_4 + -15974.2105946507 * x_2 + 8793.87951181512 * BlockSize_4096 + -2508.73279667622 * Files_80 + -439.515061023088 * Files_40 + -439.515061023088 * x_0 * Deflate + -2508.73279667622 * Files_80 * Deflate + 1498.13425084387 * Files_50;25.0666359184397;25.0666359184397;25.0666359184397;25.0666359184397;1.010159;12;1498.13425084387 * Files_50;1;0.173875703020755;
Elapsed=00:00:01.0104333
Learning progress:
1;6555.38461538461 * CompressionMethod + 12394.6153846154 * x_8;90.3753896573691;90.3753896573691;90.3753896573691;90.3753896573691;0.005694;2;12394.6153846154 * x_8;1;49.5388883756638;
2;5179.52380952381 * CompressionMethod + 13770.4761904762 * x_8 + 7154.47619047619 * x_10;63.6535757850141;63.6535757850141;63.6535757850141;63.6535757850141;0.025132;3;7154.47619047619 * x_10;1;26.721813872355;
3;5287.66304347825 * CompressionMethod + 14116.5217391304 * x_8 + 7046.33695652174 * x_10 + -2270.92391304349 * BlockSize_32;50.3947916532111;50.3947916532111;50.3947916532111;50.3947916532111;0.063579;4;-2270.92391304349 * BlockSize_32;1;13.258784131803;
4;5556.58597662771 * CompressionMethod + 13877.4791318865 * x_8 + 7327.21202003338 * x_10 + -2420.32554257095 * BlockSize_32 + -2748.98998330551 * BlockSize_512;44.2531538865537;44.2531538865537;44.2531538865537;44.2531538865537;0.124312;5;-2748.98998330551 * BlockSize_512;1;6.14163776665746;
5;5792.43470149253 * CompressionMethod + 13667.8358208955 * x_8 + 7125.05597014926 * x_10 + -2551.3526119403 * BlockSize_32 + -2917.45335820895 * BlockSize_512 + -2242.43470149253 * BlockSize_4096;37.1580160276262;37.1580160276262;37.1580160276262;37.1580160276262;0.217937;6;-2242.43470149253 * BlockSize_4096;1;7.09513785892748;
6;5875.17241379311 * CompressionMethod + 13242.3275862069 * x_8 + 7054.13793103448 * x_10 + -837.500000000015 * BlockSize_32 + -2976.55172413793 * BlockSize_512 + -2325.1724137931 * BlockSize_4096 + -3167.67241379308 * BlockSize_32 * Deflate;32.9893712687873;32.9893712687873;32.9893712687873;32.9893712687873;0.34543;8;-3167.67241379308 * BlockSize_32 * Deflate;2;2.08432237941946;
7;6018.48214285714 * CompressionMethod + 13692.7295918367 * x_8 + 6931.30102040816 * x_10 + -1431.21173469387 * BlockSize_32 + -3078.91581632653 * BlockSize_512 + -2468.48214285715 * BlockSize_4096 + -2717.27040816327 * BlockSize_32 * Deflate + -2374.8469387755 * BlockSize_1;31.172895075669;31.172895075669;31.172895075669;31.172895075669;0.526469;9;-2374.8469387755 * BlockSize_1;1;1.81647619311821;
8;6138.52355072464 * CompressionMethod + 13589.8369565217 * x_8 + 7188.53260869565 * x_10 + -1448.36050724637 * BlockSize_32 + -3284.70108695652 * BlockSize_512 + -2588.52355072463 * BlockSize_4096 + -2820.16304347826 * BlockSize_32 * Deflate + -2443.44202898551 * BlockSize_1 + -840.289855072453 * Files_60;29.5198279324025;29.5198279324025;29.5198279324025;29.5198279324025;0.759439;10;-840.289855072453 * Files_60;1;1.65306714326652;
9;5995.21166134186 * CompressionMethod + 13712.6757188498 * x_8 + 13944.6645367412 * x_10 + -1427.8873801917 * BlockSize_32 + -1626.37779552716 * BlockSize_512 + -2445.21166134186 * BlockSize_4096 + -2697.32428115014 * BlockSize_32 * Deflate + -2361.54952076678 * BlockSize_1 + -1249.75239616614 * Files_60 + -11301.1661341853 * x_10 * PPMd;27.6047904351607;27.6047904351607;27.6047904351607;27.6047904351607;1.044545;12;-11301.1661341853 * x_10 * PPMd;2;0.957518748620906;
10;6931.92580049261 * CompressionMethod + 13877.0874384236 * x_8 + 13507.6754926108 * x_10 + -2529.01323891627 * BlockSize_32 + -1438.16964285714 * BlockSize_512 + -2027.69242610837 * BlockSize_4096 + -2532.91256157636 * BlockSize_32 * Deflate + -2703.35283251232 * BlockSize_1 + -894.969211822664 * Files_60 + -11530.4772167488 * x_10 * PPMd + -1354.23337438423 * tmOff;24.0188018229397;24.0188018229397;24.0188018229397;24.0188018229397;1.405491;13;-1354.23337438423 * tmOff;1;3.58598861222107;
11;6911.29648241206 * CompressionMethod + 13852.5552763819 * x_8 + 13477.567839196 * x_10 + -2483.85175879397 * BlockSize_32 + -775.243718592963 * BlockSize_512 + -2066.16331658291 * BlockSize_4096 + -2557.44472361808 * BlockSize_32 * Deflate + -2700.00753768842 * BlockSize_1 + -852.595477386926 * Files_60 + -11734.5402010051 * x_10 * PPMd + -1295.13316582915 * tmOff + -1810.91959798997 * BlockSize_512 * filterOff;20.7599344128676;20.7599344128676;20.7599344128676;20.7599344128676;1.843376;15;-1810.91959798997 * BlockSize_512 * filterOff;2;1.62943370503601;
12;6928.61921708185 * CompressionMethod + 13539.3024911032 * x_8 + 13471.7935943061 * x_10 + -2187.92170818505 * BlockSize_32 + -765.138790035591 * BlockSize_512 + -2041.62277580072 * BlockSize_4096 + -2870.69750889678 * BlockSize_32 * Deflate + -2539.77224199288 * BlockSize_1 + -833.829181494654 * Files_60 + -11741.7580071174 * x_10 * PPMd + -1336.99644128115 * tmOff + -1796.48398576512 * BlockSize_512 * filterOff + 1149.07473309609 * x_8 * BlockSize_16;19.7135864079506;19.7135864079506;19.7135864079506;19.7135864079506;2.380514;17;1149.07473309609 * x_8 * BlockSize_16;2;0.52317400245852;
13;6901.84261868631 * CompressionMethod + 13596.1814437459 * x_8 + 13496.6941252981 * x_10 + -2218.02406243227 * BlockSize_32 + -712.864730110548 * BlockSize_512 + -1955.75005419466 * BlockSize_4096 + -2813.81855625404 * BlockSize_32 * Deflate + -2511.88705831346 * BlockSize_1 + -770.980923477131 * Files_60 + -11758.5573379579 * x_10 * PPMd + -1396.09256449165 * tmOff + -1762.88532408411 * BlockSize_512 * filterOff + 1178.0685020594 * x_8 * BlockSize_16 + 479.249945805345 * BlockSize_64;19.5938165079921;19.5938165079921;19.5938165079921;19.5938165079921;3.017573;18;479.249945805345 * BlockSize_64;1;0.119769899958463;
Elapsed=00:00:03.0179326
Learning progress:
1;6886.08695652174 * CompressionMethod + 16881.4130434783 * x_10;83.6915996072685;83.6915996072685;83.6915996072685;83.6915996072685;0.005855;2;16881.4130434783 * x_10;1;103.416788236654;
2;5045.49999999999 * CompressionMethod + 18722 * x_10 + 14111.1666666667 * x_8;43.7190444485273;43.7190444485273;43.7190444485273;43.7190444485273;0.025941;3;14111.1666666667 * x_8;1;39.9725551587412;
3;3302.50000000001 * CompressionMethod + 20465 * x_10 + 15854.1666666667 * x_8 + 8715.00000000001 * x_6;28.3567413215888;28.3567413215888;28.3567413215888;28.3567413215888;0.063547;4;8715.00000000001 * x_6;1;15.3623031269386;
4;3302.5 * CompressionMethod + 20465 * x_10 + 16280.5 * x_8 + 9354.5 * x_6 + -1279 * Files_20;23.2996943222797;23.2996943222797;23.2996943222797;23.2996943222797;0.126956;5;-1279 * Files_20;1;5.05704699930907;
5;3302.5 * CompressionMethod + 20465 * x_10 + 16280.5 * x_8 + 4677.25 * x_6 + -1279.00000000001 * Files_20 + 4677.25 * x_6 * HeaderCompressionOff;15.8613196403459;15.8613196403459;15.8613196403459;15.8613196403459;0.218857;7;4677.25 * x_6 * HeaderCompressionOff;2;3.7191873409669;
6;3530.83333333334 * CompressionMethod + 20236.6666666667 * x_10 + 16052.1666666667 * x_8 + 4563.08333333334 * x_6 + -1279.00000000001 * Files_20 + 4563.08333333334 * x_6 * HeaderCompressionOff + -913.33333333334 * x_4;13.4874844995803;13.4874844995803;13.4874844995803;13.4874844995803;0.348965;8;-913.33333333334 * x_4;1;2.37383514076559;
7;3530.83333333333 * CompressionMethod + 20236.6666666667 * x_10 + 16052.1666666667 * x_8 + 4563.08333333334 * x_6 + -1278.99999999997 * Files_20 + 4563.08333333334 * x_6 * HeaderCompressionOff + -664.166666666656 * x_4 + -996.666666666661 * Files_10;13.4155148026108;13.4155148026108;13.4155148026108;13.4155148026108;0.520139;9;-996.666666666661 * Files_10;1;0.071969696969532;
Elapsed=00:00:00.5203858
Learning progress:
1;12775.3846153846 * CompressionMethod + -9393.38461538462 * x_2;80.5361333140554;80.5361333140554;80.5361333140554;80.5361333140554;0.006334;2;-9393.38461538462 * x_2;1;167.328325556214;
2;14645.4545454545 * CompressionMethod + -11263.4545454546 * x_2 + -12155.4545454546 * x_4;51.3302862485845;51.3302862485845;51.3302862485845;51.3302862485845;0.030222;3;-12155.4545454546 * x_4;1;29.2058470654708;
3;16289.3233082707 * CompressionMethod + -10496.3157894737 * x_2 + -12292.4436090226 * x_4 + -3013.75939849624 * tmOff;37.2581986989226;37.2581986989226;37.2581986989226;37.2581986989226;0.070665;4;-3013.75939849624 * tmOff;1;14.0720875496619;
4;10875.3975903614 * CompressionMethod + -6368.86746987952 * x_2 + -7682.56626506025 * x_4 + -1405.6626506024 * tmOff + 14258.4578313253 * x_10;29.6919161228151;29.6919161228151;29.6919161228151;29.6919161228151;0.138338;5;14258.4578313253 * x_10;1;7.5662825761075;
5;10539.7885196375 * CompressionMethod + -6207.64350453171 * x_2 + -6943.89728096676 * x_4 + -2211.78247734139 * tmOff + 14939.5468277946 * x_10 + 4096.40483383687 * Files_20;23.6668948377808;23.6668948377808;23.6668948377808;23.6668948377808;0.236924;6;4096.40483383687 * Files_20;1;6.02502128503428;
6;10445.5895578316 * CompressionMethod + -5702.76417686733 * x_2 + -6821.23532350736 * x_4 + -2268.70846864851 * tmOff + 15058.1426430177 * x_10 + 2270.70696977269 * Files_20 + 7402.41194104423 * Files_20 * LZMA;19.852622333232;19.852622333232;19.852622333232;19.852622333232;0.369662;8;7402.41194104423 * Files_20 * LZMA;2;1.90713625227442;
7;10277.0123839009 * CompressionMethod + -5770.19504643963 * x_2 + -6817.48916408669 * x_4 + -1939.04643962848 * tmOff + 15621.0030959753 * x_10 + 2132.09907120742 * Files_20 + 11128.9040247678 * Files_20 * LZMA + -3748.96904024767 * BlockSize_8;17.7963592904964;17.7963592904964;17.7963592904964;17.7963592904964;0.55763;9;-3748.96904024767 * BlockSize_8;1;2.05626304273556;
8;11031.864608076 * CompressionMethod + -5468.2541567696 * x_2 + -6834.26365795725 * x_4 + -3415.20190023753 * tmOff + 13100.635391924 * x_10 + 2752.75534441806 * Files_20 + 14760.5819477435 * Files_20 * LZMA + -7279.99999999997 * BlockSize_8 + 6772.70190023752 * x_10 * tmOff;15.7246653133639;15.7246653133639;15.7246653133639;15.7246653133639;0.795708;11;6772.70190023752 * x_10 * tmOff;2;1.03584698856624;
9;11012.1827613727 * CompressionMethod + -5268.97545889864 * x_2 + -6845.33469672784 * x_4 + -3698.94852354351 * tmOff + 12947.6910415004 * x_10 + 2989.75758180366 * Files_20 + 14827.0081803671 * Files_20 * LZMA + -7970.50478850757 * BlockSize_8 + 7229.07472067041 * x_10 * tmOff + 690.504788507568 * LZMA;13.5368882631285;13.5368882631285;13.5368882631285;13.5368882631285;1.09544;12;690.504788507568 * LZMA;1;2.18777705023548;
10;11190.5313319037 * CompressionMethod + -5030.81486776269 * x_2 + -7766.98355968549 * x_4 + -4307.21864824079 * tmOff + 12630.3248351998 * x_10 + 3340.29227225796 * Files_20 + 14906.3950440791 * Files_20 * LZMA + -8526.57533158606 * BlockSize_8 + 7976.3624811373 * x_10 * tmOff + 1246.57533158606 * LZMA + 3633.67087602252 * BlockSize_4;12.5186337006687;12.5186337006687;12.5186337006687;12.5186337006687;1.467748;13;3633.67087602252 * BlockSize_4;1;1.01825456245974;
11;11190.5313319037 * CompressionMethod + -5030.81486776268 * x_2 + -7766.98355968549 * x_4 + -4307.21864824081 * tmOff + 12630.3248351998 * x_10 + 3340.29227225797 * Files_20 + 14906.3950440791 * Files_20 * LZMA + -4263.28766579304 * BlockSize_8 + 7976.36248113732 * x_10 * tmOff + 1246.57533158605 * LZMA + 3633.67087602258 * BlockSize_4 + -4263.28766579304 * BlockSize_8 * LZMA;11.1694543689829;11.1694543689829;11.1694543689829;11.1694543689829;1.907096;15;-4263.28766579304 * BlockSize_8 * LZMA;2;0.674589665842896;
12;11190.5313319037 * CompressionMethod + -5030.81486776269 * x_2 + -7766.9835596855 * x_4 + -4307.21864824083 * tmOff + 12630.3248351998 * x_10 + 3340.29227225797 * Files_20 + 14906.3950440791 * Files_20 * LZMA + -2842.19177719536 * BlockSize_8 + 7976.36248113735 * x_10 * tmOff + 1246.57533158607 * LZMA + 3633.6708760226 * BlockSize_4 + -2842.19177719536 * BlockSize_8 * LZMA + -2842.19177719536 * BlockSize_8 * filterOff;10.5898933524091;10.5898933524091;10.5898933524091;10.5898933524091;2.437064;17;-2842.19177719536 * BlockSize_8 * filterOff;2;0.289780508286901;
13;11186.7269667648 * CompressionMethod + -5000.58897770299 * x_2 + -7764.97686159023 * x_4 + -4290.67732435843 * tmOff + 12636.9162810265 * x_10 + 3317.48001682793 * Files_20 + 14741.0096760623 * Files_20 * LZMA + -2779.98878137709 * BlockSize_8 + 7957.03407656709 * x_10 * tmOff + 1235.42700883465 * LZMA + 3618.92721918382 * BlockSize_4 + -2779.98878137708 * BlockSize_8 * LZMA + -2779.98878137708 * BlockSize_8 * filterOff + -175.460664703412 * tmOff * Files_80;10.4432463299413;10.4432463299413;10.4432463299413;10.4432463299413;3.06587;19;-175.460664703412 * tmOff * Files_80;2;0.0733235112339292;
Elapsed=00:00:03.0662379
Learning progress:
1;11356.8965517241 * CompressionMethod + -8846.89655172414 * BlockSize_1024;114.711352653924;114.711352653924;114.711352653924;114.711352653924;0.005343;2;-8846.89655172414 * BlockSize_1024;1;205.02520598467;
2;7521.90635451505 * CompressionMethod + -8719.06354515051 * BlockSize_1024 + 5560.73578595318 * filterOff;86.2899823370832;86.2899823370832;86.2899823370832;86.2899823370832;0.026231;3;5560.73578595318 * filterOff;1;28.4213703168413;
3;5792.73409893992 * CompressionMethod + -9013.14045936395 * BlockSize_1024 + 5078.44964664312 * filterOff + 3517.15989399293 * HeaderCompressionOff;52.0292062157222;52.0292062157222;52.0292062157222;52.0292062157222;0.065434;4;3517.15989399293 * HeaderCompressionOff;1;34.260776121361;
4;3494.97700562084 * CompressionMethod + -8481.73735309147 * BlockSize_1024 + 6627.75166070517 * filterOff + 4617.38886050077 * HeaderCompressionOff + 16945.0229943792 * Files_50;38.9670789884693;38.9670789884693;38.9670789884693;38.9670789884693;0.133176;5;16945.0229943792 * Files_50;1;13.0621272272529;
5;2548.794489093 * CompressionMethod + -7526.67049368542 * BlockSize_1024 + 6840.97588978187 * filterOff + 4390.83811710678 * HeaderCompressionOff + 17891.205510907 * Files_50 + 8693.32950631459 * x_8;29.2320887973568;29.2320887973568;29.2320887973568;29.2320887973568;0.225606;6;8693.32950631459 * x_8;1;9.73499019111252;
6;2108.88535031848 * CompressionMethod + -7420.54140127388 * BlockSize_1024 + 7297.89808917197 * filterOff + 4434.58598726115 * HeaderCompressionOff + 18331.1146496815 * Files_50 + 8093.82165605094 * x_8 + 2116.91082802548 * BlockSize_1;27.7169238245554;27.7169238245554;27.7169238245554;27.7169238245554;0.353042;7;2116.91082802548 * BlockSize_1;1;1.51516497280141;
7;1667.39675016925 * CompressionMethod + -8159.90182802979 * BlockSize_1024 + 8111.72647257957 * filterOff + 5392.03114421124 * HeaderCompressionOff + 18772.6032498308 * Files_50 + 7221.4827352742 * x_8 + 2515.84631008803 * BlockSize_1 + -9186.15436696007 * BlockSize_64;25.9792133921251;25.9792133921251;25.9792133921251;25.9792133921251;0.520227;8;-9186.15436696007 * BlockSize_64;1;1.73771043243029;
8;1941.05442176872 * CompressionMethod + -8334.04761904762 * BlockSize_1024 + 8397.82312925169 * filterOff + 4956.66666666666 * HeaderCompressionOff + 18498.9455782313 * Files_50 + 7034.89795918368 * x_8 + 7802.41496598639 * BlockSize_1 + -6685.91836734694 * BlockSize_64 + -5249.25170068028 * Files_30;23.6527936564602;23.6527936564602;23.6527936564602;23.6527936564602;0.730798;9;-5249.25170068028 * Files_30;1;2.32641973566489;
9;1685.60769656698 * CompressionMethod + -8930.0899778516 * BlockSize_1024 + 9079.01439645627 * filterOff + 5552.70902547066 * HeaderCompressionOff + 18754.392303433 * Files_50 + 9674.51411960133 * x_8 + 9505.39313399782 * BlockSize_1 + -2002.7284053156 * BlockSize_64 + -8314.6124031008 * Files_30 + -8344.59302325582 * HeaderCompressionOff * Files_90;18.3873983304196;18.3873983304196;18.3873983304196;18.3873983304196;0.998174;11;-8344.59302325582 * HeaderCompressionOff * Files_90;2;2.63269766302029;
10;1739.64875681201 * CompressionMethod + -8978.05900885558 * BlockSize_1024 + 9152.48595027248 * filterOff + 5470.12942779292 * HeaderCompressionOff + 18700.351243188 * Files_50 + 12814.9676430518 * x_8 + 10668.1867336512 * BlockSize_1 + -1070.06471389646 * BlockSize_64 + -8867.1670640327 * Files_30 + -9747.23177792915 * HeaderCompressionOff * Files_90 + -4386.43392370575 * x_8 * mtOff;16.7071479146095;16.7071479146095;16.7071479146095;16.7071479146095;1.340938;13;-4386.43392370575 * x_8 * mtOff;2;0.840125207905063;
11;1739.64875681199 * CompressionMethod + -8978.0590088556 * BlockSize_1024 + 9152.48595027248 * filterOff + 5470.12942779292 * HeaderCompressionOff + 18700.351243188 * Files_50 + 12814.9676430518 * x_8 + 10668.1867336512 * BlockSize_1 + -535.032356948235 * BlockSize_64 + -8867.16706403269 * Files_30 + -9747.23177792919 * HeaderCompressionOff * Files_90 + -4386.43392370577 * x_8 * mtOff + -535.03235694823 * BlockSize_64 * filterOff;16.7071479146092;16.7071479146092;16.7071479146092;16.7071479146092;1.751289;15;-535.03235694823 * BlockSize_64 * filterOff;2;1.70530256582424E-13;
Elapsed=00:00:01.7515796
Learning progress:
1;12704.6153846154 * CompressionMethod + -8132.61538461538 * x_0;155.05748921056;155.05748921056;155.05748921056;155.05748921056;0.005698;2;-8132.61538461538 * x_0;1;95.8113075632079;
2;14498.6363636364 * CompressionMethod + -9926.63636363638 * x_0 + -11661.1363636364 * x_4;97.6994024186794;97.6994024186794;97.6994024186794;97.6994024186794;0.026627;3;-11661.1363636364 * x_4;1;57.3580867918809;
3;19628 * CompressionMethod + -15056 * x_0 + -16790.5 * x_4 + -16120.8571428571 * x_2;53.0203807411209;53.0203807411209;53.0203807411209;53.0203807411209;0.065155;4;-16120.8571428571 * x_2;1;44.6790216775585;
4;19101.0220955096 * CompressionMethod + -16109.9558089808 * x_0 + -18239.6892373486 * x_4 + -16723.1176051319 * x_2 + 7904.66856735566 * BlockSize_4096;35.1570378148874;35.1570378148874;35.1570378148874;35.1570378148874;0.128745;5;7904.66856735566 * BlockSize_4096;1;17.8633429262335;
5;19040.1142857143 * CompressionMethod + -16231.7714285714 * x_0 + -17150.5142857143 * x_4 + -16074.6285714286 * x_2 + 8818.28571428573 * BlockSize_4096 + -5026.68571428572 * Files_80;30.268367023845;30.268367023845;30.268367023845;30.268367023845;0.223116;6;-5026.68571428572 * Files_80;1;4.88867079104241;
6;19043.9165154265 * CompressionMethod + -16046.7295825772 * x_0 + -17145.444646098 * x_4 + -16073.3611615245 * x_2 + 8761.25226860255 * BlockSize_4096 + -5005.13974591652 * Files_80 + -887.186932849352 * Files_40;28.3564983401042;28.3564983401042;28.3564983401042;28.3564983401042;0.352551;7;-887.186932849352 * Files_40;1;1.91186868374077;
7;19043.9165154265 * CompressionMethod + -16046.7295825771 * x_0 + -17145.444646098 * x_4 + -16073.3611615245 * x_2 + 8761.25226860255 * BlockSize_4096 + -5005.13974591652 * Files_80 + -443.593466424668 * Files_40 + -443.593466424668 * x_0 * Deflate;26.7883653281391;26.7883653281391;26.7883653281391;26.7883653281391;0.518649;9;-443.593466424668 * x_0 * Deflate;2;0.784066505982542;
8;19043.9165154265 * CompressionMethod + -16046.7295825771 * x_0 + -17145.444646098 * x_4 + -16073.3611615245 * x_2 + 8761.25226860256 * BlockSize_4096 + -2502.56987295827 * Files_80 + -443.59346642468 * Files_40 + -443.593466424677 * x_0 * Deflate + -2502.56987295827 * Files_80 * Deflate;25.2405116214605;25.2405116214605;25.2405116214605;25.2405116214605;0.735591;11;-2502.56987295827 * Files_80 * Deflate;2;0.773926853339324;
9;18941.8657491561 * CompressionMethod + -15952.8356271098 * x_0 + -17048.4692287717 * x_4 + -15974.2105946507 * x_2 + 8793.87951181512 * BlockSize_4096 + -2508.73279667622 * Files_80 + -439.515061023088 * Files_40 + -439.515061023088 * x_0 * Deflate + -2508.73279667622 * Files_80 * Deflate + 1498.13425084387 * Files_50;25.0666359184397;25.0666359184397;25.0666359184397;25.0666359184397;1.014946;12;1498.13425084387 * Files_50;1;0.173875703020755;
Elapsed=00:00:01.0152353
Learning progress:
1;6555.38461538461 * CompressionMethod + 12394.6153846154 * x_8;90.3753896573691;90.3753896573691;90.3753896573691;90.3753896573691;0.005751;2;12394.6153846154 * x_8;1;49.5388883756638;
2;5179.52380952381 * CompressionMethod + 13770.4761904762 * x_8 + 7154.47619047619 * x_10;63.6535757850141;63.6535757850141;63.6535757850141;63.6535757850141;0.025469;3;7154.47619047619 * x_10;1;26.721813872355;
3;5287.66304347825 * CompressionMethod + 14116.5217391304 * x_8 + 7046.33695652174 * x_10 + -2270.92391304349 * BlockSize_32;50.3947916532111;50.3947916532111;50.3947916532111;50.3947916532111;0.063887;4;-2270.92391304349 * BlockSize_32;1;13.258784131803;
4;5556.58597662771 * CompressionMethod + 13877.4791318865 * x_8 + 7327.21202003338 * x_10 + -2420.32554257095 * BlockSize_32 + -2748.98998330551 * BlockSize_512;44.2531538865537;44.2531538865537;44.2531538865537;44.2531538865537;0.128418;5;-2748.98998330551 * BlockSize_512;1;6.14163776665746;
5;5792.43470149253 * CompressionMethod + 13667.8358208955 * x_8 + 7125.05597014926 * x_10 + -2551.3526119403 * BlockSize_32 + -2917.45335820895 * BlockSize_512 + -2242.43470149253 * BlockSize_4096;37.1580160276262;37.1580160276262;37.1580160276262;37.1580160276262;0.221595;6;-2242.43470149253 * BlockSize_4096;1;7.09513785892748;
6;5875.17241379311 * CompressionMethod + 13242.3275862069 * x_8 + 7054.13793103448 * x_10 + -837.500000000015 * BlockSize_32 + -2976.55172413793 * BlockSize_512 + -2325.1724137931 * BlockSize_4096 + -3167.67241379308 * BlockSize_32 * Deflate;32.9893712687873;32.9893712687873;32.9893712687873;32.9893712687873;0.352683;8;-3167.67241379308 * BlockSize_32 * Deflate;2;2.08432237941946;
7;6018.48214285714 * CompressionMethod + 13692.7295918367 * x_8 + 6931.30102040816 * x_10 + -1431.21173469387 * BlockSize_32 + -3078.91581632653 * BlockSize_512 + -2468.48214285715 * BlockSize_4096 + -2717.27040816327 * BlockSize_32 * Deflate + -2374.8469387755 * BlockSize_1;31.172895075669;31.172895075669;31.172895075669;31.172895075669;0.539053;9;-2374.8469387755 * BlockSize_1;1;1.81647619311821;
8;6138.52355072464 * CompressionMethod + 13589.8369565217 * x_8 + 7188.53260869565 * x_10 + -1448.36050724637 * BlockSize_32 + -3284.70108695652 * BlockSize_512 + -2588.52355072463 * BlockSize_4096 + -2820.16304347826 * BlockSize_32 * Deflate + -2443.44202898551 * BlockSize_1 + -840.289855072453 * Files_60;29.5198279324025;29.5198279324025;29.5198279324025;29.5198279324025;0.771185;10;-840.289855072453 * Files_60;1;1.65306714326652;
9;5995.21166134186 * CompressionMethod + 13712.6757188498 * x_8 + 13944.6645367412 * x_10 + -1427.8873801917 * BlockSize_32 + -1626.37779552716 * BlockSize_512 + -2445.21166134186 * BlockSize_4096 + -2697.32428115014 * BlockSize_32 * Deflate + -2361.54952076678 * BlockSize_1 + -1249.75239616614 * Files_60 + -11301.1661341853 * x_10 * PPMd;27.6047904351607;27.6047904351607;27.6047904351607;27.6047904351607;1.056898;12;-11301.1661341853 * x_10 * PPMd;2;0.957518748620906;
10;6931.92580049261 * CompressionMethod + 13877.0874384236 * x_8 + 13507.6754926108 * x_10 + -2529.01323891627 * BlockSize_32 + -1438.16964285714 * BlockSize_512 + -2027.69242610837 * BlockSize_4096 + -2532.91256157636 * BlockSize_32 * Deflate + -2703.35283251232 * BlockSize_1 + -894.969211822664 * Files_60 + -11530.4772167488 * x_10 * PPMd + -1354.23337438423 * tmOff;24.0188018229397;24.0188018229397;24.0188018229397;24.0188018229397;1.424417;13;-1354.23337438423 * tmOff;1;3.58598861222107;
11;6911.29648241206 * CompressionMethod + 13852.5552763819 * x_8 + 13477.567839196 * x_10 + -2483.85175879397 * BlockSize_32 + -775.243718592963 * BlockSize_512 + -2066.16331658291 * BlockSize_4096 + -2557.44472361808 * BlockSize_32 * Deflate + -2700.00753768842 * BlockSize_1 + -852.595477386926 * Files_60 + -11734.5402010051 * x_10 * PPMd + -1295.13316582915 * tmOff + -1810.91959798997 * BlockSize_512 * filterOff;20.7599344128676;20.7599344128676;20.7599344128676;20.7599344128676;1.867578;15;-1810.91959798997 * BlockSize_512 * filterOff;2;1.62943370503601;
12;6928.61921708185 * CompressionMethod + 13539.3024911032 * x_8 + 13471.7935943061 * x_10 + -2187.92170818505 * BlockSize_32 + -765.138790035591 * BlockSize_512 + -2041.62277580072 * BlockSize_4096 + -2870.69750889678 * BlockSize_32 * Deflate + -2539.77224199288 * BlockSize_1 + -833.829181494654 * Files_60 + -11741.7580071174 * x_10 * PPMd + -1336.99644128115 * tmOff + -1796.48398576512 * BlockSize_512 * filterOff + 1149.07473309609 * x_8 * BlockSize_16;19.7135864079506;19.7135864079506;19.7135864079506;19.7135864079506;2.413761;17;1149.07473309609 * x_8 * BlockSize_16;2;0.52317400245852;
13;6901.84261868631 * CompressionMethod + 13596.1814437459 * x_8 + 13496.6941252981 * x_10 + -2218.02406243227 * BlockSize_32 + -712.864730110548 * BlockSize_512 + -1955.75005419466 * BlockSize_4096 + -2813.81855625404 * BlockSize_32 * Deflate + -2511.88705831346 * BlockSize_1 + -770.980923477131 * Files_60 + -11758.5573379579 * x_10 * PPMd + -1396.09256449165 * tmOff + -1762.88532408411 * BlockSize_512 * filterOff + 1178.0685020594 * x_8 * BlockSize_16 + 479.249945805345 * BlockSize_64;19.5938165079921;19.5938165079921;19.5938165079921;19.5938165079921;3.058101;18;479.249945805345 * BlockSize_64;1;0.119769899958463;
Elapsed=00:00:03.0584613
Learning progress:
1;6886.08695652174 * CompressionMethod + 16881.4130434783 * x_10;83.6915996072685;83.6915996072685;83.6915996072685;83.6915996072685;0.008924;2;16881.4130434783 * x_10;1;103.416788236654;
2;5045.49999999999 * CompressionMethod + 18722 * x_10 + 14111.1666666667 * x_8;43.7190444485273;43.7190444485273;43.7190444485273;43.7190444485273;0.02925;3;14111.1666666667 * x_8;1;39.9725551587412;
3;3302.50000000001 * CompressionMethod + 20465 * x_10 + 15854.1666666667 * x_8 + 8715.00000000001 * x_6;28.3567413215888;28.3567413215888;28.3567413215888;28.3567413215888;0.068171;4;8715.00000000001 * x_6;1;15.3623031269386;
4;3302.5 * CompressionMethod + 20465 * x_10 + 16280.5 * x_8 + 9354.5 * x_6 + -1279 * Files_20;23.2996943222797;23.2996943222797;23.2996943222797;23.2996943222797;0.130831;5;-1279 * Files_20;1;5.05704699930907;
5;3302.5 * CompressionMethod + 20465 * x_10 + 16280.5 * x_8 + 4677.25 * x_6 + -1279.00000000001 * Files_20 + 4677.25 * x_6 * HeaderCompressionOff;15.8613196403459;15.8613196403459;15.8613196403459;15.8613196403459;0.22778;7;4677.25 * x_6 * HeaderCompressionOff;2;3.7191873409669;
6;3530.83333333334 * CompressionMethod + 20236.6666666667 * x_10 + 16052.1666666667 * x_8 + 4563.08333333334 * x_6 + -1279.00000000001 * Files_20 + 4563.08333333334 * x_6 * HeaderCompressionOff + -913.33333333334 * x_4;13.4874844995803;13.4874844995803;13.4874844995803;13.4874844995803;0.360182;8;-913.33333333334 * x_4;1;2.37383514076559;
7;3530.83333333333 * CompressionMethod + 20236.6666666667 * x_10 + 16052.1666666667 * x_8 + 4563.08333333334 * x_6 + -1278.99999999997 * Files_20 + 4563.08333333334 * x_6 * HeaderCompressionOff + -664.166666666656 * x_4 + -996.666666666661 * Files_10;13.4155148026108;13.4155148026108;13.4155148026108;13.4155148026108;0.532943;9;-996.666666666661 * Files_10;1;0.071969696969532;
Elapsed=00:00:00.5331842
Learning progress:
1;12775.3846153846 * CompressionMethod + -9393.38461538462 * x_2;80.5361333140554;80.5361333140554;80.5361333140554;80.5361333140554;0.009278;2;-9393.38461538462 * x_2;1;167.328325556214;
2;14645.4545454545 * CompressionMethod + -11263.4545454546 * x_2 + -12155.4545454546 * x_4;51.3302862485845;51.3302862485845;51.3302862485845;51.3302862485845;0.030901;3;-12155.4545454546 * x_4;1;29.2058470654708;
3;16289.3233082707 * CompressionMethod + -10496.3157894737 * x_2 + -12292.4436090226 * x_4 + -3013.75939849624 * tmOff;37.2581986989226;37.2581986989226;37.2581986989226;37.2581986989226;0.072107;4;-3013.75939849624 * tmOff;1;14.0720875496619;
4;10875.3975903614 * CompressionMethod + -6368.86746987952 * x_2 + -7682.56626506025 * x_4 + -1405.6626506024 * tmOff + 14258.4578313253 * x_10;29.6919161228151;29.6919161228151;29.6919161228151;29.6919161228151;0.144203;5;14258.4578313253 * x_10;1;7.5662825761075;
5;10539.7885196375 * CompressionMethod + -6207.64350453171 * x_2 + -6943.89728096676 * x_4 + -2211.78247734139 * tmOff + 14939.5468277946 * x_10 + 4096.40483383687 * Files_20;23.6668948377808;23.6668948377808;23.6668948377808;23.6668948377808;0.242697;6;4096.40483383687 * Files_20;1;6.02502128503428;
6;10445.5895578316 * CompressionMethod + -5702.76417686733 * x_2 + -6821.23532350736 * x_4 + -2268.70846864851 * tmOff + 15058.1426430177 * x_10 + 2270.70696977269 * Files_20 + 7402.41194104423 * Files_20 * LZMA;19.852622333232;19.852622333232;19.852622333232;19.852622333232;0.380638;8;7402.41194104423 * Files_20 * LZMA;2;1.90713625227442;
7;10277.0123839009 * CompressionMethod + -5770.19504643963 * x_2 + -6817.48916408669 * x_4 + -1939.04643962848 * tmOff + 15621.0030959753 * x_10 + 2132.09907120742 * Files_20 + 11128.9040247678 * Files_20 * LZMA + -3748.96904024767 * BlockSize_8;17.7963592904964;17.7963592904964;17.7963592904964;17.7963592904964;0.56464;9;-3748.96904024767 * BlockSize_8;1;2.05626304273556;
8;11031.864608076 * CompressionMethod + -5468.2541567696 * x_2 + -6834.26365795725 * x_4 + -3415.20190023753 * tmOff + 13100.635391924 * x_10 + 2752.75534441806 * Files_20 + 14760.5819477435 * Files_20 * LZMA + -7279.99999999997 * BlockSize_8 + 6772.70190023752 * x_10 * tmOff;15.7246653133639;15.7246653133639;15.7246653133639;15.7246653133639;0.808187;11;6772.70190023752 * x_10 * tmOff;2;1.03584698856624;
9;11012.1827613727 * CompressionMethod + -5268.97545889864 * x_2 + -6845.33469672784 * x_4 + -3698.94852354351 * tmOff + 12947.6910415004 * x_10 + 2989.75758180366 * Files_20 + 14827.0081803671 * Files_20 * LZMA + -7970.50478850757 * BlockSize_8 + 7229.07472067041 * x_10 * tmOff + 690.504788507568 * LZMA;13.5368882631285;13.5368882631285;13.5368882631285;13.5368882631285;1.118697;12;690.504788507568 * LZMA;1;2.18777705023548;
10;11190.5313319037 * CompressionMethod + -5030.81486776269 * x_2 + -7766.98355968549 * x_4 + -4307.21864824079 * tmOff + 12630.3248351998 * x_10 + 3340.29227225796 * Files_20 + 14906.3950440791 * Files_20 * LZMA + -8526.57533158606 * BlockSize_8 + 7976.3624811373 * x_10 * tmOff + 1246.57533158606 * LZMA + 3633.67087602252 * BlockSize_4;12.5186337006687;12.5186337006687;12.5186337006687;12.5186337006687;1.496642;13;3633.67087602252 * BlockSize_4;1;1.01825456245974;
11;11190.5313319037 * CompressionMethod + -5030.81486776268 * x_2 + -7766.98355968549 * x_4 + -4307.21864824081 * tmOff + 12630.3248351998 * x_10 + 3340.29227225797 * Files_20 + 14906.3950440791 * Files_20 * LZMA + -4263.28766579304 * BlockSize_8 + 7976.36248113732 * x_10 * tmOff + 1246.57533158605 * LZMA + 3633.67087602258 * BlockSize_4 + -4263.28766579304 * BlockSize_8 * LZMA;11.1694543689829;11.1694543689829;11.1694543689829;11.1694543689829;1.948996;15;-4263.28766579304 * BlockSize_8 * LZMA;2;0.674589665842896;
12;11190.5313319037 * CompressionMethod + -5030.81486776269 * x_2 + -7766.9835596855 * x_4 + -4307.21864824083 * tmOff + 12630.3248351998 * x_10 + 3340.29227225797 * Files_20 + 14906.3950440791 * Files_20 * LZMA + -2842.19177719536 * BlockSize_8 + 7976.36248113735 * x_10 * tmOff + 1246.57533158607 * LZMA + 3633.6708760226 * BlockSize_4 + -2842.19177719536 * BlockSize_8 * LZMA + -2842.19177719536 * BlockSize_8 * filterOff;10.5898933524091;10.5898933524091;10.5898933524091;10.5898933524091;2.483469;17;-2842.19177719536 * BlockSize_8 * filterOff;2;0.289780508286901;
Elapsed=00:00:02.4838276
Learning progress:
1;11356.8965517241 * CompressionMethod + -8846.89655172414 * BlockSize_1024;114.711352653924;114.711352653924;114.711352653924;114.711352653924;0.009856;2;-8846.89655172414 * BlockSize_1024;1;205.02520598467;
2;7521.90635451505 * CompressionMethod + -8719.06354515051 * BlockSize_1024 + 5560.73578595318 * filterOff;86.2899823370832;86.2899823370832;86.2899823370832;86.2899823370832;0.029863;3;5560.73578595318 * filterOff;1;28.4213703168413;
3;5792.73409893992 * CompressionMethod + -9013.14045936395 * BlockSize_1024 + 5078.44964664312 * filterOff + 3517.15989399293 * HeaderCompressionOff;52.0292062157222;52.0292062157222;52.0292062157222;52.0292062157222;0.070878;4;3517.15989399293 * HeaderCompressionOff;1;34.260776121361;
4;3494.97700562084 * CompressionMethod + -8481.73735309147 * BlockSize_1024 + 6627.75166070517 * filterOff + 4617.38886050077 * HeaderCompressionOff + 16945.0229943792 * Files_50;38.9670789884693;38.9670789884693;38.9670789884693;38.9670789884693;0.160208;5;16945.0229943792 * Files_50;1;13.0621272272529;
5;2548.794489093 * CompressionMethod + -7526.67049368542 * BlockSize_1024 + 6840.97588978187 * filterOff + 4390.83811710678 * HeaderCompressionOff + 17891.205510907 * Files_50 + 8693.32950631459 * x_8;29.2320887973568;29.2320887973568;29.2320887973568;29.2320887973568;0.327912;6;8693.32950631459 * x_8;1;9.73499019111252;
6;2108.88535031848 * CompressionMethod + -7420.54140127388 * BlockSize_1024 + 7297.89808917197 * filterOff + 4434.58598726115 * HeaderCompressionOff + 18331.1146496815 * Files_50 + 8093.82165605094 * x_8 + 2116.91082802548 * BlockSize_1;27.7169238245554;27.7169238245554;27.7169238245554;27.7169238245554;0.478448;7;2116.91082802548 * BlockSize_1;1;1.51516497280141;
7;1667.39675016925 * CompressionMethod + -8159.90182802979 * BlockSize_1024 + 8111.72647257957 * filterOff + 5392.03114421124 * HeaderCompressionOff + 18772.6032498308 * Files_50 + 7221.4827352742 * x_8 + 2515.84631008803 * BlockSize_1 + -9186.15436696007 * BlockSize_64;25.9792133921251;25.9792133921251;25.9792133921251;25.9792133921251;0.639165;8;-9186.15436696007 * BlockSize_64;1;1.73771043243029;
8;1941.05442176872 * CompressionMethod + -8334.04761904762 * BlockSize_1024 + 8397.82312925169 * filterOff + 4956.66666666666 * HeaderCompressionOff + 18498.9455782313 * Files_50 + 7034.89795918368 * x_8 + 7802.41496598639 * BlockSize_1 + -6685.91836734694 * BlockSize_64 + -5249.25170068028 * Files_30;23.6527936564602;23.6527936564602;23.6527936564602;23.6527936564602;0.84956;9;-5249.25170068028 * Files_30;1;2.32641973566489;
9;1685.60769656698 * CompressionMethod + -8930.0899778516 * BlockSize_1024 + 9079.01439645627 * filterOff + 5552.70902547066 * HeaderCompressionOff + 18754.392303433 * Files_50 + 9674.51411960133 * x_8 + 9505.39313399782 * BlockSize_1 + -2002.7284053156 * BlockSize_64 + -8314.6124031008 * Files_30 + -8344.59302325582 * HeaderCompressionOff * Files_90;18.3873983304196;18.3873983304196;18.3873983304196;18.3873983304196;1.106657;11;-8344.59302325582 * HeaderCompressionOff * Files_90;2;2.63269766302029;
10;1739.64875681201 * CompressionMethod + -8978.05900885558 * BlockSize_1024 + 9152.48595027248 * filterOff + 5470.12942779292 * HeaderCompressionOff + 18700.351243188 * Files_50 + 12814.9676430518 * x_8 + 10668.1867336512 * BlockSize_1 + -1070.06471389646 * BlockSize_64 + -8867.1670640327 * Files_30 + -9747.23177792915 * HeaderCompressionOff * Files_90 + -4386.43392370575 * x_8 * mtOff;16.7071479146095;16.7071479146095;16.7071479146095;16.7071479146095;1.44034;13;-4386.43392370575 * x_8 * mtOff;2;0.840125207905063;
11;1739.64875681199 * CompressionMethod + -8978.0590088556 * BlockSize_1024 + 9152.48595027248 * filterOff + 5470.12942779292 * HeaderCompressionOff + 18700.351243188 * Files_50 + 12814.9676430518 * x_8 + 10668.1867336512 * BlockSize_1 + -535.032356948235 * BlockSize_64 + -8867.16706403269 * Files_30 + -9747.23177792919 * HeaderCompressionOff * Files_90 + -4386.43392370577 * x_8 * mtOff + -535.03235694823 * BlockSize_64 * filterOff;16.7071479146092;16.7071479146092;16.7071479146092;16.7071479146092;1.849607;15;-535.03235694823 * BlockSize_64 * filterOff;2;1.70530256582424E-13;
Elapsed=00:00:01.8498981
Learning progress:
1;12704.6153846154 * CompressionMethod + -8132.61538461538 * x_0;155.05748921056;155.05748921056;155.05748921056;155.05748921056;0.008141;2;-8132.61538461538 * x_0;1;95.8113075632079;
2;14498.6363636364 * CompressionMethod + -9926.63636363638 * x_0 + -11661.1363636364 * x_4;97.6994024186794;97.6994024186794;97.6994024186794;97.6994024186794;0.02884;3;-11661.1363636364 * x_4;1;57.3580867918809;
3;19628 * CompressionMethod + -15056 * x_0 + -16790.5 * x_4 + -16120.8571428571 * x_2;53.0203807411209;53.0203807411209;53.0203807411209;53.0203807411209;0.067914;4;-16120.8571428571 * x_2;1;44.6790216775585;
4;19101.0220955096 * CompressionMethod + -16109.9558089808 * x_0 + -18239.6892373486 * x_4 + -16723.1176051319 * x_2 + 7904.66856735566 * BlockSize_4096;35.1570378148874;35.1570378148874;35.1570378148874;35.1570378148874;0.129021;5;7904.66856735566 * BlockSize_4096;1;17.8633429262335;
5;19040.1142857143 * CompressionMethod + -16231.7714285714 * x_0 + -17150.5142857143 * x_4 + -16074.6285714286 * x_2 + 8818.28571428573 * BlockSize_4096 + -5026.68571428572 * Files_80;30.268367023845;30.268367023845;30.268367023845;30.268367023845;0.223847;6;-5026.68571428572 * Files_80;1;4.88867079104241;
6;19043.9165154265 * CompressionMethod + -16046.7295825772 * x_0 + -17145.444646098 * x_4 + -16073.3611615245 * x_2 + 8761.25226860255 * BlockSize_4096 + -5005.13974591652 * Files_80 + -887.186932849352 * Files_40;28.3564983401042;28.3564983401042;28.3564983401042;28.3564983401042;0.349496;7;-887.186932849352 * Files_40;1;1.91186868374077;
7;19043.9165154265 * CompressionMethod + -16046.7295825771 * x_0 + -17145.444646098 * x_4 + -16073.3611615245 * x_2 + 8761.25226860255 * BlockSize_4096 + -5005.13974591652 * Files_80 + -443.593466424668 * Files_40 + -443.593466424668 * x_0 * Deflate;26.7883653281391;26.7883653281391;26.7883653281391;26.7883653281391;0.512528;9;-443.593466424668 * x_0 * Deflate;2;0.784066505982542;
8;19043.9165154265 * CompressionMethod + -16046.7295825771 * x_0 + -17145.444646098 * x_4 + -16073.3611615245 * x_2 + 8761.25226860256 * BlockSize_4096 + -2502.56987295827 * Files_80 + -443.59346642468 * Files_40 + -443.593466424677 * x_0 * Deflate + -2502.56987295827 * Files_80 * Deflate;25.2405116214605;25.2405116214605;25.2405116214605;25.2405116214605;0.735303;11;-2502.56987295827 * Files_80 * Deflate;2;0.773926853339324;
9;18941.8657491561 * CompressionMethod + -15952.8356271098 * x_0 + -17048.4692287717 * x_4 + -15974.2105946507 * x_2 + 8793.87951181512 * BlockSize_4096 + -2508.73279667622 * Files_80 + -439.515061023088 * Files_40 + -439.515061023088 * x_0 * Deflate + -2508.73279667622 * Files_80 * Deflate + 1498.13425084387 * Files_50;25.0666359184397;25.0666359184397;25.0666359184397;25.0666359184397;1.011652;12;1498.13425084387 * Files_50;1;0.173875703020755;
10;18941.5376401495 * CompressionMethod + -15911.5376401495 * x_0 + -17048.8556682684 * x_4 + -15974.2907990746 * x_2 + 8798.47303790709 * BlockSize_4096 + -2509.60046271579 * Files_80 + -459.999999999982 * Files_40 + -459.999999999979 * x_0 * Deflate + -2509.60046271579 * Files_80 * Deflate + 1498.46235985048 * Files_50 + -56.1576793023349 * x_0 * BZip2;24.8167675698892;24.8167675698892;24.8167675698892;24.8167675698892;1.34873;14;-56.1576793023349 * x_0 * BZip2;2;0.124934174275282;
11;18939.0951374207 * CompressionMethod + -15909.0951374207 * x_0 + -17077.1479915434 * x_4 + -16152.7970401692 * x_2 + 8832.66807610994 * BlockSize_4096 + -2465.22832980972 * Files_80 + -460.00000000001 * Files_40 + -460.000000000009 * x_0 * Deflate + -2465.22832980972 * Files_80 * Deflate + 1500.90486257924 * Files_50 + -67.5560253700135 * x_0 * BZip2 + 1143.70190274839 * x_2 * BlockSize_32;24.6282435855952;24.6282435855952;24.6282435855952;24.6282435855952;1.768977;16;1143.70190274839 * x_2 * BlockSize_32;2;0.0942619921469614;
Elapsed=00:00:01.7692682
Learning progress:
1;6555.38461538461 * CompressionMethod + 12394.6153846154 * x_8;90.3753896573691;90.3753896573691;90.3753896573691;90.3753896573691;0.005944;2;12394.6153846154 * x_8;1;49.5388883756638;
2;5179.52380952381 * CompressionMethod + 13770.4761904762 * x_8 + 7154.47619047619 * x_10;63.6535757850141;63.6535757850141;63.6535757850141;63.6535757850141;0.025896;3;7154.47619047619 * x_10;1;26.721813872355;
3;5287.66304347825 * CompressionMethod + 14116.5217391304 * x_8 + 7046.33695652174 * x_10 + -2270.92391304349 * BlockSize_32;50.3947916532111;50.3947916532111;50.3947916532111;50.3947916532111;0.064611;4;-2270.92391304349 * BlockSize_32;1;13.258784131803;
4;5556.58597662771 * CompressionMethod + 13877.4791318865 * x_8 + 7327.21202003338 * x_10 + -2420.32554257095 * BlockSize_32 + -2748.98998330551 * BlockSize_512;44.2531538865537;44.2531538865537;44.2531538865537;44.2531538865537;0.128062;5;-2748.98998330551 * BlockSize_512;1;6.14163776665746;
5;5792.43470149253 * CompressionMethod + 13667.8358208955 * x_8 + 7125.05597014926 * x_10 + -2551.3526119403 * BlockSize_32 + -2917.45335820895 * BlockSize_512 + -2242.43470149253 * BlockSize_4096;37.1580160276262;37.1580160276262;37.1580160276262;37.1580160276262;0.222324;6;-2242.43470149253 * BlockSize_4096;1;7.09513785892748;
6;5875.17241379311 * CompressionMethod + 13242.3275862069 * x_8 + 7054.13793103448 * x_10 + -837.500000000015 * BlockSize_32 + -2976.55172413793 * BlockSize_512 + -2325.1724137931 * BlockSize_4096 + -3167.67241379308 * BlockSize_32 * Deflate;32.9893712687873;32.9893712687873;32.9893712687873;32.9893712687873;0.349537;8;-3167.67241379308 * BlockSize_32 * Deflate;2;2.08432237941946;
7;6018.48214285714 * CompressionMethod + 13692.7295918367 * x_8 + 6931.30102040816 * x_10 + -1431.21173469387 * BlockSize_32 + -3078.91581632653 * BlockSize_512 + -2468.48214285715 * BlockSize_4096 + -2717.27040816327 * BlockSize_32 * Deflate + -2374.8469387755 * BlockSize_1;31.172895075669;31.172895075669;31.172895075669;31.172895075669;0.532199;9;-2374.8469387755 * BlockSize_1;1;1.81647619311821;
8;6138.52355072464 * CompressionMethod + 13589.8369565217 * x_8 + 7188.53260869565 * x_10 + -1448.36050724637 * BlockSize_32 + -3284.70108695652 * BlockSize_512 + -2588.52355072463 * BlockSize_4096 + -2820.16304347826 * BlockSize_32 * Deflate + -2443.44202898551 * BlockSize_1 + -840.289855072453 * Files_60;29.5198279324025;29.5198279324025;29.5198279324025;29.5198279324025;0.76543;10;-840.289855072453 * Files_60;1;1.65306714326652;
9;5995.21166134186 * CompressionMethod + 13712.6757188498 * x_8 + 13944.6645367412 * x_10 + -1427.8873801917 * BlockSize_32 + -1626.37779552716 * BlockSize_512 + -2445.21166134186 * BlockSize_4096 + -2697.32428115014 * BlockSize_32 * Deflate + -2361.54952076678 * BlockSize_1 + -1249.75239616614 * Files_60 + -11301.1661341853 * x_10 * PPMd;27.6047904351607;27.6047904351607;27.6047904351607;27.6047904351607;1.052281;12;-11301.1661341853 * x_10 * PPMd;2;0.957518748620906;
10;6931.92580049261 * CompressionMethod + 13877.0874384236 * x_8 + 13507.6754926108 * x_10 + -2529.01323891627 * BlockSize_32 + -1438.16964285714 * BlockSize_512 + -2027.69242610837 * BlockSize_4096 + -2532.91256157636 * BlockSize_32 * Deflate + -2703.35283251232 * BlockSize_1 + -894.969211822664 * Files_60 + -11530.4772167488 * x_10 * PPMd + -1354.23337438423 * tmOff;24.0188018229397;24.0188018229397;24.0188018229397;24.0188018229397;1.415311;13;-1354.23337438423 * tmOff;1;3.58598861222107;
11;6911.29648241206 * CompressionMethod + 13852.5552763819 * x_8 + 13477.567839196 * x_10 + -2483.85175879397 * BlockSize_32 + -775.243718592963 * BlockSize_512 + -2066.16331658291 * BlockSize_4096 + -2557.44472361808 * BlockSize_32 * Deflate + -2700.00753768842 * BlockSize_1 + -852.595477386926 * Files_60 + -11734.5402010051 * x_10 * PPMd + -1295.13316582915 * tmOff + -1810.91959798997 * BlockSize_512 * filterOff;20.7599344128676;20.7599344128676;20.7599344128676;20.7599344128676;1.857976;15;-1810.91959798997 * BlockSize_512 * filterOff;2;1.62943370503601;
12;6928.61921708185 * CompressionMethod + 13539.3024911032 * x_8 + 13471.7935943061 * x_10 + -2187.92170818505 * BlockSize_32 + -765.138790035591 * BlockSize_512 + -2041.62277580072 * BlockSize_4096 + -2870.69750889678 * BlockSize_32 * Deflate + -2539.77224199288 * BlockSize_1 + -833.829181494654 * Files_60 + -11741.7580071174 * x_10 * PPMd + -1336.99644128115 * tmOff + -1796.48398576512 * BlockSize_512 * filterOff + 1149.07473309609 * x_8 * BlockSize_16;19.7135864079506;19.7135864079506;19.7135864079506;19.7135864079506;2.397333;17;1149.07473309609 * x_8 * BlockSize_16;2;0.52317400245852;
13;6901.84261868631 * CompressionMethod + 13596.1814437459 * x_8 + 13496.6941252981 * x_10 + -2218.02406243227 * BlockSize_32 + -712.864730110548 * BlockSize_512 + -1955.75005419466 * BlockSize_4096 + -2813.81855625404 * BlockSize_32 * Deflate + -2511.88705831346 * BlockSize_1 + -770.980923477131 * Files_60 + -11758.5573379579 * x_10 * PPMd + -1396.09256449165 * tmOff + -1762.88532408411 * BlockSize_512 * filterOff + 1178.0685020594 * x_8 * BlockSize_16 + 479.249945805345 * BlockSize_64;19.5938165079921;19.5938165079921;19.5938165079921;19.5938165079921;3.035211;18;479.249945805345 * BlockSize_64;1;0.119769899958463;
14;6901.84261868633 * CompressionMethod + 13596.1814437459 * x_8 + 13496.6941252981 * x_10 + -2218.02406243226 * BlockSize_32 + -712.864730110555 * BlockSize_512 + -1955.75005419466 * BlockSize_4096 + -2813.81855625405 * BlockSize_32 * Deflate + -2511.88705831346 * BlockSize_1 + -770.98092347713 * Files_60 + -11758.557337958 * x_10 * PPMd + -1396.09256449166 * tmOff + -881.442662042055 * BlockSize_512 * filterOff + 1178.06850205939 * x_8 * BlockSize_16 + 479.24994580534 * BlockSize_64 + -881.442662042056 * BlockSize_512 * filterOff * tmOff;19.4150103853771;19.4150103853771;19.4150103853771;19.4150103853771;3.760506;21;-881.442662042056 * BlockSize_512 * filterOff * tmOff;3;0.0596020408716787;
Elapsed=00:00:03.7608877
Learning progress:
1;6886.08695652174 * CompressionMethod + 16881.4130434783 * x_10;83.6915996072685;83.6915996072685;83.6915996072685;83.6915996072685;0.005796;2;16881.4130434783 * x_10;1;103.416788236654;
2;5045.49999999999 * CompressionMethod + 18722 * x_10 + 14111.1666666667 * x_8;43.7190444485273;43.7190444485273;43.7190444485273;43.7190444485273;0.025659;3;14111.1666666667 * x_8;1;39.9725551587412;
3;3302.50000000001 * CompressionMethod + 20465 * x_10 + 15854.1666666667 * x_8 + 8715.00000000001 * x_6;28.3567413215888;28.3567413215888;28.3567413215888;28.3567413215888;0.064477;4;8715.00000000001 * x_6;1;15.3623031269386;
4;3302.5 * CompressionMethod + 20465 * x_10 + 16280.5 * x_8 + 9354.5 * x_6 + -1279 * Files_20;23.2996943222797;23.2996943222797;23.2996943222797;23.2996943222797;0.128062;5;-1279 * Files_20;1;5.05704699930907;
5;3302.5 * CompressionMethod + 20465 * x_10 + 16280.5 * x_8 + 4677.25 * x_6 + -1279.00000000001 * Files_20 + 4677.25 * x_6 * HeaderCompressionOff;15.8613196403459;15.8613196403459;15.8613196403459;15.8613196403459;0.217741;7;4677.25 * x_6 * HeaderCompressionOff;2;3.7191873409669;
6;3530.83333333334 * CompressionMethod + 20236.6666666667 * x_10 + 16052.1666666667 * x_8 + 4563.08333333334 * x_6 + -1279.00000000001 * Files_20 + 4563.08333333334 * x_6 * HeaderCompressionOff + -913.33333333334 * x_4;13.4874844995803;13.4874844995803;13.4874844995803;13.4874844995803;0.345695;8;-913.33333333334 * x_4;1;2.37383514076559;
7;3530.83333333333 * CompressionMethod + 20236.6666666667 * x_10 + 16052.1666666667 * x_8 + 4563.08333333334 * x_6 + -1278.99999999997 * Files_20 + 4563.08333333334 * x_6 * HeaderCompressionOff + -664.166666666656 * x_4 + -996.666666666661 * Files_10;13.4155148026108;13.4155148026108;13.4155148026108;13.4155148026108;0.515375;9;-996.666666666661 * Files_10;1;0.071969696969532;
Elapsed=00:00:00.5156196
Learning progress:
1;12775.3846153846 * CompressionMethod + -9393.38461538462 * x_2;80.5361333140554;80.5361333140554;80.5361333140554;80.5361333140554;0.006006;2;-9393.38461538462 * x_2;1;167.328325556214;
2;14645.4545454545 * CompressionMethod + -11263.4545454546 * x_2 + -12155.4545454546 * x_4;51.3302862485845;51.3302862485845;51.3302862485845;51.3302862485845;0.02726;3;-12155.4545454546 * x_4;1;29.2058470654708;
3;16289.3233082707 * CompressionMethod + -10496.3157894737 * x_2 + -12292.4436090226 * x_4 + -3013.75939849624 * tmOff;37.2581986989226;37.2581986989226;37.2581986989226;37.2581986989226;0.06801;4;-3013.75939849624 * tmOff;1;14.0720875496619;
4;10875.3975903614 * CompressionMethod + -6368.86746987952 * x_2 + -7682.56626506025 * x_4 + -1405.6626506024 * tmOff + 14258.4578313253 * x_10;29.6919161228151;29.6919161228151;29.6919161228151;29.6919161228151;0.13746;5;14258.4578313253 * x_10;1;7.5662825761075;
5;10539.7885196375 * CompressionMethod + -6207.64350453171 * x_2 + -6943.89728096676 * x_4 + -2211.78247734139 * tmOff + 14939.5468277946 * x_10 + 4096.40483383687 * Files_20;23.6668948377808;23.6668948377808;23.6668948377808;23.6668948377808;0.232083;6;4096.40483383687 * Files_20;1;6.02502128503428;
6;10445.5895578316 * CompressionMethod + -5702.76417686733 * x_2 + -6821.23532350736 * x_4 + -2268.70846864851 * tmOff + 15058.1426430177 * x_10 + 2270.70696977269 * Files_20 + 7402.41194104423 * Files_20 * LZMA;19.852622333232;19.852622333232;19.852622333232;19.852622333232;0.368037;8;7402.41194104423 * Files_20 * LZMA;2;1.90713625227442;
7;10277.0123839009 * CompressionMethod + -5770.19504643963 * x_2 + -6817.48916408669 * x_4 + -1939.04643962848 * tmOff + 15621.0030959753 * x_10 + 2132.09907120742 * Files_20 + 11128.9040247678 * Files_20 * LZMA + -3748.96904024767 * BlockSize_8;17.7963592904964;17.7963592904964;17.7963592904964;17.7963592904964;0.551233;9;-3748.96904024767 * BlockSize_8;1;2.05626304273556;
8;11031.864608076 * CompressionMethod + -5468.2541567696 * x_2 + -6834.26365795725 * x_4 + -3415.20190023753 * tmOff + 13100.635391924 * x_10 + 2752.75534441806 * Files_20 + 14760.5819477435 * Files_20 * LZMA + -7279.99999999997 * BlockSize_8 + 6772.70190023752 * x_10 * tmOff;15.7246653133639;15.7246653133639;15.7246653133639;15.7246653133639;0.793987;11;6772.70190023752 * x_10 * tmOff;2;1.03584698856624;
9;11012.1827613727 * CompressionMethod + -5268.97545889864 * x_2 + -6845.33469672784 * x_4 + -3698.94852354351 * tmOff + 12947.6910415004 * x_10 + 2989.75758180366 * Files_20 + 14827.0081803671 * Files_20 * LZMA + -7970.50478850757 * BlockSize_8 + 7229.07472067041 * x_10 * tmOff + 690.504788507568 * LZMA;13.5368882631285;13.5368882631285;13.5368882631285;13.5368882631285;1.098167;12;690.504788507568 * LZMA;1;2.18777705023548;
10;11190.5313319037 * CompressionMethod + -5030.81486776269 * x_2 + -7766.98355968549 * x_4 + -4307.21864824079 * tmOff + 12630.3248351998 * x_10 + 3340.29227225796 * Files_20 + 14906.3950440791 * Files_20 * LZMA + -8526.57533158606 * BlockSize_8 + 7976.3624811373 * x_10 * tmOff + 1246.57533158606 * LZMA + 3633.67087602252 * BlockSize_4;12.5186337006687;12.5186337006687;12.5186337006687;12.5186337006687;1.472177;13;3633.67087602252 * BlockSize_4;1;1.01825456245974;
11;11190.5313319037 * CompressionMethod + -5030.81486776268 * x_2 + -7766.98355968549 * x_4 + -4307.21864824081 * tmOff + 12630.3248351998 * x_10 + 3340.29227225797 * Files_20 + 14906.3950440791 * Files_20 * LZMA + -4263.28766579304 * BlockSize_8 + 7976.36248113732 * x_10 * tmOff + 1246.57533158605 * LZMA + 3633.67087602258 * BlockSize_4 + -4263.28766579304 * BlockSize_8 * LZMA;11.1694543689829;11.1694543689829;11.1694543689829;11.1694543689829;1.917159;15;-4263.28766579304 * BlockSize_8 * LZMA;2;0.674589665842896;
12;11190.5313319037 * CompressionMethod + -5030.81486776269 * x_2 + -7766.9835596855 * x_4 + -4307.21864824083 * tmOff + 12630.3248351998 * x_10 + 3340.29227225797 * Files_20 + 14906.3950440791 * Files_20 * LZMA + -2842.19177719536 * BlockSize_8 + 7976.36248113735 * x_10 * tmOff + 1246.57533158607 * LZMA + 3633.6708760226 * BlockSize_4 + -2842.19177719536 * BlockSize_8 * LZMA + -2842.19177719536 * BlockSize_8 * filterOff;10.5898933524091;10.5898933524091;10.5898933524091;10.5898933524091;2.447724;17;-2842.19177719536 * BlockSize_8 * filterOff;2;0.289780508286901;
13;11186.7269667648 * CompressionMethod + -5000.58897770299 * x_2 + -7764.97686159023 * x_4 + -4290.67732435843 * tmOff + 12636.9162810265 * x_10 + 3317.48001682793 * Files_20 + 14741.0096760623 * Files_20 * LZMA + -2779.98878137709 * BlockSize_8 + 7957.03407656709 * x_10 * tmOff + 1235.42700883465 * LZMA + 3618.92721918382 * BlockSize_4 + -2779.98878137708 * BlockSize_8 * LZMA + -2779.98878137708 * BlockSize_8 * filterOff + -175.460664703412 * tmOff * Files_80;10.4432463299413;10.4432463299413;10.4432463299413;10.4432463299413;3.081194;19;-175.460664703412 * tmOff * Files_80;2;0.0733235112339292;
Elapsed=00:00:03.0815698
Learning progress:
1;11356.8965517241 * CompressionMethod + -8846.89655172414 * BlockSize_1024;114.711352653924;114.711352653924;114.711352653924;114.711352653924;0.006101;2;-8846.89655172414 * BlockSize_1024;1;205.02520598467;
2;7521.90635451505 * CompressionMethod + -8719.06354515051 * BlockSize_1024 + 5560.73578595318 * filterOff;86.2899823370832;86.2899823370832;86.2899823370832;86.2899823370832;0.026503;3;5560.73578595318 * filterOff;1;28.4213703168413;
3;5792.73409893992 * CompressionMethod + -9013.14045936395 * BlockSize_1024 + 5078.44964664312 * filterOff + 3517.15989399293 * HeaderCompressionOff;52.0292062157222;52.0292062157222;52.0292062157222;52.0292062157222;0.06816;4;3517.15989399293 * HeaderCompressionOff;1;34.260776121361;
4;3494.97700562084 * CompressionMethod + -8481.73735309147 * BlockSize_1024 + 6627.75166070517 * filterOff + 4617.38886050077 * HeaderCompressionOff + 16945.0229943792 * Files_50;38.9670789884693;38.9670789884693;38.9670789884693;38.9670789884693;0.133316;5;16945.0229943792 * Files_50;1;13.0621272272529;
5;2548.794489093 * CompressionMethod + -7526.67049368542 * BlockSize_1024 + 6840.97588978187 * filterOff + 4390.83811710678 * HeaderCompressionOff + 17891.205510907 * Files_50 + 8693.32950631459 * x_8;29.2320887973568;29.2320887973568;29.2320887973568;29.2320887973568;0.227566;6;8693.32950631459 * x_8;1;9.73499019111252;
6;2108.88535031848 * CompressionMethod + -7420.54140127388 * BlockSize_1024 + 7297.89808917197 * filterOff + 4434.58598726115 * HeaderCompressionOff + 18331.1146496815 * Files_50 + 8093.82165605094 * x_8 + 2116.91082802548 * BlockSize_1;27.7169238245554;27.7169238245554;27.7169238245554;27.7169238245554;0.356686;7;2116.91082802548 * BlockSize_1;1;1.51516497280141;
7;1667.39675016925 * CompressionMethod + -8159.90182802979 * BlockSize_1024 + 8111.72647257957 * filterOff + 5392.03114421124 * HeaderCompressionOff + 18772.6032498308 * Files_50 + 7221.4827352742 * x_8 + 2515.84631008803 * BlockSize_1 + -9186.15436696007 * BlockSize_64;25.9792133921251;25.9792133921251;25.9792133921251;25.9792133921251;0.521798;8;-9186.15436696007 * BlockSize_64;1;1.73771043243029;
8;1941.05442176872 * CompressionMethod + -8334.04761904762 * BlockSize_1024 + 8397.82312925169 * filterOff + 4956.66666666666 * HeaderCompressionOff + 18498.9455782313 * Files_50 + 7034.89795918368 * x_8 + 7802.41496598639 * BlockSize_1 + -6685.91836734694 * BlockSize_64 + -5249.25170068028 * Files_30;23.6527936564602;23.6527936564602;23.6527936564602;23.6527936564602;0.730945;9;-5249.25170068028 * Files_30;1;2.32641973566489;
9;1685.60769656698 * CompressionMethod + -8930.0899778516 * BlockSize_1024 + 9079.01439645627 * filterOff + 5552.70902547066 * HeaderCompressionOff + 18754.392303433 * Files_50 + 9674.51411960133 * x_8 + 9505.39313399782 * BlockSize_1 + -2002.7284053156 * BlockSize_64 + -8314.6124031008 * Files_30 + -8344.59302325582 * HeaderCompressionOff * Files_90;18.3873983304196;18.3873983304196;18.3873983304196;18.3873983304196;0.996608;11;-8344.59302325582 * HeaderCompressionOff * Files_90;2;2.63269766302029;
10;1739.64875681201 * CompressionMethod + -8978.05900885558 * BlockSize_1024 + 9152.48595027248 * filterOff + 5470.12942779292 * HeaderCompressionOff + 18700.351243188 * Files_50 + 12814.9676430518 * x_8 + 10668.1867336512 * BlockSize_1 + -1070.06471389646 * BlockSize_64 + -8867.1670640327 * Files_30 + -9747.23177792915 * HeaderCompressionOff * Files_90 + -4386.43392370575 * x_8 * mtOff;16.7071479146095;16.7071479146095;16.7071479146095;16.7071479146095;1.338767;13;-4386.43392370575 * x_8 * mtOff;2;0.840125207905063;
11;1739.64875681199 * CompressionMethod + -8978.0590088556 * BlockSize_1024 + 9152.48595027248 * filterOff + 5470.12942779292 * HeaderCompressionOff + 18700.351243188 * Files_50 + 12814.9676430518 * x_8 + 10668.1867336512 * BlockSize_1 + -535.032356948235 * BlockSize_64 + -8867.16706403269 * Files_30 + -9747.23177792919 * HeaderCompressionOff * Files_90 + -4386.43392370577 * x_8 * mtOff + -535.03235694823 * BlockSize_64 * filterOff;16.7071479146092;16.7071479146092;16.7071479146092;16.7071479146092;1.753266;15;-535.03235694823 * BlockSize_64 * filterOff;2;1.70530256582424E-13;
Elapsed=00:00:01.7535692
Learning progress:
1;12704.6153846154 * CompressionMethod + -8132.61538461538 * x_0;155.05748921056;155.05748921056;155.05748921056;155.05748921056;0.008859;2;-8132.61538461538 * x_0;1;95.8113075632079;
2;14498.6363636364 * CompressionMethod + -9926.63636363638 * x_0 + -11661.1363636364 * x_4;97.6994024186794;97.6994024186794;97.6994024186794;97.6994024186794;0.030366;3;-11661.1363636364 * x_4;1;57.3580867918809;
3;19628 * CompressionMethod + -15056 * x_0 + -16790.5 * x_4 + -16120.8571428571 * x_2;53.0203807411209;53.0203807411209;53.0203807411209;53.0203807411209;0.070016;4;-16120.8571428571 * x_2;1;44.6790216775585;
4;19101.0220955096 * CompressionMethod + -16109.9558089808 * x_0 + -18239.6892373486 * x_4 + -16723.1176051319 * x_2 + 7904.66856735566 * BlockSize_4096;35.1570378148874;35.1570378148874;35.1570378148874;35.1570378148874;0.132839;5;7904.66856735566 * BlockSize_4096;1;17.8633429262335;
5;19040.1142857143 * CompressionMethod + -16231.7714285714 * x_0 + -17150.5142857143 * x_4 + -16074.6285714286 * x_2 + 8818.28571428573 * BlockSize_4096 + -5026.68571428572 * Files_80;30.268367023845;30.268367023845;30.268367023845;30.268367023845;0.226329;6;-5026.68571428572 * Files_80;1;4.88867079104241;
6;19043.9165154265 * CompressionMethod + -16046.7295825772 * x_0 + -17145.444646098 * x_4 + -16073.3611615245 * x_2 + 8761.25226860255 * BlockSize_4096 + -5005.13974591652 * Files_80 + -887.186932849352 * Files_40;28.3564983401042;28.3564983401042;28.3564983401042;28.3564983401042;0.355044;7;-887.186932849352 * Files_40;1;1.91186868374077;
7;19043.9165154265 * CompressionMethod + -16046.7295825771 * x_0 + -17145.444646098 * x_4 + -16073.3611615245 * x_2 + 8761.25226860255 * BlockSize_4096 + -5005.13974591652 * Files_80 + -443.593466424668 * Files_40 + -443.593466424668 * x_0 * Deflate;26.7883653281391;26.7883653281391;26.7883653281391;26.7883653281391;0.524356;9;-443.593466424668 * x_0 * Deflate;2;0.784066505982542;
8;19043.9165154265 * CompressionMethod + -16046.7295825771 * x_0 + -17145.444646098 * x_4 + -16073.3611615245 * x_2 + 8761.25226860256 * BlockSize_4096 + -2502.56987295827 * Files_80 + -443.59346642468 * Files_40 + -443.593466424677 * x_0 * Deflate + -2502.56987295827 * Files_80 * Deflate;25.2405116214605;25.2405116214605;25.2405116214605;25.2405116214605;0.747249;11;-2502.56987295827 * Files_80 * Deflate;2;0.773926853339324;
9;18941.8657491561 * CompressionMethod + -15952.8356271098 * x_0 + -17048.4692287717 * x_4 + -15974.2105946507 * x_2 + 8793.87951181512 * BlockSize_4096 + -2508.73279667622 * Files_80 + -439.515061023088 * Files_40 + -439.515061023088 * x_0 * Deflate + -2508.73279667622 * Files_80 * Deflate + 1498.13425084387 * Files_50;25.0666359184397;25.0666359184397;25.0666359184397;25.0666359184397;1.043512;12;1498.13425084387 * Files_50;1;0.173875703020755;
Elapsed=00:00:01.0438166
Learning progress:
1;6555.38461538461 * CompressionMethod + 12394.6153846154 * x_8;90.3753896573691;90.3753896573691;90.3753896573691;90.3753896573691;0.00604;2;12394.6153846154 * x_8;1;49.5388883756638;
2;5179.52380952381 * CompressionMethod + 13770.4761904762 * x_8 + 7154.47619047619 * x_10;63.6535757850141;63.6535757850141;63.6535757850141;63.6535757850141;0.026578;3;7154.47619047619 * x_10;1;26.721813872355;
3;5287.66304347825 * CompressionMethod + 14116.5217391304 * x_8 + 7046.33695652174 * x_10 + -2270.92391304349 * BlockSize_32;50.3947916532111;50.3947916532111;50.3947916532111;50.3947916532111;0.065995;4;-2270.92391304349 * BlockSize_32;1;13.258784131803;
4;5556.58597662771 * CompressionMethod + 13877.4791318865 * x_8 + 7327.21202003338 * x_10 + -2420.32554257095 * BlockSize_32 + -2748.98998330551 * BlockSize_512;44.2531538865537;44.2531538865537;44.2531538865537;44.2531538865537;0.129363;5;-2748.98998330551 * BlockSize_512;1;6.14163776665746;
5;5792.43470149253 * CompressionMethod + 13667.8358208955 * x_8 + 7125.05597014926 * x_10 + -2551.3526119403 * BlockSize_32 + -2917.45335820895 * BlockSize_512 + -2242.43470149253 * BlockSize_4096;37.1580160276262;37.1580160276262;37.1580160276262;37.1580160276262;0.22443;6;-2242.43470149253 * BlockSize_4096;1;7.09513785892748;
6;5875.17241379311 * CompressionMethod + 13242.3275862069 * x_8 + 7054.13793103448 * x_10 + -837.500000000015 * BlockSize_32 + -2976.55172413793 * BlockSize_512 + -2325.1724137931 * BlockSize_4096 + -3167.67241379308 * BlockSize_32 * Deflate;32.9893712687873;32.9893712687873;32.9893712687873;32.9893712687873;0.354996;8;-3167.67241379308 * BlockSize_32 * Deflate;2;2.08432237941946;
7;6018.48214285714 * CompressionMethod + 13692.7295918367 * x_8 + 6931.30102040816 * x_10 + -1431.21173469387 * BlockSize_32 + -3078.91581632653 * BlockSize_512 + -2468.48214285715 * BlockSize_4096 + -2717.27040816327 * BlockSize_32 * Deflate + -2374.8469387755 * BlockSize_1;31.172895075669;31.172895075669;31.172895075669;31.172895075669;0.53667;9;-2374.8469387755 * BlockSize_1;1;1.81647619311821;
8;6138.52355072464 * CompressionMethod + 13589.8369565217 * x_8 + 7188.53260869565 * x_10 + -1448.36050724637 * BlockSize_32 + -3284.70108695652 * BlockSize_512 + -2588.52355072463 * BlockSize_4096 + -2820.16304347826 * BlockSize_32 * Deflate + -2443.44202898551 * BlockSize_1 + -840.289855072453 * Files_60;29.5198279324025;29.5198279324025;29.5198279324025;29.5198279324025;0.773394;10;-840.289855072453 * Files_60;1;1.65306714326652;
9;5995.21166134186 * CompressionMethod + 13712.6757188498 * x_8 + 13944.6645367412 * x_10 + -1427.8873801917 * BlockSize_32 + -1626.37779552716 * BlockSize_512 + -2445.21166134186 * BlockSize_4096 + -2697.32428115014 * BlockSize_32 * Deflate + -2361.54952076678 * BlockSize_1 + -1249.75239616614 * Files_60 + -11301.1661341853 * x_10 * PPMd;27.6047904351607;27.6047904351607;27.6047904351607;27.6047904351607;1.065858;12;-11301.1661341853 * x_10 * PPMd;2;0.957518748620906;
10;6931.92580049261 * CompressionMethod + 13877.0874384236 * x_8 + 13507.6754926108 * x_10 + -2529.01323891627 * BlockSize_32 + -1438.16964285714 * BlockSize_512 + -2027.69242610837 * BlockSize_4096 + -2532.91256157636 * BlockSize_32 * Deflate + -2703.35283251232 * BlockSize_1 + -894.969211822664 * Files_60 + -11530.4772167488 * x_10 * PPMd + -1354.23337438423 * tmOff;24.0188018229397;24.0188018229397;24.0188018229397;24.0188018229397;1.437575;13;-1354.23337438423 * tmOff;1;3.58598861222107;
11;6911.29648241206 * CompressionMethod + 13852.5552763819 * x_8 + 13477.567839196 * x_10 + -2483.85175879397 * BlockSize_32 + -775.243718592963 * BlockSize_512 + -2066.16331658291 * BlockSize_4096 + -2557.44472361808 * BlockSize_32 * Deflate + -2700.00753768842 * BlockSize_1 + -852.595477386926 * Files_60 + -11734.5402010051 * x_10 * PPMd + -1295.13316582915 * tmOff + -1810.91959798997 * BlockSize_512 * filterOff;20.7599344128676;20.7599344128676;20.7599344128676;20.7599344128676;1.882141;15;-1810.91959798997 * BlockSize_512 * filterOff;2;1.62943370503601;
12;6928.61921708185 * CompressionMethod + 13539.3024911032 * x_8 + 13471.7935943061 * x_10 + -2187.92170818505 * BlockSize_32 + -765.138790035591 * BlockSize_512 + -2041.62277580072 * BlockSize_4096 + -2870.69750889678 * BlockSize_32 * Deflate + -2539.77224199288 * BlockSize_1 + -833.829181494654 * Files_60 + -11741.7580071174 * x_10 * PPMd + -1336.99644128115 * tmOff + -1796.48398576512 * BlockSize_512 * filterOff + 1149.07473309609 * x_8 * BlockSize_16;19.7135864079506;19.7135864079506;19.7135864079506;19.7135864079506;2.536038;17;1149.07473309609 * x_8 * BlockSize_16;2;0.52317400245852;
13;6901.84261868631 * CompressionMethod + 13596.1814437459 * x_8 + 13496.6941252981 * x_10 + -2218.02406243227 * BlockSize_32 + -712.864730110548 * BlockSize_512 + -1955.75005419466 * BlockSize_4096 + -2813.81855625404 * BlockSize_32 * Deflate + -2511.88705831346 * BlockSize_1 + -770.980923477131 * Files_60 + -11758.5573379579 * x_10 * PPMd + -1396.09256449165 * tmOff + -1762.88532408411 * BlockSize_512 * filterOff + 1178.0685020594 * x_8 * BlockSize_16 + 479.249945805345 * BlockSize_64;19.5938165079921;19.5938165079921;19.5938165079921;19.5938165079921;3.174551;18;479.249945805345 * BlockSize_64;1;0.119769899958463;
Elapsed=00:00:03.1749219
Learning progress:
1;6886.08695652174 * CompressionMethod + 16881.4130434783 * x_10;83.6915996072685;83.6915996072685;83.6915996072685;83.6915996072685;0.006498;2;16881.4130434783 * x_10;1;103.416788236654;
2;5045.49999999999 * CompressionMethod + 18722 * x_10 + 14111.1666666667 * x_8;43.7190444485273;43.7190444485273;43.7190444485273;43.7190444485273;0.029353;3;14111.1666666667 * x_8;1;39.9725551587412;
3;3302.50000000001 * CompressionMethod + 20465 * x_10 + 15854.1666666667 * x_8 + 8715.00000000001 * x_6;28.3567413215888;28.3567413215888;28.3567413215888;28.3567413215888;0.067077;4;8715.00000000001 * x_6;1;15.3623031269386;
4;3302.5 * CompressionMethod + 20465 * x_10 + 16280.5 * x_8 + 9354.5 * x_6 + -1279 * Files_20;23.2996943222797;23.2996943222797;23.2996943222797;23.2996943222797;0.127763;5;-1279 * Files_20;1;5.05704699930907;
5;3302.5 * CompressionMethod + 20465 * x_10 + 16280.5 * x_8 + 4677.25 * x_6 + -1279.00000000001 * Files_20 + 4677.25 * x_6 * HeaderCompressionOff;15.8613196403459;15.8613196403459;15.8613196403459;15.8613196403459;0.217056;7;4677.25 * x_6 * HeaderCompressionOff;2;3.7191873409669;
6;3530.83333333334 * CompressionMethod + 20236.6666666667 * x_10 + 16052.1666666667 * x_8 + 4563.08333333334 * x_6 + -1279.00000000001 * Files_20 + 4563.08333333334 * x_6 * HeaderCompressionOff + -913.33333333334 * x_4;13.4874844995803;13.4874844995803;13.4874844995803;13.4874844995803;0.347791;8;-913.33333333334 * x_4;1;2.37383514076559;
7;3530.83333333333 * CompressionMethod + 20236.6666666667 * x_10 + 16052.1666666667 * x_8 + 4563.08333333334 * x_6 + -1278.99999999997 * Files_20 + 4563.08333333334 * x_6 * HeaderCompressionOff + -664.166666666656 * x_4 + -996.666666666661 * Files_10;13.4155148026108;13.4155148026108;13.4155148026108;13.4155148026108;0.519703;9;-996.666666666661 * Files_10;1;0.071969696969532;
Elapsed=00:00:00.5199673
Learning progress:
1;12775.3846153846 * CompressionMethod + -9393.38461538462 * x_2;80.5361333140554;80.5361333140554;80.5361333140554;80.5361333140554;0.009335;2;-9393.38461538462 * x_2;1;167.328325556214;
2;14645.4545454545 * CompressionMethod + -11263.4545454546 * x_2 + -12155.4545454546 * x_4;51.3302862485845;51.3302862485845;51.3302862485845;51.3302862485845;0.031023;3;-12155.4545454546 * x_4;1;29.2058470654708;
3;16289.3233082707 * CompressionMethod + -10496.3157894737 * x_2 + -12292.4436090226 * x_4 + -3013.75939849624 * tmOff;37.2581986989226;37.2581986989226;37.2581986989226;37.2581986989226;0.07447;4;-3013.75939849624 * tmOff;1;14.0720875496619;
4;10875.3975903614 * CompressionMethod + -6368.86746987952 * x_2 + -7682.56626506025 * x_4 + -1405.6626506024 * tmOff + 14258.4578313253 * x_10;29.6919161228151;29.6919161228151;29.6919161228151;29.6919161228151;0.143696;5;14258.4578313253 * x_10;1;7.5662825761075;
5;10539.7885196375 * CompressionMethod + -6207.64350453171 * x_2 + -6943.89728096676 * x_4 + -2211.78247734139 * tmOff + 14939.5468277946 * x_10 + 4096.40483383687 * Files_20;23.6668948377808;23.6668948377808;23.6668948377808;23.6668948377808;0.242811;6;4096.40483383687 * Files_20;1;6.02502128503428;
6;10445.5895578316 * CompressionMethod + -5702.76417686733 * x_2 + -6821.23532350736 * x_4 + -2268.70846864851 * tmOff + 15058.1426430177 * x_10 + 2270.70696977269 * Files_20 + 7402.41194104423 * Files_20 * LZMA;19.852622333232;19.852622333232;19.852622333232;19.852622333232;0.377485;8;7402.41194104423 * Files_20 * LZMA;2;1.90713625227442;
7;10277.0123839009 * CompressionMethod + -5770.19504643963 * x_2 + -6817.48916408669 * x_4 + -1939.04643962848 * tmOff + 15621.0030959753 * x_10 + 2132.09907120742 * Files_20 + 11128.9040247678 * Files_20 * LZMA + -3748.96904024767 * BlockSize_8;17.7963592904964;17.7963592904964;17.7963592904964;17.7963592904964;0.563916;9;-3748.96904024767 * BlockSize_8;1;2.05626304273556;
8;11031.864608076 * CompressionMethod + -5468.2541567696 * x_2 + -6834.26365795725 * x_4 + -3415.20190023753 * tmOff + 13100.635391924 * x_10 + 2752.75534441806 * Files_20 + 14760.5819477435 * Files_20 * LZMA + -7279.99999999997 * BlockSize_8 + 6772.70190023752 * x_10 * tmOff;15.7246653133639;15.7246653133639;15.7246653133639;15.7246653133639;0.809083;11;6772.70190023752 * x_10 * tmOff;2;1.03584698856624;
9;11012.1827613727 * CompressionMethod + -5268.97545889864 * x_2 + -6845.33469672784 * x_4 + -3698.94852354351 * tmOff + 12947.6910415004 * x_10 + 2989.75758180366 * Files_20 + 14827.0081803671 * Files_20 * LZMA + -7970.50478850757 * BlockSize_8 + 7229.07472067041 * x_10 * tmOff + 690.504788507568 * LZMA;13.5368882631285;13.5368882631285;13.5368882631285;13.5368882631285;1.110364;12;690.504788507568 * LZMA;1;2.18777705023548;
10;11190.5313319037 * CompressionMethod + -5030.81486776269 * x_2 + -7766.98355968549 * x_4 + -4307.21864824079 * tmOff + 12630.3248351998 * x_10 + 3340.29227225796 * Files_20 + 14906.3950440791 * Files_20 * LZMA + -8526.57533158606 * BlockSize_8 + 7976.3624811373 * x_10 * tmOff + 1246.57533158606 * LZMA + 3633.67087602252 * BlockSize_4;12.5186337006687;12.5186337006687;12.5186337006687;12.5186337006687;1.484363;13;3633.67087602252 * BlockSize_4;1;1.01825456245974;
11;11190.5313319037 * CompressionMethod + -5030.81486776268 * x_2 + -7766.98355968549 * x_4 + -4307.21864824081 * tmOff + 12630.3248351998 * x_10 + 3340.29227225797 * Files_20 + 14906.3950440791 * Files_20 * LZMA + -4263.28766579304 * BlockSize_8 + 7976.36248113732 * x_10 * tmOff + 1246.57533158605 * LZMA + 3633.67087602258 * BlockSize_4 + -4263.28766579304 * BlockSize_8 * LZMA;11.1694543689829;11.1694543689829;11.1694543689829;11.1694543689829;1.928593;15;-4263.28766579304 * BlockSize_8 * LZMA;2;0.674589665842896;
12;11190.5313319037 * CompressionMethod + -5030.81486776269 * x_2 + -7766.9835596855 * x_4 + -4307.21864824083 * tmOff + 12630.3248351998 * x_10 + 3340.29227225797 * Files_20 + 14906.3950440791 * Files_20 * LZMA + -2842.19177719536 * BlockSize_8 + 7976.36248113735 * x_10 * tmOff + 1246.57533158607 * LZMA + 3633.6708760226 * BlockSize_4 + -2842.19177719536 * BlockSize_8 * LZMA + -2842.19177719536 * BlockSize_8 * filterOff;10.5898933524091;10.5898933524091;10.5898933524091;10.5898933524091;2.458068;17;-2842.19177719536 * BlockSize_8 * filterOff;2;0.289780508286901;
13;11186.7269667648 * CompressionMethod + -5000.58897770299 * x_2 + -7764.97686159023 * x_4 + -4290.67732435843 * tmOff + 12636.9162810265 * x_10 + 3317.48001682793 * Files_20 + 14741.0096760623 * Files_20 * LZMA + -2779.98878137709 * BlockSize_8 + 7957.03407656709 * x_10 * tmOff + 1235.42700883465 * LZMA + 3618.92721918382 * BlockSize_4 + -2779.98878137708 * BlockSize_8 * LZMA + -2779.98878137708 * BlockSize_8 * filterOff + -175.460664703412 * tmOff * Files_80;10.4432463299413;10.4432463299413;10.4432463299413;10.4432463299413;3.087071;19;-175.460664703412 * tmOff * Files_80;2;0.0733235112339292;
Elapsed=00:00:03.0874352
Learning progress:
1;11356.8965517241 * CompressionMethod + -8846.89655172414 * BlockSize_1024;114.711352653924;114.711352653924;114.711352653924;114.711352653924;0.008615;2;-8846.89655172414 * BlockSize_1024;1;205.02520598467;
2;7521.90635451505 * CompressionMethod + -8719.06354515051 * BlockSize_1024 + 5560.73578595318 * filterOff;86.2899823370832;86.2899823370832;86.2899823370832;86.2899823370832;0.028918;3;5560.73578595318 * filterOff;1;28.4213703168413;
3;5792.73409893992 * CompressionMethod + -9013.14045936395 * BlockSize_1024 + 5078.44964664312 * filterOff + 3517.15989399293 * HeaderCompressionOff;52.0292062157222;52.0292062157222;52.0292062157222;52.0292062157222;0.06898;4;3517.15989399293 * HeaderCompressionOff;1;34.260776121361;
4;3494.97700562084 * CompressionMethod + -8481.73735309147 * BlockSize_1024 + 6627.75166070517 * filterOff + 4617.38886050077 * HeaderCompressionOff + 16945.0229943792 * Files_50;38.9670789884693;38.9670789884693;38.9670789884693;38.9670789884693;0.133904;5;16945.0229943792 * Files_50;1;13.0621272272529;
5;2548.794489093 * CompressionMethod + -7526.67049368542 * BlockSize_1024 + 6840.97588978187 * filterOff + 4390.83811710678 * HeaderCompressionOff + 17891.205510907 * Files_50 + 8693.32950631459 * x_8;29.2320887973568;29.2320887973568;29.2320887973568;29.2320887973568;0.224146;6;8693.32950631459 * x_8;1;9.73499019111252;
6;2108.88535031848 * CompressionMethod + -7420.54140127388 * BlockSize_1024 + 7297.89808917197 * filterOff + 4434.58598726115 * HeaderCompressionOff + 18331.1146496815 * Files_50 + 8093.82165605094 * x_8 + 2116.91082802548 * BlockSize_1;27.7169238245554;27.7169238245554;27.7169238245554;27.7169238245554;0.349099;7;2116.91082802548 * BlockSize_1;1;1.51516497280141;
7;1667.39675016925 * CompressionMethod + -8159.90182802979 * BlockSize_1024 + 8111.72647257957 * filterOff + 5392.03114421124 * HeaderCompressionOff + 18772.6032498308 * Files_50 + 7221.4827352742 * x_8 + 2515.84631008803 * BlockSize_1 + -9186.15436696007 * BlockSize_64;25.9792133921251;25.9792133921251;25.9792133921251;25.9792133921251;0.513855;8;-9186.15436696007 * BlockSize_64;1;1.73771043243029;
8;1941.05442176872 * CompressionMethod + -8334.04761904762 * BlockSize_1024 + 8397.82312925169 * filterOff + 4956.66666666666 * HeaderCompressionOff + 18498.9455782313 * Files_50 + 7034.89795918368 * x_8 + 7802.41496598639 * BlockSize_1 + -6685.91836734694 * BlockSize_64 + -5249.25170068028 * Files_30;23.6527936564602;23.6527936564602;23.6527936564602;23.6527936564602;0.725841;9;-5249.25170068028 * Files_30;1;2.32641973566489;
9;1685.60769656698 * CompressionMethod + -8930.0899778516 * BlockSize_1024 + 9079.01439645627 * filterOff + 5552.70902547066 * HeaderCompressionOff + 18754.392303433 * Files_50 + 9674.51411960133 * x_8 + 9505.39313399782 * BlockSize_1 + -2002.7284053156 * BlockSize_64 + -8314.6124031008 * Files_30 + -8344.59302325582 * HeaderCompressionOff * Files_90;18.3873983304196;18.3873983304196;18.3873983304196;18.3873983304196;0.98951;11;-8344.59302325582 * HeaderCompressionOff * Files_90;2;2.63269766302029;
10;1739.64875681201 * CompressionMethod + -8978.05900885558 * BlockSize_1024 + 9152.48595027248 * filterOff + 5470.12942779292 * HeaderCompressionOff + 18700.351243188 * Files_50 + 12814.9676430518 * x_8 + 10668.1867336512 * BlockSize_1 + -1070.06471389646 * BlockSize_64 + -8867.1670640327 * Files_30 + -9747.23177792915 * HeaderCompressionOff * Files_90 + -4386.43392370575 * x_8 * mtOff;16.7071479146095;16.7071479146095;16.7071479146095;16.7071479146095;1.324478;13;-4386.43392370575 * x_8 * mtOff;2;0.840125207905063;
11;1739.64875681199 * CompressionMethod + -8978.0590088556 * BlockSize_1024 + 9152.48595027248 * filterOff + 5470.12942779292 * HeaderCompressionOff + 18700.351243188 * Files_50 + 12814.9676430518 * x_8 + 10668.1867336512 * BlockSize_1 + -535.032356948235 * BlockSize_64 + -8867.16706403269 * Files_30 + -9747.23177792919 * HeaderCompressionOff * Files_90 + -4386.43392370577 * x_8 * mtOff + -535.03235694823 * BlockSize_64 * filterOff;16.7071479146092;16.7071479146092;16.7071479146092;16.7071479146092;1.73314;15;-535.03235694823 * BlockSize_64 * filterOff;2;1.70530256582424E-13;
Elapsed=00:00:01.7334347
Learning progress:
1;12704.6153846154 * CompressionMethod + -8132.61538461538 * x_0;155.05748921056;155.05748921056;155.05748921056;155.05748921056;0.006128;2;-8132.61538461538 * x_0;1;95.8113075632079;
2;14498.6363636364 * CompressionMethod + -9926.63636363638 * x_0 + -11661.1363636364 * x_4;97.6994024186794;97.6994024186794;97.6994024186794;97.6994024186794;0.02735;3;-11661.1363636364 * x_4;1;57.3580867918809;
3;19628 * CompressionMethod + -15056 * x_0 + -16790.5 * x_4 + -16120.8571428571 * x_2;53.0203807411209;53.0203807411209;53.0203807411209;53.0203807411209;0.065678;4;-16120.8571428571 * x_2;1;44.6790216775585;
4;19101.0220955096 * CompressionMethod + -16109.9558089808 * x_0 + -18239.6892373486 * x_4 + -16723.1176051319 * x_2 + 7904.66856735566 * BlockSize_4096;35.1570378148874;35.1570378148874;35.1570378148874;35.1570378148874;0.130023;5;7904.66856735566 * BlockSize_4096;1;17.8633429262335;
5;19040.1142857143 * CompressionMethod + -16231.7714285714 * x_0 + -17150.5142857143 * x_4 + -16074.6285714286 * x_2 + 8818.28571428573 * BlockSize_4096 + -5026.68571428572 * Files_80;30.268367023845;30.268367023845;30.268367023845;30.268367023845;0.220126;6;-5026.68571428572 * Files_80;1;4.88867079104241;
6;19043.9165154265 * CompressionMethod + -16046.7295825772 * x_0 + -17145.444646098 * x_4 + -16073.3611615245 * x_2 + 8761.25226860255 * BlockSize_4096 + -5005.13974591652 * Files_80 + -887.186932849352 * Files_40;28.3564983401042;28.3564983401042;28.3564983401042;28.3564983401042;0.345174;7;-887.186932849352 * Files_40;1;1.91186868374077;
7;19043.9165154265 * CompressionMethod + -16046.7295825771 * x_0 + -17145.444646098 * x_4 + -16073.3611615245 * x_2 + 8761.25226860255 * BlockSize_4096 + -5005.13974591652 * Files_80 + -443.593466424668 * Files_40 + -443.593466424668 * x_0 * Deflate;26.7883653281391;26.7883653281391;26.7883653281391;26.7883653281391;0.511125;9;-443.593466424668 * x_0 * Deflate;2;0.784066505982542;
8;19043.9165154265 * CompressionMethod + -16046.7295825771 * x_0 + -17145.444646098 * x_4 + -16073.3611615245 * x_2 + 8761.25226860256 * BlockSize_4096 + -2502.56987295827 * Files_80 + -443.59346642468 * Files_40 + -443.593466424677 * x_0 * Deflate + -2502.56987295827 * Files_80 * Deflate;25.2405116214605;25.2405116214605;25.2405116214605;25.2405116214605;0.731445;11;-2502.56987295827 * Files_80 * Deflate;2;0.773926853339324;
9;18941.8657491561 * CompressionMethod + -15952.8356271098 * x_0 + -17048.4692287717 * x_4 + -15974.2105946507 * x_2 + 8793.87951181512 * BlockSize_4096 + -2508.73279667622 * Files_80 + -439.515061023088 * Files_40 + -439.515061023088 * x_0 * Deflate + -2508.73279667622 * Files_80 * Deflate + 1498.13425084387 * Files_50;25.0666359184397;25.0666359184397;25.0666359184397;25.0666359184397;1.012699;12;1498.13425084387 * Files_50;1;0.173875703020755;
Elapsed=00:00:01.0129707
Learning progress:
1;6555.38461538461 * CompressionMethod + 12394.6153846154 * x_8;90.3753896573691;90.3753896573691;90.3753896573691;90.3753896573691;0.008891;2;12394.6153846154 * x_8;1;49.5388883756638;
2;5179.52380952381 * CompressionMethod + 13770.4761904762 * x_8 + 7154.47619047619 * x_10;63.6535757850141;63.6535757850141;63.6535757850141;63.6535757850141;0.028429;3;7154.47619047619 * x_10;1;26.721813872355;
3;5287.66304347825 * CompressionMethod + 14116.5217391304 * x_8 + 7046.33695652174 * x_10 + -2270.92391304349 * BlockSize_32;50.3947916532111;50.3947916532111;50.3947916532111;50.3947916532111;0.067397;4;-2270.92391304349 * BlockSize_32;1;13.258784131803;
4;5556.58597662771 * CompressionMethod + 13877.4791318865 * x_8 + 7327.21202003338 * x_10 + -2420.32554257095 * BlockSize_32 + -2748.98998330551 * BlockSize_512;44.2531538865537;44.2531538865537;44.2531538865537;44.2531538865537;0.129281;5;-2748.98998330551 * BlockSize_512;1;6.14163776665746;
5;5792.43470149253 * CompressionMethod + 13667.8358208955 * x_8 + 7125.05597014926 * x_10 + -2551.3526119403 * BlockSize_32 + -2917.45335820895 * BlockSize_512 + -2242.43470149253 * BlockSize_4096;37.1580160276262;37.1580160276262;37.1580160276262;37.1580160276262;0.223214;6;-2242.43470149253 * BlockSize_4096;1;7.09513785892748;
6;5875.17241379311 * CompressionMethod + 13242.3275862069 * x_8 + 7054.13793103448 * x_10 + -837.500000000015 * BlockSize_32 + -2976.55172413793 * BlockSize_512 + -2325.1724137931 * BlockSize_4096 + -3167.67241379308 * BlockSize_32 * Deflate;32.9893712687873;32.9893712687873;32.9893712687873;32.9893712687873;0.354069;8;-3167.67241379308 * BlockSize_32 * Deflate;2;2.08432237941946;
7;6018.48214285714 * CompressionMethod + 13692.7295918367 * x_8 + 6931.30102040816 * x_10 + -1431.21173469387 * BlockSize_32 + -3078.91581632653 * BlockSize_512 + -2468.48214285715 * BlockSize_4096 + -2717.27040816327 * BlockSize_32 * Deflate + -2374.8469387755 * BlockSize_1;31.172895075669;31.172895075669;31.172895075669;31.172895075669;0.538987;9;-2374.8469387755 * BlockSize_1;1;1.81647619311821;
8;6138.52355072464 * CompressionMethod + 13589.8369565217 * x_8 + 7188.53260869565 * x_10 + -1448.36050724637 * BlockSize_32 + -3284.70108695652 * BlockSize_512 + -2588.52355072463 * BlockSize_4096 + -2820.16304347826 * BlockSize_32 * Deflate + -2443.44202898551 * BlockSize_1 + -840.289855072453 * Files_60;29.5198279324025;29.5198279324025;29.5198279324025;29.5198279324025;0.771964;10;-840.289855072453 * Files_60;1;1.65306714326652;
9;5995.21166134186 * CompressionMethod + 13712.6757188498 * x_8 + 13944.6645367412 * x_10 + -1427.8873801917 * BlockSize_32 + -1626.37779552716 * BlockSize_512 + -2445.21166134186 * BlockSize_4096 + -2697.32428115014 * BlockSize_32 * Deflate + -2361.54952076678 * BlockSize_1 + -1249.75239616614 * Files_60 + -11301.1661341853 * x_10 * PPMd;27.6047904351607;27.6047904351607;27.6047904351607;27.6047904351607;1.065291;12;-11301.1661341853 * x_10 * PPMd;2;0.957518748620906;
10;6931.92580049261 * CompressionMethod + 13877.0874384236 * x_8 + 13507.6754926108 * x_10 + -2529.01323891627 * BlockSize_32 + -1438.16964285714 * BlockSize_512 + -2027.69242610837 * BlockSize_4096 + -2532.91256157636 * BlockSize_32 * Deflate + -2703.35283251232 * BlockSize_1 + -894.969211822664 * Files_60 + -11530.4772167488 * x_10 * PPMd + -1354.23337438423 * tmOff;24.0188018229397;24.0188018229397;24.0188018229397;24.0188018229397;1.435378;13;-1354.23337438423 * tmOff;1;3.58598861222107;
11;6911.29648241206 * CompressionMethod + 13852.5552763819 * x_8 + 13477.567839196 * x_10 + -2483.85175879397 * BlockSize_32 + -775.243718592963 * BlockSize_512 + -2066.16331658291 * BlockSize_4096 + -2557.44472361808 * BlockSize_32 * Deflate + -2700.00753768842 * BlockSize_1 + -852.595477386926 * Files_60 + -11734.5402010051 * x_10 * PPMd + -1295.13316582915 * tmOff + -1810.91959798997 * BlockSize_512 * filterOff;20.7599344128676;20.7599344128676;20.7599344128676;20.7599344128676;1.876529;15;-1810.91959798997 * BlockSize_512 * filterOff;2;1.62943370503601;
12;6928.61921708185 * CompressionMethod + 13539.3024911032 * x_8 + 13471.7935943061 * x_10 + -2187.92170818505 * BlockSize_32 + -765.138790035591 * BlockSize_512 + -2041.62277580072 * BlockSize_4096 + -2870.69750889678 * BlockSize_32 * Deflate + -2539.77224199288 * BlockSize_1 + -833.829181494654 * Files_60 + -11741.7580071174 * x_10 * PPMd + -1336.99644128115 * tmOff + -1796.48398576512 * BlockSize_512 * filterOff + 1149.07473309609 * x_8 * BlockSize_16;19.7135864079506;19.7135864079506;19.7135864079506;19.7135864079506;2.420845;17;1149.07473309609 * x_8 * BlockSize_16;2;0.52317400245852;
13;6901.84261868631 * CompressionMethod + 13596.1814437459 * x_8 + 13496.6941252981 * x_10 + -2218.02406243227 * BlockSize_32 + -712.864730110548 * BlockSize_512 + -1955.75005419466 * BlockSize_4096 + -2813.81855625404 * BlockSize_32 * Deflate + -2511.88705831346 * BlockSize_1 + -770.980923477131 * Files_60 + -11758.5573379579 * x_10 * PPMd + -1396.09256449165 * tmOff + -1762.88532408411 * BlockSize_512 * filterOff + 1178.0685020594 * x_8 * BlockSize_16 + 479.249945805345 * BlockSize_64;19.5938165079921;19.5938165079921;19.5938165079921;19.5938165079921;3.066519;18;479.249945805345 * BlockSize_64;1;0.119769899958463;
Elapsed=00:00:03.0668990
Learning progress:
1;6886.08695652174 * CompressionMethod + 16881.4130434783 * x_10;83.6915996072685;83.6915996072685;83.6915996072685;83.6915996072685;0.005572;2;16881.4130434783 * x_10;1;103.416788236654;
2;5045.49999999999 * CompressionMethod + 18722 * x_10 + 14111.1666666667 * x_8;43.7190444485273;43.7190444485273;43.7190444485273;43.7190444485273;0.02597;3;14111.1666666667 * x_8;1;39.9725551587412;
3;3302.50000000001 * CompressionMethod + 20465 * x_10 + 15854.1666666667 * x_8 + 8715.00000000001 * x_6;28.3567413215888;28.3567413215888;28.3567413215888;28.3567413215888;0.065771;4;8715.00000000001 * x_6;1;15.3623031269386;
4;3302.5 * CompressionMethod + 20465 * x_10 + 16280.5 * x_8 + 9354.5 * x_6 + -1279 * Files_20;23.2996943222797;23.2996943222797;23.2996943222797;23.2996943222797;0.1274;5;-1279 * Files_20;1;5.05704699930907;
5;3302.5 * CompressionMethod + 20465 * x_10 + 16280.5 * x_8 + 4677.25 * x_6 + -1279.00000000001 * Files_20 + 4677.25 * x_6 * HeaderCompressionOff;15.8613196403459;15.8613196403459;15.8613196403459;15.8613196403459;0.220454;7;4677.25 * x_6 * HeaderCompressionOff;2;3.7191873409669;
6;3530.83333333334 * CompressionMethod + 20236.6666666667 * x_10 + 16052.1666666667 * x_8 + 4563.08333333334 * x_6 + -1279.00000000001 * Files_20 + 4563.08333333334 * x_6 * HeaderCompressionOff + -913.33333333334 * x_4;13.4874844995803;13.4874844995803;13.4874844995803;13.4874844995803;0.350181;8;-913.33333333334 * x_4;1;2.37383514076559;
7;3530.83333333333 * CompressionMethod + 20236.6666666667 * x_10 + 16052.1666666667 * x_8 + 4563.08333333334 * x_6 + -1278.99999999997 * Files_20 + 4563.08333333334 * x_6 * HeaderCompressionOff + -664.166666666656 * x_4 + -996.666666666661 * Files_10;13.4155148026108;13.4155148026108;13.4155148026108;13.4155148026108;0.519837;9;-996.666666666661 * Files_10;1;0.071969696969532;
Elapsed=00:00:00.5200815
Learning progress:
1;12775.3846153846 * CompressionMethod + -9393.38461538462 * x_2;80.5361333140554;80.5361333140554;80.5361333140554;80.5361333140554;0.005886;2;-9393.38461538462 * x_2;1;167.328325556214;
2;14645.4545454545 * CompressionMethod + -11263.4545454546 * x_2 + -12155.4545454546 * x_4;51.3302862485845;51.3302862485845;51.3302862485845;51.3302862485845;0.027362;3;-12155.4545454546 * x_4;1;29.2058470654708;
3;16289.3233082707 * CompressionMethod + -10496.3157894737 * x_2 + -12292.4436090226 * x_4 + -3013.75939849624 * tmOff;37.2581986989226;37.2581986989226;37.2581986989226;37.2581986989226;0.069034;4;-3013.75939849624 * tmOff;1;14.0720875496619;
4;10875.3975903614 * CompressionMethod + -6368.86746987952 * x_2 + -7682.56626506025 * x_4 + -1405.6626506024 * tmOff + 14258.4578313253 * x_10;29.6919161228151;29.6919161228151;29.6919161228151;29.6919161228151;0.139114;5;14258.4578313253 * x_10;1;7.5662825761075;
5;10539.7885196375 * CompressionMethod + -6207.64350453171 * x_2 + -6943.89728096676 * x_4 + -2211.78247734139 * tmOff + 14939.5468277946 * x_10 + 4096.40483383687 * Files_20;23.6668948377808;23.6668948377808;23.6668948377808;23.6668948377808;0.238771;6;4096.40483383687 * Files_20;1;6.02502128503428;
6;10445.5895578316 * CompressionMethod + -5702.76417686733 * x_2 + -6821.23532350736 * x_4 + -2268.70846864851 * tmOff + 15058.1426430177 * x_10 + 2270.70696977269 * Files_20 + 7402.41194104423 * Files_20 * LZMA;19.852622333232;19.852622333232;19.852622333232;19.852622333232;0.377248;8;7402.41194104423 * Files_20 * LZMA;2;1.90713625227442;
7;10277.0123839009 * CompressionMethod + -5770.19504643963 * x_2 + -6817.48916408669 * x_4 + -1939.04643962848 * tmOff + 15621.0030959753 * x_10 + 2132.09907120742 * Files_20 + 11128.9040247678 * Files_20 * LZMA + -3748.96904024767 * BlockSize_8;17.7963592904964;17.7963592904964;17.7963592904964;17.7963592904964;0.562972;9;-3748.96904024767 * BlockSize_8;1;2.05626304273556;
8;11031.864608076 * CompressionMethod + -5468.2541567696 * x_2 + -6834.26365795725 * x_4 + -3415.20190023753 * tmOff + 13100.635391924 * x_10 + 2752.75534441806 * Files_20 + 14760.5819477435 * Files_20 * LZMA + -7279.99999999997 * BlockSize_8 + 6772.70190023752 * x_10 * tmOff;15.7246653133639;15.7246653133639;15.7246653133639;15.7246653133639;0.805079;11;6772.70190023752 * x_10 * tmOff;2;1.03584698856624;
9;11012.1827613727 * CompressionMethod + -5268.97545889864 * x_2 + -6845.33469672784 * x_4 + -3698.94852354351 * tmOff + 12947.6910415004 * x_10 + 2989.75758180366 * Files_20 + 14827.0081803671 * Files_20 * LZMA + -7970.50478850757 * BlockSize_8 + 7229.07472067041 * x_10 * tmOff + 690.504788507568 * LZMA;13.5368882631285;13.5368882631285;13.5368882631285;13.5368882631285;1.109813;12;690.504788507568 * LZMA;1;2.18777705023548;
10;11190.5313319037 * CompressionMethod + -5030.81486776269 * x_2 + -7766.98355968549 * x_4 + -4307.21864824079 * tmOff + 12630.3248351998 * x_10 + 3340.29227225796 * Files_20 + 14906.3950440791 * Files_20 * LZMA + -8526.57533158606 * BlockSize_8 + 7976.3624811373 * x_10 * tmOff + 1246.57533158606 * LZMA + 3633.67087602252 * BlockSize_4;12.5186337006687;12.5186337006687;12.5186337006687;12.5186337006687;1.4846;13;3633.67087602252 * BlockSize_4;1;1.01825456245974;
11;11190.5313319037 * CompressionMethod + -5030.81486776268 * x_2 + -7766.98355968549 * x_4 + -4307.21864824081 * tmOff + 12630.3248351998 * x_10 + 3340.29227225797 * Files_20 + 14906.3950440791 * Files_20 * LZMA + -4263.28766579304 * BlockSize_8 + 7976.36248113732 * x_10 * tmOff + 1246.57533158605 * LZMA + 3633.67087602258 * BlockSize_4 + -4263.28766579304 * BlockSize_8 * LZMA;11.1694543689829;11.1694543689829;11.1694543689829;11.1694543689829;1.928927;15;-4263.28766579304 * BlockSize_8 * LZMA;2;0.674589665842896;
12;11190.5313319037 * CompressionMethod + -5030.81486776269 * x_2 + -7766.9835596855 * x_4 + -4307.21864824083 * tmOff + 12630.3248351998 * x_10 + 3340.29227225797 * Files_20 + 14906.3950440791 * Files_20 * LZMA + -2842.19177719536 * BlockSize_8 + 7976.36248113735 * x_10 * tmOff + 1246.57533158607 * LZMA + 3633.6708760226 * BlockSize_4 + -2842.19177719536 * BlockSize_8 * LZMA + -2842.19177719536 * BlockSize_8 * filterOff;10.5898933524091;10.5898933524091;10.5898933524091;10.5898933524091;2.467433;17;-2842.19177719536 * BlockSize_8 * filterOff;2;0.289780508286901;
Elapsed=00:00:02.4677920
Learning progress:
1;11356.8965517241 * CompressionMethod + -8846.89655172414 * BlockSize_1024;114.711352653924;114.711352653924;114.711352653924;114.711352653924;0.005551;2;-8846.89655172414 * BlockSize_1024;1;205.02520598467;
2;7521.90635451505 * CompressionMethod + -8719.06354515051 * BlockSize_1024 + 5560.73578595318 * filterOff;86.2899823370832;86.2899823370832;86.2899823370832;86.2899823370832;0.027318;3;5560.73578595318 * filterOff;1;28.4213703168413;
3;5792.73409893992 * CompressionMethod + -9013.14045936395 * BlockSize_1024 + 5078.44964664312 * filterOff + 3517.15989399293 * HeaderCompressionOff;52.0292062157222;52.0292062157222;52.0292062157222;52.0292062157222;0.067157;4;3517.15989399293 * HeaderCompressionOff;1;34.260776121361;
4;3494.97700562084 * CompressionMethod + -8481.73735309147 * BlockSize_1024 + 6627.75166070517 * filterOff + 4617.38886050077 * HeaderCompressionOff + 16945.0229943792 * Files_50;38.9670789884693;38.9670789884693;38.9670789884693;38.9670789884693;0.133047;5;16945.0229943792 * Files_50;1;13.0621272272529;
5;2548.794489093 * CompressionMethod + -7526.67049368542 * BlockSize_1024 + 6840.97588978187 * filterOff + 4390.83811710678 * HeaderCompressionOff + 17891.205510907 * Files_50 + 8693.32950631459 * x_8;29.2320887973568;29.2320887973568;29.2320887973568;29.2320887973568;0.227159;6;8693.32950631459 * x_8;1;9.73499019111252;
6;2108.88535031848 * CompressionMethod + -7420.54140127388 * BlockSize_1024 + 7297.89808917197 * filterOff + 4434.58598726115 * HeaderCompressionOff + 18331.1146496815 * Files_50 + 8093.82165605094 * x_8 + 2116.91082802548 * BlockSize_1;27.7169238245554;27.7169238245554;27.7169238245554;27.7169238245554;0.354834;7;2116.91082802548 * BlockSize_1;1;1.51516497280141;
7;1667.39675016925 * CompressionMethod + -8159.90182802979 * BlockSize_1024 + 8111.72647257957 * filterOff + 5392.03114421124 * HeaderCompressionOff + 18772.6032498308 * Files_50 + 7221.4827352742 * x_8 + 2515.84631008803 * BlockSize_1 + -9186.15436696007 * BlockSize_64;25.9792133921251;25.9792133921251;25.9792133921251;25.9792133921251;0.524858;8;-9186.15436696007 * BlockSize_64;1;1.73771043243029;
8;1941.05442176872 * CompressionMethod + -8334.04761904762 * BlockSize_1024 + 8397.82312925169 * filterOff + 4956.66666666666 * HeaderCompressionOff + 18498.9455782313 * Files_50 + 7034.89795918368 * x_8 + 7802.41496598639 * BlockSize_1 + -6685.91836734694 * BlockSize_64 + -5249.25170068028 * Files_30;23.6527936564602;23.6527936564602;23.6527936564602;23.6527936564602;0.739856;9;-5249.25170068028 * Files_30;1;2.32641973566489;
9;1685.60769656698 * CompressionMethod + -8930.0899778516 * BlockSize_1024 + 9079.01439645627 * filterOff + 5552.70902547066 * HeaderCompressionOff + 18754.392303433 * Files_50 + 9674.51411960133 * x_8 + 9505.39313399782 * BlockSize_1 + -2002.7284053156 * BlockSize_64 + -8314.6124031008 * Files_30 + -8344.59302325582 * HeaderCompressionOff * Files_90;18.3873983304196;18.3873983304196;18.3873983304196;18.3873983304196;1.00559;11;-8344.59302325582 * HeaderCompressionOff * Files_90;2;2.63269766302029;
10;1739.64875681201 * CompressionMethod + -8978.05900885558 * BlockSize_1024 + 9152.48595027248 * filterOff + 5470.12942779292 * HeaderCompressionOff + 18700.351243188 * Files_50 + 12814.9676430518 * x_8 + 10668.1867336512 * BlockSize_1 + -1070.06471389646 * BlockSize_64 + -8867.1670640327 * Files_30 + -9747.23177792915 * HeaderCompressionOff * Files_90 + -4386.43392370575 * x_8 * mtOff;16.7071479146095;16.7071479146095;16.7071479146095;16.7071479146095;1.344168;13;-4386.43392370575 * x_8 * mtOff;2;0.840125207905063;
11;1739.64875681199 * CompressionMethod + -8978.0590088556 * BlockSize_1024 + 9152.48595027248 * filterOff + 5470.12942779292 * HeaderCompressionOff + 18700.351243188 * Files_50 + 12814.9676430518 * x_8 + 10668.1867336512 * BlockSize_1 + -535.032356948235 * BlockSize_64 + -8867.16706403269 * Files_30 + -9747.23177792919 * HeaderCompressionOff * Files_90 + -4386.43392370577 * x_8 * mtOff + -535.03235694823 * BlockSize_64 * filterOff;16.7071479146092;16.7071479146092;16.7071479146092;16.7071479146092;1.760026;15;-535.03235694823 * BlockSize_64 * filterOff;2;1.70530256582424E-13;
Elapsed=00:00:01.7603181
Learning progress:
1;12704.6153846154 * CompressionMethod + -8132.61538461538 * x_0;155.05748921056;155.05748921056;155.05748921056;155.05748921056;0.009106;2;-8132.61538461538 * x_0;1;95.8113075632079;
2;14498.6363636364 * CompressionMethod + -9926.63636363638 * x_0 + -11661.1363636364 * x_4;97.6994024186794;97.6994024186794;97.6994024186794;97.6994024186794;0.03111;3;-11661.1363636364 * x_4;1;57.3580867918809;
3;19628 * CompressionMethod + -15056 * x_0 + -16790.5 * x_4 + -16120.8571428571 * x_2;53.0203807411209;53.0203807411209;53.0203807411209;53.0203807411209;0.070531;4;-16120.8571428571 * x_2;1;44.6790216775585;
4;19101.0220955096 * CompressionMethod + -16109.9558089808 * x_0 + -18239.6892373486 * x_4 + -16723.1176051319 * x_2 + 7904.66856735566 * BlockSize_4096;35.1570378148874;35.1570378148874;35.1570378148874;35.1570378148874;0.135204;5;7904.66856735566 * BlockSize_4096;1;17.8633429262335;
5;19040.1142857143 * CompressionMethod + -16231.7714285714 * x_0 + -17150.5142857143 * x_4 + -16074.6285714286 * x_2 + 8818.28571428573 * BlockSize_4096 + -5026.68571428572 * Files_80;30.268367023845;30.268367023845;30.268367023845;30.268367023845;0.229178;6;-5026.68571428572 * Files_80;1;4.88867079104241;
6;19043.9165154265 * CompressionMethod + -16046.7295825772 * x_0 + -17145.444646098 * x_4 + -16073.3611615245 * x_2 + 8761.25226860255 * BlockSize_4096 + -5005.13974591652 * Files_80 + -887.186932849352 * Files_40;28.3564983401042;28.3564983401042;28.3564983401042;28.3564983401042;0.356943;7;-887.186932849352 * Files_40;1;1.91186868374077;
7;19043.9165154265 * CompressionMethod + -16046.7295825771 * x_0 + -17145.444646098 * x_4 + -16073.3611615245 * x_2 + 8761.25226860255 * BlockSize_4096 + -5005.13974591652 * Files_80 + -443.593466424668 * Files_40 + -443.593466424668 * x_0 * Deflate;26.7883653281391;26.7883653281391;26.7883653281391;26.7883653281391;0.525881;9;-443.593466424668 * x_0 * Deflate;2;0.784066505982542;
8;19043.9165154265 * CompressionMethod + -16046.7295825771 * x_0 + -17145.444646098 * x_4 + -16073.3611615245 * x_2 + 8761.25226860256 * BlockSize_4096 + -2502.56987295827 * Files_80 + -443.59346642468 * Files_40 + -443.593466424677 * x_0 * Deflate + -2502.56987295827 * Files_80 * Deflate;25.2405116214605;25.2405116214605;25.2405116214605;25.2405116214605;0.865813;11;-2502.56987295827 * Files_80 * Deflate;2;0.773926853339324;
9;18941.8657491561 * CompressionMethod + -15952.8356271098 * x_0 + -17048.4692287717 * x_4 + -15974.2105946507 * x_2 + 8793.87951181512 * BlockSize_4096 + -2508.73279667622 * Files_80 + -439.515061023088 * Files_40 + -439.515061023088 * x_0 * Deflate + -2508.73279667622 * Files_80 * Deflate + 1498.13425084387 * Files_50;25.0666359184397;25.0666359184397;25.0666359184397;25.0666359184397;1.143187;12;1498.13425084387 * Files_50;1;0.173875703020755;
10;18941.5376401495 * CompressionMethod + -15911.5376401495 * x_0 + -17048.8556682684 * x_4 + -15974.2907990746 * x_2 + 8798.47303790709 * BlockSize_4096 + -2509.60046271579 * Files_80 + -459.999999999982 * Files_40 + -459.999999999979 * x_0 * Deflate + -2509.60046271579 * Files_80 * Deflate + 1498.46235985048 * Files_50 + -56.1576793023349 * x_0 * BZip2;24.8167675698892;24.8167675698892;24.8167675698892;24.8167675698892;1.479893;14;-56.1576793023349 * x_0 * BZip2;2;0.124934174275282;
11;18939.0951374207 * CompressionMethod + -15909.0951374207 * x_0 + -17077.1479915434 * x_4 + -16152.7970401692 * x_2 + 8832.66807610994 * BlockSize_4096 + -2465.22832980972 * Files_80 + -460.00000000001 * Files_40 + -460.000000000009 * x_0 * Deflate + -2465.22832980972 * Files_80 * Deflate + 1500.90486257924 * Files_50 + -67.5560253700135 * x_0 * BZip2 + 1143.70190274839 * x_2 * BlockSize_32;24.6282435855952;24.6282435855952;24.6282435855952;24.6282435855952;1.895263;16;1143.70190274839 * x_2 * BlockSize_32;2;0.0942619921469614;
Elapsed=00:00:01.8955519
Learning progress:
1;6555.38461538461 * CompressionMethod + 12394.6153846154 * x_8;90.3753896573691;90.3753896573691;90.3753896573691;90.3753896573691;0.005382;2;12394.6153846154 * x_8;1;49.5388883756638;
2;5179.52380952381 * CompressionMethod + 13770.4761904762 * x_8 + 7154.47619047619 * x_10;63.6535757850141;63.6535757850141;63.6535757850141;63.6535757850141;0.02523;3;7154.47619047619 * x_10;1;26.721813872355;
3;5287.66304347825 * CompressionMethod + 14116.5217391304 * x_8 + 7046.33695652174 * x_10 + -2270.92391304349 * BlockSize_32;50.3947916532111;50.3947916532111;50.3947916532111;50.3947916532111;0.063563;4;-2270.92391304349 * BlockSize_32;1;13.258784131803;
4;5556.58597662771 * CompressionMethod + 13877.4791318865 * x_8 + 7327.21202003338 * x_10 + -2420.32554257095 * BlockSize_32 + -2748.98998330551 * BlockSize_512;44.2531538865537;44.2531538865537;44.2531538865537;44.2531538865537;0.127005;5;-2748.98998330551 * BlockSize_512;1;6.14163776665746;
5;5792.43470149253 * CompressionMethod + 13667.8358208955 * x_8 + 7125.05597014926 * x_10 + -2551.3526119403 * BlockSize_32 + -2917.45335820895 * BlockSize_512 + -2242.43470149253 * BlockSize_4096;37.1580160276262;37.1580160276262;37.1580160276262;37.1580160276262;0.221733;6;-2242.43470149253 * BlockSize_4096;1;7.09513785892748;
6;5875.17241379311 * CompressionMethod + 13242.3275862069 * x_8 + 7054.13793103448 * x_10 + -837.500000000015 * BlockSize_32 + -2976.55172413793 * BlockSize_512 + -2325.1724137931 * BlockSize_4096 + -3167.67241379308 * BlockSize_32 * Deflate;32.9893712687873;32.9893712687873;32.9893712687873;32.9893712687873;0.351208;8;-3167.67241379308 * BlockSize_32 * Deflate;2;2.08432237941946;
7;6018.48214285714 * CompressionMethod + 13692.7295918367 * x_8 + 6931.30102040816 * x_10 + -1431.21173469387 * BlockSize_32 + -3078.91581632653 * BlockSize_512 + -2468.48214285715 * BlockSize_4096 + -2717.27040816327 * BlockSize_32 * Deflate + -2374.8469387755 * BlockSize_1;31.172895075669;31.172895075669;31.172895075669;31.172895075669;0.533095;9;-2374.8469387755 * BlockSize_1;1;1.81647619311821;
8;6138.52355072464 * CompressionMethod + 13589.8369565217 * x_8 + 7188.53260869565 * x_10 + -1448.36050724637 * BlockSize_32 + -3284.70108695652 * BlockSize_512 + -2588.52355072463 * BlockSize_4096 + -2820.16304347826 * BlockSize_32 * Deflate + -2443.44202898551 * BlockSize_1 + -840.289855072453 * Files_60;29.5198279324025;29.5198279324025;29.5198279324025;29.5198279324025;0.765097;10;-840.289855072453 * Files_60;1;1.65306714326652;
9;5995.21166134186 * CompressionMethod + 13712.6757188498 * x_8 + 13944.6645367412 * x_10 + -1427.8873801917 * BlockSize_32 + -1626.37779552716 * BlockSize_512 + -2445.21166134186 * BlockSize_4096 + -2697.32428115014 * BlockSize_32 * Deflate + -2361.54952076678 * BlockSize_1 + -1249.75239616614 * Files_60 + -11301.1661341853 * x_10 * PPMd;27.6047904351607;27.6047904351607;27.6047904351607;27.6047904351607;1.048898;12;-11301.1661341853 * x_10 * PPMd;2;0.957518748620906;
10;6931.92580049261 * CompressionMethod + 13877.0874384236 * x_8 + 13507.6754926108 * x_10 + -2529.01323891627 * BlockSize_32 + -1438.16964285714 * BlockSize_512 + -2027.69242610837 * BlockSize_4096 + -2532.91256157636 * BlockSize_32 * Deflate + -2703.35283251232 * BlockSize_1 + -894.969211822664 * Files_60 + -11530.4772167488 * x_10 * PPMd + -1354.23337438423 * tmOff;24.0188018229397;24.0188018229397;24.0188018229397;24.0188018229397;1.413805;13;-1354.23337438423 * tmOff;1;3.58598861222107;
11;6911.29648241206 * CompressionMethod + 13852.5552763819 * x_8 + 13477.567839196 * x_10 + -2483.85175879397 * BlockSize_32 + -775.243718592963 * BlockSize_512 + -2066.16331658291 * BlockSize_4096 + -2557.44472361808 * BlockSize_32 * Deflate + -2700.00753768842 * BlockSize_1 + -852.595477386926 * Files_60 + -11734.5402010051 * x_10 * PPMd + -1295.13316582915 * tmOff + -1810.91959798997 * BlockSize_512 * filterOff;20.7599344128676;20.7599344128676;20.7599344128676;20.7599344128676;1.849287;15;-1810.91959798997 * BlockSize_512 * filterOff;2;1.62943370503601;
12;6928.61921708185 * CompressionMethod + 13539.3024911032 * x_8 + 13471.7935943061 * x_10 + -2187.92170818505 * BlockSize_32 + -765.138790035591 * BlockSize_512 + -2041.62277580072 * BlockSize_4096 + -2870.69750889678 * BlockSize_32 * Deflate + -2539.77224199288 * BlockSize_1 + -833.829181494654 * Files_60 + -11741.7580071174 * x_10 * PPMd + -1336.99644128115 * tmOff + -1796.48398576512 * BlockSize_512 * filterOff + 1149.07473309609 * x_8 * BlockSize_16;19.7135864079506;19.7135864079506;19.7135864079506;19.7135864079506;2.388541;17;1149.07473309609 * x_8 * BlockSize_16;2;0.52317400245852;
13;6901.84261868631 * CompressionMethod + 13596.1814437459 * x_8 + 13496.6941252981 * x_10 + -2218.02406243227 * BlockSize_32 + -712.864730110548 * BlockSize_512 + -1955.75005419466 * BlockSize_4096 + -2813.81855625404 * BlockSize_32 * Deflate + -2511.88705831346 * BlockSize_1 + -770.980923477131 * Files_60 + -11758.5573379579 * x_10 * PPMd + -1396.09256449165 * tmOff + -1762.88532408411 * BlockSize_512 * filterOff + 1178.0685020594 * x_8 * BlockSize_16 + 479.249945805345 * BlockSize_64;19.5938165079921;19.5938165079921;19.5938165079921;19.5938165079921;3.025836;18;479.249945805345 * BlockSize_64;1;0.119769899958463;
14;6901.84261868633 * CompressionMethod + 13596.1814437459 * x_8 + 13496.6941252981 * x_10 + -2218.02406243226 * BlockSize_32 + -712.864730110555 * BlockSize_512 + -1955.75005419466 * BlockSize_4096 + -2813.81855625405 * BlockSize_32 * Deflate + -2511.88705831346 * BlockSize_1 + -770.98092347713 * Files_60 + -11758.557337958 * x_10 * PPMd + -1396.09256449166 * tmOff + -881.442662042055 * BlockSize_512 * filterOff + 1178.06850205939 * x_8 * BlockSize_16 + 479.24994580534 * BlockSize_64 + -881.442662042056 * BlockSize_512 * filterOff * tmOff;19.4150103853771;19.4150103853771;19.4150103853771;19.4150103853771;3.754733;21;-881.442662042056 * BlockSize_512 * filterOff * tmOff;3;0.0596020408716787;
Elapsed=00:00:03.7551168
Learning progress:
1;6886.08695652174 * CompressionMethod + 16881.4130434783 * x_10;83.6915996072685;83.6915996072685;83.6915996072685;83.6915996072685;0.005748;2;16881.4130434783 * x_10;1;103.416788236654;
2;5045.49999999999 * CompressionMethod + 18722 * x_10 + 14111.1666666667 * x_8;43.7190444485273;43.7190444485273;43.7190444485273;43.7190444485273;0.027688;3;14111.1666666667 * x_8;1;39.9725551587412;
3;3302.50000000001 * CompressionMethod + 20465 * x_10 + 15854.1666666667 * x_8 + 8715.00000000001 * x_6;28.3567413215888;28.3567413215888;28.3567413215888;28.3567413215888;0.066322;4;8715.00000000001 * x_6;1;15.3623031269386;
4;3302.5 * CompressionMethod + 20465 * x_10 + 16280.5 * x_8 + 9354.5 * x_6 + -1279 * Files_20;23.2996943222797;23.2996943222797;23.2996943222797;23.2996943222797;0.126462;5;-1279 * Files_20;1;5.05704699930907;
5;3302.5 * CompressionMethod + 20465 * x_10 + 16280.5 * x_8 + 4677.25 * x_6 + -1279.00000000001 * Files_20 + 4677.25 * x_6 * HeaderCompressionOff;15.8613196403459;15.8613196403459;15.8613196403459;15.8613196403459;0.217787;7;4677.25 * x_6 * HeaderCompressionOff;2;3.7191873409669;
6;3530.83333333334 * CompressionMethod + 20236.6666666667 * x_10 + 16052.1666666667 * x_8 + 4563.08333333334 * x_6 + -1279.00000000001 * Files_20 + 4563.08333333334 * x_6 * HeaderCompressionOff + -913.33333333334 * x_4;13.4874844995803;13.4874844995803;13.4874844995803;13.4874844995803;0.346305;8;-913.33333333334 * x_4;1;2.37383514076559;
7;3530.83333333333 * CompressionMethod + 20236.6666666667 * x_10 + 16052.1666666667 * x_8 + 4563.08333333334 * x_6 + -1278.99999999997 * Files_20 + 4563.08333333334 * x_6 * HeaderCompressionOff + -664.166666666656 * x_4 + -996.666666666661 * Files_10;13.4155148026108;13.4155148026108;13.4155148026108;13.4155148026108;0.518473;9;-996.666666666661 * Files_10;1;0.071969696969532;
Elapsed=00:00:00.5187164
Learning progress:
1;12775.3846153846 * CompressionMethod + -9393.38461538462 * x_2;80.5361333140554;80.5361333140554;80.5361333140554;80.5361333140554;0.006239;2;-9393.38461538462 * x_2;1;167.328325556214;
2;14645.4545454545 * CompressionMethod + -11263.4545454546 * x_2 + -12155.4545454546 * x_4;51.3302862485845;51.3302862485845;51.3302862485845;51.3302862485845;0.027867;3;-12155.4545454546 * x_4;1;29.2058470654708;
3;16289.3233082707 * CompressionMethod + -10496.3157894737 * x_2 + -12292.4436090226 * x_4 + -3013.75939849624 * tmOff;37.2581986989226;37.2581986989226;37.2581986989226;37.2581986989226;0.067989;4;-3013.75939849624 * tmOff;1;14.0720875496619;
4;10875.3975903614 * CompressionMethod + -6368.86746987952 * x_2 + -7682.56626506025 * x_4 + -1405.6626506024 * tmOff + 14258.4578313253 * x_10;29.6919161228151;29.6919161228151;29.6919161228151;29.6919161228151;0.137632;5;14258.4578313253 * x_10;1;7.5662825761075;
5;10539.7885196375 * CompressionMethod + -6207.64350453171 * x_2 + -6943.89728096676 * x_4 + -2211.78247734139 * tmOff + 14939.5468277946 * x_10 + 4096.40483383687 * Files_20;23.6668948377808;23.6668948377808;23.6668948377808;23.6668948377808;0.235676;6;4096.40483383687 * Files_20;1;6.02502128503428;
6;10445.5895578316 * CompressionMethod + -5702.76417686733 * x_2 + -6821.23532350736 * x_4 + -2268.70846864851 * tmOff + 15058.1426430177 * x_10 + 2270.70696977269 * Files_20 + 7402.41194104423 * Files_20 * LZMA;19.852622333232;19.852622333232;19.852622333232;19.852622333232;0.371807;8;7402.41194104423 * Files_20 * LZMA;2;1.90713625227442;
7;10277.0123839009 * CompressionMethod + -5770.19504643963 * x_2 + -6817.48916408669 * x_4 + -1939.04643962848 * tmOff + 15621.0030959753 * x_10 + 2132.09907120742 * Files_20 + 11128.9040247678 * Files_20 * LZMA + -3748.96904024767 * BlockSize_8;17.7963592904964;17.7963592904964;17.7963592904964;17.7963592904964;0.559039;9;-3748.96904024767 * BlockSize_8;1;2.05626304273556;
8;11031.864608076 * CompressionMethod + -5468.2541567696 * x_2 + -6834.26365795725 * x_4 + -3415.20190023753 * tmOff + 13100.635391924 * x_10 + 2752.75534441806 * Files_20 + 14760.5819477435 * Files_20 * LZMA + -7279.99999999997 * BlockSize_8 + 6772.70190023752 * x_10 * tmOff;15.7246653133639;15.7246653133639;15.7246653133639;15.7246653133639;0.7994;11;6772.70190023752 * x_10 * tmOff;2;1.03584698856624;
9;11012.1827613727 * CompressionMethod + -5268.97545889864 * x_2 + -6845.33469672784 * x_4 + -3698.94852354351 * tmOff + 12947.6910415004 * x_10 + 2989.75758180366 * Files_20 + 14827.0081803671 * Files_20 * LZMA + -7970.50478850757 * BlockSize_8 + 7229.07472067041 * x_10 * tmOff + 690.504788507568 * LZMA;13.5368882631285;13.5368882631285;13.5368882631285;13.5368882631285;1.100889;12;690.504788507568 * LZMA;1;2.18777705023548;
10;11190.5313319037 * CompressionMethod + -5030.81486776269 * x_2 + -7766.98355968549 * x_4 + -4307.21864824079 * tmOff + 12630.3248351998 * x_10 + 3340.29227225796 * Files_20 + 14906.3950440791 * Files_20 * LZMA + -8526.57533158606 * BlockSize_8 + 7976.3624811373 * x_10 * tmOff + 1246.57533158606 * LZMA + 3633.67087602252 * BlockSize_4;12.5186337006687;12.5186337006687;12.5186337006687;12.5186337006687;1.480981;13;3633.67087602252 * BlockSize_4;1;1.01825456245974;
11;11190.5313319037 * CompressionMethod + -5030.81486776268 * x_2 + -7766.98355968549 * x_4 + -4307.21864824081 * tmOff + 12630.3248351998 * x_10 + 3340.29227225797 * Files_20 + 14906.3950440791 * Files_20 * LZMA + -4263.28766579304 * BlockSize_8 + 7976.36248113732 * x_10 * tmOff + 1246.57533158605 * LZMA + 3633.67087602258 * BlockSize_4 + -4263.28766579304 * BlockSize_8 * LZMA;11.1694543689829;11.1694543689829;11.1694543689829;11.1694543689829;1.92299;15;-4263.28766579304 * BlockSize_8 * LZMA;2;0.674589665842896;
12;11190.5313319037 * CompressionMethod + -5030.81486776269 * x_2 + -7766.9835596855 * x_4 + -4307.21864824083 * tmOff + 12630.3248351998 * x_10 + 3340.29227225797 * Files_20 + 14906.3950440791 * Files_20 * LZMA + -2842.19177719536 * BlockSize_8 + 7976.36248113735 * x_10 * tmOff + 1246.57533158607 * LZMA + 3633.6708760226 * BlockSize_4 + -2842.19177719536 * BlockSize_8 * LZMA + -2842.19177719536 * BlockSize_8 * filterOff;10.5898933524091;10.5898933524091;10.5898933524091;10.5898933524091;2.455023;17;-2842.19177719536 * BlockSize_8 * filterOff;2;0.289780508286901;
13;11186.7269667648 * CompressionMethod + -5000.58897770299 * x_2 + -7764.97686159023 * x_4 + -4290.67732435843 * tmOff + 12636.9162810265 * x_10 + 3317.48001682793 * Files_20 + 14741.0096760623 * Files_20 * LZMA + -2779.98878137709 * BlockSize_8 + 7957.03407656709 * x_10 * tmOff + 1235.42700883465 * LZMA + 3618.92721918382 * BlockSize_4 + -2779.98878137708 * BlockSize_8 * LZMA + -2779.98878137708 * BlockSize_8 * filterOff + -175.460664703412 * tmOff * Files_80;10.4432463299413;10.4432463299413;10.4432463299413;10.4432463299413;3.090177;19;-175.460664703412 * tmOff * Files_80;2;0.0733235112339292;
Elapsed=00:00:03.0905465
Learning progress:
1;11356.8965517241 * CompressionMethod + -8846.89655172414 * BlockSize_1024;114.711352653924;114.711352653924;114.711352653924;114.711352653924;0.005683;2;-8846.89655172414 * BlockSize_1024;1;205.02520598467;
2;7521.90635451505 * CompressionMethod + -8719.06354515051 * BlockSize_1024 + 5560.73578595318 * filterOff;86.2899823370832;86.2899823370832;86.2899823370832;86.2899823370832;0.026396;3;5560.73578595318 * filterOff;1;28.4213703168413;
3;5792.73409893992 * CompressionMethod + -9013.14045936395 * BlockSize_1024 + 5078.44964664312 * filterOff + 3517.15989399293 * HeaderCompressionOff;52.0292062157222;52.0292062157222;52.0292062157222;52.0292062157222;0.065648;4;3517.15989399293 * HeaderCompressionOff;1;34.260776121361;
4;3494.97700562084 * CompressionMethod + -8481.73735309147 * BlockSize_1024 + 6627.75166070517 * filterOff + 4617.38886050077 * HeaderCompressionOff + 16945.0229943792 * Files_50;38.9670789884693;38.9670789884693;38.9670789884693;38.9670789884693;0.129673;5;16945.0229943792 * Files_50;1;13.0621272272529;
5;2548.794489093 * CompressionMethod + -7526.67049368542 * BlockSize_1024 + 6840.97588978187 * filterOff + 4390.83811710678 * HeaderCompressionOff + 17891.205510907 * Files_50 + 8693.32950631459 * x_8;29.2320887973568;29.2320887973568;29.2320887973568;29.2320887973568;0.222956;6;8693.32950631459 * x_8;1;9.73499019111252;
6;2108.88535031848 * CompressionMethod + -7420.54140127388 * BlockSize_1024 + 7297.89808917197 * filterOff + 4434.58598726115 * HeaderCompressionOff + 18331.1146496815 * Files_50 + 8093.82165605094 * x_8 + 2116.91082802548 * BlockSize_1;27.7169238245554;27.7169238245554;27.7169238245554;27.7169238245554;0.353706;7;2116.91082802548 * BlockSize_1;1;1.51516497280141;
7;1667.39675016925 * CompressionMethod + -8159.90182802979 * BlockSize_1024 + 8111.72647257957 * filterOff + 5392.03114421124 * HeaderCompressionOff + 18772.6032498308 * Files_50 + 7221.4827352742 * x_8 + 2515.84631008803 * BlockSize_1 + -9186.15436696007 * BlockSize_64;25.9792133921251;25.9792133921251;25.9792133921251;25.9792133921251;0.51934;8;-9186.15436696007 * BlockSize_64;1;1.73771043243029;
8;1941.05442176872 * CompressionMethod + -8334.04761904762 * BlockSize_1024 + 8397.82312925169 * filterOff + 4956.66666666666 * HeaderCompressionOff + 18498.9455782313 * Files_50 + 7034.89795918368 * x_8 + 7802.41496598639 * BlockSize_1 + -6685.91836734694 * BlockSize_64 + -5249.25170068028 * Files_30;23.6527936564602;23.6527936564602;23.6527936564602;23.6527936564602;0.733192;9;-5249.25170068028 * Files_30;1;2.32641973566489;
9;1685.60769656698 * CompressionMethod + -8930.0899778516 * BlockSize_1024 + 9079.01439645627 * filterOff + 5552.70902547066 * HeaderCompressionOff + 18754.392303433 * Files_50 + 9674.51411960133 * x_8 + 9505.39313399782 * BlockSize_1 + -2002.7284053156 * BlockSize_64 + -8314.6124031008 * Files_30 + -8344.59302325582 * HeaderCompressionOff * Files_90;18.3873983304196;18.3873983304196;18.3873983304196;18.3873983304196;0.995793;11;-8344.59302325582 * HeaderCompressionOff * Files_90;2;2.63269766302029;
10;1739.64875681201 * CompressionMethod + -8978.05900885558 * BlockSize_1024 + 9152.48595027248 * filterOff + 5470.12942779292 * HeaderCompressionOff + 18700.351243188 * Files_50 + 12814.9676430518 * x_8 + 10668.1867336512 * BlockSize_1 + -1070.06471389646 * BlockSize_64 + -8867.1670640327 * Files_30 + -9747.23177792915 * HeaderCompressionOff * Files_90 + -4386.43392370575 * x_8 * mtOff;16.7071479146095;16.7071479146095;16.7071479146095;16.7071479146095;1.330409;13;-4386.43392370575 * x_8 * mtOff;2;0.840125207905063;
11;1739.64875681199 * CompressionMethod + -8978.0590088556 * BlockSize_1024 + 9152.48595027248 * filterOff + 5470.12942779292 * HeaderCompressionOff + 18700.351243188 * Files_50 + 12814.9676430518 * x_8 + 10668.1867336512 * BlockSize_1 + -535.032356948235 * BlockSize_64 + -8867.16706403269 * Files_30 + -9747.23177792919 * HeaderCompressionOff * Files_90 + -4386.43392370577 * x_8 * mtOff + -535.03235694823 * BlockSize_64 * filterOff;16.7071479146092;16.7071479146092;16.7071479146092;16.7071479146092;1.743973;15;-535.03235694823 * BlockSize_64 * filterOff;2;1.70530256582424E-13;
Elapsed=00:00:01.7442657
Learning progress:
1;12704.6153846154 * CompressionMethod + -8132.61538461538 * x_0;155.05748921056;155.05748921056;155.05748921056;155.05748921056;0.005511;2;-8132.61538461538 * x_0;1;95.8113075632079;
2;14498.6363636364 * CompressionMethod + -9926.63636363638 * x_0 + -11661.1363636364 * x_4;97.6994024186794;97.6994024186794;97.6994024186794;97.6994024186794;0.02647;3;-11661.1363636364 * x_4;1;57.3580867918809;
3;19628 * CompressionMethod + -15056 * x_0 + -16790.5 * x_4 + -16120.8571428571 * x_2;53.0203807411209;53.0203807411209;53.0203807411209;53.0203807411209;0.066056;4;-16120.8571428571 * x_2;1;44.6790216775585;
4;19101.0220955096 * CompressionMethod + -16109.9558089808 * x_0 + -18239.6892373486 * x_4 + -16723.1176051319 * x_2 + 7904.66856735566 * BlockSize_4096;35.1570378148874;35.1570378148874;35.1570378148874;35.1570378148874;0.13059;5;7904.66856735566 * BlockSize_4096;1;17.8633429262335;
5;19040.1142857143 * CompressionMethod + -16231.7714285714 * x_0 + -17150.5142857143 * x_4 + -16074.6285714286 * x_2 + 8818.28571428573 * BlockSize_4096 + -5026.68571428572 * Files_80;30.268367023845;30.268367023845;30.268367023845;30.268367023845;0.224979;6;-5026.68571428572 * Files_80;1;4.88867079104241;
6;19043.9165154265 * CompressionMethod + -16046.7295825772 * x_0 + -17145.444646098 * x_4 + -16073.3611615245 * x_2 + 8761.25226860255 * BlockSize_4096 + -5005.13974591652 * Files_80 + -887.186932849352 * Files_40;28.3564983401042;28.3564983401042;28.3564983401042;28.3564983401042;0.35225;7;-887.186932849352 * Files_40;1;1.91186868374077;
7;19043.9165154265 * CompressionMethod + -16046.7295825771 * x_0 + -17145.444646098 * x_4 + -16073.3611615245 * x_2 + 8761.25226860255 * BlockSize_4096 + -5005.13974591652 * Files_80 + -443.593466424668 * Files_40 + -443.593466424668 * x_0 * Deflate;26.7883653281391;26.7883653281391;26.7883653281391;26.7883653281391;0.521038;9;-443.593466424668 * x_0 * Deflate;2;0.784066505982542;
8;19043.9165154265 * CompressionMethod + -16046.7295825771 * x_0 + -17145.444646098 * x_4 + -16073.3611615245 * x_2 + 8761.25226860256 * BlockSize_4096 + -2502.56987295827 * Files_80 + -443.59346642468 * Files_40 + -443.593466424677 * x_0 * Deflate + -2502.56987295827 * Files_80 * Deflate;25.2405116214605;25.2405116214605;25.2405116214605;25.2405116214605;0.743599;11;-2502.56987295827 * Files_80 * Deflate;2;0.773926853339324;
9;18941.8657491561 * CompressionMethod + -15952.8356271098 * x_0 + -17048.4692287717 * x_4 + -15974.2105946507 * x_2 + 8793.87951181512 * BlockSize_4096 + -2508.73279667622 * Files_80 + -439.515061023088 * Files_40 + -439.515061023088 * x_0 * Deflate + -2508.73279667622 * Files_80 * Deflate + 1498.13425084387 * Files_50;25.0666359184397;25.0666359184397;25.0666359184397;25.0666359184397;1.023574;12;1498.13425084387 * Files_50;1;0.173875703020755;
Elapsed=00:00:01.0238575
Learning progress:
1;6555.38461538461 * CompressionMethod + 12394.6153846154 * x_8;90.3753896573691;90.3753896573691;90.3753896573691;90.3753896573691;0.006693;2;12394.6153846154 * x_8;1;49.5388883756638;
2;5179.52380952381 * CompressionMethod + 13770.4761904762 * x_8 + 7154.47619047619 * x_10;63.6535757850141;63.6535757850141;63.6535757850141;63.6535757850141;0.026579;3;7154.47619047619 * x_10;1;26.721813872355;
3;5287.66304347825 * CompressionMethod + 14116.5217391304 * x_8 + 7046.33695652174 * x_10 + -2270.92391304349 * BlockSize_32;50.3947916532111;50.3947916532111;50.3947916532111;50.3947916532111;0.064838;4;-2270.92391304349 * BlockSize_32;1;13.258784131803;
4;5556.58597662771 * CompressionMethod + 13877.4791318865 * x_8 + 7327.21202003338 * x_10 + -2420.32554257095 * BlockSize_32 + -2748.98998330551 * BlockSize_512;44.2531538865537;44.2531538865537;44.2531538865537;44.2531538865537;0.131152;5;-2748.98998330551 * BlockSize_512;1;6.14163776665746;
5;5792.43470149253 * CompressionMethod + 13667.8358208955 * x_8 + 7125.05597014926 * x_10 + -2551.3526119403 * BlockSize_32 + -2917.45335820895 * BlockSize_512 + -2242.43470149253 * BlockSize_4096;37.1580160276262;37.1580160276262;37.1580160276262;37.1580160276262;0.223695;6;-2242.43470149253 * BlockSize_4096;1;7.09513785892748;
6;5875.17241379311 * CompressionMethod + 13242.3275862069 * x_8 + 7054.13793103448 * x_10 + -837.500000000015 * BlockSize_32 + -2976.55172413793 * BlockSize_512 + -2325.1724137931 * BlockSize_4096 + -3167.67241379308 * BlockSize_32 * Deflate;32.9893712687873;32.9893712687873;32.9893712687873;32.9893712687873;0.354813;8;-3167.67241379308 * BlockSize_32 * Deflate;2;2.08432237941946;
7;6018.48214285714 * CompressionMethod + 13692.7295918367 * x_8 + 6931.30102040816 * x_10 + -1431.21173469387 * BlockSize_32 + -3078.91581632653 * BlockSize_512 + -2468.48214285715 * BlockSize_4096 + -2717.27040816327 * BlockSize_32 * Deflate + -2374.8469387755 * BlockSize_1;31.172895075669;31.172895075669;31.172895075669;31.172895075669;0.538961;9;-2374.8469387755 * BlockSize_1;1;1.81647619311821;
8;6138.52355072464 * CompressionMethod + 13589.8369565217 * x_8 + 7188.53260869565 * x_10 + -1448.36050724637 * BlockSize_32 + -3284.70108695652 * BlockSize_512 + -2588.52355072463 * BlockSize_4096 + -2820.16304347826 * BlockSize_32 * Deflate + -2443.44202898551 * BlockSize_1 + -840.289855072453 * Files_60;29.5198279324025;29.5198279324025;29.5198279324025;29.5198279324025;0.771969;10;-840.289855072453 * Files_60;1;1.65306714326652;
9;5995.21166134186 * CompressionMethod + 13712.6757188498 * x_8 + 13944.6645367412 * x_10 + -1427.8873801917 * BlockSize_32 + -1626.37779552716 * BlockSize_512 + -2445.21166134186 * BlockSize_4096 + -2697.32428115014 * BlockSize_32 * Deflate + -2361.54952076678 * BlockSize_1 + -1249.75239616614 * Files_60 + -11301.1661341853 * x_10 * PPMd;27.6047904351607;27.6047904351607;27.6047904351607;27.6047904351607;1.060416;12;-11301.1661341853 * x_10 * PPMd;2;0.957518748620906;
10;6931.92580049261 * CompressionMethod + 13877.0874384236 * x_8 + 13507.6754926108 * x_10 + -2529.01323891627 * BlockSize_32 + -1438.16964285714 * BlockSize_512 + -2027.69242610837 * BlockSize_4096 + -2532.91256157636 * BlockSize_32 * Deflate + -2703.35283251232 * BlockSize_1 + -894.969211822664 * Files_60 + -11530.4772167488 * x_10 * PPMd + -1354.23337438423 * tmOff;24.0188018229397;24.0188018229397;24.0188018229397;24.0188018229397;1.433723;13;-1354.23337438423 * tmOff;1;3.58598861222107;
11;6911.29648241206 * CompressionMethod + 13852.5552763819 * x_8 + 13477.567839196 * x_10 + -2483.85175879397 * BlockSize_32 + -775.243718592963 * BlockSize_512 + -2066.16331658291 * BlockSize_4096 + -2557.44472361808 * BlockSize_32 * Deflate + -2700.00753768842 * BlockSize_1 + -852.595477386926 * Files_60 + -11734.5402010051 * x_10 * PPMd + -1295.13316582915 * tmOff + -1810.91959798997 * BlockSize_512 * filterOff;20.7599344128676;20.7599344128676;20.7599344128676;20.7599344128676;1.876394;15;-1810.91959798997 * BlockSize_512 * filterOff;2;1.62943370503601;
12;6928.61921708185 * CompressionMethod + 13539.3024911032 * x_8 + 13471.7935943061 * x_10 + -2187.92170818505 * BlockSize_32 + -765.138790035591 * BlockSize_512 + -2041.62277580072 * BlockSize_4096 + -2870.69750889678 * BlockSize_32 * Deflate + -2539.77224199288 * BlockSize_1 + -833.829181494654 * Files_60 + -11741.7580071174 * x_10 * PPMd + -1336.99644128115 * tmOff + -1796.48398576512 * BlockSize_512 * filterOff + 1149.07473309609 * x_8 * BlockSize_16;19.7135864079506;19.7135864079506;19.7135864079506;19.7135864079506;2.425163;17;1149.07473309609 * x_8 * BlockSize_16;2;0.52317400245852;
13;6901.84261868631 * CompressionMethod + 13596.1814437459 * x_8 + 13496.6941252981 * x_10 + -2218.02406243227 * BlockSize_32 + -712.864730110548 * BlockSize_512 + -1955.75005419466 * BlockSize_4096 + -2813.81855625404 * BlockSize_32 * Deflate + -2511.88705831346 * BlockSize_1 + -770.980923477131 * Files_60 + -11758.5573379579 * x_10 * PPMd + -1396.09256449165 * tmOff + -1762.88532408411 * BlockSize_512 * filterOff + 1178.0685020594 * x_8 * BlockSize_16 + 479.249945805345 * BlockSize_64;19.5938165079921;19.5938165079921;19.5938165079921;19.5938165079921;3.08772;18;479.249945805345 * BlockSize_64;1;0.119769899958463;
Elapsed=00:00:03.0883020
Learning progress:
1;6886.08695652174 * CompressionMethod + 16881.4130434783 * x_10;83.6915996072685;83.6915996072685;83.6915996072685;83.6915996072685;0.014921;2;16881.4130434783 * x_10;1;103.416788236654;
2;5045.49999999999 * CompressionMethod + 18722 * x_10 + 14111.1666666667 * x_8;43.7190444485273;43.7190444485273;43.7190444485273;43.7190444485273;0.046065;3;14111.1666666667 * x_8;1;39.9725551587412;
3;3302.50000000001 * CompressionMethod + 20465 * x_10 + 15854.1666666667 * x_8 + 8715.00000000001 * x_6;28.3567413215888;28.3567413215888;28.3567413215888;28.3567413215888;0.113066;4;8715.00000000001 * x_6;1;15.3623031269386;
4;3302.5 * CompressionMethod + 20465 * x_10 + 16280.5 * x_8 + 9354.5 * x_6 + -1279 * Files_20;23.2996943222797;23.2996943222797;23.2996943222797;23.2996943222797;0.198798;5;-1279 * Files_20;1;5.05704699930907;
5;3302.5 * CompressionMethod + 20465 * x_10 + 16280.5 * x_8 + 4677.25 * x_6 + -1279.00000000001 * Files_20 + 4677.25 * x_6 * HeaderCompressionOff;15.8613196403459;15.8613196403459;15.8613196403459;15.8613196403459;0.289856;7;4677.25 * x_6 * HeaderCompressionOff;2;3.7191873409669;
6;3530.83333333334 * CompressionMethod + 20236.6666666667 * x_10 + 16052.1666666667 * x_8 + 4563.08333333334 * x_6 + -1279.00000000001 * Files_20 + 4563.08333333334 * x_6 * HeaderCompressionOff + -913.33333333334 * x_4;13.4874844995803;13.4874844995803;13.4874844995803;13.4874844995803;0.419779;8;-913.33333333334 * x_4;1;2.37383514076559;
7;3530.83333333333 * CompressionMethod + 20236.6666666667 * x_10 + 16052.1666666667 * x_8 + 4563.08333333334 * x_6 + -1278.99999999997 * Files_20 + 4563.08333333334 * x_6 * HeaderCompressionOff + -664.166666666656 * x_4 + -996.666666666661 * Files_10;13.4155148026108;13.4155148026108;13.4155148026108;13.4155148026108;0.589409;9;-996.666666666661 * Files_10;1;0.071969696969532;
Elapsed=00:00:00.5896540
Learning progress:
1;12775.3846153846 * CompressionMethod + -9393.38461538462 * x_2;80.5361333140554;80.5361333140554;80.5361333140554;80.5361333140554;0.008184;2;-9393.38461538462 * x_2;1;167.328325556214;
2;14645.4545454545 * CompressionMethod + -11263.4545454546 * x_2 + -12155.4545454546 * x_4;51.3302862485845;51.3302862485845;51.3302862485845;51.3302862485845;0.029605;3;-12155.4545454546 * x_4;1;29.2058470654708;
3;16289.3233082707 * CompressionMethod + -10496.3157894737 * x_2 + -12292.4436090226 * x_4 + -3013.75939849624 * tmOff;37.2581986989226;37.2581986989226;37.2581986989226;37.2581986989226;0.069654;4;-3013.75939849624 * tmOff;1;14.0720875496619;
4;10875.3975903614 * CompressionMethod + -6368.86746987952 * x_2 + -7682.56626506025 * x_4 + -1405.6626506024 * tmOff + 14258.4578313253 * x_10;29.6919161228151;29.6919161228151;29.6919161228151;29.6919161228151;0.138224;5;14258.4578313253 * x_10;1;7.5662825761075;
5;10539.7885196375 * CompressionMethod + -6207.64350453171 * x_2 + -6943.89728096676 * x_4 + -2211.78247734139 * tmOff + 14939.5468277946 * x_10 + 4096.40483383687 * Files_20;23.6668948377808;23.6668948377808;23.6668948377808;23.6668948377808;0.23403;6;4096.40483383687 * Files_20;1;6.02502128503428;
6;10445.5895578316 * CompressionMethod + -5702.76417686733 * x_2 + -6821.23532350736 * x_4 + -2268.70846864851 * tmOff + 15058.1426430177 * x_10 + 2270.70696977269 * Files_20 + 7402.41194104423 * Files_20 * LZMA;19.852622333232;19.852622333232;19.852622333232;19.852622333232;0.371604;8;7402.41194104423 * Files_20 * LZMA;2;1.90713625227442;
7;10277.0123839009 * CompressionMethod + -5770.19504643963 * x_2 + -6817.48916408669 * x_4 + -1939.04643962848 * tmOff + 15621.0030959753 * x_10 + 2132.09907120742 * Files_20 + 11128.9040247678 * Files_20 * LZMA + -3748.96904024767 * BlockSize_8;17.7963592904964;17.7963592904964;17.7963592904964;17.7963592904964;0.555629;9;-3748.96904024767 * BlockSize_8;1;2.05626304273556;
8;11031.864608076 * CompressionMethod + -5468.2541567696 * x_2 + -6834.26365795725 * x_4 + -3415.20190023753 * tmOff + 13100.635391924 * x_10 + 2752.75534441806 * Files_20 + 14760.5819477435 * Files_20 * LZMA + -7279.99999999997 * BlockSize_8 + 6772.70190023752 * x_10 * tmOff;15.7246653133639;15.7246653133639;15.7246653133639;15.7246653133639;0.795115;11;6772.70190023752 * x_10 * tmOff;2;1.03584698856624;
9;11012.1827613727 * CompressionMethod + -5268.97545889864 * x_2 + -6845.33469672784 * x_4 + -3698.94852354351 * tmOff + 12947.6910415004 * x_10 + 2989.75758180366 * Files_20 + 14827.0081803671 * Files_20 * LZMA + -7970.50478850757 * BlockSize_8 + 7229.07472067041 * x_10 * tmOff + 690.504788507568 * LZMA;13.5368882631285;13.5368882631285;13.5368882631285;13.5368882631285;1.098679;12;690.504788507568 * LZMA;1;2.18777705023548;
10;11190.5313319037 * CompressionMethod + -5030.81486776269 * x_2 + -7766.98355968549 * x_4 + -4307.21864824079 * tmOff + 12630.3248351998 * x_10 + 3340.29227225796 * Files_20 + 14906.3950440791 * Files_20 * LZMA + -8526.57533158606 * BlockSize_8 + 7976.3624811373 * x_10 * tmOff + 1246.57533158606 * LZMA + 3633.67087602252 * BlockSize_4;12.5186337006687;12.5186337006687;12.5186337006687;12.5186337006687;1.470518;13;3633.67087602252 * BlockSize_4;1;1.01825456245974;
11;11190.5313319037 * CompressionMethod + -5030.81486776268 * x_2 + -7766.98355968549 * x_4 + -4307.21864824081 * tmOff + 12630.3248351998 * x_10 + 3340.29227225797 * Files_20 + 14906.3950440791 * Files_20 * LZMA + -4263.28766579304 * BlockSize_8 + 7976.36248113732 * x_10 * tmOff + 1246.57533158605 * LZMA + 3633.67087602258 * BlockSize_4 + -4263.28766579304 * BlockSize_8 * LZMA;11.1694543689829;11.1694543689829;11.1694543689829;11.1694543689829;1.91268;15;-4263.28766579304 * BlockSize_8 * LZMA;2;0.674589665842896;
12;11190.5313319037 * CompressionMethod + -5030.81486776269 * x_2 + -7766.9835596855 * x_4 + -4307.21864824083 * tmOff + 12630.3248351998 * x_10 + 3340.29227225797 * Files_20 + 14906.3950440791 * Files_20 * LZMA + -2842.19177719536 * BlockSize_8 + 7976.36248113735 * x_10 * tmOff + 1246.57533158607 * LZMA + 3633.6708760226 * BlockSize_4 + -2842.19177719536 * BlockSize_8 * LZMA + -2842.19177719536 * BlockSize_8 * filterOff;10.5898933524091;10.5898933524091;10.5898933524091;10.5898933524091;2.443223;17;-2842.19177719536 * BlockSize_8 * filterOff;2;0.289780508286901;
13;11186.7269667648 * CompressionMethod + -5000.58897770299 * x_2 + -7764.97686159023 * x_4 + -4290.67732435843 * tmOff + 12636.9162810265 * x_10 + 3317.48001682793 * Files_20 + 14741.0096760623 * Files_20 * LZMA + -2779.98878137709 * BlockSize_8 + 7957.03407656709 * x_10 * tmOff + 1235.42700883465 * LZMA + 3618.92721918382 * BlockSize_4 + -2779.98878137708 * BlockSize_8 * LZMA + -2779.98878137708 * BlockSize_8 * filterOff + -175.460664703412 * tmOff * Files_80;10.4432463299413;10.4432463299413;10.4432463299413;10.4432463299413;3.075969;19;-175.460664703412 * tmOff * Files_80;2;0.0733235112339292;
Elapsed=00:00:03.0763436
Learning progress:
1;11356.8965517241 * CompressionMethod + -8846.89655172414 * BlockSize_1024;114.711352653924;114.711352653924;114.711352653924;114.711352653924;0.008051;2;-8846.89655172414 * BlockSize_1024;1;205.02520598467;
2;7521.90635451505 * CompressionMethod + -8719.06354515051 * BlockSize_1024 + 5560.73578595318 * filterOff;86.2899823370832;86.2899823370832;86.2899823370832;86.2899823370832;0.027474;3;5560.73578595318 * filterOff;1;28.4213703168413;
3;5792.73409893992 * CompressionMethod + -9013.14045936395 * BlockSize_1024 + 5078.44964664312 * filterOff + 3517.15989399293 * HeaderCompressionOff;52.0292062157222;52.0292062157222;52.0292062157222;52.0292062157222;0.068659;4;3517.15989399293 * HeaderCompressionOff;1;34.260776121361;
4;3494.97700562084 * CompressionMethod + -8481.73735309147 * BlockSize_1024 + 6627.75166070517 * filterOff + 4617.38886050077 * HeaderCompressionOff + 16945.0229943792 * Files_50;38.9670789884693;38.9670789884693;38.9670789884693;38.9670789884693;0.132911;5;16945.0229943792 * Files_50;1;13.0621272272529;
5;2548.794489093 * CompressionMethod + -7526.67049368542 * BlockSize_1024 + 6840.97588978187 * filterOff + 4390.83811710678 * HeaderCompressionOff + 17891.205510907 * Files_50 + 8693.32950631459 * x_8;29.2320887973568;29.2320887973568;29.2320887973568;29.2320887973568;0.225952;6;8693.32950631459 * x_8;1;9.73499019111252;
6;2108.88535031848 * CompressionMethod + -7420.54140127388 * BlockSize_1024 + 7297.89808917197 * filterOff + 4434.58598726115 * HeaderCompressionOff + 18331.1146496815 * Files_50 + 8093.82165605094 * x_8 + 2116.91082802548 * BlockSize_1;27.7169238245554;27.7169238245554;27.7169238245554;27.7169238245554;0.351074;7;2116.91082802548 * BlockSize_1;1;1.51516497280141;
7;1667.39675016925 * CompressionMethod + -8159.90182802979 * BlockSize_1024 + 8111.72647257957 * filterOff + 5392.03114421124 * HeaderCompressionOff + 18772.6032498308 * Files_50 + 7221.4827352742 * x_8 + 2515.84631008803 * BlockSize_1 + -9186.15436696007 * BlockSize_64;25.9792133921251;25.9792133921251;25.9792133921251;25.9792133921251;0.517197;8;-9186.15436696007 * BlockSize_64;1;1.73771043243029;
8;1941.05442176872 * CompressionMethod + -8334.04761904762 * BlockSize_1024 + 8397.82312925169 * filterOff + 4956.66666666666 * HeaderCompressionOff + 18498.9455782313 * Files_50 + 7034.89795918368 * x_8 + 7802.41496598639 * BlockSize_1 + -6685.91836734694 * BlockSize_64 + -5249.25170068028 * Files_30;23.6527936564602;23.6527936564602;23.6527936564602;23.6527936564602;0.726827;9;-5249.25170068028 * Files_30;1;2.32641973566489;
9;1685.60769656698 * CompressionMethod + -8930.0899778516 * BlockSize_1024 + 9079.01439645627 * filterOff + 5552.70902547066 * HeaderCompressionOff + 18754.392303433 * Files_50 + 9674.51411960133 * x_8 + 9505.39313399782 * BlockSize_1 + -2002.7284053156 * BlockSize_64 + -8314.6124031008 * Files_30 + -8344.59302325582 * HeaderCompressionOff * Files_90;18.3873983304196;18.3873983304196;18.3873983304196;18.3873983304196;0.988642;11;-8344.59302325582 * HeaderCompressionOff * Files_90;2;2.63269766302029;
10;1739.64875681201 * CompressionMethod + -8978.05900885558 * BlockSize_1024 + 9152.48595027248 * filterOff + 5470.12942779292 * HeaderCompressionOff + 18700.351243188 * Files_50 + 12814.9676430518 * x_8 + 10668.1867336512 * BlockSize_1 + -1070.06471389646 * BlockSize_64 + -8867.1670640327 * Files_30 + -9747.23177792915 * HeaderCompressionOff * Files_90 + -4386.43392370575 * x_8 * mtOff;16.7071479146095;16.7071479146095;16.7071479146095;16.7071479146095;1.322908;13;-4386.43392370575 * x_8 * mtOff;2;0.840125207905063;
11;1739.64875681199 * CompressionMethod + -8978.0590088556 * BlockSize_1024 + 9152.48595027248 * filterOff + 5470.12942779292 * HeaderCompressionOff + 18700.351243188 * Files_50 + 12814.9676430518 * x_8 + 10668.1867336512 * BlockSize_1 + -535.032356948235 * BlockSize_64 + -8867.16706403269 * Files_30 + -9747.23177792919 * HeaderCompressionOff * Files_90 + -4386.43392370577 * x_8 * mtOff + -535.03235694823 * BlockSize_64 * filterOff;16.7071479146092;16.7071479146092;16.7071479146092;16.7071479146092;1.738629;15;-535.03235694823 * BlockSize_64 * filterOff;2;1.70530256582424E-13;
Elapsed=00:00:01.7389307
Learning progress:
1;12704.6153846154 * CompressionMethod + -8132.61538461538 * x_0;155.05748921056;155.05748921056;155.05748921056;155.05748921056;0.008166;2;-8132.61538461538 * x_0;1;95.8113075632079;
2;14498.6363636364 * CompressionMethod + -9926.63636363638 * x_0 + -11661.1363636364 * x_4;97.6994024186794;97.6994024186794;97.6994024186794;97.6994024186794;0.02869;3;-11661.1363636364 * x_4;1;57.3580867918809;
3;19628 * CompressionMethod + -15056 * x_0 + -16790.5 * x_4 + -16120.8571428571 * x_2;53.0203807411209;53.0203807411209;53.0203807411209;53.0203807411209;0.069049;4;-16120.8571428571 * x_2;1;44.6790216775585;
4;19101.0220955096 * CompressionMethod + -16109.9558089808 * x_0 + -18239.6892373486 * x_4 + -16723.1176051319 * x_2 + 7904.66856735566 * BlockSize_4096;35.1570378148874;35.1570378148874;35.1570378148874;35.1570378148874;0.132123;5;7904.66856735566 * BlockSize_4096;1;17.8633429262335;
5;19040.1142857143 * CompressionMethod + -16231.7714285714 * x_0 + -17150.5142857143 * x_4 + -16074.6285714286 * x_2 + 8818.28571428573 * BlockSize_4096 + -5026.68571428572 * Files_80;30.268367023845;30.268367023845;30.268367023845;30.268367023845;0.222963;6;-5026.68571428572 * Files_80;1;4.88867079104241;
6;19043.9165154265 * CompressionMethod + -16046.7295825772 * x_0 + -17145.444646098 * x_4 + -16073.3611615245 * x_2 + 8761.25226860255 * BlockSize_4096 + -5005.13974591652 * Files_80 + -887.186932849352 * Files_40;28.3564983401042;28.3564983401042;28.3564983401042;28.3564983401042;0.350196;7;-887.186932849352 * Files_40;1;1.91186868374077;
7;19043.9165154265 * CompressionMethod + -16046.7295825771 * x_0 + -17145.444646098 * x_4 + -16073.3611615245 * x_2 + 8761.25226860255 * BlockSize_4096 + -5005.13974591652 * Files_80 + -443.593466424668 * Files_40 + -443.593466424668 * x_0 * Deflate;26.7883653281391;26.7883653281391;26.7883653281391;26.7883653281391;0.512854;9;-443.593466424668 * x_0 * Deflate;2;0.784066505982542;
8;19043.9165154265 * CompressionMethod + -16046.7295825771 * x_0 + -17145.444646098 * x_4 + -16073.3611615245 * x_2 + 8761.25226860256 * BlockSize_4096 + -2502.56987295827 * Files_80 + -443.59346642468 * Files_40 + -443.593466424677 * x_0 * Deflate + -2502.56987295827 * Files_80 * Deflate;25.2405116214605;25.2405116214605;25.2405116214605;25.2405116214605;0.736428;11;-2502.56987295827 * Files_80 * Deflate;2;0.773926853339324;
9;18941.8657491561 * CompressionMethod + -15952.8356271098 * x_0 + -17048.4692287717 * x_4 + -15974.2105946507 * x_2 + 8793.87951181512 * BlockSize_4096 + -2508.73279667622 * Files_80 + -439.515061023088 * Files_40 + -439.515061023088 * x_0 * Deflate + -2508.73279667622 * Files_80 * Deflate + 1498.13425084387 * Files_50;25.0666359184397;25.0666359184397;25.0666359184397;25.0666359184397;1.013668;12;1498.13425084387 * Files_50;1;0.173875703020755;
Elapsed=00:00:01.0139436
Learning progress:
1;6555.38461538461 * CompressionMethod + 12394.6153846154 * x_8;90.3753896573691;90.3753896573691;90.3753896573691;90.3753896573691;0.008756;2;12394.6153846154 * x_8;1;49.5388883756638;
2;5179.52380952381 * CompressionMethod + 13770.4761904762 * x_8 + 7154.47619047619 * x_10;63.6535757850141;63.6535757850141;63.6535757850141;63.6535757850141;0.02956;3;7154.47619047619 * x_10;1;26.721813872355;
3;5287.66304347825 * CompressionMethod + 14116.5217391304 * x_8 + 7046.33695652174 * x_10 + -2270.92391304349 * BlockSize_32;50.3947916532111;50.3947916532111;50.3947916532111;50.3947916532111;0.06844;4;-2270.92391304349 * BlockSize_32;1;13.258784131803;
4;5556.58597662771 * CompressionMethod + 13877.4791318865 * x_8 + 7327.21202003338 * x_10 + -2420.32554257095 * BlockSize_32 + -2748.98998330551 * BlockSize_512;44.2531538865537;44.2531538865537;44.2531538865537;44.2531538865537;0.130142;5;-2748.98998330551 * BlockSize_512;1;6.14163776665746;
5;5792.43470149253 * CompressionMethod + 13667.8358208955 * x_8 + 7125.05597014926 * x_10 + -2551.3526119403 * BlockSize_32 + -2917.45335820895 * BlockSize_512 + -2242.43470149253 * BlockSize_4096;37.1580160276262;37.1580160276262;37.1580160276262;37.1580160276262;0.224138;6;-2242.43470149253 * BlockSize_4096;1;7.09513785892748;
6;5875.17241379311 * CompressionMethod + 13242.3275862069 * x_8 + 7054.13793103448 * x_10 + -837.500000000015 * BlockSize_32 + -2976.55172413793 * BlockSize_512 + -2325.1724137931 * BlockSize_4096 + -3167.67241379308 * BlockSize_32 * Deflate;32.9893712687873;32.9893712687873;32.9893712687873;32.9893712687873;0.357159;8;-3167.67241379308 * BlockSize_32 * Deflate;2;2.08432237941946;
7;6018.48214285714 * CompressionMethod + 13692.7295918367 * x_8 + 6931.30102040816 * x_10 + -1431.21173469387 * BlockSize_32 + -3078.91581632653 * BlockSize_512 + -2468.48214285715 * BlockSize_4096 + -2717.27040816327 * BlockSize_32 * Deflate + -2374.8469387755 * BlockSize_1;31.172895075669;31.172895075669;31.172895075669;31.172895075669;0.540735;9;-2374.8469387755 * BlockSize_1;1;1.81647619311821;
8;6138.52355072464 * CompressionMethod + 13589.8369565217 * x_8 + 7188.53260869565 * x_10 + -1448.36050724637 * BlockSize_32 + -3284.70108695652 * BlockSize_512 + -2588.52355072463 * BlockSize_4096 + -2820.16304347826 * BlockSize_32 * Deflate + -2443.44202898551 * BlockSize_1 + -840.289855072453 * Files_60;29.5198279324025;29.5198279324025;29.5198279324025;29.5198279324025;0.779026;10;-840.289855072453 * Files_60;1;1.65306714326652;
9;5995.21166134186 * CompressionMethod + 13712.6757188498 * x_8 + 13944.6645367412 * x_10 + -1427.8873801917 * BlockSize_32 + -1626.37779552716 * BlockSize_512 + -2445.21166134186 * BlockSize_4096 + -2697.32428115014 * BlockSize_32 * Deflate + -2361.54952076678 * BlockSize_1 + -1249.75239616614 * Files_60 + -11301.1661341853 * x_10 * PPMd;27.6047904351607;27.6047904351607;27.6047904351607;27.6047904351607;1.06865;12;-11301.1661341853 * x_10 * PPMd;2;0.957518748620906;
10;6931.92580049261 * CompressionMethod + 13877.0874384236 * x_8 + 13507.6754926108 * x_10 + -2529.01323891627 * BlockSize_32 + -1438.16964285714 * BlockSize_512 + -2027.69242610837 * BlockSize_4096 + -2532.91256157636 * BlockSize_32 * Deflate + -2703.35283251232 * BlockSize_1 + -894.969211822664 * Files_60 + -11530.4772167488 * x_10 * PPMd + -1354.23337438423 * tmOff;24.0188018229397;24.0188018229397;24.0188018229397;24.0188018229397;1.432318;13;-1354.23337438423 * tmOff;1;3.58598861222107;
11;6911.29648241206 * CompressionMethod + 13852.5552763819 * x_8 + 13477.567839196 * x_10 + -2483.85175879397 * BlockSize_32 + -775.243718592963 * BlockSize_512 + -2066.16331658291 * BlockSize_4096 + -2557.44472361808 * BlockSize_32 * Deflate + -2700.00753768842 * BlockSize_1 + -852.595477386926 * Files_60 + -11734.5402010051 * x_10 * PPMd + -1295.13316582915 * tmOff + -1810.91959798997 * BlockSize_512 * filterOff;20.7599344128676;20.7599344128676;20.7599344128676;20.7599344128676;1.885548;15;-1810.91959798997 * BlockSize_512 * filterOff;2;1.62943370503601;
12;6928.61921708185 * CompressionMethod + 13539.3024911032 * x_8 + 13471.7935943061 * x_10 + -2187.92170818505 * BlockSize_32 + -765.138790035591 * BlockSize_512 + -2041.62277580072 * BlockSize_4096 + -2870.69750889678 * BlockSize_32 * Deflate + -2539.77224199288 * BlockSize_1 + -833.829181494654 * Files_60 + -11741.7580071174 * x_10 * PPMd + -1336.99644128115 * tmOff + -1796.48398576512 * BlockSize_512 * filterOff + 1149.07473309609 * x_8 * BlockSize_16;19.7135864079506;19.7135864079506;19.7135864079506;19.7135864079506;2.429791;17;1149.07473309609 * x_8 * BlockSize_16;2;0.52317400245852;
13;6901.84261868631 * CompressionMethod + 13596.1814437459 * x_8 + 13496.6941252981 * x_10 + -2218.02406243227 * BlockSize_32 + -712.864730110548 * BlockSize_512 + -1955.75005419466 * BlockSize_4096 + -2813.81855625404 * BlockSize_32 * Deflate + -2511.88705831346 * BlockSize_1 + -770.980923477131 * Files_60 + -11758.5573379579 * x_10 * PPMd + -1396.09256449165 * tmOff + -1762.88532408411 * BlockSize_512 * filterOff + 1178.0685020594 * x_8 * BlockSize_16 + 479.249945805345 * BlockSize_64;19.5938165079921;19.5938165079921;19.5938165079921;19.5938165079921;3.07504;18;479.249945805345 * BlockSize_64;1;0.119769899958463;
Elapsed=00:00:03.0754314
Learning progress:
1;6886.08695652174 * CompressionMethod + 16881.4130434783 * x_10;83.6915996072685;83.6915996072685;83.6915996072685;83.6915996072685;0.005755;2;16881.4130434783 * x_10;1;103.416788236654;
2;5045.49999999999 * CompressionMethod + 18722 * x_10 + 14111.1666666667 * x_8;43.7190444485273;43.7190444485273;43.7190444485273;43.7190444485273;0.026349;3;14111.1666666667 * x_8;1;39.9725551587412;
3;3302.50000000001 * CompressionMethod + 20465 * x_10 + 15854.1666666667 * x_8 + 8715.00000000001 * x_6;28.3567413215888;28.3567413215888;28.3567413215888;28.3567413215888;0.064586;4;8715.00000000001 * x_6;1;15.3623031269386;
4;3302.5 * CompressionMethod + 20465 * x_10 + 16280.5 * x_8 + 9354.5 * x_6 + -1279 * Files_20;23.2996943222797;23.2996943222797;23.2996943222797;23.2996943222797;0.128056;5;-1279 * Files_20;1;5.05704699930907;
5;3302.5 * CompressionMethod + 20465 * x_10 + 16280.5 * x_8 + 4677.25 * x_6 + -1279.00000000001 * Files_20 + 4677.25 * x_6 * HeaderCompressionOff;15.8613196403459;15.8613196403459;15.8613196403459;15.8613196403459;0.217119;7;4677.25 * x_6 * HeaderCompressionOff;2;3.7191873409669;
6;3530.83333333334 * CompressionMethod + 20236.6666666667 * x_10 + 16052.1666666667 * x_8 + 4563.08333333334 * x_6 + -1279.00000000001 * Files_20 + 4563.08333333334 * x_6 * HeaderCompressionOff + -913.33333333334 * x_4;13.4874844995803;13.4874844995803;13.4874844995803;13.4874844995803;0.346698;8;-913.33333333334 * x_4;1;2.37383514076559;
7;3530.83333333333 * CompressionMethod + 20236.6666666667 * x_10 + 16052.1666666667 * x_8 + 4563.08333333334 * x_6 + -1278.99999999997 * Files_20 + 4563.08333333334 * x_6 * HeaderCompressionOff + -664.166666666656 * x_4 + -996.666666666661 * Files_10;13.4155148026108;13.4155148026108;13.4155148026108;13.4155148026108;0.51898;9;-996.666666666661 * Files_10;1;0.071969696969532;
Elapsed=00:00:00.5192305
Learning progress:
1;12775.3846153846 * CompressionMethod + -9393.38461538462 * x_2;80.5361333140554;80.5361333140554;80.5361333140554;80.5361333140554;0.00569;2;-9393.38461538462 * x_2;1;167.328325556214;
2;14645.4545454545 * CompressionMethod + -11263.4545454546 * x_2 + -12155.4545454546 * x_4;51.3302862485845;51.3302862485845;51.3302862485845;51.3302862485845;0.02812;3;-12155.4545454546 * x_4;1;29.2058470654708;
3;16289.3233082707 * CompressionMethod + -10496.3157894737 * x_2 + -12292.4436090226 * x_4 + -3013.75939849624 * tmOff;37.2581986989226;37.2581986989226;37.2581986989226;37.2581986989226;0.067978;4;-3013.75939849624 * tmOff;1;14.0720875496619;
4;10875.3975903614 * CompressionMethod + -6368.86746987952 * x_2 + -7682.56626506025 * x_4 + -1405.6626506024 * tmOff + 14258.4578313253 * x_10;29.6919161228151;29.6919161228151;29.6919161228151;29.6919161228151;0.138734;5;14258.4578313253 * x_10;1;7.5662825761075;
5;10539.7885196375 * CompressionMethod + -6207.64350453171 * x_2 + -6943.89728096676 * x_4 + -2211.78247734139 * tmOff + 14939.5468277946 * x_10 + 4096.40483383687 * Files_20;23.6668948377808;23.6668948377808;23.6668948377808;23.6668948377808;0.236928;6;4096.40483383687 * Files_20;1;6.02502128503428;
6;10445.5895578316 * CompressionMethod + -5702.76417686733 * x_2 + -6821.23532350736 * x_4 + -2268.70846864851 * tmOff + 15058.1426430177 * x_10 + 2270.70696977269 * Files_20 + 7402.41194104423 * Files_20 * LZMA;19.852622333232;19.852622333232;19.852622333232;19.852622333232;0.37118;8;7402.41194104423 * Files_20 * LZMA;2;1.90713625227442;
7;10277.0123839009 * CompressionMethod + -5770.19504643963 * x_2 + -6817.48916408669 * x_4 + -1939.04643962848 * tmOff + 15621.0030959753 * x_10 + 2132.09907120742 * Files_20 + 11128.9040247678 * Files_20 * LZMA + -3748.96904024767 * BlockSize_8;17.7963592904964;17.7963592904964;17.7963592904964;17.7963592904964;0.557852;9;-3748.96904024767 * BlockSize_8;1;2.05626304273556;
8;11031.864608076 * CompressionMethod + -5468.2541567696 * x_2 + -6834.26365795725 * x_4 + -3415.20190023753 * tmOff + 13100.635391924 * x_10 + 2752.75534441806 * Files_20 + 14760.5819477435 * Files_20 * LZMA + -7279.99999999997 * BlockSize_8 + 6772.70190023752 * x_10 * tmOff;15.7246653133639;15.7246653133639;15.7246653133639;15.7246653133639;0.798449;11;6772.70190023752 * x_10 * tmOff;2;1.03584698856624;
9;11012.1827613727 * CompressionMethod + -5268.97545889864 * x_2 + -6845.33469672784 * x_4 + -3698.94852354351 * tmOff + 12947.6910415004 * x_10 + 2989.75758180366 * Files_20 + 14827.0081803671 * Files_20 * LZMA + -7970.50478850757 * BlockSize_8 + 7229.07472067041 * x_10 * tmOff + 690.504788507568 * LZMA;13.5368882631285;13.5368882631285;13.5368882631285;13.5368882631285;1.103977;12;690.504788507568 * LZMA;1;2.18777705023548;
10;11190.5313319037 * CompressionMethod + -5030.81486776269 * x_2 + -7766.98355968549 * x_4 + -4307.21864824079 * tmOff + 12630.3248351998 * x_10 + 3340.29227225796 * Files_20 + 14906.3950440791 * Files_20 * LZMA + -8526.57533158606 * BlockSize_8 + 7976.3624811373 * x_10 * tmOff + 1246.57533158606 * LZMA + 3633.67087602252 * BlockSize_4;12.5186337006687;12.5186337006687;12.5186337006687;12.5186337006687;1.47873;13;3633.67087602252 * BlockSize_4;1;1.01825456245974;
11;11190.5313319037 * CompressionMethod + -5030.81486776268 * x_2 + -7766.98355968549 * x_4 + -4307.21864824081 * tmOff + 12630.3248351998 * x_10 + 3340.29227225797 * Files_20 + 14906.3950440791 * Files_20 * LZMA + -4263.28766579304 * BlockSize_8 + 7976.36248113732 * x_10 * tmOff + 1246.57533158605 * LZMA + 3633.67087602258 * BlockSize_4 + -4263.28766579304 * BlockSize_8 * LZMA;11.1694543689829;11.1694543689829;11.1694543689829;11.1694543689829;1.926999;15;-4263.28766579304 * BlockSize_8 * LZMA;2;0.674589665842896;
12;11190.5313319037 * CompressionMethod + -5030.81486776269 * x_2 + -7766.9835596855 * x_4 + -4307.21864824083 * tmOff + 12630.3248351998 * x_10 + 3340.29227225797 * Files_20 + 14906.3950440791 * Files_20 * LZMA + -2842.19177719536 * BlockSize_8 + 7976.36248113735 * x_10 * tmOff + 1246.57533158607 * LZMA + 3633.6708760226 * BlockSize_4 + -2842.19177719536 * BlockSize_8 * LZMA + -2842.19177719536 * BlockSize_8 * filterOff;10.5898933524091;10.5898933524091;10.5898933524091;10.5898933524091;2.461673;17;-2842.19177719536 * BlockSize_8 * filterOff;2;0.289780508286901;
Elapsed=00:00:02.4620343
Learning progress:
1;11356.8965517241 * CompressionMethod + -8846.89655172414 * BlockSize_1024;114.711352653924;114.711352653924;114.711352653924;114.711352653924;0.005766;2;-8846.89655172414 * BlockSize_1024;1;205.02520598467;
2;7521.90635451505 * CompressionMethod + -8719.06354515051 * BlockSize_1024 + 5560.73578595318 * filterOff;86.2899823370832;86.2899823370832;86.2899823370832;86.2899823370832;0.026459;3;5560.73578595318 * filterOff;1;28.4213703168413;
3;5792.73409893992 * CompressionMethod + -9013.14045936395 * BlockSize_1024 + 5078.44964664312 * filterOff + 3517.15989399293 * HeaderCompressionOff;52.0292062157222;52.0292062157222;52.0292062157222;52.0292062157222;0.068051;4;3517.15989399293 * HeaderCompressionOff;1;34.260776121361;
4;3494.97700562084 * CompressionMethod + -8481.73735309147 * BlockSize_1024 + 6627.75166070517 * filterOff + 4617.38886050077 * HeaderCompressionOff + 16945.0229943792 * Files_50;38.9670789884693;38.9670789884693;38.9670789884693;38.9670789884693;0.133503;5;16945.0229943792 * Files_50;1;13.0621272272529;
5;2548.794489093 * CompressionMethod + -7526.67049368542 * BlockSize_1024 + 6840.97588978187 * filterOff + 4390.83811710678 * HeaderCompressionOff + 17891.205510907 * Files_50 + 8693.32950631459 * x_8;29.2320887973568;29.2320887973568;29.2320887973568;29.2320887973568;0.230292;6;8693.32950631459 * x_8;1;9.73499019111252;
6;2108.88535031848 * CompressionMethod + -7420.54140127388 * BlockSize_1024 + 7297.89808917197 * filterOff + 4434.58598726115 * HeaderCompressionOff + 18331.1146496815 * Files_50 + 8093.82165605094 * x_8 + 2116.91082802548 * BlockSize_1;27.7169238245554;27.7169238245554;27.7169238245554;27.7169238245554;0.356633;7;2116.91082802548 * BlockSize_1;1;1.51516497280141;
7;1667.39675016925 * CompressionMethod + -8159.90182802979 * BlockSize_1024 + 8111.72647257957 * filterOff + 5392.03114421124 * HeaderCompressionOff + 18772.6032498308 * Files_50 + 7221.4827352742 * x_8 + 2515.84631008803 * BlockSize_1 + -9186.15436696007 * BlockSize_64;25.9792133921251;25.9792133921251;25.9792133921251;25.9792133921251;0.522733;8;-9186.15436696007 * BlockSize_64;1;1.73771043243029;
8;1941.05442176872 * CompressionMethod + -8334.04761904762 * BlockSize_1024 + 8397.82312925169 * filterOff + 4956.66666666666 * HeaderCompressionOff + 18498.9455782313 * Files_50 + 7034.89795918368 * x_8 + 7802.41496598639 * BlockSize_1 + -6685.91836734694 * BlockSize_64 + -5249.25170068028 * Files_30;23.6527936564602;23.6527936564602;23.6527936564602;23.6527936564602;0.735572;9;-5249.25170068028 * Files_30;1;2.32641973566489;
9;1685.60769656698 * CompressionMethod + -8930.0899778516 * BlockSize_1024 + 9079.01439645627 * filterOff + 5552.70902547066 * HeaderCompressionOff + 18754.392303433 * Files_50 + 9674.51411960133 * x_8 + 9505.39313399782 * BlockSize_1 + -2002.7284053156 * BlockSize_64 + -8314.6124031008 * Files_30 + -8344.59302325582 * HeaderCompressionOff * Files_90;18.3873983304196;18.3873983304196;18.3873983304196;18.3873983304196;1.003869;11;-8344.59302325582 * HeaderCompressionOff * Files_90;2;2.63269766302029;
10;1739.64875681201 * CompressionMethod + -8978.05900885558 * BlockSize_1024 + 9152.48595027248 * filterOff + 5470.12942779292 * HeaderCompressionOff + 18700.351243188 * Files_50 + 12814.9676430518 * x_8 + 10668.1867336512 * BlockSize_1 + -1070.06471389646 * BlockSize_64 + -8867.1670640327 * Files_30 + -9747.23177792915 * HeaderCompressionOff * Files_90 + -4386.43392370575 * x_8 * mtOff;16.7071479146095;16.7071479146095;16.7071479146095;16.7071479146095;1.346116;13;-4386.43392370575 * x_8 * mtOff;2;0.840125207905063;
11;1739.64875681199 * CompressionMethod + -8978.0590088556 * BlockSize_1024 + 9152.48595027248 * filterOff + 5470.12942779292 * HeaderCompressionOff + 18700.351243188 * Files_50 + 12814.9676430518 * x_8 + 10668.1867336512 * BlockSize_1 + -535.032356948235 * BlockSize_64 + -8867.16706403269 * Files_30 + -9747.23177792919 * HeaderCompressionOff * Files_90 + -4386.43392370577 * x_8 * mtOff + -535.03235694823 * BlockSize_64 * filterOff;16.7071479146092;16.7071479146092;16.7071479146092;16.7071479146092;1.762333;15;-535.03235694823 * BlockSize_64 * filterOff;2;1.70530256582424E-13;
Elapsed=00:00:01.7626277
Learning progress:
1;12704.6153846154 * CompressionMethod + -8132.61538461538 * x_0;155.05748921056;155.05748921056;155.05748921056;155.05748921056;0.008938;2;-8132.61538461538 * x_0;1;95.8113075632079;
2;14498.6363636364 * CompressionMethod + -9926.63636363638 * x_0 + -11661.1363636364 * x_4;97.6994024186794;97.6994024186794;97.6994024186794;97.6994024186794;0.030484;3;-11661.1363636364 * x_4;1;57.3580867918809;
3;19628 * CompressionMethod + -15056 * x_0 + -16790.5 * x_4 + -16120.8571428571 * x_2;53.0203807411209;53.0203807411209;53.0203807411209;53.0203807411209;0.069724;4;-16120.8571428571 * x_2;1;44.6790216775585;
4;19101.0220955096 * CompressionMethod + -16109.9558089808 * x_0 + -18239.6892373486 * x_4 + -16723.1176051319 * x_2 + 7904.66856735566 * BlockSize_4096;35.1570378148874;35.1570378148874;35.1570378148874;35.1570378148874;0.134674;5;7904.66856735566 * BlockSize_4096;1;17.8633429262335;
5;19040.1142857143 * CompressionMethod + -16231.7714285714 * x_0 + -17150.5142857143 * x_4 + -16074.6285714286 * x_2 + 8818.28571428573 * BlockSize_4096 + -5026.68571428572 * Files_80;30.268367023845;30.268367023845;30.268367023845;30.268367023845;0.228263;6;-5026.68571428572 * Files_80;1;4.88867079104241;
6;19043.9165154265 * CompressionMethod + -16046.7295825772 * x_0 + -17145.444646098 * x_4 + -16073.3611615245 * x_2 + 8761.25226860255 * BlockSize_4096 + -5005.13974591652 * Files_80 + -887.186932849352 * Files_40;28.3564983401042;28.3564983401042;28.3564983401042;28.3564983401042;0.356063;7;-887.186932849352 * Files_40;1;1.91186868374077;
7;19043.9165154265 * CompressionMethod + -16046.7295825771 * x_0 + -17145.444646098 * x_4 + -16073.3611615245 * x_2 + 8761.25226860255 * BlockSize_4096 + -5005.13974591652 * Files_80 + -443.593466424668 * Files_40 + -443.593466424668 * x_0 * Deflate;26.7883653281391;26.7883653281391;26.7883653281391;26.7883653281391;0.52377;9;-443.593466424668 * x_0 * Deflate;2;0.784066505982542;
8;19043.9165154265 * CompressionMethod + -16046.7295825771 * x_0 + -17145.444646098 * x_4 + -16073.3611615245 * x_2 + 8761.25226860256 * BlockSize_4096 + -2502.56987295827 * Files_80 + -443.59346642468 * Files_40 + -443.593466424677 * x_0 * Deflate + -2502.56987295827 * Files_80 * Deflate;25.2405116214605;25.2405116214605;25.2405116214605;25.2405116214605;0.745897;11;-2502.56987295827 * Files_80 * Deflate;2;0.773926853339324;
9;18941.8657491561 * CompressionMethod + -15952.8356271098 * x_0 + -17048.4692287717 * x_4 + -15974.2105946507 * x_2 + 8793.87951181512 * BlockSize_4096 + -2508.73279667622 * Files_80 + -439.515061023088 * Files_40 + -439.515061023088 * x_0 * Deflate + -2508.73279667622 * Files_80 * Deflate + 1498.13425084387 * Files_50;25.0666359184397;25.0666359184397;25.0666359184397;25.0666359184397;1.029215;12;1498.13425084387 * Files_50;1;0.173875703020755;
10;18941.5376401495 * CompressionMethod + -15911.5376401495 * x_0 + -17048.8556682684 * x_4 + -15974.2907990746 * x_2 + 8798.47303790709 * BlockSize_4096 + -2509.60046271579 * Files_80 + -459.999999999982 * Files_40 + -459.999999999979 * x_0 * Deflate + -2509.60046271579 * Files_80 * Deflate + 1498.46235985048 * Files_50 + -56.1576793023349 * x_0 * BZip2;24.8167675698892;24.8167675698892;24.8167675698892;24.8167675698892;1.372471;14;-56.1576793023349 * x_0 * BZip2;2;0.124934174275282;
11;18939.0951374207 * CompressionMethod + -15909.0951374207 * x_0 + -17077.1479915434 * x_4 + -16152.7970401692 * x_2 + 8832.66807610994 * BlockSize_4096 + -2465.22832980972 * Files_80 + -460.00000000001 * Files_40 + -460.000000000009 * x_0 * Deflate + -2465.22832980972 * Files_80 * Deflate + 1500.90486257924 * Files_50 + -67.5560253700135 * x_0 * BZip2 + 1143.70190274839 * x_2 * BlockSize_32;24.6282435855952;24.6282435855952;24.6282435855952;24.6282435855952;1.79239;16;1143.70190274839 * x_2 * BlockSize_32;2;0.0942619921469614;
Elapsed=00:00:01.7926813
Learning progress:
1;6555.38461538461 * CompressionMethod + 12394.6153846154 * x_8;90.3753896573691;90.3753896573691;90.3753896573691;90.3753896573691;0.005526;2;12394.6153846154 * x_8;1;49.5388883756638;
2;5179.52380952381 * CompressionMethod + 13770.4761904762 * x_8 + 7154.47619047619 * x_10;63.6535757850141;63.6535757850141;63.6535757850141;63.6535757850141;0.025898;3;7154.47619047619 * x_10;1;26.721813872355;
3;5287.66304347825 * CompressionMethod + 14116.5217391304 * x_8 + 7046.33695652174 * x_10 + -2270.92391304349 * BlockSize_32;50.3947916532111;50.3947916532111;50.3947916532111;50.3947916532111;0.065792;4;-2270.92391304349 * BlockSize_32;1;13.258784131803;
4;5556.58597662771 * CompressionMethod + 13877.4791318865 * x_8 + 7327.21202003338 * x_10 + -2420.32554257095 * BlockSize_32 + -2748.98998330551 * BlockSize_512;44.2531538865537;44.2531538865537;44.2531538865537;44.2531538865537;0.132404;5;-2748.98998330551 * BlockSize_512;1;6.14163776665746;
5;5792.43470149253 * CompressionMethod + 13667.8358208955 * x_8 + 7125.05597014926 * x_10 + -2551.3526119403 * BlockSize_32 + -2917.45335820895 * BlockSize_512 + -2242.43470149253 * BlockSize_4096;37.1580160276262;37.1580160276262;37.1580160276262;37.1580160276262;0.270331;6;-2242.43470149253 * BlockSize_4096;1;7.09513785892748;
6;5875.17241379311 * CompressionMethod + 13242.3275862069 * x_8 + 7054.13793103448 * x_10 + -837.500000000015 * BlockSize_32 + -2976.55172413793 * BlockSize_512 + -2325.1724137931 * BlockSize_4096 + -3167.67241379308 * BlockSize_32 * Deflate;32.9893712687873;32.9893712687873;32.9893712687873;32.9893712687873;0.472341;8;-3167.67241379308 * BlockSize_32 * Deflate;2;2.08432237941946;
7;6018.48214285714 * CompressionMethod + 13692.7295918367 * x_8 + 6931.30102040816 * x_10 + -1431.21173469387 * BlockSize_32 + -3078.91581632653 * BlockSize_512 + -2468.48214285715 * BlockSize_4096 + -2717.27040816327 * BlockSize_32 * Deflate + -2374.8469387755 * BlockSize_1;31.172895075669;31.172895075669;31.172895075669;31.172895075669;0.656255;9;-2374.8469387755 * BlockSize_1;1;1.81647619311821;
8;6138.52355072464 * CompressionMethod + 13589.8369565217 * x_8 + 7188.53260869565 * x_10 + -1448.36050724637 * BlockSize_32 + -3284.70108695652 * BlockSize_512 + -2588.52355072463 * BlockSize_4096 + -2820.16304347826 * BlockSize_32 * Deflate + -2443.44202898551 * BlockSize_1 + -840.289855072453 * Files_60;29.5198279324025;29.5198279324025;29.5198279324025;29.5198279324025;0.882028;10;-840.289855072453 * Files_60;1;1.65306714326652;
9;5995.21166134186 * CompressionMethod + 13712.6757188498 * x_8 + 13944.6645367412 * x_10 + -1427.8873801917 * BlockSize_32 + -1626.37779552716 * BlockSize_512 + -2445.21166134186 * BlockSize_4096 + -2697.32428115014 * BlockSize_32 * Deflate + -2361.54952076678 * BlockSize_1 + -1249.75239616614 * Files_60 + -11301.1661341853 * x_10 * PPMd;27.6047904351607;27.6047904351607;27.6047904351607;27.6047904351607;1.170406;12;-11301.1661341853 * x_10 * PPMd;2;0.957518748620906;
10;6931.92580049261 * CompressionMethod + 13877.0874384236 * x_8 + 13507.6754926108 * x_10 + -2529.01323891627 * BlockSize_32 + -1438.16964285714 * BlockSize_512 + -2027.69242610837 * BlockSize_4096 + -2532.91256157636 * BlockSize_32 * Deflate + -2703.35283251232 * BlockSize_1 + -894.969211822664 * Files_60 + -11530.4772167488 * x_10 * PPMd + -1354.23337438423 * tmOff;24.0188018229397;24.0188018229397;24.0188018229397;24.0188018229397;1.539038;13;-1354.23337438423 * tmOff;1;3.58598861222107;
11;6911.29648241206 * CompressionMethod + 13852.5552763819 * x_8 + 13477.567839196 * x_10 + -2483.85175879397 * BlockSize_32 + -775.243718592963 * BlockSize_512 + -2066.16331658291 * BlockSize_4096 + -2557.44472361808 * BlockSize_32 * Deflate + -2700.00753768842 * BlockSize_1 + -852.595477386926 * Files_60 + -11734.5402010051 * x_10 * PPMd + -1295.13316582915 * tmOff + -1810.91959798997 * BlockSize_512 * filterOff;20.7599344128676;20.7599344128676;20.7599344128676;20.7599344128676;1.973662;15;-1810.91959798997 * BlockSize_512 * filterOff;2;1.62943370503601;
12;6928.61921708185 * CompressionMethod + 13539.3024911032 * x_8 + 13471.7935943061 * x_10 + -2187.92170818505 * BlockSize_32 + -765.138790035591 * BlockSize_512 + -2041.62277580072 * BlockSize_4096 + -2870.69750889678 * BlockSize_32 * Deflate + -2539.77224199288 * BlockSize_1 + -833.829181494654 * Files_60 + -11741.7580071174 * x_10 * PPMd + -1336.99644128115 * tmOff + -1796.48398576512 * BlockSize_512 * filterOff + 1149.07473309609 * x_8 * BlockSize_16;19.7135864079506;19.7135864079506;19.7135864079506;19.7135864079506;2.510014;17;1149.07473309609 * x_8 * BlockSize_16;2;0.52317400245852;
13;6901.84261868631 * CompressionMethod + 13596.1814437459 * x_8 + 13496.6941252981 * x_10 + -2218.02406243227 * BlockSize_32 + -712.864730110548 * BlockSize_512 + -1955.75005419466 * BlockSize_4096 + -2813.81855625404 * BlockSize_32 * Deflate + -2511.88705831346 * BlockSize_1 + -770.980923477131 * Files_60 + -11758.5573379579 * x_10 * PPMd + -1396.09256449165 * tmOff + -1762.88532408411 * BlockSize_512 * filterOff + 1178.0685020594 * x_8 * BlockSize_16 + 479.249945805345 * BlockSize_64;19.5938165079921;19.5938165079921;19.5938165079921;19.5938165079921;3.149157;18;479.249945805345 * BlockSize_64;1;0.119769899958463;
14;6901.84261868633 * CompressionMethod + 13596.1814437459 * x_8 + 13496.6941252981 * x_10 + -2218.02406243226 * BlockSize_32 + -712.864730110555 * BlockSize_512 + -1955.75005419466 * BlockSize_4096 + -2813.81855625405 * BlockSize_32 * Deflate + -2511.88705831346 * BlockSize_1 + -770.98092347713 * Files_60 + -11758.557337958 * x_10 * PPMd + -1396.09256449166 * tmOff + -881.442662042055 * BlockSize_512 * filterOff + 1178.06850205939 * x_8 * BlockSize_16 + 479.24994580534 * BlockSize_64 + -881.442662042056 * BlockSize_512 * filterOff * tmOff;19.4150103853771;19.4150103853771;19.4150103853771;19.4150103853771;3.882685;21;-881.442662042056 * BlockSize_512 * filterOff * tmOff;3;0.0596020408716787;
Elapsed=00:00:03.8830783
Learning progress:
1;6886.08695652174 * CompressionMethod + 16881.4130434783 * x_10;83.6915996072685;83.6915996072685;83.6915996072685;83.6915996072685;0.008318;2;16881.4130434783 * x_10;1;103.416788236654;
2;5045.49999999999 * CompressionMethod + 18722 * x_10 + 14111.1666666667 * x_8;43.7190444485273;43.7190444485273;43.7190444485273;43.7190444485273;0.028153;3;14111.1666666667 * x_8;1;39.9725551587412;
3;3302.50000000001 * CompressionMethod + 20465 * x_10 + 15854.1666666667 * x_8 + 8715.00000000001 * x_6;28.3567413215888;28.3567413215888;28.3567413215888;28.3567413215888;0.065721;4;8715.00000000001 * x_6;1;15.3623031269386;
4;3302.5 * CompressionMethod + 20465 * x_10 + 16280.5 * x_8 + 9354.5 * x_6 + -1279 * Files_20;23.2996943222797;23.2996943222797;23.2996943222797;23.2996943222797;0.128949;5;-1279 * Files_20;1;5.05704699930907;
5;3302.5 * CompressionMethod + 20465 * x_10 + 16280.5 * x_8 + 4677.25 * x_6 + -1279.00000000001 * Files_20 + 4677.25 * x_6 * HeaderCompressionOff;15.8613196403459;15.8613196403459;15.8613196403459;15.8613196403459;0.220177;7;4677.25 * x_6 * HeaderCompressionOff;2;3.7191873409669;
6;3530.83333333334 * CompressionMethod + 20236.6666666667 * x_10 + 16052.1666666667 * x_8 + 4563.08333333334 * x_6 + -1279.00000000001 * Files_20 + 4563.08333333334 * x_6 * HeaderCompressionOff + -913.33333333334 * x_4;13.4874844995803;13.4874844995803;13.4874844995803;13.4874844995803;0.35434;8;-913.33333333334 * x_4;1;2.37383514076559;
7;3530.83333333333 * CompressionMethod + 20236.6666666667 * x_10 + 16052.1666666667 * x_8 + 4563.08333333334 * x_6 + -1278.99999999997 * Files_20 + 4563.08333333334 * x_6 * HeaderCompressionOff + -664.166666666656 * x_4 + -996.666666666661 * Files_10;13.4155148026108;13.4155148026108;13.4155148026108;13.4155148026108;0.525267;9;-996.666666666661 * Files_10;1;0.071969696969532;
Elapsed=00:00:00.5255134
Learning progress:
1;12775.3846153846 * CompressionMethod + -9393.38461538462 * x_2;80.5361333140554;80.5361333140554;80.5361333140554;80.5361333140554;0.008916;2;-9393.38461538462 * x_2;1;167.328325556214;
2;14645.4545454545 * CompressionMethod + -11263.4545454546 * x_2 + -12155.4545454546 * x_4;51.3302862485845;51.3302862485845;51.3302862485845;51.3302862485845;0.030327;3;-12155.4545454546 * x_4;1;29.2058470654708;
3;16289.3233082707 * CompressionMethod + -10496.3157894737 * x_2 + -12292.4436090226 * x_4 + -3013.75939849624 * tmOff;37.2581986989226;37.2581986989226;37.2581986989226;37.2581986989226;0.071051;4;-3013.75939849624 * tmOff;1;14.0720875496619;
4;10875.3975903614 * CompressionMethod + -6368.86746987952 * x_2 + -7682.56626506025 * x_4 + -1405.6626506024 * tmOff + 14258.4578313253 * x_10;29.6919161228151;29.6919161228151;29.6919161228151;29.6919161228151;0.137821;5;14258.4578313253 * x_10;1;7.5662825761075;
5;10539.7885196375 * CompressionMethod + -6207.64350453171 * x_2 + -6943.89728096676 * x_4 + -2211.78247734139 * tmOff + 14939.5468277946 * x_10 + 4096.40483383687 * Files_20;23.6668948377808;23.6668948377808;23.6668948377808;23.6668948377808;0.237832;6;4096.40483383687 * Files_20;1;6.02502128503428;
6;10445.5895578316 * CompressionMethod + -5702.76417686733 * x_2 + -6821.23532350736 * x_4 + -2268.70846864851 * tmOff + 15058.1426430177 * x_10 + 2270.70696977269 * Files_20 + 7402.41194104423 * Files_20 * LZMA;19.852622333232;19.852622333232;19.852622333232;19.852622333232;0.374759;8;7402.41194104423 * Files_20 * LZMA;2;1.90713625227442;
7;10277.0123839009 * CompressionMethod + -5770.19504643963 * x_2 + -6817.48916408669 * x_4 + -1939.04643962848 * tmOff + 15621.0030959753 * x_10 + 2132.09907120742 * Files_20 + 11128.9040247678 * Files_20 * LZMA + -3748.96904024767 * BlockSize_8;17.7963592904964;17.7963592904964;17.7963592904964;17.7963592904964;0.558682;9;-3748.96904024767 * BlockSize_8;1;2.05626304273556;
8;11031.864608076 * CompressionMethod + -5468.2541567696 * x_2 + -6834.26365795725 * x_4 + -3415.20190023753 * tmOff + 13100.635391924 * x_10 + 2752.75534441806 * Files_20 + 14760.5819477435 * Files_20 * LZMA + -7279.99999999997 * BlockSize_8 + 6772.70190023752 * x_10 * tmOff;15.7246653133639;15.7246653133639;15.7246653133639;15.7246653133639;0.802248;11;6772.70190023752 * x_10 * tmOff;2;1.03584698856624;
9;11012.1827613727 * CompressionMethod + -5268.97545889864 * x_2 + -6845.33469672784 * x_4 + -3698.94852354351 * tmOff + 12947.6910415004 * x_10 + 2989.75758180366 * Files_20 + 14827.0081803671 * Files_20 * LZMA + -7970.50478850757 * BlockSize_8 + 7229.07472067041 * x_10 * tmOff + 690.504788507568 * LZMA;13.5368882631285;13.5368882631285;13.5368882631285;13.5368882631285;1.108757;12;690.504788507568 * LZMA;1;2.18777705023548;
10;11190.5313319037 * CompressionMethod + -5030.81486776269 * x_2 + -7766.98355968549 * x_4 + -4307.21864824079 * tmOff + 12630.3248351998 * x_10 + 3340.29227225796 * Files_20 + 14906.3950440791 * Files_20 * LZMA + -8526.57533158606 * BlockSize_8 + 7976.3624811373 * x_10 * tmOff + 1246.57533158606 * LZMA + 3633.67087602252 * BlockSize_4;12.5186337006687;12.5186337006687;12.5186337006687;12.5186337006687;1.484723;13;3633.67087602252 * BlockSize_4;1;1.01825456245974;
11;11190.5313319037 * CompressionMethod + -5030.81486776268 * x_2 + -7766.98355968549 * x_4 + -4307.21864824081 * tmOff + 12630.3248351998 * x_10 + 3340.29227225797 * Files_20 + 14906.3950440791 * Files_20 * LZMA + -4263.28766579304 * BlockSize_8 + 7976.36248113732 * x_10 * tmOff + 1246.57533158605 * LZMA + 3633.67087602258 * BlockSize_4 + -4263.28766579304 * BlockSize_8 * LZMA;11.1694543689829;11.1694543689829;11.1694543689829;11.1694543689829;1.930828;15;-4263.28766579304 * BlockSize_8 * LZMA;2;0.674589665842896;
12;11190.5313319037 * CompressionMethod + -5030.81486776269 * x_2 + -7766.9835596855 * x_4 + -4307.21864824083 * tmOff + 12630.3248351998 * x_10 + 3340.29227225797 * Files_20 + 14906.3950440791 * Files_20 * LZMA + -2842.19177719536 * BlockSize_8 + 7976.36248113735 * x_10 * tmOff + 1246.57533158607 * LZMA + 3633.6708760226 * BlockSize_4 + -2842.19177719536 * BlockSize_8 * LZMA + -2842.19177719536 * BlockSize_8 * filterOff;10.5898933524091;10.5898933524091;10.5898933524091;10.5898933524091;2.464657;17;-2842.19177719536 * BlockSize_8 * filterOff;2;0.289780508286901;
13;11186.7269667648 * CompressionMethod + -5000.58897770299 * x_2 + -7764.97686159023 * x_4 + -4290.67732435843 * tmOff + 12636.9162810265 * x_10 + 3317.48001682793 * Files_20 + 14741.0096760623 * Files_20 * LZMA + -2779.98878137709 * BlockSize_8 + 7957.03407656709 * x_10 * tmOff + 1235.42700883465 * LZMA + 3618.92721918382 * BlockSize_4 + -2779.98878137708 * BlockSize_8 * LZMA + -2779.98878137708 * BlockSize_8 * filterOff + -175.460664703412 * tmOff * Files_80;10.4432463299413;10.4432463299413;10.4432463299413;10.4432463299413;3.102407;19;-175.460664703412 * tmOff * Files_80;2;0.0733235112339292;
Elapsed=00:00:03.1027737
Learning progress:
1;11356.8965517241 * CompressionMethod + -8846.89655172414 * BlockSize_1024;114.711352653924;114.711352653924;114.711352653924;114.711352653924;0.008567;2;-8846.89655172414 * BlockSize_1024;1;205.02520598467;
2;7521.90635451505 * CompressionMethod + -8719.06354515051 * BlockSize_1024 + 5560.73578595318 * filterOff;86.2899823370832;86.2899823370832;86.2899823370832;86.2899823370832;0.028381;3;5560.73578595318 * filterOff;1;28.4213703168413;
3;5792.73409893992 * CompressionMethod + -9013.14045936395 * BlockSize_1024 + 5078.44964664312 * filterOff + 3517.15989399293 * HeaderCompressionOff;52.0292062157222;52.0292062157222;52.0292062157222;52.0292062157222;0.067656;4;3517.15989399293 * HeaderCompressionOff;1;34.260776121361;
4;3494.97700562084 * CompressionMethod + -8481.73735309147 * BlockSize_1024 + 6627.75166070517 * filterOff + 4617.38886050077 * HeaderCompressionOff + 16945.0229943792 * Files_50;38.9670789884693;38.9670789884693;38.9670789884693;38.9670789884693;0.133262;5;16945.0229943792 * Files_50;1;13.0621272272529;
5;2548.794489093 * CompressionMethod + -7526.67049368542 * BlockSize_1024 + 6840.97588978187 * filterOff + 4390.83811710678 * HeaderCompressionOff + 17891.205510907 * Files_50 + 8693.32950631459 * x_8;29.2320887973568;29.2320887973568;29.2320887973568;29.2320887973568;0.225566;6;8693.32950631459 * x_8;1;9.73499019111252;
6;2108.88535031848 * CompressionMethod + -7420.54140127388 * BlockSize_1024 + 7297.89808917197 * filterOff + 4434.58598726115 * HeaderCompressionOff + 18331.1146496815 * Files_50 + 8093.82165605094 * x_8 + 2116.91082802548 * BlockSize_1;27.7169238245554;27.7169238245554;27.7169238245554;27.7169238245554;0.3531;7;2116.91082802548 * BlockSize_1;1;1.51516497280141;
7;1667.39675016925 * CompressionMethod + -8159.90182802979 * BlockSize_1024 + 8111.72647257957 * filterOff + 5392.03114421124 * HeaderCompressionOff + 18772.6032498308 * Files_50 + 7221.4827352742 * x_8 + 2515.84631008803 * BlockSize_1 + -9186.15436696007 * BlockSize_64;25.9792133921251;25.9792133921251;25.9792133921251;25.9792133921251;0.520751;8;-9186.15436696007 * BlockSize_64;1;1.73771043243029;
8;1941.05442176872 * CompressionMethod + -8334.04761904762 * BlockSize_1024 + 8397.82312925169 * filterOff + 4956.66666666666 * HeaderCompressionOff + 18498.9455782313 * Files_50 + 7034.89795918368 * x_8 + 7802.41496598639 * BlockSize_1 + -6685.91836734694 * BlockSize_64 + -5249.25170068028 * Files_30;23.6527936564602;23.6527936564602;23.6527936564602;23.6527936564602;0.738565;9;-5249.25170068028 * Files_30;1;2.32641973566489;
9;1685.60769656698 * CompressionMethod + -8930.0899778516 * BlockSize_1024 + 9079.01439645627 * filterOff + 5552.70902547066 * HeaderCompressionOff + 18754.392303433 * Files_50 + 9674.51411960133 * x_8 + 9505.39313399782 * BlockSize_1 + -2002.7284053156 * BlockSize_64 + -8314.6124031008 * Files_30 + -8344.59302325582 * HeaderCompressionOff * Files_90;18.3873983304196;18.3873983304196;18.3873983304196;18.3873983304196;1.005692;11;-8344.59302325582 * HeaderCompressionOff * Files_90;2;2.63269766302029;
10;1739.64875681201 * CompressionMethod + -8978.05900885558 * BlockSize_1024 + 9152.48595027248 * filterOff + 5470.12942779292 * HeaderCompressionOff + 18700.351243188 * Files_50 + 12814.9676430518 * x_8 + 10668.1867336512 * BlockSize_1 + -1070.06471389646 * BlockSize_64 + -8867.1670640327 * Files_30 + -9747.23177792915 * HeaderCompressionOff * Files_90 + -4386.43392370575 * x_8 * mtOff;16.7071479146095;16.7071479146095;16.7071479146095;16.7071479146095;1.342558;13;-4386.43392370575 * x_8 * mtOff;2;0.840125207905063;
11;1739.64875681199 * CompressionMethod + -8978.0590088556 * BlockSize_1024 + 9152.48595027248 * filterOff + 5470.12942779292 * HeaderCompressionOff + 18700.351243188 * Files_50 + 12814.9676430518 * x_8 + 10668.1867336512 * BlockSize_1 + -535.032356948235 * BlockSize_64 + -8867.16706403269 * Files_30 + -9747.23177792919 * HeaderCompressionOff * Files_90 + -4386.43392370577 * x_8 * mtOff + -535.03235694823 * BlockSize_64 * filterOff;16.7071479146092;16.7071479146092;16.7071479146092;16.7071479146092;1.75705;15;-535.03235694823 * BlockSize_64 * filterOff;2;1.70530256582424E-13;
Elapsed=00:00:01.7573441
Learning progress:
1;12704.6153846154 * CompressionMethod + -8132.61538461538 * x_0;155.05748921056;155.05748921056;155.05748921056;155.05748921056;0.006135;2;-8132.61538461538 * x_0;1;95.8113075632079;
2;14498.6363636364 * CompressionMethod + -9926.63636363638 * x_0 + -11661.1363636364 * x_4;97.6994024186794;97.6994024186794;97.6994024186794;97.6994024186794;0.029826;3;-11661.1363636364 * x_4;1;57.3580867918809;
3;19628 * CompressionMethod + -15056 * x_0 + -16790.5 * x_4 + -16120.8571428571 * x_2;53.0203807411209;53.0203807411209;53.0203807411209;53.0203807411209;0.070997;4;-16120.8571428571 * x_2;1;44.6790216775585;
4;19101.0220955096 * CompressionMethod + -16109.9558089808 * x_0 + -18239.6892373486 * x_4 + -16723.1176051319 * x_2 + 7904.66856735566 * BlockSize_4096;35.1570378148874;35.1570378148874;35.1570378148874;35.1570378148874;0.134552;5;7904.66856735566 * BlockSize_4096;1;17.8633429262335;
5;19040.1142857143 * CompressionMethod + -16231.7714285714 * x_0 + -17150.5142857143 * x_4 + -16074.6285714286 * x_2 + 8818.28571428573 * BlockSize_4096 + -5026.68571428572 * Files_80;30.268367023845;30.268367023845;30.268367023845;30.268367023845;0.226401;6;-5026.68571428572 * Files_80;1;4.88867079104241;
6;19043.9165154265 * CompressionMethod + -16046.7295825772 * x_0 + -17145.444646098 * x_4 + -16073.3611615245 * x_2 + 8761.25226860255 * BlockSize_4096 + -5005.13974591652 * Files_80 + -887.186932849352 * Files_40;28.3564983401042;28.3564983401042;28.3564983401042;28.3564983401042;0.358295;7;-887.186932849352 * Files_40;1;1.91186868374077;
7;19043.9165154265 * CompressionMethod + -16046.7295825771 * x_0 + -17145.444646098 * x_4 + -16073.3611615245 * x_2 + 8761.25226860255 * BlockSize_4096 + -5005.13974591652 * Files_80 + -443.593466424668 * Files_40 + -443.593466424668 * x_0 * Deflate;26.7883653281391;26.7883653281391;26.7883653281391;26.7883653281391;0.523303;9;-443.593466424668 * x_0 * Deflate;2;0.784066505982542;
8;19043.9165154265 * CompressionMethod + -16046.7295825771 * x_0 + -17145.444646098 * x_4 + -16073.3611615245 * x_2 + 8761.25226860256 * BlockSize_4096 + -2502.56987295827 * Files_80 + -443.59346642468 * Files_40 + -443.593466424677 * x_0 * Deflate + -2502.56987295827 * Files_80 * Deflate;25.2405116214605;25.2405116214605;25.2405116214605;25.2405116214605;0.743845;11;-2502.56987295827 * Files_80 * Deflate;2;0.773926853339324;
9;18941.8657491561 * CompressionMethod + -15952.8356271098 * x_0 + -17048.4692287717 * x_4 + -15974.2105946507 * x_2 + 8793.87951181512 * BlockSize_4096 + -2508.73279667622 * Files_80 + -439.515061023088 * Files_40 + -439.515061023088 * x_0 * Deflate + -2508.73279667622 * Files_80 * Deflate + 1498.13425084387 * Files_50;25.0666359184397;25.0666359184397;25.0666359184397;25.0666359184397;1.027975;12;1498.13425084387 * Files_50;1;0.173875703020755;
Elapsed=00:00:01.0282502
Learning progress:
1;6555.38461538461 * CompressionMethod + 12394.6153846154 * x_8;90.3753896573691;90.3753896573691;90.3753896573691;90.3753896573691;0.009128;2;12394.6153846154 * x_8;1;49.5388883756638;
2;5179.52380952381 * CompressionMethod + 13770.4761904762 * x_8 + 7154.47619047619 * x_10;63.6535757850141;63.6535757850141;63.6535757850141;63.6535757850141;0.029031;3;7154.47619047619 * x_10;1;26.721813872355;
3;5287.66304347825 * CompressionMethod + 14116.5217391304 * x_8 + 7046.33695652174 * x_10 + -2270.92391304349 * BlockSize_32;50.3947916532111;50.3947916532111;50.3947916532111;50.3947916532111;0.06781;4;-2270.92391304349 * BlockSize_32;1;13.258784131803;
4;5556.58597662771 * CompressionMethod + 13877.4791318865 * x_8 + 7327.21202003338 * x_10 + -2420.32554257095 * BlockSize_32 + -2748.98998330551 * BlockSize_512;44.2531538865537;44.2531538865537;44.2531538865537;44.2531538865537;0.130955;5;-2748.98998330551 * BlockSize_512;1;6.14163776665746;
5;5792.43470149253 * CompressionMethod + 13667.8358208955 * x_8 + 7125.05597014926 * x_10 + -2551.3526119403 * BlockSize_32 + -2917.45335820895 * BlockSize_512 + -2242.43470149253 * BlockSize_4096;37.1580160276262;37.1580160276262;37.1580160276262;37.1580160276262;0.228251;6;-2242.43470149253 * BlockSize_4096;1;7.09513785892748;
6;5875.17241379311 * CompressionMethod + 13242.3275862069 * x_8 + 7054.13793103448 * x_10 + -837.500000000015 * BlockSize_32 + -2976.55172413793 * BlockSize_512 + -2325.1724137931 * BlockSize_4096 + -3167.67241379308 * BlockSize_32 * Deflate;32.9893712687873;32.9893712687873;32.9893712687873;32.9893712687873;0.359359;8;-3167.67241379308 * BlockSize_32 * Deflate;2;2.08432237941946;
7;6018.48214285714 * CompressionMethod + 13692.7295918367 * x_8 + 6931.30102040816 * x_10 + -1431.21173469387 * BlockSize_32 + -3078.91581632653 * BlockSize_512 + -2468.48214285715 * BlockSize_4096 + -2717.27040816327 * BlockSize_32 * Deflate + -2374.8469387755 * BlockSize_1;31.172895075669;31.172895075669;31.172895075669;31.172895075669;0.540309;9;-2374.8469387755 * BlockSize_1;1;1.81647619311821;
8;6138.52355072464 * CompressionMethod + 13589.8369565217 * x_8 + 7188.53260869565 * x_10 + -1448.36050724637 * BlockSize_32 + -3284.70108695652 * BlockSize_512 + -2588.52355072463 * BlockSize_4096 + -2820.16304347826 * BlockSize_32 * Deflate + -2443.44202898551 * BlockSize_1 + -840.289855072453 * Files_60;29.5198279324025;29.5198279324025;29.5198279324025;29.5198279324025;0.772113;10;-840.289855072453 * Files_60;1;1.65306714326652;
9;5995.21166134186 * CompressionMethod + 13712.6757188498 * x_8 + 13944.6645367412 * x_10 + -1427.8873801917 * BlockSize_32 + -1626.37779552716 * BlockSize_512 + -2445.21166134186 * BlockSize_4096 + -2697.32428115014 * BlockSize_32 * Deflate + -2361.54952076678 * BlockSize_1 + -1249.75239616614 * Files_60 + -11301.1661341853 * x_10 * PPMd;27.6047904351607;27.6047904351607;27.6047904351607;27.6047904351607;1.063342;12;-11301.1661341853 * x_10 * PPMd;2;0.957518748620906;
10;6931.92580049261 * CompressionMethod + 13877.0874384236 * x_8 + 13507.6754926108 * x_10 + -2529.01323891627 * BlockSize_32 + -1438.16964285714 * BlockSize_512 + -2027.69242610837 * BlockSize_4096 + -2532.91256157636 * BlockSize_32 * Deflate + -2703.35283251232 * BlockSize_1 + -894.969211822664 * Files_60 + -11530.4772167488 * x_10 * PPMd + -1354.23337438423 * tmOff;24.0188018229397;24.0188018229397;24.0188018229397;24.0188018229397;1.43177;13;-1354.23337438423 * tmOff;1;3.58598861222107;
11;6911.29648241206 * CompressionMethod + 13852.5552763819 * x_8 + 13477.567839196 * x_10 + -2483.85175879397 * BlockSize_32 + -775.243718592963 * BlockSize_512 + -2066.16331658291 * BlockSize_4096 + -2557.44472361808 * BlockSize_32 * Deflate + -2700.00753768842 * BlockSize_1 + -852.595477386926 * Files_60 + -11734.5402010051 * x_10 * PPMd + -1295.13316582915 * tmOff + -1810.91959798997 * BlockSize_512 * filterOff;20.7599344128676;20.7599344128676;20.7599344128676;20.7599344128676;1.871612;15;-1810.91959798997 * BlockSize_512 * filterOff;2;1.62943370503601;
12;6928.61921708185 * CompressionMethod + 13539.3024911032 * x_8 + 13471.7935943061 * x_10 + -2187.92170818505 * BlockSize_32 + -765.138790035591 * BlockSize_512 + -2041.62277580072 * BlockSize_4096 + -2870.69750889678 * BlockSize_32 * Deflate + -2539.77224199288 * BlockSize_1 + -833.829181494654 * Files_60 + -11741.7580071174 * x_10 * PPMd + -1336.99644128115 * tmOff + -1796.48398576512 * BlockSize_512 * filterOff + 1149.07473309609 * x_8 * BlockSize_16;19.7135864079506;19.7135864079506;19.7135864079506;19.7135864079506;2.419261;17;1149.07473309609 * x_8 * BlockSize_16;2;0.52317400245852;
13;6901.84261868631 * CompressionMethod + 13596.1814437459 * x_8 + 13496.6941252981 * x_10 + -2218.02406243227 * BlockSize_32 + -712.864730110548 * BlockSize_512 + -1955.75005419466 * BlockSize_4096 + -2813.81855625404 * BlockSize_32 * Deflate + -2511.88705831346 * BlockSize_1 + -770.980923477131 * Files_60 + -11758.5573379579 * x_10 * PPMd + -1396.09256449165 * tmOff + -1762.88532408411 * BlockSize_512 * filterOff + 1178.0685020594 * x_8 * BlockSize_16 + 479.249945805345 * BlockSize_64;19.5938165079921;19.5938165079921;19.5938165079921;19.5938165079921;3.062829;18;479.249945805345 * BlockSize_64;1;0.119769899958463;
Elapsed=00:00:03.0631919
Learning progress:
1;6886.08695652174 * CompressionMethod + 16881.4130434783 * x_10;83.6915996072685;83.6915996072685;83.6915996072685;83.6915996072685;0.005673;2;16881.4130434783 * x_10;1;103.416788236654;
2;5045.49999999999 * CompressionMethod + 18722 * x_10 + 14111.1666666667 * x_8;43.7190444485273;43.7190444485273;43.7190444485273;43.7190444485273;0.025915;3;14111.1666666667 * x_8;1;39.9725551587412;
3;3302.50000000001 * CompressionMethod + 20465 * x_10 + 15854.1666666667 * x_8 + 8715.00000000001 * x_6;28.3567413215888;28.3567413215888;28.3567413215888;28.3567413215888;0.063975;4;8715.00000000001 * x_6;1;15.3623031269386;
4;3302.5 * CompressionMethod + 20465 * x_10 + 16280.5 * x_8 + 9354.5 * x_6 + -1279 * Files_20;23.2996943222797;23.2996943222797;23.2996943222797;23.2996943222797;0.125026;5;-1279 * Files_20;1;5.05704699930907;
5;3302.5 * CompressionMethod + 20465 * x_10 + 16280.5 * x_8 + 4677.25 * x_6 + -1279.00000000001 * Files_20 + 4677.25 * x_6 * HeaderCompressionOff;15.8613196403459;15.8613196403459;15.8613196403459;15.8613196403459;0.217767;7;4677.25 * x_6 * HeaderCompressionOff;2;3.7191873409669;
6;3530.83333333334 * CompressionMethod + 20236.6666666667 * x_10 + 16052.1666666667 * x_8 + 4563.08333333334 * x_6 + -1279.00000000001 * Files_20 + 4563.08333333334 * x_6 * HeaderCompressionOff + -913.33333333334 * x_4;13.4874844995803;13.4874844995803;13.4874844995803;13.4874844995803;0.350404;8;-913.33333333334 * x_4;1;2.37383514076559;
7;3530.83333333333 * CompressionMethod + 20236.6666666667 * x_10 + 16052.1666666667 * x_8 + 4563.08333333334 * x_6 + -1278.99999999997 * Files_20 + 4563.08333333334 * x_6 * HeaderCompressionOff + -664.166666666656 * x_4 + -996.666666666661 * Files_10;13.4155148026108;13.4155148026108;13.4155148026108;13.4155148026108;0.522053;9;-996.666666666661 * Files_10;1;0.071969696969532;
Elapsed=00:00:00.5222943
Learning progress:
1;12775.3846153846 * CompressionMethod + -9393.38461538462 * x_2;80.5361333140554;80.5361333140554;80.5361333140554;80.5361333140554;0.005946;2;-9393.38461538462 * x_2;1;167.328325556214;
2;14645.4545454545 * CompressionMethod + -11263.4545454546 * x_2 + -12155.4545454546 * x_4;51.3302862485845;51.3302862485845;51.3302862485845;51.3302862485845;0.027603;3;-12155.4545454546 * x_4;1;29.2058470654708;
3;16289.3233082707 * CompressionMethod + -10496.3157894737 * x_2 + -12292.4436090226 * x_4 + -3013.75939849624 * tmOff;37.2581986989226;37.2581986989226;37.2581986989226;37.2581986989226;0.068075;4;-3013.75939849624 * tmOff;1;14.0720875496619;
4;10875.3975903614 * CompressionMethod + -6368.86746987952 * x_2 + -7682.56626506025 * x_4 + -1405.6626506024 * tmOff + 14258.4578313253 * x_10;29.6919161228151;29.6919161228151;29.6919161228151;29.6919161228151;0.138812;5;14258.4578313253 * x_10;1;7.5662825761075;
5;10539.7885196375 * CompressionMethod + -6207.64350453171 * x_2 + -6943.89728096676 * x_4 + -2211.78247734139 * tmOff + 14939.5468277946 * x_10 + 4096.40483383687 * Files_20;23.6668948377808;23.6668948377808;23.6668948377808;23.6668948377808;0.238365;6;4096.40483383687 * Files_20;1;6.02502128503428;
6;10445.5895578316 * CompressionMethod + -5702.76417686733 * x_2 + -6821.23532350736 * x_4 + -2268.70846864851 * tmOff + 15058.1426430177 * x_10 + 2270.70696977269 * Files_20 + 7402.41194104423 * Files_20 * LZMA;19.852622333232;19.852622333232;19.852622333232;19.852622333232;0.376373;8;7402.41194104423 * Files_20 * LZMA;2;1.90713625227442;
7;10277.0123839009 * CompressionMethod + -5770.19504643963 * x_2 + -6817.48916408669 * x_4 + -1939.04643962848 * tmOff + 15621.0030959753 * x_10 + 2132.09907120742 * Files_20 + 11128.9040247678 * Files_20 * LZMA + -3748.96904024767 * BlockSize_8;17.7963592904964;17.7963592904964;17.7963592904964;17.7963592904964;0.562079;9;-3748.96904024767 * BlockSize_8;1;2.05626304273556;
8;11031.864608076 * CompressionMethod + -5468.2541567696 * x_2 + -6834.26365795725 * x_4 + -3415.20190023753 * tmOff + 13100.635391924 * x_10 + 2752.75534441806 * Files_20 + 14760.5819477435 * Files_20 * LZMA + -7279.99999999997 * BlockSize_8 + 6772.70190023752 * x_10 * tmOff;15.7246653133639;15.7246653133639;15.7246653133639;15.7246653133639;0.807359;11;6772.70190023752 * x_10 * tmOff;2;1.03584698856624;
9;11012.1827613727 * CompressionMethod + -5268.97545889864 * x_2 + -6845.33469672784 * x_4 + -3698.94852354351 * tmOff + 12947.6910415004 * x_10 + 2989.75758180366 * Files_20 + 14827.0081803671 * Files_20 * LZMA + -7970.50478850757 * BlockSize_8 + 7229.07472067041 * x_10 * tmOff + 690.504788507568 * LZMA;13.5368882631285;13.5368882631285;13.5368882631285;13.5368882631285;1.111665;12;690.504788507568 * LZMA;1;2.18777705023548;
10;11190.5313319037 * CompressionMethod + -5030.81486776269 * x_2 + -7766.98355968549 * x_4 + -4307.21864824079 * tmOff + 12630.3248351998 * x_10 + 3340.29227225796 * Files_20 + 14906.3950440791 * Files_20 * LZMA + -8526.57533158606 * BlockSize_8 + 7976.3624811373 * x_10 * tmOff + 1246.57533158606 * LZMA + 3633.67087602252 * BlockSize_4;12.5186337006687;12.5186337006687;12.5186337006687;12.5186337006687;1.528089;13;3633.67087602252 * BlockSize_4;1;1.01825456245974;
11;11190.5313319037 * CompressionMethod + -5030.81486776268 * x_2 + -7766.98355968549 * x_4 + -4307.21864824081 * tmOff + 12630.3248351998 * x_10 + 3340.29227225797 * Files_20 + 14906.3950440791 * Files_20 * LZMA + -4263.28766579304 * BlockSize_8 + 7976.36248113732 * x_10 * tmOff + 1246.57533158605 * LZMA + 3633.67087602258 * BlockSize_4 + -4263.28766579304 * BlockSize_8 * LZMA;11.1694543689829;11.1694543689829;11.1694543689829;11.1694543689829;2.005878;15;-4263.28766579304 * BlockSize_8 * LZMA;2;0.674589665842896;
12;11190.5313319037 * CompressionMethod + -5030.81486776269 * x_2 + -7766.9835596855 * x_4 + -4307.21864824083 * tmOff + 12630.3248351998 * x_10 + 3340.29227225797 * Files_20 + 14906.3950440791 * Files_20 * LZMA + -2842.19177719536 * BlockSize_8 + 7976.36248113735 * x_10 * tmOff + 1246.57533158607 * LZMA + 3633.6708760226 * BlockSize_4 + -2842.19177719536 * BlockSize_8 * LZMA + -2842.19177719536 * BlockSize_8 * filterOff;10.5898933524091;10.5898933524091;10.5898933524091;10.5898933524091;2.532466;17;-2842.19177719536 * BlockSize_8 * filterOff;2;0.289780508286901;
13;11186.7269667648 * CompressionMethod + -5000.58897770299 * x_2 + -7764.97686159023 * x_4 + -4290.67732435843 * tmOff + 12636.9162810265 * x_10 + 3317.48001682793 * Files_20 + 14741.0096760623 * Files_20 * LZMA + -2779.98878137709 * BlockSize_8 + 7957.03407656709 * x_10 * tmOff + 1235.42700883465 * LZMA + 3618.92721918382 * BlockSize_4 + -2779.98878137708 * BlockSize_8 * LZMA + -2779.98878137708 * BlockSize_8 * filterOff + -175.460664703412 * tmOff * Files_80;10.4432463299413;10.4432463299413;10.4432463299413;10.4432463299413;3.16067;19;-175.460664703412 * tmOff * Files_80;2;0.0733235112339292;
Elapsed=00:00:03.1610322
Learning progress:
1;11356.8965517241 * CompressionMethod + -8846.89655172414 * BlockSize_1024;114.711352653924;114.711352653924;114.711352653924;114.711352653924;0.007631;2;-8846.89655172414 * BlockSize_1024;1;205.02520598467;
2;7521.90635451505 * CompressionMethod + -8719.06354515051 * BlockSize_1024 + 5560.73578595318 * filterOff;86.2899823370832;86.2899823370832;86.2899823370832;86.2899823370832;0.026725;3;5560.73578595318 * filterOff;1;28.4213703168413;
3;5792.73409893992 * CompressionMethod + -9013.14045936395 * BlockSize_1024 + 5078.44964664312 * filterOff + 3517.15989399293 * HeaderCompressionOff;52.0292062157222;52.0292062157222;52.0292062157222;52.0292062157222;0.067365;4;3517.15989399293 * HeaderCompressionOff;1;34.260776121361;
4;3494.97700562084 * CompressionMethod + -8481.73735309147 * BlockSize_1024 + 6627.75166070517 * filterOff + 4617.38886050077 * HeaderCompressionOff + 16945.0229943792 * Files_50;38.9670789884693;38.9670789884693;38.9670789884693;38.9670789884693;0.131535;5;16945.0229943792 * Files_50;1;13.0621272272529;
5;2548.794489093 * CompressionMethod + -7526.67049368542 * BlockSize_1024 + 6840.97588978187 * filterOff + 4390.83811710678 * HeaderCompressionOff + 17891.205510907 * Files_50 + 8693.32950631459 * x_8;29.2320887973568;29.2320887973568;29.2320887973568;29.2320887973568;0.223493;6;8693.32950631459 * x_8;1;9.73499019111252;
6;2108.88535031848 * CompressionMethod + -7420.54140127388 * BlockSize_1024 + 7297.89808917197 * filterOff + 4434.58598726115 * HeaderCompressionOff + 18331.1146496815 * Files_50 + 8093.82165605094 * x_8 + 2116.91082802548 * BlockSize_1;27.7169238245554;27.7169238245554;27.7169238245554;27.7169238245554;0.348695;7;2116.91082802548 * BlockSize_1;1;1.51516497280141;
7;1667.39675016925 * CompressionMethod + -8159.90182802979 * BlockSize_1024 + 8111.72647257957 * filterOff + 5392.03114421124 * HeaderCompressionOff + 18772.6032498308 * Files_50 + 7221.4827352742 * x_8 + 2515.84631008803 * BlockSize_1 + -9186.15436696007 * BlockSize_64;25.9792133921251;25.9792133921251;25.9792133921251;25.9792133921251;0.515003;8;-9186.15436696007 * BlockSize_64;1;1.73771043243029;
8;1941.05442176872 * CompressionMethod + -8334.04761904762 * BlockSize_1024 + 8397.82312925169 * filterOff + 4956.66666666666 * HeaderCompressionOff + 18498.9455782313 * Files_50 + 7034.89795918368 * x_8 + 7802.41496598639 * BlockSize_1 + -6685.91836734694 * BlockSize_64 + -5249.25170068028 * Files_30;23.6527936564602;23.6527936564602;23.6527936564602;23.6527936564602;0.729269;9;-5249.25170068028 * Files_30;1;2.32641973566489;
9;1685.60769656698 * CompressionMethod + -8930.0899778516 * BlockSize_1024 + 9079.01439645627 * filterOff + 5552.70902547066 * HeaderCompressionOff + 18754.392303433 * Files_50 + 9674.51411960133 * x_8 + 9505.39313399782 * BlockSize_1 + -2002.7284053156 * BlockSize_64 + -8314.6124031008 * Files_30 + -8344.59302325582 * HeaderCompressionOff * Files_90;18.3873983304196;18.3873983304196;18.3873983304196;18.3873983304196;0.988606;11;-8344.59302325582 * HeaderCompressionOff * Files_90;2;2.63269766302029;
10;1739.64875681201 * CompressionMethod + -8978.05900885558 * BlockSize_1024 + 9152.48595027248 * filterOff + 5470.12942779292 * HeaderCompressionOff + 18700.351243188 * Files_50 + 12814.9676430518 * x_8 + 10668.1867336512 * BlockSize_1 + -1070.06471389646 * BlockSize_64 + -8867.1670640327 * Files_30 + -9747.23177792915 * HeaderCompressionOff * Files_90 + -4386.43392370575 * x_8 * mtOff;16.7071479146095;16.7071479146095;16.7071479146095;16.7071479146095;1.324106;13;-4386.43392370575 * x_8 * mtOff;2;0.840125207905063;
11;1739.64875681199 * CompressionMethod + -8978.0590088556 * BlockSize_1024 + 9152.48595027248 * filterOff + 5470.12942779292 * HeaderCompressionOff + 18700.351243188 * Files_50 + 12814.9676430518 * x_8 + 10668.1867336512 * BlockSize_1 + -535.032356948235 * BlockSize_64 + -8867.16706403269 * Files_30 + -9747.23177792919 * HeaderCompressionOff * Files_90 + -4386.43392370577 * x_8 * mtOff + -535.03235694823 * BlockSize_64 * filterOff;16.7071479146092;16.7071479146092;16.7071479146092;16.7071479146092;1.732832;15;-535.03235694823 * BlockSize_64 * filterOff;2;1.70530256582424E-13;
Elapsed=00:00:01.7331238
Learning progress:
1;12704.6153846154 * CompressionMethod + -8132.61538461538 * x_0;155.05748921056;155.05748921056;155.05748921056;155.05748921056;0.006447;2;-8132.61538461538 * x_0;1;95.8113075632079;
2;14498.6363636364 * CompressionMethod + -9926.63636363638 * x_0 + -11661.1363636364 * x_4;97.6994024186794;97.6994024186794;97.6994024186794;97.6994024186794;0.029215;3;-11661.1363636364 * x_4;1;57.3580867918809;
3;19628 * CompressionMethod + -15056 * x_0 + -16790.5 * x_4 + -16120.8571428571 * x_2;53.0203807411209;53.0203807411209;53.0203807411209;53.0203807411209;0.068274;4;-16120.8571428571 * x_2;1;44.6790216775585;
4;19101.0220955096 * CompressionMethod + -16109.9558089808 * x_0 + -18239.6892373486 * x_4 + -16723.1176051319 * x_2 + 7904.66856735566 * BlockSize_4096;35.1570378148874;35.1570378148874;35.1570378148874;35.1570378148874;0.13123;5;7904.66856735566 * BlockSize_4096;1;17.8633429262335;
5;19040.1142857143 * CompressionMethod + -16231.7714285714 * x_0 + -17150.5142857143 * x_4 + -16074.6285714286 * x_2 + 8818.28571428573 * BlockSize_4096 + -5026.68571428572 * Files_80;30.268367023845;30.268367023845;30.268367023845;30.268367023845;0.220341;6;-5026.68571428572 * Files_80;1;4.88867079104241;
6;19043.9165154265 * CompressionMethod + -16046.7295825772 * x_0 + -17145.444646098 * x_4 + -16073.3611615245 * x_2 + 8761.25226860255 * BlockSize_4096 + -5005.13974591652 * Files_80 + -887.186932849352 * Files_40;28.3564983401042;28.3564983401042;28.3564983401042;28.3564983401042;0.3479;7;-887.186932849352 * Files_40;1;1.91186868374077;
7;19043.9165154265 * CompressionMethod + -16046.7295825771 * x_0 + -17145.444646098 * x_4 + -16073.3611615245 * x_2 + 8761.25226860255 * BlockSize_4096 + -5005.13974591652 * Files_80 + -443.593466424668 * Files_40 + -443.593466424668 * x_0 * Deflate;26.7883653281391;26.7883653281391;26.7883653281391;26.7883653281391;0.512848;9;-443.593466424668 * x_0 * Deflate;2;0.784066505982542;
8;19043.9165154265 * CompressionMethod + -16046.7295825771 * x_0 + -17145.444646098 * x_4 + -16073.3611615245 * x_2 + 8761.25226860256 * BlockSize_4096 + -2502.56987295827 * Files_80 + -443.59346642468 * Files_40 + -443.593466424677 * x_0 * Deflate + -2502.56987295827 * Files_80 * Deflate;25.2405116214605;25.2405116214605;25.2405116214605;25.2405116214605;0.732669;11;-2502.56987295827 * Files_80 * Deflate;2;0.773926853339324;
9;18941.8657491561 * CompressionMethod + -15952.8356271098 * x_0 + -17048.4692287717 * x_4 + -15974.2105946507 * x_2 + 8793.87951181512 * BlockSize_4096 + -2508.73279667622 * Files_80 + -439.515061023088 * Files_40 + -439.515061023088 * x_0 * Deflate + -2508.73279667622 * Files_80 * Deflate + 1498.13425084387 * Files_50;25.0666359184397;25.0666359184397;25.0666359184397;25.0666359184397;1.010573;12;1498.13425084387 * Files_50;1;0.173875703020755;
Elapsed=00:00:01.0108568
Learning progress:
1;6555.38461538461 * CompressionMethod + 12394.6153846154 * x_8;90.3753896573691;90.3753896573691;90.3753896573691;90.3753896573691;0.008507;2;12394.6153846154 * x_8;1;49.5388883756638;
2;5179.52380952381 * CompressionMethod + 13770.4761904762 * x_8 + 7154.47619047619 * x_10;63.6535757850141;63.6535757850141;63.6535757850141;63.6535757850141;0.028313;3;7154.47619047619 * x_10;1;26.721813872355;
3;5287.66304347825 * CompressionMethod + 14116.5217391304 * x_8 + 7046.33695652174 * x_10 + -2270.92391304349 * BlockSize_32;50.3947916532111;50.3947916532111;50.3947916532111;50.3947916532111;0.067342;4;-2270.92391304349 * BlockSize_32;1;13.258784131803;
4;5556.58597662771 * CompressionMethod + 13877.4791318865 * x_8 + 7327.21202003338 * x_10 + -2420.32554257095 * BlockSize_32 + -2748.98998330551 * BlockSize_512;44.2531538865537;44.2531538865537;44.2531538865537;44.2531538865537;0.127865;5;-2748.98998330551 * BlockSize_512;1;6.14163776665746;
5;5792.43470149253 * CompressionMethod + 13667.8358208955 * x_8 + 7125.05597014926 * x_10 + -2551.3526119403 * BlockSize_32 + -2917.45335820895 * BlockSize_512 + -2242.43470149253 * BlockSize_4096;37.1580160276262;37.1580160276262;37.1580160276262;37.1580160276262;0.220385;6;-2242.43470149253 * BlockSize_4096;1;7.09513785892748;
6;5875.17241379311 * CompressionMethod + 13242.3275862069 * x_8 + 7054.13793103448 * x_10 + -837.500000000015 * BlockSize_32 + -2976.55172413793 * BlockSize_512 + -2325.1724137931 * BlockSize_4096 + -3167.67241379308 * BlockSize_32 * Deflate;32.9893712687873;32.9893712687873;32.9893712687873;32.9893712687873;0.351504;8;-3167.67241379308 * BlockSize_32 * Deflate;2;2.08432237941946;
7;6018.48214285714 * CompressionMethod + 13692.7295918367 * x_8 + 6931.30102040816 * x_10 + -1431.21173469387 * BlockSize_32 + -3078.91581632653 * BlockSize_512 + -2468.48214285715 * BlockSize_4096 + -2717.27040816327 * BlockSize_32 * Deflate + -2374.8469387755 * BlockSize_1;31.172895075669;31.172895075669;31.172895075669;31.172895075669;0.532925;9;-2374.8469387755 * BlockSize_1;1;1.81647619311821;
8;6138.52355072464 * CompressionMethod + 13589.8369565217 * x_8 + 7188.53260869565 * x_10 + -1448.36050724637 * BlockSize_32 + -3284.70108695652 * BlockSize_512 + -2588.52355072463 * BlockSize_4096 + -2820.16304347826 * BlockSize_32 * Deflate + -2443.44202898551 * BlockSize_1 + -840.289855072453 * Files_60;29.5198279324025;29.5198279324025;29.5198279324025;29.5198279324025;0.7649;10;-840.289855072453 * Files_60;1;1.65306714326652;
9;5995.21166134186 * CompressionMethod + 13712.6757188498 * x_8 + 13944.6645367412 * x_10 + -1427.8873801917 * BlockSize_32 + -1626.37779552716 * BlockSize_512 + -2445.21166134186 * BlockSize_4096 + -2697.32428115014 * BlockSize_32 * Deflate + -2361.54952076678 * BlockSize_1 + -1249.75239616614 * Files_60 + -11301.1661341853 * x_10 * PPMd;27.6047904351607;27.6047904351607;27.6047904351607;27.6047904351607;1.052993;12;-11301.1661341853 * x_10 * PPMd;2;0.957518748620906;
10;6931.92580049261 * CompressionMethod + 13877.0874384236 * x_8 + 13507.6754926108 * x_10 + -2529.01323891627 * BlockSize_32 + -1438.16964285714 * BlockSize_512 + -2027.69242610837 * BlockSize_4096 + -2532.91256157636 * BlockSize_32 * Deflate + -2703.35283251232 * BlockSize_1 + -894.969211822664 * Files_60 + -11530.4772167488 * x_10 * PPMd + -1354.23337438423 * tmOff;24.0188018229397;24.0188018229397;24.0188018229397;24.0188018229397;1.418907;13;-1354.23337438423 * tmOff;1;3.58598861222107;
11;6911.29648241206 * CompressionMethod + 13852.5552763819 * x_8 + 13477.567839196 * x_10 + -2483.85175879397 * BlockSize_32 + -775.243718592963 * BlockSize_512 + -2066.16331658291 * BlockSize_4096 + -2557.44472361808 * BlockSize_32 * Deflate + -2700.00753768842 * BlockSize_1 + -852.595477386926 * Files_60 + -11734.5402010051 * x_10 * PPMd + -1295.13316582915 * tmOff + -1810.91959798997 * BlockSize_512 * filterOff;20.7599344128676;20.7599344128676;20.7599344128676;20.7599344128676;1.864388;15;-1810.91959798997 * BlockSize_512 * filterOff;2;1.62943370503601;
12;6928.61921708185 * CompressionMethod + 13539.3024911032 * x_8 + 13471.7935943061 * x_10 + -2187.92170818505 * BlockSize_32 + -765.138790035591 * BlockSize_512 + -2041.62277580072 * BlockSize_4096 + -2870.69750889678 * BlockSize_32 * Deflate + -2539.77224199288 * BlockSize_1 + -833.829181494654 * Files_60 + -11741.7580071174 * x_10 * PPMd + -1336.99644128115 * tmOff + -1796.48398576512 * BlockSize_512 * filterOff + 1149.07473309609 * x_8 * BlockSize_16;19.7135864079506;19.7135864079506;19.7135864079506;19.7135864079506;2.40643;17;1149.07473309609 * x_8 * BlockSize_16;2;0.52317400245852;
13;6901.84261868631 * CompressionMethod + 13596.1814437459 * x_8 + 13496.6941252981 * x_10 + -2218.02406243227 * BlockSize_32 + -712.864730110548 * BlockSize_512 + -1955.75005419466 * BlockSize_4096 + -2813.81855625404 * BlockSize_32 * Deflate + -2511.88705831346 * BlockSize_1 + -770.980923477131 * Files_60 + -11758.5573379579 * x_10 * PPMd + -1396.09256449165 * tmOff + -1762.88532408411 * BlockSize_512 * filterOff + 1178.0685020594 * x_8 * BlockSize_16 + 479.249945805345 * BlockSize_64;19.5938165079921;19.5938165079921;19.5938165079921;19.5938165079921;3.048266;18;479.249945805345 * BlockSize_64;1;0.119769899958463;
Elapsed=00:00:03.0486282
Learning progress:
1;6886.08695652174 * CompressionMethod + 16881.4130434783 * x_10;83.6915996072685;83.6915996072685;83.6915996072685;83.6915996072685;0.005771;2;16881.4130434783 * x_10;1;103.416788236654;
2;5045.49999999999 * CompressionMethod + 18722 * x_10 + 14111.1666666667 * x_8;43.7190444485273;43.7190444485273;43.7190444485273;43.7190444485273;0.025915;3;14111.1666666667 * x_8;1;39.9725551587412;
3;3302.50000000001 * CompressionMethod + 20465 * x_10 + 15854.1666666667 * x_8 + 8715.00000000001 * x_6;28.3567413215888;28.3567413215888;28.3567413215888;28.3567413215888;0.065137;4;8715.00000000001 * x_6;1;15.3623031269386;
4;3302.5 * CompressionMethod + 20465 * x_10 + 16280.5 * x_8 + 9354.5 * x_6 + -1279 * Files_20;23.2996943222797;23.2996943222797;23.2996943222797;23.2996943222797;0.12591;5;-1279 * Files_20;1;5.05704699930907;
5;3302.5 * CompressionMethod + 20465 * x_10 + 16280.5 * x_8 + 4677.25 * x_6 + -1279.00000000001 * Files_20 + 4677.25 * x_6 * HeaderCompressionOff;15.8613196403459;15.8613196403459;15.8613196403459;15.8613196403459;0.218962;7;4677.25 * x_6 * HeaderCompressionOff;2;3.7191873409669;
6;3530.83333333334 * CompressionMethod + 20236.6666666667 * x_10 + 16052.1666666667 * x_8 + 4563.08333333334 * x_6 + -1279.00000000001 * Files_20 + 4563.08333333334 * x_6 * HeaderCompressionOff + -913.33333333334 * x_4;13.4874844995803;13.4874844995803;13.4874844995803;13.4874844995803;0.34785;8;-913.33333333334 * x_4;1;2.37383514076559;
7;3530.83333333333 * CompressionMethod + 20236.6666666667 * x_10 + 16052.1666666667 * x_8 + 4563.08333333334 * x_6 + -1278.99999999997 * Files_20 + 4563.08333333334 * x_6 * HeaderCompressionOff + -664.166666666656 * x_4 + -996.666666666661 * Files_10;13.4155148026108;13.4155148026108;13.4155148026108;13.4155148026108;0.519107;9;-996.666666666661 * Files_10;1;0.071969696969532;
Elapsed=00:00:00.5193483
Learning progress:
1;12775.3846153846 * CompressionMethod + -9393.38461538462 * x_2;80.5361333140554;80.5361333140554;80.5361333140554;80.5361333140554;0.006391;2;-9393.38461538462 * x_2;1;167.328325556214;
2;14645.4545454545 * CompressionMethod + -11263.4545454546 * x_2 + -12155.4545454546 * x_4;51.3302862485845;51.3302862485845;51.3302862485845;51.3302862485845;0.028064;3;-12155.4545454546 * x_4;1;29.2058470654708;
3;16289.3233082707 * CompressionMethod + -10496.3157894737 * x_2 + -12292.4436090226 * x_4 + -3013.75939849624 * tmOff;37.2581986989226;37.2581986989226;37.2581986989226;37.2581986989226;0.068659;4;-3013.75939849624 * tmOff;1;14.0720875496619;
4;10875.3975903614 * CompressionMethod + -6368.86746987952 * x_2 + -7682.56626506025 * x_4 + -1405.6626506024 * tmOff + 14258.4578313253 * x_10;29.6919161228151;29.6919161228151;29.6919161228151;29.6919161228151;0.137515;5;14258.4578313253 * x_10;1;7.5662825761075;
5;10539.7885196375 * CompressionMethod + -6207.64350453171 * x_2 + -6943.89728096676 * x_4 + -2211.78247734139 * tmOff + 14939.5468277946 * x_10 + 4096.40483383687 * Files_20;23.6668948377808;23.6668948377808;23.6668948377808;23.6668948377808;0.237325;6;4096.40483383687 * Files_20;1;6.02502128503428;
6;10445.5895578316 * CompressionMethod + -5702.76417686733 * x_2 + -6821.23532350736 * x_4 + -2268.70846864851 * tmOff + 15058.1426430177 * x_10 + 2270.70696977269 * Files_20 + 7402.41194104423 * Files_20 * LZMA;19.852622333232;19.852622333232;19.852622333232;19.852622333232;0.371561;8;7402.41194104423 * Files_20 * LZMA;2;1.90713625227442;
7;10277.0123839009 * CompressionMethod + -5770.19504643963 * x_2 + -6817.48916408669 * x_4 + -1939.04643962848 * tmOff + 15621.0030959753 * x_10 + 2132.09907120742 * Files_20 + 11128.9040247678 * Files_20 * LZMA + -3748.96904024767 * BlockSize_8;17.7963592904964;17.7963592904964;17.7963592904964;17.7963592904964;0.556724;9;-3748.96904024767 * BlockSize_8;1;2.05626304273556;
8;11031.864608076 * CompressionMethod + -5468.2541567696 * x_2 + -6834.26365795725 * x_4 + -3415.20190023753 * tmOff + 13100.635391924 * x_10 + 2752.75534441806 * Files_20 + 14760.5819477435 * Files_20 * LZMA + -7279.99999999997 * BlockSize_8 + 6772.70190023752 * x_10 * tmOff;15.7246653133639;15.7246653133639;15.7246653133639;15.7246653133639;0.797949;11;6772.70190023752 * x_10 * tmOff;2;1.03584698856624;
9;11012.1827613727 * CompressionMethod + -5268.97545889864 * x_2 + -6845.33469672784 * x_4 + -3698.94852354351 * tmOff + 12947.6910415004 * x_10 + 2989.75758180366 * Files_20 + 14827.0081803671 * Files_20 * LZMA + -7970.50478850757 * BlockSize_8 + 7229.07472067041 * x_10 * tmOff + 690.504788507568 * LZMA;13.5368882631285;13.5368882631285;13.5368882631285;13.5368882631285;1.105685;12;690.504788507568 * LZMA;1;2.18777705023548;
10;11190.5313319037 * CompressionMethod + -5030.81486776269 * x_2 + -7766.98355968549 * x_4 + -4307.21864824079 * tmOff + 12630.3248351998 * x_10 + 3340.29227225796 * Files_20 + 14906.3950440791 * Files_20 * LZMA + -8526.57533158606 * BlockSize_8 + 7976.3624811373 * x_10 * tmOff + 1246.57533158606 * LZMA + 3633.67087602252 * BlockSize_4;12.5186337006687;12.5186337006687;12.5186337006687;12.5186337006687;1.47787;13;3633.67087602252 * BlockSize_4;1;1.01825456245974;
11;11190.5313319037 * CompressionMethod + -5030.81486776268 * x_2 + -7766.98355968549 * x_4 + -4307.21864824081 * tmOff + 12630.3248351998 * x_10 + 3340.29227225797 * Files_20 + 14906.3950440791 * Files_20 * LZMA + -4263.28766579304 * BlockSize_8 + 7976.36248113732 * x_10 * tmOff + 1246.57533158605 * LZMA + 3633.67087602258 * BlockSize_4 + -4263.28766579304 * BlockSize_8 * LZMA;11.1694543689829;11.1694543689829;11.1694543689829;11.1694543689829;1.9272;15;-4263.28766579304 * BlockSize_8 * LZMA;2;0.674589665842896;
12;11190.5313319037 * CompressionMethod + -5030.81486776269 * x_2 + -7766.9835596855 * x_4 + -4307.21864824083 * tmOff + 12630.3248351998 * x_10 + 3340.29227225797 * Files_20 + 14906.3950440791 * Files_20 * LZMA + -2842.19177719536 * BlockSize_8 + 7976.36248113735 * x_10 * tmOff + 1246.57533158607 * LZMA + 3633.6708760226 * BlockSize_4 + -2842.19177719536 * BlockSize_8 * LZMA + -2842.19177719536 * BlockSize_8 * filterOff;10.5898933524091;10.5898933524091;10.5898933524091;10.5898933524091;2.458057;17;-2842.19177719536 * BlockSize_8 * filterOff;2;0.289780508286901;
Elapsed=00:00:02.4584135
Learning progress:
1;11356.8965517241 * CompressionMethod + -8846.89655172414 * BlockSize_1024;114.711352653924;114.711352653924;114.711352653924;114.711352653924;0.005636;2;-8846.89655172414 * BlockSize_1024;1;205.02520598467;
2;7521.90635451505 * CompressionMethod + -8719.06354515051 * BlockSize_1024 + 5560.73578595318 * filterOff;86.2899823370832;86.2899823370832;86.2899823370832;86.2899823370832;0.026086;3;5560.73578595318 * filterOff;1;28.4213703168413;
3;5792.73409893992 * CompressionMethod + -9013.14045936395 * BlockSize_1024 + 5078.44964664312 * filterOff + 3517.15989399293 * HeaderCompressionOff;52.0292062157222;52.0292062157222;52.0292062157222;52.0292062157222;0.065197;4;3517.15989399293 * HeaderCompressionOff;1;34.260776121361;
4;3494.97700562084 * CompressionMethod + -8481.73735309147 * BlockSize_1024 + 6627.75166070517 * filterOff + 4617.38886050077 * HeaderCompressionOff + 16945.0229943792 * Files_50;38.9670789884693;38.9670789884693;38.9670789884693;38.9670789884693;0.131656;5;16945.0229943792 * Files_50;1;13.0621272272529;
5;2548.794489093 * CompressionMethod + -7526.67049368542 * BlockSize_1024 + 6840.97588978187 * filterOff + 4390.83811710678 * HeaderCompressionOff + 17891.205510907 * Files_50 + 8693.32950631459 * x_8;29.2320887973568;29.2320887973568;29.2320887973568;29.2320887973568;0.22399;6;8693.32950631459 * x_8;1;9.73499019111252;
6;2108.88535031848 * CompressionMethod + -7420.54140127388 * BlockSize_1024 + 7297.89808917197 * filterOff + 4434.58598726115 * HeaderCompressionOff + 18331.1146496815 * Files_50 + 8093.82165605094 * x_8 + 2116.91082802548 * BlockSize_1;27.7169238245554;27.7169238245554;27.7169238245554;27.7169238245554;0.352192;7;2116.91082802548 * BlockSize_1;1;1.51516497280141;
7;1667.39675016925 * CompressionMethod + -8159.90182802979 * BlockSize_1024 + 8111.72647257957 * filterOff + 5392.03114421124 * HeaderCompressionOff + 18772.6032498308 * Files_50 + 7221.4827352742 * x_8 + 2515.84631008803 * BlockSize_1 + -9186.15436696007 * BlockSize_64;25.9792133921251;25.9792133921251;25.9792133921251;25.9792133921251;0.521385;8;-9186.15436696007 * BlockSize_64;1;1.73771043243029;
8;1941.05442176872 * CompressionMethod + -8334.04761904762 * BlockSize_1024 + 8397.82312925169 * filterOff + 4956.66666666666 * HeaderCompressionOff + 18498.9455782313 * Files_50 + 7034.89795918368 * x_8 + 7802.41496598639 * BlockSize_1 + -6685.91836734694 * BlockSize_64 + -5249.25170068028 * Files_30;23.6527936564602;23.6527936564602;23.6527936564602;23.6527936564602;0.730712;9;-5249.25170068028 * Files_30;1;2.32641973566489;
9;1685.60769656698 * CompressionMethod + -8930.0899778516 * BlockSize_1024 + 9079.01439645627 * filterOff + 5552.70902547066 * HeaderCompressionOff + 18754.392303433 * Files_50 + 9674.51411960133 * x_8 + 9505.39313399782 * BlockSize_1 + -2002.7284053156 * BlockSize_64 + -8314.6124031008 * Files_30 + -8344.59302325582 * HeaderCompressionOff * Files_90;18.3873983304196;18.3873983304196;18.3873983304196;18.3873983304196;0.99575;11;-8344.59302325582 * HeaderCompressionOff * Files_90;2;2.63269766302029;
10;1739.64875681201 * CompressionMethod + -8978.05900885558 * BlockSize_1024 + 9152.48595027248 * filterOff + 5470.12942779292 * HeaderCompressionOff + 18700.351243188 * Files_50 + 12814.9676430518 * x_8 + 10668.1867336512 * BlockSize_1 + -1070.06471389646 * BlockSize_64 + -8867.1670640327 * Files_30 + -9747.23177792915 * HeaderCompressionOff * Files_90 + -4386.43392370575 * x_8 * mtOff;16.7071479146095;16.7071479146095;16.7071479146095;16.7071479146095;1.330927;13;-4386.43392370575 * x_8 * mtOff;2;0.840125207905063;
11;1739.64875681199 * CompressionMethod + -8978.0590088556 * BlockSize_1024 + 9152.48595027248 * filterOff + 5470.12942779292 * HeaderCompressionOff + 18700.351243188 * Files_50 + 12814.9676430518 * x_8 + 10668.1867336512 * BlockSize_1 + -535.032356948235 * BlockSize_64 + -8867.16706403269 * Files_30 + -9747.23177792919 * HeaderCompressionOff * Files_90 + -4386.43392370577 * x_8 * mtOff + -535.03235694823 * BlockSize_64 * filterOff;16.7071479146092;16.7071479146092;16.7071479146092;16.7071479146092;1.74636;15;-535.03235694823 * BlockSize_64 * filterOff;2;1.70530256582424E-13;
Elapsed=00:00:01.7466537
Error of optimal parameters: 16.9218326036267
Optimal parameters abortError:1;minImprovementPerRound:0.1;lossFunction:RELATIVE;quadraticFunctionSupport:True;learn-logFunction:True;learn-asymFunction:True;learn-ratioFunction:True;withHierarchy:False;useBackward:False;
Learning progress:
1;7195.80645161291 * CompressionMethod + 16571.6935483871 * x_10;114.373684531613;114.373684531613;114.373684531613;114.373684531613;0.016594;2;16571.6935483871 * x_10;1;55.3970988091713;
2;4935.38461538462 * CompressionMethod + 18832.1153846154 * x_10 + 14014.6153846154 * x_8;69.4080051220371;69.4080051220371;69.4080051220371;69.4080051220371;0.058589;3;14014.6153846154 * x_8;1;44.9656794095757;
3;3321.46593848809 * CompressionMethod + 19571.8281115263 * x_10 + 12831.0750215579 * x_8 + 6993.64759988501 * BZip2;51.767659553826;51.767659553826;51.767659553826;51.767659553826;0.131319;4;6993.64759988501 * BZip2;1;17.6403455682111;
4;3639.88372093024 * CompressionMethod + 28657.3488372093 * x_10 + 13064.5813953488 * x_8 + 5613.83720930234 * BZip2 + -24617.2325581396 * x_10 * PPMd;41.1341951440742;41.1341951440742;41.1341951440742;41.1341951440742;0.244662;6;-24617.2325581396 * x_10 * PPMd;2;5.31673220487592;
5;2066.44092219023 * CompressionMethod + 30193.7694524496 * x_10 + 14563.9798270893 * x_8 + 5798.94812680115 * BZip2 + -24580.2103746398 * x_10 * PPMd + 7959.76945244957 * x_6;33.5730777510093;33.5730777510093;33.5730777510093;33.5730777510093;0.412934;7;7959.76945244957 * x_6;1;7.56111739306485;
6;2777.96226415094 * CompressionMethod + 16912.0377358491 * x_10 + 15047.8143396227 * x_8 + 2810.55849056604 * BZip2 + -12010 * x_10 * PPMd + 7845.92603773585 * x_6 + 32919.720754717 * x_10 * mtOff;23.135783519354;23.135783519354;23.135783519354;23.135783519354;0.639032;9;32919.720754717 * x_10 * mtOff;2;5.21864711582764;
7;2848.84366679345 * CompressionMethod + 16841.1563332066 * x_10 + 15096.0136934196 * x_8 + 2512.85659946749 * BZip2 + -12010 * x_10 * PPMd + 9712.94218333967 * x_6 + 33068.5717002663 * x_10 * mtOff + -9391.78585013314 * x_6 * PPMd;17.8981784654495;17.8981784654495;17.8981784654495;17.8981784654495;0.932268;11;-9391.78585013314 * x_6 * PPMd;2;2.61880252695227;
8;2414.55414368759 * CompressionMethod + 16816.0826874348 * x_10 + 15103.8765091668 * x_8 + 2545.35623788941 * BZip2 + -11550.6368311224 * x_10 * PPMd + 9450.06204352364 * x_6 + 32822.6402966165 * x_10 * mtOff + -9383.66094052765 * x_6 * PPMd + 689.044753316428 * filterOff;15.7489145178261;15.7489145178261;15.7489145178261;15.7489145178261;1.303518;12;689.044753316428 * filterOff;1;2.1492639476234;
9;2173.96980048134 * CompressionMethod + 17030.4522164428 * x_10 + 14957.5809331573 * x_8 + 3453.5727039826 * BZip2 + -11524.4220169241 * x_10 * PPMd + 15097.6632249049 * x_6 + 32355.4246564708 * x_10 * mtOff + -14830 * x_6 * PPMd + 728.366974613778 * filterOff + -11346.7863519913 * x_6 * Files_90;11.2012436014857;11.2012436014857;11.2012436014857;11.2012436014857;1.794345;14;-11346.7863519913 * x_6 * Files_90;2;2.27383545817019;
10;2225.94012738853 * CompressionMethod + 17136.3079617835 * x_10 + 14917.7770700637 * x_8 + 3415.49617834397 * BZip2 + -11682.248089172 * x_10 * PPMd + 15040.5859872611 * x_6 + 32211.5299363057 * x_10 * mtOff + -14830 * x_6 * PPMd + 733.473885350317 * filterOff + -11327.748089172 * x_6 * Files_90 + -483.692038216548 * Files_80;10.0092313715241;10.0092313715241;10.0092313715241;10.0092313715241;2.402482;15;-483.692038216548 * Files_80;1;1.19201222996162;
11;2154.30495221547 * CompressionMethod + 17162.5640747176 * x_10 + 14945.0955690704 * x_8 + 3443.8770634231 * BZip2 + -11636.8690269331 * x_10 * PPMd + 15057.280625543 * x_6 + 32187.7780191138 * x_10 * mtOff + -14830 * x_6 * PPMd + 788.414422241519 * filterOff + -11341.9385317116 * x_6 * Files_90 + -457.435925282388 * Files_80 + 595.695047784583 * BlockSize_4;9.35543422482025;9.35543422482025;9.35543422482025;9.35543422482025;3.117827;16;595.695047784583 * BlockSize_4;1;0.653797146703859;
12;2154.30495221546 * CompressionMethod + 17162.5640747176 * x_10 + 14945.0955690704 * x_8 + 3443.87706342312 * BZip2 + -12081.8690269331 * x_10 * PPMd + 15057.280625543 * x_6 + 32187.7780191138 * x_10 * mtOff + -14830 * x_6 * PPMd + 788.414422241557 * filterOff + -11341.9385317116 * x_6 * Files_90 + -457.435925282358 * Files_80 + 595.695047784544 * BlockSize_4 + 1335.00000000001 * BlockSize_128;8.80541911191814;8.80541911191814;8.80541911191814;8.80541911191814;4.037556;17;1335.00000000001 * BlockSize_128;1;0.550015112902111;
13;2199.32069775243 * CompressionMethod + 17146.0646595103 * x_10 + 14927.9285474673 * x_8 + 3426.04243542435 * BZip2 + -12110.3853572627 * x_10 * PPMd + 15046.7896678967 * x_6 + 32202.7037906743 * x_10 * mtOff + -14830 * x_6 * PPMd + 753.889634350889 * filterOff + -11333.0212177122 * x_6 * Files_90 + -473.935340489763 * Files_80 + 550.679302247587 * BlockSize_4 + 1334.99999999997 * BlockSize_128 + -329.320697752427 * Files_10;8.40096356919747;8.40096356919747;8.40096356919747;8.40096356919747;5.01068;18;-329.320697752427 * Files_10;1;0.404455542720665;
14;2227.6389845518 * CompressionMethod + 17017.2119452918 * x_10 + 14871.5625307488 * x_8 + 3374.9522778707 * BZip2 + -12009.8509298436 * x_10 * PPMd + 14937.6650595297 * x_6 + 32247.9769753026 * x_10 * mtOff + -14830 * x_6 * PPMd + 834.695955918543 * filterOff + -11307.4761389354 * x_6 * Files_90 + -333.94470136768 * Files_80 + 522.361015448224 * BlockSize_4 + 1334.99999999997 * BlockSize_128 + -357.638984551767 * Files_10 + -537.686706681095 * filterOff * BlockSize_1024;7.9842520318915;7.9842520318915;7.9842520318915;7.9842520318915;6.108885;20;-537.686706681095 * filterOff * BlockSize_1024;2;0.208355768652984;
15;2069.81212435684 * CompressionMethod + 17134.8542828728 * x_10 + 14838.1549703809 * x_8 + 3810.30051455009 * BZip2 + -11969.6664072296 * x_10 * PPMd + 10216.6995286894 * x_6 + 32041.9955030916 * x_10 * mtOff + -14830 * x_6 * PPMd + 863.187832403671 * filterOff + -9100.00000000002 * x_6 * Files_90 + -270.374886496295 * Files_80 + 680.18787564316 * BlockSize_4 + 1335 * BlockSize_128 + -199.812124356838 * Files_10 + -429.541661261713 * filterOff * BlockSize_1024 + 4850.30051455007 * x_6 * HeaderCompressionOff;7.3111661936734;7.3111661936734;7.3111661936734;7.3111661936734;7.399483;22;4850.30051455007 * x_6 * HeaderCompressionOff;2;0.336542919109053;
16;2059.01052960597 * CompressionMethod + 17154.355427924 * x_10 + 14882.7349625896 * x_8 + 3787.69833362637 * BZip2 + -11978.36595753 * x_10 * PPMd + 10291.3325128446 * x_6 + 32085.8262517338 * x_10 * mtOff + -14830 * x_6 * PPMd + 821.958623923125 * filterOff + -9100 * x_6 * Files_90 + -214.015120436055 * Files_80 + 690.989470394031 * BlockSize_4 + 1335.00000000002 * BlockSize_128 + -189.01052960596 * Files_10 + -503.258903280002 * filterOff * BlockSize_1024 + 4827.69833362636 * x_6 * HeaderCompressionOff + 320.884369688773 * Files_70;7.06346117599463;7.06346117599463;7.06346117599463;7.06346117599463;8.884017;23;320.884369688773 * Files_70;1;0.247705017678771;
17;2505.7751063276 * CompressionMethod + 16828.5456991581 * x_10 + 15006.7880392327 * x_8 + 2522.38173769638 * BZip2 + -12099.3208054857 * x_10 * PPMd + 11217.7028903741 * x_6 + 39049.157191216 * x_10 * mtOff + -14830 * x_6 * PPMd + 714.140265601945 * filterOff + -9100 * x_6 * Files_90 + -361.242947660798 * Files_80 + 244.224893672402 * BlockSize_4 + 1334.99999999999 * BlockSize_128 + -635.77510632759 * Files_10 + -860.42270636231 * filterOff * BlockSize_1024 + 3562.38173769639 * x_6 * HeaderCompressionOff + 522.764950959117 * Files_70 + -12687.6182623036 * x_10 * Deflate;6.53494482095624;6.53494482095624;6.53494482095624;6.53494482095624;10.548907;25;-12687.6182623036 * x_10 * Deflate;2;0.264258177519195;
18;3095.5258631922 * CompressionMethod + 16396.8126384364 * x_10 + 14760.8848208469 * x_8 + 2269.83713355045 * BZip2 + -12257.3385016286 * x_10 * PPMd + 10294.7222149837 * x_6 + 39548.4002605864 * x_10 * mtOff + -14830 * x_6 * PPMd + 309.424104234516 * filterOff + -8109.5093159609 * x_6 * Files_90 + -25.8637133550383 * Files_80 + -345.525863192209 * BlockSize_4 + 1334.99999999998 * BlockSize_128 + -235.035179153086 * Files_10 + -413.665928338768 * filterOff * BlockSize_1024 + 4300.32781758956 * x_6 * HeaderCompressionOff + 272.992964169381 * Files_70 + -11949.6721824104 * x_10 * Deflate + -990.490684039093 * Deflate;5.26285736438202;5.26285736438202;5.26285736438202;5.26285736438202;12.43427;26;-990.490684039093 * Deflate;1;1.27208745657422;
19;3410.1022183558 * CompressionMethod + 16226.8399304045 * x_10 + 14717.187907786 * x_8 + 1920.36537625055 * BZip2 + -12401.9421487603 * x_10 * PPMd + 10165.9612875164 * x_6 + 39971.7529360591 * x_10 * mtOff + -14830 * x_6 * PPMd + 90.9395389299737 * filterOff + -7727.36842105267 * x_6 * Files_90 + -22.7055241409439 * Files_80 + -660.102218355794 * BlockSize_4 + 1335.00000000002 * BlockSize_128 + -167.470639408444 * Files_10 + 4.35406698566571 * filterOff * BlockSize_1024 + 4332.99695519788 * x_6 * HeaderCompressionOff + 1478.5928664637 * Files_70 + -11917.0030448021 * x_10 * Deflate + -1372.63157894733 * Deflate + -1986.81165724231 * Files_70 * tmOff;4.13677815437931;4.13677815437931;4.13677815437931;4.13677815437931;14.563432;28;-1986.81165724231 * Files_70 * tmOff;2;0.563039605001355;
20;3124.9873257288 * CompressionMethod + 14905.6970849176 * x_10 + 14776.8631178707 * x_8 + 2036.40050697084 * BZip2 + -10795.6844106464 * x_10 * PPMd + 10422.3861752949 * x_6 + 41163.5994930292 * x_10 * mtOff + -14830 * x_6 * PPMd + 389.315589353619 * filterOff + -8113.08959734814 * x_6 * Files_90 + -491.053914399921 * Files_80 + -374.987325728789 * BlockSize_4 + 1334.99999999999 * BlockSize_128 + -268.076923076916 * Files_10 + -127.492444184456 * filterOff * BlockSize_1024 + 4063.31090962272 * x_6 * HeaderCompressionOff + 1349.29657794675 * Files_70 + -12186.6890903773 * x_10 * Deflate + -986.910402651885 * Deflate + -1804.85327093689 * Files_70 * tmOff + 2345.18475187673 * x_10 * LZMA;3.15016736524046;3.15016736524046;3.15016736524046;3.15016736524046;16.97505;30;2345.18475187673 * x_10 * LZMA;2;0.493305394569427;
21;3222.89844329134 * CompressionMethod + 14796.3232023722 * x_10 + 14703.7879911045 * x_8 + 1957.11638250555 * BZip2 + -10030.5448480356 * x_10 * PPMd + 10294.3852996522 * x_6 + 41242.8836174944 * x_10 * mtOff + -14076.3232023722 * x_6 * PPMd + 400.778354336545 * filterOff + -8015.17847978561 * x_6 * Files_90 + -494.874836060882 * Files_80 + 280.778354336558 * BlockSize_4 + 1335 * BlockSize_128 + -268.076923076923 * Files_10 + -135.134287506433 * filterOff * BlockSize_1024 + 4081.93790271996 * x_6 * HeaderCompressionOff + 1319.20681986659 * Files_70 + -12168.0620972801 * x_10 * Deflate + -1084.82152021439 * Deflate + -1880.31647374121 * Files_70 * tmOff + 2352.82659519872 * x_10 * LZMA + -753.676797627892 * PPMd;2.71863053900237;2.71863053900237;2.71863053900237;2.71863053900237;19.681248;31;-753.676797627892 * PPMd;1;0.431536826238088;
22;3324.24107142859 * CompressionMethod + 14683.1160714286 * x_10 + 14628.1517857143 * x_8 + 1875.05357142859 * BZip2 + -9905.4732142857 * x_10 * PPMd + 9495.01442307697 * x_6 + 41324.9464285714 * x_10 * mtOff + -13963.1160714286 * x_6 * PPMd + 412.642857142856 * filterOff + -7246.95192307694 * x_6 * Files_90 + -498.829670329676 * Files_80 + 292.642857142852 * BlockSize_4 + 1335 * BlockSize_128 + -268.07692307694 * Files_10 + -143.043956043969 * filterOff * BlockSize_1024 + 4768.10164835162 * x_6 * HeaderCompressionOff + 1288.06249999999 * Files_70 + -12148.7822802198 * x_10 * Deflate + -1186.16414835163 * Deflate + -1958.42445054944 * Files_70 * tmOff + 2360.73626373627 * x_10 * LZMA + -866.883928571429 * PPMd + -666.883928571397 * BlockSize_64;2.31078417766159;2.31078417766159;2.31078417766159;2.31078417766159;22.642132;32;-666.883928571397 * BlockSize_64;1;0.407846361340778;
23;3399.63369963369 * CompressionMethod + 14728.3516483517 * x_10 + 14693.4920634921 * x_8 + 1704.16361416363 * BZip2 + -10071.336996337 * x_10 * PPMd + 9680.98290598285 * x_6 + 40691.6483516484 * x_10 * mtOff + -14008.3516483516 * x_6 * PPMd + 292.01465201467 * filterOff + -7216.79487179482 * x_6 * Files_90 + -458.620268620285 * Files_80 + 172.014652014651 * BlockSize_4 + 1334.99999999998 * BlockSize_128 + -268.076923076935 * Files_10 + -62.6251526251556 * filterOff * BlockSize_1024 + 4627.36874236877 * x_6 * HeaderCompressionOff + 1504.18803418802 * Files_70 + -11440.0915750916 * x_10 * Deflate + -1261.55677655676 * Deflate + -2169.52380952382 * Files_70 * tmOff + 2280.3174603175 * x_10 * LZMA + -821.648351648378 * PPMd + -621.648351648391 * BlockSize_64 + 804.188034188031 * BZip2 * Files_60;1.75141567626657;1.75141567626657;1.75141567626657;1.75141567626657;25.904633;34;804.188034188031 * BZip2 * Files_60;2;0.279684250697511;
24;3420.67114093959 * CompressionMethod + 14823.0201342282 * x_10 + 14397.2147651007 * x_8 + 1847.91946308724 * BZip2 + -10281.711409396 * x_10 * PPMd + 9705.52658750645 * x_6 + 40596.9798657719 * x_10 * mtOff + -14103.0201342282 * x_6 * PPMd + 176.308724832234 * filterOff + -7290.42591636551 * x_6 * Files_90 + -420.051626226126 * Files_80 + 56.3087248321862 * BlockSize_4 + 1335.00000000001 * BlockSize_128 + -268.076923076925 * Files_10 + 14.5121321631384 * filterOff * BlockSize_1024 + 4697.49354672175 * x_6 * HeaderCompressionOff + 1455.10067114092 * Files_70 + -11324.3856479091 * x_10 * Deflate + -1282.59421786266 * Deflate + -2064.33660299433 * Files_70 * tmOff + 2203.18017552917 * x_10 * LZMA + -726.979865771801 * PPMd + -526.979865771821 * BlockSize_64 + 755.100671140961 * BZip2 * Files_60 + 1435.80536912753 * x_8 * Files_90;1.44916236537076;1.44916236537076;1.44916236537076;1.44916236537076;29.590783;36;1435.80536912753 * x_8 * Files_90;2;0.151126655447903;
25;3343.00136425652 * CompressionMethod + 14976.6712141883 * x_10 + 14317.0122783083 * x_8 + 1988.06275579806 * BZip2 + -10511.343792633 * x_10 * PPMd + 9950.35523139889 * x_6 + 40443.3287858118 * x_10 * mtOff + -14256.6712141883 * x_6 * PPMd + 100.32742155525 * filterOff + -7521.74677300868 * x_6 * Files_90 + -394.724525133762 * Files_80 + -19.67257844478 * BlockSize_4 + 1335.00000000001 * BlockSize_128 + -268.076923076911 * Files_10 + 65.1663343477635 * filterOff * BlockSize_1024 + 4606.3159827894 * x_6 * HeaderCompressionOff + 1468.60845839015 * Files_70 + -11248.4043446322 * x_10 * Deflate + -1204.92444117959 * Deflate + -1949.52041137586 * Files_70 * tmOff + 2152.52597334453 * x_10 * LZMA + -573.328785811729 * PPMd + -373.328785811764 * BlockSize_64 + 768.608458390165 * BZip2 * Files_60 + 1669.65893587997 * x_8 * Files_90 + 503.165075034092 * filterOff * BlockSize_32;1.09874222592624;1.09874222592624;1.09874222592624;1.09874222592624;33.651693;38;503.165075034092 * filterOff * BlockSize_32;2;0.175210069722259;
26;3330.21732648667 * CompressionMethod + 14980.6781513997 * x_10 + 14341.8171277125 * x_8 + 1959.44177571641 * BZip2 + -10576.5042239523 * x_10 * PPMd + 9989.01557064767 * x_6 + 40299.4606592678 * x_10 * mtOff + -14400.5393407322 * x_6 * PPMd + 109.104522113634 * filterOff + -7527.77919496439 * x_6 * Files_90 + -404.822594003652 * Files_80 + -10.895477886349 * BlockSize_4 + 1404.93059466622 * BlockSize_128 + -257.318370051363 * Files_10 + 98.7629617359322 * filterOff * BlockSize_1024 + 4571.66258075204 * x_6 * HeaderCompressionOff + 1501.23637568326 * Files_70 + -11106.5617028325 * x_10 * Deflate + -1202.8989564353 * Deflate + -2064.87029981779 * Files_70 * tmOff + 2161.96355805867 * x_10 * LZMA + -569.321848600302 * PPMd + -369.321848600284 * BlockSize_64 + 801.236375683292 * BZip2 * Files_60 + 1648.8610236873 * x_8 * Files_90 + 494.769587543473 * filterOff * BlockSize_32 + 139.861189332458 * BlockSize_512;0.88851555399351;0.88851555399351;0.88851555399351;0.88851555399351;38.217083;39;139.861189332458 * BlockSize_512;1;0.210226671932735;
Elapsed=00:00:38.2184689
command: clean-global
command: script ./learn_grammarBased_t2MLR.a
command: log ./out_grammarBased_t2PredictionsMLR.log
