Configuration;MeasuredValue;PredictedValue
no_asm%_%rc_lookahead%_%rc_lookahead_20%_%ref%_%ref_1%_%root%_%;268.72;373.084
no_asm%_%no_deblock%_%no_weightb%_%rc_lookahead%_%rc_lookahead_20%_%ref%_%ref_1%_%root%_%;267.8533;373.1587
no_8x8dct%_%no_asm%_%no_deblock%_%no_fast_pskip%_%no_mixed_refs%_%rc_lookahead%_%rc_lookahead_20%_%ref%_%ref_1%_%root%_%;260.6367;431.4187
no_8x8dct%_%no_asm%_%no_cabac%_%no_fast_pskip%_%no_mbtree%_%no_weightb%_%rc_lookahead%_%rc_lookahead_60%_%ref%_%ref_9%_%root%_%;773.4633;540.7457
no_8x8dct%_%no_asm%_%no_deblock%_%no_mbtree%_%rc_lookahead%_%rc_lookahead_60%_%ref%_%ref_9%_%root%_%;690.8733;474.2793
no_8x8dct%_%no_asm%_%no_deblock%_%no_fast_pskip%_%no_mbtree%_%rc_lookahead%_%rc_lookahead_60%_%ref%_%ref_9%_%root%_%;783.7833;543.9093
no_8x8dct%_%no_asm%_%no_deblock%_%no_mbtree%_%no_weightb%_%rc_lookahead%_%rc_lookahead_60%_%ref%_%ref_9%_%root%_%;690.39;472.3547
no_8x8dct%_%no_asm%_%no_deblock%_%no_fast_pskip%_%no_mbtree%_%no_weightb%_%rc_lookahead%_%rc_lookahead_60%_%ref%_%ref_9%_%root%_%;783.5167;543.1603
no_8x8dct%_%no_asm%_%no_cabac%_%no_deblock%_%no_mbtree%_%rc_lookahead%_%rc_lookahead_60%_%ref%_%ref_9%_%root%_%;683.52;475.5687
no_8x8dct%_%no_asm%_%no_cabac%_%no_deblock%_%no_mbtree%_%no_weightb%_%rc_lookahead%_%rc_lookahead_60%_%ref%_%ref_9%_%root%_%;683.5433;473.4687
no_8x8dct%_%no_asm%_%no_cabac%_%no_deblock%_%no_fast_pskip%_%no_mbtree%_%rc_lookahead%_%rc_lookahead_60%_%ref%_%ref_9%_%root%_%;775.81;540.7337
no_8x8dct%_%no_asm%_%no_cabac%_%no_deblock%_%no_fast_pskip%_%no_mbtree%_%no_weightb%_%rc_lookahead%_%rc_lookahead_60%_%ref%_%ref_9%_%root%_%;775.68;540.2853
no_8x8dct%_%no_asm%_%no_mbtree%_%no_mixed_refs%_%rc_lookahead%_%rc_lookahead_60%_%ref%_%ref_9%_%root%_%;561.8467;401.1837
no_8x8dct%_%no_asm%_%no_cabac%_%no_mixed_refs%_%rc_lookahead%_%rc_lookahead_20%_%ref%_%ref_1%_%root%_%;244.4333;334.4533
no_8x8dct%_%no_asm%_%no_fast_pskip%_%no_mbtree%_%no_mixed_refs%_%rc_lookahead%_%rc_lookahead_60%_%ref%_%ref_9%_%root%_%;652.4833;459.3487
no_8x8dct%_%no_asm%_%no_cabac%_%no_mbtree%_%no_mixed_refs%_%rc_lookahead%_%rc_lookahead_60%_%ref%_%ref_9%_%root%_%;556.63;400.704
no_8x8dct%_%no_asm%_%no_cabac%_%no_fast_pskip%_%no_mbtree%_%no_mixed_refs%_%rc_lookahead%_%rc_lookahead_60%_%ref%_%ref_9%_%root%_%;645.51;456.1217
no_8x8dct%_%no_asm%_%no_deblock%_%no_mbtree%_%no_mixed_refs%_%rc_lookahead%_%rc_lookahead_60%_%ref%_%ref_9%_%root%_%;561.9333;398.5287
no_8x8dct%_%no_asm%_%no_cabac%_%no_deblock%_%no_mbtree%_%no_mixed_refs%_%rc_lookahead%_%rc_lookahead_60%_%ref%_%ref_9%_%root%_%;555.6333;398.5287
no_8x8dct%_%no_asm%_%no_deblock%_%no_fast_pskip%_%no_mbtree%_%no_mixed_refs%_%rc_lookahead%_%rc_lookahead_60%_%ref%_%ref_9%_%root%_%;651.64;460.4233
no_8x8dct%_%no_asm%_%no_cabac%_%no_deblock%_%no_fast_pskip%_%no_mbtree%_%no_mixed_refs%_%rc_lookahead%_%rc_lookahead_60%_%ref%_%ref_9%_%root%_%;644.16;456.9773
no_8x8dct%_%no_asm%_%no_mbtree%_%no_mixed_refs%_%no_weightb%_%rc_lookahead%_%rc_lookahead_60%_%ref%_%ref_9%_%root%_%;561.97;398.7917
no_8x8dct%_%no_asm%_%no_fast_pskip%_%no_mbtree%_%no_mixed_refs%_%no_weightb%_%rc_lookahead%_%rc_lookahead_60%_%ref%_%ref_9%_%root%_%;652.3733;459.4217
no_8x8dct%_%no_asm%_%no_deblock%_%no_mbtree%_%no_mixed_refs%_%no_weightb%_%rc_lookahead%_%rc_lookahead_60%_%ref%_%ref_9%_%root%_%;561.3333;396.1367
no_8x8dct%_%no_asm%_%no_cabac%_%no_fast_pskip%_%no_mixed_refs%_%rc_lookahead%_%rc_lookahead_20%_%ref%_%ref_1%_%root%_%;249.73;426.2707
no_8x8dct%_%no_asm%_%no_deblock%_%no_fast_pskip%_%no_mbtree%_%no_mixed_refs%_%no_weightb%_%rc_lookahead%_%rc_lookahead_60%_%ref%_%ref_9%_%root%_%;651.2;460.4963
no_8x8dct%_%no_asm%_%no_cabac%_%no_mbtree%_%no_mixed_refs%_%no_weightb%_%rc_lookahead%_%rc_lookahead_60%_%ref%_%ref_9%_%root%_%;556.34;398.312
no_8x8dct%_%no_asm%_%no_cabac%_%no_deblock%_%no_mbtree%_%no_mixed_refs%_%no_weightb%_%rc_lookahead%_%rc_lookahead_60%_%ref%_%ref_9%_%root%_%;555.18;396.1367
no_8x8dct%_%no_asm%_%no_cabac%_%no_fast_pskip%_%no_mbtree%_%no_mixed_refs%_%no_weightb%_%rc_lookahead%_%rc_lookahead_60%_%ref%_%ref_9%_%root%_%;645.38;456.1947
no_8x8dct%_%no_asm%_%no_cabac%_%no_deblock%_%no_fast_pskip%_%no_mbtree%_%no_mixed_refs%_%no_weightb%_%rc_lookahead%_%rc_lookahead_60%_%ref%_%ref_9%_%root%_%;644.0333;457.0063
no_asm%_%rc_lookahead%_%rc_lookahead_40%_%ref%_%ref_9%_%root%_%;612.97;425.1727
no_asm%_%no_cabac%_%rc_lookahead%_%rc_lookahead_40%_%ref%_%ref_9%_%root%_%;604.7467;421.1447
no_asm%_%no_weightb%_%rc_lookahead%_%rc_lookahead_40%_%ref%_%ref_9%_%root%_%;612.6433;424.6937
no_asm%_%no_cabac%_%no_weightb%_%rc_lookahead%_%rc_lookahead_40%_%ref%_%ref_9%_%root%_%;604.1233;420.0587
no_asm%_%no_mixed_refs%_%rc_lookahead%_%rc_lookahead_40%_%ref%_%ref_9%_%root%_%;511.1533;369.458
no_8x8dct%_%no_asm%_%no_cabac%_%no_deblock%_%no_mixed_refs%_%rc_lookahead%_%rc_lookahead_20%_%ref%_%ref_1%_%root%_%;244.2767;334.1007
no_asm%_%no_mixed_refs%_%no_weightb%_%rc_lookahead%_%rc_lookahead_40%_%ref%_%ref_9%_%root%_%;510.8567;369.388
no_asm%_%no_cabac%_%no_mixed_refs%_%rc_lookahead%_%rc_lookahead_40%_%ref%_%ref_9%_%root%_%;509.37;367.4203
no_asm%_%no_cabac%_%no_mixed_refs%_%no_weightb%_%rc_lookahead%_%rc_lookahead_40%_%ref%_%ref_9%_%root%_%;509.0333;367.367
no_asm%_%no_mbtree%_%rc_lookahead%_%rc_lookahead_40%_%ref%_%ref_9%_%root%_%;721.5633;488.9367
no_asm%_%no_cabac%_%no_mbtree%_%rc_lookahead%_%rc_lookahead_40%_%ref%_%ref_9%_%root%_%;712.9167;487.6827
no_asm%_%no_mbtree%_%no_mixed_refs%_%rc_lookahead%_%rc_lookahead_40%_%ref%_%ref_9%_%root%_%;580.8767;410.4573
no_asm%_%no_cabac%_%no_mbtree%_%no_mixed_refs%_%rc_lookahead%_%rc_lookahead_40%_%ref%_%ref_9%_%root%_%;576.41;408.5387
no_asm%_%no_mbtree%_%no_weightb%_%rc_lookahead%_%rc_lookahead_40%_%ref%_%ref_9%_%root%_%;722.0367;486.9693
no_asm%_%no_mbtree%_%no_mixed_refs%_%no_weightb%_%rc_lookahead%_%rc_lookahead_40%_%ref%_%ref_9%_%root%_%;580.6267;408.1737
no_asm%_%no_cabac%_%no_mbtree%_%no_weightb%_%rc_lookahead%_%rc_lookahead_40%_%ref%_%ref_9%_%root%_%;712.6367;485.5187
no_8x8dct%_%no_asm%_%no_cabac%_%no_deblock%_%no_fast_pskip%_%no_mixed_refs%_%rc_lookahead%_%rc_lookahead_20%_%ref%_%ref_1%_%root%_%;249.44;426.0423
no_asm%_%no_cabac%_%no_mbtree%_%no_mixed_refs%_%no_weightb%_%rc_lookahead%_%rc_lookahead_40%_%ref%_%ref_9%_%root%_%;576.2767;406.255
no_8x8dct%_%no_asm%_%rc_lookahead%_%rc_lookahead_40%_%ref%_%ref_9%_%root%_%;587.7733;406.3407
no_8x8dct%_%no_asm%_%no_cabac%_%rc_lookahead%_%rc_lookahead_40%_%ref%_%ref_9%_%root%_%;581.5133;402.0823
no_8x8dct%_%no_asm%_%no_weightb%_%rc_lookahead%_%rc_lookahead_40%_%ref%_%ref_9%_%root%_%;587.24;406.2783
no_8x8dct%_%no_asm%_%no_cabac%_%no_weightb%_%rc_lookahead%_%rc_lookahead_40%_%ref%_%ref_9%_%root%_%;581.1067;401.7083
no_8x8dct%_%no_asm%_%no_mbtree%_%rc_lookahead%_%rc_lookahead_40%_%ref%_%ref_9%_%root%_%;687.6;470.9487
no_8x8dct%_%no_asm%_%no_mbtree%_%no_weightb%_%rc_lookahead%_%rc_lookahead_40%_%ref%_%ref_9%_%root%_%;687.1467;469.024
no_8x8dct%_%no_asm%_%no_cabac%_%no_mbtree%_%rc_lookahead%_%rc_lookahead_40%_%ref%_%ref_9%_%root%_%;680.5567;472.0627
no_8x8dct%_%no_asm%_%no_cabac%_%no_mbtree%_%no_weightb%_%rc_lookahead%_%rc_lookahead_40%_%ref%_%ref_9%_%root%_%;680.4767;469.9627
no_8x8dct%_%no_asm%_%no_mixed_refs%_%rc_lookahead%_%rc_lookahead_40%_%ref%_%ref_9%_%root%_%;498.49;357.9493
no_8x8dct%_%no_asm%_%no_mbtree%_%no_mixed_refs%_%rc_lookahead%_%rc_lookahead_20%_%ref%_%ref_1%_%root%_%;287.0867;401.1837
no_8x8dct%_%no_asm%_%no_cabac%_%no_mixed_refs%_%rc_lookahead%_%rc_lookahead_40%_%ref%_%ref_9%_%root%_%;493.2767;353.2347
no_8x8dct%_%no_asm%_%no_mbtree%_%no_mixed_refs%_%rc_lookahead%_%rc_lookahead_40%_%ref%_%ref_9%_%root%_%;561.96;401.1837
no_8x8dct%_%no_asm%_%no_cabac%_%no_mbtree%_%no_mixed_refs%_%rc_lookahead%_%rc_lookahead_40%_%ref%_%ref_9%_%root%_%;556.5133;400.704
no_8x8dct%_%no_asm%_%no_mixed_refs%_%no_weightb%_%rc_lookahead%_%rc_lookahead_40%_%ref%_%ref_9%_%root%_%;497.99;357.9493
no_8x8dct%_%no_asm%_%no_mbtree%_%no_mixed_refs%_%no_weightb%_%rc_lookahead%_%rc_lookahead_40%_%ref%_%ref_9%_%root%_%;562.0667;398.7917
no_8x8dct%_%no_asm%_%no_cabac%_%no_mixed_refs%_%no_weightb%_%rc_lookahead%_%rc_lookahead_40%_%ref%_%ref_9%_%root%_%;492.9367;353.2293
no_8x8dct%_%no_asm%_%no_cabac%_%no_mbtree%_%no_mixed_refs%_%no_weightb%_%rc_lookahead%_%rc_lookahead_40%_%ref%_%ref_9%_%root%_%;556.3067;398.312
no_asm%_%no_fast_pskip%_%rc_lookahead%_%rc_lookahead_40%_%ref%_%ref_9%_%root%_%;741.59;515.067
no_asm%_%no_cabac%_%no_fast_pskip%_%rc_lookahead%_%rc_lookahead_40%_%ref%_%ref_9%_%root%_%;731.3533;507.0637
no_asm%_%no_fast_pskip%_%no_weightb%_%rc_lookahead%_%rc_lookahead_40%_%ref%_%ref_9%_%root%_%;741.2067;514.3927
no_8x8dct%_%no_asm%_%no_deblock%_%no_mbtree%_%no_mixed_refs%_%rc_lookahead%_%rc_lookahead_20%_%ref%_%ref_1%_%root%_%;286.43;398.5287
no_asm%_%no_cabac%_%no_fast_pskip%_%no_weightb%_%rc_lookahead%_%rc_lookahead_40%_%ref%_%ref_9%_%root%_%;731.2167;507.0517
no_asm%_%no_fast_pskip%_%no_mixed_refs%_%rc_lookahead%_%rc_lookahead_40%_%ref%_%ref_9%_%root%_%;632.1267;445.099
no_asm%_%no_fast_pskip%_%no_mixed_refs%_%no_weightb%_%rc_lookahead%_%rc_lookahead_40%_%ref%_%ref_9%_%root%_%;632.0633;444.9817
no_asm%_%no_cabac%_%no_fast_pskip%_%no_mixed_refs%_%rc_lookahead%_%rc_lookahead_40%_%ref%_%ref_9%_%root%_%;628.7567;441.037
no_asm%_%no_cabac%_%no_fast_pskip%_%no_mixed_refs%_%no_weightb%_%rc_lookahead%_%rc_lookahead_40%_%ref%_%ref_9%_%root%_%;628.4967;440.9197
no_8x8dct%_%no_asm%_%no_fast_pskip%_%rc_lookahead%_%rc_lookahead_40%_%ref%_%ref_9%_%root%_%;712.54;492.4467
no_8x8dct%_%no_asm%_%no_cabac%_%no_fast_pskip%_%rc_lookahead%_%rc_lookahead_40%_%ref%_%ref_9%_%root%_%;705.3967;487.0533
no_8x8dct%_%no_asm%_%no_fast_pskip%_%no_mixed_refs%_%rc_lookahead%_%rc_lookahead_40%_%ref%_%ref_9%_%root%_%;616.6867;431.2273
no_8x8dct%_%no_asm%_%no_cabac%_%no_fast_pskip%_%no_mixed_refs%_%rc_lookahead%_%rc_lookahead_40%_%ref%_%ref_9%_%root%_%;610.9567;426.2707
no_8x8dct%_%no_asm%_%no_fast_pskip%_%no_weightb%_%rc_lookahead%_%rc_lookahead_40%_%ref%_%ref_9%_%root%_%;712.6667;492.0607
no_8x8dct%_%no_asm%_%no_cabac%_%no_mbtree%_%no_mixed_refs%_%rc_lookahead%_%rc_lookahead_20%_%ref%_%ref_1%_%root%_%;275.9933;400.704
no_8x8dct%_%no_asm%_%no_fast_pskip%_%no_mixed_refs%_%no_weightb%_%rc_lookahead%_%rc_lookahead_40%_%ref%_%ref_9%_%root%_%;616.61;431.1917
no_8x8dct%_%no_asm%_%no_cabac%_%no_fast_pskip%_%no_weightb%_%rc_lookahead%_%rc_lookahead_40%_%ref%_%ref_9%_%root%_%;705.2133;486.8957
no_8x8dct%_%no_asm%_%no_cabac%_%no_fast_pskip%_%no_mixed_refs%_%no_weightb%_%rc_lookahead%_%rc_lookahead_40%_%ref%_%ref_9%_%root%_%;610.6867;426.235
no_asm%_%no_fast_pskip%_%no_mbtree%_%rc_lookahead%_%rc_lookahead_40%_%ref%_%ref_9%_%root%_%;818.04;572.6557
no_asm%_%no_cabac%_%no_fast_pskip%_%no_mbtree%_%rc_lookahead%_%rc_lookahead_40%_%ref%_%ref_9%_%root%_%;807.2733;562.7193
no_asm%_%no_fast_pskip%_%no_mbtree%_%no_weightb%_%rc_lookahead%_%rc_lookahead_40%_%ref%_%ref_9%_%root%_%;817.34;572.5397
no_asm%_%no_cabac%_%no_fast_pskip%_%no_mbtree%_%no_weightb%_%rc_lookahead%_%rc_lookahead_40%_%ref%_%ref_9%_%root%_%;807;563.1673
no_8x8dct%_%no_asm%_%no_fast_pskip%_%no_mbtree%_%rc_lookahead%_%rc_lookahead_40%_%ref%_%ref_9%_%root%_%;780.93;543.9213
no_8x8dct%_%no_asm%_%no_fast_pskip%_%no_mbtree%_%no_weightb%_%rc_lookahead%_%rc_lookahead_40%_%ref%_%ref_9%_%root%_%;780.7567;543.3253
no_8x8dct%_%no_asm%_%no_cabac%_%no_fast_pskip%_%no_mbtree%_%rc_lookahead%_%rc_lookahead_40%_%ref%_%ref_9%_%root%_%;773.3867;541.143
no_8x8dct%_%no_asm%_%no_cabac%_%no_deblock%_%no_mbtree%_%no_mixed_refs%_%rc_lookahead%_%rc_lookahead_20%_%ref%_%ref_1%_%root%_%;275.4167;398.5287
no_8x8dct%_%no_asm%_%no_cabac%_%no_fast_pskip%_%no_mbtree%_%no_weightb%_%rc_lookahead%_%rc_lookahead_40%_%ref%_%ref_9%_%root%_%;773.22;540.7457
no_asm%_%no_fast_pskip%_%no_mbtree%_%no_mixed_refs%_%rc_lookahead%_%rc_lookahead_40%_%ref%_%ref_9%_%root%_%;672.4133;472.154
no_asm%_%no_cabac%_%no_fast_pskip%_%no_mbtree%_%no_mixed_refs%_%rc_lookahead%_%rc_lookahead_40%_%ref%_%ref_9%_%root%_%;666.5033;472.154
no_8x8dct%_%no_asm%_%no_fast_pskip%_%no_mbtree%_%no_mixed_refs%_%rc_lookahead%_%rc_lookahead_40%_%ref%_%ref_9%_%root%_%;652.6533;459.3487
no_8x8dct%_%no_asm%_%no_cabac%_%no_fast_pskip%_%no_mbtree%_%no_mixed_refs%_%rc_lookahead%_%rc_lookahead_40%_%ref%_%ref_9%_%root%_%;645.54;456.1217
no_asm%_%no_fast_pskip%_%no_mbtree%_%no_mixed_refs%_%no_weightb%_%rc_lookahead%_%rc_lookahead_40%_%ref%_%ref_9%_%root%_%;672.2133;472.154
no_8x8dct%_%no_asm%_%no_fast_pskip%_%no_mbtree%_%no_mixed_refs%_%no_weightb%_%rc_lookahead%_%rc_lookahead_40%_%ref%_%ref_9%_%root%_%;652.4333;459.4217
no_asm%_%no_cabac%_%no_fast_pskip%_%no_mbtree%_%no_mixed_refs%_%no_weightb%_%rc_lookahead%_%rc_lookahead_40%_%ref%_%ref_9%_%root%_%;666.4933;472.154
no_8x8dct%_%no_asm%_%no_cabac%_%no_fast_pskip%_%no_mbtree%_%no_mixed_refs%_%no_weightb%_%rc_lookahead%_%rc_lookahead_40%_%ref%_%ref_9%_%root%_%;645.3033;456.1947
no_asm%_%no_deblock%_%rc_lookahead%_%rc_lookahead_40%_%ref%_%ref_9%_%root%_%;616.62;425.434
no_8x8dct%_%no_asm%_%no_fast_pskip%_%no_mbtree%_%no_mixed_refs%_%rc_lookahead%_%rc_lookahead_20%_%ref%_%ref_1%_%root%_%;291.66;459.3487
no_asm%_%no_cabac%_%no_deblock%_%rc_lookahead%_%rc_lookahead_40%_%ref%_%ref_9%_%root%_%;607.5367;420.985
no_asm%_%no_deblock%_%no_weightb%_%rc_lookahead%_%rc_lookahead_40%_%ref%_%ref_9%_%root%_%;616.0867;425.0167
no_asm%_%no_cabac%_%no_deblock%_%no_weightb%_%rc_lookahead%_%rc_lookahead_40%_%ref%_%ref_9%_%root%_%;607.0333;420.0043
no_asm%_%no_deblock%_%no_mixed_refs%_%rc_lookahead%_%rc_lookahead_40%_%ref%_%ref_9%_%root%_%;510.1833;369.2323
no_asm%_%no_deblock%_%no_mixed_refs%_%no_weightb%_%rc_lookahead%_%rc_lookahead_40%_%ref%_%ref_9%_%root%_%;510.0167;369.1757
no_asm%_%no_cabac%_%no_deblock%_%no_mixed_refs%_%rc_lookahead%_%rc_lookahead_40%_%ref%_%ref_9%_%root%_%;508.34;366.8863
no_asm%_%no_cabac%_%no_deblock%_%no_mixed_refs%_%no_weightb%_%rc_lookahead%_%rc_lookahead_40%_%ref%_%ref_9%_%root%_%;508.0033;366.7557
no_asm%_%no_deblock%_%no_mbtree%_%rc_lookahead%_%rc_lookahead_40%_%ref%_%ref_9%_%root%_%;726.79;489.2447
no_asm%_%no_cabac%_%no_deblock%_%no_mbtree%_%rc_lookahead%_%rc_lookahead_40%_%ref%_%ref_9%_%root%_%;715.9933;488.628
no_asm%_%no_deblock%_%no_mbtree%_%no_mixed_refs%_%rc_lookahead%_%rc_lookahead_40%_%ref%_%ref_9%_%root%_%;580.5433;407.9107
no_asm%_%no_cabac%_%no_weightb%_%rc_lookahead%_%rc_lookahead_20%_%ref%_%ref_1%_%root%_%;260.41;369.8817
no_8x8dct%_%no_asm%_%no_cabac%_%no_fast_pskip%_%no_mbtree%_%no_mixed_refs%_%rc_lookahead%_%rc_lookahead_20%_%ref%_%ref_1%_%root%_%;279.7533;456.1217
no_asm%_%no_cabac%_%no_deblock%_%no_mbtree%_%no_mixed_refs%_%rc_lookahead%_%rc_lookahead_40%_%ref%_%ref_9%_%root%_%;575.7;406.4717
no_asm%_%no_deblock%_%no_mbtree%_%no_weightb%_%rc_lookahead%_%rc_lookahead_40%_%ref%_%ref_9%_%root%_%;726.6433;487.2987
no_asm%_%no_deblock%_%no_mbtree%_%no_mixed_refs%_%no_weightb%_%rc_lookahead%_%rc_lookahead_40%_%ref%_%ref_9%_%root%_%;580.5767;405.627
no_asm%_%no_cabac%_%no_deblock%_%no_mbtree%_%no_weightb%_%rc_lookahead%_%rc_lookahead_40%_%ref%_%ref_9%_%root%_%;715.9067;486.5067
no_asm%_%no_cabac%_%no_deblock%_%no_mbtree%_%no_mixed_refs%_%no_weightb%_%rc_lookahead%_%rc_lookahead_40%_%ref%_%ref_9%_%root%_%;575.3967;404.188
no_asm%_%no_deblock%_%no_fast_pskip%_%rc_lookahead%_%rc_lookahead_40%_%ref%_%ref_9%_%root%_%;744.8933;515.8443
no_asm%_%no_cabac%_%no_deblock%_%no_fast_pskip%_%rc_lookahead%_%rc_lookahead_40%_%ref%_%ref_9%_%root%_%;733.7767;507.6443
no_asm%_%no_deblock%_%no_fast_pskip%_%no_weightb%_%rc_lookahead%_%rc_lookahead_40%_%ref%_%ref_9%_%root%_%;744.26;515.3087
no_asm%_%no_cabac%_%no_deblock%_%no_fast_pskip%_%no_weightb%_%rc_lookahead%_%rc_lookahead_40%_%ref%_%ref_9%_%root%_%;733.2167;507.6763
no_asm%_%no_deblock%_%no_fast_pskip%_%no_mbtree%_%rc_lookahead%_%rc_lookahead_40%_%ref%_%ref_9%_%root%_%;821.5267;572.6557
no_8x8dct%_%no_asm%_%no_deblock%_%no_fast_pskip%_%no_mbtree%_%no_mixed_refs%_%rc_lookahead%_%rc_lookahead_20%_%ref%_%ref_1%_%root%_%;291.0433;460.4233
no_asm%_%no_deblock%_%no_fast_pskip%_%no_mbtree%_%no_weightb%_%rc_lookahead%_%rc_lookahead_40%_%ref%_%ref_9%_%root%_%;821.7567;572.5397
no_asm%_%no_cabac%_%no_deblock%_%no_fast_pskip%_%no_mbtree%_%rc_lookahead%_%rc_lookahead_40%_%ref%_%ref_9%_%root%_%;809.97;563.1673
no_asm%_%no_cabac%_%no_deblock%_%no_fast_pskip%_%no_mbtree%_%no_weightb%_%rc_lookahead%_%rc_lookahead_40%_%ref%_%ref_9%_%root%_%;809.5;563.6153
no_asm%_%no_deblock%_%no_fast_pskip%_%no_mixed_refs%_%rc_lookahead%_%rc_lookahead_40%_%ref%_%ref_9%_%root%_%;631.2833;444.5017
no_asm%_%no_cabac%_%no_deblock%_%no_fast_pskip%_%no_mixed_refs%_%rc_lookahead%_%rc_lookahead_40%_%ref%_%ref_9%_%root%_%;627.5;440.276
no_asm%_%no_deblock%_%no_fast_pskip%_%no_mbtree%_%no_mixed_refs%_%rc_lookahead%_%rc_lookahead_40%_%ref%_%ref_9%_%root%_%;671.6967;472.008
no_asm%_%no_cabac%_%no_deblock%_%no_fast_pskip%_%no_mbtree%_%no_mixed_refs%_%rc_lookahead%_%rc_lookahead_40%_%ref%_%ref_9%_%root%_%;665.2933;472.008
no_asm%_%no_deblock%_%no_fast_pskip%_%no_mixed_refs%_%no_weightb%_%rc_lookahead%_%rc_lookahead_40%_%ref%_%ref_9%_%root%_%;631.0533;444.3843
no_asm%_%no_deblock%_%no_fast_pskip%_%no_mbtree%_%no_mixed_refs%_%no_weightb%_%rc_lookahead%_%rc_lookahead_40%_%ref%_%ref_9%_%root%_%;671.5;472.008
no_asm%_%no_cabac%_%no_deblock%_%no_fast_pskip%_%no_mixed_refs%_%no_weightb%_%rc_lookahead%_%rc_lookahead_40%_%ref%_%ref_9%_%root%_%;627.24;440.1587
no_8x8dct%_%no_asm%_%no_cabac%_%no_deblock%_%no_fast_pskip%_%no_mbtree%_%no_mixed_refs%_%rc_lookahead%_%rc_lookahead_20%_%ref%_%ref_1%_%root%_%;279.1533;456.9773
no_asm%_%no_cabac%_%no_deblock%_%no_fast_pskip%_%no_mbtree%_%no_mixed_refs%_%no_weightb%_%rc_lookahead%_%rc_lookahead_40%_%ref%_%ref_9%_%root%_%;665.23;472.008
no_8x8dct%_%no_asm%_%no_deblock%_%rc_lookahead%_%rc_lookahead_40%_%ref%_%ref_9%_%root%_%;590.18;406.608
no_8x8dct%_%no_asm%_%no_cabac%_%no_deblock%_%rc_lookahead%_%rc_lookahead_40%_%ref%_%ref_9%_%root%_%;583.5267;402.89
no_8x8dct%_%no_asm%_%no_deblock%_%no_weightb%_%rc_lookahead%_%rc_lookahead_40%_%ref%_%ref_9%_%root%_%;589.74;406.608
no_8x8dct%_%no_asm%_%no_cabac%_%no_deblock%_%no_weightb%_%rc_lookahead%_%rc_lookahead_40%_%ref%_%ref_9%_%root%_%;583.4267;402.7787
no_8x8dct%_%no_asm%_%no_deblock%_%no_mixed_refs%_%rc_lookahead%_%rc_lookahead_40%_%ref%_%ref_9%_%root%_%;497.3333;357.5907
no_8x8dct%_%no_asm%_%no_deblock%_%no_mixed_refs%_%no_weightb%_%rc_lookahead%_%rc_lookahead_40%_%ref%_%ref_9%_%root%_%;496.78;357.5907
no_8x8dct%_%no_asm%_%no_cabac%_%no_deblock%_%no_mixed_refs%_%rc_lookahead%_%rc_lookahead_40%_%ref%_%ref_9%_%root%_%;492.13;352.823
no_8x8dct%_%no_asm%_%no_cabac%_%no_deblock%_%no_mixed_refs%_%no_weightb%_%rc_lookahead%_%rc_lookahead_40%_%ref%_%ref_9%_%root%_%;491.6967;352.8217
no_8x8dct%_%no_asm%_%no_deblock%_%no_fast_pskip%_%rc_lookahead%_%rc_lookahead_40%_%ref%_%ref_9%_%root%_%;715.25;492.4467
no_8x8dct%_%no_asm%_%no_mixed_refs%_%no_weightb%_%rc_lookahead%_%rc_lookahead_20%_%ref%_%ref_1%_%root%_%;254.7067;338.1007
no_8x8dct%_%no_asm%_%no_cabac%_%no_deblock%_%no_fast_pskip%_%rc_lookahead%_%rc_lookahead_40%_%ref%_%ref_9%_%root%_%;706.8333;487.0533
no_8x8dct%_%no_asm%_%no_deblock%_%no_fast_pskip%_%no_mixed_refs%_%rc_lookahead%_%rc_lookahead_40%_%ref%_%ref_9%_%root%_%;615.0933;431.4187
no_8x8dct%_%no_asm%_%no_cabac%_%no_deblock%_%no_fast_pskip%_%no_mixed_refs%_%rc_lookahead%_%rc_lookahead_40%_%ref%_%ref_9%_%root%_%;609.2;426.0423
no_8x8dct%_%no_asm%_%no_deblock%_%no_fast_pskip%_%no_weightb%_%rc_lookahead%_%rc_lookahead_40%_%ref%_%ref_9%_%root%_%;714.6667;492.0607
no_8x8dct%_%no_asm%_%no_deblock%_%no_fast_pskip%_%no_mixed_refs%_%no_weightb%_%rc_lookahead%_%rc_lookahead_40%_%ref%_%ref_9%_%root%_%;615.06;431.3473
no_8x8dct%_%no_asm%_%no_cabac%_%no_deblock%_%no_fast_pskip%_%no_weightb%_%rc_lookahead%_%rc_lookahead_40%_%ref%_%ref_9%_%root%_%;706.59;486.8957
no_8x8dct%_%no_asm%_%no_cabac%_%no_deblock%_%no_fast_pskip%_%no_mixed_refs%_%no_weightb%_%rc_lookahead%_%rc_lookahead_40%_%ref%_%ref_9%_%root%_%;608.68;425.9353
no_8x8dct%_%no_asm%_%no_deblock%_%no_mbtree%_%rc_lookahead%_%rc_lookahead_40%_%ref%_%ref_9%_%root%_%;690.7167;474.2793
no_8x8dct%_%no_asm%_%no_cabac%_%no_deblock%_%no_mbtree%_%rc_lookahead%_%rc_lookahead_40%_%ref%_%ref_9%_%root%_%;683.7633;475.5687
no_8x8dct%_%no_asm%_%no_deblock%_%no_mbtree%_%no_weightb%_%rc_lookahead%_%rc_lookahead_40%_%ref%_%ref_9%_%root%_%;690.2167;472.3547
no_8x8dct%_%no_asm%_%no_deblock%_%no_mixed_refs%_%no_weightb%_%rc_lookahead%_%rc_lookahead_20%_%ref%_%ref_1%_%root%_%;254.0133;337.8317
no_8x8dct%_%no_asm%_%no_cabac%_%no_deblock%_%no_mbtree%_%no_weightb%_%rc_lookahead%_%rc_lookahead_40%_%ref%_%ref_9%_%root%_%;683.2567;473.4687
no_8x8dct%_%no_asm%_%no_deblock%_%no_fast_pskip%_%no_mbtree%_%rc_lookahead%_%rc_lookahead_40%_%ref%_%ref_9%_%root%_%;783.8767;543.9093
no_8x8dct%_%no_asm%_%no_deblock%_%no_fast_pskip%_%no_mbtree%_%no_weightb%_%rc_lookahead%_%rc_lookahead_40%_%ref%_%ref_9%_%root%_%;783.7767;543.1603
no_8x8dct%_%no_asm%_%no_cabac%_%no_deblock%_%no_fast_pskip%_%no_mbtree%_%rc_lookahead%_%rc_lookahead_40%_%ref%_%ref_9%_%root%_%;775.6633;540.7337
no_8x8dct%_%no_asm%_%no_cabac%_%no_deblock%_%no_fast_pskip%_%no_mbtree%_%no_weightb%_%rc_lookahead%_%rc_lookahead_40%_%ref%_%ref_9%_%root%_%;775.54;540.2853
no_8x8dct%_%no_asm%_%no_deblock%_%no_mbtree%_%no_mixed_refs%_%rc_lookahead%_%rc_lookahead_40%_%ref%_%ref_9%_%root%_%;561.7433;398.5287
no_8x8dct%_%no_asm%_%no_cabac%_%no_deblock%_%no_mbtree%_%no_mixed_refs%_%rc_lookahead%_%rc_lookahead_40%_%ref%_%ref_9%_%root%_%;555.6133;398.5287
no_8x8dct%_%no_asm%_%no_deblock%_%no_fast_pskip%_%no_mbtree%_%no_mixed_refs%_%rc_lookahead%_%rc_lookahead_40%_%ref%_%ref_9%_%root%_%;651.49;460.4233
no_8x8dct%_%no_asm%_%no_cabac%_%no_deblock%_%no_fast_pskip%_%no_mbtree%_%no_mixed_refs%_%rc_lookahead%_%rc_lookahead_40%_%ref%_%ref_9%_%root%_%;644.3567;456.9773
no_8x8dct%_%no_asm%_%no_deblock%_%no_mbtree%_%no_mixed_refs%_%no_weightb%_%rc_lookahead%_%rc_lookahead_40%_%ref%_%ref_9%_%root%_%;561.42;396.1367
no_8x8dct%_%no_asm%_%no_fast_pskip%_%no_mixed_refs%_%no_weightb%_%rc_lookahead%_%rc_lookahead_20%_%ref%_%ref_1%_%root%_%;261.2067;431.1917
no_8x8dct%_%no_asm%_%no_deblock%_%no_fast_pskip%_%no_mbtree%_%no_mixed_refs%_%no_weightb%_%rc_lookahead%_%rc_lookahead_40%_%ref%_%ref_9%_%root%_%;651.2867;460.4963
no_8x8dct%_%no_asm%_%no_cabac%_%no_deblock%_%no_mbtree%_%no_mixed_refs%_%no_weightb%_%rc_lookahead%_%rc_lookahead_40%_%ref%_%ref_9%_%root%_%;555.26;396.1367
no_8x8dct%_%no_asm%_%no_cabac%_%no_deblock%_%no_fast_pskip%_%no_mbtree%_%no_mixed_refs%_%no_weightb%_%rc_lookahead%_%rc_lookahead_40%_%ref%_%ref_9%_%root%_%;643.9833;457.0063
no_8x8dct%_%no_asm%_%no_deblock%_%no_fast_pskip%_%no_mixed_refs%_%no_weightb%_%rc_lookahead%_%rc_lookahead_20%_%ref%_%ref_1%_%root%_%;260.55;431.3473
no_8x8dct%_%no_asm%_%no_mbtree%_%no_mixed_refs%_%no_weightb%_%rc_lookahead%_%rc_lookahead_20%_%ref%_%ref_1%_%root%_%;287.0867;398.7917
no_8x8dct%_%no_asm%_%no_fast_pskip%_%no_mbtree%_%no_mixed_refs%_%no_weightb%_%rc_lookahead%_%rc_lookahead_20%_%ref%_%ref_1%_%root%_%;291.61;459.4217
no_8x8dct%_%no_asm%_%no_deblock%_%no_mbtree%_%no_mixed_refs%_%no_weightb%_%rc_lookahead%_%rc_lookahead_20%_%ref%_%ref_1%_%root%_%;286.44;396.1367
no_asm%_%no_cabac%_%no_deblock%_%no_weightb%_%rc_lookahead%_%rc_lookahead_20%_%ref%_%ref_1%_%root%_%;259.9033;369.6767
no_8x8dct%_%no_asm%_%no_deblock%_%no_fast_pskip%_%no_mbtree%_%no_mixed_refs%_%no_weightb%_%rc_lookahead%_%rc_lookahead_20%_%ref%_%ref_1%_%root%_%;290.9167;460.4963
no_8x8dct%_%no_asm%_%no_cabac%_%no_mixed_refs%_%no_weightb%_%rc_lookahead%_%rc_lookahead_20%_%ref%_%ref_1%_%root%_%;244.3333;334.448
no_8x8dct%_%no_asm%_%no_cabac%_%no_deblock%_%no_mixed_refs%_%no_weightb%_%rc_lookahead%_%rc_lookahead_20%_%ref%_%ref_1%_%root%_%;244.28;334.0993
no_8x8dct%_%no_asm%_%no_cabac%_%no_mbtree%_%no_mixed_refs%_%no_weightb%_%rc_lookahead%_%rc_lookahead_20%_%ref%_%ref_1%_%root%_%;276.0267;398.312
no_8x8dct%_%no_asm%_%no_cabac%_%no_deblock%_%no_mbtree%_%no_mixed_refs%_%no_weightb%_%rc_lookahead%_%rc_lookahead_20%_%ref%_%ref_1%_%root%_%;275.47;396.1367
no_8x8dct%_%no_asm%_%no_cabac%_%no_fast_pskip%_%no_mixed_refs%_%no_weightb%_%rc_lookahead%_%rc_lookahead_20%_%ref%_%ref_1%_%root%_%;249.6067;426.235
no_8x8dct%_%no_asm%_%no_cabac%_%no_fast_pskip%_%no_mbtree%_%no_mixed_refs%_%no_weightb%_%rc_lookahead%_%rc_lookahead_20%_%ref%_%ref_1%_%root%_%;279.81;456.1947
no_8x8dct%_%no_asm%_%no_cabac%_%no_deblock%_%no_fast_pskip%_%no_mixed_refs%_%no_weightb%_%rc_lookahead%_%rc_lookahead_20%_%ref%_%ref_1%_%root%_%;249.41;425.9353
no_8x8dct%_%no_asm%_%no_cabac%_%no_deblock%_%no_fast_pskip%_%no_mbtree%_%no_mixed_refs%_%no_weightb%_%rc_lookahead%_%rc_lookahead_20%_%ref%_%ref_1%_%root%_%;279.2667;457.0063
no_asm%_%rc_lookahead%_%rc_lookahead_40%_%ref%_%ref_1%_%root%_%;270.6567;373.084
no_asm%_%no_fast_pskip%_%no_weightb%_%rc_lookahead%_%rc_lookahead_20%_%ref%_%ref_1%_%root%_%;275.92;514.3927
no_asm%_%no_deblock%_%rc_lookahead%_%rc_lookahead_40%_%ref%_%ref_1%_%root%_%;270.07;373.0993
no_asm%_%no_fast_pskip%_%rc_lookahead%_%rc_lookahead_40%_%ref%_%ref_1%_%root%_%;278.1967;515.067
no_asm%_%no_deblock%_%no_fast_pskip%_%rc_lookahead%_%rc_lookahead_40%_%ref%_%ref_1%_%root%_%;277.8133;515.8443
no_asm%_%no_cabac%_%rc_lookahead%_%rc_lookahead_40%_%ref%_%ref_1%_%root%_%;262.5633;370.132
no_asm%_%no_cabac%_%no_fast_pskip%_%rc_lookahead%_%rc_lookahead_40%_%ref%_%ref_1%_%root%_%;268.7867;507.0637
no_asm%_%no_cabac%_%no_deblock%_%rc_lookahead%_%rc_lookahead_40%_%ref%_%ref_1%_%root%_%;262.2333;369.9723
no_asm%_%no_cabac%_%no_deblock%_%no_fast_pskip%_%rc_lookahead%_%rc_lookahead_40%_%ref%_%ref_1%_%root%_%;268.3967;507.6443
no_asm%_%no_weightb%_%rc_lookahead%_%rc_lookahead_40%_%ref%_%ref_1%_%root%_%;270.7067;373.2027
no_asm%_%no_deblock%_%no_weightb%_%rc_lookahead%_%rc_lookahead_40%_%ref%_%ref_1%_%root%_%;270.1533;373.1587
no_asm%_%no_cabac%_%no_weightb%_%rc_lookahead%_%rc_lookahead_40%_%ref%_%ref_1%_%root%_%;262.5667;369.8817
no_asm%_%no_cabac%_%no_fast_pskip%_%no_weightb%_%rc_lookahead%_%rc_lookahead_20%_%ref%_%ref_1%_%root%_%;266.5267;507.0517
no_asm%_%no_cabac%_%no_deblock%_%no_weightb%_%rc_lookahead%_%rc_lookahead_40%_%ref%_%ref_1%_%root%_%;262.29;369.6767
no_asm%_%no_fast_pskip%_%no_weightb%_%rc_lookahead%_%rc_lookahead_40%_%ref%_%ref_1%_%root%_%;278.12;514.3927
no_asm%_%no_cabac%_%no_fast_pskip%_%no_weightb%_%rc_lookahead%_%rc_lookahead_40%_%ref%_%ref_1%_%root%_%;268.8733;507.0517
no_asm%_%no_deblock%_%no_fast_pskip%_%no_weightb%_%rc_lookahead%_%rc_lookahead_40%_%ref%_%ref_1%_%root%_%;277.5333;515.3087
no_asm%_%no_cabac%_%no_deblock%_%no_fast_pskip%_%no_weightb%_%rc_lookahead%_%rc_lookahead_40%_%ref%_%ref_1%_%root%_%;268.2067;507.6763
no_asm%_%no_mixed_refs%_%rc_lookahead%_%rc_lookahead_40%_%ref%_%ref_1%_%root%_%;270.66;347.0057
no_asm%_%no_deblock%_%no_mixed_refs%_%rc_lookahead%_%rc_lookahead_40%_%ref%_%ref_1%_%root%_%;270.1367;346.8493
no_asm%_%no_fast_pskip%_%no_mixed_refs%_%rc_lookahead%_%rc_lookahead_40%_%ref%_%ref_1%_%root%_%;278.2267;445.099
no_asm%_%no_deblock%_%no_fast_pskip%_%no_mixed_refs%_%rc_lookahead%_%rc_lookahead_40%_%ref%_%ref_1%_%root%_%;277.8533;444.5017
no_asm%_%no_mixed_refs%_%no_weightb%_%rc_lookahead%_%rc_lookahead_40%_%ref%_%ref_1%_%root%_%;270.7267;346.964
no_asm%_%no_deblock%_%no_fast_pskip%_%no_weightb%_%rc_lookahead%_%rc_lookahead_20%_%ref%_%ref_1%_%root%_%;275.3733;515.3087
no_asm%_%no_fast_pskip%_%no_mixed_refs%_%no_weightb%_%rc_lookahead%_%rc_lookahead_40%_%ref%_%ref_1%_%root%_%;278.0767;444.9817
no_asm%_%no_deblock%_%no_mixed_refs%_%no_weightb%_%rc_lookahead%_%rc_lookahead_40%_%ref%_%ref_1%_%root%_%;270.0133;346.821
no_asm%_%no_deblock%_%no_fast_pskip%_%no_mixed_refs%_%no_weightb%_%rc_lookahead%_%rc_lookahead_40%_%ref%_%ref_1%_%root%_%;277.5633;444.3843
no_asm%_%no_cabac%_%no_mixed_refs%_%rc_lookahead%_%rc_lookahead_40%_%ref%_%ref_1%_%root%_%;262.6533;345.481
no_asm%_%no_cabac%_%no_deblock%_%no_mixed_refs%_%rc_lookahead%_%rc_lookahead_40%_%ref%_%ref_1%_%root%_%;262.17;345.0643
no_asm%_%no_cabac%_%no_mixed_refs%_%no_weightb%_%rc_lookahead%_%rc_lookahead_40%_%ref%_%ref_1%_%root%_%;262.53;345.4277
no_asm%_%no_cabac%_%no_deblock%_%no_mixed_refs%_%no_weightb%_%rc_lookahead%_%rc_lookahead_40%_%ref%_%ref_1%_%root%_%;262.2767;344.999
no_asm%_%no_cabac%_%no_fast_pskip%_%no_mixed_refs%_%rc_lookahead%_%rc_lookahead_40%_%ref%_%ref_1%_%root%_%;268.7633;441.037
no_asm%_%no_cabac%_%no_fast_pskip%_%no_mixed_refs%_%no_weightb%_%rc_lookahead%_%rc_lookahead_40%_%ref%_%ref_1%_%root%_%;268.8833;440.9197
no_asm%_%no_cabac%_%no_deblock%_%no_fast_pskip%_%no_mixed_refs%_%rc_lookahead%_%rc_lookahead_40%_%ref%_%ref_1%_%root%_%;268.3967;440.276
no_asm%_%no_cabac%_%no_deblock%_%no_fast_pskip%_%no_weightb%_%rc_lookahead%_%rc_lookahead_20%_%ref%_%ref_1%_%root%_%;266.1133;507.6763
no_asm%_%no_cabac%_%no_deblock%_%no_fast_pskip%_%no_mixed_refs%_%no_weightb%_%rc_lookahead%_%rc_lookahead_40%_%ref%_%ref_1%_%root%_%;268.2633;440.1587
no_8x8dct%_%no_asm%_%rc_lookahead%_%rc_lookahead_40%_%ref%_%ref_1%_%root%_%;256.7267;360.0337
no_8x8dct%_%no_asm%_%no_deblock%_%rc_lookahead%_%rc_lookahead_40%_%ref%_%ref_1%_%root%_%;256.3333;360.301
no_8x8dct%_%no_asm%_%no_fast_pskip%_%rc_lookahead%_%rc_lookahead_40%_%ref%_%ref_1%_%root%_%;263.4367;492.4467
no_8x8dct%_%no_asm%_%no_deblock%_%no_fast_pskip%_%rc_lookahead%_%rc_lookahead_40%_%ref%_%ref_1%_%root%_%;262.7933;492.4467
no_8x8dct%_%no_asm%_%no_cabac%_%rc_lookahead%_%rc_lookahead_40%_%ref%_%ref_1%_%root%_%;246.4867;357.6323
no_8x8dct%_%no_asm%_%no_cabac%_%no_fast_pskip%_%rc_lookahead%_%rc_lookahead_40%_%ref%_%ref_1%_%root%_%;251.87;487.0533
no_8x8dct%_%no_asm%_%no_cabac%_%no_deblock%_%rc_lookahead%_%rc_lookahead_40%_%ref%_%ref_1%_%root%_%;246.4;358.235
no_8x8dct%_%no_asm%_%no_cabac%_%no_deblock%_%no_fast_pskip%_%rc_lookahead%_%rc_lookahead_40%_%ref%_%ref_1%_%root%_%;251.5733;487.0533
no_8x8dct%_%no_asm%_%no_mixed_refs%_%rc_lookahead%_%rc_lookahead_40%_%ref%_%ref_1%_%root%_%;256.82;338.1007
no_asm%_%no_mixed_refs%_%rc_lookahead%_%rc_lookahead_20%_%ref%_%ref_1%_%root%_%;268.7733;347.0057
no_8x8dct%_%no_asm%_%no_deblock%_%no_mixed_refs%_%rc_lookahead%_%rc_lookahead_40%_%ref%_%ref_1%_%root%_%;256.34;337.8317
no_8x8dct%_%no_asm%_%no_cabac%_%no_mixed_refs%_%rc_lookahead%_%rc_lookahead_40%_%ref%_%ref_1%_%root%_%;246.5433;334.4533
no_8x8dct%_%no_asm%_%no_cabac%_%no_deblock%_%no_mixed_refs%_%rc_lookahead%_%rc_lookahead_40%_%ref%_%ref_1%_%root%_%;246.2733;334.1007
no_8x8dct%_%no_asm%_%no_fast_pskip%_%no_mixed_refs%_%rc_lookahead%_%rc_lookahead_40%_%ref%_%ref_1%_%root%_%;263.2067;431.2273
no_8x8dct%_%no_asm%_%no_cabac%_%no_fast_pskip%_%no_mixed_refs%_%rc_lookahead%_%rc_lookahead_40%_%ref%_%ref_1%_%root%_%;251.8233;426.2707
no_8x8dct%_%no_asm%_%no_deblock%_%no_fast_pskip%_%no_mixed_refs%_%rc_lookahead%_%rc_lookahead_40%_%ref%_%ref_1%_%root%_%;262.6433;431.4187
no_8x8dct%_%no_asm%_%no_cabac%_%no_deblock%_%no_fast_pskip%_%no_mixed_refs%_%rc_lookahead%_%rc_lookahead_40%_%ref%_%ref_1%_%root%_%;251.5867;426.0423
no_8x8dct%_%no_asm%_%no_weightb%_%rc_lookahead%_%rc_lookahead_40%_%ref%_%ref_1%_%root%_%;256.6667;359.9713
no_8x8dct%_%no_asm%_%no_deblock%_%no_weightb%_%rc_lookahead%_%rc_lookahead_40%_%ref%_%ref_1%_%root%_%;256.2733;360.301
no_8x8dct%_%no_asm%_%no_fast_pskip%_%no_weightb%_%rc_lookahead%_%rc_lookahead_40%_%ref%_%ref_1%_%root%_%;263.2533;492.0607
no_asm%_%no_deblock%_%no_mixed_refs%_%rc_lookahead%_%rc_lookahead_20%_%ref%_%ref_1%_%root%_%;268.17;346.8493
no_8x8dct%_%no_asm%_%no_deblock%_%no_fast_pskip%_%no_weightb%_%rc_lookahead%_%rc_lookahead_40%_%ref%_%ref_1%_%root%_%;262.61;492.0607
no_8x8dct%_%no_asm%_%no_mixed_refs%_%no_weightb%_%rc_lookahead%_%rc_lookahead_40%_%ref%_%ref_1%_%root%_%;256.72;338.1007
no_8x8dct%_%no_asm%_%no_fast_pskip%_%no_mixed_refs%_%no_weightb%_%rc_lookahead%_%rc_lookahead_40%_%ref%_%ref_1%_%root%_%;263.0733;431.1917
no_8x8dct%_%no_asm%_%no_deblock%_%no_mixed_refs%_%no_weightb%_%rc_lookahead%_%rc_lookahead_40%_%ref%_%ref_1%_%root%_%;256.32;337.8317
no_8x8dct%_%no_asm%_%no_deblock%_%no_fast_pskip%_%no_mixed_refs%_%no_weightb%_%rc_lookahead%_%rc_lookahead_40%_%ref%_%ref_1%_%root%_%;262.51;431.3473
no_8x8dct%_%no_asm%_%no_cabac%_%no_weightb%_%rc_lookahead%_%rc_lookahead_40%_%ref%_%ref_1%_%root%_%;246.41;357.383
no_8x8dct%_%no_asm%_%no_cabac%_%no_deblock%_%no_weightb%_%rc_lookahead%_%rc_lookahead_40%_%ref%_%ref_1%_%root%_%;246.2;358.1793
no_8x8dct%_%no_asm%_%no_cabac%_%no_mixed_refs%_%no_weightb%_%rc_lookahead%_%rc_lookahead_40%_%ref%_%ref_1%_%root%_%;246.58;334.448
no_8x8dct%_%no_asm%_%no_cabac%_%no_deblock%_%no_mixed_refs%_%no_weightb%_%rc_lookahead%_%rc_lookahead_40%_%ref%_%ref_1%_%root%_%;246.2367;334.0993
no_8x8dct%_%no_asm%_%no_cabac%_%no_fast_pskip%_%no_weightb%_%rc_lookahead%_%rc_lookahead_40%_%ref%_%ref_1%_%root%_%;251.7867;486.8957
no_asm%_%no_fast_pskip%_%no_mixed_refs%_%rc_lookahead%_%rc_lookahead_20%_%ref%_%ref_1%_%root%_%;276.03;445.099
no_8x8dct%_%no_asm%_%no_cabac%_%no_fast_pskip%_%no_mixed_refs%_%no_weightb%_%rc_lookahead%_%rc_lookahead_40%_%ref%_%ref_1%_%root%_%;251.86;426.235
no_8x8dct%_%no_asm%_%no_cabac%_%no_deblock%_%no_fast_pskip%_%no_weightb%_%rc_lookahead%_%rc_lookahead_40%_%ref%_%ref_1%_%root%_%;251.53;486.8957
no_8x8dct%_%no_asm%_%no_cabac%_%no_deblock%_%no_fast_pskip%_%no_mixed_refs%_%no_weightb%_%rc_lookahead%_%rc_lookahead_40%_%ref%_%ref_1%_%root%_%;251.6367;425.9353
no_asm%_%no_mbtree%_%rc_lookahead%_%rc_lookahead_40%_%ref%_%ref_1%_%root%_%;305.4567;488.9367
no_asm%_%no_deblock%_%no_mbtree%_%rc_lookahead%_%rc_lookahead_40%_%ref%_%ref_1%_%root%_%;305.1733;489.2447
no_asm%_%no_fast_pskip%_%no_mbtree%_%rc_lookahead%_%rc_lookahead_40%_%ref%_%ref_1%_%root%_%;310.6967;572.6557
no_asm%_%no_deblock%_%no_fast_pskip%_%no_mbtree%_%rc_lookahead%_%rc_lookahead_40%_%ref%_%ref_1%_%root%_%;310.2867;572.6557
no_asm%_%no_cabac%_%no_mbtree%_%rc_lookahead%_%rc_lookahead_40%_%ref%_%ref_1%_%root%_%;295.49;487.6827
no_asm%_%no_cabac%_%no_fast_pskip%_%no_mbtree%_%rc_lookahead%_%rc_lookahead_40%_%ref%_%ref_1%_%root%_%;299.8133;562.7193
no_asm%_%no_cabac%_%no_deblock%_%no_mbtree%_%rc_lookahead%_%rc_lookahead_40%_%ref%_%ref_1%_%root%_%;295.4267;488.628
no_asm%_%no_deblock%_%rc_lookahead%_%rc_lookahead_20%_%ref%_%ref_1%_%root%_%;268.0167;373.0993
no_asm%_%no_deblock%_%no_fast_pskip%_%no_mixed_refs%_%rc_lookahead%_%rc_lookahead_20%_%ref%_%ref_1%_%root%_%;275.69;444.5017
no_asm%_%no_cabac%_%no_deblock%_%no_fast_pskip%_%no_mbtree%_%rc_lookahead%_%rc_lookahead_40%_%ref%_%ref_1%_%root%_%;299.7067;563.1673
no_asm%_%no_mbtree%_%no_weightb%_%rc_lookahead%_%rc_lookahead_40%_%ref%_%ref_1%_%root%_%;305.4433;486.9693
no_asm%_%no_deblock%_%no_mbtree%_%no_weightb%_%rc_lookahead%_%rc_lookahead_40%_%ref%_%ref_1%_%root%_%;305.04;487.2987
no_asm%_%no_cabac%_%no_mbtree%_%no_weightb%_%rc_lookahead%_%rc_lookahead_40%_%ref%_%ref_1%_%root%_%;295.61;485.5187
no_asm%_%no_cabac%_%no_deblock%_%no_mbtree%_%no_weightb%_%rc_lookahead%_%rc_lookahead_40%_%ref%_%ref_1%_%root%_%;295.5033;486.5067
no_asm%_%no_fast_pskip%_%no_mbtree%_%no_weightb%_%rc_lookahead%_%rc_lookahead_40%_%ref%_%ref_1%_%root%_%;310.7767;572.5397
no_asm%_%no_cabac%_%no_fast_pskip%_%no_mbtree%_%no_weightb%_%rc_lookahead%_%rc_lookahead_40%_%ref%_%ref_1%_%root%_%;299.9067;563.1673
no_asm%_%no_deblock%_%no_fast_pskip%_%no_mbtree%_%no_weightb%_%rc_lookahead%_%rc_lookahead_40%_%ref%_%ref_1%_%root%_%;310.3167;572.5397
no_asm%_%no_cabac%_%no_deblock%_%no_fast_pskip%_%no_mbtree%_%no_weightb%_%rc_lookahead%_%rc_lookahead_40%_%ref%_%ref_1%_%root%_%;299.6267;563.6153
no_8x8dct%_%no_asm%_%no_mbtree%_%rc_lookahead%_%rc_lookahead_40%_%ref%_%ref_1%_%root%_%;287.05;470.9487
no_asm%_%no_mixed_refs%_%no_weightb%_%rc_lookahead%_%rc_lookahead_20%_%ref%_%ref_1%_%root%_%;268.6033;346.964
no_8x8dct%_%no_asm%_%no_deblock%_%no_mbtree%_%rc_lookahead%_%rc_lookahead_40%_%ref%_%ref_1%_%root%_%;286.4267;474.2793
no_8x8dct%_%no_asm%_%no_fast_pskip%_%no_mbtree%_%rc_lookahead%_%rc_lookahead_40%_%ref%_%ref_1%_%root%_%;291.59;543.9213
no_8x8dct%_%no_asm%_%no_deblock%_%no_fast_pskip%_%no_mbtree%_%rc_lookahead%_%rc_lookahead_40%_%ref%_%ref_1%_%root%_%;291.0667;543.9093
no_8x8dct%_%no_asm%_%no_mbtree%_%no_weightb%_%rc_lookahead%_%rc_lookahead_40%_%ref%_%ref_1%_%root%_%;287.1067;469.024
no_8x8dct%_%no_asm%_%no_fast_pskip%_%no_mbtree%_%no_weightb%_%rc_lookahead%_%rc_lookahead_40%_%ref%_%ref_1%_%root%_%;291.5767;543.3253
no_8x8dct%_%no_asm%_%no_deblock%_%no_mbtree%_%no_weightb%_%rc_lookahead%_%rc_lookahead_40%_%ref%_%ref_1%_%root%_%;286.4;472.3547
no_8x8dct%_%no_asm%_%no_deblock%_%no_fast_pskip%_%no_mbtree%_%no_weightb%_%rc_lookahead%_%rc_lookahead_40%_%ref%_%ref_1%_%root%_%;291.2;543.1603
no_8x8dct%_%no_asm%_%no_cabac%_%no_mbtree%_%rc_lookahead%_%rc_lookahead_40%_%ref%_%ref_1%_%root%_%;276.01;472.0627
no_8x8dct%_%no_asm%_%no_cabac%_%no_deblock%_%no_mbtree%_%rc_lookahead%_%rc_lookahead_40%_%ref%_%ref_1%_%root%_%;275.56;475.5687
no_8x8dct%_%no_asm%_%no_cabac%_%no_mbtree%_%no_weightb%_%rc_lookahead%_%rc_lookahead_40%_%ref%_%ref_1%_%root%_%;275.9733;469.9627
no_asm%_%no_fast_pskip%_%no_mixed_refs%_%no_weightb%_%rc_lookahead%_%rc_lookahead_20%_%ref%_%ref_1%_%root%_%;275.9567;444.9817
no_8x8dct%_%no_asm%_%no_cabac%_%no_deblock%_%no_mbtree%_%no_weightb%_%rc_lookahead%_%rc_lookahead_40%_%ref%_%ref_1%_%root%_%;275.4533;473.4687
no_8x8dct%_%no_asm%_%no_cabac%_%no_fast_pskip%_%no_mbtree%_%rc_lookahead%_%rc_lookahead_40%_%ref%_%ref_1%_%root%_%;279.7533;541.143
no_8x8dct%_%no_asm%_%no_cabac%_%no_fast_pskip%_%no_mbtree%_%no_weightb%_%rc_lookahead%_%rc_lookahead_40%_%ref%_%ref_1%_%root%_%;279.89;540.7457
no_8x8dct%_%no_asm%_%no_cabac%_%no_deblock%_%no_fast_pskip%_%no_mbtree%_%rc_lookahead%_%rc_lookahead_40%_%ref%_%ref_1%_%root%_%;279.2467;540.7337
no_8x8dct%_%no_asm%_%no_cabac%_%no_deblock%_%no_fast_pskip%_%no_mbtree%_%no_weightb%_%rc_lookahead%_%rc_lookahead_40%_%ref%_%ref_1%_%root%_%;279.1567;540.2853
no_asm%_%no_mbtree%_%no_mixed_refs%_%rc_lookahead%_%rc_lookahead_40%_%ref%_%ref_1%_%root%_%;305.5033;410.4573
no_asm%_%no_deblock%_%no_mbtree%_%no_mixed_refs%_%rc_lookahead%_%rc_lookahead_40%_%ref%_%ref_1%_%root%_%;305.03;407.9107
no_asm%_%no_fast_pskip%_%no_mbtree%_%no_mixed_refs%_%rc_lookahead%_%rc_lookahead_40%_%ref%_%ref_1%_%root%_%;310.6967;472.154
no_asm%_%no_deblock%_%no_fast_pskip%_%no_mbtree%_%no_mixed_refs%_%rc_lookahead%_%rc_lookahead_40%_%ref%_%ref_1%_%root%_%;310.25;472.008
no_asm%_%no_cabac%_%no_mbtree%_%no_mixed_refs%_%rc_lookahead%_%rc_lookahead_40%_%ref%_%ref_1%_%root%_%;295.68;408.5387
no_asm%_%no_deblock%_%no_mixed_refs%_%no_weightb%_%rc_lookahead%_%rc_lookahead_20%_%ref%_%ref_1%_%root%_%;268.11;346.821
no_asm%_%no_cabac%_%no_fast_pskip%_%no_mbtree%_%no_mixed_refs%_%rc_lookahead%_%rc_lookahead_40%_%ref%_%ref_1%_%root%_%;299.75;472.154
no_asm%_%no_cabac%_%no_deblock%_%no_mbtree%_%no_mixed_refs%_%rc_lookahead%_%rc_lookahead_40%_%ref%_%ref_1%_%root%_%;295.36;406.4717
no_asm%_%no_cabac%_%no_deblock%_%no_fast_pskip%_%no_mbtree%_%no_mixed_refs%_%rc_lookahead%_%rc_lookahead_40%_%ref%_%ref_1%_%root%_%;299.69;472.008
no_8x8dct%_%no_asm%_%no_mbtree%_%no_mixed_refs%_%rc_lookahead%_%rc_lookahead_40%_%ref%_%ref_1%_%root%_%;287.21;401.1837
no_8x8dct%_%no_asm%_%no_deblock%_%no_mbtree%_%no_mixed_refs%_%rc_lookahead%_%rc_lookahead_40%_%ref%_%ref_1%_%root%_%;286.28;398.5287
no_8x8dct%_%no_asm%_%no_cabac%_%no_mbtree%_%no_mixed_refs%_%rc_lookahead%_%rc_lookahead_40%_%ref%_%ref_1%_%root%_%;275.8967;400.704
no_8x8dct%_%no_asm%_%no_cabac%_%no_deblock%_%no_mbtree%_%no_mixed_refs%_%rc_lookahead%_%rc_lookahead_40%_%ref%_%ref_1%_%root%_%;275.5233;398.5287
no_8x8dct%_%no_asm%_%no_fast_pskip%_%no_mbtree%_%no_mixed_refs%_%rc_lookahead%_%rc_lookahead_40%_%ref%_%ref_1%_%root%_%;291.6733;459.3487
no_8x8dct%_%no_asm%_%no_cabac%_%no_fast_pskip%_%no_mbtree%_%no_mixed_refs%_%rc_lookahead%_%rc_lookahead_40%_%ref%_%ref_1%_%root%_%;279.74;456.1217
no_8x8dct%_%no_asm%_%no_deblock%_%no_fast_pskip%_%no_mbtree%_%no_mixed_refs%_%rc_lookahead%_%rc_lookahead_40%_%ref%_%ref_1%_%root%_%;291.1733;460.4233
no_asm%_%no_deblock%_%no_fast_pskip%_%no_mixed_refs%_%no_weightb%_%rc_lookahead%_%rc_lookahead_20%_%ref%_%ref_1%_%root%_%;275.31;444.3843
no_8x8dct%_%no_asm%_%no_cabac%_%no_deblock%_%no_fast_pskip%_%no_mbtree%_%no_mixed_refs%_%rc_lookahead%_%rc_lookahead_40%_%ref%_%ref_1%_%root%_%;279.26;456.9773
no_asm%_%no_mbtree%_%no_mixed_refs%_%no_weightb%_%rc_lookahead%_%rc_lookahead_40%_%ref%_%ref_1%_%root%_%;305.4333;408.1737
no_asm%_%no_deblock%_%no_mbtree%_%no_mixed_refs%_%no_weightb%_%rc_lookahead%_%rc_lookahead_40%_%ref%_%ref_1%_%root%_%;305;405.627
no_asm%_%no_fast_pskip%_%no_mbtree%_%no_mixed_refs%_%no_weightb%_%rc_lookahead%_%rc_lookahead_40%_%ref%_%ref_1%_%root%_%;310.7533;472.154
no_asm%_%no_deblock%_%no_fast_pskip%_%no_mbtree%_%no_mixed_refs%_%no_weightb%_%rc_lookahead%_%rc_lookahead_40%_%ref%_%ref_1%_%root%_%;310.2833;472.008
no_8x8dct%_%no_asm%_%no_mbtree%_%no_mixed_refs%_%no_weightb%_%rc_lookahead%_%rc_lookahead_40%_%ref%_%ref_1%_%root%_%;287.0367;398.7917
no_8x8dct%_%no_asm%_%no_fast_pskip%_%no_mbtree%_%no_mixed_refs%_%no_weightb%_%rc_lookahead%_%rc_lookahead_40%_%ref%_%ref_1%_%root%_%;291.6033;459.4217
no_8x8dct%_%no_asm%_%no_deblock%_%no_mbtree%_%no_mixed_refs%_%no_weightb%_%rc_lookahead%_%rc_lookahead_40%_%ref%_%ref_1%_%root%_%;286.3367;396.1367
no_8x8dct%_%no_asm%_%no_deblock%_%no_fast_pskip%_%no_mbtree%_%no_mixed_refs%_%no_weightb%_%rc_lookahead%_%rc_lookahead_40%_%ref%_%ref_1%_%root%_%;291.21;460.4963
no_asm%_%no_cabac%_%no_mbtree%_%no_mixed_refs%_%no_weightb%_%rc_lookahead%_%rc_lookahead_40%_%ref%_%ref_1%_%root%_%;295.58;406.255
no_asm%_%no_cabac%_%no_mixed_refs%_%rc_lookahead%_%rc_lookahead_20%_%ref%_%ref_1%_%root%_%;260.48;345.481
no_asm%_%no_cabac%_%no_deblock%_%no_mbtree%_%no_mixed_refs%_%no_weightb%_%rc_lookahead%_%rc_lookahead_40%_%ref%_%ref_1%_%root%_%;295.4467;404.188
no_8x8dct%_%no_asm%_%no_cabac%_%no_mbtree%_%no_mixed_refs%_%no_weightb%_%rc_lookahead%_%rc_lookahead_40%_%ref%_%ref_1%_%root%_%;276.01;398.312
no_8x8dct%_%no_asm%_%no_cabac%_%no_deblock%_%no_mbtree%_%no_mixed_refs%_%no_weightb%_%rc_lookahead%_%rc_lookahead_40%_%ref%_%ref_1%_%root%_%;275.4067;396.1367
no_asm%_%no_cabac%_%no_fast_pskip%_%no_mbtree%_%no_mixed_refs%_%no_weightb%_%rc_lookahead%_%rc_lookahead_40%_%ref%_%ref_1%_%root%_%;299.84;472.154
no_8x8dct%_%no_asm%_%no_cabac%_%no_fast_pskip%_%no_mbtree%_%no_mixed_refs%_%no_weightb%_%rc_lookahead%_%rc_lookahead_40%_%ref%_%ref_1%_%root%_%;279.9033;456.1947
no_asm%_%no_cabac%_%no_deblock%_%no_fast_pskip%_%no_mbtree%_%no_mixed_refs%_%no_weightb%_%rc_lookahead%_%rc_lookahead_40%_%ref%_%ref_1%_%root%_%;299.7333;472.008
no_8x8dct%_%no_asm%_%no_cabac%_%no_deblock%_%no_fast_pskip%_%no_mbtree%_%no_mixed_refs%_%no_weightb%_%rc_lookahead%_%rc_lookahead_40%_%ref%_%ref_1%_%root%_%;279.1933;457.0063
no_asm%_%rc_lookahead%_%rc_lookahead_60%_%ref%_%ref_1%_%root%_%;271.9667;373.084
no_asm%_%no_fast_pskip%_%rc_lookahead%_%rc_lookahead_60%_%ref%_%ref_1%_%root%_%;279.3567;515.067
no_asm%_%no_cabac%_%rc_lookahead%_%rc_lookahead_60%_%ref%_%ref_1%_%root%_%;263.8233;370.132
no_asm%_%no_cabac%_%no_deblock%_%no_mixed_refs%_%rc_lookahead%_%rc_lookahead_20%_%ref%_%ref_1%_%root%_%;259.9633;345.0643
no_asm%_%no_cabac%_%no_fast_pskip%_%rc_lookahead%_%rc_lookahead_60%_%ref%_%ref_1%_%root%_%;269.9167;507.0637
no_asm%_%no_weightb%_%rc_lookahead%_%rc_lookahead_60%_%ref%_%ref_1%_%root%_%;272.0033;373.2027
no_asm%_%no_cabac%_%no_weightb%_%rc_lookahead%_%rc_lookahead_60%_%ref%_%ref_1%_%root%_%;263.6433;369.8817
no_asm%_%no_fast_pskip%_%no_weightb%_%rc_lookahead%_%rc_lookahead_60%_%ref%_%ref_1%_%root%_%;279.3333;514.3927
no_asm%_%no_cabac%_%no_fast_pskip%_%no_weightb%_%rc_lookahead%_%rc_lookahead_60%_%ref%_%ref_1%_%root%_%;269.95;507.0517
no_asm%_%no_mixed_refs%_%rc_lookahead%_%rc_lookahead_60%_%ref%_%ref_1%_%root%_%;272.13;347.0057
no_asm%_%no_fast_pskip%_%no_mixed_refs%_%rc_lookahead%_%rc_lookahead_60%_%ref%_%ref_1%_%root%_%;279.5333;445.099
no_asm%_%no_mixed_refs%_%no_weightb%_%rc_lookahead%_%rc_lookahead_60%_%ref%_%ref_1%_%root%_%;272.0533;346.964
no_asm%_%no_fast_pskip%_%no_mixed_refs%_%no_weightb%_%rc_lookahead%_%rc_lookahead_60%_%ref%_%ref_1%_%root%_%;279.3033;444.9817
no_asm%_%no_cabac%_%no_mixed_refs%_%rc_lookahead%_%rc_lookahead_60%_%ref%_%ref_1%_%root%_%;263.8867;345.481
no_asm%_%no_cabac%_%no_mixed_refs%_%no_weightb%_%rc_lookahead%_%rc_lookahead_20%_%ref%_%ref_1%_%root%_%;260.38;345.4277
no_asm%_%no_cabac%_%no_mixed_refs%_%no_weightb%_%rc_lookahead%_%rc_lookahead_60%_%ref%_%ref_1%_%root%_%;263.7533;345.4277
no_asm%_%no_cabac%_%no_fast_pskip%_%no_mixed_refs%_%rc_lookahead%_%rc_lookahead_60%_%ref%_%ref_1%_%root%_%;270.09;441.037
no_asm%_%no_cabac%_%no_fast_pskip%_%no_mixed_refs%_%no_weightb%_%rc_lookahead%_%rc_lookahead_60%_%ref%_%ref_1%_%root%_%;270.0633;440.9197
no_asm%_%no_mbtree%_%rc_lookahead%_%rc_lookahead_60%_%ref%_%ref_1%_%root%_%;305.3833;488.9367
no_asm%_%no_fast_pskip%_%no_mbtree%_%rc_lookahead%_%rc_lookahead_60%_%ref%_%ref_1%_%root%_%;310.6067;572.6557
no_asm%_%no_cabac%_%no_mbtree%_%rc_lookahead%_%rc_lookahead_60%_%ref%_%ref_1%_%root%_%;295.5767;487.6827
no_asm%_%no_cabac%_%no_fast_pskip%_%no_mbtree%_%rc_lookahead%_%rc_lookahead_60%_%ref%_%ref_1%_%root%_%;299.8667;562.7193
no_asm%_%no_mbtree%_%no_mixed_refs%_%rc_lookahead%_%rc_lookahead_60%_%ref%_%ref_1%_%root%_%;305.35;410.4573
no_asm%_%no_cabac%_%no_mbtree%_%no_mixed_refs%_%rc_lookahead%_%rc_lookahead_60%_%ref%_%ref_1%_%root%_%;295.62;408.5387
no_asm%_%no_fast_pskip%_%no_mbtree%_%no_mixed_refs%_%rc_lookahead%_%rc_lookahead_60%_%ref%_%ref_1%_%root%_%;310.6733;472.154
no_asm%_%no_cabac%_%no_deblock%_%no_mixed_refs%_%no_weightb%_%rc_lookahead%_%rc_lookahead_20%_%ref%_%ref_1%_%root%_%;259.84;344.999
no_asm%_%no_cabac%_%no_fast_pskip%_%no_mbtree%_%no_mixed_refs%_%rc_lookahead%_%rc_lookahead_60%_%ref%_%ref_1%_%root%_%;299.89;472.154
no_asm%_%no_mbtree%_%no_weightb%_%rc_lookahead%_%rc_lookahead_60%_%ref%_%ref_1%_%root%_%;305.5;486.9693
no_asm%_%no_fast_pskip%_%no_mbtree%_%no_weightb%_%rc_lookahead%_%rc_lookahead_60%_%ref%_%ref_1%_%root%_%;310.6867;572.5397
no_asm%_%no_mbtree%_%no_mixed_refs%_%no_weightb%_%rc_lookahead%_%rc_lookahead_60%_%ref%_%ref_1%_%root%_%;305.4333;408.1737
no_asm%_%no_fast_pskip%_%no_mbtree%_%no_mixed_refs%_%no_weightb%_%rc_lookahead%_%rc_lookahead_60%_%ref%_%ref_1%_%root%_%;310.6733;472.154
no_asm%_%no_cabac%_%no_mbtree%_%no_weightb%_%rc_lookahead%_%rc_lookahead_60%_%ref%_%ref_1%_%root%_%;295.6067;485.5187
no_asm%_%no_cabac%_%no_mbtree%_%no_mixed_refs%_%no_weightb%_%rc_lookahead%_%rc_lookahead_60%_%ref%_%ref_1%_%root%_%;295.6833;406.255
no_asm%_%no_cabac%_%no_fast_pskip%_%no_mbtree%_%no_weightb%_%rc_lookahead%_%rc_lookahead_60%_%ref%_%ref_1%_%root%_%;299.85;563.1673
no_asm%_%no_cabac%_%no_fast_pskip%_%no_mbtree%_%no_mixed_refs%_%no_weightb%_%rc_lookahead%_%rc_lookahead_60%_%ref%_%ref_1%_%root%_%;299.96;472.154
no_asm%_%no_deblock%_%rc_lookahead%_%rc_lookahead_60%_%ref%_%ref_1%_%root%_%;271.3367;373.0993
no_asm%_%no_cabac%_%no_fast_pskip%_%no_mixed_refs%_%rc_lookahead%_%rc_lookahead_20%_%ref%_%ref_1%_%root%_%;266.67;441.037
no_asm%_%no_deblock%_%no_fast_pskip%_%rc_lookahead%_%rc_lookahead_60%_%ref%_%ref_1%_%root%_%;279.0367;515.8443
no_asm%_%no_cabac%_%no_deblock%_%rc_lookahead%_%rc_lookahead_60%_%ref%_%ref_1%_%root%_%;263.3667;369.9723
no_asm%_%no_cabac%_%no_deblock%_%no_fast_pskip%_%rc_lookahead%_%rc_lookahead_60%_%ref%_%ref_1%_%root%_%;269.7333;507.6443
no_asm%_%no_deblock%_%no_weightb%_%rc_lookahead%_%rc_lookahead_60%_%ref%_%ref_1%_%root%_%;271.38;373.1587
no_asm%_%no_cabac%_%no_deblock%_%no_weightb%_%rc_lookahead%_%rc_lookahead_60%_%ref%_%ref_1%_%root%_%;263.3633;369.6767
no_asm%_%no_deblock%_%no_fast_pskip%_%no_weightb%_%rc_lookahead%_%rc_lookahead_60%_%ref%_%ref_1%_%root%_%;279.0833;515.3087
no_asm%_%no_cabac%_%no_deblock%_%no_fast_pskip%_%no_weightb%_%rc_lookahead%_%rc_lookahead_60%_%ref%_%ref_1%_%root%_%;269.5233;507.6763
no_asm%_%no_deblock%_%no_mbtree%_%rc_lookahead%_%rc_lookahead_60%_%ref%_%ref_1%_%root%_%;304.96;489.2447
no_asm%_%no_deblock%_%no_fast_pskip%_%no_mbtree%_%rc_lookahead%_%rc_lookahead_60%_%ref%_%ref_1%_%root%_%;310.2267;572.6557
no_asm%_%no_deblock%_%no_mbtree%_%no_weightb%_%rc_lookahead%_%rc_lookahead_60%_%ref%_%ref_1%_%root%_%;305.1467;487.2987
no_asm%_%no_fast_pskip%_%rc_lookahead%_%rc_lookahead_20%_%ref%_%ref_1%_%root%_%;276.1033;515.067
no_asm%_%no_cabac%_%no_fast_pskip%_%no_mixed_refs%_%no_weightb%_%rc_lookahead%_%rc_lookahead_20%_%ref%_%ref_1%_%root%_%;266.51;440.9197
no_asm%_%no_deblock%_%no_fast_pskip%_%no_mbtree%_%no_weightb%_%rc_lookahead%_%rc_lookahead_60%_%ref%_%ref_1%_%root%_%;310.3267;572.5397
no_asm%_%no_cabac%_%no_deblock%_%no_mbtree%_%rc_lookahead%_%rc_lookahead_60%_%ref%_%ref_1%_%root%_%;295.3533;488.628
no_asm%_%no_cabac%_%no_deblock%_%no_mbtree%_%no_weightb%_%rc_lookahead%_%rc_lookahead_60%_%ref%_%ref_1%_%root%_%;295.4233;486.5067
no_asm%_%no_cabac%_%no_deblock%_%no_fast_pskip%_%no_mbtree%_%rc_lookahead%_%rc_lookahead_60%_%ref%_%ref_1%_%root%_%;299.8133;563.1673
no_asm%_%no_cabac%_%no_deblock%_%no_fast_pskip%_%no_mbtree%_%no_weightb%_%rc_lookahead%_%rc_lookahead_60%_%ref%_%ref_1%_%root%_%;299.7967;563.6153
no_asm%_%no_deblock%_%no_mixed_refs%_%rc_lookahead%_%rc_lookahead_60%_%ref%_%ref_1%_%root%_%;271.4167;346.8493
no_asm%_%no_deblock%_%no_fast_pskip%_%no_mixed_refs%_%rc_lookahead%_%rc_lookahead_60%_%ref%_%ref_1%_%root%_%;279.0967;444.5017
no_asm%_%no_cabac%_%no_deblock%_%no_mixed_refs%_%rc_lookahead%_%rc_lookahead_60%_%ref%_%ref_1%_%root%_%;263.4033;345.0643
no_asm%_%no_cabac%_%no_deblock%_%no_fast_pskip%_%no_mixed_refs%_%rc_lookahead%_%rc_lookahead_60%_%ref%_%ref_1%_%root%_%;269.5833;440.276
no_asm%_%no_deblock%_%no_mbtree%_%no_mixed_refs%_%rc_lookahead%_%rc_lookahead_60%_%ref%_%ref_1%_%root%_%;305.0267;407.9107
no_asm%_%no_cabac%_%no_deblock%_%no_fast_pskip%_%no_mixed_refs%_%rc_lookahead%_%rc_lookahead_20%_%ref%_%ref_1%_%root%_%;266.22;440.276
no_asm%_%no_cabac%_%no_deblock%_%no_mbtree%_%no_mixed_refs%_%rc_lookahead%_%rc_lookahead_60%_%ref%_%ref_1%_%root%_%;295.4133;406.4717
no_asm%_%no_deblock%_%no_fast_pskip%_%no_mbtree%_%no_mixed_refs%_%rc_lookahead%_%rc_lookahead_60%_%ref%_%ref_1%_%root%_%;310.2633;472.008
no_asm%_%no_cabac%_%no_deblock%_%no_fast_pskip%_%no_mbtree%_%no_mixed_refs%_%rc_lookahead%_%rc_lookahead_60%_%ref%_%ref_1%_%root%_%;299.6767;472.008
no_asm%_%no_deblock%_%no_mixed_refs%_%no_weightb%_%rc_lookahead%_%rc_lookahead_60%_%ref%_%ref_1%_%root%_%;271.4033;346.821
no_asm%_%no_deblock%_%no_fast_pskip%_%no_mixed_refs%_%no_weightb%_%rc_lookahead%_%rc_lookahead_60%_%ref%_%ref_1%_%root%_%;279.0133;444.3843
no_asm%_%no_deblock%_%no_mbtree%_%no_mixed_refs%_%no_weightb%_%rc_lookahead%_%rc_lookahead_60%_%ref%_%ref_1%_%root%_%;305.1033;405.627
no_asm%_%no_deblock%_%no_fast_pskip%_%no_mbtree%_%no_mixed_refs%_%no_weightb%_%rc_lookahead%_%rc_lookahead_60%_%ref%_%ref_1%_%root%_%;310.2533;472.008
no_asm%_%no_cabac%_%no_deblock%_%no_mixed_refs%_%no_weightb%_%rc_lookahead%_%rc_lookahead_60%_%ref%_%ref_1%_%root%_%;263.3733;344.999
no_asm%_%no_cabac%_%no_deblock%_%no_mbtree%_%no_mixed_refs%_%no_weightb%_%rc_lookahead%_%rc_lookahead_60%_%ref%_%ref_1%_%root%_%;295.41;404.188
no_asm%_%no_cabac%_%no_deblock%_%no_fast_pskip%_%no_mixed_refs%_%no_weightb%_%rc_lookahead%_%rc_lookahead_60%_%ref%_%ref_1%_%root%_%;269.4933;440.1587
no_asm%_%no_cabac%_%no_deblock%_%no_fast_pskip%_%no_mixed_refs%_%no_weightb%_%rc_lookahead%_%rc_lookahead_20%_%ref%_%ref_1%_%root%_%;266.2733;440.1587
no_asm%_%no_cabac%_%no_deblock%_%no_fast_pskip%_%no_mbtree%_%no_mixed_refs%_%no_weightb%_%rc_lookahead%_%rc_lookahead_60%_%ref%_%ref_1%_%root%_%;299.6767;472.008
no_8x8dct%_%no_asm%_%rc_lookahead%_%rc_lookahead_60%_%ref%_%ref_1%_%root%_%;257.9733;360.0337
no_8x8dct%_%no_asm%_%no_fast_pskip%_%rc_lookahead%_%rc_lookahead_60%_%ref%_%ref_1%_%root%_%;264.2933;492.4467
no_8x8dct%_%no_asm%_%no_cabac%_%rc_lookahead%_%rc_lookahead_60%_%ref%_%ref_1%_%root%_%;247.73;357.6323
no_8x8dct%_%no_asm%_%no_cabac%_%no_fast_pskip%_%rc_lookahead%_%rc_lookahead_60%_%ref%_%ref_1%_%root%_%;252.9633;487.0533
no_8x8dct%_%no_asm%_%no_weightb%_%rc_lookahead%_%rc_lookahead_60%_%ref%_%ref_1%_%root%_%;257.9267;359.9713
no_8x8dct%_%no_asm%_%no_cabac%_%no_weightb%_%rc_lookahead%_%rc_lookahead_60%_%ref%_%ref_1%_%root%_%;247.5067;357.383
no_8x8dct%_%no_asm%_%no_fast_pskip%_%no_weightb%_%rc_lookahead%_%rc_lookahead_60%_%ref%_%ref_1%_%root%_%;264.2867;492.0607
no_8x8dct%_%no_asm%_%no_cabac%_%no_fast_pskip%_%no_weightb%_%rc_lookahead%_%rc_lookahead_60%_%ref%_%ref_1%_%root%_%;253.01;486.8957
no_8x8dct%_%no_asm%_%no_mixed_refs%_%rc_lookahead%_%rc_lookahead_60%_%ref%_%ref_1%_%root%_%;258.1133;338.1007
no_asm%_%no_mbtree%_%rc_lookahead%_%rc_lookahead_20%_%ref%_%ref_1%_%root%_%;305.4;488.9367
no_8x8dct%_%no_asm%_%no_fast_pskip%_%no_mixed_refs%_%rc_lookahead%_%rc_lookahead_60%_%ref%_%ref_1%_%root%_%;264.38;431.2273
no_8x8dct%_%no_asm%_%no_mixed_refs%_%no_weightb%_%rc_lookahead%_%rc_lookahead_60%_%ref%_%ref_1%_%root%_%;257.8767;338.1007
no_8x8dct%_%no_asm%_%no_fast_pskip%_%no_mixed_refs%_%no_weightb%_%rc_lookahead%_%rc_lookahead_60%_%ref%_%ref_1%_%root%_%;264.33;431.1917
no_8x8dct%_%no_asm%_%no_cabac%_%no_mixed_refs%_%rc_lookahead%_%rc_lookahead_60%_%ref%_%ref_1%_%root%_%;247.7167;334.4533
no_8x8dct%_%no_asm%_%no_cabac%_%no_mixed_refs%_%no_weightb%_%rc_lookahead%_%rc_lookahead_60%_%ref%_%ref_1%_%root%_%;247.6933;334.448
no_8x8dct%_%no_asm%_%no_cabac%_%no_fast_pskip%_%no_mixed_refs%_%rc_lookahead%_%rc_lookahead_60%_%ref%_%ref_1%_%root%_%;253.1267;426.2707
no_8x8dct%_%no_asm%_%no_cabac%_%no_fast_pskip%_%no_mixed_refs%_%no_weightb%_%rc_lookahead%_%rc_lookahead_60%_%ref%_%ref_1%_%root%_%;253.08;426.235
no_8x8dct%_%no_asm%_%no_deblock%_%rc_lookahead%_%rc_lookahead_60%_%ref%_%ref_1%_%root%_%;257.4633;360.301
no_8x8dct%_%no_asm%_%no_deblock%_%no_fast_pskip%_%rc_lookahead%_%rc_lookahead_60%_%ref%_%ref_1%_%root%_%;263.91;492.4467
no_8x8dct%_%no_asm%_%no_cabac%_%no_deblock%_%rc_lookahead%_%rc_lookahead_60%_%ref%_%ref_1%_%root%_%;247.4833;358.235
no_asm%_%no_deblock%_%no_mbtree%_%rc_lookahead%_%rc_lookahead_20%_%ref%_%ref_1%_%root%_%;304.9;489.2447
no_8x8dct%_%no_asm%_%no_cabac%_%no_deblock%_%no_fast_pskip%_%rc_lookahead%_%rc_lookahead_60%_%ref%_%ref_1%_%root%_%;252.8267;487.0533
no_8x8dct%_%no_asm%_%no_deblock%_%no_mixed_refs%_%rc_lookahead%_%rc_lookahead_60%_%ref%_%ref_1%_%root%_%;257.4067;337.8317
no_8x8dct%_%no_asm%_%no_cabac%_%no_deblock%_%no_mixed_refs%_%rc_lookahead%_%rc_lookahead_60%_%ref%_%ref_1%_%root%_%;247.6667;334.1007
no_8x8dct%_%no_asm%_%no_deblock%_%no_fast_pskip%_%no_mixed_refs%_%rc_lookahead%_%rc_lookahead_60%_%ref%_%ref_1%_%root%_%;263.8467;431.4187
no_8x8dct%_%no_asm%_%no_cabac%_%no_deblock%_%no_fast_pskip%_%no_mixed_refs%_%rc_lookahead%_%rc_lookahead_60%_%ref%_%ref_1%_%root%_%;252.78;426.0423
no_8x8dct%_%no_asm%_%no_deblock%_%no_weightb%_%rc_lookahead%_%rc_lookahead_60%_%ref%_%ref_1%_%root%_%;257.45;360.301
no_8x8dct%_%no_asm%_%no_deblock%_%no_fast_pskip%_%no_weightb%_%rc_lookahead%_%rc_lookahead_60%_%ref%_%ref_1%_%root%_%;263.8533;492.0607
no_8x8dct%_%no_asm%_%no_deblock%_%no_mixed_refs%_%no_weightb%_%rc_lookahead%_%rc_lookahead_60%_%ref%_%ref_1%_%root%_%;257.53;337.8317
no_8x8dct%_%no_asm%_%no_deblock%_%no_fast_pskip%_%no_mixed_refs%_%no_weightb%_%rc_lookahead%_%rc_lookahead_60%_%ref%_%ref_1%_%root%_%;263.92;431.3473
no_8x8dct%_%no_asm%_%no_cabac%_%no_deblock%_%no_weightb%_%rc_lookahead%_%rc_lookahead_60%_%ref%_%ref_1%_%root%_%;247.5167;358.1793
no_asm%_%no_fast_pskip%_%no_mbtree%_%rc_lookahead%_%rc_lookahead_20%_%ref%_%ref_1%_%root%_%;310.58;572.6557
no_8x8dct%_%no_asm%_%no_cabac%_%no_deblock%_%no_mixed_refs%_%no_weightb%_%rc_lookahead%_%rc_lookahead_60%_%ref%_%ref_1%_%root%_%;247.5367;334.0993
no_8x8dct%_%no_asm%_%no_cabac%_%no_deblock%_%no_fast_pskip%_%no_weightb%_%rc_lookahead%_%rc_lookahead_60%_%ref%_%ref_1%_%root%_%;252.7367;486.8957
no_8x8dct%_%no_asm%_%no_cabac%_%no_deblock%_%no_fast_pskip%_%no_mixed_refs%_%no_weightb%_%rc_lookahead%_%rc_lookahead_60%_%ref%_%ref_1%_%root%_%;252.63;425.9353
no_8x8dct%_%no_asm%_%no_mbtree%_%rc_lookahead%_%rc_lookahead_60%_%ref%_%ref_1%_%root%_%;287.1133;470.9487
no_8x8dct%_%no_asm%_%no_fast_pskip%_%no_mbtree%_%rc_lookahead%_%rc_lookahead_60%_%ref%_%ref_1%_%root%_%;291.6433;543.9213
no_8x8dct%_%no_asm%_%no_cabac%_%no_mbtree%_%rc_lookahead%_%rc_lookahead_60%_%ref%_%ref_1%_%root%_%;275.97;472.0627
no_8x8dct%_%no_asm%_%no_cabac%_%no_fast_pskip%_%no_mbtree%_%rc_lookahead%_%rc_lookahead_60%_%ref%_%ref_1%_%root%_%;279.84;541.143
no_8x8dct%_%no_asm%_%no_mbtree%_%no_weightb%_%rc_lookahead%_%rc_lookahead_60%_%ref%_%ref_1%_%root%_%;287.1067;469.024
no_8x8dct%_%no_asm%_%no_cabac%_%no_mbtree%_%no_weightb%_%rc_lookahead%_%rc_lookahead_60%_%ref%_%ref_1%_%root%_%;275.96;469.9627
no_8x8dct%_%no_asm%_%no_fast_pskip%_%no_mbtree%_%no_weightb%_%rc_lookahead%_%rc_lookahead_60%_%ref%_%ref_1%_%root%_%;291.53;543.3253
no_asm%_%no_deblock%_%no_fast_pskip%_%no_mbtree%_%rc_lookahead%_%rc_lookahead_20%_%ref%_%ref_1%_%root%_%;310.1767;572.6557
no_8x8dct%_%no_asm%_%no_cabac%_%no_fast_pskip%_%no_mbtree%_%no_weightb%_%rc_lookahead%_%rc_lookahead_60%_%ref%_%ref_1%_%root%_%;279.7567;540.7457
no_8x8dct%_%no_asm%_%no_deblock%_%no_mbtree%_%rc_lookahead%_%rc_lookahead_60%_%ref%_%ref_1%_%root%_%;286.3533;474.2793
no_8x8dct%_%no_asm%_%no_deblock%_%no_fast_pskip%_%no_mbtree%_%rc_lookahead%_%rc_lookahead_60%_%ref%_%ref_1%_%root%_%;291.14;543.9093
no_8x8dct%_%no_asm%_%no_deblock%_%no_mbtree%_%no_weightb%_%rc_lookahead%_%rc_lookahead_60%_%ref%_%ref_1%_%root%_%;286.3267;472.3547
no_8x8dct%_%no_asm%_%no_deblock%_%no_fast_pskip%_%no_mbtree%_%no_weightb%_%rc_lookahead%_%rc_lookahead_60%_%ref%_%ref_1%_%root%_%;291.0567;543.1603
no_8x8dct%_%no_asm%_%no_cabac%_%no_deblock%_%no_mbtree%_%rc_lookahead%_%rc_lookahead_60%_%ref%_%ref_1%_%root%_%;275.4533;475.5687
no_8x8dct%_%no_asm%_%no_cabac%_%no_deblock%_%no_mbtree%_%no_weightb%_%rc_lookahead%_%rc_lookahead_60%_%ref%_%ref_1%_%root%_%;275.4267;473.4687
no_8x8dct%_%no_asm%_%no_cabac%_%no_deblock%_%no_fast_pskip%_%no_mbtree%_%rc_lookahead%_%rc_lookahead_60%_%ref%_%ref_1%_%root%_%;279.2233;540.7337
no_8x8dct%_%no_asm%_%no_cabac%_%no_deblock%_%no_fast_pskip%_%no_mbtree%_%no_weightb%_%rc_lookahead%_%rc_lookahead_60%_%ref%_%ref_1%_%root%_%;279.2167;540.2853
no_8x8dct%_%no_asm%_%no_mbtree%_%no_mixed_refs%_%rc_lookahead%_%rc_lookahead_60%_%ref%_%ref_1%_%root%_%;287.0533;401.1837
no_asm%_%no_cabac%_%no_mbtree%_%rc_lookahead%_%rc_lookahead_20%_%ref%_%ref_1%_%root%_%;295.47;487.6827
no_8x8dct%_%no_asm%_%no_fast_pskip%_%no_mbtree%_%no_mixed_refs%_%rc_lookahead%_%rc_lookahead_60%_%ref%_%ref_1%_%root%_%;291.4833;459.3487
no_8x8dct%_%no_asm%_%no_cabac%_%no_mbtree%_%no_mixed_refs%_%rc_lookahead%_%rc_lookahead_60%_%ref%_%ref_1%_%root%_%;275.9867;400.704
no_8x8dct%_%no_asm%_%no_cabac%_%no_fast_pskip%_%no_mbtree%_%no_mixed_refs%_%rc_lookahead%_%rc_lookahead_60%_%ref%_%ref_1%_%root%_%;279.8533;456.1217
no_8x8dct%_%no_asm%_%no_deblock%_%no_mbtree%_%no_mixed_refs%_%rc_lookahead%_%rc_lookahead_60%_%ref%_%ref_1%_%root%_%;286.47;398.5287
no_8x8dct%_%no_asm%_%no_cabac%_%no_deblock%_%no_mbtree%_%no_mixed_refs%_%rc_lookahead%_%rc_lookahead_60%_%ref%_%ref_1%_%root%_%;275.39;398.5287
no_8x8dct%_%no_asm%_%no_deblock%_%no_fast_pskip%_%no_mbtree%_%no_mixed_refs%_%rc_lookahead%_%rc_lookahead_60%_%ref%_%ref_1%_%root%_%;291.2767;460.4233
no_8x8dct%_%no_asm%_%no_cabac%_%no_deblock%_%no_fast_pskip%_%no_mbtree%_%no_mixed_refs%_%rc_lookahead%_%rc_lookahead_60%_%ref%_%ref_1%_%root%_%;279.13;456.9773
no_8x8dct%_%no_asm%_%no_mbtree%_%no_mixed_refs%_%no_weightb%_%rc_lookahead%_%rc_lookahead_60%_%ref%_%ref_1%_%root%_%;287.0633;398.7917
no_8x8dct%_%no_asm%_%no_fast_pskip%_%no_mbtree%_%no_mixed_refs%_%no_weightb%_%rc_lookahead%_%rc_lookahead_60%_%ref%_%ref_1%_%root%_%;291.5867;459.4217
no_8x8dct%_%no_asm%_%no_deblock%_%no_mbtree%_%no_mixed_refs%_%no_weightb%_%rc_lookahead%_%rc_lookahead_60%_%ref%_%ref_1%_%root%_%;286.4567;396.1367
no_asm%_%no_cabac%_%no_fast_pskip%_%no_mbtree%_%rc_lookahead%_%rc_lookahead_20%_%ref%_%ref_1%_%root%_%;299.66;562.7193
no_8x8dct%_%no_asm%_%no_deblock%_%no_fast_pskip%_%no_mbtree%_%no_mixed_refs%_%no_weightb%_%rc_lookahead%_%rc_lookahead_60%_%ref%_%ref_1%_%root%_%;291.2367;460.4963
no_8x8dct%_%no_asm%_%no_cabac%_%no_mbtree%_%no_mixed_refs%_%no_weightb%_%rc_lookahead%_%rc_lookahead_60%_%ref%_%ref_1%_%root%_%;276.0733;398.312
no_8x8dct%_%no_asm%_%no_cabac%_%no_deblock%_%no_mbtree%_%no_mixed_refs%_%no_weightb%_%rc_lookahead%_%rc_lookahead_60%_%ref%_%ref_1%_%root%_%;275.46;396.1367
no_8x8dct%_%no_asm%_%no_cabac%_%no_fast_pskip%_%no_mbtree%_%no_mixed_refs%_%no_weightb%_%rc_lookahead%_%rc_lookahead_60%_%ref%_%ref_1%_%root%_%;279.9267;456.1947
no_8x8dct%_%no_asm%_%no_cabac%_%no_deblock%_%no_fast_pskip%_%no_mbtree%_%no_mixed_refs%_%no_weightb%_%rc_lookahead%_%rc_lookahead_60%_%ref%_%ref_1%_%root%_%;279.2467;457.0063
no_asm%_%rc_lookahead%_%rc_lookahead_40%_%ref%_%ref_5%_%root%_%;444.6;442.5257
no_asm%_%no_deblock%_%rc_lookahead%_%rc_lookahead_40%_%ref%_%ref_5%_%root%_%;446.6333;442.787
no_asm%_%no_fast_pskip%_%rc_lookahead%_%rc_lookahead_40%_%ref%_%ref_5%_%root%_%;515.5433;515.067
no_asm%_%no_deblock%_%no_fast_pskip%_%rc_lookahead%_%rc_lookahead_40%_%ref%_%ref_5%_%root%_%;518.1433;515.8443
no_asm%_%no_cabac%_%rc_lookahead%_%rc_lookahead_40%_%ref%_%ref_5%_%root%_%;438.1967;437.8703
no_asm%_%no_cabac%_%no_deblock%_%no_mbtree%_%rc_lookahead%_%rc_lookahead_20%_%ref%_%ref_1%_%root%_%;295.3667;488.628
no_asm%_%no_cabac%_%no_fast_pskip%_%rc_lookahead%_%rc_lookahead_40%_%ref%_%ref_5%_%root%_%;507.75;507.0637
no_asm%_%no_cabac%_%no_deblock%_%rc_lookahead%_%rc_lookahead_40%_%ref%_%ref_5%_%root%_%;439.6067;437.905
no_asm%_%no_cabac%_%no_deblock%_%no_fast_pskip%_%rc_lookahead%_%rc_lookahead_40%_%ref%_%ref_5%_%root%_%;509.2733;507.6443
no_asm%_%no_weightb%_%rc_lookahead%_%rc_lookahead_40%_%ref%_%ref_5%_%root%_%;444.3333;442.0467
no_asm%_%no_deblock%_%no_weightb%_%rc_lookahead%_%rc_lookahead_40%_%ref%_%ref_5%_%root%_%;446.6;442.3697
no_asm%_%no_cabac%_%no_weightb%_%rc_lookahead%_%rc_lookahead_40%_%ref%_%ref_5%_%root%_%;437.9333;436.7843
no_asm%_%no_cabac%_%no_deblock%_%no_weightb%_%rc_lookahead%_%rc_lookahead_40%_%ref%_%ref_5%_%root%_%;439.26;436.9243
no_asm%_%no_fast_pskip%_%no_weightb%_%rc_lookahead%_%rc_lookahead_40%_%ref%_%ref_5%_%root%_%;515.6633;514.3927
no_asm%_%no_cabac%_%no_fast_pskip%_%no_weightb%_%rc_lookahead%_%rc_lookahead_40%_%ref%_%ref_5%_%root%_%;507.39;507.0517
no_asm%_%no_deblock%_%no_fast_pskip%_%no_weightb%_%rc_lookahead%_%rc_lookahead_40%_%ref%_%ref_5%_%root%_%;517.1233;515.3087
no_asm%_%no_deblock%_%no_fast_pskip%_%rc_lookahead%_%rc_lookahead_20%_%ref%_%ref_1%_%root%_%;275.4267;515.8443
no_asm%_%no_cabac%_%no_deblock%_%no_fast_pskip%_%no_mbtree%_%rc_lookahead%_%rc_lookahead_20%_%ref%_%ref_1%_%root%_%;299.6367;563.1673
no_asm%_%no_cabac%_%no_deblock%_%no_fast_pskip%_%no_weightb%_%rc_lookahead%_%rc_lookahead_40%_%ref%_%ref_5%_%root%_%;508.6233;507.6763
no_asm%_%no_mixed_refs%_%rc_lookahead%_%rc_lookahead_40%_%ref%_%ref_5%_%root%_%;383.0533;380.4277
no_asm%_%no_deblock%_%no_mixed_refs%_%rc_lookahead%_%rc_lookahead_40%_%ref%_%ref_5%_%root%_%;382.12;380.1433
no_asm%_%no_fast_pskip%_%no_mixed_refs%_%rc_lookahead%_%rc_lookahead_40%_%ref%_%ref_5%_%root%_%;449.28;445.099
no_asm%_%no_deblock%_%no_fast_pskip%_%no_mixed_refs%_%rc_lookahead%_%rc_lookahead_40%_%ref%_%ref_5%_%root%_%;448.53;444.5017
no_asm%_%no_mixed_refs%_%no_weightb%_%rc_lookahead%_%rc_lookahead_40%_%ref%_%ref_5%_%root%_%;382.8833;380.3443
no_asm%_%no_fast_pskip%_%no_mixed_refs%_%no_weightb%_%rc_lookahead%_%rc_lookahead_40%_%ref%_%ref_5%_%root%_%;449.1333;444.9817
no_asm%_%no_deblock%_%no_mixed_refs%_%no_weightb%_%rc_lookahead%_%rc_lookahead_40%_%ref%_%ref_5%_%root%_%;382.01;380.054
no_asm%_%no_deblock%_%no_fast_pskip%_%no_mixed_refs%_%no_weightb%_%rc_lookahead%_%rc_lookahead_40%_%ref%_%ref_5%_%root%_%;448.11;444.3843
no_asm%_%no_cabac%_%no_mixed_refs%_%rc_lookahead%_%rc_lookahead_40%_%ref%_%ref_5%_%root%_%;380.6633;378.39
no_asm%_%no_mbtree%_%no_mixed_refs%_%rc_lookahead%_%rc_lookahead_20%_%ref%_%ref_1%_%root%_%;305.26;410.4573
no_asm%_%no_cabac%_%no_deblock%_%no_mixed_refs%_%rc_lookahead%_%rc_lookahead_40%_%ref%_%ref_5%_%root%_%;379.4567;377.7973
no_asm%_%no_cabac%_%no_mixed_refs%_%no_weightb%_%rc_lookahead%_%rc_lookahead_40%_%ref%_%ref_5%_%root%_%;380.2767;378.3233
no_asm%_%no_cabac%_%no_deblock%_%no_mixed_refs%_%no_weightb%_%rc_lookahead%_%rc_lookahead_40%_%ref%_%ref_5%_%root%_%;379.4;377.634
no_asm%_%no_cabac%_%no_fast_pskip%_%no_mixed_refs%_%rc_lookahead%_%rc_lookahead_40%_%ref%_%ref_5%_%root%_%;445.8367;441.037
no_asm%_%no_cabac%_%no_fast_pskip%_%no_mixed_refs%_%no_weightb%_%rc_lookahead%_%rc_lookahead_40%_%ref%_%ref_5%_%root%_%;445.4567;440.9197
no_asm%_%no_cabac%_%no_deblock%_%no_fast_pskip%_%no_mixed_refs%_%rc_lookahead%_%rc_lookahead_40%_%ref%_%ref_5%_%root%_%;444.6067;440.276
no_asm%_%no_cabac%_%no_deblock%_%no_fast_pskip%_%no_mixed_refs%_%no_weightb%_%rc_lookahead%_%rc_lookahead_40%_%ref%_%ref_5%_%root%_%;444.38;440.1587
no_asm%_%no_mbtree%_%rc_lookahead%_%rc_lookahead_40%_%ref%_%ref_5%_%root%_%;519.5833;513.2127
no_asm%_%no_deblock%_%no_mbtree%_%rc_lookahead%_%rc_lookahead_40%_%ref%_%ref_5%_%root%_%;521.8433;513.696
no_asm%_%no_fast_pskip%_%no_mbtree%_%rc_lookahead%_%rc_lookahead_40%_%ref%_%ref_5%_%root%_%;571.3967;572.6557
no_asm%_%no_deblock%_%no_mbtree%_%no_mixed_refs%_%rc_lookahead%_%rc_lookahead_20%_%ref%_%ref_1%_%root%_%;304.9667;407.9107
no_asm%_%no_deblock%_%no_fast_pskip%_%no_mbtree%_%rc_lookahead%_%rc_lookahead_40%_%ref%_%ref_5%_%root%_%;573.63;572.6557
no_asm%_%no_cabac%_%no_mbtree%_%rc_lookahead%_%rc_lookahead_40%_%ref%_%ref_5%_%root%_%;511.58;511.9587
no_asm%_%no_cabac%_%no_fast_pskip%_%no_mbtree%_%rc_lookahead%_%rc_lookahead_40%_%ref%_%ref_5%_%root%_%;562.6767;562.7193
no_asm%_%no_cabac%_%no_deblock%_%no_mbtree%_%rc_lookahead%_%rc_lookahead_40%_%ref%_%ref_5%_%root%_%;513.2333;513.0793
no_asm%_%no_cabac%_%no_deblock%_%no_fast_pskip%_%no_mbtree%_%rc_lookahead%_%rc_lookahead_40%_%ref%_%ref_5%_%root%_%;564.2;563.1673
no_asm%_%no_mbtree%_%no_mixed_refs%_%rc_lookahead%_%rc_lookahead_40%_%ref%_%ref_5%_%root%_%;433.2233;426.428
no_asm%_%no_deblock%_%no_mbtree%_%no_mixed_refs%_%rc_lookahead%_%rc_lookahead_40%_%ref%_%ref_5%_%root%_%;432.6667;423.8813
no_asm%_%no_cabac%_%no_mbtree%_%no_mixed_refs%_%rc_lookahead%_%rc_lookahead_40%_%ref%_%ref_5%_%root%_%;428.3833;424.5093
no_asm%_%no_cabac%_%no_deblock%_%no_mbtree%_%no_mixed_refs%_%rc_lookahead%_%rc_lookahead_40%_%ref%_%ref_5%_%root%_%;427.7533;422.4423
no_asm%_%no_fast_pskip%_%no_mbtree%_%no_mixed_refs%_%rc_lookahead%_%rc_lookahead_40%_%ref%_%ref_5%_%root%_%;482.8767;472.154
no_asm%_%no_cabac%_%no_mbtree%_%no_mixed_refs%_%rc_lookahead%_%rc_lookahead_20%_%ref%_%ref_1%_%root%_%;295.5067;408.5387
no_asm%_%no_cabac%_%no_fast_pskip%_%no_mbtree%_%no_mixed_refs%_%rc_lookahead%_%rc_lookahead_40%_%ref%_%ref_5%_%root%_%;476.9133;472.154
no_asm%_%no_deblock%_%no_fast_pskip%_%no_mbtree%_%no_mixed_refs%_%rc_lookahead%_%rc_lookahead_40%_%ref%_%ref_5%_%root%_%;482.2567;472.008
no_asm%_%no_cabac%_%no_deblock%_%no_fast_pskip%_%no_mbtree%_%no_mixed_refs%_%rc_lookahead%_%rc_lookahead_40%_%ref%_%ref_5%_%root%_%;476.33;472.008
no_asm%_%no_mbtree%_%no_weightb%_%rc_lookahead%_%rc_lookahead_40%_%ref%_%ref_5%_%root%_%;519.1533;511.2453
no_asm%_%no_deblock%_%no_mbtree%_%no_weightb%_%rc_lookahead%_%rc_lookahead_40%_%ref%_%ref_5%_%root%_%;521.6067;511.75
no_asm%_%no_fast_pskip%_%no_mbtree%_%no_weightb%_%rc_lookahead%_%rc_lookahead_40%_%ref%_%ref_5%_%root%_%;571.31;572.5397
no_asm%_%no_deblock%_%no_fast_pskip%_%no_mbtree%_%no_weightb%_%rc_lookahead%_%rc_lookahead_40%_%ref%_%ref_5%_%root%_%;573.4;572.5397
no_asm%_%no_mbtree%_%no_mixed_refs%_%no_weightb%_%rc_lookahead%_%rc_lookahead_40%_%ref%_%ref_5%_%root%_%;433.1533;424.1443
no_asm%_%no_fast_pskip%_%no_mbtree%_%no_mixed_refs%_%no_weightb%_%rc_lookahead%_%rc_lookahead_40%_%ref%_%ref_5%_%root%_%;482.6133;472.154
no_asm%_%no_deblock%_%no_mbtree%_%no_mixed_refs%_%no_weightb%_%rc_lookahead%_%rc_lookahead_40%_%ref%_%ref_5%_%root%_%;432.7967;421.5977
no_asm%_%no_cabac%_%no_deblock%_%no_mbtree%_%no_mixed_refs%_%rc_lookahead%_%rc_lookahead_20%_%ref%_%ref_1%_%root%_%;295.2567;406.4717
no_asm%_%no_deblock%_%no_fast_pskip%_%no_mbtree%_%no_mixed_refs%_%no_weightb%_%rc_lookahead%_%rc_lookahead_40%_%ref%_%ref_5%_%root%_%;482.04;472.008
no_asm%_%no_cabac%_%no_mbtree%_%no_weightb%_%rc_lookahead%_%rc_lookahead_40%_%ref%_%ref_5%_%root%_%;511.3433;509.7947
no_asm%_%no_cabac%_%no_deblock%_%no_mbtree%_%no_weightb%_%rc_lookahead%_%rc_lookahead_40%_%ref%_%ref_5%_%root%_%;513;510.958
no_asm%_%no_cabac%_%no_mbtree%_%no_mixed_refs%_%no_weightb%_%rc_lookahead%_%rc_lookahead_40%_%ref%_%ref_5%_%root%_%;428.0733;422.2257
no_asm%_%no_cabac%_%no_deblock%_%no_mbtree%_%no_mixed_refs%_%no_weightb%_%rc_lookahead%_%rc_lookahead_40%_%ref%_%ref_5%_%root%_%;427.4767;420.1587
no_asm%_%no_cabac%_%no_fast_pskip%_%no_mbtree%_%no_weightb%_%rc_lookahead%_%rc_lookahead_40%_%ref%_%ref_5%_%root%_%;562.2967;563.1673
no_asm%_%no_cabac%_%no_fast_pskip%_%no_mbtree%_%no_mixed_refs%_%no_weightb%_%rc_lookahead%_%rc_lookahead_40%_%ref%_%ref_5%_%root%_%;476.9533;472.154
no_asm%_%no_cabac%_%no_deblock%_%no_fast_pskip%_%no_mbtree%_%no_weightb%_%rc_lookahead%_%rc_lookahead_40%_%ref%_%ref_5%_%root%_%;564.03;563.6153
no_asm%_%no_cabac%_%no_deblock%_%no_fast_pskip%_%no_mbtree%_%no_mixed_refs%_%no_weightb%_%rc_lookahead%_%rc_lookahead_40%_%ref%_%ref_5%_%root%_%;476.1267;472.008
no_8x8dct%_%no_asm%_%rc_lookahead%_%rc_lookahead_40%_%ref%_%ref_5%_%root%_%;425.15;421.1573
no_asm%_%no_fast_pskip%_%no_mbtree%_%no_mixed_refs%_%rc_lookahead%_%rc_lookahead_20%_%ref%_%ref_1%_%root%_%;310.52;472.154
no_8x8dct%_%no_asm%_%no_deblock%_%rc_lookahead%_%rc_lookahead_40%_%ref%_%ref_5%_%root%_%;427.07;421.555
no_8x8dct%_%no_asm%_%no_fast_pskip%_%rc_lookahead%_%rc_lookahead_40%_%ref%_%ref_5%_%root%_%;493.8933;492.4467
no_8x8dct%_%no_asm%_%no_deblock%_%no_fast_pskip%_%rc_lookahead%_%rc_lookahead_40%_%ref%_%ref_5%_%root%_%;495.1;492.4467
no_8x8dct%_%no_asm%_%no_cabac%_%rc_lookahead%_%rc_lookahead_40%_%ref%_%ref_5%_%root%_%;418.5633;416.899
no_8x8dct%_%no_asm%_%no_cabac%_%no_fast_pskip%_%rc_lookahead%_%rc_lookahead_40%_%ref%_%ref_5%_%root%_%;486.6367;487.0533
no_8x8dct%_%no_asm%_%no_cabac%_%no_deblock%_%rc_lookahead%_%rc_lookahead_40%_%ref%_%ref_5%_%root%_%;420.01;417.837
no_8x8dct%_%no_asm%_%no_cabac%_%no_deblock%_%no_fast_pskip%_%rc_lookahead%_%rc_lookahead_40%_%ref%_%ref_5%_%root%_%;487.3733;487.0533
no_8x8dct%_%no_asm%_%no_weightb%_%rc_lookahead%_%rc_lookahead_40%_%ref%_%ref_5%_%root%_%;424.82;421.0327
no_8x8dct%_%no_asm%_%no_deblock%_%no_weightb%_%rc_lookahead%_%rc_lookahead_40%_%ref%_%ref_5%_%root%_%;426.75;421.4993
no_8x8dct%_%no_asm%_%no_cabac%_%no_weightb%_%rc_lookahead%_%rc_lookahead_40%_%ref%_%ref_5%_%root%_%;418.1233;416.4627
no_asm%_%no_cabac%_%no_fast_pskip%_%no_mbtree%_%no_mixed_refs%_%rc_lookahead%_%rc_lookahead_20%_%ref%_%ref_1%_%root%_%;299.77;472.154
no_8x8dct%_%no_asm%_%no_cabac%_%no_deblock%_%no_weightb%_%rc_lookahead%_%rc_lookahead_40%_%ref%_%ref_5%_%root%_%;419.82;417.67
no_8x8dct%_%no_asm%_%no_fast_pskip%_%no_weightb%_%rc_lookahead%_%rc_lookahead_40%_%ref%_%ref_5%_%root%_%;493.44;492.0607
no_8x8dct%_%no_asm%_%no_cabac%_%no_fast_pskip%_%no_weightb%_%rc_lookahead%_%rc_lookahead_40%_%ref%_%ref_5%_%root%_%;486.57;486.8957
no_8x8dct%_%no_asm%_%no_deblock%_%no_fast_pskip%_%no_weightb%_%rc_lookahead%_%rc_lookahead_40%_%ref%_%ref_5%_%root%_%;494.2667;492.0607
no_8x8dct%_%no_asm%_%no_cabac%_%no_deblock%_%no_fast_pskip%_%no_weightb%_%rc_lookahead%_%rc_lookahead_40%_%ref%_%ref_5%_%root%_%;487.0567;486.8957
no_8x8dct%_%no_asm%_%no_mbtree%_%rc_lookahead%_%rc_lookahead_40%_%ref%_%ref_5%_%root%_%;492.3067;493.4753
no_8x8dct%_%no_asm%_%no_deblock%_%no_mbtree%_%rc_lookahead%_%rc_lookahead_40%_%ref%_%ref_5%_%root%_%;494.2333;496.806
no_8x8dct%_%no_asm%_%no_fast_pskip%_%no_mbtree%_%rc_lookahead%_%rc_lookahead_40%_%ref%_%ref_5%_%root%_%;543.4633;543.9213
no_8x8dct%_%no_asm%_%no_deblock%_%no_fast_pskip%_%no_mbtree%_%rc_lookahead%_%rc_lookahead_40%_%ref%_%ref_5%_%root%_%;544.74;543.9093
no_8x8dct%_%no_asm%_%no_mbtree%_%no_weightb%_%rc_lookahead%_%rc_lookahead_40%_%ref%_%ref_5%_%root%_%;492.3533;491.5507
no_asm%_%no_deblock%_%no_fast_pskip%_%no_mbtree%_%no_mixed_refs%_%rc_lookahead%_%rc_lookahead_20%_%ref%_%ref_1%_%root%_%;310.1533;472.008
no_8x8dct%_%no_asm%_%no_fast_pskip%_%no_mbtree%_%no_weightb%_%rc_lookahead%_%rc_lookahead_40%_%ref%_%ref_5%_%root%_%;543.2167;543.3253
no_8x8dct%_%no_asm%_%no_deblock%_%no_mbtree%_%no_weightb%_%rc_lookahead%_%rc_lookahead_40%_%ref%_%ref_5%_%root%_%;493.71;494.8813
no_8x8dct%_%no_asm%_%no_deblock%_%no_fast_pskip%_%no_mbtree%_%no_weightb%_%rc_lookahead%_%rc_lookahead_40%_%ref%_%ref_5%_%root%_%;544.75;543.1603
no_8x8dct%_%no_asm%_%no_cabac%_%no_mbtree%_%rc_lookahead%_%rc_lookahead_40%_%ref%_%ref_5%_%root%_%;485.4767;494.5893
no_8x8dct%_%no_asm%_%no_cabac%_%no_deblock%_%no_mbtree%_%rc_lookahead%_%rc_lookahead_40%_%ref%_%ref_5%_%root%_%;487.01;498.0953
no_8x8dct%_%no_asm%_%no_cabac%_%no_mbtree%_%no_weightb%_%rc_lookahead%_%rc_lookahead_40%_%ref%_%ref_5%_%root%_%;485.5233;492.4893
no_8x8dct%_%no_asm%_%no_cabac%_%no_deblock%_%no_mbtree%_%no_weightb%_%rc_lookahead%_%rc_lookahead_40%_%ref%_%ref_5%_%root%_%;486.8267;495.9953
no_8x8dct%_%no_asm%_%no_cabac%_%no_fast_pskip%_%no_mbtree%_%rc_lookahead%_%rc_lookahead_40%_%ref%_%ref_5%_%root%_%;535.8;541.143
no_8x8dct%_%no_asm%_%no_cabac%_%no_fast_pskip%_%no_mbtree%_%no_weightb%_%rc_lookahead%_%rc_lookahead_40%_%ref%_%ref_5%_%root%_%;535.86;540.7457
no_8x8dct%_%no_asm%_%no_cabac%_%no_deblock%_%no_fast_pskip%_%no_mbtree%_%rc_lookahead%_%rc_lookahead_40%_%ref%_%ref_5%_%root%_%;537.1433;540.7337
no_asm%_%no_cabac%_%no_deblock%_%no_fast_pskip%_%no_mbtree%_%no_mixed_refs%_%rc_lookahead%_%rc_lookahead_20%_%ref%_%ref_1%_%root%_%;299.6367;472.008
no_8x8dct%_%no_asm%_%no_cabac%_%no_deblock%_%no_fast_pskip%_%no_mbtree%_%no_weightb%_%rc_lookahead%_%rc_lookahead_40%_%ref%_%ref_5%_%root%_%;536.8767;540.2853
no_8x8dct%_%no_asm%_%no_mixed_refs%_%rc_lookahead%_%rc_lookahead_40%_%ref%_%ref_5%_%root%_%;369.81;367.8737
no_8x8dct%_%no_asm%_%no_deblock%_%no_mixed_refs%_%rc_lookahead%_%rc_lookahead_40%_%ref%_%ref_5%_%root%_%;368.9867;367.4253
no_8x8dct%_%no_asm%_%no_fast_pskip%_%no_mixed_refs%_%rc_lookahead%_%rc_lookahead_40%_%ref%_%ref_5%_%root%_%;433.86;431.2273
no_8x8dct%_%no_asm%_%no_deblock%_%no_fast_pskip%_%no_mixed_refs%_%rc_lookahead%_%rc_lookahead_40%_%ref%_%ref_5%_%root%_%;433;431.4187
no_8x8dct%_%no_asm%_%no_cabac%_%no_mixed_refs%_%rc_lookahead%_%rc_lookahead_40%_%ref%_%ref_5%_%root%_%;364.76;362.624
no_8x8dct%_%no_asm%_%no_cabac%_%no_fast_pskip%_%no_mixed_refs%_%rc_lookahead%_%rc_lookahead_40%_%ref%_%ref_5%_%root%_%;428.4133;426.2707
no_8x8dct%_%no_asm%_%no_cabac%_%no_deblock%_%no_mixed_refs%_%rc_lookahead%_%rc_lookahead_40%_%ref%_%ref_5%_%root%_%;363.9367;362.2123
no_8x8dct%_%no_asm%_%no_cabac%_%no_deblock%_%no_fast_pskip%_%no_mixed_refs%_%rc_lookahead%_%rc_lookahead_40%_%ref%_%ref_5%_%root%_%;427.2433;426.0423
no_8x8dct%_%no_asm%_%no_mbtree%_%no_mixed_refs%_%rc_lookahead%_%rc_lookahead_40%_%ref%_%ref_5%_%root%_%;414.8467;415.1957
no_asm%_%no_mbtree%_%no_weightb%_%rc_lookahead%_%rc_lookahead_20%_%ref%_%ref_1%_%root%_%;305.2833;486.9693
no_8x8dct%_%no_asm%_%no_deblock%_%no_mbtree%_%no_mixed_refs%_%rc_lookahead%_%rc_lookahead_40%_%ref%_%ref_5%_%root%_%;414.1733;412.5407
no_8x8dct%_%no_asm%_%no_cabac%_%no_mbtree%_%no_mixed_refs%_%rc_lookahead%_%rc_lookahead_40%_%ref%_%ref_5%_%root%_%;408.75;414.716
no_8x8dct%_%no_asm%_%no_cabac%_%no_deblock%_%no_mbtree%_%no_mixed_refs%_%rc_lookahead%_%rc_lookahead_40%_%ref%_%ref_5%_%root%_%;408.0733;412.5407
no_8x8dct%_%no_asm%_%no_fast_pskip%_%no_mbtree%_%no_mixed_refs%_%rc_lookahead%_%rc_lookahead_40%_%ref%_%ref_5%_%root%_%;463.39;459.3487
no_8x8dct%_%no_asm%_%no_cabac%_%no_fast_pskip%_%no_mbtree%_%no_mixed_refs%_%rc_lookahead%_%rc_lookahead_40%_%ref%_%ref_5%_%root%_%;456.7067;456.1217
no_8x8dct%_%no_asm%_%no_deblock%_%no_fast_pskip%_%no_mbtree%_%no_mixed_refs%_%rc_lookahead%_%rc_lookahead_40%_%ref%_%ref_5%_%root%_%;462.57;460.4233
no_8x8dct%_%no_asm%_%no_cabac%_%no_deblock%_%no_fast_pskip%_%no_mbtree%_%no_mixed_refs%_%rc_lookahead%_%rc_lookahead_40%_%ref%_%ref_5%_%root%_%;455.68;456.9773
no_8x8dct%_%no_asm%_%no_mixed_refs%_%no_weightb%_%rc_lookahead%_%rc_lookahead_40%_%ref%_%ref_5%_%root%_%;369.4633;367.8737
no_8x8dct%_%no_asm%_%no_deblock%_%no_mixed_refs%_%no_weightb%_%rc_lookahead%_%rc_lookahead_40%_%ref%_%ref_5%_%root%_%;368.63;367.4253
no_8x8dct%_%no_asm%_%no_fast_pskip%_%no_mixed_refs%_%no_weightb%_%rc_lookahead%_%rc_lookahead_40%_%ref%_%ref_5%_%root%_%;433.6933;431.1917
no_asm%_%no_cabac%_%rc_lookahead%_%rc_lookahead_20%_%ref%_%ref_1%_%root%_%;260.2667;370.132
no_asm%_%no_deblock%_%no_mbtree%_%no_weightb%_%rc_lookahead%_%rc_lookahead_20%_%ref%_%ref_1%_%root%_%;304.9967;487.2987
no_8x8dct%_%no_asm%_%no_deblock%_%no_fast_pskip%_%no_mixed_refs%_%no_weightb%_%rc_lookahead%_%rc_lookahead_40%_%ref%_%ref_5%_%root%_%;432.77;431.3473
no_8x8dct%_%no_asm%_%no_mbtree%_%no_mixed_refs%_%no_weightb%_%rc_lookahead%_%rc_lookahead_40%_%ref%_%ref_5%_%root%_%;414.6867;412.8037
no_8x8dct%_%no_asm%_%no_fast_pskip%_%no_mbtree%_%no_mixed_refs%_%no_weightb%_%rc_lookahead%_%rc_lookahead_40%_%ref%_%ref_5%_%root%_%;463.3467;459.4217
no_8x8dct%_%no_asm%_%no_deblock%_%no_mbtree%_%no_mixed_refs%_%no_weightb%_%rc_lookahead%_%rc_lookahead_40%_%ref%_%ref_5%_%root%_%;413.88;410.1487
no_8x8dct%_%no_asm%_%no_deblock%_%no_fast_pskip%_%no_mbtree%_%no_mixed_refs%_%no_weightb%_%rc_lookahead%_%rc_lookahead_40%_%ref%_%ref_5%_%root%_%;462.4367;460.4963
no_8x8dct%_%no_asm%_%no_cabac%_%no_mixed_refs%_%no_weightb%_%rc_lookahead%_%rc_lookahead_40%_%ref%_%ref_5%_%root%_%;364.3467;362.6187
no_8x8dct%_%no_asm%_%no_cabac%_%no_deblock%_%no_mixed_refs%_%no_weightb%_%rc_lookahead%_%rc_lookahead_40%_%ref%_%ref_5%_%root%_%;363.56;362.211
no_8x8dct%_%no_asm%_%no_cabac%_%no_mbtree%_%no_mixed_refs%_%no_weightb%_%rc_lookahead%_%rc_lookahead_40%_%ref%_%ref_5%_%root%_%;408.6167;412.324
no_8x8dct%_%no_asm%_%no_cabac%_%no_deblock%_%no_mbtree%_%no_mixed_refs%_%no_weightb%_%rc_lookahead%_%rc_lookahead_40%_%ref%_%ref_5%_%root%_%;407.6867;410.1487
no_8x8dct%_%no_asm%_%no_cabac%_%no_fast_pskip%_%no_mixed_refs%_%no_weightb%_%rc_lookahead%_%rc_lookahead_40%_%ref%_%ref_5%_%root%_%;428.16;426.235
no_asm%_%no_fast_pskip%_%no_mbtree%_%no_weightb%_%rc_lookahead%_%rc_lookahead_20%_%ref%_%ref_1%_%root%_%;310.5767;572.5397
no_8x8dct%_%no_asm%_%no_cabac%_%no_fast_pskip%_%no_mbtree%_%no_mixed_refs%_%no_weightb%_%rc_lookahead%_%rc_lookahead_40%_%ref%_%ref_5%_%root%_%;456.3633;456.1947
no_8x8dct%_%no_asm%_%no_cabac%_%no_deblock%_%no_fast_pskip%_%no_mixed_refs%_%no_weightb%_%rc_lookahead%_%rc_lookahead_40%_%ref%_%ref_5%_%root%_%;427.06;425.9353
no_8x8dct%_%no_asm%_%no_cabac%_%no_deblock%_%no_fast_pskip%_%no_mbtree%_%no_mixed_refs%_%no_weightb%_%rc_lookahead%_%rc_lookahead_40%_%ref%_%ref_5%_%root%_%;455.4;457.0063
no_asm%_%rc_lookahead%_%rc_lookahead_60%_%ref%_%ref_5%_%root%_%;445.5767;442.5257
no_asm%_%no_deblock%_%rc_lookahead%_%rc_lookahead_60%_%ref%_%ref_5%_%root%_%;447.6267;442.787
no_asm%_%no_fast_pskip%_%rc_lookahead%_%rc_lookahead_60%_%ref%_%ref_5%_%root%_%;516.7667;515.067
no_asm%_%no_deblock%_%no_fast_pskip%_%rc_lookahead%_%rc_lookahead_60%_%ref%_%ref_5%_%root%_%;518.8;515.8443
no_asm%_%no_cabac%_%rc_lookahead%_%rc_lookahead_60%_%ref%_%ref_5%_%root%_%;439.1067;437.8703
no_asm%_%no_cabac%_%no_fast_pskip%_%rc_lookahead%_%rc_lookahead_60%_%ref%_%ref_5%_%root%_%;508.9833;507.0637
no_asm%_%no_cabac%_%no_deblock%_%rc_lookahead%_%rc_lookahead_60%_%ref%_%ref_5%_%root%_%;440.6733;437.905
no_asm%_%no_deblock%_%no_fast_pskip%_%no_mbtree%_%no_weightb%_%rc_lookahead%_%rc_lookahead_20%_%ref%_%ref_1%_%root%_%;310.2167;572.5397
no_asm%_%no_cabac%_%no_deblock%_%no_fast_pskip%_%rc_lookahead%_%rc_lookahead_60%_%ref%_%ref_5%_%root%_%;510.21;507.6443
no_asm%_%no_weightb%_%rc_lookahead%_%rc_lookahead_60%_%ref%_%ref_5%_%root%_%;445.4867;442.0467
no_asm%_%no_deblock%_%no_weightb%_%rc_lookahead%_%rc_lookahead_60%_%ref%_%ref_5%_%root%_%;447.6467;442.3697
no_asm%_%no_cabac%_%no_weightb%_%rc_lookahead%_%rc_lookahead_60%_%ref%_%ref_5%_%root%_%;439.02;436.7843
no_asm%_%no_cabac%_%no_deblock%_%no_weightb%_%rc_lookahead%_%rc_lookahead_60%_%ref%_%ref_5%_%root%_%;440.41;436.9243
no_asm%_%no_fast_pskip%_%no_weightb%_%rc_lookahead%_%rc_lookahead_60%_%ref%_%ref_5%_%root%_%;516.5867;514.3927
no_asm%_%no_cabac%_%no_fast_pskip%_%no_weightb%_%rc_lookahead%_%rc_lookahead_60%_%ref%_%ref_5%_%root%_%;508.5467;507.0517
no_asm%_%no_deblock%_%no_fast_pskip%_%no_weightb%_%rc_lookahead%_%rc_lookahead_60%_%ref%_%ref_5%_%root%_%;518.5667;515.3087
no_asm%_%no_cabac%_%no_deblock%_%no_fast_pskip%_%no_weightb%_%rc_lookahead%_%rc_lookahead_60%_%ref%_%ref_5%_%root%_%;509.8033;507.6763
no_asm%_%no_mixed_refs%_%rc_lookahead%_%rc_lookahead_60%_%ref%_%ref_5%_%root%_%;384.1967;380.4277
no_asm%_%no_mbtree%_%no_mixed_refs%_%no_weightb%_%rc_lookahead%_%rc_lookahead_20%_%ref%_%ref_1%_%root%_%;305.48;408.1737
no_asm%_%no_deblock%_%no_mixed_refs%_%rc_lookahead%_%rc_lookahead_60%_%ref%_%ref_5%_%root%_%;383.26;380.1433
no_asm%_%no_fast_pskip%_%no_mixed_refs%_%rc_lookahead%_%rc_lookahead_60%_%ref%_%ref_5%_%root%_%;450.1567;445.099
no_asm%_%no_deblock%_%no_fast_pskip%_%no_mixed_refs%_%rc_lookahead%_%rc_lookahead_60%_%ref%_%ref_5%_%root%_%;449.3833;444.5017
no_asm%_%no_mixed_refs%_%no_weightb%_%rc_lookahead%_%rc_lookahead_60%_%ref%_%ref_5%_%root%_%;383.89;380.3443
no_asm%_%no_fast_pskip%_%no_mixed_refs%_%no_weightb%_%rc_lookahead%_%rc_lookahead_60%_%ref%_%ref_5%_%root%_%;450.13;444.9817
no_asm%_%no_deblock%_%no_mixed_refs%_%no_weightb%_%rc_lookahead%_%rc_lookahead_60%_%ref%_%ref_5%_%root%_%;382.98;380.054
no_asm%_%no_deblock%_%no_fast_pskip%_%no_mixed_refs%_%no_weightb%_%rc_lookahead%_%rc_lookahead_60%_%ref%_%ref_5%_%root%_%;449.03;444.3843
no_asm%_%no_cabac%_%no_mixed_refs%_%rc_lookahead%_%rc_lookahead_60%_%ref%_%ref_5%_%root%_%;381.4033;378.39
no_asm%_%no_cabac%_%no_deblock%_%no_mixed_refs%_%rc_lookahead%_%rc_lookahead_60%_%ref%_%ref_5%_%root%_%;380.5267;377.7973
no_asm%_%no_cabac%_%no_mixed_refs%_%no_weightb%_%rc_lookahead%_%rc_lookahead_60%_%ref%_%ref_5%_%root%_%;381.2133;378.3233
no_asm%_%no_fast_pskip%_%no_mbtree%_%no_mixed_refs%_%no_weightb%_%rc_lookahead%_%rc_lookahead_20%_%ref%_%ref_1%_%root%_%;310.7933;472.154
no_asm%_%no_cabac%_%no_deblock%_%no_mixed_refs%_%no_weightb%_%rc_lookahead%_%rc_lookahead_60%_%ref%_%ref_5%_%root%_%;380.18;377.634
no_asm%_%no_cabac%_%no_fast_pskip%_%no_mixed_refs%_%rc_lookahead%_%rc_lookahead_60%_%ref%_%ref_5%_%root%_%;446.64;441.037
no_asm%_%no_cabac%_%no_fast_pskip%_%no_mixed_refs%_%no_weightb%_%rc_lookahead%_%rc_lookahead_60%_%ref%_%ref_5%_%root%_%;446.63;440.9197
no_asm%_%no_cabac%_%no_deblock%_%no_fast_pskip%_%no_mixed_refs%_%rc_lookahead%_%rc_lookahead_60%_%ref%_%ref_5%_%root%_%;445.6667;440.276
no_asm%_%no_cabac%_%no_deblock%_%no_fast_pskip%_%no_mixed_refs%_%no_weightb%_%rc_lookahead%_%rc_lookahead_60%_%ref%_%ref_5%_%root%_%;445.2133;440.1587
no_8x8dct%_%no_asm%_%rc_lookahead%_%rc_lookahead_60%_%ref%_%ref_5%_%root%_%;426.4167;421.1573
no_8x8dct%_%no_asm%_%no_deblock%_%rc_lookahead%_%rc_lookahead_60%_%ref%_%ref_5%_%root%_%;428.0267;421.555
no_8x8dct%_%no_asm%_%no_fast_pskip%_%rc_lookahead%_%rc_lookahead_60%_%ref%_%ref_5%_%root%_%;494.5967;492.4467
no_8x8dct%_%no_asm%_%no_deblock%_%no_fast_pskip%_%rc_lookahead%_%rc_lookahead_60%_%ref%_%ref_5%_%root%_%;495.56;492.4467
no_8x8dct%_%no_asm%_%no_cabac%_%rc_lookahead%_%rc_lookahead_60%_%ref%_%ref_5%_%root%_%;419.7;416.899
no_asm%_%no_deblock%_%no_mbtree%_%no_mixed_refs%_%no_weightb%_%rc_lookahead%_%rc_lookahead_20%_%ref%_%ref_1%_%root%_%;304.94;405.627
no_8x8dct%_%no_asm%_%no_cabac%_%no_fast_pskip%_%rc_lookahead%_%rc_lookahead_60%_%ref%_%ref_5%_%root%_%;487.7367;487.0533
no_8x8dct%_%no_asm%_%no_cabac%_%no_deblock%_%rc_lookahead%_%rc_lookahead_60%_%ref%_%ref_5%_%root%_%;421.1133;417.837
no_8x8dct%_%no_asm%_%no_cabac%_%no_deblock%_%no_fast_pskip%_%rc_lookahead%_%rc_lookahead_60%_%ref%_%ref_5%_%root%_%;488.7733;487.0533
no_8x8dct%_%no_asm%_%no_mixed_refs%_%rc_lookahead%_%rc_lookahead_60%_%ref%_%ref_5%_%root%_%;370.77;367.8737
no_8x8dct%_%no_asm%_%no_deblock%_%no_mixed_refs%_%rc_lookahead%_%rc_lookahead_60%_%ref%_%ref_5%_%root%_%;369.68;367.4253
no_8x8dct%_%no_asm%_%no_cabac%_%no_mixed_refs%_%rc_lookahead%_%rc_lookahead_60%_%ref%_%ref_5%_%root%_%;365.9033;362.624
no_8x8dct%_%no_asm%_%no_cabac%_%no_deblock%_%no_mixed_refs%_%rc_lookahead%_%rc_lookahead_60%_%ref%_%ref_5%_%root%_%;365.04;362.2123
no_8x8dct%_%no_asm%_%no_fast_pskip%_%no_mixed_refs%_%rc_lookahead%_%rc_lookahead_60%_%ref%_%ref_5%_%root%_%;434.97;431.2273
no_8x8dct%_%no_asm%_%no_cabac%_%no_fast_pskip%_%no_mixed_refs%_%rc_lookahead%_%rc_lookahead_60%_%ref%_%ref_5%_%root%_%;429.6433;426.2707
no_8x8dct%_%no_asm%_%no_deblock%_%no_fast_pskip%_%no_mixed_refs%_%rc_lookahead%_%rc_lookahead_60%_%ref%_%ref_5%_%root%_%;433.9133;431.4187
no_asm%_%no_deblock%_%no_fast_pskip%_%no_mbtree%_%no_mixed_refs%_%no_weightb%_%rc_lookahead%_%rc_lookahead_20%_%ref%_%ref_1%_%root%_%;310.29;472.008
no_8x8dct%_%no_asm%_%no_cabac%_%no_deblock%_%no_fast_pskip%_%no_mixed_refs%_%rc_lookahead%_%rc_lookahead_60%_%ref%_%ref_5%_%root%_%;428.2633;426.0423
no_8x8dct%_%no_asm%_%no_weightb%_%rc_lookahead%_%rc_lookahead_60%_%ref%_%ref_5%_%root%_%;425.8733;421.0327
no_8x8dct%_%no_asm%_%no_deblock%_%no_weightb%_%rc_lookahead%_%rc_lookahead_60%_%ref%_%ref_5%_%root%_%;427.7967;421.4993
no_8x8dct%_%no_asm%_%no_fast_pskip%_%no_weightb%_%rc_lookahead%_%rc_lookahead_60%_%ref%_%ref_5%_%root%_%;494.32;492.0607
no_8x8dct%_%no_asm%_%no_deblock%_%no_fast_pskip%_%no_weightb%_%rc_lookahead%_%rc_lookahead_60%_%ref%_%ref_5%_%root%_%;495.45;492.0607
no_8x8dct%_%no_asm%_%no_mixed_refs%_%no_weightb%_%rc_lookahead%_%rc_lookahead_60%_%ref%_%ref_5%_%root%_%;370.5567;367.8737
no_8x8dct%_%no_asm%_%no_fast_pskip%_%no_mixed_refs%_%no_weightb%_%rc_lookahead%_%rc_lookahead_60%_%ref%_%ref_5%_%root%_%;434.6433;431.1917
no_8x8dct%_%no_asm%_%no_deblock%_%no_mixed_refs%_%no_weightb%_%rc_lookahead%_%rc_lookahead_60%_%ref%_%ref_5%_%root%_%;369.6167;367.4253
no_8x8dct%_%no_asm%_%no_deblock%_%no_fast_pskip%_%no_mixed_refs%_%no_weightb%_%rc_lookahead%_%rc_lookahead_60%_%ref%_%ref_5%_%root%_%;433.9267;431.3473
no_8x8dct%_%no_asm%_%no_cabac%_%no_weightb%_%rc_lookahead%_%rc_lookahead_60%_%ref%_%ref_5%_%root%_%;419.3967;416.4627
no_asm%_%no_cabac%_%no_mbtree%_%no_weightb%_%rc_lookahead%_%rc_lookahead_20%_%ref%_%ref_1%_%root%_%;295.59;485.5187
no_8x8dct%_%no_asm%_%no_cabac%_%no_deblock%_%no_weightb%_%rc_lookahead%_%rc_lookahead_60%_%ref%_%ref_5%_%root%_%;420.6833;417.67
no_8x8dct%_%no_asm%_%no_cabac%_%no_mixed_refs%_%no_weightb%_%rc_lookahead%_%rc_lookahead_60%_%ref%_%ref_5%_%root%_%;365.4433;362.6187
no_8x8dct%_%no_asm%_%no_cabac%_%no_deblock%_%no_mixed_refs%_%no_weightb%_%rc_lookahead%_%rc_lookahead_60%_%ref%_%ref_5%_%root%_%;364.4967;362.211
no_8x8dct%_%no_asm%_%no_cabac%_%no_fast_pskip%_%no_weightb%_%rc_lookahead%_%rc_lookahead_60%_%ref%_%ref_5%_%root%_%;487.5833;486.8957
no_8x8dct%_%no_asm%_%no_cabac%_%no_fast_pskip%_%no_mixed_refs%_%no_weightb%_%rc_lookahead%_%rc_lookahead_60%_%ref%_%ref_5%_%root%_%;429.2567;426.235
no_8x8dct%_%no_asm%_%no_cabac%_%no_deblock%_%no_fast_pskip%_%no_weightb%_%rc_lookahead%_%rc_lookahead_60%_%ref%_%ref_5%_%root%_%;488.26;486.8957
no_8x8dct%_%no_asm%_%no_cabac%_%no_deblock%_%no_fast_pskip%_%no_mixed_refs%_%no_weightb%_%rc_lookahead%_%rc_lookahead_60%_%ref%_%ref_5%_%root%_%;428.1567;425.9353
no_asm%_%no_mbtree%_%rc_lookahead%_%rc_lookahead_60%_%ref%_%ref_5%_%root%_%;519.4133;513.2127
no_asm%_%no_deblock%_%no_mbtree%_%rc_lookahead%_%rc_lookahead_60%_%ref%_%ref_5%_%root%_%;521.98;513.696
no_asm%_%no_fast_pskip%_%no_mbtree%_%rc_lookahead%_%rc_lookahead_60%_%ref%_%ref_5%_%root%_%;571.51;572.6557
no_asm%_%no_cabac%_%no_deblock%_%no_mbtree%_%no_weightb%_%rc_lookahead%_%rc_lookahead_20%_%ref%_%ref_1%_%root%_%;295.3333;486.5067
no_asm%_%no_deblock%_%no_fast_pskip%_%no_mbtree%_%rc_lookahead%_%rc_lookahead_60%_%ref%_%ref_5%_%root%_%;573.7567;572.6557
no_asm%_%no_cabac%_%no_mbtree%_%rc_lookahead%_%rc_lookahead_60%_%ref%_%ref_5%_%root%_%;511.3733;511.9587
no_asm%_%no_cabac%_%no_fast_pskip%_%no_mbtree%_%rc_lookahead%_%rc_lookahead_60%_%ref%_%ref_5%_%root%_%;562.9233;562.7193
no_asm%_%no_cabac%_%no_deblock%_%no_mbtree%_%rc_lookahead%_%rc_lookahead_60%_%ref%_%ref_5%_%root%_%;513.5233;513.0793
no_asm%_%no_cabac%_%no_deblock%_%no_fast_pskip%_%no_mbtree%_%rc_lookahead%_%rc_lookahead_60%_%ref%_%ref_5%_%root%_%;564.1667;563.1673
no_asm%_%no_mbtree%_%no_weightb%_%rc_lookahead%_%rc_lookahead_60%_%ref%_%ref_5%_%root%_%;518.96;511.2453
no_asm%_%no_deblock%_%no_mbtree%_%no_weightb%_%rc_lookahead%_%rc_lookahead_60%_%ref%_%ref_5%_%root%_%;521.51;511.75
no_asm%_%no_cabac%_%no_mbtree%_%no_weightb%_%rc_lookahead%_%rc_lookahead_60%_%ref%_%ref_5%_%root%_%;511.4067;509.7947
no_asm%_%no_cabac%_%no_deblock%_%no_mbtree%_%no_weightb%_%rc_lookahead%_%rc_lookahead_60%_%ref%_%ref_5%_%root%_%;512.7733;510.958
no_asm%_%no_fast_pskip%_%no_mbtree%_%no_weightb%_%rc_lookahead%_%rc_lookahead_60%_%ref%_%ref_5%_%root%_%;571.4733;572.5397
no_asm%_%no_cabac%_%no_mbtree%_%no_mixed_refs%_%no_weightb%_%rc_lookahead%_%rc_lookahead_20%_%ref%_%ref_1%_%root%_%;295.5267;406.255
no_asm%_%no_cabac%_%no_fast_pskip%_%no_mbtree%_%no_weightb%_%rc_lookahead%_%rc_lookahead_60%_%ref%_%ref_5%_%root%_%;562.1867;563.1673
no_asm%_%no_deblock%_%no_fast_pskip%_%no_mbtree%_%no_weightb%_%rc_lookahead%_%rc_lookahead_60%_%ref%_%ref_5%_%root%_%;573.24;572.5397
no_asm%_%no_cabac%_%no_deblock%_%no_fast_pskip%_%no_mbtree%_%no_weightb%_%rc_lookahead%_%rc_lookahead_60%_%ref%_%ref_5%_%root%_%;564.1467;563.6153
no_8x8dct%_%no_asm%_%no_mbtree%_%rc_lookahead%_%rc_lookahead_60%_%ref%_%ref_5%_%root%_%;492.3667;493.4753
no_8x8dct%_%no_asm%_%no_deblock%_%no_mbtree%_%rc_lookahead%_%rc_lookahead_60%_%ref%_%ref_5%_%root%_%;494.34;496.806
no_8x8dct%_%no_asm%_%no_fast_pskip%_%no_mbtree%_%rc_lookahead%_%rc_lookahead_60%_%ref%_%ref_5%_%root%_%;543.5233;543.9213
no_8x8dct%_%no_asm%_%no_deblock%_%no_fast_pskip%_%no_mbtree%_%rc_lookahead%_%rc_lookahead_60%_%ref%_%ref_5%_%root%_%;544.8233;543.9093
no_8x8dct%_%no_asm%_%no_mbtree%_%no_weightb%_%rc_lookahead%_%rc_lookahead_60%_%ref%_%ref_5%_%root%_%;492.36;491.5507
no_8x8dct%_%no_asm%_%no_fast_pskip%_%no_mbtree%_%no_weightb%_%rc_lookahead%_%rc_lookahead_60%_%ref%_%ref_5%_%root%_%;543.0833;543.3253
no_8x8dct%_%no_asm%_%no_deblock%_%no_mbtree%_%no_weightb%_%rc_lookahead%_%rc_lookahead_60%_%ref%_%ref_5%_%root%_%;493.7033;494.8813
no_asm%_%no_cabac%_%no_fast_pskip%_%rc_lookahead%_%rc_lookahead_20%_%ref%_%ref_1%_%root%_%;266.4833;507.0637
no_asm%_%no_cabac%_%no_deblock%_%no_mbtree%_%no_mixed_refs%_%no_weightb%_%rc_lookahead%_%rc_lookahead_20%_%ref%_%ref_1%_%root%_%;295.41;404.188
no_8x8dct%_%no_asm%_%no_deblock%_%no_fast_pskip%_%no_mbtree%_%no_weightb%_%rc_lookahead%_%rc_lookahead_60%_%ref%_%ref_5%_%root%_%;544.58;543.1603
no_8x8dct%_%no_asm%_%no_cabac%_%no_mbtree%_%rc_lookahead%_%rc_lookahead_60%_%ref%_%ref_5%_%root%_%;485.59;494.5893
no_8x8dct%_%no_asm%_%no_cabac%_%no_deblock%_%no_mbtree%_%rc_lookahead%_%rc_lookahead_60%_%ref%_%ref_5%_%root%_%;486.9733;498.0953
no_8x8dct%_%no_asm%_%no_cabac%_%no_mbtree%_%no_weightb%_%rc_lookahead%_%rc_lookahead_60%_%ref%_%ref_5%_%root%_%;485.4367;492.4893
no_8x8dct%_%no_asm%_%no_cabac%_%no_deblock%_%no_mbtree%_%no_weightb%_%rc_lookahead%_%rc_lookahead_60%_%ref%_%ref_5%_%root%_%;487.1167;495.9953
no_8x8dct%_%no_asm%_%no_cabac%_%no_fast_pskip%_%no_mbtree%_%rc_lookahead%_%rc_lookahead_60%_%ref%_%ref_5%_%root%_%;535.7067;541.143
no_8x8dct%_%no_asm%_%no_cabac%_%no_fast_pskip%_%no_mbtree%_%no_weightb%_%rc_lookahead%_%rc_lookahead_60%_%ref%_%ref_5%_%root%_%;535.5533;540.7457
no_8x8dct%_%no_asm%_%no_cabac%_%no_deblock%_%no_fast_pskip%_%no_mbtree%_%rc_lookahead%_%rc_lookahead_60%_%ref%_%ref_5%_%root%_%;537.1133;540.7337
no_8x8dct%_%no_asm%_%no_cabac%_%no_deblock%_%no_fast_pskip%_%no_mbtree%_%no_weightb%_%rc_lookahead%_%rc_lookahead_60%_%ref%_%ref_5%_%root%_%;536.85;540.2853
no_asm%_%no_mbtree%_%no_mixed_refs%_%rc_lookahead%_%rc_lookahead_60%_%ref%_%ref_5%_%root%_%;433.2233;426.428
no_asm%_%no_cabac%_%no_fast_pskip%_%no_mbtree%_%no_weightb%_%rc_lookahead%_%rc_lookahead_20%_%ref%_%ref_1%_%root%_%;299.69;563.1673
no_asm%_%no_deblock%_%no_mbtree%_%no_mixed_refs%_%rc_lookahead%_%rc_lookahead_60%_%ref%_%ref_5%_%root%_%;432.7567;423.8813
no_asm%_%no_fast_pskip%_%no_mbtree%_%no_mixed_refs%_%rc_lookahead%_%rc_lookahead_60%_%ref%_%ref_5%_%root%_%;482.8167;472.154
no_asm%_%no_deblock%_%no_fast_pskip%_%no_mbtree%_%no_mixed_refs%_%rc_lookahead%_%rc_lookahead_60%_%ref%_%ref_5%_%root%_%;482.3767;472.008
no_asm%_%no_cabac%_%no_mbtree%_%no_mixed_refs%_%rc_lookahead%_%rc_lookahead_60%_%ref%_%ref_5%_%root%_%;428.3733;424.5093
no_asm%_%no_cabac%_%no_fast_pskip%_%no_mbtree%_%no_mixed_refs%_%rc_lookahead%_%rc_lookahead_60%_%ref%_%ref_5%_%root%_%;476.8633;472.154
no_asm%_%no_cabac%_%no_deblock%_%no_mbtree%_%no_mixed_refs%_%rc_lookahead%_%rc_lookahead_60%_%ref%_%ref_5%_%root%_%;427.7933;422.4423
no_asm%_%no_cabac%_%no_deblock%_%no_fast_pskip%_%no_mbtree%_%no_mixed_refs%_%rc_lookahead%_%rc_lookahead_60%_%ref%_%ref_5%_%root%_%;476.31;472.008
no_8x8dct%_%no_asm%_%no_mbtree%_%no_mixed_refs%_%rc_lookahead%_%rc_lookahead_60%_%ref%_%ref_5%_%root%_%;414.9967;415.1957
no_8x8dct%_%no_asm%_%no_deblock%_%no_mbtree%_%no_mixed_refs%_%rc_lookahead%_%rc_lookahead_60%_%ref%_%ref_5%_%root%_%;414.2433;412.5407
no_8x8dct%_%no_asm%_%no_cabac%_%no_mbtree%_%no_mixed_refs%_%rc_lookahead%_%rc_lookahead_60%_%ref%_%ref_5%_%root%_%;408.6833;414.716
no_asm%_%no_cabac%_%no_fast_pskip%_%no_mbtree%_%no_mixed_refs%_%no_weightb%_%rc_lookahead%_%rc_lookahead_20%_%ref%_%ref_1%_%root%_%;299.8433;472.154
no_8x8dct%_%no_asm%_%no_cabac%_%no_deblock%_%no_mbtree%_%no_mixed_refs%_%rc_lookahead%_%rc_lookahead_60%_%ref%_%ref_5%_%root%_%;407.99;412.5407
no_8x8dct%_%no_asm%_%no_fast_pskip%_%no_mbtree%_%no_mixed_refs%_%rc_lookahead%_%rc_lookahead_60%_%ref%_%ref_5%_%root%_%;463.31;459.3487
no_8x8dct%_%no_asm%_%no_cabac%_%no_fast_pskip%_%no_mbtree%_%no_mixed_refs%_%rc_lookahead%_%rc_lookahead_60%_%ref%_%ref_5%_%root%_%;456.6167;456.1217
no_8x8dct%_%no_asm%_%no_deblock%_%no_fast_pskip%_%no_mbtree%_%no_mixed_refs%_%rc_lookahead%_%rc_lookahead_60%_%ref%_%ref_5%_%root%_%;462.74;460.4233
no_8x8dct%_%no_asm%_%no_cabac%_%no_deblock%_%no_fast_pskip%_%no_mbtree%_%no_mixed_refs%_%rc_lookahead%_%rc_lookahead_60%_%ref%_%ref_5%_%root%_%;455.72;456.9773
no_asm%_%no_mbtree%_%no_mixed_refs%_%no_weightb%_%rc_lookahead%_%rc_lookahead_60%_%ref%_%ref_5%_%root%_%;433.2133;424.1443
no_asm%_%no_deblock%_%no_mbtree%_%no_mixed_refs%_%no_weightb%_%rc_lookahead%_%rc_lookahead_60%_%ref%_%ref_5%_%root%_%;432.6767;421.5977
no_asm%_%no_fast_pskip%_%no_mbtree%_%no_mixed_refs%_%no_weightb%_%rc_lookahead%_%rc_lookahead_60%_%ref%_%ref_5%_%root%_%;482.64;472.154
no_asm%_%no_deblock%_%no_fast_pskip%_%no_mbtree%_%no_mixed_refs%_%no_weightb%_%rc_lookahead%_%rc_lookahead_60%_%ref%_%ref_5%_%root%_%;482.08;472.008
no_8x8dct%_%no_asm%_%no_mbtree%_%no_mixed_refs%_%no_weightb%_%rc_lookahead%_%rc_lookahead_60%_%ref%_%ref_5%_%root%_%;414.67;412.8037
no_asm%_%no_cabac%_%no_deblock%_%no_fast_pskip%_%no_mbtree%_%no_weightb%_%rc_lookahead%_%rc_lookahead_20%_%ref%_%ref_1%_%root%_%;299.6467;563.6153
no_8x8dct%_%no_asm%_%no_fast_pskip%_%no_mbtree%_%no_mixed_refs%_%no_weightb%_%rc_lookahead%_%rc_lookahead_60%_%ref%_%ref_5%_%root%_%;463.5;459.4217
no_8x8dct%_%no_asm%_%no_deblock%_%no_mbtree%_%no_mixed_refs%_%no_weightb%_%rc_lookahead%_%rc_lookahead_60%_%ref%_%ref_5%_%root%_%;413.9133;410.1487
no_8x8dct%_%no_asm%_%no_deblock%_%no_fast_pskip%_%no_mbtree%_%no_mixed_refs%_%no_weightb%_%rc_lookahead%_%rc_lookahead_60%_%ref%_%ref_5%_%root%_%;462.5;460.4963
no_asm%_%no_cabac%_%no_mbtree%_%no_mixed_refs%_%no_weightb%_%rc_lookahead%_%rc_lookahead_60%_%ref%_%ref_5%_%root%_%;428.02;422.2257
no_asm%_%no_cabac%_%no_deblock%_%no_mbtree%_%no_mixed_refs%_%no_weightb%_%rc_lookahead%_%rc_lookahead_60%_%ref%_%ref_5%_%root%_%;427.52;420.1587
no_8x8dct%_%no_asm%_%no_cabac%_%no_mbtree%_%no_mixed_refs%_%no_weightb%_%rc_lookahead%_%rc_lookahead_60%_%ref%_%ref_5%_%root%_%;408.6067;412.324
no_8x8dct%_%no_asm%_%no_cabac%_%no_deblock%_%no_mbtree%_%no_mixed_refs%_%no_weightb%_%rc_lookahead%_%rc_lookahead_60%_%ref%_%ref_5%_%root%_%;407.7633;410.1487
no_asm%_%no_cabac%_%no_fast_pskip%_%no_mbtree%_%no_mixed_refs%_%no_weightb%_%rc_lookahead%_%rc_lookahead_60%_%ref%_%ref_5%_%root%_%;476.9;472.154
no_8x8dct%_%no_asm%_%no_cabac%_%no_fast_pskip%_%no_mbtree%_%no_mixed_refs%_%no_weightb%_%rc_lookahead%_%rc_lookahead_60%_%ref%_%ref_5%_%root%_%;456.4367;456.1947
no_asm%_%no_cabac%_%no_deblock%_%no_fast_pskip%_%no_mbtree%_%no_mixed_refs%_%no_weightb%_%rc_lookahead%_%rc_lookahead_60%_%ref%_%ref_5%_%root%_%;476.0933;472.008
no_asm%_%no_cabac%_%no_deblock%_%no_fast_pskip%_%no_mbtree%_%no_mixed_refs%_%no_weightb%_%rc_lookahead%_%rc_lookahead_20%_%ref%_%ref_1%_%root%_%;299.7033;472.008
no_8x8dct%_%no_asm%_%no_cabac%_%no_deblock%_%no_fast_pskip%_%no_mbtree%_%no_mixed_refs%_%no_weightb%_%rc_lookahead%_%rc_lookahead_60%_%ref%_%ref_5%_%root%_%;455.5133;457.0063
no_asm%_%rc_lookahead%_%rc_lookahead_20%_%ref%_%ref_5%_%root%_%;442.25;442.5257
no_asm%_%no_fast_pskip%_%rc_lookahead%_%rc_lookahead_20%_%ref%_%ref_5%_%root%_%;514.17;515.067
no_asm%_%no_cabac%_%rc_lookahead%_%rc_lookahead_20%_%ref%_%ref_5%_%root%_%;436.1167;437.8703
no_asm%_%no_cabac%_%no_fast_pskip%_%rc_lookahead%_%rc_lookahead_20%_%ref%_%ref_5%_%root%_%;505.8567;507.0637
no_asm%_%no_weightb%_%rc_lookahead%_%rc_lookahead_20%_%ref%_%ref_5%_%root%_%;442.5467;442.0467
no_asm%_%no_cabac%_%no_weightb%_%rc_lookahead%_%rc_lookahead_20%_%ref%_%ref_5%_%root%_%;435.9767;436.7843
no_asm%_%no_fast_pskip%_%no_weightb%_%rc_lookahead%_%rc_lookahead_20%_%ref%_%ref_5%_%root%_%;513.53;514.3927
no_asm%_%no_cabac%_%no_fast_pskip%_%no_weightb%_%rc_lookahead%_%rc_lookahead_20%_%ref%_%ref_5%_%root%_%;505.6367;507.0517
no_asm%_%no_mixed_refs%_%rc_lookahead%_%rc_lookahead_20%_%ref%_%ref_5%_%root%_%;381.1233;380.4277
no_8x8dct%_%no_asm%_%rc_lookahead%_%rc_lookahead_20%_%ref%_%ref_1%_%root%_%;254.5867;360.0337
no_asm%_%no_fast_pskip%_%no_mixed_refs%_%rc_lookahead%_%rc_lookahead_20%_%ref%_%ref_5%_%root%_%;447.4233;445.099
no_asm%_%no_mixed_refs%_%no_weightb%_%rc_lookahead%_%rc_lookahead_20%_%ref%_%ref_5%_%root%_%;380.84;380.3443
no_asm%_%no_fast_pskip%_%no_mixed_refs%_%no_weightb%_%rc_lookahead%_%rc_lookahead_20%_%ref%_%ref_5%_%root%_%;447.1367;444.9817
no_asm%_%no_cabac%_%no_mixed_refs%_%rc_lookahead%_%rc_lookahead_20%_%ref%_%ref_5%_%root%_%;378.4167;378.39
no_asm%_%no_cabac%_%no_mixed_refs%_%no_weightb%_%rc_lookahead%_%rc_lookahead_20%_%ref%_%ref_5%_%root%_%;378.2833;378.3233
no_asm%_%no_cabac%_%no_fast_pskip%_%no_mixed_refs%_%rc_lookahead%_%rc_lookahead_20%_%ref%_%ref_5%_%root%_%;443.92;441.037
no_asm%_%no_cabac%_%no_fast_pskip%_%no_mixed_refs%_%no_weightb%_%rc_lookahead%_%rc_lookahead_20%_%ref%_%ref_5%_%root%_%;443.6467;440.9197
no_asm%_%no_mbtree%_%rc_lookahead%_%rc_lookahead_20%_%ref%_%ref_5%_%root%_%;519.5867;513.2127
no_asm%_%no_fast_pskip%_%no_mbtree%_%rc_lookahead%_%rc_lookahead_20%_%ref%_%ref_5%_%root%_%;571.5667;572.6557
no_asm%_%no_cabac%_%no_mbtree%_%rc_lookahead%_%rc_lookahead_20%_%ref%_%ref_5%_%root%_%;511.6933;511.9587
no_8x8dct%_%no_asm%_%no_deblock%_%rc_lookahead%_%rc_lookahead_20%_%ref%_%ref_1%_%root%_%;254.1767;360.301
no_asm%_%no_cabac%_%no_fast_pskip%_%no_mbtree%_%rc_lookahead%_%rc_lookahead_20%_%ref%_%ref_5%_%root%_%;562.57;562.7193
no_asm%_%no_mbtree%_%no_mixed_refs%_%rc_lookahead%_%rc_lookahead_20%_%ref%_%ref_5%_%root%_%;433.2233;426.428
no_asm%_%no_cabac%_%no_mbtree%_%no_mixed_refs%_%rc_lookahead%_%rc_lookahead_20%_%ref%_%ref_5%_%root%_%;428.4267;424.5093
no_asm%_%no_fast_pskip%_%no_mbtree%_%no_mixed_refs%_%rc_lookahead%_%rc_lookahead_20%_%ref%_%ref_5%_%root%_%;482.9033;472.154
no_asm%_%no_cabac%_%no_fast_pskip%_%no_mbtree%_%no_mixed_refs%_%rc_lookahead%_%rc_lookahead_20%_%ref%_%ref_5%_%root%_%;476.9967;472.154
no_asm%_%no_mbtree%_%no_weightb%_%rc_lookahead%_%rc_lookahead_20%_%ref%_%ref_5%_%root%_%;519.0267;511.2453
no_asm%_%no_fast_pskip%_%no_mbtree%_%no_weightb%_%rc_lookahead%_%rc_lookahead_20%_%ref%_%ref_5%_%root%_%;571.35;572.5397
no_asm%_%no_mbtree%_%no_mixed_refs%_%no_weightb%_%rc_lookahead%_%rc_lookahead_20%_%ref%_%ref_5%_%root%_%;433.2667;424.1443
no_asm%_%no_fast_pskip%_%no_mbtree%_%no_mixed_refs%_%no_weightb%_%rc_lookahead%_%rc_lookahead_20%_%ref%_%ref_5%_%root%_%;482.59;472.154
no_asm%_%no_cabac%_%no_mbtree%_%no_weightb%_%rc_lookahead%_%rc_lookahead_20%_%ref%_%ref_5%_%root%_%;511.48;509.7947
no_8x8dct%_%no_asm%_%no_fast_pskip%_%rc_lookahead%_%rc_lookahead_20%_%ref%_%ref_1%_%root%_%;261.0767;492.4467
no_asm%_%no_cabac%_%no_mbtree%_%no_mixed_refs%_%no_weightb%_%rc_lookahead%_%rc_lookahead_20%_%ref%_%ref_5%_%root%_%;428.0833;422.2257
no_asm%_%no_cabac%_%no_fast_pskip%_%no_mbtree%_%no_weightb%_%rc_lookahead%_%rc_lookahead_20%_%ref%_%ref_5%_%root%_%;562.1833;563.1673
no_asm%_%no_cabac%_%no_fast_pskip%_%no_mbtree%_%no_mixed_refs%_%no_weightb%_%rc_lookahead%_%rc_lookahead_20%_%ref%_%ref_5%_%root%_%;476.9367;472.154
no_asm%_%no_deblock%_%rc_lookahead%_%rc_lookahead_20%_%ref%_%ref_5%_%root%_%;444.71;442.787
no_asm%_%no_deblock%_%no_fast_pskip%_%rc_lookahead%_%rc_lookahead_20%_%ref%_%ref_5%_%root%_%;516.22;515.8443
no_asm%_%no_cabac%_%no_deblock%_%rc_lookahead%_%rc_lookahead_20%_%ref%_%ref_5%_%root%_%;437.92;437.905
no_asm%_%no_cabac%_%no_deblock%_%no_fast_pskip%_%rc_lookahead%_%rc_lookahead_20%_%ref%_%ref_5%_%root%_%;507.4033;507.6443
no_asm%_%no_deblock%_%no_weightb%_%rc_lookahead%_%rc_lookahead_20%_%ref%_%ref_5%_%root%_%;444.52;442.3697
no_asm%_%no_cabac%_%no_deblock%_%no_weightb%_%rc_lookahead%_%rc_lookahead_20%_%ref%_%ref_5%_%root%_%;437.4833;436.9243
no_asm%_%no_deblock%_%no_fast_pskip%_%no_weightb%_%rc_lookahead%_%rc_lookahead_20%_%ref%_%ref_5%_%root%_%;515.6867;515.3087
no_8x8dct%_%no_asm%_%no_deblock%_%no_fast_pskip%_%rc_lookahead%_%rc_lookahead_20%_%ref%_%ref_1%_%root%_%;260.4967;492.4467
no_asm%_%no_cabac%_%no_deblock%_%no_fast_pskip%_%no_weightb%_%rc_lookahead%_%rc_lookahead_20%_%ref%_%ref_5%_%root%_%;506.93;507.6763
no_asm%_%no_deblock%_%no_mbtree%_%rc_lookahead%_%rc_lookahead_20%_%ref%_%ref_5%_%root%_%;521.7;513.696
no_asm%_%no_deblock%_%no_fast_pskip%_%no_mbtree%_%rc_lookahead%_%rc_lookahead_20%_%ref%_%ref_5%_%root%_%;573.6533;572.6557
no_asm%_%no_deblock%_%no_mbtree%_%no_weightb%_%rc_lookahead%_%rc_lookahead_20%_%ref%_%ref_5%_%root%_%;521.4433;511.75
no_asm%_%no_deblock%_%no_fast_pskip%_%no_mbtree%_%no_weightb%_%rc_lookahead%_%rc_lookahead_20%_%ref%_%ref_5%_%root%_%;573.46;572.5397
no_asm%_%no_cabac%_%no_deblock%_%no_mbtree%_%rc_lookahead%_%rc_lookahead_20%_%ref%_%ref_5%_%root%_%;513.2333;513.0793
no_asm%_%no_cabac%_%no_deblock%_%no_mbtree%_%no_weightb%_%rc_lookahead%_%rc_lookahead_20%_%ref%_%ref_5%_%root%_%;512.87;510.958
no_asm%_%no_cabac%_%no_deblock%_%no_fast_pskip%_%no_mbtree%_%rc_lookahead%_%rc_lookahead_20%_%ref%_%ref_5%_%root%_%;564.0933;563.1673
no_asm%_%no_cabac%_%no_deblock%_%no_fast_pskip%_%no_mbtree%_%no_weightb%_%rc_lookahead%_%rc_lookahead_20%_%ref%_%ref_5%_%root%_%;564.0633;563.6153
no_asm%_%no_deblock%_%no_mixed_refs%_%rc_lookahead%_%rc_lookahead_20%_%ref%_%ref_5%_%root%_%;380.1467;380.1433
no_8x8dct%_%no_asm%_%no_cabac%_%rc_lookahead%_%rc_lookahead_20%_%ref%_%ref_1%_%root%_%;244.39;357.6323
no_asm%_%no_deblock%_%no_fast_pskip%_%no_mixed_refs%_%rc_lookahead%_%rc_lookahead_20%_%ref%_%ref_5%_%root%_%;446.68;444.5017
no_asm%_%no_cabac%_%no_deblock%_%no_mixed_refs%_%rc_lookahead%_%rc_lookahead_20%_%ref%_%ref_5%_%root%_%;377.83;377.7973
no_asm%_%no_cabac%_%no_deblock%_%no_fast_pskip%_%no_mixed_refs%_%rc_lookahead%_%rc_lookahead_20%_%ref%_%ref_5%_%root%_%;442.81;440.276
no_asm%_%no_deblock%_%no_mbtree%_%no_mixed_refs%_%rc_lookahead%_%rc_lookahead_20%_%ref%_%ref_5%_%root%_%;432.7733;423.8813
no_asm%_%no_cabac%_%no_deblock%_%no_mbtree%_%no_mixed_refs%_%rc_lookahead%_%rc_lookahead_20%_%ref%_%ref_5%_%root%_%;427.66;422.4423
no_asm%_%no_deblock%_%no_fast_pskip%_%no_mbtree%_%no_mixed_refs%_%rc_lookahead%_%rc_lookahead_20%_%ref%_%ref_5%_%root%_%;482.3733;472.008
no_asm%_%no_cabac%_%no_deblock%_%no_fast_pskip%_%no_mbtree%_%no_mixed_refs%_%rc_lookahead%_%rc_lookahead_20%_%ref%_%ref_5%_%root%_%;476.2233;472.008
no_asm%_%no_deblock%_%no_mixed_refs%_%no_weightb%_%rc_lookahead%_%rc_lookahead_20%_%ref%_%ref_5%_%root%_%;380.1;380.054
no_asm%_%no_deblock%_%no_fast_pskip%_%no_mixed_refs%_%no_weightb%_%rc_lookahead%_%rc_lookahead_20%_%ref%_%ref_5%_%root%_%;446.25;444.3843
no_asm%_%no_deblock%_%no_mbtree%_%no_mixed_refs%_%no_weightb%_%rc_lookahead%_%rc_lookahead_20%_%ref%_%ref_5%_%root%_%;432.7233;421.5977
no_asm%_%no_cabac%_%no_deblock%_%rc_lookahead%_%rc_lookahead_20%_%ref%_%ref_1%_%root%_%;259.8067;369.9723
no_8x8dct%_%no_asm%_%no_cabac%_%no_fast_pskip%_%rc_lookahead%_%rc_lookahead_20%_%ref%_%ref_1%_%root%_%;249.4967;487.0533
no_asm%_%no_deblock%_%no_fast_pskip%_%no_mbtree%_%no_mixed_refs%_%no_weightb%_%rc_lookahead%_%rc_lookahead_20%_%ref%_%ref_5%_%root%_%;482.0833;472.008
no_asm%_%no_cabac%_%no_deblock%_%no_mixed_refs%_%no_weightb%_%rc_lookahead%_%rc_lookahead_20%_%ref%_%ref_5%_%root%_%;377.5033;377.634
no_asm%_%no_cabac%_%no_deblock%_%no_mbtree%_%no_mixed_refs%_%no_weightb%_%rc_lookahead%_%rc_lookahead_20%_%ref%_%ref_5%_%root%_%;427.4933;420.1587
no_asm%_%no_cabac%_%no_deblock%_%no_fast_pskip%_%no_mixed_refs%_%no_weightb%_%rc_lookahead%_%rc_lookahead_20%_%ref%_%ref_5%_%root%_%;442.5;440.1587
no_asm%_%no_cabac%_%no_deblock%_%no_fast_pskip%_%no_mbtree%_%no_mixed_refs%_%no_weightb%_%rc_lookahead%_%rc_lookahead_20%_%ref%_%ref_5%_%root%_%;476.1;472.008
no_8x8dct%_%no_asm%_%rc_lookahead%_%rc_lookahead_20%_%ref%_%ref_5%_%root%_%;423.0767;421.1573
no_8x8dct%_%no_asm%_%no_fast_pskip%_%rc_lookahead%_%rc_lookahead_20%_%ref%_%ref_5%_%root%_%;492.1267;492.4467
no_8x8dct%_%no_asm%_%no_cabac%_%rc_lookahead%_%rc_lookahead_20%_%ref%_%ref_5%_%root%_%;416.8867;416.899
no_8x8dct%_%no_asm%_%no_cabac%_%no_fast_pskip%_%rc_lookahead%_%rc_lookahead_20%_%ref%_%ref_5%_%root%_%;484.8533;487.0533
no_8x8dct%_%no_asm%_%no_weightb%_%rc_lookahead%_%rc_lookahead_20%_%ref%_%ref_5%_%root%_%;422.6467;421.0327
no_8x8dct%_%no_asm%_%no_cabac%_%no_deblock%_%rc_lookahead%_%rc_lookahead_20%_%ref%_%ref_1%_%root%_%;244.23;358.235
no_8x8dct%_%no_asm%_%no_cabac%_%no_weightb%_%rc_lookahead%_%rc_lookahead_20%_%ref%_%ref_5%_%root%_%;416.2633;416.4627
no_8x8dct%_%no_asm%_%no_fast_pskip%_%no_weightb%_%rc_lookahead%_%rc_lookahead_20%_%ref%_%ref_5%_%root%_%;491.6867;492.0607
no_8x8dct%_%no_asm%_%no_cabac%_%no_fast_pskip%_%no_weightb%_%rc_lookahead%_%rc_lookahead_20%_%ref%_%ref_5%_%root%_%;484.29;486.8957
no_8x8dct%_%no_asm%_%no_mixed_refs%_%rc_lookahead%_%rc_lookahead_20%_%ref%_%ref_5%_%root%_%;367.9633;367.8737
no_8x8dct%_%no_asm%_%no_fast_pskip%_%no_mixed_refs%_%rc_lookahead%_%rc_lookahead_20%_%ref%_%ref_5%_%root%_%;432.1433;431.2273
no_8x8dct%_%no_asm%_%no_mixed_refs%_%no_weightb%_%rc_lookahead%_%rc_lookahead_20%_%ref%_%ref_5%_%root%_%;367.5433;367.8737
no_8x8dct%_%no_asm%_%no_fast_pskip%_%no_mixed_refs%_%no_weightb%_%rc_lookahead%_%rc_lookahead_20%_%ref%_%ref_5%_%root%_%;432.03;431.1917
no_8x8dct%_%no_asm%_%no_cabac%_%no_mixed_refs%_%rc_lookahead%_%rc_lookahead_20%_%ref%_%ref_5%_%root%_%;362.6267;362.624
no_8x8dct%_%no_asm%_%no_cabac%_%no_mixed_refs%_%no_weightb%_%rc_lookahead%_%rc_lookahead_20%_%ref%_%ref_5%_%root%_%;362.6133;362.6187
no_8x8dct%_%no_asm%_%no_cabac%_%no_fast_pskip%_%no_mixed_refs%_%rc_lookahead%_%rc_lookahead_20%_%ref%_%ref_5%_%root%_%;426.5267;426.2707
no_8x8dct%_%no_asm%_%no_cabac%_%no_deblock%_%no_fast_pskip%_%rc_lookahead%_%rc_lookahead_20%_%ref%_%ref_1%_%root%_%;249.3633;487.0533
no_8x8dct%_%no_asm%_%no_cabac%_%no_fast_pskip%_%no_mixed_refs%_%no_weightb%_%rc_lookahead%_%rc_lookahead_20%_%ref%_%ref_5%_%root%_%;426.4433;426.235
no_8x8dct%_%no_asm%_%no_deblock%_%rc_lookahead%_%rc_lookahead_20%_%ref%_%ref_5%_%root%_%;425.0633;421.555
no_8x8dct%_%no_asm%_%no_deblock%_%no_fast_pskip%_%rc_lookahead%_%rc_lookahead_20%_%ref%_%ref_5%_%root%_%;493.3067;492.4467
no_8x8dct%_%no_asm%_%no_cabac%_%no_deblock%_%rc_lookahead%_%rc_lookahead_20%_%ref%_%ref_5%_%root%_%;418.19;417.837
no_8x8dct%_%no_asm%_%no_cabac%_%no_deblock%_%no_fast_pskip%_%rc_lookahead%_%rc_lookahead_20%_%ref%_%ref_5%_%root%_%;485.5367;487.0533
no_8x8dct%_%no_asm%_%no_deblock%_%no_mixed_refs%_%rc_lookahead%_%rc_lookahead_20%_%ref%_%ref_5%_%root%_%;367.0667;367.4253
no_8x8dct%_%no_asm%_%no_cabac%_%no_deblock%_%no_mixed_refs%_%rc_lookahead%_%rc_lookahead_20%_%ref%_%ref_5%_%root%_%;362.0367;362.2123
no_8x8dct%_%no_asm%_%no_deblock%_%no_fast_pskip%_%no_mixed_refs%_%rc_lookahead%_%rc_lookahead_20%_%ref%_%ref_5%_%root%_%;431;431.4187
no_8x8dct%_%no_asm%_%no_cabac%_%no_deblock%_%no_fast_pskip%_%no_mixed_refs%_%rc_lookahead%_%rc_lookahead_20%_%ref%_%ref_5%_%root%_%;425.2467;426.0423
no_8x8dct%_%no_asm%_%no_deblock%_%no_weightb%_%rc_lookahead%_%rc_lookahead_20%_%ref%_%ref_5%_%root%_%;424.49;421.4993
no_8x8dct%_%no_asm%_%no_weightb%_%rc_lookahead%_%rc_lookahead_20%_%ref%_%ref_1%_%root%_%;254.7333;359.9713
no_8x8dct%_%no_asm%_%no_deblock%_%no_fast_pskip%_%no_weightb%_%rc_lookahead%_%rc_lookahead_20%_%ref%_%ref_5%_%root%_%;492.6633;492.0607
no_8x8dct%_%no_asm%_%no_deblock%_%no_mixed_refs%_%no_weightb%_%rc_lookahead%_%rc_lookahead_20%_%ref%_%ref_5%_%root%_%;366.8367;367.4253
no_8x8dct%_%no_asm%_%no_deblock%_%no_fast_pskip%_%no_mixed_refs%_%no_weightb%_%rc_lookahead%_%rc_lookahead_20%_%ref%_%ref_5%_%root%_%;430.6967;431.3473
no_8x8dct%_%no_asm%_%no_cabac%_%no_deblock%_%no_weightb%_%rc_lookahead%_%rc_lookahead_20%_%ref%_%ref_5%_%root%_%;417.6333;417.67
no_8x8dct%_%no_asm%_%no_cabac%_%no_deblock%_%no_mixed_refs%_%no_weightb%_%rc_lookahead%_%rc_lookahead_20%_%ref%_%ref_5%_%root%_%;361.7033;362.211
no_8x8dct%_%no_asm%_%no_cabac%_%no_deblock%_%no_fast_pskip%_%no_weightb%_%rc_lookahead%_%rc_lookahead_20%_%ref%_%ref_5%_%root%_%;485.35;486.8957
no_8x8dct%_%no_asm%_%no_cabac%_%no_deblock%_%no_fast_pskip%_%no_mixed_refs%_%no_weightb%_%rc_lookahead%_%rc_lookahead_20%_%ref%_%ref_5%_%root%_%;424.89;425.9353
no_8x8dct%_%no_asm%_%no_mbtree%_%rc_lookahead%_%rc_lookahead_20%_%ref%_%ref_5%_%root%_%;492.6233;493.4753
no_8x8dct%_%no_asm%_%no_fast_pskip%_%no_mbtree%_%rc_lookahead%_%rc_lookahead_20%_%ref%_%ref_5%_%root%_%;543.59;543.9213
no_8x8dct%_%no_asm%_%no_cabac%_%no_mbtree%_%rc_lookahead%_%rc_lookahead_20%_%ref%_%ref_5%_%root%_%;485.66;494.5893
no_8x8dct%_%no_asm%_%no_deblock%_%no_weightb%_%rc_lookahead%_%rc_lookahead_20%_%ref%_%ref_1%_%root%_%;254.0333;360.301
no_8x8dct%_%no_asm%_%no_cabac%_%no_fast_pskip%_%no_mbtree%_%rc_lookahead%_%rc_lookahead_20%_%ref%_%ref_5%_%root%_%;535.6267;541.143
no_8x8dct%_%no_asm%_%no_mbtree%_%no_weightb%_%rc_lookahead%_%rc_lookahead_20%_%ref%_%ref_5%_%root%_%;492.2667;491.5507
no_8x8dct%_%no_asm%_%no_cabac%_%no_mbtree%_%no_weightb%_%rc_lookahead%_%rc_lookahead_20%_%ref%_%ref_5%_%root%_%;485.5833;492.4893
no_8x8dct%_%no_asm%_%no_fast_pskip%_%no_mbtree%_%no_weightb%_%rc_lookahead%_%rc_lookahead_20%_%ref%_%ref_5%_%root%_%;543.03;543.3253
no_8x8dct%_%no_asm%_%no_cabac%_%no_fast_pskip%_%no_mbtree%_%no_weightb%_%rc_lookahead%_%rc_lookahead_20%_%ref%_%ref_5%_%root%_%;535.6967;540.7457
no_8x8dct%_%no_asm%_%no_deblock%_%no_mbtree%_%rc_lookahead%_%rc_lookahead_20%_%ref%_%ref_5%_%root%_%;494.2567;496.806
no_8x8dct%_%no_asm%_%no_deblock%_%no_fast_pskip%_%no_mbtree%_%rc_lookahead%_%rc_lookahead_20%_%ref%_%ref_5%_%root%_%;545.0167;543.9093
no_8x8dct%_%no_asm%_%no_deblock%_%no_mbtree%_%no_weightb%_%rc_lookahead%_%rc_lookahead_20%_%ref%_%ref_5%_%root%_%;493.9867;494.8813
no_8x8dct%_%no_asm%_%no_deblock%_%no_fast_pskip%_%no_mbtree%_%no_weightb%_%rc_lookahead%_%rc_lookahead_20%_%ref%_%ref_5%_%root%_%;544.5067;543.1603
no_8x8dct%_%no_asm%_%no_cabac%_%no_deblock%_%no_mbtree%_%rc_lookahead%_%rc_lookahead_20%_%ref%_%ref_5%_%root%_%;487.09;498.0953
no_8x8dct%_%no_asm%_%no_cabac%_%no_weightb%_%rc_lookahead%_%rc_lookahead_20%_%ref%_%ref_1%_%root%_%;244.3033;357.383
no_8x8dct%_%no_asm%_%no_cabac%_%no_deblock%_%no_mbtree%_%no_weightb%_%rc_lookahead%_%rc_lookahead_20%_%ref%_%ref_5%_%root%_%;486.8167;495.9953
no_8x8dct%_%no_asm%_%no_cabac%_%no_deblock%_%no_fast_pskip%_%no_mbtree%_%rc_lookahead%_%rc_lookahead_20%_%ref%_%ref_5%_%root%_%;537.1533;540.7337
no_8x8dct%_%no_asm%_%no_cabac%_%no_deblock%_%no_fast_pskip%_%no_mbtree%_%no_weightb%_%rc_lookahead%_%rc_lookahead_20%_%ref%_%ref_5%_%root%_%;536.95;540.2853
no_8x8dct%_%no_asm%_%no_mbtree%_%no_mixed_refs%_%rc_lookahead%_%rc_lookahead_20%_%ref%_%ref_5%_%root%_%;414.8333;415.1957
no_8x8dct%_%no_asm%_%no_fast_pskip%_%no_mbtree%_%no_mixed_refs%_%rc_lookahead%_%rc_lookahead_20%_%ref%_%ref_5%_%root%_%;463.24;459.3487
no_8x8dct%_%no_asm%_%no_cabac%_%no_mbtree%_%no_mixed_refs%_%rc_lookahead%_%rc_lookahead_20%_%ref%_%ref_5%_%root%_%;408.84;414.716
no_8x8dct%_%no_asm%_%no_cabac%_%no_fast_pskip%_%no_mbtree%_%no_mixed_refs%_%rc_lookahead%_%rc_lookahead_20%_%ref%_%ref_5%_%root%_%;456.74;456.1217
no_8x8dct%_%no_asm%_%no_deblock%_%no_mbtree%_%no_mixed_refs%_%rc_lookahead%_%rc_lookahead_20%_%ref%_%ref_5%_%root%_%;414.23;412.5407
no_8x8dct%_%no_asm%_%no_cabac%_%no_deblock%_%no_mbtree%_%no_mixed_refs%_%rc_lookahead%_%rc_lookahead_20%_%ref%_%ref_5%_%root%_%;408.07;412.5407
no_8x8dct%_%no_asm%_%no_deblock%_%no_fast_pskip%_%no_mbtree%_%no_mixed_refs%_%rc_lookahead%_%rc_lookahead_20%_%ref%_%ref_5%_%root%_%;462.6267;460.4233
no_8x8dct%_%no_asm%_%no_cabac%_%no_deblock%_%no_weightb%_%rc_lookahead%_%rc_lookahead_20%_%ref%_%ref_1%_%root%_%;244.3533;358.1793
no_8x8dct%_%no_asm%_%no_cabac%_%no_deblock%_%no_fast_pskip%_%no_mbtree%_%no_mixed_refs%_%rc_lookahead%_%rc_lookahead_20%_%ref%_%ref_5%_%root%_%;455.64;456.9773
no_8x8dct%_%no_asm%_%no_mbtree%_%no_mixed_refs%_%no_weightb%_%rc_lookahead%_%rc_lookahead_20%_%ref%_%ref_5%_%root%_%;414.7367;412.8037
no_8x8dct%_%no_asm%_%no_fast_pskip%_%no_mbtree%_%no_mixed_refs%_%no_weightb%_%rc_lookahead%_%rc_lookahead_20%_%ref%_%ref_5%_%root%_%;463.3633;459.4217
no_8x8dct%_%no_asm%_%no_deblock%_%no_mbtree%_%no_mixed_refs%_%no_weightb%_%rc_lookahead%_%rc_lookahead_20%_%ref%_%ref_5%_%root%_%;414.0333;410.1487
no_8x8dct%_%no_asm%_%no_deblock%_%no_fast_pskip%_%no_mbtree%_%no_mixed_refs%_%no_weightb%_%rc_lookahead%_%rc_lookahead_20%_%ref%_%ref_5%_%root%_%;462.4733;460.4963
no_8x8dct%_%no_asm%_%no_cabac%_%no_mbtree%_%no_mixed_refs%_%no_weightb%_%rc_lookahead%_%rc_lookahead_20%_%ref%_%ref_5%_%root%_%;408.6267;412.324
no_8x8dct%_%no_asm%_%no_cabac%_%no_deblock%_%no_mbtree%_%no_mixed_refs%_%no_weightb%_%rc_lookahead%_%rc_lookahead_20%_%ref%_%ref_5%_%root%_%;407.7567;410.1487
no_8x8dct%_%no_asm%_%no_cabac%_%no_fast_pskip%_%no_mbtree%_%no_mixed_refs%_%no_weightb%_%rc_lookahead%_%rc_lookahead_20%_%ref%_%ref_5%_%root%_%;456.37;456.1947
no_8x8dct%_%no_asm%_%no_cabac%_%no_deblock%_%no_fast_pskip%_%no_mbtree%_%no_mixed_refs%_%no_weightb%_%rc_lookahead%_%rc_lookahead_20%_%ref%_%ref_5%_%root%_%;455.4933;457.0063
no_asm%_%rc_lookahead%_%rc_lookahead_20%_%ref%_%ref_9%_%root%_%;611.0433;425.1727
no_8x8dct%_%no_asm%_%no_fast_pskip%_%no_weightb%_%rc_lookahead%_%rc_lookahead_20%_%ref%_%ref_1%_%root%_%;261.31;492.0607
no_asm%_%no_fast_pskip%_%rc_lookahead%_%rc_lookahead_20%_%ref%_%ref_9%_%root%_%;740.21;515.067
no_asm%_%no_cabac%_%rc_lookahead%_%rc_lookahead_20%_%ref%_%ref_9%_%root%_%;602.7133;421.1447
no_asm%_%no_cabac%_%no_fast_pskip%_%rc_lookahead%_%rc_lookahead_20%_%ref%_%ref_9%_%root%_%;730.01;507.0637
no_asm%_%no_weightb%_%rc_lookahead%_%rc_lookahead_20%_%ref%_%ref_9%_%root%_%;610.8233;424.6937
no_asm%_%no_cabac%_%no_weightb%_%rc_lookahead%_%rc_lookahead_20%_%ref%_%ref_9%_%root%_%;601.59;420.0587
no_asm%_%no_fast_pskip%_%no_weightb%_%rc_lookahead%_%rc_lookahead_20%_%ref%_%ref_9%_%root%_%;739.9033;514.3927
no_asm%_%no_cabac%_%no_fast_pskip%_%no_weightb%_%rc_lookahead%_%rc_lookahead_20%_%ref%_%ref_9%_%root%_%;729.3;507.0517
no_asm%_%no_mixed_refs%_%rc_lookahead%_%rc_lookahead_20%_%ref%_%ref_9%_%root%_%;510.01;369.458
no_asm%_%no_fast_pskip%_%no_mixed_refs%_%rc_lookahead%_%rc_lookahead_20%_%ref%_%ref_9%_%root%_%;631.0433;445.099
no_asm%_%no_mixed_refs%_%no_weightb%_%rc_lookahead%_%rc_lookahead_20%_%ref%_%ref_9%_%root%_%;509.5233;369.388
no_8x8dct%_%no_asm%_%no_cabac%_%no_fast_pskip%_%no_weightb%_%rc_lookahead%_%rc_lookahead_20%_%ref%_%ref_1%_%root%_%;249.64;486.8957
no_asm%_%no_fast_pskip%_%no_mixed_refs%_%no_weightb%_%rc_lookahead%_%rc_lookahead_20%_%ref%_%ref_9%_%root%_%;630.5767;444.9817
no_asm%_%no_cabac%_%no_mixed_refs%_%rc_lookahead%_%rc_lookahead_20%_%ref%_%ref_9%_%root%_%;507.2467;367.4203
no_asm%_%no_cabac%_%no_mixed_refs%_%no_weightb%_%rc_lookahead%_%rc_lookahead_20%_%ref%_%ref_9%_%root%_%;506.88;367.367
no_asm%_%no_cabac%_%no_fast_pskip%_%no_mixed_refs%_%rc_lookahead%_%rc_lookahead_20%_%ref%_%ref_9%_%root%_%;627.0533;441.037
no_asm%_%no_cabac%_%no_fast_pskip%_%no_mixed_refs%_%no_weightb%_%rc_lookahead%_%rc_lookahead_20%_%ref%_%ref_9%_%root%_%;627.1133;440.9197
no_asm%_%no_mbtree%_%rc_lookahead%_%rc_lookahead_20%_%ref%_%ref_9%_%root%_%;721.4867;488.9367
no_asm%_%no_fast_pskip%_%no_mbtree%_%rc_lookahead%_%rc_lookahead_20%_%ref%_%ref_9%_%root%_%;817.7933;572.6557
no_asm%_%no_cabac%_%no_mbtree%_%rc_lookahead%_%rc_lookahead_20%_%ref%_%ref_9%_%root%_%;712.7433;487.6827
no_asm%_%no_cabac%_%no_fast_pskip%_%no_mbtree%_%rc_lookahead%_%rc_lookahead_20%_%ref%_%ref_9%_%root%_%;807.3333;562.7193
no_asm%_%no_mbtree%_%no_mixed_refs%_%rc_lookahead%_%rc_lookahead_20%_%ref%_%ref_9%_%root%_%;580.7367;410.4573
no_8x8dct%_%no_asm%_%no_deblock%_%no_fast_pskip%_%no_weightb%_%rc_lookahead%_%rc_lookahead_20%_%ref%_%ref_1%_%root%_%;260.6167;492.0607
no_asm%_%no_cabac%_%no_mbtree%_%no_mixed_refs%_%rc_lookahead%_%rc_lookahead_20%_%ref%_%ref_9%_%root%_%;576.54;408.5387
no_asm%_%no_fast_pskip%_%no_mbtree%_%no_mixed_refs%_%rc_lookahead%_%rc_lookahead_20%_%ref%_%ref_9%_%root%_%;672.3733;472.154
no_asm%_%no_cabac%_%no_fast_pskip%_%no_mbtree%_%no_mixed_refs%_%rc_lookahead%_%rc_lookahead_20%_%ref%_%ref_9%_%root%_%;666.5533;472.154
no_asm%_%no_mbtree%_%no_weightb%_%rc_lookahead%_%rc_lookahead_20%_%ref%_%ref_9%_%root%_%;721.7567;486.9693
no_asm%_%no_fast_pskip%_%no_mbtree%_%no_weightb%_%rc_lookahead%_%rc_lookahead_20%_%ref%_%ref_9%_%root%_%;817.34;572.5397
no_asm%_%no_mbtree%_%no_mixed_refs%_%no_weightb%_%rc_lookahead%_%rc_lookahead_20%_%ref%_%ref_9%_%root%_%;580.73;408.1737
no_asm%_%no_fast_pskip%_%no_mbtree%_%no_mixed_refs%_%no_weightb%_%rc_lookahead%_%rc_lookahead_20%_%ref%_%ref_9%_%root%_%;672.1367;472.154
no_asm%_%no_cabac%_%no_mbtree%_%no_weightb%_%rc_lookahead%_%rc_lookahead_20%_%ref%_%ref_9%_%root%_%;712.81;485.5187
no_asm%_%no_cabac%_%no_mbtree%_%no_mixed_refs%_%no_weightb%_%rc_lookahead%_%rc_lookahead_20%_%ref%_%ref_9%_%root%_%;576.2167;406.255
no_asm%_%no_cabac%_%no_fast_pskip%_%no_mbtree%_%no_weightb%_%rc_lookahead%_%rc_lookahead_20%_%ref%_%ref_9%_%root%_%;807.0167;563.1673
no_asm%_%no_cabac%_%no_deblock%_%no_fast_pskip%_%rc_lookahead%_%rc_lookahead_20%_%ref%_%ref_1%_%root%_%;266.19;507.6443
no_8x8dct%_%no_asm%_%no_cabac%_%no_deblock%_%no_fast_pskip%_%no_weightb%_%rc_lookahead%_%rc_lookahead_20%_%ref%_%ref_1%_%root%_%;249.4633;486.8957
no_asm%_%no_cabac%_%no_fast_pskip%_%no_mbtree%_%no_mixed_refs%_%no_weightb%_%rc_lookahead%_%rc_lookahead_20%_%ref%_%ref_9%_%root%_%;666.25;472.154
no_8x8dct%_%no_asm%_%rc_lookahead%_%rc_lookahead_20%_%ref%_%ref_9%_%root%_%;585.35;406.3407
no_8x8dct%_%no_asm%_%no_fast_pskip%_%rc_lookahead%_%rc_lookahead_20%_%ref%_%ref_9%_%root%_%;711.2333;492.4467
no_8x8dct%_%no_asm%_%no_cabac%_%rc_lookahead%_%rc_lookahead_20%_%ref%_%ref_9%_%root%_%;579.1767;402.0823
no_8x8dct%_%no_asm%_%no_cabac%_%no_fast_pskip%_%rc_lookahead%_%rc_lookahead_20%_%ref%_%ref_9%_%root%_%;704.22;487.0533
no_8x8dct%_%no_asm%_%no_weightb%_%rc_lookahead%_%rc_lookahead_20%_%ref%_%ref_9%_%root%_%;584.82;406.2783
no_8x8dct%_%no_asm%_%no_cabac%_%no_weightb%_%rc_lookahead%_%rc_lookahead_20%_%ref%_%ref_9%_%root%_%;579.0233;401.7083
no_8x8dct%_%no_asm%_%no_fast_pskip%_%no_weightb%_%rc_lookahead%_%rc_lookahead_20%_%ref%_%ref_9%_%root%_%;711.2933;492.0607
no_8x8dct%_%no_asm%_%no_cabac%_%no_fast_pskip%_%no_weightb%_%rc_lookahead%_%rc_lookahead_20%_%ref%_%ref_9%_%root%_%;703.5;486.8957
no_8x8dct%_%no_asm%_%no_mbtree%_%rc_lookahead%_%rc_lookahead_20%_%ref%_%ref_9%_%root%_%;687.39;470.9487
no_8x8dct%_%no_asm%_%no_mbtree%_%rc_lookahead%_%rc_lookahead_20%_%ref%_%ref_1%_%root%_%;287.01;470.9487
no_8x8dct%_%no_asm%_%no_fast_pskip%_%no_mbtree%_%rc_lookahead%_%rc_lookahead_20%_%ref%_%ref_9%_%root%_%;780.93;543.9213
no_8x8dct%_%no_asm%_%no_mbtree%_%no_weightb%_%rc_lookahead%_%rc_lookahead_20%_%ref%_%ref_9%_%root%_%;687.0933;469.024
no_8x8dct%_%no_asm%_%no_fast_pskip%_%no_mbtree%_%no_weightb%_%rc_lookahead%_%rc_lookahead_20%_%ref%_%ref_9%_%root%_%;780.6567;543.3253
no_8x8dct%_%no_asm%_%no_cabac%_%no_mbtree%_%rc_lookahead%_%rc_lookahead_20%_%ref%_%ref_9%_%root%_%;680.6467;472.0627
no_8x8dct%_%no_asm%_%no_cabac%_%no_mbtree%_%no_weightb%_%rc_lookahead%_%rc_lookahead_20%_%ref%_%ref_9%_%root%_%;680.6167;469.9627
no_8x8dct%_%no_asm%_%no_cabac%_%no_fast_pskip%_%no_mbtree%_%rc_lookahead%_%rc_lookahead_20%_%ref%_%ref_9%_%root%_%;773.67;541.143
no_8x8dct%_%no_asm%_%no_cabac%_%no_fast_pskip%_%no_mbtree%_%no_weightb%_%rc_lookahead%_%rc_lookahead_20%_%ref%_%ref_9%_%root%_%;773.2767;540.7457
no_8x8dct%_%no_asm%_%no_mixed_refs%_%rc_lookahead%_%rc_lookahead_20%_%ref%_%ref_9%_%root%_%;496.8933;357.9493
no_8x8dct%_%no_asm%_%no_fast_pskip%_%no_mixed_refs%_%rc_lookahead%_%rc_lookahead_20%_%ref%_%ref_9%_%root%_%;615.3367;431.2273
no_8x8dct%_%no_asm%_%no_cabac%_%no_mixed_refs%_%rc_lookahead%_%rc_lookahead_20%_%ref%_%ref_9%_%root%_%;491.52;353.2347
no_8x8dct%_%no_asm%_%no_deblock%_%no_mbtree%_%rc_lookahead%_%rc_lookahead_20%_%ref%_%ref_1%_%root%_%;286.2867;474.2793
no_8x8dct%_%no_asm%_%no_cabac%_%no_fast_pskip%_%no_mixed_refs%_%rc_lookahead%_%rc_lookahead_20%_%ref%_%ref_9%_%root%_%;609.33;426.2707
no_8x8dct%_%no_asm%_%no_mbtree%_%no_mixed_refs%_%rc_lookahead%_%rc_lookahead_20%_%ref%_%ref_9%_%root%_%;561.9267;401.1837
no_8x8dct%_%no_asm%_%no_cabac%_%no_mbtree%_%no_mixed_refs%_%rc_lookahead%_%rc_lookahead_20%_%ref%_%ref_9%_%root%_%;556.5133;400.704
no_8x8dct%_%no_asm%_%no_fast_pskip%_%no_mbtree%_%no_mixed_refs%_%rc_lookahead%_%rc_lookahead_20%_%ref%_%ref_9%_%root%_%;652.4667;459.3487
no_8x8dct%_%no_asm%_%no_cabac%_%no_fast_pskip%_%no_mbtree%_%no_mixed_refs%_%rc_lookahead%_%rc_lookahead_20%_%ref%_%ref_9%_%root%_%;645.4467;456.1217
no_8x8dct%_%no_asm%_%no_mixed_refs%_%no_weightb%_%rc_lookahead%_%rc_lookahead_20%_%ref%_%ref_9%_%root%_%;496.23;357.9493
no_8x8dct%_%no_asm%_%no_fast_pskip%_%no_mixed_refs%_%no_weightb%_%rc_lookahead%_%rc_lookahead_20%_%ref%_%ref_9%_%root%_%;615.0567;431.1917
no_8x8dct%_%no_asm%_%no_mbtree%_%no_mixed_refs%_%no_weightb%_%rc_lookahead%_%rc_lookahead_20%_%ref%_%ref_9%_%root%_%;561.96;398.7917
no_8x8dct%_%no_asm%_%no_fast_pskip%_%no_mbtree%_%no_mixed_refs%_%no_weightb%_%rc_lookahead%_%rc_lookahead_20%_%ref%_%ref_9%_%root%_%;652.55;459.4217
no_8x8dct%_%no_asm%_%no_cabac%_%no_mixed_refs%_%no_weightb%_%rc_lookahead%_%rc_lookahead_20%_%ref%_%ref_9%_%root%_%;491.2367;353.2293
no_8x8dct%_%no_asm%_%no_fast_pskip%_%no_mbtree%_%rc_lookahead%_%rc_lookahead_20%_%ref%_%ref_1%_%root%_%;291.6333;543.9213
no_8x8dct%_%no_asm%_%no_cabac%_%no_mbtree%_%no_mixed_refs%_%no_weightb%_%rc_lookahead%_%rc_lookahead_20%_%ref%_%ref_9%_%root%_%;556.3267;398.312
no_8x8dct%_%no_asm%_%no_cabac%_%no_fast_pskip%_%no_mixed_refs%_%no_weightb%_%rc_lookahead%_%rc_lookahead_20%_%ref%_%ref_9%_%root%_%;608.9967;426.235
no_8x8dct%_%no_asm%_%no_cabac%_%no_fast_pskip%_%no_mbtree%_%no_mixed_refs%_%no_weightb%_%rc_lookahead%_%rc_lookahead_20%_%ref%_%ref_9%_%root%_%;645.3767;456.1947
no_asm%_%no_deblock%_%rc_lookahead%_%rc_lookahead_20%_%ref%_%ref_9%_%root%_%;615.2867;425.434
no_asm%_%no_deblock%_%no_fast_pskip%_%rc_lookahead%_%rc_lookahead_20%_%ref%_%ref_9%_%root%_%;743.1633;515.8443
no_asm%_%no_cabac%_%no_deblock%_%rc_lookahead%_%rc_lookahead_20%_%ref%_%ref_9%_%root%_%;605.2733;420.985
no_asm%_%no_cabac%_%no_deblock%_%no_fast_pskip%_%rc_lookahead%_%rc_lookahead_20%_%ref%_%ref_9%_%root%_%;732.0067;507.6443
no_asm%_%no_deblock%_%no_weightb%_%rc_lookahead%_%rc_lookahead_20%_%ref%_%ref_9%_%root%_%;614.57;425.0167
no_asm%_%no_cabac%_%no_deblock%_%no_weightb%_%rc_lookahead%_%rc_lookahead_20%_%ref%_%ref_9%_%root%_%;604.9167;420.0043
no_asm%_%no_deblock%_%no_fast_pskip%_%no_weightb%_%rc_lookahead%_%rc_lookahead_20%_%ref%_%ref_9%_%root%_%;743.1233;515.3087
no_8x8dct%_%no_asm%_%no_deblock%_%no_fast_pskip%_%no_mbtree%_%rc_lookahead%_%rc_lookahead_20%_%ref%_%ref_1%_%root%_%;291.01;543.9093
no_asm%_%no_cabac%_%no_deblock%_%no_fast_pskip%_%no_weightb%_%rc_lookahead%_%rc_lookahead_20%_%ref%_%ref_9%_%root%_%;731.1933;507.6763
no_asm%_%no_deblock%_%no_mixed_refs%_%rc_lookahead%_%rc_lookahead_20%_%ref%_%ref_9%_%root%_%;508.71;369.2323
no_asm%_%no_deblock%_%no_fast_pskip%_%no_mixed_refs%_%rc_lookahead%_%rc_lookahead_20%_%ref%_%ref_9%_%root%_%;629.62;444.5017
no_asm%_%no_deblock%_%no_mixed_refs%_%no_weightb%_%rc_lookahead%_%rc_lookahead_20%_%ref%_%ref_9%_%root%_%;508.4233;369.1757
no_asm%_%no_deblock%_%no_fast_pskip%_%no_mixed_refs%_%no_weightb%_%rc_lookahead%_%rc_lookahead_20%_%ref%_%ref_9%_%root%_%;629.39;444.3843
no_asm%_%no_cabac%_%no_deblock%_%no_mixed_refs%_%rc_lookahead%_%rc_lookahead_20%_%ref%_%ref_9%_%root%_%;506.36;366.8863
no_asm%_%no_cabac%_%no_deblock%_%no_mixed_refs%_%no_weightb%_%rc_lookahead%_%rc_lookahead_20%_%ref%_%ref_9%_%root%_%;506.2233;366.7557
no_asm%_%no_cabac%_%no_deblock%_%no_fast_pskip%_%no_mixed_refs%_%rc_lookahead%_%rc_lookahead_20%_%ref%_%ref_9%_%root%_%;625.7967;440.276
no_asm%_%no_cabac%_%no_deblock%_%no_fast_pskip%_%no_mixed_refs%_%no_weightb%_%rc_lookahead%_%rc_lookahead_20%_%ref%_%ref_9%_%root%_%;625.71;440.1587
no_8x8dct%_%no_asm%_%no_deblock%_%rc_lookahead%_%rc_lookahead_20%_%ref%_%ref_9%_%root%_%;588.6733;406.608
no_8x8dct%_%no_asm%_%no_mbtree%_%no_weightb%_%rc_lookahead%_%rc_lookahead_20%_%ref%_%ref_1%_%root%_%;287.06;469.024
no_8x8dct%_%no_asm%_%no_deblock%_%no_fast_pskip%_%rc_lookahead%_%rc_lookahead_20%_%ref%_%ref_9%_%root%_%;713.6733;492.4467
no_8x8dct%_%no_asm%_%no_cabac%_%no_deblock%_%rc_lookahead%_%rc_lookahead_20%_%ref%_%ref_9%_%root%_%;581.4067;402.89
no_8x8dct%_%no_asm%_%no_cabac%_%no_deblock%_%no_fast_pskip%_%rc_lookahead%_%rc_lookahead_20%_%ref%_%ref_9%_%root%_%;705.4533;487.0533
no_8x8dct%_%no_asm%_%no_deblock%_%no_mixed_refs%_%rc_lookahead%_%rc_lookahead_20%_%ref%_%ref_9%_%root%_%;495.7233;357.5907
no_8x8dct%_%no_asm%_%no_cabac%_%no_deblock%_%no_mixed_refs%_%rc_lookahead%_%rc_lookahead_20%_%ref%_%ref_9%_%root%_%;490.4733;352.823
no_8x8dct%_%no_asm%_%no_deblock%_%no_fast_pskip%_%no_mixed_refs%_%rc_lookahead%_%rc_lookahead_20%_%ref%_%ref_9%_%root%_%;613.7633;431.4187
no_8x8dct%_%no_asm%_%no_cabac%_%no_deblock%_%no_fast_pskip%_%no_mixed_refs%_%rc_lookahead%_%rc_lookahead_20%_%ref%_%ref_9%_%root%_%;607.6267;426.0423
no_8x8dct%_%no_asm%_%no_deblock%_%no_weightb%_%rc_lookahead%_%rc_lookahead_20%_%ref%_%ref_9%_%root%_%;588.67;406.608
no_8x8dct%_%no_asm%_%no_deblock%_%no_fast_pskip%_%no_weightb%_%rc_lookahead%_%rc_lookahead_20%_%ref%_%ref_9%_%root%_%;713.39;492.0607
no_8x8dct%_%no_asm%_%no_deblock%_%no_mixed_refs%_%no_weightb%_%rc_lookahead%_%rc_lookahead_20%_%ref%_%ref_9%_%root%_%;495.49;357.5907
no_8x8dct%_%no_asm%_%no_fast_pskip%_%no_mbtree%_%no_weightb%_%rc_lookahead%_%rc_lookahead_20%_%ref%_%ref_1%_%root%_%;291.62;543.3253
no_8x8dct%_%no_asm%_%no_deblock%_%no_fast_pskip%_%no_mixed_refs%_%no_weightb%_%rc_lookahead%_%rc_lookahead_20%_%ref%_%ref_9%_%root%_%;613.3967;431.3473
no_8x8dct%_%no_asm%_%no_cabac%_%no_deblock%_%no_weightb%_%rc_lookahead%_%rc_lookahead_20%_%ref%_%ref_9%_%root%_%;581.2433;402.7787
no_8x8dct%_%no_asm%_%no_cabac%_%no_deblock%_%no_mixed_refs%_%no_weightb%_%rc_lookahead%_%rc_lookahead_20%_%ref%_%ref_9%_%root%_%;490.0433;352.8217
no_8x8dct%_%no_asm%_%no_cabac%_%no_deblock%_%no_fast_pskip%_%no_weightb%_%rc_lookahead%_%rc_lookahead_20%_%ref%_%ref_9%_%root%_%;704.8067;486.8957
no_8x8dct%_%no_asm%_%no_cabac%_%no_deblock%_%no_fast_pskip%_%no_mixed_refs%_%no_weightb%_%rc_lookahead%_%rc_lookahead_20%_%ref%_%ref_9%_%root%_%;607.3767;425.9353
no_asm%_%no_deblock%_%no_mbtree%_%rc_lookahead%_%rc_lookahead_20%_%ref%_%ref_9%_%root%_%;726.89;489.2447
no_asm%_%no_deblock%_%no_fast_pskip%_%no_mbtree%_%rc_lookahead%_%rc_lookahead_20%_%ref%_%ref_9%_%root%_%;821.52;572.6557
no_asm%_%no_cabac%_%no_deblock%_%no_mbtree%_%rc_lookahead%_%rc_lookahead_20%_%ref%_%ref_9%_%root%_%;716.0333;488.628
no_asm%_%no_cabac%_%no_deblock%_%no_fast_pskip%_%no_mbtree%_%rc_lookahead%_%rc_lookahead_20%_%ref%_%ref_9%_%root%_%;809.9367;563.1673
no_asm%_%no_deblock%_%no_mbtree%_%no_weightb%_%rc_lookahead%_%rc_lookahead_20%_%ref%_%ref_9%_%root%_%;726.51;487.2987
no_8x8dct%_%no_asm%_%no_deblock%_%no_mbtree%_%no_weightb%_%rc_lookahead%_%rc_lookahead_20%_%ref%_%ref_1%_%root%_%;286.3967;472.3547
no_asm%_%no_cabac%_%no_deblock%_%no_mbtree%_%no_weightb%_%rc_lookahead%_%rc_lookahead_20%_%ref%_%ref_9%_%root%_%;715.9233;486.5067
no_asm%_%no_deblock%_%no_fast_pskip%_%no_mbtree%_%no_weightb%_%rc_lookahead%_%rc_lookahead_20%_%ref%_%ref_9%_%root%_%;821.9633;572.5397
no_asm%_%no_cabac%_%no_deblock%_%no_fast_pskip%_%no_mbtree%_%no_weightb%_%rc_lookahead%_%rc_lookahead_20%_%ref%_%ref_9%_%root%_%;809.57;563.6153
no_8x8dct%_%no_asm%_%no_deblock%_%no_mbtree%_%rc_lookahead%_%rc_lookahead_20%_%ref%_%ref_9%_%root%_%;690.59;474.2793
no_8x8dct%_%no_asm%_%no_deblock%_%no_fast_pskip%_%no_mbtree%_%rc_lookahead%_%rc_lookahead_20%_%ref%_%ref_9%_%root%_%;784.02;543.9093
no_8x8dct%_%no_asm%_%no_deblock%_%no_mbtree%_%no_weightb%_%rc_lookahead%_%rc_lookahead_20%_%ref%_%ref_9%_%root%_%;690.4633;472.3547
no_8x8dct%_%no_asm%_%no_deblock%_%no_fast_pskip%_%no_mbtree%_%no_weightb%_%rc_lookahead%_%rc_lookahead_20%_%ref%_%ref_9%_%root%_%;783.4933;543.1603
no_8x8dct%_%no_asm%_%no_cabac%_%no_deblock%_%no_mbtree%_%rc_lookahead%_%rc_lookahead_20%_%ref%_%ref_9%_%root%_%;683.75;475.5687
no_8x8dct%_%no_asm%_%no_cabac%_%no_deblock%_%no_mbtree%_%no_weightb%_%rc_lookahead%_%rc_lookahead_20%_%ref%_%ref_9%_%root%_%;683.42;473.4687
no_8x8dct%_%no_asm%_%no_cabac%_%no_deblock%_%no_fast_pskip%_%no_mbtree%_%rc_lookahead%_%rc_lookahead_20%_%ref%_%ref_9%_%root%_%;775.8533;540.7337
no_8x8dct%_%no_asm%_%no_deblock%_%no_fast_pskip%_%no_mbtree%_%no_weightb%_%rc_lookahead%_%rc_lookahead_20%_%ref%_%ref_1%_%root%_%;291.15;543.1603
no_8x8dct%_%no_asm%_%no_cabac%_%no_deblock%_%no_fast_pskip%_%no_mbtree%_%no_weightb%_%rc_lookahead%_%rc_lookahead_20%_%ref%_%ref_9%_%root%_%;775.8033;540.2853
no_asm%_%no_deblock%_%no_mbtree%_%no_mixed_refs%_%rc_lookahead%_%rc_lookahead_20%_%ref%_%ref_9%_%root%_%;580.5433;407.9107
no_asm%_%no_deblock%_%no_fast_pskip%_%no_mbtree%_%no_mixed_refs%_%rc_lookahead%_%rc_lookahead_20%_%ref%_%ref_9%_%root%_%;671.73;472.008
no_asm%_%no_cabac%_%no_deblock%_%no_mbtree%_%no_mixed_refs%_%rc_lookahead%_%rc_lookahead_20%_%ref%_%ref_9%_%root%_%;575.8633;406.4717
no_asm%_%no_cabac%_%no_deblock%_%no_fast_pskip%_%no_mbtree%_%no_mixed_refs%_%rc_lookahead%_%rc_lookahead_20%_%ref%_%ref_9%_%root%_%;665.2233;472.008
no_8x8dct%_%no_asm%_%no_deblock%_%no_mbtree%_%no_mixed_refs%_%rc_lookahead%_%rc_lookahead_20%_%ref%_%ref_9%_%root%_%;561.79;398.5287
no_8x8dct%_%no_asm%_%no_cabac%_%no_deblock%_%no_mbtree%_%no_mixed_refs%_%rc_lookahead%_%rc_lookahead_20%_%ref%_%ref_9%_%root%_%;555.58;398.5287
no_8x8dct%_%no_asm%_%no_deblock%_%no_fast_pskip%_%no_mbtree%_%no_mixed_refs%_%rc_lookahead%_%rc_lookahead_20%_%ref%_%ref_9%_%root%_%;651.7033;460.4233
no_8x8dct%_%no_asm%_%no_cabac%_%no_deblock%_%no_fast_pskip%_%no_mbtree%_%no_mixed_refs%_%rc_lookahead%_%rc_lookahead_20%_%ref%_%ref_9%_%root%_%;644.1567;456.9773
no_asm%_%no_deblock%_%no_mbtree%_%no_mixed_refs%_%no_weightb%_%rc_lookahead%_%rc_lookahead_20%_%ref%_%ref_9%_%root%_%;580.3733;405.627
no_8x8dct%_%no_asm%_%no_cabac%_%no_mbtree%_%rc_lookahead%_%rc_lookahead_20%_%ref%_%ref_1%_%root%_%;275.9233;472.0627
no_asm%_%no_deblock%_%no_fast_pskip%_%no_mbtree%_%no_mixed_refs%_%no_weightb%_%rc_lookahead%_%rc_lookahead_20%_%ref%_%ref_9%_%root%_%;671.4;472.008
no_8x8dct%_%no_asm%_%no_deblock%_%no_mbtree%_%no_mixed_refs%_%no_weightb%_%rc_lookahead%_%rc_lookahead_20%_%ref%_%ref_9%_%root%_%;561.3733;396.1367
no_8x8dct%_%no_asm%_%no_deblock%_%no_fast_pskip%_%no_mbtree%_%no_mixed_refs%_%no_weightb%_%rc_lookahead%_%rc_lookahead_20%_%ref%_%ref_9%_%root%_%;651.2033;460.4963
no_asm%_%no_cabac%_%no_deblock%_%no_mbtree%_%no_mixed_refs%_%no_weightb%_%rc_lookahead%_%rc_lookahead_20%_%ref%_%ref_9%_%root%_%;575.4767;404.188
no_8x8dct%_%no_asm%_%no_cabac%_%no_deblock%_%no_mbtree%_%no_mixed_refs%_%no_weightb%_%rc_lookahead%_%rc_lookahead_20%_%ref%_%ref_9%_%root%_%;555.2033;396.1367
no_asm%_%no_cabac%_%no_deblock%_%no_fast_pskip%_%no_mbtree%_%no_mixed_refs%_%no_weightb%_%rc_lookahead%_%rc_lookahead_20%_%ref%_%ref_9%_%root%_%;665.2833;472.008
no_8x8dct%_%no_asm%_%no_cabac%_%no_deblock%_%no_fast_pskip%_%no_mbtree%_%no_mixed_refs%_%no_weightb%_%rc_lookahead%_%rc_lookahead_20%_%ref%_%ref_9%_%root%_%;643.96;457.0063
no_asm%_%rc_lookahead%_%rc_lookahead_60%_%ref%_%ref_9%_%root%_%;613.4467;425.1727
no_asm%_%no_fast_pskip%_%rc_lookahead%_%rc_lookahead_60%_%ref%_%ref_9%_%root%_%;742.4633;515.067
no_asm%_%no_cabac%_%rc_lookahead%_%rc_lookahead_60%_%ref%_%ref_9%_%root%_%;604.8867;421.1447
no_asm%_%no_weightb%_%rc_lookahead%_%rc_lookahead_20%_%ref%_%ref_1%_%root%_%;268.5567;373.2027
no_8x8dct%_%no_asm%_%no_cabac%_%no_deblock%_%no_mbtree%_%rc_lookahead%_%rc_lookahead_20%_%ref%_%ref_1%_%root%_%;275.3867;475.5687
no_asm%_%no_cabac%_%no_fast_pskip%_%rc_lookahead%_%rc_lookahead_60%_%ref%_%ref_9%_%root%_%;731.76;507.0637
no_asm%_%no_weightb%_%rc_lookahead%_%rc_lookahead_60%_%ref%_%ref_9%_%root%_%;613.5167;424.6937
no_asm%_%no_cabac%_%no_weightb%_%rc_lookahead%_%rc_lookahead_60%_%ref%_%ref_9%_%root%_%;604.4833;420.0587
no_asm%_%no_fast_pskip%_%no_weightb%_%rc_lookahead%_%rc_lookahead_60%_%ref%_%ref_9%_%root%_%;741.8867;514.3927
no_asm%_%no_cabac%_%no_fast_pskip%_%no_weightb%_%rc_lookahead%_%rc_lookahead_60%_%ref%_%ref_9%_%root%_%;731.41;507.0517
no_asm%_%no_mixed_refs%_%rc_lookahead%_%rc_lookahead_60%_%ref%_%ref_9%_%root%_%;511.5067;369.458
no_asm%_%no_fast_pskip%_%no_mixed_refs%_%rc_lookahead%_%rc_lookahead_60%_%ref%_%ref_9%_%root%_%;632.9433;445.099
no_asm%_%no_mixed_refs%_%no_weightb%_%rc_lookahead%_%rc_lookahead_60%_%ref%_%ref_9%_%root%_%;511.7333;369.388
no_asm%_%no_fast_pskip%_%no_mixed_refs%_%no_weightb%_%rc_lookahead%_%rc_lookahead_60%_%ref%_%ref_9%_%root%_%;632.8267;444.9817
no_asm%_%no_cabac%_%no_mixed_refs%_%rc_lookahead%_%rc_lookahead_60%_%ref%_%ref_9%_%root%_%;509.8933;367.4203
no_8x8dct%_%no_asm%_%no_cabac%_%no_mbtree%_%no_weightb%_%rc_lookahead%_%rc_lookahead_20%_%ref%_%ref_1%_%root%_%;275.9267;469.9627
no_asm%_%no_cabac%_%no_mixed_refs%_%no_weightb%_%rc_lookahead%_%rc_lookahead_60%_%ref%_%ref_9%_%root%_%;509.4733;367.367
no_asm%_%no_cabac%_%no_fast_pskip%_%no_mixed_refs%_%rc_lookahead%_%rc_lookahead_60%_%ref%_%ref_9%_%root%_%;629.3367;441.037
no_asm%_%no_cabac%_%no_fast_pskip%_%no_mixed_refs%_%no_weightb%_%rc_lookahead%_%rc_lookahead_60%_%ref%_%ref_9%_%root%_%;629.3967;440.9197
no_asm%_%no_mbtree%_%rc_lookahead%_%rc_lookahead_60%_%ref%_%ref_9%_%root%_%;721.8733;488.9367
no_asm%_%no_fast_pskip%_%no_mbtree%_%rc_lookahead%_%rc_lookahead_60%_%ref%_%ref_9%_%root%_%;817.99;572.6557
no_asm%_%no_cabac%_%no_mbtree%_%rc_lookahead%_%rc_lookahead_60%_%ref%_%ref_9%_%root%_%;712.87;487.6827
no_asm%_%no_cabac%_%no_fast_pskip%_%no_mbtree%_%rc_lookahead%_%rc_lookahead_60%_%ref%_%ref_9%_%root%_%;807.4367;562.7193
no_asm%_%no_mbtree%_%no_mixed_refs%_%rc_lookahead%_%rc_lookahead_60%_%ref%_%ref_9%_%root%_%;580.74;410.4573
no_asm%_%no_cabac%_%no_mbtree%_%no_mixed_refs%_%rc_lookahead%_%rc_lookahead_60%_%ref%_%ref_9%_%root%_%;576.48;408.5387
no_asm%_%no_fast_pskip%_%no_mbtree%_%no_mixed_refs%_%rc_lookahead%_%rc_lookahead_60%_%ref%_%ref_9%_%root%_%;672.6;472.154
no_8x8dct%_%no_asm%_%no_cabac%_%no_deblock%_%no_mbtree%_%no_weightb%_%rc_lookahead%_%rc_lookahead_20%_%ref%_%ref_1%_%root%_%;275.4333;473.4687
no_asm%_%no_cabac%_%no_fast_pskip%_%no_mbtree%_%no_mixed_refs%_%rc_lookahead%_%rc_lookahead_60%_%ref%_%ref_9%_%root%_%;666.6867;472.154
no_asm%_%no_mbtree%_%no_weightb%_%rc_lookahead%_%rc_lookahead_60%_%ref%_%ref_9%_%root%_%;721.8667;486.9693
no_asm%_%no_fast_pskip%_%no_mbtree%_%no_weightb%_%rc_lookahead%_%rc_lookahead_60%_%ref%_%ref_9%_%root%_%;817.3533;572.5397
no_asm%_%no_mbtree%_%no_mixed_refs%_%no_weightb%_%rc_lookahead%_%rc_lookahead_60%_%ref%_%ref_9%_%root%_%;580.6067;408.1737
no_asm%_%no_fast_pskip%_%no_mbtree%_%no_mixed_refs%_%no_weightb%_%rc_lookahead%_%rc_lookahead_60%_%ref%_%ref_9%_%root%_%;672.2067;472.154
no_asm%_%no_cabac%_%no_mbtree%_%no_weightb%_%rc_lookahead%_%rc_lookahead_60%_%ref%_%ref_9%_%root%_%;712.7267;485.5187
no_asm%_%no_cabac%_%no_mbtree%_%no_mixed_refs%_%no_weightb%_%rc_lookahead%_%rc_lookahead_60%_%ref%_%ref_9%_%root%_%;576.2467;406.255
no_asm%_%no_cabac%_%no_fast_pskip%_%no_mbtree%_%no_weightb%_%rc_lookahead%_%rc_lookahead_60%_%ref%_%ref_9%_%root%_%;806.9233;563.1673
no_asm%_%no_cabac%_%no_fast_pskip%_%no_mbtree%_%no_mixed_refs%_%no_weightb%_%rc_lookahead%_%rc_lookahead_60%_%ref%_%ref_9%_%root%_%;666.33;472.154
no_asm%_%no_deblock%_%rc_lookahead%_%rc_lookahead_60%_%ref%_%ref_9%_%root%_%;617.42;425.434
no_8x8dct%_%no_asm%_%no_cabac%_%no_fast_pskip%_%no_mbtree%_%rc_lookahead%_%rc_lookahead_20%_%ref%_%ref_1%_%root%_%;279.79;541.143
no_asm%_%no_deblock%_%no_fast_pskip%_%rc_lookahead%_%rc_lookahead_60%_%ref%_%ref_9%_%root%_%;745.5967;515.8443
no_asm%_%no_cabac%_%no_deblock%_%rc_lookahead%_%rc_lookahead_60%_%ref%_%ref_9%_%root%_%;607.9267;420.985
no_asm%_%no_cabac%_%no_deblock%_%no_fast_pskip%_%rc_lookahead%_%rc_lookahead_60%_%ref%_%ref_9%_%root%_%;734.21;507.6443
no_asm%_%no_deblock%_%no_weightb%_%rc_lookahead%_%rc_lookahead_60%_%ref%_%ref_9%_%root%_%;616.96;425.0167
no_asm%_%no_cabac%_%no_deblock%_%no_weightb%_%rc_lookahead%_%rc_lookahead_60%_%ref%_%ref_9%_%root%_%;607.7;420.0043
no_asm%_%no_deblock%_%no_fast_pskip%_%no_weightb%_%rc_lookahead%_%rc_lookahead_60%_%ref%_%ref_9%_%root%_%;745.4433;515.3087
no_asm%_%no_cabac%_%no_deblock%_%no_fast_pskip%_%no_weightb%_%rc_lookahead%_%rc_lookahead_60%_%ref%_%ref_9%_%root%_%;733.7633;507.6763
no_asm%_%no_deblock%_%no_mbtree%_%rc_lookahead%_%rc_lookahead_60%_%ref%_%ref_9%_%root%_%;726.9167;489.2447
no_asm%_%no_deblock%_%no_fast_pskip%_%no_mbtree%_%rc_lookahead%_%rc_lookahead_60%_%ref%_%ref_9%_%root%_%;821.76;572.6557
no_asm%_%no_deblock%_%no_mbtree%_%no_weightb%_%rc_lookahead%_%rc_lookahead_60%_%ref%_%ref_9%_%root%_%;726.6;487.2987
no_8x8dct%_%no_asm%_%no_cabac%_%no_fast_pskip%_%no_mbtree%_%no_weightb%_%rc_lookahead%_%rc_lookahead_20%_%ref%_%ref_1%_%root%_%;279.7767;540.7457
no_asm%_%no_deblock%_%no_fast_pskip%_%no_mbtree%_%no_weightb%_%rc_lookahead%_%rc_lookahead_60%_%ref%_%ref_9%_%root%_%;821.51;572.5397
no_asm%_%no_cabac%_%no_deblock%_%no_mbtree%_%rc_lookahead%_%rc_lookahead_60%_%ref%_%ref_9%_%root%_%;715.8267;488.628
no_asm%_%no_cabac%_%no_deblock%_%no_mbtree%_%no_weightb%_%rc_lookahead%_%rc_lookahead_60%_%ref%_%ref_9%_%root%_%;715.7467;486.5067
no_asm%_%no_cabac%_%no_deblock%_%no_fast_pskip%_%no_mbtree%_%rc_lookahead%_%rc_lookahead_60%_%ref%_%ref_9%_%root%_%;809.8067;563.1673
no_asm%_%no_cabac%_%no_deblock%_%no_fast_pskip%_%no_mbtree%_%no_weightb%_%rc_lookahead%_%rc_lookahead_60%_%ref%_%ref_9%_%root%_%;809.53;563.6153
no_asm%_%no_deblock%_%no_mixed_refs%_%rc_lookahead%_%rc_lookahead_60%_%ref%_%ref_9%_%root%_%;510.8367;369.2323
no_asm%_%no_deblock%_%no_fast_pskip%_%no_mixed_refs%_%rc_lookahead%_%rc_lookahead_60%_%ref%_%ref_9%_%root%_%;631.7367;444.5017
no_asm%_%no_cabac%_%no_deblock%_%no_mixed_refs%_%rc_lookahead%_%rc_lookahead_60%_%ref%_%ref_9%_%root%_%;508.7667;366.8863
no_asm%_%no_cabac%_%no_deblock%_%no_fast_pskip%_%no_mixed_refs%_%rc_lookahead%_%rc_lookahead_60%_%ref%_%ref_9%_%root%_%;628.15;440.276
no_asm%_%no_deblock%_%no_mbtree%_%no_mixed_refs%_%rc_lookahead%_%rc_lookahead_60%_%ref%_%ref_9%_%root%_%;580.4767;407.9107
no_8x8dct%_%no_asm%_%no_cabac%_%no_deblock%_%no_fast_pskip%_%no_mbtree%_%rc_lookahead%_%rc_lookahead_20%_%ref%_%ref_1%_%root%_%;279.15;540.7337
no_asm%_%no_cabac%_%no_deblock%_%no_mbtree%_%no_mixed_refs%_%rc_lookahead%_%rc_lookahead_60%_%ref%_%ref_9%_%root%_%;575.6633;406.4717
no_asm%_%no_deblock%_%no_fast_pskip%_%no_mbtree%_%no_mixed_refs%_%rc_lookahead%_%rc_lookahead_60%_%ref%_%ref_9%_%root%_%;671.7467;472.008
no_asm%_%no_cabac%_%no_deblock%_%no_fast_pskip%_%no_mbtree%_%no_mixed_refs%_%rc_lookahead%_%rc_lookahead_60%_%ref%_%ref_9%_%root%_%;665.2;472.008
no_asm%_%no_deblock%_%no_mixed_refs%_%no_weightb%_%rc_lookahead%_%rc_lookahead_60%_%ref%_%ref_9%_%root%_%;510.89;369.1757
no_asm%_%no_deblock%_%no_fast_pskip%_%no_mixed_refs%_%no_weightb%_%rc_lookahead%_%rc_lookahead_60%_%ref%_%ref_9%_%root%_%;631.5833;444.3843
no_asm%_%no_deblock%_%no_mbtree%_%no_mixed_refs%_%no_weightb%_%rc_lookahead%_%rc_lookahead_60%_%ref%_%ref_9%_%root%_%;580.41;405.627
no_asm%_%no_deblock%_%no_fast_pskip%_%no_mbtree%_%no_mixed_refs%_%no_weightb%_%rc_lookahead%_%rc_lookahead_60%_%ref%_%ref_9%_%root%_%;671.55;472.008
no_asm%_%no_cabac%_%no_deblock%_%no_mixed_refs%_%no_weightb%_%rc_lookahead%_%rc_lookahead_60%_%ref%_%ref_9%_%root%_%;508.6067;366.7557
no_asm%_%no_cabac%_%no_deblock%_%no_mbtree%_%no_mixed_refs%_%no_weightb%_%rc_lookahead%_%rc_lookahead_60%_%ref%_%ref_9%_%root%_%;575.5533;404.188
no_asm%_%no_cabac%_%no_deblock%_%no_fast_pskip%_%no_mixed_refs%_%no_weightb%_%rc_lookahead%_%rc_lookahead_60%_%ref%_%ref_9%_%root%_%;627.8133;440.1587
no_8x8dct%_%no_asm%_%no_cabac%_%no_deblock%_%no_fast_pskip%_%no_mbtree%_%no_weightb%_%rc_lookahead%_%rc_lookahead_20%_%ref%_%ref_1%_%root%_%;279.15;540.2853
no_asm%_%no_cabac%_%no_deblock%_%no_fast_pskip%_%no_mbtree%_%no_mixed_refs%_%no_weightb%_%rc_lookahead%_%rc_lookahead_60%_%ref%_%ref_9%_%root%_%;665.1667;472.008
no_8x8dct%_%no_asm%_%rc_lookahead%_%rc_lookahead_60%_%ref%_%ref_9%_%root%_%;588.54;406.3407
no_8x8dct%_%no_asm%_%no_fast_pskip%_%rc_lookahead%_%rc_lookahead_60%_%ref%_%ref_9%_%root%_%;713.5767;492.4467
no_8x8dct%_%no_asm%_%no_cabac%_%rc_lookahead%_%rc_lookahead_60%_%ref%_%ref_9%_%root%_%;581.8133;402.0823
no_8x8dct%_%no_asm%_%no_cabac%_%no_fast_pskip%_%rc_lookahead%_%rc_lookahead_60%_%ref%_%ref_9%_%root%_%;706.2467;487.0533
no_8x8dct%_%no_asm%_%no_weightb%_%rc_lookahead%_%rc_lookahead_60%_%ref%_%ref_9%_%root%_%;588.2;406.2783
no_8x8dct%_%no_asm%_%no_cabac%_%no_weightb%_%rc_lookahead%_%rc_lookahead_60%_%ref%_%ref_9%_%root%_%;581.7167;401.7083
no_8x8dct%_%no_asm%_%no_fast_pskip%_%no_weightb%_%rc_lookahead%_%rc_lookahead_60%_%ref%_%ref_9%_%root%_%;712.9533;492.0607
no_8x8dct%_%no_asm%_%no_cabac%_%no_fast_pskip%_%no_weightb%_%rc_lookahead%_%rc_lookahead_60%_%ref%_%ref_9%_%root%_%;706.0633;486.8957
no_8x8dct%_%no_asm%_%no_mixed_refs%_%rc_lookahead%_%rc_lookahead_60%_%ref%_%ref_9%_%root%_%;499.27;357.9493
no_8x8dct%_%no_asm%_%no_mixed_refs%_%rc_lookahead%_%rc_lookahead_20%_%ref%_%ref_1%_%root%_%;254.82;338.1007
no_8x8dct%_%no_asm%_%no_fast_pskip%_%no_mixed_refs%_%rc_lookahead%_%rc_lookahead_60%_%ref%_%ref_9%_%root%_%;617.2067;431.2273
no_8x8dct%_%no_asm%_%no_mixed_refs%_%no_weightb%_%rc_lookahead%_%rc_lookahead_60%_%ref%_%ref_9%_%root%_%;498.8267;357.9493
no_8x8dct%_%no_asm%_%no_fast_pskip%_%no_mixed_refs%_%no_weightb%_%rc_lookahead%_%rc_lookahead_60%_%ref%_%ref_9%_%root%_%;616.97;431.1917
no_8x8dct%_%no_asm%_%no_cabac%_%no_mixed_refs%_%rc_lookahead%_%rc_lookahead_60%_%ref%_%ref_9%_%root%_%;493.96;353.2347
no_8x8dct%_%no_asm%_%no_cabac%_%no_mixed_refs%_%no_weightb%_%rc_lookahead%_%rc_lookahead_60%_%ref%_%ref_9%_%root%_%;493.5433;353.2293
no_8x8dct%_%no_asm%_%no_cabac%_%no_fast_pskip%_%no_mixed_refs%_%rc_lookahead%_%rc_lookahead_60%_%ref%_%ref_9%_%root%_%;611.6;426.2707
no_8x8dct%_%no_asm%_%no_cabac%_%no_fast_pskip%_%no_mixed_refs%_%no_weightb%_%rc_lookahead%_%rc_lookahead_60%_%ref%_%ref_9%_%root%_%;611.4333;426.235
no_8x8dct%_%no_asm%_%no_deblock%_%rc_lookahead%_%rc_lookahead_60%_%ref%_%ref_9%_%root%_%;590.55;406.608
no_8x8dct%_%no_asm%_%no_deblock%_%no_fast_pskip%_%rc_lookahead%_%rc_lookahead_60%_%ref%_%ref_9%_%root%_%;715.7367;492.4467
no_8x8dct%_%no_asm%_%no_cabac%_%no_deblock%_%rc_lookahead%_%rc_lookahead_60%_%ref%_%ref_9%_%root%_%;584.9767;402.89
no_8x8dct%_%no_asm%_%no_deblock%_%no_mixed_refs%_%rc_lookahead%_%rc_lookahead_20%_%ref%_%ref_1%_%root%_%;254.11;337.8317
no_8x8dct%_%no_asm%_%no_cabac%_%no_deblock%_%no_fast_pskip%_%rc_lookahead%_%rc_lookahead_60%_%ref%_%ref_9%_%root%_%;707.5967;487.0533
no_8x8dct%_%no_asm%_%no_deblock%_%no_mixed_refs%_%rc_lookahead%_%rc_lookahead_60%_%ref%_%ref_9%_%root%_%;497.8033;357.5907
no_8x8dct%_%no_asm%_%no_cabac%_%no_deblock%_%no_mixed_refs%_%rc_lookahead%_%rc_lookahead_60%_%ref%_%ref_9%_%root%_%;493.0067;352.823
no_8x8dct%_%no_asm%_%no_deblock%_%no_fast_pskip%_%no_mixed_refs%_%rc_lookahead%_%rc_lookahead_60%_%ref%_%ref_9%_%root%_%;615.9;431.4187
no_8x8dct%_%no_asm%_%no_cabac%_%no_deblock%_%no_fast_pskip%_%no_mixed_refs%_%rc_lookahead%_%rc_lookahead_60%_%ref%_%ref_9%_%root%_%;609.8867;426.0423
no_8x8dct%_%no_asm%_%no_deblock%_%no_weightb%_%rc_lookahead%_%rc_lookahead_60%_%ref%_%ref_9%_%root%_%;590.8367;406.608
no_8x8dct%_%no_asm%_%no_deblock%_%no_fast_pskip%_%no_weightb%_%rc_lookahead%_%rc_lookahead_60%_%ref%_%ref_9%_%root%_%;715.5833;492.0607
no_8x8dct%_%no_asm%_%no_deblock%_%no_mixed_refs%_%no_weightb%_%rc_lookahead%_%rc_lookahead_60%_%ref%_%ref_9%_%root%_%;497.37;357.5907
no_8x8dct%_%no_asm%_%no_deblock%_%no_fast_pskip%_%no_mixed_refs%_%no_weightb%_%rc_lookahead%_%rc_lookahead_60%_%ref%_%ref_9%_%root%_%;616.1333;431.3473
no_8x8dct%_%no_asm%_%no_cabac%_%no_deblock%_%no_weightb%_%rc_lookahead%_%rc_lookahead_60%_%ref%_%ref_9%_%root%_%;583.8467;402.7787
no_8x8dct%_%no_asm%_%no_fast_pskip%_%no_mixed_refs%_%rc_lookahead%_%rc_lookahead_20%_%ref%_%ref_1%_%root%_%;261.2033;431.2273
no_8x8dct%_%no_asm%_%no_cabac%_%no_deblock%_%no_mixed_refs%_%no_weightb%_%rc_lookahead%_%rc_lookahead_60%_%ref%_%ref_9%_%root%_%;492.4267;352.8217
no_8x8dct%_%no_asm%_%no_cabac%_%no_deblock%_%no_fast_pskip%_%no_weightb%_%rc_lookahead%_%rc_lookahead_60%_%ref%_%ref_9%_%root%_%;707.4933;486.8957
no_8x8dct%_%no_asm%_%no_cabac%_%no_deblock%_%no_fast_pskip%_%no_mixed_refs%_%no_weightb%_%rc_lookahead%_%rc_lookahead_60%_%ref%_%ref_9%_%root%_%;609.6967;425.9353
no_8x8dct%_%no_asm%_%no_mbtree%_%rc_lookahead%_%rc_lookahead_60%_%ref%_%ref_9%_%root%_%;687.4733;470.9487
no_8x8dct%_%no_asm%_%no_fast_pskip%_%no_mbtree%_%rc_lookahead%_%rc_lookahead_60%_%ref%_%ref_9%_%root%_%;781.1633;543.9213
no_8x8dct%_%no_asm%_%no_cabac%_%no_mbtree%_%rc_lookahead%_%rc_lookahead_60%_%ref%_%ref_9%_%root%_%;680.5633;472.0627
no_8x8dct%_%no_asm%_%no_cabac%_%no_fast_pskip%_%no_mbtree%_%rc_lookahead%_%rc_lookahead_60%_%ref%_%ref_9%_%root%_%;773.4367;541.143
no_8x8dct%_%no_asm%_%no_mbtree%_%no_weightb%_%rc_lookahead%_%rc_lookahead_60%_%ref%_%ref_9%_%root%_%;687.0333;469.024
no_8x8dct%_%no_asm%_%no_cabac%_%no_mbtree%_%no_weightb%_%rc_lookahead%_%rc_lookahead_60%_%ref%_%ref_9%_%root%_%;680.7267;469.9627
no_8x8dct%_%no_asm%_%no_fast_pskip%_%no_mbtree%_%no_weightb%_%rc_lookahead%_%rc_lookahead_60%_%ref%_%ref_9%_%root%_%;780.79;543.3253
