Current machine learning settings: epsilon:0 lossFunction:RELATIVE parallelization:True bagging:False baggingNumbers:3 considerEpsilonTube:False baggingTestDataFraction:50 useBackward:False abortError:1 limitFeatureSize:False featureSizeTreshold:4 quadraticFunctionSupport:True crossValidation:False crossValidation-k:5 learn-logFunction:False learn-accumulatedLogFunction:False learn-asymFunction:False learn-ratioFunction:False learn-mirrowedFunction:False learn-numeric-disabled:True numberOfRounds:70 backwardErrorDelta:1 minImprovementPerRound:0.1 withHierarchy:False bruteForceCandidates:False ignoreBadFeatures:False stopOnLongRound:True candidateSizePenalty:True learnTimeLimit:00:00:00 scoreMeasure:RELERROR outputRoundsToStdout:False debug:False pythonInfluenceAnalysis:False blacklisted: 
command: solver z3
command: vm /scratch/kallistos/Distance-Based_Data/SupplementaryWebsite/MeasuredPerformanceValues/7z/FeatureModel.xml
command: all /scratch/kallistos/Distance-Based_Data/SupplementaryWebsite/MeasuredPerformanceValues/7z/measurements.xml
Configs with too large deviation: 0
68640 configurations loaded.
command: nfp Performance
command: setsampleset /scratch/kallistos/Distance-Based_Data/Results/7z/7z_85/sampledConfigurations_henard_t1.csv
command: learn-splconqueror-opt abortError=[1] minImprovementPerRound=[0.1,0.2,0.5] lossFunction=[RELATIVE] quadraticFunctionSupport=[True,False] learn_logFunction=[True,False] learn_asymFunction=[True,False] learn_ratioFunction=[True,False] withHierarchy=[False] useBackward=[False]
Learning: NumberOfConfigurationsLearning:39 NumberOfConfigurationsValidation:39
Learning progress:
1;3694.4 * CompressionMethod + 2490.6 * BZip2;19.7985346220913;19.7985346220913;19.7985346220913;19.7985346220913;0.06264;2;2490.6 * BZip2;1;26.5429972994566;
2;3694.4 * CompressionMethod + 2580.6 * BZip2 + -270.000000000004 * BZip2 * mtOff;19.5746123942492;19.5746123942492;19.5746123942492;19.5746123942492;0.082333;4;-270.000000000004 * BZip2 * mtOff;2;0.111961113921042;
3;3692.91666666667 * CompressionMethod + 2582.08333333334 * BZip2 + -270 * BZip2 * mtOff + 37.0833333333333 * BlockSize_4096;19.5673478802346;19.5673478802346;19.5673478802346;19.5673478802346;0.114021;5;37.0833333333333 * BlockSize_4096;1;0.00726451401459016;
Elapsed=00:00:00.1176130
Learning progress:
1;10466 * CompressionMethod + -6729.84615384615 * x_0;40.8444836652728;40.8444836652728;40.8444836652728;40.8444836652728;0.007445;2;-6729.84615384615 * x_0;1;55.6068964378054;
2;10163.2909379968 * CompressionMethod + -6718.20349761526 * x_0 + 1513.5453100159 * BZip2;27.5872970724681;27.5872970724681;27.5872970724681;27.5872970724681;0.029041;3;1513.5453100159 * BZip2;1;13.2571865928048;
3;11557.5 * CompressionMethod + -8377.9761904762 * x_0 + 2894.4761904762 * BZip2 + -8351.97619047621 * x_2;17.2063922449003;17.2063922449003;17.2063922449003;17.2063922449003;0.064463;4;-8351.97619047621 * x_2;1;10.3809048275678;
4;11557.5 * CompressionMethod + -8068.16666666667 * x_0 + 2584.66666666668 * BZip2 + -8042.16666666669 * x_2 + -1084.33333333333 * PPMd;11.2623825181136;11.2623825181136;11.2623825181136;11.2623825181136;0.097336;5;-1084.33333333333 * PPMd;1;5.94400972678664;
5;11557.5 * CompressionMethod + -8192.47101449275 * x_0 + 2584.66666666667 * BZip2 + -8042.16666666666 * x_2 + -1167.20289855072 * PPMd + 310.76086956521 * filterOff;8.94109016866813;8.94109016866813;8.94109016866813;8.94109016866813;0.14328;6;310.76086956521 * filterOff;1;2.32129234944547;
6;11557.5 * CompressionMethod + -8236.98973675055 * x_0 + 2596.26927983301 * BZip2 + -8053.76927983298 * x_2 + -1177.54435811202 * PPMd + 306.031543546324 * filterOff + 87.0195987475289 * mtOff;7.39257935776421;7.39257935776421;7.39257935776421;7.39257935776421;0.207124;7;87.0195987475289 * mtOff;1;1.54851081090392;
7;11557.5 * CompressionMethod + -8241.85961585021 * x_0 + 2606.33483980308 * BZip2 + -8063.83483980307 * x_2 + -1164.015010895 * PPMd + 365.413203131304 * filterOff + 88.5800177548154 * mtOff + -147.862561536612 * filterOff * HeaderCompressionOff;6.78311836061099;6.78311836061099;6.78311836061099;6.78311836061099;0.289947;9;-147.862561536612 * filterOff * HeaderCompressionOff;2;0.304730498576614;
8;11557.5 * CompressionMethod + -8242.16174382277 * x_0 + 2581.79380857711 * BZip2 + -8039.29380857712 * x_2 + -1205.11814825332 * PPMd + 367.898892360124 * filterOff + 111.445612042031 * mtOff + -74.3493325759797 * filterOff * HeaderCompressionOff + -340.333428003386 * filterOff * HeaderCompressionOff * LZMA;5.40016398234665;5.40016398234665;5.40016398234665;5.40016398234665;0.400104;12;-340.333428003386 * filterOff * HeaderCompressionOff * LZMA;3;0.46098479275478;
9;11557.5 * CompressionMethod + -8275.30062702586 * x_0 + 2685.65226632659 * BZip2 + -8143.15226632659 * x_2 + -1200.55157022158 * PPMd + 480.790690259837 * filterOff + -56.3698921302988 * mtOff + -318.099792762645 * filterOff * HeaderCompressionOff + -447.835166586943 * filterOff * HeaderCompressionOff * LZMA + 439.314788245915 * mtOff * HeaderCompressionOff;4.31841710478109;4.31841710478109;4.31841710478109;4.31841710478109;0.541838;14;439.314788245915 * mtOff * HeaderCompressionOff;2;0.540873438782778;
10;11557.5 * CompressionMethod + -8292.05381287183 * x_0 + 2581.03623580313 * BZip2 + -8038.53623580315 * x_2 + -1193.92644672795 * PPMd + 489.517577068686 * filterOff + -19.4824229313191 * mtOff + -375.715521903746 * filterOff * HeaderCompressionOff + -415.851811790138 * filterOff * HeaderCompressionOff * LZMA + 436.085992428329 * mtOff * HeaderCompressionOff + 286.616549486222 * BZip2 * HeaderCompressionOff;4.07893747845583;4.07893747845583;4.07893747845583;4.07893747845583;0.718115;16;286.616549486222 * BZip2 * HeaderCompressionOff;2;0.119739813162632;
11;11557.5 * CompressionMethod + -8294.94840052124 * x_0 + 2589.45100676784 * BZip2 + -8046.95100676782 * x_2 + -1184.67253772751 * PPMd + 473.18508554373 * filterOff + -19.5964521417568 * mtOff + -362.42380932365 * filterOff * HeaderCompressionOff + -464.387321871439 * filterOff * HeaderCompressionOff * LZMA + 436.609357265956 * mtOff * HeaderCompressionOff + 282.616755643364 * BZip2 * HeaderCompressionOff + 54.0615410483913 * filterOff * LZMA;4.03670178062593;4.03670178062593;4.03670178062593;4.03670178062593;0.935516;18;54.0615410483913 * filterOff * LZMA;2;0.0211178489149462;
Elapsed=00:00:00.9358892
Learning progress:
1;8292.5 * CompressionMethod + -4541.01851851852 * x_0;33.895211940399;33.895211940399;33.895211940399;33.895211940399;0.003232;2;-4541.01851851852 * x_0;1;36.2316807165768;
2;7759.94871794871 * CompressionMethod + -4481.84615384615 * x_0 + 2130.20512820513 * BZip2;24.9164621132234;24.9164621132234;24.9164621132234;24.9164621132234;0.015632;3;2130.20512820513 * BZip2;1;8.97874982717562;
3;7844.89361702127 * CompressionMethod + -4184.5390070922 * x_0 + 1790.42553191489 * BZip2 + -1380.35460992908 * PPMd;19.5423564790085;19.5423564790085;19.5423564790085;19.5423564790085;0.0359;4;-1380.35460992908 * PPMd;1;5.37410563421486;
4;9023.33333333333 * CompressionMethod + -5598.66666666667 * x_0 + 2615.33333333333 * BZip2 + -1144.66666666666 * PPMd + -5538.66666666666 * x_2;17.2087450162252;17.2087450162252;17.2087450162252;17.2087450162252;0.065227;5;-5538.66666666666 * x_2;1;2.33361146278335;
5;19820 * CompressionMethod + -16395.3333333333 * x_0 + 2615.33333333333 * BZip2 + -1144.66666666666 * PPMd + -16335.3333333333 * x_2 + -16195 * x_4;11.0261597691827;11.0261597691827;11.0261597691827;11.0261597691827;0.105482;6;-16195 * x_4;1;6.18258524704248;
6;19272.3076923077 * CompressionMethod + -16322.3076923077 * x_0 + 2542.3076923077 * BZip2 + -1217.69230769229 * PPMd + -15714.6153846154 * x_2 + -16195 * x_4 + 547.692307692307 * Files_0;8.44336348166788;8.44336348166788;8.44336348166788;8.44336348166788;0.16168;7;547.692307692307 * Files_0;1;2.58279628751482;
7;19331.1111111111 * CompressionMethod + -16381.1111111111 * x_0 + 2537.40740740741 * BZip2 + -1222.59259259258 * PPMd + -15768.5185185186 * x_2 + -16195 * x_4 + 488.888888888884 * Files_0 + 127.407407407411 * filterOff;7.22636349284716;7.22636349284716;7.22636349284716;7.22636349284716;0.236569;8;127.407407407411 * filterOff;1;1.21699998882072;
8;19322.1436464088 * CompressionMethod + -16372.1436464088 * x_0 + 2497.80110497238 * BZip2 + -1221.84530386741 * PPMd + -15719.9447513812 * x_2 + -16195 * x_4 + 497.856353591155 * Files_0 + 269.392265193373 * filterOff + -242.121546961335 * filterOff * HeaderCompressionOff;5.69256269688954;5.69256269688954;5.69256269688954;5.69256269688954;0.329019;10;-242.121546961335 * filterOff * HeaderCompressionOff;2;0.76690039797881;
9;19270.6432748538 * CompressionMethod + -16320.6432748538 * x_0 + 2498.81091617933 * BZip2 + -1446.02339181286 * PPMd + -15669.4541910331 * x_2 + -16195 * x_4 + 549.3567251462 * Files_0 + 170.935672514627 * filterOff + -261.812865497088 * filterOff * HeaderCompressionOff + 456.939571150103 * PPMd * filterOff;4.18846029245647;4.18846029245647;4.18846029245647;4.18846029245647;0.450642;12;456.939571150103 * PPMd * filterOff;2;0.752051202216531;
10;19246.8847989093 * CompressionMethod + -16296.8847989093 * x_0 + 2720.55669166099 * BZip2 + -1469.78186775733 * PPMd + -15867.4414905703 * x_2 + -16195 * x_4 + 573.115201090676 * Files_0 + 143.217450579408 * filterOff + -297.450579413788 * filterOff * HeaderCompressionOff + 508.416269029778 * PPMd * filterOff + -451.411042944789 * BZip2 * mtOff;3.71111187901927;3.71111187901927;3.71111187901927;3.71111187901927;0.601977;14;-451.411042944789 * BZip2 * mtOff;2;0.238674206718603;
11;19276.0213776722 * CompressionMethod + -16326.0213776722 * x_0 + 2732.18378859858 * BZip2 + -1477.36638954869 * PPMd + -15908.2051662708 * x_2 + -16195 * x_4 + 543.978622327763 * Files_0 + 169.049881235153 * filterOff + -351.668646080768 * filterOff * HeaderCompressionOff + 518.72921615203 * PPMd * filterOff + -460.872921615201 * BZip2 * mtOff + 55.0816508313608 * HeaderCompressionOff;3.37527948305571;3.37527948305571;3.37527948305571;3.37527948305571;0.789555;15;55.0816508313608 * HeaderCompressionOff;1;0.335832395963555;
12;19315.0622406639 * CompressionMethod + -16365.0622406639 * x_0 + 2866.9398340249 * BZip2 + -1452.51037344398 * PPMd + -16082.0020746888 * x_2 + -16195 * x_4 + 504.937759336085 * Files_0 + 260.145228215762 * filterOff + -403.983402489634 * filterOff * HeaderCompressionOff + 462.510373444002 * PPMd * filterOff + -520.995850622414 * BZip2 * mtOff + 76.358921161825 * HeaderCompressionOff + -219.149377593362 * BZip2 * filterOff;2.72870787369023;2.72870787369023;2.72870787369023;2.72870787369023;1.010218;17;-219.149377593362 * BZip2 * filterOff;2;0.323285804682744;
13;19372.5622406639 * CompressionMethod + -16365.0622406639 * x_0 + 2866.9398340249 * BZip2 + -1452.51037344398 * PPMd + -16139.5020746888 * x_2 + -16252.5 * x_4 + 562.43775933611 * Files_0 + 260.145228215762 * filterOff + -403.983402489634 * filterOff * HeaderCompressionOff + 462.510373443996 * PPMd * filterOff + -520.995850622431 * BZip2 * mtOff + 76.3589211618158 * HeaderCompressionOff + -219.149377593363 * BZip2 * filterOff + -114.999999999989 * BlockSize_1;2.59454534113722;2.59454534113722;2.59454534113722;2.59454534113722;1.267982;18;-114.999999999989 * BlockSize_1;1;0.134162532553005;
14;19360.6707317074 * CompressionMethod + -16353.1707317073 * x_0 + 2830.6707317073 * BZip2 + -1450.52845528455 * PPMd + -16091.3414634147 * x_2 + -16252.5 * x_4 + 574.329268292668 * Files_0 + 264.241192411912 * filterOff + -407.154471544731 * filterOff * HeaderCompressionOff + 460.528455284565 * PPMd * filterOff + -521.788617886167 * BZip2 * mtOff + 55.5487804878099 * HeaderCompressionOff + -222.452574525723 * BZip2 * filterOff + -115 * BlockSize_1 + 95.5284552845665 * BZip2 * HeaderCompressionOff;2.4778312828997;2.4778312828997;2.4778312828997;2.4778312828997;1.565217;20;95.5284552845665 * BZip2 * HeaderCompressionOff;2;0.0583570291187625;
Elapsed=00:00:01.5656341
Learning progress:
1;5325.2 * CompressionMethod + -3040.2 * PPMd;29.3022049871155;29.3022049871155;29.3022049871155;29.3022049871155;0.003844;2;-3040.2 * PPMd;1;74.7850266030949;
2;5865.26315789473 * CompressionMethod + -3580.26315789474 * PPMd + -2250.26315789474 * LZMA2;21.234610452715;21.234610452715;21.234610452715;21.234610452715;0.013456;3;-2250.26315789474 * LZMA2;1;8.06759453440047;
3;4530 * CompressionMethod + -3737.35294117647 * PPMd + -2407.35294117647 * LZMA2 + 1492.35294117646 * BlockSize_1;16.8494489543701;16.8494489543701;16.8494489543701;16.8494489543701;0.031849;4;1492.35294117646 * BlockSize_1;1;4.38516149834492;
4;4530 * CompressionMethod + -3989.01960784314 * PPMd + -2407.35294117647 * LZMA2 + 1492.35294117647 * BlockSize_1 + 503.333333333336 * PPMd * filterOff;14.7413701459237;14.7413701459237;14.7413701459237;14.7413701459237;0.065126;6;503.333333333336 * PPMd * filterOff;2;1.0540394042232;
5;4529.99999999999 * CompressionMethod + -3989.01960784314 * PPMd + -2645.68627450981 * LZMA2 + 1492.35294117647 * BlockSize_1 + 503.333333333333 * PPMd * filterOff + 476.666666666662 * LZMA2 * mtOff;13.1322999070459;13.1322999070459;13.1322999070459;13.1322999070459;0.114394;8;476.666666666662 * LZMA2 * mtOff;2;0.804535119438905;
6;4530 * CompressionMethod + -3989.01960784314 * PPMd + -2645.68627450981 * LZMA2 + 1492.35294117647 * BlockSize_1 + 426.666666666674 * PPMd * filterOff + 476.666666666658 * LZMA2 * mtOff + 230.000000000004 * PPMd * filterOff * mtOff;12.4276430443007;12.4276430443007;12.4276430443007;12.4276430443007;0.180917;11;230.000000000004 * PPMd * filterOff * mtOff;3;0.234885620915068;
7;2960 * CompressionMethod + -3989.01960784314 * PPMd + -2645.68627450981 * LZMA2 + 3062.35294117647 * BlockSize_1 + 426.666666666662 * PPMd * filterOff + 476.666666666666 * LZMA2 * mtOff + 229.999999999997 * PPMd * filterOff * mtOff + 3140 * x_2;12.3271068512712;12.3271068512712;12.3271068512712;12.3271068512712;0.272484;12;3140 * x_2;1;0.100536193029434;
8;3770.58823529413 * CompressionMethod + -3989.01960784314 * PPMd + -2645.68627450981 * LZMA2 + 2251.76470588235 * BlockSize_1 + 426.666666666664 * PPMd * filterOff + 476.666666666664 * LZMA2 * mtOff + 229.999999999995 * PPMd * filterOff * mtOff + 2329.41176470589 * x_2 + -810.588235294115 * Files_50;9.88269745212289;9.88269745212289;9.88269745212289;9.88269745212289;0.385977;13;-810.588235294115 * Files_50;1;2.44440939914835;
9;3770.58823529412 * CompressionMethod + -3989.01960784313 * PPMd + -1322.8431372549 * LZMA2 + 2251.76470588235 * BlockSize_1 + 426.666666666671 * PPMd * filterOff + 476.666666666669 * LZMA2 * mtOff + 229.999999999998 * PPMd * filterOff * mtOff + 2329.41176470589 * x_2 + -810.588235294118 * Files_50 + -1322.8431372549 * BlockSize_1 * LZMA2;9.8826974521227;9.8826974521227;9.8826974521227;9.8826974521227;0.521445;15;-1322.8431372549 * BlockSize_1 * LZMA2;2;9.2370555648813E-14;
Elapsed=00:00:00.5217869
Learning progress:
1;10466 * CompressionMethod + -6749.33333333333 * x_0;25.6434749926452;25.6434749926452;25.6434749926452;25.6434749926452;0.003489;2;-6749.33333333333 * x_0;1;28.7222688895711;
2;10466 * CompressionMethod + -6340.28571428572 * x_0 + -1840.71428571428 * PPMd;17.6951633935293;17.6951633935293;17.6951633935293;17.6951633935293;0.01766;3;-1840.71428571428 * PPMd;1;7.94831159911593;
3;10189.9438202247 * CompressionMethod + -6458.59550561798 * x_0 + -1446.34831460674 * PPMd + 1380.28089887641 * BZip2;9.69920804418522;9.69920804418522;9.69920804418522;9.69920804418522;0.040846;4;1380.28089887641 * BZip2;1;7.99595534934403;
4;7662.90780141844 * CompressionMethod + -4068.1560283688 * x_0 + -1309.75177304964 * PPMd + 1858.36879432624 * BZip2 + 12157.0921985816 * x_10;8.21037349286229;8.21037349286229;8.21037349286229;8.21037349286229;0.077296;5;12157.0921985816 * x_10;1;1.48883455132293;
5;7667.47181964573 * CompressionMethod + -4159.43639291465 * x_0 + -1330.28985507247 * PPMd + 1840.11272141707 * BZip2 + 12152.5281803543 * x_10 + 214.508856682765 * mtOff;6.57926481277824;6.57926481277824;6.57926481277824;6.57926481277824;0.127031;6;214.508856682765 * mtOff;1;1.63110868008405;
6;7667.47181964573 * CompressionMethod + -4159.43639291465 * x_0 + -1330.28985507246 * PPMd + 1840.11272141707 * BZip2 + 12152.5281803543 * x_10 + 202.008856682771 * mtOff + 37.4999999999978 * mtOff * HeaderCompressionOff;6.45036034710215;6.45036034710215;6.45036034710215;6.45036034710215;0.195203;8;37.4999999999978 * mtOff * HeaderCompressionOff;2;0.0644522328380455;
Elapsed=00:00:00.1954960
Learning progress:
1;3694.4 * CompressionMethod + 2490.6 * BZip2;19.7985346220913;19.7985346220913;19.7985346220913;19.7985346220913;0.003441;2;2490.6 * BZip2;1;26.5429972994566;
2;3694.4 * CompressionMethod + 2580.6 * BZip2 + -270.000000000004 * BZip2 * mtOff;19.5746123942492;19.5746123942492;19.5746123942492;19.5746123942492;0.011512;4;-270.000000000004 * BZip2 * mtOff;2;0.111961113921042;
Elapsed=00:00:00.0117035
Learning progress:
1;10466 * CompressionMethod + -6729.84615384615 * x_0;40.8444836652728;40.8444836652728;40.8444836652728;40.8444836652728;0.003638;2;-6729.84615384615 * x_0;1;55.6068964378054;
2;10163.2909379968 * CompressionMethod + -6718.20349761526 * x_0 + 1513.5453100159 * BZip2;27.5872970724681;27.5872970724681;27.5872970724681;27.5872970724681;0.016927;3;1513.5453100159 * BZip2;1;13.2571865928048;
3;11557.5 * CompressionMethod + -8377.9761904762 * x_0 + 2894.4761904762 * BZip2 + -8351.97619047621 * x_2;17.2063922449003;17.2063922449003;17.2063922449003;17.2063922449003;0.039066;4;-8351.97619047621 * x_2;1;10.3809048275678;
4;11557.5 * CompressionMethod + -8068.16666666667 * x_0 + 2584.66666666668 * BZip2 + -8042.16666666669 * x_2 + -1084.33333333333 * PPMd;11.2623825181136;11.2623825181136;11.2623825181136;11.2623825181136;0.074126;5;-1084.33333333333 * PPMd;1;5.94400972678664;
5;11557.5 * CompressionMethod + -8192.47101449275 * x_0 + 2584.66666666667 * BZip2 + -8042.16666666666 * x_2 + -1167.20289855072 * PPMd + 310.76086956521 * filterOff;8.94109016866813;8.94109016866813;8.94109016866813;8.94109016866813;0.121647;6;310.76086956521 * filterOff;1;2.32129234944547;
6;11557.5 * CompressionMethod + -8236.98973675055 * x_0 + 2596.26927983301 * BZip2 + -8053.76927983298 * x_2 + -1177.54435811202 * PPMd + 306.031543546324 * filterOff + 87.0195987475289 * mtOff;7.39257935776421;7.39257935776421;7.39257935776421;7.39257935776421;0.186904;7;87.0195987475289 * mtOff;1;1.54851081090392;
7;11557.5 * CompressionMethod + -8241.85961585021 * x_0 + 2606.33483980308 * BZip2 + -8063.83483980307 * x_2 + -1164.015010895 * PPMd + 365.413203131304 * filterOff + 88.5800177548154 * mtOff + -147.862561536612 * filterOff * HeaderCompressionOff;6.78311836061099;6.78311836061099;6.78311836061099;6.78311836061099;0.271696;9;-147.862561536612 * filterOff * HeaderCompressionOff;2;0.304730498576614;
8;11557.5 * CompressionMethod + -8242.16174382277 * x_0 + 2581.79380857711 * BZip2 + -8039.29380857712 * x_2 + -1205.11814825332 * PPMd + 367.898892360124 * filterOff + 111.445612042031 * mtOff + -74.3493325759797 * filterOff * HeaderCompressionOff + -340.333428003386 * filterOff * HeaderCompressionOff * LZMA;5.40016398234665;5.40016398234665;5.40016398234665;5.40016398234665;0.385509;12;-340.333428003386 * filterOff * HeaderCompressionOff * LZMA;3;0.46098479275478;
9;11557.5 * CompressionMethod + -8275.30062702586 * x_0 + 2685.65226632659 * BZip2 + -8143.15226632659 * x_2 + -1200.55157022158 * PPMd + 480.790690259837 * filterOff + -56.3698921302988 * mtOff + -318.099792762645 * filterOff * HeaderCompressionOff + -447.835166586943 * filterOff * HeaderCompressionOff * LZMA + 439.314788245915 * mtOff * HeaderCompressionOff;4.31841710478109;4.31841710478109;4.31841710478109;4.31841710478109;0.533565;14;439.314788245915 * mtOff * HeaderCompressionOff;2;0.540873438782778;
10;11557.5 * CompressionMethod + -8292.05381287183 * x_0 + 2581.03623580313 * BZip2 + -8038.53623580315 * x_2 + -1193.92644672795 * PPMd + 489.517577068686 * filterOff + -19.4824229313191 * mtOff + -375.715521903746 * filterOff * HeaderCompressionOff + -415.851811790138 * filterOff * HeaderCompressionOff * LZMA + 436.085992428329 * mtOff * HeaderCompressionOff + 286.616549486222 * BZip2 * HeaderCompressionOff;4.07893747845583;4.07893747845583;4.07893747845583;4.07893747845583;0.719309;16;286.616549486222 * BZip2 * HeaderCompressionOff;2;0.119739813162632;
Elapsed=00:00:00.7196821
Learning progress:
1;8292.5 * CompressionMethod + -4541.01851851852 * x_0;33.895211940399;33.895211940399;33.895211940399;33.895211940399;0.004103;2;-4541.01851851852 * x_0;1;36.2316807165768;
2;7759.94871794871 * CompressionMethod + -4481.84615384615 * x_0 + 2130.20512820513 * BZip2;24.9164621132234;24.9164621132234;24.9164621132234;24.9164621132234;0.017135;3;2130.20512820513 * BZip2;1;8.97874982717562;
3;7844.89361702127 * CompressionMethod + -4184.5390070922 * x_0 + 1790.42553191489 * BZip2 + -1380.35460992908 * PPMd;19.5423564790085;19.5423564790085;19.5423564790085;19.5423564790085;0.036185;4;-1380.35460992908 * PPMd;1;5.37410563421486;
4;9023.33333333333 * CompressionMethod + -5598.66666666667 * x_0 + 2615.33333333333 * BZip2 + -1144.66666666666 * PPMd + -5538.66666666666 * x_2;17.2087450162252;17.2087450162252;17.2087450162252;17.2087450162252;0.067506;5;-5538.66666666666 * x_2;1;2.33361146278335;
5;19820 * CompressionMethod + -16395.3333333333 * x_0 + 2615.33333333333 * BZip2 + -1144.66666666666 * PPMd + -16335.3333333333 * x_2 + -16195 * x_4;11.0261597691827;11.0261597691827;11.0261597691827;11.0261597691827;0.10827;6;-16195 * x_4;1;6.18258524704248;
6;19272.3076923077 * CompressionMethod + -16322.3076923077 * x_0 + 2542.3076923077 * BZip2 + -1217.69230769229 * PPMd + -15714.6153846154 * x_2 + -16195 * x_4 + 547.692307692307 * Files_0;8.44336348166788;8.44336348166788;8.44336348166788;8.44336348166788;0.1632;7;547.692307692307 * Files_0;1;2.58279628751482;
7;19331.1111111111 * CompressionMethod + -16381.1111111111 * x_0 + 2537.40740740741 * BZip2 + -1222.59259259258 * PPMd + -15768.5185185186 * x_2 + -16195 * x_4 + 488.888888888884 * Files_0 + 127.407407407411 * filterOff;7.22636349284716;7.22636349284716;7.22636349284716;7.22636349284716;0.237619;8;127.407407407411 * filterOff;1;1.21699998882072;
8;19322.1436464088 * CompressionMethod + -16372.1436464088 * x_0 + 2497.80110497238 * BZip2 + -1221.84530386741 * PPMd + -15719.9447513812 * x_2 + -16195 * x_4 + 497.856353591155 * Files_0 + 269.392265193373 * filterOff + -242.121546961335 * filterOff * HeaderCompressionOff;5.69256269688954;5.69256269688954;5.69256269688954;5.69256269688954;0.330872;10;-242.121546961335 * filterOff * HeaderCompressionOff;2;0.76690039797881;
9;19270.6432748538 * CompressionMethod + -16320.6432748538 * x_0 + 2498.81091617933 * BZip2 + -1446.02339181286 * PPMd + -15669.4541910331 * x_2 + -16195 * x_4 + 549.3567251462 * Files_0 + 170.935672514627 * filterOff + -261.812865497088 * filterOff * HeaderCompressionOff + 456.939571150103 * PPMd * filterOff;4.18846029245647;4.18846029245647;4.18846029245647;4.18846029245647;0.450138;12;456.939571150103 * PPMd * filterOff;2;0.752051202216531;
10;19246.8847989093 * CompressionMethod + -16296.8847989093 * x_0 + 2720.55669166099 * BZip2 + -1469.78186775733 * PPMd + -15867.4414905703 * x_2 + -16195 * x_4 + 573.115201090676 * Files_0 + 143.217450579408 * filterOff + -297.450579413788 * filterOff * HeaderCompressionOff + 508.416269029778 * PPMd * filterOff + -451.411042944789 * BZip2 * mtOff;3.71111187901927;3.71111187901927;3.71111187901927;3.71111187901927;0.600519;14;-451.411042944789 * BZip2 * mtOff;2;0.238674206718603;
11;19276.0213776722 * CompressionMethod + -16326.0213776722 * x_0 + 2732.18378859858 * BZip2 + -1477.36638954869 * PPMd + -15908.2051662708 * x_2 + -16195 * x_4 + 543.978622327763 * Files_0 + 169.049881235153 * filterOff + -351.668646080768 * filterOff * HeaderCompressionOff + 518.72921615203 * PPMd * filterOff + -460.872921615201 * BZip2 * mtOff + 55.0816508313608 * HeaderCompressionOff;3.37527948305571;3.37527948305571;3.37527948305571;3.37527948305571;0.788598;15;55.0816508313608 * HeaderCompressionOff;1;0.335832395963555;
12;19315.0622406639 * CompressionMethod + -16365.0622406639 * x_0 + 2866.9398340249 * BZip2 + -1452.51037344398 * PPMd + -16082.0020746888 * x_2 + -16195 * x_4 + 504.937759336085 * Files_0 + 260.145228215762 * filterOff + -403.983402489634 * filterOff * HeaderCompressionOff + 462.510373444002 * PPMd * filterOff + -520.995850622414 * BZip2 * mtOff + 76.358921161825 * HeaderCompressionOff + -219.149377593362 * BZip2 * filterOff;2.72870787369023;2.72870787369023;2.72870787369023;2.72870787369023;1.008096;17;-219.149377593362 * BZip2 * filterOff;2;0.323285804682744;
13;19372.5622406639 * CompressionMethod + -16365.0622406639 * x_0 + 2866.9398340249 * BZip2 + -1452.51037344398 * PPMd + -16139.5020746888 * x_2 + -16252.5 * x_4 + 562.43775933611 * Files_0 + 260.145228215762 * filterOff + -403.983402489634 * filterOff * HeaderCompressionOff + 462.510373443996 * PPMd * filterOff + -520.995850622431 * BZip2 * mtOff + 76.3589211618158 * HeaderCompressionOff + -219.149377593363 * BZip2 * filterOff + -114.999999999989 * BlockSize_1;2.59454534113722;2.59454534113722;2.59454534113722;2.59454534113722;1.268792;18;-114.999999999989 * BlockSize_1;1;0.134162532553005;
Elapsed=00:00:01.2691923
Learning progress:
1;5325.2 * CompressionMethod + -3040.2 * PPMd;29.3022049871155;29.3022049871155;29.3022049871155;29.3022049871155;0.004321;2;-3040.2 * PPMd;1;74.7850266030949;
2;5865.26315789473 * CompressionMethod + -3580.26315789474 * PPMd + -2250.26315789474 * LZMA2;21.234610452715;21.234610452715;21.234610452715;21.234610452715;0.016253;3;-2250.26315789474 * LZMA2;1;8.06759453440047;
3;4530 * CompressionMethod + -3737.35294117647 * PPMd + -2407.35294117647 * LZMA2 + 1492.35294117646 * BlockSize_1;16.8494489543701;16.8494489543701;16.8494489543701;16.8494489543701;0.035779;4;1492.35294117646 * BlockSize_1;1;4.38516149834492;
4;4530 * CompressionMethod + -3989.01960784314 * PPMd + -2407.35294117647 * LZMA2 + 1492.35294117647 * BlockSize_1 + 503.333333333336 * PPMd * filterOff;14.7413701459237;14.7413701459237;14.7413701459237;14.7413701459237;0.069351;6;503.333333333336 * PPMd * filterOff;2;1.0540394042232;
5;4529.99999999999 * CompressionMethod + -3989.01960784314 * PPMd + -2645.68627450981 * LZMA2 + 1492.35294117647 * BlockSize_1 + 503.333333333333 * PPMd * filterOff + 476.666666666662 * LZMA2 * mtOff;13.1322999070459;13.1322999070459;13.1322999070459;13.1322999070459;0.117457;8;476.666666666662 * LZMA2 * mtOff;2;0.804535119438905;
6;4530 * CompressionMethod + -3989.01960784314 * PPMd + -2645.68627450981 * LZMA2 + 1492.35294117647 * BlockSize_1 + 426.666666666674 * PPMd * filterOff + 476.666666666658 * LZMA2 * mtOff + 230.000000000004 * PPMd * filterOff * mtOff;12.4276430443007;12.4276430443007;12.4276430443007;12.4276430443007;0.184121;11;230.000000000004 * PPMd * filterOff * mtOff;3;0.234885620915068;
7;2960 * CompressionMethod + -3989.01960784314 * PPMd + -2645.68627450981 * LZMA2 + 3062.35294117647 * BlockSize_1 + 426.666666666662 * PPMd * filterOff + 476.666666666666 * LZMA2 * mtOff + 229.999999999997 * PPMd * filterOff * mtOff + 3140 * x_2;12.3271068512712;12.3271068512712;12.3271068512712;12.3271068512712;0.276807;12;3140 * x_2;1;0.100536193029434;
Elapsed=00:00:00.2771046
Learning progress:
1;10466 * CompressionMethod + -6749.33333333333 * x_0;25.6434749926452;25.6434749926452;25.6434749926452;25.6434749926452;0.005585;2;-6749.33333333333 * x_0;1;28.7222688895711;
2;10466 * CompressionMethod + -6340.28571428572 * x_0 + -1840.71428571428 * PPMd;17.6951633935293;17.6951633935293;17.6951633935293;17.6951633935293;0.01803;3;-1840.71428571428 * PPMd;1;7.94831159911593;
3;10189.9438202247 * CompressionMethod + -6458.59550561798 * x_0 + -1446.34831460674 * PPMd + 1380.28089887641 * BZip2;9.69920804418522;9.69920804418522;9.69920804418522;9.69920804418522;0.040374;4;1380.28089887641 * BZip2;1;7.99595534934403;
4;7662.90780141844 * CompressionMethod + -4068.1560283688 * x_0 + -1309.75177304964 * PPMd + 1858.36879432624 * BZip2 + 12157.0921985816 * x_10;8.21037349286229;8.21037349286229;8.21037349286229;8.21037349286229;0.075939;5;12157.0921985816 * x_10;1;1.48883455132293;
5;7667.47181964573 * CompressionMethod + -4159.43639291465 * x_0 + -1330.28985507247 * PPMd + 1840.11272141707 * BZip2 + 12152.5281803543 * x_10 + 214.508856682765 * mtOff;6.57926481277824;6.57926481277824;6.57926481277824;6.57926481277824;0.124178;6;214.508856682765 * mtOff;1;1.63110868008405;
6;7667.47181964573 * CompressionMethod + -4159.43639291465 * x_0 + -1330.28985507246 * PPMd + 1840.11272141707 * BZip2 + 12152.5281803543 * x_10 + 202.008856682771 * mtOff + 37.4999999999978 * mtOff * HeaderCompressionOff;6.45036034710215;6.45036034710215;6.45036034710215;6.45036034710215;0.193331;8;37.4999999999978 * mtOff * HeaderCompressionOff;2;0.0644522328380455;
Elapsed=00:00:00.1936165
Learning progress:
1;3694.4 * CompressionMethod + 2490.6 * BZip2;19.7985346220913;19.7985346220913;19.7985346220913;19.7985346220913;0.003007;2;2490.6 * BZip2;1;26.5429972994566;
2;3694.4 * CompressionMethod + 2580.6 * BZip2 + -270.000000000004 * BZip2 * mtOff;19.5746123942492;19.5746123942492;19.5746123942492;19.5746123942492;0.012731;4;-270.000000000004 * BZip2 * mtOff;2;0.111961113921042;
Elapsed=00:00:00.0129196
Learning progress:
1;10466 * CompressionMethod + -6729.84615384615 * x_0;40.8444836652728;40.8444836652728;40.8444836652728;40.8444836652728;0.0052;2;-6729.84615384615 * x_0;1;55.6068964378054;
2;10163.2909379968 * CompressionMethod + -6718.20349761526 * x_0 + 1513.5453100159 * BZip2;27.5872970724681;27.5872970724681;27.5872970724681;27.5872970724681;0.017306;3;1513.5453100159 * BZip2;1;13.2571865928048;
3;11557.5 * CompressionMethod + -8377.9761904762 * x_0 + 2894.4761904762 * BZip2 + -8351.97619047621 * x_2;17.2063922449003;17.2063922449003;17.2063922449003;17.2063922449003;0.039117;4;-8351.97619047621 * x_2;1;10.3809048275678;
4;11557.5 * CompressionMethod + -8068.16666666667 * x_0 + 2584.66666666668 * BZip2 + -8042.16666666669 * x_2 + -1084.33333333333 * PPMd;11.2623825181136;11.2623825181136;11.2623825181136;11.2623825181136;0.072808;5;-1084.33333333333 * PPMd;1;5.94400972678664;
5;11557.5 * CompressionMethod + -8192.47101449275 * x_0 + 2584.66666666667 * BZip2 + -8042.16666666666 * x_2 + -1167.20289855072 * PPMd + 310.76086956521 * filterOff;8.94109016866813;8.94109016866813;8.94109016866813;8.94109016866813;0.121205;6;310.76086956521 * filterOff;1;2.32129234944547;
6;11557.5 * CompressionMethod + -8236.98973675055 * x_0 + 2596.26927983301 * BZip2 + -8053.76927983298 * x_2 + -1177.54435811202 * PPMd + 306.031543546324 * filterOff + 87.0195987475289 * mtOff;7.39257935776421;7.39257935776421;7.39257935776421;7.39257935776421;0.187086;7;87.0195987475289 * mtOff;1;1.54851081090392;
7;11557.5 * CompressionMethod + -8241.85961585021 * x_0 + 2606.33483980308 * BZip2 + -8063.83483980307 * x_2 + -1164.015010895 * PPMd + 365.413203131304 * filterOff + 88.5800177548154 * mtOff + -147.862561536612 * filterOff * HeaderCompressionOff;6.78311836061099;6.78311836061099;6.78311836061099;6.78311836061099;0.271882;9;-147.862561536612 * filterOff * HeaderCompressionOff;2;0.304730498576614;
Elapsed=00:00:00.2721828
Learning progress:
1;8292.5 * CompressionMethod + -4541.01851851852 * x_0;33.895211940399;33.895211940399;33.895211940399;33.895211940399;0.003044;2;-4541.01851851852 * x_0;1;36.2316807165768;
2;7759.94871794871 * CompressionMethod + -4481.84615384615 * x_0 + 2130.20512820513 * BZip2;24.9164621132234;24.9164621132234;24.9164621132234;24.9164621132234;0.016332;3;2130.20512820513 * BZip2;1;8.97874982717562;
3;7844.89361702127 * CompressionMethod + -4184.5390070922 * x_0 + 1790.42553191489 * BZip2 + -1380.35460992908 * PPMd;19.5423564790085;19.5423564790085;19.5423564790085;19.5423564790085;0.036502;4;-1380.35460992908 * PPMd;1;5.37410563421486;
4;9023.33333333333 * CompressionMethod + -5598.66666666667 * x_0 + 2615.33333333333 * BZip2 + -1144.66666666666 * PPMd + -5538.66666666666 * x_2;17.2087450162252;17.2087450162252;17.2087450162252;17.2087450162252;0.065133;5;-5538.66666666666 * x_2;1;2.33361146278335;
5;19820 * CompressionMethod + -16395.3333333333 * x_0 + 2615.33333333333 * BZip2 + -1144.66666666666 * PPMd + -16335.3333333333 * x_2 + -16195 * x_4;11.0261597691827;11.0261597691827;11.0261597691827;11.0261597691827;0.106666;6;-16195 * x_4;1;6.18258524704248;
6;19272.3076923077 * CompressionMethod + -16322.3076923077 * x_0 + 2542.3076923077 * BZip2 + -1217.69230769229 * PPMd + -15714.6153846154 * x_2 + -16195 * x_4 + 547.692307692307 * Files_0;8.44336348166788;8.44336348166788;8.44336348166788;8.44336348166788;0.16253;7;547.692307692307 * Files_0;1;2.58279628751482;
7;19331.1111111111 * CompressionMethod + -16381.1111111111 * x_0 + 2537.40740740741 * BZip2 + -1222.59259259258 * PPMd + -15768.5185185186 * x_2 + -16195 * x_4 + 488.888888888884 * Files_0 + 127.407407407411 * filterOff;7.22636349284716;7.22636349284716;7.22636349284716;7.22636349284716;0.237464;8;127.407407407411 * filterOff;1;1.21699998882072;
8;19322.1436464088 * CompressionMethod + -16372.1436464088 * x_0 + 2497.80110497238 * BZip2 + -1221.84530386741 * PPMd + -15719.9447513812 * x_2 + -16195 * x_4 + 497.856353591155 * Files_0 + 269.392265193373 * filterOff + -242.121546961335 * filterOff * HeaderCompressionOff;5.69256269688954;5.69256269688954;5.69256269688954;5.69256269688954;0.329674;10;-242.121546961335 * filterOff * HeaderCompressionOff;2;0.76690039797881;
9;19270.6432748538 * CompressionMethod + -16320.6432748538 * x_0 + 2498.81091617933 * BZip2 + -1446.02339181286 * PPMd + -15669.4541910331 * x_2 + -16195 * x_4 + 549.3567251462 * Files_0 + 170.935672514627 * filterOff + -261.812865497088 * filterOff * HeaderCompressionOff + 456.939571150103 * PPMd * filterOff;4.18846029245647;4.18846029245647;4.18846029245647;4.18846029245647;0.452982;12;456.939571150103 * PPMd * filterOff;2;0.752051202216531;
10;19246.8847989093 * CompressionMethod + -16296.8847989093 * x_0 + 2720.55669166099 * BZip2 + -1469.78186775733 * PPMd + -15867.4414905703 * x_2 + -16195 * x_4 + 573.115201090676 * Files_0 + 143.217450579408 * filterOff + -297.450579413788 * filterOff * HeaderCompressionOff + 508.416269029778 * PPMd * filterOff + -451.411042944789 * BZip2 * mtOff;3.71111187901927;3.71111187901927;3.71111187901927;3.71111187901927;0.604772;14;-451.411042944789 * BZip2 * mtOff;2;0.238674206718603;
Elapsed=00:00:00.6051013
Learning progress:
1;5325.2 * CompressionMethod + -3040.2 * PPMd;29.3022049871155;29.3022049871155;29.3022049871155;29.3022049871155;0.005722;2;-3040.2 * PPMd;1;74.7850266030949;
2;5865.26315789473 * CompressionMethod + -3580.26315789474 * PPMd + -2250.26315789474 * LZMA2;21.234610452715;21.234610452715;21.234610452715;21.234610452715;0.01557;3;-2250.26315789474 * LZMA2;1;8.06759453440047;
3;4530 * CompressionMethod + -3737.35294117647 * PPMd + -2407.35294117647 * LZMA2 + 1492.35294117646 * BlockSize_1;16.8494489543701;16.8494489543701;16.8494489543701;16.8494489543701;0.035105;4;1492.35294117646 * BlockSize_1;1;4.38516149834492;
4;4530 * CompressionMethod + -3989.01960784314 * PPMd + -2407.35294117647 * LZMA2 + 1492.35294117647 * BlockSize_1 + 503.333333333336 * PPMd * filterOff;14.7413701459237;14.7413701459237;14.7413701459237;14.7413701459237;0.068775;6;503.333333333336 * PPMd * filterOff;2;1.0540394042232;
5;4529.99999999999 * CompressionMethod + -3989.01960784314 * PPMd + -2645.68627450981 * LZMA2 + 1492.35294117647 * BlockSize_1 + 503.333333333333 * PPMd * filterOff + 476.666666666662 * LZMA2 * mtOff;13.1322999070459;13.1322999070459;13.1322999070459;13.1322999070459;0.116087;8;476.666666666662 * LZMA2 * mtOff;2;0.804535119438905;
6;4530 * CompressionMethod + -3989.01960784314 * PPMd + -2645.68627450981 * LZMA2 + 1492.35294117647 * BlockSize_1 + 426.666666666674 * PPMd * filterOff + 476.666666666658 * LZMA2 * mtOff + 230.000000000004 * PPMd * filterOff * mtOff;12.4276430443007;12.4276430443007;12.4276430443007;12.4276430443007;0.181932;11;230.000000000004 * PPMd * filterOff * mtOff;3;0.234885620915068;
Elapsed=00:00:00.1822258
Learning progress:
1;10466 * CompressionMethod + -6749.33333333333 * x_0;25.6434749926452;25.6434749926452;25.6434749926452;25.6434749926452;0.00343;2;-6749.33333333333 * x_0;1;28.7222688895711;
2;10466 * CompressionMethod + -6340.28571428572 * x_0 + -1840.71428571428 * PPMd;17.6951633935293;17.6951633935293;17.6951633935293;17.6951633935293;0.017093;3;-1840.71428571428 * PPMd;1;7.94831159911593;
3;10189.9438202247 * CompressionMethod + -6458.59550561798 * x_0 + -1446.34831460674 * PPMd + 1380.28089887641 * BZip2;9.69920804418522;9.69920804418522;9.69920804418522;9.69920804418522;0.040177;4;1380.28089887641 * BZip2;1;7.99595534934403;
4;7662.90780141844 * CompressionMethod + -4068.1560283688 * x_0 + -1309.75177304964 * PPMd + 1858.36879432624 * BZip2 + 12157.0921985816 * x_10;8.21037349286229;8.21037349286229;8.21037349286229;8.21037349286229;0.075443;5;12157.0921985816 * x_10;1;1.48883455132293;
5;7667.47181964573 * CompressionMethod + -4159.43639291465 * x_0 + -1330.28985507247 * PPMd + 1840.11272141707 * BZip2 + 12152.5281803543 * x_10 + 214.508856682765 * mtOff;6.57926481277824;6.57926481277824;6.57926481277824;6.57926481277824;0.12493;6;214.508856682765 * mtOff;1;1.63110868008405;
6;7667.47181964573 * CompressionMethod + -4159.43639291465 * x_0 + -1330.28985507246 * PPMd + 1840.11272141707 * BZip2 + 12152.5281803543 * x_10 + 202.008856682771 * mtOff + 37.4999999999978 * mtOff * HeaderCompressionOff;6.45036034710215;6.45036034710215;6.45036034710215;6.45036034710215;0.192999;8;37.4999999999978 * mtOff * HeaderCompressionOff;2;0.0644522328380455;
Elapsed=00:00:00.1932782
Learning progress:
1;3694.4 * CompressionMethod + 2490.6 * BZip2;19.7985346220913;19.7985346220913;19.7985346220913;19.7985346220913;0.002786;2;2490.6 * BZip2;1;26.5429972994566;
2;3694.4 * CompressionMethod + 2580.6 * BZip2 + -270.000000000004 * BZip2 * mtOff;19.5746123942492;19.5746123942492;19.5746123942492;19.5746123942492;0.011917;4;-270.000000000004 * BZip2 * mtOff;2;0.111961113921042;
3;3692.91666666667 * CompressionMethod + 2582.08333333334 * BZip2 + -270 * BZip2 * mtOff + 37.0833333333333 * BlockSize_4096;19.5673478802346;19.5673478802346;19.5673478802346;19.5673478802346;0.025906;5;37.0833333333333 * BlockSize_4096;1;0.00726451401459016;
Elapsed=00:00:00.0261082
Learning progress:
1;10466 * CompressionMethod + -6729.84615384615 * x_0;40.8444836652728;40.8444836652728;40.8444836652728;40.8444836652728;0.003337;2;-6729.84615384615 * x_0;1;55.6068964378054;
2;10163.2909379968 * CompressionMethod + -6718.20349761526 * x_0 + 1513.5453100159 * BZip2;27.5872970724681;27.5872970724681;27.5872970724681;27.5872970724681;0.017783;3;1513.5453100159 * BZip2;1;13.2571865928048;
3;11557.5 * CompressionMethod + -8377.9761904762 * x_0 + 2894.4761904762 * BZip2 + -8351.97619047621 * x_2;17.2063922449003;17.2063922449003;17.2063922449003;17.2063922449003;0.040674;4;-8351.97619047621 * x_2;1;10.3809048275678;
4;11557.5 * CompressionMethod + -8068.16666666667 * x_0 + 2584.66666666668 * BZip2 + -8042.16666666669 * x_2 + -1084.33333333333 * PPMd;11.2623825181136;11.2623825181136;11.2623825181136;11.2623825181136;0.0742;5;-1084.33333333333 * PPMd;1;5.94400972678664;
5;11557.5 * CompressionMethod + -8192.47101449275 * x_0 + 2584.66666666667 * BZip2 + -8042.16666666666 * x_2 + -1167.20289855072 * PPMd + 310.76086956521 * filterOff;8.94109016866813;8.94109016866813;8.94109016866813;8.94109016866813;0.121412;6;310.76086956521 * filterOff;1;2.32129234944547;
6;11557.5 * CompressionMethod + -8236.98973675055 * x_0 + 2596.26927983301 * BZip2 + -8053.76927983298 * x_2 + -1177.54435811202 * PPMd + 306.031543546324 * filterOff + 87.0195987475289 * mtOff;7.39257935776421;7.39257935776421;7.39257935776421;7.39257935776421;0.186778;7;87.0195987475289 * mtOff;1;1.54851081090392;
7;11557.5 * CompressionMethod + -8241.85961585021 * x_0 + 2606.33483980308 * BZip2 + -8063.83483980307 * x_2 + -1164.015010895 * PPMd + 365.413203131304 * filterOff + 88.5800177548154 * mtOff + -147.862561536612 * filterOff * HeaderCompressionOff;6.78311836061099;6.78311836061099;6.78311836061099;6.78311836061099;0.271353;9;-147.862561536612 * filterOff * HeaderCompressionOff;2;0.304730498576614;
8;11557.5 * CompressionMethod + -8242.16174382277 * x_0 + 2581.79380857711 * BZip2 + -8039.29380857712 * x_2 + -1205.11814825332 * PPMd + 367.898892360124 * filterOff + 111.445612042031 * mtOff + -74.3493325759797 * filterOff * HeaderCompressionOff + -340.333428003386 * filterOff * HeaderCompressionOff * LZMA;5.40016398234665;5.40016398234665;5.40016398234665;5.40016398234665;0.387022;12;-340.333428003386 * filterOff * HeaderCompressionOff * LZMA;3;0.46098479275478;
9;11557.5 * CompressionMethod + -8275.30062702586 * x_0 + 2685.65226632659 * BZip2 + -8143.15226632659 * x_2 + -1200.55157022158 * PPMd + 480.790690259837 * filterOff + -56.3698921302988 * mtOff + -318.099792762645 * filterOff * HeaderCompressionOff + -447.835166586943 * filterOff * HeaderCompressionOff * LZMA + 439.314788245915 * mtOff * HeaderCompressionOff;4.31841710478109;4.31841710478109;4.31841710478109;4.31841710478109;0.534594;14;439.314788245915 * mtOff * HeaderCompressionOff;2;0.540873438782778;
10;11557.5 * CompressionMethod + -8292.05381287183 * x_0 + 2581.03623580313 * BZip2 + -8038.53623580315 * x_2 + -1193.92644672795 * PPMd + 489.517577068686 * filterOff + -19.4824229313191 * mtOff + -375.715521903746 * filterOff * HeaderCompressionOff + -415.851811790138 * filterOff * HeaderCompressionOff * LZMA + 436.085992428329 * mtOff * HeaderCompressionOff + 286.616549486222 * BZip2 * HeaderCompressionOff;4.07893747845583;4.07893747845583;4.07893747845583;4.07893747845583;0.720807;16;286.616549486222 * BZip2 * HeaderCompressionOff;2;0.119739813162632;
11;11557.5 * CompressionMethod + -8294.94840052124 * x_0 + 2589.45100676784 * BZip2 + -8046.95100676782 * x_2 + -1184.67253772751 * PPMd + 473.18508554373 * filterOff + -19.5964521417568 * mtOff + -362.42380932365 * filterOff * HeaderCompressionOff + -464.387321871439 * filterOff * HeaderCompressionOff * LZMA + 436.609357265956 * mtOff * HeaderCompressionOff + 282.616755643364 * BZip2 * HeaderCompressionOff + 54.0615410483913 * filterOff * LZMA;4.03670178062593;4.03670178062593;4.03670178062593;4.03670178062593;0.944896;18;54.0615410483913 * filterOff * LZMA;2;0.0211178489149462;
Elapsed=00:00:00.9452635
Learning progress:
1;8292.5 * CompressionMethod + -4541.01851851852 * x_0;33.895211940399;33.895211940399;33.895211940399;33.895211940399;0.005341;2;-4541.01851851852 * x_0;1;36.2316807165768;
2;7759.94871794871 * CompressionMethod + -4481.84615384615 * x_0 + 2130.20512820513 * BZip2;24.9164621132234;24.9164621132234;24.9164621132234;24.9164621132234;0.017892;3;2130.20512820513 * BZip2;1;8.97874982717562;
3;7844.89361702127 * CompressionMethod + -4184.5390070922 * x_0 + 1790.42553191489 * BZip2 + -1380.35460992908 * PPMd;19.5423564790085;19.5423564790085;19.5423564790085;19.5423564790085;0.03721;4;-1380.35460992908 * PPMd;1;5.37410563421486;
4;9023.33333333333 * CompressionMethod + -5598.66666666667 * x_0 + 2615.33333333333 * BZip2 + -1144.66666666666 * PPMd + -5538.66666666666 * x_2;17.2087450162252;17.2087450162252;17.2087450162252;17.2087450162252;0.069261;5;-5538.66666666666 * x_2;1;2.33361146278335;
5;19820 * CompressionMethod + -16395.3333333333 * x_0 + 2615.33333333333 * BZip2 + -1144.66666666666 * PPMd + -16335.3333333333 * x_2 + -16195 * x_4;11.0261597691827;11.0261597691827;11.0261597691827;11.0261597691827;0.11158;6;-16195 * x_4;1;6.18258524704248;
6;19272.3076923077 * CompressionMethod + -16322.3076923077 * x_0 + 2542.3076923077 * BZip2 + -1217.69230769229 * PPMd + -15714.6153846154 * x_2 + -16195 * x_4 + 547.692307692307 * Files_0;8.44336348166788;8.44336348166788;8.44336348166788;8.44336348166788;0.168795;7;547.692307692307 * Files_0;1;2.58279628751482;
7;19331.1111111111 * CompressionMethod + -16381.1111111111 * x_0 + 2537.40740740741 * BZip2 + -1222.59259259258 * PPMd + -15768.5185185186 * x_2 + -16195 * x_4 + 488.888888888884 * Files_0 + 127.407407407411 * filterOff;7.22636349284716;7.22636349284716;7.22636349284716;7.22636349284716;0.244205;8;127.407407407411 * filterOff;1;1.21699998882072;
8;19322.1436464088 * CompressionMethod + -16372.1436464088 * x_0 + 2497.80110497238 * BZip2 + -1221.84530386741 * PPMd + -15719.9447513812 * x_2 + -16195 * x_4 + 497.856353591155 * Files_0 + 269.392265193373 * filterOff + -242.121546961335 * filterOff * HeaderCompressionOff;5.69256269688954;5.69256269688954;5.69256269688954;5.69256269688954;0.340345;10;-242.121546961335 * filterOff * HeaderCompressionOff;2;0.76690039797881;
9;19270.6432748538 * CompressionMethod + -16320.6432748538 * x_0 + 2498.81091617933 * BZip2 + -1446.02339181286 * PPMd + -15669.4541910331 * x_2 + -16195 * x_4 + 549.3567251462 * Files_0 + 170.935672514627 * filterOff + -261.812865497088 * filterOff * HeaderCompressionOff + 456.939571150103 * PPMd * filterOff;4.18846029245647;4.18846029245647;4.18846029245647;4.18846029245647;0.462218;12;456.939571150103 * PPMd * filterOff;2;0.752051202216531;
10;19246.8847989093 * CompressionMethod + -16296.8847989093 * x_0 + 2720.55669166099 * BZip2 + -1469.78186775733 * PPMd + -15867.4414905703 * x_2 + -16195 * x_4 + 573.115201090676 * Files_0 + 143.217450579408 * filterOff + -297.450579413788 * filterOff * HeaderCompressionOff + 508.416269029778 * PPMd * filterOff + -451.411042944789 * BZip2 * mtOff;3.71111187901927;3.71111187901927;3.71111187901927;3.71111187901927;0.612141;14;-451.411042944789 * BZip2 * mtOff;2;0.238674206718603;
11;19276.0213776722 * CompressionMethod + -16326.0213776722 * x_0 + 2732.18378859858 * BZip2 + -1477.36638954869 * PPMd + -15908.2051662708 * x_2 + -16195 * x_4 + 543.978622327763 * Files_0 + 169.049881235153 * filterOff + -351.668646080768 * filterOff * HeaderCompressionOff + 518.72921615203 * PPMd * filterOff + -460.872921615201 * BZip2 * mtOff + 55.0816508313608 * HeaderCompressionOff;3.37527948305571;3.37527948305571;3.37527948305571;3.37527948305571;0.802318;15;55.0816508313608 * HeaderCompressionOff;1;0.335832395963555;
12;19315.0622406639 * CompressionMethod + -16365.0622406639 * x_0 + 2866.9398340249 * BZip2 + -1452.51037344398 * PPMd + -16082.0020746888 * x_2 + -16195 * x_4 + 504.937759336085 * Files_0 + 260.145228215762 * filterOff + -403.983402489634 * filterOff * HeaderCompressionOff + 462.510373444002 * PPMd * filterOff + -520.995850622414 * BZip2 * mtOff + 76.358921161825 * HeaderCompressionOff + -219.149377593362 * BZip2 * filterOff;2.72870787369023;2.72870787369023;2.72870787369023;2.72870787369023;1.020535;17;-219.149377593362 * BZip2 * filterOff;2;0.323285804682744;
13;19372.5622406639 * CompressionMethod + -16365.0622406639 * x_0 + 2866.9398340249 * BZip2 + -1452.51037344398 * PPMd + -16139.5020746888 * x_2 + -16252.5 * x_4 + 562.43775933611 * Files_0 + 260.145228215762 * filterOff + -403.983402489634 * filterOff * HeaderCompressionOff + 462.510373443996 * PPMd * filterOff + -520.995850622431 * BZip2 * mtOff + 76.3589211618158 * HeaderCompressionOff + -219.149377593363 * BZip2 * filterOff + -114.999999999989 * BlockSize_1;2.59454534113722;2.59454534113722;2.59454534113722;2.59454534113722;1.289318;18;-114.999999999989 * BlockSize_1;1;0.134162532553005;
14;19360.6707317074 * CompressionMethod + -16353.1707317073 * x_0 + 2830.6707317073 * BZip2 + -1450.52845528455 * PPMd + -16091.3414634147 * x_2 + -16252.5 * x_4 + 574.329268292668 * Files_0 + 264.241192411912 * filterOff + -407.154471544731 * filterOff * HeaderCompressionOff + 460.528455284565 * PPMd * filterOff + -521.788617886167 * BZip2 * mtOff + 55.5487804878099 * HeaderCompressionOff + -222.452574525723 * BZip2 * filterOff + -115 * BlockSize_1 + 95.5284552845665 * BZip2 * HeaderCompressionOff;2.4778312828997;2.4778312828997;2.4778312828997;2.4778312828997;1.588343;20;95.5284552845665 * BZip2 * HeaderCompressionOff;2;0.0583570291187625;
Elapsed=00:00:01.5887858
Learning progress:
1;5325.2 * CompressionMethod + -3040.2 * PPMd;29.3022049871155;29.3022049871155;29.3022049871155;29.3022049871155;0.00438;2;-3040.2 * PPMd;1;74.7850266030949;
2;5865.26315789473 * CompressionMethod + -3580.26315789474 * PPMd + -2250.26315789474 * LZMA2;21.234610452715;21.234610452715;21.234610452715;21.234610452715;0.015409;3;-2250.26315789474 * LZMA2;1;8.06759453440047;
3;4530 * CompressionMethod + -3737.35294117647 * PPMd + -2407.35294117647 * LZMA2 + 1492.35294117646 * BlockSize_1;16.8494489543701;16.8494489543701;16.8494489543701;16.8494489543701;0.035086;4;1492.35294117646 * BlockSize_1;1;4.38516149834492;
4;4530 * CompressionMethod + -3989.01960784314 * PPMd + -2407.35294117647 * LZMA2 + 1492.35294117647 * BlockSize_1 + 503.333333333336 * PPMd * filterOff;14.7413701459237;14.7413701459237;14.7413701459237;14.7413701459237;0.069753;6;503.333333333336 * PPMd * filterOff;2;1.0540394042232;
5;4529.99999999999 * CompressionMethod + -3989.01960784314 * PPMd + -2645.68627450981 * LZMA2 + 1492.35294117647 * BlockSize_1 + 503.333333333333 * PPMd * filterOff + 476.666666666662 * LZMA2 * mtOff;13.1322999070459;13.1322999070459;13.1322999070459;13.1322999070459;0.140401;8;476.666666666662 * LZMA2 * mtOff;2;0.804535119438905;
6;4530 * CompressionMethod + -3989.01960784314 * PPMd + -2645.68627450981 * LZMA2 + 1492.35294117647 * BlockSize_1 + 426.666666666674 * PPMd * filterOff + 476.666666666658 * LZMA2 * mtOff + 230.000000000004 * PPMd * filterOff * mtOff;12.4276430443007;12.4276430443007;12.4276430443007;12.4276430443007;0.240325;11;230.000000000004 * PPMd * filterOff * mtOff;3;0.234885620915068;
7;2960 * CompressionMethod + -3989.01960784314 * PPMd + -2645.68627450981 * LZMA2 + 3062.35294117647 * BlockSize_1 + 426.666666666662 * PPMd * filterOff + 476.666666666666 * LZMA2 * mtOff + 229.999999999997 * PPMd * filterOff * mtOff + 3140 * x_2;12.3271068512712;12.3271068512712;12.3271068512712;12.3271068512712;0.404983;12;3140 * x_2;1;0.100536193029434;
8;3770.58823529413 * CompressionMethod + -3989.01960784314 * PPMd + -2645.68627450981 * LZMA2 + 2251.76470588235 * BlockSize_1 + 426.666666666664 * PPMd * filterOff + 476.666666666664 * LZMA2 * mtOff + 229.999999999995 * PPMd * filterOff * mtOff + 2329.41176470589 * x_2 + -810.588235294115 * Files_50;9.88269745212289;9.88269745212289;9.88269745212289;9.88269745212289;0.51665;13;-810.588235294115 * Files_50;1;2.44440939914835;
9;3770.58823529412 * CompressionMethod + -3989.01960784313 * PPMd + -1322.8431372549 * LZMA2 + 2251.76470588235 * BlockSize_1 + 426.666666666671 * PPMd * filterOff + 476.666666666669 * LZMA2 * mtOff + 229.999999999998 * PPMd * filterOff * mtOff + 2329.41176470589 * x_2 + -810.588235294118 * Files_50 + -1322.8431372549 * BlockSize_1 * LZMA2;9.8826974521227;9.8826974521227;9.8826974521227;9.8826974521227;0.652443;15;-1322.8431372549 * BlockSize_1 * LZMA2;2;9.2370555648813E-14;
Elapsed=00:00:00.6527698
Learning progress:
1;10466 * CompressionMethod + -6749.33333333333 * x_0;25.6434749926452;25.6434749926452;25.6434749926452;25.6434749926452;0.003429;2;-6749.33333333333 * x_0;1;28.7222688895711;
2;10466 * CompressionMethod + -6340.28571428572 * x_0 + -1840.71428571428 * PPMd;17.6951633935293;17.6951633935293;17.6951633935293;17.6951633935293;0.017572;3;-1840.71428571428 * PPMd;1;7.94831159911593;
3;10189.9438202247 * CompressionMethod + -6458.59550561798 * x_0 + -1446.34831460674 * PPMd + 1380.28089887641 * BZip2;9.69920804418522;9.69920804418522;9.69920804418522;9.69920804418522;0.040076;4;1380.28089887641 * BZip2;1;7.99595534934403;
4;7662.90780141844 * CompressionMethod + -4068.1560283688 * x_0 + -1309.75177304964 * PPMd + 1858.36879432624 * BZip2 + 12157.0921985816 * x_10;8.21037349286229;8.21037349286229;8.21037349286229;8.21037349286229;0.075544;5;12157.0921985816 * x_10;1;1.48883455132293;
5;7667.47181964573 * CompressionMethod + -4159.43639291465 * x_0 + -1330.28985507247 * PPMd + 1840.11272141707 * BZip2 + 12152.5281803543 * x_10 + 214.508856682765 * mtOff;6.57926481277824;6.57926481277824;6.57926481277824;6.57926481277824;0.1243;6;214.508856682765 * mtOff;1;1.63110868008405;
6;7667.47181964573 * CompressionMethod + -4159.43639291465 * x_0 + -1330.28985507246 * PPMd + 1840.11272141707 * BZip2 + 12152.5281803543 * x_10 + 202.008856682771 * mtOff + 37.4999999999978 * mtOff * HeaderCompressionOff;6.45036034710215;6.45036034710215;6.45036034710215;6.45036034710215;0.194218;8;37.4999999999978 * mtOff * HeaderCompressionOff;2;0.0644522328380455;
Elapsed=00:00:00.1944947
Learning progress:
1;3694.4 * CompressionMethod + 2490.6 * BZip2;19.7985346220913;19.7985346220913;19.7985346220913;19.7985346220913;0.004671;2;2490.6 * BZip2;1;26.5429972994566;
2;3694.4 * CompressionMethod + 2580.6 * BZip2 + -270.000000000004 * BZip2 * mtOff;19.5746123942492;19.5746123942492;19.5746123942492;19.5746123942492;0.012311;4;-270.000000000004 * BZip2 * mtOff;2;0.111961113921042;
Elapsed=00:00:00.0124973
Learning progress:
1;10466 * CompressionMethod + -6729.84615384615 * x_0;40.8444836652728;40.8444836652728;40.8444836652728;40.8444836652728;0.00348;2;-6729.84615384615 * x_0;1;55.6068964378054;
2;10163.2909379968 * CompressionMethod + -6718.20349761526 * x_0 + 1513.5453100159 * BZip2;27.5872970724681;27.5872970724681;27.5872970724681;27.5872970724681;0.017321;3;1513.5453100159 * BZip2;1;13.2571865928048;
3;11557.5 * CompressionMethod + -8377.9761904762 * x_0 + 2894.4761904762 * BZip2 + -8351.97619047621 * x_2;17.2063922449003;17.2063922449003;17.2063922449003;17.2063922449003;0.040835;4;-8351.97619047621 * x_2;1;10.3809048275678;
4;11557.5 * CompressionMethod + -8068.16666666667 * x_0 + 2584.66666666668 * BZip2 + -8042.16666666669 * x_2 + -1084.33333333333 * PPMd;11.2623825181136;11.2623825181136;11.2623825181136;11.2623825181136;0.074833;5;-1084.33333333333 * PPMd;1;5.94400972678664;
5;11557.5 * CompressionMethod + -8192.47101449275 * x_0 + 2584.66666666667 * BZip2 + -8042.16666666666 * x_2 + -1167.20289855072 * PPMd + 310.76086956521 * filterOff;8.94109016866813;8.94109016866813;8.94109016866813;8.94109016866813;0.121355;6;310.76086956521 * filterOff;1;2.32129234944547;
6;11557.5 * CompressionMethod + -8236.98973675055 * x_0 + 2596.26927983301 * BZip2 + -8053.76927983298 * x_2 + -1177.54435811202 * PPMd + 306.031543546324 * filterOff + 87.0195987475289 * mtOff;7.39257935776421;7.39257935776421;7.39257935776421;7.39257935776421;0.184751;7;87.0195987475289 * mtOff;1;1.54851081090392;
7;11557.5 * CompressionMethod + -8241.85961585021 * x_0 + 2606.33483980308 * BZip2 + -8063.83483980307 * x_2 + -1164.015010895 * PPMd + 365.413203131304 * filterOff + 88.5800177548154 * mtOff + -147.862561536612 * filterOff * HeaderCompressionOff;6.78311836061099;6.78311836061099;6.78311836061099;6.78311836061099;0.268117;9;-147.862561536612 * filterOff * HeaderCompressionOff;2;0.304730498576614;
8;11557.5 * CompressionMethod + -8242.16174382277 * x_0 + 2581.79380857711 * BZip2 + -8039.29380857712 * x_2 + -1205.11814825332 * PPMd + 367.898892360124 * filterOff + 111.445612042031 * mtOff + -74.3493325759797 * filterOff * HeaderCompressionOff + -340.333428003386 * filterOff * HeaderCompressionOff * LZMA;5.40016398234665;5.40016398234665;5.40016398234665;5.40016398234665;0.383292;12;-340.333428003386 * filterOff * HeaderCompressionOff * LZMA;3;0.46098479275478;
9;11557.5 * CompressionMethod + -8275.30062702586 * x_0 + 2685.65226632659 * BZip2 + -8143.15226632659 * x_2 + -1200.55157022158 * PPMd + 480.790690259837 * filterOff + -56.3698921302988 * mtOff + -318.099792762645 * filterOff * HeaderCompressionOff + -447.835166586943 * filterOff * HeaderCompressionOff * LZMA + 439.314788245915 * mtOff * HeaderCompressionOff;4.31841710478109;4.31841710478109;4.31841710478109;4.31841710478109;0.53007;14;439.314788245915 * mtOff * HeaderCompressionOff;2;0.540873438782778;
10;11557.5 * CompressionMethod + -8292.05381287183 * x_0 + 2581.03623580313 * BZip2 + -8038.53623580315 * x_2 + -1193.92644672795 * PPMd + 489.517577068686 * filterOff + -19.4824229313191 * mtOff + -375.715521903746 * filterOff * HeaderCompressionOff + -415.851811790138 * filterOff * HeaderCompressionOff * LZMA + 436.085992428329 * mtOff * HeaderCompressionOff + 286.616549486222 * BZip2 * HeaderCompressionOff;4.07893747845583;4.07893747845583;4.07893747845583;4.07893747845583;0.715709;16;286.616549486222 * BZip2 * HeaderCompressionOff;2;0.119739813162632;
Elapsed=00:00:00.7160630
Learning progress:
1;8292.5 * CompressionMethod + -4541.01851851852 * x_0;33.895211940399;33.895211940399;33.895211940399;33.895211940399;0.004051;2;-4541.01851851852 * x_0;1;36.2316807165768;
2;7759.94871794871 * CompressionMethod + -4481.84615384615 * x_0 + 2130.20512820513 * BZip2;24.9164621132234;24.9164621132234;24.9164621132234;24.9164621132234;0.017212;3;2130.20512820513 * BZip2;1;8.97874982717562;
3;7844.89361702127 * CompressionMethod + -4184.5390070922 * x_0 + 1790.42553191489 * BZip2 + -1380.35460992908 * PPMd;19.5423564790085;19.5423564790085;19.5423564790085;19.5423564790085;0.03646;4;-1380.35460992908 * PPMd;1;5.37410563421486;
4;9023.33333333333 * CompressionMethod + -5598.66666666667 * x_0 + 2615.33333333333 * BZip2 + -1144.66666666666 * PPMd + -5538.66666666666 * x_2;17.2087450162252;17.2087450162252;17.2087450162252;17.2087450162252;0.065385;5;-5538.66666666666 * x_2;1;2.33361146278335;
5;19820 * CompressionMethod + -16395.3333333333 * x_0 + 2615.33333333333 * BZip2 + -1144.66666666666 * PPMd + -16335.3333333333 * x_2 + -16195 * x_4;11.0261597691827;11.0261597691827;11.0261597691827;11.0261597691827;0.106802;6;-16195 * x_4;1;6.18258524704248;
6;19272.3076923077 * CompressionMethod + -16322.3076923077 * x_0 + 2542.3076923077 * BZip2 + -1217.69230769229 * PPMd + -15714.6153846154 * x_2 + -16195 * x_4 + 547.692307692307 * Files_0;8.44336348166788;8.44336348166788;8.44336348166788;8.44336348166788;0.163678;7;547.692307692307 * Files_0;1;2.58279628751482;
7;19331.1111111111 * CompressionMethod + -16381.1111111111 * x_0 + 2537.40740740741 * BZip2 + -1222.59259259258 * PPMd + -15768.5185185186 * x_2 + -16195 * x_4 + 488.888888888884 * Files_0 + 127.407407407411 * filterOff;7.22636349284716;7.22636349284716;7.22636349284716;7.22636349284716;0.239074;8;127.407407407411 * filterOff;1;1.21699998882072;
8;19322.1436464088 * CompressionMethod + -16372.1436464088 * x_0 + 2497.80110497238 * BZip2 + -1221.84530386741 * PPMd + -15719.9447513812 * x_2 + -16195 * x_4 + 497.856353591155 * Files_0 + 269.392265193373 * filterOff + -242.121546961335 * filterOff * HeaderCompressionOff;5.69256269688954;5.69256269688954;5.69256269688954;5.69256269688954;0.330409;10;-242.121546961335 * filterOff * HeaderCompressionOff;2;0.76690039797881;
9;19270.6432748538 * CompressionMethod + -16320.6432748538 * x_0 + 2498.81091617933 * BZip2 + -1446.02339181286 * PPMd + -15669.4541910331 * x_2 + -16195 * x_4 + 549.3567251462 * Files_0 + 170.935672514627 * filterOff + -261.812865497088 * filterOff * HeaderCompressionOff + 456.939571150103 * PPMd * filterOff;4.18846029245647;4.18846029245647;4.18846029245647;4.18846029245647;0.450987;12;456.939571150103 * PPMd * filterOff;2;0.752051202216531;
10;19246.8847989093 * CompressionMethod + -16296.8847989093 * x_0 + 2720.55669166099 * BZip2 + -1469.78186775733 * PPMd + -15867.4414905703 * x_2 + -16195 * x_4 + 573.115201090676 * Files_0 + 143.217450579408 * filterOff + -297.450579413788 * filterOff * HeaderCompressionOff + 508.416269029778 * PPMd * filterOff + -451.411042944789 * BZip2 * mtOff;3.71111187901927;3.71111187901927;3.71111187901927;3.71111187901927;0.601992;14;-451.411042944789 * BZip2 * mtOff;2;0.238674206718603;
11;19276.0213776722 * CompressionMethod + -16326.0213776722 * x_0 + 2732.18378859858 * BZip2 + -1477.36638954869 * PPMd + -15908.2051662708 * x_2 + -16195 * x_4 + 543.978622327763 * Files_0 + 169.049881235153 * filterOff + -351.668646080768 * filterOff * HeaderCompressionOff + 518.72921615203 * PPMd * filterOff + -460.872921615201 * BZip2 * mtOff + 55.0816508313608 * HeaderCompressionOff;3.37527948305571;3.37527948305571;3.37527948305571;3.37527948305571;0.788029;15;55.0816508313608 * HeaderCompressionOff;1;0.335832395963555;
12;19315.0622406639 * CompressionMethod + -16365.0622406639 * x_0 + 2866.9398340249 * BZip2 + -1452.51037344398 * PPMd + -16082.0020746888 * x_2 + -16195 * x_4 + 504.937759336085 * Files_0 + 260.145228215762 * filterOff + -403.983402489634 * filterOff * HeaderCompressionOff + 462.510373444002 * PPMd * filterOff + -520.995850622414 * BZip2 * mtOff + 76.358921161825 * HeaderCompressionOff + -219.149377593362 * BZip2 * filterOff;2.72870787369023;2.72870787369023;2.72870787369023;2.72870787369023;1.007881;17;-219.149377593362 * BZip2 * filterOff;2;0.323285804682744;
13;19372.5622406639 * CompressionMethod + -16365.0622406639 * x_0 + 2866.9398340249 * BZip2 + -1452.51037344398 * PPMd + -16139.5020746888 * x_2 + -16252.5 * x_4 + 562.43775933611 * Files_0 + 260.145228215762 * filterOff + -403.983402489634 * filterOff * HeaderCompressionOff + 462.510373443996 * PPMd * filterOff + -520.995850622431 * BZip2 * mtOff + 76.3589211618158 * HeaderCompressionOff + -219.149377593363 * BZip2 * filterOff + -114.999999999989 * BlockSize_1;2.59454534113722;2.59454534113722;2.59454534113722;2.59454534113722;1.263941;18;-114.999999999989 * BlockSize_1;1;0.134162532553005;
Elapsed=00:00:01.2643400
Learning progress:
1;5325.2 * CompressionMethod + -3040.2 * PPMd;29.3022049871155;29.3022049871155;29.3022049871155;29.3022049871155;0.004008;2;-3040.2 * PPMd;1;74.7850266030949;
2;5865.26315789473 * CompressionMethod + -3580.26315789474 * PPMd + -2250.26315789474 * LZMA2;21.234610452715;21.234610452715;21.234610452715;21.234610452715;0.013307;3;-2250.26315789474 * LZMA2;1;8.06759453440047;
3;4530 * CompressionMethod + -3737.35294117647 * PPMd + -2407.35294117647 * LZMA2 + 1492.35294117646 * BlockSize_1;16.8494489543701;16.8494489543701;16.8494489543701;16.8494489543701;0.032045;4;1492.35294117646 * BlockSize_1;1;4.38516149834492;
4;4530 * CompressionMethod + -3989.01960784314 * PPMd + -2407.35294117647 * LZMA2 + 1492.35294117647 * BlockSize_1 + 503.333333333336 * PPMd * filterOff;14.7413701459237;14.7413701459237;14.7413701459237;14.7413701459237;0.064904;6;503.333333333336 * PPMd * filterOff;2;1.0540394042232;
5;4529.99999999999 * CompressionMethod + -3989.01960784314 * PPMd + -2645.68627450981 * LZMA2 + 1492.35294117647 * BlockSize_1 + 503.333333333333 * PPMd * filterOff + 476.666666666662 * LZMA2 * mtOff;13.1322999070459;13.1322999070459;13.1322999070459;13.1322999070459;0.113753;8;476.666666666662 * LZMA2 * mtOff;2;0.804535119438905;
6;4530 * CompressionMethod + -3989.01960784314 * PPMd + -2645.68627450981 * LZMA2 + 1492.35294117647 * BlockSize_1 + 426.666666666674 * PPMd * filterOff + 476.666666666658 * LZMA2 * mtOff + 230.000000000004 * PPMd * filterOff * mtOff;12.4276430443007;12.4276430443007;12.4276430443007;12.4276430443007;0.180945;11;230.000000000004 * PPMd * filterOff * mtOff;3;0.234885620915068;
7;2960 * CompressionMethod + -3989.01960784314 * PPMd + -2645.68627450981 * LZMA2 + 3062.35294117647 * BlockSize_1 + 426.666666666662 * PPMd * filterOff + 476.666666666666 * LZMA2 * mtOff + 229.999999999997 * PPMd * filterOff * mtOff + 3140 * x_2;12.3271068512712;12.3271068512712;12.3271068512712;12.3271068512712;0.272528;12;3140 * x_2;1;0.100536193029434;
Elapsed=00:00:00.2728235
Learning progress:
1;10466 * CompressionMethod + -6749.33333333333 * x_0;25.6434749926452;25.6434749926452;25.6434749926452;25.6434749926452;0.003945;2;-6749.33333333333 * x_0;1;28.7222688895711;
2;10466 * CompressionMethod + -6340.28571428572 * x_0 + -1840.71428571428 * PPMd;17.6951633935293;17.6951633935293;17.6951633935293;17.6951633935293;0.018992;3;-1840.71428571428 * PPMd;1;7.94831159911593;
3;10189.9438202247 * CompressionMethod + -6458.59550561798 * x_0 + -1446.34831460674 * PPMd + 1380.28089887641 * BZip2;9.69920804418522;9.69920804418522;9.69920804418522;9.69920804418522;0.042336;4;1380.28089887641 * BZip2;1;7.99595534934403;
4;7662.90780141844 * CompressionMethod + -4068.1560283688 * x_0 + -1309.75177304964 * PPMd + 1858.36879432624 * BZip2 + 12157.0921985816 * x_10;8.21037349286229;8.21037349286229;8.21037349286229;8.21037349286229;0.077261;5;12157.0921985816 * x_10;1;1.48883455132293;
5;7667.47181964573 * CompressionMethod + -4159.43639291465 * x_0 + -1330.28985507247 * PPMd + 1840.11272141707 * BZip2 + 12152.5281803543 * x_10 + 214.508856682765 * mtOff;6.57926481277824;6.57926481277824;6.57926481277824;6.57926481277824;0.124741;6;214.508856682765 * mtOff;1;1.63110868008405;
6;7667.47181964573 * CompressionMethod + -4159.43639291465 * x_0 + -1330.28985507246 * PPMd + 1840.11272141707 * BZip2 + 12152.5281803543 * x_10 + 202.008856682771 * mtOff + 37.4999999999978 * mtOff * HeaderCompressionOff;6.45036034710215;6.45036034710215;6.45036034710215;6.45036034710215;0.192174;8;37.4999999999978 * mtOff * HeaderCompressionOff;2;0.0644522328380455;
Elapsed=00:00:00.1924560
Learning progress:
1;3694.4 * CompressionMethod + 2490.6 * BZip2;19.7985346220913;19.7985346220913;19.7985346220913;19.7985346220913;0.004687;2;2490.6 * BZip2;1;26.5429972994566;
2;3694.4 * CompressionMethod + 2580.6 * BZip2 + -270.000000000004 * BZip2 * mtOff;19.5746123942492;19.5746123942492;19.5746123942492;19.5746123942492;0.012322;4;-270.000000000004 * BZip2 * mtOff;2;0.111961113921042;
Elapsed=00:00:00.0125031
Learning progress:
1;10466 * CompressionMethod + -6729.84615384615 * x_0;40.8444836652728;40.8444836652728;40.8444836652728;40.8444836652728;0.003377;2;-6729.84615384615 * x_0;1;55.6068964378054;
2;10163.2909379968 * CompressionMethod + -6718.20349761526 * x_0 + 1513.5453100159 * BZip2;27.5872970724681;27.5872970724681;27.5872970724681;27.5872970724681;0.017921;3;1513.5453100159 * BZip2;1;13.2571865928048;
3;11557.5 * CompressionMethod + -8377.9761904762 * x_0 + 2894.4761904762 * BZip2 + -8351.97619047621 * x_2;17.2063922449003;17.2063922449003;17.2063922449003;17.2063922449003;0.040267;4;-8351.97619047621 * x_2;1;10.3809048275678;
4;11557.5 * CompressionMethod + -8068.16666666667 * x_0 + 2584.66666666668 * BZip2 + -8042.16666666669 * x_2 + -1084.33333333333 * PPMd;11.2623825181136;11.2623825181136;11.2623825181136;11.2623825181136;0.074388;5;-1084.33333333333 * PPMd;1;5.94400972678664;
5;11557.5 * CompressionMethod + -8192.47101449275 * x_0 + 2584.66666666667 * BZip2 + -8042.16666666666 * x_2 + -1167.20289855072 * PPMd + 310.76086956521 * filterOff;8.94109016866813;8.94109016866813;8.94109016866813;8.94109016866813;0.123109;6;310.76086956521 * filterOff;1;2.32129234944547;
6;11557.5 * CompressionMethod + -8236.98973675055 * x_0 + 2596.26927983301 * BZip2 + -8053.76927983298 * x_2 + -1177.54435811202 * PPMd + 306.031543546324 * filterOff + 87.0195987475289 * mtOff;7.39257935776421;7.39257935776421;7.39257935776421;7.39257935776421;0.190094;7;87.0195987475289 * mtOff;1;1.54851081090392;
7;11557.5 * CompressionMethod + -8241.85961585021 * x_0 + 2606.33483980308 * BZip2 + -8063.83483980307 * x_2 + -1164.015010895 * PPMd + 365.413203131304 * filterOff + 88.5800177548154 * mtOff + -147.862561536612 * filterOff * HeaderCompressionOff;6.78311836061099;6.78311836061099;6.78311836061099;6.78311836061099;0.27222;9;-147.862561536612 * filterOff * HeaderCompressionOff;2;0.304730498576614;
Elapsed=00:00:00.2725217
Learning progress:
1;8292.5 * CompressionMethod + -4541.01851851852 * x_0;33.895211940399;33.895211940399;33.895211940399;33.895211940399;0.003293;2;-4541.01851851852 * x_0;1;36.2316807165768;
2;7759.94871794871 * CompressionMethod + -4481.84615384615 * x_0 + 2130.20512820513 * BZip2;24.9164621132234;24.9164621132234;24.9164621132234;24.9164621132234;0.016056;3;2130.20512820513 * BZip2;1;8.97874982717562;
3;7844.89361702127 * CompressionMethod + -4184.5390070922 * x_0 + 1790.42553191489 * BZip2 + -1380.35460992908 * PPMd;19.5423564790085;19.5423564790085;19.5423564790085;19.5423564790085;0.03585;4;-1380.35460992908 * PPMd;1;5.37410563421486;
4;9023.33333333333 * CompressionMethod + -5598.66666666667 * x_0 + 2615.33333333333 * BZip2 + -1144.66666666666 * PPMd + -5538.66666666666 * x_2;17.2087450162252;17.2087450162252;17.2087450162252;17.2087450162252;0.067344;5;-5538.66666666666 * x_2;1;2.33361146278335;
5;19820 * CompressionMethod + -16395.3333333333 * x_0 + 2615.33333333333 * BZip2 + -1144.66666666666 * PPMd + -16335.3333333333 * x_2 + -16195 * x_4;11.0261597691827;11.0261597691827;11.0261597691827;11.0261597691827;0.109942;6;-16195 * x_4;1;6.18258524704248;
6;19272.3076923077 * CompressionMethod + -16322.3076923077 * x_0 + 2542.3076923077 * BZip2 + -1217.69230769229 * PPMd + -15714.6153846154 * x_2 + -16195 * x_4 + 547.692307692307 * Files_0;8.44336348166788;8.44336348166788;8.44336348166788;8.44336348166788;0.165157;7;547.692307692307 * Files_0;1;2.58279628751482;
7;19331.1111111111 * CompressionMethod + -16381.1111111111 * x_0 + 2537.40740740741 * BZip2 + -1222.59259259258 * PPMd + -15768.5185185186 * x_2 + -16195 * x_4 + 488.888888888884 * Files_0 + 127.407407407411 * filterOff;7.22636349284716;7.22636349284716;7.22636349284716;7.22636349284716;0.238917;8;127.407407407411 * filterOff;1;1.21699998882072;
8;19322.1436464088 * CompressionMethod + -16372.1436464088 * x_0 + 2497.80110497238 * BZip2 + -1221.84530386741 * PPMd + -15719.9447513812 * x_2 + -16195 * x_4 + 497.856353591155 * Files_0 + 269.392265193373 * filterOff + -242.121546961335 * filterOff * HeaderCompressionOff;5.69256269688954;5.69256269688954;5.69256269688954;5.69256269688954;0.332181;10;-242.121546961335 * filterOff * HeaderCompressionOff;2;0.76690039797881;
9;19270.6432748538 * CompressionMethod + -16320.6432748538 * x_0 + 2498.81091617933 * BZip2 + -1446.02339181286 * PPMd + -15669.4541910331 * x_2 + -16195 * x_4 + 549.3567251462 * Files_0 + 170.935672514627 * filterOff + -261.812865497088 * filterOff * HeaderCompressionOff + 456.939571150103 * PPMd * filterOff;4.18846029245647;4.18846029245647;4.18846029245647;4.18846029245647;0.451465;12;456.939571150103 * PPMd * filterOff;2;0.752051202216531;
10;19246.8847989093 * CompressionMethod + -16296.8847989093 * x_0 + 2720.55669166099 * BZip2 + -1469.78186775733 * PPMd + -15867.4414905703 * x_2 + -16195 * x_4 + 573.115201090676 * Files_0 + 143.217450579408 * filterOff + -297.450579413788 * filterOff * HeaderCompressionOff + 508.416269029778 * PPMd * filterOff + -451.411042944789 * BZip2 * mtOff;3.71111187901927;3.71111187901927;3.71111187901927;3.71111187901927;0.601822;14;-451.411042944789 * BZip2 * mtOff;2;0.238674206718603;
Elapsed=00:00:00.6021522
Learning progress:
1;5325.2 * CompressionMethod + -3040.2 * PPMd;29.3022049871155;29.3022049871155;29.3022049871155;29.3022049871155;0.004158;2;-3040.2 * PPMd;1;74.7850266030949;
2;5865.26315789473 * CompressionMethod + -3580.26315789474 * PPMd + -2250.26315789474 * LZMA2;21.234610452715;21.234610452715;21.234610452715;21.234610452715;0.015475;3;-2250.26315789474 * LZMA2;1;8.06759453440047;
3;4530 * CompressionMethod + -3737.35294117647 * PPMd + -2407.35294117647 * LZMA2 + 1492.35294117646 * BlockSize_1;16.8494489543701;16.8494489543701;16.8494489543701;16.8494489543701;0.035153;4;1492.35294117646 * BlockSize_1;1;4.38516149834492;
4;4530 * CompressionMethod + -3989.01960784314 * PPMd + -2407.35294117647 * LZMA2 + 1492.35294117647 * BlockSize_1 + 503.333333333336 * PPMd * filterOff;14.7413701459237;14.7413701459237;14.7413701459237;14.7413701459237;0.065838;6;503.333333333336 * PPMd * filterOff;2;1.0540394042232;
5;4529.99999999999 * CompressionMethod + -3989.01960784314 * PPMd + -2645.68627450981 * LZMA2 + 1492.35294117647 * BlockSize_1 + 503.333333333333 * PPMd * filterOff + 476.666666666662 * LZMA2 * mtOff;13.1322999070459;13.1322999070459;13.1322999070459;13.1322999070459;0.11479;8;476.666666666662 * LZMA2 * mtOff;2;0.804535119438905;
6;4530 * CompressionMethod + -3989.01960784314 * PPMd + -2645.68627450981 * LZMA2 + 1492.35294117647 * BlockSize_1 + 426.666666666674 * PPMd * filterOff + 476.666666666658 * LZMA2 * mtOff + 230.000000000004 * PPMd * filterOff * mtOff;12.4276430443007;12.4276430443007;12.4276430443007;12.4276430443007;0.180589;11;230.000000000004 * PPMd * filterOff * mtOff;3;0.234885620915068;
Elapsed=00:00:00.1808816
Learning progress:
1;10466 * CompressionMethod + -6749.33333333333 * x_0;25.6434749926452;25.6434749926452;25.6434749926452;25.6434749926452;0.003752;2;-6749.33333333333 * x_0;1;28.7222688895711;
2;10466 * CompressionMethod + -6340.28571428572 * x_0 + -1840.71428571428 * PPMd;17.6951633935293;17.6951633935293;17.6951633935293;17.6951633935293;0.018864;3;-1840.71428571428 * PPMd;1;7.94831159911593;
3;10189.9438202247 * CompressionMethod + -6458.59550561798 * x_0 + -1446.34831460674 * PPMd + 1380.28089887641 * BZip2;9.69920804418522;9.69920804418522;9.69920804418522;9.69920804418522;0.040821;4;1380.28089887641 * BZip2;1;7.99595534934403;
4;7662.90780141844 * CompressionMethod + -4068.1560283688 * x_0 + -1309.75177304964 * PPMd + 1858.36879432624 * BZip2 + 12157.0921985816 * x_10;8.21037349286229;8.21037349286229;8.21037349286229;8.21037349286229;0.077295;5;12157.0921985816 * x_10;1;1.48883455132293;
5;7667.47181964573 * CompressionMethod + -4159.43639291465 * x_0 + -1330.28985507247 * PPMd + 1840.11272141707 * BZip2 + 12152.5281803543 * x_10 + 214.508856682765 * mtOff;6.57926481277824;6.57926481277824;6.57926481277824;6.57926481277824;0.12692;6;214.508856682765 * mtOff;1;1.63110868008405;
6;7667.47181964573 * CompressionMethod + -4159.43639291465 * x_0 + -1330.28985507246 * PPMd + 1840.11272141707 * BZip2 + 12152.5281803543 * x_10 + 202.008856682771 * mtOff + 37.4999999999978 * mtOff * HeaderCompressionOff;6.45036034710215;6.45036034710215;6.45036034710215;6.45036034710215;0.195237;8;37.4999999999978 * mtOff * HeaderCompressionOff;2;0.0644522328380455;
Elapsed=00:00:00.1955241
Learning progress:
1;3694.4 * CompressionMethod + 2490.6 * BZip2;19.7985346220913;19.7985346220913;19.7985346220913;19.7985346220913;0.005181;2;2490.6 * BZip2;1;26.5429972994566;
2;3694.4 * CompressionMethod + 2580.6 * BZip2 + -270.000000000004 * BZip2 * mtOff;19.5746123942492;19.5746123942492;19.5746123942492;19.5746123942492;0.013728;4;-270.000000000004 * BZip2 * mtOff;2;0.111961113921042;
3;3692.91666666667 * CompressionMethod + 2582.08333333334 * BZip2 + -270 * BZip2 * mtOff + 37.0833333333333 * BlockSize_4096;19.5673478802346;19.5673478802346;19.5673478802346;19.5673478802346;0.030459;5;37.0833333333333 * BlockSize_4096;1;0.00726451401459016;
Elapsed=00:00:00.0306618
Learning progress:
1;10466 * CompressionMethod + -6729.84615384615 * x_0;40.8444836652728;40.8444836652728;40.8444836652728;40.8444836652728;0.005142;2;-6729.84615384615 * x_0;1;55.6068964378054;
2;10163.2909379968 * CompressionMethod + -6718.20349761526 * x_0 + 1513.5453100159 * BZip2;27.5872970724681;27.5872970724681;27.5872970724681;27.5872970724681;0.017208;3;1513.5453100159 * BZip2;1;13.2571865928048;
3;11557.5 * CompressionMethod + -8377.9761904762 * x_0 + 2894.4761904762 * BZip2 + -8351.97619047621 * x_2;17.2063922449003;17.2063922449003;17.2063922449003;17.2063922449003;0.041078;4;-8351.97619047621 * x_2;1;10.3809048275678;
4;11557.5 * CompressionMethod + -8068.16666666667 * x_0 + 2584.66666666668 * BZip2 + -8042.16666666669 * x_2 + -1084.33333333333 * PPMd;11.2623825181136;11.2623825181136;11.2623825181136;11.2623825181136;0.072244;5;-1084.33333333333 * PPMd;1;5.94400972678664;
5;11557.5 * CompressionMethod + -8192.47101449275 * x_0 + 2584.66666666667 * BZip2 + -8042.16666666666 * x_2 + -1167.20289855072 * PPMd + 310.76086956521 * filterOff;8.94109016866813;8.94109016866813;8.94109016866813;8.94109016866813;0.120759;6;310.76086956521 * filterOff;1;2.32129234944547;
6;11557.5 * CompressionMethod + -8236.98973675055 * x_0 + 2596.26927983301 * BZip2 + -8053.76927983298 * x_2 + -1177.54435811202 * PPMd + 306.031543546324 * filterOff + 87.0195987475289 * mtOff;7.39257935776421;7.39257935776421;7.39257935776421;7.39257935776421;0.189497;7;87.0195987475289 * mtOff;1;1.54851081090392;
7;11557.5 * CompressionMethod + -8241.85961585021 * x_0 + 2606.33483980308 * BZip2 + -8063.83483980307 * x_2 + -1164.015010895 * PPMd + 365.413203131304 * filterOff + 88.5800177548154 * mtOff + -147.862561536612 * filterOff * HeaderCompressionOff;6.78311836061099;6.78311836061099;6.78311836061099;6.78311836061099;0.272825;9;-147.862561536612 * filterOff * HeaderCompressionOff;2;0.304730498576614;
8;11557.5 * CompressionMethod + -8242.16174382277 * x_0 + 2581.79380857711 * BZip2 + -8039.29380857712 * x_2 + -1205.11814825332 * PPMd + 367.898892360124 * filterOff + 111.445612042031 * mtOff + -74.3493325759797 * filterOff * HeaderCompressionOff + -340.333428003386 * filterOff * HeaderCompressionOff * LZMA;5.40016398234665;5.40016398234665;5.40016398234665;5.40016398234665;0.386202;12;-340.333428003386 * filterOff * HeaderCompressionOff * LZMA;3;0.46098479275478;
9;11557.5 * CompressionMethod + -8275.30062702586 * x_0 + 2685.65226632659 * BZip2 + -8143.15226632659 * x_2 + -1200.55157022158 * PPMd + 480.790690259837 * filterOff + -56.3698921302988 * mtOff + -318.099792762645 * filterOff * HeaderCompressionOff + -447.835166586943 * filterOff * HeaderCompressionOff * LZMA + 439.314788245915 * mtOff * HeaderCompressionOff;4.31841710478109;4.31841710478109;4.31841710478109;4.31841710478109;0.533689;14;439.314788245915 * mtOff * HeaderCompressionOff;2;0.540873438782778;
10;11557.5 * CompressionMethod + -8292.05381287183 * x_0 + 2581.03623580313 * BZip2 + -8038.53623580315 * x_2 + -1193.92644672795 * PPMd + 489.517577068686 * filterOff + -19.4824229313191 * mtOff + -375.715521903746 * filterOff * HeaderCompressionOff + -415.851811790138 * filterOff * HeaderCompressionOff * LZMA + 436.085992428329 * mtOff * HeaderCompressionOff + 286.616549486222 * BZip2 * HeaderCompressionOff;4.07893747845583;4.07893747845583;4.07893747845583;4.07893747845583;0.716512;16;286.616549486222 * BZip2 * HeaderCompressionOff;2;0.119739813162632;
11;11557.5 * CompressionMethod + -8294.94840052124 * x_0 + 2589.45100676784 * BZip2 + -8046.95100676782 * x_2 + -1184.67253772751 * PPMd + 473.18508554373 * filterOff + -19.5964521417568 * mtOff + -362.42380932365 * filterOff * HeaderCompressionOff + -464.387321871439 * filterOff * HeaderCompressionOff * LZMA + 436.609357265956 * mtOff * HeaderCompressionOff + 282.616755643364 * BZip2 * HeaderCompressionOff + 54.0615410483913 * filterOff * LZMA;4.03670178062593;4.03670178062593;4.03670178062593;4.03670178062593;0.937488;18;54.0615410483913 * filterOff * LZMA;2;0.0211178489149462;
Elapsed=00:00:00.9378789
Learning progress:
1;8292.5 * CompressionMethod + -4541.01851851852 * x_0;33.895211940399;33.895211940399;33.895211940399;33.895211940399;0.003229;2;-4541.01851851852 * x_0;1;36.2316807165768;
2;7759.94871794871 * CompressionMethod + -4481.84615384615 * x_0 + 2130.20512820513 * BZip2;24.9164621132234;24.9164621132234;24.9164621132234;24.9164621132234;0.015467;3;2130.20512820513 * BZip2;1;8.97874982717562;
3;7844.89361702127 * CompressionMethod + -4184.5390070922 * x_0 + 1790.42553191489 * BZip2 + -1380.35460992908 * PPMd;19.5423564790085;19.5423564790085;19.5423564790085;19.5423564790085;0.036127;4;-1380.35460992908 * PPMd;1;5.37410563421486;
4;9023.33333333333 * CompressionMethod + -5598.66666666667 * x_0 + 2615.33333333333 * BZip2 + -1144.66666666666 * PPMd + -5538.66666666666 * x_2;17.2087450162252;17.2087450162252;17.2087450162252;17.2087450162252;0.065359;5;-5538.66666666666 * x_2;1;2.33361146278335;
5;19820 * CompressionMethod + -16395.3333333333 * x_0 + 2615.33333333333 * BZip2 + -1144.66666666666 * PPMd + -16335.3333333333 * x_2 + -16195 * x_4;11.0261597691827;11.0261597691827;11.0261597691827;11.0261597691827;0.106237;6;-16195 * x_4;1;6.18258524704248;
6;19272.3076923077 * CompressionMethod + -16322.3076923077 * x_0 + 2542.3076923077 * BZip2 + -1217.69230769229 * PPMd + -15714.6153846154 * x_2 + -16195 * x_4 + 547.692307692307 * Files_0;8.44336348166788;8.44336348166788;8.44336348166788;8.44336348166788;0.162341;7;547.692307692307 * Files_0;1;2.58279628751482;
7;19331.1111111111 * CompressionMethod + -16381.1111111111 * x_0 + 2537.40740740741 * BZip2 + -1222.59259259258 * PPMd + -15768.5185185186 * x_2 + -16195 * x_4 + 488.888888888884 * Files_0 + 127.407407407411 * filterOff;7.22636349284716;7.22636349284716;7.22636349284716;7.22636349284716;0.237953;8;127.407407407411 * filterOff;1;1.21699998882072;
8;19322.1436464088 * CompressionMethod + -16372.1436464088 * x_0 + 2497.80110497238 * BZip2 + -1221.84530386741 * PPMd + -15719.9447513812 * x_2 + -16195 * x_4 + 497.856353591155 * Files_0 + 269.392265193373 * filterOff + -242.121546961335 * filterOff * HeaderCompressionOff;5.69256269688954;5.69256269688954;5.69256269688954;5.69256269688954;0.329058;10;-242.121546961335 * filterOff * HeaderCompressionOff;2;0.76690039797881;
9;19270.6432748538 * CompressionMethod + -16320.6432748538 * x_0 + 2498.81091617933 * BZip2 + -1446.02339181286 * PPMd + -15669.4541910331 * x_2 + -16195 * x_4 + 549.3567251462 * Files_0 + 170.935672514627 * filterOff + -261.812865497088 * filterOff * HeaderCompressionOff + 456.939571150103 * PPMd * filterOff;4.18846029245647;4.18846029245647;4.18846029245647;4.18846029245647;0.448951;12;456.939571150103 * PPMd * filterOff;2;0.752051202216531;
10;19246.8847989093 * CompressionMethod + -16296.8847989093 * x_0 + 2720.55669166099 * BZip2 + -1469.78186775733 * PPMd + -15867.4414905703 * x_2 + -16195 * x_4 + 573.115201090676 * Files_0 + 143.217450579408 * filterOff + -297.450579413788 * filterOff * HeaderCompressionOff + 508.416269029778 * PPMd * filterOff + -451.411042944789 * BZip2 * mtOff;3.71111187901927;3.71111187901927;3.71111187901927;3.71111187901927;0.601127;14;-451.411042944789 * BZip2 * mtOff;2;0.238674206718603;
11;19276.0213776722 * CompressionMethod + -16326.0213776722 * x_0 + 2732.18378859858 * BZip2 + -1477.36638954869 * PPMd + -15908.2051662708 * x_2 + -16195 * x_4 + 543.978622327763 * Files_0 + 169.049881235153 * filterOff + -351.668646080768 * filterOff * HeaderCompressionOff + 518.72921615203 * PPMd * filterOff + -460.872921615201 * BZip2 * mtOff + 55.0816508313608 * HeaderCompressionOff;3.37527948305571;3.37527948305571;3.37527948305571;3.37527948305571;0.789545;15;55.0816508313608 * HeaderCompressionOff;1;0.335832395963555;
12;19315.0622406639 * CompressionMethod + -16365.0622406639 * x_0 + 2866.9398340249 * BZip2 + -1452.51037344398 * PPMd + -16082.0020746888 * x_2 + -16195 * x_4 + 504.937759336085 * Files_0 + 260.145228215762 * filterOff + -403.983402489634 * filterOff * HeaderCompressionOff + 462.510373444002 * PPMd * filterOff + -520.995850622414 * BZip2 * mtOff + 76.358921161825 * HeaderCompressionOff + -219.149377593362 * BZip2 * filterOff;2.72870787369023;2.72870787369023;2.72870787369023;2.72870787369023;1.008654;17;-219.149377593362 * BZip2 * filterOff;2;0.323285804682744;
13;19372.5622406639 * CompressionMethod + -16365.0622406639 * x_0 + 2866.9398340249 * BZip2 + -1452.51037344398 * PPMd + -16139.5020746888 * x_2 + -16252.5 * x_4 + 562.43775933611 * Files_0 + 260.145228215762 * filterOff + -403.983402489634 * filterOff * HeaderCompressionOff + 462.510373443996 * PPMd * filterOff + -520.995850622431 * BZip2 * mtOff + 76.3589211618158 * HeaderCompressionOff + -219.149377593363 * BZip2 * filterOff + -114.999999999989 * BlockSize_1;2.59454534113722;2.59454534113722;2.59454534113722;2.59454534113722;1.267274;18;-114.999999999989 * BlockSize_1;1;0.134162532553005;
14;19360.6707317074 * CompressionMethod + -16353.1707317073 * x_0 + 2830.6707317073 * BZip2 + -1450.52845528455 * PPMd + -16091.3414634147 * x_2 + -16252.5 * x_4 + 574.329268292668 * Files_0 + 264.241192411912 * filterOff + -407.154471544731 * filterOff * HeaderCompressionOff + 460.528455284565 * PPMd * filterOff + -521.788617886167 * BZip2 * mtOff + 55.5487804878099 * HeaderCompressionOff + -222.452574525723 * BZip2 * filterOff + -115 * BlockSize_1 + 95.5284552845665 * BZip2 * HeaderCompressionOff;2.4778312828997;2.4778312828997;2.4778312828997;2.4778312828997;1.564929;20;95.5284552845665 * BZip2 * HeaderCompressionOff;2;0.0583570291187625;
Elapsed=00:00:01.5653529
Learning progress:
1;5325.2 * CompressionMethod + -3040.2 * PPMd;29.3022049871155;29.3022049871155;29.3022049871155;29.3022049871155;0.0041;2;-3040.2 * PPMd;1;74.7850266030949;
2;5865.26315789473 * CompressionMethod + -3580.26315789474 * PPMd + -2250.26315789474 * LZMA2;21.234610452715;21.234610452715;21.234610452715;21.234610452715;0.013986;3;-2250.26315789474 * LZMA2;1;8.06759453440047;
3;4530 * CompressionMethod + -3737.35294117647 * PPMd + -2407.35294117647 * LZMA2 + 1492.35294117646 * BlockSize_1;16.8494489543701;16.8494489543701;16.8494489543701;16.8494489543701;0.034154;4;1492.35294117646 * BlockSize_1;1;4.38516149834492;
4;4530 * CompressionMethod + -3989.01960784314 * PPMd + -2407.35294117647 * LZMA2 + 1492.35294117647 * BlockSize_1 + 503.333333333336 * PPMd * filterOff;14.7413701459237;14.7413701459237;14.7413701459237;14.7413701459237;0.065877;6;503.333333333336 * PPMd * filterOff;2;1.0540394042232;
5;4529.99999999999 * CompressionMethod + -3989.01960784314 * PPMd + -2645.68627450981 * LZMA2 + 1492.35294117647 * BlockSize_1 + 503.333333333333 * PPMd * filterOff + 476.666666666662 * LZMA2 * mtOff;13.1322999070459;13.1322999070459;13.1322999070459;13.1322999070459;0.115;8;476.666666666662 * LZMA2 * mtOff;2;0.804535119438905;
6;4530 * CompressionMethod + -3989.01960784314 * PPMd + -2645.68627450981 * LZMA2 + 1492.35294117647 * BlockSize_1 + 426.666666666674 * PPMd * filterOff + 476.666666666658 * LZMA2 * mtOff + 230.000000000004 * PPMd * filterOff * mtOff;12.4276430443007;12.4276430443007;12.4276430443007;12.4276430443007;0.18147;11;230.000000000004 * PPMd * filterOff * mtOff;3;0.234885620915068;
7;2960 * CompressionMethod + -3989.01960784314 * PPMd + -2645.68627450981 * LZMA2 + 3062.35294117647 * BlockSize_1 + 426.666666666662 * PPMd * filterOff + 476.666666666666 * LZMA2 * mtOff + 229.999999999997 * PPMd * filterOff * mtOff + 3140 * x_2;12.3271068512712;12.3271068512712;12.3271068512712;12.3271068512712;0.2737;12;3140 * x_2;1;0.100536193029434;
8;3770.58823529413 * CompressionMethod + -3989.01960784314 * PPMd + -2645.68627450981 * LZMA2 + 2251.76470588235 * BlockSize_1 + 426.666666666664 * PPMd * filterOff + 476.666666666664 * LZMA2 * mtOff + 229.999999999995 * PPMd * filterOff * mtOff + 2329.41176470589 * x_2 + -810.588235294115 * Files_50;9.88269745212289;9.88269745212289;9.88269745212289;9.88269745212289;0.387557;13;-810.588235294115 * Files_50;1;2.44440939914835;
9;3770.58823529412 * CompressionMethod + -3989.01960784313 * PPMd + -1322.8431372549 * LZMA2 + 2251.76470588235 * BlockSize_1 + 426.666666666671 * PPMd * filterOff + 476.666666666669 * LZMA2 * mtOff + 229.999999999998 * PPMd * filterOff * mtOff + 2329.41176470589 * x_2 + -810.588235294118 * Files_50 + -1322.8431372549 * BlockSize_1 * LZMA2;9.8826974521227;9.8826974521227;9.8826974521227;9.8826974521227;0.522683;15;-1322.8431372549 * BlockSize_1 * LZMA2;2;9.2370555648813E-14;
Elapsed=00:00:00.5230070
Learning progress:
1;10466 * CompressionMethod + -6749.33333333333 * x_0;25.6434749926452;25.6434749926452;25.6434749926452;25.6434749926452;0.003471;2;-6749.33333333333 * x_0;1;28.7222688895711;
2;10466 * CompressionMethod + -6340.28571428572 * x_0 + -1840.71428571428 * PPMd;17.6951633935293;17.6951633935293;17.6951633935293;17.6951633935293;0.017284;3;-1840.71428571428 * PPMd;1;7.94831159911593;
3;10189.9438202247 * CompressionMethod + -6458.59550561798 * x_0 + -1446.34831460674 * PPMd + 1380.28089887641 * BZip2;9.69920804418522;9.69920804418522;9.69920804418522;9.69920804418522;0.040205;4;1380.28089887641 * BZip2;1;7.99595534934403;
4;7662.90780141844 * CompressionMethod + -4068.1560283688 * x_0 + -1309.75177304964 * PPMd + 1858.36879432624 * BZip2 + 12157.0921985816 * x_10;8.21037349286229;8.21037349286229;8.21037349286229;8.21037349286229;0.076527;5;12157.0921985816 * x_10;1;1.48883455132293;
5;7667.47181964573 * CompressionMethod + -4159.43639291465 * x_0 + -1330.28985507247 * PPMd + 1840.11272141707 * BZip2 + 12152.5281803543 * x_10 + 214.508856682765 * mtOff;6.57926481277824;6.57926481277824;6.57926481277824;6.57926481277824;0.126081;6;214.508856682765 * mtOff;1;1.63110868008405;
6;7667.47181964573 * CompressionMethod + -4159.43639291465 * x_0 + -1330.28985507246 * PPMd + 1840.11272141707 * BZip2 + 12152.5281803543 * x_10 + 202.008856682771 * mtOff + 37.4999999999978 * mtOff * HeaderCompressionOff;6.45036034710215;6.45036034710215;6.45036034710215;6.45036034710215;0.193758;8;37.4999999999978 * mtOff * HeaderCompressionOff;2;0.0644522328380455;
Elapsed=00:00:00.1940373
Learning progress:
1;3694.4 * CompressionMethod + 2490.6 * BZip2;19.7985346220913;19.7985346220913;19.7985346220913;19.7985346220913;0.003371;2;2490.6 * BZip2;1;26.5429972994566;
2;3694.4 * CompressionMethod + 2580.6 * BZip2 + -270.000000000004 * BZip2 * mtOff;19.5746123942492;19.5746123942492;19.5746123942492;19.5746123942492;0.012492;4;-270.000000000004 * BZip2 * mtOff;2;0.111961113921042;
Elapsed=00:00:00.0126809
Learning progress:
1;10466 * CompressionMethod + -6729.84615384615 * x_0;40.8444836652728;40.8444836652728;40.8444836652728;40.8444836652728;0.003965;2;-6729.84615384615 * x_0;1;55.6068964378054;
2;10163.2909379968 * CompressionMethod + -6718.20349761526 * x_0 + 1513.5453100159 * BZip2;27.5872970724681;27.5872970724681;27.5872970724681;27.5872970724681;0.016955;3;1513.5453100159 * BZip2;1;13.2571865928048;
3;11557.5 * CompressionMethod + -8377.9761904762 * x_0 + 2894.4761904762 * BZip2 + -8351.97619047621 * x_2;17.2063922449003;17.2063922449003;17.2063922449003;17.2063922449003;0.038642;4;-8351.97619047621 * x_2;1;10.3809048275678;
4;11557.5 * CompressionMethod + -8068.16666666667 * x_0 + 2584.66666666668 * BZip2 + -8042.16666666669 * x_2 + -1084.33333333333 * PPMd;11.2623825181136;11.2623825181136;11.2623825181136;11.2623825181136;0.071486;5;-1084.33333333333 * PPMd;1;5.94400972678664;
5;11557.5 * CompressionMethod + -8192.47101449275 * x_0 + 2584.66666666667 * BZip2 + -8042.16666666666 * x_2 + -1167.20289855072 * PPMd + 310.76086956521 * filterOff;8.94109016866813;8.94109016866813;8.94109016866813;8.94109016866813;0.12009;6;310.76086956521 * filterOff;1;2.32129234944547;
6;11557.5 * CompressionMethod + -8236.98973675055 * x_0 + 2596.26927983301 * BZip2 + -8053.76927983298 * x_2 + -1177.54435811202 * PPMd + 306.031543546324 * filterOff + 87.0195987475289 * mtOff;7.39257935776421;7.39257935776421;7.39257935776421;7.39257935776421;0.185638;7;87.0195987475289 * mtOff;1;1.54851081090392;
7;11557.5 * CompressionMethod + -8241.85961585021 * x_0 + 2606.33483980308 * BZip2 + -8063.83483980307 * x_2 + -1164.015010895 * PPMd + 365.413203131304 * filterOff + 88.5800177548154 * mtOff + -147.862561536612 * filterOff * HeaderCompressionOff;6.78311836061099;6.78311836061099;6.78311836061099;6.78311836061099;0.269277;9;-147.862561536612 * filterOff * HeaderCompressionOff;2;0.304730498576614;
8;11557.5 * CompressionMethod + -8242.16174382277 * x_0 + 2581.79380857711 * BZip2 + -8039.29380857712 * x_2 + -1205.11814825332 * PPMd + 367.898892360124 * filterOff + 111.445612042031 * mtOff + -74.3493325759797 * filterOff * HeaderCompressionOff + -340.333428003386 * filterOff * HeaderCompressionOff * LZMA;5.40016398234665;5.40016398234665;5.40016398234665;5.40016398234665;0.380773;12;-340.333428003386 * filterOff * HeaderCompressionOff * LZMA;3;0.46098479275478;
9;11557.5 * CompressionMethod + -8275.30062702586 * x_0 + 2685.65226632659 * BZip2 + -8143.15226632659 * x_2 + -1200.55157022158 * PPMd + 480.790690259837 * filterOff + -56.3698921302988 * mtOff + -318.099792762645 * filterOff * HeaderCompressionOff + -447.835166586943 * filterOff * HeaderCompressionOff * LZMA + 439.314788245915 * mtOff * HeaderCompressionOff;4.31841710478109;4.31841710478109;4.31841710478109;4.31841710478109;0.528255;14;439.314788245915 * mtOff * HeaderCompressionOff;2;0.540873438782778;
10;11557.5 * CompressionMethod + -8292.05381287183 * x_0 + 2581.03623580313 * BZip2 + -8038.53623580315 * x_2 + -1193.92644672795 * PPMd + 489.517577068686 * filterOff + -19.4824229313191 * mtOff + -375.715521903746 * filterOff * HeaderCompressionOff + -415.851811790138 * filterOff * HeaderCompressionOff * LZMA + 436.085992428329 * mtOff * HeaderCompressionOff + 286.616549486222 * BZip2 * HeaderCompressionOff;4.07893747845583;4.07893747845583;4.07893747845583;4.07893747845583;0.709934;16;286.616549486222 * BZip2 * HeaderCompressionOff;2;0.119739813162632;
Elapsed=00:00:00.7102889
Learning progress:
1;8292.5 * CompressionMethod + -4541.01851851852 * x_0;33.895211940399;33.895211940399;33.895211940399;33.895211940399;0.003214;2;-4541.01851851852 * x_0;1;36.2316807165768;
2;7759.94871794871 * CompressionMethod + -4481.84615384615 * x_0 + 2130.20512820513 * BZip2;24.9164621132234;24.9164621132234;24.9164621132234;24.9164621132234;0.017308;3;2130.20512820513 * BZip2;1;8.97874982717562;
3;7844.89361702127 * CompressionMethod + -4184.5390070922 * x_0 + 1790.42553191489 * BZip2 + -1380.35460992908 * PPMd;19.5423564790085;19.5423564790085;19.5423564790085;19.5423564790085;0.037555;4;-1380.35460992908 * PPMd;1;5.37410563421486;
4;9023.33333333333 * CompressionMethod + -5598.66666666667 * x_0 + 2615.33333333333 * BZip2 + -1144.66666666666 * PPMd + -5538.66666666666 * x_2;17.2087450162252;17.2087450162252;17.2087450162252;17.2087450162252;0.06771;5;-5538.66666666666 * x_2;1;2.33361146278335;
5;19820 * CompressionMethod + -16395.3333333333 * x_0 + 2615.33333333333 * BZip2 + -1144.66666666666 * PPMd + -16335.3333333333 * x_2 + -16195 * x_4;11.0261597691827;11.0261597691827;11.0261597691827;11.0261597691827;0.109447;6;-16195 * x_4;1;6.18258524704248;
6;19272.3076923077 * CompressionMethod + -16322.3076923077 * x_0 + 2542.3076923077 * BZip2 + -1217.69230769229 * PPMd + -15714.6153846154 * x_2 + -16195 * x_4 + 547.692307692307 * Files_0;8.44336348166788;8.44336348166788;8.44336348166788;8.44336348166788;0.166582;7;547.692307692307 * Files_0;1;2.58279628751482;
7;19331.1111111111 * CompressionMethod + -16381.1111111111 * x_0 + 2537.40740740741 * BZip2 + -1222.59259259258 * PPMd + -15768.5185185186 * x_2 + -16195 * x_4 + 488.888888888884 * Files_0 + 127.407407407411 * filterOff;7.22636349284716;7.22636349284716;7.22636349284716;7.22636349284716;0.240937;8;127.407407407411 * filterOff;1;1.21699998882072;
8;19322.1436464088 * CompressionMethod + -16372.1436464088 * x_0 + 2497.80110497238 * BZip2 + -1221.84530386741 * PPMd + -15719.9447513812 * x_2 + -16195 * x_4 + 497.856353591155 * Files_0 + 269.392265193373 * filterOff + -242.121546961335 * filterOff * HeaderCompressionOff;5.69256269688954;5.69256269688954;5.69256269688954;5.69256269688954;0.334457;10;-242.121546961335 * filterOff * HeaderCompressionOff;2;0.76690039797881;
9;19270.6432748538 * CompressionMethod + -16320.6432748538 * x_0 + 2498.81091617933 * BZip2 + -1446.02339181286 * PPMd + -15669.4541910331 * x_2 + -16195 * x_4 + 549.3567251462 * Files_0 + 170.935672514627 * filterOff + -261.812865497088 * filterOff * HeaderCompressionOff + 456.939571150103 * PPMd * filterOff;4.18846029245647;4.18846029245647;4.18846029245647;4.18846029245647;0.456403;12;456.939571150103 * PPMd * filterOff;2;0.752051202216531;
10;19246.8847989093 * CompressionMethod + -16296.8847989093 * x_0 + 2720.55669166099 * BZip2 + -1469.78186775733 * PPMd + -15867.4414905703 * x_2 + -16195 * x_4 + 573.115201090676 * Files_0 + 143.217450579408 * filterOff + -297.450579413788 * filterOff * HeaderCompressionOff + 508.416269029778 * PPMd * filterOff + -451.411042944789 * BZip2 * mtOff;3.71111187901927;3.71111187901927;3.71111187901927;3.71111187901927;0.607026;14;-451.411042944789 * BZip2 * mtOff;2;0.238674206718603;
11;19276.0213776722 * CompressionMethod + -16326.0213776722 * x_0 + 2732.18378859858 * BZip2 + -1477.36638954869 * PPMd + -15908.2051662708 * x_2 + -16195 * x_4 + 543.978622327763 * Files_0 + 169.049881235153 * filterOff + -351.668646080768 * filterOff * HeaderCompressionOff + 518.72921615203 * PPMd * filterOff + -460.872921615201 * BZip2 * mtOff + 55.0816508313608 * HeaderCompressionOff;3.37527948305571;3.37527948305571;3.37527948305571;3.37527948305571;0.793814;15;55.0816508313608 * HeaderCompressionOff;1;0.335832395963555;
12;19315.0622406639 * CompressionMethod + -16365.0622406639 * x_0 + 2866.9398340249 * BZip2 + -1452.51037344398 * PPMd + -16082.0020746888 * x_2 + -16195 * x_4 + 504.937759336085 * Files_0 + 260.145228215762 * filterOff + -403.983402489634 * filterOff * HeaderCompressionOff + 462.510373444002 * PPMd * filterOff + -520.995850622414 * BZip2 * mtOff + 76.358921161825 * HeaderCompressionOff + -219.149377593362 * BZip2 * filterOff;2.72870787369023;2.72870787369023;2.72870787369023;2.72870787369023;1.012298;17;-219.149377593362 * BZip2 * filterOff;2;0.323285804682744;
13;19372.5622406639 * CompressionMethod + -16365.0622406639 * x_0 + 2866.9398340249 * BZip2 + -1452.51037344398 * PPMd + -16139.5020746888 * x_2 + -16252.5 * x_4 + 562.43775933611 * Files_0 + 260.145228215762 * filterOff + -403.983402489634 * filterOff * HeaderCompressionOff + 462.510373443996 * PPMd * filterOff + -520.995850622431 * BZip2 * mtOff + 76.3589211618158 * HeaderCompressionOff + -219.149377593363 * BZip2 * filterOff + -114.999999999989 * BlockSize_1;2.59454534113722;2.59454534113722;2.59454534113722;2.59454534113722;1.27203;18;-114.999999999989 * BlockSize_1;1;0.134162532553005;
Elapsed=00:00:01.2724286
Learning progress:
1;5325.2 * CompressionMethod + -3040.2 * PPMd;29.3022049871155;29.3022049871155;29.3022049871155;29.3022049871155;0.003519;2;-3040.2 * PPMd;1;74.7850266030949;
2;5865.26315789473 * CompressionMethod + -3580.26315789474 * PPMd + -2250.26315789474 * LZMA2;21.234610452715;21.234610452715;21.234610452715;21.234610452715;0.014985;3;-2250.26315789474 * LZMA2;1;8.06759453440047;
3;4530 * CompressionMethod + -3737.35294117647 * PPMd + -2407.35294117647 * LZMA2 + 1492.35294117646 * BlockSize_1;16.8494489543701;16.8494489543701;16.8494489543701;16.8494489543701;0.034644;4;1492.35294117646 * BlockSize_1;1;4.38516149834492;
4;4530 * CompressionMethod + -3989.01960784314 * PPMd + -2407.35294117647 * LZMA2 + 1492.35294117647 * BlockSize_1 + 503.333333333336 * PPMd * filterOff;14.7413701459237;14.7413701459237;14.7413701459237;14.7413701459237;0.068375;6;503.333333333336 * PPMd * filterOff;2;1.0540394042232;
5;4529.99999999999 * CompressionMethod + -3989.01960784314 * PPMd + -2645.68627450981 * LZMA2 + 1492.35294117647 * BlockSize_1 + 503.333333333333 * PPMd * filterOff + 476.666666666662 * LZMA2 * mtOff;13.1322999070459;13.1322999070459;13.1322999070459;13.1322999070459;0.117252;8;476.666666666662 * LZMA2 * mtOff;2;0.804535119438905;
6;4530 * CompressionMethod + -3989.01960784314 * PPMd + -2645.68627450981 * LZMA2 + 1492.35294117647 * BlockSize_1 + 426.666666666674 * PPMd * filterOff + 476.666666666658 * LZMA2 * mtOff + 230.000000000004 * PPMd * filterOff * mtOff;12.4276430443007;12.4276430443007;12.4276430443007;12.4276430443007;0.183658;11;230.000000000004 * PPMd * filterOff * mtOff;3;0.234885620915068;
7;2960 * CompressionMethod + -3989.01960784314 * PPMd + -2645.68627450981 * LZMA2 + 3062.35294117647 * BlockSize_1 + 426.666666666662 * PPMd * filterOff + 476.666666666666 * LZMA2 * mtOff + 229.999999999997 * PPMd * filterOff * mtOff + 3140 * x_2;12.3271068512712;12.3271068512712;12.3271068512712;12.3271068512712;0.274228;12;3140 * x_2;1;0.100536193029434;
Elapsed=00:00:00.2745264
Learning progress:
1;10466 * CompressionMethod + -6749.33333333333 * x_0;25.6434749926452;25.6434749926452;25.6434749926452;25.6434749926452;0.004055;2;-6749.33333333333 * x_0;1;28.7222688895711;
2;10466 * CompressionMethod + -6340.28571428572 * x_0 + -1840.71428571428 * PPMd;17.6951633935293;17.6951633935293;17.6951633935293;17.6951633935293;0.017842;3;-1840.71428571428 * PPMd;1;7.94831159911593;
3;10189.9438202247 * CompressionMethod + -6458.59550561798 * x_0 + -1446.34831460674 * PPMd + 1380.28089887641 * BZip2;9.69920804418522;9.69920804418522;9.69920804418522;9.69920804418522;0.039606;4;1380.28089887641 * BZip2;1;7.99595534934403;
4;7662.90780141844 * CompressionMethod + -4068.1560283688 * x_0 + -1309.75177304964 * PPMd + 1858.36879432624 * BZip2 + 12157.0921985816 * x_10;8.21037349286229;8.21037349286229;8.21037349286229;8.21037349286229;0.07521;5;12157.0921985816 * x_10;1;1.48883455132293;
5;7667.47181964573 * CompressionMethod + -4159.43639291465 * x_0 + -1330.28985507247 * PPMd + 1840.11272141707 * BZip2 + 12152.5281803543 * x_10 + 214.508856682765 * mtOff;6.57926481277824;6.57926481277824;6.57926481277824;6.57926481277824;0.125965;6;214.508856682765 * mtOff;1;1.63110868008405;
6;7667.47181964573 * CompressionMethod + -4159.43639291465 * x_0 + -1330.28985507246 * PPMd + 1840.11272141707 * BZip2 + 12152.5281803543 * x_10 + 202.008856682771 * mtOff + 37.4999999999978 * mtOff * HeaderCompressionOff;6.45036034710215;6.45036034710215;6.45036034710215;6.45036034710215;0.193043;8;37.4999999999978 * mtOff * HeaderCompressionOff;2;0.0644522328380455;
Elapsed=00:00:00.1933204
Learning progress:
1;3694.4 * CompressionMethod + 2490.6 * BZip2;19.7985346220913;19.7985346220913;19.7985346220913;19.7985346220913;0.003312;2;2490.6 * BZip2;1;26.5429972994566;
2;3694.4 * CompressionMethod + 2580.6 * BZip2 + -270.000000000004 * BZip2 * mtOff;19.5746123942492;19.5746123942492;19.5746123942492;19.5746123942492;0.012573;4;-270.000000000004 * BZip2 * mtOff;2;0.111961113921042;
Elapsed=00:00:00.0127624
Learning progress:
1;10466 * CompressionMethod + -6729.84615384615 * x_0;40.8444836652728;40.8444836652728;40.8444836652728;40.8444836652728;0.003784;2;-6729.84615384615 * x_0;1;55.6068964378054;
2;10163.2909379968 * CompressionMethod + -6718.20349761526 * x_0 + 1513.5453100159 * BZip2;27.5872970724681;27.5872970724681;27.5872970724681;27.5872970724681;0.016869;3;1513.5453100159 * BZip2;1;13.2571865928048;
3;11557.5 * CompressionMethod + -8377.9761904762 * x_0 + 2894.4761904762 * BZip2 + -8351.97619047621 * x_2;17.2063922449003;17.2063922449003;17.2063922449003;17.2063922449003;0.039106;4;-8351.97619047621 * x_2;1;10.3809048275678;
4;11557.5 * CompressionMethod + -8068.16666666667 * x_0 + 2584.66666666668 * BZip2 + -8042.16666666669 * x_2 + -1084.33333333333 * PPMd;11.2623825181136;11.2623825181136;11.2623825181136;11.2623825181136;0.072023;5;-1084.33333333333 * PPMd;1;5.94400972678664;
5;11557.5 * CompressionMethod + -8192.47101449275 * x_0 + 2584.66666666667 * BZip2 + -8042.16666666666 * x_2 + -1167.20289855072 * PPMd + 310.76086956521 * filterOff;8.94109016866813;8.94109016866813;8.94109016866813;8.94109016866813;0.121722;6;310.76086956521 * filterOff;1;2.32129234944547;
6;11557.5 * CompressionMethod + -8236.98973675055 * x_0 + 2596.26927983301 * BZip2 + -8053.76927983298 * x_2 + -1177.54435811202 * PPMd + 306.031543546324 * filterOff + 87.0195987475289 * mtOff;7.39257935776421;7.39257935776421;7.39257935776421;7.39257935776421;0.188051;7;87.0195987475289 * mtOff;1;1.54851081090392;
7;11557.5 * CompressionMethod + -8241.85961585021 * x_0 + 2606.33483980308 * BZip2 + -8063.83483980307 * x_2 + -1164.015010895 * PPMd + 365.413203131304 * filterOff + 88.5800177548154 * mtOff + -147.862561536612 * filterOff * HeaderCompressionOff;6.78311836061099;6.78311836061099;6.78311836061099;6.78311836061099;0.271782;9;-147.862561536612 * filterOff * HeaderCompressionOff;2;0.304730498576614;
Elapsed=00:00:00.2720799
Learning progress:
1;8292.5 * CompressionMethod + -4541.01851851852 * x_0;33.895211940399;33.895211940399;33.895211940399;33.895211940399;0.003092;2;-4541.01851851852 * x_0;1;36.2316807165768;
2;7759.94871794871 * CompressionMethod + -4481.84615384615 * x_0 + 2130.20512820513 * BZip2;24.9164621132234;24.9164621132234;24.9164621132234;24.9164621132234;0.015076;3;2130.20512820513 * BZip2;1;8.97874982717562;
3;7844.89361702127 * CompressionMethod + -4184.5390070922 * x_0 + 1790.42553191489 * BZip2 + -1380.35460992908 * PPMd;19.5423564790085;19.5423564790085;19.5423564790085;19.5423564790085;0.035044;4;-1380.35460992908 * PPMd;1;5.37410563421486;
4;9023.33333333333 * CompressionMethod + -5598.66666666667 * x_0 + 2615.33333333333 * BZip2 + -1144.66666666666 * PPMd + -5538.66666666666 * x_2;17.2087450162252;17.2087450162252;17.2087450162252;17.2087450162252;0.064785;5;-5538.66666666666 * x_2;1;2.33361146278335;
5;19820 * CompressionMethod + -16395.3333333333 * x_0 + 2615.33333333333 * BZip2 + -1144.66666666666 * PPMd + -16335.3333333333 * x_2 + -16195 * x_4;11.0261597691827;11.0261597691827;11.0261597691827;11.0261597691827;0.106598;6;-16195 * x_4;1;6.18258524704248;
6;19272.3076923077 * CompressionMethod + -16322.3076923077 * x_0 + 2542.3076923077 * BZip2 + -1217.69230769229 * PPMd + -15714.6153846154 * x_2 + -16195 * x_4 + 547.692307692307 * Files_0;8.44336348166788;8.44336348166788;8.44336348166788;8.44336348166788;0.162523;7;547.692307692307 * Files_0;1;2.58279628751482;
7;19331.1111111111 * CompressionMethod + -16381.1111111111 * x_0 + 2537.40740740741 * BZip2 + -1222.59259259258 * PPMd + -15768.5185185186 * x_2 + -16195 * x_4 + 488.888888888884 * Files_0 + 127.407407407411 * filterOff;7.22636349284716;7.22636349284716;7.22636349284716;7.22636349284716;0.237041;8;127.407407407411 * filterOff;1;1.21699998882072;
8;19322.1436464088 * CompressionMethod + -16372.1436464088 * x_0 + 2497.80110497238 * BZip2 + -1221.84530386741 * PPMd + -15719.9447513812 * x_2 + -16195 * x_4 + 497.856353591155 * Files_0 + 269.392265193373 * filterOff + -242.121546961335 * filterOff * HeaderCompressionOff;5.69256269688954;5.69256269688954;5.69256269688954;5.69256269688954;0.330865;10;-242.121546961335 * filterOff * HeaderCompressionOff;2;0.76690039797881;
9;19270.6432748538 * CompressionMethod + -16320.6432748538 * x_0 + 2498.81091617933 * BZip2 + -1446.02339181286 * PPMd + -15669.4541910331 * x_2 + -16195 * x_4 + 549.3567251462 * Files_0 + 170.935672514627 * filterOff + -261.812865497088 * filterOff * HeaderCompressionOff + 456.939571150103 * PPMd * filterOff;4.18846029245647;4.18846029245647;4.18846029245647;4.18846029245647;0.454311;12;456.939571150103 * PPMd * filterOff;2;0.752051202216531;
10;19246.8847989093 * CompressionMethod + -16296.8847989093 * x_0 + 2720.55669166099 * BZip2 + -1469.78186775733 * PPMd + -15867.4414905703 * x_2 + -16195 * x_4 + 573.115201090676 * Files_0 + 143.217450579408 * filterOff + -297.450579413788 * filterOff * HeaderCompressionOff + 508.416269029778 * PPMd * filterOff + -451.411042944789 * BZip2 * mtOff;3.71111187901927;3.71111187901927;3.71111187901927;3.71111187901927;0.605233;14;-451.411042944789 * BZip2 * mtOff;2;0.238674206718603;
Elapsed=00:00:00.6055712
Learning progress:
1;5325.2 * CompressionMethod + -3040.2 * PPMd;29.3022049871155;29.3022049871155;29.3022049871155;29.3022049871155;0.003366;2;-3040.2 * PPMd;1;74.7850266030949;
2;5865.26315789473 * CompressionMethod + -3580.26315789474 * PPMd + -2250.26315789474 * LZMA2;21.234610452715;21.234610452715;21.234610452715;21.234610452715;0.015112;3;-2250.26315789474 * LZMA2;1;8.06759453440047;
3;4530 * CompressionMethod + -3737.35294117647 * PPMd + -2407.35294117647 * LZMA2 + 1492.35294117646 * BlockSize_1;16.8494489543701;16.8494489543701;16.8494489543701;16.8494489543701;0.034277;4;1492.35294117646 * BlockSize_1;1;4.38516149834492;
4;4530 * CompressionMethod + -3989.01960784314 * PPMd + -2407.35294117647 * LZMA2 + 1492.35294117647 * BlockSize_1 + 503.333333333336 * PPMd * filterOff;14.7413701459237;14.7413701459237;14.7413701459237;14.7413701459237;0.06788;6;503.333333333336 * PPMd * filterOff;2;1.0540394042232;
5;4529.99999999999 * CompressionMethod + -3989.01960784314 * PPMd + -2645.68627450981 * LZMA2 + 1492.35294117647 * BlockSize_1 + 503.333333333333 * PPMd * filterOff + 476.666666666662 * LZMA2 * mtOff;13.1322999070459;13.1322999070459;13.1322999070459;13.1322999070459;0.116219;8;476.666666666662 * LZMA2 * mtOff;2;0.804535119438905;
6;4530 * CompressionMethod + -3989.01960784314 * PPMd + -2645.68627450981 * LZMA2 + 1492.35294117647 * BlockSize_1 + 426.666666666674 * PPMd * filterOff + 476.666666666658 * LZMA2 * mtOff + 230.000000000004 * PPMd * filterOff * mtOff;12.4276430443007;12.4276430443007;12.4276430443007;12.4276430443007;0.183846;11;230.000000000004 * PPMd * filterOff * mtOff;3;0.234885620915068;
Elapsed=00:00:00.1841359
Learning progress:
1;10466 * CompressionMethod + -6749.33333333333 * x_0;25.6434749926452;25.6434749926452;25.6434749926452;25.6434749926452;0.003533;2;-6749.33333333333 * x_0;1;28.7222688895711;
2;10466 * CompressionMethod + -6340.28571428572 * x_0 + -1840.71428571428 * PPMd;17.6951633935293;17.6951633935293;17.6951633935293;17.6951633935293;0.017234;3;-1840.71428571428 * PPMd;1;7.94831159911593;
3;10189.9438202247 * CompressionMethod + -6458.59550561798 * x_0 + -1446.34831460674 * PPMd + 1380.28089887641 * BZip2;9.69920804418522;9.69920804418522;9.69920804418522;9.69920804418522;0.040584;4;1380.28089887641 * BZip2;1;7.99595534934403;
4;7662.90780141844 * CompressionMethod + -4068.1560283688 * x_0 + -1309.75177304964 * PPMd + 1858.36879432624 * BZip2 + 12157.0921985816 * x_10;8.21037349286229;8.21037349286229;8.21037349286229;8.21037349286229;0.076733;5;12157.0921985816 * x_10;1;1.48883455132293;
5;7667.47181964573 * CompressionMethod + -4159.43639291465 * x_0 + -1330.28985507247 * PPMd + 1840.11272141707 * BZip2 + 12152.5281803543 * x_10 + 214.508856682765 * mtOff;6.57926481277824;6.57926481277824;6.57926481277824;6.57926481277824;0.12795;6;214.508856682765 * mtOff;1;1.63110868008405;
6;7667.47181964573 * CompressionMethod + -4159.43639291465 * x_0 + -1330.28985507246 * PPMd + 1840.11272141707 * BZip2 + 12152.5281803543 * x_10 + 202.008856682771 * mtOff + 37.4999999999978 * mtOff * HeaderCompressionOff;6.45036034710215;6.45036034710215;6.45036034710215;6.45036034710215;0.196915;8;37.4999999999978 * mtOff * HeaderCompressionOff;2;0.0644522328380455;
Elapsed=00:00:00.1972222
Learning progress:
1;3694.4 * CompressionMethod + 2490.6 * BZip2;19.7985346220913;19.7985346220913;19.7985346220913;19.7985346220913;0.00277;2;2490.6 * BZip2;1;26.5429972994566;
2;3694.4 * CompressionMethod + 2580.6 * BZip2 + -270.000000000004 * BZip2 * mtOff;19.5746123942492;19.5746123942492;19.5746123942492;19.5746123942492;0.011031;4;-270.000000000004 * BZip2 * mtOff;2;0.111961113921042;
3;3692.91666666667 * CompressionMethod + 2582.08333333334 * BZip2 + -270 * BZip2 * mtOff + 37.0833333333333 * BlockSize_4096;19.5673478802346;19.5673478802346;19.5673478802346;19.5673478802346;0.028064;5;37.0833333333333 * BlockSize_4096;1;0.00726451401459016;
Elapsed=00:00:00.0282760
Learning progress:
1;10466 * CompressionMethod + -6729.84615384615 * x_0;40.8444836652728;40.8444836652728;40.8444836652728;40.8444836652728;0.003621;2;-6729.84615384615 * x_0;1;55.6068964378054;
2;10163.2909379968 * CompressionMethod + -6718.20349761526 * x_0 + 1513.5453100159 * BZip2;27.5872970724681;27.5872970724681;27.5872970724681;27.5872970724681;0.018009;3;1513.5453100159 * BZip2;1;13.2571865928048;
3;11557.5 * CompressionMethod + -8377.9761904762 * x_0 + 2894.4761904762 * BZip2 + -8351.97619047621 * x_2;17.2063922449003;17.2063922449003;17.2063922449003;17.2063922449003;0.040105;4;-8351.97619047621 * x_2;1;10.3809048275678;
4;11557.5 * CompressionMethod + -8068.16666666667 * x_0 + 2584.66666666668 * BZip2 + -8042.16666666669 * x_2 + -1084.33333333333 * PPMd;11.2623825181136;11.2623825181136;11.2623825181136;11.2623825181136;0.074719;5;-1084.33333333333 * PPMd;1;5.94400972678664;
5;11557.5 * CompressionMethod + -8192.47101449275 * x_0 + 2584.66666666667 * BZip2 + -8042.16666666666 * x_2 + -1167.20289855072 * PPMd + 310.76086956521 * filterOff;8.94109016866813;8.94109016866813;8.94109016866813;8.94109016866813;0.121794;6;310.76086956521 * filterOff;1;2.32129234944547;
6;11557.5 * CompressionMethod + -8236.98973675055 * x_0 + 2596.26927983301 * BZip2 + -8053.76927983298 * x_2 + -1177.54435811202 * PPMd + 306.031543546324 * filterOff + 87.0195987475289 * mtOff;7.39257935776421;7.39257935776421;7.39257935776421;7.39257935776421;0.185319;7;87.0195987475289 * mtOff;1;1.54851081090392;
7;11557.5 * CompressionMethod + -8241.85961585021 * x_0 + 2606.33483980308 * BZip2 + -8063.83483980307 * x_2 + -1164.015010895 * PPMd + 365.413203131304 * filterOff + 88.5800177548154 * mtOff + -147.862561536612 * filterOff * HeaderCompressionOff;6.78311836061099;6.78311836061099;6.78311836061099;6.78311836061099;0.269877;9;-147.862561536612 * filterOff * HeaderCompressionOff;2;0.304730498576614;
8;11557.5 * CompressionMethod + -8242.16174382277 * x_0 + 2581.79380857711 * BZip2 + -8039.29380857712 * x_2 + -1205.11814825332 * PPMd + 367.898892360124 * filterOff + 111.445612042031 * mtOff + -74.3493325759797 * filterOff * HeaderCompressionOff + -340.333428003386 * filterOff * HeaderCompressionOff * LZMA;5.40016398234665;5.40016398234665;5.40016398234665;5.40016398234665;0.383036;12;-340.333428003386 * filterOff * HeaderCompressionOff * LZMA;3;0.46098479275478;
9;11557.5 * CompressionMethod + -8275.30062702586 * x_0 + 2685.65226632659 * BZip2 + -8143.15226632659 * x_2 + -1200.55157022158 * PPMd + 480.790690259837 * filterOff + -56.3698921302988 * mtOff + -318.099792762645 * filterOff * HeaderCompressionOff + -447.835166586943 * filterOff * HeaderCompressionOff * LZMA + 439.314788245915 * mtOff * HeaderCompressionOff;4.31841710478109;4.31841710478109;4.31841710478109;4.31841710478109;0.534746;14;439.314788245915 * mtOff * HeaderCompressionOff;2;0.540873438782778;
10;11557.5 * CompressionMethod + -8292.05381287183 * x_0 + 2581.03623580313 * BZip2 + -8038.53623580315 * x_2 + -1193.92644672795 * PPMd + 489.517577068686 * filterOff + -19.4824229313191 * mtOff + -375.715521903746 * filterOff * HeaderCompressionOff + -415.851811790138 * filterOff * HeaderCompressionOff * LZMA + 436.085992428329 * mtOff * HeaderCompressionOff + 286.616549486222 * BZip2 * HeaderCompressionOff;4.07893747845583;4.07893747845583;4.07893747845583;4.07893747845583;0.723237;16;286.616549486222 * BZip2 * HeaderCompressionOff;2;0.119739813162632;
11;11557.5 * CompressionMethod + -8294.94840052124 * x_0 + 2589.45100676784 * BZip2 + -8046.95100676782 * x_2 + -1184.67253772751 * PPMd + 473.18508554373 * filterOff + -19.5964521417568 * mtOff + -362.42380932365 * filterOff * HeaderCompressionOff + -464.387321871439 * filterOff * HeaderCompressionOff * LZMA + 436.609357265956 * mtOff * HeaderCompressionOff + 282.616755643364 * BZip2 * HeaderCompressionOff + 54.0615410483913 * filterOff * LZMA;4.03670178062593;4.03670178062593;4.03670178062593;4.03670178062593;1.000746;18;54.0615410483913 * filterOff * LZMA;2;0.0211178489149462;
Elapsed=00:00:01.0013816
Learning progress:
1;8292.5 * CompressionMethod + -4541.01851851852 * x_0;33.895211940399;33.895211940399;33.895211940399;33.895211940399;0.007207;2;-4541.01851851852 * x_0;1;36.2316807165768;
2;7759.94871794871 * CompressionMethod + -4481.84615384615 * x_0 + 2130.20512820513 * BZip2;24.9164621132234;24.9164621132234;24.9164621132234;24.9164621132234;0.033069;3;2130.20512820513 * BZip2;1;8.97874982717562;
3;7844.89361702127 * CompressionMethod + -4184.5390070922 * x_0 + 1790.42553191489 * BZip2 + -1380.35460992908 * PPMd;19.5423564790085;19.5423564790085;19.5423564790085;19.5423564790085;0.072794;4;-1380.35460992908 * PPMd;1;5.37410563421486;
4;9023.33333333333 * CompressionMethod + -5598.66666666667 * x_0 + 2615.33333333333 * BZip2 + -1144.66666666666 * PPMd + -5538.66666666666 * x_2;17.2087450162252;17.2087450162252;17.2087450162252;17.2087450162252;0.132467;5;-5538.66666666666 * x_2;1;2.33361146278335;
5;19820 * CompressionMethod + -16395.3333333333 * x_0 + 2615.33333333333 * BZip2 + -1144.66666666666 * PPMd + -16335.3333333333 * x_2 + -16195 * x_4;11.0261597691827;11.0261597691827;11.0261597691827;11.0261597691827;0.201945;6;-16195 * x_4;1;6.18258524704248;
6;19272.3076923077 * CompressionMethod + -16322.3076923077 * x_0 + 2542.3076923077 * BZip2 + -1217.69230769229 * PPMd + -15714.6153846154 * x_2 + -16195 * x_4 + 547.692307692307 * Files_0;8.44336348166788;8.44336348166788;8.44336348166788;8.44336348166788;0.256539;7;547.692307692307 * Files_0;1;2.58279628751482;
7;19331.1111111111 * CompressionMethod + -16381.1111111111 * x_0 + 2537.40740740741 * BZip2 + -1222.59259259258 * PPMd + -15768.5185185186 * x_2 + -16195 * x_4 + 488.888888888884 * Files_0 + 127.407407407411 * filterOff;7.22636349284716;7.22636349284716;7.22636349284716;7.22636349284716;0.329627;8;127.407407407411 * filterOff;1;1.21699998882072;
8;19322.1436464088 * CompressionMethod + -16372.1436464088 * x_0 + 2497.80110497238 * BZip2 + -1221.84530386741 * PPMd + -15719.9447513812 * x_2 + -16195 * x_4 + 497.856353591155 * Files_0 + 269.392265193373 * filterOff + -242.121546961335 * filterOff * HeaderCompressionOff;5.69256269688954;5.69256269688954;5.69256269688954;5.69256269688954;0.423536;10;-242.121546961335 * filterOff * HeaderCompressionOff;2;0.76690039797881;
9;19270.6432748538 * CompressionMethod + -16320.6432748538 * x_0 + 2498.81091617933 * BZip2 + -1446.02339181286 * PPMd + -15669.4541910331 * x_2 + -16195 * x_4 + 549.3567251462 * Files_0 + 170.935672514627 * filterOff + -261.812865497088 * filterOff * HeaderCompressionOff + 456.939571150103 * PPMd * filterOff;4.18846029245647;4.18846029245647;4.18846029245647;4.18846029245647;0.543257;12;456.939571150103 * PPMd * filterOff;2;0.752051202216531;
10;19246.8847989093 * CompressionMethod + -16296.8847989093 * x_0 + 2720.55669166099 * BZip2 + -1469.78186775733 * PPMd + -15867.4414905703 * x_2 + -16195 * x_4 + 573.115201090676 * Files_0 + 143.217450579408 * filterOff + -297.450579413788 * filterOff * HeaderCompressionOff + 508.416269029778 * PPMd * filterOff + -451.411042944789 * BZip2 * mtOff;3.71111187901927;3.71111187901927;3.71111187901927;3.71111187901927;0.692887;14;-451.411042944789 * BZip2 * mtOff;2;0.238674206718603;
11;19276.0213776722 * CompressionMethod + -16326.0213776722 * x_0 + 2732.18378859858 * BZip2 + -1477.36638954869 * PPMd + -15908.2051662708 * x_2 + -16195 * x_4 + 543.978622327763 * Files_0 + 169.049881235153 * filterOff + -351.668646080768 * filterOff * HeaderCompressionOff + 518.72921615203 * PPMd * filterOff + -460.872921615201 * BZip2 * mtOff + 55.0816508313608 * HeaderCompressionOff;3.37527948305571;3.37527948305571;3.37527948305571;3.37527948305571;0.876341;15;55.0816508313608 * HeaderCompressionOff;1;0.335832395963555;
12;19315.0622406639 * CompressionMethod + -16365.0622406639 * x_0 + 2866.9398340249 * BZip2 + -1452.51037344398 * PPMd + -16082.0020746888 * x_2 + -16195 * x_4 + 504.937759336085 * Files_0 + 260.145228215762 * filterOff + -403.983402489634 * filterOff * HeaderCompressionOff + 462.510373444002 * PPMd * filterOff + -520.995850622414 * BZip2 * mtOff + 76.358921161825 * HeaderCompressionOff + -219.149377593362 * BZip2 * filterOff;2.72870787369023;2.72870787369023;2.72870787369023;2.72870787369023;1.093429;17;-219.149377593362 * BZip2 * filterOff;2;0.323285804682744;
13;19372.5622406639 * CompressionMethod + -16365.0622406639 * x_0 + 2866.9398340249 * BZip2 + -1452.51037344398 * PPMd + -16139.5020746888 * x_2 + -16252.5 * x_4 + 562.43775933611 * Files_0 + 260.145228215762 * filterOff + -403.983402489634 * filterOff * HeaderCompressionOff + 462.510373443996 * PPMd * filterOff + -520.995850622431 * BZip2 * mtOff + 76.3589211618158 * HeaderCompressionOff + -219.149377593363 * BZip2 * filterOff + -114.999999999989 * BlockSize_1;2.59454534113722;2.59454534113722;2.59454534113722;2.59454534113722;1.350778;18;-114.999999999989 * BlockSize_1;1;0.134162532553005;
14;19360.6707317074 * CompressionMethod + -16353.1707317073 * x_0 + 2830.6707317073 * BZip2 + -1450.52845528455 * PPMd + -16091.3414634147 * x_2 + -16252.5 * x_4 + 574.329268292668 * Files_0 + 264.241192411912 * filterOff + -407.154471544731 * filterOff * HeaderCompressionOff + 460.528455284565 * PPMd * filterOff + -521.788617886167 * BZip2 * mtOff + 55.5487804878099 * HeaderCompressionOff + -222.452574525723 * BZip2 * filterOff + -115 * BlockSize_1 + 95.5284552845665 * BZip2 * HeaderCompressionOff;2.4778312828997;2.4778312828997;2.4778312828997;2.4778312828997;1.646416;20;95.5284552845665 * BZip2 * HeaderCompressionOff;2;0.0583570291187625;
Elapsed=00:00:01.6468320
Learning progress:
1;5325.2 * CompressionMethod + -3040.2 * PPMd;29.3022049871155;29.3022049871155;29.3022049871155;29.3022049871155;0.004253;2;-3040.2 * PPMd;1;74.7850266030949;
2;5865.26315789473 * CompressionMethod + -3580.26315789474 * PPMd + -2250.26315789474 * LZMA2;21.234610452715;21.234610452715;21.234610452715;21.234610452715;0.015742;3;-2250.26315789474 * LZMA2;1;8.06759453440047;
3;4530 * CompressionMethod + -3737.35294117647 * PPMd + -2407.35294117647 * LZMA2 + 1492.35294117646 * BlockSize_1;16.8494489543701;16.8494489543701;16.8494489543701;16.8494489543701;0.035532;4;1492.35294117646 * BlockSize_1;1;4.38516149834492;
4;4530 * CompressionMethod + -3989.01960784314 * PPMd + -2407.35294117647 * LZMA2 + 1492.35294117647 * BlockSize_1 + 503.333333333336 * PPMd * filterOff;14.7413701459237;14.7413701459237;14.7413701459237;14.7413701459237;0.068427;6;503.333333333336 * PPMd * filterOff;2;1.0540394042232;
5;4529.99999999999 * CompressionMethod + -3989.01960784314 * PPMd + -2645.68627450981 * LZMA2 + 1492.35294117647 * BlockSize_1 + 503.333333333333 * PPMd * filterOff + 476.666666666662 * LZMA2 * mtOff;13.1322999070459;13.1322999070459;13.1322999070459;13.1322999070459;0.115685;8;476.666666666662 * LZMA2 * mtOff;2;0.804535119438905;
6;4530 * CompressionMethod + -3989.01960784314 * PPMd + -2645.68627450981 * LZMA2 + 1492.35294117647 * BlockSize_1 + 426.666666666674 * PPMd * filterOff + 476.666666666658 * LZMA2 * mtOff + 230.000000000004 * PPMd * filterOff * mtOff;12.4276430443007;12.4276430443007;12.4276430443007;12.4276430443007;0.181761;11;230.000000000004 * PPMd * filterOff * mtOff;3;0.234885620915068;
7;2960 * CompressionMethod + -3989.01960784314 * PPMd + -2645.68627450981 * LZMA2 + 3062.35294117647 * BlockSize_1 + 426.666666666662 * PPMd * filterOff + 476.666666666666 * LZMA2 * mtOff + 229.999999999997 * PPMd * filterOff * mtOff + 3140 * x_2;12.3271068512712;12.3271068512712;12.3271068512712;12.3271068512712;0.271556;12;3140 * x_2;1;0.100536193029434;
8;3770.58823529413 * CompressionMethod + -3989.01960784314 * PPMd + -2645.68627450981 * LZMA2 + 2251.76470588235 * BlockSize_1 + 426.666666666664 * PPMd * filterOff + 476.666666666664 * LZMA2 * mtOff + 229.999999999995 * PPMd * filterOff * mtOff + 2329.41176470589 * x_2 + -810.588235294115 * Files_50;9.88269745212289;9.88269745212289;9.88269745212289;9.88269745212289;0.386774;13;-810.588235294115 * Files_50;1;2.44440939914835;
9;3770.58823529412 * CompressionMethod + -3989.01960784313 * PPMd + -1322.8431372549 * LZMA2 + 2251.76470588235 * BlockSize_1 + 426.666666666671 * PPMd * filterOff + 476.666666666669 * LZMA2 * mtOff + 229.999999999998 * PPMd * filterOff * mtOff + 2329.41176470589 * x_2 + -810.588235294118 * Files_50 + -1322.8431372549 * BlockSize_1 * LZMA2;9.8826974521227;9.8826974521227;9.8826974521227;9.8826974521227;0.52176;15;-1322.8431372549 * BlockSize_1 * LZMA2;2;9.2370555648813E-14;
Elapsed=00:00:00.5220962
Learning progress:
1;10466 * CompressionMethod + -6749.33333333333 * x_0;25.6434749926452;25.6434749926452;25.6434749926452;25.6434749926452;0.003511;2;-6749.33333333333 * x_0;1;28.7222688895711;
2;10466 * CompressionMethod + -6340.28571428572 * x_0 + -1840.71428571428 * PPMd;17.6951633935293;17.6951633935293;17.6951633935293;17.6951633935293;0.017821;3;-1840.71428571428 * PPMd;1;7.94831159911593;
3;10189.9438202247 * CompressionMethod + -6458.59550561798 * x_0 + -1446.34831460674 * PPMd + 1380.28089887641 * BZip2;9.69920804418522;9.69920804418522;9.69920804418522;9.69920804418522;0.039834;4;1380.28089887641 * BZip2;1;7.99595534934403;
4;7662.90780141844 * CompressionMethod + -4068.1560283688 * x_0 + -1309.75177304964 * PPMd + 1858.36879432624 * BZip2 + 12157.0921985816 * x_10;8.21037349286229;8.21037349286229;8.21037349286229;8.21037349286229;0.075595;5;12157.0921985816 * x_10;1;1.48883455132293;
5;7667.47181964573 * CompressionMethod + -4159.43639291465 * x_0 + -1330.28985507247 * PPMd + 1840.11272141707 * BZip2 + 12152.5281803543 * x_10 + 214.508856682765 * mtOff;6.57926481277824;6.57926481277824;6.57926481277824;6.57926481277824;0.123564;6;214.508856682765 * mtOff;1;1.63110868008405;
6;7667.47181964573 * CompressionMethod + -4159.43639291465 * x_0 + -1330.28985507246 * PPMd + 1840.11272141707 * BZip2 + 12152.5281803543 * x_10 + 202.008856682771 * mtOff + 37.4999999999978 * mtOff * HeaderCompressionOff;6.45036034710215;6.45036034710215;6.45036034710215;6.45036034710215;0.19167;8;37.4999999999978 * mtOff * HeaderCompressionOff;2;0.0644522328380455;
Elapsed=00:00:00.1919489
Learning progress:
1;3694.4 * CompressionMethod + 2490.6 * BZip2;19.7985346220913;19.7985346220913;19.7985346220913;19.7985346220913;0.003198;2;2490.6 * BZip2;1;26.5429972994566;
2;3694.4 * CompressionMethod + 2580.6 * BZip2 + -270.000000000004 * BZip2 * mtOff;19.5746123942492;19.5746123942492;19.5746123942492;19.5746123942492;0.012165;4;-270.000000000004 * BZip2 * mtOff;2;0.111961113921042;
Elapsed=00:00:00.0123530
Learning progress:
1;10466 * CompressionMethod + -6729.84615384615 * x_0;40.8444836652728;40.8444836652728;40.8444836652728;40.8444836652728;0.003914;2;-6729.84615384615 * x_0;1;55.6068964378054;
2;10163.2909379968 * CompressionMethod + -6718.20349761526 * x_0 + 1513.5453100159 * BZip2;27.5872970724681;27.5872970724681;27.5872970724681;27.5872970724681;0.017808;3;1513.5453100159 * BZip2;1;13.2571865928048;
3;11557.5 * CompressionMethod + -8377.9761904762 * x_0 + 2894.4761904762 * BZip2 + -8351.97619047621 * x_2;17.2063922449003;17.2063922449003;17.2063922449003;17.2063922449003;0.039008;4;-8351.97619047621 * x_2;1;10.3809048275678;
4;11557.5 * CompressionMethod + -8068.16666666667 * x_0 + 2584.66666666668 * BZip2 + -8042.16666666669 * x_2 + -1084.33333333333 * PPMd;11.2623825181136;11.2623825181136;11.2623825181136;11.2623825181136;0.072496;5;-1084.33333333333 * PPMd;1;5.94400972678664;
5;11557.5 * CompressionMethod + -8192.47101449275 * x_0 + 2584.66666666667 * BZip2 + -8042.16666666666 * x_2 + -1167.20289855072 * PPMd + 310.76086956521 * filterOff;8.94109016866813;8.94109016866813;8.94109016866813;8.94109016866813;0.118624;6;310.76086956521 * filterOff;1;2.32129234944547;
6;11557.5 * CompressionMethod + -8236.98973675055 * x_0 + 2596.26927983301 * BZip2 + -8053.76927983298 * x_2 + -1177.54435811202 * PPMd + 306.031543546324 * filterOff + 87.0195987475289 * mtOff;7.39257935776421;7.39257935776421;7.39257935776421;7.39257935776421;0.185347;7;87.0195987475289 * mtOff;1;1.54851081090392;
7;11557.5 * CompressionMethod + -8241.85961585021 * x_0 + 2606.33483980308 * BZip2 + -8063.83483980307 * x_2 + -1164.015010895 * PPMd + 365.413203131304 * filterOff + 88.5800177548154 * mtOff + -147.862561536612 * filterOff * HeaderCompressionOff;6.78311836061099;6.78311836061099;6.78311836061099;6.78311836061099;0.269644;9;-147.862561536612 * filterOff * HeaderCompressionOff;2;0.304730498576614;
8;11557.5 * CompressionMethod + -8242.16174382277 * x_0 + 2581.79380857711 * BZip2 + -8039.29380857712 * x_2 + -1205.11814825332 * PPMd + 367.898892360124 * filterOff + 111.445612042031 * mtOff + -74.3493325759797 * filterOff * HeaderCompressionOff + -340.333428003386 * filterOff * HeaderCompressionOff * LZMA;5.40016398234665;5.40016398234665;5.40016398234665;5.40016398234665;0.383285;12;-340.333428003386 * filterOff * HeaderCompressionOff * LZMA;3;0.46098479275478;
9;11557.5 * CompressionMethod + -8275.30062702586 * x_0 + 2685.65226632659 * BZip2 + -8143.15226632659 * x_2 + -1200.55157022158 * PPMd + 480.790690259837 * filterOff + -56.3698921302988 * mtOff + -318.099792762645 * filterOff * HeaderCompressionOff + -447.835166586943 * filterOff * HeaderCompressionOff * LZMA + 439.314788245915 * mtOff * HeaderCompressionOff;4.31841710478109;4.31841710478109;4.31841710478109;4.31841710478109;0.528976;14;439.314788245915 * mtOff * HeaderCompressionOff;2;0.540873438782778;
10;11557.5 * CompressionMethod + -8292.05381287183 * x_0 + 2581.03623580313 * BZip2 + -8038.53623580315 * x_2 + -1193.92644672795 * PPMd + 489.517577068686 * filterOff + -19.4824229313191 * mtOff + -375.715521903746 * filterOff * HeaderCompressionOff + -415.851811790138 * filterOff * HeaderCompressionOff * LZMA + 436.085992428329 * mtOff * HeaderCompressionOff + 286.616549486222 * BZip2 * HeaderCompressionOff;4.07893747845583;4.07893747845583;4.07893747845583;4.07893747845583;0.710671;16;286.616549486222 * BZip2 * HeaderCompressionOff;2;0.119739813162632;
Elapsed=00:00:00.7110240
Learning progress:
1;8292.5 * CompressionMethod + -4541.01851851852 * x_0;33.895211940399;33.895211940399;33.895211940399;33.895211940399;0.003212;2;-4541.01851851852 * x_0;1;36.2316807165768;
2;7759.94871794871 * CompressionMethod + -4481.84615384615 * x_0 + 2130.20512820513 * BZip2;24.9164621132234;24.9164621132234;24.9164621132234;24.9164621132234;0.016875;3;2130.20512820513 * BZip2;1;8.97874982717562;
3;7844.89361702127 * CompressionMethod + -4184.5390070922 * x_0 + 1790.42553191489 * BZip2 + -1380.35460992908 * PPMd;19.5423564790085;19.5423564790085;19.5423564790085;19.5423564790085;0.035744;4;-1380.35460992908 * PPMd;1;5.37410563421486;
4;9023.33333333333 * CompressionMethod + -5598.66666666667 * x_0 + 2615.33333333333 * BZip2 + -1144.66666666666 * PPMd + -5538.66666666666 * x_2;17.2087450162252;17.2087450162252;17.2087450162252;17.2087450162252;0.066971;5;-5538.66666666666 * x_2;1;2.33361146278335;
5;19820 * CompressionMethod + -16395.3333333333 * x_0 + 2615.33333333333 * BZip2 + -1144.66666666666 * PPMd + -16335.3333333333 * x_2 + -16195 * x_4;11.0261597691827;11.0261597691827;11.0261597691827;11.0261597691827;0.108578;6;-16195 * x_4;1;6.18258524704248;
6;19272.3076923077 * CompressionMethod + -16322.3076923077 * x_0 + 2542.3076923077 * BZip2 + -1217.69230769229 * PPMd + -15714.6153846154 * x_2 + -16195 * x_4 + 547.692307692307 * Files_0;8.44336348166788;8.44336348166788;8.44336348166788;8.44336348166788;0.163086;7;547.692307692307 * Files_0;1;2.58279628751482;
7;19331.1111111111 * CompressionMethod + -16381.1111111111 * x_0 + 2537.40740740741 * BZip2 + -1222.59259259258 * PPMd + -15768.5185185186 * x_2 + -16195 * x_4 + 488.888888888884 * Files_0 + 127.407407407411 * filterOff;7.22636349284716;7.22636349284716;7.22636349284716;7.22636349284716;0.23766;8;127.407407407411 * filterOff;1;1.21699998882072;
8;19322.1436464088 * CompressionMethod + -16372.1436464088 * x_0 + 2497.80110497238 * BZip2 + -1221.84530386741 * PPMd + -15719.9447513812 * x_2 + -16195 * x_4 + 497.856353591155 * Files_0 + 269.392265193373 * filterOff + -242.121546961335 * filterOff * HeaderCompressionOff;5.69256269688954;5.69256269688954;5.69256269688954;5.69256269688954;0.330481;10;-242.121546961335 * filterOff * HeaderCompressionOff;2;0.76690039797881;
9;19270.6432748538 * CompressionMethod + -16320.6432748538 * x_0 + 2498.81091617933 * BZip2 + -1446.02339181286 * PPMd + -15669.4541910331 * x_2 + -16195 * x_4 + 549.3567251462 * Files_0 + 170.935672514627 * filterOff + -261.812865497088 * filterOff * HeaderCompressionOff + 456.939571150103 * PPMd * filterOff;4.18846029245647;4.18846029245647;4.18846029245647;4.18846029245647;0.454579;12;456.939571150103 * PPMd * filterOff;2;0.752051202216531;
10;19246.8847989093 * CompressionMethod + -16296.8847989093 * x_0 + 2720.55669166099 * BZip2 + -1469.78186775733 * PPMd + -15867.4414905703 * x_2 + -16195 * x_4 + 573.115201090676 * Files_0 + 143.217450579408 * filterOff + -297.450579413788 * filterOff * HeaderCompressionOff + 508.416269029778 * PPMd * filterOff + -451.411042944789 * BZip2 * mtOff;3.71111187901927;3.71111187901927;3.71111187901927;3.71111187901927;0.605386;14;-451.411042944789 * BZip2 * mtOff;2;0.238674206718603;
11;19276.0213776722 * CompressionMethod + -16326.0213776722 * x_0 + 2732.18378859858 * BZip2 + -1477.36638954869 * PPMd + -15908.2051662708 * x_2 + -16195 * x_4 + 543.978622327763 * Files_0 + 169.049881235153 * filterOff + -351.668646080768 * filterOff * HeaderCompressionOff + 518.72921615203 * PPMd * filterOff + -460.872921615201 * BZip2 * mtOff + 55.0816508313608 * HeaderCompressionOff;3.37527948305571;3.37527948305571;3.37527948305571;3.37527948305571;0.791444;15;55.0816508313608 * HeaderCompressionOff;1;0.335832395963555;
12;19315.0622406639 * CompressionMethod + -16365.0622406639 * x_0 + 2866.9398340249 * BZip2 + -1452.51037344398 * PPMd + -16082.0020746888 * x_2 + -16195 * x_4 + 504.937759336085 * Files_0 + 260.145228215762 * filterOff + -403.983402489634 * filterOff * HeaderCompressionOff + 462.510373444002 * PPMd * filterOff + -520.995850622414 * BZip2 * mtOff + 76.358921161825 * HeaderCompressionOff + -219.149377593362 * BZip2 * filterOff;2.72870787369023;2.72870787369023;2.72870787369023;2.72870787369023;1.007146;17;-219.149377593362 * BZip2 * filterOff;2;0.323285804682744;
13;19372.5622406639 * CompressionMethod + -16365.0622406639 * x_0 + 2866.9398340249 * BZip2 + -1452.51037344398 * PPMd + -16139.5020746888 * x_2 + -16252.5 * x_4 + 562.43775933611 * Files_0 + 260.145228215762 * filterOff + -403.983402489634 * filterOff * HeaderCompressionOff + 462.510373443996 * PPMd * filterOff + -520.995850622431 * BZip2 * mtOff + 76.3589211618158 * HeaderCompressionOff + -219.149377593363 * BZip2 * filterOff + -114.999999999989 * BlockSize_1;2.59454534113722;2.59454534113722;2.59454534113722;2.59454534113722;1.265541;18;-114.999999999989 * BlockSize_1;1;0.134162532553005;
Elapsed=00:00:01.2659364
Learning progress:
1;5325.2 * CompressionMethod + -3040.2 * PPMd;29.3022049871155;29.3022049871155;29.3022049871155;29.3022049871155;0.003135;2;-3040.2 * PPMd;1;74.7850266030949;
2;5865.26315789473 * CompressionMethod + -3580.26315789474 * PPMd + -2250.26315789474 * LZMA2;21.234610452715;21.234610452715;21.234610452715;21.234610452715;0.012345;3;-2250.26315789474 * LZMA2;1;8.06759453440047;
3;4530 * CompressionMethod + -3737.35294117647 * PPMd + -2407.35294117647 * LZMA2 + 1492.35294117646 * BlockSize_1;16.8494489543701;16.8494489543701;16.8494489543701;16.8494489543701;0.030527;4;1492.35294117646 * BlockSize_1;1;4.38516149834492;
4;4530 * CompressionMethod + -3989.01960784314 * PPMd + -2407.35294117647 * LZMA2 + 1492.35294117647 * BlockSize_1 + 503.333333333336 * PPMd * filterOff;14.7413701459237;14.7413701459237;14.7413701459237;14.7413701459237;0.064785;6;503.333333333336 * PPMd * filterOff;2;1.0540394042232;
5;4529.99999999999 * CompressionMethod + -3989.01960784314 * PPMd + -2645.68627450981 * LZMA2 + 1492.35294117647 * BlockSize_1 + 503.333333333333 * PPMd * filterOff + 476.666666666662 * LZMA2 * mtOff;13.1322999070459;13.1322999070459;13.1322999070459;13.1322999070459;0.112519;8;476.666666666662 * LZMA2 * mtOff;2;0.804535119438905;
6;4530 * CompressionMethod + -3989.01960784314 * PPMd + -2645.68627450981 * LZMA2 + 1492.35294117647 * BlockSize_1 + 426.666666666674 * PPMd * filterOff + 476.666666666658 * LZMA2 * mtOff + 230.000000000004 * PPMd * filterOff * mtOff;12.4276430443007;12.4276430443007;12.4276430443007;12.4276430443007;0.180026;11;230.000000000004 * PPMd * filterOff * mtOff;3;0.234885620915068;
7;2960 * CompressionMethod + -3989.01960784314 * PPMd + -2645.68627450981 * LZMA2 + 3062.35294117647 * BlockSize_1 + 426.666666666662 * PPMd * filterOff + 476.666666666666 * LZMA2 * mtOff + 229.999999999997 * PPMd * filterOff * mtOff + 3140 * x_2;12.3271068512712;12.3271068512712;12.3271068512712;12.3271068512712;0.270131;12;3140 * x_2;1;0.100536193029434;
Elapsed=00:00:00.2704299
Learning progress:
1;10466 * CompressionMethod + -6749.33333333333 * x_0;25.6434749926452;25.6434749926452;25.6434749926452;25.6434749926452;0.004116;2;-6749.33333333333 * x_0;1;28.7222688895711;
2;10466 * CompressionMethod + -6340.28571428572 * x_0 + -1840.71428571428 * PPMd;17.6951633935293;17.6951633935293;17.6951633935293;17.6951633935293;0.01804;3;-1840.71428571428 * PPMd;1;7.94831159911593;
3;10189.9438202247 * CompressionMethod + -6458.59550561798 * x_0 + -1446.34831460674 * PPMd + 1380.28089887641 * BZip2;9.69920804418522;9.69920804418522;9.69920804418522;9.69920804418522;0.041253;4;1380.28089887641 * BZip2;1;7.99595534934403;
4;7662.90780141844 * CompressionMethod + -4068.1560283688 * x_0 + -1309.75177304964 * PPMd + 1858.36879432624 * BZip2 + 12157.0921985816 * x_10;8.21037349286229;8.21037349286229;8.21037349286229;8.21037349286229;0.077489;5;12157.0921985816 * x_10;1;1.48883455132293;
5;7667.47181964573 * CompressionMethod + -4159.43639291465 * x_0 + -1330.28985507247 * PPMd + 1840.11272141707 * BZip2 + 12152.5281803543 * x_10 + 214.508856682765 * mtOff;6.57926481277824;6.57926481277824;6.57926481277824;6.57926481277824;0.125128;6;214.508856682765 * mtOff;1;1.63110868008405;
6;7667.47181964573 * CompressionMethod + -4159.43639291465 * x_0 + -1330.28985507246 * PPMd + 1840.11272141707 * BZip2 + 12152.5281803543 * x_10 + 202.008856682771 * mtOff + 37.4999999999978 * mtOff * HeaderCompressionOff;6.45036034710215;6.45036034710215;6.45036034710215;6.45036034710215;0.192548;8;37.4999999999978 * mtOff * HeaderCompressionOff;2;0.0644522328380455;
Elapsed=00:00:00.1928264
Learning progress:
1;3694.4 * CompressionMethod + 2490.6 * BZip2;19.7985346220913;19.7985346220913;19.7985346220913;19.7985346220913;0.004295;2;2490.6 * BZip2;1;26.5429972994566;
2;3694.4 * CompressionMethod + 2580.6 * BZip2 + -270.000000000004 * BZip2 * mtOff;19.5746123942492;19.5746123942492;19.5746123942492;19.5746123942492;0.012452;4;-270.000000000004 * BZip2 * mtOff;2;0.111961113921042;
Elapsed=00:00:00.0126398
Learning progress:
1;10466 * CompressionMethod + -6729.84615384615 * x_0;40.8444836652728;40.8444836652728;40.8444836652728;40.8444836652728;0.004017;2;-6729.84615384615 * x_0;1;55.6068964378054;
2;10163.2909379968 * CompressionMethod + -6718.20349761526 * x_0 + 1513.5453100159 * BZip2;27.5872970724681;27.5872970724681;27.5872970724681;27.5872970724681;0.017296;3;1513.5453100159 * BZip2;1;13.2571865928048;
3;11557.5 * CompressionMethod + -8377.9761904762 * x_0 + 2894.4761904762 * BZip2 + -8351.97619047621 * x_2;17.2063922449003;17.2063922449003;17.2063922449003;17.2063922449003;0.038807;4;-8351.97619047621 * x_2;1;10.3809048275678;
4;11557.5 * CompressionMethod + -8068.16666666667 * x_0 + 2584.66666666668 * BZip2 + -8042.16666666669 * x_2 + -1084.33333333333 * PPMd;11.2623825181136;11.2623825181136;11.2623825181136;11.2623825181136;0.07302;5;-1084.33333333333 * PPMd;1;5.94400972678664;
5;11557.5 * CompressionMethod + -8192.47101449275 * x_0 + 2584.66666666667 * BZip2 + -8042.16666666666 * x_2 + -1167.20289855072 * PPMd + 310.76086956521 * filterOff;8.94109016866813;8.94109016866813;8.94109016866813;8.94109016866813;0.120992;6;310.76086956521 * filterOff;1;2.32129234944547;
6;11557.5 * CompressionMethod + -8236.98973675055 * x_0 + 2596.26927983301 * BZip2 + -8053.76927983298 * x_2 + -1177.54435811202 * PPMd + 306.031543546324 * filterOff + 87.0195987475289 * mtOff;7.39257935776421;7.39257935776421;7.39257935776421;7.39257935776421;0.186169;7;87.0195987475289 * mtOff;1;1.54851081090392;
7;11557.5 * CompressionMethod + -8241.85961585021 * x_0 + 2606.33483980308 * BZip2 + -8063.83483980307 * x_2 + -1164.015010895 * PPMd + 365.413203131304 * filterOff + 88.5800177548154 * mtOff + -147.862561536612 * filterOff * HeaderCompressionOff;6.78311836061099;6.78311836061099;6.78311836061099;6.78311836061099;0.268751;9;-147.862561536612 * filterOff * HeaderCompressionOff;2;0.304730498576614;
Elapsed=00:00:00.2690502
Learning progress:
1;8292.5 * CompressionMethod + -4541.01851851852 * x_0;33.895211940399;33.895211940399;33.895211940399;33.895211940399;0.003883;2;-4541.01851851852 * x_0;1;36.2316807165768;
2;7759.94871794871 * CompressionMethod + -4481.84615384615 * x_0 + 2130.20512820513 * BZip2;24.9164621132234;24.9164621132234;24.9164621132234;24.9164621132234;0.016933;3;2130.20512820513 * BZip2;1;8.97874982717562;
3;7844.89361702127 * CompressionMethod + -4184.5390070922 * x_0 + 1790.42553191489 * BZip2 + -1380.35460992908 * PPMd;19.5423564790085;19.5423564790085;19.5423564790085;19.5423564790085;0.03774;4;-1380.35460992908 * PPMd;1;5.37410563421486;
4;9023.33333333333 * CompressionMethod + -5598.66666666667 * x_0 + 2615.33333333333 * BZip2 + -1144.66666666666 * PPMd + -5538.66666666666 * x_2;17.2087450162252;17.2087450162252;17.2087450162252;17.2087450162252;0.068662;5;-5538.66666666666 * x_2;1;2.33361146278335;
5;19820 * CompressionMethod + -16395.3333333333 * x_0 + 2615.33333333333 * BZip2 + -1144.66666666666 * PPMd + -16335.3333333333 * x_2 + -16195 * x_4;11.0261597691827;11.0261597691827;11.0261597691827;11.0261597691827;0.109239;6;-16195 * x_4;1;6.18258524704248;
6;19272.3076923077 * CompressionMethod + -16322.3076923077 * x_0 + 2542.3076923077 * BZip2 + -1217.69230769229 * PPMd + -15714.6153846154 * x_2 + -16195 * x_4 + 547.692307692307 * Files_0;8.44336348166788;8.44336348166788;8.44336348166788;8.44336348166788;0.165271;7;547.692307692307 * Files_0;1;2.58279628751482;
7;19331.1111111111 * CompressionMethod + -16381.1111111111 * x_0 + 2537.40740740741 * BZip2 + -1222.59259259258 * PPMd + -15768.5185185186 * x_2 + -16195 * x_4 + 488.888888888884 * Files_0 + 127.407407407411 * filterOff;7.22636349284716;7.22636349284716;7.22636349284716;7.22636349284716;0.239404;8;127.407407407411 * filterOff;1;1.21699998882072;
8;19322.1436464088 * CompressionMethod + -16372.1436464088 * x_0 + 2497.80110497238 * BZip2 + -1221.84530386741 * PPMd + -15719.9447513812 * x_2 + -16195 * x_4 + 497.856353591155 * Files_0 + 269.392265193373 * filterOff + -242.121546961335 * filterOff * HeaderCompressionOff;5.69256269688954;5.69256269688954;5.69256269688954;5.69256269688954;0.332233;10;-242.121546961335 * filterOff * HeaderCompressionOff;2;0.76690039797881;
9;19270.6432748538 * CompressionMethod + -16320.6432748538 * x_0 + 2498.81091617933 * BZip2 + -1446.02339181286 * PPMd + -15669.4541910331 * x_2 + -16195 * x_4 + 549.3567251462 * Files_0 + 170.935672514627 * filterOff + -261.812865497088 * filterOff * HeaderCompressionOff + 456.939571150103 * PPMd * filterOff;4.18846029245647;4.18846029245647;4.18846029245647;4.18846029245647;0.459729;12;456.939571150103 * PPMd * filterOff;2;0.752051202216531;
10;19246.8847989093 * CompressionMethod + -16296.8847989093 * x_0 + 2720.55669166099 * BZip2 + -1469.78186775733 * PPMd + -15867.4414905703 * x_2 + -16195 * x_4 + 573.115201090676 * Files_0 + 143.217450579408 * filterOff + -297.450579413788 * filterOff * HeaderCompressionOff + 508.416269029778 * PPMd * filterOff + -451.411042944789 * BZip2 * mtOff;3.71111187901927;3.71111187901927;3.71111187901927;3.71111187901927;0.611112;14;-451.411042944789 * BZip2 * mtOff;2;0.238674206718603;
Elapsed=00:00:00.6114626
Learning progress:
1;5325.2 * CompressionMethod + -3040.2 * PPMd;29.3022049871155;29.3022049871155;29.3022049871155;29.3022049871155;0.003892;2;-3040.2 * PPMd;1;74.7850266030949;
2;5865.26315789473 * CompressionMethod + -3580.26315789474 * PPMd + -2250.26315789474 * LZMA2;21.234610452715;21.234610452715;21.234610452715;21.234610452715;0.013309;3;-2250.26315789474 * LZMA2;1;8.06759453440047;
3;4530 * CompressionMethod + -3737.35294117647 * PPMd + -2407.35294117647 * LZMA2 + 1492.35294117646 * BlockSize_1;16.8494489543701;16.8494489543701;16.8494489543701;16.8494489543701;0.032022;4;1492.35294117646 * BlockSize_1;1;4.38516149834492;
4;4530 * CompressionMethod + -3989.01960784314 * PPMd + -2407.35294117647 * LZMA2 + 1492.35294117647 * BlockSize_1 + 503.333333333336 * PPMd * filterOff;14.7413701459237;14.7413701459237;14.7413701459237;14.7413701459237;0.066531;6;503.333333333336 * PPMd * filterOff;2;1.0540394042232;
5;4529.99999999999 * CompressionMethod + -3989.01960784314 * PPMd + -2645.68627450981 * LZMA2 + 1492.35294117647 * BlockSize_1 + 503.333333333333 * PPMd * filterOff + 476.666666666662 * LZMA2 * mtOff;13.1322999070459;13.1322999070459;13.1322999070459;13.1322999070459;0.116208;8;476.666666666662 * LZMA2 * mtOff;2;0.804535119438905;
6;4530 * CompressionMethod + -3989.01960784314 * PPMd + -2645.68627450981 * LZMA2 + 1492.35294117647 * BlockSize_1 + 426.666666666674 * PPMd * filterOff + 476.666666666658 * LZMA2 * mtOff + 230.000000000004 * PPMd * filterOff * mtOff;12.4276430443007;12.4276430443007;12.4276430443007;12.4276430443007;0.18303;11;230.000000000004 * PPMd * filterOff * mtOff;3;0.234885620915068;
Elapsed=00:00:00.1833222
Learning progress:
1;10466 * CompressionMethod + -6749.33333333333 * x_0;25.6434749926452;25.6434749926452;25.6434749926452;25.6434749926452;0.004002;2;-6749.33333333333 * x_0;1;28.7222688895711;
2;10466 * CompressionMethod + -6340.28571428572 * x_0 + -1840.71428571428 * PPMd;17.6951633935293;17.6951633935293;17.6951633935293;17.6951633935293;0.018006;3;-1840.71428571428 * PPMd;1;7.94831159911593;
3;10189.9438202247 * CompressionMethod + -6458.59550561798 * x_0 + -1446.34831460674 * PPMd + 1380.28089887641 * BZip2;9.69920804418522;9.69920804418522;9.69920804418522;9.69920804418522;0.039771;4;1380.28089887641 * BZip2;1;7.99595534934403;
4;7662.90780141844 * CompressionMethod + -4068.1560283688 * x_0 + -1309.75177304964 * PPMd + 1858.36879432624 * BZip2 + 12157.0921985816 * x_10;8.21037349286229;8.21037349286229;8.21037349286229;8.21037349286229;0.074355;5;12157.0921985816 * x_10;1;1.48883455132293;
5;7667.47181964573 * CompressionMethod + -4159.43639291465 * x_0 + -1330.28985507247 * PPMd + 1840.11272141707 * BZip2 + 12152.5281803543 * x_10 + 214.508856682765 * mtOff;6.57926481277824;6.57926481277824;6.57926481277824;6.57926481277824;0.123757;6;214.508856682765 * mtOff;1;1.63110868008405;
6;7667.47181964573 * CompressionMethod + -4159.43639291465 * x_0 + -1330.28985507246 * PPMd + 1840.11272141707 * BZip2 + 12152.5281803543 * x_10 + 202.008856682771 * mtOff + 37.4999999999978 * mtOff * HeaderCompressionOff;6.45036034710215;6.45036034710215;6.45036034710215;6.45036034710215;0.189903;8;37.4999999999978 * mtOff * HeaderCompressionOff;2;0.0644522328380455;
Elapsed=00:00:00.1901847
Learning progress:
1;3694.4 * CompressionMethod + 2490.6 * BZip2;19.7985346220913;19.7985346220913;19.7985346220913;19.7985346220913;0.002793;2;2490.6 * BZip2;1;26.5429972994566;
2;3694.4 * CompressionMethod + 2580.6 * BZip2 + -270.000000000004 * BZip2 * mtOff;19.5746123942492;19.5746123942492;19.5746123942492;19.5746123942492;0.012433;4;-270.000000000004 * BZip2 * mtOff;2;0.111961113921042;
3;3692.91666666667 * CompressionMethod + 2582.08333333334 * BZip2 + -270 * BZip2 * mtOff + 37.0833333333333 * BlockSize_4096;19.5673478802346;19.5673478802346;19.5673478802346;19.5673478802346;0.028949;5;37.0833333333333 * BlockSize_4096;1;0.00726451401459016;
Elapsed=00:00:00.0291518
Learning progress:
1;10466 * CompressionMethod + -6729.84615384615 * x_0;40.8444836652728;40.8444836652728;40.8444836652728;40.8444836652728;0.005431;2;-6729.84615384615 * x_0;1;55.6068964378054;
2;10163.2909379968 * CompressionMethod + -6718.20349761526 * x_0 + 1513.5453100159 * BZip2;27.5872970724681;27.5872970724681;27.5872970724681;27.5872970724681;0.018511;3;1513.5453100159 * BZip2;1;13.2571865928048;
3;11557.5 * CompressionMethod + -8377.9761904762 * x_0 + 2894.4761904762 * BZip2 + -8351.97619047621 * x_2;17.2063922449003;17.2063922449003;17.2063922449003;17.2063922449003;0.041837;4;-8351.97619047621 * x_2;1;10.3809048275678;
4;11557.5 * CompressionMethod + -8068.16666666667 * x_0 + 2584.66666666668 * BZip2 + -8042.16666666669 * x_2 + -1084.33333333333 * PPMd;11.2623825181136;11.2623825181136;11.2623825181136;11.2623825181136;0.074079;5;-1084.33333333333 * PPMd;1;5.94400972678664;
5;11557.5 * CompressionMethod + -8192.47101449275 * x_0 + 2584.66666666667 * BZip2 + -8042.16666666666 * x_2 + -1167.20289855072 * PPMd + 310.76086956521 * filterOff;8.94109016866813;8.94109016866813;8.94109016866813;8.94109016866813;0.122628;6;310.76086956521 * filterOff;1;2.32129234944547;
6;11557.5 * CompressionMethod + -8236.98973675055 * x_0 + 2596.26927983301 * BZip2 + -8053.76927983298 * x_2 + -1177.54435811202 * PPMd + 306.031543546324 * filterOff + 87.0195987475289 * mtOff;7.39257935776421;7.39257935776421;7.39257935776421;7.39257935776421;0.187136;7;87.0195987475289 * mtOff;1;1.54851081090392;
7;11557.5 * CompressionMethod + -8241.85961585021 * x_0 + 2606.33483980308 * BZip2 + -8063.83483980307 * x_2 + -1164.015010895 * PPMd + 365.413203131304 * filterOff + 88.5800177548154 * mtOff + -147.862561536612 * filterOff * HeaderCompressionOff;6.78311836061099;6.78311836061099;6.78311836061099;6.78311836061099;0.270617;9;-147.862561536612 * filterOff * HeaderCompressionOff;2;0.304730498576614;
8;11557.5 * CompressionMethod + -8242.16174382277 * x_0 + 2581.79380857711 * BZip2 + -8039.29380857712 * x_2 + -1205.11814825332 * PPMd + 367.898892360124 * filterOff + 111.445612042031 * mtOff + -74.3493325759797 * filterOff * HeaderCompressionOff + -340.333428003386 * filterOff * HeaderCompressionOff * LZMA;5.40016398234665;5.40016398234665;5.40016398234665;5.40016398234665;0.384929;12;-340.333428003386 * filterOff * HeaderCompressionOff * LZMA;3;0.46098479275478;
9;11557.5 * CompressionMethod + -8275.30062702586 * x_0 + 2685.65226632659 * BZip2 + -8143.15226632659 * x_2 + -1200.55157022158 * PPMd + 480.790690259837 * filterOff + -56.3698921302988 * mtOff + -318.099792762645 * filterOff * HeaderCompressionOff + -447.835166586943 * filterOff * HeaderCompressionOff * LZMA + 439.314788245915 * mtOff * HeaderCompressionOff;4.31841710478109;4.31841710478109;4.31841710478109;4.31841710478109;0.530252;14;439.314788245915 * mtOff * HeaderCompressionOff;2;0.540873438782778;
10;11557.5 * CompressionMethod + -8292.05381287183 * x_0 + 2581.03623580313 * BZip2 + -8038.53623580315 * x_2 + -1193.92644672795 * PPMd + 489.517577068686 * filterOff + -19.4824229313191 * mtOff + -375.715521903746 * filterOff * HeaderCompressionOff + -415.851811790138 * filterOff * HeaderCompressionOff * LZMA + 436.085992428329 * mtOff * HeaderCompressionOff + 286.616549486222 * BZip2 * HeaderCompressionOff;4.07893747845583;4.07893747845583;4.07893747845583;4.07893747845583;0.714935;16;286.616549486222 * BZip2 * HeaderCompressionOff;2;0.119739813162632;
11;11557.5 * CompressionMethod + -8294.94840052124 * x_0 + 2589.45100676784 * BZip2 + -8046.95100676782 * x_2 + -1184.67253772751 * PPMd + 473.18508554373 * filterOff + -19.5964521417568 * mtOff + -362.42380932365 * filterOff * HeaderCompressionOff + -464.387321871439 * filterOff * HeaderCompressionOff * LZMA + 436.609357265956 * mtOff * HeaderCompressionOff + 282.616755643364 * BZip2 * HeaderCompressionOff + 54.0615410483913 * filterOff * LZMA;4.03670178062593;4.03670178062593;4.03670178062593;4.03670178062593;0.934867;18;54.0615410483913 * filterOff * LZMA;2;0.0211178489149462;
Elapsed=00:00:00.9352444
Learning progress:
1;8292.5 * CompressionMethod + -4541.01851851852 * x_0;33.895211940399;33.895211940399;33.895211940399;33.895211940399;0.003217;2;-4541.01851851852 * x_0;1;36.2316807165768;
2;7759.94871794871 * CompressionMethod + -4481.84615384615 * x_0 + 2130.20512820513 * BZip2;24.9164621132234;24.9164621132234;24.9164621132234;24.9164621132234;0.015662;3;2130.20512820513 * BZip2;1;8.97874982717562;
3;7844.89361702127 * CompressionMethod + -4184.5390070922 * x_0 + 1790.42553191489 * BZip2 + -1380.35460992908 * PPMd;19.5423564790085;19.5423564790085;19.5423564790085;19.5423564790085;0.035535;4;-1380.35460992908 * PPMd;1;5.37410563421486;
4;9023.33333333333 * CompressionMethod + -5598.66666666667 * x_0 + 2615.33333333333 * BZip2 + -1144.66666666666 * PPMd + -5538.66666666666 * x_2;17.2087450162252;17.2087450162252;17.2087450162252;17.2087450162252;0.065316;5;-5538.66666666666 * x_2;1;2.33361146278335;
5;19820 * CompressionMethod + -16395.3333333333 * x_0 + 2615.33333333333 * BZip2 + -1144.66666666666 * PPMd + -16335.3333333333 * x_2 + -16195 * x_4;11.0261597691827;11.0261597691827;11.0261597691827;11.0261597691827;0.105765;6;-16195 * x_4;1;6.18258524704248;
6;19272.3076923077 * CompressionMethod + -16322.3076923077 * x_0 + 2542.3076923077 * BZip2 + -1217.69230769229 * PPMd + -15714.6153846154 * x_2 + -16195 * x_4 + 547.692307692307 * Files_0;8.44336348166788;8.44336348166788;8.44336348166788;8.44336348166788;0.160211;7;547.692307692307 * Files_0;1;2.58279628751482;
7;19331.1111111111 * CompressionMethod + -16381.1111111111 * x_0 + 2537.40740740741 * BZip2 + -1222.59259259258 * PPMd + -15768.5185185186 * x_2 + -16195 * x_4 + 488.888888888884 * Files_0 + 127.407407407411 * filterOff;7.22636349284716;7.22636349284716;7.22636349284716;7.22636349284716;0.236395;8;127.407407407411 * filterOff;1;1.21699998882072;
8;19322.1436464088 * CompressionMethod + -16372.1436464088 * x_0 + 2497.80110497238 * BZip2 + -1221.84530386741 * PPMd + -15719.9447513812 * x_2 + -16195 * x_4 + 497.856353591155 * Files_0 + 269.392265193373 * filterOff + -242.121546961335 * filterOff * HeaderCompressionOff;5.69256269688954;5.69256269688954;5.69256269688954;5.69256269688954;0.328636;10;-242.121546961335 * filterOff * HeaderCompressionOff;2;0.76690039797881;
9;19270.6432748538 * CompressionMethod + -16320.6432748538 * x_0 + 2498.81091617933 * BZip2 + -1446.02339181286 * PPMd + -15669.4541910331 * x_2 + -16195 * x_4 + 549.3567251462 * Files_0 + 170.935672514627 * filterOff + -261.812865497088 * filterOff * HeaderCompressionOff + 456.939571150103 * PPMd * filterOff;4.18846029245647;4.18846029245647;4.18846029245647;4.18846029245647;0.451406;12;456.939571150103 * PPMd * filterOff;2;0.752051202216531;
10;19246.8847989093 * CompressionMethod + -16296.8847989093 * x_0 + 2720.55669166099 * BZip2 + -1469.78186775733 * PPMd + -15867.4414905703 * x_2 + -16195 * x_4 + 573.115201090676 * Files_0 + 143.217450579408 * filterOff + -297.450579413788 * filterOff * HeaderCompressionOff + 508.416269029778 * PPMd * filterOff + -451.411042944789 * BZip2 * mtOff;3.71111187901927;3.71111187901927;3.71111187901927;3.71111187901927;0.60217;14;-451.411042944789 * BZip2 * mtOff;2;0.238674206718603;
11;19276.0213776722 * CompressionMethod + -16326.0213776722 * x_0 + 2732.18378859858 * BZip2 + -1477.36638954869 * PPMd + -15908.2051662708 * x_2 + -16195 * x_4 + 543.978622327763 * Files_0 + 169.049881235153 * filterOff + -351.668646080768 * filterOff * HeaderCompressionOff + 518.72921615203 * PPMd * filterOff + -460.872921615201 * BZip2 * mtOff + 55.0816508313608 * HeaderCompressionOff;3.37527948305571;3.37527948305571;3.37527948305571;3.37527948305571;0.786866;15;55.0816508313608 * HeaderCompressionOff;1;0.335832395963555;
12;19315.0622406639 * CompressionMethod + -16365.0622406639 * x_0 + 2866.9398340249 * BZip2 + -1452.51037344398 * PPMd + -16082.0020746888 * x_2 + -16195 * x_4 + 504.937759336085 * Files_0 + 260.145228215762 * filterOff + -403.983402489634 * filterOff * HeaderCompressionOff + 462.510373444002 * PPMd * filterOff + -520.995850622414 * BZip2 * mtOff + 76.358921161825 * HeaderCompressionOff + -219.149377593362 * BZip2 * filterOff;2.72870787369023;2.72870787369023;2.72870787369023;2.72870787369023;1.002735;17;-219.149377593362 * BZip2 * filterOff;2;0.323285804682744;
13;19372.5622406639 * CompressionMethod + -16365.0622406639 * x_0 + 2866.9398340249 * BZip2 + -1452.51037344398 * PPMd + -16139.5020746888 * x_2 + -16252.5 * x_4 + 562.43775933611 * Files_0 + 260.145228215762 * filterOff + -403.983402489634 * filterOff * HeaderCompressionOff + 462.510373443996 * PPMd * filterOff + -520.995850622431 * BZip2 * mtOff + 76.3589211618158 * HeaderCompressionOff + -219.149377593363 * BZip2 * filterOff + -114.999999999989 * BlockSize_1;2.59454534113722;2.59454534113722;2.59454534113722;2.59454534113722;1.26029;18;-114.999999999989 * BlockSize_1;1;0.134162532553005;
14;19360.6707317074 * CompressionMethod + -16353.1707317073 * x_0 + 2830.6707317073 * BZip2 + -1450.52845528455 * PPMd + -16091.3414634147 * x_2 + -16252.5 * x_4 + 574.329268292668 * Files_0 + 264.241192411912 * filterOff + -407.154471544731 * filterOff * HeaderCompressionOff + 460.528455284565 * PPMd * filterOff + -521.788617886167 * BZip2 * mtOff + 55.5487804878099 * HeaderCompressionOff + -222.452574525723 * BZip2 * filterOff + -115 * BlockSize_1 + 95.5284552845665 * BZip2 * HeaderCompressionOff;2.4778312828997;2.4778312828997;2.4778312828997;2.4778312828997;1.556075;20;95.5284552845665 * BZip2 * HeaderCompressionOff;2;0.0583570291187625;
Elapsed=00:00:01.5564893
Learning progress:
1;5325.2 * CompressionMethod + -3040.2 * PPMd;29.3022049871155;29.3022049871155;29.3022049871155;29.3022049871155;0.003366;2;-3040.2 * PPMd;1;74.7850266030949;
2;5865.26315789473 * CompressionMethod + -3580.26315789474 * PPMd + -2250.26315789474 * LZMA2;21.234610452715;21.234610452715;21.234610452715;21.234610452715;0.012849;3;-2250.26315789474 * LZMA2;1;8.06759453440047;
3;4530 * CompressionMethod + -3737.35294117647 * PPMd + -2407.35294117647 * LZMA2 + 1492.35294117646 * BlockSize_1;16.8494489543701;16.8494489543701;16.8494489543701;16.8494489543701;0.032398;4;1492.35294117646 * BlockSize_1;1;4.38516149834492;
4;4530 * CompressionMethod + -3989.01960784314 * PPMd + -2407.35294117647 * LZMA2 + 1492.35294117647 * BlockSize_1 + 503.333333333336 * PPMd * filterOff;14.7413701459237;14.7413701459237;14.7413701459237;14.7413701459237;0.064823;6;503.333333333336 * PPMd * filterOff;2;1.0540394042232;
5;4529.99999999999 * CompressionMethod + -3989.01960784314 * PPMd + -2645.68627450981 * LZMA2 + 1492.35294117647 * BlockSize_1 + 503.333333333333 * PPMd * filterOff + 476.666666666662 * LZMA2 * mtOff;13.1322999070459;13.1322999070459;13.1322999070459;13.1322999070459;0.113649;8;476.666666666662 * LZMA2 * mtOff;2;0.804535119438905;
6;4530 * CompressionMethod + -3989.01960784314 * PPMd + -2645.68627450981 * LZMA2 + 1492.35294117647 * BlockSize_1 + 426.666666666674 * PPMd * filterOff + 476.666666666658 * LZMA2 * mtOff + 230.000000000004 * PPMd * filterOff * mtOff;12.4276430443007;12.4276430443007;12.4276430443007;12.4276430443007;0.178747;11;230.000000000004 * PPMd * filterOff * mtOff;3;0.234885620915068;
7;2960 * CompressionMethod + -3989.01960784314 * PPMd + -2645.68627450981 * LZMA2 + 3062.35294117647 * BlockSize_1 + 426.666666666662 * PPMd * filterOff + 476.666666666666 * LZMA2 * mtOff + 229.999999999997 * PPMd * filterOff * mtOff + 3140 * x_2;12.3271068512712;12.3271068512712;12.3271068512712;12.3271068512712;0.26961;12;3140 * x_2;1;0.100536193029434;
8;3770.58823529413 * CompressionMethod + -3989.01960784314 * PPMd + -2645.68627450981 * LZMA2 + 2251.76470588235 * BlockSize_1 + 426.666666666664 * PPMd * filterOff + 476.666666666664 * LZMA2 * mtOff + 229.999999999995 * PPMd * filterOff * mtOff + 2329.41176470589 * x_2 + -810.588235294115 * Files_50;9.88269745212289;9.88269745212289;9.88269745212289;9.88269745212289;0.38356;13;-810.588235294115 * Files_50;1;2.44440939914835;
9;3770.58823529412 * CompressionMethod + -3989.01960784313 * PPMd + -1322.8431372549 * LZMA2 + 2251.76470588235 * BlockSize_1 + 426.666666666671 * PPMd * filterOff + 476.666666666669 * LZMA2 * mtOff + 229.999999999998 * PPMd * filterOff * mtOff + 2329.41176470589 * x_2 + -810.588235294118 * Files_50 + -1322.8431372549 * BlockSize_1 * LZMA2;9.8826974521227;9.8826974521227;9.8826974521227;9.8826974521227;0.518128;15;-1322.8431372549 * BlockSize_1 * LZMA2;2;9.2370555648813E-14;
Elapsed=00:00:00.5184531
Learning progress:
1;10466 * CompressionMethod + -6749.33333333333 * x_0;25.6434749926452;25.6434749926452;25.6434749926452;25.6434749926452;0.004283;2;-6749.33333333333 * x_0;1;28.7222688895711;
2;10466 * CompressionMethod + -6340.28571428572 * x_0 + -1840.71428571428 * PPMd;17.6951633935293;17.6951633935293;17.6951633935293;17.6951633935293;0.018472;3;-1840.71428571428 * PPMd;1;7.94831159911593;
3;10189.9438202247 * CompressionMethod + -6458.59550561798 * x_0 + -1446.34831460674 * PPMd + 1380.28089887641 * BZip2;9.69920804418522;9.69920804418522;9.69920804418522;9.69920804418522;0.041551;4;1380.28089887641 * BZip2;1;7.99595534934403;
4;7662.90780141844 * CompressionMethod + -4068.1560283688 * x_0 + -1309.75177304964 * PPMd + 1858.36879432624 * BZip2 + 12157.0921985816 * x_10;8.21037349286229;8.21037349286229;8.21037349286229;8.21037349286229;0.076731;5;12157.0921985816 * x_10;1;1.48883455132293;
5;7667.47181964573 * CompressionMethod + -4159.43639291465 * x_0 + -1330.28985507247 * PPMd + 1840.11272141707 * BZip2 + 12152.5281803543 * x_10 + 214.508856682765 * mtOff;6.57926481277824;6.57926481277824;6.57926481277824;6.57926481277824;0.125804;6;214.508856682765 * mtOff;1;1.63110868008405;
6;7667.47181964573 * CompressionMethod + -4159.43639291465 * x_0 + -1330.28985507246 * PPMd + 1840.11272141707 * BZip2 + 12152.5281803543 * x_10 + 202.008856682771 * mtOff + 37.4999999999978 * mtOff * HeaderCompressionOff;6.45036034710215;6.45036034710215;6.45036034710215;6.45036034710215;0.191425;8;37.4999999999978 * mtOff * HeaderCompressionOff;2;0.0644522328380455;
Elapsed=00:00:00.1917055
Learning progress:
1;3694.4 * CompressionMethod + 2490.6 * BZip2;19.7985346220913;19.7985346220913;19.7985346220913;19.7985346220913;0.003442;2;2490.6 * BZip2;1;26.5429972994566;
2;3694.4 * CompressionMethod + 2580.6 * BZip2 + -270.000000000004 * BZip2 * mtOff;19.5746123942492;19.5746123942492;19.5746123942492;19.5746123942492;0.010843;4;-270.000000000004 * BZip2 * mtOff;2;0.111961113921042;
Elapsed=00:00:00.0110372
Learning progress:
1;10466 * CompressionMethod + -6729.84615384615 * x_0;40.8444836652728;40.8444836652728;40.8444836652728;40.8444836652728;0.003445;2;-6729.84615384615 * x_0;1;55.6068964378054;
2;10163.2909379968 * CompressionMethod + -6718.20349761526 * x_0 + 1513.5453100159 * BZip2;27.5872970724681;27.5872970724681;27.5872970724681;27.5872970724681;0.017134;3;1513.5453100159 * BZip2;1;13.2571865928048;
3;11557.5 * CompressionMethod + -8377.9761904762 * x_0 + 2894.4761904762 * BZip2 + -8351.97619047621 * x_2;17.2063922449003;17.2063922449003;17.2063922449003;17.2063922449003;0.039233;4;-8351.97619047621 * x_2;1;10.3809048275678;
4;11557.5 * CompressionMethod + -8068.16666666667 * x_0 + 2584.66666666668 * BZip2 + -8042.16666666669 * x_2 + -1084.33333333333 * PPMd;11.2623825181136;11.2623825181136;11.2623825181136;11.2623825181136;0.072356;5;-1084.33333333333 * PPMd;1;5.94400972678664;
5;11557.5 * CompressionMethod + -8192.47101449275 * x_0 + 2584.66666666667 * BZip2 + -8042.16666666666 * x_2 + -1167.20289855072 * PPMd + 310.76086956521 * filterOff;8.94109016866813;8.94109016866813;8.94109016866813;8.94109016866813;0.118578;6;310.76086956521 * filterOff;1;2.32129234944547;
6;11557.5 * CompressionMethod + -8236.98973675055 * x_0 + 2596.26927983301 * BZip2 + -8053.76927983298 * x_2 + -1177.54435811202 * PPMd + 306.031543546324 * filterOff + 87.0195987475289 * mtOff;7.39257935776421;7.39257935776421;7.39257935776421;7.39257935776421;0.18566;7;87.0195987475289 * mtOff;1;1.54851081090392;
7;11557.5 * CompressionMethod + -8241.85961585021 * x_0 + 2606.33483980308 * BZip2 + -8063.83483980307 * x_2 + -1164.015010895 * PPMd + 365.413203131304 * filterOff + 88.5800177548154 * mtOff + -147.862561536612 * filterOff * HeaderCompressionOff;6.78311836061099;6.78311836061099;6.78311836061099;6.78311836061099;0.267518;9;-147.862561536612 * filterOff * HeaderCompressionOff;2;0.304730498576614;
8;11557.5 * CompressionMethod + -8242.16174382277 * x_0 + 2581.79380857711 * BZip2 + -8039.29380857712 * x_2 + -1205.11814825332 * PPMd + 367.898892360124 * filterOff + 111.445612042031 * mtOff + -74.3493325759797 * filterOff * HeaderCompressionOff + -340.333428003386 * filterOff * HeaderCompressionOff * LZMA;5.40016398234665;5.40016398234665;5.40016398234665;5.40016398234665;0.383542;12;-340.333428003386 * filterOff * HeaderCompressionOff * LZMA;3;0.46098479275478;
9;11557.5 * CompressionMethod + -8275.30062702586 * x_0 + 2685.65226632659 * BZip2 + -8143.15226632659 * x_2 + -1200.55157022158 * PPMd + 480.790690259837 * filterOff + -56.3698921302988 * mtOff + -318.099792762645 * filterOff * HeaderCompressionOff + -447.835166586943 * filterOff * HeaderCompressionOff * LZMA + 439.314788245915 * mtOff * HeaderCompressionOff;4.31841710478109;4.31841710478109;4.31841710478109;4.31841710478109;0.52941;14;439.314788245915 * mtOff * HeaderCompressionOff;2;0.540873438782778;
10;11557.5 * CompressionMethod + -8292.05381287183 * x_0 + 2581.03623580313 * BZip2 + -8038.53623580315 * x_2 + -1193.92644672795 * PPMd + 489.517577068686 * filterOff + -19.4824229313191 * mtOff + -375.715521903746 * filterOff * HeaderCompressionOff + -415.851811790138 * filterOff * HeaderCompressionOff * LZMA + 436.085992428329 * mtOff * HeaderCompressionOff + 286.616549486222 * BZip2 * HeaderCompressionOff;4.07893747845583;4.07893747845583;4.07893747845583;4.07893747845583;0.713415;16;286.616549486222 * BZip2 * HeaderCompressionOff;2;0.119739813162632;
Elapsed=00:00:00.7137700
Learning progress:
1;8292.5 * CompressionMethod + -4541.01851851852 * x_0;33.895211940399;33.895211940399;33.895211940399;33.895211940399;0.00325;2;-4541.01851851852 * x_0;1;36.2316807165768;
2;7759.94871794871 * CompressionMethod + -4481.84615384615 * x_0 + 2130.20512820513 * BZip2;24.9164621132234;24.9164621132234;24.9164621132234;24.9164621132234;0.015528;3;2130.20512820513 * BZip2;1;8.97874982717562;
3;7844.89361702127 * CompressionMethod + -4184.5390070922 * x_0 + 1790.42553191489 * BZip2 + -1380.35460992908 * PPMd;19.5423564790085;19.5423564790085;19.5423564790085;19.5423564790085;0.036237;4;-1380.35460992908 * PPMd;1;5.37410563421486;
4;9023.33333333333 * CompressionMethod + -5598.66666666667 * x_0 + 2615.33333333333 * BZip2 + -1144.66666666666 * PPMd + -5538.66666666666 * x_2;17.2087450162252;17.2087450162252;17.2087450162252;17.2087450162252;0.066419;5;-5538.66666666666 * x_2;1;2.33361146278335;
5;19820 * CompressionMethod + -16395.3333333333 * x_0 + 2615.33333333333 * BZip2 + -1144.66666666666 * PPMd + -16335.3333333333 * x_2 + -16195 * x_4;11.0261597691827;11.0261597691827;11.0261597691827;11.0261597691827;0.106955;6;-16195 * x_4;1;6.18258524704248;
6;19272.3076923077 * CompressionMethod + -16322.3076923077 * x_0 + 2542.3076923077 * BZip2 + -1217.69230769229 * PPMd + -15714.6153846154 * x_2 + -16195 * x_4 + 547.692307692307 * Files_0;8.44336348166788;8.44336348166788;8.44336348166788;8.44336348166788;0.16517;7;547.692307692307 * Files_0;1;2.58279628751482;
7;19331.1111111111 * CompressionMethod + -16381.1111111111 * x_0 + 2537.40740740741 * BZip2 + -1222.59259259258 * PPMd + -15768.5185185186 * x_2 + -16195 * x_4 + 488.888888888884 * Files_0 + 127.407407407411 * filterOff;7.22636349284716;7.22636349284716;7.22636349284716;7.22636349284716;0.236728;8;127.407407407411 * filterOff;1;1.21699998882072;
8;19322.1436464088 * CompressionMethod + -16372.1436464088 * x_0 + 2497.80110497238 * BZip2 + -1221.84530386741 * PPMd + -15719.9447513812 * x_2 + -16195 * x_4 + 497.856353591155 * Files_0 + 269.392265193373 * filterOff + -242.121546961335 * filterOff * HeaderCompressionOff;5.69256269688954;5.69256269688954;5.69256269688954;5.69256269688954;0.331118;10;-242.121546961335 * filterOff * HeaderCompressionOff;2;0.76690039797881;
9;19270.6432748538 * CompressionMethod + -16320.6432748538 * x_0 + 2498.81091617933 * BZip2 + -1446.02339181286 * PPMd + -15669.4541910331 * x_2 + -16195 * x_4 + 549.3567251462 * Files_0 + 170.935672514627 * filterOff + -261.812865497088 * filterOff * HeaderCompressionOff + 456.939571150103 * PPMd * filterOff;4.18846029245647;4.18846029245647;4.18846029245647;4.18846029245647;0.453281;12;456.939571150103 * PPMd * filterOff;2;0.752051202216531;
10;19246.8847989093 * CompressionMethod + -16296.8847989093 * x_0 + 2720.55669166099 * BZip2 + -1469.78186775733 * PPMd + -15867.4414905703 * x_2 + -16195 * x_4 + 573.115201090676 * Files_0 + 143.217450579408 * filterOff + -297.450579413788 * filterOff * HeaderCompressionOff + 508.416269029778 * PPMd * filterOff + -451.411042944789 * BZip2 * mtOff;3.71111187901927;3.71111187901927;3.71111187901927;3.71111187901927;0.607243;14;-451.411042944789 * BZip2 * mtOff;2;0.238674206718603;
11;19276.0213776722 * CompressionMethod + -16326.0213776722 * x_0 + 2732.18378859858 * BZip2 + -1477.36638954869 * PPMd + -15908.2051662708 * x_2 + -16195 * x_4 + 543.978622327763 * Files_0 + 169.049881235153 * filterOff + -351.668646080768 * filterOff * HeaderCompressionOff + 518.72921615203 * PPMd * filterOff + -460.872921615201 * BZip2 * mtOff + 55.0816508313608 * HeaderCompressionOff;3.37527948305571;3.37527948305571;3.37527948305571;3.37527948305571;0.796216;15;55.0816508313608 * HeaderCompressionOff;1;0.335832395963555;
12;19315.0622406639 * CompressionMethod + -16365.0622406639 * x_0 + 2866.9398340249 * BZip2 + -1452.51037344398 * PPMd + -16082.0020746888 * x_2 + -16195 * x_4 + 504.937759336085 * Files_0 + 260.145228215762 * filterOff + -403.983402489634 * filterOff * HeaderCompressionOff + 462.510373444002 * PPMd * filterOff + -520.995850622414 * BZip2 * mtOff + 76.358921161825 * HeaderCompressionOff + -219.149377593362 * BZip2 * filterOff;2.72870787369023;2.72870787369023;2.72870787369023;2.72870787369023;1.013049;17;-219.149377593362 * BZip2 * filterOff;2;0.323285804682744;
13;19372.5622406639 * CompressionMethod + -16365.0622406639 * x_0 + 2866.9398340249 * BZip2 + -1452.51037344398 * PPMd + -16139.5020746888 * x_2 + -16252.5 * x_4 + 562.43775933611 * Files_0 + 260.145228215762 * filterOff + -403.983402489634 * filterOff * HeaderCompressionOff + 462.510373443996 * PPMd * filterOff + -520.995850622431 * BZip2 * mtOff + 76.3589211618158 * HeaderCompressionOff + -219.149377593363 * BZip2 * filterOff + -114.999999999989 * BlockSize_1;2.59454534113722;2.59454534113722;2.59454534113722;2.59454534113722;1.269713;18;-114.999999999989 * BlockSize_1;1;0.134162532553005;
Elapsed=00:00:01.2701178
Learning progress:
1;5325.2 * CompressionMethod + -3040.2 * PPMd;29.3022049871155;29.3022049871155;29.3022049871155;29.3022049871155;0.004151;2;-3040.2 * PPMd;1;74.7850266030949;
2;5865.26315789473 * CompressionMethod + -3580.26315789474 * PPMd + -2250.26315789474 * LZMA2;21.234610452715;21.234610452715;21.234610452715;21.234610452715;0.016007;3;-2250.26315789474 * LZMA2;1;8.06759453440047;
3;4530 * CompressionMethod + -3737.35294117647 * PPMd + -2407.35294117647 * LZMA2 + 1492.35294117646 * BlockSize_1;16.8494489543701;16.8494489543701;16.8494489543701;16.8494489543701;0.035879;4;1492.35294117646 * BlockSize_1;1;4.38516149834492;
4;4530 * CompressionMethod + -3989.01960784314 * PPMd + -2407.35294117647 * LZMA2 + 1492.35294117647 * BlockSize_1 + 503.333333333336 * PPMd * filterOff;14.7413701459237;14.7413701459237;14.7413701459237;14.7413701459237;0.069138;6;503.333333333336 * PPMd * filterOff;2;1.0540394042232;
5;4529.99999999999 * CompressionMethod + -3989.01960784314 * PPMd + -2645.68627450981 * LZMA2 + 1492.35294117647 * BlockSize_1 + 503.333333333333 * PPMd * filterOff + 476.666666666662 * LZMA2 * mtOff;13.1322999070459;13.1322999070459;13.1322999070459;13.1322999070459;0.116846;8;476.666666666662 * LZMA2 * mtOff;2;0.804535119438905;
6;4530 * CompressionMethod + -3989.01960784314 * PPMd + -2645.68627450981 * LZMA2 + 1492.35294117647 * BlockSize_1 + 426.666666666674 * PPMd * filterOff + 476.666666666658 * LZMA2 * mtOff + 230.000000000004 * PPMd * filterOff * mtOff;12.4276430443007;12.4276430443007;12.4276430443007;12.4276430443007;0.183172;11;230.000000000004 * PPMd * filterOff * mtOff;3;0.234885620915068;
7;2960 * CompressionMethod + -3989.01960784314 * PPMd + -2645.68627450981 * LZMA2 + 3062.35294117647 * BlockSize_1 + 426.666666666662 * PPMd * filterOff + 476.666666666666 * LZMA2 * mtOff + 229.999999999997 * PPMd * filterOff * mtOff + 3140 * x_2;12.3271068512712;12.3271068512712;12.3271068512712;12.3271068512712;0.274391;12;3140 * x_2;1;0.100536193029434;
Elapsed=00:00:00.2746920
Learning progress:
1;10466 * CompressionMethod + -6749.33333333333 * x_0;25.6434749926452;25.6434749926452;25.6434749926452;25.6434749926452;0.003351;2;-6749.33333333333 * x_0;1;28.7222688895711;
2;10466 * CompressionMethod + -6340.28571428572 * x_0 + -1840.71428571428 * PPMd;17.6951633935293;17.6951633935293;17.6951633935293;17.6951633935293;0.016851;3;-1840.71428571428 * PPMd;1;7.94831159911593;
3;10189.9438202247 * CompressionMethod + -6458.59550561798 * x_0 + -1446.34831460674 * PPMd + 1380.28089887641 * BZip2;9.69920804418522;9.69920804418522;9.69920804418522;9.69920804418522;0.039189;4;1380.28089887641 * BZip2;1;7.99595534934403;
4;7662.90780141844 * CompressionMethod + -4068.1560283688 * x_0 + -1309.75177304964 * PPMd + 1858.36879432624 * BZip2 + 12157.0921985816 * x_10;8.21037349286229;8.21037349286229;8.21037349286229;8.21037349286229;0.075548;5;12157.0921985816 * x_10;1;1.48883455132293;
5;7667.47181964573 * CompressionMethod + -4159.43639291465 * x_0 + -1330.28985507247 * PPMd + 1840.11272141707 * BZip2 + 12152.5281803543 * x_10 + 214.508856682765 * mtOff;6.57926481277824;6.57926481277824;6.57926481277824;6.57926481277824;0.124864;6;214.508856682765 * mtOff;1;1.63110868008405;
6;7667.47181964573 * CompressionMethod + -4159.43639291465 * x_0 + -1330.28985507246 * PPMd + 1840.11272141707 * BZip2 + 12152.5281803543 * x_10 + 202.008856682771 * mtOff + 37.4999999999978 * mtOff * HeaderCompressionOff;6.45036034710215;6.45036034710215;6.45036034710215;6.45036034710215;0.193078;8;37.4999999999978 * mtOff * HeaderCompressionOff;2;0.0644522328380455;
Elapsed=00:00:00.1933624
Learning progress:
1;3694.4 * CompressionMethod + 2490.6 * BZip2;19.7985346220913;19.7985346220913;19.7985346220913;19.7985346220913;0.003186;2;2490.6 * BZip2;1;26.5429972994566;
2;3694.4 * CompressionMethod + 2580.6 * BZip2 + -270.000000000004 * BZip2 * mtOff;19.5746123942492;19.5746123942492;19.5746123942492;19.5746123942492;0.01073;4;-270.000000000004 * BZip2 * mtOff;2;0.111961113921042;
Elapsed=00:00:00.0109224
Learning progress:
1;10466 * CompressionMethod + -6729.84615384615 * x_0;40.8444836652728;40.8444836652728;40.8444836652728;40.8444836652728;0.003608;2;-6729.84615384615 * x_0;1;55.6068964378054;
2;10163.2909379968 * CompressionMethod + -6718.20349761526 * x_0 + 1513.5453100159 * BZip2;27.5872970724681;27.5872970724681;27.5872970724681;27.5872970724681;0.017078;3;1513.5453100159 * BZip2;1;13.2571865928048;
3;11557.5 * CompressionMethod + -8377.9761904762 * x_0 + 2894.4761904762 * BZip2 + -8351.97619047621 * x_2;17.2063922449003;17.2063922449003;17.2063922449003;17.2063922449003;0.039953;4;-8351.97619047621 * x_2;1;10.3809048275678;
4;11557.5 * CompressionMethod + -8068.16666666667 * x_0 + 2584.66666666668 * BZip2 + -8042.16666666669 * x_2 + -1084.33333333333 * PPMd;11.2623825181136;11.2623825181136;11.2623825181136;11.2623825181136;0.107863;5;-1084.33333333333 * PPMd;1;5.94400972678664;
5;11557.5 * CompressionMethod + -8192.47101449275 * x_0 + 2584.66666666667 * BZip2 + -8042.16666666666 * x_2 + -1167.20289855072 * PPMd + 310.76086956521 * filterOff;8.94109016866813;8.94109016866813;8.94109016866813;8.94109016866813;0.191237;6;310.76086956521 * filterOff;1;2.32129234944547;
6;11557.5 * CompressionMethod + -8236.98973675055 * x_0 + 2596.26927983301 * BZip2 + -8053.76927983298 * x_2 + -1177.54435811202 * PPMd + 306.031543546324 * filterOff + 87.0195987475289 * mtOff;7.39257935776421;7.39257935776421;7.39257935776421;7.39257935776421;0.308622;7;87.0195987475289 * mtOff;1;1.54851081090392;
7;11557.5 * CompressionMethod + -8241.85961585021 * x_0 + 2606.33483980308 * BZip2 + -8063.83483980307 * x_2 + -1164.015010895 * PPMd + 365.413203131304 * filterOff + 88.5800177548154 * mtOff + -147.862561536612 * filterOff * HeaderCompressionOff;6.78311836061099;6.78311836061099;6.78311836061099;6.78311836061099;0.415348;9;-147.862561536612 * filterOff * HeaderCompressionOff;2;0.304730498576614;
Elapsed=00:00:00.4156503
Learning progress:
1;8292.5 * CompressionMethod + -4541.01851851852 * x_0;33.895211940399;33.895211940399;33.895211940399;33.895211940399;0.003196;2;-4541.01851851852 * x_0;1;36.2316807165768;
2;7759.94871794871 * CompressionMethod + -4481.84615384615 * x_0 + 2130.20512820513 * BZip2;24.9164621132234;24.9164621132234;24.9164621132234;24.9164621132234;0.014444;3;2130.20512820513 * BZip2;1;8.97874982717562;
3;7844.89361702127 * CompressionMethod + -4184.5390070922 * x_0 + 1790.42553191489 * BZip2 + -1380.35460992908 * PPMd;19.5423564790085;19.5423564790085;19.5423564790085;19.5423564790085;0.033646;4;-1380.35460992908 * PPMd;1;5.37410563421486;
4;9023.33333333333 * CompressionMethod + -5598.66666666667 * x_0 + 2615.33333333333 * BZip2 + -1144.66666666666 * PPMd + -5538.66666666666 * x_2;17.2087450162252;17.2087450162252;17.2087450162252;17.2087450162252;0.065275;5;-5538.66666666666 * x_2;1;2.33361146278335;
5;19820 * CompressionMethod + -16395.3333333333 * x_0 + 2615.33333333333 * BZip2 + -1144.66666666666 * PPMd + -16335.3333333333 * x_2 + -16195 * x_4;11.0261597691827;11.0261597691827;11.0261597691827;11.0261597691827;0.107555;6;-16195 * x_4;1;6.18258524704248;
6;19272.3076923077 * CompressionMethod + -16322.3076923077 * x_0 + 2542.3076923077 * BZip2 + -1217.69230769229 * PPMd + -15714.6153846154 * x_2 + -16195 * x_4 + 547.692307692307 * Files_0;8.44336348166788;8.44336348166788;8.44336348166788;8.44336348166788;0.162787;7;547.692307692307 * Files_0;1;2.58279628751482;
7;19331.1111111111 * CompressionMethod + -16381.1111111111 * x_0 + 2537.40740740741 * BZip2 + -1222.59259259258 * PPMd + -15768.5185185186 * x_2 + -16195 * x_4 + 488.888888888884 * Files_0 + 127.407407407411 * filterOff;7.22636349284716;7.22636349284716;7.22636349284716;7.22636349284716;0.237596;8;127.407407407411 * filterOff;1;1.21699998882072;
8;19322.1436464088 * CompressionMethod + -16372.1436464088 * x_0 + 2497.80110497238 * BZip2 + -1221.84530386741 * PPMd + -15719.9447513812 * x_2 + -16195 * x_4 + 497.856353591155 * Files_0 + 269.392265193373 * filterOff + -242.121546961335 * filterOff * HeaderCompressionOff;5.69256269688954;5.69256269688954;5.69256269688954;5.69256269688954;0.33149;10;-242.121546961335 * filterOff * HeaderCompressionOff;2;0.76690039797881;
9;19270.6432748538 * CompressionMethod + -16320.6432748538 * x_0 + 2498.81091617933 * BZip2 + -1446.02339181286 * PPMd + -15669.4541910331 * x_2 + -16195 * x_4 + 549.3567251462 * Files_0 + 170.935672514627 * filterOff + -261.812865497088 * filterOff * HeaderCompressionOff + 456.939571150103 * PPMd * filterOff;4.18846029245647;4.18846029245647;4.18846029245647;4.18846029245647;0.453748;12;456.939571150103 * PPMd * filterOff;2;0.752051202216531;
10;19246.8847989093 * CompressionMethod + -16296.8847989093 * x_0 + 2720.55669166099 * BZip2 + -1469.78186775733 * PPMd + -15867.4414905703 * x_2 + -16195 * x_4 + 573.115201090676 * Files_0 + 143.217450579408 * filterOff + -297.450579413788 * filterOff * HeaderCompressionOff + 508.416269029778 * PPMd * filterOff + -451.411042944789 * BZip2 * mtOff;3.71111187901927;3.71111187901927;3.71111187901927;3.71111187901927;0.601194;14;-451.411042944789 * BZip2 * mtOff;2;0.238674206718603;
Elapsed=00:00:00.6015258
Learning progress:
1;5325.2 * CompressionMethod + -3040.2 * PPMd;29.3022049871155;29.3022049871155;29.3022049871155;29.3022049871155;0.003361;2;-3040.2 * PPMd;1;74.7850266030949;
2;5865.26315789473 * CompressionMethod + -3580.26315789474 * PPMd + -2250.26315789474 * LZMA2;21.234610452715;21.234610452715;21.234610452715;21.234610452715;0.014167;3;-2250.26315789474 * LZMA2;1;8.06759453440047;
3;4530 * CompressionMethod + -3737.35294117647 * PPMd + -2407.35294117647 * LZMA2 + 1492.35294117646 * BlockSize_1;16.8494489543701;16.8494489543701;16.8494489543701;16.8494489543701;0.033649;4;1492.35294117646 * BlockSize_1;1;4.38516149834492;
4;4530 * CompressionMethod + -3989.01960784314 * PPMd + -2407.35294117647 * LZMA2 + 1492.35294117647 * BlockSize_1 + 503.333333333336 * PPMd * filterOff;14.7413701459237;14.7413701459237;14.7413701459237;14.7413701459237;0.06681;6;503.333333333336 * PPMd * filterOff;2;1.0540394042232;
5;4529.99999999999 * CompressionMethod + -3989.01960784314 * PPMd + -2645.68627450981 * LZMA2 + 1492.35294117647 * BlockSize_1 + 503.333333333333 * PPMd * filterOff + 476.666666666662 * LZMA2 * mtOff;13.1322999070459;13.1322999070459;13.1322999070459;13.1322999070459;0.114091;8;476.666666666662 * LZMA2 * mtOff;2;0.804535119438905;
6;4530 * CompressionMethod + -3989.01960784314 * PPMd + -2645.68627450981 * LZMA2 + 1492.35294117647 * BlockSize_1 + 426.666666666674 * PPMd * filterOff + 476.666666666658 * LZMA2 * mtOff + 230.000000000004 * PPMd * filterOff * mtOff;12.4276430443007;12.4276430443007;12.4276430443007;12.4276430443007;0.181291;11;230.000000000004 * PPMd * filterOff * mtOff;3;0.234885620915068;
Elapsed=00:00:00.1815829
Learning progress:
1;10466 * CompressionMethod + -6749.33333333333 * x_0;25.6434749926452;25.6434749926452;25.6434749926452;25.6434749926452;0.00399;2;-6749.33333333333 * x_0;1;28.7222688895711;
2;10466 * CompressionMethod + -6340.28571428572 * x_0 + -1840.71428571428 * PPMd;17.6951633935293;17.6951633935293;17.6951633935293;17.6951633935293;0.018263;3;-1840.71428571428 * PPMd;1;7.94831159911593;
3;10189.9438202247 * CompressionMethod + -6458.59550561798 * x_0 + -1446.34831460674 * PPMd + 1380.28089887641 * BZip2;9.69920804418522;9.69920804418522;9.69920804418522;9.69920804418522;0.040238;4;1380.28089887641 * BZip2;1;7.99595534934403;
4;7662.90780141844 * CompressionMethod + -4068.1560283688 * x_0 + -1309.75177304964 * PPMd + 1858.36879432624 * BZip2 + 12157.0921985816 * x_10;8.21037349286229;8.21037349286229;8.21037349286229;8.21037349286229;0.074504;5;12157.0921985816 * x_10;1;1.48883455132293;
5;7667.47181964573 * CompressionMethod + -4159.43639291465 * x_0 + -1330.28985507247 * PPMd + 1840.11272141707 * BZip2 + 12152.5281803543 * x_10 + 214.508856682765 * mtOff;6.57926481277824;6.57926481277824;6.57926481277824;6.57926481277824;0.124509;6;214.508856682765 * mtOff;1;1.63110868008405;
6;7667.47181964573 * CompressionMethod + -4159.43639291465 * x_0 + -1330.28985507246 * PPMd + 1840.11272141707 * BZip2 + 12152.5281803543 * x_10 + 202.008856682771 * mtOff + 37.4999999999978 * mtOff * HeaderCompressionOff;6.45036034710215;6.45036034710215;6.45036034710215;6.45036034710215;0.190141;8;37.4999999999978 * mtOff * HeaderCompressionOff;2;0.0644522328380455;
Elapsed=00:00:00.1904204
Learning progress:
1;3694.4 * CompressionMethod + 2490.6 * BZip2;19.7985346220913;19.7985346220913;19.7985346220913;19.7985346220913;0.003289;2;2490.6 * BZip2;1;26.5429972994566;
2;3694.4 * CompressionMethod + 2580.6 * BZip2 + -270.000000000004 * BZip2 * mtOff;19.5746123942492;19.5746123942492;19.5746123942492;19.5746123942492;0.010751;4;-270.000000000004 * BZip2 * mtOff;2;0.111961113921042;
3;3692.91666666667 * CompressionMethod + 2582.08333333334 * BZip2 + -270 * BZip2 * mtOff + 37.0833333333333 * BlockSize_4096;19.5673478802346;19.5673478802346;19.5673478802346;19.5673478802346;0.026299;5;37.0833333333333 * BlockSize_4096;1;0.00726451401459016;
Elapsed=00:00:00.0265029
Learning progress:
1;10466 * CompressionMethod + -6729.84615384615 * x_0;40.8444836652728;40.8444836652728;40.8444836652728;40.8444836652728;0.004269;2;-6729.84615384615 * x_0;1;55.6068964378054;
2;10163.2909379968 * CompressionMethod + -6718.20349761526 * x_0 + 1513.5453100159 * BZip2;27.5872970724681;27.5872970724681;27.5872970724681;27.5872970724681;0.018522;3;1513.5453100159 * BZip2;1;13.2571865928048;
3;11557.5 * CompressionMethod + -8377.9761904762 * x_0 + 2894.4761904762 * BZip2 + -8351.97619047621 * x_2;17.2063922449003;17.2063922449003;17.2063922449003;17.2063922449003;0.041124;4;-8351.97619047621 * x_2;1;10.3809048275678;
4;11557.5 * CompressionMethod + -8068.16666666667 * x_0 + 2584.66666666668 * BZip2 + -8042.16666666669 * x_2 + -1084.33333333333 * PPMd;11.2623825181136;11.2623825181136;11.2623825181136;11.2623825181136;0.07428;5;-1084.33333333333 * PPMd;1;5.94400972678664;
5;11557.5 * CompressionMethod + -8192.47101449275 * x_0 + 2584.66666666667 * BZip2 + -8042.16666666666 * x_2 + -1167.20289855072 * PPMd + 310.76086956521 * filterOff;8.94109016866813;8.94109016866813;8.94109016866813;8.94109016866813;0.120981;6;310.76086956521 * filterOff;1;2.32129234944547;
6;11557.5 * CompressionMethod + -8236.98973675055 * x_0 + 2596.26927983301 * BZip2 + -8053.76927983298 * x_2 + -1177.54435811202 * PPMd + 306.031543546324 * filterOff + 87.0195987475289 * mtOff;7.39257935776421;7.39257935776421;7.39257935776421;7.39257935776421;0.185364;7;87.0195987475289 * mtOff;1;1.54851081090392;
7;11557.5 * CompressionMethod + -8241.85961585021 * x_0 + 2606.33483980308 * BZip2 + -8063.83483980307 * x_2 + -1164.015010895 * PPMd + 365.413203131304 * filterOff + 88.5800177548154 * mtOff + -147.862561536612 * filterOff * HeaderCompressionOff;6.78311836061099;6.78311836061099;6.78311836061099;6.78311836061099;0.269886;9;-147.862561536612 * filterOff * HeaderCompressionOff;2;0.304730498576614;
8;11557.5 * CompressionMethod + -8242.16174382277 * x_0 + 2581.79380857711 * BZip2 + -8039.29380857712 * x_2 + -1205.11814825332 * PPMd + 367.898892360124 * filterOff + 111.445612042031 * mtOff + -74.3493325759797 * filterOff * HeaderCompressionOff + -340.333428003386 * filterOff * HeaderCompressionOff * LZMA;5.40016398234665;5.40016398234665;5.40016398234665;5.40016398234665;0.383365;12;-340.333428003386 * filterOff * HeaderCompressionOff * LZMA;3;0.46098479275478;
9;11557.5 * CompressionMethod + -8275.30062702586 * x_0 + 2685.65226632659 * BZip2 + -8143.15226632659 * x_2 + -1200.55157022158 * PPMd + 480.790690259837 * filterOff + -56.3698921302988 * mtOff + -318.099792762645 * filterOff * HeaderCompressionOff + -447.835166586943 * filterOff * HeaderCompressionOff * LZMA + 439.314788245915 * mtOff * HeaderCompressionOff;4.31841710478109;4.31841710478109;4.31841710478109;4.31841710478109;0.530587;14;439.314788245915 * mtOff * HeaderCompressionOff;2;0.540873438782778;
10;11557.5 * CompressionMethod + -8292.05381287183 * x_0 + 2581.03623580313 * BZip2 + -8038.53623580315 * x_2 + -1193.92644672795 * PPMd + 489.517577068686 * filterOff + -19.4824229313191 * mtOff + -375.715521903746 * filterOff * HeaderCompressionOff + -415.851811790138 * filterOff * HeaderCompressionOff * LZMA + 436.085992428329 * mtOff * HeaderCompressionOff + 286.616549486222 * BZip2 * HeaderCompressionOff;4.07893747845583;4.07893747845583;4.07893747845583;4.07893747845583;0.715237;16;286.616549486222 * BZip2 * HeaderCompressionOff;2;0.119739813162632;
11;11557.5 * CompressionMethod + -8294.94840052124 * x_0 + 2589.45100676784 * BZip2 + -8046.95100676782 * x_2 + -1184.67253772751 * PPMd + 473.18508554373 * filterOff + -19.5964521417568 * mtOff + -362.42380932365 * filterOff * HeaderCompressionOff + -464.387321871439 * filterOff * HeaderCompressionOff * LZMA + 436.609357265956 * mtOff * HeaderCompressionOff + 282.616755643364 * BZip2 * HeaderCompressionOff + 54.0615410483913 * filterOff * LZMA;4.03670178062593;4.03670178062593;4.03670178062593;4.03670178062593;0.935824;18;54.0615410483913 * filterOff * LZMA;2;0.0211178489149462;
Elapsed=00:00:00.9361889
Learning progress:
1;8292.5 * CompressionMethod + -4541.01851851852 * x_0;33.895211940399;33.895211940399;33.895211940399;33.895211940399;0.003026;2;-4541.01851851852 * x_0;1;36.2316807165768;
2;7759.94871794871 * CompressionMethod + -4481.84615384615 * x_0 + 2130.20512820513 * BZip2;24.9164621132234;24.9164621132234;24.9164621132234;24.9164621132234;0.015655;3;2130.20512820513 * BZip2;1;8.97874982717562;
3;7844.89361702127 * CompressionMethod + -4184.5390070922 * x_0 + 1790.42553191489 * BZip2 + -1380.35460992908 * PPMd;19.5423564790085;19.5423564790085;19.5423564790085;19.5423564790085;0.035564;4;-1380.35460992908 * PPMd;1;5.37410563421486;
4;9023.33333333333 * CompressionMethod + -5598.66666666667 * x_0 + 2615.33333333333 * BZip2 + -1144.66666666666 * PPMd + -5538.66666666666 * x_2;17.2087450162252;17.2087450162252;17.2087450162252;17.2087450162252;0.065641;5;-5538.66666666666 * x_2;1;2.33361146278335;
5;19820 * CompressionMethod + -16395.3333333333 * x_0 + 2615.33333333333 * BZip2 + -1144.66666666666 * PPMd + -16335.3333333333 * x_2 + -16195 * x_4;11.0261597691827;11.0261597691827;11.0261597691827;11.0261597691827;0.107424;6;-16195 * x_4;1;6.18258524704248;
6;19272.3076923077 * CompressionMethod + -16322.3076923077 * x_0 + 2542.3076923077 * BZip2 + -1217.69230769229 * PPMd + -15714.6153846154 * x_2 + -16195 * x_4 + 547.692307692307 * Files_0;8.44336348166788;8.44336348166788;8.44336348166788;8.44336348166788;0.161871;7;547.692307692307 * Files_0;1;2.58279628751482;
7;19331.1111111111 * CompressionMethod + -16381.1111111111 * x_0 + 2537.40740740741 * BZip2 + -1222.59259259258 * PPMd + -15768.5185185186 * x_2 + -16195 * x_4 + 488.888888888884 * Files_0 + 127.407407407411 * filterOff;7.22636349284716;7.22636349284716;7.22636349284716;7.22636349284716;0.234725;8;127.407407407411 * filterOff;1;1.21699998882072;
8;19322.1436464088 * CompressionMethod + -16372.1436464088 * x_0 + 2497.80110497238 * BZip2 + -1221.84530386741 * PPMd + -15719.9447513812 * x_2 + -16195 * x_4 + 497.856353591155 * Files_0 + 269.392265193373 * filterOff + -242.121546961335 * filterOff * HeaderCompressionOff;5.69256269688954;5.69256269688954;5.69256269688954;5.69256269688954;0.328106;10;-242.121546961335 * filterOff * HeaderCompressionOff;2;0.76690039797881;
9;19270.6432748538 * CompressionMethod + -16320.6432748538 * x_0 + 2498.81091617933 * BZip2 + -1446.02339181286 * PPMd + -15669.4541910331 * x_2 + -16195 * x_4 + 549.3567251462 * Files_0 + 170.935672514627 * filterOff + -261.812865497088 * filterOff * HeaderCompressionOff + 456.939571150103 * PPMd * filterOff;4.18846029245647;4.18846029245647;4.18846029245647;4.18846029245647;0.448029;12;456.939571150103 * PPMd * filterOff;2;0.752051202216531;
10;19246.8847989093 * CompressionMethod + -16296.8847989093 * x_0 + 2720.55669166099 * BZip2 + -1469.78186775733 * PPMd + -15867.4414905703 * x_2 + -16195 * x_4 + 573.115201090676 * Files_0 + 143.217450579408 * filterOff + -297.450579413788 * filterOff * HeaderCompressionOff + 508.416269029778 * PPMd * filterOff + -451.411042944789 * BZip2 * mtOff;3.71111187901927;3.71111187901927;3.71111187901927;3.71111187901927;0.60012;14;-451.411042944789 * BZip2 * mtOff;2;0.238674206718603;
11;19276.0213776722 * CompressionMethod + -16326.0213776722 * x_0 + 2732.18378859858 * BZip2 + -1477.36638954869 * PPMd + -15908.2051662708 * x_2 + -16195 * x_4 + 543.978622327763 * Files_0 + 169.049881235153 * filterOff + -351.668646080768 * filterOff * HeaderCompressionOff + 518.72921615203 * PPMd * filterOff + -460.872921615201 * BZip2 * mtOff + 55.0816508313608 * HeaderCompressionOff;3.37527948305571;3.37527948305571;3.37527948305571;3.37527948305571;0.787699;15;55.0816508313608 * HeaderCompressionOff;1;0.335832395963555;
12;19315.0622406639 * CompressionMethod + -16365.0622406639 * x_0 + 2866.9398340249 * BZip2 + -1452.51037344398 * PPMd + -16082.0020746888 * x_2 + -16195 * x_4 + 504.937759336085 * Files_0 + 260.145228215762 * filterOff + -403.983402489634 * filterOff * HeaderCompressionOff + 462.510373444002 * PPMd * filterOff + -520.995850622414 * BZip2 * mtOff + 76.358921161825 * HeaderCompressionOff + -219.149377593362 * BZip2 * filterOff;2.72870787369023;2.72870787369023;2.72870787369023;2.72870787369023;1.006879;17;-219.149377593362 * BZip2 * filterOff;2;0.323285804682744;
13;19372.5622406639 * CompressionMethod + -16365.0622406639 * x_0 + 2866.9398340249 * BZip2 + -1452.51037344398 * PPMd + -16139.5020746888 * x_2 + -16252.5 * x_4 + 562.43775933611 * Files_0 + 260.145228215762 * filterOff + -403.983402489634 * filterOff * HeaderCompressionOff + 462.510373443996 * PPMd * filterOff + -520.995850622431 * BZip2 * mtOff + 76.3589211618158 * HeaderCompressionOff + -219.149377593363 * BZip2 * filterOff + -114.999999999989 * BlockSize_1;2.59454534113722;2.59454534113722;2.59454534113722;2.59454534113722;1.263183;18;-114.999999999989 * BlockSize_1;1;0.134162532553005;
14;19360.6707317074 * CompressionMethod + -16353.1707317073 * x_0 + 2830.6707317073 * BZip2 + -1450.52845528455 * PPMd + -16091.3414634147 * x_2 + -16252.5 * x_4 + 574.329268292668 * Files_0 + 264.241192411912 * filterOff + -407.154471544731 * filterOff * HeaderCompressionOff + 460.528455284565 * PPMd * filterOff + -521.788617886167 * BZip2 * mtOff + 55.5487804878099 * HeaderCompressionOff + -222.452574525723 * BZip2 * filterOff + -115 * BlockSize_1 + 95.5284552845665 * BZip2 * HeaderCompressionOff;2.4778312828997;2.4778312828997;2.4778312828997;2.4778312828997;1.561746;20;95.5284552845665 * BZip2 * HeaderCompressionOff;2;0.0583570291187625;
Elapsed=00:00:01.5621710
Learning progress:
1;5325.2 * CompressionMethod + -3040.2 * PPMd;29.3022049871155;29.3022049871155;29.3022049871155;29.3022049871155;0.003539;2;-3040.2 * PPMd;1;74.7850266030949;
2;5865.26315789473 * CompressionMethod + -3580.26315789474 * PPMd + -2250.26315789474 * LZMA2;21.234610452715;21.234610452715;21.234610452715;21.234610452715;0.015156;3;-2250.26315789474 * LZMA2;1;8.06759453440047;
3;4530 * CompressionMethod + -3737.35294117647 * PPMd + -2407.35294117647 * LZMA2 + 1492.35294117646 * BlockSize_1;16.8494489543701;16.8494489543701;16.8494489543701;16.8494489543701;0.034543;4;1492.35294117646 * BlockSize_1;1;4.38516149834492;
4;4530 * CompressionMethod + -3989.01960784314 * PPMd + -2407.35294117647 * LZMA2 + 1492.35294117647 * BlockSize_1 + 503.333333333336 * PPMd * filterOff;14.7413701459237;14.7413701459237;14.7413701459237;14.7413701459237;0.068154;6;503.333333333336 * PPMd * filterOff;2;1.0540394042232;
5;4529.99999999999 * CompressionMethod + -3989.01960784314 * PPMd + -2645.68627450981 * LZMA2 + 1492.35294117647 * BlockSize_1 + 503.333333333333 * PPMd * filterOff + 476.666666666662 * LZMA2 * mtOff;13.1322999070459;13.1322999070459;13.1322999070459;13.1322999070459;0.115955;8;476.666666666662 * LZMA2 * mtOff;2;0.804535119438905;
6;4530 * CompressionMethod + -3989.01960784314 * PPMd + -2645.68627450981 * LZMA2 + 1492.35294117647 * BlockSize_1 + 426.666666666674 * PPMd * filterOff + 476.666666666658 * LZMA2 * mtOff + 230.000000000004 * PPMd * filterOff * mtOff;12.4276430443007;12.4276430443007;12.4276430443007;12.4276430443007;0.181555;11;230.000000000004 * PPMd * filterOff * mtOff;3;0.234885620915068;
7;2960 * CompressionMethod + -3989.01960784314 * PPMd + -2645.68627450981 * LZMA2 + 3062.35294117647 * BlockSize_1 + 426.666666666662 * PPMd * filterOff + 476.666666666666 * LZMA2 * mtOff + 229.999999999997 * PPMd * filterOff * mtOff + 3140 * x_2;12.3271068512712;12.3271068512712;12.3271068512712;12.3271068512712;0.272029;12;3140 * x_2;1;0.100536193029434;
8;3770.58823529413 * CompressionMethod + -3989.01960784314 * PPMd + -2645.68627450981 * LZMA2 + 2251.76470588235 * BlockSize_1 + 426.666666666664 * PPMd * filterOff + 476.666666666664 * LZMA2 * mtOff + 229.999999999995 * PPMd * filterOff * mtOff + 2329.41176470589 * x_2 + -810.588235294115 * Files_50;9.88269745212289;9.88269745212289;9.88269745212289;9.88269745212289;0.388903;13;-810.588235294115 * Files_50;1;2.44440939914835;
9;3770.58823529412 * CompressionMethod + -3989.01960784313 * PPMd + -1322.8431372549 * LZMA2 + 2251.76470588235 * BlockSize_1 + 426.666666666671 * PPMd * filterOff + 476.666666666669 * LZMA2 * mtOff + 229.999999999998 * PPMd * filterOff * mtOff + 2329.41176470589 * x_2 + -810.588235294118 * Files_50 + -1322.8431372549 * BlockSize_1 * LZMA2;9.8826974521227;9.8826974521227;9.8826974521227;9.8826974521227;0.5271;15;-1322.8431372549 * BlockSize_1 * LZMA2;2;9.2370555648813E-14;
Elapsed=00:00:00.5274270
Learning progress:
1;10466 * CompressionMethod + -6749.33333333333 * x_0;25.6434749926452;25.6434749926452;25.6434749926452;25.6434749926452;0.004091;2;-6749.33333333333 * x_0;1;28.7222688895711;
2;10466 * CompressionMethod + -6340.28571428572 * x_0 + -1840.71428571428 * PPMd;17.6951633935293;17.6951633935293;17.6951633935293;17.6951633935293;0.017703;3;-1840.71428571428 * PPMd;1;7.94831159911593;
3;10189.9438202247 * CompressionMethod + -6458.59550561798 * x_0 + -1446.34831460674 * PPMd + 1380.28089887641 * BZip2;9.69920804418522;9.69920804418522;9.69920804418522;9.69920804418522;0.039153;4;1380.28089887641 * BZip2;1;7.99595534934403;
4;7662.90780141844 * CompressionMethod + -4068.1560283688 * x_0 + -1309.75177304964 * PPMd + 1858.36879432624 * BZip2 + 12157.0921985816 * x_10;8.21037349286229;8.21037349286229;8.21037349286229;8.21037349286229;0.074332;5;12157.0921985816 * x_10;1;1.48883455132293;
5;7667.47181964573 * CompressionMethod + -4159.43639291465 * x_0 + -1330.28985507247 * PPMd + 1840.11272141707 * BZip2 + 12152.5281803543 * x_10 + 214.508856682765 * mtOff;6.57926481277824;6.57926481277824;6.57926481277824;6.57926481277824;0.123287;6;214.508856682765 * mtOff;1;1.63110868008405;
6;7667.47181964573 * CompressionMethod + -4159.43639291465 * x_0 + -1330.28985507246 * PPMd + 1840.11272141707 * BZip2 + 12152.5281803543 * x_10 + 202.008856682771 * mtOff + 37.4999999999978 * mtOff * HeaderCompressionOff;6.45036034710215;6.45036034710215;6.45036034710215;6.45036034710215;0.190208;8;37.4999999999978 * mtOff * HeaderCompressionOff;2;0.0644522328380455;
Elapsed=00:00:00.1905134
Learning progress:
1;3694.4 * CompressionMethod + 2490.6 * BZip2;19.7985346220913;19.7985346220913;19.7985346220913;19.7985346220913;0.002799;2;2490.6 * BZip2;1;26.5429972994566;
2;3694.4 * CompressionMethod + 2580.6 * BZip2 + -270.000000000004 * BZip2 * mtOff;19.5746123942492;19.5746123942492;19.5746123942492;19.5746123942492;0.012047;4;-270.000000000004 * BZip2 * mtOff;2;0.111961113921042;
Elapsed=00:00:00.0122405
Learning progress:
1;10466 * CompressionMethod + -6729.84615384615 * x_0;40.8444836652728;40.8444836652728;40.8444836652728;40.8444836652728;0.00401;2;-6729.84615384615 * x_0;1;55.6068964378054;
2;10163.2909379968 * CompressionMethod + -6718.20349761526 * x_0 + 1513.5453100159 * BZip2;27.5872970724681;27.5872970724681;27.5872970724681;27.5872970724681;0.018032;3;1513.5453100159 * BZip2;1;13.2571865928048;
3;11557.5 * CompressionMethod + -8377.9761904762 * x_0 + 2894.4761904762 * BZip2 + -8351.97619047621 * x_2;17.2063922449003;17.2063922449003;17.2063922449003;17.2063922449003;0.03992;4;-8351.97619047621 * x_2;1;10.3809048275678;
4;11557.5 * CompressionMethod + -8068.16666666667 * x_0 + 2584.66666666668 * BZip2 + -8042.16666666669 * x_2 + -1084.33333333333 * PPMd;11.2623825181136;11.2623825181136;11.2623825181136;11.2623825181136;0.073093;5;-1084.33333333333 * PPMd;1;5.94400972678664;
5;11557.5 * CompressionMethod + -8192.47101449275 * x_0 + 2584.66666666667 * BZip2 + -8042.16666666666 * x_2 + -1167.20289855072 * PPMd + 310.76086956521 * filterOff;8.94109016866813;8.94109016866813;8.94109016866813;8.94109016866813;0.122583;6;310.76086956521 * filterOff;1;2.32129234944547;
6;11557.5 * CompressionMethod + -8236.98973675055 * x_0 + 2596.26927983301 * BZip2 + -8053.76927983298 * x_2 + -1177.54435811202 * PPMd + 306.031543546324 * filterOff + 87.0195987475289 * mtOff;7.39257935776421;7.39257935776421;7.39257935776421;7.39257935776421;0.185822;7;87.0195987475289 * mtOff;1;1.54851081090392;
7;11557.5 * CompressionMethod + -8241.85961585021 * x_0 + 2606.33483980308 * BZip2 + -8063.83483980307 * x_2 + -1164.015010895 * PPMd + 365.413203131304 * filterOff + 88.5800177548154 * mtOff + -147.862561536612 * filterOff * HeaderCompressionOff;6.78311836061099;6.78311836061099;6.78311836061099;6.78311836061099;0.267916;9;-147.862561536612 * filterOff * HeaderCompressionOff;2;0.304730498576614;
8;11557.5 * CompressionMethod + -8242.16174382277 * x_0 + 2581.79380857711 * BZip2 + -8039.29380857712 * x_2 + -1205.11814825332 * PPMd + 367.898892360124 * filterOff + 111.445612042031 * mtOff + -74.3493325759797 * filterOff * HeaderCompressionOff + -340.333428003386 * filterOff * HeaderCompressionOff * LZMA;5.40016398234665;5.40016398234665;5.40016398234665;5.40016398234665;0.383462;12;-340.333428003386 * filterOff * HeaderCompressionOff * LZMA;3;0.46098479275478;
9;11557.5 * CompressionMethod + -8275.30062702586 * x_0 + 2685.65226632659 * BZip2 + -8143.15226632659 * x_2 + -1200.55157022158 * PPMd + 480.790690259837 * filterOff + -56.3698921302988 * mtOff + -318.099792762645 * filterOff * HeaderCompressionOff + -447.835166586943 * filterOff * HeaderCompressionOff * LZMA + 439.314788245915 * mtOff * HeaderCompressionOff;4.31841710478109;4.31841710478109;4.31841710478109;4.31841710478109;0.530048;14;439.314788245915 * mtOff * HeaderCompressionOff;2;0.540873438782778;
10;11557.5 * CompressionMethod + -8292.05381287183 * x_0 + 2581.03623580313 * BZip2 + -8038.53623580315 * x_2 + -1193.92644672795 * PPMd + 489.517577068686 * filterOff + -19.4824229313191 * mtOff + -375.715521903746 * filterOff * HeaderCompressionOff + -415.851811790138 * filterOff * HeaderCompressionOff * LZMA + 436.085992428329 * mtOff * HeaderCompressionOff + 286.616549486222 * BZip2 * HeaderCompressionOff;4.07893747845583;4.07893747845583;4.07893747845583;4.07893747845583;0.715151;16;286.616549486222 * BZip2 * HeaderCompressionOff;2;0.119739813162632;
Elapsed=00:00:00.7155160
Learning progress:
1;8292.5 * CompressionMethod + -4541.01851851852 * x_0;33.895211940399;33.895211940399;33.895211940399;33.895211940399;0.003225;2;-4541.01851851852 * x_0;1;36.2316807165768;
2;7759.94871794871 * CompressionMethod + -4481.84615384615 * x_0 + 2130.20512820513 * BZip2;24.9164621132234;24.9164621132234;24.9164621132234;24.9164621132234;0.014467;3;2130.20512820513 * BZip2;1;8.97874982717562;
3;7844.89361702127 * CompressionMethod + -4184.5390070922 * x_0 + 1790.42553191489 * BZip2 + -1380.35460992908 * PPMd;19.5423564790085;19.5423564790085;19.5423564790085;19.5423564790085;0.034146;4;-1380.35460992908 * PPMd;1;5.37410563421486;
4;9023.33333333333 * CompressionMethod + -5598.66666666667 * x_0 + 2615.33333333333 * BZip2 + -1144.66666666666 * PPMd + -5538.66666666666 * x_2;17.2087450162252;17.2087450162252;17.2087450162252;17.2087450162252;0.064877;5;-5538.66666666666 * x_2;1;2.33361146278335;
5;19820 * CompressionMethod + -16395.3333333333 * x_0 + 2615.33333333333 * BZip2 + -1144.66666666666 * PPMd + -16335.3333333333 * x_2 + -16195 * x_4;11.0261597691827;11.0261597691827;11.0261597691827;11.0261597691827;0.107513;6;-16195 * x_4;1;6.18258524704248;
6;19272.3076923077 * CompressionMethod + -16322.3076923077 * x_0 + 2542.3076923077 * BZip2 + -1217.69230769229 * PPMd + -15714.6153846154 * x_2 + -16195 * x_4 + 547.692307692307 * Files_0;8.44336348166788;8.44336348166788;8.44336348166788;8.44336348166788;0.161762;7;547.692307692307 * Files_0;1;2.58279628751482;
7;19331.1111111111 * CompressionMethod + -16381.1111111111 * x_0 + 2537.40740740741 * BZip2 + -1222.59259259258 * PPMd + -15768.5185185186 * x_2 + -16195 * x_4 + 488.888888888884 * Files_0 + 127.407407407411 * filterOff;7.22636349284716;7.22636349284716;7.22636349284716;7.22636349284716;0.23596;8;127.407407407411 * filterOff;1;1.21699998882072;
8;19322.1436464088 * CompressionMethod + -16372.1436464088 * x_0 + 2497.80110497238 * BZip2 + -1221.84530386741 * PPMd + -15719.9447513812 * x_2 + -16195 * x_4 + 497.856353591155 * Files_0 + 269.392265193373 * filterOff + -242.121546961335 * filterOff * HeaderCompressionOff;5.69256269688954;5.69256269688954;5.69256269688954;5.69256269688954;0.329045;10;-242.121546961335 * filterOff * HeaderCompressionOff;2;0.76690039797881;
9;19270.6432748538 * CompressionMethod + -16320.6432748538 * x_0 + 2498.81091617933 * BZip2 + -1446.02339181286 * PPMd + -15669.4541910331 * x_2 + -16195 * x_4 + 549.3567251462 * Files_0 + 170.935672514627 * filterOff + -261.812865497088 * filterOff * HeaderCompressionOff + 456.939571150103 * PPMd * filterOff;4.18846029245647;4.18846029245647;4.18846029245647;4.18846029245647;0.451786;12;456.939571150103 * PPMd * filterOff;2;0.752051202216531;
10;19246.8847989093 * CompressionMethod + -16296.8847989093 * x_0 + 2720.55669166099 * BZip2 + -1469.78186775733 * PPMd + -15867.4414905703 * x_2 + -16195 * x_4 + 573.115201090676 * Files_0 + 143.217450579408 * filterOff + -297.450579413788 * filterOff * HeaderCompressionOff + 508.416269029778 * PPMd * filterOff + -451.411042944789 * BZip2 * mtOff;3.71111187901927;3.71111187901927;3.71111187901927;3.71111187901927;0.601539;14;-451.411042944789 * BZip2 * mtOff;2;0.238674206718603;
11;19276.0213776722 * CompressionMethod + -16326.0213776722 * x_0 + 2732.18378859858 * BZip2 + -1477.36638954869 * PPMd + -15908.2051662708 * x_2 + -16195 * x_4 + 543.978622327763 * Files_0 + 169.049881235153 * filterOff + -351.668646080768 * filterOff * HeaderCompressionOff + 518.72921615203 * PPMd * filterOff + -460.872921615201 * BZip2 * mtOff + 55.0816508313608 * HeaderCompressionOff;3.37527948305571;3.37527948305571;3.37527948305571;3.37527948305571;0.787585;15;55.0816508313608 * HeaderCompressionOff;1;0.335832395963555;
12;19315.0622406639 * CompressionMethod + -16365.0622406639 * x_0 + 2866.9398340249 * BZip2 + -1452.51037344398 * PPMd + -16082.0020746888 * x_2 + -16195 * x_4 + 504.937759336085 * Files_0 + 260.145228215762 * filterOff + -403.983402489634 * filterOff * HeaderCompressionOff + 462.510373444002 * PPMd * filterOff + -520.995850622414 * BZip2 * mtOff + 76.358921161825 * HeaderCompressionOff + -219.149377593362 * BZip2 * filterOff;2.72870787369023;2.72870787369023;2.72870787369023;2.72870787369023;1.006135;17;-219.149377593362 * BZip2 * filterOff;2;0.323285804682744;
13;19372.5622406639 * CompressionMethod + -16365.0622406639 * x_0 + 2866.9398340249 * BZip2 + -1452.51037344398 * PPMd + -16139.5020746888 * x_2 + -16252.5 * x_4 + 562.43775933611 * Files_0 + 260.145228215762 * filterOff + -403.983402489634 * filterOff * HeaderCompressionOff + 462.510373443996 * PPMd * filterOff + -520.995850622431 * BZip2 * mtOff + 76.3589211618158 * HeaderCompressionOff + -219.149377593363 * BZip2 * filterOff + -114.999999999989 * BlockSize_1;2.59454534113722;2.59454534113722;2.59454534113722;2.59454534113722;1.268221;18;-114.999999999989 * BlockSize_1;1;0.134162532553005;
Elapsed=00:00:01.2686177
Learning progress:
1;5325.2 * CompressionMethod + -3040.2 * PPMd;29.3022049871155;29.3022049871155;29.3022049871155;29.3022049871155;0.005185;2;-3040.2 * PPMd;1;74.7850266030949;
2;5865.26315789473 * CompressionMethod + -3580.26315789474 * PPMd + -2250.26315789474 * LZMA2;21.234610452715;21.234610452715;21.234610452715;21.234610452715;0.014636;3;-2250.26315789474 * LZMA2;1;8.06759453440047;
3;4530 * CompressionMethod + -3737.35294117647 * PPMd + -2407.35294117647 * LZMA2 + 1492.35294117646 * BlockSize_1;16.8494489543701;16.8494489543701;16.8494489543701;16.8494489543701;0.033125;4;1492.35294117646 * BlockSize_1;1;4.38516149834492;
4;4530 * CompressionMethod + -3989.01960784314 * PPMd + -2407.35294117647 * LZMA2 + 1492.35294117647 * BlockSize_1 + 503.333333333336 * PPMd * filterOff;14.7413701459237;14.7413701459237;14.7413701459237;14.7413701459237;0.065842;6;503.333333333336 * PPMd * filterOff;2;1.0540394042232;
5;4529.99999999999 * CompressionMethod + -3989.01960784314 * PPMd + -2645.68627450981 * LZMA2 + 1492.35294117647 * BlockSize_1 + 503.333333333333 * PPMd * filterOff + 476.666666666662 * LZMA2 * mtOff;13.1322999070459;13.1322999070459;13.1322999070459;13.1322999070459;0.112454;8;476.666666666662 * LZMA2 * mtOff;2;0.804535119438905;
6;4530 * CompressionMethod + -3989.01960784314 * PPMd + -2645.68627450981 * LZMA2 + 1492.35294117647 * BlockSize_1 + 426.666666666674 * PPMd * filterOff + 476.666666666658 * LZMA2 * mtOff + 230.000000000004 * PPMd * filterOff * mtOff;12.4276430443007;12.4276430443007;12.4276430443007;12.4276430443007;0.179637;11;230.000000000004 * PPMd * filterOff * mtOff;3;0.234885620915068;
7;2960 * CompressionMethod + -3989.01960784314 * PPMd + -2645.68627450981 * LZMA2 + 3062.35294117647 * BlockSize_1 + 426.666666666662 * PPMd * filterOff + 476.666666666666 * LZMA2 * mtOff + 229.999999999997 * PPMd * filterOff * mtOff + 3140 * x_2;12.3271068512712;12.3271068512712;12.3271068512712;12.3271068512712;0.273859;12;3140 * x_2;1;0.100536193029434;
Elapsed=00:00:00.2741737
Learning progress:
1;10466 * CompressionMethod + -6749.33333333333 * x_0;25.6434749926452;25.6434749926452;25.6434749926452;25.6434749926452;0.003714;2;-6749.33333333333 * x_0;1;28.7222688895711;
2;10466 * CompressionMethod + -6340.28571428572 * x_0 + -1840.71428571428 * PPMd;17.6951633935293;17.6951633935293;17.6951633935293;17.6951633935293;0.017984;3;-1840.71428571428 * PPMd;1;7.94831159911593;
3;10189.9438202247 * CompressionMethod + -6458.59550561798 * x_0 + -1446.34831460674 * PPMd + 1380.28089887641 * BZip2;9.69920804418522;9.69920804418522;9.69920804418522;9.69920804418522;0.039424;4;1380.28089887641 * BZip2;1;7.99595534934403;
4;7662.90780141844 * CompressionMethod + -4068.1560283688 * x_0 + -1309.75177304964 * PPMd + 1858.36879432624 * BZip2 + 12157.0921985816 * x_10;8.21037349286229;8.21037349286229;8.21037349286229;8.21037349286229;0.074351;5;12157.0921985816 * x_10;1;1.48883455132293;
5;7667.47181964573 * CompressionMethod + -4159.43639291465 * x_0 + -1330.28985507247 * PPMd + 1840.11272141707 * BZip2 + 12152.5281803543 * x_10 + 214.508856682765 * mtOff;6.57926481277824;6.57926481277824;6.57926481277824;6.57926481277824;0.121618;6;214.508856682765 * mtOff;1;1.63110868008405;
6;7667.47181964573 * CompressionMethod + -4159.43639291465 * x_0 + -1330.28985507246 * PPMd + 1840.11272141707 * BZip2 + 12152.5281803543 * x_10 + 202.008856682771 * mtOff + 37.4999999999978 * mtOff * HeaderCompressionOff;6.45036034710215;6.45036034710215;6.45036034710215;6.45036034710215;0.18701;8;37.4999999999978 * mtOff * HeaderCompressionOff;2;0.0644522328380455;
Elapsed=00:00:00.1872910
Learning progress:
1;3694.4 * CompressionMethod + 2490.6 * BZip2;19.7985346220913;19.7985346220913;19.7985346220913;19.7985346220913;0.002832;2;2490.6 * BZip2;1;26.5429972994566;
2;3694.4 * CompressionMethod + 2580.6 * BZip2 + -270.000000000004 * BZip2 * mtOff;19.5746123942492;19.5746123942492;19.5746123942492;19.5746123942492;0.012185;4;-270.000000000004 * BZip2 * mtOff;2;0.111961113921042;
Elapsed=00:00:00.0123763
Learning progress:
1;10466 * CompressionMethod + -6729.84615384615 * x_0;40.8444836652728;40.8444836652728;40.8444836652728;40.8444836652728;0.003463;2;-6729.84615384615 * x_0;1;55.6068964378054;
2;10163.2909379968 * CompressionMethod + -6718.20349761526 * x_0 + 1513.5453100159 * BZip2;27.5872970724681;27.5872970724681;27.5872970724681;27.5872970724681;0.015709;3;1513.5453100159 * BZip2;1;13.2571865928048;
3;11557.5 * CompressionMethod + -8377.9761904762 * x_0 + 2894.4761904762 * BZip2 + -8351.97619047621 * x_2;17.2063922449003;17.2063922449003;17.2063922449003;17.2063922449003;0.038828;4;-8351.97619047621 * x_2;1;10.3809048275678;
4;11557.5 * CompressionMethod + -8068.16666666667 * x_0 + 2584.66666666668 * BZip2 + -8042.16666666669 * x_2 + -1084.33333333333 * PPMd;11.2623825181136;11.2623825181136;11.2623825181136;11.2623825181136;0.072412;5;-1084.33333333333 * PPMd;1;5.94400972678664;
5;11557.5 * CompressionMethod + -8192.47101449275 * x_0 + 2584.66666666667 * BZip2 + -8042.16666666666 * x_2 + -1167.20289855072 * PPMd + 310.76086956521 * filterOff;8.94109016866813;8.94109016866813;8.94109016866813;8.94109016866813;0.119441;6;310.76086956521 * filterOff;1;2.32129234944547;
6;11557.5 * CompressionMethod + -8236.98973675055 * x_0 + 2596.26927983301 * BZip2 + -8053.76927983298 * x_2 + -1177.54435811202 * PPMd + 306.031543546324 * filterOff + 87.0195987475289 * mtOff;7.39257935776421;7.39257935776421;7.39257935776421;7.39257935776421;0.184288;7;87.0195987475289 * mtOff;1;1.54851081090392;
7;11557.5 * CompressionMethod + -8241.85961585021 * x_0 + 2606.33483980308 * BZip2 + -8063.83483980307 * x_2 + -1164.015010895 * PPMd + 365.413203131304 * filterOff + 88.5800177548154 * mtOff + -147.862561536612 * filterOff * HeaderCompressionOff;6.78311836061099;6.78311836061099;6.78311836061099;6.78311836061099;0.270352;9;-147.862561536612 * filterOff * HeaderCompressionOff;2;0.304730498576614;
Elapsed=00:00:00.2706493
Learning progress:
1;8292.5 * CompressionMethod + -4541.01851851852 * x_0;33.895211940399;33.895211940399;33.895211940399;33.895211940399;0.003577;2;-4541.01851851852 * x_0;1;36.2316807165768;
2;7759.94871794871 * CompressionMethod + -4481.84615384615 * x_0 + 2130.20512820513 * BZip2;24.9164621132234;24.9164621132234;24.9164621132234;24.9164621132234;0.01679;3;2130.20512820513 * BZip2;1;8.97874982717562;
3;7844.89361702127 * CompressionMethod + -4184.5390070922 * x_0 + 1790.42553191489 * BZip2 + -1380.35460992908 * PPMd;19.5423564790085;19.5423564790085;19.5423564790085;19.5423564790085;0.03559;4;-1380.35460992908 * PPMd;1;5.37410563421486;
4;9023.33333333333 * CompressionMethod + -5598.66666666667 * x_0 + 2615.33333333333 * BZip2 + -1144.66666666666 * PPMd + -5538.66666666666 * x_2;17.2087450162252;17.2087450162252;17.2087450162252;17.2087450162252;0.065634;5;-5538.66666666666 * x_2;1;2.33361146278335;
5;19820 * CompressionMethod + -16395.3333333333 * x_0 + 2615.33333333333 * BZip2 + -1144.66666666666 * PPMd + -16335.3333333333 * x_2 + -16195 * x_4;11.0261597691827;11.0261597691827;11.0261597691827;11.0261597691827;0.109132;6;-16195 * x_4;1;6.18258524704248;
6;19272.3076923077 * CompressionMethod + -16322.3076923077 * x_0 + 2542.3076923077 * BZip2 + -1217.69230769229 * PPMd + -15714.6153846154 * x_2 + -16195 * x_4 + 547.692307692307 * Files_0;8.44336348166788;8.44336348166788;8.44336348166788;8.44336348166788;0.164901;7;547.692307692307 * Files_0;1;2.58279628751482;
7;19331.1111111111 * CompressionMethod + -16381.1111111111 * x_0 + 2537.40740740741 * BZip2 + -1222.59259259258 * PPMd + -15768.5185185186 * x_2 + -16195 * x_4 + 488.888888888884 * Files_0 + 127.407407407411 * filterOff;7.22636349284716;7.22636349284716;7.22636349284716;7.22636349284716;0.239325;8;127.407407407411 * filterOff;1;1.21699998882072;
8;19322.1436464088 * CompressionMethod + -16372.1436464088 * x_0 + 2497.80110497238 * BZip2 + -1221.84530386741 * PPMd + -15719.9447513812 * x_2 + -16195 * x_4 + 497.856353591155 * Files_0 + 269.392265193373 * filterOff + -242.121546961335 * filterOff * HeaderCompressionOff;5.69256269688954;5.69256269688954;5.69256269688954;5.69256269688954;0.332403;10;-242.121546961335 * filterOff * HeaderCompressionOff;2;0.76690039797881;
9;19270.6432748538 * CompressionMethod + -16320.6432748538 * x_0 + 2498.81091617933 * BZip2 + -1446.02339181286 * PPMd + -15669.4541910331 * x_2 + -16195 * x_4 + 549.3567251462 * Files_0 + 170.935672514627 * filterOff + -261.812865497088 * filterOff * HeaderCompressionOff + 456.939571150103 * PPMd * filterOff;4.18846029245647;4.18846029245647;4.18846029245647;4.18846029245647;0.452957;12;456.939571150103 * PPMd * filterOff;2;0.752051202216531;
10;19246.8847989093 * CompressionMethod + -16296.8847989093 * x_0 + 2720.55669166099 * BZip2 + -1469.78186775733 * PPMd + -15867.4414905703 * x_2 + -16195 * x_4 + 573.115201090676 * Files_0 + 143.217450579408 * filterOff + -297.450579413788 * filterOff * HeaderCompressionOff + 508.416269029778 * PPMd * filterOff + -451.411042944789 * BZip2 * mtOff;3.71111187901927;3.71111187901927;3.71111187901927;3.71111187901927;0.602096;14;-451.411042944789 * BZip2 * mtOff;2;0.238674206718603;
Elapsed=00:00:00.6024256
Learning progress:
1;5325.2 * CompressionMethod + -3040.2 * PPMd;29.3022049871155;29.3022049871155;29.3022049871155;29.3022049871155;0.005895;2;-3040.2 * PPMd;1;74.7850266030949;
2;5865.26315789473 * CompressionMethod + -3580.26315789474 * PPMd + -2250.26315789474 * LZMA2;21.234610452715;21.234610452715;21.234610452715;21.234610452715;0.015622;3;-2250.26315789474 * LZMA2;1;8.06759453440047;
3;4530 * CompressionMethod + -3737.35294117647 * PPMd + -2407.35294117647 * LZMA2 + 1492.35294117646 * BlockSize_1;16.8494489543701;16.8494489543701;16.8494489543701;16.8494489543701;0.034893;4;1492.35294117646 * BlockSize_1;1;4.38516149834492;
4;4530 * CompressionMethod + -3989.01960784314 * PPMd + -2407.35294117647 * LZMA2 + 1492.35294117647 * BlockSize_1 + 503.333333333336 * PPMd * filterOff;14.7413701459237;14.7413701459237;14.7413701459237;14.7413701459237;0.068851;6;503.333333333336 * PPMd * filterOff;2;1.0540394042232;
5;4529.99999999999 * CompressionMethod + -3989.01960784314 * PPMd + -2645.68627450981 * LZMA2 + 1492.35294117647 * BlockSize_1 + 503.333333333333 * PPMd * filterOff + 476.666666666662 * LZMA2 * mtOff;13.1322999070459;13.1322999070459;13.1322999070459;13.1322999070459;0.116108;8;476.666666666662 * LZMA2 * mtOff;2;0.804535119438905;
6;4530 * CompressionMethod + -3989.01960784314 * PPMd + -2645.68627450981 * LZMA2 + 1492.35294117647 * BlockSize_1 + 426.666666666674 * PPMd * filterOff + 476.666666666658 * LZMA2 * mtOff + 230.000000000004 * PPMd * filterOff * mtOff;12.4276430443007;12.4276430443007;12.4276430443007;12.4276430443007;0.184392;11;230.000000000004 * PPMd * filterOff * mtOff;3;0.234885620915068;
Elapsed=00:00:00.1846786
Learning progress:
1;10466 * CompressionMethod + -6749.33333333333 * x_0;25.6434749926452;25.6434749926452;25.6434749926452;25.6434749926452;0.005118;2;-6749.33333333333 * x_0;1;28.7222688895711;
2;10466 * CompressionMethod + -6340.28571428572 * x_0 + -1840.71428571428 * PPMd;17.6951633935293;17.6951633935293;17.6951633935293;17.6951633935293;0.016931;3;-1840.71428571428 * PPMd;1;7.94831159911593;
3;10189.9438202247 * CompressionMethod + -6458.59550561798 * x_0 + -1446.34831460674 * PPMd + 1380.28089887641 * BZip2;9.69920804418522;9.69920804418522;9.69920804418522;9.69920804418522;0.039035;4;1380.28089887641 * BZip2;1;7.99595534934403;
4;7662.90780141844 * CompressionMethod + -4068.1560283688 * x_0 + -1309.75177304964 * PPMd + 1858.36879432624 * BZip2 + 12157.0921985816 * x_10;8.21037349286229;8.21037349286229;8.21037349286229;8.21037349286229;0.073889;5;12157.0921985816 * x_10;1;1.48883455132293;
5;7667.47181964573 * CompressionMethod + -4159.43639291465 * x_0 + -1330.28985507247 * PPMd + 1840.11272141707 * BZip2 + 12152.5281803543 * x_10 + 214.508856682765 * mtOff;6.57926481277824;6.57926481277824;6.57926481277824;6.57926481277824;0.123706;6;214.508856682765 * mtOff;1;1.63110868008405;
6;7667.47181964573 * CompressionMethod + -4159.43639291465 * x_0 + -1330.28985507246 * PPMd + 1840.11272141707 * BZip2 + 12152.5281803543 * x_10 + 202.008856682771 * mtOff + 37.4999999999978 * mtOff * HeaderCompressionOff;6.45036034710215;6.45036034710215;6.45036034710215;6.45036034710215;0.190294;8;37.4999999999978 * mtOff * HeaderCompressionOff;2;0.0644522328380455;
Elapsed=00:00:00.1905702
Learning progress:
1;3694.4 * CompressionMethod + 2490.6 * BZip2;19.7985346220913;19.7985346220913;19.7985346220913;19.7985346220913;0.003615;2;2490.6 * BZip2;1;26.5429972994566;
2;3694.4 * CompressionMethod + 2580.6 * BZip2 + -270.000000000004 * BZip2 * mtOff;19.5746123942492;19.5746123942492;19.5746123942492;19.5746123942492;0.013473;4;-270.000000000004 * BZip2 * mtOff;2;0.111961113921042;
3;3692.91666666667 * CompressionMethod + 2582.08333333334 * BZip2 + -270 * BZip2 * mtOff + 37.0833333333333 * BlockSize_4096;19.5673478802346;19.5673478802346;19.5673478802346;19.5673478802346;0.030268;5;37.0833333333333 * BlockSize_4096;1;0.00726451401459016;
Elapsed=00:00:00.0304678
Learning progress:
1;10466 * CompressionMethod + -6729.84615384615 * x_0;40.8444836652728;40.8444836652728;40.8444836652728;40.8444836652728;0.003465;2;-6729.84615384615 * x_0;1;55.6068964378054;
2;10163.2909379968 * CompressionMethod + -6718.20349761526 * x_0 + 1513.5453100159 * BZip2;27.5872970724681;27.5872970724681;27.5872970724681;27.5872970724681;0.016844;3;1513.5453100159 * BZip2;1;13.2571865928048;
3;11557.5 * CompressionMethod + -8377.9761904762 * x_0 + 2894.4761904762 * BZip2 + -8351.97619047621 * x_2;17.2063922449003;17.2063922449003;17.2063922449003;17.2063922449003;0.039291;4;-8351.97619047621 * x_2;1;10.3809048275678;
4;11557.5 * CompressionMethod + -8068.16666666667 * x_0 + 2584.66666666668 * BZip2 + -8042.16666666669 * x_2 + -1084.33333333333 * PPMd;11.2623825181136;11.2623825181136;11.2623825181136;11.2623825181136;0.073034;5;-1084.33333333333 * PPMd;1;5.94400972678664;
5;11557.5 * CompressionMethod + -8192.47101449275 * x_0 + 2584.66666666667 * BZip2 + -8042.16666666666 * x_2 + -1167.20289855072 * PPMd + 310.76086956521 * filterOff;8.94109016866813;8.94109016866813;8.94109016866813;8.94109016866813;0.12247;6;310.76086956521 * filterOff;1;2.32129234944547;
6;11557.5 * CompressionMethod + -8236.98973675055 * x_0 + 2596.26927983301 * BZip2 + -8053.76927983298 * x_2 + -1177.54435811202 * PPMd + 306.031543546324 * filterOff + 87.0195987475289 * mtOff;7.39257935776421;7.39257935776421;7.39257935776421;7.39257935776421;0.188862;7;87.0195987475289 * mtOff;1;1.54851081090392;
7;11557.5 * CompressionMethod + -8241.85961585021 * x_0 + 2606.33483980308 * BZip2 + -8063.83483980307 * x_2 + -1164.015010895 * PPMd + 365.413203131304 * filterOff + 88.5800177548154 * mtOff + -147.862561536612 * filterOff * HeaderCompressionOff;6.78311836061099;6.78311836061099;6.78311836061099;6.78311836061099;0.27307;9;-147.862561536612 * filterOff * HeaderCompressionOff;2;0.304730498576614;
8;11557.5 * CompressionMethod + -8242.16174382277 * x_0 + 2581.79380857711 * BZip2 + -8039.29380857712 * x_2 + -1205.11814825332 * PPMd + 367.898892360124 * filterOff + 111.445612042031 * mtOff + -74.3493325759797 * filterOff * HeaderCompressionOff + -340.333428003386 * filterOff * HeaderCompressionOff * LZMA;5.40016398234665;5.40016398234665;5.40016398234665;5.40016398234665;0.385668;12;-340.333428003386 * filterOff * HeaderCompressionOff * LZMA;3;0.46098479275478;
9;11557.5 * CompressionMethod + -8275.30062702586 * x_0 + 2685.65226632659 * BZip2 + -8143.15226632659 * x_2 + -1200.55157022158 * PPMd + 480.790690259837 * filterOff + -56.3698921302988 * mtOff + -318.099792762645 * filterOff * HeaderCompressionOff + -447.835166586943 * filterOff * HeaderCompressionOff * LZMA + 439.314788245915 * mtOff * HeaderCompressionOff;4.31841710478109;4.31841710478109;4.31841710478109;4.31841710478109;0.532705;14;439.314788245915 * mtOff * HeaderCompressionOff;2;0.540873438782778;
10;11557.5 * CompressionMethod + -8292.05381287183 * x_0 + 2581.03623580313 * BZip2 + -8038.53623580315 * x_2 + -1193.92644672795 * PPMd + 489.517577068686 * filterOff + -19.4824229313191 * mtOff + -375.715521903746 * filterOff * HeaderCompressionOff + -415.851811790138 * filterOff * HeaderCompressionOff * LZMA + 436.085992428329 * mtOff * HeaderCompressionOff + 286.616549486222 * BZip2 * HeaderCompressionOff;4.07893747845583;4.07893747845583;4.07893747845583;4.07893747845583;0.718028;16;286.616549486222 * BZip2 * HeaderCompressionOff;2;0.119739813162632;
11;11557.5 * CompressionMethod + -8294.94840052124 * x_0 + 2589.45100676784 * BZip2 + -8046.95100676782 * x_2 + -1184.67253772751 * PPMd + 473.18508554373 * filterOff + -19.5964521417568 * mtOff + -362.42380932365 * filterOff * HeaderCompressionOff + -464.387321871439 * filterOff * HeaderCompressionOff * LZMA + 436.609357265956 * mtOff * HeaderCompressionOff + 282.616755643364 * BZip2 * HeaderCompressionOff + 54.0615410483913 * filterOff * LZMA;4.03670178062593;4.03670178062593;4.03670178062593;4.03670178062593;0.944238;18;54.0615410483913 * filterOff * LZMA;2;0.0211178489149462;
Elapsed=00:00:00.9446527
Learning progress:
1;8292.5 * CompressionMethod + -4541.01851851852 * x_0;33.895211940399;33.895211940399;33.895211940399;33.895211940399;0.003521;2;-4541.01851851852 * x_0;1;36.2316807165768;
2;7759.94871794871 * CompressionMethod + -4481.84615384615 * x_0 + 2130.20512820513 * BZip2;24.9164621132234;24.9164621132234;24.9164621132234;24.9164621132234;0.014292;3;2130.20512820513 * BZip2;1;8.97874982717562;
3;7844.89361702127 * CompressionMethod + -4184.5390070922 * x_0 + 1790.42553191489 * BZip2 + -1380.35460992908 * PPMd;19.5423564790085;19.5423564790085;19.5423564790085;19.5423564790085;0.032706;4;-1380.35460992908 * PPMd;1;5.37410563421486;
4;9023.33333333333 * CompressionMethod + -5598.66666666667 * x_0 + 2615.33333333333 * BZip2 + -1144.66666666666 * PPMd + -5538.66666666666 * x_2;17.2087450162252;17.2087450162252;17.2087450162252;17.2087450162252;0.062813;5;-5538.66666666666 * x_2;1;2.33361146278335;
5;19820 * CompressionMethod + -16395.3333333333 * x_0 + 2615.33333333333 * BZip2 + -1144.66666666666 * PPMd + -16335.3333333333 * x_2 + -16195 * x_4;11.0261597691827;11.0261597691827;11.0261597691827;11.0261597691827;0.104737;6;-16195 * x_4;1;6.18258524704248;
6;19272.3076923077 * CompressionMethod + -16322.3076923077 * x_0 + 2542.3076923077 * BZip2 + -1217.69230769229 * PPMd + -15714.6153846154 * x_2 + -16195 * x_4 + 547.692307692307 * Files_0;8.44336348166788;8.44336348166788;8.44336348166788;8.44336348166788;0.158798;7;547.692307692307 * Files_0;1;2.58279628751482;
7;19331.1111111111 * CompressionMethod + -16381.1111111111 * x_0 + 2537.40740740741 * BZip2 + -1222.59259259258 * PPMd + -15768.5185185186 * x_2 + -16195 * x_4 + 488.888888888884 * Files_0 + 127.407407407411 * filterOff;7.22636349284716;7.22636349284716;7.22636349284716;7.22636349284716;0.232791;8;127.407407407411 * filterOff;1;1.21699998882072;
8;19322.1436464088 * CompressionMethod + -16372.1436464088 * x_0 + 2497.80110497238 * BZip2 + -1221.84530386741 * PPMd + -15719.9447513812 * x_2 + -16195 * x_4 + 497.856353591155 * Files_0 + 269.392265193373 * filterOff + -242.121546961335 * filterOff * HeaderCompressionOff;5.69256269688954;5.69256269688954;5.69256269688954;5.69256269688954;0.324105;10;-242.121546961335 * filterOff * HeaderCompressionOff;2;0.76690039797881;
9;19270.6432748538 * CompressionMethod + -16320.6432748538 * x_0 + 2498.81091617933 * BZip2 + -1446.02339181286 * PPMd + -15669.4541910331 * x_2 + -16195 * x_4 + 549.3567251462 * Files_0 + 170.935672514627 * filterOff + -261.812865497088 * filterOff * HeaderCompressionOff + 456.939571150103 * PPMd * filterOff;4.18846029245647;4.18846029245647;4.18846029245647;4.18846029245647;0.447493;12;456.939571150103 * PPMd * filterOff;2;0.752051202216531;
10;19246.8847989093 * CompressionMethod + -16296.8847989093 * x_0 + 2720.55669166099 * BZip2 + -1469.78186775733 * PPMd + -15867.4414905703 * x_2 + -16195 * x_4 + 573.115201090676 * Files_0 + 143.217450579408 * filterOff + -297.450579413788 * filterOff * HeaderCompressionOff + 508.416269029778 * PPMd * filterOff + -451.411042944789 * BZip2 * mtOff;3.71111187901927;3.71111187901927;3.71111187901927;3.71111187901927;0.598586;14;-451.411042944789 * BZip2 * mtOff;2;0.238674206718603;
11;19276.0213776722 * CompressionMethod + -16326.0213776722 * x_0 + 2732.18378859858 * BZip2 + -1477.36638954869 * PPMd + -15908.2051662708 * x_2 + -16195 * x_4 + 543.978622327763 * Files_0 + 169.049881235153 * filterOff + -351.668646080768 * filterOff * HeaderCompressionOff + 518.72921615203 * PPMd * filterOff + -460.872921615201 * BZip2 * mtOff + 55.0816508313608 * HeaderCompressionOff;3.37527948305571;3.37527948305571;3.37527948305571;3.37527948305571;0.788622;15;55.0816508313608 * HeaderCompressionOff;1;0.335832395963555;
12;19315.0622406639 * CompressionMethod + -16365.0622406639 * x_0 + 2866.9398340249 * BZip2 + -1452.51037344398 * PPMd + -16082.0020746888 * x_2 + -16195 * x_4 + 504.937759336085 * Files_0 + 260.145228215762 * filterOff + -403.983402489634 * filterOff * HeaderCompressionOff + 462.510373444002 * PPMd * filterOff + -520.995850622414 * BZip2 * mtOff + 76.358921161825 * HeaderCompressionOff + -219.149377593362 * BZip2 * filterOff;2.72870787369023;2.72870787369023;2.72870787369023;2.72870787369023;1.004165;17;-219.149377593362 * BZip2 * filterOff;2;0.323285804682744;
13;19372.5622406639 * CompressionMethod + -16365.0622406639 * x_0 + 2866.9398340249 * BZip2 + -1452.51037344398 * PPMd + -16139.5020746888 * x_2 + -16252.5 * x_4 + 562.43775933611 * Files_0 + 260.145228215762 * filterOff + -403.983402489634 * filterOff * HeaderCompressionOff + 462.510373443996 * PPMd * filterOff + -520.995850622431 * BZip2 * mtOff + 76.3589211618158 * HeaderCompressionOff + -219.149377593363 * BZip2 * filterOff + -114.999999999989 * BlockSize_1;2.59454534113722;2.59454534113722;2.59454534113722;2.59454534113722;1.264499;18;-114.999999999989 * BlockSize_1;1;0.134162532553005;
14;19360.6707317074 * CompressionMethod + -16353.1707317073 * x_0 + 2830.6707317073 * BZip2 + -1450.52845528455 * PPMd + -16091.3414634147 * x_2 + -16252.5 * x_4 + 574.329268292668 * Files_0 + 264.241192411912 * filterOff + -407.154471544731 * filterOff * HeaderCompressionOff + 460.528455284565 * PPMd * filterOff + -521.788617886167 * BZip2 * mtOff + 55.5487804878099 * HeaderCompressionOff + -222.452574525723 * BZip2 * filterOff + -115 * BlockSize_1 + 95.5284552845665 * BZip2 * HeaderCompressionOff;2.4778312828997;2.4778312828997;2.4778312828997;2.4778312828997;1.562081;20;95.5284552845665 * BZip2 * HeaderCompressionOff;2;0.0583570291187625;
Elapsed=00:00:01.5624935
Learning progress:
1;5325.2 * CompressionMethod + -3040.2 * PPMd;29.3022049871155;29.3022049871155;29.3022049871155;29.3022049871155;0.005796;2;-3040.2 * PPMd;1;74.7850266030949;
2;5865.26315789473 * CompressionMethod + -3580.26315789474 * PPMd + -2250.26315789474 * LZMA2;21.234610452715;21.234610452715;21.234610452715;21.234610452715;0.015342;3;-2250.26315789474 * LZMA2;1;8.06759453440047;
3;4530 * CompressionMethod + -3737.35294117647 * PPMd + -2407.35294117647 * LZMA2 + 1492.35294117646 * BlockSize_1;16.8494489543701;16.8494489543701;16.8494489543701;16.8494489543701;0.034921;4;1492.35294117646 * BlockSize_1;1;4.38516149834492;
4;4530 * CompressionMethod + -3989.01960784314 * PPMd + -2407.35294117647 * LZMA2 + 1492.35294117647 * BlockSize_1 + 503.333333333336 * PPMd * filterOff;14.7413701459237;14.7413701459237;14.7413701459237;14.7413701459237;0.068933;6;503.333333333336 * PPMd * filterOff;2;1.0540394042232;
5;4529.99999999999 * CompressionMethod + -3989.01960784314 * PPMd + -2645.68627450981 * LZMA2 + 1492.35294117647 * BlockSize_1 + 503.333333333333 * PPMd * filterOff + 476.666666666662 * LZMA2 * mtOff;13.1322999070459;13.1322999070459;13.1322999070459;13.1322999070459;0.116303;8;476.666666666662 * LZMA2 * mtOff;2;0.804535119438905;
6;4530 * CompressionMethod + -3989.01960784314 * PPMd + -2645.68627450981 * LZMA2 + 1492.35294117647 * BlockSize_1 + 426.666666666674 * PPMd * filterOff + 476.666666666658 * LZMA2 * mtOff + 230.000000000004 * PPMd * filterOff * mtOff;12.4276430443007;12.4276430443007;12.4276430443007;12.4276430443007;0.183601;11;230.000000000004 * PPMd * filterOff * mtOff;3;0.234885620915068;
7;2960 * CompressionMethod + -3989.01960784314 * PPMd + -2645.68627450981 * LZMA2 + 3062.35294117647 * BlockSize_1 + 426.666666666662 * PPMd * filterOff + 476.666666666666 * LZMA2 * mtOff + 229.999999999997 * PPMd * filterOff * mtOff + 3140 * x_2;12.3271068512712;12.3271068512712;12.3271068512712;12.3271068512712;0.334732;12;3140 * x_2;1;0.100536193029434;
8;3770.58823529413 * CompressionMethod + -3989.01960784314 * PPMd + -2645.68627450981 * LZMA2 + 2251.76470588235 * BlockSize_1 + 426.666666666664 * PPMd * filterOff + 476.666666666664 * LZMA2 * mtOff + 229.999999999995 * PPMd * filterOff * mtOff + 2329.41176470589 * x_2 + -810.588235294115 * Files_50;9.88269745212289;9.88269745212289;9.88269745212289;9.88269745212289;0.516096;13;-810.588235294115 * Files_50;1;2.44440939914835;
9;3770.58823529412 * CompressionMethod + -3989.01960784313 * PPMd + -1322.8431372549 * LZMA2 + 2251.76470588235 * BlockSize_1 + 426.666666666671 * PPMd * filterOff + 476.666666666669 * LZMA2 * mtOff + 229.999999999998 * PPMd * filterOff * mtOff + 2329.41176470589 * x_2 + -810.588235294118 * Files_50 + -1322.8431372549 * BlockSize_1 * LZMA2;9.8826974521227;9.8826974521227;9.8826974521227;9.8826974521227;0.653773;15;-1322.8431372549 * BlockSize_1 * LZMA2;2;9.2370555648813E-14;
Elapsed=00:00:00.6540989
Learning progress:
1;10466 * CompressionMethod + -6749.33333333333 * x_0;25.6434749926452;25.6434749926452;25.6434749926452;25.6434749926452;0.003327;2;-6749.33333333333 * x_0;1;28.7222688895711;
2;10466 * CompressionMethod + -6340.28571428572 * x_0 + -1840.71428571428 * PPMd;17.6951633935293;17.6951633935293;17.6951633935293;17.6951633935293;0.016575;3;-1840.71428571428 * PPMd;1;7.94831159911593;
3;10189.9438202247 * CompressionMethod + -6458.59550561798 * x_0 + -1446.34831460674 * PPMd + 1380.28089887641 * BZip2;9.69920804418522;9.69920804418522;9.69920804418522;9.69920804418522;0.03857;4;1380.28089887641 * BZip2;1;7.99595534934403;
4;7662.90780141844 * CompressionMethod + -4068.1560283688 * x_0 + -1309.75177304964 * PPMd + 1858.36879432624 * BZip2 + 12157.0921985816 * x_10;8.21037349286229;8.21037349286229;8.21037349286229;8.21037349286229;0.07281;5;12157.0921985816 * x_10;1;1.48883455132293;
5;7667.47181964573 * CompressionMethod + -4159.43639291465 * x_0 + -1330.28985507247 * PPMd + 1840.11272141707 * BZip2 + 12152.5281803543 * x_10 + 214.508856682765 * mtOff;6.57926481277824;6.57926481277824;6.57926481277824;6.57926481277824;0.120213;6;214.508856682765 * mtOff;1;1.63110868008405;
6;7667.47181964573 * CompressionMethod + -4159.43639291465 * x_0 + -1330.28985507246 * PPMd + 1840.11272141707 * BZip2 + 12152.5281803543 * x_10 + 202.008856682771 * mtOff + 37.4999999999978 * mtOff * HeaderCompressionOff;6.45036034710215;6.45036034710215;6.45036034710215;6.45036034710215;0.186813;8;37.4999999999978 * mtOff * HeaderCompressionOff;2;0.0644522328380455;
Elapsed=00:00:00.1870932
Learning progress:
1;3694.4 * CompressionMethod + 2490.6 * BZip2;19.7985346220913;19.7985346220913;19.7985346220913;19.7985346220913;0.00261;2;2490.6 * BZip2;1;26.5429972994566;
2;3694.4 * CompressionMethod + 2580.6 * BZip2 + -270.000000000004 * BZip2 * mtOff;19.5746123942492;19.5746123942492;19.5746123942492;19.5746123942492;0.010428;4;-270.000000000004 * BZip2 * mtOff;2;0.111961113921042;
Elapsed=00:00:00.0106210
Learning progress:
1;10466 * CompressionMethod + -6729.84615384615 * x_0;40.8444836652728;40.8444836652728;40.8444836652728;40.8444836652728;0.003783;2;-6729.84615384615 * x_0;1;55.6068964378054;
2;10163.2909379968 * CompressionMethod + -6718.20349761526 * x_0 + 1513.5453100159 * BZip2;27.5872970724681;27.5872970724681;27.5872970724681;27.5872970724681;0.01737;3;1513.5453100159 * BZip2;1;13.2571865928048;
3;11557.5 * CompressionMethod + -8377.9761904762 * x_0 + 2894.4761904762 * BZip2 + -8351.97619047621 * x_2;17.2063922449003;17.2063922449003;17.2063922449003;17.2063922449003;0.038819;4;-8351.97619047621 * x_2;1;10.3809048275678;
4;11557.5 * CompressionMethod + -8068.16666666667 * x_0 + 2584.66666666668 * BZip2 + -8042.16666666669 * x_2 + -1084.33333333333 * PPMd;11.2623825181136;11.2623825181136;11.2623825181136;11.2623825181136;0.072618;5;-1084.33333333333 * PPMd;1;5.94400972678664;
5;11557.5 * CompressionMethod + -8192.47101449275 * x_0 + 2584.66666666667 * BZip2 + -8042.16666666666 * x_2 + -1167.20289855072 * PPMd + 310.76086956521 * filterOff;8.94109016866813;8.94109016866813;8.94109016866813;8.94109016866813;0.120274;6;310.76086956521 * filterOff;1;2.32129234944547;
6;11557.5 * CompressionMethod + -8236.98973675055 * x_0 + 2596.26927983301 * BZip2 + -8053.76927983298 * x_2 + -1177.54435811202 * PPMd + 306.031543546324 * filterOff + 87.0195987475289 * mtOff;7.39257935776421;7.39257935776421;7.39257935776421;7.39257935776421;0.1844;7;87.0195987475289 * mtOff;1;1.54851081090392;
7;11557.5 * CompressionMethod + -8241.85961585021 * x_0 + 2606.33483980308 * BZip2 + -8063.83483980307 * x_2 + -1164.015010895 * PPMd + 365.413203131304 * filterOff + 88.5800177548154 * mtOff + -147.862561536612 * filterOff * HeaderCompressionOff;6.78311836061099;6.78311836061099;6.78311836061099;6.78311836061099;0.270273;9;-147.862561536612 * filterOff * HeaderCompressionOff;2;0.304730498576614;
8;11557.5 * CompressionMethod + -8242.16174382277 * x_0 + 2581.79380857711 * BZip2 + -8039.29380857712 * x_2 + -1205.11814825332 * PPMd + 367.898892360124 * filterOff + 111.445612042031 * mtOff + -74.3493325759797 * filterOff * HeaderCompressionOff + -340.333428003386 * filterOff * HeaderCompressionOff * LZMA;5.40016398234665;5.40016398234665;5.40016398234665;5.40016398234665;0.385398;12;-340.333428003386 * filterOff * HeaderCompressionOff * LZMA;3;0.46098479275478;
9;11557.5 * CompressionMethod + -8275.30062702586 * x_0 + 2685.65226632659 * BZip2 + -8143.15226632659 * x_2 + -1200.55157022158 * PPMd + 480.790690259837 * filterOff + -56.3698921302988 * mtOff + -318.099792762645 * filterOff * HeaderCompressionOff + -447.835166586943 * filterOff * HeaderCompressionOff * LZMA + 439.314788245915 * mtOff * HeaderCompressionOff;4.31841710478109;4.31841710478109;4.31841710478109;4.31841710478109;0.531365;14;439.314788245915 * mtOff * HeaderCompressionOff;2;0.540873438782778;
10;11557.5 * CompressionMethod + -8292.05381287183 * x_0 + 2581.03623580313 * BZip2 + -8038.53623580315 * x_2 + -1193.92644672795 * PPMd + 489.517577068686 * filterOff + -19.4824229313191 * mtOff + -375.715521903746 * filterOff * HeaderCompressionOff + -415.851811790138 * filterOff * HeaderCompressionOff * LZMA + 436.085992428329 * mtOff * HeaderCompressionOff + 286.616549486222 * BZip2 * HeaderCompressionOff;4.07893747845583;4.07893747845583;4.07893747845583;4.07893747845583;0.71665;16;286.616549486222 * BZip2 * HeaderCompressionOff;2;0.119739813162632;
Elapsed=00:00:00.7169994
Learning progress:
1;8292.5 * CompressionMethod + -4541.01851851852 * x_0;33.895211940399;33.895211940399;33.895211940399;33.895211940399;0.003205;2;-4541.01851851852 * x_0;1;36.2316807165768;
2;7759.94871794871 * CompressionMethod + -4481.84615384615 * x_0 + 2130.20512820513 * BZip2;24.9164621132234;24.9164621132234;24.9164621132234;24.9164621132234;0.016461;3;2130.20512820513 * BZip2;1;8.97874982717562;
3;7844.89361702127 * CompressionMethod + -4184.5390070922 * x_0 + 1790.42553191489 * BZip2 + -1380.35460992908 * PPMd;19.5423564790085;19.5423564790085;19.5423564790085;19.5423564790085;0.035232;4;-1380.35460992908 * PPMd;1;5.37410563421486;
4;9023.33333333333 * CompressionMethod + -5598.66666666667 * x_0 + 2615.33333333333 * BZip2 + -1144.66666666666 * PPMd + -5538.66666666666 * x_2;17.2087450162252;17.2087450162252;17.2087450162252;17.2087450162252;0.065339;5;-5538.66666666666 * x_2;1;2.33361146278335;
5;19820 * CompressionMethod + -16395.3333333333 * x_0 + 2615.33333333333 * BZip2 + -1144.66666666666 * PPMd + -16335.3333333333 * x_2 + -16195 * x_4;11.0261597691827;11.0261597691827;11.0261597691827;11.0261597691827;0.105934;6;-16195 * x_4;1;6.18258524704248;
6;19272.3076923077 * CompressionMethod + -16322.3076923077 * x_0 + 2542.3076923077 * BZip2 + -1217.69230769229 * PPMd + -15714.6153846154 * x_2 + -16195 * x_4 + 547.692307692307 * Files_0;8.44336348166788;8.44336348166788;8.44336348166788;8.44336348166788;0.161745;7;547.692307692307 * Files_0;1;2.58279628751482;
7;19331.1111111111 * CompressionMethod + -16381.1111111111 * x_0 + 2537.40740740741 * BZip2 + -1222.59259259258 * PPMd + -15768.5185185186 * x_2 + -16195 * x_4 + 488.888888888884 * Files_0 + 127.407407407411 * filterOff;7.22636349284716;7.22636349284716;7.22636349284716;7.22636349284716;0.235058;8;127.407407407411 * filterOff;1;1.21699998882072;
8;19322.1436464088 * CompressionMethod + -16372.1436464088 * x_0 + 2497.80110497238 * BZip2 + -1221.84530386741 * PPMd + -15719.9447513812 * x_2 + -16195 * x_4 + 497.856353591155 * Files_0 + 269.392265193373 * filterOff + -242.121546961335 * filterOff * HeaderCompressionOff;5.69256269688954;5.69256269688954;5.69256269688954;5.69256269688954;0.329421;10;-242.121546961335 * filterOff * HeaderCompressionOff;2;0.76690039797881;
9;19270.6432748538 * CompressionMethod + -16320.6432748538 * x_0 + 2498.81091617933 * BZip2 + -1446.02339181286 * PPMd + -15669.4541910331 * x_2 + -16195 * x_4 + 549.3567251462 * Files_0 + 170.935672514627 * filterOff + -261.812865497088 * filterOff * HeaderCompressionOff + 456.939571150103 * PPMd * filterOff;4.18846029245647;4.18846029245647;4.18846029245647;4.18846029245647;0.449811;12;456.939571150103 * PPMd * filterOff;2;0.752051202216531;
10;19246.8847989093 * CompressionMethod + -16296.8847989093 * x_0 + 2720.55669166099 * BZip2 + -1469.78186775733 * PPMd + -15867.4414905703 * x_2 + -16195 * x_4 + 573.115201090676 * Files_0 + 143.217450579408 * filterOff + -297.450579413788 * filterOff * HeaderCompressionOff + 508.416269029778 * PPMd * filterOff + -451.411042944789 * BZip2 * mtOff;3.71111187901927;3.71111187901927;3.71111187901927;3.71111187901927;0.603663;14;-451.411042944789 * BZip2 * mtOff;2;0.238674206718603;
11;19276.0213776722 * CompressionMethod + -16326.0213776722 * x_0 + 2732.18378859858 * BZip2 + -1477.36638954869 * PPMd + -15908.2051662708 * x_2 + -16195 * x_4 + 543.978622327763 * Files_0 + 169.049881235153 * filterOff + -351.668646080768 * filterOff * HeaderCompressionOff + 518.72921615203 * PPMd * filterOff + -460.872921615201 * BZip2 * mtOff + 55.0816508313608 * HeaderCompressionOff;3.37527948305571;3.37527948305571;3.37527948305571;3.37527948305571;0.792395;15;55.0816508313608 * HeaderCompressionOff;1;0.335832395963555;
12;19315.0622406639 * CompressionMethod + -16365.0622406639 * x_0 + 2866.9398340249 * BZip2 + -1452.51037344398 * PPMd + -16082.0020746888 * x_2 + -16195 * x_4 + 504.937759336085 * Files_0 + 260.145228215762 * filterOff + -403.983402489634 * filterOff * HeaderCompressionOff + 462.510373444002 * PPMd * filterOff + -520.995850622414 * BZip2 * mtOff + 76.358921161825 * HeaderCompressionOff + -219.149377593362 * BZip2 * filterOff;2.72870787369023;2.72870787369023;2.72870787369023;2.72870787369023;1.007246;17;-219.149377593362 * BZip2 * filterOff;2;0.323285804682744;
13;19372.5622406639 * CompressionMethod + -16365.0622406639 * x_0 + 2866.9398340249 * BZip2 + -1452.51037344398 * PPMd + -16139.5020746888 * x_2 + -16252.5 * x_4 + 562.43775933611 * Files_0 + 260.145228215762 * filterOff + -403.983402489634 * filterOff * HeaderCompressionOff + 462.510373443996 * PPMd * filterOff + -520.995850622431 * BZip2 * mtOff + 76.3589211618158 * HeaderCompressionOff + -219.149377593363 * BZip2 * filterOff + -114.999999999989 * BlockSize_1;2.59454534113722;2.59454534113722;2.59454534113722;2.59454534113722;1.263617;18;-114.999999999989 * BlockSize_1;1;0.134162532553005;
Elapsed=00:00:01.2640333
Learning progress:
1;5325.2 * CompressionMethod + -3040.2 * PPMd;29.3022049871155;29.3022049871155;29.3022049871155;29.3022049871155;0.003341;2;-3040.2 * PPMd;1;74.7850266030949;
2;5865.26315789473 * CompressionMethod + -3580.26315789474 * PPMd + -2250.26315789474 * LZMA2;21.234610452715;21.234610452715;21.234610452715;21.234610452715;0.014405;3;-2250.26315789474 * LZMA2;1;8.06759453440047;
3;4530 * CompressionMethod + -3737.35294117647 * PPMd + -2407.35294117647 * LZMA2 + 1492.35294117646 * BlockSize_1;16.8494489543701;16.8494489543701;16.8494489543701;16.8494489543701;0.033475;4;1492.35294117646 * BlockSize_1;1;4.38516149834492;
4;4530 * CompressionMethod + -3989.01960784314 * PPMd + -2407.35294117647 * LZMA2 + 1492.35294117647 * BlockSize_1 + 503.333333333336 * PPMd * filterOff;14.7413701459237;14.7413701459237;14.7413701459237;14.7413701459237;0.065343;6;503.333333333336 * PPMd * filterOff;2;1.0540394042232;
5;4529.99999999999 * CompressionMethod + -3989.01960784314 * PPMd + -2645.68627450981 * LZMA2 + 1492.35294117647 * BlockSize_1 + 503.333333333333 * PPMd * filterOff + 476.666666666662 * LZMA2 * mtOff;13.1322999070459;13.1322999070459;13.1322999070459;13.1322999070459;0.113635;8;476.666666666662 * LZMA2 * mtOff;2;0.804535119438905;
6;4530 * CompressionMethod + -3989.01960784314 * PPMd + -2645.68627450981 * LZMA2 + 1492.35294117647 * BlockSize_1 + 426.666666666674 * PPMd * filterOff + 476.666666666658 * LZMA2 * mtOff + 230.000000000004 * PPMd * filterOff * mtOff;12.4276430443007;12.4276430443007;12.4276430443007;12.4276430443007;0.17979;11;230.000000000004 * PPMd * filterOff * mtOff;3;0.234885620915068;
7;2960 * CompressionMethod + -3989.01960784314 * PPMd + -2645.68627450981 * LZMA2 + 3062.35294117647 * BlockSize_1 + 426.666666666662 * PPMd * filterOff + 476.666666666666 * LZMA2 * mtOff + 229.999999999997 * PPMd * filterOff * mtOff + 3140 * x_2;12.3271068512712;12.3271068512712;12.3271068512712;12.3271068512712;0.273065;12;3140 * x_2;1;0.100536193029434;
Elapsed=00:00:00.2733655
Learning progress:
1;10466 * CompressionMethod + -6749.33333333333 * x_0;25.6434749926452;25.6434749926452;25.6434749926452;25.6434749926452;0.004129;2;-6749.33333333333 * x_0;1;28.7222688895711;
2;10466 * CompressionMethod + -6340.28571428572 * x_0 + -1840.71428571428 * PPMd;17.6951633935293;17.6951633935293;17.6951633935293;17.6951633935293;0.018577;3;-1840.71428571428 * PPMd;1;7.94831159911593;
3;10189.9438202247 * CompressionMethod + -6458.59550561798 * x_0 + -1446.34831460674 * PPMd + 1380.28089887641 * BZip2;9.69920804418522;9.69920804418522;9.69920804418522;9.69920804418522;0.042243;4;1380.28089887641 * BZip2;1;7.99595534934403;
4;7662.90780141844 * CompressionMethod + -4068.1560283688 * x_0 + -1309.75177304964 * PPMd + 1858.36879432624 * BZip2 + 12157.0921985816 * x_10;8.21037349286229;8.21037349286229;8.21037349286229;8.21037349286229;0.077042;5;12157.0921985816 * x_10;1;1.48883455132293;
5;7667.47181964573 * CompressionMethod + -4159.43639291465 * x_0 + -1330.28985507247 * PPMd + 1840.11272141707 * BZip2 + 12152.5281803543 * x_10 + 214.508856682765 * mtOff;6.57926481277824;6.57926481277824;6.57926481277824;6.57926481277824;0.125682;6;214.508856682765 * mtOff;1;1.63110868008405;
6;7667.47181964573 * CompressionMethod + -4159.43639291465 * x_0 + -1330.28985507246 * PPMd + 1840.11272141707 * BZip2 + 12152.5281803543 * x_10 + 202.008856682771 * mtOff + 37.4999999999978 * mtOff * HeaderCompressionOff;6.45036034710215;6.45036034710215;6.45036034710215;6.45036034710215;0.194413;8;37.4999999999978 * mtOff * HeaderCompressionOff;2;0.0644522328380455;
Elapsed=00:00:00.1947024
Learning progress:
1;3694.4 * CompressionMethod + 2490.6 * BZip2;19.7985346220913;19.7985346220913;19.7985346220913;19.7985346220913;0.003593;2;2490.6 * BZip2;1;26.5429972994566;
2;3694.4 * CompressionMethod + 2580.6 * BZip2 + -270.000000000004 * BZip2 * mtOff;19.5746123942492;19.5746123942492;19.5746123942492;19.5746123942492;0.011237;4;-270.000000000004 * BZip2 * mtOff;2;0.111961113921042;
Elapsed=00:00:00.0114301
Learning progress:
1;10466 * CompressionMethod + -6729.84615384615 * x_0;40.8444836652728;40.8444836652728;40.8444836652728;40.8444836652728;0.003362;2;-6729.84615384615 * x_0;1;55.6068964378054;
2;10163.2909379968 * CompressionMethod + -6718.20349761526 * x_0 + 1513.5453100159 * BZip2;27.5872970724681;27.5872970724681;27.5872970724681;27.5872970724681;0.016822;3;1513.5453100159 * BZip2;1;13.2571865928048;
3;11557.5 * CompressionMethod + -8377.9761904762 * x_0 + 2894.4761904762 * BZip2 + -8351.97619047621 * x_2;17.2063922449003;17.2063922449003;17.2063922449003;17.2063922449003;0.040183;4;-8351.97619047621 * x_2;1;10.3809048275678;
4;11557.5 * CompressionMethod + -8068.16666666667 * x_0 + 2584.66666666668 * BZip2 + -8042.16666666669 * x_2 + -1084.33333333333 * PPMd;11.2623825181136;11.2623825181136;11.2623825181136;11.2623825181136;0.073302;5;-1084.33333333333 * PPMd;1;5.94400972678664;
5;11557.5 * CompressionMethod + -8192.47101449275 * x_0 + 2584.66666666667 * BZip2 + -8042.16666666666 * x_2 + -1167.20289855072 * PPMd + 310.76086956521 * filterOff;8.94109016866813;8.94109016866813;8.94109016866813;8.94109016866813;0.120582;6;310.76086956521 * filterOff;1;2.32129234944547;
6;11557.5 * CompressionMethod + -8236.98973675055 * x_0 + 2596.26927983301 * BZip2 + -8053.76927983298 * x_2 + -1177.54435811202 * PPMd + 306.031543546324 * filterOff + 87.0195987475289 * mtOff;7.39257935776421;7.39257935776421;7.39257935776421;7.39257935776421;0.185616;7;87.0195987475289 * mtOff;1;1.54851081090392;
7;11557.5 * CompressionMethod + -8241.85961585021 * x_0 + 2606.33483980308 * BZip2 + -8063.83483980307 * x_2 + -1164.015010895 * PPMd + 365.413203131304 * filterOff + 88.5800177548154 * mtOff + -147.862561536612 * filterOff * HeaderCompressionOff;6.78311836061099;6.78311836061099;6.78311836061099;6.78311836061099;0.270144;9;-147.862561536612 * filterOff * HeaderCompressionOff;2;0.304730498576614;
Elapsed=00:00:00.2704401
Learning progress:
1;8292.5 * CompressionMethod + -4541.01851851852 * x_0;33.895211940399;33.895211940399;33.895211940399;33.895211940399;0.005016;2;-4541.01851851852 * x_0;1;36.2316807165768;
2;7759.94871794871 * CompressionMethod + -4481.84615384615 * x_0 + 2130.20512820513 * BZip2;24.9164621132234;24.9164621132234;24.9164621132234;24.9164621132234;0.015807;3;2130.20512820513 * BZip2;1;8.97874982717562;
3;7844.89361702127 * CompressionMethod + -4184.5390070922 * x_0 + 1790.42553191489 * BZip2 + -1380.35460992908 * PPMd;19.5423564790085;19.5423564790085;19.5423564790085;19.5423564790085;0.035485;4;-1380.35460992908 * PPMd;1;5.37410563421486;
4;9023.33333333333 * CompressionMethod + -5598.66666666667 * x_0 + 2615.33333333333 * BZip2 + -1144.66666666666 * PPMd + -5538.66666666666 * x_2;17.2087450162252;17.2087450162252;17.2087450162252;17.2087450162252;0.065715;5;-5538.66666666666 * x_2;1;2.33361146278335;
5;19820 * CompressionMethod + -16395.3333333333 * x_0 + 2615.33333333333 * BZip2 + -1144.66666666666 * PPMd + -16335.3333333333 * x_2 + -16195 * x_4;11.0261597691827;11.0261597691827;11.0261597691827;11.0261597691827;0.107034;6;-16195 * x_4;1;6.18258524704248;
6;19272.3076923077 * CompressionMethod + -16322.3076923077 * x_0 + 2542.3076923077 * BZip2 + -1217.69230769229 * PPMd + -15714.6153846154 * x_2 + -16195 * x_4 + 547.692307692307 * Files_0;8.44336348166788;8.44336348166788;8.44336348166788;8.44336348166788;0.164981;7;547.692307692307 * Files_0;1;2.58279628751482;
7;19331.1111111111 * CompressionMethod + -16381.1111111111 * x_0 + 2537.40740740741 * BZip2 + -1222.59259259258 * PPMd + -15768.5185185186 * x_2 + -16195 * x_4 + 488.888888888884 * Files_0 + 127.407407407411 * filterOff;7.22636349284716;7.22636349284716;7.22636349284716;7.22636349284716;0.238125;8;127.407407407411 * filterOff;1;1.21699998882072;
8;19322.1436464088 * CompressionMethod + -16372.1436464088 * x_0 + 2497.80110497238 * BZip2 + -1221.84530386741 * PPMd + -15719.9447513812 * x_2 + -16195 * x_4 + 497.856353591155 * Files_0 + 269.392265193373 * filterOff + -242.121546961335 * filterOff * HeaderCompressionOff;5.69256269688954;5.69256269688954;5.69256269688954;5.69256269688954;0.329511;10;-242.121546961335 * filterOff * HeaderCompressionOff;2;0.76690039797881;
9;19270.6432748538 * CompressionMethod + -16320.6432748538 * x_0 + 2498.81091617933 * BZip2 + -1446.02339181286 * PPMd + -15669.4541910331 * x_2 + -16195 * x_4 + 549.3567251462 * Files_0 + 170.935672514627 * filterOff + -261.812865497088 * filterOff * HeaderCompressionOff + 456.939571150103 * PPMd * filterOff;4.18846029245647;4.18846029245647;4.18846029245647;4.18846029245647;0.451314;12;456.939571150103 * PPMd * filterOff;2;0.752051202216531;
10;19246.8847989093 * CompressionMethod + -16296.8847989093 * x_0 + 2720.55669166099 * BZip2 + -1469.78186775733 * PPMd + -15867.4414905703 * x_2 + -16195 * x_4 + 573.115201090676 * Files_0 + 143.217450579408 * filterOff + -297.450579413788 * filterOff * HeaderCompressionOff + 508.416269029778 * PPMd * filterOff + -451.411042944789 * BZip2 * mtOff;3.71111187901927;3.71111187901927;3.71111187901927;3.71111187901927;0.600864;14;-451.411042944789 * BZip2 * mtOff;2;0.238674206718603;
Elapsed=00:00:00.6012461
Learning progress:
1;5325.2 * CompressionMethod + -3040.2 * PPMd;29.3022049871155;29.3022049871155;29.3022049871155;29.3022049871155;0.003508;2;-3040.2 * PPMd;1;74.7850266030949;
2;5865.26315789473 * CompressionMethod + -3580.26315789474 * PPMd + -2250.26315789474 * LZMA2;21.234610452715;21.234610452715;21.234610452715;21.234610452715;0.014728;3;-2250.26315789474 * LZMA2;1;8.06759453440047;
3;4530 * CompressionMethod + -3737.35294117647 * PPMd + -2407.35294117647 * LZMA2 + 1492.35294117646 * BlockSize_1;16.8494489543701;16.8494489543701;16.8494489543701;16.8494489543701;0.033331;4;1492.35294117646 * BlockSize_1;1;4.38516149834492;
4;4530 * CompressionMethod + -3989.01960784314 * PPMd + -2407.35294117647 * LZMA2 + 1492.35294117647 * BlockSize_1 + 503.333333333336 * PPMd * filterOff;14.7413701459237;14.7413701459237;14.7413701459237;14.7413701459237;0.065315;6;503.333333333336 * PPMd * filterOff;2;1.0540394042232;
5;4529.99999999999 * CompressionMethod + -3989.01960784314 * PPMd + -2645.68627450981 * LZMA2 + 1492.35294117647 * BlockSize_1 + 503.333333333333 * PPMd * filterOff + 476.666666666662 * LZMA2 * mtOff;13.1322999070459;13.1322999070459;13.1322999070459;13.1322999070459;0.113991;8;476.666666666662 * LZMA2 * mtOff;2;0.804535119438905;
6;4530 * CompressionMethod + -3989.01960784314 * PPMd + -2645.68627450981 * LZMA2 + 1492.35294117647 * BlockSize_1 + 426.666666666674 * PPMd * filterOff + 476.666666666658 * LZMA2 * mtOff + 230.000000000004 * PPMd * filterOff * mtOff;12.4276430443007;12.4276430443007;12.4276430443007;12.4276430443007;0.182386;11;230.000000000004 * PPMd * filterOff * mtOff;3;0.234885620915068;
Elapsed=00:00:00.1826760
Learning progress:
1;10466 * CompressionMethod + -6749.33333333333 * x_0;25.6434749926452;25.6434749926452;25.6434749926452;25.6434749926452;0.003486;2;-6749.33333333333 * x_0;1;28.7222688895711;
2;10466 * CompressionMethod + -6340.28571428572 * x_0 + -1840.71428571428 * PPMd;17.6951633935293;17.6951633935293;17.6951633935293;17.6951633935293;0.017578;3;-1840.71428571428 * PPMd;1;7.94831159911593;
3;10189.9438202247 * CompressionMethod + -6458.59550561798 * x_0 + -1446.34831460674 * PPMd + 1380.28089887641 * BZip2;9.69920804418522;9.69920804418522;9.69920804418522;9.69920804418522;0.039866;4;1380.28089887641 * BZip2;1;7.99595534934403;
4;7662.90780141844 * CompressionMethod + -4068.1560283688 * x_0 + -1309.75177304964 * PPMd + 1858.36879432624 * BZip2 + 12157.0921985816 * x_10;8.21037349286229;8.21037349286229;8.21037349286229;8.21037349286229;0.076352;5;12157.0921985816 * x_10;1;1.48883455132293;
5;7667.47181964573 * CompressionMethod + -4159.43639291465 * x_0 + -1330.28985507247 * PPMd + 1840.11272141707 * BZip2 + 12152.5281803543 * x_10 + 214.508856682765 * mtOff;6.57926481277824;6.57926481277824;6.57926481277824;6.57926481277824;0.123997;6;214.508856682765 * mtOff;1;1.63110868008405;
6;7667.47181964573 * CompressionMethod + -4159.43639291465 * x_0 + -1330.28985507246 * PPMd + 1840.11272141707 * BZip2 + 12152.5281803543 * x_10 + 202.008856682771 * mtOff + 37.4999999999978 * mtOff * HeaderCompressionOff;6.45036034710215;6.45036034710215;6.45036034710215;6.45036034710215;0.192797;8;37.4999999999978 * mtOff * HeaderCompressionOff;2;0.0644522328380455;
Elapsed=00:00:00.1930745
Learning progress:
1;3694.4 * CompressionMethod + 2490.6 * BZip2;19.7985346220913;19.7985346220913;19.7985346220913;19.7985346220913;0.004583;2;2490.6 * BZip2;1;26.5429972994566;
2;3694.4 * CompressionMethod + 2580.6 * BZip2 + -270.000000000004 * BZip2 * mtOff;19.5746123942492;19.5746123942492;19.5746123942492;19.5746123942492;0.012813;4;-270.000000000004 * BZip2 * mtOff;2;0.111961113921042;
3;3692.91666666667 * CompressionMethod + 2582.08333333334 * BZip2 + -270 * BZip2 * mtOff + 37.0833333333333 * BlockSize_4096;19.5673478802346;19.5673478802346;19.5673478802346;19.5673478802346;0.029326;5;37.0833333333333 * BlockSize_4096;1;0.00726451401459016;
Elapsed=00:00:00.0295291
Learning progress:
1;10466 * CompressionMethod + -6729.84615384615 * x_0;40.8444836652728;40.8444836652728;40.8444836652728;40.8444836652728;0.003486;2;-6729.84615384615 * x_0;1;55.6068964378054;
2;10163.2909379968 * CompressionMethod + -6718.20349761526 * x_0 + 1513.5453100159 * BZip2;27.5872970724681;27.5872970724681;27.5872970724681;27.5872970724681;0.018268;3;1513.5453100159 * BZip2;1;13.2571865928048;
3;11557.5 * CompressionMethod + -8377.9761904762 * x_0 + 2894.4761904762 * BZip2 + -8351.97619047621 * x_2;17.2063922449003;17.2063922449003;17.2063922449003;17.2063922449003;0.039583;4;-8351.97619047621 * x_2;1;10.3809048275678;
4;11557.5 * CompressionMethod + -8068.16666666667 * x_0 + 2584.66666666668 * BZip2 + -8042.16666666669 * x_2 + -1084.33333333333 * PPMd;11.2623825181136;11.2623825181136;11.2623825181136;11.2623825181136;0.071833;5;-1084.33333333333 * PPMd;1;5.94400972678664;
5;11557.5 * CompressionMethod + -8192.47101449275 * x_0 + 2584.66666666667 * BZip2 + -8042.16666666666 * x_2 + -1167.20289855072 * PPMd + 310.76086956521 * filterOff;8.94109016866813;8.94109016866813;8.94109016866813;8.94109016866813;0.12063;6;310.76086956521 * filterOff;1;2.32129234944547;
6;11557.5 * CompressionMethod + -8236.98973675055 * x_0 + 2596.26927983301 * BZip2 + -8053.76927983298 * x_2 + -1177.54435811202 * PPMd + 306.031543546324 * filterOff + 87.0195987475289 * mtOff;7.39257935776421;7.39257935776421;7.39257935776421;7.39257935776421;0.18595;7;87.0195987475289 * mtOff;1;1.54851081090392;
7;11557.5 * CompressionMethod + -8241.85961585021 * x_0 + 2606.33483980308 * BZip2 + -8063.83483980307 * x_2 + -1164.015010895 * PPMd + 365.413203131304 * filterOff + 88.5800177548154 * mtOff + -147.862561536612 * filterOff * HeaderCompressionOff;6.78311836061099;6.78311836061099;6.78311836061099;6.78311836061099;0.267627;9;-147.862561536612 * filterOff * HeaderCompressionOff;2;0.304730498576614;
8;11557.5 * CompressionMethod + -8242.16174382277 * x_0 + 2581.79380857711 * BZip2 + -8039.29380857712 * x_2 + -1205.11814825332 * PPMd + 367.898892360124 * filterOff + 111.445612042031 * mtOff + -74.3493325759797 * filterOff * HeaderCompressionOff + -340.333428003386 * filterOff * HeaderCompressionOff * LZMA;5.40016398234665;5.40016398234665;5.40016398234665;5.40016398234665;0.380261;12;-340.333428003386 * filterOff * HeaderCompressionOff * LZMA;3;0.46098479275478;
9;11557.5 * CompressionMethod + -8275.30062702586 * x_0 + 2685.65226632659 * BZip2 + -8143.15226632659 * x_2 + -1200.55157022158 * PPMd + 480.790690259837 * filterOff + -56.3698921302988 * mtOff + -318.099792762645 * filterOff * HeaderCompressionOff + -447.835166586943 * filterOff * HeaderCompressionOff * LZMA + 439.314788245915 * mtOff * HeaderCompressionOff;4.31841710478109;4.31841710478109;4.31841710478109;4.31841710478109;0.528019;14;439.314788245915 * mtOff * HeaderCompressionOff;2;0.540873438782778;
10;11557.5 * CompressionMethod + -8292.05381287183 * x_0 + 2581.03623580313 * BZip2 + -8038.53623580315 * x_2 + -1193.92644672795 * PPMd + 489.517577068686 * filterOff + -19.4824229313191 * mtOff + -375.715521903746 * filterOff * HeaderCompressionOff + -415.851811790138 * filterOff * HeaderCompressionOff * LZMA + 436.085992428329 * mtOff * HeaderCompressionOff + 286.616549486222 * BZip2 * HeaderCompressionOff;4.07893747845583;4.07893747845583;4.07893747845583;4.07893747845583;0.714054;16;286.616549486222 * BZip2 * HeaderCompressionOff;2;0.119739813162632;
11;11557.5 * CompressionMethod + -8294.94840052124 * x_0 + 2589.45100676784 * BZip2 + -8046.95100676782 * x_2 + -1184.67253772751 * PPMd + 473.18508554373 * filterOff + -19.5964521417568 * mtOff + -362.42380932365 * filterOff * HeaderCompressionOff + -464.387321871439 * filterOff * HeaderCompressionOff * LZMA + 436.609357265956 * mtOff * HeaderCompressionOff + 282.616755643364 * BZip2 * HeaderCompressionOff + 54.0615410483913 * filterOff * LZMA;4.03670178062593;4.03670178062593;4.03670178062593;4.03670178062593;0.93616;18;54.0615410483913 * filterOff * LZMA;2;0.0211178489149462;
Elapsed=00:00:00.9365289
Learning progress:
1;8292.5 * CompressionMethod + -4541.01851851852 * x_0;33.895211940399;33.895211940399;33.895211940399;33.895211940399;0.00323;2;-4541.01851851852 * x_0;1;36.2316807165768;
2;7759.94871794871 * CompressionMethod + -4481.84615384615 * x_0 + 2130.20512820513 * BZip2;24.9164621132234;24.9164621132234;24.9164621132234;24.9164621132234;0.015504;3;2130.20512820513 * BZip2;1;8.97874982717562;
3;7844.89361702127 * CompressionMethod + -4184.5390070922 * x_0 + 1790.42553191489 * BZip2 + -1380.35460992908 * PPMd;19.5423564790085;19.5423564790085;19.5423564790085;19.5423564790085;0.035691;4;-1380.35460992908 * PPMd;1;5.37410563421486;
4;9023.33333333333 * CompressionMethod + -5598.66666666667 * x_0 + 2615.33333333333 * BZip2 + -1144.66666666666 * PPMd + -5538.66666666666 * x_2;17.2087450162252;17.2087450162252;17.2087450162252;17.2087450162252;0.063857;5;-5538.66666666666 * x_2;1;2.33361146278335;
5;19820 * CompressionMethod + -16395.3333333333 * x_0 + 2615.33333333333 * BZip2 + -1144.66666666666 * PPMd + -16335.3333333333 * x_2 + -16195 * x_4;11.0261597691827;11.0261597691827;11.0261597691827;11.0261597691827;0.105131;6;-16195 * x_4;1;6.18258524704248;
6;19272.3076923077 * CompressionMethod + -16322.3076923077 * x_0 + 2542.3076923077 * BZip2 + -1217.69230769229 * PPMd + -15714.6153846154 * x_2 + -16195 * x_4 + 547.692307692307 * Files_0;8.44336348166788;8.44336348166788;8.44336348166788;8.44336348166788;0.16236;7;547.692307692307 * Files_0;1;2.58279628751482;
7;19331.1111111111 * CompressionMethod + -16381.1111111111 * x_0 + 2537.40740740741 * BZip2 + -1222.59259259258 * PPMd + -15768.5185185186 * x_2 + -16195 * x_4 + 488.888888888884 * Files_0 + 127.407407407411 * filterOff;7.22636349284716;7.22636349284716;7.22636349284716;7.22636349284716;0.237509;8;127.407407407411 * filterOff;1;1.21699998882072;
8;19322.1436464088 * CompressionMethod + -16372.1436464088 * x_0 + 2497.80110497238 * BZip2 + -1221.84530386741 * PPMd + -15719.9447513812 * x_2 + -16195 * x_4 + 497.856353591155 * Files_0 + 269.392265193373 * filterOff + -242.121546961335 * filterOff * HeaderCompressionOff;5.69256269688954;5.69256269688954;5.69256269688954;5.69256269688954;0.330343;10;-242.121546961335 * filterOff * HeaderCompressionOff;2;0.76690039797881;
9;19270.6432748538 * CompressionMethod + -16320.6432748538 * x_0 + 2498.81091617933 * BZip2 + -1446.02339181286 * PPMd + -15669.4541910331 * x_2 + -16195 * x_4 + 549.3567251462 * Files_0 + 170.935672514627 * filterOff + -261.812865497088 * filterOff * HeaderCompressionOff + 456.939571150103 * PPMd * filterOff;4.18846029245647;4.18846029245647;4.18846029245647;4.18846029245647;0.451276;12;456.939571150103 * PPMd * filterOff;2;0.752051202216531;
10;19246.8847989093 * CompressionMethod + -16296.8847989093 * x_0 + 2720.55669166099 * BZip2 + -1469.78186775733 * PPMd + -15867.4414905703 * x_2 + -16195 * x_4 + 573.115201090676 * Files_0 + 143.217450579408 * filterOff + -297.450579413788 * filterOff * HeaderCompressionOff + 508.416269029778 * PPMd * filterOff + -451.411042944789 * BZip2 * mtOff;3.71111187901927;3.71111187901927;3.71111187901927;3.71111187901927;0.601445;14;-451.411042944789 * BZip2 * mtOff;2;0.238674206718603;
11;19276.0213776722 * CompressionMethod + -16326.0213776722 * x_0 + 2732.18378859858 * BZip2 + -1477.36638954869 * PPMd + -15908.2051662708 * x_2 + -16195 * x_4 + 543.978622327763 * Files_0 + 169.049881235153 * filterOff + -351.668646080768 * filterOff * HeaderCompressionOff + 518.72921615203 * PPMd * filterOff + -460.872921615201 * BZip2 * mtOff + 55.0816508313608 * HeaderCompressionOff;3.37527948305571;3.37527948305571;3.37527948305571;3.37527948305571;0.789146;15;55.0816508313608 * HeaderCompressionOff;1;0.335832395963555;
12;19315.0622406639 * CompressionMethod + -16365.0622406639 * x_0 + 2866.9398340249 * BZip2 + -1452.51037344398 * PPMd + -16082.0020746888 * x_2 + -16195 * x_4 + 504.937759336085 * Files_0 + 260.145228215762 * filterOff + -403.983402489634 * filterOff * HeaderCompressionOff + 462.510373444002 * PPMd * filterOff + -520.995850622414 * BZip2 * mtOff + 76.358921161825 * HeaderCompressionOff + -219.149377593362 * BZip2 * filterOff;2.72870787369023;2.72870787369023;2.72870787369023;2.72870787369023;1.006141;17;-219.149377593362 * BZip2 * filterOff;2;0.323285804682744;
13;19372.5622406639 * CompressionMethod + -16365.0622406639 * x_0 + 2866.9398340249 * BZip2 + -1452.51037344398 * PPMd + -16139.5020746888 * x_2 + -16252.5 * x_4 + 562.43775933611 * Files_0 + 260.145228215762 * filterOff + -403.983402489634 * filterOff * HeaderCompressionOff + 462.510373443996 * PPMd * filterOff + -520.995850622431 * BZip2 * mtOff + 76.3589211618158 * HeaderCompressionOff + -219.149377593363 * BZip2 * filterOff + -114.999999999989 * BlockSize_1;2.59454534113722;2.59454534113722;2.59454534113722;2.59454534113722;1.26364;18;-114.999999999989 * BlockSize_1;1;0.134162532553005;
14;19360.6707317074 * CompressionMethod + -16353.1707317073 * x_0 + 2830.6707317073 * BZip2 + -1450.52845528455 * PPMd + -16091.3414634147 * x_2 + -16252.5 * x_4 + 574.329268292668 * Files_0 + 264.241192411912 * filterOff + -407.154471544731 * filterOff * HeaderCompressionOff + 460.528455284565 * PPMd * filterOff + -521.788617886167 * BZip2 * mtOff + 55.5487804878099 * HeaderCompressionOff + -222.452574525723 * BZip2 * filterOff + -115 * BlockSize_1 + 95.5284552845665 * BZip2 * HeaderCompressionOff;2.4778312828997;2.4778312828997;2.4778312828997;2.4778312828997;1.563782;20;95.5284552845665 * BZip2 * HeaderCompressionOff;2;0.0583570291187625;
Elapsed=00:00:01.5641963
Learning progress:
1;5325.2 * CompressionMethod + -3040.2 * PPMd;29.3022049871155;29.3022049871155;29.3022049871155;29.3022049871155;0.003588;2;-3040.2 * PPMd;1;74.7850266030949;
2;5865.26315789473 * CompressionMethod + -3580.26315789474 * PPMd + -2250.26315789474 * LZMA2;21.234610452715;21.234610452715;21.234610452715;21.234610452715;0.013568;3;-2250.26315789474 * LZMA2;1;8.06759453440047;
3;4530 * CompressionMethod + -3737.35294117647 * PPMd + -2407.35294117647 * LZMA2 + 1492.35294117646 * BlockSize_1;16.8494489543701;16.8494489543701;16.8494489543701;16.8494489543701;0.032801;4;1492.35294117646 * BlockSize_1;1;4.38516149834492;
4;4530 * CompressionMethod + -3989.01960784314 * PPMd + -2407.35294117647 * LZMA2 + 1492.35294117647 * BlockSize_1 + 503.333333333336 * PPMd * filterOff;14.7413701459237;14.7413701459237;14.7413701459237;14.7413701459237;0.06524;6;503.333333333336 * PPMd * filterOff;2;1.0540394042232;
5;4529.99999999999 * CompressionMethod + -3989.01960784314 * PPMd + -2645.68627450981 * LZMA2 + 1492.35294117647 * BlockSize_1 + 503.333333333333 * PPMd * filterOff + 476.666666666662 * LZMA2 * mtOff;13.1322999070459;13.1322999070459;13.1322999070459;13.1322999070459;0.11385;8;476.666666666662 * LZMA2 * mtOff;2;0.804535119438905;
6;4530 * CompressionMethod + -3989.01960784314 * PPMd + -2645.68627450981 * LZMA2 + 1492.35294117647 * BlockSize_1 + 426.666666666674 * PPMd * filterOff + 476.666666666658 * LZMA2 * mtOff + 230.000000000004 * PPMd * filterOff * mtOff;12.4276430443007;12.4276430443007;12.4276430443007;12.4276430443007;0.180073;11;230.000000000004 * PPMd * filterOff * mtOff;3;0.234885620915068;
7;2960 * CompressionMethod + -3989.01960784314 * PPMd + -2645.68627450981 * LZMA2 + 3062.35294117647 * BlockSize_1 + 426.666666666662 * PPMd * filterOff + 476.666666666666 * LZMA2 * mtOff + 229.999999999997 * PPMd * filterOff * mtOff + 3140 * x_2;12.3271068512712;12.3271068512712;12.3271068512712;12.3271068512712;0.270785;12;3140 * x_2;1;0.100536193029434;
8;3770.58823529413 * CompressionMethod + -3989.01960784314 * PPMd + -2645.68627450981 * LZMA2 + 2251.76470588235 * BlockSize_1 + 426.666666666664 * PPMd * filterOff + 476.666666666664 * LZMA2 * mtOff + 229.999999999995 * PPMd * filterOff * mtOff + 2329.41176470589 * x_2 + -810.588235294115 * Files_50;9.88269745212289;9.88269745212289;9.88269745212289;9.88269745212289;0.385091;13;-810.588235294115 * Files_50;1;2.44440939914835;
9;3770.58823529412 * CompressionMethod + -3989.01960784313 * PPMd + -1322.8431372549 * LZMA2 + 2251.76470588235 * BlockSize_1 + 426.666666666671 * PPMd * filterOff + 476.666666666669 * LZMA2 * mtOff + 229.999999999998 * PPMd * filterOff * mtOff + 2329.41176470589 * x_2 + -810.588235294118 * Files_50 + -1322.8431372549 * BlockSize_1 * LZMA2;9.8826974521227;9.8826974521227;9.8826974521227;9.8826974521227;0.523292;15;-1322.8431372549 * BlockSize_1 * LZMA2;2;9.2370555648813E-14;
Elapsed=00:00:00.5236171
Learning progress:
1;10466 * CompressionMethod + -6749.33333333333 * x_0;25.6434749926452;25.6434749926452;25.6434749926452;25.6434749926452;0.003587;2;-6749.33333333333 * x_0;1;28.7222688895711;
2;10466 * CompressionMethod + -6340.28571428572 * x_0 + -1840.71428571428 * PPMd;17.6951633935293;17.6951633935293;17.6951633935293;17.6951633935293;0.018;3;-1840.71428571428 * PPMd;1;7.94831159911593;
3;10189.9438202247 * CompressionMethod + -6458.59550561798 * x_0 + -1446.34831460674 * PPMd + 1380.28089887641 * BZip2;9.69920804418522;9.69920804418522;9.69920804418522;9.69920804418522;0.040393;4;1380.28089887641 * BZip2;1;7.99595534934403;
4;7662.90780141844 * CompressionMethod + -4068.1560283688 * x_0 + -1309.75177304964 * PPMd + 1858.36879432624 * BZip2 + 12157.0921985816 * x_10;8.21037349286229;8.21037349286229;8.21037349286229;8.21037349286229;0.075958;5;12157.0921985816 * x_10;1;1.48883455132293;
5;7667.47181964573 * CompressionMethod + -4159.43639291465 * x_0 + -1330.28985507247 * PPMd + 1840.11272141707 * BZip2 + 12152.5281803543 * x_10 + 214.508856682765 * mtOff;6.57926481277824;6.57926481277824;6.57926481277824;6.57926481277824;0.127645;6;214.508856682765 * mtOff;1;1.63110868008405;
6;7667.47181964573 * CompressionMethod + -4159.43639291465 * x_0 + -1330.28985507246 * PPMd + 1840.11272141707 * BZip2 + 12152.5281803543 * x_10 + 202.008856682771 * mtOff + 37.4999999999978 * mtOff * HeaderCompressionOff;6.45036034710215;6.45036034710215;6.45036034710215;6.45036034710215;0.194412;8;37.4999999999978 * mtOff * HeaderCompressionOff;2;0.0644522328380455;
Elapsed=00:00:00.1946921
Learning progress:
1;3694.4 * CompressionMethod + 2490.6 * BZip2;19.7985346220913;19.7985346220913;19.7985346220913;19.7985346220913;0.003036;2;2490.6 * BZip2;1;26.5429972994566;
2;3694.4 * CompressionMethod + 2580.6 * BZip2 + -270.000000000004 * BZip2 * mtOff;19.5746123942492;19.5746123942492;19.5746123942492;19.5746123942492;0.010956;4;-270.000000000004 * BZip2 * mtOff;2;0.111961113921042;
Elapsed=00:00:00.0111453
Learning progress:
1;10466 * CompressionMethod + -6729.84615384615 * x_0;40.8444836652728;40.8444836652728;40.8444836652728;40.8444836652728;0.003615;2;-6729.84615384615 * x_0;1;55.6068964378054;
2;10163.2909379968 * CompressionMethod + -6718.20349761526 * x_0 + 1513.5453100159 * BZip2;27.5872970724681;27.5872970724681;27.5872970724681;27.5872970724681;0.017501;3;1513.5453100159 * BZip2;1;13.2571865928048;
3;11557.5 * CompressionMethod + -8377.9761904762 * x_0 + 2894.4761904762 * BZip2 + -8351.97619047621 * x_2;17.2063922449003;17.2063922449003;17.2063922449003;17.2063922449003;0.040032;4;-8351.97619047621 * x_2;1;10.3809048275678;
4;11557.5 * CompressionMethod + -8068.16666666667 * x_0 + 2584.66666666668 * BZip2 + -8042.16666666669 * x_2 + -1084.33333333333 * PPMd;11.2623825181136;11.2623825181136;11.2623825181136;11.2623825181136;0.073265;5;-1084.33333333333 * PPMd;1;5.94400972678664;
5;11557.5 * CompressionMethod + -8192.47101449275 * x_0 + 2584.66666666667 * BZip2 + -8042.16666666666 * x_2 + -1167.20289855072 * PPMd + 310.76086956521 * filterOff;8.94109016866813;8.94109016866813;8.94109016866813;8.94109016866813;0.12129;6;310.76086956521 * filterOff;1;2.32129234944547;
6;11557.5 * CompressionMethod + -8236.98973675055 * x_0 + 2596.26927983301 * BZip2 + -8053.76927983298 * x_2 + -1177.54435811202 * PPMd + 306.031543546324 * filterOff + 87.0195987475289 * mtOff;7.39257935776421;7.39257935776421;7.39257935776421;7.39257935776421;0.186472;7;87.0195987475289 * mtOff;1;1.54851081090392;
7;11557.5 * CompressionMethod + -8241.85961585021 * x_0 + 2606.33483980308 * BZip2 + -8063.83483980307 * x_2 + -1164.015010895 * PPMd + 365.413203131304 * filterOff + 88.5800177548154 * mtOff + -147.862561536612 * filterOff * HeaderCompressionOff;6.78311836061099;6.78311836061099;6.78311836061099;6.78311836061099;0.269854;9;-147.862561536612 * filterOff * HeaderCompressionOff;2;0.304730498576614;
8;11557.5 * CompressionMethod + -8242.16174382277 * x_0 + 2581.79380857711 * BZip2 + -8039.29380857712 * x_2 + -1205.11814825332 * PPMd + 367.898892360124 * filterOff + 111.445612042031 * mtOff + -74.3493325759797 * filterOff * HeaderCompressionOff + -340.333428003386 * filterOff * HeaderCompressionOff * LZMA;5.40016398234665;5.40016398234665;5.40016398234665;5.40016398234665;0.382703;12;-340.333428003386 * filterOff * HeaderCompressionOff * LZMA;3;0.46098479275478;
9;11557.5 * CompressionMethod + -8275.30062702586 * x_0 + 2685.65226632659 * BZip2 + -8143.15226632659 * x_2 + -1200.55157022158 * PPMd + 480.790690259837 * filterOff + -56.3698921302988 * mtOff + -318.099792762645 * filterOff * HeaderCompressionOff + -447.835166586943 * filterOff * HeaderCompressionOff * LZMA + 439.314788245915 * mtOff * HeaderCompressionOff;4.31841710478109;4.31841710478109;4.31841710478109;4.31841710478109;0.53012;14;439.314788245915 * mtOff * HeaderCompressionOff;2;0.540873438782778;
10;11557.5 * CompressionMethod + -8292.05381287183 * x_0 + 2581.03623580313 * BZip2 + -8038.53623580315 * x_2 + -1193.92644672795 * PPMd + 489.517577068686 * filterOff + -19.4824229313191 * mtOff + -375.715521903746 * filterOff * HeaderCompressionOff + -415.851811790138 * filterOff * HeaderCompressionOff * LZMA + 436.085992428329 * mtOff * HeaderCompressionOff + 286.616549486222 * BZip2 * HeaderCompressionOff;4.07893747845583;4.07893747845583;4.07893747845583;4.07893747845583;0.714261;16;286.616549486222 * BZip2 * HeaderCompressionOff;2;0.119739813162632;
Elapsed=00:00:00.7146376
Learning progress:
1;8292.5 * CompressionMethod + -4541.01851851852 * x_0;33.895211940399;33.895211940399;33.895211940399;33.895211940399;0.003269;2;-4541.01851851852 * x_0;1;36.2316807165768;
2;7759.94871794871 * CompressionMethod + -4481.84615384615 * x_0 + 2130.20512820513 * BZip2;24.9164621132234;24.9164621132234;24.9164621132234;24.9164621132234;0.017184;3;2130.20512820513 * BZip2;1;8.97874982717562;
3;7844.89361702127 * CompressionMethod + -4184.5390070922 * x_0 + 1790.42553191489 * BZip2 + -1380.35460992908 * PPMd;19.5423564790085;19.5423564790085;19.5423564790085;19.5423564790085;0.036816;4;-1380.35460992908 * PPMd;1;5.37410563421486;
4;9023.33333333333 * CompressionMethod + -5598.66666666667 * x_0 + 2615.33333333333 * BZip2 + -1144.66666666666 * PPMd + -5538.66666666666 * x_2;17.2087450162252;17.2087450162252;17.2087450162252;17.2087450162252;0.068151;5;-5538.66666666666 * x_2;1;2.33361146278335;
5;19820 * CompressionMethod + -16395.3333333333 * x_0 + 2615.33333333333 * BZip2 + -1144.66666666666 * PPMd + -16335.3333333333 * x_2 + -16195 * x_4;11.0261597691827;11.0261597691827;11.0261597691827;11.0261597691827;0.110402;6;-16195 * x_4;1;6.18258524704248;
6;19272.3076923077 * CompressionMethod + -16322.3076923077 * x_0 + 2542.3076923077 * BZip2 + -1217.69230769229 * PPMd + -15714.6153846154 * x_2 + -16195 * x_4 + 547.692307692307 * Files_0;8.44336348166788;8.44336348166788;8.44336348166788;8.44336348166788;0.166313;7;547.692307692307 * Files_0;1;2.58279628751482;
7;19331.1111111111 * CompressionMethod + -16381.1111111111 * x_0 + 2537.40740740741 * BZip2 + -1222.59259259258 * PPMd + -15768.5185185186 * x_2 + -16195 * x_4 + 488.888888888884 * Files_0 + 127.407407407411 * filterOff;7.22636349284716;7.22636349284716;7.22636349284716;7.22636349284716;0.240298;8;127.407407407411 * filterOff;1;1.21699998882072;
8;19322.1436464088 * CompressionMethod + -16372.1436464088 * x_0 + 2497.80110497238 * BZip2 + -1221.84530386741 * PPMd + -15719.9447513812 * x_2 + -16195 * x_4 + 497.856353591155 * Files_0 + 269.392265193373 * filterOff + -242.121546961335 * filterOff * HeaderCompressionOff;5.69256269688954;5.69256269688954;5.69256269688954;5.69256269688954;0.333655;10;-242.121546961335 * filterOff * HeaderCompressionOff;2;0.76690039797881;
9;19270.6432748538 * CompressionMethod + -16320.6432748538 * x_0 + 2498.81091617933 * BZip2 + -1446.02339181286 * PPMd + -15669.4541910331 * x_2 + -16195 * x_4 + 549.3567251462 * Files_0 + 170.935672514627 * filterOff + -261.812865497088 * filterOff * HeaderCompressionOff + 456.939571150103 * PPMd * filterOff;4.18846029245647;4.18846029245647;4.18846029245647;4.18846029245647;0.454713;12;456.939571150103 * PPMd * filterOff;2;0.752051202216531;
10;19246.8847989093 * CompressionMethod + -16296.8847989093 * x_0 + 2720.55669166099 * BZip2 + -1469.78186775733 * PPMd + -15867.4414905703 * x_2 + -16195 * x_4 + 573.115201090676 * Files_0 + 143.217450579408 * filterOff + -297.450579413788 * filterOff * HeaderCompressionOff + 508.416269029778 * PPMd * filterOff + -451.411042944789 * BZip2 * mtOff;3.71111187901927;3.71111187901927;3.71111187901927;3.71111187901927;0.606758;14;-451.411042944789 * BZip2 * mtOff;2;0.238674206718603;
11;19276.0213776722 * CompressionMethod + -16326.0213776722 * x_0 + 2732.18378859858 * BZip2 + -1477.36638954869 * PPMd + -15908.2051662708 * x_2 + -16195 * x_4 + 543.978622327763 * Files_0 + 169.049881235153 * filterOff + -351.668646080768 * filterOff * HeaderCompressionOff + 518.72921615203 * PPMd * filterOff + -460.872921615201 * BZip2 * mtOff + 55.0816508313608 * HeaderCompressionOff;3.37527948305571;3.37527948305571;3.37527948305571;3.37527948305571;0.795866;15;55.0816508313608 * HeaderCompressionOff;1;0.335832395963555;
12;19315.0622406639 * CompressionMethod + -16365.0622406639 * x_0 + 2866.9398340249 * BZip2 + -1452.51037344398 * PPMd + -16082.0020746888 * x_2 + -16195 * x_4 + 504.937759336085 * Files_0 + 260.145228215762 * filterOff + -403.983402489634 * filterOff * HeaderCompressionOff + 462.510373444002 * PPMd * filterOff + -520.995850622414 * BZip2 * mtOff + 76.358921161825 * HeaderCompressionOff + -219.149377593362 * BZip2 * filterOff;2.72870787369023;2.72870787369023;2.72870787369023;2.72870787369023;1.015654;17;-219.149377593362 * BZip2 * filterOff;2;0.323285804682744;
13;19372.5622406639 * CompressionMethod + -16365.0622406639 * x_0 + 2866.9398340249 * BZip2 + -1452.51037344398 * PPMd + -16139.5020746888 * x_2 + -16252.5 * x_4 + 562.43775933611 * Files_0 + 260.145228215762 * filterOff + -403.983402489634 * filterOff * HeaderCompressionOff + 462.510373443996 * PPMd * filterOff + -520.995850622431 * BZip2 * mtOff + 76.3589211618158 * HeaderCompressionOff + -219.149377593363 * BZip2 * filterOff + -114.999999999989 * BlockSize_1;2.59454534113722;2.59454534113722;2.59454534113722;2.59454534113722;1.272154;18;-114.999999999989 * BlockSize_1;1;0.134162532553005;
Elapsed=00:00:01.2725664
Learning progress:
1;5325.2 * CompressionMethod + -3040.2 * PPMd;29.3022049871155;29.3022049871155;29.3022049871155;29.3022049871155;0.003337;2;-3040.2 * PPMd;1;74.7850266030949;
2;5865.26315789473 * CompressionMethod + -3580.26315789474 * PPMd + -2250.26315789474 * LZMA2;21.234610452715;21.234610452715;21.234610452715;21.234610452715;0.014685;3;-2250.26315789474 * LZMA2;1;8.06759453440047;
3;4530 * CompressionMethod + -3737.35294117647 * PPMd + -2407.35294117647 * LZMA2 + 1492.35294117646 * BlockSize_1;16.8494489543701;16.8494489543701;16.8494489543701;16.8494489543701;0.033544;4;1492.35294117646 * BlockSize_1;1;4.38516149834492;
4;4530 * CompressionMethod + -3989.01960784314 * PPMd + -2407.35294117647 * LZMA2 + 1492.35294117647 * BlockSize_1 + 503.333333333336 * PPMd * filterOff;14.7413701459237;14.7413701459237;14.7413701459237;14.7413701459237;0.067521;6;503.333333333336 * PPMd * filterOff;2;1.0540394042232;
5;4529.99999999999 * CompressionMethod + -3989.01960784314 * PPMd + -2645.68627450981 * LZMA2 + 1492.35294117647 * BlockSize_1 + 503.333333333333 * PPMd * filterOff + 476.666666666662 * LZMA2 * mtOff;13.1322999070459;13.1322999070459;13.1322999070459;13.1322999070459;0.116874;8;476.666666666662 * LZMA2 * mtOff;2;0.804535119438905;
6;4530 * CompressionMethod + -3989.01960784314 * PPMd + -2645.68627450981 * LZMA2 + 1492.35294117647 * BlockSize_1 + 426.666666666674 * PPMd * filterOff + 476.666666666658 * LZMA2 * mtOff + 230.000000000004 * PPMd * filterOff * mtOff;12.4276430443007;12.4276430443007;12.4276430443007;12.4276430443007;0.182099;11;230.000000000004 * PPMd * filterOff * mtOff;3;0.234885620915068;
7;2960 * CompressionMethod + -3989.01960784314 * PPMd + -2645.68627450981 * LZMA2 + 3062.35294117647 * BlockSize_1 + 426.666666666662 * PPMd * filterOff + 476.666666666666 * LZMA2 * mtOff + 229.999999999997 * PPMd * filterOff * mtOff + 3140 * x_2;12.3271068512712;12.3271068512712;12.3271068512712;12.3271068512712;0.275321;12;3140 * x_2;1;0.100536193029434;
Elapsed=00:00:00.2756194
Learning progress:
1;10466 * CompressionMethod + -6749.33333333333 * x_0;25.6434749926452;25.6434749926452;25.6434749926452;25.6434749926452;0.005456;2;-6749.33333333333 * x_0;1;28.7222688895711;
2;10466 * CompressionMethod + -6340.28571428572 * x_0 + -1840.71428571428 * PPMd;17.6951633935293;17.6951633935293;17.6951633935293;17.6951633935293;0.017752;3;-1840.71428571428 * PPMd;1;7.94831159911593;
3;10189.9438202247 * CompressionMethod + -6458.59550561798 * x_0 + -1446.34831460674 * PPMd + 1380.28089887641 * BZip2;9.69920804418522;9.69920804418522;9.69920804418522;9.69920804418522;0.040335;4;1380.28089887641 * BZip2;1;7.99595534934403;
4;7662.90780141844 * CompressionMethod + -4068.1560283688 * x_0 + -1309.75177304964 * PPMd + 1858.36879432624 * BZip2 + 12157.0921985816 * x_10;8.21037349286229;8.21037349286229;8.21037349286229;8.21037349286229;0.0747;5;12157.0921985816 * x_10;1;1.48883455132293;
5;7667.47181964573 * CompressionMethod + -4159.43639291465 * x_0 + -1330.28985507247 * PPMd + 1840.11272141707 * BZip2 + 12152.5281803543 * x_10 + 214.508856682765 * mtOff;6.57926481277824;6.57926481277824;6.57926481277824;6.57926481277824;0.124347;6;214.508856682765 * mtOff;1;1.63110868008405;
6;7667.47181964573 * CompressionMethod + -4159.43639291465 * x_0 + -1330.28985507246 * PPMd + 1840.11272141707 * BZip2 + 12152.5281803543 * x_10 + 202.008856682771 * mtOff + 37.4999999999978 * mtOff * HeaderCompressionOff;6.45036034710215;6.45036034710215;6.45036034710215;6.45036034710215;0.192803;8;37.4999999999978 * mtOff * HeaderCompressionOff;2;0.0644522328380455;
Elapsed=00:00:00.1930842
Learning progress:
1;3694.4 * CompressionMethod + 2490.6 * BZip2;19.7985346220913;19.7985346220913;19.7985346220913;19.7985346220913;0.002827;2;2490.6 * BZip2;1;26.5429972994566;
2;3694.4 * CompressionMethod + 2580.6 * BZip2 + -270.000000000004 * BZip2 * mtOff;19.5746123942492;19.5746123942492;19.5746123942492;19.5746123942492;0.012372;4;-270.000000000004 * BZip2 * mtOff;2;0.111961113921042;
Elapsed=00:00:00.0125606
Learning progress:
1;10466 * CompressionMethod + -6729.84615384615 * x_0;40.8444836652728;40.8444836652728;40.8444836652728;40.8444836652728;0.005546;2;-6729.84615384615 * x_0;1;55.6068964378054;
2;10163.2909379968 * CompressionMethod + -6718.20349761526 * x_0 + 1513.5453100159 * BZip2;27.5872970724681;27.5872970724681;27.5872970724681;27.5872970724681;0.017209;3;1513.5453100159 * BZip2;1;13.2571865928048;
3;11557.5 * CompressionMethod + -8377.9761904762 * x_0 + 2894.4761904762 * BZip2 + -8351.97619047621 * x_2;17.2063922449003;17.2063922449003;17.2063922449003;17.2063922449003;0.039152;4;-8351.97619047621 * x_2;1;10.3809048275678;
4;11557.5 * CompressionMethod + -8068.16666666667 * x_0 + 2584.66666666668 * BZip2 + -8042.16666666669 * x_2 + -1084.33333333333 * PPMd;11.2623825181136;11.2623825181136;11.2623825181136;11.2623825181136;0.072564;5;-1084.33333333333 * PPMd;1;5.94400972678664;
5;11557.5 * CompressionMethod + -8192.47101449275 * x_0 + 2584.66666666667 * BZip2 + -8042.16666666666 * x_2 + -1167.20289855072 * PPMd + 310.76086956521 * filterOff;8.94109016866813;8.94109016866813;8.94109016866813;8.94109016866813;0.1222;6;310.76086956521 * filterOff;1;2.32129234944547;
6;11557.5 * CompressionMethod + -8236.98973675055 * x_0 + 2596.26927983301 * BZip2 + -8053.76927983298 * x_2 + -1177.54435811202 * PPMd + 306.031543546324 * filterOff + 87.0195987475289 * mtOff;7.39257935776421;7.39257935776421;7.39257935776421;7.39257935776421;0.187548;7;87.0195987475289 * mtOff;1;1.54851081090392;
7;11557.5 * CompressionMethod + -8241.85961585021 * x_0 + 2606.33483980308 * BZip2 + -8063.83483980307 * x_2 + -1164.015010895 * PPMd + 365.413203131304 * filterOff + 88.5800177548154 * mtOff + -147.862561536612 * filterOff * HeaderCompressionOff;6.78311836061099;6.78311836061099;6.78311836061099;6.78311836061099;0.271478;9;-147.862561536612 * filterOff * HeaderCompressionOff;2;0.304730498576614;
Elapsed=00:00:00.2717790
Learning progress:
1;8292.5 * CompressionMethod + -4541.01851851852 * x_0;33.895211940399;33.895211940399;33.895211940399;33.895211940399;0.004165;2;-4541.01851851852 * x_0;1;36.2316807165768;
2;7759.94871794871 * CompressionMethod + -4481.84615384615 * x_0 + 2130.20512820513 * BZip2;24.9164621132234;24.9164621132234;24.9164621132234;24.9164621132234;0.016734;3;2130.20512820513 * BZip2;1;8.97874982717562;
3;7844.89361702127 * CompressionMethod + -4184.5390070922 * x_0 + 1790.42553191489 * BZip2 + -1380.35460992908 * PPMd;19.5423564790085;19.5423564790085;19.5423564790085;19.5423564790085;0.036698;4;-1380.35460992908 * PPMd;1;5.37410563421486;
4;9023.33333333333 * CompressionMethod + -5598.66666666667 * x_0 + 2615.33333333333 * BZip2 + -1144.66666666666 * PPMd + -5538.66666666666 * x_2;17.2087450162252;17.2087450162252;17.2087450162252;17.2087450162252;0.065338;5;-5538.66666666666 * x_2;1;2.33361146278335;
5;19820 * CompressionMethod + -16395.3333333333 * x_0 + 2615.33333333333 * BZip2 + -1144.66666666666 * PPMd + -16335.3333333333 * x_2 + -16195 * x_4;11.0261597691827;11.0261597691827;11.0261597691827;11.0261597691827;0.106449;6;-16195 * x_4;1;6.18258524704248;
6;19272.3076923077 * CompressionMethod + -16322.3076923077 * x_0 + 2542.3076923077 * BZip2 + -1217.69230769229 * PPMd + -15714.6153846154 * x_2 + -16195 * x_4 + 547.692307692307 * Files_0;8.44336348166788;8.44336348166788;8.44336348166788;8.44336348166788;0.161464;7;547.692307692307 * Files_0;1;2.58279628751482;
7;19331.1111111111 * CompressionMethod + -16381.1111111111 * x_0 + 2537.40740740741 * BZip2 + -1222.59259259258 * PPMd + -15768.5185185186 * x_2 + -16195 * x_4 + 488.888888888884 * Files_0 + 127.407407407411 * filterOff;7.22636349284716;7.22636349284716;7.22636349284716;7.22636349284716;0.23724;8;127.407407407411 * filterOff;1;1.21699998882072;
8;19322.1436464088 * CompressionMethod + -16372.1436464088 * x_0 + 2497.80110497238 * BZip2 + -1221.84530386741 * PPMd + -15719.9447513812 * x_2 + -16195 * x_4 + 497.856353591155 * Files_0 + 269.392265193373 * filterOff + -242.121546961335 * filterOff * HeaderCompressionOff;5.69256269688954;5.69256269688954;5.69256269688954;5.69256269688954;0.329727;10;-242.121546961335 * filterOff * HeaderCompressionOff;2;0.76690039797881;
9;19270.6432748538 * CompressionMethod + -16320.6432748538 * x_0 + 2498.81091617933 * BZip2 + -1446.02339181286 * PPMd + -15669.4541910331 * x_2 + -16195 * x_4 + 549.3567251462 * Files_0 + 170.935672514627 * filterOff + -261.812865497088 * filterOff * HeaderCompressionOff + 456.939571150103 * PPMd * filterOff;4.18846029245647;4.18846029245647;4.18846029245647;4.18846029245647;0.454979;12;456.939571150103 * PPMd * filterOff;2;0.752051202216531;
10;19246.8847989093 * CompressionMethod + -16296.8847989093 * x_0 + 2720.55669166099 * BZip2 + -1469.78186775733 * PPMd + -15867.4414905703 * x_2 + -16195 * x_4 + 573.115201090676 * Files_0 + 143.217450579408 * filterOff + -297.450579413788 * filterOff * HeaderCompressionOff + 508.416269029778 * PPMd * filterOff + -451.411042944789 * BZip2 * mtOff;3.71111187901927;3.71111187901927;3.71111187901927;3.71111187901927;0.608384;14;-451.411042944789 * BZip2 * mtOff;2;0.238674206718603;
Elapsed=00:00:00.6087161
Learning progress:
1;5325.2 * CompressionMethod + -3040.2 * PPMd;29.3022049871155;29.3022049871155;29.3022049871155;29.3022049871155;0.005495;2;-3040.2 * PPMd;1;74.7850266030949;
2;5865.26315789473 * CompressionMethod + -3580.26315789474 * PPMd + -2250.26315789474 * LZMA2;21.234610452715;21.234610452715;21.234610452715;21.234610452715;0.014833;3;-2250.26315789474 * LZMA2;1;8.06759453440047;
3;4530 * CompressionMethod + -3737.35294117647 * PPMd + -2407.35294117647 * LZMA2 + 1492.35294117646 * BlockSize_1;16.8494489543701;16.8494489543701;16.8494489543701;16.8494489543701;0.034639;4;1492.35294117646 * BlockSize_1;1;4.38516149834492;
4;4530 * CompressionMethod + -3989.01960784314 * PPMd + -2407.35294117647 * LZMA2 + 1492.35294117647 * BlockSize_1 + 503.333333333336 * PPMd * filterOff;14.7413701459237;14.7413701459237;14.7413701459237;14.7413701459237;0.070711;6;503.333333333336 * PPMd * filterOff;2;1.0540394042232;
5;4529.99999999999 * CompressionMethod + -3989.01960784314 * PPMd + -2645.68627450981 * LZMA2 + 1492.35294117647 * BlockSize_1 + 503.333333333333 * PPMd * filterOff + 476.666666666662 * LZMA2 * mtOff;13.1322999070459;13.1322999070459;13.1322999070459;13.1322999070459;0.11892;8;476.666666666662 * LZMA2 * mtOff;2;0.804535119438905;
6;4530 * CompressionMethod + -3989.01960784314 * PPMd + -2645.68627450981 * LZMA2 + 1492.35294117647 * BlockSize_1 + 426.666666666674 * PPMd * filterOff + 476.666666666658 * LZMA2 * mtOff + 230.000000000004 * PPMd * filterOff * mtOff;12.4276430443007;12.4276430443007;12.4276430443007;12.4276430443007;0.187759;11;230.000000000004 * PPMd * filterOff * mtOff;3;0.234885620915068;
Elapsed=00:00:00.1880521
Learning progress:
1;10466 * CompressionMethod + -6749.33333333333 * x_0;25.6434749926452;25.6434749926452;25.6434749926452;25.6434749926452;0.004178;2;-6749.33333333333 * x_0;1;28.7222688895711;
2;10466 * CompressionMethod + -6340.28571428572 * x_0 + -1840.71428571428 * PPMd;17.6951633935293;17.6951633935293;17.6951633935293;17.6951633935293;0.017461;3;-1840.71428571428 * PPMd;1;7.94831159911593;
3;10189.9438202247 * CompressionMethod + -6458.59550561798 * x_0 + -1446.34831460674 * PPMd + 1380.28089887641 * BZip2;9.69920804418522;9.69920804418522;9.69920804418522;9.69920804418522;0.039267;4;1380.28089887641 * BZip2;1;7.99595534934403;
4;7662.90780141844 * CompressionMethod + -4068.1560283688 * x_0 + -1309.75177304964 * PPMd + 1858.36879432624 * BZip2 + 12157.0921985816 * x_10;8.21037349286229;8.21037349286229;8.21037349286229;8.21037349286229;0.074265;5;12157.0921985816 * x_10;1;1.48883455132293;
5;7667.47181964573 * CompressionMethod + -4159.43639291465 * x_0 + -1330.28985507247 * PPMd + 1840.11272141707 * BZip2 + 12152.5281803543 * x_10 + 214.508856682765 * mtOff;6.57926481277824;6.57926481277824;6.57926481277824;6.57926481277824;0.125713;6;214.508856682765 * mtOff;1;1.63110868008405;
6;7667.47181964573 * CompressionMethod + -4159.43639291465 * x_0 + -1330.28985507246 * PPMd + 1840.11272141707 * BZip2 + 12152.5281803543 * x_10 + 202.008856682771 * mtOff + 37.4999999999978 * mtOff * HeaderCompressionOff;6.45036034710215;6.45036034710215;6.45036034710215;6.45036034710215;0.194585;8;37.4999999999978 * mtOff * HeaderCompressionOff;2;0.0644522328380455;
Elapsed=00:00:00.1948651
Learning progress:
1;3694.4 * CompressionMethod + 2490.6 * BZip2;19.7985346220913;19.7985346220913;19.7985346220913;19.7985346220913;0.003158;2;2490.6 * BZip2;1;26.5429972994566;
2;3694.4 * CompressionMethod + 2580.6 * BZip2 + -270.000000000004 * BZip2 * mtOff;19.5746123942492;19.5746123942492;19.5746123942492;19.5746123942492;0.013219;4;-270.000000000004 * BZip2 * mtOff;2;0.111961113921042;
3;3692.91666666667 * CompressionMethod + 2582.08333333334 * BZip2 + -270 * BZip2 * mtOff + 37.0833333333333 * BlockSize_4096;19.5673478802346;19.5673478802346;19.5673478802346;19.5673478802346;0.027785;5;37.0833333333333 * BlockSize_4096;1;0.00726451401459016;
Elapsed=00:00:00.0279891
Learning progress:
1;10466 * CompressionMethod + -6729.84615384615 * x_0;40.8444836652728;40.8444836652728;40.8444836652728;40.8444836652728;0.003377;2;-6729.84615384615 * x_0;1;55.6068964378054;
2;10163.2909379968 * CompressionMethod + -6718.20349761526 * x_0 + 1513.5453100159 * BZip2;27.5872970724681;27.5872970724681;27.5872970724681;27.5872970724681;0.017518;3;1513.5453100159 * BZip2;1;13.2571865928048;
3;11557.5 * CompressionMethod + -8377.9761904762 * x_0 + 2894.4761904762 * BZip2 + -8351.97619047621 * x_2;17.2063922449003;17.2063922449003;17.2063922449003;17.2063922449003;0.039404;4;-8351.97619047621 * x_2;1;10.3809048275678;
4;11557.5 * CompressionMethod + -8068.16666666667 * x_0 + 2584.66666666668 * BZip2 + -8042.16666666669 * x_2 + -1084.33333333333 * PPMd;11.2623825181136;11.2623825181136;11.2623825181136;11.2623825181136;0.072838;5;-1084.33333333333 * PPMd;1;5.94400972678664;
5;11557.5 * CompressionMethod + -8192.47101449275 * x_0 + 2584.66666666667 * BZip2 + -8042.16666666666 * x_2 + -1167.20289855072 * PPMd + 310.76086956521 * filterOff;8.94109016866813;8.94109016866813;8.94109016866813;8.94109016866813;0.119853;6;310.76086956521 * filterOff;1;2.32129234944547;
6;11557.5 * CompressionMethod + -8236.98973675055 * x_0 + 2596.26927983301 * BZip2 + -8053.76927983298 * x_2 + -1177.54435811202 * PPMd + 306.031543546324 * filterOff + 87.0195987475289 * mtOff;7.39257935776421;7.39257935776421;7.39257935776421;7.39257935776421;0.187236;7;87.0195987475289 * mtOff;1;1.54851081090392;
7;11557.5 * CompressionMethod + -8241.85961585021 * x_0 + 2606.33483980308 * BZip2 + -8063.83483980307 * x_2 + -1164.015010895 * PPMd + 365.413203131304 * filterOff + 88.5800177548154 * mtOff + -147.862561536612 * filterOff * HeaderCompressionOff;6.78311836061099;6.78311836061099;6.78311836061099;6.78311836061099;0.273176;9;-147.862561536612 * filterOff * HeaderCompressionOff;2;0.304730498576614;
8;11557.5 * CompressionMethod + -8242.16174382277 * x_0 + 2581.79380857711 * BZip2 + -8039.29380857712 * x_2 + -1205.11814825332 * PPMd + 367.898892360124 * filterOff + 111.445612042031 * mtOff + -74.3493325759797 * filterOff * HeaderCompressionOff + -340.333428003386 * filterOff * HeaderCompressionOff * LZMA;5.40016398234665;5.40016398234665;5.40016398234665;5.40016398234665;0.38907;12;-340.333428003386 * filterOff * HeaderCompressionOff * LZMA;3;0.46098479275478;
9;11557.5 * CompressionMethod + -8275.30062702586 * x_0 + 2685.65226632659 * BZip2 + -8143.15226632659 * x_2 + -1200.55157022158 * PPMd + 480.790690259837 * filterOff + -56.3698921302988 * mtOff + -318.099792762645 * filterOff * HeaderCompressionOff + -447.835166586943 * filterOff * HeaderCompressionOff * LZMA + 439.314788245915 * mtOff * HeaderCompressionOff;4.31841710478109;4.31841710478109;4.31841710478109;4.31841710478109;0.53968;14;439.314788245915 * mtOff * HeaderCompressionOff;2;0.540873438782778;
10;11557.5 * CompressionMethod + -8292.05381287183 * x_0 + 2581.03623580313 * BZip2 + -8038.53623580315 * x_2 + -1193.92644672795 * PPMd + 489.517577068686 * filterOff + -19.4824229313191 * mtOff + -375.715521903746 * filterOff * HeaderCompressionOff + -415.851811790138 * filterOff * HeaderCompressionOff * LZMA + 436.085992428329 * mtOff * HeaderCompressionOff + 286.616549486222 * BZip2 * HeaderCompressionOff;4.07893747845583;4.07893747845583;4.07893747845583;4.07893747845583;0.724267;16;286.616549486222 * BZip2 * HeaderCompressionOff;2;0.119739813162632;
11;11557.5 * CompressionMethod + -8294.94840052124 * x_0 + 2589.45100676784 * BZip2 + -8046.95100676782 * x_2 + -1184.67253772751 * PPMd + 473.18508554373 * filterOff + -19.5964521417568 * mtOff + -362.42380932365 * filterOff * HeaderCompressionOff + -464.387321871439 * filterOff * HeaderCompressionOff * LZMA + 436.609357265956 * mtOff * HeaderCompressionOff + 282.616755643364 * BZip2 * HeaderCompressionOff + 54.0615410483913 * filterOff * LZMA;4.03670178062593;4.03670178062593;4.03670178062593;4.03670178062593;1.028592;18;54.0615410483913 * filterOff * LZMA;2;0.0211178489149462;
Elapsed=00:00:01.0289576
Learning progress:
1;8292.5 * CompressionMethod + -4541.01851851852 * x_0;33.895211940399;33.895211940399;33.895211940399;33.895211940399;0.005808;2;-4541.01851851852 * x_0;1;36.2316807165768;
2;7759.94871794871 * CompressionMethod + -4481.84615384615 * x_0 + 2130.20512820513 * BZip2;24.9164621132234;24.9164621132234;24.9164621132234;24.9164621132234;0.017071;3;2130.20512820513 * BZip2;1;8.97874982717562;
3;7844.89361702127 * CompressionMethod + -4184.5390070922 * x_0 + 1790.42553191489 * BZip2 + -1380.35460992908 * PPMd;19.5423564790085;19.5423564790085;19.5423564790085;19.5423564790085;0.036485;4;-1380.35460992908 * PPMd;1;5.37410563421486;
4;9023.33333333333 * CompressionMethod + -5598.66666666667 * x_0 + 2615.33333333333 * BZip2 + -1144.66666666666 * PPMd + -5538.66666666666 * x_2;17.2087450162252;17.2087450162252;17.2087450162252;17.2087450162252;0.066335;5;-5538.66666666666 * x_2;1;2.33361146278335;
5;19820 * CompressionMethod + -16395.3333333333 * x_0 + 2615.33333333333 * BZip2 + -1144.66666666666 * PPMd + -16335.3333333333 * x_2 + -16195 * x_4;11.0261597691827;11.0261597691827;11.0261597691827;11.0261597691827;0.107918;6;-16195 * x_4;1;6.18258524704248;
6;19272.3076923077 * CompressionMethod + -16322.3076923077 * x_0 + 2542.3076923077 * BZip2 + -1217.69230769229 * PPMd + -15714.6153846154 * x_2 + -16195 * x_4 + 547.692307692307 * Files_0;8.44336348166788;8.44336348166788;8.44336348166788;8.44336348166788;0.163656;7;547.692307692307 * Files_0;1;2.58279628751482;
7;19331.1111111111 * CompressionMethod + -16381.1111111111 * x_0 + 2537.40740740741 * BZip2 + -1222.59259259258 * PPMd + -15768.5185185186 * x_2 + -16195 * x_4 + 488.888888888884 * Files_0 + 127.407407407411 * filterOff;7.22636349284716;7.22636349284716;7.22636349284716;7.22636349284716;0.238475;8;127.407407407411 * filterOff;1;1.21699998882072;
8;19322.1436464088 * CompressionMethod + -16372.1436464088 * x_0 + 2497.80110497238 * BZip2 + -1221.84530386741 * PPMd + -15719.9447513812 * x_2 + -16195 * x_4 + 497.856353591155 * Files_0 + 269.392265193373 * filterOff + -242.121546961335 * filterOff * HeaderCompressionOff;5.69256269688954;5.69256269688954;5.69256269688954;5.69256269688954;0.330986;10;-242.121546961335 * filterOff * HeaderCompressionOff;2;0.76690039797881;
9;19270.6432748538 * CompressionMethod + -16320.6432748538 * x_0 + 2498.81091617933 * BZip2 + -1446.02339181286 * PPMd + -15669.4541910331 * x_2 + -16195 * x_4 + 549.3567251462 * Files_0 + 170.935672514627 * filterOff + -261.812865497088 * filterOff * HeaderCompressionOff + 456.939571150103 * PPMd * filterOff;4.18846029245647;4.18846029245647;4.18846029245647;4.18846029245647;0.454564;12;456.939571150103 * PPMd * filterOff;2;0.752051202216531;
10;19246.8847989093 * CompressionMethod + -16296.8847989093 * x_0 + 2720.55669166099 * BZip2 + -1469.78186775733 * PPMd + -15867.4414905703 * x_2 + -16195 * x_4 + 573.115201090676 * Files_0 + 143.217450579408 * filterOff + -297.450579413788 * filterOff * HeaderCompressionOff + 508.416269029778 * PPMd * filterOff + -451.411042944789 * BZip2 * mtOff;3.71111187901927;3.71111187901927;3.71111187901927;3.71111187901927;0.608176;14;-451.411042944789 * BZip2 * mtOff;2;0.238674206718603;
11;19276.0213776722 * CompressionMethod + -16326.0213776722 * x_0 + 2732.18378859858 * BZip2 + -1477.36638954869 * PPMd + -15908.2051662708 * x_2 + -16195 * x_4 + 543.978622327763 * Files_0 + 169.049881235153 * filterOff + -351.668646080768 * filterOff * HeaderCompressionOff + 518.72921615203 * PPMd * filterOff + -460.872921615201 * BZip2 * mtOff + 55.0816508313608 * HeaderCompressionOff;3.37527948305571;3.37527948305571;3.37527948305571;3.37527948305571;0.79713;15;55.0816508313608 * HeaderCompressionOff;1;0.335832395963555;
12;19315.0622406639 * CompressionMethod + -16365.0622406639 * x_0 + 2866.9398340249 * BZip2 + -1452.51037344398 * PPMd + -16082.0020746888 * x_2 + -16195 * x_4 + 504.937759336085 * Files_0 + 260.145228215762 * filterOff + -403.983402489634 * filterOff * HeaderCompressionOff + 462.510373444002 * PPMd * filterOff + -520.995850622414 * BZip2 * mtOff + 76.358921161825 * HeaderCompressionOff + -219.149377593362 * BZip2 * filterOff;2.72870787369023;2.72870787369023;2.72870787369023;2.72870787369023;1.016774;17;-219.149377593362 * BZip2 * filterOff;2;0.323285804682744;
13;19372.5622406639 * CompressionMethod + -16365.0622406639 * x_0 + 2866.9398340249 * BZip2 + -1452.51037344398 * PPMd + -16139.5020746888 * x_2 + -16252.5 * x_4 + 562.43775933611 * Files_0 + 260.145228215762 * filterOff + -403.983402489634 * filterOff * HeaderCompressionOff + 462.510373443996 * PPMd * filterOff + -520.995850622431 * BZip2 * mtOff + 76.3589211618158 * HeaderCompressionOff + -219.149377593363 * BZip2 * filterOff + -114.999999999989 * BlockSize_1;2.59454534113722;2.59454534113722;2.59454534113722;2.59454534113722;1.276366;18;-114.999999999989 * BlockSize_1;1;0.134162532553005;
14;19360.6707317074 * CompressionMethod + -16353.1707317073 * x_0 + 2830.6707317073 * BZip2 + -1450.52845528455 * PPMd + -16091.3414634147 * x_2 + -16252.5 * x_4 + 574.329268292668 * Files_0 + 264.241192411912 * filterOff + -407.154471544731 * filterOff * HeaderCompressionOff + 460.528455284565 * PPMd * filterOff + -521.788617886167 * BZip2 * mtOff + 55.5487804878099 * HeaderCompressionOff + -222.452574525723 * BZip2 * filterOff + -115 * BlockSize_1 + 95.5284552845665 * BZip2 * HeaderCompressionOff;2.4778312828997;2.4778312828997;2.4778312828997;2.4778312828997;1.576147;20;95.5284552845665 * BZip2 * HeaderCompressionOff;2;0.0583570291187625;
Elapsed=00:00:01.5765573
Learning progress:
1;5325.2 * CompressionMethod + -3040.2 * PPMd;29.3022049871155;29.3022049871155;29.3022049871155;29.3022049871155;0.005355;2;-3040.2 * PPMd;1;74.7850266030949;
2;5865.26315789473 * CompressionMethod + -3580.26315789474 * PPMd + -2250.26315789474 * LZMA2;21.234610452715;21.234610452715;21.234610452715;21.234610452715;0.01481;3;-2250.26315789474 * LZMA2;1;8.06759453440047;
3;4530 * CompressionMethod + -3737.35294117647 * PPMd + -2407.35294117647 * LZMA2 + 1492.35294117646 * BlockSize_1;16.8494489543701;16.8494489543701;16.8494489543701;16.8494489543701;0.034319;4;1492.35294117646 * BlockSize_1;1;4.38516149834492;
4;4530 * CompressionMethod + -3989.01960784314 * PPMd + -2407.35294117647 * LZMA2 + 1492.35294117647 * BlockSize_1 + 503.333333333336 * PPMd * filterOff;14.7413701459237;14.7413701459237;14.7413701459237;14.7413701459237;0.067744;6;503.333333333336 * PPMd * filterOff;2;1.0540394042232;
5;4529.99999999999 * CompressionMethod + -3989.01960784314 * PPMd + -2645.68627450981 * LZMA2 + 1492.35294117647 * BlockSize_1 + 503.333333333333 * PPMd * filterOff + 476.666666666662 * LZMA2 * mtOff;13.1322999070459;13.1322999070459;13.1322999070459;13.1322999070459;0.117055;8;476.666666666662 * LZMA2 * mtOff;2;0.804535119438905;
6;4530 * CompressionMethod + -3989.01960784314 * PPMd + -2645.68627450981 * LZMA2 + 1492.35294117647 * BlockSize_1 + 426.666666666674 * PPMd * filterOff + 476.666666666658 * LZMA2 * mtOff + 230.000000000004 * PPMd * filterOff * mtOff;12.4276430443007;12.4276430443007;12.4276430443007;12.4276430443007;0.184513;11;230.000000000004 * PPMd * filterOff * mtOff;3;0.234885620915068;
7;2960 * CompressionMethod + -3989.01960784314 * PPMd + -2645.68627450981 * LZMA2 + 3062.35294117647 * BlockSize_1 + 426.666666666662 * PPMd * filterOff + 476.666666666666 * LZMA2 * mtOff + 229.999999999997 * PPMd * filterOff * mtOff + 3140 * x_2;12.3271068512712;12.3271068512712;12.3271068512712;12.3271068512712;0.276318;12;3140 * x_2;1;0.100536193029434;
8;3770.58823529413 * CompressionMethod + -3989.01960784314 * PPMd + -2645.68627450981 * LZMA2 + 2251.76470588235 * BlockSize_1 + 426.666666666664 * PPMd * filterOff + 476.666666666664 * LZMA2 * mtOff + 229.999999999995 * PPMd * filterOff * mtOff + 2329.41176470589 * x_2 + -810.588235294115 * Files_50;9.88269745212289;9.88269745212289;9.88269745212289;9.88269745212289;0.392985;13;-810.588235294115 * Files_50;1;2.44440939914835;
9;3770.58823529412 * CompressionMethod + -3989.01960784313 * PPMd + -1322.8431372549 * LZMA2 + 2251.76470588235 * BlockSize_1 + 426.666666666671 * PPMd * filterOff + 476.666666666669 * LZMA2 * mtOff + 229.999999999998 * PPMd * filterOff * mtOff + 2329.41176470589 * x_2 + -810.588235294118 * Files_50 + -1322.8431372549 * BlockSize_1 * LZMA2;9.8826974521227;9.8826974521227;9.8826974521227;9.8826974521227;0.528973;15;-1322.8431372549 * BlockSize_1 * LZMA2;2;9.2370555648813E-14;
Elapsed=00:00:00.5293024
Learning progress:
1;10466 * CompressionMethod + -6749.33333333333 * x_0;25.6434749926452;25.6434749926452;25.6434749926452;25.6434749926452;0.003865;2;-6749.33333333333 * x_0;1;28.7222688895711;
2;10466 * CompressionMethod + -6340.28571428572 * x_0 + -1840.71428571428 * PPMd;17.6951633935293;17.6951633935293;17.6951633935293;17.6951633935293;0.018761;3;-1840.71428571428 * PPMd;1;7.94831159911593;
3;10189.9438202247 * CompressionMethod + -6458.59550561798 * x_0 + -1446.34831460674 * PPMd + 1380.28089887641 * BZip2;9.69920804418522;9.69920804418522;9.69920804418522;9.69920804418522;0.04216;4;1380.28089887641 * BZip2;1;7.99595534934403;
4;7662.90780141844 * CompressionMethod + -4068.1560283688 * x_0 + -1309.75177304964 * PPMd + 1858.36879432624 * BZip2 + 12157.0921985816 * x_10;8.21037349286229;8.21037349286229;8.21037349286229;8.21037349286229;0.077122;5;12157.0921985816 * x_10;1;1.48883455132293;
5;7667.47181964573 * CompressionMethod + -4159.43639291465 * x_0 + -1330.28985507247 * PPMd + 1840.11272141707 * BZip2 + 12152.5281803543 * x_10 + 214.508856682765 * mtOff;6.57926481277824;6.57926481277824;6.57926481277824;6.57926481277824;0.126224;6;214.508856682765 * mtOff;1;1.63110868008405;
6;7667.47181964573 * CompressionMethod + -4159.43639291465 * x_0 + -1330.28985507246 * PPMd + 1840.11272141707 * BZip2 + 12152.5281803543 * x_10 + 202.008856682771 * mtOff + 37.4999999999978 * mtOff * HeaderCompressionOff;6.45036034710215;6.45036034710215;6.45036034710215;6.45036034710215;0.195256;8;37.4999999999978 * mtOff * HeaderCompressionOff;2;0.0644522328380455;
Elapsed=00:00:00.1955297
Learning progress:
1;3694.4 * CompressionMethod + 2490.6 * BZip2;19.7985346220913;19.7985346220913;19.7985346220913;19.7985346220913;0.002752;2;2490.6 * BZip2;1;26.5429972994566;
2;3694.4 * CompressionMethod + 2580.6 * BZip2 + -270.000000000004 * BZip2 * mtOff;19.5746123942492;19.5746123942492;19.5746123942492;19.5746123942492;0.010378;4;-270.000000000004 * BZip2 * mtOff;2;0.111961113921042;
Elapsed=00:00:00.0105661
Learning progress:
1;10466 * CompressionMethod + -6729.84615384615 * x_0;40.8444836652728;40.8444836652728;40.8444836652728;40.8444836652728;0.003992;2;-6729.84615384615 * x_0;1;55.6068964378054;
2;10163.2909379968 * CompressionMethod + -6718.20349761526 * x_0 + 1513.5453100159 * BZip2;27.5872970724681;27.5872970724681;27.5872970724681;27.5872970724681;0.018785;3;1513.5453100159 * BZip2;1;13.2571865928048;
3;11557.5 * CompressionMethod + -8377.9761904762 * x_0 + 2894.4761904762 * BZip2 + -8351.97619047621 * x_2;17.2063922449003;17.2063922449003;17.2063922449003;17.2063922449003;0.041207;4;-8351.97619047621 * x_2;1;10.3809048275678;
4;11557.5 * CompressionMethod + -8068.16666666667 * x_0 + 2584.66666666668 * BZip2 + -8042.16666666669 * x_2 + -1084.33333333333 * PPMd;11.2623825181136;11.2623825181136;11.2623825181136;11.2623825181136;0.074951;5;-1084.33333333333 * PPMd;1;5.94400972678664;
5;11557.5 * CompressionMethod + -8192.47101449275 * x_0 + 2584.66666666667 * BZip2 + -8042.16666666666 * x_2 + -1167.20289855072 * PPMd + 310.76086956521 * filterOff;8.94109016866813;8.94109016866813;8.94109016866813;8.94109016866813;0.124107;6;310.76086956521 * filterOff;1;2.32129234944547;
6;11557.5 * CompressionMethod + -8236.98973675055 * x_0 + 2596.26927983301 * BZip2 + -8053.76927983298 * x_2 + -1177.54435811202 * PPMd + 306.031543546324 * filterOff + 87.0195987475289 * mtOff;7.39257935776421;7.39257935776421;7.39257935776421;7.39257935776421;0.18793;7;87.0195987475289 * mtOff;1;1.54851081090392;
7;11557.5 * CompressionMethod + -8241.85961585021 * x_0 + 2606.33483980308 * BZip2 + -8063.83483980307 * x_2 + -1164.015010895 * PPMd + 365.413203131304 * filterOff + 88.5800177548154 * mtOff + -147.862561536612 * filterOff * HeaderCompressionOff;6.78311836061099;6.78311836061099;6.78311836061099;6.78311836061099;0.274877;9;-147.862561536612 * filterOff * HeaderCompressionOff;2;0.304730498576614;
8;11557.5 * CompressionMethod + -8242.16174382277 * x_0 + 2581.79380857711 * BZip2 + -8039.29380857712 * x_2 + -1205.11814825332 * PPMd + 367.898892360124 * filterOff + 111.445612042031 * mtOff + -74.3493325759797 * filterOff * HeaderCompressionOff + -340.333428003386 * filterOff * HeaderCompressionOff * LZMA;5.40016398234665;5.40016398234665;5.40016398234665;5.40016398234665;0.38745;12;-340.333428003386 * filterOff * HeaderCompressionOff * LZMA;3;0.46098479275478;
9;11557.5 * CompressionMethod + -8275.30062702586 * x_0 + 2685.65226632659 * BZip2 + -8143.15226632659 * x_2 + -1200.55157022158 * PPMd + 480.790690259837 * filterOff + -56.3698921302988 * mtOff + -318.099792762645 * filterOff * HeaderCompressionOff + -447.835166586943 * filterOff * HeaderCompressionOff * LZMA + 439.314788245915 * mtOff * HeaderCompressionOff;4.31841710478109;4.31841710478109;4.31841710478109;4.31841710478109;0.534191;14;439.314788245915 * mtOff * HeaderCompressionOff;2;0.540873438782778;
10;11557.5 * CompressionMethod + -8292.05381287183 * x_0 + 2581.03623580313 * BZip2 + -8038.53623580315 * x_2 + -1193.92644672795 * PPMd + 489.517577068686 * filterOff + -19.4824229313191 * mtOff + -375.715521903746 * filterOff * HeaderCompressionOff + -415.851811790138 * filterOff * HeaderCompressionOff * LZMA + 436.085992428329 * mtOff * HeaderCompressionOff + 286.616549486222 * BZip2 * HeaderCompressionOff;4.07893747845583;4.07893747845583;4.07893747845583;4.07893747845583;0.718914;16;286.616549486222 * BZip2 * HeaderCompressionOff;2;0.119739813162632;
Elapsed=00:00:00.7192683
Learning progress:
1;8292.5 * CompressionMethod + -4541.01851851852 * x_0;33.895211940399;33.895211940399;33.895211940399;33.895211940399;0.003707;2;-4541.01851851852 * x_0;1;36.2316807165768;
2;7759.94871794871 * CompressionMethod + -4481.84615384615 * x_0 + 2130.20512820513 * BZip2;24.9164621132234;24.9164621132234;24.9164621132234;24.9164621132234;0.017512;3;2130.20512820513 * BZip2;1;8.97874982717562;
3;7844.89361702127 * CompressionMethod + -4184.5390070922 * x_0 + 1790.42553191489 * BZip2 + -1380.35460992908 * PPMd;19.5423564790085;19.5423564790085;19.5423564790085;19.5423564790085;0.036683;4;-1380.35460992908 * PPMd;1;5.37410563421486;
4;9023.33333333333 * CompressionMethod + -5598.66666666667 * x_0 + 2615.33333333333 * BZip2 + -1144.66666666666 * PPMd + -5538.66666666666 * x_2;17.2087450162252;17.2087450162252;17.2087450162252;17.2087450162252;0.065862;5;-5538.66666666666 * x_2;1;2.33361146278335;
5;19820 * CompressionMethod + -16395.3333333333 * x_0 + 2615.33333333333 * BZip2 + -1144.66666666666 * PPMd + -16335.3333333333 * x_2 + -16195 * x_4;11.0261597691827;11.0261597691827;11.0261597691827;11.0261597691827;0.10944;6;-16195 * x_4;1;6.18258524704248;
6;19272.3076923077 * CompressionMethod + -16322.3076923077 * x_0 + 2542.3076923077 * BZip2 + -1217.69230769229 * PPMd + -15714.6153846154 * x_2 + -16195 * x_4 + 547.692307692307 * Files_0;8.44336348166788;8.44336348166788;8.44336348166788;8.44336348166788;0.163658;7;547.692307692307 * Files_0;1;2.58279628751482;
7;19331.1111111111 * CompressionMethod + -16381.1111111111 * x_0 + 2537.40740740741 * BZip2 + -1222.59259259258 * PPMd + -15768.5185185186 * x_2 + -16195 * x_4 + 488.888888888884 * Files_0 + 127.407407407411 * filterOff;7.22636349284716;7.22636349284716;7.22636349284716;7.22636349284716;0.238297;8;127.407407407411 * filterOff;1;1.21699998882072;
8;19322.1436464088 * CompressionMethod + -16372.1436464088 * x_0 + 2497.80110497238 * BZip2 + -1221.84530386741 * PPMd + -15719.9447513812 * x_2 + -16195 * x_4 + 497.856353591155 * Files_0 + 269.392265193373 * filterOff + -242.121546961335 * filterOff * HeaderCompressionOff;5.69256269688954;5.69256269688954;5.69256269688954;5.69256269688954;0.332057;10;-242.121546961335 * filterOff * HeaderCompressionOff;2;0.76690039797881;
9;19270.6432748538 * CompressionMethod + -16320.6432748538 * x_0 + 2498.81091617933 * BZip2 + -1446.02339181286 * PPMd + -15669.4541910331 * x_2 + -16195 * x_4 + 549.3567251462 * Files_0 + 170.935672514627 * filterOff + -261.812865497088 * filterOff * HeaderCompressionOff + 456.939571150103 * PPMd * filterOff;4.18846029245647;4.18846029245647;4.18846029245647;4.18846029245647;0.450935;12;456.939571150103 * PPMd * filterOff;2;0.752051202216531;
10;19246.8847989093 * CompressionMethod + -16296.8847989093 * x_0 + 2720.55669166099 * BZip2 + -1469.78186775733 * PPMd + -15867.4414905703 * x_2 + -16195 * x_4 + 573.115201090676 * Files_0 + 143.217450579408 * filterOff + -297.450579413788 * filterOff * HeaderCompressionOff + 508.416269029778 * PPMd * filterOff + -451.411042944789 * BZip2 * mtOff;3.71111187901927;3.71111187901927;3.71111187901927;3.71111187901927;0.602443;14;-451.411042944789 * BZip2 * mtOff;2;0.238674206718603;
11;19276.0213776722 * CompressionMethod + -16326.0213776722 * x_0 + 2732.18378859858 * BZip2 + -1477.36638954869 * PPMd + -15908.2051662708 * x_2 + -16195 * x_4 + 543.978622327763 * Files_0 + 169.049881235153 * filterOff + -351.668646080768 * filterOff * HeaderCompressionOff + 518.72921615203 * PPMd * filterOff + -460.872921615201 * BZip2 * mtOff + 55.0816508313608 * HeaderCompressionOff;3.37527948305571;3.37527948305571;3.37527948305571;3.37527948305571;0.793658;15;55.0816508313608 * HeaderCompressionOff;1;0.335832395963555;
12;19315.0622406639 * CompressionMethod + -16365.0622406639 * x_0 + 2866.9398340249 * BZip2 + -1452.51037344398 * PPMd + -16082.0020746888 * x_2 + -16195 * x_4 + 504.937759336085 * Files_0 + 260.145228215762 * filterOff + -403.983402489634 * filterOff * HeaderCompressionOff + 462.510373444002 * PPMd * filterOff + -520.995850622414 * BZip2 * mtOff + 76.358921161825 * HeaderCompressionOff + -219.149377593362 * BZip2 * filterOff;2.72870787369023;2.72870787369023;2.72870787369023;2.72870787369023;1.011913;17;-219.149377593362 * BZip2 * filterOff;2;0.323285804682744;
13;19372.5622406639 * CompressionMethod + -16365.0622406639 * x_0 + 2866.9398340249 * BZip2 + -1452.51037344398 * PPMd + -16139.5020746888 * x_2 + -16252.5 * x_4 + 562.43775933611 * Files_0 + 260.145228215762 * filterOff + -403.983402489634 * filterOff * HeaderCompressionOff + 462.510373443996 * PPMd * filterOff + -520.995850622431 * BZip2 * mtOff + 76.3589211618158 * HeaderCompressionOff + -219.149377593363 * BZip2 * filterOff + -114.999999999989 * BlockSize_1;2.59454534113722;2.59454534113722;2.59454534113722;2.59454534113722;1.270047;18;-114.999999999989 * BlockSize_1;1;0.134162532553005;
Elapsed=00:00:01.2704764
Learning progress:
1;5325.2 * CompressionMethod + -3040.2 * PPMd;29.3022049871155;29.3022049871155;29.3022049871155;29.3022049871155;0.003611;2;-3040.2 * PPMd;1;74.7850266030949;
2;5865.26315789473 * CompressionMethod + -3580.26315789474 * PPMd + -2250.26315789474 * LZMA2;21.234610452715;21.234610452715;21.234610452715;21.234610452715;0.014771;3;-2250.26315789474 * LZMA2;1;8.06759453440047;
3;4530 * CompressionMethod + -3737.35294117647 * PPMd + -2407.35294117647 * LZMA2 + 1492.35294117646 * BlockSize_1;16.8494489543701;16.8494489543701;16.8494489543701;16.8494489543701;0.033484;4;1492.35294117646 * BlockSize_1;1;4.38516149834492;
4;4530 * CompressionMethod + -3989.01960784314 * PPMd + -2407.35294117647 * LZMA2 + 1492.35294117647 * BlockSize_1 + 503.333333333336 * PPMd * filterOff;14.7413701459237;14.7413701459237;14.7413701459237;14.7413701459237;0.065946;6;503.333333333336 * PPMd * filterOff;2;1.0540394042232;
5;4529.99999999999 * CompressionMethod + -3989.01960784314 * PPMd + -2645.68627450981 * LZMA2 + 1492.35294117647 * BlockSize_1 + 503.333333333333 * PPMd * filterOff + 476.666666666662 * LZMA2 * mtOff;13.1322999070459;13.1322999070459;13.1322999070459;13.1322999070459;0.113854;8;476.666666666662 * LZMA2 * mtOff;2;0.804535119438905;
6;4530 * CompressionMethod + -3989.01960784314 * PPMd + -2645.68627450981 * LZMA2 + 1492.35294117647 * BlockSize_1 + 426.666666666674 * PPMd * filterOff + 476.666666666658 * LZMA2 * mtOff + 230.000000000004 * PPMd * filterOff * mtOff;12.4276430443007;12.4276430443007;12.4276430443007;12.4276430443007;0.181224;11;230.000000000004 * PPMd * filterOff * mtOff;3;0.234885620915068;
7;2960 * CompressionMethod + -3989.01960784314 * PPMd + -2645.68627450981 * LZMA2 + 3062.35294117647 * BlockSize_1 + 426.666666666662 * PPMd * filterOff + 476.666666666666 * LZMA2 * mtOff + 229.999999999997 * PPMd * filterOff * mtOff + 3140 * x_2;12.3271068512712;12.3271068512712;12.3271068512712;12.3271068512712;0.273341;12;3140 * x_2;1;0.100536193029434;
Elapsed=00:00:00.2736419
Learning progress:
1;10466 * CompressionMethod + -6749.33333333333 * x_0;25.6434749926452;25.6434749926452;25.6434749926452;25.6434749926452;0.004511;2;-6749.33333333333 * x_0;1;28.7222688895711;
2;10466 * CompressionMethod + -6340.28571428572 * x_0 + -1840.71428571428 * PPMd;17.6951633935293;17.6951633935293;17.6951633935293;17.6951633935293;0.019788;3;-1840.71428571428 * PPMd;1;7.94831159911593;
3;10189.9438202247 * CompressionMethod + -6458.59550561798 * x_0 + -1446.34831460674 * PPMd + 1380.28089887641 * BZip2;9.69920804418522;9.69920804418522;9.69920804418522;9.69920804418522;0.042586;4;1380.28089887641 * BZip2;1;7.99595534934403;
4;7662.90780141844 * CompressionMethod + -4068.1560283688 * x_0 + -1309.75177304964 * PPMd + 1858.36879432624 * BZip2 + 12157.0921985816 * x_10;8.21037349286229;8.21037349286229;8.21037349286229;8.21037349286229;0.077217;5;12157.0921985816 * x_10;1;1.48883455132293;
5;7667.47181964573 * CompressionMethod + -4159.43639291465 * x_0 + -1330.28985507247 * PPMd + 1840.11272141707 * BZip2 + 12152.5281803543 * x_10 + 214.508856682765 * mtOff;6.57926481277824;6.57926481277824;6.57926481277824;6.57926481277824;0.127071;6;214.508856682765 * mtOff;1;1.63110868008405;
6;7667.47181964573 * CompressionMethod + -4159.43639291465 * x_0 + -1330.28985507246 * PPMd + 1840.11272141707 * BZip2 + 12152.5281803543 * x_10 + 202.008856682771 * mtOff + 37.4999999999978 * mtOff * HeaderCompressionOff;6.45036034710215;6.45036034710215;6.45036034710215;6.45036034710215;0.192713;8;37.4999999999978 * mtOff * HeaderCompressionOff;2;0.0644522328380455;
Elapsed=00:00:00.1929930
Learning progress:
1;3694.4 * CompressionMethod + 2490.6 * BZip2;19.7985346220913;19.7985346220913;19.7985346220913;19.7985346220913;0.003441;2;2490.6 * BZip2;1;26.5429972994566;
2;3694.4 * CompressionMethod + 2580.6 * BZip2 + -270.000000000004 * BZip2 * mtOff;19.5746123942492;19.5746123942492;19.5746123942492;19.5746123942492;0.011337;4;-270.000000000004 * BZip2 * mtOff;2;0.111961113921042;
Elapsed=00:00:00.0115298
Learning progress:
1;10466 * CompressionMethod + -6729.84615384615 * x_0;40.8444836652728;40.8444836652728;40.8444836652728;40.8444836652728;0.00463;2;-6729.84615384615 * x_0;1;55.6068964378054;
2;10163.2909379968 * CompressionMethod + -6718.20349761526 * x_0 + 1513.5453100159 * BZip2;27.5872970724681;27.5872970724681;27.5872970724681;27.5872970724681;0.018285;3;1513.5453100159 * BZip2;1;13.2571865928048;
3;11557.5 * CompressionMethod + -8377.9761904762 * x_0 + 2894.4761904762 * BZip2 + -8351.97619047621 * x_2;17.2063922449003;17.2063922449003;17.2063922449003;17.2063922449003;0.040548;4;-8351.97619047621 * x_2;1;10.3809048275678;
4;11557.5 * CompressionMethod + -8068.16666666667 * x_0 + 2584.66666666668 * BZip2 + -8042.16666666669 * x_2 + -1084.33333333333 * PPMd;11.2623825181136;11.2623825181136;11.2623825181136;11.2623825181136;0.074015;5;-1084.33333333333 * PPMd;1;5.94400972678664;
5;11557.5 * CompressionMethod + -8192.47101449275 * x_0 + 2584.66666666667 * BZip2 + -8042.16666666666 * x_2 + -1167.20289855072 * PPMd + 310.76086956521 * filterOff;8.94109016866813;8.94109016866813;8.94109016866813;8.94109016866813;0.120606;6;310.76086956521 * filterOff;1;2.32129234944547;
6;11557.5 * CompressionMethod + -8236.98973675055 * x_0 + 2596.26927983301 * BZip2 + -8053.76927983298 * x_2 + -1177.54435811202 * PPMd + 306.031543546324 * filterOff + 87.0195987475289 * mtOff;7.39257935776421;7.39257935776421;7.39257935776421;7.39257935776421;0.18532;7;87.0195987475289 * mtOff;1;1.54851081090392;
7;11557.5 * CompressionMethod + -8241.85961585021 * x_0 + 2606.33483980308 * BZip2 + -8063.83483980307 * x_2 + -1164.015010895 * PPMd + 365.413203131304 * filterOff + 88.5800177548154 * mtOff + -147.862561536612 * filterOff * HeaderCompressionOff;6.78311836061099;6.78311836061099;6.78311836061099;6.78311836061099;0.270606;9;-147.862561536612 * filterOff * HeaderCompressionOff;2;0.304730498576614;
Elapsed=00:00:00.2709079
Learning progress:
1;8292.5 * CompressionMethod + -4541.01851851852 * x_0;33.895211940399;33.895211940399;33.895211940399;33.895211940399;0.00408;2;-4541.01851851852 * x_0;1;36.2316807165768;
2;7759.94871794871 * CompressionMethod + -4481.84615384615 * x_0 + 2130.20512820513 * BZip2;24.9164621132234;24.9164621132234;24.9164621132234;24.9164621132234;0.014698;3;2130.20512820513 * BZip2;1;8.97874982717562;
3;7844.89361702127 * CompressionMethod + -4184.5390070922 * x_0 + 1790.42553191489 * BZip2 + -1380.35460992908 * PPMd;19.5423564790085;19.5423564790085;19.5423564790085;19.5423564790085;0.033449;4;-1380.35460992908 * PPMd;1;5.37410563421486;
4;9023.33333333333 * CompressionMethod + -5598.66666666667 * x_0 + 2615.33333333333 * BZip2 + -1144.66666666666 * PPMd + -5538.66666666666 * x_2;17.2087450162252;17.2087450162252;17.2087450162252;17.2087450162252;0.064073;5;-5538.66666666666 * x_2;1;2.33361146278335;
5;19820 * CompressionMethod + -16395.3333333333 * x_0 + 2615.33333333333 * BZip2 + -1144.66666666666 * PPMd + -16335.3333333333 * x_2 + -16195 * x_4;11.0261597691827;11.0261597691827;11.0261597691827;11.0261597691827;0.104637;6;-16195 * x_4;1;6.18258524704248;
6;19272.3076923077 * CompressionMethod + -16322.3076923077 * x_0 + 2542.3076923077 * BZip2 + -1217.69230769229 * PPMd + -15714.6153846154 * x_2 + -16195 * x_4 + 547.692307692307 * Files_0;8.44336348166788;8.44336348166788;8.44336348166788;8.44336348166788;0.161254;7;547.692307692307 * Files_0;1;2.58279628751482;
7;19331.1111111111 * CompressionMethod + -16381.1111111111 * x_0 + 2537.40740740741 * BZip2 + -1222.59259259258 * PPMd + -15768.5185185186 * x_2 + -16195 * x_4 + 488.888888888884 * Files_0 + 127.407407407411 * filterOff;7.22636349284716;7.22636349284716;7.22636349284716;7.22636349284716;0.235492;8;127.407407407411 * filterOff;1;1.21699998882072;
8;19322.1436464088 * CompressionMethod + -16372.1436464088 * x_0 + 2497.80110497238 * BZip2 + -1221.84530386741 * PPMd + -15719.9447513812 * x_2 + -16195 * x_4 + 497.856353591155 * Files_0 + 269.392265193373 * filterOff + -242.121546961335 * filterOff * HeaderCompressionOff;5.69256269688954;5.69256269688954;5.69256269688954;5.69256269688954;0.327284;10;-242.121546961335 * filterOff * HeaderCompressionOff;2;0.76690039797881;
9;19270.6432748538 * CompressionMethod + -16320.6432748538 * x_0 + 2498.81091617933 * BZip2 + -1446.02339181286 * PPMd + -15669.4541910331 * x_2 + -16195 * x_4 + 549.3567251462 * Files_0 + 170.935672514627 * filterOff + -261.812865497088 * filterOff * HeaderCompressionOff + 456.939571150103 * PPMd * filterOff;4.18846029245647;4.18846029245647;4.18846029245647;4.18846029245647;0.449191;12;456.939571150103 * PPMd * filterOff;2;0.752051202216531;
10;19246.8847989093 * CompressionMethod + -16296.8847989093 * x_0 + 2720.55669166099 * BZip2 + -1469.78186775733 * PPMd + -15867.4414905703 * x_2 + -16195 * x_4 + 573.115201090676 * Files_0 + 143.217450579408 * filterOff + -297.450579413788 * filterOff * HeaderCompressionOff + 508.416269029778 * PPMd * filterOff + -451.411042944789 * BZip2 * mtOff;3.71111187901927;3.71111187901927;3.71111187901927;3.71111187901927;0.601568;14;-451.411042944789 * BZip2 * mtOff;2;0.238674206718603;
Elapsed=00:00:00.6019093
Learning progress:
1;5325.2 * CompressionMethod + -3040.2 * PPMd;29.3022049871155;29.3022049871155;29.3022049871155;29.3022049871155;0.003308;2;-3040.2 * PPMd;1;74.7850266030949;
2;5865.26315789473 * CompressionMethod + -3580.26315789474 * PPMd + -2250.26315789474 * LZMA2;21.234610452715;21.234610452715;21.234610452715;21.234610452715;0.014354;3;-2250.26315789474 * LZMA2;1;8.06759453440047;
3;4530 * CompressionMethod + -3737.35294117647 * PPMd + -2407.35294117647 * LZMA2 + 1492.35294117646 * BlockSize_1;16.8494489543701;16.8494489543701;16.8494489543701;16.8494489543701;0.03446;4;1492.35294117646 * BlockSize_1;1;4.38516149834492;
4;4530 * CompressionMethod + -3989.01960784314 * PPMd + -2407.35294117647 * LZMA2 + 1492.35294117647 * BlockSize_1 + 503.333333333336 * PPMd * filterOff;14.7413701459237;14.7413701459237;14.7413701459237;14.7413701459237;0.068109;6;503.333333333336 * PPMd * filterOff;2;1.0540394042232;
5;4529.99999999999 * CompressionMethod + -3989.01960784314 * PPMd + -2645.68627450981 * LZMA2 + 1492.35294117647 * BlockSize_1 + 503.333333333333 * PPMd * filterOff + 476.666666666662 * LZMA2 * mtOff;13.1322999070459;13.1322999070459;13.1322999070459;13.1322999070459;0.115923;8;476.666666666662 * LZMA2 * mtOff;2;0.804535119438905;
6;4530 * CompressionMethod + -3989.01960784314 * PPMd + -2645.68627450981 * LZMA2 + 1492.35294117647 * BlockSize_1 + 426.666666666674 * PPMd * filterOff + 476.666666666658 * LZMA2 * mtOff + 230.000000000004 * PPMd * filterOff * mtOff;12.4276430443007;12.4276430443007;12.4276430443007;12.4276430443007;0.182925;11;230.000000000004 * PPMd * filterOff * mtOff;3;0.234885620915068;
Elapsed=00:00:00.1832124
Learning progress:
1;10466 * CompressionMethod + -6749.33333333333 * x_0;25.6434749926452;25.6434749926452;25.6434749926452;25.6434749926452;0.003691;2;-6749.33333333333 * x_0;1;28.7222688895711;
2;10466 * CompressionMethod + -6340.28571428572 * x_0 + -1840.71428571428 * PPMd;17.6951633935293;17.6951633935293;17.6951633935293;17.6951633935293;0.018101;3;-1840.71428571428 * PPMd;1;7.94831159911593;
3;10189.9438202247 * CompressionMethod + -6458.59550561798 * x_0 + -1446.34831460674 * PPMd + 1380.28089887641 * BZip2;9.69920804418522;9.69920804418522;9.69920804418522;9.69920804418522;0.040303;4;1380.28089887641 * BZip2;1;7.99595534934403;
4;7662.90780141844 * CompressionMethod + -4068.1560283688 * x_0 + -1309.75177304964 * PPMd + 1858.36879432624 * BZip2 + 12157.0921985816 * x_10;8.21037349286229;8.21037349286229;8.21037349286229;8.21037349286229;0.07565;5;12157.0921985816 * x_10;1;1.48883455132293;
5;7667.47181964573 * CompressionMethod + -4159.43639291465 * x_0 + -1330.28985507247 * PPMd + 1840.11272141707 * BZip2 + 12152.5281803543 * x_10 + 214.508856682765 * mtOff;6.57926481277824;6.57926481277824;6.57926481277824;6.57926481277824;0.124383;6;214.508856682765 * mtOff;1;1.63110868008405;
6;7667.47181964573 * CompressionMethod + -4159.43639291465 * x_0 + -1330.28985507246 * PPMd + 1840.11272141707 * BZip2 + 12152.5281803543 * x_10 + 202.008856682771 * mtOff + 37.4999999999978 * mtOff * HeaderCompressionOff;6.45036034710215;6.45036034710215;6.45036034710215;6.45036034710215;0.191713;8;37.4999999999978 * mtOff * HeaderCompressionOff;2;0.0644522328380455;
Elapsed=00:00:00.1919920
Learning progress:
1;3694.4 * CompressionMethod + 2490.6 * BZip2;19.7985346220913;19.7985346220913;19.7985346220913;19.7985346220913;0.003032;2;2490.6 * BZip2;1;26.5429972994566;
2;3694.4 * CompressionMethod + 2580.6 * BZip2 + -270.000000000004 * BZip2 * mtOff;19.5746123942492;19.5746123942492;19.5746123942492;19.5746123942492;0.010851;4;-270.000000000004 * BZip2 * mtOff;2;0.111961113921042;
3;3692.91666666667 * CompressionMethod + 2582.08333333334 * BZip2 + -270 * BZip2 * mtOff + 37.0833333333333 * BlockSize_4096;19.5673478802346;19.5673478802346;19.5673478802346;19.5673478802346;0.026342;5;37.0833333333333 * BlockSize_4096;1;0.00726451401459016;
Elapsed=00:00:00.0265473
Learning progress:
1;10466 * CompressionMethod + -6729.84615384615 * x_0;40.8444836652728;40.8444836652728;40.8444836652728;40.8444836652728;0.003729;2;-6729.84615384615 * x_0;1;55.6068964378054;
2;10163.2909379968 * CompressionMethod + -6718.20349761526 * x_0 + 1513.5453100159 * BZip2;27.5872970724681;27.5872970724681;27.5872970724681;27.5872970724681;0.018801;3;1513.5453100159 * BZip2;1;13.2571865928048;
3;11557.5 * CompressionMethod + -8377.9761904762 * x_0 + 2894.4761904762 * BZip2 + -8351.97619047621 * x_2;17.2063922449003;17.2063922449003;17.2063922449003;17.2063922449003;0.041241;4;-8351.97619047621 * x_2;1;10.3809048275678;
4;11557.5 * CompressionMethod + -8068.16666666667 * x_0 + 2584.66666666668 * BZip2 + -8042.16666666669 * x_2 + -1084.33333333333 * PPMd;11.2623825181136;11.2623825181136;11.2623825181136;11.2623825181136;0.075212;5;-1084.33333333333 * PPMd;1;5.94400972678664;
5;11557.5 * CompressionMethod + -8192.47101449275 * x_0 + 2584.66666666667 * BZip2 + -8042.16666666666 * x_2 + -1167.20289855072 * PPMd + 310.76086956521 * filterOff;8.94109016866813;8.94109016866813;8.94109016866813;8.94109016866813;0.123388;6;310.76086956521 * filterOff;1;2.32129234944547;
6;11557.5 * CompressionMethod + -8236.98973675055 * x_0 + 2596.26927983301 * BZip2 + -8053.76927983298 * x_2 + -1177.54435811202 * PPMd + 306.031543546324 * filterOff + 87.0195987475289 * mtOff;7.39257935776421;7.39257935776421;7.39257935776421;7.39257935776421;0.189181;7;87.0195987475289 * mtOff;1;1.54851081090392;
7;11557.5 * CompressionMethod + -8241.85961585021 * x_0 + 2606.33483980308 * BZip2 + -8063.83483980307 * x_2 + -1164.015010895 * PPMd + 365.413203131304 * filterOff + 88.5800177548154 * mtOff + -147.862561536612 * filterOff * HeaderCompressionOff;6.78311836061099;6.78311836061099;6.78311836061099;6.78311836061099;0.272739;9;-147.862561536612 * filterOff * HeaderCompressionOff;2;0.304730498576614;
8;11557.5 * CompressionMethod + -8242.16174382277 * x_0 + 2581.79380857711 * BZip2 + -8039.29380857712 * x_2 + -1205.11814825332 * PPMd + 367.898892360124 * filterOff + 111.445612042031 * mtOff + -74.3493325759797 * filterOff * HeaderCompressionOff + -340.333428003386 * filterOff * HeaderCompressionOff * LZMA;5.40016398234665;5.40016398234665;5.40016398234665;5.40016398234665;0.386231;12;-340.333428003386 * filterOff * HeaderCompressionOff * LZMA;3;0.46098479275478;
9;11557.5 * CompressionMethod + -8275.30062702586 * x_0 + 2685.65226632659 * BZip2 + -8143.15226632659 * x_2 + -1200.55157022158 * PPMd + 480.790690259837 * filterOff + -56.3698921302988 * mtOff + -318.099792762645 * filterOff * HeaderCompressionOff + -447.835166586943 * filterOff * HeaderCompressionOff * LZMA + 439.314788245915 * mtOff * HeaderCompressionOff;4.31841710478109;4.31841710478109;4.31841710478109;4.31841710478109;0.532602;14;439.314788245915 * mtOff * HeaderCompressionOff;2;0.540873438782778;
10;11557.5 * CompressionMethod + -8292.05381287183 * x_0 + 2581.03623580313 * BZip2 + -8038.53623580315 * x_2 + -1193.92644672795 * PPMd + 489.517577068686 * filterOff + -19.4824229313191 * mtOff + -375.715521903746 * filterOff * HeaderCompressionOff + -415.851811790138 * filterOff * HeaderCompressionOff * LZMA + 436.085992428329 * mtOff * HeaderCompressionOff + 286.616549486222 * BZip2 * HeaderCompressionOff;4.07893747845583;4.07893747845583;4.07893747845583;4.07893747845583;0.719385;16;286.616549486222 * BZip2 * HeaderCompressionOff;2;0.119739813162632;
11;11557.5 * CompressionMethod + -8294.94840052124 * x_0 + 2589.45100676784 * BZip2 + -8046.95100676782 * x_2 + -1184.67253772751 * PPMd + 473.18508554373 * filterOff + -19.5964521417568 * mtOff + -362.42380932365 * filterOff * HeaderCompressionOff + -464.387321871439 * filterOff * HeaderCompressionOff * LZMA + 436.609357265956 * mtOff * HeaderCompressionOff + 282.616755643364 * BZip2 * HeaderCompressionOff + 54.0615410483913 * filterOff * LZMA;4.03670178062593;4.03670178062593;4.03670178062593;4.03670178062593;0.943036;18;54.0615410483913 * filterOff * LZMA;2;0.0211178489149462;
Elapsed=00:00:00.9434028
Learning progress:
1;8292.5 * CompressionMethod + -4541.01851851852 * x_0;33.895211940399;33.895211940399;33.895211940399;33.895211940399;0.003259;2;-4541.01851851852 * x_0;1;36.2316807165768;
2;7759.94871794871 * CompressionMethod + -4481.84615384615 * x_0 + 2130.20512820513 * BZip2;24.9164621132234;24.9164621132234;24.9164621132234;24.9164621132234;0.015552;3;2130.20512820513 * BZip2;1;8.97874982717562;
3;7844.89361702127 * CompressionMethod + -4184.5390070922 * x_0 + 1790.42553191489 * BZip2 + -1380.35460992908 * PPMd;19.5423564790085;19.5423564790085;19.5423564790085;19.5423564790085;0.035552;4;-1380.35460992908 * PPMd;1;5.37410563421486;
4;9023.33333333333 * CompressionMethod + -5598.66666666667 * x_0 + 2615.33333333333 * BZip2 + -1144.66666666666 * PPMd + -5538.66666666666 * x_2;17.2087450162252;17.2087450162252;17.2087450162252;17.2087450162252;0.066764;5;-5538.66666666666 * x_2;1;2.33361146278335;
5;19820 * CompressionMethod + -16395.3333333333 * x_0 + 2615.33333333333 * BZip2 + -1144.66666666666 * PPMd + -16335.3333333333 * x_2 + -16195 * x_4;11.0261597691827;11.0261597691827;11.0261597691827;11.0261597691827;0.110284;6;-16195 * x_4;1;6.18258524704248;
6;19272.3076923077 * CompressionMethod + -16322.3076923077 * x_0 + 2542.3076923077 * BZip2 + -1217.69230769229 * PPMd + -15714.6153846154 * x_2 + -16195 * x_4 + 547.692307692307 * Files_0;8.44336348166788;8.44336348166788;8.44336348166788;8.44336348166788;0.166408;7;547.692307692307 * Files_0;1;2.58279628751482;
7;19331.1111111111 * CompressionMethod + -16381.1111111111 * x_0 + 2537.40740740741 * BZip2 + -1222.59259259258 * PPMd + -15768.5185185186 * x_2 + -16195 * x_4 + 488.888888888884 * Files_0 + 127.407407407411 * filterOff;7.22636349284716;7.22636349284716;7.22636349284716;7.22636349284716;0.238808;8;127.407407407411 * filterOff;1;1.21699998882072;
8;19322.1436464088 * CompressionMethod + -16372.1436464088 * x_0 + 2497.80110497238 * BZip2 + -1221.84530386741 * PPMd + -15719.9447513812 * x_2 + -16195 * x_4 + 497.856353591155 * Files_0 + 269.392265193373 * filterOff + -242.121546961335 * filterOff * HeaderCompressionOff;5.69256269688954;5.69256269688954;5.69256269688954;5.69256269688954;0.334097;10;-242.121546961335 * filterOff * HeaderCompressionOff;2;0.76690039797881;
9;19270.6432748538 * CompressionMethod + -16320.6432748538 * x_0 + 2498.81091617933 * BZip2 + -1446.02339181286 * PPMd + -15669.4541910331 * x_2 + -16195 * x_4 + 549.3567251462 * Files_0 + 170.935672514627 * filterOff + -261.812865497088 * filterOff * HeaderCompressionOff + 456.939571150103 * PPMd * filterOff;4.18846029245647;4.18846029245647;4.18846029245647;4.18846029245647;0.455531;12;456.939571150103 * PPMd * filterOff;2;0.752051202216531;
10;19246.8847989093 * CompressionMethod + -16296.8847989093 * x_0 + 2720.55669166099 * BZip2 + -1469.78186775733 * PPMd + -15867.4414905703 * x_2 + -16195 * x_4 + 573.115201090676 * Files_0 + 143.217450579408 * filterOff + -297.450579413788 * filterOff * HeaderCompressionOff + 508.416269029778 * PPMd * filterOff + -451.411042944789 * BZip2 * mtOff;3.71111187901927;3.71111187901927;3.71111187901927;3.71111187901927;0.610296;14;-451.411042944789 * BZip2 * mtOff;2;0.238674206718603;
11;19276.0213776722 * CompressionMethod + -16326.0213776722 * x_0 + 2732.18378859858 * BZip2 + -1477.36638954869 * PPMd + -15908.2051662708 * x_2 + -16195 * x_4 + 543.978622327763 * Files_0 + 169.049881235153 * filterOff + -351.668646080768 * filterOff * HeaderCompressionOff + 518.72921615203 * PPMd * filterOff + -460.872921615201 * BZip2 * mtOff + 55.0816508313608 * HeaderCompressionOff;3.37527948305571;3.37527948305571;3.37527948305571;3.37527948305571;0.796039;15;55.0816508313608 * HeaderCompressionOff;1;0.335832395963555;
12;19315.0622406639 * CompressionMethod + -16365.0622406639 * x_0 + 2866.9398340249 * BZip2 + -1452.51037344398 * PPMd + -16082.0020746888 * x_2 + -16195 * x_4 + 504.937759336085 * Files_0 + 260.145228215762 * filterOff + -403.983402489634 * filterOff * HeaderCompressionOff + 462.510373444002 * PPMd * filterOff + -520.995850622414 * BZip2 * mtOff + 76.358921161825 * HeaderCompressionOff + -219.149377593362 * BZip2 * filterOff;2.72870787369023;2.72870787369023;2.72870787369023;2.72870787369023;1.014787;17;-219.149377593362 * BZip2 * filterOff;2;0.323285804682744;
13;19372.5622406639 * CompressionMethod + -16365.0622406639 * x_0 + 2866.9398340249 * BZip2 + -1452.51037344398 * PPMd + -16139.5020746888 * x_2 + -16252.5 * x_4 + 562.43775933611 * Files_0 + 260.145228215762 * filterOff + -403.983402489634 * filterOff * HeaderCompressionOff + 462.510373443996 * PPMd * filterOff + -520.995850622431 * BZip2 * mtOff + 76.3589211618158 * HeaderCompressionOff + -219.149377593363 * BZip2 * filterOff + -114.999999999989 * BlockSize_1;2.59454534113722;2.59454534113722;2.59454534113722;2.59454534113722;1.27552;18;-114.999999999989 * BlockSize_1;1;0.134162532553005;
14;19360.6707317074 * CompressionMethod + -16353.1707317073 * x_0 + 2830.6707317073 * BZip2 + -1450.52845528455 * PPMd + -16091.3414634147 * x_2 + -16252.5 * x_4 + 574.329268292668 * Files_0 + 264.241192411912 * filterOff + -407.154471544731 * filterOff * HeaderCompressionOff + 460.528455284565 * PPMd * filterOff + -521.788617886167 * BZip2 * mtOff + 55.5487804878099 * HeaderCompressionOff + -222.452574525723 * BZip2 * filterOff + -115 * BlockSize_1 + 95.5284552845665 * BZip2 * HeaderCompressionOff;2.4778312828997;2.4778312828997;2.4778312828997;2.4778312828997;1.571852;20;95.5284552845665 * BZip2 * HeaderCompressionOff;2;0.0583570291187625;
Elapsed=00:00:01.5722674
Learning progress:
1;5325.2 * CompressionMethod + -3040.2 * PPMd;29.3022049871155;29.3022049871155;29.3022049871155;29.3022049871155;0.003169;2;-3040.2 * PPMd;1;74.7850266030949;
2;5865.26315789473 * CompressionMethod + -3580.26315789474 * PPMd + -2250.26315789474 * LZMA2;21.234610452715;21.234610452715;21.234610452715;21.234610452715;0.01412;3;-2250.26315789474 * LZMA2;1;8.06759453440047;
3;4530 * CompressionMethod + -3737.35294117647 * PPMd + -2407.35294117647 * LZMA2 + 1492.35294117646 * BlockSize_1;16.8494489543701;16.8494489543701;16.8494489543701;16.8494489543701;0.033706;4;1492.35294117646 * BlockSize_1;1;4.38516149834492;
4;4530 * CompressionMethod + -3989.01960784314 * PPMd + -2407.35294117647 * LZMA2 + 1492.35294117647 * BlockSize_1 + 503.333333333336 * PPMd * filterOff;14.7413701459237;14.7413701459237;14.7413701459237;14.7413701459237;0.066796;6;503.333333333336 * PPMd * filterOff;2;1.0540394042232;
5;4529.99999999999 * CompressionMethod + -3989.01960784314 * PPMd + -2645.68627450981 * LZMA2 + 1492.35294117647 * BlockSize_1 + 503.333333333333 * PPMd * filterOff + 476.666666666662 * LZMA2 * mtOff;13.1322999070459;13.1322999070459;13.1322999070459;13.1322999070459;0.114809;8;476.666666666662 * LZMA2 * mtOff;2;0.804535119438905;
6;4530 * CompressionMethod + -3989.01960784314 * PPMd + -2645.68627450981 * LZMA2 + 1492.35294117647 * BlockSize_1 + 426.666666666674 * PPMd * filterOff + 476.666666666658 * LZMA2 * mtOff + 230.000000000004 * PPMd * filterOff * mtOff;12.4276430443007;12.4276430443007;12.4276430443007;12.4276430443007;0.183455;11;230.000000000004 * PPMd * filterOff * mtOff;3;0.234885620915068;
7;2960 * CompressionMethod + -3989.01960784314 * PPMd + -2645.68627450981 * LZMA2 + 3062.35294117647 * BlockSize_1 + 426.666666666662 * PPMd * filterOff + 476.666666666666 * LZMA2 * mtOff + 229.999999999997 * PPMd * filterOff * mtOff + 3140 * x_2;12.3271068512712;12.3271068512712;12.3271068512712;12.3271068512712;0.276874;12;3140 * x_2;1;0.100536193029434;
8;3770.58823529413 * CompressionMethod + -3989.01960784314 * PPMd + -2645.68627450981 * LZMA2 + 2251.76470588235 * BlockSize_1 + 426.666666666664 * PPMd * filterOff + 476.666666666664 * LZMA2 * mtOff + 229.999999999995 * PPMd * filterOff * mtOff + 2329.41176470589 * x_2 + -810.588235294115 * Files_50;9.88269745212289;9.88269745212289;9.88269745212289;9.88269745212289;0.389108;13;-810.588235294115 * Files_50;1;2.44440939914835;
9;3770.58823529412 * CompressionMethod + -3989.01960784313 * PPMd + -1322.8431372549 * LZMA2 + 2251.76470588235 * BlockSize_1 + 426.666666666671 * PPMd * filterOff + 476.666666666669 * LZMA2 * mtOff + 229.999999999998 * PPMd * filterOff * mtOff + 2329.41176470589 * x_2 + -810.588235294118 * Files_50 + -1322.8431372549 * BlockSize_1 * LZMA2;9.8826974521227;9.8826974521227;9.8826974521227;9.8826974521227;0.526941;15;-1322.8431372549 * BlockSize_1 * LZMA2;2;9.2370555648813E-14;
Elapsed=00:00:00.5272740
Learning progress:
1;10466 * CompressionMethod + -6749.33333333333 * x_0;25.6434749926452;25.6434749926452;25.6434749926452;25.6434749926452;0.004111;2;-6749.33333333333 * x_0;1;28.7222688895711;
2;10466 * CompressionMethod + -6340.28571428572 * x_0 + -1840.71428571428 * PPMd;17.6951633935293;17.6951633935293;17.6951633935293;17.6951633935293;0.018342;3;-1840.71428571428 * PPMd;1;7.94831159911593;
3;10189.9438202247 * CompressionMethod + -6458.59550561798 * x_0 + -1446.34831460674 * PPMd + 1380.28089887641 * BZip2;9.69920804418522;9.69920804418522;9.69920804418522;9.69920804418522;0.040929;4;1380.28089887641 * BZip2;1;7.99595534934403;
4;7662.90780141844 * CompressionMethod + -4068.1560283688 * x_0 + -1309.75177304964 * PPMd + 1858.36879432624 * BZip2 + 12157.0921985816 * x_10;8.21037349286229;8.21037349286229;8.21037349286229;8.21037349286229;0.075598;5;12157.0921985816 * x_10;1;1.48883455132293;
5;7667.47181964573 * CompressionMethod + -4159.43639291465 * x_0 + -1330.28985507247 * PPMd + 1840.11272141707 * BZip2 + 12152.5281803543 * x_10 + 214.508856682765 * mtOff;6.57926481277824;6.57926481277824;6.57926481277824;6.57926481277824;0.12591;6;214.508856682765 * mtOff;1;1.63110868008405;
6;7667.47181964573 * CompressionMethod + -4159.43639291465 * x_0 + -1330.28985507246 * PPMd + 1840.11272141707 * BZip2 + 12152.5281803543 * x_10 + 202.008856682771 * mtOff + 37.4999999999978 * mtOff * HeaderCompressionOff;6.45036034710215;6.45036034710215;6.45036034710215;6.45036034710215;0.194699;8;37.4999999999978 * mtOff * HeaderCompressionOff;2;0.0644522328380455;
Elapsed=00:00:00.1949796
Learning progress:
1;3694.4 * CompressionMethod + 2490.6 * BZip2;19.7985346220913;19.7985346220913;19.7985346220913;19.7985346220913;0.005009;2;2490.6 * BZip2;1;26.5429972994566;
2;3694.4 * CompressionMethod + 2580.6 * BZip2 + -270.000000000004 * BZip2 * mtOff;19.5746123942492;19.5746123942492;19.5746123942492;19.5746123942492;0.012834;4;-270.000000000004 * BZip2 * mtOff;2;0.111961113921042;
Elapsed=00:00:00.0130277
Learning progress:
1;10466 * CompressionMethod + -6729.84615384615 * x_0;40.8444836652728;40.8444836652728;40.8444836652728;40.8444836652728;0.004129;2;-6729.84615384615 * x_0;1;55.6068964378054;
2;10163.2909379968 * CompressionMethod + -6718.20349761526 * x_0 + 1513.5453100159 * BZip2;27.5872970724681;27.5872970724681;27.5872970724681;27.5872970724681;0.018425;3;1513.5453100159 * BZip2;1;13.2571865928048;
3;11557.5 * CompressionMethod + -8377.9761904762 * x_0 + 2894.4761904762 * BZip2 + -8351.97619047621 * x_2;17.2063922449003;17.2063922449003;17.2063922449003;17.2063922449003;0.04148;4;-8351.97619047621 * x_2;1;10.3809048275678;
4;11557.5 * CompressionMethod + -8068.16666666667 * x_0 + 2584.66666666668 * BZip2 + -8042.16666666669 * x_2 + -1084.33333333333 * PPMd;11.2623825181136;11.2623825181136;11.2623825181136;11.2623825181136;0.074399;5;-1084.33333333333 * PPMd;1;5.94400972678664;
5;11557.5 * CompressionMethod + -8192.47101449275 * x_0 + 2584.66666666667 * BZip2 + -8042.16666666666 * x_2 + -1167.20289855072 * PPMd + 310.76086956521 * filterOff;8.94109016866813;8.94109016866813;8.94109016866813;8.94109016866813;0.123244;6;310.76086956521 * filterOff;1;2.32129234944547;
6;11557.5 * CompressionMethod + -8236.98973675055 * x_0 + 2596.26927983301 * BZip2 + -8053.76927983298 * x_2 + -1177.54435811202 * PPMd + 306.031543546324 * filterOff + 87.0195987475289 * mtOff;7.39257935776421;7.39257935776421;7.39257935776421;7.39257935776421;0.187975;7;87.0195987475289 * mtOff;1;1.54851081090392;
7;11557.5 * CompressionMethod + -8241.85961585021 * x_0 + 2606.33483980308 * BZip2 + -8063.83483980307 * x_2 + -1164.015010895 * PPMd + 365.413203131304 * filterOff + 88.5800177548154 * mtOff + -147.862561536612 * filterOff * HeaderCompressionOff;6.78311836061099;6.78311836061099;6.78311836061099;6.78311836061099;0.27166;9;-147.862561536612 * filterOff * HeaderCompressionOff;2;0.304730498576614;
8;11557.5 * CompressionMethod + -8242.16174382277 * x_0 + 2581.79380857711 * BZip2 + -8039.29380857712 * x_2 + -1205.11814825332 * PPMd + 367.898892360124 * filterOff + 111.445612042031 * mtOff + -74.3493325759797 * filterOff * HeaderCompressionOff + -340.333428003386 * filterOff * HeaderCompressionOff * LZMA;5.40016398234665;5.40016398234665;5.40016398234665;5.40016398234665;0.387776;12;-340.333428003386 * filterOff * HeaderCompressionOff * LZMA;3;0.46098479275478;
9;11557.5 * CompressionMethod + -8275.30062702586 * x_0 + 2685.65226632659 * BZip2 + -8143.15226632659 * x_2 + -1200.55157022158 * PPMd + 480.790690259837 * filterOff + -56.3698921302988 * mtOff + -318.099792762645 * filterOff * HeaderCompressionOff + -447.835166586943 * filterOff * HeaderCompressionOff * LZMA + 439.314788245915 * mtOff * HeaderCompressionOff;4.31841710478109;4.31841710478109;4.31841710478109;4.31841710478109;0.531731;14;439.314788245915 * mtOff * HeaderCompressionOff;2;0.540873438782778;
10;11557.5 * CompressionMethod + -8292.05381287183 * x_0 + 2581.03623580313 * BZip2 + -8038.53623580315 * x_2 + -1193.92644672795 * PPMd + 489.517577068686 * filterOff + -19.4824229313191 * mtOff + -375.715521903746 * filterOff * HeaderCompressionOff + -415.851811790138 * filterOff * HeaderCompressionOff * LZMA + 436.085992428329 * mtOff * HeaderCompressionOff + 286.616549486222 * BZip2 * HeaderCompressionOff;4.07893747845583;4.07893747845583;4.07893747845583;4.07893747845583;0.7165;16;286.616549486222 * BZip2 * HeaderCompressionOff;2;0.119739813162632;
Elapsed=00:00:00.7168591
Learning progress:
1;8292.5 * CompressionMethod + -4541.01851851852 * x_0;33.895211940399;33.895211940399;33.895211940399;33.895211940399;0.004051;2;-4541.01851851852 * x_0;1;36.2316807165768;
2;7759.94871794871 * CompressionMethod + -4481.84615384615 * x_0 + 2130.20512820513 * BZip2;24.9164621132234;24.9164621132234;24.9164621132234;24.9164621132234;0.016999;3;2130.20512820513 * BZip2;1;8.97874982717562;
3;7844.89361702127 * CompressionMethod + -4184.5390070922 * x_0 + 1790.42553191489 * BZip2 + -1380.35460992908 * PPMd;19.5423564790085;19.5423564790085;19.5423564790085;19.5423564790085;0.038151;4;-1380.35460992908 * PPMd;1;5.37410563421486;
4;9023.33333333333 * CompressionMethod + -5598.66666666667 * x_0 + 2615.33333333333 * BZip2 + -1144.66666666666 * PPMd + -5538.66666666666 * x_2;17.2087450162252;17.2087450162252;17.2087450162252;17.2087450162252;0.068136;5;-5538.66666666666 * x_2;1;2.33361146278335;
5;19820 * CompressionMethod + -16395.3333333333 * x_0 + 2615.33333333333 * BZip2 + -1144.66666666666 * PPMd + -16335.3333333333 * x_2 + -16195 * x_4;11.0261597691827;11.0261597691827;11.0261597691827;11.0261597691827;0.109338;6;-16195 * x_4;1;6.18258524704248;
6;19272.3076923077 * CompressionMethod + -16322.3076923077 * x_0 + 2542.3076923077 * BZip2 + -1217.69230769229 * PPMd + -15714.6153846154 * x_2 + -16195 * x_4 + 547.692307692307 * Files_0;8.44336348166788;8.44336348166788;8.44336348166788;8.44336348166788;0.165626;7;547.692307692307 * Files_0;1;2.58279628751482;
7;19331.1111111111 * CompressionMethod + -16381.1111111111 * x_0 + 2537.40740740741 * BZip2 + -1222.59259259258 * PPMd + -15768.5185185186 * x_2 + -16195 * x_4 + 488.888888888884 * Files_0 + 127.407407407411 * filterOff;7.22636349284716;7.22636349284716;7.22636349284716;7.22636349284716;0.239917;8;127.407407407411 * filterOff;1;1.21699998882072;
8;19322.1436464088 * CompressionMethod + -16372.1436464088 * x_0 + 2497.80110497238 * BZip2 + -1221.84530386741 * PPMd + -15719.9447513812 * x_2 + -16195 * x_4 + 497.856353591155 * Files_0 + 269.392265193373 * filterOff + -242.121546961335 * filterOff * HeaderCompressionOff;5.69256269688954;5.69256269688954;5.69256269688954;5.69256269688954;0.331505;10;-242.121546961335 * filterOff * HeaderCompressionOff;2;0.76690039797881;
9;19270.6432748538 * CompressionMethod + -16320.6432748538 * x_0 + 2498.81091617933 * BZip2 + -1446.02339181286 * PPMd + -15669.4541910331 * x_2 + -16195 * x_4 + 549.3567251462 * Files_0 + 170.935672514627 * filterOff + -261.812865497088 * filterOff * HeaderCompressionOff + 456.939571150103 * PPMd * filterOff;4.18846029245647;4.18846029245647;4.18846029245647;4.18846029245647;0.456588;12;456.939571150103 * PPMd * filterOff;2;0.752051202216531;
10;19246.8847989093 * CompressionMethod + -16296.8847989093 * x_0 + 2720.55669166099 * BZip2 + -1469.78186775733 * PPMd + -15867.4414905703 * x_2 + -16195 * x_4 + 573.115201090676 * Files_0 + 143.217450579408 * filterOff + -297.450579413788 * filterOff * HeaderCompressionOff + 508.416269029778 * PPMd * filterOff + -451.411042944789 * BZip2 * mtOff;3.71111187901927;3.71111187901927;3.71111187901927;3.71111187901927;0.610924;14;-451.411042944789 * BZip2 * mtOff;2;0.238674206718603;
11;19276.0213776722 * CompressionMethod + -16326.0213776722 * x_0 + 2732.18378859858 * BZip2 + -1477.36638954869 * PPMd + -15908.2051662708 * x_2 + -16195 * x_4 + 543.978622327763 * Files_0 + 169.049881235153 * filterOff + -351.668646080768 * filterOff * HeaderCompressionOff + 518.72921615203 * PPMd * filterOff + -460.872921615201 * BZip2 * mtOff + 55.0816508313608 * HeaderCompressionOff;3.37527948305571;3.37527948305571;3.37527948305571;3.37527948305571;0.79959;15;55.0816508313608 * HeaderCompressionOff;1;0.335832395963555;
12;19315.0622406639 * CompressionMethod + -16365.0622406639 * x_0 + 2866.9398340249 * BZip2 + -1452.51037344398 * PPMd + -16082.0020746888 * x_2 + -16195 * x_4 + 504.937759336085 * Files_0 + 260.145228215762 * filterOff + -403.983402489634 * filterOff * HeaderCompressionOff + 462.510373444002 * PPMd * filterOff + -520.995850622414 * BZip2 * mtOff + 76.358921161825 * HeaderCompressionOff + -219.149377593362 * BZip2 * filterOff;2.72870787369023;2.72870787369023;2.72870787369023;2.72870787369023;1.02039;17;-219.149377593362 * BZip2 * filterOff;2;0.323285804682744;
13;19372.5622406639 * CompressionMethod + -16365.0622406639 * x_0 + 2866.9398340249 * BZip2 + -1452.51037344398 * PPMd + -16139.5020746888 * x_2 + -16252.5 * x_4 + 562.43775933611 * Files_0 + 260.145228215762 * filterOff + -403.983402489634 * filterOff * HeaderCompressionOff + 462.510373443996 * PPMd * filterOff + -520.995850622431 * BZip2 * mtOff + 76.3589211618158 * HeaderCompressionOff + -219.149377593363 * BZip2 * filterOff + -114.999999999989 * BlockSize_1;2.59454534113722;2.59454534113722;2.59454534113722;2.59454534113722;1.279073;18;-114.999999999989 * BlockSize_1;1;0.134162532553005;
Elapsed=00:00:01.2794659
Learning progress:
1;5325.2 * CompressionMethod + -3040.2 * PPMd;29.3022049871155;29.3022049871155;29.3022049871155;29.3022049871155;0.003506;2;-3040.2 * PPMd;1;74.7850266030949;
2;5865.26315789473 * CompressionMethod + -3580.26315789474 * PPMd + -2250.26315789474 * LZMA2;21.234610452715;21.234610452715;21.234610452715;21.234610452715;0.014688;3;-2250.26315789474 * LZMA2;1;8.06759453440047;
3;4530 * CompressionMethod + -3737.35294117647 * PPMd + -2407.35294117647 * LZMA2 + 1492.35294117646 * BlockSize_1;16.8494489543701;16.8494489543701;16.8494489543701;16.8494489543701;0.034159;4;1492.35294117646 * BlockSize_1;1;4.38516149834492;
4;4530 * CompressionMethod + -3989.01960784314 * PPMd + -2407.35294117647 * LZMA2 + 1492.35294117647 * BlockSize_1 + 503.333333333336 * PPMd * filterOff;14.7413701459237;14.7413701459237;14.7413701459237;14.7413701459237;0.065675;6;503.333333333336 * PPMd * filterOff;2;1.0540394042232;
5;4529.99999999999 * CompressionMethod + -3989.01960784314 * PPMd + -2645.68627450981 * LZMA2 + 1492.35294117647 * BlockSize_1 + 503.333333333333 * PPMd * filterOff + 476.666666666662 * LZMA2 * mtOff;13.1322999070459;13.1322999070459;13.1322999070459;13.1322999070459;0.114022;8;476.666666666662 * LZMA2 * mtOff;2;0.804535119438905;
6;4530 * CompressionMethod + -3989.01960784314 * PPMd + -2645.68627450981 * LZMA2 + 1492.35294117647 * BlockSize_1 + 426.666666666674 * PPMd * filterOff + 476.666666666658 * LZMA2 * mtOff + 230.000000000004 * PPMd * filterOff * mtOff;12.4276430443007;12.4276430443007;12.4276430443007;12.4276430443007;0.182811;11;230.000000000004 * PPMd * filterOff * mtOff;3;0.234885620915068;
7;2960 * CompressionMethod + -3989.01960784314 * PPMd + -2645.68627450981 * LZMA2 + 3062.35294117647 * BlockSize_1 + 426.666666666662 * PPMd * filterOff + 476.666666666666 * LZMA2 * mtOff + 229.999999999997 * PPMd * filterOff * mtOff + 3140 * x_2;12.3271068512712;12.3271068512712;12.3271068512712;12.3271068512712;0.273746;12;3140 * x_2;1;0.100536193029434;
Elapsed=00:00:00.2740460
Learning progress:
1;10466 * CompressionMethod + -6749.33333333333 * x_0;25.6434749926452;25.6434749926452;25.6434749926452;25.6434749926452;0.003487;2;-6749.33333333333 * x_0;1;28.7222688895711;
2;10466 * CompressionMethod + -6340.28571428572 * x_0 + -1840.71428571428 * PPMd;17.6951633935293;17.6951633935293;17.6951633935293;17.6951633935293;0.01821;3;-1840.71428571428 * PPMd;1;7.94831159911593;
3;10189.9438202247 * CompressionMethod + -6458.59550561798 * x_0 + -1446.34831460674 * PPMd + 1380.28089887641 * BZip2;9.69920804418522;9.69920804418522;9.69920804418522;9.69920804418522;0.040576;4;1380.28089887641 * BZip2;1;7.99595534934403;
4;7662.90780141844 * CompressionMethod + -4068.1560283688 * x_0 + -1309.75177304964 * PPMd + 1858.36879432624 * BZip2 + 12157.0921985816 * x_10;8.21037349286229;8.21037349286229;8.21037349286229;8.21037349286229;0.108829;5;12157.0921985816 * x_10;1;1.48883455132293;
5;7667.47181964573 * CompressionMethod + -4159.43639291465 * x_0 + -1330.28985507247 * PPMd + 1840.11272141707 * BZip2 + 12152.5281803543 * x_10 + 214.508856682765 * mtOff;6.57926481277824;6.57926481277824;6.57926481277824;6.57926481277824;0.199523;6;214.508856682765 * mtOff;1;1.63110868008405;
6;7667.47181964573 * CompressionMethod + -4159.43639291465 * x_0 + -1330.28985507246 * PPMd + 1840.11272141707 * BZip2 + 12152.5281803543 * x_10 + 202.008856682771 * mtOff + 37.4999999999978 * mtOff * HeaderCompressionOff;6.45036034710215;6.45036034710215;6.45036034710215;6.45036034710215;0.329693;8;37.4999999999978 * mtOff * HeaderCompressionOff;2;0.0644522328380455;
Elapsed=00:00:00.3299725
Learning progress:
1;3694.4 * CompressionMethod + 2490.6 * BZip2;19.7985346220913;19.7985346220913;19.7985346220913;19.7985346220913;0.003559;2;2490.6 * BZip2;1;26.5429972994566;
2;3694.4 * CompressionMethod + 2580.6 * BZip2 + -270.000000000004 * BZip2 * mtOff;19.5746123942492;19.5746123942492;19.5746123942492;19.5746123942492;0.012755;4;-270.000000000004 * BZip2 * mtOff;2;0.111961113921042;
Elapsed=00:00:00.0129316
Learning progress:
1;10466 * CompressionMethod + -6729.84615384615 * x_0;40.8444836652728;40.8444836652728;40.8444836652728;40.8444836652728;0.003639;2;-6729.84615384615 * x_0;1;55.6068964378054;
2;10163.2909379968 * CompressionMethod + -6718.20349761526 * x_0 + 1513.5453100159 * BZip2;27.5872970724681;27.5872970724681;27.5872970724681;27.5872970724681;0.018177;3;1513.5453100159 * BZip2;1;13.2571865928048;
3;11557.5 * CompressionMethod + -8377.9761904762 * x_0 + 2894.4761904762 * BZip2 + -8351.97619047621 * x_2;17.2063922449003;17.2063922449003;17.2063922449003;17.2063922449003;0.040073;4;-8351.97619047621 * x_2;1;10.3809048275678;
4;11557.5 * CompressionMethod + -8068.16666666667 * x_0 + 2584.66666666668 * BZip2 + -8042.16666666669 * x_2 + -1084.33333333333 * PPMd;11.2623825181136;11.2623825181136;11.2623825181136;11.2623825181136;0.073125;5;-1084.33333333333 * PPMd;1;5.94400972678664;
5;11557.5 * CompressionMethod + -8192.47101449275 * x_0 + 2584.66666666667 * BZip2 + -8042.16666666666 * x_2 + -1167.20289855072 * PPMd + 310.76086956521 * filterOff;8.94109016866813;8.94109016866813;8.94109016866813;8.94109016866813;0.11966;6;310.76086956521 * filterOff;1;2.32129234944547;
6;11557.5 * CompressionMethod + -8236.98973675055 * x_0 + 2596.26927983301 * BZip2 + -8053.76927983298 * x_2 + -1177.54435811202 * PPMd + 306.031543546324 * filterOff + 87.0195987475289 * mtOff;7.39257935776421;7.39257935776421;7.39257935776421;7.39257935776421;0.187818;7;87.0195987475289 * mtOff;1;1.54851081090392;
7;11557.5 * CompressionMethod + -8241.85961585021 * x_0 + 2606.33483980308 * BZip2 + -8063.83483980307 * x_2 + -1164.015010895 * PPMd + 365.413203131304 * filterOff + 88.5800177548154 * mtOff + -147.862561536612 * filterOff * HeaderCompressionOff;6.78311836061099;6.78311836061099;6.78311836061099;6.78311836061099;0.27121;9;-147.862561536612 * filterOff * HeaderCompressionOff;2;0.304730498576614;
Elapsed=00:00:00.2715183
Learning progress:
1;8292.5 * CompressionMethod + -4541.01851851852 * x_0;33.895211940399;33.895211940399;33.895211940399;33.895211940399;0.00511;2;-4541.01851851852 * x_0;1;36.2316807165768;
2;7759.94871794871 * CompressionMethod + -4481.84615384615 * x_0 + 2130.20512820513 * BZip2;24.9164621132234;24.9164621132234;24.9164621132234;24.9164621132234;0.016029;3;2130.20512820513 * BZip2;1;8.97874982717562;
3;7844.89361702127 * CompressionMethod + -4184.5390070922 * x_0 + 1790.42553191489 * BZip2 + -1380.35460992908 * PPMd;19.5423564790085;19.5423564790085;19.5423564790085;19.5423564790085;0.036321;4;-1380.35460992908 * PPMd;1;5.37410563421486;
4;9023.33333333333 * CompressionMethod + -5598.66666666667 * x_0 + 2615.33333333333 * BZip2 + -1144.66666666666 * PPMd + -5538.66666666666 * x_2;17.2087450162252;17.2087450162252;17.2087450162252;17.2087450162252;0.06744;5;-5538.66666666666 * x_2;1;2.33361146278335;
5;19820 * CompressionMethod + -16395.3333333333 * x_0 + 2615.33333333333 * BZip2 + -1144.66666666666 * PPMd + -16335.3333333333 * x_2 + -16195 * x_4;11.0261597691827;11.0261597691827;11.0261597691827;11.0261597691827;0.10923;6;-16195 * x_4;1;6.18258524704248;
6;19272.3076923077 * CompressionMethod + -16322.3076923077 * x_0 + 2542.3076923077 * BZip2 + -1217.69230769229 * PPMd + -15714.6153846154 * x_2 + -16195 * x_4 + 547.692307692307 * Files_0;8.44336348166788;8.44336348166788;8.44336348166788;8.44336348166788;0.163813;7;547.692307692307 * Files_0;1;2.58279628751482;
7;19331.1111111111 * CompressionMethod + -16381.1111111111 * x_0 + 2537.40740740741 * BZip2 + -1222.59259259258 * PPMd + -15768.5185185186 * x_2 + -16195 * x_4 + 488.888888888884 * Files_0 + 127.407407407411 * filterOff;7.22636349284716;7.22636349284716;7.22636349284716;7.22636349284716;0.23939;8;127.407407407411 * filterOff;1;1.21699998882072;
8;19322.1436464088 * CompressionMethod + -16372.1436464088 * x_0 + 2497.80110497238 * BZip2 + -1221.84530386741 * PPMd + -15719.9447513812 * x_2 + -16195 * x_4 + 497.856353591155 * Files_0 + 269.392265193373 * filterOff + -242.121546961335 * filterOff * HeaderCompressionOff;5.69256269688954;5.69256269688954;5.69256269688954;5.69256269688954;0.333474;10;-242.121546961335 * filterOff * HeaderCompressionOff;2;0.76690039797881;
9;19270.6432748538 * CompressionMethod + -16320.6432748538 * x_0 + 2498.81091617933 * BZip2 + -1446.02339181286 * PPMd + -15669.4541910331 * x_2 + -16195 * x_4 + 549.3567251462 * Files_0 + 170.935672514627 * filterOff + -261.812865497088 * filterOff * HeaderCompressionOff + 456.939571150103 * PPMd * filterOff;4.18846029245647;4.18846029245647;4.18846029245647;4.18846029245647;0.457359;12;456.939571150103 * PPMd * filterOff;2;0.752051202216531;
10;19246.8847989093 * CompressionMethod + -16296.8847989093 * x_0 + 2720.55669166099 * BZip2 + -1469.78186775733 * PPMd + -15867.4414905703 * x_2 + -16195 * x_4 + 573.115201090676 * Files_0 + 143.217450579408 * filterOff + -297.450579413788 * filterOff * HeaderCompressionOff + 508.416269029778 * PPMd * filterOff + -451.411042944789 * BZip2 * mtOff;3.71111187901927;3.71111187901927;3.71111187901927;3.71111187901927;0.609119;14;-451.411042944789 * BZip2 * mtOff;2;0.238674206718603;
Elapsed=00:00:00.6094524
Learning progress:
1;5325.2 * CompressionMethod + -3040.2 * PPMd;29.3022049871155;29.3022049871155;29.3022049871155;29.3022049871155;0.003143;2;-3040.2 * PPMd;1;74.7850266030949;
2;5865.26315789473 * CompressionMethod + -3580.26315789474 * PPMd + -2250.26315789474 * LZMA2;21.234610452715;21.234610452715;21.234610452715;21.234610452715;0.014572;3;-2250.26315789474 * LZMA2;1;8.06759453440047;
3;4530 * CompressionMethod + -3737.35294117647 * PPMd + -2407.35294117647 * LZMA2 + 1492.35294117646 * BlockSize_1;16.8494489543701;16.8494489543701;16.8494489543701;16.8494489543701;0.033661;4;1492.35294117646 * BlockSize_1;1;4.38516149834492;
4;4530 * CompressionMethod + -3989.01960784314 * PPMd + -2407.35294117647 * LZMA2 + 1492.35294117647 * BlockSize_1 + 503.333333333336 * PPMd * filterOff;14.7413701459237;14.7413701459237;14.7413701459237;14.7413701459237;0.067228;6;503.333333333336 * PPMd * filterOff;2;1.0540394042232;
5;4529.99999999999 * CompressionMethod + -3989.01960784314 * PPMd + -2645.68627450981 * LZMA2 + 1492.35294117647 * BlockSize_1 + 503.333333333333 * PPMd * filterOff + 476.666666666662 * LZMA2 * mtOff;13.1322999070459;13.1322999070459;13.1322999070459;13.1322999070459;0.114509;8;476.666666666662 * LZMA2 * mtOff;2;0.804535119438905;
6;4530 * CompressionMethod + -3989.01960784314 * PPMd + -2645.68627450981 * LZMA2 + 1492.35294117647 * BlockSize_1 + 426.666666666674 * PPMd * filterOff + 476.666666666658 * LZMA2 * mtOff + 230.000000000004 * PPMd * filterOff * mtOff;12.4276430443007;12.4276430443007;12.4276430443007;12.4276430443007;0.181007;11;230.000000000004 * PPMd * filterOff * mtOff;3;0.234885620915068;
Elapsed=00:00:00.1813006
Learning progress:
1;10466 * CompressionMethod + -6749.33333333333 * x_0;25.6434749926452;25.6434749926452;25.6434749926452;25.6434749926452;0.003469;2;-6749.33333333333 * x_0;1;28.7222688895711;
2;10466 * CompressionMethod + -6340.28571428572 * x_0 + -1840.71428571428 * PPMd;17.6951633935293;17.6951633935293;17.6951633935293;17.6951633935293;0.017446;3;-1840.71428571428 * PPMd;1;7.94831159911593;
3;10189.9438202247 * CompressionMethod + -6458.59550561798 * x_0 + -1446.34831460674 * PPMd + 1380.28089887641 * BZip2;9.69920804418522;9.69920804418522;9.69920804418522;9.69920804418522;0.041238;4;1380.28089887641 * BZip2;1;7.99595534934403;
4;7662.90780141844 * CompressionMethod + -4068.1560283688 * x_0 + -1309.75177304964 * PPMd + 1858.36879432624 * BZip2 + 12157.0921985816 * x_10;8.21037349286229;8.21037349286229;8.21037349286229;8.21037349286229;0.075722;5;12157.0921985816 * x_10;1;1.48883455132293;
5;7667.47181964573 * CompressionMethod + -4159.43639291465 * x_0 + -1330.28985507247 * PPMd + 1840.11272141707 * BZip2 + 12152.5281803543 * x_10 + 214.508856682765 * mtOff;6.57926481277824;6.57926481277824;6.57926481277824;6.57926481277824;0.123232;6;214.508856682765 * mtOff;1;1.63110868008405;
6;7667.47181964573 * CompressionMethod + -4159.43639291465 * x_0 + -1330.28985507246 * PPMd + 1840.11272141707 * BZip2 + 12152.5281803543 * x_10 + 202.008856682771 * mtOff + 37.4999999999978 * mtOff * HeaderCompressionOff;6.45036034710215;6.45036034710215;6.45036034710215;6.45036034710215;0.19112;8;37.4999999999978 * mtOff * HeaderCompressionOff;2;0.0644522328380455;
Elapsed=00:00:00.1913971
Learning progress:
1;3694.4 * CompressionMethod + 2490.6 * BZip2;19.7985346220913;19.7985346220913;19.7985346220913;19.7985346220913;0.00321;2;2490.6 * BZip2;1;26.5429972994566;
2;3694.4 * CompressionMethod + 2580.6 * BZip2 + -270.000000000004 * BZip2 * mtOff;19.5746123942492;19.5746123942492;19.5746123942492;19.5746123942492;0.010926;4;-270.000000000004 * BZip2 * mtOff;2;0.111961113921042;
3;3692.91666666667 * CompressionMethod + 2582.08333333334 * BZip2 + -270 * BZip2 * mtOff + 37.0833333333333 * BlockSize_4096;19.5673478802346;19.5673478802346;19.5673478802346;19.5673478802346;0.027581;5;37.0833333333333 * BlockSize_4096;1;0.00726451401459016;
Elapsed=00:00:00.0277835
Learning progress:
1;10466 * CompressionMethod + -6729.84615384615 * x_0;40.8444836652728;40.8444836652728;40.8444836652728;40.8444836652728;0.003935;2;-6729.84615384615 * x_0;1;55.6068964378054;
2;10163.2909379968 * CompressionMethod + -6718.20349761526 * x_0 + 1513.5453100159 * BZip2;27.5872970724681;27.5872970724681;27.5872970724681;27.5872970724681;0.017551;3;1513.5453100159 * BZip2;1;13.2571865928048;
3;11557.5 * CompressionMethod + -8377.9761904762 * x_0 + 2894.4761904762 * BZip2 + -8351.97619047621 * x_2;17.2063922449003;17.2063922449003;17.2063922449003;17.2063922449003;0.04013;4;-8351.97619047621 * x_2;1;10.3809048275678;
4;11557.5 * CompressionMethod + -8068.16666666667 * x_0 + 2584.66666666668 * BZip2 + -8042.16666666669 * x_2 + -1084.33333333333 * PPMd;11.2623825181136;11.2623825181136;11.2623825181136;11.2623825181136;0.074146;5;-1084.33333333333 * PPMd;1;5.94400972678664;
5;11557.5 * CompressionMethod + -8192.47101449275 * x_0 + 2584.66666666667 * BZip2 + -8042.16666666666 * x_2 + -1167.20289855072 * PPMd + 310.76086956521 * filterOff;8.94109016866813;8.94109016866813;8.94109016866813;8.94109016866813;0.123797;6;310.76086956521 * filterOff;1;2.32129234944547;
6;11557.5 * CompressionMethod + -8236.98973675055 * x_0 + 2596.26927983301 * BZip2 + -8053.76927983298 * x_2 + -1177.54435811202 * PPMd + 306.031543546324 * filterOff + 87.0195987475289 * mtOff;7.39257935776421;7.39257935776421;7.39257935776421;7.39257935776421;0.186281;7;87.0195987475289 * mtOff;1;1.54851081090392;
7;11557.5 * CompressionMethod + -8241.85961585021 * x_0 + 2606.33483980308 * BZip2 + -8063.83483980307 * x_2 + -1164.015010895 * PPMd + 365.413203131304 * filterOff + 88.5800177548154 * mtOff + -147.862561536612 * filterOff * HeaderCompressionOff;6.78311836061099;6.78311836061099;6.78311836061099;6.78311836061099;0.271504;9;-147.862561536612 * filterOff * HeaderCompressionOff;2;0.304730498576614;
8;11557.5 * CompressionMethod + -8242.16174382277 * x_0 + 2581.79380857711 * BZip2 + -8039.29380857712 * x_2 + -1205.11814825332 * PPMd + 367.898892360124 * filterOff + 111.445612042031 * mtOff + -74.3493325759797 * filterOff * HeaderCompressionOff + -340.333428003386 * filterOff * HeaderCompressionOff * LZMA;5.40016398234665;5.40016398234665;5.40016398234665;5.40016398234665;0.384834;12;-340.333428003386 * filterOff * HeaderCompressionOff * LZMA;3;0.46098479275478;
9;11557.5 * CompressionMethod + -8275.30062702586 * x_0 + 2685.65226632659 * BZip2 + -8143.15226632659 * x_2 + -1200.55157022158 * PPMd + 480.790690259837 * filterOff + -56.3698921302988 * mtOff + -318.099792762645 * filterOff * HeaderCompressionOff + -447.835166586943 * filterOff * HeaderCompressionOff * LZMA + 439.314788245915 * mtOff * HeaderCompressionOff;4.31841710478109;4.31841710478109;4.31841710478109;4.31841710478109;0.535663;14;439.314788245915 * mtOff * HeaderCompressionOff;2;0.540873438782778;
10;11557.5 * CompressionMethod + -8292.05381287183 * x_0 + 2581.03623580313 * BZip2 + -8038.53623580315 * x_2 + -1193.92644672795 * PPMd + 489.517577068686 * filterOff + -19.4824229313191 * mtOff + -375.715521903746 * filterOff * HeaderCompressionOff + -415.851811790138 * filterOff * HeaderCompressionOff * LZMA + 436.085992428329 * mtOff * HeaderCompressionOff + 286.616549486222 * BZip2 * HeaderCompressionOff;4.07893747845583;4.07893747845583;4.07893747845583;4.07893747845583;0.721589;16;286.616549486222 * BZip2 * HeaderCompressionOff;2;0.119739813162632;
11;11557.5 * CompressionMethod + -8294.94840052124 * x_0 + 2589.45100676784 * BZip2 + -8046.95100676782 * x_2 + -1184.67253772751 * PPMd + 473.18508554373 * filterOff + -19.5964521417568 * mtOff + -362.42380932365 * filterOff * HeaderCompressionOff + -464.387321871439 * filterOff * HeaderCompressionOff * LZMA + 436.609357265956 * mtOff * HeaderCompressionOff + 282.616755643364 * BZip2 * HeaderCompressionOff + 54.0615410483913 * filterOff * LZMA;4.03670178062593;4.03670178062593;4.03670178062593;4.03670178062593;0.943692;18;54.0615410483913 * filterOff * LZMA;2;0.0211178489149462;
Elapsed=00:00:00.9440837
Learning progress:
1;8292.5 * CompressionMethod + -4541.01851851852 * x_0;33.895211940399;33.895211940399;33.895211940399;33.895211940399;0.004029;2;-4541.01851851852 * x_0;1;36.2316807165768;
2;7759.94871794871 * CompressionMethod + -4481.84615384615 * x_0 + 2130.20512820513 * BZip2;24.9164621132234;24.9164621132234;24.9164621132234;24.9164621132234;0.017131;3;2130.20512820513 * BZip2;1;8.97874982717562;
3;7844.89361702127 * CompressionMethod + -4184.5390070922 * x_0 + 1790.42553191489 * BZip2 + -1380.35460992908 * PPMd;19.5423564790085;19.5423564790085;19.5423564790085;19.5423564790085;0.03699;4;-1380.35460992908 * PPMd;1;5.37410563421486;
4;9023.33333333333 * CompressionMethod + -5598.66666666667 * x_0 + 2615.33333333333 * BZip2 + -1144.66666666666 * PPMd + -5538.66666666666 * x_2;17.2087450162252;17.2087450162252;17.2087450162252;17.2087450162252;0.067535;5;-5538.66666666666 * x_2;1;2.33361146278335;
5;19820 * CompressionMethod + -16395.3333333333 * x_0 + 2615.33333333333 * BZip2 + -1144.66666666666 * PPMd + -16335.3333333333 * x_2 + -16195 * x_4;11.0261597691827;11.0261597691827;11.0261597691827;11.0261597691827;0.109381;6;-16195 * x_4;1;6.18258524704248;
6;19272.3076923077 * CompressionMethod + -16322.3076923077 * x_0 + 2542.3076923077 * BZip2 + -1217.69230769229 * PPMd + -15714.6153846154 * x_2 + -16195 * x_4 + 547.692307692307 * Files_0;8.44336348166788;8.44336348166788;8.44336348166788;8.44336348166788;0.164244;7;547.692307692307 * Files_0;1;2.58279628751482;
7;19331.1111111111 * CompressionMethod + -16381.1111111111 * x_0 + 2537.40740740741 * BZip2 + -1222.59259259258 * PPMd + -15768.5185185186 * x_2 + -16195 * x_4 + 488.888888888884 * Files_0 + 127.407407407411 * filterOff;7.22636349284716;7.22636349284716;7.22636349284716;7.22636349284716;0.237158;8;127.407407407411 * filterOff;1;1.21699998882072;
8;19322.1436464088 * CompressionMethod + -16372.1436464088 * x_0 + 2497.80110497238 * BZip2 + -1221.84530386741 * PPMd + -15719.9447513812 * x_2 + -16195 * x_4 + 497.856353591155 * Files_0 + 269.392265193373 * filterOff + -242.121546961335 * filterOff * HeaderCompressionOff;5.69256269688954;5.69256269688954;5.69256269688954;5.69256269688954;0.328993;10;-242.121546961335 * filterOff * HeaderCompressionOff;2;0.76690039797881;
9;19270.6432748538 * CompressionMethod + -16320.6432748538 * x_0 + 2498.81091617933 * BZip2 + -1446.02339181286 * PPMd + -15669.4541910331 * x_2 + -16195 * x_4 + 549.3567251462 * Files_0 + 170.935672514627 * filterOff + -261.812865497088 * filterOff * HeaderCompressionOff + 456.939571150103 * PPMd * filterOff;4.18846029245647;4.18846029245647;4.18846029245647;4.18846029245647;0.450255;12;456.939571150103 * PPMd * filterOff;2;0.752051202216531;
10;19246.8847989093 * CompressionMethod + -16296.8847989093 * x_0 + 2720.55669166099 * BZip2 + -1469.78186775733 * PPMd + -15867.4414905703 * x_2 + -16195 * x_4 + 573.115201090676 * Files_0 + 143.217450579408 * filterOff + -297.450579413788 * filterOff * HeaderCompressionOff + 508.416269029778 * PPMd * filterOff + -451.411042944789 * BZip2 * mtOff;3.71111187901927;3.71111187901927;3.71111187901927;3.71111187901927;0.599625;14;-451.411042944789 * BZip2 * mtOff;2;0.238674206718603;
11;19276.0213776722 * CompressionMethod + -16326.0213776722 * x_0 + 2732.18378859858 * BZip2 + -1477.36638954869 * PPMd + -15908.2051662708 * x_2 + -16195 * x_4 + 543.978622327763 * Files_0 + 169.049881235153 * filterOff + -351.668646080768 * filterOff * HeaderCompressionOff + 518.72921615203 * PPMd * filterOff + -460.872921615201 * BZip2 * mtOff + 55.0816508313608 * HeaderCompressionOff;3.37527948305571;3.37527948305571;3.37527948305571;3.37527948305571;0.787613;15;55.0816508313608 * HeaderCompressionOff;1;0.335832395963555;
12;19315.0622406639 * CompressionMethod + -16365.0622406639 * x_0 + 2866.9398340249 * BZip2 + -1452.51037344398 * PPMd + -16082.0020746888 * x_2 + -16195 * x_4 + 504.937759336085 * Files_0 + 260.145228215762 * filterOff + -403.983402489634 * filterOff * HeaderCompressionOff + 462.510373444002 * PPMd * filterOff + -520.995850622414 * BZip2 * mtOff + 76.358921161825 * HeaderCompressionOff + -219.149377593362 * BZip2 * filterOff;2.72870787369023;2.72870787369023;2.72870787369023;2.72870787369023;1.003668;17;-219.149377593362 * BZip2 * filterOff;2;0.323285804682744;
13;19372.5622406639 * CompressionMethod + -16365.0622406639 * x_0 + 2866.9398340249 * BZip2 + -1452.51037344398 * PPMd + -16139.5020746888 * x_2 + -16252.5 * x_4 + 562.43775933611 * Files_0 + 260.145228215762 * filterOff + -403.983402489634 * filterOff * HeaderCompressionOff + 462.510373443996 * PPMd * filterOff + -520.995850622431 * BZip2 * mtOff + 76.3589211618158 * HeaderCompressionOff + -219.149377593363 * BZip2 * filterOff + -114.999999999989 * BlockSize_1;2.59454534113722;2.59454534113722;2.59454534113722;2.59454534113722;1.264368;18;-114.999999999989 * BlockSize_1;1;0.134162532553005;
14;19360.6707317074 * CompressionMethod + -16353.1707317073 * x_0 + 2830.6707317073 * BZip2 + -1450.52845528455 * PPMd + -16091.3414634147 * x_2 + -16252.5 * x_4 + 574.329268292668 * Files_0 + 264.241192411912 * filterOff + -407.154471544731 * filterOff * HeaderCompressionOff + 460.528455284565 * PPMd * filterOff + -521.788617886167 * BZip2 * mtOff + 55.5487804878099 * HeaderCompressionOff + -222.452574525723 * BZip2 * filterOff + -115 * BlockSize_1 + 95.5284552845665 * BZip2 * HeaderCompressionOff;2.4778312828997;2.4778312828997;2.4778312828997;2.4778312828997;1.563725;20;95.5284552845665 * BZip2 * HeaderCompressionOff;2;0.0583570291187625;
Elapsed=00:00:01.5641906
Learning progress:
1;5325.2 * CompressionMethod + -3040.2 * PPMd;29.3022049871155;29.3022049871155;29.3022049871155;29.3022049871155;0.003361;2;-3040.2 * PPMd;1;74.7850266030949;
2;5865.26315789473 * CompressionMethod + -3580.26315789474 * PPMd + -2250.26315789474 * LZMA2;21.234610452715;21.234610452715;21.234610452715;21.234610452715;0.01529;3;-2250.26315789474 * LZMA2;1;8.06759453440047;
3;4530 * CompressionMethod + -3737.35294117647 * PPMd + -2407.35294117647 * LZMA2 + 1492.35294117646 * BlockSize_1;16.8494489543701;16.8494489543701;16.8494489543701;16.8494489543701;0.03426;4;1492.35294117646 * BlockSize_1;1;4.38516149834492;
4;4530 * CompressionMethod + -3989.01960784314 * PPMd + -2407.35294117647 * LZMA2 + 1492.35294117647 * BlockSize_1 + 503.333333333336 * PPMd * filterOff;14.7413701459237;14.7413701459237;14.7413701459237;14.7413701459237;0.067046;6;503.333333333336 * PPMd * filterOff;2;1.0540394042232;
5;4529.99999999999 * CompressionMethod + -3989.01960784314 * PPMd + -2645.68627450981 * LZMA2 + 1492.35294117647 * BlockSize_1 + 503.333333333333 * PPMd * filterOff + 476.666666666662 * LZMA2 * mtOff;13.1322999070459;13.1322999070459;13.1322999070459;13.1322999070459;0.113973;8;476.666666666662 * LZMA2 * mtOff;2;0.804535119438905;
6;4530 * CompressionMethod + -3989.01960784314 * PPMd + -2645.68627450981 * LZMA2 + 1492.35294117647 * BlockSize_1 + 426.666666666674 * PPMd * filterOff + 476.666666666658 * LZMA2 * mtOff + 230.000000000004 * PPMd * filterOff * mtOff;12.4276430443007;12.4276430443007;12.4276430443007;12.4276430443007;0.180804;11;230.000000000004 * PPMd * filterOff * mtOff;3;0.234885620915068;
7;2960 * CompressionMethod + -3989.01960784314 * PPMd + -2645.68627450981 * LZMA2 + 3062.35294117647 * BlockSize_1 + 426.666666666662 * PPMd * filterOff + 476.666666666666 * LZMA2 * mtOff + 229.999999999997 * PPMd * filterOff * mtOff + 3140 * x_2;12.3271068512712;12.3271068512712;12.3271068512712;12.3271068512712;0.274573;12;3140 * x_2;1;0.100536193029434;
8;3770.58823529413 * CompressionMethod + -3989.01960784314 * PPMd + -2645.68627450981 * LZMA2 + 2251.76470588235 * BlockSize_1 + 426.666666666664 * PPMd * filterOff + 476.666666666664 * LZMA2 * mtOff + 229.999999999995 * PPMd * filterOff * mtOff + 2329.41176470589 * x_2 + -810.588235294115 * Files_50;9.88269745212289;9.88269745212289;9.88269745212289;9.88269745212289;0.390869;13;-810.588235294115 * Files_50;1;2.44440939914835;
9;3770.58823529412 * CompressionMethod + -3989.01960784313 * PPMd + -1322.8431372549 * LZMA2 + 2251.76470588235 * BlockSize_1 + 426.666666666671 * PPMd * filterOff + 476.666666666669 * LZMA2 * mtOff + 229.999999999998 * PPMd * filterOff * mtOff + 2329.41176470589 * x_2 + -810.588235294118 * Files_50 + -1322.8431372549 * BlockSize_1 * LZMA2;9.8826974521227;9.8826974521227;9.8826974521227;9.8826974521227;0.52666;15;-1322.8431372549 * BlockSize_1 * LZMA2;2;9.2370555648813E-14;
Elapsed=00:00:00.5269841
Learning progress:
1;10466 * CompressionMethod + -6749.33333333333 * x_0;25.6434749926452;25.6434749926452;25.6434749926452;25.6434749926452;0.00372;2;-6749.33333333333 * x_0;1;28.7222688895711;
2;10466 * CompressionMethod + -6340.28571428572 * x_0 + -1840.71428571428 * PPMd;17.6951633935293;17.6951633935293;17.6951633935293;17.6951633935293;0.016718;3;-1840.71428571428 * PPMd;1;7.94831159911593;
3;10189.9438202247 * CompressionMethod + -6458.59550561798 * x_0 + -1446.34831460674 * PPMd + 1380.28089887641 * BZip2;9.69920804418522;9.69920804418522;9.69920804418522;9.69920804418522;0.041214;4;1380.28089887641 * BZip2;1;7.99595534934403;
4;7662.90780141844 * CompressionMethod + -4068.1560283688 * x_0 + -1309.75177304964 * PPMd + 1858.36879432624 * BZip2 + 12157.0921985816 * x_10;8.21037349286229;8.21037349286229;8.21037349286229;8.21037349286229;0.077834;5;12157.0921985816 * x_10;1;1.48883455132293;
5;7667.47181964573 * CompressionMethod + -4159.43639291465 * x_0 + -1330.28985507247 * PPMd + 1840.11272141707 * BZip2 + 12152.5281803543 * x_10 + 214.508856682765 * mtOff;6.57926481277824;6.57926481277824;6.57926481277824;6.57926481277824;0.125795;6;214.508856682765 * mtOff;1;1.63110868008405;
6;7667.47181964573 * CompressionMethod + -4159.43639291465 * x_0 + -1330.28985507246 * PPMd + 1840.11272141707 * BZip2 + 12152.5281803543 * x_10 + 202.008856682771 * mtOff + 37.4999999999978 * mtOff * HeaderCompressionOff;6.45036034710215;6.45036034710215;6.45036034710215;6.45036034710215;0.192171;8;37.4999999999978 * mtOff * HeaderCompressionOff;2;0.0644522328380455;
Elapsed=00:00:00.1924520
Learning progress:
1;3694.4 * CompressionMethod + 2490.6 * BZip2;19.7985346220913;19.7985346220913;19.7985346220913;19.7985346220913;0.002974;2;2490.6 * BZip2;1;26.5429972994566;
2;3694.4 * CompressionMethod + 2580.6 * BZip2 + -270.000000000004 * BZip2 * mtOff;19.5746123942492;19.5746123942492;19.5746123942492;19.5746123942492;0.012492;4;-270.000000000004 * BZip2 * mtOff;2;0.111961113921042;
Elapsed=00:00:00.0126826
Learning progress:
1;10466 * CompressionMethod + -6729.84615384615 * x_0;40.8444836652728;40.8444836652728;40.8444836652728;40.8444836652728;0.004061;2;-6729.84615384615 * x_0;1;55.6068964378054;
2;10163.2909379968 * CompressionMethod + -6718.20349761526 * x_0 + 1513.5453100159 * BZip2;27.5872970724681;27.5872970724681;27.5872970724681;27.5872970724681;0.018518;3;1513.5453100159 * BZip2;1;13.2571865928048;
3;11557.5 * CompressionMethod + -8377.9761904762 * x_0 + 2894.4761904762 * BZip2 + -8351.97619047621 * x_2;17.2063922449003;17.2063922449003;17.2063922449003;17.2063922449003;0.039844;4;-8351.97619047621 * x_2;1;10.3809048275678;
4;11557.5 * CompressionMethod + -8068.16666666667 * x_0 + 2584.66666666668 * BZip2 + -8042.16666666669 * x_2 + -1084.33333333333 * PPMd;11.2623825181136;11.2623825181136;11.2623825181136;11.2623825181136;0.071152;5;-1084.33333333333 * PPMd;1;5.94400972678664;
5;11557.5 * CompressionMethod + -8192.47101449275 * x_0 + 2584.66666666667 * BZip2 + -8042.16666666666 * x_2 + -1167.20289855072 * PPMd + 310.76086956521 * filterOff;8.94109016866813;8.94109016866813;8.94109016866813;8.94109016866813;0.118693;6;310.76086956521 * filterOff;1;2.32129234944547;
6;11557.5 * CompressionMethod + -8236.98973675055 * x_0 + 2596.26927983301 * BZip2 + -8053.76927983298 * x_2 + -1177.54435811202 * PPMd + 306.031543546324 * filterOff + 87.0195987475289 * mtOff;7.39257935776421;7.39257935776421;7.39257935776421;7.39257935776421;0.183353;7;87.0195987475289 * mtOff;1;1.54851081090392;
7;11557.5 * CompressionMethod + -8241.85961585021 * x_0 + 2606.33483980308 * BZip2 + -8063.83483980307 * x_2 + -1164.015010895 * PPMd + 365.413203131304 * filterOff + 88.5800177548154 * mtOff + -147.862561536612 * filterOff * HeaderCompressionOff;6.78311836061099;6.78311836061099;6.78311836061099;6.78311836061099;0.268693;9;-147.862561536612 * filterOff * HeaderCompressionOff;2;0.304730498576614;
8;11557.5 * CompressionMethod + -8242.16174382277 * x_0 + 2581.79380857711 * BZip2 + -8039.29380857712 * x_2 + -1205.11814825332 * PPMd + 367.898892360124 * filterOff + 111.445612042031 * mtOff + -74.3493325759797 * filterOff * HeaderCompressionOff + -340.333428003386 * filterOff * HeaderCompressionOff * LZMA;5.40016398234665;5.40016398234665;5.40016398234665;5.40016398234665;0.379899;12;-340.333428003386 * filterOff * HeaderCompressionOff * LZMA;3;0.46098479275478;
9;11557.5 * CompressionMethod + -8275.30062702586 * x_0 + 2685.65226632659 * BZip2 + -8143.15226632659 * x_2 + -1200.55157022158 * PPMd + 480.790690259837 * filterOff + -56.3698921302988 * mtOff + -318.099792762645 * filterOff * HeaderCompressionOff + -447.835166586943 * filterOff * HeaderCompressionOff * LZMA + 439.314788245915 * mtOff * HeaderCompressionOff;4.31841710478109;4.31841710478109;4.31841710478109;4.31841710478109;0.527853;14;439.314788245915 * mtOff * HeaderCompressionOff;2;0.540873438782778;
10;11557.5 * CompressionMethod + -8292.05381287183 * x_0 + 2581.03623580313 * BZip2 + -8038.53623580315 * x_2 + -1193.92644672795 * PPMd + 489.517577068686 * filterOff + -19.4824229313191 * mtOff + -375.715521903746 * filterOff * HeaderCompressionOff + -415.851811790138 * filterOff * HeaderCompressionOff * LZMA + 436.085992428329 * mtOff * HeaderCompressionOff + 286.616549486222 * BZip2 * HeaderCompressionOff;4.07893747845583;4.07893747845583;4.07893747845583;4.07893747845583;0.714724;16;286.616549486222 * BZip2 * HeaderCompressionOff;2;0.119739813162632;
Elapsed=00:00:00.7150752
Learning progress:
1;8292.5 * CompressionMethod + -4541.01851851852 * x_0;33.895211940399;33.895211940399;33.895211940399;33.895211940399;0.003545;2;-4541.01851851852 * x_0;1;36.2316807165768;
2;7759.94871794871 * CompressionMethod + -4481.84615384615 * x_0 + 2130.20512820513 * BZip2;24.9164621132234;24.9164621132234;24.9164621132234;24.9164621132234;0.014196;3;2130.20512820513 * BZip2;1;8.97874982717562;
3;7844.89361702127 * CompressionMethod + -4184.5390070922 * x_0 + 1790.42553191489 * BZip2 + -1380.35460992908 * PPMd;19.5423564790085;19.5423564790085;19.5423564790085;19.5423564790085;0.032928;4;-1380.35460992908 * PPMd;1;5.37410563421486;
4;9023.33333333333 * CompressionMethod + -5598.66666666667 * x_0 + 2615.33333333333 * BZip2 + -1144.66666666666 * PPMd + -5538.66666666666 * x_2;17.2087450162252;17.2087450162252;17.2087450162252;17.2087450162252;0.062886;5;-5538.66666666666 * x_2;1;2.33361146278335;
5;19820 * CompressionMethod + -16395.3333333333 * x_0 + 2615.33333333333 * BZip2 + -1144.66666666666 * PPMd + -16335.3333333333 * x_2 + -16195 * x_4;11.0261597691827;11.0261597691827;11.0261597691827;11.0261597691827;0.105145;6;-16195 * x_4;1;6.18258524704248;
6;19272.3076923077 * CompressionMethod + -16322.3076923077 * x_0 + 2542.3076923077 * BZip2 + -1217.69230769229 * PPMd + -15714.6153846154 * x_2 + -16195 * x_4 + 547.692307692307 * Files_0;8.44336348166788;8.44336348166788;8.44336348166788;8.44336348166788;0.160637;7;547.692307692307 * Files_0;1;2.58279628751482;
7;19331.1111111111 * CompressionMethod + -16381.1111111111 * x_0 + 2537.40740740741 * BZip2 + -1222.59259259258 * PPMd + -15768.5185185186 * x_2 + -16195 * x_4 + 488.888888888884 * Files_0 + 127.407407407411 * filterOff;7.22636349284716;7.22636349284716;7.22636349284716;7.22636349284716;0.235785;8;127.407407407411 * filterOff;1;1.21699998882072;
8;19322.1436464088 * CompressionMethod + -16372.1436464088 * x_0 + 2497.80110497238 * BZip2 + -1221.84530386741 * PPMd + -15719.9447513812 * x_2 + -16195 * x_4 + 497.856353591155 * Files_0 + 269.392265193373 * filterOff + -242.121546961335 * filterOff * HeaderCompressionOff;5.69256269688954;5.69256269688954;5.69256269688954;5.69256269688954;0.331218;10;-242.121546961335 * filterOff * HeaderCompressionOff;2;0.76690039797881;
9;19270.6432748538 * CompressionMethod + -16320.6432748538 * x_0 + 2498.81091617933 * BZip2 + -1446.02339181286 * PPMd + -15669.4541910331 * x_2 + -16195 * x_4 + 549.3567251462 * Files_0 + 170.935672514627 * filterOff + -261.812865497088 * filterOff * HeaderCompressionOff + 456.939571150103 * PPMd * filterOff;4.18846029245647;4.18846029245647;4.18846029245647;4.18846029245647;0.45564;12;456.939571150103 * PPMd * filterOff;2;0.752051202216531;
10;19246.8847989093 * CompressionMethod + -16296.8847989093 * x_0 + 2720.55669166099 * BZip2 + -1469.78186775733 * PPMd + -15867.4414905703 * x_2 + -16195 * x_4 + 573.115201090676 * Files_0 + 143.217450579408 * filterOff + -297.450579413788 * filterOff * HeaderCompressionOff + 508.416269029778 * PPMd * filterOff + -451.411042944789 * BZip2 * mtOff;3.71111187901927;3.71111187901927;3.71111187901927;3.71111187901927;0.606729;14;-451.411042944789 * BZip2 * mtOff;2;0.238674206718603;
11;19276.0213776722 * CompressionMethod + -16326.0213776722 * x_0 + 2732.18378859858 * BZip2 + -1477.36638954869 * PPMd + -15908.2051662708 * x_2 + -16195 * x_4 + 543.978622327763 * Files_0 + 169.049881235153 * filterOff + -351.668646080768 * filterOff * HeaderCompressionOff + 518.72921615203 * PPMd * filterOff + -460.872921615201 * BZip2 * mtOff + 55.0816508313608 * HeaderCompressionOff;3.37527948305571;3.37527948305571;3.37527948305571;3.37527948305571;0.792876;15;55.0816508313608 * HeaderCompressionOff;1;0.335832395963555;
12;19315.0622406639 * CompressionMethod + -16365.0622406639 * x_0 + 2866.9398340249 * BZip2 + -1452.51037344398 * PPMd + -16082.0020746888 * x_2 + -16195 * x_4 + 504.937759336085 * Files_0 + 260.145228215762 * filterOff + -403.983402489634 * filterOff * HeaderCompressionOff + 462.510373444002 * PPMd * filterOff + -520.995850622414 * BZip2 * mtOff + 76.358921161825 * HeaderCompressionOff + -219.149377593362 * BZip2 * filterOff;2.72870787369023;2.72870787369023;2.72870787369023;2.72870787369023;1.01017;17;-219.149377593362 * BZip2 * filterOff;2;0.323285804682744;
13;19372.5622406639 * CompressionMethod + -16365.0622406639 * x_0 + 2866.9398340249 * BZip2 + -1452.51037344398 * PPMd + -16139.5020746888 * x_2 + -16252.5 * x_4 + 562.43775933611 * Files_0 + 260.145228215762 * filterOff + -403.983402489634 * filterOff * HeaderCompressionOff + 462.510373443996 * PPMd * filterOff + -520.995850622431 * BZip2 * mtOff + 76.3589211618158 * HeaderCompressionOff + -219.149377593363 * BZip2 * filterOff + -114.999999999989 * BlockSize_1;2.59454534113722;2.59454534113722;2.59454534113722;2.59454534113722;1.267109;18;-114.999999999989 * BlockSize_1;1;0.134162532553005;
Elapsed=00:00:01.2675054
Learning progress:
1;5325.2 * CompressionMethod + -3040.2 * PPMd;29.3022049871155;29.3022049871155;29.3022049871155;29.3022049871155;0.003755;2;-3040.2 * PPMd;1;74.7850266030949;
2;5865.26315789473 * CompressionMethod + -3580.26315789474 * PPMd + -2250.26315789474 * LZMA2;21.234610452715;21.234610452715;21.234610452715;21.234610452715;0.013382;3;-2250.26315789474 * LZMA2;1;8.06759453440047;
3;4530 * CompressionMethod + -3737.35294117647 * PPMd + -2407.35294117647 * LZMA2 + 1492.35294117646 * BlockSize_1;16.8494489543701;16.8494489543701;16.8494489543701;16.8494489543701;0.032777;4;1492.35294117646 * BlockSize_1;1;4.38516149834492;
4;4530 * CompressionMethod + -3989.01960784314 * PPMd + -2407.35294117647 * LZMA2 + 1492.35294117647 * BlockSize_1 + 503.333333333336 * PPMd * filterOff;14.7413701459237;14.7413701459237;14.7413701459237;14.7413701459237;0.066586;6;503.333333333336 * PPMd * filterOff;2;1.0540394042232;
5;4529.99999999999 * CompressionMethod + -3989.01960784314 * PPMd + -2645.68627450981 * LZMA2 + 1492.35294117647 * BlockSize_1 + 503.333333333333 * PPMd * filterOff + 476.666666666662 * LZMA2 * mtOff;13.1322999070459;13.1322999070459;13.1322999070459;13.1322999070459;0.115681;8;476.666666666662 * LZMA2 * mtOff;2;0.804535119438905;
6;4530 * CompressionMethod + -3989.01960784314 * PPMd + -2645.68627450981 * LZMA2 + 1492.35294117647 * BlockSize_1 + 426.666666666674 * PPMd * filterOff + 476.666666666658 * LZMA2 * mtOff + 230.000000000004 * PPMd * filterOff * mtOff;12.4276430443007;12.4276430443007;12.4276430443007;12.4276430443007;0.181053;11;230.000000000004 * PPMd * filterOff * mtOff;3;0.234885620915068;
7;2960 * CompressionMethod + -3989.01960784314 * PPMd + -2645.68627450981 * LZMA2 + 3062.35294117647 * BlockSize_1 + 426.666666666662 * PPMd * filterOff + 476.666666666666 * LZMA2 * mtOff + 229.999999999997 * PPMd * filterOff * mtOff + 3140 * x_2;12.3271068512712;12.3271068512712;12.3271068512712;12.3271068512712;0.271583;12;3140 * x_2;1;0.100536193029434;
Elapsed=00:00:00.2718799
Learning progress:
1;10466 * CompressionMethod + -6749.33333333333 * x_0;25.6434749926452;25.6434749926452;25.6434749926452;25.6434749926452;0.003456;2;-6749.33333333333 * x_0;1;28.7222688895711;
2;10466 * CompressionMethod + -6340.28571428572 * x_0 + -1840.71428571428 * PPMd;17.6951633935293;17.6951633935293;17.6951633935293;17.6951633935293;0.01781;3;-1840.71428571428 * PPMd;1;7.94831159911593;
3;10189.9438202247 * CompressionMethod + -6458.59550561798 * x_0 + -1446.34831460674 * PPMd + 1380.28089887641 * BZip2;9.69920804418522;9.69920804418522;9.69920804418522;9.69920804418522;0.039992;4;1380.28089887641 * BZip2;1;7.99595534934403;
4;7662.90780141844 * CompressionMethod + -4068.1560283688 * x_0 + -1309.75177304964 * PPMd + 1858.36879432624 * BZip2 + 12157.0921985816 * x_10;8.21037349286229;8.21037349286229;8.21037349286229;8.21037349286229;0.074873;5;12157.0921985816 * x_10;1;1.48883455132293;
5;7667.47181964573 * CompressionMethod + -4159.43639291465 * x_0 + -1330.28985507247 * PPMd + 1840.11272141707 * BZip2 + 12152.5281803543 * x_10 + 214.508856682765 * mtOff;6.57926481277824;6.57926481277824;6.57926481277824;6.57926481277824;0.123971;6;214.508856682765 * mtOff;1;1.63110868008405;
6;7667.47181964573 * CompressionMethod + -4159.43639291465 * x_0 + -1330.28985507246 * PPMd + 1840.11272141707 * BZip2 + 12152.5281803543 * x_10 + 202.008856682771 * mtOff + 37.4999999999978 * mtOff * HeaderCompressionOff;6.45036034710215;6.45036034710215;6.45036034710215;6.45036034710215;0.192825;8;37.4999999999978 * mtOff * HeaderCompressionOff;2;0.0644522328380455;
Elapsed=00:00:00.1931063
Learning progress:
1;3694.4 * CompressionMethod + 2490.6 * BZip2;19.7985346220913;19.7985346220913;19.7985346220913;19.7985346220913;0.004394;2;2490.6 * BZip2;1;26.5429972994566;
2;3694.4 * CompressionMethod + 2580.6 * BZip2 + -270.000000000004 * BZip2 * mtOff;19.5746123942492;19.5746123942492;19.5746123942492;19.5746123942492;0.012035;4;-270.000000000004 * BZip2 * mtOff;2;0.111961113921042;
Elapsed=00:00:00.0122157
Learning progress:
1;10466 * CompressionMethod + -6729.84615384615 * x_0;40.8444836652728;40.8444836652728;40.8444836652728;40.8444836652728;0.003481;2;-6729.84615384615 * x_0;1;55.6068964378054;
2;10163.2909379968 * CompressionMethod + -6718.20349761526 * x_0 + 1513.5453100159 * BZip2;27.5872970724681;27.5872970724681;27.5872970724681;27.5872970724681;0.01733;3;1513.5453100159 * BZip2;1;13.2571865928048;
3;11557.5 * CompressionMethod + -8377.9761904762 * x_0 + 2894.4761904762 * BZip2 + -8351.97619047621 * x_2;17.2063922449003;17.2063922449003;17.2063922449003;17.2063922449003;0.039027;4;-8351.97619047621 * x_2;1;10.3809048275678;
4;11557.5 * CompressionMethod + -8068.16666666667 * x_0 + 2584.66666666668 * BZip2 + -8042.16666666669 * x_2 + -1084.33333333333 * PPMd;11.2623825181136;11.2623825181136;11.2623825181136;11.2623825181136;0.071677;5;-1084.33333333333 * PPMd;1;5.94400972678664;
5;11557.5 * CompressionMethod + -8192.47101449275 * x_0 + 2584.66666666667 * BZip2 + -8042.16666666666 * x_2 + -1167.20289855072 * PPMd + 310.76086956521 * filterOff;8.94109016866813;8.94109016866813;8.94109016866813;8.94109016866813;0.119723;6;310.76086956521 * filterOff;1;2.32129234944547;
6;11557.5 * CompressionMethod + -8236.98973675055 * x_0 + 2596.26927983301 * BZip2 + -8053.76927983298 * x_2 + -1177.54435811202 * PPMd + 306.031543546324 * filterOff + 87.0195987475289 * mtOff;7.39257935776421;7.39257935776421;7.39257935776421;7.39257935776421;0.18516;7;87.0195987475289 * mtOff;1;1.54851081090392;
7;11557.5 * CompressionMethod + -8241.85961585021 * x_0 + 2606.33483980308 * BZip2 + -8063.83483980307 * x_2 + -1164.015010895 * PPMd + 365.413203131304 * filterOff + 88.5800177548154 * mtOff + -147.862561536612 * filterOff * HeaderCompressionOff;6.78311836061099;6.78311836061099;6.78311836061099;6.78311836061099;0.268637;9;-147.862561536612 * filterOff * HeaderCompressionOff;2;0.304730498576614;
Elapsed=00:00:00.2689388
Learning progress:
1;8292.5 * CompressionMethod + -4541.01851851852 * x_0;33.895211940399;33.895211940399;33.895211940399;33.895211940399;0.00367;2;-4541.01851851852 * x_0;1;36.2316807165768;
2;7759.94871794871 * CompressionMethod + -4481.84615384615 * x_0 + 2130.20512820513 * BZip2;24.9164621132234;24.9164621132234;24.9164621132234;24.9164621132234;0.017076;3;2130.20512820513 * BZip2;1;8.97874982717562;
3;7844.89361702127 * CompressionMethod + -4184.5390070922 * x_0 + 1790.42553191489 * BZip2 + -1380.35460992908 * PPMd;19.5423564790085;19.5423564790085;19.5423564790085;19.5423564790085;0.036496;4;-1380.35460992908 * PPMd;1;5.37410563421486;
4;9023.33333333333 * CompressionMethod + -5598.66666666667 * x_0 + 2615.33333333333 * BZip2 + -1144.66666666666 * PPMd + -5538.66666666666 * x_2;17.2087450162252;17.2087450162252;17.2087450162252;17.2087450162252;0.068108;5;-5538.66666666666 * x_2;1;2.33361146278335;
5;19820 * CompressionMethod + -16395.3333333333 * x_0 + 2615.33333333333 * BZip2 + -1144.66666666666 * PPMd + -16335.3333333333 * x_2 + -16195 * x_4;11.0261597691827;11.0261597691827;11.0261597691827;11.0261597691827;0.111327;6;-16195 * x_4;1;6.18258524704248;
6;19272.3076923077 * CompressionMethod + -16322.3076923077 * x_0 + 2542.3076923077 * BZip2 + -1217.69230769229 * PPMd + -15714.6153846154 * x_2 + -16195 * x_4 + 547.692307692307 * Files_0;8.44336348166788;8.44336348166788;8.44336348166788;8.44336348166788;0.1684;7;547.692307692307 * Files_0;1;2.58279628751482;
7;19331.1111111111 * CompressionMethod + -16381.1111111111 * x_0 + 2537.40740740741 * BZip2 + -1222.59259259258 * PPMd + -15768.5185185186 * x_2 + -16195 * x_4 + 488.888888888884 * Files_0 + 127.407407407411 * filterOff;7.22636349284716;7.22636349284716;7.22636349284716;7.22636349284716;0.243173;8;127.407407407411 * filterOff;1;1.21699998882072;
8;19322.1436464088 * CompressionMethod + -16372.1436464088 * x_0 + 2497.80110497238 * BZip2 + -1221.84530386741 * PPMd + -15719.9447513812 * x_2 + -16195 * x_4 + 497.856353591155 * Files_0 + 269.392265193373 * filterOff + -242.121546961335 * filterOff * HeaderCompressionOff;5.69256269688954;5.69256269688954;5.69256269688954;5.69256269688954;0.336596;10;-242.121546961335 * filterOff * HeaderCompressionOff;2;0.76690039797881;
9;19270.6432748538 * CompressionMethod + -16320.6432748538 * x_0 + 2498.81091617933 * BZip2 + -1446.02339181286 * PPMd + -15669.4541910331 * x_2 + -16195 * x_4 + 549.3567251462 * Files_0 + 170.935672514627 * filterOff + -261.812865497088 * filterOff * HeaderCompressionOff + 456.939571150103 * PPMd * filterOff;4.18846029245647;4.18846029245647;4.18846029245647;4.18846029245647;0.45722;12;456.939571150103 * PPMd * filterOff;2;0.752051202216531;
10;19246.8847989093 * CompressionMethod + -16296.8847989093 * x_0 + 2720.55669166099 * BZip2 + -1469.78186775733 * PPMd + -15867.4414905703 * x_2 + -16195 * x_4 + 573.115201090676 * Files_0 + 143.217450579408 * filterOff + -297.450579413788 * filterOff * HeaderCompressionOff + 508.416269029778 * PPMd * filterOff + -451.411042944789 * BZip2 * mtOff;3.71111187901927;3.71111187901927;3.71111187901927;3.71111187901927;0.61228;14;-451.411042944789 * BZip2 * mtOff;2;0.238674206718603;
Elapsed=00:00:00.6126080
Learning progress:
1;5325.2 * CompressionMethod + -3040.2 * PPMd;29.3022049871155;29.3022049871155;29.3022049871155;29.3022049871155;0.003293;2;-3040.2 * PPMd;1;74.7850266030949;
2;5865.26315789473 * CompressionMethod + -3580.26315789474 * PPMd + -2250.26315789474 * LZMA2;21.234610452715;21.234610452715;21.234610452715;21.234610452715;0.013207;3;-2250.26315789474 * LZMA2;1;8.06759453440047;
3;4530 * CompressionMethod + -3737.35294117647 * PPMd + -2407.35294117647 * LZMA2 + 1492.35294117646 * BlockSize_1;16.8494489543701;16.8494489543701;16.8494489543701;16.8494489543701;0.033275;4;1492.35294117646 * BlockSize_1;1;4.38516149834492;
4;4530 * CompressionMethod + -3989.01960784314 * PPMd + -2407.35294117647 * LZMA2 + 1492.35294117647 * BlockSize_1 + 503.333333333336 * PPMd * filterOff;14.7413701459237;14.7413701459237;14.7413701459237;14.7413701459237;0.065333;6;503.333333333336 * PPMd * filterOff;2;1.0540394042232;
5;4529.99999999999 * CompressionMethod + -3989.01960784314 * PPMd + -2645.68627450981 * LZMA2 + 1492.35294117647 * BlockSize_1 + 503.333333333333 * PPMd * filterOff + 476.666666666662 * LZMA2 * mtOff;13.1322999070459;13.1322999070459;13.1322999070459;13.1322999070459;0.113917;8;476.666666666662 * LZMA2 * mtOff;2;0.804535119438905;
6;4530 * CompressionMethod + -3989.01960784314 * PPMd + -2645.68627450981 * LZMA2 + 1492.35294117647 * BlockSize_1 + 426.666666666674 * PPMd * filterOff + 476.666666666658 * LZMA2 * mtOff + 230.000000000004 * PPMd * filterOff * mtOff;12.4276430443007;12.4276430443007;12.4276430443007;12.4276430443007;0.184314;11;230.000000000004 * PPMd * filterOff * mtOff;3;0.234885620915068;
Elapsed=00:00:00.1846140
Learning progress:
1;10466 * CompressionMethod + -6749.33333333333 * x_0;25.6434749926452;25.6434749926452;25.6434749926452;25.6434749926452;0.003885;2;-6749.33333333333 * x_0;1;28.7222688895711;
2;10466 * CompressionMethod + -6340.28571428572 * x_0 + -1840.71428571428 * PPMd;17.6951633935293;17.6951633935293;17.6951633935293;17.6951633935293;0.017887;3;-1840.71428571428 * PPMd;1;7.94831159911593;
3;10189.9438202247 * CompressionMethod + -6458.59550561798 * x_0 + -1446.34831460674 * PPMd + 1380.28089887641 * BZip2;9.69920804418522;9.69920804418522;9.69920804418522;9.69920804418522;0.040221;4;1380.28089887641 * BZip2;1;7.99595534934403;
4;7662.90780141844 * CompressionMethod + -4068.1560283688 * x_0 + -1309.75177304964 * PPMd + 1858.36879432624 * BZip2 + 12157.0921985816 * x_10;8.21037349286229;8.21037349286229;8.21037349286229;8.21037349286229;0.077109;5;12157.0921985816 * x_10;1;1.48883455132293;
5;7667.47181964573 * CompressionMethod + -4159.43639291465 * x_0 + -1330.28985507247 * PPMd + 1840.11272141707 * BZip2 + 12152.5281803543 * x_10 + 214.508856682765 * mtOff;6.57926481277824;6.57926481277824;6.57926481277824;6.57926481277824;0.125171;6;214.508856682765 * mtOff;1;1.63110868008405;
6;7667.47181964573 * CompressionMethod + -4159.43639291465 * x_0 + -1330.28985507246 * PPMd + 1840.11272141707 * BZip2 + 12152.5281803543 * x_10 + 202.008856682771 * mtOff + 37.4999999999978 * mtOff * HeaderCompressionOff;6.45036034710215;6.45036034710215;6.45036034710215;6.45036034710215;0.194993;8;37.4999999999978 * mtOff * HeaderCompressionOff;2;0.0644522328380455;
Elapsed=00:00:00.1952697
Learning progress:
1;3694.4 * CompressionMethod + 2490.6 * BZip2;19.7985346220913;19.7985346220913;19.7985346220913;19.7985346220913;0.004597;2;2490.6 * BZip2;1;26.5429972994566;
2;3694.4 * CompressionMethod + 2580.6 * BZip2 + -270.000000000004 * BZip2 * mtOff;19.5746123942492;19.5746123942492;19.5746123942492;19.5746123942492;0.012211;4;-270.000000000004 * BZip2 * mtOff;2;0.111961113921042;
3;3692.91666666667 * CompressionMethod + 2582.08333333334 * BZip2 + -270 * BZip2 * mtOff + 37.0833333333333 * BlockSize_4096;19.5673478802346;19.5673478802346;19.5673478802346;19.5673478802346;0.029563;5;37.0833333333333 * BlockSize_4096;1;0.00726451401459016;
Elapsed=00:00:00.0297672
Learning progress:
1;10466 * CompressionMethod + -6729.84615384615 * x_0;40.8444836652728;40.8444836652728;40.8444836652728;40.8444836652728;0.00345;2;-6729.84615384615 * x_0;1;55.6068964378054;
2;10163.2909379968 * CompressionMethod + -6718.20349761526 * x_0 + 1513.5453100159 * BZip2;27.5872970724681;27.5872970724681;27.5872970724681;27.5872970724681;0.015415;3;1513.5453100159 * BZip2;1;13.2571865928048;
3;11557.5 * CompressionMethod + -8377.9761904762 * x_0 + 2894.4761904762 * BZip2 + -8351.97619047621 * x_2;17.2063922449003;17.2063922449003;17.2063922449003;17.2063922449003;0.039514;4;-8351.97619047621 * x_2;1;10.3809048275678;
4;11557.5 * CompressionMethod + -8068.16666666667 * x_0 + 2584.66666666668 * BZip2 + -8042.16666666669 * x_2 + -1084.33333333333 * PPMd;11.2623825181136;11.2623825181136;11.2623825181136;11.2623825181136;0.07187;5;-1084.33333333333 * PPMd;1;5.94400972678664;
5;11557.5 * CompressionMethod + -8192.47101449275 * x_0 + 2584.66666666667 * BZip2 + -8042.16666666666 * x_2 + -1167.20289855072 * PPMd + 310.76086956521 * filterOff;8.94109016866813;8.94109016866813;8.94109016866813;8.94109016866813;0.120615;6;310.76086956521 * filterOff;1;2.32129234944547;
6;11557.5 * CompressionMethod + -8236.98973675055 * x_0 + 2596.26927983301 * BZip2 + -8053.76927983298 * x_2 + -1177.54435811202 * PPMd + 306.031543546324 * filterOff + 87.0195987475289 * mtOff;7.39257935776421;7.39257935776421;7.39257935776421;7.39257935776421;0.185784;7;87.0195987475289 * mtOff;1;1.54851081090392;
7;11557.5 * CompressionMethod + -8241.85961585021 * x_0 + 2606.33483980308 * BZip2 + -8063.83483980307 * x_2 + -1164.015010895 * PPMd + 365.413203131304 * filterOff + 88.5800177548154 * mtOff + -147.862561536612 * filterOff * HeaderCompressionOff;6.78311836061099;6.78311836061099;6.78311836061099;6.78311836061099;0.273454;9;-147.862561536612 * filterOff * HeaderCompressionOff;2;0.304730498576614;
8;11557.5 * CompressionMethod + -8242.16174382277 * x_0 + 2581.79380857711 * BZip2 + -8039.29380857712 * x_2 + -1205.11814825332 * PPMd + 367.898892360124 * filterOff + 111.445612042031 * mtOff + -74.3493325759797 * filterOff * HeaderCompressionOff + -340.333428003386 * filterOff * HeaderCompressionOff * LZMA;5.40016398234665;5.40016398234665;5.40016398234665;5.40016398234665;0.387537;12;-340.333428003386 * filterOff * HeaderCompressionOff * LZMA;3;0.46098479275478;
9;11557.5 * CompressionMethod + -8275.30062702586 * x_0 + 2685.65226632659 * BZip2 + -8143.15226632659 * x_2 + -1200.55157022158 * PPMd + 480.790690259837 * filterOff + -56.3698921302988 * mtOff + -318.099792762645 * filterOff * HeaderCompressionOff + -447.835166586943 * filterOff * HeaderCompressionOff * LZMA + 439.314788245915 * mtOff * HeaderCompressionOff;4.31841710478109;4.31841710478109;4.31841710478109;4.31841710478109;0.537085;14;439.314788245915 * mtOff * HeaderCompressionOff;2;0.540873438782778;
10;11557.5 * CompressionMethod + -8292.05381287183 * x_0 + 2581.03623580313 * BZip2 + -8038.53623580315 * x_2 + -1193.92644672795 * PPMd + 489.517577068686 * filterOff + -19.4824229313191 * mtOff + -375.715521903746 * filterOff * HeaderCompressionOff + -415.851811790138 * filterOff * HeaderCompressionOff * LZMA + 436.085992428329 * mtOff * HeaderCompressionOff + 286.616549486222 * BZip2 * HeaderCompressionOff;4.07893747845583;4.07893747845583;4.07893747845583;4.07893747845583;0.723542;16;286.616549486222 * BZip2 * HeaderCompressionOff;2;0.119739813162632;
11;11557.5 * CompressionMethod + -8294.94840052124 * x_0 + 2589.45100676784 * BZip2 + -8046.95100676782 * x_2 + -1184.67253772751 * PPMd + 473.18508554373 * filterOff + -19.5964521417568 * mtOff + -362.42380932365 * filterOff * HeaderCompressionOff + -464.387321871439 * filterOff * HeaderCompressionOff * LZMA + 436.609357265956 * mtOff * HeaderCompressionOff + 282.616755643364 * BZip2 * HeaderCompressionOff + 54.0615410483913 * filterOff * LZMA;4.03670178062593;4.03670178062593;4.03670178062593;4.03670178062593;0.947348;18;54.0615410483913 * filterOff * LZMA;2;0.0211178489149462;
Elapsed=00:00:00.9477156
Learning progress:
1;8292.5 * CompressionMethod + -4541.01851851852 * x_0;33.895211940399;33.895211940399;33.895211940399;33.895211940399;0.003211;2;-4541.01851851852 * x_0;1;36.2316807165768;
2;7759.94871794871 * CompressionMethod + -4481.84615384615 * x_0 + 2130.20512820513 * BZip2;24.9164621132234;24.9164621132234;24.9164621132234;24.9164621132234;0.016225;3;2130.20512820513 * BZip2;1;8.97874982717562;
3;7844.89361702127 * CompressionMethod + -4184.5390070922 * x_0 + 1790.42553191489 * BZip2 + -1380.35460992908 * PPMd;19.5423564790085;19.5423564790085;19.5423564790085;19.5423564790085;0.035126;4;-1380.35460992908 * PPMd;1;5.37410563421486;
4;9023.33333333333 * CompressionMethod + -5598.66666666667 * x_0 + 2615.33333333333 * BZip2 + -1144.66666666666 * PPMd + -5538.66666666666 * x_2;17.2087450162252;17.2087450162252;17.2087450162252;17.2087450162252;0.065169;5;-5538.66666666666 * x_2;1;2.33361146278335;
5;19820 * CompressionMethod + -16395.3333333333 * x_0 + 2615.33333333333 * BZip2 + -1144.66666666666 * PPMd + -16335.3333333333 * x_2 + -16195 * x_4;11.0261597691827;11.0261597691827;11.0261597691827;11.0261597691827;0.106429;6;-16195 * x_4;1;6.18258524704248;
6;19272.3076923077 * CompressionMethod + -16322.3076923077 * x_0 + 2542.3076923077 * BZip2 + -1217.69230769229 * PPMd + -15714.6153846154 * x_2 + -16195 * x_4 + 547.692307692307 * Files_0;8.44336348166788;8.44336348166788;8.44336348166788;8.44336348166788;0.163317;7;547.692307692307 * Files_0;1;2.58279628751482;
7;19331.1111111111 * CompressionMethod + -16381.1111111111 * x_0 + 2537.40740740741 * BZip2 + -1222.59259259258 * PPMd + -15768.5185185186 * x_2 + -16195 * x_4 + 488.888888888884 * Files_0 + 127.407407407411 * filterOff;7.22636349284716;7.22636349284716;7.22636349284716;7.22636349284716;0.238638;8;127.407407407411 * filterOff;1;1.21699998882072;
8;19322.1436464088 * CompressionMethod + -16372.1436464088 * x_0 + 2497.80110497238 * BZip2 + -1221.84530386741 * PPMd + -15719.9447513812 * x_2 + -16195 * x_4 + 497.856353591155 * Files_0 + 269.392265193373 * filterOff + -242.121546961335 * filterOff * HeaderCompressionOff;5.69256269688954;5.69256269688954;5.69256269688954;5.69256269688954;0.330344;10;-242.121546961335 * filterOff * HeaderCompressionOff;2;0.76690039797881;
9;19270.6432748538 * CompressionMethod + -16320.6432748538 * x_0 + 2498.81091617933 * BZip2 + -1446.02339181286 * PPMd + -15669.4541910331 * x_2 + -16195 * x_4 + 549.3567251462 * Files_0 + 170.935672514627 * filterOff + -261.812865497088 * filterOff * HeaderCompressionOff + 456.939571150103 * PPMd * filterOff;4.18846029245647;4.18846029245647;4.18846029245647;4.18846029245647;0.450873;12;456.939571150103 * PPMd * filterOff;2;0.752051202216531;
10;19246.8847989093 * CompressionMethod + -16296.8847989093 * x_0 + 2720.55669166099 * BZip2 + -1469.78186775733 * PPMd + -15867.4414905703 * x_2 + -16195 * x_4 + 573.115201090676 * Files_0 + 143.217450579408 * filterOff + -297.450579413788 * filterOff * HeaderCompressionOff + 508.416269029778 * PPMd * filterOff + -451.411042944789 * BZip2 * mtOff;3.71111187901927;3.71111187901927;3.71111187901927;3.71111187901927;0.601129;14;-451.411042944789 * BZip2 * mtOff;2;0.238674206718603;
11;19276.0213776722 * CompressionMethod + -16326.0213776722 * x_0 + 2732.18378859858 * BZip2 + -1477.36638954869 * PPMd + -15908.2051662708 * x_2 + -16195 * x_4 + 543.978622327763 * Files_0 + 169.049881235153 * filterOff + -351.668646080768 * filterOff * HeaderCompressionOff + 518.72921615203 * PPMd * filterOff + -460.872921615201 * BZip2 * mtOff + 55.0816508313608 * HeaderCompressionOff;3.37527948305571;3.37527948305571;3.37527948305571;3.37527948305571;0.787922;15;55.0816508313608 * HeaderCompressionOff;1;0.335832395963555;
12;19315.0622406639 * CompressionMethod + -16365.0622406639 * x_0 + 2866.9398340249 * BZip2 + -1452.51037344398 * PPMd + -16082.0020746888 * x_2 + -16195 * x_4 + 504.937759336085 * Files_0 + 260.145228215762 * filterOff + -403.983402489634 * filterOff * HeaderCompressionOff + 462.510373444002 * PPMd * filterOff + -520.995850622414 * BZip2 * mtOff + 76.358921161825 * HeaderCompressionOff + -219.149377593362 * BZip2 * filterOff;2.72870787369023;2.72870787369023;2.72870787369023;2.72870787369023;1.007707;17;-219.149377593362 * BZip2 * filterOff;2;0.323285804682744;
13;19372.5622406639 * CompressionMethod + -16365.0622406639 * x_0 + 2866.9398340249 * BZip2 + -1452.51037344398 * PPMd + -16139.5020746888 * x_2 + -16252.5 * x_4 + 562.43775933611 * Files_0 + 260.145228215762 * filterOff + -403.983402489634 * filterOff * HeaderCompressionOff + 462.510373443996 * PPMd * filterOff + -520.995850622431 * BZip2 * mtOff + 76.3589211618158 * HeaderCompressionOff + -219.149377593363 * BZip2 * filterOff + -114.999999999989 * BlockSize_1;2.59454534113722;2.59454534113722;2.59454534113722;2.59454534113722;1.267069;18;-114.999999999989 * BlockSize_1;1;0.134162532553005;
14;19360.6707317074 * CompressionMethod + -16353.1707317073 * x_0 + 2830.6707317073 * BZip2 + -1450.52845528455 * PPMd + -16091.3414634147 * x_2 + -16252.5 * x_4 + 574.329268292668 * Files_0 + 264.241192411912 * filterOff + -407.154471544731 * filterOff * HeaderCompressionOff + 460.528455284565 * PPMd * filterOff + -521.788617886167 * BZip2 * mtOff + 55.5487804878099 * HeaderCompressionOff + -222.452574525723 * BZip2 * filterOff + -115 * BlockSize_1 + 95.5284552845665 * BZip2 * HeaderCompressionOff;2.4778312828997;2.4778312828997;2.4778312828997;2.4778312828997;1.567526;20;95.5284552845665 * BZip2 * HeaderCompressionOff;2;0.0583570291187625;
Elapsed=00:00:01.5679416
Learning progress:
1;5325.2 * CompressionMethod + -3040.2 * PPMd;29.3022049871155;29.3022049871155;29.3022049871155;29.3022049871155;0.004146;2;-3040.2 * PPMd;1;74.7850266030949;
2;5865.26315789473 * CompressionMethod + -3580.26315789474 * PPMd + -2250.26315789474 * LZMA2;21.234610452715;21.234610452715;21.234610452715;21.234610452715;0.015471;3;-2250.26315789474 * LZMA2;1;8.06759453440047;
3;4530 * CompressionMethod + -3737.35294117647 * PPMd + -2407.35294117647 * LZMA2 + 1492.35294117646 * BlockSize_1;16.8494489543701;16.8494489543701;16.8494489543701;16.8494489543701;0.034337;4;1492.35294117646 * BlockSize_1;1;4.38516149834492;
4;4530 * CompressionMethod + -3989.01960784314 * PPMd + -2407.35294117647 * LZMA2 + 1492.35294117647 * BlockSize_1 + 503.333333333336 * PPMd * filterOff;14.7413701459237;14.7413701459237;14.7413701459237;14.7413701459237;0.067599;6;503.333333333336 * PPMd * filterOff;2;1.0540394042232;
5;4529.99999999999 * CompressionMethod + -3989.01960784314 * PPMd + -2645.68627450981 * LZMA2 + 1492.35294117647 * BlockSize_1 + 503.333333333333 * PPMd * filterOff + 476.666666666662 * LZMA2 * mtOff;13.1322999070459;13.1322999070459;13.1322999070459;13.1322999070459;0.11788;8;476.666666666662 * LZMA2 * mtOff;2;0.804535119438905;
6;4530 * CompressionMethod + -3989.01960784314 * PPMd + -2645.68627450981 * LZMA2 + 1492.35294117647 * BlockSize_1 + 426.666666666674 * PPMd * filterOff + 476.666666666658 * LZMA2 * mtOff + 230.000000000004 * PPMd * filterOff * mtOff;12.4276430443007;12.4276430443007;12.4276430443007;12.4276430443007;0.185359;11;230.000000000004 * PPMd * filterOff * mtOff;3;0.234885620915068;
7;2960 * CompressionMethod + -3989.01960784314 * PPMd + -2645.68627450981 * LZMA2 + 3062.35294117647 * BlockSize_1 + 426.666666666662 * PPMd * filterOff + 476.666666666666 * LZMA2 * mtOff + 229.999999999997 * PPMd * filterOff * mtOff + 3140 * x_2;12.3271068512712;12.3271068512712;12.3271068512712;12.3271068512712;0.277175;12;3140 * x_2;1;0.100536193029434;
8;3770.58823529413 * CompressionMethod + -3989.01960784314 * PPMd + -2645.68627450981 * LZMA2 + 2251.76470588235 * BlockSize_1 + 426.666666666664 * PPMd * filterOff + 476.666666666664 * LZMA2 * mtOff + 229.999999999995 * PPMd * filterOff * mtOff + 2329.41176470589 * x_2 + -810.588235294115 * Files_50;9.88269745212289;9.88269745212289;9.88269745212289;9.88269745212289;0.393192;13;-810.588235294115 * Files_50;1;2.44440939914835;
9;3770.58823529412 * CompressionMethod + -3989.01960784313 * PPMd + -1322.8431372549 * LZMA2 + 2251.76470588235 * BlockSize_1 + 426.666666666671 * PPMd * filterOff + 476.666666666669 * LZMA2 * mtOff + 229.999999999998 * PPMd * filterOff * mtOff + 2329.41176470589 * x_2 + -810.588235294118 * Files_50 + -1322.8431372549 * BlockSize_1 * LZMA2;9.8826974521227;9.8826974521227;9.8826974521227;9.8826974521227;0.528958;15;-1322.8431372549 * BlockSize_1 * LZMA2;2;9.2370555648813E-14;
Elapsed=00:00:00.5293095
Learning progress:
1;10466 * CompressionMethod + -6749.33333333333 * x_0;25.6434749926452;25.6434749926452;25.6434749926452;25.6434749926452;0.007974;2;-6749.33333333333 * x_0;1;28.7222688895711;
2;10466 * CompressionMethod + -6340.28571428572 * x_0 + -1840.71428571428 * PPMd;17.6951633935293;17.6951633935293;17.6951633935293;17.6951633935293;0.039117;3;-1840.71428571428 * PPMd;1;7.94831159911593;
3;10189.9438202247 * CompressionMethod + -6458.59550561798 * x_0 + -1446.34831460674 * PPMd + 1380.28089887641 * BZip2;9.69920804418522;9.69920804418522;9.69920804418522;9.69920804418522;0.084581;4;1380.28089887641 * BZip2;1;7.99595534934403;
4;7662.90780141844 * CompressionMethod + -4068.1560283688 * x_0 + -1309.75177304964 * PPMd + 1858.36879432624 * BZip2 + 12157.0921985816 * x_10;8.21037349286229;8.21037349286229;8.21037349286229;8.21037349286229;0.135087;5;12157.0921985816 * x_10;1;1.48883455132293;
5;7667.47181964573 * CompressionMethod + -4159.43639291465 * x_0 + -1330.28985507247 * PPMd + 1840.11272141707 * BZip2 + 12152.5281803543 * x_10 + 214.508856682765 * mtOff;6.57926481277824;6.57926481277824;6.57926481277824;6.57926481277824;0.232048;6;214.508856682765 * mtOff;1;1.63110868008405;
6;7667.47181964573 * CompressionMethod + -4159.43639291465 * x_0 + -1330.28985507246 * PPMd + 1840.11272141707 * BZip2 + 12152.5281803543 * x_10 + 202.008856682771 * mtOff + 37.4999999999978 * mtOff * HeaderCompressionOff;6.45036034710215;6.45036034710215;6.45036034710215;6.45036034710215;0.303141;8;37.4999999999978 * mtOff * HeaderCompressionOff;2;0.0644522328380455;
Elapsed=00:00:00.3034474
Learning progress:
1;3694.4 * CompressionMethod + 2490.6 * BZip2;19.7985346220913;19.7985346220913;19.7985346220913;19.7985346220913;0.002684;2;2490.6 * BZip2;1;26.5429972994566;
2;3694.4 * CompressionMethod + 2580.6 * BZip2 + -270.000000000004 * BZip2 * mtOff;19.5746123942492;19.5746123942492;19.5746123942492;19.5746123942492;0.010368;4;-270.000000000004 * BZip2 * mtOff;2;0.111961113921042;
Elapsed=00:00:00.0105594
Learning progress:
1;10466 * CompressionMethod + -6729.84615384615 * x_0;40.8444836652728;40.8444836652728;40.8444836652728;40.8444836652728;0.004186;2;-6729.84615384615 * x_0;1;55.6068964378054;
2;10163.2909379968 * CompressionMethod + -6718.20349761526 * x_0 + 1513.5453100159 * BZip2;27.5872970724681;27.5872970724681;27.5872970724681;27.5872970724681;0.018086;3;1513.5453100159 * BZip2;1;13.2571865928048;
3;11557.5 * CompressionMethod + -8377.9761904762 * x_0 + 2894.4761904762 * BZip2 + -8351.97619047621 * x_2;17.2063922449003;17.2063922449003;17.2063922449003;17.2063922449003;0.039966;4;-8351.97619047621 * x_2;1;10.3809048275678;
4;11557.5 * CompressionMethod + -8068.16666666667 * x_0 + 2584.66666666668 * BZip2 + -8042.16666666669 * x_2 + -1084.33333333333 * PPMd;11.2623825181136;11.2623825181136;11.2623825181136;11.2623825181136;0.073031;5;-1084.33333333333 * PPMd;1;5.94400972678664;
5;11557.5 * CompressionMethod + -8192.47101449275 * x_0 + 2584.66666666667 * BZip2 + -8042.16666666666 * x_2 + -1167.20289855072 * PPMd + 310.76086956521 * filterOff;8.94109016866813;8.94109016866813;8.94109016866813;8.94109016866813;0.121098;6;310.76086956521 * filterOff;1;2.32129234944547;
6;11557.5 * CompressionMethod + -8236.98973675055 * x_0 + 2596.26927983301 * BZip2 + -8053.76927983298 * x_2 + -1177.54435811202 * PPMd + 306.031543546324 * filterOff + 87.0195987475289 * mtOff;7.39257935776421;7.39257935776421;7.39257935776421;7.39257935776421;0.185365;7;87.0195987475289 * mtOff;1;1.54851081090392;
7;11557.5 * CompressionMethod + -8241.85961585021 * x_0 + 2606.33483980308 * BZip2 + -8063.83483980307 * x_2 + -1164.015010895 * PPMd + 365.413203131304 * filterOff + 88.5800177548154 * mtOff + -147.862561536612 * filterOff * HeaderCompressionOff;6.78311836061099;6.78311836061099;6.78311836061099;6.78311836061099;0.268351;9;-147.862561536612 * filterOff * HeaderCompressionOff;2;0.304730498576614;
8;11557.5 * CompressionMethod + -8242.16174382277 * x_0 + 2581.79380857711 * BZip2 + -8039.29380857712 * x_2 + -1205.11814825332 * PPMd + 367.898892360124 * filterOff + 111.445612042031 * mtOff + -74.3493325759797 * filterOff * HeaderCompressionOff + -340.333428003386 * filterOff * HeaderCompressionOff * LZMA;5.40016398234665;5.40016398234665;5.40016398234665;5.40016398234665;0.38199;12;-340.333428003386 * filterOff * HeaderCompressionOff * LZMA;3;0.46098479275478;
9;11557.5 * CompressionMethod + -8275.30062702586 * x_0 + 2685.65226632659 * BZip2 + -8143.15226632659 * x_2 + -1200.55157022158 * PPMd + 480.790690259837 * filterOff + -56.3698921302988 * mtOff + -318.099792762645 * filterOff * HeaderCompressionOff + -447.835166586943 * filterOff * HeaderCompressionOff * LZMA + 439.314788245915 * mtOff * HeaderCompressionOff;4.31841710478109;4.31841710478109;4.31841710478109;4.31841710478109;0.530413;14;439.314788245915 * mtOff * HeaderCompressionOff;2;0.540873438782778;
10;11557.5 * CompressionMethod + -8292.05381287183 * x_0 + 2581.03623580313 * BZip2 + -8038.53623580315 * x_2 + -1193.92644672795 * PPMd + 489.517577068686 * filterOff + -19.4824229313191 * mtOff + -375.715521903746 * filterOff * HeaderCompressionOff + -415.851811790138 * filterOff * HeaderCompressionOff * LZMA + 436.085992428329 * mtOff * HeaderCompressionOff + 286.616549486222 * BZip2 * HeaderCompressionOff;4.07893747845583;4.07893747845583;4.07893747845583;4.07893747845583;0.710854;16;286.616549486222 * BZip2 * HeaderCompressionOff;2;0.119739813162632;
Elapsed=00:00:00.7112256
Learning progress:
1;8292.5 * CompressionMethod + -4541.01851851852 * x_0;33.895211940399;33.895211940399;33.895211940399;33.895211940399;0.003579;2;-4541.01851851852 * x_0;1;36.2316807165768;
2;7759.94871794871 * CompressionMethod + -4481.84615384615 * x_0 + 2130.20512820513 * BZip2;24.9164621132234;24.9164621132234;24.9164621132234;24.9164621132234;0.01628;3;2130.20512820513 * BZip2;1;8.97874982717562;
3;7844.89361702127 * CompressionMethod + -4184.5390070922 * x_0 + 1790.42553191489 * BZip2 + -1380.35460992908 * PPMd;19.5423564790085;19.5423564790085;19.5423564790085;19.5423564790085;0.036499;4;-1380.35460992908 * PPMd;1;5.37410563421486;
4;9023.33333333333 * CompressionMethod + -5598.66666666667 * x_0 + 2615.33333333333 * BZip2 + -1144.66666666666 * PPMd + -5538.66666666666 * x_2;17.2087450162252;17.2087450162252;17.2087450162252;17.2087450162252;0.066579;5;-5538.66666666666 * x_2;1;2.33361146278335;
5;19820 * CompressionMethod + -16395.3333333333 * x_0 + 2615.33333333333 * BZip2 + -1144.66666666666 * PPMd + -16335.3333333333 * x_2 + -16195 * x_4;11.0261597691827;11.0261597691827;11.0261597691827;11.0261597691827;0.107467;6;-16195 * x_4;1;6.18258524704248;
6;19272.3076923077 * CompressionMethod + -16322.3076923077 * x_0 + 2542.3076923077 * BZip2 + -1217.69230769229 * PPMd + -15714.6153846154 * x_2 + -16195 * x_4 + 547.692307692307 * Files_0;8.44336348166788;8.44336348166788;8.44336348166788;8.44336348166788;0.163856;7;547.692307692307 * Files_0;1;2.58279628751482;
7;19331.1111111111 * CompressionMethod + -16381.1111111111 * x_0 + 2537.40740740741 * BZip2 + -1222.59259259258 * PPMd + -15768.5185185186 * x_2 + -16195 * x_4 + 488.888888888884 * Files_0 + 127.407407407411 * filterOff;7.22636349284716;7.22636349284716;7.22636349284716;7.22636349284716;0.236294;8;127.407407407411 * filterOff;1;1.21699998882072;
8;19322.1436464088 * CompressionMethod + -16372.1436464088 * x_0 + 2497.80110497238 * BZip2 + -1221.84530386741 * PPMd + -15719.9447513812 * x_2 + -16195 * x_4 + 497.856353591155 * Files_0 + 269.392265193373 * filterOff + -242.121546961335 * filterOff * HeaderCompressionOff;5.69256269688954;5.69256269688954;5.69256269688954;5.69256269688954;0.328928;10;-242.121546961335 * filterOff * HeaderCompressionOff;2;0.76690039797881;
9;19270.6432748538 * CompressionMethod + -16320.6432748538 * x_0 + 2498.81091617933 * BZip2 + -1446.02339181286 * PPMd + -15669.4541910331 * x_2 + -16195 * x_4 + 549.3567251462 * Files_0 + 170.935672514627 * filterOff + -261.812865497088 * filterOff * HeaderCompressionOff + 456.939571150103 * PPMd * filterOff;4.18846029245647;4.18846029245647;4.18846029245647;4.18846029245647;0.449544;12;456.939571150103 * PPMd * filterOff;2;0.752051202216531;
10;19246.8847989093 * CompressionMethod + -16296.8847989093 * x_0 + 2720.55669166099 * BZip2 + -1469.78186775733 * PPMd + -15867.4414905703 * x_2 + -16195 * x_4 + 573.115201090676 * Files_0 + 143.217450579408 * filterOff + -297.450579413788 * filterOff * HeaderCompressionOff + 508.416269029778 * PPMd * filterOff + -451.411042944789 * BZip2 * mtOff;3.71111187901927;3.71111187901927;3.71111187901927;3.71111187901927;0.59776;14;-451.411042944789 * BZip2 * mtOff;2;0.238674206718603;
11;19276.0213776722 * CompressionMethod + -16326.0213776722 * x_0 + 2732.18378859858 * BZip2 + -1477.36638954869 * PPMd + -15908.2051662708 * x_2 + -16195 * x_4 + 543.978622327763 * Files_0 + 169.049881235153 * filterOff + -351.668646080768 * filterOff * HeaderCompressionOff + 518.72921615203 * PPMd * filterOff + -460.872921615201 * BZip2 * mtOff + 55.0816508313608 * HeaderCompressionOff;3.37527948305571;3.37527948305571;3.37527948305571;3.37527948305571;0.784707;15;55.0816508313608 * HeaderCompressionOff;1;0.335832395963555;
12;19315.0622406639 * CompressionMethod + -16365.0622406639 * x_0 + 2866.9398340249 * BZip2 + -1452.51037344398 * PPMd + -16082.0020746888 * x_2 + -16195 * x_4 + 504.937759336085 * Files_0 + 260.145228215762 * filterOff + -403.983402489634 * filterOff * HeaderCompressionOff + 462.510373444002 * PPMd * filterOff + -520.995850622414 * BZip2 * mtOff + 76.358921161825 * HeaderCompressionOff + -219.149377593362 * BZip2 * filterOff;2.72870787369023;2.72870787369023;2.72870787369023;2.72870787369023;1.000511;17;-219.149377593362 * BZip2 * filterOff;2;0.323285804682744;
13;19372.5622406639 * CompressionMethod + -16365.0622406639 * x_0 + 2866.9398340249 * BZip2 + -1452.51037344398 * PPMd + -16139.5020746888 * x_2 + -16252.5 * x_4 + 562.43775933611 * Files_0 + 260.145228215762 * filterOff + -403.983402489634 * filterOff * HeaderCompressionOff + 462.510373443996 * PPMd * filterOff + -520.995850622431 * BZip2 * mtOff + 76.3589211618158 * HeaderCompressionOff + -219.149377593363 * BZip2 * filterOff + -114.999999999989 * BlockSize_1;2.59454534113722;2.59454534113722;2.59454534113722;2.59454534113722;1.254122;18;-114.999999999989 * BlockSize_1;1;0.134162532553005;
Elapsed=00:00:01.2545200
Learning progress:
1;5325.2 * CompressionMethod + -3040.2 * PPMd;29.3022049871155;29.3022049871155;29.3022049871155;29.3022049871155;0.003631;2;-3040.2 * PPMd;1;74.7850266030949;
2;5865.26315789473 * CompressionMethod + -3580.26315789474 * PPMd + -2250.26315789474 * LZMA2;21.234610452715;21.234610452715;21.234610452715;21.234610452715;0.015094;3;-2250.26315789474 * LZMA2;1;8.06759453440047;
3;4530 * CompressionMethod + -3737.35294117647 * PPMd + -2407.35294117647 * LZMA2 + 1492.35294117646 * BlockSize_1;16.8494489543701;16.8494489543701;16.8494489543701;16.8494489543701;0.033854;4;1492.35294117646 * BlockSize_1;1;4.38516149834492;
4;4530 * CompressionMethod + -3989.01960784314 * PPMd + -2407.35294117647 * LZMA2 + 1492.35294117647 * BlockSize_1 + 503.333333333336 * PPMd * filterOff;14.7413701459237;14.7413701459237;14.7413701459237;14.7413701459237;0.066612;6;503.333333333336 * PPMd * filterOff;2;1.0540394042232;
5;4529.99999999999 * CompressionMethod + -3989.01960784314 * PPMd + -2645.68627450981 * LZMA2 + 1492.35294117647 * BlockSize_1 + 503.333333333333 * PPMd * filterOff + 476.666666666662 * LZMA2 * mtOff;13.1322999070459;13.1322999070459;13.1322999070459;13.1322999070459;0.113549;8;476.666666666662 * LZMA2 * mtOff;2;0.804535119438905;
6;4530 * CompressionMethod + -3989.01960784314 * PPMd + -2645.68627450981 * LZMA2 + 1492.35294117647 * BlockSize_1 + 426.666666666674 * PPMd * filterOff + 476.666666666658 * LZMA2 * mtOff + 230.000000000004 * PPMd * filterOff * mtOff;12.4276430443007;12.4276430443007;12.4276430443007;12.4276430443007;0.179158;11;230.000000000004 * PPMd * filterOff * mtOff;3;0.234885620915068;
7;2960 * CompressionMethod + -3989.01960784314 * PPMd + -2645.68627450981 * LZMA2 + 3062.35294117647 * BlockSize_1 + 426.666666666662 * PPMd * filterOff + 476.666666666666 * LZMA2 * mtOff + 229.999999999997 * PPMd * filterOff * mtOff + 3140 * x_2;12.3271068512712;12.3271068512712;12.3271068512712;12.3271068512712;0.272325;12;3140 * x_2;1;0.100536193029434;
Elapsed=00:00:00.2726383
Learning progress:
1;10466 * CompressionMethod + -6749.33333333333 * x_0;25.6434749926452;25.6434749926452;25.6434749926452;25.6434749926452;0.003613;2;-6749.33333333333 * x_0;1;28.7222688895711;
2;10466 * CompressionMethod + -6340.28571428572 * x_0 + -1840.71428571428 * PPMd;17.6951633935293;17.6951633935293;17.6951633935293;17.6951633935293;0.016971;3;-1840.71428571428 * PPMd;1;7.94831159911593;
3;10189.9438202247 * CompressionMethod + -6458.59550561798 * x_0 + -1446.34831460674 * PPMd + 1380.28089887641 * BZip2;9.69920804418522;9.69920804418522;9.69920804418522;9.69920804418522;0.038781;4;1380.28089887641 * BZip2;1;7.99595534934403;
4;7662.90780141844 * CompressionMethod + -4068.1560283688 * x_0 + -1309.75177304964 * PPMd + 1858.36879432624 * BZip2 + 12157.0921985816 * x_10;8.21037349286229;8.21037349286229;8.21037349286229;8.21037349286229;0.074394;5;12157.0921985816 * x_10;1;1.48883455132293;
5;7667.47181964573 * CompressionMethod + -4159.43639291465 * x_0 + -1330.28985507247 * PPMd + 1840.11272141707 * BZip2 + 12152.5281803543 * x_10 + 214.508856682765 * mtOff;6.57926481277824;6.57926481277824;6.57926481277824;6.57926481277824;0.124675;6;214.508856682765 * mtOff;1;1.63110868008405;
6;7667.47181964573 * CompressionMethod + -4159.43639291465 * x_0 + -1330.28985507246 * PPMd + 1840.11272141707 * BZip2 + 12152.5281803543 * x_10 + 202.008856682771 * mtOff + 37.4999999999978 * mtOff * HeaderCompressionOff;6.45036034710215;6.45036034710215;6.45036034710215;6.45036034710215;0.191179;8;37.4999999999978 * mtOff * HeaderCompressionOff;2;0.0644522328380455;
Elapsed=00:00:00.1914491
Learning progress:
1;3694.4 * CompressionMethod + 2490.6 * BZip2;19.7985346220913;19.7985346220913;19.7985346220913;19.7985346220913;0.002806;2;2490.6 * BZip2;1;26.5429972994566;
2;3694.4 * CompressionMethod + 2580.6 * BZip2 + -270.000000000004 * BZip2 * mtOff;19.5746123942492;19.5746123942492;19.5746123942492;19.5746123942492;0.012131;4;-270.000000000004 * BZip2 * mtOff;2;0.111961113921042;
Elapsed=00:00:00.0123162
Learning progress:
1;10466 * CompressionMethod + -6729.84615384615 * x_0;40.8444836652728;40.8444836652728;40.8444836652728;40.8444836652728;0.003619;2;-6729.84615384615 * x_0;1;55.6068964378054;
2;10163.2909379968 * CompressionMethod + -6718.20349761526 * x_0 + 1513.5453100159 * BZip2;27.5872970724681;27.5872970724681;27.5872970724681;27.5872970724681;0.016552;3;1513.5453100159 * BZip2;1;13.2571865928048;
3;11557.5 * CompressionMethod + -8377.9761904762 * x_0 + 2894.4761904762 * BZip2 + -8351.97619047621 * x_2;17.2063922449003;17.2063922449003;17.2063922449003;17.2063922449003;0.038988;4;-8351.97619047621 * x_2;1;10.3809048275678;
4;11557.5 * CompressionMethod + -8068.16666666667 * x_0 + 2584.66666666668 * BZip2 + -8042.16666666669 * x_2 + -1084.33333333333 * PPMd;11.2623825181136;11.2623825181136;11.2623825181136;11.2623825181136;0.071422;5;-1084.33333333333 * PPMd;1;5.94400972678664;
5;11557.5 * CompressionMethod + -8192.47101449275 * x_0 + 2584.66666666667 * BZip2 + -8042.16666666666 * x_2 + -1167.20289855072 * PPMd + 310.76086956521 * filterOff;8.94109016866813;8.94109016866813;8.94109016866813;8.94109016866813;0.119669;6;310.76086956521 * filterOff;1;2.32129234944547;
6;11557.5 * CompressionMethod + -8236.98973675055 * x_0 + 2596.26927983301 * BZip2 + -8053.76927983298 * x_2 + -1177.54435811202 * PPMd + 306.031543546324 * filterOff + 87.0195987475289 * mtOff;7.39257935776421;7.39257935776421;7.39257935776421;7.39257935776421;0.18366;7;87.0195987475289 * mtOff;1;1.54851081090392;
7;11557.5 * CompressionMethod + -8241.85961585021 * x_0 + 2606.33483980308 * BZip2 + -8063.83483980307 * x_2 + -1164.015010895 * PPMd + 365.413203131304 * filterOff + 88.5800177548154 * mtOff + -147.862561536612 * filterOff * HeaderCompressionOff;6.78311836061099;6.78311836061099;6.78311836061099;6.78311836061099;0.26807;9;-147.862561536612 * filterOff * HeaderCompressionOff;2;0.304730498576614;
Elapsed=00:00:00.2683942
Learning progress:
1;8292.5 * CompressionMethod + -4541.01851851852 * x_0;33.895211940399;33.895211940399;33.895211940399;33.895211940399;0.003912;2;-4541.01851851852 * x_0;1;36.2316807165768;
2;7759.94871794871 * CompressionMethod + -4481.84615384615 * x_0 + 2130.20512820513 * BZip2;24.9164621132234;24.9164621132234;24.9164621132234;24.9164621132234;0.017727;3;2130.20512820513 * BZip2;1;8.97874982717562;
3;7844.89361702127 * CompressionMethod + -4184.5390070922 * x_0 + 1790.42553191489 * BZip2 + -1380.35460992908 * PPMd;19.5423564790085;19.5423564790085;19.5423564790085;19.5423564790085;0.036835;4;-1380.35460992908 * PPMd;1;5.37410563421486;
4;9023.33333333333 * CompressionMethod + -5598.66666666667 * x_0 + 2615.33333333333 * BZip2 + -1144.66666666666 * PPMd + -5538.66666666666 * x_2;17.2087450162252;17.2087450162252;17.2087450162252;17.2087450162252;0.066434;5;-5538.66666666666 * x_2;1;2.33361146278335;
5;19820 * CompressionMethod + -16395.3333333333 * x_0 + 2615.33333333333 * BZip2 + -1144.66666666666 * PPMd + -16335.3333333333 * x_2 + -16195 * x_4;11.0261597691827;11.0261597691827;11.0261597691827;11.0261597691827;0.107764;6;-16195 * x_4;1;6.18258524704248;
6;19272.3076923077 * CompressionMethod + -16322.3076923077 * x_0 + 2542.3076923077 * BZip2 + -1217.69230769229 * PPMd + -15714.6153846154 * x_2 + -16195 * x_4 + 547.692307692307 * Files_0;8.44336348166788;8.44336348166788;8.44336348166788;8.44336348166788;0.163689;7;547.692307692307 * Files_0;1;2.58279628751482;
7;19331.1111111111 * CompressionMethod + -16381.1111111111 * x_0 + 2537.40740740741 * BZip2 + -1222.59259259258 * PPMd + -15768.5185185186 * x_2 + -16195 * x_4 + 488.888888888884 * Files_0 + 127.407407407411 * filterOff;7.22636349284716;7.22636349284716;7.22636349284716;7.22636349284716;0.238017;8;127.407407407411 * filterOff;1;1.21699998882072;
8;19322.1436464088 * CompressionMethod + -16372.1436464088 * x_0 + 2497.80110497238 * BZip2 + -1221.84530386741 * PPMd + -15719.9447513812 * x_2 + -16195 * x_4 + 497.856353591155 * Files_0 + 269.392265193373 * filterOff + -242.121546961335 * filterOff * HeaderCompressionOff;5.69256269688954;5.69256269688954;5.69256269688954;5.69256269688954;0.329743;10;-242.121546961335 * filterOff * HeaderCompressionOff;2;0.76690039797881;
9;19270.6432748538 * CompressionMethod + -16320.6432748538 * x_0 + 2498.81091617933 * BZip2 + -1446.02339181286 * PPMd + -15669.4541910331 * x_2 + -16195 * x_4 + 549.3567251462 * Files_0 + 170.935672514627 * filterOff + -261.812865497088 * filterOff * HeaderCompressionOff + 456.939571150103 * PPMd * filterOff;4.18846029245647;4.18846029245647;4.18846029245647;4.18846029245647;0.451198;12;456.939571150103 * PPMd * filterOff;2;0.752051202216531;
10;19246.8847989093 * CompressionMethod + -16296.8847989093 * x_0 + 2720.55669166099 * BZip2 + -1469.78186775733 * PPMd + -15867.4414905703 * x_2 + -16195 * x_4 + 573.115201090676 * Files_0 + 143.217450579408 * filterOff + -297.450579413788 * filterOff * HeaderCompressionOff + 508.416269029778 * PPMd * filterOff + -451.411042944789 * BZip2 * mtOff;3.71111187901927;3.71111187901927;3.71111187901927;3.71111187901927;0.603328;14;-451.411042944789 * BZip2 * mtOff;2;0.238674206718603;
Elapsed=00:00:00.6051340
Learning progress:
1;5325.2 * CompressionMethod + -3040.2 * PPMd;29.3022049871155;29.3022049871155;29.3022049871155;29.3022049871155;0.004282;2;-3040.2 * PPMd;1;74.7850266030949;
2;5865.26315789473 * CompressionMethod + -3580.26315789474 * PPMd + -2250.26315789474 * LZMA2;21.234610452715;21.234610452715;21.234610452715;21.234610452715;0.015401;3;-2250.26315789474 * LZMA2;1;8.06759453440047;
3;4530 * CompressionMethod + -3737.35294117647 * PPMd + -2407.35294117647 * LZMA2 + 1492.35294117646 * BlockSize_1;16.8494489543701;16.8494489543701;16.8494489543701;16.8494489543701;0.034918;4;1492.35294117646 * BlockSize_1;1;4.38516149834492;
4;4530 * CompressionMethod + -3989.01960784314 * PPMd + -2407.35294117647 * LZMA2 + 1492.35294117647 * BlockSize_1 + 503.333333333336 * PPMd * filterOff;14.7413701459237;14.7413701459237;14.7413701459237;14.7413701459237;0.069167;6;503.333333333336 * PPMd * filterOff;2;1.0540394042232;
5;4529.99999999999 * CompressionMethod + -3989.01960784314 * PPMd + -2645.68627450981 * LZMA2 + 1492.35294117647 * BlockSize_1 + 503.333333333333 * PPMd * filterOff + 476.666666666662 * LZMA2 * mtOff;13.1322999070459;13.1322999070459;13.1322999070459;13.1322999070459;0.118815;8;476.666666666662 * LZMA2 * mtOff;2;0.804535119438905;
6;4530 * CompressionMethod + -3989.01960784314 * PPMd + -2645.68627450981 * LZMA2 + 1492.35294117647 * BlockSize_1 + 426.666666666674 * PPMd * filterOff + 476.666666666658 * LZMA2 * mtOff + 230.000000000004 * PPMd * filterOff * mtOff;12.4276430443007;12.4276430443007;12.4276430443007;12.4276430443007;0.18411;11;230.000000000004 * PPMd * filterOff * mtOff;3;0.234885620915068;
Elapsed=00:00:00.1843981
Learning progress:
1;10466 * CompressionMethod + -6749.33333333333 * x_0;25.6434749926452;25.6434749926452;25.6434749926452;25.6434749926452;0.004132;2;-6749.33333333333 * x_0;1;28.7222688895711;
2;10466 * CompressionMethod + -6340.28571428572 * x_0 + -1840.71428571428 * PPMd;17.6951633935293;17.6951633935293;17.6951633935293;17.6951633935293;0.017996;3;-1840.71428571428 * PPMd;1;7.94831159911593;
3;10189.9438202247 * CompressionMethod + -6458.59550561798 * x_0 + -1446.34831460674 * PPMd + 1380.28089887641 * BZip2;9.69920804418522;9.69920804418522;9.69920804418522;9.69920804418522;0.040057;4;1380.28089887641 * BZip2;1;7.99595534934403;
4;7662.90780141844 * CompressionMethod + -4068.1560283688 * x_0 + -1309.75177304964 * PPMd + 1858.36879432624 * BZip2 + 12157.0921985816 * x_10;8.21037349286229;8.21037349286229;8.21037349286229;8.21037349286229;0.075503;5;12157.0921985816 * x_10;1;1.48883455132293;
5;7667.47181964573 * CompressionMethod + -4159.43639291465 * x_0 + -1330.28985507247 * PPMd + 1840.11272141707 * BZip2 + 12152.5281803543 * x_10 + 214.508856682765 * mtOff;6.57926481277824;6.57926481277824;6.57926481277824;6.57926481277824;0.125663;6;214.508856682765 * mtOff;1;1.63110868008405;
6;7667.47181964573 * CompressionMethod + -4159.43639291465 * x_0 + -1330.28985507246 * PPMd + 1840.11272141707 * BZip2 + 12152.5281803543 * x_10 + 202.008856682771 * mtOff + 37.4999999999978 * mtOff * HeaderCompressionOff;6.45036034710215;6.45036034710215;6.45036034710215;6.45036034710215;0.192939;8;37.4999999999978 * mtOff * HeaderCompressionOff;2;0.0644522328380455;
Elapsed=00:00:00.1932530
Learning progress:
1;3694.4 * CompressionMethod + 2490.6 * BZip2;19.7985346220913;19.7985346220913;19.7985346220913;19.7985346220913;0.00281;2;2490.6 * BZip2;1;26.5429972994566;
2;3694.4 * CompressionMethod + 2580.6 * BZip2 + -270.000000000004 * BZip2 * mtOff;19.5746123942492;19.5746123942492;19.5746123942492;19.5746123942492;0.01274;4;-270.000000000004 * BZip2 * mtOff;2;0.111961113921042;
3;3692.91666666667 * CompressionMethod + 2582.08333333334 * BZip2 + -270 * BZip2 * mtOff + 37.0833333333333 * BlockSize_4096;19.5673478802346;19.5673478802346;19.5673478802346;19.5673478802346;0.026979;5;37.0833333333333 * BlockSize_4096;1;0.00726451401459016;
Elapsed=00:00:00.0271829
Learning progress:
1;10466 * CompressionMethod + -6729.84615384615 * x_0;40.8444836652728;40.8444836652728;40.8444836652728;40.8444836652728;0.004099;2;-6729.84615384615 * x_0;1;55.6068964378054;
2;10163.2909379968 * CompressionMethod + -6718.20349761526 * x_0 + 1513.5453100159 * BZip2;27.5872970724681;27.5872970724681;27.5872970724681;27.5872970724681;0.017929;3;1513.5453100159 * BZip2;1;13.2571865928048;
3;11557.5 * CompressionMethod + -8377.9761904762 * x_0 + 2894.4761904762 * BZip2 + -8351.97619047621 * x_2;17.2063922449003;17.2063922449003;17.2063922449003;17.2063922449003;0.039473;4;-8351.97619047621 * x_2;1;10.3809048275678;
4;11557.5 * CompressionMethod + -8068.16666666667 * x_0 + 2584.66666666668 * BZip2 + -8042.16666666669 * x_2 + -1084.33333333333 * PPMd;11.2623825181136;11.2623825181136;11.2623825181136;11.2623825181136;0.073307;5;-1084.33333333333 * PPMd;1;5.94400972678664;
5;11557.5 * CompressionMethod + -8192.47101449275 * x_0 + 2584.66666666667 * BZip2 + -8042.16666666666 * x_2 + -1167.20289855072 * PPMd + 310.76086956521 * filterOff;8.94109016866813;8.94109016866813;8.94109016866813;8.94109016866813;0.120944;6;310.76086956521 * filterOff;1;2.32129234944547;
6;11557.5 * CompressionMethod + -8236.98973675055 * x_0 + 2596.26927983301 * BZip2 + -8053.76927983298 * x_2 + -1177.54435811202 * PPMd + 306.031543546324 * filterOff + 87.0195987475289 * mtOff;7.39257935776421;7.39257935776421;7.39257935776421;7.39257935776421;0.187049;7;87.0195987475289 * mtOff;1;1.54851081090392;
7;11557.5 * CompressionMethod + -8241.85961585021 * x_0 + 2606.33483980308 * BZip2 + -8063.83483980307 * x_2 + -1164.015010895 * PPMd + 365.413203131304 * filterOff + 88.5800177548154 * mtOff + -147.862561536612 * filterOff * HeaderCompressionOff;6.78311836061099;6.78311836061099;6.78311836061099;6.78311836061099;0.270672;9;-147.862561536612 * filterOff * HeaderCompressionOff;2;0.304730498576614;
8;11557.5 * CompressionMethod + -8242.16174382277 * x_0 + 2581.79380857711 * BZip2 + -8039.29380857712 * x_2 + -1205.11814825332 * PPMd + 367.898892360124 * filterOff + 111.445612042031 * mtOff + -74.3493325759797 * filterOff * HeaderCompressionOff + -340.333428003386 * filterOff * HeaderCompressionOff * LZMA;5.40016398234665;5.40016398234665;5.40016398234665;5.40016398234665;0.386301;12;-340.333428003386 * filterOff * HeaderCompressionOff * LZMA;3;0.46098479275478;
9;11557.5 * CompressionMethod + -8275.30062702586 * x_0 + 2685.65226632659 * BZip2 + -8143.15226632659 * x_2 + -1200.55157022158 * PPMd + 480.790690259837 * filterOff + -56.3698921302988 * mtOff + -318.099792762645 * filterOff * HeaderCompressionOff + -447.835166586943 * filterOff * HeaderCompressionOff * LZMA + 439.314788245915 * mtOff * HeaderCompressionOff;4.31841710478109;4.31841710478109;4.31841710478109;4.31841710478109;0.53446;14;439.314788245915 * mtOff * HeaderCompressionOff;2;0.540873438782778;
10;11557.5 * CompressionMethod + -8292.05381287183 * x_0 + 2581.03623580313 * BZip2 + -8038.53623580315 * x_2 + -1193.92644672795 * PPMd + 489.517577068686 * filterOff + -19.4824229313191 * mtOff + -375.715521903746 * filterOff * HeaderCompressionOff + -415.851811790138 * filterOff * HeaderCompressionOff * LZMA + 436.085992428329 * mtOff * HeaderCompressionOff + 286.616549486222 * BZip2 * HeaderCompressionOff;4.07893747845583;4.07893747845583;4.07893747845583;4.07893747845583;0.718095;16;286.616549486222 * BZip2 * HeaderCompressionOff;2;0.119739813162632;
11;11557.5 * CompressionMethod + -8294.94840052124 * x_0 + 2589.45100676784 * BZip2 + -8046.95100676782 * x_2 + -1184.67253772751 * PPMd + 473.18508554373 * filterOff + -19.5964521417568 * mtOff + -362.42380932365 * filterOff * HeaderCompressionOff + -464.387321871439 * filterOff * HeaderCompressionOff * LZMA + 436.609357265956 * mtOff * HeaderCompressionOff + 282.616755643364 * BZip2 * HeaderCompressionOff + 54.0615410483913 * filterOff * LZMA;4.03670178062593;4.03670178062593;4.03670178062593;4.03670178062593;0.943629;18;54.0615410483913 * filterOff * LZMA;2;0.0211178489149462;
Elapsed=00:00:00.9439935
Learning progress:
1;8292.5 * CompressionMethod + -4541.01851851852 * x_0;33.895211940399;33.895211940399;33.895211940399;33.895211940399;0.004835;2;-4541.01851851852 * x_0;1;36.2316807165768;
2;7759.94871794871 * CompressionMethod + -4481.84615384615 * x_0 + 2130.20512820513 * BZip2;24.9164621132234;24.9164621132234;24.9164621132234;24.9164621132234;0.015919;3;2130.20512820513 * BZip2;1;8.97874982717562;
3;7844.89361702127 * CompressionMethod + -4184.5390070922 * x_0 + 1790.42553191489 * BZip2 + -1380.35460992908 * PPMd;19.5423564790085;19.5423564790085;19.5423564790085;19.5423564790085;0.036005;4;-1380.35460992908 * PPMd;1;5.37410563421486;
4;9023.33333333333 * CompressionMethod + -5598.66666666667 * x_0 + 2615.33333333333 * BZip2 + -1144.66666666666 * PPMd + -5538.66666666666 * x_2;17.2087450162252;17.2087450162252;17.2087450162252;17.2087450162252;0.067113;5;-5538.66666666666 * x_2;1;2.33361146278335;
5;19820 * CompressionMethod + -16395.3333333333 * x_0 + 2615.33333333333 * BZip2 + -1144.66666666666 * PPMd + -16335.3333333333 * x_2 + -16195 * x_4;11.0261597691827;11.0261597691827;11.0261597691827;11.0261597691827;0.109131;6;-16195 * x_4;1;6.18258524704248;
6;19272.3076923077 * CompressionMethod + -16322.3076923077 * x_0 + 2542.3076923077 * BZip2 + -1217.69230769229 * PPMd + -15714.6153846154 * x_2 + -16195 * x_4 + 547.692307692307 * Files_0;8.44336348166788;8.44336348166788;8.44336348166788;8.44336348166788;0.164062;7;547.692307692307 * Files_0;1;2.58279628751482;
7;19331.1111111111 * CompressionMethod + -16381.1111111111 * x_0 + 2537.40740740741 * BZip2 + -1222.59259259258 * PPMd + -15768.5185185186 * x_2 + -16195 * x_4 + 488.888888888884 * Files_0 + 127.407407407411 * filterOff;7.22636349284716;7.22636349284716;7.22636349284716;7.22636349284716;0.23806;8;127.407407407411 * filterOff;1;1.21699998882072;
8;19322.1436464088 * CompressionMethod + -16372.1436464088 * x_0 + 2497.80110497238 * BZip2 + -1221.84530386741 * PPMd + -15719.9447513812 * x_2 + -16195 * x_4 + 497.856353591155 * Files_0 + 269.392265193373 * filterOff + -242.121546961335 * filterOff * HeaderCompressionOff;5.69256269688954;5.69256269688954;5.69256269688954;5.69256269688954;0.333172;10;-242.121546961335 * filterOff * HeaderCompressionOff;2;0.76690039797881;
9;19270.6432748538 * CompressionMethod + -16320.6432748538 * x_0 + 2498.81091617933 * BZip2 + -1446.02339181286 * PPMd + -15669.4541910331 * x_2 + -16195 * x_4 + 549.3567251462 * Files_0 + 170.935672514627 * filterOff + -261.812865497088 * filterOff * HeaderCompressionOff + 456.939571150103 * PPMd * filterOff;4.18846029245647;4.18846029245647;4.18846029245647;4.18846029245647;0.454437;12;456.939571150103 * PPMd * filterOff;2;0.752051202216531;
10;19246.8847989093 * CompressionMethod + -16296.8847989093 * x_0 + 2720.55669166099 * BZip2 + -1469.78186775733 * PPMd + -15867.4414905703 * x_2 + -16195 * x_4 + 573.115201090676 * Files_0 + 143.217450579408 * filterOff + -297.450579413788 * filterOff * HeaderCompressionOff + 508.416269029778 * PPMd * filterOff + -451.411042944789 * BZip2 * mtOff;3.71111187901927;3.71111187901927;3.71111187901927;3.71111187901927;0.604115;14;-451.411042944789 * BZip2 * mtOff;2;0.238674206718603;
11;19276.0213776722 * CompressionMethod + -16326.0213776722 * x_0 + 2732.18378859858 * BZip2 + -1477.36638954869 * PPMd + -15908.2051662708 * x_2 + -16195 * x_4 + 543.978622327763 * Files_0 + 169.049881235153 * filterOff + -351.668646080768 * filterOff * HeaderCompressionOff + 518.72921615203 * PPMd * filterOff + -460.872921615201 * BZip2 * mtOff + 55.0816508313608 * HeaderCompressionOff;3.37527948305571;3.37527948305571;3.37527948305571;3.37527948305571;0.788761;15;55.0816508313608 * HeaderCompressionOff;1;0.335832395963555;
12;19315.0622406639 * CompressionMethod + -16365.0622406639 * x_0 + 2866.9398340249 * BZip2 + -1452.51037344398 * PPMd + -16082.0020746888 * x_2 + -16195 * x_4 + 504.937759336085 * Files_0 + 260.145228215762 * filterOff + -403.983402489634 * filterOff * HeaderCompressionOff + 462.510373444002 * PPMd * filterOff + -520.995850622414 * BZip2 * mtOff + 76.358921161825 * HeaderCompressionOff + -219.149377593362 * BZip2 * filterOff;2.72870787369023;2.72870787369023;2.72870787369023;2.72870787369023;1.007346;17;-219.149377593362 * BZip2 * filterOff;2;0.323285804682744;
13;19372.5622406639 * CompressionMethod + -16365.0622406639 * x_0 + 2866.9398340249 * BZip2 + -1452.51037344398 * PPMd + -16139.5020746888 * x_2 + -16252.5 * x_4 + 562.43775933611 * Files_0 + 260.145228215762 * filterOff + -403.983402489634 * filterOff * HeaderCompressionOff + 462.510373443996 * PPMd * filterOff + -520.995850622431 * BZip2 * mtOff + 76.3589211618158 * HeaderCompressionOff + -219.149377593363 * BZip2 * filterOff + -114.999999999989 * BlockSize_1;2.59454534113722;2.59454534113722;2.59454534113722;2.59454534113722;1.263911;18;-114.999999999989 * BlockSize_1;1;0.134162532553005;
14;19360.6707317074 * CompressionMethod + -16353.1707317073 * x_0 + 2830.6707317073 * BZip2 + -1450.52845528455 * PPMd + -16091.3414634147 * x_2 + -16252.5 * x_4 + 574.329268292668 * Files_0 + 264.241192411912 * filterOff + -407.154471544731 * filterOff * HeaderCompressionOff + 460.528455284565 * PPMd * filterOff + -521.788617886167 * BZip2 * mtOff + 55.5487804878099 * HeaderCompressionOff + -222.452574525723 * BZip2 * filterOff + -115 * BlockSize_1 + 95.5284552845665 * BZip2 * HeaderCompressionOff;2.4778312828997;2.4778312828997;2.4778312828997;2.4778312828997;1.561233;20;95.5284552845665 * BZip2 * HeaderCompressionOff;2;0.0583570291187625;
Elapsed=00:00:01.5616443
Learning progress:
1;5325.2 * CompressionMethod + -3040.2 * PPMd;29.3022049871155;29.3022049871155;29.3022049871155;29.3022049871155;0.005326;2;-3040.2 * PPMd;1;74.7850266030949;
2;5865.26315789473 * CompressionMethod + -3580.26315789474 * PPMd + -2250.26315789474 * LZMA2;21.234610452715;21.234610452715;21.234610452715;21.234610452715;0.014901;3;-2250.26315789474 * LZMA2;1;8.06759453440047;
3;4530 * CompressionMethod + -3737.35294117647 * PPMd + -2407.35294117647 * LZMA2 + 1492.35294117646 * BlockSize_1;16.8494489543701;16.8494489543701;16.8494489543701;16.8494489543701;0.033964;4;1492.35294117646 * BlockSize_1;1;4.38516149834492;
4;4530 * CompressionMethod + -3989.01960784314 * PPMd + -2407.35294117647 * LZMA2 + 1492.35294117647 * BlockSize_1 + 503.333333333336 * PPMd * filterOff;14.7413701459237;14.7413701459237;14.7413701459237;14.7413701459237;0.06725;6;503.333333333336 * PPMd * filterOff;2;1.0540394042232;
5;4529.99999999999 * CompressionMethod + -3989.01960784314 * PPMd + -2645.68627450981 * LZMA2 + 1492.35294117647 * BlockSize_1 + 503.333333333333 * PPMd * filterOff + 476.666666666662 * LZMA2 * mtOff;13.1322999070459;13.1322999070459;13.1322999070459;13.1322999070459;0.114578;8;476.666666666662 * LZMA2 * mtOff;2;0.804535119438905;
6;4530 * CompressionMethod + -3989.01960784314 * PPMd + -2645.68627450981 * LZMA2 + 1492.35294117647 * BlockSize_1 + 426.666666666674 * PPMd * filterOff + 476.666666666658 * LZMA2 * mtOff + 230.000000000004 * PPMd * filterOff * mtOff;12.4276430443007;12.4276430443007;12.4276430443007;12.4276430443007;0.180141;11;230.000000000004 * PPMd * filterOff * mtOff;3;0.234885620915068;
7;2960 * CompressionMethod + -3989.01960784314 * PPMd + -2645.68627450981 * LZMA2 + 3062.35294117647 * BlockSize_1 + 426.666666666662 * PPMd * filterOff + 476.666666666666 * LZMA2 * mtOff + 229.999999999997 * PPMd * filterOff * mtOff + 3140 * x_2;12.3271068512712;12.3271068512712;12.3271068512712;12.3271068512712;0.27368;12;3140 * x_2;1;0.100536193029434;
8;3770.58823529413 * CompressionMethod + -3989.01960784314 * PPMd + -2645.68627450981 * LZMA2 + 2251.76470588235 * BlockSize_1 + 426.666666666664 * PPMd * filterOff + 476.666666666664 * LZMA2 * mtOff + 229.999999999995 * PPMd * filterOff * mtOff + 2329.41176470589 * x_2 + -810.588235294115 * Files_50;9.88269745212289;9.88269745212289;9.88269745212289;9.88269745212289;0.387356;13;-810.588235294115 * Files_50;1;2.44440939914835;
9;3770.58823529412 * CompressionMethod + -3989.01960784313 * PPMd + -1322.8431372549 * LZMA2 + 2251.76470588235 * BlockSize_1 + 426.666666666671 * PPMd * filterOff + 476.666666666669 * LZMA2 * mtOff + 229.999999999998 * PPMd * filterOff * mtOff + 2329.41176470589 * x_2 + -810.588235294118 * Files_50 + -1322.8431372549 * BlockSize_1 * LZMA2;9.8826974521227;9.8826974521227;9.8826974521227;9.8826974521227;0.52726;15;-1322.8431372549 * BlockSize_1 * LZMA2;2;9.2370555648813E-14;
Elapsed=00:00:00.5276215
Learning progress:
1;10466 * CompressionMethod + -6749.33333333333 * x_0;25.6434749926452;25.6434749926452;25.6434749926452;25.6434749926452;0.0035;2;-6749.33333333333 * x_0;1;28.7222688895711;
2;10466 * CompressionMethod + -6340.28571428572 * x_0 + -1840.71428571428 * PPMd;17.6951633935293;17.6951633935293;17.6951633935293;17.6951633935293;0.017811;3;-1840.71428571428 * PPMd;1;7.94831159911593;
3;10189.9438202247 * CompressionMethod + -6458.59550561798 * x_0 + -1446.34831460674 * PPMd + 1380.28089887641 * BZip2;9.69920804418522;9.69920804418522;9.69920804418522;9.69920804418522;0.040391;4;1380.28089887641 * BZip2;1;7.99595534934403;
4;7662.90780141844 * CompressionMethod + -4068.1560283688 * x_0 + -1309.75177304964 * PPMd + 1858.36879432624 * BZip2 + 12157.0921985816 * x_10;8.21037349286229;8.21037349286229;8.21037349286229;8.21037349286229;0.074821;5;12157.0921985816 * x_10;1;1.48883455132293;
5;7667.47181964573 * CompressionMethod + -4159.43639291465 * x_0 + -1330.28985507247 * PPMd + 1840.11272141707 * BZip2 + 12152.5281803543 * x_10 + 214.508856682765 * mtOff;6.57926481277824;6.57926481277824;6.57926481277824;6.57926481277824;0.123769;6;214.508856682765 * mtOff;1;1.63110868008405;
6;7667.47181964573 * CompressionMethod + -4159.43639291465 * x_0 + -1330.28985507246 * PPMd + 1840.11272141707 * BZip2 + 12152.5281803543 * x_10 + 202.008856682771 * mtOff + 37.4999999999978 * mtOff * HeaderCompressionOff;6.45036034710215;6.45036034710215;6.45036034710215;6.45036034710215;0.192616;8;37.4999999999978 * mtOff * HeaderCompressionOff;2;0.0644522328380455;
Elapsed=00:00:00.1928967
Learning progress:
1;3694.4 * CompressionMethod + 2490.6 * BZip2;19.7985346220913;19.7985346220913;19.7985346220913;19.7985346220913;0.003478;2;2490.6 * BZip2;1;26.5429972994566;
2;3694.4 * CompressionMethod + 2580.6 * BZip2 + -270.000000000004 * BZip2 * mtOff;19.5746123942492;19.5746123942492;19.5746123942492;19.5746123942492;0.011119;4;-270.000000000004 * BZip2 * mtOff;2;0.111961113921042;
Elapsed=00:00:00.0113205
Learning progress:
1;10466 * CompressionMethod + -6729.84615384615 * x_0;40.8444836652728;40.8444836652728;40.8444836652728;40.8444836652728;0.004202;2;-6729.84615384615 * x_0;1;55.6068964378054;
2;10163.2909379968 * CompressionMethod + -6718.20349761526 * x_0 + 1513.5453100159 * BZip2;27.5872970724681;27.5872970724681;27.5872970724681;27.5872970724681;0.018815;3;1513.5453100159 * BZip2;1;13.2571865928048;
3;11557.5 * CompressionMethod + -8377.9761904762 * x_0 + 2894.4761904762 * BZip2 + -8351.97619047621 * x_2;17.2063922449003;17.2063922449003;17.2063922449003;17.2063922449003;0.042084;4;-8351.97619047621 * x_2;1;10.3809048275678;
4;11557.5 * CompressionMethod + -8068.16666666667 * x_0 + 2584.66666666668 * BZip2 + -8042.16666666669 * x_2 + -1084.33333333333 * PPMd;11.2623825181136;11.2623825181136;11.2623825181136;11.2623825181136;0.07507;5;-1084.33333333333 * PPMd;1;5.94400972678664;
5;11557.5 * CompressionMethod + -8192.47101449275 * x_0 + 2584.66666666667 * BZip2 + -8042.16666666666 * x_2 + -1167.20289855072 * PPMd + 310.76086956521 * filterOff;8.94109016866813;8.94109016866813;8.94109016866813;8.94109016866813;0.122795;6;310.76086956521 * filterOff;1;2.32129234944547;
6;11557.5 * CompressionMethod + -8236.98973675055 * x_0 + 2596.26927983301 * BZip2 + -8053.76927983298 * x_2 + -1177.54435811202 * PPMd + 306.031543546324 * filterOff + 87.0195987475289 * mtOff;7.39257935776421;7.39257935776421;7.39257935776421;7.39257935776421;0.186569;7;87.0195987475289 * mtOff;1;1.54851081090392;
7;11557.5 * CompressionMethod + -8241.85961585021 * x_0 + 2606.33483980308 * BZip2 + -8063.83483980307 * x_2 + -1164.015010895 * PPMd + 365.413203131304 * filterOff + 88.5800177548154 * mtOff + -147.862561536612 * filterOff * HeaderCompressionOff;6.78311836061099;6.78311836061099;6.78311836061099;6.78311836061099;0.272523;9;-147.862561536612 * filterOff * HeaderCompressionOff;2;0.304730498576614;
8;11557.5 * CompressionMethod + -8242.16174382277 * x_0 + 2581.79380857711 * BZip2 + -8039.29380857712 * x_2 + -1205.11814825332 * PPMd + 367.898892360124 * filterOff + 111.445612042031 * mtOff + -74.3493325759797 * filterOff * HeaderCompressionOff + -340.333428003386 * filterOff * HeaderCompressionOff * LZMA;5.40016398234665;5.40016398234665;5.40016398234665;5.40016398234665;0.387436;12;-340.333428003386 * filterOff * HeaderCompressionOff * LZMA;3;0.46098479275478;
9;11557.5 * CompressionMethod + -8275.30062702586 * x_0 + 2685.65226632659 * BZip2 + -8143.15226632659 * x_2 + -1200.55157022158 * PPMd + 480.790690259837 * filterOff + -56.3698921302988 * mtOff + -318.099792762645 * filterOff * HeaderCompressionOff + -447.835166586943 * filterOff * HeaderCompressionOff * LZMA + 439.314788245915 * mtOff * HeaderCompressionOff;4.31841710478109;4.31841710478109;4.31841710478109;4.31841710478109;0.534285;14;439.314788245915 * mtOff * HeaderCompressionOff;2;0.540873438782778;
10;11557.5 * CompressionMethod + -8292.05381287183 * x_0 + 2581.03623580313 * BZip2 + -8038.53623580315 * x_2 + -1193.92644672795 * PPMd + 489.517577068686 * filterOff + -19.4824229313191 * mtOff + -375.715521903746 * filterOff * HeaderCompressionOff + -415.851811790138 * filterOff * HeaderCompressionOff * LZMA + 436.085992428329 * mtOff * HeaderCompressionOff + 286.616549486222 * BZip2 * HeaderCompressionOff;4.07893747845583;4.07893747845583;4.07893747845583;4.07893747845583;0.717419;16;286.616549486222 * BZip2 * HeaderCompressionOff;2;0.119739813162632;
Elapsed=00:00:00.7177702
Learning progress:
1;8292.5 * CompressionMethod + -4541.01851851852 * x_0;33.895211940399;33.895211940399;33.895211940399;33.895211940399;0.003981;2;-4541.01851851852 * x_0;1;36.2316807165768;
2;7759.94871794871 * CompressionMethod + -4481.84615384615 * x_0 + 2130.20512820513 * BZip2;24.9164621132234;24.9164621132234;24.9164621132234;24.9164621132234;0.017401;3;2130.20512820513 * BZip2;1;8.97874982717562;
3;7844.89361702127 * CompressionMethod + -4184.5390070922 * x_0 + 1790.42553191489 * BZip2 + -1380.35460992908 * PPMd;19.5423564790085;19.5423564790085;19.5423564790085;19.5423564790085;0.038344;4;-1380.35460992908 * PPMd;1;5.37410563421486;
4;9023.33333333333 * CompressionMethod + -5598.66666666667 * x_0 + 2615.33333333333 * BZip2 + -1144.66666666666 * PPMd + -5538.66666666666 * x_2;17.2087450162252;17.2087450162252;17.2087450162252;17.2087450162252;0.067663;5;-5538.66666666666 * x_2;1;2.33361146278335;
5;19820 * CompressionMethod + -16395.3333333333 * x_0 + 2615.33333333333 * BZip2 + -1144.66666666666 * PPMd + -16335.3333333333 * x_2 + -16195 * x_4;11.0261597691827;11.0261597691827;11.0261597691827;11.0261597691827;0.110258;6;-16195 * x_4;1;6.18258524704248;
6;19272.3076923077 * CompressionMethod + -16322.3076923077 * x_0 + 2542.3076923077 * BZip2 + -1217.69230769229 * PPMd + -15714.6153846154 * x_2 + -16195 * x_4 + 547.692307692307 * Files_0;8.44336348166788;8.44336348166788;8.44336348166788;8.44336348166788;0.165039;7;547.692307692307 * Files_0;1;2.58279628751482;
7;19331.1111111111 * CompressionMethod + -16381.1111111111 * x_0 + 2537.40740740741 * BZip2 + -1222.59259259258 * PPMd + -15768.5185185186 * x_2 + -16195 * x_4 + 488.888888888884 * Files_0 + 127.407407407411 * filterOff;7.22636349284716;7.22636349284716;7.22636349284716;7.22636349284716;0.239391;8;127.407407407411 * filterOff;1;1.21699998882072;
8;19322.1436464088 * CompressionMethod + -16372.1436464088 * x_0 + 2497.80110497238 * BZip2 + -1221.84530386741 * PPMd + -15719.9447513812 * x_2 + -16195 * x_4 + 497.856353591155 * Files_0 + 269.392265193373 * filterOff + -242.121546961335 * filterOff * HeaderCompressionOff;5.69256269688954;5.69256269688954;5.69256269688954;5.69256269688954;0.33417;10;-242.121546961335 * filterOff * HeaderCompressionOff;2;0.76690039797881;
9;19270.6432748538 * CompressionMethod + -16320.6432748538 * x_0 + 2498.81091617933 * BZip2 + -1446.02339181286 * PPMd + -15669.4541910331 * x_2 + -16195 * x_4 + 549.3567251462 * Files_0 + 170.935672514627 * filterOff + -261.812865497088 * filterOff * HeaderCompressionOff + 456.939571150103 * PPMd * filterOff;4.18846029245647;4.18846029245647;4.18846029245647;4.18846029245647;0.455954;12;456.939571150103 * PPMd * filterOff;2;0.752051202216531;
10;19246.8847989093 * CompressionMethod + -16296.8847989093 * x_0 + 2720.55669166099 * BZip2 + -1469.78186775733 * PPMd + -15867.4414905703 * x_2 + -16195 * x_4 + 573.115201090676 * Files_0 + 143.217450579408 * filterOff + -297.450579413788 * filterOff * HeaderCompressionOff + 508.416269029778 * PPMd * filterOff + -451.411042944789 * BZip2 * mtOff;3.71111187901927;3.71111187901927;3.71111187901927;3.71111187901927;0.609038;14;-451.411042944789 * BZip2 * mtOff;2;0.238674206718603;
11;19276.0213776722 * CompressionMethod + -16326.0213776722 * x_0 + 2732.18378859858 * BZip2 + -1477.36638954869 * PPMd + -15908.2051662708 * x_2 + -16195 * x_4 + 543.978622327763 * Files_0 + 169.049881235153 * filterOff + -351.668646080768 * filterOff * HeaderCompressionOff + 518.72921615203 * PPMd * filterOff + -460.872921615201 * BZip2 * mtOff + 55.0816508313608 * HeaderCompressionOff;3.37527948305571;3.37527948305571;3.37527948305571;3.37527948305571;0.799867;15;55.0816508313608 * HeaderCompressionOff;1;0.335832395963555;
12;19315.0622406639 * CompressionMethod + -16365.0622406639 * x_0 + 2866.9398340249 * BZip2 + -1452.51037344398 * PPMd + -16082.0020746888 * x_2 + -16195 * x_4 + 504.937759336085 * Files_0 + 260.145228215762 * filterOff + -403.983402489634 * filterOff * HeaderCompressionOff + 462.510373444002 * PPMd * filterOff + -520.995850622414 * BZip2 * mtOff + 76.358921161825 * HeaderCompressionOff + -219.149377593362 * BZip2 * filterOff;2.72870787369023;2.72870787369023;2.72870787369023;2.72870787369023;1.020619;17;-219.149377593362 * BZip2 * filterOff;2;0.323285804682744;
13;19372.5622406639 * CompressionMethod + -16365.0622406639 * x_0 + 2866.9398340249 * BZip2 + -1452.51037344398 * PPMd + -16139.5020746888 * x_2 + -16252.5 * x_4 + 562.43775933611 * Files_0 + 260.145228215762 * filterOff + -403.983402489634 * filterOff * HeaderCompressionOff + 462.510373443996 * PPMd * filterOff + -520.995850622431 * BZip2 * mtOff + 76.3589211618158 * HeaderCompressionOff + -219.149377593363 * BZip2 * filterOff + -114.999999999989 * BlockSize_1;2.59454534113722;2.59454534113722;2.59454534113722;2.59454534113722;1.279377;18;-114.999999999989 * BlockSize_1;1;0.134162532553005;
Elapsed=00:00:01.2797867
Learning progress:
1;5325.2 * CompressionMethod + -3040.2 * PPMd;29.3022049871155;29.3022049871155;29.3022049871155;29.3022049871155;0.003894;2;-3040.2 * PPMd;1;74.7850266030949;
2;5865.26315789473 * CompressionMethod + -3580.26315789474 * PPMd + -2250.26315789474 * LZMA2;21.234610452715;21.234610452715;21.234610452715;21.234610452715;0.015296;3;-2250.26315789474 * LZMA2;1;8.06759453440047;
3;4530 * CompressionMethod + -3737.35294117647 * PPMd + -2407.35294117647 * LZMA2 + 1492.35294117646 * BlockSize_1;16.8494489543701;16.8494489543701;16.8494489543701;16.8494489543701;0.034425;4;1492.35294117646 * BlockSize_1;1;4.38516149834492;
4;4530 * CompressionMethod + -3989.01960784314 * PPMd + -2407.35294117647 * LZMA2 + 1492.35294117647 * BlockSize_1 + 503.333333333336 * PPMd * filterOff;14.7413701459237;14.7413701459237;14.7413701459237;14.7413701459237;0.06887;6;503.333333333336 * PPMd * filterOff;2;1.0540394042232;
5;4529.99999999999 * CompressionMethod + -3989.01960784314 * PPMd + -2645.68627450981 * LZMA2 + 1492.35294117647 * BlockSize_1 + 503.333333333333 * PPMd * filterOff + 476.666666666662 * LZMA2 * mtOff;13.1322999070459;13.1322999070459;13.1322999070459;13.1322999070459;0.116481;8;476.666666666662 * LZMA2 * mtOff;2;0.804535119438905;
6;4530 * CompressionMethod + -3989.01960784314 * PPMd + -2645.68627450981 * LZMA2 + 1492.35294117647 * BlockSize_1 + 426.666666666674 * PPMd * filterOff + 476.666666666658 * LZMA2 * mtOff + 230.000000000004 * PPMd * filterOff * mtOff;12.4276430443007;12.4276430443007;12.4276430443007;12.4276430443007;0.184727;11;230.000000000004 * PPMd * filterOff * mtOff;3;0.234885620915068;
7;2960 * CompressionMethod + -3989.01960784314 * PPMd + -2645.68627450981 * LZMA2 + 3062.35294117647 * BlockSize_1 + 426.666666666662 * PPMd * filterOff + 476.666666666666 * LZMA2 * mtOff + 229.999999999997 * PPMd * filterOff * mtOff + 3140 * x_2;12.3271068512712;12.3271068512712;12.3271068512712;12.3271068512712;0.276381;12;3140 * x_2;1;0.100536193029434;
Elapsed=00:00:00.2766816
Learning progress:
1;10466 * CompressionMethod + -6749.33333333333 * x_0;25.6434749926452;25.6434749926452;25.6434749926452;25.6434749926452;0.003507;2;-6749.33333333333 * x_0;1;28.7222688895711;
2;10466 * CompressionMethod + -6340.28571428572 * x_0 + -1840.71428571428 * PPMd;17.6951633935293;17.6951633935293;17.6951633935293;17.6951633935293;0.018064;3;-1840.71428571428 * PPMd;1;7.94831159911593;
3;10189.9438202247 * CompressionMethod + -6458.59550561798 * x_0 + -1446.34831460674 * PPMd + 1380.28089887641 * BZip2;9.69920804418522;9.69920804418522;9.69920804418522;9.69920804418522;0.040802;4;1380.28089887641 * BZip2;1;7.99595534934403;
4;7662.90780141844 * CompressionMethod + -4068.1560283688 * x_0 + -1309.75177304964 * PPMd + 1858.36879432624 * BZip2 + 12157.0921985816 * x_10;8.21037349286229;8.21037349286229;8.21037349286229;8.21037349286229;0.076597;5;12157.0921985816 * x_10;1;1.48883455132293;
5;7667.47181964573 * CompressionMethod + -4159.43639291465 * x_0 + -1330.28985507247 * PPMd + 1840.11272141707 * BZip2 + 12152.5281803543 * x_10 + 214.508856682765 * mtOff;6.57926481277824;6.57926481277824;6.57926481277824;6.57926481277824;0.126719;6;214.508856682765 * mtOff;1;1.63110868008405;
6;7667.47181964573 * CompressionMethod + -4159.43639291465 * x_0 + -1330.28985507246 * PPMd + 1840.11272141707 * BZip2 + 12152.5281803543 * x_10 + 202.008856682771 * mtOff + 37.4999999999978 * mtOff * HeaderCompressionOff;6.45036034710215;6.45036034710215;6.45036034710215;6.45036034710215;0.194729;8;37.4999999999978 * mtOff * HeaderCompressionOff;2;0.0644522328380455;
Elapsed=00:00:00.1950406
Learning progress:
1;3694.4 * CompressionMethod + 2490.6 * BZip2;19.7985346220913;19.7985346220913;19.7985346220913;19.7985346220913;0.003278;2;2490.6 * BZip2;1;26.5429972994566;
2;3694.4 * CompressionMethod + 2580.6 * BZip2 + -270.000000000004 * BZip2 * mtOff;19.5746123942492;19.5746123942492;19.5746123942492;19.5746123942492;0.011847;4;-270.000000000004 * BZip2 * mtOff;2;0.111961113921042;
Elapsed=00:00:00.0120407
Learning progress:
1;10466 * CompressionMethod + -6729.84615384615 * x_0;40.8444836652728;40.8444836652728;40.8444836652728;40.8444836652728;0.003479;2;-6729.84615384615 * x_0;1;55.6068964378054;
2;10163.2909379968 * CompressionMethod + -6718.20349761526 * x_0 + 1513.5453100159 * BZip2;27.5872970724681;27.5872970724681;27.5872970724681;27.5872970724681;0.017736;3;1513.5453100159 * BZip2;1;13.2571865928048;
3;11557.5 * CompressionMethod + -8377.9761904762 * x_0 + 2894.4761904762 * BZip2 + -8351.97619047621 * x_2;17.2063922449003;17.2063922449003;17.2063922449003;17.2063922449003;0.041197;4;-8351.97619047621 * x_2;1;10.3809048275678;
4;11557.5 * CompressionMethod + -8068.16666666667 * x_0 + 2584.66666666668 * BZip2 + -8042.16666666669 * x_2 + -1084.33333333333 * PPMd;11.2623825181136;11.2623825181136;11.2623825181136;11.2623825181136;0.075096;5;-1084.33333333333 * PPMd;1;5.94400972678664;
5;11557.5 * CompressionMethod + -8192.47101449275 * x_0 + 2584.66666666667 * BZip2 + -8042.16666666666 * x_2 + -1167.20289855072 * PPMd + 310.76086956521 * filterOff;8.94109016866813;8.94109016866813;8.94109016866813;8.94109016866813;0.121616;6;310.76086956521 * filterOff;1;2.32129234944547;
6;11557.5 * CompressionMethod + -8236.98973675055 * x_0 + 2596.26927983301 * BZip2 + -8053.76927983298 * x_2 + -1177.54435811202 * PPMd + 306.031543546324 * filterOff + 87.0195987475289 * mtOff;7.39257935776421;7.39257935776421;7.39257935776421;7.39257935776421;0.187553;7;87.0195987475289 * mtOff;1;1.54851081090392;
7;11557.5 * CompressionMethod + -8241.85961585021 * x_0 + 2606.33483980308 * BZip2 + -8063.83483980307 * x_2 + -1164.015010895 * PPMd + 365.413203131304 * filterOff + 88.5800177548154 * mtOff + -147.862561536612 * filterOff * HeaderCompressionOff;6.78311836061099;6.78311836061099;6.78311836061099;6.78311836061099;0.272611;9;-147.862561536612 * filterOff * HeaderCompressionOff;2;0.304730498576614;
Elapsed=00:00:00.2729079
Learning progress:
1;8292.5 * CompressionMethod + -4541.01851851852 * x_0;33.895211940399;33.895211940399;33.895211940399;33.895211940399;0.003185;2;-4541.01851851852 * x_0;1;36.2316807165768;
2;7759.94871794871 * CompressionMethod + -4481.84615384615 * x_0 + 2130.20512820513 * BZip2;24.9164621132234;24.9164621132234;24.9164621132234;24.9164621132234;0.014298;3;2130.20512820513 * BZip2;1;8.97874982717562;
3;7844.89361702127 * CompressionMethod + -4184.5390070922 * x_0 + 1790.42553191489 * BZip2 + -1380.35460992908 * PPMd;19.5423564790085;19.5423564790085;19.5423564790085;19.5423564790085;0.034217;4;-1380.35460992908 * PPMd;1;5.37410563421486;
4;9023.33333333333 * CompressionMethod + -5598.66666666667 * x_0 + 2615.33333333333 * BZip2 + -1144.66666666666 * PPMd + -5538.66666666666 * x_2;17.2087450162252;17.2087450162252;17.2087450162252;17.2087450162252;0.064379;5;-5538.66666666666 * x_2;1;2.33361146278335;
5;19820 * CompressionMethod + -16395.3333333333 * x_0 + 2615.33333333333 * BZip2 + -1144.66666666666 * PPMd + -16335.3333333333 * x_2 + -16195 * x_4;11.0261597691827;11.0261597691827;11.0261597691827;11.0261597691827;0.105259;6;-16195 * x_4;1;6.18258524704248;
6;19272.3076923077 * CompressionMethod + -16322.3076923077 * x_0 + 2542.3076923077 * BZip2 + -1217.69230769229 * PPMd + -15714.6153846154 * x_2 + -16195 * x_4 + 547.692307692307 * Files_0;8.44336348166788;8.44336348166788;8.44336348166788;8.44336348166788;0.161513;7;547.692307692307 * Files_0;1;2.58279628751482;
7;19331.1111111111 * CompressionMethod + -16381.1111111111 * x_0 + 2537.40740740741 * BZip2 + -1222.59259259258 * PPMd + -15768.5185185186 * x_2 + -16195 * x_4 + 488.888888888884 * Files_0 + 127.407407407411 * filterOff;7.22636349284716;7.22636349284716;7.22636349284716;7.22636349284716;0.238153;8;127.407407407411 * filterOff;1;1.21699998882072;
8;19322.1436464088 * CompressionMethod + -16372.1436464088 * x_0 + 2497.80110497238 * BZip2 + -1221.84530386741 * PPMd + -15719.9447513812 * x_2 + -16195 * x_4 + 497.856353591155 * Files_0 + 269.392265193373 * filterOff + -242.121546961335 * filterOff * HeaderCompressionOff;5.69256269688954;5.69256269688954;5.69256269688954;5.69256269688954;0.329672;10;-242.121546961335 * filterOff * HeaderCompressionOff;2;0.76690039797881;
9;19270.6432748538 * CompressionMethod + -16320.6432748538 * x_0 + 2498.81091617933 * BZip2 + -1446.02339181286 * PPMd + -15669.4541910331 * x_2 + -16195 * x_4 + 549.3567251462 * Files_0 + 170.935672514627 * filterOff + -261.812865497088 * filterOff * HeaderCompressionOff + 456.939571150103 * PPMd * filterOff;4.18846029245647;4.18846029245647;4.18846029245647;4.18846029245647;0.455002;12;456.939571150103 * PPMd * filterOff;2;0.752051202216531;
10;19246.8847989093 * CompressionMethod + -16296.8847989093 * x_0 + 2720.55669166099 * BZip2 + -1469.78186775733 * PPMd + -15867.4414905703 * x_2 + -16195 * x_4 + 573.115201090676 * Files_0 + 143.217450579408 * filterOff + -297.450579413788 * filterOff * HeaderCompressionOff + 508.416269029778 * PPMd * filterOff + -451.411042944789 * BZip2 * mtOff;3.71111187901927;3.71111187901927;3.71111187901927;3.71111187901927;0.607639;14;-451.411042944789 * BZip2 * mtOff;2;0.238674206718603;
Elapsed=00:00:00.6080090
Learning progress:
1;5325.2 * CompressionMethod + -3040.2 * PPMd;29.3022049871155;29.3022049871155;29.3022049871155;29.3022049871155;0.003337;2;-3040.2 * PPMd;1;74.7850266030949;
2;5865.26315789473 * CompressionMethod + -3580.26315789474 * PPMd + -2250.26315789474 * LZMA2;21.234610452715;21.234610452715;21.234610452715;21.234610452715;0.016216;3;-2250.26315789474 * LZMA2;1;8.06759453440047;
3;4530 * CompressionMethod + -3737.35294117647 * PPMd + -2407.35294117647 * LZMA2 + 1492.35294117646 * BlockSize_1;16.8494489543701;16.8494489543701;16.8494489543701;16.8494489543701;0.035953;4;1492.35294117646 * BlockSize_1;1;4.38516149834492;
4;4530 * CompressionMethod + -3989.01960784314 * PPMd + -2407.35294117647 * LZMA2 + 1492.35294117647 * BlockSize_1 + 503.333333333336 * PPMd * filterOff;14.7413701459237;14.7413701459237;14.7413701459237;14.7413701459237;0.070857;6;503.333333333336 * PPMd * filterOff;2;1.0540394042232;
5;4529.99999999999 * CompressionMethod + -3989.01960784314 * PPMd + -2645.68627450981 * LZMA2 + 1492.35294117647 * BlockSize_1 + 503.333333333333 * PPMd * filterOff + 476.666666666662 * LZMA2 * mtOff;13.1322999070459;13.1322999070459;13.1322999070459;13.1322999070459;0.11743;8;476.666666666662 * LZMA2 * mtOff;2;0.804535119438905;
6;4530 * CompressionMethod + -3989.01960784314 * PPMd + -2645.68627450981 * LZMA2 + 1492.35294117647 * BlockSize_1 + 426.666666666674 * PPMd * filterOff + 476.666666666658 * LZMA2 * mtOff + 230.000000000004 * PPMd * filterOff * mtOff;12.4276430443007;12.4276430443007;12.4276430443007;12.4276430443007;0.183682;11;230.000000000004 * PPMd * filterOff * mtOff;3;0.234885620915068;
Elapsed=00:00:00.1840006
Learning progress:
1;10466 * CompressionMethod + -6749.33333333333 * x_0;25.6434749926452;25.6434749926452;25.6434749926452;25.6434749926452;0.004554;2;-6749.33333333333 * x_0;1;28.7222688895711;
2;10466 * CompressionMethod + -6340.28571428572 * x_0 + -1840.71428571428 * PPMd;17.6951633935293;17.6951633935293;17.6951633935293;17.6951633935293;0.018973;3;-1840.71428571428 * PPMd;1;7.94831159911593;
3;10189.9438202247 * CompressionMethod + -6458.59550561798 * x_0 + -1446.34831460674 * PPMd + 1380.28089887641 * BZip2;9.69920804418522;9.69920804418522;9.69920804418522;9.69920804418522;0.041396;4;1380.28089887641 * BZip2;1;7.99595534934403;
4;7662.90780141844 * CompressionMethod + -4068.1560283688 * x_0 + -1309.75177304964 * PPMd + 1858.36879432624 * BZip2 + 12157.0921985816 * x_10;8.21037349286229;8.21037349286229;8.21037349286229;8.21037349286229;0.076714;5;12157.0921985816 * x_10;1;1.48883455132293;
5;7667.47181964573 * CompressionMethod + -4159.43639291465 * x_0 + -1330.28985507247 * PPMd + 1840.11272141707 * BZip2 + 12152.5281803543 * x_10 + 214.508856682765 * mtOff;6.57926481277824;6.57926481277824;6.57926481277824;6.57926481277824;0.125375;6;214.508856682765 * mtOff;1;1.63110868008405;
6;7667.47181964573 * CompressionMethod + -4159.43639291465 * x_0 + -1330.28985507246 * PPMd + 1840.11272141707 * BZip2 + 12152.5281803543 * x_10 + 202.008856682771 * mtOff + 37.4999999999978 * mtOff * HeaderCompressionOff;6.45036034710215;6.45036034710215;6.45036034710215;6.45036034710215;0.193502;8;37.4999999999978 * mtOff * HeaderCompressionOff;2;0.0644522328380455;
Elapsed=00:00:00.1937761
Learning progress:
1;3694.4 * CompressionMethod + 2490.6 * BZip2;19.7985346220913;19.7985346220913;19.7985346220913;19.7985346220913;0.003132;2;2490.6 * BZip2;1;26.5429972994566;
2;3694.4 * CompressionMethod + 2580.6 * BZip2 + -270.000000000004 * BZip2 * mtOff;19.5746123942492;19.5746123942492;19.5746123942492;19.5746123942492;0.010853;4;-270.000000000004 * BZip2 * mtOff;2;0.111961113921042;
3;3692.91666666667 * CompressionMethod + 2582.08333333334 * BZip2 + -270 * BZip2 * mtOff + 37.0833333333333 * BlockSize_4096;19.5673478802346;19.5673478802346;19.5673478802346;19.5673478802346;0.027052;5;37.0833333333333 * BlockSize_4096;1;0.00726451401459016;
Elapsed=00:00:00.0272579
Learning progress:
1;10466 * CompressionMethod + -6729.84615384615 * x_0;40.8444836652728;40.8444836652728;40.8444836652728;40.8444836652728;0.003537;2;-6729.84615384615 * x_0;1;55.6068964378054;
2;10163.2909379968 * CompressionMethod + -6718.20349761526 * x_0 + 1513.5453100159 * BZip2;27.5872970724681;27.5872970724681;27.5872970724681;27.5872970724681;0.017459;3;1513.5453100159 * BZip2;1;13.2571865928048;
3;11557.5 * CompressionMethod + -8377.9761904762 * x_0 + 2894.4761904762 * BZip2 + -8351.97619047621 * x_2;17.2063922449003;17.2063922449003;17.2063922449003;17.2063922449003;0.039878;4;-8351.97619047621 * x_2;1;10.3809048275678;
4;11557.5 * CompressionMethod + -8068.16666666667 * x_0 + 2584.66666666668 * BZip2 + -8042.16666666669 * x_2 + -1084.33333333333 * PPMd;11.2623825181136;11.2623825181136;11.2623825181136;11.2623825181136;0.074995;5;-1084.33333333333 * PPMd;1;5.94400972678664;
5;11557.5 * CompressionMethod + -8192.47101449275 * x_0 + 2584.66666666667 * BZip2 + -8042.16666666666 * x_2 + -1167.20289855072 * PPMd + 310.76086956521 * filterOff;8.94109016866813;8.94109016866813;8.94109016866813;8.94109016866813;0.122292;6;310.76086956521 * filterOff;1;2.32129234944547;
6;11557.5 * CompressionMethod + -8236.98973675055 * x_0 + 2596.26927983301 * BZip2 + -8053.76927983298 * x_2 + -1177.54435811202 * PPMd + 306.031543546324 * filterOff + 87.0195987475289 * mtOff;7.39257935776421;7.39257935776421;7.39257935776421;7.39257935776421;0.188524;7;87.0195987475289 * mtOff;1;1.54851081090392;
7;11557.5 * CompressionMethod + -8241.85961585021 * x_0 + 2606.33483980308 * BZip2 + -8063.83483980307 * x_2 + -1164.015010895 * PPMd + 365.413203131304 * filterOff + 88.5800177548154 * mtOff + -147.862561536612 * filterOff * HeaderCompressionOff;6.78311836061099;6.78311836061099;6.78311836061099;6.78311836061099;0.274905;9;-147.862561536612 * filterOff * HeaderCompressionOff;2;0.304730498576614;
8;11557.5 * CompressionMethod + -8242.16174382277 * x_0 + 2581.79380857711 * BZip2 + -8039.29380857712 * x_2 + -1205.11814825332 * PPMd + 367.898892360124 * filterOff + 111.445612042031 * mtOff + -74.3493325759797 * filterOff * HeaderCompressionOff + -340.333428003386 * filterOff * HeaderCompressionOff * LZMA;5.40016398234665;5.40016398234665;5.40016398234665;5.40016398234665;0.388881;12;-340.333428003386 * filterOff * HeaderCompressionOff * LZMA;3;0.46098479275478;
9;11557.5 * CompressionMethod + -8275.30062702586 * x_0 + 2685.65226632659 * BZip2 + -8143.15226632659 * x_2 + -1200.55157022158 * PPMd + 480.790690259837 * filterOff + -56.3698921302988 * mtOff + -318.099792762645 * filterOff * HeaderCompressionOff + -447.835166586943 * filterOff * HeaderCompressionOff * LZMA + 439.314788245915 * mtOff * HeaderCompressionOff;4.31841710478109;4.31841710478109;4.31841710478109;4.31841710478109;0.621356;14;439.314788245915 * mtOff * HeaderCompressionOff;2;0.540873438782778;
10;11557.5 * CompressionMethod + -8292.05381287183 * x_0 + 2581.03623580313 * BZip2 + -8038.53623580315 * x_2 + -1193.92644672795 * PPMd + 489.517577068686 * filterOff + -19.4824229313191 * mtOff + -375.715521903746 * filterOff * HeaderCompressionOff + -415.851811790138 * filterOff * HeaderCompressionOff * LZMA + 436.085992428329 * mtOff * HeaderCompressionOff + 286.616549486222 * BZip2 * HeaderCompressionOff;4.07893747845583;4.07893747845583;4.07893747845583;4.07893747845583;0.845072;16;286.616549486222 * BZip2 * HeaderCompressionOff;2;0.119739813162632;
11;11557.5 * CompressionMethod + -8294.94840052124 * x_0 + 2589.45100676784 * BZip2 + -8046.95100676782 * x_2 + -1184.67253772751 * PPMd + 473.18508554373 * filterOff + -19.5964521417568 * mtOff + -362.42380932365 * filterOff * HeaderCompressionOff + -464.387321871439 * filterOff * HeaderCompressionOff * LZMA + 436.609357265956 * mtOff * HeaderCompressionOff + 282.616755643364 * BZip2 * HeaderCompressionOff + 54.0615410483913 * filterOff * LZMA;4.03670178062593;4.03670178062593;4.03670178062593;4.03670178062593;1.068218;18;54.0615410483913 * filterOff * LZMA;2;0.0211178489149462;
Elapsed=00:00:01.0685871
Learning progress:
1;8292.5 * CompressionMethod + -4541.01851851852 * x_0;33.895211940399;33.895211940399;33.895211940399;33.895211940399;0.003545;2;-4541.01851851852 * x_0;1;36.2316807165768;
2;7759.94871794871 * CompressionMethod + -4481.84615384615 * x_0 + 2130.20512820513 * BZip2;24.9164621132234;24.9164621132234;24.9164621132234;24.9164621132234;0.01753;3;2130.20512820513 * BZip2;1;8.97874982717562;
3;7844.89361702127 * CompressionMethod + -4184.5390070922 * x_0 + 1790.42553191489 * BZip2 + -1380.35460992908 * PPMd;19.5423564790085;19.5423564790085;19.5423564790085;19.5423564790085;0.038085;4;-1380.35460992908 * PPMd;1;5.37410563421486;
4;9023.33333333333 * CompressionMethod + -5598.66666666667 * x_0 + 2615.33333333333 * BZip2 + -1144.66666666666 * PPMd + -5538.66666666666 * x_2;17.2087450162252;17.2087450162252;17.2087450162252;17.2087450162252;0.06982;5;-5538.66666666666 * x_2;1;2.33361146278335;
5;19820 * CompressionMethod + -16395.3333333333 * x_0 + 2615.33333333333 * BZip2 + -1144.66666666666 * PPMd + -16335.3333333333 * x_2 + -16195 * x_4;11.0261597691827;11.0261597691827;11.0261597691827;11.0261597691827;0.110371;6;-16195 * x_4;1;6.18258524704248;
6;19272.3076923077 * CompressionMethod + -16322.3076923077 * x_0 + 2542.3076923077 * BZip2 + -1217.69230769229 * PPMd + -15714.6153846154 * x_2 + -16195 * x_4 + 547.692307692307 * Files_0;8.44336348166788;8.44336348166788;8.44336348166788;8.44336348166788;0.166286;7;547.692307692307 * Files_0;1;2.58279628751482;
7;19331.1111111111 * CompressionMethod + -16381.1111111111 * x_0 + 2537.40740740741 * BZip2 + -1222.59259259258 * PPMd + -15768.5185185186 * x_2 + -16195 * x_4 + 488.888888888884 * Files_0 + 127.407407407411 * filterOff;7.22636349284716;7.22636349284716;7.22636349284716;7.22636349284716;0.239884;8;127.407407407411 * filterOff;1;1.21699998882072;
8;19322.1436464088 * CompressionMethod + -16372.1436464088 * x_0 + 2497.80110497238 * BZip2 + -1221.84530386741 * PPMd + -15719.9447513812 * x_2 + -16195 * x_4 + 497.856353591155 * Files_0 + 269.392265193373 * filterOff + -242.121546961335 * filterOff * HeaderCompressionOff;5.69256269688954;5.69256269688954;5.69256269688954;5.69256269688954;0.335244;10;-242.121546961335 * filterOff * HeaderCompressionOff;2;0.76690039797881;
9;19270.6432748538 * CompressionMethod + -16320.6432748538 * x_0 + 2498.81091617933 * BZip2 + -1446.02339181286 * PPMd + -15669.4541910331 * x_2 + -16195 * x_4 + 549.3567251462 * Files_0 + 170.935672514627 * filterOff + -261.812865497088 * filterOff * HeaderCompressionOff + 456.939571150103 * PPMd * filterOff;4.18846029245647;4.18846029245647;4.18846029245647;4.18846029245647;0.457423;12;456.939571150103 * PPMd * filterOff;2;0.752051202216531;
10;19246.8847989093 * CompressionMethod + -16296.8847989093 * x_0 + 2720.55669166099 * BZip2 + -1469.78186775733 * PPMd + -15867.4414905703 * x_2 + -16195 * x_4 + 573.115201090676 * Files_0 + 143.217450579408 * filterOff + -297.450579413788 * filterOff * HeaderCompressionOff + 508.416269029778 * PPMd * filterOff + -451.411042944789 * BZip2 * mtOff;3.71111187901927;3.71111187901927;3.71111187901927;3.71111187901927;0.610098;14;-451.411042944789 * BZip2 * mtOff;2;0.238674206718603;
11;19276.0213776722 * CompressionMethod + -16326.0213776722 * x_0 + 2732.18378859858 * BZip2 + -1477.36638954869 * PPMd + -15908.2051662708 * x_2 + -16195 * x_4 + 543.978622327763 * Files_0 + 169.049881235153 * filterOff + -351.668646080768 * filterOff * HeaderCompressionOff + 518.72921615203 * PPMd * filterOff + -460.872921615201 * BZip2 * mtOff + 55.0816508313608 * HeaderCompressionOff;3.37527948305571;3.37527948305571;3.37527948305571;3.37527948305571;0.797635;15;55.0816508313608 * HeaderCompressionOff;1;0.335832395963555;
12;19315.0622406639 * CompressionMethod + -16365.0622406639 * x_0 + 2866.9398340249 * BZip2 + -1452.51037344398 * PPMd + -16082.0020746888 * x_2 + -16195 * x_4 + 504.937759336085 * Files_0 + 260.145228215762 * filterOff + -403.983402489634 * filterOff * HeaderCompressionOff + 462.510373444002 * PPMd * filterOff + -520.995850622414 * BZip2 * mtOff + 76.358921161825 * HeaderCompressionOff + -219.149377593362 * BZip2 * filterOff;2.72870787369023;2.72870787369023;2.72870787369023;2.72870787369023;1.016974;17;-219.149377593362 * BZip2 * filterOff;2;0.323285804682744;
13;19372.5622406639 * CompressionMethod + -16365.0622406639 * x_0 + 2866.9398340249 * BZip2 + -1452.51037344398 * PPMd + -16139.5020746888 * x_2 + -16252.5 * x_4 + 562.43775933611 * Files_0 + 260.145228215762 * filterOff + -403.983402489634 * filterOff * HeaderCompressionOff + 462.510373443996 * PPMd * filterOff + -520.995850622431 * BZip2 * mtOff + 76.3589211618158 * HeaderCompressionOff + -219.149377593363 * BZip2 * filterOff + -114.999999999989 * BlockSize_1;2.59454534113722;2.59454534113722;2.59454534113722;2.59454534113722;1.271316;18;-114.999999999989 * BlockSize_1;1;0.134162532553005;
14;19360.6707317074 * CompressionMethod + -16353.1707317073 * x_0 + 2830.6707317073 * BZip2 + -1450.52845528455 * PPMd + -16091.3414634147 * x_2 + -16252.5 * x_4 + 574.329268292668 * Files_0 + 264.241192411912 * filterOff + -407.154471544731 * filterOff * HeaderCompressionOff + 460.528455284565 * PPMd * filterOff + -521.788617886167 * BZip2 * mtOff + 55.5487804878099 * HeaderCompressionOff + -222.452574525723 * BZip2 * filterOff + -115 * BlockSize_1 + 95.5284552845665 * BZip2 * HeaderCompressionOff;2.4778312828997;2.4778312828997;2.4778312828997;2.4778312828997;1.569916;20;95.5284552845665 * BZip2 * HeaderCompressionOff;2;0.0583570291187625;
Elapsed=00:00:01.5703328
Learning progress:
1;5325.2 * CompressionMethod + -3040.2 * PPMd;29.3022049871155;29.3022049871155;29.3022049871155;29.3022049871155;0.003143;2;-3040.2 * PPMd;1;74.7850266030949;
2;5865.26315789473 * CompressionMethod + -3580.26315789474 * PPMd + -2250.26315789474 * LZMA2;21.234610452715;21.234610452715;21.234610452715;21.234610452715;0.014394;3;-2250.26315789474 * LZMA2;1;8.06759453440047;
3;4530 * CompressionMethod + -3737.35294117647 * PPMd + -2407.35294117647 * LZMA2 + 1492.35294117646 * BlockSize_1;16.8494489543701;16.8494489543701;16.8494489543701;16.8494489543701;0.033209;4;1492.35294117646 * BlockSize_1;1;4.38516149834492;
4;4530 * CompressionMethod + -3989.01960784314 * PPMd + -2407.35294117647 * LZMA2 + 1492.35294117647 * BlockSize_1 + 503.333333333336 * PPMd * filterOff;14.7413701459237;14.7413701459237;14.7413701459237;14.7413701459237;0.066682;6;503.333333333336 * PPMd * filterOff;2;1.0540394042232;
5;4529.99999999999 * CompressionMethod + -3989.01960784314 * PPMd + -2645.68627450981 * LZMA2 + 1492.35294117647 * BlockSize_1 + 503.333333333333 * PPMd * filterOff + 476.666666666662 * LZMA2 * mtOff;13.1322999070459;13.1322999070459;13.1322999070459;13.1322999070459;0.11537;8;476.666666666662 * LZMA2 * mtOff;2;0.804535119438905;
6;4530 * CompressionMethod + -3989.01960784314 * PPMd + -2645.68627450981 * LZMA2 + 1492.35294117647 * BlockSize_1 + 426.666666666674 * PPMd * filterOff + 476.666666666658 * LZMA2 * mtOff + 230.000000000004 * PPMd * filterOff * mtOff;12.4276430443007;12.4276430443007;12.4276430443007;12.4276430443007;0.180531;11;230.000000000004 * PPMd * filterOff * mtOff;3;0.234885620915068;
7;2960 * CompressionMethod + -3989.01960784314 * PPMd + -2645.68627450981 * LZMA2 + 3062.35294117647 * BlockSize_1 + 426.666666666662 * PPMd * filterOff + 476.666666666666 * LZMA2 * mtOff + 229.999999999997 * PPMd * filterOff * mtOff + 3140 * x_2;12.3271068512712;12.3271068512712;12.3271068512712;12.3271068512712;0.271988;12;3140 * x_2;1;0.100536193029434;
8;3770.58823529413 * CompressionMethod + -3989.01960784314 * PPMd + -2645.68627450981 * LZMA2 + 2251.76470588235 * BlockSize_1 + 426.666666666664 * PPMd * filterOff + 476.666666666664 * LZMA2 * mtOff + 229.999999999995 * PPMd * filterOff * mtOff + 2329.41176470589 * x_2 + -810.588235294115 * Files_50;9.88269745212289;9.88269745212289;9.88269745212289;9.88269745212289;0.387138;13;-810.588235294115 * Files_50;1;2.44440939914835;
9;3770.58823529412 * CompressionMethod + -3989.01960784313 * PPMd + -1322.8431372549 * LZMA2 + 2251.76470588235 * BlockSize_1 + 426.666666666671 * PPMd * filterOff + 476.666666666669 * LZMA2 * mtOff + 229.999999999998 * PPMd * filterOff * mtOff + 2329.41176470589 * x_2 + -810.588235294118 * Files_50 + -1322.8431372549 * BlockSize_1 * LZMA2;9.8826974521227;9.8826974521227;9.8826974521227;9.8826974521227;0.522644;15;-1322.8431372549 * BlockSize_1 * LZMA2;2;9.2370555648813E-14;
Elapsed=00:00:00.5229698
Learning progress:
1;10466 * CompressionMethod + -6749.33333333333 * x_0;25.6434749926452;25.6434749926452;25.6434749926452;25.6434749926452;0.003429;2;-6749.33333333333 * x_0;1;28.7222688895711;
2;10466 * CompressionMethod + -6340.28571428572 * x_0 + -1840.71428571428 * PPMd;17.6951633935293;17.6951633935293;17.6951633935293;17.6951633935293;0.017694;3;-1840.71428571428 * PPMd;1;7.94831159911593;
3;10189.9438202247 * CompressionMethod + -6458.59550561798 * x_0 + -1446.34831460674 * PPMd + 1380.28089887641 * BZip2;9.69920804418522;9.69920804418522;9.69920804418522;9.69920804418522;0.039815;4;1380.28089887641 * BZip2;1;7.99595534934403;
4;7662.90780141844 * CompressionMethod + -4068.1560283688 * x_0 + -1309.75177304964 * PPMd + 1858.36879432624 * BZip2 + 12157.0921985816 * x_10;8.21037349286229;8.21037349286229;8.21037349286229;8.21037349286229;0.07591;5;12157.0921985816 * x_10;1;1.48883455132293;
5;7667.47181964573 * CompressionMethod + -4159.43639291465 * x_0 + -1330.28985507247 * PPMd + 1840.11272141707 * BZip2 + 12152.5281803543 * x_10 + 214.508856682765 * mtOff;6.57926481277824;6.57926481277824;6.57926481277824;6.57926481277824;0.125531;6;214.508856682765 * mtOff;1;1.63110868008405;
6;7667.47181964573 * CompressionMethod + -4159.43639291465 * x_0 + -1330.28985507246 * PPMd + 1840.11272141707 * BZip2 + 12152.5281803543 * x_10 + 202.008856682771 * mtOff + 37.4999999999978 * mtOff * HeaderCompressionOff;6.45036034710215;6.45036034710215;6.45036034710215;6.45036034710215;0.19559;8;37.4999999999978 * mtOff * HeaderCompressionOff;2;0.0644522328380455;
Elapsed=00:00:00.1958684
Learning progress:
1;3694.4 * CompressionMethod + 2490.6 * BZip2;19.7985346220913;19.7985346220913;19.7985346220913;19.7985346220913;0.005156;2;2490.6 * BZip2;1;26.5429972994566;
2;3694.4 * CompressionMethod + 2580.6 * BZip2 + -270.000000000004 * BZip2 * mtOff;19.5746123942492;19.5746123942492;19.5746123942492;19.5746123942492;0.013921;4;-270.000000000004 * BZip2 * mtOff;2;0.111961113921042;
Elapsed=00:00:00.0141114
Learning progress:
1;10466 * CompressionMethod + -6729.84615384615 * x_0;40.8444836652728;40.8444836652728;40.8444836652728;40.8444836652728;0.003428;2;-6729.84615384615 * x_0;1;55.6068964378054;
2;10163.2909379968 * CompressionMethod + -6718.20349761526 * x_0 + 1513.5453100159 * BZip2;27.5872970724681;27.5872970724681;27.5872970724681;27.5872970724681;0.016947;3;1513.5453100159 * BZip2;1;13.2571865928048;
3;11557.5 * CompressionMethod + -8377.9761904762 * x_0 + 2894.4761904762 * BZip2 + -8351.97619047621 * x_2;17.2063922449003;17.2063922449003;17.2063922449003;17.2063922449003;0.038036;4;-8351.97619047621 * x_2;1;10.3809048275678;
4;11557.5 * CompressionMethod + -8068.16666666667 * x_0 + 2584.66666666668 * BZip2 + -8042.16666666669 * x_2 + -1084.33333333333 * PPMd;11.2623825181136;11.2623825181136;11.2623825181136;11.2623825181136;0.072011;5;-1084.33333333333 * PPMd;1;5.94400972678664;
5;11557.5 * CompressionMethod + -8192.47101449275 * x_0 + 2584.66666666667 * BZip2 + -8042.16666666666 * x_2 + -1167.20289855072 * PPMd + 310.76086956521 * filterOff;8.94109016866813;8.94109016866813;8.94109016866813;8.94109016866813;0.119484;6;310.76086956521 * filterOff;1;2.32129234944547;
6;11557.5 * CompressionMethod + -8236.98973675055 * x_0 + 2596.26927983301 * BZip2 + -8053.76927983298 * x_2 + -1177.54435811202 * PPMd + 306.031543546324 * filterOff + 87.0195987475289 * mtOff;7.39257935776421;7.39257935776421;7.39257935776421;7.39257935776421;0.18452;7;87.0195987475289 * mtOff;1;1.54851081090392;
7;11557.5 * CompressionMethod + -8241.85961585021 * x_0 + 2606.33483980308 * BZip2 + -8063.83483980307 * x_2 + -1164.015010895 * PPMd + 365.413203131304 * filterOff + 88.5800177548154 * mtOff + -147.862561536612 * filterOff * HeaderCompressionOff;6.78311836061099;6.78311836061099;6.78311836061099;6.78311836061099;0.270301;9;-147.862561536612 * filterOff * HeaderCompressionOff;2;0.304730498576614;
8;11557.5 * CompressionMethod + -8242.16174382277 * x_0 + 2581.79380857711 * BZip2 + -8039.29380857712 * x_2 + -1205.11814825332 * PPMd + 367.898892360124 * filterOff + 111.445612042031 * mtOff + -74.3493325759797 * filterOff * HeaderCompressionOff + -340.333428003386 * filterOff * HeaderCompressionOff * LZMA;5.40016398234665;5.40016398234665;5.40016398234665;5.40016398234665;0.385453;12;-340.333428003386 * filterOff * HeaderCompressionOff * LZMA;3;0.46098479275478;
9;11557.5 * CompressionMethod + -8275.30062702586 * x_0 + 2685.65226632659 * BZip2 + -8143.15226632659 * x_2 + -1200.55157022158 * PPMd + 480.790690259837 * filterOff + -56.3698921302988 * mtOff + -318.099792762645 * filterOff * HeaderCompressionOff + -447.835166586943 * filterOff * HeaderCompressionOff * LZMA + 439.314788245915 * mtOff * HeaderCompressionOff;4.31841710478109;4.31841710478109;4.31841710478109;4.31841710478109;0.531508;14;439.314788245915 * mtOff * HeaderCompressionOff;2;0.540873438782778;
10;11557.5 * CompressionMethod + -8292.05381287183 * x_0 + 2581.03623580313 * BZip2 + -8038.53623580315 * x_2 + -1193.92644672795 * PPMd + 489.517577068686 * filterOff + -19.4824229313191 * mtOff + -375.715521903746 * filterOff * HeaderCompressionOff + -415.851811790138 * filterOff * HeaderCompressionOff * LZMA + 436.085992428329 * mtOff * HeaderCompressionOff + 286.616549486222 * BZip2 * HeaderCompressionOff;4.07893747845583;4.07893747845583;4.07893747845583;4.07893747845583;0.717462;16;286.616549486222 * BZip2 * HeaderCompressionOff;2;0.119739813162632;
Elapsed=00:00:00.7178139
Learning progress:
1;8292.5 * CompressionMethod + -4541.01851851852 * x_0;33.895211940399;33.895211940399;33.895211940399;33.895211940399;0.0032;2;-4541.01851851852 * x_0;1;36.2316807165768;
2;7759.94871794871 * CompressionMethod + -4481.84615384615 * x_0 + 2130.20512820513 * BZip2;24.9164621132234;24.9164621132234;24.9164621132234;24.9164621132234;0.016034;3;2130.20512820513 * BZip2;1;8.97874982717562;
3;7844.89361702127 * CompressionMethod + -4184.5390070922 * x_0 + 1790.42553191489 * BZip2 + -1380.35460992908 * PPMd;19.5423564790085;19.5423564790085;19.5423564790085;19.5423564790085;0.035497;4;-1380.35460992908 * PPMd;1;5.37410563421486;
4;9023.33333333333 * CompressionMethod + -5598.66666666667 * x_0 + 2615.33333333333 * BZip2 + -1144.66666666666 * PPMd + -5538.66666666666 * x_2;17.2087450162252;17.2087450162252;17.2087450162252;17.2087450162252;0.063695;5;-5538.66666666666 * x_2;1;2.33361146278335;
5;19820 * CompressionMethod + -16395.3333333333 * x_0 + 2615.33333333333 * BZip2 + -1144.66666666666 * PPMd + -16335.3333333333 * x_2 + -16195 * x_4;11.0261597691827;11.0261597691827;11.0261597691827;11.0261597691827;0.105145;6;-16195 * x_4;1;6.18258524704248;
6;19272.3076923077 * CompressionMethod + -16322.3076923077 * x_0 + 2542.3076923077 * BZip2 + -1217.69230769229 * PPMd + -15714.6153846154 * x_2 + -16195 * x_4 + 547.692307692307 * Files_0;8.44336348166788;8.44336348166788;8.44336348166788;8.44336348166788;0.161038;7;547.692307692307 * Files_0;1;2.58279628751482;
7;19331.1111111111 * CompressionMethod + -16381.1111111111 * x_0 + 2537.40740740741 * BZip2 + -1222.59259259258 * PPMd + -15768.5185185186 * x_2 + -16195 * x_4 + 488.888888888884 * Files_0 + 127.407407407411 * filterOff;7.22636349284716;7.22636349284716;7.22636349284716;7.22636349284716;0.235466;8;127.407407407411 * filterOff;1;1.21699998882072;
8;19322.1436464088 * CompressionMethod + -16372.1436464088 * x_0 + 2497.80110497238 * BZip2 + -1221.84530386741 * PPMd + -15719.9447513812 * x_2 + -16195 * x_4 + 497.856353591155 * Files_0 + 269.392265193373 * filterOff + -242.121546961335 * filterOff * HeaderCompressionOff;5.69256269688954;5.69256269688954;5.69256269688954;5.69256269688954;0.327543;10;-242.121546961335 * filterOff * HeaderCompressionOff;2;0.76690039797881;
9;19270.6432748538 * CompressionMethod + -16320.6432748538 * x_0 + 2498.81091617933 * BZip2 + -1446.02339181286 * PPMd + -15669.4541910331 * x_2 + -16195 * x_4 + 549.3567251462 * Files_0 + 170.935672514627 * filterOff + -261.812865497088 * filterOff * HeaderCompressionOff + 456.939571150103 * PPMd * filterOff;4.18846029245647;4.18846029245647;4.18846029245647;4.18846029245647;0.449569;12;456.939571150103 * PPMd * filterOff;2;0.752051202216531;
10;19246.8847989093 * CompressionMethod + -16296.8847989093 * x_0 + 2720.55669166099 * BZip2 + -1469.78186775733 * PPMd + -15867.4414905703 * x_2 + -16195 * x_4 + 573.115201090676 * Files_0 + 143.217450579408 * filterOff + -297.450579413788 * filterOff * HeaderCompressionOff + 508.416269029778 * PPMd * filterOff + -451.411042944789 * BZip2 * mtOff;3.71111187901927;3.71111187901927;3.71111187901927;3.71111187901927;0.60032;14;-451.411042944789 * BZip2 * mtOff;2;0.238674206718603;
11;19276.0213776722 * CompressionMethod + -16326.0213776722 * x_0 + 2732.18378859858 * BZip2 + -1477.36638954869 * PPMd + -15908.2051662708 * x_2 + -16195 * x_4 + 543.978622327763 * Files_0 + 169.049881235153 * filterOff + -351.668646080768 * filterOff * HeaderCompressionOff + 518.72921615203 * PPMd * filterOff + -460.872921615201 * BZip2 * mtOff + 55.0816508313608 * HeaderCompressionOff;3.37527948305571;3.37527948305571;3.37527948305571;3.37527948305571;0.79054;15;55.0816508313608 * HeaderCompressionOff;1;0.335832395963555;
12;19315.0622406639 * CompressionMethod + -16365.0622406639 * x_0 + 2866.9398340249 * BZip2 + -1452.51037344398 * PPMd + -16082.0020746888 * x_2 + -16195 * x_4 + 504.937759336085 * Files_0 + 260.145228215762 * filterOff + -403.983402489634 * filterOff * HeaderCompressionOff + 462.510373444002 * PPMd * filterOff + -520.995850622414 * BZip2 * mtOff + 76.358921161825 * HeaderCompressionOff + -219.149377593362 * BZip2 * filterOff;2.72870787369023;2.72870787369023;2.72870787369023;2.72870787369023;1.009091;17;-219.149377593362 * BZip2 * filterOff;2;0.323285804682744;
13;19372.5622406639 * CompressionMethod + -16365.0622406639 * x_0 + 2866.9398340249 * BZip2 + -1452.51037344398 * PPMd + -16139.5020746888 * x_2 + -16252.5 * x_4 + 562.43775933611 * Files_0 + 260.145228215762 * filterOff + -403.983402489634 * filterOff * HeaderCompressionOff + 462.510373443996 * PPMd * filterOff + -520.995850622431 * BZip2 * mtOff + 76.3589211618158 * HeaderCompressionOff + -219.149377593363 * BZip2 * filterOff + -114.999999999989 * BlockSize_1;2.59454534113722;2.59454534113722;2.59454534113722;2.59454534113722;1.267713;18;-114.999999999989 * BlockSize_1;1;0.134162532553005;
Elapsed=00:00:01.2681308
Learning progress:
1;5325.2 * CompressionMethod + -3040.2 * PPMd;29.3022049871155;29.3022049871155;29.3022049871155;29.3022049871155;0.003467;2;-3040.2 * PPMd;1;74.7850266030949;
2;5865.26315789473 * CompressionMethod + -3580.26315789474 * PPMd + -2250.26315789474 * LZMA2;21.234610452715;21.234610452715;21.234610452715;21.234610452715;0.012832;3;-2250.26315789474 * LZMA2;1;8.06759453440047;
3;4530 * CompressionMethod + -3737.35294117647 * PPMd + -2407.35294117647 * LZMA2 + 1492.35294117646 * BlockSize_1;16.8494489543701;16.8494489543701;16.8494489543701;16.8494489543701;0.031307;4;1492.35294117646 * BlockSize_1;1;4.38516149834492;
4;4530 * CompressionMethod + -3989.01960784314 * PPMd + -2407.35294117647 * LZMA2 + 1492.35294117647 * BlockSize_1 + 503.333333333336 * PPMd * filterOff;14.7413701459237;14.7413701459237;14.7413701459237;14.7413701459237;0.06419;6;503.333333333336 * PPMd * filterOff;2;1.0540394042232;
5;4529.99999999999 * CompressionMethod + -3989.01960784314 * PPMd + -2645.68627450981 * LZMA2 + 1492.35294117647 * BlockSize_1 + 503.333333333333 * PPMd * filterOff + 476.666666666662 * LZMA2 * mtOff;13.1322999070459;13.1322999070459;13.1322999070459;13.1322999070459;0.113291;8;476.666666666662 * LZMA2 * mtOff;2;0.804535119438905;
6;4530 * CompressionMethod + -3989.01960784314 * PPMd + -2645.68627450981 * LZMA2 + 1492.35294117647 * BlockSize_1 + 426.666666666674 * PPMd * filterOff + 476.666666666658 * LZMA2 * mtOff + 230.000000000004 * PPMd * filterOff * mtOff;12.4276430443007;12.4276430443007;12.4276430443007;12.4276430443007;0.18012;11;230.000000000004 * PPMd * filterOff * mtOff;3;0.234885620915068;
7;2960 * CompressionMethod + -3989.01960784314 * PPMd + -2645.68627450981 * LZMA2 + 3062.35294117647 * BlockSize_1 + 426.666666666662 * PPMd * filterOff + 476.666666666666 * LZMA2 * mtOff + 229.999999999997 * PPMd * filterOff * mtOff + 3140 * x_2;12.3271068512712;12.3271068512712;12.3271068512712;12.3271068512712;0.272152;12;3140 * x_2;1;0.100536193029434;
Elapsed=00:00:00.2724502
Learning progress:
1;10466 * CompressionMethod + -6749.33333333333 * x_0;25.6434749926452;25.6434749926452;25.6434749926452;25.6434749926452;0.003908;2;-6749.33333333333 * x_0;1;28.7222688895711;
2;10466 * CompressionMethod + -6340.28571428572 * x_0 + -1840.71428571428 * PPMd;17.6951633935293;17.6951633935293;17.6951633935293;17.6951633935293;0.01749;3;-1840.71428571428 * PPMd;1;7.94831159911593;
3;10189.9438202247 * CompressionMethod + -6458.59550561798 * x_0 + -1446.34831460674 * PPMd + 1380.28089887641 * BZip2;9.69920804418522;9.69920804418522;9.69920804418522;9.69920804418522;0.040135;4;1380.28089887641 * BZip2;1;7.99595534934403;
4;7662.90780141844 * CompressionMethod + -4068.1560283688 * x_0 + -1309.75177304964 * PPMd + 1858.36879432624 * BZip2 + 12157.0921985816 * x_10;8.21037349286229;8.21037349286229;8.21037349286229;8.21037349286229;0.077005;5;12157.0921985816 * x_10;1;1.48883455132293;
5;7667.47181964573 * CompressionMethod + -4159.43639291465 * x_0 + -1330.28985507247 * PPMd + 1840.11272141707 * BZip2 + 12152.5281803543 * x_10 + 214.508856682765 * mtOff;6.57926481277824;6.57926481277824;6.57926481277824;6.57926481277824;0.125725;6;214.508856682765 * mtOff;1;1.63110868008405;
6;7667.47181964573 * CompressionMethod + -4159.43639291465 * x_0 + -1330.28985507246 * PPMd + 1840.11272141707 * BZip2 + 12152.5281803543 * x_10 + 202.008856682771 * mtOff + 37.4999999999978 * mtOff * HeaderCompressionOff;6.45036034710215;6.45036034710215;6.45036034710215;6.45036034710215;0.195274;8;37.4999999999978 * mtOff * HeaderCompressionOff;2;0.0644522328380455;
Elapsed=00:00:00.1955542
Learning progress:
1;3694.4 * CompressionMethod + 2490.6 * BZip2;19.7985346220913;19.7985346220913;19.7985346220913;19.7985346220913;0.004533;2;2490.6 * BZip2;1;26.5429972994566;
2;3694.4 * CompressionMethod + 2580.6 * BZip2 + -270.000000000004 * BZip2 * mtOff;19.5746123942492;19.5746123942492;19.5746123942492;19.5746123942492;0.012926;4;-270.000000000004 * BZip2 * mtOff;2;0.111961113921042;
Elapsed=00:00:00.0131175
Learning progress:
1;10466 * CompressionMethod + -6729.84615384615 * x_0;40.8444836652728;40.8444836652728;40.8444836652728;40.8444836652728;0.003628;2;-6729.84615384615 * x_0;1;55.6068964378054;
2;10163.2909379968 * CompressionMethod + -6718.20349761526 * x_0 + 1513.5453100159 * BZip2;27.5872970724681;27.5872970724681;27.5872970724681;27.5872970724681;0.017543;3;1513.5453100159 * BZip2;1;13.2571865928048;
3;11557.5 * CompressionMethod + -8377.9761904762 * x_0 + 2894.4761904762 * BZip2 + -8351.97619047621 * x_2;17.2063922449003;17.2063922449003;17.2063922449003;17.2063922449003;0.039795;4;-8351.97619047621 * x_2;1;10.3809048275678;
4;11557.5 * CompressionMethod + -8068.16666666667 * x_0 + 2584.66666666668 * BZip2 + -8042.16666666669 * x_2 + -1084.33333333333 * PPMd;11.2623825181136;11.2623825181136;11.2623825181136;11.2623825181136;0.074033;5;-1084.33333333333 * PPMd;1;5.94400972678664;
5;11557.5 * CompressionMethod + -8192.47101449275 * x_0 + 2584.66666666667 * BZip2 + -8042.16666666666 * x_2 + -1167.20289855072 * PPMd + 310.76086956521 * filterOff;8.94109016866813;8.94109016866813;8.94109016866813;8.94109016866813;0.120523;6;310.76086956521 * filterOff;1;2.32129234944547;
6;11557.5 * CompressionMethod + -8236.98973675055 * x_0 + 2596.26927983301 * BZip2 + -8053.76927983298 * x_2 + -1177.54435811202 * PPMd + 306.031543546324 * filterOff + 87.0195987475289 * mtOff;7.39257935776421;7.39257935776421;7.39257935776421;7.39257935776421;0.183897;7;87.0195987475289 * mtOff;1;1.54851081090392;
7;11557.5 * CompressionMethod + -8241.85961585021 * x_0 + 2606.33483980308 * BZip2 + -8063.83483980307 * x_2 + -1164.015010895 * PPMd + 365.413203131304 * filterOff + 88.5800177548154 * mtOff + -147.862561536612 * filterOff * HeaderCompressionOff;6.78311836061099;6.78311836061099;6.78311836061099;6.78311836061099;0.268367;9;-147.862561536612 * filterOff * HeaderCompressionOff;2;0.304730498576614;
Elapsed=00:00:00.2686711
Learning progress:
1;8292.5 * CompressionMethod + -4541.01851851852 * x_0;33.895211940399;33.895211940399;33.895211940399;33.895211940399;0.004186;2;-4541.01851851852 * x_0;1;36.2316807165768;
2;7759.94871794871 * CompressionMethod + -4481.84615384615 * x_0 + 2130.20512820513 * BZip2;24.9164621132234;24.9164621132234;24.9164621132234;24.9164621132234;0.016714;3;2130.20512820513 * BZip2;1;8.97874982717562;
3;7844.89361702127 * CompressionMethod + -4184.5390070922 * x_0 + 1790.42553191489 * BZip2 + -1380.35460992908 * PPMd;19.5423564790085;19.5423564790085;19.5423564790085;19.5423564790085;0.038648;4;-1380.35460992908 * PPMd;1;5.37410563421486;
4;9023.33333333333 * CompressionMethod + -5598.66666666667 * x_0 + 2615.33333333333 * BZip2 + -1144.66666666666 * PPMd + -5538.66666666666 * x_2;17.2087450162252;17.2087450162252;17.2087450162252;17.2087450162252;0.069496;5;-5538.66666666666 * x_2;1;2.33361146278335;
5;19820 * CompressionMethod + -16395.3333333333 * x_0 + 2615.33333333333 * BZip2 + -1144.66666666666 * PPMd + -16335.3333333333 * x_2 + -16195 * x_4;11.0261597691827;11.0261597691827;11.0261597691827;11.0261597691827;0.110669;6;-16195 * x_4;1;6.18258524704248;
6;19272.3076923077 * CompressionMethod + -16322.3076923077 * x_0 + 2542.3076923077 * BZip2 + -1217.69230769229 * PPMd + -15714.6153846154 * x_2 + -16195 * x_4 + 547.692307692307 * Files_0;8.44336348166788;8.44336348166788;8.44336348166788;8.44336348166788;0.165822;7;547.692307692307 * Files_0;1;2.58279628751482;
7;19331.1111111111 * CompressionMethod + -16381.1111111111 * x_0 + 2537.40740740741 * BZip2 + -1222.59259259258 * PPMd + -15768.5185185186 * x_2 + -16195 * x_4 + 488.888888888884 * Files_0 + 127.407407407411 * filterOff;7.22636349284716;7.22636349284716;7.22636349284716;7.22636349284716;0.237608;8;127.407407407411 * filterOff;1;1.21699998882072;
8;19322.1436464088 * CompressionMethod + -16372.1436464088 * x_0 + 2497.80110497238 * BZip2 + -1221.84530386741 * PPMd + -15719.9447513812 * x_2 + -16195 * x_4 + 497.856353591155 * Files_0 + 269.392265193373 * filterOff + -242.121546961335 * filterOff * HeaderCompressionOff;5.69256269688954;5.69256269688954;5.69256269688954;5.69256269688954;0.335207;10;-242.121546961335 * filterOff * HeaderCompressionOff;2;0.76690039797881;
9;19270.6432748538 * CompressionMethod + -16320.6432748538 * x_0 + 2498.81091617933 * BZip2 + -1446.02339181286 * PPMd + -15669.4541910331 * x_2 + -16195 * x_4 + 549.3567251462 * Files_0 + 170.935672514627 * filterOff + -261.812865497088 * filterOff * HeaderCompressionOff + 456.939571150103 * PPMd * filterOff;4.18846029245647;4.18846029245647;4.18846029245647;4.18846029245647;0.454839;12;456.939571150103 * PPMd * filterOff;2;0.752051202216531;
10;19246.8847989093 * CompressionMethod + -16296.8847989093 * x_0 + 2720.55669166099 * BZip2 + -1469.78186775733 * PPMd + -15867.4414905703 * x_2 + -16195 * x_4 + 573.115201090676 * Files_0 + 143.217450579408 * filterOff + -297.450579413788 * filterOff * HeaderCompressionOff + 508.416269029778 * PPMd * filterOff + -451.411042944789 * BZip2 * mtOff;3.71111187901927;3.71111187901927;3.71111187901927;3.71111187901927;0.608759;14;-451.411042944789 * BZip2 * mtOff;2;0.238674206718603;
Elapsed=00:00:00.6090875
Learning progress:
1;5325.2 * CompressionMethod + -3040.2 * PPMd;29.3022049871155;29.3022049871155;29.3022049871155;29.3022049871155;0.003338;2;-3040.2 * PPMd;1;74.7850266030949;
2;5865.26315789473 * CompressionMethod + -3580.26315789474 * PPMd + -2250.26315789474 * LZMA2;21.234610452715;21.234610452715;21.234610452715;21.234610452715;0.014652;3;-2250.26315789474 * LZMA2;1;8.06759453440047;
3;4530 * CompressionMethod + -3737.35294117647 * PPMd + -2407.35294117647 * LZMA2 + 1492.35294117646 * BlockSize_1;16.8494489543701;16.8494489543701;16.8494489543701;16.8494489543701;0.035047;4;1492.35294117646 * BlockSize_1;1;4.38516149834492;
4;4530 * CompressionMethod + -3989.01960784314 * PPMd + -2407.35294117647 * LZMA2 + 1492.35294117647 * BlockSize_1 + 503.333333333336 * PPMd * filterOff;14.7413701459237;14.7413701459237;14.7413701459237;14.7413701459237;0.066055;6;503.333333333336 * PPMd * filterOff;2;1.0540394042232;
5;4529.99999999999 * CompressionMethod + -3989.01960784314 * PPMd + -2645.68627450981 * LZMA2 + 1492.35294117647 * BlockSize_1 + 503.333333333333 * PPMd * filterOff + 476.666666666662 * LZMA2 * mtOff;13.1322999070459;13.1322999070459;13.1322999070459;13.1322999070459;0.114405;8;476.666666666662 * LZMA2 * mtOff;2;0.804535119438905;
6;4530 * CompressionMethod + -3989.01960784314 * PPMd + -2645.68627450981 * LZMA2 + 1492.35294117647 * BlockSize_1 + 426.666666666674 * PPMd * filterOff + 476.666666666658 * LZMA2 * mtOff + 230.000000000004 * PPMd * filterOff * mtOff;12.4276430443007;12.4276430443007;12.4276430443007;12.4276430443007;0.183344;11;230.000000000004 * PPMd * filterOff * mtOff;3;0.234885620915068;
Elapsed=00:00:00.1836334
Learning progress:
1;10466 * CompressionMethod + -6749.33333333333 * x_0;25.6434749926452;25.6434749926452;25.6434749926452;25.6434749926452;0.003701;2;-6749.33333333333 * x_0;1;28.7222688895711;
2;10466 * CompressionMethod + -6340.28571428572 * x_0 + -1840.71428571428 * PPMd;17.6951633935293;17.6951633935293;17.6951633935293;17.6951633935293;0.017695;3;-1840.71428571428 * PPMd;1;7.94831159911593;
3;10189.9438202247 * CompressionMethod + -6458.59550561798 * x_0 + -1446.34831460674 * PPMd + 1380.28089887641 * BZip2;9.69920804418522;9.69920804418522;9.69920804418522;9.69920804418522;0.039418;4;1380.28089887641 * BZip2;1;7.99595534934403;
4;7662.90780141844 * CompressionMethod + -4068.1560283688 * x_0 + -1309.75177304964 * PPMd + 1858.36879432624 * BZip2 + 12157.0921985816 * x_10;8.21037349286229;8.21037349286229;8.21037349286229;8.21037349286229;0.075863;5;12157.0921985816 * x_10;1;1.48883455132293;
5;7667.47181964573 * CompressionMethod + -4159.43639291465 * x_0 + -1330.28985507247 * PPMd + 1840.11272141707 * BZip2 + 12152.5281803543 * x_10 + 214.508856682765 * mtOff;6.57926481277824;6.57926481277824;6.57926481277824;6.57926481277824;0.12512;6;214.508856682765 * mtOff;1;1.63110868008405;
6;7667.47181964573 * CompressionMethod + -4159.43639291465 * x_0 + -1330.28985507246 * PPMd + 1840.11272141707 * BZip2 + 12152.5281803543 * x_10 + 202.008856682771 * mtOff + 37.4999999999978 * mtOff * HeaderCompressionOff;6.45036034710215;6.45036034710215;6.45036034710215;6.45036034710215;0.193604;8;37.4999999999978 * mtOff * HeaderCompressionOff;2;0.0644522328380455;
Elapsed=00:00:00.1938858
Learning progress:
1;3694.4 * CompressionMethod + 2490.6 * BZip2;19.7985346220913;19.7985346220913;19.7985346220913;19.7985346220913;0.005046;2;2490.6 * BZip2;1;26.5429972994566;
2;3694.4 * CompressionMethod + 2580.6 * BZip2 + -270.000000000004 * BZip2 * mtOff;19.5746123942492;19.5746123942492;19.5746123942492;19.5746123942492;0.013541;4;-270.000000000004 * BZip2 * mtOff;2;0.111961113921042;
3;3692.91666666667 * CompressionMethod + 2582.08333333334 * BZip2 + -270 * BZip2 * mtOff + 37.0833333333333 * BlockSize_4096;19.5673478802346;19.5673478802346;19.5673478802346;19.5673478802346;0.030321;5;37.0833333333333 * BlockSize_4096;1;0.00726451401459016;
Elapsed=00:00:00.0305219
Learning progress:
1;10466 * CompressionMethod + -6729.84615384615 * x_0;40.8444836652728;40.8444836652728;40.8444836652728;40.8444836652728;0.003904;2;-6729.84615384615 * x_0;1;55.6068964378054;
2;10163.2909379968 * CompressionMethod + -6718.20349761526 * x_0 + 1513.5453100159 * BZip2;27.5872970724681;27.5872970724681;27.5872970724681;27.5872970724681;0.016639;3;1513.5453100159 * BZip2;1;13.2571865928048;
3;11557.5 * CompressionMethod + -8377.9761904762 * x_0 + 2894.4761904762 * BZip2 + -8351.97619047621 * x_2;17.2063922449003;17.2063922449003;17.2063922449003;17.2063922449003;0.039855;4;-8351.97619047621 * x_2;1;10.3809048275678;
4;11557.5 * CompressionMethod + -8068.16666666667 * x_0 + 2584.66666666668 * BZip2 + -8042.16666666669 * x_2 + -1084.33333333333 * PPMd;11.2623825181136;11.2623825181136;11.2623825181136;11.2623825181136;0.072844;5;-1084.33333333333 * PPMd;1;5.94400972678664;
5;11557.5 * CompressionMethod + -8192.47101449275 * x_0 + 2584.66666666667 * BZip2 + -8042.16666666666 * x_2 + -1167.20289855072 * PPMd + 310.76086956521 * filterOff;8.94109016866813;8.94109016866813;8.94109016866813;8.94109016866813;0.120125;6;310.76086956521 * filterOff;1;2.32129234944547;
6;11557.5 * CompressionMethod + -8236.98973675055 * x_0 + 2596.26927983301 * BZip2 + -8053.76927983298 * x_2 + -1177.54435811202 * PPMd + 306.031543546324 * filterOff + 87.0195987475289 * mtOff;7.39257935776421;7.39257935776421;7.39257935776421;7.39257935776421;0.184923;7;87.0195987475289 * mtOff;1;1.54851081090392;
7;11557.5 * CompressionMethod + -8241.85961585021 * x_0 + 2606.33483980308 * BZip2 + -8063.83483980307 * x_2 + -1164.015010895 * PPMd + 365.413203131304 * filterOff + 88.5800177548154 * mtOff + -147.862561536612 * filterOff * HeaderCompressionOff;6.78311836061099;6.78311836061099;6.78311836061099;6.78311836061099;0.269568;9;-147.862561536612 * filterOff * HeaderCompressionOff;2;0.304730498576614;
8;11557.5 * CompressionMethod + -8242.16174382277 * x_0 + 2581.79380857711 * BZip2 + -8039.29380857712 * x_2 + -1205.11814825332 * PPMd + 367.898892360124 * filterOff + 111.445612042031 * mtOff + -74.3493325759797 * filterOff * HeaderCompressionOff + -340.333428003386 * filterOff * HeaderCompressionOff * LZMA;5.40016398234665;5.40016398234665;5.40016398234665;5.40016398234665;0.38258;12;-340.333428003386 * filterOff * HeaderCompressionOff * LZMA;3;0.46098479275478;
9;11557.5 * CompressionMethod + -8275.30062702586 * x_0 + 2685.65226632659 * BZip2 + -8143.15226632659 * x_2 + -1200.55157022158 * PPMd + 480.790690259837 * filterOff + -56.3698921302988 * mtOff + -318.099792762645 * filterOff * HeaderCompressionOff + -447.835166586943 * filterOff * HeaderCompressionOff * LZMA + 439.314788245915 * mtOff * HeaderCompressionOff;4.31841710478109;4.31841710478109;4.31841710478109;4.31841710478109;0.529311;14;439.314788245915 * mtOff * HeaderCompressionOff;2;0.540873438782778;
10;11557.5 * CompressionMethod + -8292.05381287183 * x_0 + 2581.03623580313 * BZip2 + -8038.53623580315 * x_2 + -1193.92644672795 * PPMd + 489.517577068686 * filterOff + -19.4824229313191 * mtOff + -375.715521903746 * filterOff * HeaderCompressionOff + -415.851811790138 * filterOff * HeaderCompressionOff * LZMA + 436.085992428329 * mtOff * HeaderCompressionOff + 286.616549486222 * BZip2 * HeaderCompressionOff;4.07893747845583;4.07893747845583;4.07893747845583;4.07893747845583;0.716806;16;286.616549486222 * BZip2 * HeaderCompressionOff;2;0.119739813162632;
11;11557.5 * CompressionMethod + -8294.94840052124 * x_0 + 2589.45100676784 * BZip2 + -8046.95100676782 * x_2 + -1184.67253772751 * PPMd + 473.18508554373 * filterOff + -19.5964521417568 * mtOff + -362.42380932365 * filterOff * HeaderCompressionOff + -464.387321871439 * filterOff * HeaderCompressionOff * LZMA + 436.609357265956 * mtOff * HeaderCompressionOff + 282.616755643364 * BZip2 * HeaderCompressionOff + 54.0615410483913 * filterOff * LZMA;4.03670178062593;4.03670178062593;4.03670178062593;4.03670178062593;0.942673;18;54.0615410483913 * filterOff * LZMA;2;0.0211178489149462;
Elapsed=00:00:00.9430545
Learning progress:
1;8292.5 * CompressionMethod + -4541.01851851852 * x_0;33.895211940399;33.895211940399;33.895211940399;33.895211940399;0.003228;2;-4541.01851851852 * x_0;1;36.2316807165768;
2;7759.94871794871 * CompressionMethod + -4481.84615384615 * x_0 + 2130.20512820513 * BZip2;24.9164621132234;24.9164621132234;24.9164621132234;24.9164621132234;0.01666;3;2130.20512820513 * BZip2;1;8.97874982717562;
3;7844.89361702127 * CompressionMethod + -4184.5390070922 * x_0 + 1790.42553191489 * BZip2 + -1380.35460992908 * PPMd;19.5423564790085;19.5423564790085;19.5423564790085;19.5423564790085;0.037353;4;-1380.35460992908 * PPMd;1;5.37410563421486;
4;9023.33333333333 * CompressionMethod + -5598.66666666667 * x_0 + 2615.33333333333 * BZip2 + -1144.66666666666 * PPMd + -5538.66666666666 * x_2;17.2087450162252;17.2087450162252;17.2087450162252;17.2087450162252;0.066387;5;-5538.66666666666 * x_2;1;2.33361146278335;
5;19820 * CompressionMethod + -16395.3333333333 * x_0 + 2615.33333333333 * BZip2 + -1144.66666666666 * PPMd + -16335.3333333333 * x_2 + -16195 * x_4;11.0261597691827;11.0261597691827;11.0261597691827;11.0261597691827;0.107509;6;-16195 * x_4;1;6.18258524704248;
6;19272.3076923077 * CompressionMethod + -16322.3076923077 * x_0 + 2542.3076923077 * BZip2 + -1217.69230769229 * PPMd + -15714.6153846154 * x_2 + -16195 * x_4 + 547.692307692307 * Files_0;8.44336348166788;8.44336348166788;8.44336348166788;8.44336348166788;0.164318;7;547.692307692307 * Files_0;1;2.58279628751482;
7;19331.1111111111 * CompressionMethod + -16381.1111111111 * x_0 + 2537.40740740741 * BZip2 + -1222.59259259258 * PPMd + -15768.5185185186 * x_2 + -16195 * x_4 + 488.888888888884 * Files_0 + 127.407407407411 * filterOff;7.22636349284716;7.22636349284716;7.22636349284716;7.22636349284716;0.238826;8;127.407407407411 * filterOff;1;1.21699998882072;
8;19322.1436464088 * CompressionMethod + -16372.1436464088 * x_0 + 2497.80110497238 * BZip2 + -1221.84530386741 * PPMd + -15719.9447513812 * x_2 + -16195 * x_4 + 497.856353591155 * Files_0 + 269.392265193373 * filterOff + -242.121546961335 * filterOff * HeaderCompressionOff;5.69256269688954;5.69256269688954;5.69256269688954;5.69256269688954;0.334675;10;-242.121546961335 * filterOff * HeaderCompressionOff;2;0.76690039797881;
9;19270.6432748538 * CompressionMethod + -16320.6432748538 * x_0 + 2498.81091617933 * BZip2 + -1446.02339181286 * PPMd + -15669.4541910331 * x_2 + -16195 * x_4 + 549.3567251462 * Files_0 + 170.935672514627 * filterOff + -261.812865497088 * filterOff * HeaderCompressionOff + 456.939571150103 * PPMd * filterOff;4.18846029245647;4.18846029245647;4.18846029245647;4.18846029245647;0.455627;12;456.939571150103 * PPMd * filterOff;2;0.752051202216531;
10;19246.8847989093 * CompressionMethod + -16296.8847989093 * x_0 + 2720.55669166099 * BZip2 + -1469.78186775733 * PPMd + -15867.4414905703 * x_2 + -16195 * x_4 + 573.115201090676 * Files_0 + 143.217450579408 * filterOff + -297.450579413788 * filterOff * HeaderCompressionOff + 508.416269029778 * PPMd * filterOff + -451.411042944789 * BZip2 * mtOff;3.71111187901927;3.71111187901927;3.71111187901927;3.71111187901927;0.609933;14;-451.411042944789 * BZip2 * mtOff;2;0.238674206718603;
11;19276.0213776722 * CompressionMethod + -16326.0213776722 * x_0 + 2732.18378859858 * BZip2 + -1477.36638954869 * PPMd + -15908.2051662708 * x_2 + -16195 * x_4 + 543.978622327763 * Files_0 + 169.049881235153 * filterOff + -351.668646080768 * filterOff * HeaderCompressionOff + 518.72921615203 * PPMd * filterOff + -460.872921615201 * BZip2 * mtOff + 55.0816508313608 * HeaderCompressionOff;3.37527948305571;3.37527948305571;3.37527948305571;3.37527948305571;0.79882;15;55.0816508313608 * HeaderCompressionOff;1;0.335832395963555;
12;19315.0622406639 * CompressionMethod + -16365.0622406639 * x_0 + 2866.9398340249 * BZip2 + -1452.51037344398 * PPMd + -16082.0020746888 * x_2 + -16195 * x_4 + 504.937759336085 * Files_0 + 260.145228215762 * filterOff + -403.983402489634 * filterOff * HeaderCompressionOff + 462.510373444002 * PPMd * filterOff + -520.995850622414 * BZip2 * mtOff + 76.358921161825 * HeaderCompressionOff + -219.149377593362 * BZip2 * filterOff;2.72870787369023;2.72870787369023;2.72870787369023;2.72870787369023;1.014189;17;-219.149377593362 * BZip2 * filterOff;2;0.323285804682744;
13;19372.5622406639 * CompressionMethod + -16365.0622406639 * x_0 + 2866.9398340249 * BZip2 + -1452.51037344398 * PPMd + -16139.5020746888 * x_2 + -16252.5 * x_4 + 562.43775933611 * Files_0 + 260.145228215762 * filterOff + -403.983402489634 * filterOff * HeaderCompressionOff + 462.510373443996 * PPMd * filterOff + -520.995850622431 * BZip2 * mtOff + 76.3589211618158 * HeaderCompressionOff + -219.149377593363 * BZip2 * filterOff + -114.999999999989 * BlockSize_1;2.59454534113722;2.59454534113722;2.59454534113722;2.59454534113722;1.272938;18;-114.999999999989 * BlockSize_1;1;0.134162532553005;
14;19360.6707317074 * CompressionMethod + -16353.1707317073 * x_0 + 2830.6707317073 * BZip2 + -1450.52845528455 * PPMd + -16091.3414634147 * x_2 + -16252.5 * x_4 + 574.329268292668 * Files_0 + 264.241192411912 * filterOff + -407.154471544731 * filterOff * HeaderCompressionOff + 460.528455284565 * PPMd * filterOff + -521.788617886167 * BZip2 * mtOff + 55.5487804878099 * HeaderCompressionOff + -222.452574525723 * BZip2 * filterOff + -115 * BlockSize_1 + 95.5284552845665 * BZip2 * HeaderCompressionOff;2.4778312828997;2.4778312828997;2.4778312828997;2.4778312828997;1.572523;20;95.5284552845665 * BZip2 * HeaderCompressionOff;2;0.0583570291187625;
Elapsed=00:00:01.5729357
Learning progress:
1;5325.2 * CompressionMethod + -3040.2 * PPMd;29.3022049871155;29.3022049871155;29.3022049871155;29.3022049871155;0.003552;2;-3040.2 * PPMd;1;74.7850266030949;
2;5865.26315789473 * CompressionMethod + -3580.26315789474 * PPMd + -2250.26315789474 * LZMA2;21.234610452715;21.234610452715;21.234610452715;21.234610452715;0.014992;3;-2250.26315789474 * LZMA2;1;8.06759453440047;
3;4530 * CompressionMethod + -3737.35294117647 * PPMd + -2407.35294117647 * LZMA2 + 1492.35294117646 * BlockSize_1;16.8494489543701;16.8494489543701;16.8494489543701;16.8494489543701;0.0336;4;1492.35294117646 * BlockSize_1;1;4.38516149834492;
4;4530 * CompressionMethod + -3989.01960784314 * PPMd + -2407.35294117647 * LZMA2 + 1492.35294117647 * BlockSize_1 + 503.333333333336 * PPMd * filterOff;14.7413701459237;14.7413701459237;14.7413701459237;14.7413701459237;0.066034;6;503.333333333336 * PPMd * filterOff;2;1.0540394042232;
5;4529.99999999999 * CompressionMethod + -3989.01960784314 * PPMd + -2645.68627450981 * LZMA2 + 1492.35294117647 * BlockSize_1 + 503.333333333333 * PPMd * filterOff + 476.666666666662 * LZMA2 * mtOff;13.1322999070459;13.1322999070459;13.1322999070459;13.1322999070459;0.114846;8;476.666666666662 * LZMA2 * mtOff;2;0.804535119438905;
6;4530 * CompressionMethod + -3989.01960784314 * PPMd + -2645.68627450981 * LZMA2 + 1492.35294117647 * BlockSize_1 + 426.666666666674 * PPMd * filterOff + 476.666666666658 * LZMA2 * mtOff + 230.000000000004 * PPMd * filterOff * mtOff;12.4276430443007;12.4276430443007;12.4276430443007;12.4276430443007;0.183599;11;230.000000000004 * PPMd * filterOff * mtOff;3;0.234885620915068;
7;2960 * CompressionMethod + -3989.01960784314 * PPMd + -2645.68627450981 * LZMA2 + 3062.35294117647 * BlockSize_1 + 426.666666666662 * PPMd * filterOff + 476.666666666666 * LZMA2 * mtOff + 229.999999999997 * PPMd * filterOff * mtOff + 3140 * x_2;12.3271068512712;12.3271068512712;12.3271068512712;12.3271068512712;0.274714;12;3140 * x_2;1;0.100536193029434;
8;3770.58823529413 * CompressionMethod + -3989.01960784314 * PPMd + -2645.68627450981 * LZMA2 + 2251.76470588235 * BlockSize_1 + 426.666666666664 * PPMd * filterOff + 476.666666666664 * LZMA2 * mtOff + 229.999999999995 * PPMd * filterOff * mtOff + 2329.41176470589 * x_2 + -810.588235294115 * Files_50;9.88269745212289;9.88269745212289;9.88269745212289;9.88269745212289;0.390466;13;-810.588235294115 * Files_50;1;2.44440939914835;
9;3770.58823529412 * CompressionMethod + -3989.01960784313 * PPMd + -1322.8431372549 * LZMA2 + 2251.76470588235 * BlockSize_1 + 426.666666666671 * PPMd * filterOff + 476.666666666669 * LZMA2 * mtOff + 229.999999999998 * PPMd * filterOff * mtOff + 2329.41176470589 * x_2 + -810.588235294118 * Files_50 + -1322.8431372549 * BlockSize_1 * LZMA2;9.8826974521227;9.8826974521227;9.8826974521227;9.8826974521227;0.530302;15;-1322.8431372549 * BlockSize_1 * LZMA2;2;9.2370555648813E-14;
Elapsed=00:00:00.5306266
Learning progress:
1;10466 * CompressionMethod + -6749.33333333333 * x_0;25.6434749926452;25.6434749926452;25.6434749926452;25.6434749926452;0.005266;2;-6749.33333333333 * x_0;1;28.7222688895711;
2;10466 * CompressionMethod + -6340.28571428572 * x_0 + -1840.71428571428 * PPMd;17.6951633935293;17.6951633935293;17.6951633935293;17.6951633935293;0.019252;3;-1840.71428571428 * PPMd;1;7.94831159911593;
3;10189.9438202247 * CompressionMethod + -6458.59550561798 * x_0 + -1446.34831460674 * PPMd + 1380.28089887641 * BZip2;9.69920804418522;9.69920804418522;9.69920804418522;9.69920804418522;0.041572;4;1380.28089887641 * BZip2;1;7.99595534934403;
4;7662.90780141844 * CompressionMethod + -4068.1560283688 * x_0 + -1309.75177304964 * PPMd + 1858.36879432624 * BZip2 + 12157.0921985816 * x_10;8.21037349286229;8.21037349286229;8.21037349286229;8.21037349286229;0.07577;5;12157.0921985816 * x_10;1;1.48883455132293;
5;7667.47181964573 * CompressionMethod + -4159.43639291465 * x_0 + -1330.28985507247 * PPMd + 1840.11272141707 * BZip2 + 12152.5281803543 * x_10 + 214.508856682765 * mtOff;6.57926481277824;6.57926481277824;6.57926481277824;6.57926481277824;0.12604;6;214.508856682765 * mtOff;1;1.63110868008405;
6;7667.47181964573 * CompressionMethod + -4159.43639291465 * x_0 + -1330.28985507246 * PPMd + 1840.11272141707 * BZip2 + 12152.5281803543 * x_10 + 202.008856682771 * mtOff + 37.4999999999978 * mtOff * HeaderCompressionOff;6.45036034710215;6.45036034710215;6.45036034710215;6.45036034710215;0.192718;8;37.4999999999978 * mtOff * HeaderCompressionOff;2;0.0644522328380455;
Elapsed=00:00:00.1929977
Learning progress:
1;3694.4 * CompressionMethod + 2490.6 * BZip2;19.7985346220913;19.7985346220913;19.7985346220913;19.7985346220913;0.002739;2;2490.6 * BZip2;1;26.5429972994566;
2;3694.4 * CompressionMethod + 2580.6 * BZip2 + -270.000000000004 * BZip2 * mtOff;19.5746123942492;19.5746123942492;19.5746123942492;19.5746123942492;0.012693;4;-270.000000000004 * BZip2 * mtOff;2;0.111961113921042;
Elapsed=00:00:00.0128837
Learning progress:
1;10466 * CompressionMethod + -6729.84615384615 * x_0;40.8444836652728;40.8444836652728;40.8444836652728;40.8444836652728;0.005376;2;-6729.84615384615 * x_0;1;55.6068964378054;
2;10163.2909379968 * CompressionMethod + -6718.20349761526 * x_0 + 1513.5453100159 * BZip2;27.5872970724681;27.5872970724681;27.5872970724681;27.5872970724681;0.017141;3;1513.5453100159 * BZip2;1;13.2571865928048;
3;11557.5 * CompressionMethod + -8377.9761904762 * x_0 + 2894.4761904762 * BZip2 + -8351.97619047621 * x_2;17.2063922449003;17.2063922449003;17.2063922449003;17.2063922449003;0.039149;4;-8351.97619047621 * x_2;1;10.3809048275678;
4;11557.5 * CompressionMethod + -8068.16666666667 * x_0 + 2584.66666666668 * BZip2 + -8042.16666666669 * x_2 + -1084.33333333333 * PPMd;11.2623825181136;11.2623825181136;11.2623825181136;11.2623825181136;0.072204;5;-1084.33333333333 * PPMd;1;5.94400972678664;
5;11557.5 * CompressionMethod + -8192.47101449275 * x_0 + 2584.66666666667 * BZip2 + -8042.16666666666 * x_2 + -1167.20289855072 * PPMd + 310.76086956521 * filterOff;8.94109016866813;8.94109016866813;8.94109016866813;8.94109016866813;0.120883;6;310.76086956521 * filterOff;1;2.32129234944547;
6;11557.5 * CompressionMethod + -8236.98973675055 * x_0 + 2596.26927983301 * BZip2 + -8053.76927983298 * x_2 + -1177.54435811202 * PPMd + 306.031543546324 * filterOff + 87.0195987475289 * mtOff;7.39257935776421;7.39257935776421;7.39257935776421;7.39257935776421;0.184591;7;87.0195987475289 * mtOff;1;1.54851081090392;
7;11557.5 * CompressionMethod + -8241.85961585021 * x_0 + 2606.33483980308 * BZip2 + -8063.83483980307 * x_2 + -1164.015010895 * PPMd + 365.413203131304 * filterOff + 88.5800177548154 * mtOff + -147.862561536612 * filterOff * HeaderCompressionOff;6.78311836061099;6.78311836061099;6.78311836061099;6.78311836061099;0.268324;9;-147.862561536612 * filterOff * HeaderCompressionOff;2;0.304730498576614;
8;11557.5 * CompressionMethod + -8242.16174382277 * x_0 + 2581.79380857711 * BZip2 + -8039.29380857712 * x_2 + -1205.11814825332 * PPMd + 367.898892360124 * filterOff + 111.445612042031 * mtOff + -74.3493325759797 * filterOff * HeaderCompressionOff + -340.333428003386 * filterOff * HeaderCompressionOff * LZMA;5.40016398234665;5.40016398234665;5.40016398234665;5.40016398234665;0.382743;12;-340.333428003386 * filterOff * HeaderCompressionOff * LZMA;3;0.46098479275478;
9;11557.5 * CompressionMethod + -8275.30062702586 * x_0 + 2685.65226632659 * BZip2 + -8143.15226632659 * x_2 + -1200.55157022158 * PPMd + 480.790690259837 * filterOff + -56.3698921302988 * mtOff + -318.099792762645 * filterOff * HeaderCompressionOff + -447.835166586943 * filterOff * HeaderCompressionOff * LZMA + 439.314788245915 * mtOff * HeaderCompressionOff;4.31841710478109;4.31841710478109;4.31841710478109;4.31841710478109;0.529146;14;439.314788245915 * mtOff * HeaderCompressionOff;2;0.540873438782778;
10;11557.5 * CompressionMethod + -8292.05381287183 * x_0 + 2581.03623580313 * BZip2 + -8038.53623580315 * x_2 + -1193.92644672795 * PPMd + 489.517577068686 * filterOff + -19.4824229313191 * mtOff + -375.715521903746 * filterOff * HeaderCompressionOff + -415.851811790138 * filterOff * HeaderCompressionOff * LZMA + 436.085992428329 * mtOff * HeaderCompressionOff + 286.616549486222 * BZip2 * HeaderCompressionOff;4.07893747845583;4.07893747845583;4.07893747845583;4.07893747845583;0.714438;16;286.616549486222 * BZip2 * HeaderCompressionOff;2;0.119739813162632;
Elapsed=00:00:00.7147876
Learning progress:
1;8292.5 * CompressionMethod + -4541.01851851852 * x_0;33.895211940399;33.895211940399;33.895211940399;33.895211940399;0.00584;2;-4541.01851851852 * x_0;1;36.2316807165768;
2;7759.94871794871 * CompressionMethod + -4481.84615384615 * x_0 + 2130.20512820513 * BZip2;24.9164621132234;24.9164621132234;24.9164621132234;24.9164621132234;0.016214;3;2130.20512820513 * BZip2;1;8.97874982717562;
3;7844.89361702127 * CompressionMethod + -4184.5390070922 * x_0 + 1790.42553191489 * BZip2 + -1380.35460992908 * PPMd;19.5423564790085;19.5423564790085;19.5423564790085;19.5423564790085;0.035421;4;-1380.35460992908 * PPMd;1;5.37410563421486;
4;9023.33333333333 * CompressionMethod + -5598.66666666667 * x_0 + 2615.33333333333 * BZip2 + -1144.66666666666 * PPMd + -5538.66666666666 * x_2;17.2087450162252;17.2087450162252;17.2087450162252;17.2087450162252;0.06728;5;-5538.66666666666 * x_2;1;2.33361146278335;
5;19820 * CompressionMethod + -16395.3333333333 * x_0 + 2615.33333333333 * BZip2 + -1144.66666666666 * PPMd + -16335.3333333333 * x_2 + -16195 * x_4;11.0261597691827;11.0261597691827;11.0261597691827;11.0261597691827;0.10944;6;-16195 * x_4;1;6.18258524704248;
6;19272.3076923077 * CompressionMethod + -16322.3076923077 * x_0 + 2542.3076923077 * BZip2 + -1217.69230769229 * PPMd + -15714.6153846154 * x_2 + -16195 * x_4 + 547.692307692307 * Files_0;8.44336348166788;8.44336348166788;8.44336348166788;8.44336348166788;0.16676;7;547.692307692307 * Files_0;1;2.58279628751482;
7;19331.1111111111 * CompressionMethod + -16381.1111111111 * x_0 + 2537.40740740741 * BZip2 + -1222.59259259258 * PPMd + -15768.5185185186 * x_2 + -16195 * x_4 + 488.888888888884 * Files_0 + 127.407407407411 * filterOff;7.22636349284716;7.22636349284716;7.22636349284716;7.22636349284716;0.238833;8;127.407407407411 * filterOff;1;1.21699998882072;
8;19322.1436464088 * CompressionMethod + -16372.1436464088 * x_0 + 2497.80110497238 * BZip2 + -1221.84530386741 * PPMd + -15719.9447513812 * x_2 + -16195 * x_4 + 497.856353591155 * Files_0 + 269.392265193373 * filterOff + -242.121546961335 * filterOff * HeaderCompressionOff;5.69256269688954;5.69256269688954;5.69256269688954;5.69256269688954;0.331223;10;-242.121546961335 * filterOff * HeaderCompressionOff;2;0.76690039797881;
9;19270.6432748538 * CompressionMethod + -16320.6432748538 * x_0 + 2498.81091617933 * BZip2 + -1446.02339181286 * PPMd + -15669.4541910331 * x_2 + -16195 * x_4 + 549.3567251462 * Files_0 + 170.935672514627 * filterOff + -261.812865497088 * filterOff * HeaderCompressionOff + 456.939571150103 * PPMd * filterOff;4.18846029245647;4.18846029245647;4.18846029245647;4.18846029245647;0.455215;12;456.939571150103 * PPMd * filterOff;2;0.752051202216531;
10;19246.8847989093 * CompressionMethod + -16296.8847989093 * x_0 + 2720.55669166099 * BZip2 + -1469.78186775733 * PPMd + -15867.4414905703 * x_2 + -16195 * x_4 + 573.115201090676 * Files_0 + 143.217450579408 * filterOff + -297.450579413788 * filterOff * HeaderCompressionOff + 508.416269029778 * PPMd * filterOff + -451.411042944789 * BZip2 * mtOff;3.71111187901927;3.71111187901927;3.71111187901927;3.71111187901927;0.608378;14;-451.411042944789 * BZip2 * mtOff;2;0.238674206718603;
11;19276.0213776722 * CompressionMethod + -16326.0213776722 * x_0 + 2732.18378859858 * BZip2 + -1477.36638954869 * PPMd + -15908.2051662708 * x_2 + -16195 * x_4 + 543.978622327763 * Files_0 + 169.049881235153 * filterOff + -351.668646080768 * filterOff * HeaderCompressionOff + 518.72921615203 * PPMd * filterOff + -460.872921615201 * BZip2 * mtOff + 55.0816508313608 * HeaderCompressionOff;3.37527948305571;3.37527948305571;3.37527948305571;3.37527948305571;0.795722;15;55.0816508313608 * HeaderCompressionOff;1;0.335832395963555;
12;19315.0622406639 * CompressionMethod + -16365.0622406639 * x_0 + 2866.9398340249 * BZip2 + -1452.51037344398 * PPMd + -16082.0020746888 * x_2 + -16195 * x_4 + 504.937759336085 * Files_0 + 260.145228215762 * filterOff + -403.983402489634 * filterOff * HeaderCompressionOff + 462.510373444002 * PPMd * filterOff + -520.995850622414 * BZip2 * mtOff + 76.358921161825 * HeaderCompressionOff + -219.149377593362 * BZip2 * filterOff;2.72870787369023;2.72870787369023;2.72870787369023;2.72870787369023;1.013331;17;-219.149377593362 * BZip2 * filterOff;2;0.323285804682744;
13;19372.5622406639 * CompressionMethod + -16365.0622406639 * x_0 + 2866.9398340249 * BZip2 + -1452.51037344398 * PPMd + -16139.5020746888 * x_2 + -16252.5 * x_4 + 562.43775933611 * Files_0 + 260.145228215762 * filterOff + -403.983402489634 * filterOff * HeaderCompressionOff + 462.510373443996 * PPMd * filterOff + -520.995850622431 * BZip2 * mtOff + 76.3589211618158 * HeaderCompressionOff + -219.149377593363 * BZip2 * filterOff + -114.999999999989 * BlockSize_1;2.59454534113722;2.59454534113722;2.59454534113722;2.59454534113722;1.395062;18;-114.999999999989 * BlockSize_1;1;0.134162532553005;
Elapsed=00:00:01.3954634
Learning progress:
1;5325.2 * CompressionMethod + -3040.2 * PPMd;29.3022049871155;29.3022049871155;29.3022049871155;29.3022049871155;0.003337;2;-3040.2 * PPMd;1;74.7850266030949;
2;5865.26315789473 * CompressionMethod + -3580.26315789474 * PPMd + -2250.26315789474 * LZMA2;21.234610452715;21.234610452715;21.234610452715;21.234610452715;0.014392;3;-2250.26315789474 * LZMA2;1;8.06759453440047;
3;4530 * CompressionMethod + -3737.35294117647 * PPMd + -2407.35294117647 * LZMA2 + 1492.35294117646 * BlockSize_1;16.8494489543701;16.8494489543701;16.8494489543701;16.8494489543701;0.033307;4;1492.35294117646 * BlockSize_1;1;4.38516149834492;
4;4530 * CompressionMethod + -3989.01960784314 * PPMd + -2407.35294117647 * LZMA2 + 1492.35294117647 * BlockSize_1 + 503.333333333336 * PPMd * filterOff;14.7413701459237;14.7413701459237;14.7413701459237;14.7413701459237;0.06679;6;503.333333333336 * PPMd * filterOff;2;1.0540394042232;
5;4529.99999999999 * CompressionMethod + -3989.01960784314 * PPMd + -2645.68627450981 * LZMA2 + 1492.35294117647 * BlockSize_1 + 503.333333333333 * PPMd * filterOff + 476.666666666662 * LZMA2 * mtOff;13.1322999070459;13.1322999070459;13.1322999070459;13.1322999070459;0.114617;8;476.666666666662 * LZMA2 * mtOff;2;0.804535119438905;
6;4530 * CompressionMethod + -3989.01960784314 * PPMd + -2645.68627450981 * LZMA2 + 1492.35294117647 * BlockSize_1 + 426.666666666674 * PPMd * filterOff + 476.666666666658 * LZMA2 * mtOff + 230.000000000004 * PPMd * filterOff * mtOff;12.4276430443007;12.4276430443007;12.4276430443007;12.4276430443007;0.180823;11;230.000000000004 * PPMd * filterOff * mtOff;3;0.234885620915068;
7;2960 * CompressionMethod + -3989.01960784314 * PPMd + -2645.68627450981 * LZMA2 + 3062.35294117647 * BlockSize_1 + 426.666666666662 * PPMd * filterOff + 476.666666666666 * LZMA2 * mtOff + 229.999999999997 * PPMd * filterOff * mtOff + 3140 * x_2;12.3271068512712;12.3271068512712;12.3271068512712;12.3271068512712;0.2751;12;3140 * x_2;1;0.100536193029434;
Elapsed=00:00:00.2753980
Learning progress:
1;10466 * CompressionMethod + -6749.33333333333 * x_0;25.6434749926452;25.6434749926452;25.6434749926452;25.6434749926452;0.005624;2;-6749.33333333333 * x_0;1;28.7222688895711;
2;10466 * CompressionMethod + -6340.28571428572 * x_0 + -1840.71428571428 * PPMd;17.6951633935293;17.6951633935293;17.6951633935293;17.6951633935293;0.018694;3;-1840.71428571428 * PPMd;1;7.94831159911593;
3;10189.9438202247 * CompressionMethod + -6458.59550561798 * x_0 + -1446.34831460674 * PPMd + 1380.28089887641 * BZip2;9.69920804418522;9.69920804418522;9.69920804418522;9.69920804418522;0.040966;4;1380.28089887641 * BZip2;1;7.99595534934403;
4;7662.90780141844 * CompressionMethod + -4068.1560283688 * x_0 + -1309.75177304964 * PPMd + 1858.36879432624 * BZip2 + 12157.0921985816 * x_10;8.21037349286229;8.21037349286229;8.21037349286229;8.21037349286229;0.076874;5;12157.0921985816 * x_10;1;1.48883455132293;
5;7667.47181964573 * CompressionMethod + -4159.43639291465 * x_0 + -1330.28985507247 * PPMd + 1840.11272141707 * BZip2 + 12152.5281803543 * x_10 + 214.508856682765 * mtOff;6.57926481277824;6.57926481277824;6.57926481277824;6.57926481277824;0.12555;6;214.508856682765 * mtOff;1;1.63110868008405;
6;7667.47181964573 * CompressionMethod + -4159.43639291465 * x_0 + -1330.28985507246 * PPMd + 1840.11272141707 * BZip2 + 12152.5281803543 * x_10 + 202.008856682771 * mtOff + 37.4999999999978 * mtOff * HeaderCompressionOff;6.45036034710215;6.45036034710215;6.45036034710215;6.45036034710215;0.192721;8;37.4999999999978 * mtOff * HeaderCompressionOff;2;0.0644522328380455;
Elapsed=00:00:00.1929993
Learning progress:
1;3694.4 * CompressionMethod + 2490.6 * BZip2;19.7985346220913;19.7985346220913;19.7985346220913;19.7985346220913;0.00328;2;2490.6 * BZip2;1;26.5429972994566;
2;3694.4 * CompressionMethod + 2580.6 * BZip2 + -270.000000000004 * BZip2 * mtOff;19.5746123942492;19.5746123942492;19.5746123942492;19.5746123942492;0.013347;4;-270.000000000004 * BZip2 * mtOff;2;0.111961113921042;
Elapsed=00:00:00.0135381
Learning progress:
1;10466 * CompressionMethod + -6729.84615384615 * x_0;40.8444836652728;40.8444836652728;40.8444836652728;40.8444836652728;0.005573;2;-6729.84615384615 * x_0;1;55.6068964378054;
2;10163.2909379968 * CompressionMethod + -6718.20349761526 * x_0 + 1513.5453100159 * BZip2;27.5872970724681;27.5872970724681;27.5872970724681;27.5872970724681;0.017396;3;1513.5453100159 * BZip2;1;13.2571865928048;
3;11557.5 * CompressionMethod + -8377.9761904762 * x_0 + 2894.4761904762 * BZip2 + -8351.97619047621 * x_2;17.2063922449003;17.2063922449003;17.2063922449003;17.2063922449003;0.038708;4;-8351.97619047621 * x_2;1;10.3809048275678;
4;11557.5 * CompressionMethod + -8068.16666666667 * x_0 + 2584.66666666668 * BZip2 + -8042.16666666669 * x_2 + -1084.33333333333 * PPMd;11.2623825181136;11.2623825181136;11.2623825181136;11.2623825181136;0.071464;5;-1084.33333333333 * PPMd;1;5.94400972678664;
5;11557.5 * CompressionMethod + -8192.47101449275 * x_0 + 2584.66666666667 * BZip2 + -8042.16666666666 * x_2 + -1167.20289855072 * PPMd + 310.76086956521 * filterOff;8.94109016866813;8.94109016866813;8.94109016866813;8.94109016866813;0.120767;6;310.76086956521 * filterOff;1;2.32129234944547;
6;11557.5 * CompressionMethod + -8236.98973675055 * x_0 + 2596.26927983301 * BZip2 + -8053.76927983298 * x_2 + -1177.54435811202 * PPMd + 306.031543546324 * filterOff + 87.0195987475289 * mtOff;7.39257935776421;7.39257935776421;7.39257935776421;7.39257935776421;0.185619;7;87.0195987475289 * mtOff;1;1.54851081090392;
7;11557.5 * CompressionMethod + -8241.85961585021 * x_0 + 2606.33483980308 * BZip2 + -8063.83483980307 * x_2 + -1164.015010895 * PPMd + 365.413203131304 * filterOff + 88.5800177548154 * mtOff + -147.862561536612 * filterOff * HeaderCompressionOff;6.78311836061099;6.78311836061099;6.78311836061099;6.78311836061099;0.271144;9;-147.862561536612 * filterOff * HeaderCompressionOff;2;0.304730498576614;
Elapsed=00:00:00.2714437
Learning progress:
1;8292.5 * CompressionMethod + -4541.01851851852 * x_0;33.895211940399;33.895211940399;33.895211940399;33.895211940399;0.004046;2;-4541.01851851852 * x_0;1;36.2316807165768;
2;7759.94871794871 * CompressionMethod + -4481.84615384615 * x_0 + 2130.20512820513 * BZip2;24.9164621132234;24.9164621132234;24.9164621132234;24.9164621132234;0.016545;3;2130.20512820513 * BZip2;1;8.97874982717562;
3;7844.89361702127 * CompressionMethod + -4184.5390070922 * x_0 + 1790.42553191489 * BZip2 + -1380.35460992908 * PPMd;19.5423564790085;19.5423564790085;19.5423564790085;19.5423564790085;0.035848;4;-1380.35460992908 * PPMd;1;5.37410563421486;
4;9023.33333333333 * CompressionMethod + -5598.66666666667 * x_0 + 2615.33333333333 * BZip2 + -1144.66666666666 * PPMd + -5538.66666666666 * x_2;17.2087450162252;17.2087450162252;17.2087450162252;17.2087450162252;0.065661;5;-5538.66666666666 * x_2;1;2.33361146278335;
5;19820 * CompressionMethod + -16395.3333333333 * x_0 + 2615.33333333333 * BZip2 + -1144.66666666666 * PPMd + -16335.3333333333 * x_2 + -16195 * x_4;11.0261597691827;11.0261597691827;11.0261597691827;11.0261597691827;0.109702;6;-16195 * x_4;1;6.18258524704248;
6;19272.3076923077 * CompressionMethod + -16322.3076923077 * x_0 + 2542.3076923077 * BZip2 + -1217.69230769229 * PPMd + -15714.6153846154 * x_2 + -16195 * x_4 + 547.692307692307 * Files_0;8.44336348166788;8.44336348166788;8.44336348166788;8.44336348166788;0.166898;7;547.692307692307 * Files_0;1;2.58279628751482;
7;19331.1111111111 * CompressionMethod + -16381.1111111111 * x_0 + 2537.40740740741 * BZip2 + -1222.59259259258 * PPMd + -15768.5185185186 * x_2 + -16195 * x_4 + 488.888888888884 * Files_0 + 127.407407407411 * filterOff;7.22636349284716;7.22636349284716;7.22636349284716;7.22636349284716;0.242885;8;127.407407407411 * filterOff;1;1.21699998882072;
8;19322.1436464088 * CompressionMethod + -16372.1436464088 * x_0 + 2497.80110497238 * BZip2 + -1221.84530386741 * PPMd + -15719.9447513812 * x_2 + -16195 * x_4 + 497.856353591155 * Files_0 + 269.392265193373 * filterOff + -242.121546961335 * filterOff * HeaderCompressionOff;5.69256269688954;5.69256269688954;5.69256269688954;5.69256269688954;0.335582;10;-242.121546961335 * filterOff * HeaderCompressionOff;2;0.76690039797881;
9;19270.6432748538 * CompressionMethod + -16320.6432748538 * x_0 + 2498.81091617933 * BZip2 + -1446.02339181286 * PPMd + -15669.4541910331 * x_2 + -16195 * x_4 + 549.3567251462 * Files_0 + 170.935672514627 * filterOff + -261.812865497088 * filterOff * HeaderCompressionOff + 456.939571150103 * PPMd * filterOff;4.18846029245647;4.18846029245647;4.18846029245647;4.18846029245647;0.459508;12;456.939571150103 * PPMd * filterOff;2;0.752051202216531;
10;19246.8847989093 * CompressionMethod + -16296.8847989093 * x_0 + 2720.55669166099 * BZip2 + -1469.78186775733 * PPMd + -15867.4414905703 * x_2 + -16195 * x_4 + 573.115201090676 * Files_0 + 143.217450579408 * filterOff + -297.450579413788 * filterOff * HeaderCompressionOff + 508.416269029778 * PPMd * filterOff + -451.411042944789 * BZip2 * mtOff;3.71111187901927;3.71111187901927;3.71111187901927;3.71111187901927;0.612573;14;-451.411042944789 * BZip2 * mtOff;2;0.238674206718603;
Elapsed=00:00:00.6129070
Learning progress:
1;5325.2 * CompressionMethod + -3040.2 * PPMd;29.3022049871155;29.3022049871155;29.3022049871155;29.3022049871155;0.005733;2;-3040.2 * PPMd;1;74.7850266030949;
2;5865.26315789473 * CompressionMethod + -3580.26315789474 * PPMd + -2250.26315789474 * LZMA2;21.234610452715;21.234610452715;21.234610452715;21.234610452715;0.015189;3;-2250.26315789474 * LZMA2;1;8.06759453440047;
3;4530 * CompressionMethod + -3737.35294117647 * PPMd + -2407.35294117647 * LZMA2 + 1492.35294117646 * BlockSize_1;16.8494489543701;16.8494489543701;16.8494489543701;16.8494489543701;0.034652;4;1492.35294117646 * BlockSize_1;1;4.38516149834492;
4;4530 * CompressionMethod + -3989.01960784314 * PPMd + -2407.35294117647 * LZMA2 + 1492.35294117647 * BlockSize_1 + 503.333333333336 * PPMd * filterOff;14.7413701459237;14.7413701459237;14.7413701459237;14.7413701459237;0.068614;6;503.333333333336 * PPMd * filterOff;2;1.0540394042232;
5;4529.99999999999 * CompressionMethod + -3989.01960784314 * PPMd + -2645.68627450981 * LZMA2 + 1492.35294117647 * BlockSize_1 + 503.333333333333 * PPMd * filterOff + 476.666666666662 * LZMA2 * mtOff;13.1322999070459;13.1322999070459;13.1322999070459;13.1322999070459;0.117794;8;476.666666666662 * LZMA2 * mtOff;2;0.804535119438905;
6;4530 * CompressionMethod + -3989.01960784314 * PPMd + -2645.68627450981 * LZMA2 + 1492.35294117647 * BlockSize_1 + 426.666666666674 * PPMd * filterOff + 476.666666666658 * LZMA2 * mtOff + 230.000000000004 * PPMd * filterOff * mtOff;12.4276430443007;12.4276430443007;12.4276430443007;12.4276430443007;0.186306;11;230.000000000004 * PPMd * filterOff * mtOff;3;0.234885620915068;
Elapsed=00:00:00.1865976
Learning progress:
1;10466 * CompressionMethod + -6749.33333333333 * x_0;25.6434749926452;25.6434749926452;25.6434749926452;25.6434749926452;0.005634;2;-6749.33333333333 * x_0;1;28.7222688895711;
2;10466 * CompressionMethod + -6340.28571428572 * x_0 + -1840.71428571428 * PPMd;17.6951633935293;17.6951633935293;17.6951633935293;17.6951633935293;0.018819;3;-1840.71428571428 * PPMd;1;7.94831159911593;
3;10189.9438202247 * CompressionMethod + -6458.59550561798 * x_0 + -1446.34831460674 * PPMd + 1380.28089887641 * BZip2;9.69920804418522;9.69920804418522;9.69920804418522;9.69920804418522;0.041044;4;1380.28089887641 * BZip2;1;7.99595534934403;
4;7662.90780141844 * CompressionMethod + -4068.1560283688 * x_0 + -1309.75177304964 * PPMd + 1858.36879432624 * BZip2 + 12157.0921985816 * x_10;8.21037349286229;8.21037349286229;8.21037349286229;8.21037349286229;0.077854;5;12157.0921985816 * x_10;1;1.48883455132293;
5;7667.47181964573 * CompressionMethod + -4159.43639291465 * x_0 + -1330.28985507247 * PPMd + 1840.11272141707 * BZip2 + 12152.5281803543 * x_10 + 214.508856682765 * mtOff;6.57926481277824;6.57926481277824;6.57926481277824;6.57926481277824;0.128748;6;214.508856682765 * mtOff;1;1.63110868008405;
6;7667.47181964573 * CompressionMethod + -4159.43639291465 * x_0 + -1330.28985507246 * PPMd + 1840.11272141707 * BZip2 + 12152.5281803543 * x_10 + 202.008856682771 * mtOff + 37.4999999999978 * mtOff * HeaderCompressionOff;6.45036034710215;6.45036034710215;6.45036034710215;6.45036034710215;0.197131;8;37.4999999999978 * mtOff * HeaderCompressionOff;2;0.0644522328380455;
Elapsed=00:00:00.1974106
Learning progress:
1;3694.4 * CompressionMethod + 2490.6 * BZip2;19.7985346220913;19.7985346220913;19.7985346220913;19.7985346220913;0.003574;2;2490.6 * BZip2;1;26.5429972994566;
2;3694.4 * CompressionMethod + 2580.6 * BZip2 + -270.000000000004 * BZip2 * mtOff;19.5746123942492;19.5746123942492;19.5746123942492;19.5746123942492;0.013928;4;-270.000000000004 * BZip2 * mtOff;2;0.111961113921042;
3;3692.91666666667 * CompressionMethod + 2582.08333333334 * BZip2 + -270 * BZip2 * mtOff + 37.0833333333333 * BlockSize_4096;19.5673478802346;19.5673478802346;19.5673478802346;19.5673478802346;0.029938;5;37.0833333333333 * BlockSize_4096;1;0.00726451401459016;
Elapsed=00:00:00.0301393
Learning progress:
1;10466 * CompressionMethod + -6729.84615384615 * x_0;40.8444836652728;40.8444836652728;40.8444836652728;40.8444836652728;0.003531;2;-6729.84615384615 * x_0;1;55.6068964378054;
2;10163.2909379968 * CompressionMethod + -6718.20349761526 * x_0 + 1513.5453100159 * BZip2;27.5872970724681;27.5872970724681;27.5872970724681;27.5872970724681;0.017098;3;1513.5453100159 * BZip2;1;13.2571865928048;
3;11557.5 * CompressionMethod + -8377.9761904762 * x_0 + 2894.4761904762 * BZip2 + -8351.97619047621 * x_2;17.2063922449003;17.2063922449003;17.2063922449003;17.2063922449003;0.0392;4;-8351.97619047621 * x_2;1;10.3809048275678;
4;11557.5 * CompressionMethod + -8068.16666666667 * x_0 + 2584.66666666668 * BZip2 + -8042.16666666669 * x_2 + -1084.33333333333 * PPMd;11.2623825181136;11.2623825181136;11.2623825181136;11.2623825181136;0.073178;5;-1084.33333333333 * PPMd;1;5.94400972678664;
5;11557.5 * CompressionMethod + -8192.47101449275 * x_0 + 2584.66666666667 * BZip2 + -8042.16666666666 * x_2 + -1167.20289855072 * PPMd + 310.76086956521 * filterOff;8.94109016866813;8.94109016866813;8.94109016866813;8.94109016866813;0.123458;6;310.76086956521 * filterOff;1;2.32129234944547;
6;11557.5 * CompressionMethod + -8236.98973675055 * x_0 + 2596.26927983301 * BZip2 + -8053.76927983298 * x_2 + -1177.54435811202 * PPMd + 306.031543546324 * filterOff + 87.0195987475289 * mtOff;7.39257935776421;7.39257935776421;7.39257935776421;7.39257935776421;0.187547;7;87.0195987475289 * mtOff;1;1.54851081090392;
7;11557.5 * CompressionMethod + -8241.85961585021 * x_0 + 2606.33483980308 * BZip2 + -8063.83483980307 * x_2 + -1164.015010895 * PPMd + 365.413203131304 * filterOff + 88.5800177548154 * mtOff + -147.862561536612 * filterOff * HeaderCompressionOff;6.78311836061099;6.78311836061099;6.78311836061099;6.78311836061099;0.271593;9;-147.862561536612 * filterOff * HeaderCompressionOff;2;0.304730498576614;
8;11557.5 * CompressionMethod + -8242.16174382277 * x_0 + 2581.79380857711 * BZip2 + -8039.29380857712 * x_2 + -1205.11814825332 * PPMd + 367.898892360124 * filterOff + 111.445612042031 * mtOff + -74.3493325759797 * filterOff * HeaderCompressionOff + -340.333428003386 * filterOff * HeaderCompressionOff * LZMA;5.40016398234665;5.40016398234665;5.40016398234665;5.40016398234665;0.385136;12;-340.333428003386 * filterOff * HeaderCompressionOff * LZMA;3;0.46098479275478;
9;11557.5 * CompressionMethod + -8275.30062702586 * x_0 + 2685.65226632659 * BZip2 + -8143.15226632659 * x_2 + -1200.55157022158 * PPMd + 480.790690259837 * filterOff + -56.3698921302988 * mtOff + -318.099792762645 * filterOff * HeaderCompressionOff + -447.835166586943 * filterOff * HeaderCompressionOff * LZMA + 439.314788245915 * mtOff * HeaderCompressionOff;4.31841710478109;4.31841710478109;4.31841710478109;4.31841710478109;0.532222;14;439.314788245915 * mtOff * HeaderCompressionOff;2;0.540873438782778;
10;11557.5 * CompressionMethod + -8292.05381287183 * x_0 + 2581.03623580313 * BZip2 + -8038.53623580315 * x_2 + -1193.92644672795 * PPMd + 489.517577068686 * filterOff + -19.4824229313191 * mtOff + -375.715521903746 * filterOff * HeaderCompressionOff + -415.851811790138 * filterOff * HeaderCompressionOff * LZMA + 436.085992428329 * mtOff * HeaderCompressionOff + 286.616549486222 * BZip2 * HeaderCompressionOff;4.07893747845583;4.07893747845583;4.07893747845583;4.07893747845583;0.715838;16;286.616549486222 * BZip2 * HeaderCompressionOff;2;0.119739813162632;
11;11557.5 * CompressionMethod + -8294.94840052124 * x_0 + 2589.45100676784 * BZip2 + -8046.95100676782 * x_2 + -1184.67253772751 * PPMd + 473.18508554373 * filterOff + -19.5964521417568 * mtOff + -362.42380932365 * filterOff * HeaderCompressionOff + -464.387321871439 * filterOff * HeaderCompressionOff * LZMA + 436.609357265956 * mtOff * HeaderCompressionOff + 282.616755643364 * BZip2 * HeaderCompressionOff + 54.0615410483913 * filterOff * LZMA;4.03670178062593;4.03670178062593;4.03670178062593;4.03670178062593;0.935983;18;54.0615410483913 * filterOff * LZMA;2;0.0211178489149462;
Elapsed=00:00:00.9363521
Learning progress:
1;8292.5 * CompressionMethod + -4541.01851851852 * x_0;33.895211940399;33.895211940399;33.895211940399;33.895211940399;0.003189;2;-4541.01851851852 * x_0;1;36.2316807165768;
2;7759.94871794871 * CompressionMethod + -4481.84615384615 * x_0 + 2130.20512820513 * BZip2;24.9164621132234;24.9164621132234;24.9164621132234;24.9164621132234;0.014567;3;2130.20512820513 * BZip2;1;8.97874982717562;
3;7844.89361702127 * CompressionMethod + -4184.5390070922 * x_0 + 1790.42553191489 * BZip2 + -1380.35460992908 * PPMd;19.5423564790085;19.5423564790085;19.5423564790085;19.5423564790085;0.033245;4;-1380.35460992908 * PPMd;1;5.37410563421486;
4;9023.33333333333 * CompressionMethod + -5598.66666666667 * x_0 + 2615.33333333333 * BZip2 + -1144.66666666666 * PPMd + -5538.66666666666 * x_2;17.2087450162252;17.2087450162252;17.2087450162252;17.2087450162252;0.063355;5;-5538.66666666666 * x_2;1;2.33361146278335;
5;19820 * CompressionMethod + -16395.3333333333 * x_0 + 2615.33333333333 * BZip2 + -1144.66666666666 * PPMd + -16335.3333333333 * x_2 + -16195 * x_4;11.0261597691827;11.0261597691827;11.0261597691827;11.0261597691827;0.104717;6;-16195 * x_4;1;6.18258524704248;
6;19272.3076923077 * CompressionMethod + -16322.3076923077 * x_0 + 2542.3076923077 * BZip2 + -1217.69230769229 * PPMd + -15714.6153846154 * x_2 + -16195 * x_4 + 547.692307692307 * Files_0;8.44336348166788;8.44336348166788;8.44336348166788;8.44336348166788;0.161218;7;547.692307692307 * Files_0;1;2.58279628751482;
7;19331.1111111111 * CompressionMethod + -16381.1111111111 * x_0 + 2537.40740740741 * BZip2 + -1222.59259259258 * PPMd + -15768.5185185186 * x_2 + -16195 * x_4 + 488.888888888884 * Files_0 + 127.407407407411 * filterOff;7.22636349284716;7.22636349284716;7.22636349284716;7.22636349284716;0.236373;8;127.407407407411 * filterOff;1;1.21699998882072;
8;19322.1436464088 * CompressionMethod + -16372.1436464088 * x_0 + 2497.80110497238 * BZip2 + -1221.84530386741 * PPMd + -15719.9447513812 * x_2 + -16195 * x_4 + 497.856353591155 * Files_0 + 269.392265193373 * filterOff + -242.121546961335 * filterOff * HeaderCompressionOff;5.69256269688954;5.69256269688954;5.69256269688954;5.69256269688954;0.328203;10;-242.121546961335 * filterOff * HeaderCompressionOff;2;0.76690039797881;
9;19270.6432748538 * CompressionMethod + -16320.6432748538 * x_0 + 2498.81091617933 * BZip2 + -1446.02339181286 * PPMd + -15669.4541910331 * x_2 + -16195 * x_4 + 549.3567251462 * Files_0 + 170.935672514627 * filterOff + -261.812865497088 * filterOff * HeaderCompressionOff + 456.939571150103 * PPMd * filterOff;4.18846029245647;4.18846029245647;4.18846029245647;4.18846029245647;0.451444;12;456.939571150103 * PPMd * filterOff;2;0.752051202216531;
10;19246.8847989093 * CompressionMethod + -16296.8847989093 * x_0 + 2720.55669166099 * BZip2 + -1469.78186775733 * PPMd + -15867.4414905703 * x_2 + -16195 * x_4 + 573.115201090676 * Files_0 + 143.217450579408 * filterOff + -297.450579413788 * filterOff * HeaderCompressionOff + 508.416269029778 * PPMd * filterOff + -451.411042944789 * BZip2 * mtOff;3.71111187901927;3.71111187901927;3.71111187901927;3.71111187901927;0.60374;14;-451.411042944789 * BZip2 * mtOff;2;0.238674206718603;
11;19276.0213776722 * CompressionMethod + -16326.0213776722 * x_0 + 2732.18378859858 * BZip2 + -1477.36638954869 * PPMd + -15908.2051662708 * x_2 + -16195 * x_4 + 543.978622327763 * Files_0 + 169.049881235153 * filterOff + -351.668646080768 * filterOff * HeaderCompressionOff + 518.72921615203 * PPMd * filterOff + -460.872921615201 * BZip2 * mtOff + 55.0816508313608 * HeaderCompressionOff;3.37527948305571;3.37527948305571;3.37527948305571;3.37527948305571;0.794084;15;55.0816508313608 * HeaderCompressionOff;1;0.335832395963555;
12;19315.0622406639 * CompressionMethod + -16365.0622406639 * x_0 + 2866.9398340249 * BZip2 + -1452.51037344398 * PPMd + -16082.0020746888 * x_2 + -16195 * x_4 + 504.937759336085 * Files_0 + 260.145228215762 * filterOff + -403.983402489634 * filterOff * HeaderCompressionOff + 462.510373444002 * PPMd * filterOff + -520.995850622414 * BZip2 * mtOff + 76.358921161825 * HeaderCompressionOff + -219.149377593362 * BZip2 * filterOff;2.72870787369023;2.72870787369023;2.72870787369023;2.72870787369023;1.013866;17;-219.149377593362 * BZip2 * filterOff;2;0.323285804682744;
13;19372.5622406639 * CompressionMethod + -16365.0622406639 * x_0 + 2866.9398340249 * BZip2 + -1452.51037344398 * PPMd + -16139.5020746888 * x_2 + -16252.5 * x_4 + 562.43775933611 * Files_0 + 260.145228215762 * filterOff + -403.983402489634 * filterOff * HeaderCompressionOff + 462.510373443996 * PPMd * filterOff + -520.995850622431 * BZip2 * mtOff + 76.3589211618158 * HeaderCompressionOff + -219.149377593363 * BZip2 * filterOff + -114.999999999989 * BlockSize_1;2.59454534113722;2.59454534113722;2.59454534113722;2.59454534113722;1.273337;18;-114.999999999989 * BlockSize_1;1;0.134162532553005;
14;19360.6707317074 * CompressionMethod + -16353.1707317073 * x_0 + 2830.6707317073 * BZip2 + -1450.52845528455 * PPMd + -16091.3414634147 * x_2 + -16252.5 * x_4 + 574.329268292668 * Files_0 + 264.241192411912 * filterOff + -407.154471544731 * filterOff * HeaderCompressionOff + 460.528455284565 * PPMd * filterOff + -521.788617886167 * BZip2 * mtOff + 55.5487804878099 * HeaderCompressionOff + -222.452574525723 * BZip2 * filterOff + -115 * BlockSize_1 + 95.5284552845665 * BZip2 * HeaderCompressionOff;2.4778312828997;2.4778312828997;2.4778312828997;2.4778312828997;1.569234;20;95.5284552845665 * BZip2 * HeaderCompressionOff;2;0.0583570291187625;
Elapsed=00:00:01.5696495
Learning progress:
1;5325.2 * CompressionMethod + -3040.2 * PPMd;29.3022049871155;29.3022049871155;29.3022049871155;29.3022049871155;0.005287;2;-3040.2 * PPMd;1;74.7850266030949;
2;5865.26315789473 * CompressionMethod + -3580.26315789474 * PPMd + -2250.26315789474 * LZMA2;21.234610452715;21.234610452715;21.234610452715;21.234610452715;0.015432;3;-2250.26315789474 * LZMA2;1;8.06759453440047;
3;4530 * CompressionMethod + -3737.35294117647 * PPMd + -2407.35294117647 * LZMA2 + 1492.35294117646 * BlockSize_1;16.8494489543701;16.8494489543701;16.8494489543701;16.8494489543701;0.035911;4;1492.35294117646 * BlockSize_1;1;4.38516149834492;
4;4530 * CompressionMethod + -3989.01960784314 * PPMd + -2407.35294117647 * LZMA2 + 1492.35294117647 * BlockSize_1 + 503.333333333336 * PPMd * filterOff;14.7413701459237;14.7413701459237;14.7413701459237;14.7413701459237;0.069274;6;503.333333333336 * PPMd * filterOff;2;1.0540394042232;
5;4529.99999999999 * CompressionMethod + -3989.01960784314 * PPMd + -2645.68627450981 * LZMA2 + 1492.35294117647 * BlockSize_1 + 503.333333333333 * PPMd * filterOff + 476.666666666662 * LZMA2 * mtOff;13.1322999070459;13.1322999070459;13.1322999070459;13.1322999070459;0.116417;8;476.666666666662 * LZMA2 * mtOff;2;0.804535119438905;
6;4530 * CompressionMethod + -3989.01960784314 * PPMd + -2645.68627450981 * LZMA2 + 1492.35294117647 * BlockSize_1 + 426.666666666674 * PPMd * filterOff + 476.666666666658 * LZMA2 * mtOff + 230.000000000004 * PPMd * filterOff * mtOff;12.4276430443007;12.4276430443007;12.4276430443007;12.4276430443007;0.183131;11;230.000000000004 * PPMd * filterOff * mtOff;3;0.234885620915068;
7;2960 * CompressionMethod + -3989.01960784314 * PPMd + -2645.68627450981 * LZMA2 + 3062.35294117647 * BlockSize_1 + 426.666666666662 * PPMd * filterOff + 476.666666666666 * LZMA2 * mtOff + 229.999999999997 * PPMd * filterOff * mtOff + 3140 * x_2;12.3271068512712;12.3271068512712;12.3271068512712;12.3271068512712;0.276405;12;3140 * x_2;1;0.100536193029434;
8;3770.58823529413 * CompressionMethod + -3989.01960784314 * PPMd + -2645.68627450981 * LZMA2 + 2251.76470588235 * BlockSize_1 + 426.666666666664 * PPMd * filterOff + 476.666666666664 * LZMA2 * mtOff + 229.999999999995 * PPMd * filterOff * mtOff + 2329.41176470589 * x_2 + -810.588235294115 * Files_50;9.88269745212289;9.88269745212289;9.88269745212289;9.88269745212289;0.390121;13;-810.588235294115 * Files_50;1;2.44440939914835;
9;3770.58823529412 * CompressionMethod + -3989.01960784313 * PPMd + -1322.8431372549 * LZMA2 + 2251.76470588235 * BlockSize_1 + 426.666666666671 * PPMd * filterOff + 476.666666666669 * LZMA2 * mtOff + 229.999999999998 * PPMd * filterOff * mtOff + 2329.41176470589 * x_2 + -810.588235294118 * Files_50 + -1322.8431372549 * BlockSize_1 * LZMA2;9.8826974521227;9.8826974521227;9.8826974521227;9.8826974521227;0.526938;15;-1322.8431372549 * BlockSize_1 * LZMA2;2;9.2370555648813E-14;
Elapsed=00:00:00.5272728
Learning progress:
1;10466 * CompressionMethod + -6749.33333333333 * x_0;25.6434749926452;25.6434749926452;25.6434749926452;25.6434749926452;0.0036;2;-6749.33333333333 * x_0;1;28.7222688895711;
2;10466 * CompressionMethod + -6340.28571428572 * x_0 + -1840.71428571428 * PPMd;17.6951633935293;17.6951633935293;17.6951633935293;17.6951633935293;0.018098;3;-1840.71428571428 * PPMd;1;7.94831159911593;
3;10189.9438202247 * CompressionMethod + -6458.59550561798 * x_0 + -1446.34831460674 * PPMd + 1380.28089887641 * BZip2;9.69920804418522;9.69920804418522;9.69920804418522;9.69920804418522;0.040015;4;1380.28089887641 * BZip2;1;7.99595534934403;
4;7662.90780141844 * CompressionMethod + -4068.1560283688 * x_0 + -1309.75177304964 * PPMd + 1858.36879432624 * BZip2 + 12157.0921985816 * x_10;8.21037349286229;8.21037349286229;8.21037349286229;8.21037349286229;0.076804;5;12157.0921985816 * x_10;1;1.48883455132293;
5;7667.47181964573 * CompressionMethod + -4159.43639291465 * x_0 + -1330.28985507247 * PPMd + 1840.11272141707 * BZip2 + 12152.5281803543 * x_10 + 214.508856682765 * mtOff;6.57926481277824;6.57926481277824;6.57926481277824;6.57926481277824;0.126172;6;214.508856682765 * mtOff;1;1.63110868008405;
6;7667.47181964573 * CompressionMethod + -4159.43639291465 * x_0 + -1330.28985507246 * PPMd + 1840.11272141707 * BZip2 + 12152.5281803543 * x_10 + 202.008856682771 * mtOff + 37.4999999999978 * mtOff * HeaderCompressionOff;6.45036034710215;6.45036034710215;6.45036034710215;6.45036034710215;0.195575;8;37.4999999999978 * mtOff * HeaderCompressionOff;2;0.0644522328380455;
Elapsed=00:00:00.1958544
Learning progress:
1;3694.4 * CompressionMethod + 2490.6 * BZip2;19.7985346220913;19.7985346220913;19.7985346220913;19.7985346220913;0.002762;2;2490.6 * BZip2;1;26.5429972994566;
2;3694.4 * CompressionMethod + 2580.6 * BZip2 + -270.000000000004 * BZip2 * mtOff;19.5746123942492;19.5746123942492;19.5746123942492;19.5746123942492;0.010553;4;-270.000000000004 * BZip2 * mtOff;2;0.111961113921042;
Elapsed=00:00:00.0107462
Learning progress:
1;10466 * CompressionMethod + -6729.84615384615 * x_0;40.8444836652728;40.8444836652728;40.8444836652728;40.8444836652728;0.004256;2;-6729.84615384615 * x_0;1;55.6068964378054;
2;10163.2909379968 * CompressionMethod + -6718.20349761526 * x_0 + 1513.5453100159 * BZip2;27.5872970724681;27.5872970724681;27.5872970724681;27.5872970724681;0.018761;3;1513.5453100159 * BZip2;1;13.2571865928048;
3;11557.5 * CompressionMethod + -8377.9761904762 * x_0 + 2894.4761904762 * BZip2 + -8351.97619047621 * x_2;17.2063922449003;17.2063922449003;17.2063922449003;17.2063922449003;0.042122;4;-8351.97619047621 * x_2;1;10.3809048275678;
4;11557.5 * CompressionMethod + -8068.16666666667 * x_0 + 2584.66666666668 * BZip2 + -8042.16666666669 * x_2 + -1084.33333333333 * PPMd;11.2623825181136;11.2623825181136;11.2623825181136;11.2623825181136;0.076712;5;-1084.33333333333 * PPMd;1;5.94400972678664;
5;11557.5 * CompressionMethod + -8192.47101449275 * x_0 + 2584.66666666667 * BZip2 + -8042.16666666666 * x_2 + -1167.20289855072 * PPMd + 310.76086956521 * filterOff;8.94109016866813;8.94109016866813;8.94109016866813;8.94109016866813;0.123961;6;310.76086956521 * filterOff;1;2.32129234944547;
6;11557.5 * CompressionMethod + -8236.98973675055 * x_0 + 2596.26927983301 * BZip2 + -8053.76927983298 * x_2 + -1177.54435811202 * PPMd + 306.031543546324 * filterOff + 87.0195987475289 * mtOff;7.39257935776421;7.39257935776421;7.39257935776421;7.39257935776421;0.19193;7;87.0195987475289 * mtOff;1;1.54851081090392;
7;11557.5 * CompressionMethod + -8241.85961585021 * x_0 + 2606.33483980308 * BZip2 + -8063.83483980307 * x_2 + -1164.015010895 * PPMd + 365.413203131304 * filterOff + 88.5800177548154 * mtOff + -147.862561536612 * filterOff * HeaderCompressionOff;6.78311836061099;6.78311836061099;6.78311836061099;6.78311836061099;0.274511;9;-147.862561536612 * filterOff * HeaderCompressionOff;2;0.304730498576614;
8;11557.5 * CompressionMethod + -8242.16174382277 * x_0 + 2581.79380857711 * BZip2 + -8039.29380857712 * x_2 + -1205.11814825332 * PPMd + 367.898892360124 * filterOff + 111.445612042031 * mtOff + -74.3493325759797 * filterOff * HeaderCompressionOff + -340.333428003386 * filterOff * HeaderCompressionOff * LZMA;5.40016398234665;5.40016398234665;5.40016398234665;5.40016398234665;0.389772;12;-340.333428003386 * filterOff * HeaderCompressionOff * LZMA;3;0.46098479275478;
9;11557.5 * CompressionMethod + -8275.30062702586 * x_0 + 2685.65226632659 * BZip2 + -8143.15226632659 * x_2 + -1200.55157022158 * PPMd + 480.790690259837 * filterOff + -56.3698921302988 * mtOff + -318.099792762645 * filterOff * HeaderCompressionOff + -447.835166586943 * filterOff * HeaderCompressionOff * LZMA + 439.314788245915 * mtOff * HeaderCompressionOff;4.31841710478109;4.31841710478109;4.31841710478109;4.31841710478109;0.535547;14;439.314788245915 * mtOff * HeaderCompressionOff;2;0.540873438782778;
10;11557.5 * CompressionMethod + -8292.05381287183 * x_0 + 2581.03623580313 * BZip2 + -8038.53623580315 * x_2 + -1193.92644672795 * PPMd + 489.517577068686 * filterOff + -19.4824229313191 * mtOff + -375.715521903746 * filterOff * HeaderCompressionOff + -415.851811790138 * filterOff * HeaderCompressionOff * LZMA + 436.085992428329 * mtOff * HeaderCompressionOff + 286.616549486222 * BZip2 * HeaderCompressionOff;4.07893747845583;4.07893747845583;4.07893747845583;4.07893747845583;0.723984;16;286.616549486222 * BZip2 * HeaderCompressionOff;2;0.119739813162632;
Elapsed=00:00:00.7243429
Learning progress:
1;8292.5 * CompressionMethod + -4541.01851851852 * x_0;33.895211940399;33.895211940399;33.895211940399;33.895211940399;0.003239;2;-4541.01851851852 * x_0;1;36.2316807165768;
2;7759.94871794871 * CompressionMethod + -4481.84615384615 * x_0 + 2130.20512820513 * BZip2;24.9164621132234;24.9164621132234;24.9164621132234;24.9164621132234;0.016353;3;2130.20512820513 * BZip2;1;8.97874982717562;
3;7844.89361702127 * CompressionMethod + -4184.5390070922 * x_0 + 1790.42553191489 * BZip2 + -1380.35460992908 * PPMd;19.5423564790085;19.5423564790085;19.5423564790085;19.5423564790085;0.03636;4;-1380.35460992908 * PPMd;1;5.37410563421486;
4;9023.33333333333 * CompressionMethod + -5598.66666666667 * x_0 + 2615.33333333333 * BZip2 + -1144.66666666666 * PPMd + -5538.66666666666 * x_2;17.2087450162252;17.2087450162252;17.2087450162252;17.2087450162252;0.065989;5;-5538.66666666666 * x_2;1;2.33361146278335;
5;19820 * CompressionMethod + -16395.3333333333 * x_0 + 2615.33333333333 * BZip2 + -1144.66666666666 * PPMd + -16335.3333333333 * x_2 + -16195 * x_4;11.0261597691827;11.0261597691827;11.0261597691827;11.0261597691827;0.108907;6;-16195 * x_4;1;6.18258524704248;
6;19272.3076923077 * CompressionMethod + -16322.3076923077 * x_0 + 2542.3076923077 * BZip2 + -1217.69230769229 * PPMd + -15714.6153846154 * x_2 + -16195 * x_4 + 547.692307692307 * Files_0;8.44336348166788;8.44336348166788;8.44336348166788;8.44336348166788;0.164115;7;547.692307692307 * Files_0;1;2.58279628751482;
7;19331.1111111111 * CompressionMethod + -16381.1111111111 * x_0 + 2537.40740740741 * BZip2 + -1222.59259259258 * PPMd + -15768.5185185186 * x_2 + -16195 * x_4 + 488.888888888884 * Files_0 + 127.407407407411 * filterOff;7.22636349284716;7.22636349284716;7.22636349284716;7.22636349284716;0.23987;8;127.407407407411 * filterOff;1;1.21699998882072;
8;19322.1436464088 * CompressionMethod + -16372.1436464088 * x_0 + 2497.80110497238 * BZip2 + -1221.84530386741 * PPMd + -15719.9447513812 * x_2 + -16195 * x_4 + 497.856353591155 * Files_0 + 269.392265193373 * filterOff + -242.121546961335 * filterOff * HeaderCompressionOff;5.69256269688954;5.69256269688954;5.69256269688954;5.69256269688954;0.335301;10;-242.121546961335 * filterOff * HeaderCompressionOff;2;0.76690039797881;
9;19270.6432748538 * CompressionMethod + -16320.6432748538 * x_0 + 2498.81091617933 * BZip2 + -1446.02339181286 * PPMd + -15669.4541910331 * x_2 + -16195 * x_4 + 549.3567251462 * Files_0 + 170.935672514627 * filterOff + -261.812865497088 * filterOff * HeaderCompressionOff + 456.939571150103 * PPMd * filterOff;4.18846029245647;4.18846029245647;4.18846029245647;4.18846029245647;0.457798;12;456.939571150103 * PPMd * filterOff;2;0.752051202216531;
10;19246.8847989093 * CompressionMethod + -16296.8847989093 * x_0 + 2720.55669166099 * BZip2 + -1469.78186775733 * PPMd + -15867.4414905703 * x_2 + -16195 * x_4 + 573.115201090676 * Files_0 + 143.217450579408 * filterOff + -297.450579413788 * filterOff * HeaderCompressionOff + 508.416269029778 * PPMd * filterOff + -451.411042944789 * BZip2 * mtOff;3.71111187901927;3.71111187901927;3.71111187901927;3.71111187901927;0.610063;14;-451.411042944789 * BZip2 * mtOff;2;0.238674206718603;
11;19276.0213776722 * CompressionMethod + -16326.0213776722 * x_0 + 2732.18378859858 * BZip2 + -1477.36638954869 * PPMd + -15908.2051662708 * x_2 + -16195 * x_4 + 543.978622327763 * Files_0 + 169.049881235153 * filterOff + -351.668646080768 * filterOff * HeaderCompressionOff + 518.72921615203 * PPMd * filterOff + -460.872921615201 * BZip2 * mtOff + 55.0816508313608 * HeaderCompressionOff;3.37527948305571;3.37527948305571;3.37527948305571;3.37527948305571;0.797079;15;55.0816508313608 * HeaderCompressionOff;1;0.335832395963555;
12;19315.0622406639 * CompressionMethod + -16365.0622406639 * x_0 + 2866.9398340249 * BZip2 + -1452.51037344398 * PPMd + -16082.0020746888 * x_2 + -16195 * x_4 + 504.937759336085 * Files_0 + 260.145228215762 * filterOff + -403.983402489634 * filterOff * HeaderCompressionOff + 462.510373444002 * PPMd * filterOff + -520.995850622414 * BZip2 * mtOff + 76.358921161825 * HeaderCompressionOff + -219.149377593362 * BZip2 * filterOff;2.72870787369023;2.72870787369023;2.72870787369023;2.72870787369023;1.016398;17;-219.149377593362 * BZip2 * filterOff;2;0.323285804682744;
13;19372.5622406639 * CompressionMethod + -16365.0622406639 * x_0 + 2866.9398340249 * BZip2 + -1452.51037344398 * PPMd + -16139.5020746888 * x_2 + -16252.5 * x_4 + 562.43775933611 * Files_0 + 260.145228215762 * filterOff + -403.983402489634 * filterOff * HeaderCompressionOff + 462.510373443996 * PPMd * filterOff + -520.995850622431 * BZip2 * mtOff + 76.3589211618158 * HeaderCompressionOff + -219.149377593363 * BZip2 * filterOff + -114.999999999989 * BlockSize_1;2.59454534113722;2.59454534113722;2.59454534113722;2.59454534113722;1.274278;18;-114.999999999989 * BlockSize_1;1;0.134162532553005;
Elapsed=00:00:01.2746732
Learning progress:
1;5325.2 * CompressionMethod + -3040.2 * PPMd;29.3022049871155;29.3022049871155;29.3022049871155;29.3022049871155;0.00337;2;-3040.2 * PPMd;1;74.7850266030949;
2;5865.26315789473 * CompressionMethod + -3580.26315789474 * PPMd + -2250.26315789474 * LZMA2;21.234610452715;21.234610452715;21.234610452715;21.234610452715;0.014688;3;-2250.26315789474 * LZMA2;1;8.06759453440047;
3;4530 * CompressionMethod + -3737.35294117647 * PPMd + -2407.35294117647 * LZMA2 + 1492.35294117646 * BlockSize_1;16.8494489543701;16.8494489543701;16.8494489543701;16.8494489543701;0.034158;4;1492.35294117646 * BlockSize_1;1;4.38516149834492;
4;4530 * CompressionMethod + -3989.01960784314 * PPMd + -2407.35294117647 * LZMA2 + 1492.35294117647 * BlockSize_1 + 503.333333333336 * PPMd * filterOff;14.7413701459237;14.7413701459237;14.7413701459237;14.7413701459237;0.069997;6;503.333333333336 * PPMd * filterOff;2;1.0540394042232;
5;4529.99999999999 * CompressionMethod + -3989.01960784314 * PPMd + -2645.68627450981 * LZMA2 + 1492.35294117647 * BlockSize_1 + 503.333333333333 * PPMd * filterOff + 476.666666666662 * LZMA2 * mtOff;13.1322999070459;13.1322999070459;13.1322999070459;13.1322999070459;0.11905;8;476.666666666662 * LZMA2 * mtOff;2;0.804535119438905;
6;4530 * CompressionMethod + -3989.01960784314 * PPMd + -2645.68627450981 * LZMA2 + 1492.35294117647 * BlockSize_1 + 426.666666666674 * PPMd * filterOff + 476.666666666658 * LZMA2 * mtOff + 230.000000000004 * PPMd * filterOff * mtOff;12.4276430443007;12.4276430443007;12.4276430443007;12.4276430443007;0.186465;11;230.000000000004 * PPMd * filterOff * mtOff;3;0.234885620915068;
7;2960 * CompressionMethod + -3989.01960784314 * PPMd + -2645.68627450981 * LZMA2 + 3062.35294117647 * BlockSize_1 + 426.666666666662 * PPMd * filterOff + 476.666666666666 * LZMA2 * mtOff + 229.999999999997 * PPMd * filterOff * mtOff + 3140 * x_2;12.3271068512712;12.3271068512712;12.3271068512712;12.3271068512712;0.277755;12;3140 * x_2;1;0.100536193029434;
Elapsed=00:00:00.2780647
Learning progress:
1;10466 * CompressionMethod + -6749.33333333333 * x_0;25.6434749926452;25.6434749926452;25.6434749926452;25.6434749926452;0.004248;2;-6749.33333333333 * x_0;1;28.7222688895711;
2;10466 * CompressionMethod + -6340.28571428572 * x_0 + -1840.71428571428 * PPMd;17.6951633935293;17.6951633935293;17.6951633935293;17.6951633935293;0.020159;3;-1840.71428571428 * PPMd;1;7.94831159911593;
3;10189.9438202247 * CompressionMethod + -6458.59550561798 * x_0 + -1446.34831460674 * PPMd + 1380.28089887641 * BZip2;9.69920804418522;9.69920804418522;9.69920804418522;9.69920804418522;0.042833;4;1380.28089887641 * BZip2;1;7.99595534934403;
4;7662.90780141844 * CompressionMethod + -4068.1560283688 * x_0 + -1309.75177304964 * PPMd + 1858.36879432624 * BZip2 + 12157.0921985816 * x_10;8.21037349286229;8.21037349286229;8.21037349286229;8.21037349286229;0.080755;5;12157.0921985816 * x_10;1;1.48883455132293;
5;7667.47181964573 * CompressionMethod + -4159.43639291465 * x_0 + -1330.28985507247 * PPMd + 1840.11272141707 * BZip2 + 12152.5281803543 * x_10 + 214.508856682765 * mtOff;6.57926481277824;6.57926481277824;6.57926481277824;6.57926481277824;0.131533;6;214.508856682765 * mtOff;1;1.63110868008405;
6;7667.47181964573 * CompressionMethod + -4159.43639291465 * x_0 + -1330.28985507246 * PPMd + 1840.11272141707 * BZip2 + 12152.5281803543 * x_10 + 202.008856682771 * mtOff + 37.4999999999978 * mtOff * HeaderCompressionOff;6.45036034710215;6.45036034710215;6.45036034710215;6.45036034710215;0.199288;8;37.4999999999978 * mtOff * HeaderCompressionOff;2;0.0644522328380455;
Elapsed=00:00:00.1995680
Learning progress:
1;3694.4 * CompressionMethod + 2490.6 * BZip2;19.7985346220913;19.7985346220913;19.7985346220913;19.7985346220913;0.002995;2;2490.6 * BZip2;1;26.5429972994566;
2;3694.4 * CompressionMethod + 2580.6 * BZip2 + -270.000000000004 * BZip2 * mtOff;19.5746123942492;19.5746123942492;19.5746123942492;19.5746123942492;0.013083;4;-270.000000000004 * BZip2 * mtOff;2;0.111961113921042;
Elapsed=00:00:00.0132756
Learning progress:
1;10466 * CompressionMethod + -6729.84615384615 * x_0;40.8444836652728;40.8444836652728;40.8444836652728;40.8444836652728;0.005395;2;-6729.84615384615 * x_0;1;55.6068964378054;
2;10163.2909379968 * CompressionMethod + -6718.20349761526 * x_0 + 1513.5453100159 * BZip2;27.5872970724681;27.5872970724681;27.5872970724681;27.5872970724681;0.017638;3;1513.5453100159 * BZip2;1;13.2571865928048;
3;11557.5 * CompressionMethod + -8377.9761904762 * x_0 + 2894.4761904762 * BZip2 + -8351.97619047621 * x_2;17.2063922449003;17.2063922449003;17.2063922449003;17.2063922449003;0.040184;4;-8351.97619047621 * x_2;1;10.3809048275678;
4;11557.5 * CompressionMethod + -8068.16666666667 * x_0 + 2584.66666666668 * BZip2 + -8042.16666666669 * x_2 + -1084.33333333333 * PPMd;11.2623825181136;11.2623825181136;11.2623825181136;11.2623825181136;0.074866;5;-1084.33333333333 * PPMd;1;5.94400972678664;
5;11557.5 * CompressionMethod + -8192.47101449275 * x_0 + 2584.66666666667 * BZip2 + -8042.16666666666 * x_2 + -1167.20289855072 * PPMd + 310.76086956521 * filterOff;8.94109016866813;8.94109016866813;8.94109016866813;8.94109016866813;0.124595;6;310.76086956521 * filterOff;1;2.32129234944547;
6;11557.5 * CompressionMethod + -8236.98973675055 * x_0 + 2596.26927983301 * BZip2 + -8053.76927983298 * x_2 + -1177.54435811202 * PPMd + 306.031543546324 * filterOff + 87.0195987475289 * mtOff;7.39257935776421;7.39257935776421;7.39257935776421;7.39257935776421;0.192171;7;87.0195987475289 * mtOff;1;1.54851081090392;
7;11557.5 * CompressionMethod + -8241.85961585021 * x_0 + 2606.33483980308 * BZip2 + -8063.83483980307 * x_2 + -1164.015010895 * PPMd + 365.413203131304 * filterOff + 88.5800177548154 * mtOff + -147.862561536612 * filterOff * HeaderCompressionOff;6.78311836061099;6.78311836061099;6.78311836061099;6.78311836061099;0.277592;9;-147.862561536612 * filterOff * HeaderCompressionOff;2;0.304730498576614;
Elapsed=00:00:00.2778981
Learning progress:
1;8292.5 * CompressionMethod + -4541.01851851852 * x_0;33.895211940399;33.895211940399;33.895211940399;33.895211940399;0.003876;2;-4541.01851851852 * x_0;1;36.2316807165768;
2;7759.94871794871 * CompressionMethod + -4481.84615384615 * x_0 + 2130.20512820513 * BZip2;24.9164621132234;24.9164621132234;24.9164621132234;24.9164621132234;0.018043;3;2130.20512820513 * BZip2;1;8.97874982717562;
3;7844.89361702127 * CompressionMethod + -4184.5390070922 * x_0 + 1790.42553191489 * BZip2 + -1380.35460992908 * PPMd;19.5423564790085;19.5423564790085;19.5423564790085;19.5423564790085;0.037515;4;-1380.35460992908 * PPMd;1;5.37410563421486;
4;9023.33333333333 * CompressionMethod + -5598.66666666667 * x_0 + 2615.33333333333 * BZip2 + -1144.66666666666 * PPMd + -5538.66666666666 * x_2;17.2087450162252;17.2087450162252;17.2087450162252;17.2087450162252;0.067521;5;-5538.66666666666 * x_2;1;2.33361146278335;
5;19820 * CompressionMethod + -16395.3333333333 * x_0 + 2615.33333333333 * BZip2 + -1144.66666666666 * PPMd + -16335.3333333333 * x_2 + -16195 * x_4;11.0261597691827;11.0261597691827;11.0261597691827;11.0261597691827;0.109924;6;-16195 * x_4;1;6.18258524704248;
6;19272.3076923077 * CompressionMethod + -16322.3076923077 * x_0 + 2542.3076923077 * BZip2 + -1217.69230769229 * PPMd + -15714.6153846154 * x_2 + -16195 * x_4 + 547.692307692307 * Files_0;8.44336348166788;8.44336348166788;8.44336348166788;8.44336348166788;0.165365;7;547.692307692307 * Files_0;1;2.58279628751482;
7;19331.1111111111 * CompressionMethod + -16381.1111111111 * x_0 + 2537.40740740741 * BZip2 + -1222.59259259258 * PPMd + -15768.5185185186 * x_2 + -16195 * x_4 + 488.888888888884 * Files_0 + 127.407407407411 * filterOff;7.22636349284716;7.22636349284716;7.22636349284716;7.22636349284716;0.241177;8;127.407407407411 * filterOff;1;1.21699998882072;
8;19322.1436464088 * CompressionMethod + -16372.1436464088 * x_0 + 2497.80110497238 * BZip2 + -1221.84530386741 * PPMd + -15719.9447513812 * x_2 + -16195 * x_4 + 497.856353591155 * Files_0 + 269.392265193373 * filterOff + -242.121546961335 * filterOff * HeaderCompressionOff;5.69256269688954;5.69256269688954;5.69256269688954;5.69256269688954;0.334855;10;-242.121546961335 * filterOff * HeaderCompressionOff;2;0.76690039797881;
9;19270.6432748538 * CompressionMethod + -16320.6432748538 * x_0 + 2498.81091617933 * BZip2 + -1446.02339181286 * PPMd + -15669.4541910331 * x_2 + -16195 * x_4 + 549.3567251462 * Files_0 + 170.935672514627 * filterOff + -261.812865497088 * filterOff * HeaderCompressionOff + 456.939571150103 * PPMd * filterOff;4.18846029245647;4.18846029245647;4.18846029245647;4.18846029245647;0.455326;12;456.939571150103 * PPMd * filterOff;2;0.752051202216531;
10;19246.8847989093 * CompressionMethod + -16296.8847989093 * x_0 + 2720.55669166099 * BZip2 + -1469.78186775733 * PPMd + -15867.4414905703 * x_2 + -16195 * x_4 + 573.115201090676 * Files_0 + 143.217450579408 * filterOff + -297.450579413788 * filterOff * HeaderCompressionOff + 508.416269029778 * PPMd * filterOff + -451.411042944789 * BZip2 * mtOff;3.71111187901927;3.71111187901927;3.71111187901927;3.71111187901927;0.605177;14;-451.411042944789 * BZip2 * mtOff;2;0.238674206718603;
Elapsed=00:00:00.6055085
Learning progress:
1;5325.2 * CompressionMethod + -3040.2 * PPMd;29.3022049871155;29.3022049871155;29.3022049871155;29.3022049871155;0.003314;2;-3040.2 * PPMd;1;74.7850266030949;
2;5865.26315789473 * CompressionMethod + -3580.26315789474 * PPMd + -2250.26315789474 * LZMA2;21.234610452715;21.234610452715;21.234610452715;21.234610452715;0.015634;3;-2250.26315789474 * LZMA2;1;8.06759453440047;
3;4530 * CompressionMethod + -3737.35294117647 * PPMd + -2407.35294117647 * LZMA2 + 1492.35294117646 * BlockSize_1;16.8494489543701;16.8494489543701;16.8494489543701;16.8494489543701;0.035274;4;1492.35294117646 * BlockSize_1;1;4.38516149834492;
4;4530 * CompressionMethod + -3989.01960784314 * PPMd + -2407.35294117647 * LZMA2 + 1492.35294117647 * BlockSize_1 + 503.333333333336 * PPMd * filterOff;14.7413701459237;14.7413701459237;14.7413701459237;14.7413701459237;0.068506;6;503.333333333336 * PPMd * filterOff;2;1.0540394042232;
5;4529.99999999999 * CompressionMethod + -3989.01960784314 * PPMd + -2645.68627450981 * LZMA2 + 1492.35294117647 * BlockSize_1 + 503.333333333333 * PPMd * filterOff + 476.666666666662 * LZMA2 * mtOff;13.1322999070459;13.1322999070459;13.1322999070459;13.1322999070459;0.115324;8;476.666666666662 * LZMA2 * mtOff;2;0.804535119438905;
6;4530 * CompressionMethod + -3989.01960784314 * PPMd + -2645.68627450981 * LZMA2 + 1492.35294117647 * BlockSize_1 + 426.666666666674 * PPMd * filterOff + 476.666666666658 * LZMA2 * mtOff + 230.000000000004 * PPMd * filterOff * mtOff;12.4276430443007;12.4276430443007;12.4276430443007;12.4276430443007;0.185428;11;230.000000000004 * PPMd * filterOff * mtOff;3;0.234885620915068;
Elapsed=00:00:00.1857201
Learning progress:
1;10466 * CompressionMethod + -6749.33333333333 * x_0;25.6434749926452;25.6434749926452;25.6434749926452;25.6434749926452;0.004216;2;-6749.33333333333 * x_0;1;28.7222688895711;
2;10466 * CompressionMethod + -6340.28571428572 * x_0 + -1840.71428571428 * PPMd;17.6951633935293;17.6951633935293;17.6951633935293;17.6951633935293;0.018226;3;-1840.71428571428 * PPMd;1;7.94831159911593;
3;10189.9438202247 * CompressionMethod + -6458.59550561798 * x_0 + -1446.34831460674 * PPMd + 1380.28089887641 * BZip2;9.69920804418522;9.69920804418522;9.69920804418522;9.69920804418522;0.04201;4;1380.28089887641 * BZip2;1;7.99595534934403;
4;7662.90780141844 * CompressionMethod + -4068.1560283688 * x_0 + -1309.75177304964 * PPMd + 1858.36879432624 * BZip2 + 12157.0921985816 * x_10;8.21037349286229;8.21037349286229;8.21037349286229;8.21037349286229;0.077415;5;12157.0921985816 * x_10;1;1.48883455132293;
5;7667.47181964573 * CompressionMethod + -4159.43639291465 * x_0 + -1330.28985507247 * PPMd + 1840.11272141707 * BZip2 + 12152.5281803543 * x_10 + 214.508856682765 * mtOff;6.57926481277824;6.57926481277824;6.57926481277824;6.57926481277824;0.128147;6;214.508856682765 * mtOff;1;1.63110868008405;
6;7667.47181964573 * CompressionMethod + -4159.43639291465 * x_0 + -1330.28985507246 * PPMd + 1840.11272141707 * BZip2 + 12152.5281803543 * x_10 + 202.008856682771 * mtOff + 37.4999999999978 * mtOff * HeaderCompressionOff;6.45036034710215;6.45036034710215;6.45036034710215;6.45036034710215;0.19678;8;37.4999999999978 * mtOff * HeaderCompressionOff;2;0.0644522328380455;
Elapsed=00:00:00.1970570
Error of optimal parameters: 8.48298774859701
Optimal parameters abortError:1;minImprovementPerRound:0.1;lossFunction:RELATIVE;quadraticFunctionSupport:True;learn-logFunction:True;learn-asymFunction:True;learn-ratioFunction:True;withHierarchy:False;useBackward:False;
Learning progress:
1;4177.74193548387 * CompressionMethod + 1912.25806451613 * BZip2;34.4545258370322;34.4545258370322;34.4545258370322;34.4545258370322;0.008412;2;1912.25806451613 * BZip2;1;16.5880369676392;
2;3656.33333333333 * CompressionMethod + 2433.66666666667 * BZip2 + 16163.6666666667 * x_10;21.1120552753306;21.1120552753306;21.1120552753306;21.1120552753306;0.031375;3;16163.6666666667 * x_10;1;13.3424705617016;
3;3121.72413793104 * CompressionMethod + 2968.27586206896 * BZip2 + 16698.275862069 * x_10 + 16038.275862069 * x_6;14.1929049141154;14.1929049141154;14.1929049141154;14.1929049141154;0.068295;4;16038.275862069 * x_6;1;6.91915036121519;
4;3429.52380952381 * CompressionMethod + 2660.47619047619 * BZip2 + 16390.4761904762 * x_10 + 15730.4761904762 * x_6 + -1115.77380952381 * PPMd;8.47387834888938;8.47387834888938;8.47387834888938;8.47387834888938;0.124022;5;-1115.77380952381 * PPMd;1;5.71902656522599;
5;3340.67430883345 * CompressionMethod + 2661.86446392447 * BZip2 + 16479.3256911666 * x_10 + 15819.3256911665 * x_6 + -1143.53927848955 * PPMd + 233.229939312208 * filterOff;7.44054571619165;7.44054571619165;7.44054571619165;7.44054571619165;0.20212;6;233.229939312208 * filterOff;1;1.03333263269772;
6;3063.68543607113 * CompressionMethod + 2655.2582557155 * BZip2 + 16406.4214648603 * x_10 + 16096.3145639289 * x_6 + -1186.3616638442 * PPMd + 173.066257408973 * filterOff + 349.89309906858 * Files_0;7.01456368418419;7.01456368418419;7.01456368418419;7.01456368418419;0.309879;7;349.89309906858 * Files_0;1;0.425982032007462;
7;3308.40986394557 * CompressionMethod + 2645.14115646259 * BZip2 + 16121.7755102041 * x_10 + 15851.5901360544 * x_6 + -1165.44387755102 * PPMd + 207.792517006804 * filterOff + 389.81462585034 * Files_0 + -322.926870748301 * x_0;6.3710988503441;6.3710988503441;6.3710988503441;6.3710988503441;0.466066;8;-322.926870748301 * x_0;1;0.643464833840089;
8;3279.83120437954 * CompressionMethod + 2644.84032846716 * BZip2 + 16107.3357664234 * x_10 + 15880.1687956204 * x_6 + -1382.94251824817 * PPMd + 95.2828467153341 * filterOff + 432.83302919708 * Files_0 + -284.721715328461 * x_0 + 442.217153284666 * PPMd * filterOff;5.62016780254064;5.62016780254064;5.62016780254064;5.62016780254064;0.677828;10;442.217153284666 * PPMd * filterOff;2;0.375465523901733;
9;3572.05592105264 * CompressionMethod + 2473.53618421052 * BZip2 + 16167.7960526316 * x_10 + 15864.0460526316 * x_6 + -1542.15460526317 * PPMd + 83.1907894736831 * filterOff + 356.250000000009 * Files_0 + -341.151315789481 * x_0 + 454.30921052632 * PPMd * filterOff + -276.101973684209 * LZMA;5.19730225093348;5.19730225093348;5.19730225093348;5.19730225093348;0.938607;11;-276.101973684209 * LZMA;1;0.422865551607161;
10;3594.55956375838 * CompressionMethod + 2478.0369127517 * BZip2 + 16181.298238255 * x_10 + 15834.7913171141 * x_6 + -1540.65436241609 * PPMd + 86.1912751677744 * filterOff + 313.493078859062 * Files_0 + -379.407508389252 * x_0 + 451.308724832224 * PPMd * filterOff + -269.350880872464 * LZMA + 114.018456375835 * mtOff;4.85572390637317;4.85572390637317;4.85572390637317;4.85572390637317;1.254231;12;114.018456375835 * mtOff;1;0.341578344560308;
11;3307.57319819821 * CompressionMethod + 2733.52477477477 * BZip2 + 16165.5489864865 * x_10 + 15868.9146959459 * x_6 + -1281.66666666668 * PPMd + 82.6914414414396 * filterOff + 363.365709459464 * Files_0 + -334.784628378387 * x_0 + 454.808558558562 * PPMd * filterOff + -16.4878941441477 * LZMA + -18.9752252252315 * mtOff + 521.475225225218 * mtOff * LZMA2;4.39811138167111;4.39811138167111;4.39811138167111;4.39811138167111;1.628183;14;521.475225225218 * mtOff * LZMA2;2;0.228806262351029;
12;3306.59992372234 * CompressionMethod + 2719.89893211289 * BZip2 + 16158.2494279176 * x_10 + 15866.7248283753 * x_6 + -1281.66666666667 * PPMd + 213.110221205179 * filterOff + 368.475400457673 * Files_0 + -332.10812356979 * x_0 + 468.434401220444 * PPMd * filterOff + -13.3247520976379 * LZMA + -32.6010678871098 * mtOff + 535.101067887109 * mtOff * LZMA2 + -288.089244851252 * filterOff * HeaderCompressionOff;3.86936697548971;3.86936697548971;3.86936697548971;3.86936697548971;2.082257;16;-288.089244851252 * filterOff * HeaderCompressionOff;2;0.264372203090701;
13;3275.38650163475 * CompressionMethod + 2882.92269967306 * BZip2 + 16224.1546006539 * x_10 + 15946.4975478748 * x_6 + -1381.66861279776 * PPMd + 195.627043437638 * filterOff + 382.342947220923 * Files_0 + -296.272185894441 * x_0 + 505.414525922479 * PPMd * filterOff + -61.8840495095698 * LZMA + 130.422699673051 * mtOff + 372.077300326965 * mtOff * LZMA2 + -327.08313872022 * filterOff * HeaderCompressionOff + -600.011676786559 * BZip2 * mtOff;3.56812328772428;3.56812328772428;3.56812328772428;3.56812328772428;2.616593;18;-600.011676786559 * BZip2 * mtOff;2;0.150621843882715;
14;3255.47132543249 * CompressionMethod + 2886.90573491349 * BZip2 + 16216.188530173 * x_10 + 15972.3872769377 * x_6 + -1371.95000681107 * PPMd + 202.477864051219 * filterOff + 416.19874676476 * Files_0 + -265.071743177586 * x_0 + 481.994278708625 * PPMd * filterOff + -67.8586023702492 * LZMA + 20.7033555828021 * mtOff + 368.094265086483 * mtOff * LZMA2 + -521.349044181081 * filterOff * HeaderCompressionOff + -541.700040866364 * BZip2 * mtOff + 454.809517322805 * filterOff * HeaderCompressionOff * mtOff;2.85947314130148;2.85947314130148;2.85947314130148;2.85947314130148;3.242455;21;454.809517322805 * filterOff * HeaderCompressionOff * mtOff;3;0.236216715474266;
15;3208.88134215723 * CompressionMethod + 2896.22373156854 * BZip2 + 16305.1050737258 * x_10 + 16032.9542551956 * x_6 + -1375.02670381981 * PPMd + 205.598513874377 * filterOff + 387.849181469863 * Files_0 + -192.080769379624 * x_0 + 478.829676071045 * PPMd * filterOff + -81.8355973528515 * LZMA + 30.753899144706 * mtOff + 358.776268431433 * mtOff * LZMA2 + -519.796044738566 * filterOff * HeaderCompressionOff + -560.160222918837 * BZip2 * mtOff + 451.879329695412 * filterOff * HeaderCompressionOff * mtOff + 215.105073725752 * BlockSize_4096;2.65232489477008;2.65232489477008;2.65232489477008;2.65232489477008;3.970776;22;215.105073725752 * BlockSize_4096;1;0.207148246531395;
16;3142.26594027444 * CompressionMethod + 2956.755159691 * BZip2 + 16299.0210999654 * x_10 + 16042.8407125562 * x_6 + -1339.89997693993 * PPMd + 194.417156693182 * filterOff + 403.819612590789 * Files_0 + -180.166320765597 * x_0 + 525.076098235901 * PPMd * filterOff + -25.1066528306317 * LZMA + 37.9614896806097 * mtOff + 357.255274991358 * mtOff * LZMA2 + -578.552980514237 * filterOff * HeaderCompressionOff + -585.441600368962 * BZip2 * mtOff + 429.132941312115 * filterOff * HeaderCompressionOff * mtOff + 209.02109996542 * BlockSize_4096 + 236.041738729386 * filterOff * HeaderCompressionOff * LZMA2;2.40600823834681;2.40600823834681;2.40600823834681;2.40600823834681;4.7656;25;236.041738729386 * filterOff * HeaderCompressionOff * LZMA2;3;0.0821055521410911;
Elapsed=00:00:04.7670275
command: clean-sampling
command: clean-global
command: script ./learn_henard_t2.a
command: log ./out_henard_t2Predictions.log
