Configuration;MeasuredValue;PredictedValue
no_asm%_%rc_lookahead%_%rc_lookahead_20%_%ref%_%ref_1%_%root%_%;268.72;482.3394
no_asm%_%no_deblock%_%no_weightb%_%rc_lookahead%_%rc_lookahead_20%_%ref%_%ref_1%_%root%_%;267.8533;483.7875
no_8x8dct%_%no_asm%_%no_deblock%_%no_fast_pskip%_%no_mixed_refs%_%rc_lookahead%_%rc_lookahead_20%_%ref%_%ref_1%_%root%_%;260.6367;483.9334
no_8x8dct%_%no_asm%_%no_cabac%_%no_fast_pskip%_%no_mbtree%_%no_weightb%_%rc_lookahead%_%rc_lookahead_60%_%ref%_%ref_9%_%root%_%;773.4633;485.6361
no_8x8dct%_%no_asm%_%no_deblock%_%no_mbtree%_%rc_lookahead%_%rc_lookahead_60%_%ref%_%ref_9%_%root%_%;690.8733;486.6768
no_8x8dct%_%no_asm%_%no_deblock%_%no_fast_pskip%_%no_mbtree%_%rc_lookahead%_%rc_lookahead_60%_%ref%_%ref_9%_%root%_%;783.7833;486.566
no_8x8dct%_%no_asm%_%no_deblock%_%no_mbtree%_%no_weightb%_%rc_lookahead%_%rc_lookahead_60%_%ref%_%ref_9%_%root%_%;690.39;487.0531
no_8x8dct%_%no_asm%_%no_deblock%_%no_fast_pskip%_%no_mbtree%_%no_weightb%_%rc_lookahead%_%rc_lookahead_60%_%ref%_%ref_9%_%root%_%;783.5167;486.9196
no_8x8dct%_%no_asm%_%no_cabac%_%no_deblock%_%no_mbtree%_%rc_lookahead%_%rc_lookahead_60%_%ref%_%ref_9%_%root%_%;683.52;486.1617
no_8x8dct%_%no_asm%_%no_cabac%_%no_deblock%_%no_mbtree%_%no_weightb%_%rc_lookahead%_%rc_lookahead_60%_%ref%_%ref_9%_%root%_%;683.5433;486.5397
no_8x8dct%_%no_asm%_%no_cabac%_%no_deblock%_%no_fast_pskip%_%no_mbtree%_%rc_lookahead%_%rc_lookahead_60%_%ref%_%ref_9%_%root%_%;775.81;486.0822
no_8x8dct%_%no_asm%_%no_cabac%_%no_deblock%_%no_fast_pskip%_%no_mbtree%_%no_weightb%_%rc_lookahead%_%rc_lookahead_60%_%ref%_%ref_9%_%root%_%;775.68;486.4373
no_8x8dct%_%no_asm%_%no_mbtree%_%no_mixed_refs%_%rc_lookahead%_%rc_lookahead_60%_%ref%_%ref_9%_%root%_%;561.8467;485.7127
no_8x8dct%_%no_asm%_%no_cabac%_%no_mixed_refs%_%rc_lookahead%_%rc_lookahead_20%_%ref%_%ref_1%_%root%_%;244.4333;482.6191
no_8x8dct%_%no_asm%_%no_fast_pskip%_%no_mbtree%_%no_mixed_refs%_%rc_lookahead%_%rc_lookahead_60%_%ref%_%ref_9%_%root%_%;652.4833;485.6603
no_8x8dct%_%no_asm%_%no_cabac%_%no_mbtree%_%no_mixed_refs%_%rc_lookahead%_%rc_lookahead_60%_%ref%_%ref_9%_%root%_%;556.63;485.257
no_8x8dct%_%no_asm%_%no_cabac%_%no_fast_pskip%_%no_mbtree%_%no_mixed_refs%_%rc_lookahead%_%rc_lookahead_60%_%ref%_%ref_9%_%root%_%;645.51;485.2323
no_8x8dct%_%no_asm%_%no_deblock%_%no_mbtree%_%no_mixed_refs%_%rc_lookahead%_%rc_lookahead_60%_%ref%_%ref_9%_%root%_%;561.9333;486.566
no_8x8dct%_%no_asm%_%no_cabac%_%no_deblock%_%no_mbtree%_%no_mixed_refs%_%rc_lookahead%_%rc_lookahead_60%_%ref%_%ref_9%_%root%_%;555.6333;486.0822
no_8x8dct%_%no_asm%_%no_deblock%_%no_fast_pskip%_%no_mbtree%_%no_mixed_refs%_%rc_lookahead%_%rc_lookahead_60%_%ref%_%ref_9%_%root%_%;651.64;486.462
no_8x8dct%_%no_asm%_%no_cabac%_%no_deblock%_%no_fast_pskip%_%no_mbtree%_%no_mixed_refs%_%rc_lookahead%_%rc_lookahead_60%_%ref%_%ref_9%_%root%_%;644.16;486.0075
no_8x8dct%_%no_asm%_%no_mbtree%_%no_mixed_refs%_%no_weightb%_%rc_lookahead%_%rc_lookahead_60%_%ref%_%ref_9%_%root%_%;561.97;486.0902
no_8x8dct%_%no_asm%_%no_fast_pskip%_%no_mbtree%_%no_mixed_refs%_%no_weightb%_%rc_lookahead%_%rc_lookahead_60%_%ref%_%ref_9%_%root%_%;652.3733;486.015
no_8x8dct%_%no_asm%_%no_deblock%_%no_mbtree%_%no_mixed_refs%_%no_weightb%_%rc_lookahead%_%rc_lookahead_60%_%ref%_%ref_9%_%root%_%;561.3333;486.9196
no_8x8dct%_%no_asm%_%no_cabac%_%no_fast_pskip%_%no_mixed_refs%_%rc_lookahead%_%rc_lookahead_20%_%ref%_%ref_1%_%root%_%;249.73;482.7542
no_8x8dct%_%no_asm%_%no_deblock%_%no_fast_pskip%_%no_mbtree%_%no_mixed_refs%_%no_weightb%_%rc_lookahead%_%rc_lookahead_60%_%ref%_%ref_9%_%root%_%;651.2;486.7941
no_8x8dct%_%no_asm%_%no_cabac%_%no_mbtree%_%no_mixed_refs%_%no_weightb%_%rc_lookahead%_%rc_lookahead_60%_%ref%_%ref_9%_%root%_%;556.34;485.6361
no_8x8dct%_%no_asm%_%no_cabac%_%no_deblock%_%no_mbtree%_%no_mixed_refs%_%no_weightb%_%rc_lookahead%_%rc_lookahead_60%_%ref%_%ref_9%_%root%_%;555.18;486.4373
no_8x8dct%_%no_asm%_%no_cabac%_%no_fast_pskip%_%no_mbtree%_%no_mixed_refs%_%no_weightb%_%rc_lookahead%_%rc_lookahead_60%_%ref%_%ref_9%_%root%_%;645.38;485.5884
no_8x8dct%_%no_asm%_%no_cabac%_%no_deblock%_%no_fast_pskip%_%no_mbtree%_%no_mixed_refs%_%no_weightb%_%rc_lookahead%_%rc_lookahead_60%_%ref%_%ref_9%_%root%_%;644.0333;486.3411
no_asm%_%rc_lookahead%_%rc_lookahead_40%_%ref%_%ref_9%_%root%_%;612.97;483.0434
no_asm%_%no_cabac%_%rc_lookahead%_%rc_lookahead_40%_%ref%_%ref_9%_%root%_%;604.7467;482.6727
no_asm%_%no_weightb%_%rc_lookahead%_%rc_lookahead_40%_%ref%_%ref_9%_%root%_%;612.6433;483.5566
no_asm%_%no_cabac%_%no_weightb%_%rc_lookahead%_%rc_lookahead_40%_%ref%_%ref_9%_%root%_%;604.1233;483.1839
no_asm%_%no_mixed_refs%_%rc_lookahead%_%rc_lookahead_40%_%ref%_%ref_9%_%root%_%;511.1533;483.1528
no_8x8dct%_%no_asm%_%no_cabac%_%no_deblock%_%no_mixed_refs%_%rc_lookahead%_%rc_lookahead_20%_%ref%_%ref_1%_%root%_%;244.2767;483.4426
no_asm%_%no_mixed_refs%_%no_weightb%_%rc_lookahead%_%rc_lookahead_40%_%ref%_%ref_9%_%root%_%;510.8567;483.6349
no_asm%_%no_cabac%_%no_mixed_refs%_%rc_lookahead%_%rc_lookahead_40%_%ref%_%ref_9%_%root%_%;509.37;482.8046
no_asm%_%no_cabac%_%no_mixed_refs%_%no_weightb%_%rc_lookahead%_%rc_lookahead_40%_%ref%_%ref_9%_%root%_%;509.0333;483.2848
no_asm%_%no_mbtree%_%rc_lookahead%_%rc_lookahead_40%_%ref%_%ref_9%_%root%_%;721.5633;485.3384
no_asm%_%no_cabac%_%no_mbtree%_%rc_lookahead%_%rc_lookahead_40%_%ref%_%ref_9%_%root%_%;712.9167;484.9087
no_asm%_%no_mbtree%_%no_mixed_refs%_%rc_lookahead%_%rc_lookahead_40%_%ref%_%ref_9%_%root%_%;580.8767;485.3087
no_asm%_%no_cabac%_%no_mbtree%_%no_mixed_refs%_%rc_lookahead%_%rc_lookahead_40%_%ref%_%ref_9%_%root%_%;576.41;484.9051
no_asm%_%no_mbtree%_%no_weightb%_%rc_lookahead%_%rc_lookahead_40%_%ref%_%ref_9%_%root%_%;722.0367;485.7386
no_asm%_%no_mbtree%_%no_mixed_refs%_%no_weightb%_%rc_lookahead%_%rc_lookahead_40%_%ref%_%ref_9%_%root%_%;580.6267;485.6847
no_asm%_%no_cabac%_%no_mbtree%_%no_weightb%_%rc_lookahead%_%rc_lookahead_40%_%ref%_%ref_9%_%root%_%;712.6367;485.3089
no_8x8dct%_%no_asm%_%no_cabac%_%no_deblock%_%no_fast_pskip%_%no_mixed_refs%_%rc_lookahead%_%rc_lookahead_20%_%ref%_%ref_1%_%root%_%;249.44;483.5278
no_asm%_%no_cabac%_%no_mbtree%_%no_mixed_refs%_%no_weightb%_%rc_lookahead%_%rc_lookahead_40%_%ref%_%ref_9%_%root%_%;576.2767;485.281
no_8x8dct%_%no_asm%_%rc_lookahead%_%rc_lookahead_40%_%ref%_%ref_9%_%root%_%;587.7733;483.5341
no_8x8dct%_%no_asm%_%no_cabac%_%rc_lookahead%_%rc_lookahead_40%_%ref%_%ref_9%_%root%_%;581.5133;483.1062
no_8x8dct%_%no_asm%_%no_weightb%_%rc_lookahead%_%rc_lookahead_40%_%ref%_%ref_9%_%root%_%;587.24;484.0436
no_8x8dct%_%no_asm%_%no_cabac%_%no_weightb%_%rc_lookahead%_%rc_lookahead_40%_%ref%_%ref_9%_%root%_%;581.1067;483.6156
no_8x8dct%_%no_asm%_%no_mbtree%_%rc_lookahead%_%rc_lookahead_40%_%ref%_%ref_9%_%root%_%;687.6;485.7684
no_8x8dct%_%no_asm%_%no_mbtree%_%no_weightb%_%rc_lookahead%_%rc_lookahead_40%_%ref%_%ref_9%_%root%_%;687.1467;486.1702
no_8x8dct%_%no_asm%_%no_cabac%_%no_mbtree%_%rc_lookahead%_%rc_lookahead_40%_%ref%_%ref_9%_%root%_%;680.5567;485.2834
no_8x8dct%_%no_asm%_%no_cabac%_%no_mbtree%_%no_weightb%_%rc_lookahead%_%rc_lookahead_40%_%ref%_%ref_9%_%root%_%;680.4767;485.6869
no_8x8dct%_%no_asm%_%no_mixed_refs%_%rc_lookahead%_%rc_lookahead_40%_%ref%_%ref_9%_%root%_%;498.49;483.6137
no_8x8dct%_%no_asm%_%no_mbtree%_%no_mixed_refs%_%rc_lookahead%_%rc_lookahead_20%_%ref%_%ref_1%_%root%_%;287.0867;485.2813
no_8x8dct%_%no_asm%_%no_cabac%_%no_mixed_refs%_%rc_lookahead%_%rc_lookahead_40%_%ref%_%ref_9%_%root%_%;493.2767;483.2118
no_8x8dct%_%no_asm%_%no_mbtree%_%no_mixed_refs%_%rc_lookahead%_%rc_lookahead_40%_%ref%_%ref_9%_%root%_%;561.96;485.7127
no_8x8dct%_%no_asm%_%no_cabac%_%no_mbtree%_%no_mixed_refs%_%rc_lookahead%_%rc_lookahead_40%_%ref%_%ref_9%_%root%_%;556.5133;485.257
no_8x8dct%_%no_asm%_%no_mixed_refs%_%no_weightb%_%rc_lookahead%_%rc_lookahead_40%_%ref%_%ref_9%_%root%_%;497.99;484.0924
no_8x8dct%_%no_asm%_%no_mbtree%_%no_mixed_refs%_%no_weightb%_%rc_lookahead%_%rc_lookahead_40%_%ref%_%ref_9%_%root%_%;562.0667;486.0902
no_8x8dct%_%no_asm%_%no_cabac%_%no_mixed_refs%_%no_weightb%_%rc_lookahead%_%rc_lookahead_40%_%ref%_%ref_9%_%root%_%;492.9367;483.6903
no_8x8dct%_%no_asm%_%no_cabac%_%no_mbtree%_%no_mixed_refs%_%no_weightb%_%rc_lookahead%_%rc_lookahead_40%_%ref%_%ref_9%_%root%_%;556.3067;485.6361
no_asm%_%no_fast_pskip%_%rc_lookahead%_%rc_lookahead_40%_%ref%_%ref_9%_%root%_%;741.59;483.1528
no_asm%_%no_cabac%_%no_fast_pskip%_%rc_lookahead%_%rc_lookahead_40%_%ref%_%ref_9%_%root%_%;731.3533;482.8046
no_asm%_%no_fast_pskip%_%no_weightb%_%rc_lookahead%_%rc_lookahead_40%_%ref%_%ref_9%_%root%_%;741.2067;483.6349
no_8x8dct%_%no_asm%_%no_deblock%_%no_mbtree%_%no_mixed_refs%_%rc_lookahead%_%rc_lookahead_20%_%ref%_%ref_1%_%root%_%;286.43;486.2192
no_asm%_%no_cabac%_%no_fast_pskip%_%no_weightb%_%rc_lookahead%_%rc_lookahead_40%_%ref%_%ref_9%_%root%_%;731.2167;483.2848
no_asm%_%no_fast_pskip%_%no_mixed_refs%_%rc_lookahead%_%rc_lookahead_40%_%ref%_%ref_9%_%root%_%;632.1267;483.2556
no_asm%_%no_fast_pskip%_%no_mixed_refs%_%no_weightb%_%rc_lookahead%_%rc_lookahead_40%_%ref%_%ref_9%_%root%_%;632.0633;483.7085
no_asm%_%no_cabac%_%no_fast_pskip%_%no_mixed_refs%_%rc_lookahead%_%rc_lookahead_40%_%ref%_%ref_9%_%root%_%;628.7567;482.9285
no_asm%_%no_cabac%_%no_fast_pskip%_%no_mixed_refs%_%no_weightb%_%rc_lookahead%_%rc_lookahead_40%_%ref%_%ref_9%_%root%_%;628.4967;483.3796
no_8x8dct%_%no_asm%_%no_fast_pskip%_%rc_lookahead%_%rc_lookahead_40%_%ref%_%ref_9%_%root%_%;712.54;483.6137
no_8x8dct%_%no_asm%_%no_cabac%_%no_fast_pskip%_%rc_lookahead%_%rc_lookahead_40%_%ref%_%ref_9%_%root%_%;705.3967;483.2118
no_8x8dct%_%no_asm%_%no_fast_pskip%_%no_mixed_refs%_%rc_lookahead%_%rc_lookahead_40%_%ref%_%ref_9%_%root%_%;616.6867;483.6886
no_8x8dct%_%no_asm%_%no_cabac%_%no_fast_pskip%_%no_mixed_refs%_%rc_lookahead%_%rc_lookahead_40%_%ref%_%ref_9%_%root%_%;610.9567;483.311
no_8x8dct%_%no_asm%_%no_fast_pskip%_%no_weightb%_%rc_lookahead%_%rc_lookahead_40%_%ref%_%ref_9%_%root%_%;712.6667;484.0924
no_8x8dct%_%no_asm%_%no_cabac%_%no_mbtree%_%no_mixed_refs%_%rc_lookahead%_%rc_lookahead_20%_%ref%_%ref_1%_%root%_%;275.9933;484.8258
no_8x8dct%_%no_asm%_%no_fast_pskip%_%no_mixed_refs%_%no_weightb%_%rc_lookahead%_%rc_lookahead_40%_%ref%_%ref_9%_%root%_%;616.61;484.1382
no_8x8dct%_%no_asm%_%no_cabac%_%no_fast_pskip%_%no_weightb%_%rc_lookahead%_%rc_lookahead_40%_%ref%_%ref_9%_%root%_%;705.2133;483.6903
no_8x8dct%_%no_asm%_%no_cabac%_%no_fast_pskip%_%no_mixed_refs%_%no_weightb%_%rc_lookahead%_%rc_lookahead_40%_%ref%_%ref_9%_%root%_%;610.6867;483.7605
no_asm%_%no_fast_pskip%_%no_mbtree%_%rc_lookahead%_%rc_lookahead_40%_%ref%_%ref_9%_%root%_%;818.04;485.3087
no_asm%_%no_cabac%_%no_fast_pskip%_%no_mbtree%_%rc_lookahead%_%rc_lookahead_40%_%ref%_%ref_9%_%root%_%;807.2733;484.9051
no_asm%_%no_fast_pskip%_%no_mbtree%_%no_weightb%_%rc_lookahead%_%rc_lookahead_40%_%ref%_%ref_9%_%root%_%;817.34;485.6847
no_asm%_%no_cabac%_%no_fast_pskip%_%no_mbtree%_%no_weightb%_%rc_lookahead%_%rc_lookahead_40%_%ref%_%ref_9%_%root%_%;807;485.281
no_8x8dct%_%no_asm%_%no_fast_pskip%_%no_mbtree%_%rc_lookahead%_%rc_lookahead_40%_%ref%_%ref_9%_%root%_%;780.93;485.7127
no_8x8dct%_%no_asm%_%no_fast_pskip%_%no_mbtree%_%no_weightb%_%rc_lookahead%_%rc_lookahead_40%_%ref%_%ref_9%_%root%_%;780.7567;486.0902
no_8x8dct%_%no_asm%_%no_cabac%_%no_fast_pskip%_%no_mbtree%_%rc_lookahead%_%rc_lookahead_40%_%ref%_%ref_9%_%root%_%;773.3867;485.257
no_8x8dct%_%no_asm%_%no_cabac%_%no_deblock%_%no_mbtree%_%no_mixed_refs%_%rc_lookahead%_%rc_lookahead_20%_%ref%_%ref_1%_%root%_%;275.4167;485.7319
no_8x8dct%_%no_asm%_%no_cabac%_%no_fast_pskip%_%no_mbtree%_%no_weightb%_%rc_lookahead%_%rc_lookahead_40%_%ref%_%ref_9%_%root%_%;773.22;485.6361
no_asm%_%no_fast_pskip%_%no_mbtree%_%no_mixed_refs%_%rc_lookahead%_%rc_lookahead_40%_%ref%_%ref_9%_%root%_%;672.4133;485.2809
no_asm%_%no_cabac%_%no_fast_pskip%_%no_mbtree%_%no_mixed_refs%_%rc_lookahead%_%rc_lookahead_40%_%ref%_%ref_9%_%root%_%;666.5033;484.9017
no_8x8dct%_%no_asm%_%no_fast_pskip%_%no_mbtree%_%no_mixed_refs%_%rc_lookahead%_%rc_lookahead_40%_%ref%_%ref_9%_%root%_%;652.6533;485.6603
no_8x8dct%_%no_asm%_%no_cabac%_%no_fast_pskip%_%no_mbtree%_%no_mixed_refs%_%rc_lookahead%_%rc_lookahead_40%_%ref%_%ref_9%_%root%_%;645.54;485.2323
no_asm%_%no_fast_pskip%_%no_mbtree%_%no_mixed_refs%_%no_weightb%_%rc_lookahead%_%rc_lookahead_40%_%ref%_%ref_9%_%root%_%;672.2133;485.634
no_8x8dct%_%no_asm%_%no_fast_pskip%_%no_mbtree%_%no_mixed_refs%_%no_weightb%_%rc_lookahead%_%rc_lookahead_40%_%ref%_%ref_9%_%root%_%;652.4333;486.015
no_asm%_%no_cabac%_%no_fast_pskip%_%no_mbtree%_%no_mixed_refs%_%no_weightb%_%rc_lookahead%_%rc_lookahead_40%_%ref%_%ref_9%_%root%_%;666.4933;485.2548
no_8x8dct%_%no_asm%_%no_cabac%_%no_fast_pskip%_%no_mbtree%_%no_mixed_refs%_%no_weightb%_%rc_lookahead%_%rc_lookahead_40%_%ref%_%ref_9%_%root%_%;645.3033;485.5884
no_asm%_%no_deblock%_%rc_lookahead%_%rc_lookahead_40%_%ref%_%ref_9%_%root%_%;616.62;483.8485
no_8x8dct%_%no_asm%_%no_fast_pskip%_%no_mbtree%_%no_mixed_refs%_%rc_lookahead%_%rc_lookahead_20%_%ref%_%ref_1%_%root%_%;291.66;485.2551
no_asm%_%no_cabac%_%no_deblock%_%rc_lookahead%_%rc_lookahead_40%_%ref%_%ref_9%_%root%_%;607.5367;483.4445
no_asm%_%no_deblock%_%no_weightb%_%rc_lookahead%_%rc_lookahead_40%_%ref%_%ref_9%_%root%_%;616.0867;484.3389
no_asm%_%no_cabac%_%no_deblock%_%no_weightb%_%rc_lookahead%_%rc_lookahead_40%_%ref%_%ref_9%_%root%_%;607.0333;483.9334
no_asm%_%no_deblock%_%no_mixed_refs%_%rc_lookahead%_%rc_lookahead_40%_%ref%_%ref_9%_%root%_%;510.1833;483.9091
no_asm%_%no_deblock%_%no_mixed_refs%_%no_weightb%_%rc_lookahead%_%rc_lookahead_40%_%ref%_%ref_9%_%root%_%;510.0167;484.3698
no_asm%_%no_cabac%_%no_deblock%_%no_mixed_refs%_%rc_lookahead%_%rc_lookahead_40%_%ref%_%ref_9%_%root%_%;508.34;483.5296
no_asm%_%no_cabac%_%no_deblock%_%no_mixed_refs%_%no_weightb%_%rc_lookahead%_%rc_lookahead_40%_%ref%_%ref_9%_%root%_%;508.0033;483.9889
no_asm%_%no_deblock%_%no_mbtree%_%rc_lookahead%_%rc_lookahead_40%_%ref%_%ref_9%_%root%_%;726.79;486.2212
no_asm%_%no_cabac%_%no_deblock%_%no_mbtree%_%rc_lookahead%_%rc_lookahead_40%_%ref%_%ref_9%_%root%_%;715.9933;485.7617
no_asm%_%no_deblock%_%no_mbtree%_%no_mixed_refs%_%rc_lookahead%_%rc_lookahead_40%_%ref%_%ref_9%_%root%_%;580.5433;486.138
no_asm%_%no_cabac%_%no_weightb%_%rc_lookahead%_%rc_lookahead_20%_%ref%_%ref_1%_%root%_%;260.41;482.558
no_8x8dct%_%no_asm%_%no_cabac%_%no_fast_pskip%_%no_mbtree%_%no_mixed_refs%_%rc_lookahead%_%rc_lookahead_20%_%ref%_%ref_1%_%root%_%;279.7533;484.8272
no_asm%_%no_cabac%_%no_deblock%_%no_mbtree%_%no_mixed_refs%_%rc_lookahead%_%rc_lookahead_40%_%ref%_%ref_9%_%root%_%;575.7;485.7064
no_asm%_%no_deblock%_%no_mbtree%_%no_weightb%_%rc_lookahead%_%rc_lookahead_40%_%ref%_%ref_9%_%root%_%;726.6433;486.5956
no_asm%_%no_deblock%_%no_mbtree%_%no_mixed_refs%_%no_weightb%_%rc_lookahead%_%rc_lookahead_40%_%ref%_%ref_9%_%root%_%;580.5767;486.4898
no_asm%_%no_cabac%_%no_deblock%_%no_mbtree%_%no_weightb%_%rc_lookahead%_%rc_lookahead_40%_%ref%_%ref_9%_%root%_%;715.9067;486.1362
no_asm%_%no_cabac%_%no_deblock%_%no_mbtree%_%no_mixed_refs%_%no_weightb%_%rc_lookahead%_%rc_lookahead_40%_%ref%_%ref_9%_%root%_%;575.3967;486.0582
no_asm%_%no_deblock%_%no_fast_pskip%_%rc_lookahead%_%rc_lookahead_40%_%ref%_%ref_9%_%root%_%;744.8933;483.9091
no_asm%_%no_cabac%_%no_deblock%_%no_fast_pskip%_%rc_lookahead%_%rc_lookahead_40%_%ref%_%ref_9%_%root%_%;733.7767;483.5296
no_asm%_%no_deblock%_%no_fast_pskip%_%no_weightb%_%rc_lookahead%_%rc_lookahead_40%_%ref%_%ref_9%_%root%_%;744.26;484.3698
no_asm%_%no_cabac%_%no_deblock%_%no_fast_pskip%_%no_weightb%_%rc_lookahead%_%rc_lookahead_40%_%ref%_%ref_9%_%root%_%;733.2167;483.9889
no_asm%_%no_deblock%_%no_fast_pskip%_%no_mbtree%_%rc_lookahead%_%rc_lookahead_40%_%ref%_%ref_9%_%root%_%;821.5267;486.138
no_8x8dct%_%no_asm%_%no_deblock%_%no_fast_pskip%_%no_mbtree%_%no_mixed_refs%_%rc_lookahead%_%rc_lookahead_20%_%ref%_%ref_1%_%root%_%;291.0433;486.1362
no_asm%_%no_deblock%_%no_fast_pskip%_%no_mbtree%_%no_weightb%_%rc_lookahead%_%rc_lookahead_40%_%ref%_%ref_9%_%root%_%;821.7567;486.4898
no_asm%_%no_cabac%_%no_deblock%_%no_fast_pskip%_%no_mbtree%_%rc_lookahead%_%rc_lookahead_40%_%ref%_%ref_9%_%root%_%;809.97;485.7064
no_asm%_%no_cabac%_%no_deblock%_%no_fast_pskip%_%no_mbtree%_%no_weightb%_%rc_lookahead%_%rc_lookahead_40%_%ref%_%ref_9%_%root%_%;809.5;486.0582
no_asm%_%no_deblock%_%no_fast_pskip%_%no_mixed_refs%_%rc_lookahead%_%rc_lookahead_40%_%ref%_%ref_9%_%root%_%;631.2833;483.966
no_asm%_%no_cabac%_%no_deblock%_%no_fast_pskip%_%no_mixed_refs%_%rc_lookahead%_%rc_lookahead_40%_%ref%_%ref_9%_%root%_%;627.5;483.6096
no_asm%_%no_deblock%_%no_fast_pskip%_%no_mbtree%_%no_mixed_refs%_%rc_lookahead%_%rc_lookahead_40%_%ref%_%ref_9%_%root%_%;671.6967;486.0599
no_asm%_%no_cabac%_%no_deblock%_%no_fast_pskip%_%no_mbtree%_%no_mixed_refs%_%rc_lookahead%_%rc_lookahead_40%_%ref%_%ref_9%_%root%_%;665.2933;485.6544
no_asm%_%no_deblock%_%no_fast_pskip%_%no_mixed_refs%_%no_weightb%_%rc_lookahead%_%rc_lookahead_40%_%ref%_%ref_9%_%root%_%;631.0533;484.3988
no_asm%_%no_deblock%_%no_fast_pskip%_%no_mbtree%_%no_mixed_refs%_%no_weightb%_%rc_lookahead%_%rc_lookahead_40%_%ref%_%ref_9%_%root%_%;671.5;486.3904
no_asm%_%no_cabac%_%no_deblock%_%no_fast_pskip%_%no_mixed_refs%_%no_weightb%_%rc_lookahead%_%rc_lookahead_40%_%ref%_%ref_9%_%root%_%;627.24;484.041
no_8x8dct%_%no_asm%_%no_cabac%_%no_deblock%_%no_fast_pskip%_%no_mbtree%_%no_mixed_refs%_%rc_lookahead%_%rc_lookahead_20%_%ref%_%ref_1%_%root%_%;279.1533;485.6784
no_asm%_%no_cabac%_%no_deblock%_%no_fast_pskip%_%no_mbtree%_%no_mixed_refs%_%no_weightb%_%rc_lookahead%_%rc_lookahead_40%_%ref%_%ref_9%_%root%_%;665.23;485.985
no_8x8dct%_%no_asm%_%no_deblock%_%rc_lookahead%_%rc_lookahead_40%_%ref%_%ref_9%_%root%_%;590.18;484.3614
no_8x8dct%_%no_asm%_%no_cabac%_%no_deblock%_%rc_lookahead%_%rc_lookahead_40%_%ref%_%ref_9%_%root%_%;583.5267;483.9001
no_8x8dct%_%no_asm%_%no_deblock%_%no_weightb%_%rc_lookahead%_%rc_lookahead_40%_%ref%_%ref_9%_%root%_%;589.74;484.8485
no_8x8dct%_%no_asm%_%no_cabac%_%no_deblock%_%no_weightb%_%rc_lookahead%_%rc_lookahead_40%_%ref%_%ref_9%_%root%_%;583.4267;484.3875
no_8x8dct%_%no_asm%_%no_deblock%_%no_mixed_refs%_%rc_lookahead%_%rc_lookahead_40%_%ref%_%ref_9%_%root%_%;497.3333;484.391
no_8x8dct%_%no_asm%_%no_deblock%_%no_mixed_refs%_%no_weightb%_%rc_lookahead%_%rc_lookahead_40%_%ref%_%ref_9%_%root%_%;496.78;484.8486
no_8x8dct%_%no_asm%_%no_cabac%_%no_deblock%_%no_mixed_refs%_%rc_lookahead%_%rc_lookahead_40%_%ref%_%ref_9%_%root%_%;492.13;483.9576
no_8x8dct%_%no_asm%_%no_cabac%_%no_deblock%_%no_mixed_refs%_%no_weightb%_%rc_lookahead%_%rc_lookahead_40%_%ref%_%ref_9%_%root%_%;491.6967;484.4154
no_8x8dct%_%no_asm%_%no_deblock%_%no_fast_pskip%_%rc_lookahead%_%rc_lookahead_40%_%ref%_%ref_9%_%root%_%;715.25;484.391
no_8x8dct%_%no_asm%_%no_mixed_refs%_%no_weightb%_%rc_lookahead%_%rc_lookahead_20%_%ref%_%ref_1%_%root%_%;254.7067;483.5565
no_8x8dct%_%no_asm%_%no_cabac%_%no_deblock%_%no_fast_pskip%_%rc_lookahead%_%rc_lookahead_40%_%ref%_%ref_9%_%root%_%;706.8333;483.9576
no_8x8dct%_%no_asm%_%no_deblock%_%no_fast_pskip%_%no_mixed_refs%_%rc_lookahead%_%rc_lookahead_40%_%ref%_%ref_9%_%root%_%;615.0933;484.4187
no_8x8dct%_%no_asm%_%no_cabac%_%no_deblock%_%no_fast_pskip%_%no_mixed_refs%_%rc_lookahead%_%rc_lookahead_40%_%ref%_%ref_9%_%root%_%;609.2;484.0116
no_8x8dct%_%no_asm%_%no_deblock%_%no_fast_pskip%_%no_weightb%_%rc_lookahead%_%rc_lookahead_40%_%ref%_%ref_9%_%root%_%;714.6667;484.8486
no_8x8dct%_%no_asm%_%no_deblock%_%no_fast_pskip%_%no_mixed_refs%_%no_weightb%_%rc_lookahead%_%rc_lookahead_40%_%ref%_%ref_9%_%root%_%;615.06;484.8486
no_8x8dct%_%no_asm%_%no_cabac%_%no_deblock%_%no_fast_pskip%_%no_weightb%_%rc_lookahead%_%rc_lookahead_40%_%ref%_%ref_9%_%root%_%;706.59;484.4154
no_8x8dct%_%no_asm%_%no_cabac%_%no_deblock%_%no_fast_pskip%_%no_mixed_refs%_%no_weightb%_%rc_lookahead%_%rc_lookahead_40%_%ref%_%ref_9%_%root%_%;608.68;484.4417
no_8x8dct%_%no_asm%_%no_deblock%_%no_mbtree%_%rc_lookahead%_%rc_lookahead_40%_%ref%_%ref_9%_%root%_%;690.7167;486.6768
no_8x8dct%_%no_asm%_%no_cabac%_%no_deblock%_%no_mbtree%_%rc_lookahead%_%rc_lookahead_40%_%ref%_%ref_9%_%root%_%;683.7633;486.1617
no_8x8dct%_%no_asm%_%no_deblock%_%no_mbtree%_%no_weightb%_%rc_lookahead%_%rc_lookahead_40%_%ref%_%ref_9%_%root%_%;690.2167;487.0531
no_8x8dct%_%no_asm%_%no_deblock%_%no_mixed_refs%_%no_weightb%_%rc_lookahead%_%rc_lookahead_20%_%ref%_%ref_1%_%root%_%;254.0133;484.391
no_8x8dct%_%no_asm%_%no_cabac%_%no_deblock%_%no_mbtree%_%no_weightb%_%rc_lookahead%_%rc_lookahead_40%_%ref%_%ref_9%_%root%_%;683.2567;486.5397
no_8x8dct%_%no_asm%_%no_deblock%_%no_fast_pskip%_%no_mbtree%_%rc_lookahead%_%rc_lookahead_40%_%ref%_%ref_9%_%root%_%;783.8767;486.566
no_8x8dct%_%no_asm%_%no_deblock%_%no_fast_pskip%_%no_mbtree%_%no_weightb%_%rc_lookahead%_%rc_lookahead_40%_%ref%_%ref_9%_%root%_%;783.7767;486.9196
no_8x8dct%_%no_asm%_%no_cabac%_%no_deblock%_%no_fast_pskip%_%no_mbtree%_%rc_lookahead%_%rc_lookahead_40%_%ref%_%ref_9%_%root%_%;775.6633;486.0822
no_8x8dct%_%no_asm%_%no_cabac%_%no_deblock%_%no_fast_pskip%_%no_mbtree%_%no_weightb%_%rc_lookahead%_%rc_lookahead_40%_%ref%_%ref_9%_%root%_%;775.54;486.4373
no_8x8dct%_%no_asm%_%no_deblock%_%no_mbtree%_%no_mixed_refs%_%rc_lookahead%_%rc_lookahead_40%_%ref%_%ref_9%_%root%_%;561.7433;486.566
no_8x8dct%_%no_asm%_%no_cabac%_%no_deblock%_%no_mbtree%_%no_mixed_refs%_%rc_lookahead%_%rc_lookahead_40%_%ref%_%ref_9%_%root%_%;555.6133;486.0822
no_8x8dct%_%no_asm%_%no_deblock%_%no_fast_pskip%_%no_mbtree%_%no_mixed_refs%_%rc_lookahead%_%rc_lookahead_40%_%ref%_%ref_9%_%root%_%;651.49;486.462
no_8x8dct%_%no_asm%_%no_cabac%_%no_deblock%_%no_fast_pskip%_%no_mbtree%_%no_mixed_refs%_%rc_lookahead%_%rc_lookahead_40%_%ref%_%ref_9%_%root%_%;644.3567;486.0075
no_8x8dct%_%no_asm%_%no_deblock%_%no_mbtree%_%no_mixed_refs%_%no_weightb%_%rc_lookahead%_%rc_lookahead_40%_%ref%_%ref_9%_%root%_%;561.42;486.9196
no_8x8dct%_%no_asm%_%no_fast_pskip%_%no_mixed_refs%_%no_weightb%_%rc_lookahead%_%rc_lookahead_20%_%ref%_%ref_1%_%root%_%;261.2067;483.6348
no_8x8dct%_%no_asm%_%no_deblock%_%no_fast_pskip%_%no_mbtree%_%no_mixed_refs%_%no_weightb%_%rc_lookahead%_%rc_lookahead_40%_%ref%_%ref_9%_%root%_%;651.2867;486.7941
no_8x8dct%_%no_asm%_%no_cabac%_%no_deblock%_%no_mbtree%_%no_mixed_refs%_%no_weightb%_%rc_lookahead%_%rc_lookahead_40%_%ref%_%ref_9%_%root%_%;555.26;486.4373
no_8x8dct%_%no_asm%_%no_cabac%_%no_deblock%_%no_fast_pskip%_%no_mbtree%_%no_mixed_refs%_%no_weightb%_%rc_lookahead%_%rc_lookahead_40%_%ref%_%ref_9%_%root%_%;643.9833;486.3411
no_8x8dct%_%no_asm%_%no_deblock%_%no_fast_pskip%_%no_mixed_refs%_%no_weightb%_%rc_lookahead%_%rc_lookahead_20%_%ref%_%ref_1%_%root%_%;260.55;484.4187
no_8x8dct%_%no_asm%_%no_mbtree%_%no_mixed_refs%_%no_weightb%_%rc_lookahead%_%rc_lookahead_20%_%ref%_%ref_1%_%root%_%;287.0867;485.7127
no_8x8dct%_%no_asm%_%no_fast_pskip%_%no_mbtree%_%no_mixed_refs%_%no_weightb%_%rc_lookahead%_%rc_lookahead_20%_%ref%_%ref_1%_%root%_%;291.61;485.6603
no_8x8dct%_%no_asm%_%no_deblock%_%no_mbtree%_%no_mixed_refs%_%no_weightb%_%rc_lookahead%_%rc_lookahead_20%_%ref%_%ref_1%_%root%_%;286.44;486.6233
no_asm%_%no_cabac%_%no_deblock%_%no_weightb%_%rc_lookahead%_%rc_lookahead_20%_%ref%_%ref_1%_%root%_%;259.9033;483.3873
no_8x8dct%_%no_asm%_%no_deblock%_%no_fast_pskip%_%no_mbtree%_%no_mixed_refs%_%no_weightb%_%rc_lookahead%_%rc_lookahead_20%_%ref%_%ref_1%_%root%_%;290.9167;486.5158
no_8x8dct%_%no_asm%_%no_cabac%_%no_mixed_refs%_%no_weightb%_%rc_lookahead%_%rc_lookahead_20%_%ref%_%ref_1%_%root%_%;244.3333;483.158
no_8x8dct%_%no_asm%_%no_cabac%_%no_deblock%_%no_mixed_refs%_%no_weightb%_%rc_lookahead%_%rc_lookahead_20%_%ref%_%ref_1%_%root%_%;244.28;483.9576
no_8x8dct%_%no_asm%_%no_cabac%_%no_mbtree%_%no_mixed_refs%_%no_weightb%_%rc_lookahead%_%rc_lookahead_20%_%ref%_%ref_1%_%root%_%;276.0267;485.257
no_8x8dct%_%no_asm%_%no_cabac%_%no_deblock%_%no_mbtree%_%no_mixed_refs%_%no_weightb%_%rc_lookahead%_%rc_lookahead_20%_%ref%_%ref_1%_%root%_%;275.47;486.136
no_8x8dct%_%no_asm%_%no_cabac%_%no_fast_pskip%_%no_mixed_refs%_%no_weightb%_%rc_lookahead%_%rc_lookahead_20%_%ref%_%ref_1%_%root%_%;249.6067;483.2605
no_8x8dct%_%no_asm%_%no_cabac%_%no_fast_pskip%_%no_mbtree%_%no_mixed_refs%_%no_weightb%_%rc_lookahead%_%rc_lookahead_20%_%ref%_%ref_1%_%root%_%;279.81;485.2323
no_8x8dct%_%no_asm%_%no_cabac%_%no_deblock%_%no_fast_pskip%_%no_mixed_refs%_%no_weightb%_%rc_lookahead%_%rc_lookahead_20%_%ref%_%ref_1%_%root%_%;249.41;484.0116
no_8x8dct%_%no_asm%_%no_cabac%_%no_deblock%_%no_fast_pskip%_%no_mbtree%_%no_mixed_refs%_%no_weightb%_%rc_lookahead%_%rc_lookahead_20%_%ref%_%ref_1%_%root%_%;279.2667;486.058
no_asm%_%rc_lookahead%_%rc_lookahead_40%_%ref%_%ref_1%_%root%_%;270.6567;482.6343
no_asm%_%no_fast_pskip%_%no_weightb%_%rc_lookahead%_%rc_lookahead_20%_%ref%_%ref_1%_%root%_%;275.92;483.0381
no_asm%_%no_deblock%_%rc_lookahead%_%rc_lookahead_40%_%ref%_%ref_1%_%root%_%;270.07;483.422
no_asm%_%no_fast_pskip%_%rc_lookahead%_%rc_lookahead_40%_%ref%_%ref_1%_%root%_%;278.1967;482.7685
no_asm%_%no_deblock%_%no_fast_pskip%_%rc_lookahead%_%rc_lookahead_40%_%ref%_%ref_1%_%root%_%;277.8133;483.5085
no_asm%_%no_cabac%_%rc_lookahead%_%rc_lookahead_40%_%ref%_%ref_1%_%root%_%;262.5633;482.3175
no_asm%_%no_cabac%_%no_fast_pskip%_%rc_lookahead%_%rc_lookahead_40%_%ref%_%ref_1%_%root%_%;268.7867;482.4709
no_asm%_%no_cabac%_%no_deblock%_%rc_lookahead%_%rc_lookahead_40%_%ref%_%ref_1%_%root%_%;262.2333;483.0721
no_asm%_%no_cabac%_%no_deblock%_%no_fast_pskip%_%rc_lookahead%_%rc_lookahead_40%_%ref%_%ref_1%_%root%_%;268.3967;483.1797
no_asm%_%no_weightb%_%rc_lookahead%_%rc_lookahead_40%_%ref%_%ref_1%_%root%_%;270.7067;483.1478
no_asm%_%no_deblock%_%no_weightb%_%rc_lookahead%_%rc_lookahead_40%_%ref%_%ref_1%_%root%_%;270.1533;483.9123
no_asm%_%no_cabac%_%no_weightb%_%rc_lookahead%_%rc_lookahead_40%_%ref%_%ref_1%_%root%_%;262.5667;482.8272
no_asm%_%no_cabac%_%no_fast_pskip%_%no_weightb%_%rc_lookahead%_%rc_lookahead_20%_%ref%_%ref_1%_%root%_%;266.5267;482.6968
no_asm%_%no_cabac%_%no_deblock%_%no_weightb%_%rc_lookahead%_%rc_lookahead_40%_%ref%_%ref_1%_%root%_%;262.29;483.559
no_asm%_%no_fast_pskip%_%no_weightb%_%rc_lookahead%_%rc_lookahead_40%_%ref%_%ref_1%_%root%_%;278.12;483.2509
no_asm%_%no_cabac%_%no_fast_pskip%_%no_weightb%_%rc_lookahead%_%rc_lookahead_40%_%ref%_%ref_1%_%root%_%;268.8733;482.9497
no_asm%_%no_deblock%_%no_fast_pskip%_%no_weightb%_%rc_lookahead%_%rc_lookahead_40%_%ref%_%ref_1%_%root%_%;277.5333;483.969
no_asm%_%no_cabac%_%no_deblock%_%no_fast_pskip%_%no_weightb%_%rc_lookahead%_%rc_lookahead_40%_%ref%_%ref_1%_%root%_%;268.2067;483.6372
no_asm%_%no_mixed_refs%_%rc_lookahead%_%rc_lookahead_40%_%ref%_%ref_1%_%root%_%;270.66;482.7685
no_asm%_%no_deblock%_%no_mixed_refs%_%rc_lookahead%_%rc_lookahead_40%_%ref%_%ref_1%_%root%_%;270.1367;483.5085
no_asm%_%no_fast_pskip%_%no_mixed_refs%_%rc_lookahead%_%rc_lookahead_40%_%ref%_%ref_1%_%root%_%;278.2267;482.8946
no_asm%_%no_deblock%_%no_fast_pskip%_%no_mixed_refs%_%rc_lookahead%_%rc_lookahead_40%_%ref%_%ref_1%_%root%_%;277.8533;483.5897
no_asm%_%no_mixed_refs%_%no_weightb%_%rc_lookahead%_%rc_lookahead_40%_%ref%_%ref_1%_%root%_%;270.7267;483.2509
no_asm%_%no_deblock%_%no_fast_pskip%_%no_weightb%_%rc_lookahead%_%rc_lookahead_20%_%ref%_%ref_1%_%root%_%;275.3733;483.8518
no_asm%_%no_fast_pskip%_%no_mixed_refs%_%no_weightb%_%rc_lookahead%_%rc_lookahead_40%_%ref%_%ref_1%_%root%_%;278.0767;483.3477
no_asm%_%no_deblock%_%no_mixed_refs%_%no_weightb%_%rc_lookahead%_%rc_lookahead_40%_%ref%_%ref_1%_%root%_%;270.0133;483.969
no_asm%_%no_deblock%_%no_fast_pskip%_%no_mixed_refs%_%no_weightb%_%rc_lookahead%_%rc_lookahead_40%_%ref%_%ref_1%_%root%_%;277.5633;484.0223
no_asm%_%no_cabac%_%no_mixed_refs%_%rc_lookahead%_%rc_lookahead_40%_%ref%_%ref_1%_%root%_%;262.6533;482.4709
no_asm%_%no_cabac%_%no_deblock%_%no_mixed_refs%_%rc_lookahead%_%rc_lookahead_40%_%ref%_%ref_1%_%root%_%;262.17;483.1797
no_asm%_%no_cabac%_%no_mixed_refs%_%no_weightb%_%rc_lookahead%_%rc_lookahead_40%_%ref%_%ref_1%_%root%_%;262.53;482.9497
no_asm%_%no_cabac%_%no_deblock%_%no_mixed_refs%_%no_weightb%_%rc_lookahead%_%rc_lookahead_40%_%ref%_%ref_1%_%root%_%;262.2767;483.6372
no_asm%_%no_cabac%_%no_fast_pskip%_%no_mixed_refs%_%rc_lookahead%_%rc_lookahead_40%_%ref%_%ref_1%_%root%_%;268.7633;482.615
no_asm%_%no_cabac%_%no_fast_pskip%_%no_mixed_refs%_%no_weightb%_%rc_lookahead%_%rc_lookahead_40%_%ref%_%ref_1%_%root%_%;268.8833;483.0648
no_asm%_%no_cabac%_%no_deblock%_%no_fast_pskip%_%no_mixed_refs%_%rc_lookahead%_%rc_lookahead_40%_%ref%_%ref_1%_%root%_%;268.3967;483.2809
no_asm%_%no_cabac%_%no_deblock%_%no_fast_pskip%_%no_weightb%_%rc_lookahead%_%rc_lookahead_20%_%ref%_%ref_1%_%root%_%;266.1133;483.4758
no_asm%_%no_cabac%_%no_deblock%_%no_fast_pskip%_%no_mixed_refs%_%no_weightb%_%rc_lookahead%_%rc_lookahead_40%_%ref%_%ref_1%_%root%_%;268.2633;483.7106
no_8x8dct%_%no_asm%_%rc_lookahead%_%rc_lookahead_40%_%ref%_%ref_1%_%root%_%;256.7267;483.1267
no_8x8dct%_%no_asm%_%no_deblock%_%rc_lookahead%_%rc_lookahead_40%_%ref%_%ref_1%_%root%_%;256.3333;483.9334
no_8x8dct%_%no_asm%_%no_fast_pskip%_%rc_lookahead%_%rc_lookahead_40%_%ref%_%ref_1%_%root%_%;263.4367;483.231
no_8x8dct%_%no_asm%_%no_deblock%_%no_fast_pskip%_%rc_lookahead%_%rc_lookahead_40%_%ref%_%ref_1%_%root%_%;262.7933;483.9889
no_8x8dct%_%no_asm%_%no_cabac%_%rc_lookahead%_%rc_lookahead_40%_%ref%_%ref_1%_%root%_%;246.4867;482.7542
no_8x8dct%_%no_asm%_%no_cabac%_%no_fast_pskip%_%rc_lookahead%_%rc_lookahead_40%_%ref%_%ref_1%_%root%_%;251.87;482.8811
no_8x8dct%_%no_asm%_%no_cabac%_%no_deblock%_%rc_lookahead%_%rc_lookahead_40%_%ref%_%ref_1%_%root%_%;246.4;483.5278
no_8x8dct%_%no_asm%_%no_cabac%_%no_deblock%_%no_fast_pskip%_%rc_lookahead%_%rc_lookahead_40%_%ref%_%ref_1%_%root%_%;251.5733;483.6078
no_8x8dct%_%no_asm%_%no_mixed_refs%_%rc_lookahead%_%rc_lookahead_40%_%ref%_%ref_1%_%root%_%;256.82;483.231
no_asm%_%no_mixed_refs%_%rc_lookahead%_%rc_lookahead_20%_%ref%_%ref_1%_%root%_%;268.7733;482.4915
no_8x8dct%_%no_asm%_%no_deblock%_%no_mixed_refs%_%rc_lookahead%_%rc_lookahead_40%_%ref%_%ref_1%_%root%_%;256.34;483.9889
no_8x8dct%_%no_asm%_%no_cabac%_%no_mixed_refs%_%rc_lookahead%_%rc_lookahead_40%_%ref%_%ref_1%_%root%_%;246.5433;482.8811
no_8x8dct%_%no_asm%_%no_cabac%_%no_deblock%_%no_mixed_refs%_%rc_lookahead%_%rc_lookahead_40%_%ref%_%ref_1%_%root%_%;246.2733;483.6078
no_8x8dct%_%no_asm%_%no_fast_pskip%_%no_mixed_refs%_%rc_lookahead%_%rc_lookahead_40%_%ref%_%ref_1%_%root%_%;263.2067;483.3291
no_8x8dct%_%no_asm%_%no_cabac%_%no_fast_pskip%_%no_mixed_refs%_%rc_lookahead%_%rc_lookahead_40%_%ref%_%ref_1%_%root%_%;251.8233;483.0004
no_8x8dct%_%no_asm%_%no_deblock%_%no_fast_pskip%_%no_mixed_refs%_%rc_lookahead%_%rc_lookahead_40%_%ref%_%ref_1%_%root%_%;262.6433;484.041
no_8x8dct%_%no_asm%_%no_cabac%_%no_deblock%_%no_fast_pskip%_%no_mixed_refs%_%rc_lookahead%_%rc_lookahead_40%_%ref%_%ref_1%_%root%_%;251.5867;483.683
no_8x8dct%_%no_asm%_%no_weightb%_%rc_lookahead%_%rc_lookahead_40%_%ref%_%ref_1%_%root%_%;256.6667;483.6348
no_8x8dct%_%no_asm%_%no_deblock%_%no_weightb%_%rc_lookahead%_%rc_lookahead_40%_%ref%_%ref_1%_%root%_%;256.2733;484.4187
no_8x8dct%_%no_asm%_%no_fast_pskip%_%no_weightb%_%rc_lookahead%_%rc_lookahead_40%_%ref%_%ref_1%_%root%_%;263.2533;483.7084
no_asm%_%no_deblock%_%no_mixed_refs%_%rc_lookahead%_%rc_lookahead_20%_%ref%_%ref_1%_%root%_%;268.17;483.33
no_8x8dct%_%no_asm%_%no_deblock%_%no_fast_pskip%_%no_weightb%_%rc_lookahead%_%rc_lookahead_40%_%ref%_%ref_1%_%root%_%;262.61;484.4448
no_8x8dct%_%no_asm%_%no_mixed_refs%_%no_weightb%_%rc_lookahead%_%rc_lookahead_40%_%ref%_%ref_1%_%root%_%;256.72;483.7084
no_8x8dct%_%no_asm%_%no_fast_pskip%_%no_mixed_refs%_%no_weightb%_%rc_lookahead%_%rc_lookahead_40%_%ref%_%ref_1%_%root%_%;263.0733;483.7775
no_8x8dct%_%no_asm%_%no_deblock%_%no_mixed_refs%_%no_weightb%_%rc_lookahead%_%rc_lookahead_40%_%ref%_%ref_1%_%root%_%;256.32;484.4448
no_8x8dct%_%no_asm%_%no_deblock%_%no_fast_pskip%_%no_mixed_refs%_%no_weightb%_%rc_lookahead%_%rc_lookahead_40%_%ref%_%ref_1%_%root%_%;262.51;484.4693
no_8x8dct%_%no_asm%_%no_cabac%_%no_weightb%_%rc_lookahead%_%rc_lookahead_40%_%ref%_%ref_1%_%root%_%;246.41;483.2605
no_8x8dct%_%no_asm%_%no_cabac%_%no_deblock%_%no_weightb%_%rc_lookahead%_%rc_lookahead_40%_%ref%_%ref_1%_%root%_%;246.2;484.0116
no_8x8dct%_%no_asm%_%no_cabac%_%no_mixed_refs%_%no_weightb%_%rc_lookahead%_%rc_lookahead_40%_%ref%_%ref_1%_%root%_%;246.58;483.3567
no_8x8dct%_%no_asm%_%no_cabac%_%no_deblock%_%no_mixed_refs%_%no_weightb%_%rc_lookahead%_%rc_lookahead_40%_%ref%_%ref_1%_%root%_%;246.2367;484.0624
no_8x8dct%_%no_asm%_%no_cabac%_%no_fast_pskip%_%no_weightb%_%rc_lookahead%_%rc_lookahead_40%_%ref%_%ref_1%_%root%_%;251.7867;483.3567
no_asm%_%no_fast_pskip%_%no_mixed_refs%_%rc_lookahead%_%rc_lookahead_20%_%ref%_%ref_1%_%root%_%;276.03;482.6343
no_8x8dct%_%no_asm%_%no_cabac%_%no_fast_pskip%_%no_mixed_refs%_%no_weightb%_%rc_lookahead%_%rc_lookahead_40%_%ref%_%ref_1%_%root%_%;251.86;483.4471
no_8x8dct%_%no_asm%_%no_cabac%_%no_deblock%_%no_fast_pskip%_%no_weightb%_%rc_lookahead%_%rc_lookahead_40%_%ref%_%ref_1%_%root%_%;251.53;484.0624
no_8x8dct%_%no_asm%_%no_cabac%_%no_deblock%_%no_fast_pskip%_%no_mixed_refs%_%no_weightb%_%rc_lookahead%_%rc_lookahead_40%_%ref%_%ref_1%_%root%_%;251.6367;484.11
no_asm%_%no_mbtree%_%rc_lookahead%_%rc_lookahead_40%_%ref%_%ref_1%_%root%_%;305.4567;484.8217
no_asm%_%no_deblock%_%no_mbtree%_%rc_lookahead%_%rc_lookahead_40%_%ref%_%ref_1%_%root%_%;305.1733;485.6805
no_asm%_%no_fast_pskip%_%no_mbtree%_%rc_lookahead%_%rc_lookahead_40%_%ref%_%ref_1%_%root%_%;310.6967;484.8233
no_asm%_%no_deblock%_%no_fast_pskip%_%no_mbtree%_%rc_lookahead%_%rc_lookahead_40%_%ref%_%ref_1%_%root%_%;310.2867;485.6301
no_asm%_%no_cabac%_%no_mbtree%_%rc_lookahead%_%rc_lookahead_40%_%ref%_%ref_1%_%root%_%;295.49;484.4475
no_asm%_%no_cabac%_%no_fast_pskip%_%no_mbtree%_%rc_lookahead%_%rc_lookahead_40%_%ref%_%ref_1%_%root%_%;299.8133;484.4718
no_asm%_%no_cabac%_%no_deblock%_%no_mbtree%_%rc_lookahead%_%rc_lookahead_40%_%ref%_%ref_1%_%root%_%;295.4267;485.2765
no_asm%_%no_deblock%_%rc_lookahead%_%rc_lookahead_20%_%ref%_%ref_1%_%root%_%;268.0167;483.232
no_asm%_%no_deblock%_%no_fast_pskip%_%no_mixed_refs%_%rc_lookahead%_%rc_lookahead_20%_%ref%_%ref_1%_%root%_%;275.69;483.422
no_asm%_%no_cabac%_%no_deblock%_%no_fast_pskip%_%no_mbtree%_%rc_lookahead%_%rc_lookahead_40%_%ref%_%ref_1%_%root%_%;299.7067;485.2506
no_asm%_%no_mbtree%_%no_weightb%_%rc_lookahead%_%rc_lookahead_40%_%ref%_%ref_1%_%root%_%;305.4433;485.2271
no_asm%_%no_deblock%_%no_mbtree%_%no_weightb%_%rc_lookahead%_%rc_lookahead_40%_%ref%_%ref_1%_%root%_%;305.04;486.0599
no_asm%_%no_cabac%_%no_mbtree%_%no_weightb%_%rc_lookahead%_%rc_lookahead_40%_%ref%_%ref_1%_%root%_%;295.61;484.8512
no_asm%_%no_cabac%_%no_deblock%_%no_mbtree%_%no_weightb%_%rc_lookahead%_%rc_lookahead_40%_%ref%_%ref_1%_%root%_%;295.5033;485.6544
no_asm%_%no_fast_pskip%_%no_mbtree%_%no_weightb%_%rc_lookahead%_%rc_lookahead_40%_%ref%_%ref_1%_%root%_%;310.7767;485.2042
no_asm%_%no_cabac%_%no_fast_pskip%_%no_mbtree%_%no_weightb%_%rc_lookahead%_%rc_lookahead_40%_%ref%_%ref_1%_%root%_%;299.9067;484.851
no_asm%_%no_deblock%_%no_fast_pskip%_%no_mbtree%_%no_weightb%_%rc_lookahead%_%rc_lookahead_40%_%ref%_%ref_1%_%root%_%;310.3167;485.9866
no_asm%_%no_cabac%_%no_deblock%_%no_fast_pskip%_%no_mbtree%_%no_weightb%_%rc_lookahead%_%rc_lookahead_40%_%ref%_%ref_1%_%root%_%;299.6267;485.6056
no_8x8dct%_%no_asm%_%no_mbtree%_%rc_lookahead%_%rc_lookahead_40%_%ref%_%ref_1%_%root%_%;287.05;485.2551
no_asm%_%no_mixed_refs%_%no_weightb%_%rc_lookahead%_%rc_lookahead_20%_%ref%_%ref_1%_%root%_%;268.6033;483.0381
no_8x8dct%_%no_asm%_%no_deblock%_%no_mbtree%_%rc_lookahead%_%rc_lookahead_40%_%ref%_%ref_1%_%root%_%;286.4267;486.1362
no_8x8dct%_%no_asm%_%no_fast_pskip%_%no_mbtree%_%rc_lookahead%_%rc_lookahead_40%_%ref%_%ref_1%_%root%_%;291.59;485.2305
no_8x8dct%_%no_asm%_%no_deblock%_%no_fast_pskip%_%no_mbtree%_%rc_lookahead%_%rc_lookahead_40%_%ref%_%ref_1%_%root%_%;291.0667;486.0582
no_8x8dct%_%no_asm%_%no_mbtree%_%no_weightb%_%rc_lookahead%_%rc_lookahead_40%_%ref%_%ref_1%_%root%_%;287.1067;485.6603
no_8x8dct%_%no_asm%_%no_fast_pskip%_%no_mbtree%_%no_weightb%_%rc_lookahead%_%rc_lookahead_40%_%ref%_%ref_1%_%root%_%;291.5767;485.6112
no_8x8dct%_%no_asm%_%no_deblock%_%no_mbtree%_%no_weightb%_%rc_lookahead%_%rc_lookahead_40%_%ref%_%ref_1%_%root%_%;286.4;486.5158
no_8x8dct%_%no_asm%_%no_deblock%_%no_fast_pskip%_%no_mbtree%_%no_weightb%_%rc_lookahead%_%rc_lookahead_40%_%ref%_%ref_1%_%root%_%;291.2;486.4148
no_8x8dct%_%no_asm%_%no_cabac%_%no_mbtree%_%rc_lookahead%_%rc_lookahead_40%_%ref%_%ref_1%_%root%_%;276.01;484.8272
no_8x8dct%_%no_asm%_%no_cabac%_%no_deblock%_%no_mbtree%_%rc_lookahead%_%rc_lookahead_40%_%ref%_%ref_1%_%root%_%;275.56;485.6784
no_8x8dct%_%no_asm%_%no_cabac%_%no_mbtree%_%no_weightb%_%rc_lookahead%_%rc_lookahead_40%_%ref%_%ref_1%_%root%_%;275.9733;485.2323
no_asm%_%no_fast_pskip%_%no_mixed_refs%_%no_weightb%_%rc_lookahead%_%rc_lookahead_20%_%ref%_%ref_1%_%root%_%;275.9567;483.1478
no_8x8dct%_%no_asm%_%no_cabac%_%no_deblock%_%no_mbtree%_%no_weightb%_%rc_lookahead%_%rc_lookahead_40%_%ref%_%ref_1%_%root%_%;275.4533;486.058
no_8x8dct%_%no_asm%_%no_cabac%_%no_fast_pskip%_%no_mbtree%_%rc_lookahead%_%rc_lookahead_40%_%ref%_%ref_1%_%root%_%;279.7533;484.8285
no_8x8dct%_%no_asm%_%no_cabac%_%no_fast_pskip%_%no_mbtree%_%no_weightb%_%rc_lookahead%_%rc_lookahead_40%_%ref%_%ref_1%_%root%_%;279.89;485.2091
no_8x8dct%_%no_asm%_%no_cabac%_%no_deblock%_%no_fast_pskip%_%no_mbtree%_%rc_lookahead%_%rc_lookahead_40%_%ref%_%ref_1%_%root%_%;279.2467;485.6281
no_8x8dct%_%no_asm%_%no_cabac%_%no_deblock%_%no_fast_pskip%_%no_mbtree%_%no_weightb%_%rc_lookahead%_%rc_lookahead_40%_%ref%_%ref_1%_%root%_%;279.1567;485.9847
no_asm%_%no_mbtree%_%no_mixed_refs%_%rc_lookahead%_%rc_lookahead_40%_%ref%_%ref_1%_%root%_%;305.5033;484.8233
no_asm%_%no_deblock%_%no_mbtree%_%no_mixed_refs%_%rc_lookahead%_%rc_lookahead_40%_%ref%_%ref_1%_%root%_%;305.03;485.6301
no_asm%_%no_fast_pskip%_%no_mbtree%_%no_mixed_refs%_%rc_lookahead%_%rc_lookahead_40%_%ref%_%ref_1%_%root%_%;310.6967;484.8249
no_asm%_%no_deblock%_%no_fast_pskip%_%no_mbtree%_%no_mixed_refs%_%rc_lookahead%_%rc_lookahead_40%_%ref%_%ref_1%_%root%_%;310.25;485.5828
no_asm%_%no_cabac%_%no_mbtree%_%no_mixed_refs%_%rc_lookahead%_%rc_lookahead_40%_%ref%_%ref_1%_%root%_%;295.68;484.4718
no_asm%_%no_deblock%_%no_mixed_refs%_%no_weightb%_%rc_lookahead%_%rc_lookahead_20%_%ref%_%ref_1%_%root%_%;268.11;483.8518
no_asm%_%no_cabac%_%no_fast_pskip%_%no_mbtree%_%no_mixed_refs%_%rc_lookahead%_%rc_lookahead_40%_%ref%_%ref_1%_%root%_%;299.75;484.4947
no_asm%_%no_cabac%_%no_deblock%_%no_mbtree%_%no_mixed_refs%_%rc_lookahead%_%rc_lookahead_40%_%ref%_%ref_1%_%root%_%;295.36;485.2506
no_asm%_%no_cabac%_%no_deblock%_%no_fast_pskip%_%no_mbtree%_%no_mixed_refs%_%rc_lookahead%_%rc_lookahead_40%_%ref%_%ref_1%_%root%_%;299.69;485.2263
no_8x8dct%_%no_asm%_%no_mbtree%_%no_mixed_refs%_%rc_lookahead%_%rc_lookahead_40%_%ref%_%ref_1%_%root%_%;287.21;485.2305
no_8x8dct%_%no_asm%_%no_deblock%_%no_mbtree%_%no_mixed_refs%_%rc_lookahead%_%rc_lookahead_40%_%ref%_%ref_1%_%root%_%;286.28;486.0582
no_8x8dct%_%no_asm%_%no_cabac%_%no_mbtree%_%no_mixed_refs%_%rc_lookahead%_%rc_lookahead_40%_%ref%_%ref_1%_%root%_%;275.8967;484.8285
no_8x8dct%_%no_asm%_%no_cabac%_%no_deblock%_%no_mbtree%_%no_mixed_refs%_%rc_lookahead%_%rc_lookahead_40%_%ref%_%ref_1%_%root%_%;275.5233;485.6281
no_8x8dct%_%no_asm%_%no_fast_pskip%_%no_mbtree%_%no_mixed_refs%_%rc_lookahead%_%rc_lookahead_40%_%ref%_%ref_1%_%root%_%;291.6733;485.2074
no_8x8dct%_%no_asm%_%no_cabac%_%no_fast_pskip%_%no_mbtree%_%no_mixed_refs%_%rc_lookahead%_%rc_lookahead_40%_%ref%_%ref_1%_%root%_%;279.74;484.8298
no_8x8dct%_%no_asm%_%no_deblock%_%no_fast_pskip%_%no_mbtree%_%no_mixed_refs%_%rc_lookahead%_%rc_lookahead_40%_%ref%_%ref_1%_%root%_%;291.1733;485.985
no_asm%_%no_deblock%_%no_fast_pskip%_%no_mixed_refs%_%no_weightb%_%rc_lookahead%_%rc_lookahead_20%_%ref%_%ref_1%_%root%_%;275.31;483.9123
no_8x8dct%_%no_asm%_%no_cabac%_%no_deblock%_%no_fast_pskip%_%no_mbtree%_%no_mixed_refs%_%rc_lookahead%_%rc_lookahead_40%_%ref%_%ref_1%_%root%_%;279.26;485.5809
no_asm%_%no_mbtree%_%no_mixed_refs%_%no_weightb%_%rc_lookahead%_%rc_lookahead_40%_%ref%_%ref_1%_%root%_%;305.4333;485.2042
no_asm%_%no_deblock%_%no_mbtree%_%no_mixed_refs%_%no_weightb%_%rc_lookahead%_%rc_lookahead_40%_%ref%_%ref_1%_%root%_%;305;485.9866
no_asm%_%no_fast_pskip%_%no_mbtree%_%no_mixed_refs%_%no_weightb%_%rc_lookahead%_%rc_lookahead_40%_%ref%_%ref_1%_%root%_%;310.7533;485.1827
no_asm%_%no_deblock%_%no_fast_pskip%_%no_mbtree%_%no_mixed_refs%_%no_weightb%_%rc_lookahead%_%rc_lookahead_40%_%ref%_%ref_1%_%root%_%;310.2833;485.9176
no_8x8dct%_%no_asm%_%no_mbtree%_%no_mixed_refs%_%no_weightb%_%rc_lookahead%_%rc_lookahead_40%_%ref%_%ref_1%_%root%_%;287.0367;485.6112
no_8x8dct%_%no_asm%_%no_fast_pskip%_%no_mbtree%_%no_mixed_refs%_%no_weightb%_%rc_lookahead%_%rc_lookahead_40%_%ref%_%ref_1%_%root%_%;291.6033;485.565
no_8x8dct%_%no_asm%_%no_deblock%_%no_mbtree%_%no_mixed_refs%_%no_weightb%_%rc_lookahead%_%rc_lookahead_40%_%ref%_%ref_1%_%root%_%;286.3367;486.4148
no_8x8dct%_%no_asm%_%no_deblock%_%no_fast_pskip%_%no_mbtree%_%no_mixed_refs%_%no_weightb%_%rc_lookahead%_%rc_lookahead_40%_%ref%_%ref_1%_%root%_%;291.21;486.3199
no_asm%_%no_cabac%_%no_mbtree%_%no_mixed_refs%_%no_weightb%_%rc_lookahead%_%rc_lookahead_40%_%ref%_%ref_1%_%root%_%;295.58;484.851
no_asm%_%no_cabac%_%no_mixed_refs%_%rc_lookahead%_%rc_lookahead_20%_%ref%_%ref_1%_%root%_%;260.48;482.1543
no_asm%_%no_cabac%_%no_deblock%_%no_mbtree%_%no_mixed_refs%_%no_weightb%_%rc_lookahead%_%rc_lookahead_40%_%ref%_%ref_1%_%root%_%;295.4467;485.6056
no_8x8dct%_%no_asm%_%no_cabac%_%no_mbtree%_%no_mixed_refs%_%no_weightb%_%rc_lookahead%_%rc_lookahead_40%_%ref%_%ref_1%_%root%_%;276.01;485.2091
no_8x8dct%_%no_asm%_%no_cabac%_%no_deblock%_%no_mbtree%_%no_mixed_refs%_%no_weightb%_%rc_lookahead%_%rc_lookahead_40%_%ref%_%ref_1%_%root%_%;275.4067;485.9847
no_asm%_%no_cabac%_%no_fast_pskip%_%no_mbtree%_%no_mixed_refs%_%no_weightb%_%rc_lookahead%_%rc_lookahead_40%_%ref%_%ref_1%_%root%_%;299.84;484.8509
no_8x8dct%_%no_asm%_%no_cabac%_%no_fast_pskip%_%no_mbtree%_%no_mixed_refs%_%no_weightb%_%rc_lookahead%_%rc_lookahead_40%_%ref%_%ref_1%_%root%_%;279.9033;485.1873
no_asm%_%no_cabac%_%no_deblock%_%no_fast_pskip%_%no_mbtree%_%no_mixed_refs%_%no_weightb%_%rc_lookahead%_%rc_lookahead_40%_%ref%_%ref_1%_%root%_%;299.7333;485.5598
no_8x8dct%_%no_asm%_%no_cabac%_%no_deblock%_%no_fast_pskip%_%no_mbtree%_%no_mixed_refs%_%no_weightb%_%rc_lookahead%_%rc_lookahead_40%_%ref%_%ref_1%_%root%_%;279.1933;485.9159
no_asm%_%rc_lookahead%_%rc_lookahead_60%_%ref%_%ref_1%_%root%_%;271.9667;482.6343
no_asm%_%no_fast_pskip%_%rc_lookahead%_%rc_lookahead_60%_%ref%_%ref_1%_%root%_%;279.3567;482.7685
no_asm%_%no_cabac%_%rc_lookahead%_%rc_lookahead_60%_%ref%_%ref_1%_%root%_%;263.8233;482.3175
no_asm%_%no_cabac%_%no_deblock%_%no_mixed_refs%_%rc_lookahead%_%rc_lookahead_20%_%ref%_%ref_1%_%root%_%;259.9633;482.9575
no_asm%_%no_cabac%_%no_fast_pskip%_%rc_lookahead%_%rc_lookahead_60%_%ref%_%ref_1%_%root%_%;269.9167;482.4709
no_asm%_%no_weightb%_%rc_lookahead%_%rc_lookahead_60%_%ref%_%ref_1%_%root%_%;272.0033;483.1478
no_asm%_%no_cabac%_%no_weightb%_%rc_lookahead%_%rc_lookahead_60%_%ref%_%ref_1%_%root%_%;263.6433;482.8272
no_asm%_%no_fast_pskip%_%no_weightb%_%rc_lookahead%_%rc_lookahead_60%_%ref%_%ref_1%_%root%_%;279.3333;483.2509
no_asm%_%no_cabac%_%no_fast_pskip%_%no_weightb%_%rc_lookahead%_%rc_lookahead_60%_%ref%_%ref_1%_%root%_%;269.95;482.9497
no_asm%_%no_mixed_refs%_%rc_lookahead%_%rc_lookahead_60%_%ref%_%ref_1%_%root%_%;272.13;482.7685
no_asm%_%no_fast_pskip%_%no_mixed_refs%_%rc_lookahead%_%rc_lookahead_60%_%ref%_%ref_1%_%root%_%;279.5333;482.8946
no_asm%_%no_mixed_refs%_%no_weightb%_%rc_lookahead%_%rc_lookahead_60%_%ref%_%ref_1%_%root%_%;272.0533;483.2509
no_asm%_%no_fast_pskip%_%no_mixed_refs%_%no_weightb%_%rc_lookahead%_%rc_lookahead_60%_%ref%_%ref_1%_%root%_%;279.3033;483.3477
no_asm%_%no_cabac%_%no_mixed_refs%_%rc_lookahead%_%rc_lookahead_60%_%ref%_%ref_1%_%root%_%;263.8867;482.4709
no_asm%_%no_cabac%_%no_mixed_refs%_%no_weightb%_%rc_lookahead%_%rc_lookahead_20%_%ref%_%ref_1%_%root%_%;260.38;482.6968
no_asm%_%no_cabac%_%no_mixed_refs%_%no_weightb%_%rc_lookahead%_%rc_lookahead_60%_%ref%_%ref_1%_%root%_%;263.7533;482.9497
no_asm%_%no_cabac%_%no_fast_pskip%_%no_mixed_refs%_%rc_lookahead%_%rc_lookahead_60%_%ref%_%ref_1%_%root%_%;270.09;482.615
no_asm%_%no_cabac%_%no_fast_pskip%_%no_mixed_refs%_%no_weightb%_%rc_lookahead%_%rc_lookahead_60%_%ref%_%ref_1%_%root%_%;270.0633;483.0648
no_asm%_%no_mbtree%_%rc_lookahead%_%rc_lookahead_60%_%ref%_%ref_1%_%root%_%;305.3833;484.8217
no_asm%_%no_fast_pskip%_%no_mbtree%_%rc_lookahead%_%rc_lookahead_60%_%ref%_%ref_1%_%root%_%;310.6067;484.8233
no_asm%_%no_cabac%_%no_mbtree%_%rc_lookahead%_%rc_lookahead_60%_%ref%_%ref_1%_%root%_%;295.5767;484.4475
no_asm%_%no_cabac%_%no_fast_pskip%_%no_mbtree%_%rc_lookahead%_%rc_lookahead_60%_%ref%_%ref_1%_%root%_%;299.8667;484.4718
no_asm%_%no_mbtree%_%no_mixed_refs%_%rc_lookahead%_%rc_lookahead_60%_%ref%_%ref_1%_%root%_%;305.35;484.8233
no_asm%_%no_cabac%_%no_mbtree%_%no_mixed_refs%_%rc_lookahead%_%rc_lookahead_60%_%ref%_%ref_1%_%root%_%;295.62;484.4718
no_asm%_%no_fast_pskip%_%no_mbtree%_%no_mixed_refs%_%rc_lookahead%_%rc_lookahead_60%_%ref%_%ref_1%_%root%_%;310.6733;484.8249
no_asm%_%no_cabac%_%no_deblock%_%no_mixed_refs%_%no_weightb%_%rc_lookahead%_%rc_lookahead_20%_%ref%_%ref_1%_%root%_%;259.84;483.4758
no_asm%_%no_cabac%_%no_fast_pskip%_%no_mbtree%_%no_mixed_refs%_%rc_lookahead%_%rc_lookahead_60%_%ref%_%ref_1%_%root%_%;299.89;484.4947
no_asm%_%no_mbtree%_%no_weightb%_%rc_lookahead%_%rc_lookahead_60%_%ref%_%ref_1%_%root%_%;305.5;485.2271
no_asm%_%no_fast_pskip%_%no_mbtree%_%no_weightb%_%rc_lookahead%_%rc_lookahead_60%_%ref%_%ref_1%_%root%_%;310.6867;485.2042
no_asm%_%no_mbtree%_%no_mixed_refs%_%no_weightb%_%rc_lookahead%_%rc_lookahead_60%_%ref%_%ref_1%_%root%_%;305.4333;485.2042
no_asm%_%no_fast_pskip%_%no_mbtree%_%no_mixed_refs%_%no_weightb%_%rc_lookahead%_%rc_lookahead_60%_%ref%_%ref_1%_%root%_%;310.6733;485.1827
no_asm%_%no_cabac%_%no_mbtree%_%no_weightb%_%rc_lookahead%_%rc_lookahead_60%_%ref%_%ref_1%_%root%_%;295.6067;484.8512
no_asm%_%no_cabac%_%no_mbtree%_%no_mixed_refs%_%no_weightb%_%rc_lookahead%_%rc_lookahead_60%_%ref%_%ref_1%_%root%_%;295.6833;484.851
no_asm%_%no_cabac%_%no_fast_pskip%_%no_mbtree%_%no_weightb%_%rc_lookahead%_%rc_lookahead_60%_%ref%_%ref_1%_%root%_%;299.85;484.851
no_asm%_%no_cabac%_%no_fast_pskip%_%no_mbtree%_%no_mixed_refs%_%no_weightb%_%rc_lookahead%_%rc_lookahead_60%_%ref%_%ref_1%_%root%_%;299.96;484.8509
no_asm%_%no_deblock%_%rc_lookahead%_%rc_lookahead_60%_%ref%_%ref_1%_%root%_%;271.3367;483.422
no_asm%_%no_cabac%_%no_fast_pskip%_%no_mixed_refs%_%rc_lookahead%_%rc_lookahead_20%_%ref%_%ref_1%_%root%_%;266.67;482.3175
no_asm%_%no_deblock%_%no_fast_pskip%_%rc_lookahead%_%rc_lookahead_60%_%ref%_%ref_1%_%root%_%;279.0367;483.5085
no_asm%_%no_cabac%_%no_deblock%_%rc_lookahead%_%rc_lookahead_60%_%ref%_%ref_1%_%root%_%;263.3667;483.0721
no_asm%_%no_cabac%_%no_deblock%_%no_fast_pskip%_%rc_lookahead%_%rc_lookahead_60%_%ref%_%ref_1%_%root%_%;269.7333;483.1797
no_asm%_%no_deblock%_%no_weightb%_%rc_lookahead%_%rc_lookahead_60%_%ref%_%ref_1%_%root%_%;271.38;483.9123
no_asm%_%no_cabac%_%no_deblock%_%no_weightb%_%rc_lookahead%_%rc_lookahead_60%_%ref%_%ref_1%_%root%_%;263.3633;483.559
no_asm%_%no_deblock%_%no_fast_pskip%_%no_weightb%_%rc_lookahead%_%rc_lookahead_60%_%ref%_%ref_1%_%root%_%;279.0833;483.969
no_asm%_%no_cabac%_%no_deblock%_%no_fast_pskip%_%no_weightb%_%rc_lookahead%_%rc_lookahead_60%_%ref%_%ref_1%_%root%_%;269.5233;483.6372
no_asm%_%no_deblock%_%no_mbtree%_%rc_lookahead%_%rc_lookahead_60%_%ref%_%ref_1%_%root%_%;304.96;485.6805
no_asm%_%no_deblock%_%no_fast_pskip%_%no_mbtree%_%rc_lookahead%_%rc_lookahead_60%_%ref%_%ref_1%_%root%_%;310.2267;485.6301
no_asm%_%no_deblock%_%no_mbtree%_%no_weightb%_%rc_lookahead%_%rc_lookahead_60%_%ref%_%ref_1%_%root%_%;305.1467;486.0599
no_asm%_%no_fast_pskip%_%rc_lookahead%_%rc_lookahead_20%_%ref%_%ref_1%_%root%_%;276.1033;482.4915
no_asm%_%no_cabac%_%no_fast_pskip%_%no_mixed_refs%_%no_weightb%_%rc_lookahead%_%rc_lookahead_20%_%ref%_%ref_1%_%root%_%;266.51;482.8272
no_asm%_%no_deblock%_%no_fast_pskip%_%no_mbtree%_%no_weightb%_%rc_lookahead%_%rc_lookahead_60%_%ref%_%ref_1%_%root%_%;310.3267;485.9866
no_asm%_%no_cabac%_%no_deblock%_%no_mbtree%_%rc_lookahead%_%rc_lookahead_60%_%ref%_%ref_1%_%root%_%;295.3533;485.2765
no_asm%_%no_cabac%_%no_deblock%_%no_mbtree%_%no_weightb%_%rc_lookahead%_%rc_lookahead_60%_%ref%_%ref_1%_%root%_%;295.4233;485.6544
no_asm%_%no_cabac%_%no_deblock%_%no_fast_pskip%_%no_mbtree%_%rc_lookahead%_%rc_lookahead_60%_%ref%_%ref_1%_%root%_%;299.8133;485.2506
no_asm%_%no_cabac%_%no_deblock%_%no_fast_pskip%_%no_mbtree%_%no_weightb%_%rc_lookahead%_%rc_lookahead_60%_%ref%_%ref_1%_%root%_%;299.7967;485.6056
no_asm%_%no_deblock%_%no_mixed_refs%_%rc_lookahead%_%rc_lookahead_60%_%ref%_%ref_1%_%root%_%;271.4167;483.5085
no_asm%_%no_deblock%_%no_fast_pskip%_%no_mixed_refs%_%rc_lookahead%_%rc_lookahead_60%_%ref%_%ref_1%_%root%_%;279.0967;483.5897
no_asm%_%no_cabac%_%no_deblock%_%no_mixed_refs%_%rc_lookahead%_%rc_lookahead_60%_%ref%_%ref_1%_%root%_%;263.4033;483.1797
no_asm%_%no_cabac%_%no_deblock%_%no_fast_pskip%_%no_mixed_refs%_%rc_lookahead%_%rc_lookahead_60%_%ref%_%ref_1%_%root%_%;269.5833;483.2809
no_asm%_%no_deblock%_%no_mbtree%_%no_mixed_refs%_%rc_lookahead%_%rc_lookahead_60%_%ref%_%ref_1%_%root%_%;305.0267;485.6301
no_asm%_%no_cabac%_%no_deblock%_%no_fast_pskip%_%no_mixed_refs%_%rc_lookahead%_%rc_lookahead_20%_%ref%_%ref_1%_%root%_%;266.22;483.0721
no_asm%_%no_cabac%_%no_deblock%_%no_mbtree%_%no_mixed_refs%_%rc_lookahead%_%rc_lookahead_60%_%ref%_%ref_1%_%root%_%;295.4133;485.2506
no_asm%_%no_deblock%_%no_fast_pskip%_%no_mbtree%_%no_mixed_refs%_%rc_lookahead%_%rc_lookahead_60%_%ref%_%ref_1%_%root%_%;310.2633;485.5828
no_asm%_%no_cabac%_%no_deblock%_%no_fast_pskip%_%no_mbtree%_%no_mixed_refs%_%rc_lookahead%_%rc_lookahead_60%_%ref%_%ref_1%_%root%_%;299.6767;485.2263
no_asm%_%no_deblock%_%no_mixed_refs%_%no_weightb%_%rc_lookahead%_%rc_lookahead_60%_%ref%_%ref_1%_%root%_%;271.4033;483.969
no_asm%_%no_deblock%_%no_fast_pskip%_%no_mixed_refs%_%no_weightb%_%rc_lookahead%_%rc_lookahead_60%_%ref%_%ref_1%_%root%_%;279.0133;484.0223
no_asm%_%no_deblock%_%no_mbtree%_%no_mixed_refs%_%no_weightb%_%rc_lookahead%_%rc_lookahead_60%_%ref%_%ref_1%_%root%_%;305.1033;485.9866
no_asm%_%no_deblock%_%no_fast_pskip%_%no_mbtree%_%no_mixed_refs%_%no_weightb%_%rc_lookahead%_%rc_lookahead_60%_%ref%_%ref_1%_%root%_%;310.2533;485.9176
no_asm%_%no_cabac%_%no_deblock%_%no_mixed_refs%_%no_weightb%_%rc_lookahead%_%rc_lookahead_60%_%ref%_%ref_1%_%root%_%;263.3733;483.6372
no_asm%_%no_cabac%_%no_deblock%_%no_mbtree%_%no_mixed_refs%_%no_weightb%_%rc_lookahead%_%rc_lookahead_60%_%ref%_%ref_1%_%root%_%;295.41;485.6056
no_asm%_%no_cabac%_%no_deblock%_%no_fast_pskip%_%no_mixed_refs%_%no_weightb%_%rc_lookahead%_%rc_lookahead_60%_%ref%_%ref_1%_%root%_%;269.4933;483.7106
no_asm%_%no_cabac%_%no_deblock%_%no_fast_pskip%_%no_mixed_refs%_%no_weightb%_%rc_lookahead%_%rc_lookahead_20%_%ref%_%ref_1%_%root%_%;266.2733;483.559
no_asm%_%no_cabac%_%no_deblock%_%no_fast_pskip%_%no_mbtree%_%no_mixed_refs%_%no_weightb%_%rc_lookahead%_%rc_lookahead_60%_%ref%_%ref_1%_%root%_%;299.6767;485.5598
no_8x8dct%_%no_asm%_%rc_lookahead%_%rc_lookahead_60%_%ref%_%ref_1%_%root%_%;257.9733;483.1267
no_8x8dct%_%no_asm%_%no_fast_pskip%_%rc_lookahead%_%rc_lookahead_60%_%ref%_%ref_1%_%root%_%;264.2933;483.231
no_8x8dct%_%no_asm%_%no_cabac%_%rc_lookahead%_%rc_lookahead_60%_%ref%_%ref_1%_%root%_%;247.73;482.7542
no_8x8dct%_%no_asm%_%no_cabac%_%no_fast_pskip%_%rc_lookahead%_%rc_lookahead_60%_%ref%_%ref_1%_%root%_%;252.9633;482.8811
no_8x8dct%_%no_asm%_%no_weightb%_%rc_lookahead%_%rc_lookahead_60%_%ref%_%ref_1%_%root%_%;257.9267;483.6348
no_8x8dct%_%no_asm%_%no_cabac%_%no_weightb%_%rc_lookahead%_%rc_lookahead_60%_%ref%_%ref_1%_%root%_%;247.5067;483.2605
no_8x8dct%_%no_asm%_%no_fast_pskip%_%no_weightb%_%rc_lookahead%_%rc_lookahead_60%_%ref%_%ref_1%_%root%_%;264.2867;483.7084
no_8x8dct%_%no_asm%_%no_cabac%_%no_fast_pskip%_%no_weightb%_%rc_lookahead%_%rc_lookahead_60%_%ref%_%ref_1%_%root%_%;253.01;483.3567
no_8x8dct%_%no_asm%_%no_mixed_refs%_%rc_lookahead%_%rc_lookahead_60%_%ref%_%ref_1%_%root%_%;258.1133;483.231
no_asm%_%no_mbtree%_%rc_lookahead%_%rc_lookahead_20%_%ref%_%ref_1%_%root%_%;305.4;484.818
no_8x8dct%_%no_asm%_%no_fast_pskip%_%no_mixed_refs%_%rc_lookahead%_%rc_lookahead_60%_%ref%_%ref_1%_%root%_%;264.38;483.3291
no_8x8dct%_%no_asm%_%no_mixed_refs%_%no_weightb%_%rc_lookahead%_%rc_lookahead_60%_%ref%_%ref_1%_%root%_%;257.8767;483.7084
no_8x8dct%_%no_asm%_%no_fast_pskip%_%no_mixed_refs%_%no_weightb%_%rc_lookahead%_%rc_lookahead_60%_%ref%_%ref_1%_%root%_%;264.33;483.7775
no_8x8dct%_%no_asm%_%no_cabac%_%no_mixed_refs%_%rc_lookahead%_%rc_lookahead_60%_%ref%_%ref_1%_%root%_%;247.7167;482.8811
no_8x8dct%_%no_asm%_%no_cabac%_%no_mixed_refs%_%no_weightb%_%rc_lookahead%_%rc_lookahead_60%_%ref%_%ref_1%_%root%_%;247.6933;483.3567
no_8x8dct%_%no_asm%_%no_cabac%_%no_fast_pskip%_%no_mixed_refs%_%rc_lookahead%_%rc_lookahead_60%_%ref%_%ref_1%_%root%_%;253.1267;483.0004
no_8x8dct%_%no_asm%_%no_cabac%_%no_fast_pskip%_%no_mixed_refs%_%no_weightb%_%rc_lookahead%_%rc_lookahead_60%_%ref%_%ref_1%_%root%_%;253.08;483.4471
no_8x8dct%_%no_asm%_%no_deblock%_%rc_lookahead%_%rc_lookahead_60%_%ref%_%ref_1%_%root%_%;257.4633;483.9334
no_8x8dct%_%no_asm%_%no_deblock%_%no_fast_pskip%_%rc_lookahead%_%rc_lookahead_60%_%ref%_%ref_1%_%root%_%;263.91;483.9889
no_8x8dct%_%no_asm%_%no_cabac%_%no_deblock%_%rc_lookahead%_%rc_lookahead_60%_%ref%_%ref_1%_%root%_%;247.4833;483.5278
no_asm%_%no_deblock%_%no_mbtree%_%rc_lookahead%_%rc_lookahead_20%_%ref%_%ref_1%_%root%_%;304.9;485.7912
no_8x8dct%_%no_asm%_%no_cabac%_%no_deblock%_%no_fast_pskip%_%rc_lookahead%_%rc_lookahead_60%_%ref%_%ref_1%_%root%_%;252.8267;483.6078
no_8x8dct%_%no_asm%_%no_deblock%_%no_mixed_refs%_%rc_lookahead%_%rc_lookahead_60%_%ref%_%ref_1%_%root%_%;257.4067;483.9889
no_8x8dct%_%no_asm%_%no_cabac%_%no_deblock%_%no_mixed_refs%_%rc_lookahead%_%rc_lookahead_60%_%ref%_%ref_1%_%root%_%;247.6667;483.6078
no_8x8dct%_%no_asm%_%no_deblock%_%no_fast_pskip%_%no_mixed_refs%_%rc_lookahead%_%rc_lookahead_60%_%ref%_%ref_1%_%root%_%;263.8467;484.041
no_8x8dct%_%no_asm%_%no_cabac%_%no_deblock%_%no_fast_pskip%_%no_mixed_refs%_%rc_lookahead%_%rc_lookahead_60%_%ref%_%ref_1%_%root%_%;252.78;483.683
no_8x8dct%_%no_asm%_%no_deblock%_%no_weightb%_%rc_lookahead%_%rc_lookahead_60%_%ref%_%ref_1%_%root%_%;257.45;484.4187
no_8x8dct%_%no_asm%_%no_deblock%_%no_fast_pskip%_%no_weightb%_%rc_lookahead%_%rc_lookahead_60%_%ref%_%ref_1%_%root%_%;263.8533;484.4448
no_8x8dct%_%no_asm%_%no_deblock%_%no_mixed_refs%_%no_weightb%_%rc_lookahead%_%rc_lookahead_60%_%ref%_%ref_1%_%root%_%;257.53;484.4448
no_8x8dct%_%no_asm%_%no_deblock%_%no_fast_pskip%_%no_mixed_refs%_%no_weightb%_%rc_lookahead%_%rc_lookahead_60%_%ref%_%ref_1%_%root%_%;263.92;484.4693
no_8x8dct%_%no_asm%_%no_cabac%_%no_deblock%_%no_weightb%_%rc_lookahead%_%rc_lookahead_60%_%ref%_%ref_1%_%root%_%;247.5167;484.0116
no_asm%_%no_fast_pskip%_%no_mbtree%_%rc_lookahead%_%rc_lookahead_20%_%ref%_%ref_1%_%root%_%;310.58;484.8199
no_8x8dct%_%no_asm%_%no_cabac%_%no_deblock%_%no_mixed_refs%_%no_weightb%_%rc_lookahead%_%rc_lookahead_60%_%ref%_%ref_1%_%root%_%;247.5367;484.0624
no_8x8dct%_%no_asm%_%no_cabac%_%no_deblock%_%no_fast_pskip%_%no_weightb%_%rc_lookahead%_%rc_lookahead_60%_%ref%_%ref_1%_%root%_%;252.7367;484.0624
no_8x8dct%_%no_asm%_%no_cabac%_%no_deblock%_%no_fast_pskip%_%no_mixed_refs%_%no_weightb%_%rc_lookahead%_%rc_lookahead_60%_%ref%_%ref_1%_%root%_%;252.63;484.11
no_8x8dct%_%no_asm%_%no_mbtree%_%rc_lookahead%_%rc_lookahead_60%_%ref%_%ref_1%_%root%_%;287.1133;485.2551
no_8x8dct%_%no_asm%_%no_fast_pskip%_%no_mbtree%_%rc_lookahead%_%rc_lookahead_60%_%ref%_%ref_1%_%root%_%;291.6433;485.2305
no_8x8dct%_%no_asm%_%no_cabac%_%no_mbtree%_%rc_lookahead%_%rc_lookahead_60%_%ref%_%ref_1%_%root%_%;275.97;484.8272
no_8x8dct%_%no_asm%_%no_cabac%_%no_fast_pskip%_%no_mbtree%_%rc_lookahead%_%rc_lookahead_60%_%ref%_%ref_1%_%root%_%;279.84;484.8285
no_8x8dct%_%no_asm%_%no_mbtree%_%no_weightb%_%rc_lookahead%_%rc_lookahead_60%_%ref%_%ref_1%_%root%_%;287.1067;485.6603
no_8x8dct%_%no_asm%_%no_cabac%_%no_mbtree%_%no_weightb%_%rc_lookahead%_%rc_lookahead_60%_%ref%_%ref_1%_%root%_%;275.96;485.2323
no_8x8dct%_%no_asm%_%no_fast_pskip%_%no_mbtree%_%no_weightb%_%rc_lookahead%_%rc_lookahead_60%_%ref%_%ref_1%_%root%_%;291.53;485.6112
no_asm%_%no_deblock%_%no_fast_pskip%_%no_mbtree%_%rc_lookahead%_%rc_lookahead_20%_%ref%_%ref_1%_%root%_%;310.1767;485.7341
no_8x8dct%_%no_asm%_%no_cabac%_%no_fast_pskip%_%no_mbtree%_%no_weightb%_%rc_lookahead%_%rc_lookahead_60%_%ref%_%ref_1%_%root%_%;279.7567;485.2091
no_8x8dct%_%no_asm%_%no_deblock%_%no_mbtree%_%rc_lookahead%_%rc_lookahead_60%_%ref%_%ref_1%_%root%_%;286.3533;486.1362
no_8x8dct%_%no_asm%_%no_deblock%_%no_fast_pskip%_%no_mbtree%_%rc_lookahead%_%rc_lookahead_60%_%ref%_%ref_1%_%root%_%;291.14;486.0582
no_8x8dct%_%no_asm%_%no_deblock%_%no_mbtree%_%no_weightb%_%rc_lookahead%_%rc_lookahead_60%_%ref%_%ref_1%_%root%_%;286.3267;486.5158
no_8x8dct%_%no_asm%_%no_deblock%_%no_fast_pskip%_%no_mbtree%_%no_weightb%_%rc_lookahead%_%rc_lookahead_60%_%ref%_%ref_1%_%root%_%;291.0567;486.4148
no_8x8dct%_%no_asm%_%no_cabac%_%no_deblock%_%no_mbtree%_%rc_lookahead%_%rc_lookahead_60%_%ref%_%ref_1%_%root%_%;275.4533;485.6784
no_8x8dct%_%no_asm%_%no_cabac%_%no_deblock%_%no_mbtree%_%no_weightb%_%rc_lookahead%_%rc_lookahead_60%_%ref%_%ref_1%_%root%_%;275.4267;486.058
no_8x8dct%_%no_asm%_%no_cabac%_%no_deblock%_%no_fast_pskip%_%no_mbtree%_%rc_lookahead%_%rc_lookahead_60%_%ref%_%ref_1%_%root%_%;279.2233;485.6281
no_8x8dct%_%no_asm%_%no_cabac%_%no_deblock%_%no_fast_pskip%_%no_mbtree%_%no_weightb%_%rc_lookahead%_%rc_lookahead_60%_%ref%_%ref_1%_%root%_%;279.2167;485.9847
no_8x8dct%_%no_asm%_%no_mbtree%_%no_mixed_refs%_%rc_lookahead%_%rc_lookahead_60%_%ref%_%ref_1%_%root%_%;287.0533;485.2305
no_asm%_%no_cabac%_%no_mbtree%_%rc_lookahead%_%rc_lookahead_20%_%ref%_%ref_1%_%root%_%;295.47;484.3941
no_8x8dct%_%no_asm%_%no_fast_pskip%_%no_mbtree%_%no_mixed_refs%_%rc_lookahead%_%rc_lookahead_60%_%ref%_%ref_1%_%root%_%;291.4833;485.2074
no_8x8dct%_%no_asm%_%no_cabac%_%no_mbtree%_%no_mixed_refs%_%rc_lookahead%_%rc_lookahead_60%_%ref%_%ref_1%_%root%_%;275.9867;484.8285
no_8x8dct%_%no_asm%_%no_cabac%_%no_fast_pskip%_%no_mbtree%_%no_mixed_refs%_%rc_lookahead%_%rc_lookahead_60%_%ref%_%ref_1%_%root%_%;279.8533;484.8298
no_8x8dct%_%no_asm%_%no_deblock%_%no_mbtree%_%no_mixed_refs%_%rc_lookahead%_%rc_lookahead_60%_%ref%_%ref_1%_%root%_%;286.47;486.0582
no_8x8dct%_%no_asm%_%no_cabac%_%no_deblock%_%no_mbtree%_%no_mixed_refs%_%rc_lookahead%_%rc_lookahead_60%_%ref%_%ref_1%_%root%_%;275.39;485.6281
no_8x8dct%_%no_asm%_%no_deblock%_%no_fast_pskip%_%no_mbtree%_%no_mixed_refs%_%rc_lookahead%_%rc_lookahead_60%_%ref%_%ref_1%_%root%_%;291.2767;485.985
no_8x8dct%_%no_asm%_%no_cabac%_%no_deblock%_%no_fast_pskip%_%no_mbtree%_%no_mixed_refs%_%rc_lookahead%_%rc_lookahead_60%_%ref%_%ref_1%_%root%_%;279.13;485.5809
no_8x8dct%_%no_asm%_%no_mbtree%_%no_mixed_refs%_%no_weightb%_%rc_lookahead%_%rc_lookahead_60%_%ref%_%ref_1%_%root%_%;287.0633;485.6112
no_8x8dct%_%no_asm%_%no_fast_pskip%_%no_mbtree%_%no_mixed_refs%_%no_weightb%_%rc_lookahead%_%rc_lookahead_60%_%ref%_%ref_1%_%root%_%;291.5867;485.565
no_8x8dct%_%no_asm%_%no_deblock%_%no_mbtree%_%no_mixed_refs%_%no_weightb%_%rc_lookahead%_%rc_lookahead_60%_%ref%_%ref_1%_%root%_%;286.4567;486.4148
no_asm%_%no_cabac%_%no_fast_pskip%_%no_mbtree%_%rc_lookahead%_%rc_lookahead_20%_%ref%_%ref_1%_%root%_%;299.66;484.4216
no_8x8dct%_%no_asm%_%no_deblock%_%no_fast_pskip%_%no_mbtree%_%no_mixed_refs%_%no_weightb%_%rc_lookahead%_%rc_lookahead_60%_%ref%_%ref_1%_%root%_%;291.2367;486.3199
no_8x8dct%_%no_asm%_%no_cabac%_%no_mbtree%_%no_mixed_refs%_%no_weightb%_%rc_lookahead%_%rc_lookahead_60%_%ref%_%ref_1%_%root%_%;276.0733;485.2091
no_8x8dct%_%no_asm%_%no_cabac%_%no_deblock%_%no_mbtree%_%no_mixed_refs%_%no_weightb%_%rc_lookahead%_%rc_lookahead_60%_%ref%_%ref_1%_%root%_%;275.46;485.9847
no_8x8dct%_%no_asm%_%no_cabac%_%no_fast_pskip%_%no_mbtree%_%no_mixed_refs%_%no_weightb%_%rc_lookahead%_%rc_lookahead_60%_%ref%_%ref_1%_%root%_%;279.9267;485.1873
no_8x8dct%_%no_asm%_%no_cabac%_%no_deblock%_%no_fast_pskip%_%no_mbtree%_%no_mixed_refs%_%no_weightb%_%rc_lookahead%_%rc_lookahead_60%_%ref%_%ref_1%_%root%_%;279.2467;485.9159
no_asm%_%rc_lookahead%_%rc_lookahead_40%_%ref%_%ref_5%_%root%_%;444.6;483.4454
no_asm%_%no_deblock%_%rc_lookahead%_%rc_lookahead_40%_%ref%_%ref_5%_%root%_%;446.6333;484.271
no_asm%_%no_fast_pskip%_%rc_lookahead%_%rc_lookahead_40%_%ref%_%ref_5%_%root%_%;515.5433;483.5305
no_asm%_%no_deblock%_%no_fast_pskip%_%rc_lookahead%_%rc_lookahead_40%_%ref%_%ref_5%_%root%_%;518.1433;484.306
no_asm%_%no_cabac%_%rc_lookahead%_%rc_lookahead_40%_%ref%_%ref_5%_%root%_%;438.1967;483.0194
no_asm%_%no_cabac%_%no_deblock%_%no_mbtree%_%rc_lookahead%_%rc_lookahead_20%_%ref%_%ref_1%_%root%_%;295.3667;485.3335
no_asm%_%no_cabac%_%no_fast_pskip%_%rc_lookahead%_%rc_lookahead_40%_%ref%_%ref_5%_%root%_%;507.75;483.1303
no_asm%_%no_cabac%_%no_deblock%_%rc_lookahead%_%rc_lookahead_40%_%ref%_%ref_5%_%root%_%;439.6067;483.8115
no_asm%_%no_cabac%_%no_deblock%_%no_fast_pskip%_%rc_lookahead%_%rc_lookahead_40%_%ref%_%ref_5%_%root%_%;509.2733;483.8744
no_asm%_%no_weightb%_%rc_lookahead%_%rc_lookahead_40%_%ref%_%ref_5%_%root%_%;444.3333;483.9603
no_asm%_%no_deblock%_%no_weightb%_%rc_lookahead%_%rc_lookahead_40%_%ref%_%ref_5%_%root%_%;446.6;484.7636
no_asm%_%no_cabac%_%no_weightb%_%rc_lookahead%_%rc_lookahead_40%_%ref%_%ref_5%_%root%_%;437.9333;483.5341
no_asm%_%no_cabac%_%no_deblock%_%no_weightb%_%rc_lookahead%_%rc_lookahead_40%_%ref%_%ref_5%_%root%_%;439.26;484.3042
no_asm%_%no_fast_pskip%_%no_weightb%_%rc_lookahead%_%rc_lookahead_40%_%ref%_%ref_5%_%root%_%;515.6633;484.0142
no_asm%_%no_cabac%_%no_fast_pskip%_%no_weightb%_%rc_lookahead%_%rc_lookahead_40%_%ref%_%ref_5%_%root%_%;507.39;483.6137
no_asm%_%no_deblock%_%no_fast_pskip%_%no_weightb%_%rc_lookahead%_%rc_lookahead_40%_%ref%_%ref_5%_%root%_%;517.1233;484.7687
no_asm%_%no_deblock%_%no_fast_pskip%_%rc_lookahead%_%rc_lookahead_20%_%ref%_%ref_1%_%root%_%;275.4267;483.33
no_asm%_%no_cabac%_%no_deblock%_%no_fast_pskip%_%no_mbtree%_%rc_lookahead%_%rc_lookahead_20%_%ref%_%ref_1%_%root%_%;299.6367;485.3041
no_asm%_%no_cabac%_%no_deblock%_%no_fast_pskip%_%no_weightb%_%rc_lookahead%_%rc_lookahead_40%_%ref%_%ref_5%_%root%_%;508.6233;484.3372
no_asm%_%no_mixed_refs%_%rc_lookahead%_%rc_lookahead_40%_%ref%_%ref_5%_%root%_%;383.0533;483.5305
no_asm%_%no_deblock%_%no_mixed_refs%_%rc_lookahead%_%rc_lookahead_40%_%ref%_%ref_5%_%root%_%;382.12;484.306
no_asm%_%no_fast_pskip%_%no_mixed_refs%_%rc_lookahead%_%rc_lookahead_40%_%ref%_%ref_5%_%root%_%;449.28;483.6104
no_asm%_%no_deblock%_%no_fast_pskip%_%no_mixed_refs%_%rc_lookahead%_%rc_lookahead_40%_%ref%_%ref_5%_%root%_%;448.53;484.3389
no_asm%_%no_mixed_refs%_%no_weightb%_%rc_lookahead%_%rc_lookahead_40%_%ref%_%ref_5%_%root%_%;382.8833;484.0142
no_asm%_%no_fast_pskip%_%no_mixed_refs%_%no_weightb%_%rc_lookahead%_%rc_lookahead_40%_%ref%_%ref_5%_%root%_%;449.1333;484.0647
no_asm%_%no_deblock%_%no_mixed_refs%_%no_weightb%_%rc_lookahead%_%rc_lookahead_40%_%ref%_%ref_5%_%root%_%;382.01;484.7687
no_asm%_%no_deblock%_%no_fast_pskip%_%no_mixed_refs%_%no_weightb%_%rc_lookahead%_%rc_lookahead_40%_%ref%_%ref_5%_%root%_%;448.11;484.7736
no_asm%_%no_cabac%_%no_mixed_refs%_%rc_lookahead%_%rc_lookahead_40%_%ref%_%ref_5%_%root%_%;380.6633;483.1303
no_asm%_%no_mbtree%_%no_mixed_refs%_%rc_lookahead%_%rc_lookahead_20%_%ref%_%ref_1%_%root%_%;305.26;484.8199
no_asm%_%no_cabac%_%no_deblock%_%no_mixed_refs%_%rc_lookahead%_%rc_lookahead_40%_%ref%_%ref_5%_%root%_%;379.4567;483.8744
no_asm%_%no_cabac%_%no_mixed_refs%_%no_weightb%_%rc_lookahead%_%rc_lookahead_40%_%ref%_%ref_5%_%root%_%;380.2767;483.6137
no_asm%_%no_cabac%_%no_deblock%_%no_mixed_refs%_%no_weightb%_%rc_lookahead%_%rc_lookahead_40%_%ref%_%ref_5%_%root%_%;379.4;484.3372
no_asm%_%no_cabac%_%no_fast_pskip%_%no_mixed_refs%_%rc_lookahead%_%rc_lookahead_40%_%ref%_%ref_5%_%root%_%;445.8367;483.2344
no_asm%_%no_cabac%_%no_fast_pskip%_%no_mixed_refs%_%no_weightb%_%rc_lookahead%_%rc_lookahead_40%_%ref%_%ref_5%_%root%_%;445.4567;483.6886
no_asm%_%no_cabac%_%no_deblock%_%no_fast_pskip%_%no_mixed_refs%_%rc_lookahead%_%rc_lookahead_40%_%ref%_%ref_5%_%root%_%;444.6067;483.9334
no_asm%_%no_cabac%_%no_deblock%_%no_fast_pskip%_%no_mixed_refs%_%no_weightb%_%rc_lookahead%_%rc_lookahead_40%_%ref%_%ref_5%_%root%_%;444.38;484.3682
no_asm%_%no_mbtree%_%rc_lookahead%_%rc_lookahead_40%_%ref%_%ref_5%_%root%_%;519.5833;485.857
no_asm%_%no_deblock%_%no_mbtree%_%rc_lookahead%_%rc_lookahead_40%_%ref%_%ref_5%_%root%_%;521.8433;486.7672
no_asm%_%no_fast_pskip%_%no_mbtree%_%rc_lookahead%_%rc_lookahead_40%_%ref%_%ref_5%_%root%_%;571.3967;485.7959
no_asm%_%no_deblock%_%no_mbtree%_%no_mixed_refs%_%rc_lookahead%_%rc_lookahead_20%_%ref%_%ref_1%_%root%_%;304.9667;485.7341
no_asm%_%no_deblock%_%no_fast_pskip%_%no_mbtree%_%rc_lookahead%_%rc_lookahead_40%_%ref%_%ref_5%_%root%_%;573.63;486.651
no_asm%_%no_cabac%_%no_mbtree%_%rc_lookahead%_%rc_lookahead_40%_%ref%_%ref_5%_%root%_%;511.58;485.3701
no_asm%_%no_cabac%_%no_fast_pskip%_%no_mbtree%_%rc_lookahead%_%rc_lookahead_40%_%ref%_%ref_5%_%root%_%;562.6767;485.3385
no_asm%_%no_cabac%_%no_deblock%_%no_mbtree%_%rc_lookahead%_%rc_lookahead_40%_%ref%_%ref_5%_%root%_%;513.2333;486.2504
no_asm%_%no_cabac%_%no_deblock%_%no_fast_pskip%_%no_mbtree%_%rc_lookahead%_%rc_lookahead_40%_%ref%_%ref_5%_%root%_%;564.2;486.1655
no_asm%_%no_mbtree%_%no_mixed_refs%_%rc_lookahead%_%rc_lookahead_40%_%ref%_%ref_5%_%root%_%;433.2233;485.7959
no_asm%_%no_deblock%_%no_mbtree%_%no_mixed_refs%_%rc_lookahead%_%rc_lookahead_40%_%ref%_%ref_5%_%root%_%;432.6667;486.651
no_asm%_%no_cabac%_%no_mbtree%_%no_mixed_refs%_%rc_lookahead%_%rc_lookahead_40%_%ref%_%ref_5%_%root%_%;428.3833;485.3385
no_asm%_%no_cabac%_%no_deblock%_%no_mbtree%_%no_mixed_refs%_%rc_lookahead%_%rc_lookahead_40%_%ref%_%ref_5%_%root%_%;427.7533;486.1655
no_asm%_%no_fast_pskip%_%no_mbtree%_%no_mixed_refs%_%rc_lookahead%_%rc_lookahead_40%_%ref%_%ref_5%_%root%_%;482.8767;485.7386
no_asm%_%no_cabac%_%no_mbtree%_%no_mixed_refs%_%rc_lookahead%_%rc_lookahead_20%_%ref%_%ref_1%_%root%_%;295.5067;484.4216
no_asm%_%no_cabac%_%no_fast_pskip%_%no_mbtree%_%no_mixed_refs%_%rc_lookahead%_%rc_lookahead_40%_%ref%_%ref_5%_%root%_%;476.9133;485.3089
no_asm%_%no_deblock%_%no_fast_pskip%_%no_mbtree%_%no_mixed_refs%_%rc_lookahead%_%rc_lookahead_40%_%ref%_%ref_5%_%root%_%;482.2567;486.5418
no_asm%_%no_cabac%_%no_deblock%_%no_fast_pskip%_%no_mbtree%_%no_mixed_refs%_%rc_lookahead%_%rc_lookahead_40%_%ref%_%ref_5%_%root%_%;476.33;486.0857
no_asm%_%no_mbtree%_%no_weightb%_%rc_lookahead%_%rc_lookahead_40%_%ref%_%ref_5%_%root%_%;519.1533;486.2535
no_asm%_%no_deblock%_%no_mbtree%_%no_weightb%_%rc_lookahead%_%rc_lookahead_40%_%ref%_%ref_5%_%root%_%;521.6067;487.1381
no_asm%_%no_fast_pskip%_%no_mbtree%_%no_weightb%_%rc_lookahead%_%rc_lookahead_40%_%ref%_%ref_5%_%root%_%;571.31;486.1684
no_asm%_%no_deblock%_%no_fast_pskip%_%no_mbtree%_%no_weightb%_%rc_lookahead%_%rc_lookahead_40%_%ref%_%ref_5%_%root%_%;573.4;486.9994
no_asm%_%no_mbtree%_%no_mixed_refs%_%no_weightb%_%rc_lookahead%_%rc_lookahead_40%_%ref%_%ref_5%_%root%_%;433.1533;486.1684
no_asm%_%no_fast_pskip%_%no_mbtree%_%no_mixed_refs%_%no_weightb%_%rc_lookahead%_%rc_lookahead_40%_%ref%_%ref_5%_%root%_%;482.6133;486.0885
no_asm%_%no_deblock%_%no_mbtree%_%no_mixed_refs%_%no_weightb%_%rc_lookahead%_%rc_lookahead_40%_%ref%_%ref_5%_%root%_%;432.7967;486.9994
no_asm%_%no_cabac%_%no_deblock%_%no_mbtree%_%no_mixed_refs%_%rc_lookahead%_%rc_lookahead_20%_%ref%_%ref_1%_%root%_%;295.2567;485.3041
no_asm%_%no_deblock%_%no_fast_pskip%_%no_mbtree%_%no_mixed_refs%_%no_weightb%_%rc_lookahead%_%rc_lookahead_40%_%ref%_%ref_5%_%root%_%;482.04;486.8691
no_asm%_%no_cabac%_%no_mbtree%_%no_weightb%_%rc_lookahead%_%rc_lookahead_40%_%ref%_%ref_5%_%root%_%;511.3433;485.7684
no_asm%_%no_cabac%_%no_deblock%_%no_mbtree%_%no_weightb%_%rc_lookahead%_%rc_lookahead_40%_%ref%_%ref_5%_%root%_%;513;486.623
no_asm%_%no_cabac%_%no_mbtree%_%no_mixed_refs%_%no_weightb%_%rc_lookahead%_%rc_lookahead_40%_%ref%_%ref_5%_%root%_%;428.0733;485.7127
no_asm%_%no_cabac%_%no_deblock%_%no_mbtree%_%no_mixed_refs%_%no_weightb%_%rc_lookahead%_%rc_lookahead_40%_%ref%_%ref_5%_%root%_%;427.4767;486.5155
no_asm%_%no_cabac%_%no_fast_pskip%_%no_mbtree%_%no_weightb%_%rc_lookahead%_%rc_lookahead_40%_%ref%_%ref_5%_%root%_%;562.2967;485.7127
no_asm%_%no_cabac%_%no_fast_pskip%_%no_mbtree%_%no_mixed_refs%_%no_weightb%_%rc_lookahead%_%rc_lookahead_40%_%ref%_%ref_5%_%root%_%;476.9533;485.6603
no_asm%_%no_cabac%_%no_deblock%_%no_fast_pskip%_%no_mbtree%_%no_weightb%_%rc_lookahead%_%rc_lookahead_40%_%ref%_%ref_5%_%root%_%;564.03;486.5155
no_asm%_%no_cabac%_%no_deblock%_%no_fast_pskip%_%no_mbtree%_%no_mixed_refs%_%no_weightb%_%rc_lookahead%_%rc_lookahead_40%_%ref%_%ref_5%_%root%_%;476.1267;486.4146
no_8x8dct%_%no_asm%_%rc_lookahead%_%rc_lookahead_40%_%ref%_%ref_5%_%root%_%;425.15;483.9363
no_asm%_%no_fast_pskip%_%no_mbtree%_%no_mixed_refs%_%rc_lookahead%_%rc_lookahead_20%_%ref%_%ref_1%_%root%_%;310.52;484.8217
no_8x8dct%_%no_asm%_%no_deblock%_%rc_lookahead%_%rc_lookahead_40%_%ref%_%ref_5%_%root%_%;427.07;484.7875
no_8x8dct%_%no_asm%_%no_fast_pskip%_%rc_lookahead%_%rc_lookahead_40%_%ref%_%ref_5%_%root%_%;493.8933;483.9916
no_8x8dct%_%no_asm%_%no_deblock%_%no_fast_pskip%_%rc_lookahead%_%rc_lookahead_40%_%ref%_%ref_5%_%root%_%;495.1;484.7913
no_8x8dct%_%no_asm%_%no_cabac%_%rc_lookahead%_%rc_lookahead_40%_%ref%_%ref_5%_%root%_%;418.5633;483.4513
no_8x8dct%_%no_asm%_%no_cabac%_%no_fast_pskip%_%rc_lookahead%_%rc_lookahead_40%_%ref%_%ref_5%_%root%_%;486.6367;483.536
no_8x8dct%_%no_asm%_%no_cabac%_%no_deblock%_%rc_lookahead%_%rc_lookahead_40%_%ref%_%ref_5%_%root%_%;420.01;484.2688
no_8x8dct%_%no_asm%_%no_cabac%_%no_deblock%_%no_fast_pskip%_%rc_lookahead%_%rc_lookahead_40%_%ref%_%ref_5%_%root%_%;487.3733;484.3039
no_8x8dct%_%no_asm%_%no_weightb%_%rc_lookahead%_%rc_lookahead_40%_%ref%_%ref_5%_%root%_%;424.82;484.4492
no_8x8dct%_%no_asm%_%no_deblock%_%no_weightb%_%rc_lookahead%_%rc_lookahead_40%_%ref%_%ref_5%_%root%_%;426.75;485.2783
no_8x8dct%_%no_asm%_%no_cabac%_%no_weightb%_%rc_lookahead%_%rc_lookahead_40%_%ref%_%ref_5%_%root%_%;418.1233;483.9659
no_asm%_%no_cabac%_%no_fast_pskip%_%no_mbtree%_%no_mixed_refs%_%rc_lookahead%_%rc_lookahead_20%_%ref%_%ref_1%_%root%_%;299.77;484.4475
no_8x8dct%_%no_asm%_%no_cabac%_%no_deblock%_%no_weightb%_%rc_lookahead%_%rc_lookahead_40%_%ref%_%ref_5%_%root%_%;419.82;484.7615
no_8x8dct%_%no_asm%_%no_fast_pskip%_%no_weightb%_%rc_lookahead%_%rc_lookahead_40%_%ref%_%ref_5%_%root%_%;493.44;484.4734
no_8x8dct%_%no_asm%_%no_cabac%_%no_fast_pskip%_%no_weightb%_%rc_lookahead%_%rc_lookahead_40%_%ref%_%ref_5%_%root%_%;486.57;484.0194
no_8x8dct%_%no_asm%_%no_deblock%_%no_fast_pskip%_%no_weightb%_%rc_lookahead%_%rc_lookahead_40%_%ref%_%ref_5%_%root%_%;494.2667;485.2523
no_8x8dct%_%no_asm%_%no_cabac%_%no_deblock%_%no_fast_pskip%_%no_weightb%_%rc_lookahead%_%rc_lookahead_40%_%ref%_%ref_5%_%root%_%;487.0567;484.7668
no_8x8dct%_%no_asm%_%no_mbtree%_%rc_lookahead%_%rc_lookahead_40%_%ref%_%ref_5%_%root%_%;492.3067;486.2852
no_8x8dct%_%no_asm%_%no_deblock%_%no_mbtree%_%rc_lookahead%_%rc_lookahead_40%_%ref%_%ref_5%_%root%_%;494.2333;487.2245
no_8x8dct%_%no_asm%_%no_fast_pskip%_%no_mbtree%_%rc_lookahead%_%rc_lookahead_40%_%ref%_%ref_5%_%root%_%;543.4633;486.1982
no_8x8dct%_%no_asm%_%no_deblock%_%no_fast_pskip%_%no_mbtree%_%rc_lookahead%_%rc_lookahead_40%_%ref%_%ref_5%_%root%_%;544.74;487.0806
no_8x8dct%_%no_asm%_%no_mbtree%_%no_weightb%_%rc_lookahead%_%rc_lookahead_40%_%ref%_%ref_5%_%root%_%;492.3533;486.6853
no_asm%_%no_deblock%_%no_fast_pskip%_%no_mbtree%_%no_mixed_refs%_%rc_lookahead%_%rc_lookahead_20%_%ref%_%ref_1%_%root%_%;310.1533;485.6805
no_8x8dct%_%no_asm%_%no_fast_pskip%_%no_mbtree%_%no_weightb%_%rc_lookahead%_%rc_lookahead_40%_%ref%_%ref_5%_%root%_%;543.2167;486.574
no_8x8dct%_%no_asm%_%no_deblock%_%no_mbtree%_%no_weightb%_%rc_lookahead%_%rc_lookahead_40%_%ref%_%ref_5%_%root%_%;493.71;487.5991
no_8x8dct%_%no_asm%_%no_deblock%_%no_fast_pskip%_%no_mbtree%_%no_weightb%_%rc_lookahead%_%rc_lookahead_40%_%ref%_%ref_5%_%root%_%;544.75;487.4324
no_8x8dct%_%no_asm%_%no_cabac%_%no_mbtree%_%rc_lookahead%_%rc_lookahead_40%_%ref%_%ref_5%_%root%_%;485.4767;485.7412
no_8x8dct%_%no_asm%_%no_cabac%_%no_deblock%_%no_mbtree%_%rc_lookahead%_%rc_lookahead_40%_%ref%_%ref_5%_%root%_%;487.01;486.6502
no_8x8dct%_%no_asm%_%no_cabac%_%no_mbtree%_%no_weightb%_%rc_lookahead%_%rc_lookahead_40%_%ref%_%ref_5%_%root%_%;485.5233;486.1447
no_8x8dct%_%no_asm%_%no_cabac%_%no_deblock%_%no_mbtree%_%no_weightb%_%rc_lookahead%_%rc_lookahead_40%_%ref%_%ref_5%_%root%_%;486.8267;487.0281
no_8x8dct%_%no_asm%_%no_cabac%_%no_fast_pskip%_%no_mbtree%_%rc_lookahead%_%rc_lookahead_40%_%ref%_%ref_5%_%root%_%;535.8;485.6871
no_8x8dct%_%no_asm%_%no_cabac%_%no_fast_pskip%_%no_mbtree%_%no_weightb%_%rc_lookahead%_%rc_lookahead_40%_%ref%_%ref_5%_%root%_%;535.86;486.0662
no_8x8dct%_%no_asm%_%no_cabac%_%no_deblock%_%no_fast_pskip%_%no_mbtree%_%rc_lookahead%_%rc_lookahead_40%_%ref%_%ref_5%_%root%_%;537.1433;486.541
no_asm%_%no_cabac%_%no_deblock%_%no_fast_pskip%_%no_mbtree%_%no_mixed_refs%_%rc_lookahead%_%rc_lookahead_20%_%ref%_%ref_1%_%root%_%;299.6367;485.2765
no_8x8dct%_%no_asm%_%no_cabac%_%no_deblock%_%no_fast_pskip%_%no_mbtree%_%no_weightb%_%rc_lookahead%_%rc_lookahead_40%_%ref%_%ref_5%_%root%_%;536.8767;486.8961
no_8x8dct%_%no_asm%_%no_mixed_refs%_%rc_lookahead%_%rc_lookahead_40%_%ref%_%ref_5%_%root%_%;369.81;483.9916
no_8x8dct%_%no_asm%_%no_deblock%_%no_mixed_refs%_%rc_lookahead%_%rc_lookahead_40%_%ref%_%ref_5%_%root%_%;368.9867;484.7913
no_8x8dct%_%no_asm%_%no_fast_pskip%_%no_mixed_refs%_%rc_lookahead%_%rc_lookahead_40%_%ref%_%ref_5%_%root%_%;433.86;484.0436
no_8x8dct%_%no_asm%_%no_deblock%_%no_fast_pskip%_%no_mixed_refs%_%rc_lookahead%_%rc_lookahead_40%_%ref%_%ref_5%_%root%_%;433;484.7948
no_8x8dct%_%no_asm%_%no_cabac%_%no_mixed_refs%_%rc_lookahead%_%rc_lookahead_40%_%ref%_%ref_5%_%root%_%;364.76;483.536
no_8x8dct%_%no_asm%_%no_cabac%_%no_fast_pskip%_%no_mixed_refs%_%rc_lookahead%_%rc_lookahead_40%_%ref%_%ref_5%_%root%_%;428.4133;483.6156
no_8x8dct%_%no_asm%_%no_cabac%_%no_deblock%_%no_mixed_refs%_%rc_lookahead%_%rc_lookahead_40%_%ref%_%ref_5%_%root%_%;363.9367;484.3039
no_8x8dct%_%no_asm%_%no_cabac%_%no_deblock%_%no_fast_pskip%_%no_mixed_refs%_%rc_lookahead%_%rc_lookahead_40%_%ref%_%ref_5%_%root%_%;427.2433;484.337
no_8x8dct%_%no_asm%_%no_mbtree%_%no_mixed_refs%_%rc_lookahead%_%rc_lookahead_40%_%ref%_%ref_5%_%root%_%;414.8467;486.1982
no_asm%_%no_mbtree%_%no_weightb%_%rc_lookahead%_%rc_lookahead_20%_%ref%_%ref_1%_%root%_%;305.2833;485.2775
no_8x8dct%_%no_asm%_%no_deblock%_%no_mbtree%_%no_mixed_refs%_%rc_lookahead%_%rc_lookahead_40%_%ref%_%ref_5%_%root%_%;414.1733;487.0806
no_8x8dct%_%no_asm%_%no_cabac%_%no_mbtree%_%no_mixed_refs%_%rc_lookahead%_%rc_lookahead_40%_%ref%_%ref_5%_%root%_%;408.75;485.6871
no_8x8dct%_%no_asm%_%no_cabac%_%no_deblock%_%no_mbtree%_%no_mixed_refs%_%rc_lookahead%_%rc_lookahead_40%_%ref%_%ref_5%_%root%_%;408.0733;486.541
no_8x8dct%_%no_asm%_%no_fast_pskip%_%no_mbtree%_%no_mixed_refs%_%rc_lookahead%_%rc_lookahead_40%_%ref%_%ref_5%_%root%_%;463.39;486.1165
no_8x8dct%_%no_asm%_%no_cabac%_%no_fast_pskip%_%no_mbtree%_%no_mixed_refs%_%rc_lookahead%_%rc_lookahead_40%_%ref%_%ref_5%_%root%_%;456.7067;485.6364
no_8x8dct%_%no_asm%_%no_deblock%_%no_fast_pskip%_%no_mbtree%_%no_mixed_refs%_%rc_lookahead%_%rc_lookahead_40%_%ref%_%ref_5%_%root%_%;462.57;486.9454
no_8x8dct%_%no_asm%_%no_cabac%_%no_deblock%_%no_fast_pskip%_%no_mbtree%_%no_mixed_refs%_%rc_lookahead%_%rc_lookahead_40%_%ref%_%ref_5%_%root%_%;455.68;486.4385
no_8x8dct%_%no_asm%_%no_mixed_refs%_%no_weightb%_%rc_lookahead%_%rc_lookahead_40%_%ref%_%ref_5%_%root%_%;369.4633;484.4734
no_8x8dct%_%no_asm%_%no_deblock%_%no_mixed_refs%_%no_weightb%_%rc_lookahead%_%rc_lookahead_40%_%ref%_%ref_5%_%root%_%;368.63;485.2523
no_8x8dct%_%no_asm%_%no_fast_pskip%_%no_mixed_refs%_%no_weightb%_%rc_lookahead%_%rc_lookahead_40%_%ref%_%ref_5%_%root%_%;433.6933;484.4962
no_asm%_%no_cabac%_%rc_lookahead%_%rc_lookahead_20%_%ref%_%ref_1%_%root%_%;260.2667;481.9805
no_asm%_%no_deblock%_%no_mbtree%_%no_weightb%_%rc_lookahead%_%rc_lookahead_20%_%ref%_%ref_1%_%root%_%;304.9967;486.2212
no_8x8dct%_%no_asm%_%no_deblock%_%no_fast_pskip%_%no_mixed_refs%_%no_weightb%_%rc_lookahead%_%rc_lookahead_40%_%ref%_%ref_5%_%root%_%;432.77;485.2279
no_8x8dct%_%no_asm%_%no_mbtree%_%no_mixed_refs%_%no_weightb%_%rc_lookahead%_%rc_lookahead_40%_%ref%_%ref_5%_%root%_%;414.6867;486.574
no_8x8dct%_%no_asm%_%no_fast_pskip%_%no_mbtree%_%no_mixed_refs%_%no_weightb%_%rc_lookahead%_%rc_lookahead_40%_%ref%_%ref_5%_%root%_%;463.3467;486.4695
no_8x8dct%_%no_asm%_%no_deblock%_%no_mbtree%_%no_mixed_refs%_%no_weightb%_%rc_lookahead%_%rc_lookahead_40%_%ref%_%ref_5%_%root%_%;413.88;487.4324
no_8x8dct%_%no_asm%_%no_deblock%_%no_fast_pskip%_%no_mbtree%_%no_mixed_refs%_%no_weightb%_%rc_lookahead%_%rc_lookahead_40%_%ref%_%ref_5%_%root%_%;462.4367;487.2759
no_8x8dct%_%no_asm%_%no_cabac%_%no_mixed_refs%_%no_weightb%_%rc_lookahead%_%rc_lookahead_40%_%ref%_%ref_5%_%root%_%;364.3467;484.0194
no_8x8dct%_%no_asm%_%no_cabac%_%no_deblock%_%no_mixed_refs%_%no_weightb%_%rc_lookahead%_%rc_lookahead_40%_%ref%_%ref_5%_%root%_%;363.56;484.7668
no_8x8dct%_%no_asm%_%no_cabac%_%no_mbtree%_%no_mixed_refs%_%no_weightb%_%rc_lookahead%_%rc_lookahead_40%_%ref%_%ref_5%_%root%_%;408.6167;486.0662
no_8x8dct%_%no_asm%_%no_cabac%_%no_deblock%_%no_mbtree%_%no_mixed_refs%_%no_weightb%_%rc_lookahead%_%rc_lookahead_40%_%ref%_%ref_5%_%root%_%;407.6867;486.8961
no_8x8dct%_%no_asm%_%no_cabac%_%no_fast_pskip%_%no_mixed_refs%_%no_weightb%_%rc_lookahead%_%rc_lookahead_40%_%ref%_%ref_5%_%root%_%;428.16;484.0696
no_asm%_%no_fast_pskip%_%no_mbtree%_%no_weightb%_%rc_lookahead%_%rc_lookahead_20%_%ref%_%ref_1%_%root%_%;310.5767;485.2515
no_8x8dct%_%no_asm%_%no_cabac%_%no_fast_pskip%_%no_mbtree%_%no_mixed_refs%_%no_weightb%_%rc_lookahead%_%rc_lookahead_40%_%ref%_%ref_5%_%root%_%;456.3633;485.9925
no_8x8dct%_%no_asm%_%no_cabac%_%no_deblock%_%no_fast_pskip%_%no_mixed_refs%_%no_weightb%_%rc_lookahead%_%rc_lookahead_40%_%ref%_%ref_5%_%root%_%;427.06;484.7718
no_8x8dct%_%no_asm%_%no_cabac%_%no_deblock%_%no_fast_pskip%_%no_mbtree%_%no_mixed_refs%_%no_weightb%_%rc_lookahead%_%rc_lookahead_40%_%ref%_%ref_5%_%root%_%;455.4;486.7721
no_asm%_%rc_lookahead%_%rc_lookahead_60%_%ref%_%ref_5%_%root%_%;445.5767;483.4454
no_asm%_%no_deblock%_%rc_lookahead%_%rc_lookahead_60%_%ref%_%ref_5%_%root%_%;447.6267;484.271
no_asm%_%no_fast_pskip%_%rc_lookahead%_%rc_lookahead_60%_%ref%_%ref_5%_%root%_%;516.7667;483.5305
no_asm%_%no_deblock%_%no_fast_pskip%_%rc_lookahead%_%rc_lookahead_60%_%ref%_%ref_5%_%root%_%;518.8;484.306
no_asm%_%no_cabac%_%rc_lookahead%_%rc_lookahead_60%_%ref%_%ref_5%_%root%_%;439.1067;483.0194
no_asm%_%no_cabac%_%no_fast_pskip%_%rc_lookahead%_%rc_lookahead_60%_%ref%_%ref_5%_%root%_%;508.9833;483.1303
no_asm%_%no_cabac%_%no_deblock%_%rc_lookahead%_%rc_lookahead_60%_%ref%_%ref_5%_%root%_%;440.6733;483.8115
no_asm%_%no_deblock%_%no_fast_pskip%_%no_mbtree%_%no_weightb%_%rc_lookahead%_%rc_lookahead_20%_%ref%_%ref_1%_%root%_%;310.2167;486.138
no_asm%_%no_cabac%_%no_deblock%_%no_fast_pskip%_%rc_lookahead%_%rc_lookahead_60%_%ref%_%ref_5%_%root%_%;510.21;483.8744
no_asm%_%no_weightb%_%rc_lookahead%_%rc_lookahead_60%_%ref%_%ref_5%_%root%_%;445.4867;483.9603
no_asm%_%no_deblock%_%no_weightb%_%rc_lookahead%_%rc_lookahead_60%_%ref%_%ref_5%_%root%_%;447.6467;484.7636
no_asm%_%no_cabac%_%no_weightb%_%rc_lookahead%_%rc_lookahead_60%_%ref%_%ref_5%_%root%_%;439.02;483.5341
no_asm%_%no_cabac%_%no_deblock%_%no_weightb%_%rc_lookahead%_%rc_lookahead_60%_%ref%_%ref_5%_%root%_%;440.41;484.3042
no_asm%_%no_fast_pskip%_%no_weightb%_%rc_lookahead%_%rc_lookahead_60%_%ref%_%ref_5%_%root%_%;516.5867;484.0142
no_asm%_%no_cabac%_%no_fast_pskip%_%no_weightb%_%rc_lookahead%_%rc_lookahead_60%_%ref%_%ref_5%_%root%_%;508.5467;483.6137
no_asm%_%no_deblock%_%no_fast_pskip%_%no_weightb%_%rc_lookahead%_%rc_lookahead_60%_%ref%_%ref_5%_%root%_%;518.5667;484.7687
no_asm%_%no_cabac%_%no_deblock%_%no_fast_pskip%_%no_weightb%_%rc_lookahead%_%rc_lookahead_60%_%ref%_%ref_5%_%root%_%;509.8033;484.3372
no_asm%_%no_mixed_refs%_%rc_lookahead%_%rc_lookahead_60%_%ref%_%ref_5%_%root%_%;384.1967;483.5305
no_asm%_%no_mbtree%_%no_mixed_refs%_%no_weightb%_%rc_lookahead%_%rc_lookahead_20%_%ref%_%ref_1%_%root%_%;305.48;485.2515
no_asm%_%no_deblock%_%no_mixed_refs%_%rc_lookahead%_%rc_lookahead_60%_%ref%_%ref_5%_%root%_%;383.26;484.306
no_asm%_%no_fast_pskip%_%no_mixed_refs%_%rc_lookahead%_%rc_lookahead_60%_%ref%_%ref_5%_%root%_%;450.1567;483.6104
no_asm%_%no_deblock%_%no_fast_pskip%_%no_mixed_refs%_%rc_lookahead%_%rc_lookahead_60%_%ref%_%ref_5%_%root%_%;449.3833;484.3389
no_asm%_%no_mixed_refs%_%no_weightb%_%rc_lookahead%_%rc_lookahead_60%_%ref%_%ref_5%_%root%_%;383.89;484.0142
no_asm%_%no_fast_pskip%_%no_mixed_refs%_%no_weightb%_%rc_lookahead%_%rc_lookahead_60%_%ref%_%ref_5%_%root%_%;450.13;484.0647
no_asm%_%no_deblock%_%no_mixed_refs%_%no_weightb%_%rc_lookahead%_%rc_lookahead_60%_%ref%_%ref_5%_%root%_%;382.98;484.7687
no_asm%_%no_deblock%_%no_fast_pskip%_%no_mixed_refs%_%no_weightb%_%rc_lookahead%_%rc_lookahead_60%_%ref%_%ref_5%_%root%_%;449.03;484.7736
no_asm%_%no_cabac%_%no_mixed_refs%_%rc_lookahead%_%rc_lookahead_60%_%ref%_%ref_5%_%root%_%;381.4033;483.1303
no_asm%_%no_cabac%_%no_deblock%_%no_mixed_refs%_%rc_lookahead%_%rc_lookahead_60%_%ref%_%ref_5%_%root%_%;380.5267;483.8744
no_asm%_%no_cabac%_%no_mixed_refs%_%no_weightb%_%rc_lookahead%_%rc_lookahead_60%_%ref%_%ref_5%_%root%_%;381.2133;483.6137
no_asm%_%no_fast_pskip%_%no_mbtree%_%no_mixed_refs%_%no_weightb%_%rc_lookahead%_%rc_lookahead_20%_%ref%_%ref_1%_%root%_%;310.7933;485.2271
no_asm%_%no_cabac%_%no_deblock%_%no_mixed_refs%_%no_weightb%_%rc_lookahead%_%rc_lookahead_60%_%ref%_%ref_5%_%root%_%;380.18;484.3372
no_asm%_%no_cabac%_%no_fast_pskip%_%no_mixed_refs%_%rc_lookahead%_%rc_lookahead_60%_%ref%_%ref_5%_%root%_%;446.64;483.2344
no_asm%_%no_cabac%_%no_fast_pskip%_%no_mixed_refs%_%no_weightb%_%rc_lookahead%_%rc_lookahead_60%_%ref%_%ref_5%_%root%_%;446.63;483.6886
no_asm%_%no_cabac%_%no_deblock%_%no_fast_pskip%_%no_mixed_refs%_%rc_lookahead%_%rc_lookahead_60%_%ref%_%ref_5%_%root%_%;445.6667;483.9334
no_asm%_%no_cabac%_%no_deblock%_%no_fast_pskip%_%no_mixed_refs%_%no_weightb%_%rc_lookahead%_%rc_lookahead_60%_%ref%_%ref_5%_%root%_%;445.2133;484.3682
no_8x8dct%_%no_asm%_%rc_lookahead%_%rc_lookahead_60%_%ref%_%ref_5%_%root%_%;426.4167;483.9363
no_8x8dct%_%no_asm%_%no_deblock%_%rc_lookahead%_%rc_lookahead_60%_%ref%_%ref_5%_%root%_%;428.0267;484.7875
no_8x8dct%_%no_asm%_%no_fast_pskip%_%rc_lookahead%_%rc_lookahead_60%_%ref%_%ref_5%_%root%_%;494.5967;483.9916
no_8x8dct%_%no_asm%_%no_deblock%_%no_fast_pskip%_%rc_lookahead%_%rc_lookahead_60%_%ref%_%ref_5%_%root%_%;495.56;484.7913
no_8x8dct%_%no_asm%_%no_cabac%_%rc_lookahead%_%rc_lookahead_60%_%ref%_%ref_5%_%root%_%;419.7;483.4513
no_asm%_%no_deblock%_%no_mbtree%_%no_mixed_refs%_%no_weightb%_%rc_lookahead%_%rc_lookahead_20%_%ref%_%ref_1%_%root%_%;304.94;486.138
no_8x8dct%_%no_asm%_%no_cabac%_%no_fast_pskip%_%rc_lookahead%_%rc_lookahead_60%_%ref%_%ref_5%_%root%_%;487.7367;483.536
no_8x8dct%_%no_asm%_%no_cabac%_%no_deblock%_%rc_lookahead%_%rc_lookahead_60%_%ref%_%ref_5%_%root%_%;421.1133;484.2688
no_8x8dct%_%no_asm%_%no_cabac%_%no_deblock%_%no_fast_pskip%_%rc_lookahead%_%rc_lookahead_60%_%ref%_%ref_5%_%root%_%;488.7733;484.3039
no_8x8dct%_%no_asm%_%no_mixed_refs%_%rc_lookahead%_%rc_lookahead_60%_%ref%_%ref_5%_%root%_%;370.77;483.9916
no_8x8dct%_%no_asm%_%no_deblock%_%no_mixed_refs%_%rc_lookahead%_%rc_lookahead_60%_%ref%_%ref_5%_%root%_%;369.68;484.7913
no_8x8dct%_%no_asm%_%no_cabac%_%no_mixed_refs%_%rc_lookahead%_%rc_lookahead_60%_%ref%_%ref_5%_%root%_%;365.9033;483.536
no_8x8dct%_%no_asm%_%no_cabac%_%no_deblock%_%no_mixed_refs%_%rc_lookahead%_%rc_lookahead_60%_%ref%_%ref_5%_%root%_%;365.04;484.3039
no_8x8dct%_%no_asm%_%no_fast_pskip%_%no_mixed_refs%_%rc_lookahead%_%rc_lookahead_60%_%ref%_%ref_5%_%root%_%;434.97;484.0436
no_8x8dct%_%no_asm%_%no_cabac%_%no_fast_pskip%_%no_mixed_refs%_%rc_lookahead%_%rc_lookahead_60%_%ref%_%ref_5%_%root%_%;429.6433;483.6156
no_8x8dct%_%no_asm%_%no_deblock%_%no_fast_pskip%_%no_mixed_refs%_%rc_lookahead%_%rc_lookahead_60%_%ref%_%ref_5%_%root%_%;433.9133;484.7948
no_asm%_%no_deblock%_%no_fast_pskip%_%no_mbtree%_%no_mixed_refs%_%no_weightb%_%rc_lookahead%_%rc_lookahead_20%_%ref%_%ref_1%_%root%_%;310.29;486.0599
no_8x8dct%_%no_asm%_%no_cabac%_%no_deblock%_%no_fast_pskip%_%no_mixed_refs%_%rc_lookahead%_%rc_lookahead_60%_%ref%_%ref_5%_%root%_%;428.2633;484.337
no_8x8dct%_%no_asm%_%no_weightb%_%rc_lookahead%_%rc_lookahead_60%_%ref%_%ref_5%_%root%_%;425.8733;484.4492
no_8x8dct%_%no_asm%_%no_deblock%_%no_weightb%_%rc_lookahead%_%rc_lookahead_60%_%ref%_%ref_5%_%root%_%;427.7967;485.2783
no_8x8dct%_%no_asm%_%no_fast_pskip%_%no_weightb%_%rc_lookahead%_%rc_lookahead_60%_%ref%_%ref_5%_%root%_%;494.32;484.4734
no_8x8dct%_%no_asm%_%no_deblock%_%no_fast_pskip%_%no_weightb%_%rc_lookahead%_%rc_lookahead_60%_%ref%_%ref_5%_%root%_%;495.45;485.2523
no_8x8dct%_%no_asm%_%no_mixed_refs%_%no_weightb%_%rc_lookahead%_%rc_lookahead_60%_%ref%_%ref_5%_%root%_%;370.5567;484.4734
no_8x8dct%_%no_asm%_%no_fast_pskip%_%no_mixed_refs%_%no_weightb%_%rc_lookahead%_%rc_lookahead_60%_%ref%_%ref_5%_%root%_%;434.6433;484.4962
no_8x8dct%_%no_asm%_%no_deblock%_%no_mixed_refs%_%no_weightb%_%rc_lookahead%_%rc_lookahead_60%_%ref%_%ref_5%_%root%_%;369.6167;485.2523
no_8x8dct%_%no_asm%_%no_deblock%_%no_fast_pskip%_%no_mixed_refs%_%no_weightb%_%rc_lookahead%_%rc_lookahead_60%_%ref%_%ref_5%_%root%_%;433.9267;485.2279
no_8x8dct%_%no_asm%_%no_cabac%_%no_weightb%_%rc_lookahead%_%rc_lookahead_60%_%ref%_%ref_5%_%root%_%;419.3967;483.9659
no_asm%_%no_cabac%_%no_mbtree%_%no_weightb%_%rc_lookahead%_%rc_lookahead_20%_%ref%_%ref_1%_%root%_%;295.59;484.8515
no_8x8dct%_%no_asm%_%no_cabac%_%no_deblock%_%no_weightb%_%rc_lookahead%_%rc_lookahead_60%_%ref%_%ref_5%_%root%_%;420.6833;484.7615
no_8x8dct%_%no_asm%_%no_cabac%_%no_mixed_refs%_%no_weightb%_%rc_lookahead%_%rc_lookahead_60%_%ref%_%ref_5%_%root%_%;365.4433;484.0194
no_8x8dct%_%no_asm%_%no_cabac%_%no_deblock%_%no_mixed_refs%_%no_weightb%_%rc_lookahead%_%rc_lookahead_60%_%ref%_%ref_5%_%root%_%;364.4967;484.7668
no_8x8dct%_%no_asm%_%no_cabac%_%no_fast_pskip%_%no_weightb%_%rc_lookahead%_%rc_lookahead_60%_%ref%_%ref_5%_%root%_%;487.5833;484.0194
no_8x8dct%_%no_asm%_%no_cabac%_%no_fast_pskip%_%no_mixed_refs%_%no_weightb%_%rc_lookahead%_%rc_lookahead_60%_%ref%_%ref_5%_%root%_%;429.2567;484.0696
no_8x8dct%_%no_asm%_%no_cabac%_%no_deblock%_%no_fast_pskip%_%no_weightb%_%rc_lookahead%_%rc_lookahead_60%_%ref%_%ref_5%_%root%_%;488.26;484.7668
no_8x8dct%_%no_asm%_%no_cabac%_%no_deblock%_%no_fast_pskip%_%no_mixed_refs%_%no_weightb%_%rc_lookahead%_%rc_lookahead_60%_%ref%_%ref_5%_%root%_%;428.1567;484.7718
no_asm%_%no_mbtree%_%rc_lookahead%_%rc_lookahead_60%_%ref%_%ref_5%_%root%_%;519.4133;485.857
no_asm%_%no_deblock%_%no_mbtree%_%rc_lookahead%_%rc_lookahead_60%_%ref%_%ref_5%_%root%_%;521.98;486.7672
no_asm%_%no_fast_pskip%_%no_mbtree%_%rc_lookahead%_%rc_lookahead_60%_%ref%_%ref_5%_%root%_%;571.51;485.7959
no_asm%_%no_cabac%_%no_deblock%_%no_mbtree%_%no_weightb%_%rc_lookahead%_%rc_lookahead_20%_%ref%_%ref_1%_%root%_%;295.3333;485.7617
no_asm%_%no_deblock%_%no_fast_pskip%_%no_mbtree%_%rc_lookahead%_%rc_lookahead_60%_%ref%_%ref_5%_%root%_%;573.7567;486.651
no_asm%_%no_cabac%_%no_mbtree%_%rc_lookahead%_%rc_lookahead_60%_%ref%_%ref_5%_%root%_%;511.3733;485.3701
no_asm%_%no_cabac%_%no_fast_pskip%_%no_mbtree%_%rc_lookahead%_%rc_lookahead_60%_%ref%_%ref_5%_%root%_%;562.9233;485.3385
no_asm%_%no_cabac%_%no_deblock%_%no_mbtree%_%rc_lookahead%_%rc_lookahead_60%_%ref%_%ref_5%_%root%_%;513.5233;486.2504
no_asm%_%no_cabac%_%no_deblock%_%no_fast_pskip%_%no_mbtree%_%rc_lookahead%_%rc_lookahead_60%_%ref%_%ref_5%_%root%_%;564.1667;486.1655
no_asm%_%no_mbtree%_%no_weightb%_%rc_lookahead%_%rc_lookahead_60%_%ref%_%ref_5%_%root%_%;518.96;486.2535
no_asm%_%no_deblock%_%no_mbtree%_%no_weightb%_%rc_lookahead%_%rc_lookahead_60%_%ref%_%ref_5%_%root%_%;521.51;487.1381
no_asm%_%no_cabac%_%no_mbtree%_%no_weightb%_%rc_lookahead%_%rc_lookahead_60%_%ref%_%ref_5%_%root%_%;511.4067;485.7684
no_asm%_%no_cabac%_%no_deblock%_%no_mbtree%_%no_weightb%_%rc_lookahead%_%rc_lookahead_60%_%ref%_%ref_5%_%root%_%;512.7733;486.623
no_asm%_%no_fast_pskip%_%no_mbtree%_%no_weightb%_%rc_lookahead%_%rc_lookahead_60%_%ref%_%ref_5%_%root%_%;571.4733;486.1684
no_asm%_%no_cabac%_%no_mbtree%_%no_mixed_refs%_%no_weightb%_%rc_lookahead%_%rc_lookahead_20%_%ref%_%ref_1%_%root%_%;295.5267;484.8513
no_asm%_%no_cabac%_%no_fast_pskip%_%no_mbtree%_%no_weightb%_%rc_lookahead%_%rc_lookahead_60%_%ref%_%ref_5%_%root%_%;562.1867;485.7127
no_asm%_%no_deblock%_%no_fast_pskip%_%no_mbtree%_%no_weightb%_%rc_lookahead%_%rc_lookahead_60%_%ref%_%ref_5%_%root%_%;573.24;486.9994
no_asm%_%no_cabac%_%no_deblock%_%no_fast_pskip%_%no_mbtree%_%no_weightb%_%rc_lookahead%_%rc_lookahead_60%_%ref%_%ref_5%_%root%_%;564.1467;486.5155
no_8x8dct%_%no_asm%_%no_mbtree%_%rc_lookahead%_%rc_lookahead_60%_%ref%_%ref_5%_%root%_%;492.3667;486.2852
no_8x8dct%_%no_asm%_%no_deblock%_%no_mbtree%_%rc_lookahead%_%rc_lookahead_60%_%ref%_%ref_5%_%root%_%;494.34;487.2245
no_8x8dct%_%no_asm%_%no_fast_pskip%_%no_mbtree%_%rc_lookahead%_%rc_lookahead_60%_%ref%_%ref_5%_%root%_%;543.5233;486.1982
no_8x8dct%_%no_asm%_%no_deblock%_%no_fast_pskip%_%no_mbtree%_%rc_lookahead%_%rc_lookahead_60%_%ref%_%ref_5%_%root%_%;544.8233;487.0806
no_8x8dct%_%no_asm%_%no_mbtree%_%no_weightb%_%rc_lookahead%_%rc_lookahead_60%_%ref%_%ref_5%_%root%_%;492.36;486.6853
no_8x8dct%_%no_asm%_%no_fast_pskip%_%no_mbtree%_%no_weightb%_%rc_lookahead%_%rc_lookahead_60%_%ref%_%ref_5%_%root%_%;543.0833;486.574
no_8x8dct%_%no_asm%_%no_deblock%_%no_mbtree%_%no_weightb%_%rc_lookahead%_%rc_lookahead_60%_%ref%_%ref_5%_%root%_%;493.7033;487.5991
no_asm%_%no_cabac%_%no_fast_pskip%_%rc_lookahead%_%rc_lookahead_20%_%ref%_%ref_1%_%root%_%;266.4833;482.1543
no_asm%_%no_cabac%_%no_deblock%_%no_mbtree%_%no_mixed_refs%_%no_weightb%_%rc_lookahead%_%rc_lookahead_20%_%ref%_%ref_1%_%root%_%;295.41;485.7064
no_8x8dct%_%no_asm%_%no_deblock%_%no_fast_pskip%_%no_mbtree%_%no_weightb%_%rc_lookahead%_%rc_lookahead_60%_%ref%_%ref_5%_%root%_%;544.58;487.4324
no_8x8dct%_%no_asm%_%no_cabac%_%no_mbtree%_%rc_lookahead%_%rc_lookahead_60%_%ref%_%ref_5%_%root%_%;485.59;485.7412
no_8x8dct%_%no_asm%_%no_cabac%_%no_deblock%_%no_mbtree%_%rc_lookahead%_%rc_lookahead_60%_%ref%_%ref_5%_%root%_%;486.9733;486.6502
no_8x8dct%_%no_asm%_%no_cabac%_%no_mbtree%_%no_weightb%_%rc_lookahead%_%rc_lookahead_60%_%ref%_%ref_5%_%root%_%;485.4367;486.1447
no_8x8dct%_%no_asm%_%no_cabac%_%no_deblock%_%no_mbtree%_%no_weightb%_%rc_lookahead%_%rc_lookahead_60%_%ref%_%ref_5%_%root%_%;487.1167;487.0281
no_8x8dct%_%no_asm%_%no_cabac%_%no_fast_pskip%_%no_mbtree%_%rc_lookahead%_%rc_lookahead_60%_%ref%_%ref_5%_%root%_%;535.7067;485.6871
no_8x8dct%_%no_asm%_%no_cabac%_%no_fast_pskip%_%no_mbtree%_%no_weightb%_%rc_lookahead%_%rc_lookahead_60%_%ref%_%ref_5%_%root%_%;535.5533;486.0662
no_8x8dct%_%no_asm%_%no_cabac%_%no_deblock%_%no_fast_pskip%_%no_mbtree%_%rc_lookahead%_%rc_lookahead_60%_%ref%_%ref_5%_%root%_%;537.1133;486.541
no_8x8dct%_%no_asm%_%no_cabac%_%no_deblock%_%no_fast_pskip%_%no_mbtree%_%no_weightb%_%rc_lookahead%_%rc_lookahead_60%_%ref%_%ref_5%_%root%_%;536.85;486.8961
no_asm%_%no_mbtree%_%no_mixed_refs%_%rc_lookahead%_%rc_lookahead_60%_%ref%_%ref_5%_%root%_%;433.2233;485.7959
no_asm%_%no_cabac%_%no_fast_pskip%_%no_mbtree%_%no_weightb%_%rc_lookahead%_%rc_lookahead_20%_%ref%_%ref_1%_%root%_%;299.69;484.8513
no_asm%_%no_deblock%_%no_mbtree%_%no_mixed_refs%_%rc_lookahead%_%rc_lookahead_60%_%ref%_%ref_5%_%root%_%;432.7567;486.651
no_asm%_%no_fast_pskip%_%no_mbtree%_%no_mixed_refs%_%rc_lookahead%_%rc_lookahead_60%_%ref%_%ref_5%_%root%_%;482.8167;485.7386
no_asm%_%no_deblock%_%no_fast_pskip%_%no_mbtree%_%no_mixed_refs%_%rc_lookahead%_%rc_lookahead_60%_%ref%_%ref_5%_%root%_%;482.3767;486.5418
no_asm%_%no_cabac%_%no_mbtree%_%no_mixed_refs%_%rc_lookahead%_%rc_lookahead_60%_%ref%_%ref_5%_%root%_%;428.3733;485.3385
no_asm%_%no_cabac%_%no_fast_pskip%_%no_mbtree%_%no_mixed_refs%_%rc_lookahead%_%rc_lookahead_60%_%ref%_%ref_5%_%root%_%;476.8633;485.3089
no_asm%_%no_cabac%_%no_deblock%_%no_mbtree%_%no_mixed_refs%_%rc_lookahead%_%rc_lookahead_60%_%ref%_%ref_5%_%root%_%;427.7933;486.1655
no_asm%_%no_cabac%_%no_deblock%_%no_fast_pskip%_%no_mbtree%_%no_mixed_refs%_%rc_lookahead%_%rc_lookahead_60%_%ref%_%ref_5%_%root%_%;476.31;486.0857
no_8x8dct%_%no_asm%_%no_mbtree%_%no_mixed_refs%_%rc_lookahead%_%rc_lookahead_60%_%ref%_%ref_5%_%root%_%;414.9967;486.1982
no_8x8dct%_%no_asm%_%no_deblock%_%no_mbtree%_%no_mixed_refs%_%rc_lookahead%_%rc_lookahead_60%_%ref%_%ref_5%_%root%_%;414.2433;487.0806
no_8x8dct%_%no_asm%_%no_cabac%_%no_mbtree%_%no_mixed_refs%_%rc_lookahead%_%rc_lookahead_60%_%ref%_%ref_5%_%root%_%;408.6833;485.6871
no_asm%_%no_cabac%_%no_fast_pskip%_%no_mbtree%_%no_mixed_refs%_%no_weightb%_%rc_lookahead%_%rc_lookahead_20%_%ref%_%ref_1%_%root%_%;299.8433;484.8512
no_8x8dct%_%no_asm%_%no_cabac%_%no_deblock%_%no_mbtree%_%no_mixed_refs%_%rc_lookahead%_%rc_lookahead_60%_%ref%_%ref_5%_%root%_%;407.99;486.541
no_8x8dct%_%no_asm%_%no_fast_pskip%_%no_mbtree%_%no_mixed_refs%_%rc_lookahead%_%rc_lookahead_60%_%ref%_%ref_5%_%root%_%;463.31;486.1165
no_8x8dct%_%no_asm%_%no_cabac%_%no_fast_pskip%_%no_mbtree%_%no_mixed_refs%_%rc_lookahead%_%rc_lookahead_60%_%ref%_%ref_5%_%root%_%;456.6167;485.6364
no_8x8dct%_%no_asm%_%no_deblock%_%no_fast_pskip%_%no_mbtree%_%no_mixed_refs%_%rc_lookahead%_%rc_lookahead_60%_%ref%_%ref_5%_%root%_%;462.74;486.9454
no_8x8dct%_%no_asm%_%no_cabac%_%no_deblock%_%no_fast_pskip%_%no_mbtree%_%no_mixed_refs%_%rc_lookahead%_%rc_lookahead_60%_%ref%_%ref_5%_%root%_%;455.72;486.4385
no_asm%_%no_mbtree%_%no_mixed_refs%_%no_weightb%_%rc_lookahead%_%rc_lookahead_60%_%ref%_%ref_5%_%root%_%;433.2133;486.1684
no_asm%_%no_deblock%_%no_mbtree%_%no_mixed_refs%_%no_weightb%_%rc_lookahead%_%rc_lookahead_60%_%ref%_%ref_5%_%root%_%;432.6767;486.9994
no_asm%_%no_fast_pskip%_%no_mbtree%_%no_mixed_refs%_%no_weightb%_%rc_lookahead%_%rc_lookahead_60%_%ref%_%ref_5%_%root%_%;482.64;486.0885
no_asm%_%no_deblock%_%no_fast_pskip%_%no_mbtree%_%no_mixed_refs%_%no_weightb%_%rc_lookahead%_%rc_lookahead_60%_%ref%_%ref_5%_%root%_%;482.08;486.8691
no_8x8dct%_%no_asm%_%no_mbtree%_%no_mixed_refs%_%no_weightb%_%rc_lookahead%_%rc_lookahead_60%_%ref%_%ref_5%_%root%_%;414.67;486.574
no_asm%_%no_cabac%_%no_deblock%_%no_fast_pskip%_%no_mbtree%_%no_weightb%_%rc_lookahead%_%rc_lookahead_20%_%ref%_%ref_1%_%root%_%;299.6467;485.7064
no_8x8dct%_%no_asm%_%no_fast_pskip%_%no_mbtree%_%no_mixed_refs%_%no_weightb%_%rc_lookahead%_%rc_lookahead_60%_%ref%_%ref_5%_%root%_%;463.5;486.4695
no_8x8dct%_%no_asm%_%no_deblock%_%no_mbtree%_%no_mixed_refs%_%no_weightb%_%rc_lookahead%_%rc_lookahead_60%_%ref%_%ref_5%_%root%_%;413.9133;487.4324
no_8x8dct%_%no_asm%_%no_deblock%_%no_fast_pskip%_%no_mbtree%_%no_mixed_refs%_%no_weightb%_%rc_lookahead%_%rc_lookahead_60%_%ref%_%ref_5%_%root%_%;462.5;487.2759
no_asm%_%no_cabac%_%no_mbtree%_%no_mixed_refs%_%no_weightb%_%rc_lookahead%_%rc_lookahead_60%_%ref%_%ref_5%_%root%_%;428.02;485.7127
no_asm%_%no_cabac%_%no_deblock%_%no_mbtree%_%no_mixed_refs%_%no_weightb%_%rc_lookahead%_%rc_lookahead_60%_%ref%_%ref_5%_%root%_%;427.52;486.5155
no_8x8dct%_%no_asm%_%no_cabac%_%no_mbtree%_%no_mixed_refs%_%no_weightb%_%rc_lookahead%_%rc_lookahead_60%_%ref%_%ref_5%_%root%_%;408.6067;486.0662
no_8x8dct%_%no_asm%_%no_cabac%_%no_deblock%_%no_mbtree%_%no_mixed_refs%_%no_weightb%_%rc_lookahead%_%rc_lookahead_60%_%ref%_%ref_5%_%root%_%;407.7633;486.8961
no_asm%_%no_cabac%_%no_fast_pskip%_%no_mbtree%_%no_mixed_refs%_%no_weightb%_%rc_lookahead%_%rc_lookahead_60%_%ref%_%ref_5%_%root%_%;476.9;485.6603
no_8x8dct%_%no_asm%_%no_cabac%_%no_fast_pskip%_%no_mbtree%_%no_mixed_refs%_%no_weightb%_%rc_lookahead%_%rc_lookahead_60%_%ref%_%ref_5%_%root%_%;456.4367;485.9925
no_asm%_%no_cabac%_%no_deblock%_%no_fast_pskip%_%no_mbtree%_%no_mixed_refs%_%no_weightb%_%rc_lookahead%_%rc_lookahead_60%_%ref%_%ref_5%_%root%_%;476.0933;486.4146
no_asm%_%no_cabac%_%no_deblock%_%no_fast_pskip%_%no_mbtree%_%no_mixed_refs%_%no_weightb%_%rc_lookahead%_%rc_lookahead_20%_%ref%_%ref_1%_%root%_%;299.7033;485.6544
no_8x8dct%_%no_asm%_%no_cabac%_%no_deblock%_%no_fast_pskip%_%no_mbtree%_%no_mixed_refs%_%no_weightb%_%rc_lookahead%_%rc_lookahead_60%_%ref%_%ref_5%_%root%_%;455.5133;486.7721
no_asm%_%rc_lookahead%_%rc_lookahead_20%_%ref%_%ref_5%_%root%_%;442.25;483.2586
no_asm%_%no_fast_pskip%_%rc_lookahead%_%rc_lookahead_20%_%ref%_%ref_5%_%root%_%;514.17;483.3549
no_asm%_%no_cabac%_%rc_lookahead%_%rc_lookahead_20%_%ref%_%ref_5%_%root%_%;436.1167;482.7758
no_asm%_%no_cabac%_%no_fast_pskip%_%rc_lookahead%_%rc_lookahead_20%_%ref%_%ref_5%_%root%_%;505.8567;482.9014
no_asm%_%no_weightb%_%rc_lookahead%_%rc_lookahead_20%_%ref%_%ref_5%_%root%_%;442.5467;483.842
no_asm%_%no_cabac%_%no_weightb%_%rc_lookahead%_%rc_lookahead_20%_%ref%_%ref_5%_%root%_%;435.9767;483.359
no_asm%_%no_fast_pskip%_%no_weightb%_%rc_lookahead%_%rc_lookahead_20%_%ref%_%ref_5%_%root%_%;513.53;483.903
no_asm%_%no_cabac%_%no_fast_pskip%_%no_weightb%_%rc_lookahead%_%rc_lookahead_20%_%ref%_%ref_5%_%root%_%;505.6367;483.4493
no_asm%_%no_mixed_refs%_%rc_lookahead%_%rc_lookahead_20%_%ref%_%ref_5%_%root%_%;381.1233;483.3549
no_8x8dct%_%no_asm%_%rc_lookahead%_%rc_lookahead_20%_%ref%_%ref_1%_%root%_%;254.5867;482.8974
no_asm%_%no_fast_pskip%_%no_mixed_refs%_%rc_lookahead%_%rc_lookahead_20%_%ref%_%ref_5%_%root%_%;447.4233;483.4454
no_asm%_%no_mixed_refs%_%no_weightb%_%rc_lookahead%_%rc_lookahead_20%_%ref%_%ref_5%_%root%_%;380.84;483.903
no_asm%_%no_fast_pskip%_%no_mixed_refs%_%no_weightb%_%rc_lookahead%_%rc_lookahead_20%_%ref%_%ref_5%_%root%_%;447.1367;483.9603
no_asm%_%no_cabac%_%no_mixed_refs%_%rc_lookahead%_%rc_lookahead_20%_%ref%_%ref_5%_%root%_%;378.4167;482.9014
no_asm%_%no_cabac%_%no_mixed_refs%_%no_weightb%_%rc_lookahead%_%rc_lookahead_20%_%ref%_%ref_5%_%root%_%;378.2833;483.4493
no_asm%_%no_cabac%_%no_fast_pskip%_%no_mixed_refs%_%rc_lookahead%_%rc_lookahead_20%_%ref%_%ref_5%_%root%_%;443.92;483.0194
no_asm%_%no_cabac%_%no_fast_pskip%_%no_mixed_refs%_%no_weightb%_%rc_lookahead%_%rc_lookahead_20%_%ref%_%ref_5%_%root%_%;443.6467;483.5341
no_asm%_%no_mbtree%_%rc_lookahead%_%rc_lookahead_20%_%ref%_%ref_5%_%root%_%;519.5867;485.9912
no_asm%_%no_fast_pskip%_%no_mbtree%_%rc_lookahead%_%rc_lookahead_20%_%ref%_%ref_5%_%root%_%;571.5667;485.922
no_asm%_%no_cabac%_%no_mbtree%_%rc_lookahead%_%rc_lookahead_20%_%ref%_%ref_5%_%root%_%;511.6933;485.4395
no_8x8dct%_%no_asm%_%no_deblock%_%rc_lookahead%_%rc_lookahead_20%_%ref%_%ref_1%_%root%_%;254.1767;483.8115
no_asm%_%no_cabac%_%no_fast_pskip%_%no_mbtree%_%rc_lookahead%_%rc_lookahead_20%_%ref%_%ref_5%_%root%_%;562.57;485.4037
no_asm%_%no_mbtree%_%no_mixed_refs%_%rc_lookahead%_%rc_lookahead_20%_%ref%_%ref_5%_%root%_%;433.2233;485.922
no_asm%_%no_cabac%_%no_mbtree%_%no_mixed_refs%_%rc_lookahead%_%rc_lookahead_20%_%ref%_%ref_5%_%root%_%;428.4267;485.4037
no_asm%_%no_fast_pskip%_%no_mbtree%_%no_mixed_refs%_%rc_lookahead%_%rc_lookahead_20%_%ref%_%ref_5%_%root%_%;482.9033;485.857
no_asm%_%no_cabac%_%no_fast_pskip%_%no_mbtree%_%no_mixed_refs%_%rc_lookahead%_%rc_lookahead_20%_%ref%_%ref_5%_%root%_%;476.9967;485.3701
no_asm%_%no_mbtree%_%no_weightb%_%rc_lookahead%_%rc_lookahead_20%_%ref%_%ref_5%_%root%_%;519.0267;486.4405
no_asm%_%no_fast_pskip%_%no_mbtree%_%no_weightb%_%rc_lookahead%_%rc_lookahead_20%_%ref%_%ref_5%_%root%_%;571.35;486.3441
no_asm%_%no_mbtree%_%no_mixed_refs%_%no_weightb%_%rc_lookahead%_%rc_lookahead_20%_%ref%_%ref_5%_%root%_%;433.2667;486.3441
no_asm%_%no_fast_pskip%_%no_mbtree%_%no_mixed_refs%_%no_weightb%_%rc_lookahead%_%rc_lookahead_20%_%ref%_%ref_5%_%root%_%;482.59;486.2535
no_asm%_%no_cabac%_%no_mbtree%_%no_weightb%_%rc_lookahead%_%rc_lookahead_20%_%ref%_%ref_5%_%root%_%;511.48;485.8908
no_8x8dct%_%no_asm%_%no_fast_pskip%_%rc_lookahead%_%rc_lookahead_20%_%ref%_%ref_1%_%root%_%;261.0767;483.0156
no_asm%_%no_cabac%_%no_mbtree%_%no_mixed_refs%_%no_weightb%_%rc_lookahead%_%rc_lookahead_20%_%ref%_%ref_5%_%root%_%;428.0833;485.8277
no_asm%_%no_cabac%_%no_fast_pskip%_%no_mbtree%_%no_weightb%_%rc_lookahead%_%rc_lookahead_20%_%ref%_%ref_5%_%root%_%;562.1833;485.8277
no_asm%_%no_cabac%_%no_fast_pskip%_%no_mbtree%_%no_mixed_refs%_%no_weightb%_%rc_lookahead%_%rc_lookahead_20%_%ref%_%ref_5%_%root%_%;476.9367;485.7684
no_asm%_%no_deblock%_%rc_lookahead%_%rc_lookahead_20%_%ref%_%ref_5%_%root%_%;444.71;484.194
no_asm%_%no_deblock%_%no_fast_pskip%_%rc_lookahead%_%rc_lookahead_20%_%ref%_%ref_5%_%root%_%;516.22;484.2337
no_asm%_%no_cabac%_%no_deblock%_%rc_lookahead%_%rc_lookahead_20%_%ref%_%ref_5%_%root%_%;437.92;483.6734
no_asm%_%no_cabac%_%no_deblock%_%no_fast_pskip%_%rc_lookahead%_%rc_lookahead_20%_%ref%_%ref_5%_%root%_%;507.4033;483.7446
no_asm%_%no_deblock%_%no_weightb%_%rc_lookahead%_%rc_lookahead_20%_%ref%_%ref_5%_%root%_%;444.52;484.7522
no_asm%_%no_cabac%_%no_deblock%_%no_weightb%_%rc_lookahead%_%rc_lookahead_20%_%ref%_%ref_5%_%root%_%;437.4833;484.2316
no_asm%_%no_deblock%_%no_fast_pskip%_%no_weightb%_%rc_lookahead%_%rc_lookahead_20%_%ref%_%ref_5%_%root%_%;515.6867;484.7581
no_8x8dct%_%no_asm%_%no_deblock%_%no_fast_pskip%_%rc_lookahead%_%rc_lookahead_20%_%ref%_%ref_1%_%root%_%;260.4967;483.8744
no_asm%_%no_cabac%_%no_deblock%_%no_fast_pskip%_%no_weightb%_%rc_lookahead%_%rc_lookahead_20%_%ref%_%ref_5%_%root%_%;506.93;484.2691
no_asm%_%no_deblock%_%no_mbtree%_%rc_lookahead%_%rc_lookahead_20%_%ref%_%ref_5%_%root%_%;521.7;487.0226
no_asm%_%no_deblock%_%no_fast_pskip%_%no_mbtree%_%rc_lookahead%_%rc_lookahead_20%_%ref%_%ref_5%_%root%_%;573.6533;486.8909
no_asm%_%no_deblock%_%no_mbtree%_%no_weightb%_%rc_lookahead%_%rc_lookahead_20%_%ref%_%ref_5%_%root%_%;521.4433;487.4429
no_asm%_%no_deblock%_%no_fast_pskip%_%no_mbtree%_%no_weightb%_%rc_lookahead%_%rc_lookahead_20%_%ref%_%ref_5%_%root%_%;573.46;487.2857
no_asm%_%no_cabac%_%no_deblock%_%no_mbtree%_%rc_lookahead%_%rc_lookahead_20%_%ref%_%ref_5%_%root%_%;513.2333;486.437
no_asm%_%no_cabac%_%no_deblock%_%no_mbtree%_%no_weightb%_%rc_lookahead%_%rc_lookahead_20%_%ref%_%ref_5%_%root%_%;512.87;486.8592
no_asm%_%no_cabac%_%no_deblock%_%no_fast_pskip%_%no_mbtree%_%rc_lookahead%_%rc_lookahead_20%_%ref%_%ref_5%_%root%_%;564.0933;486.3407
no_asm%_%no_cabac%_%no_deblock%_%no_fast_pskip%_%no_mbtree%_%no_weightb%_%rc_lookahead%_%rc_lookahead_20%_%ref%_%ref_5%_%root%_%;564.0633;486.7374
no_asm%_%no_deblock%_%no_mixed_refs%_%rc_lookahead%_%rc_lookahead_20%_%ref%_%ref_5%_%root%_%;380.1467;484.2337
no_8x8dct%_%no_asm%_%no_cabac%_%rc_lookahead%_%rc_lookahead_20%_%ref%_%ref_1%_%root%_%;244.39;482.4753
no_asm%_%no_deblock%_%no_fast_pskip%_%no_mixed_refs%_%rc_lookahead%_%rc_lookahead_20%_%ref%_%ref_5%_%root%_%;446.68;484.271
no_asm%_%no_cabac%_%no_deblock%_%no_mixed_refs%_%rc_lookahead%_%rc_lookahead_20%_%ref%_%ref_5%_%root%_%;377.83;483.7446
no_asm%_%no_cabac%_%no_deblock%_%no_fast_pskip%_%no_mixed_refs%_%rc_lookahead%_%rc_lookahead_20%_%ref%_%ref_5%_%root%_%;442.81;483.8115
no_asm%_%no_deblock%_%no_mbtree%_%no_mixed_refs%_%rc_lookahead%_%rc_lookahead_20%_%ref%_%ref_5%_%root%_%;432.7733;486.8909
no_asm%_%no_cabac%_%no_deblock%_%no_mbtree%_%no_mixed_refs%_%rc_lookahead%_%rc_lookahead_20%_%ref%_%ref_5%_%root%_%;427.66;486.3407
no_asm%_%no_deblock%_%no_fast_pskip%_%no_mbtree%_%no_mixed_refs%_%rc_lookahead%_%rc_lookahead_20%_%ref%_%ref_5%_%root%_%;482.3733;486.7672
no_asm%_%no_cabac%_%no_deblock%_%no_fast_pskip%_%no_mbtree%_%no_mixed_refs%_%rc_lookahead%_%rc_lookahead_20%_%ref%_%ref_5%_%root%_%;476.2233;486.2504
no_asm%_%no_deblock%_%no_mixed_refs%_%no_weightb%_%rc_lookahead%_%rc_lookahead_20%_%ref%_%ref_5%_%root%_%;380.1;484.7581
no_asm%_%no_deblock%_%no_fast_pskip%_%no_mixed_refs%_%no_weightb%_%rc_lookahead%_%rc_lookahead_20%_%ref%_%ref_5%_%root%_%;446.25;484.7636
no_asm%_%no_deblock%_%no_mbtree%_%no_mixed_refs%_%no_weightb%_%rc_lookahead%_%rc_lookahead_20%_%ref%_%ref_5%_%root%_%;432.7233;487.2857
no_asm%_%no_cabac%_%no_deblock%_%rc_lookahead%_%rc_lookahead_20%_%ref%_%ref_1%_%root%_%;259.8067;482.8355
no_8x8dct%_%no_asm%_%no_cabac%_%no_fast_pskip%_%rc_lookahead%_%rc_lookahead_20%_%ref%_%ref_1%_%root%_%;249.4967;482.6191
no_asm%_%no_deblock%_%no_fast_pskip%_%no_mbtree%_%no_mixed_refs%_%no_weightb%_%rc_lookahead%_%rc_lookahead_20%_%ref%_%ref_5%_%root%_%;482.0833;487.1381
no_asm%_%no_cabac%_%no_deblock%_%no_mixed_refs%_%no_weightb%_%rc_lookahead%_%rc_lookahead_20%_%ref%_%ref_5%_%root%_%;377.5033;484.2691
no_asm%_%no_cabac%_%no_deblock%_%no_mbtree%_%no_mixed_refs%_%no_weightb%_%rc_lookahead%_%rc_lookahead_20%_%ref%_%ref_5%_%root%_%;427.4933;486.7374
no_asm%_%no_cabac%_%no_deblock%_%no_fast_pskip%_%no_mixed_refs%_%no_weightb%_%rc_lookahead%_%rc_lookahead_20%_%ref%_%ref_5%_%root%_%;442.5;484.3042
no_asm%_%no_cabac%_%no_deblock%_%no_fast_pskip%_%no_mbtree%_%no_mixed_refs%_%no_weightb%_%rc_lookahead%_%rc_lookahead_20%_%ref%_%ref_5%_%root%_%;476.1;486.623
no_8x8dct%_%no_asm%_%rc_lookahead%_%rc_lookahead_20%_%ref%_%ref_5%_%root%_%;423.0767;483.8148
no_8x8dct%_%no_asm%_%no_fast_pskip%_%rc_lookahead%_%rc_lookahead_20%_%ref%_%ref_5%_%root%_%;492.1267;483.8775
no_8x8dct%_%no_asm%_%no_cabac%_%rc_lookahead%_%rc_lookahead_20%_%ref%_%ref_5%_%root%_%;416.8867;483.2652
no_8x8dct%_%no_asm%_%no_cabac%_%no_fast_pskip%_%rc_lookahead%_%rc_lookahead_20%_%ref%_%ref_5%_%root%_%;484.8533;483.3612
no_8x8dct%_%no_asm%_%no_weightb%_%rc_lookahead%_%rc_lookahead_20%_%ref%_%ref_5%_%root%_%;422.6467;484.396
no_8x8dct%_%no_asm%_%no_cabac%_%no_deblock%_%rc_lookahead%_%rc_lookahead_20%_%ref%_%ref_1%_%root%_%;244.23;483.3519
no_8x8dct%_%no_asm%_%no_cabac%_%no_weightb%_%rc_lookahead%_%rc_lookahead_20%_%ref%_%ref_5%_%root%_%;416.2633;483.8483
no_8x8dct%_%no_asm%_%no_fast_pskip%_%no_weightb%_%rc_lookahead%_%rc_lookahead_20%_%ref%_%ref_5%_%root%_%;491.6867;484.4234
no_8x8dct%_%no_asm%_%no_cabac%_%no_fast_pskip%_%no_weightb%_%rc_lookahead%_%rc_lookahead_20%_%ref%_%ref_5%_%root%_%;484.29;483.9089
no_8x8dct%_%no_asm%_%no_mixed_refs%_%rc_lookahead%_%rc_lookahead_20%_%ref%_%ref_5%_%root%_%;367.9633;483.8775
no_8x8dct%_%no_asm%_%no_fast_pskip%_%no_mixed_refs%_%rc_lookahead%_%rc_lookahead_20%_%ref%_%ref_5%_%root%_%;432.1433;483.9363
no_8x8dct%_%no_asm%_%no_mixed_refs%_%no_weightb%_%rc_lookahead%_%rc_lookahead_20%_%ref%_%ref_5%_%root%_%;367.5433;484.4234
no_8x8dct%_%no_asm%_%no_fast_pskip%_%no_mixed_refs%_%no_weightb%_%rc_lookahead%_%rc_lookahead_20%_%ref%_%ref_5%_%root%_%;432.03;484.4492
no_8x8dct%_%no_asm%_%no_cabac%_%no_mixed_refs%_%rc_lookahead%_%rc_lookahead_20%_%ref%_%ref_5%_%root%_%;362.6267;483.3612
no_8x8dct%_%no_asm%_%no_cabac%_%no_mixed_refs%_%no_weightb%_%rc_lookahead%_%rc_lookahead_20%_%ref%_%ref_5%_%root%_%;362.6133;483.9089
no_8x8dct%_%no_asm%_%no_cabac%_%no_fast_pskip%_%no_mixed_refs%_%rc_lookahead%_%rc_lookahead_20%_%ref%_%ref_5%_%root%_%;426.5267;483.4513
no_8x8dct%_%no_asm%_%no_cabac%_%no_deblock%_%no_fast_pskip%_%rc_lookahead%_%rc_lookahead_20%_%ref%_%ref_1%_%root%_%;249.3633;483.4426
no_8x8dct%_%no_asm%_%no_cabac%_%no_fast_pskip%_%no_mixed_refs%_%no_weightb%_%rc_lookahead%_%rc_lookahead_20%_%ref%_%ref_5%_%root%_%;426.4433;483.9659
no_8x8dct%_%no_asm%_%no_deblock%_%rc_lookahead%_%rc_lookahead_20%_%ref%_%ref_5%_%root%_%;425.0633;484.7793
no_8x8dct%_%no_asm%_%no_deblock%_%no_fast_pskip%_%rc_lookahead%_%rc_lookahead_20%_%ref%_%ref_5%_%root%_%;493.3067;484.7836
no_8x8dct%_%no_asm%_%no_cabac%_%no_deblock%_%rc_lookahead%_%rc_lookahead_20%_%ref%_%ref_5%_%root%_%;418.19;484.1915
no_8x8dct%_%no_asm%_%no_cabac%_%no_deblock%_%no_fast_pskip%_%rc_lookahead%_%rc_lookahead_20%_%ref%_%ref_5%_%root%_%;485.5367;484.2314
no_8x8dct%_%no_asm%_%no_deblock%_%no_mixed_refs%_%rc_lookahead%_%rc_lookahead_20%_%ref%_%ref_5%_%root%_%;367.0667;484.7836
no_8x8dct%_%no_asm%_%no_cabac%_%no_deblock%_%no_mixed_refs%_%rc_lookahead%_%rc_lookahead_20%_%ref%_%ref_5%_%root%_%;362.0367;484.2314
no_8x8dct%_%no_asm%_%no_deblock%_%no_fast_pskip%_%no_mixed_refs%_%rc_lookahead%_%rc_lookahead_20%_%ref%_%ref_5%_%root%_%;431;484.7875
no_8x8dct%_%no_asm%_%no_cabac%_%no_deblock%_%no_fast_pskip%_%no_mixed_refs%_%rc_lookahead%_%rc_lookahead_20%_%ref%_%ref_5%_%root%_%;425.2467;484.2688
no_8x8dct%_%no_asm%_%no_deblock%_%no_weightb%_%rc_lookahead%_%rc_lookahead_20%_%ref%_%ref_5%_%root%_%;424.49;485.3355
no_8x8dct%_%no_asm%_%no_weightb%_%rc_lookahead%_%rc_lookahead_20%_%ref%_%ref_1%_%root%_%;254.7333;483.4732
no_8x8dct%_%no_asm%_%no_deblock%_%no_fast_pskip%_%no_weightb%_%rc_lookahead%_%rc_lookahead_20%_%ref%_%ref_5%_%root%_%;492.6633;485.306
no_8x8dct%_%no_asm%_%no_deblock%_%no_mixed_refs%_%no_weightb%_%rc_lookahead%_%rc_lookahead_20%_%ref%_%ref_5%_%root%_%;366.8367;485.306
no_8x8dct%_%no_asm%_%no_deblock%_%no_fast_pskip%_%no_mixed_refs%_%no_weightb%_%rc_lookahead%_%rc_lookahead_20%_%ref%_%ref_5%_%root%_%;430.6967;485.2783
no_8x8dct%_%no_asm%_%no_cabac%_%no_deblock%_%no_weightb%_%rc_lookahead%_%rc_lookahead_20%_%ref%_%ref_5%_%root%_%;417.6333;484.7498
no_8x8dct%_%no_asm%_%no_cabac%_%no_deblock%_%no_mixed_refs%_%no_weightb%_%rc_lookahead%_%rc_lookahead_20%_%ref%_%ref_5%_%root%_%;361.7033;484.7558
no_8x8dct%_%no_asm%_%no_cabac%_%no_deblock%_%no_fast_pskip%_%no_weightb%_%rc_lookahead%_%rc_lookahead_20%_%ref%_%ref_5%_%root%_%;485.35;484.7558
no_8x8dct%_%no_asm%_%no_cabac%_%no_deblock%_%no_fast_pskip%_%no_mixed_refs%_%no_weightb%_%rc_lookahead%_%rc_lookahead_20%_%ref%_%ref_5%_%root%_%;424.89;484.7615
no_8x8dct%_%no_asm%_%no_mbtree%_%rc_lookahead%_%rc_lookahead_20%_%ref%_%ref_5%_%root%_%;492.6233;486.4764
no_8x8dct%_%no_asm%_%no_fast_pskip%_%no_mbtree%_%rc_lookahead%_%rc_lookahead_20%_%ref%_%ref_5%_%root%_%;543.59;486.3778
no_8x8dct%_%no_asm%_%no_cabac%_%no_mbtree%_%rc_lookahead%_%rc_lookahead_20%_%ref%_%ref_5%_%root%_%;485.66;485.86
no_8x8dct%_%no_asm%_%no_deblock%_%no_weightb%_%rc_lookahead%_%rc_lookahead_20%_%ref%_%ref_1%_%root%_%;254.0333;484.3614
no_8x8dct%_%no_asm%_%no_cabac%_%no_fast_pskip%_%no_mbtree%_%rc_lookahead%_%rc_lookahead_20%_%ref%_%ref_5%_%root%_%;535.6267;485.7987
no_8x8dct%_%no_asm%_%no_mbtree%_%no_weightb%_%rc_lookahead%_%rc_lookahead_20%_%ref%_%ref_5%_%root%_%;492.2667;486.9298
no_8x8dct%_%no_asm%_%no_cabac%_%no_mbtree%_%no_weightb%_%rc_lookahead%_%rc_lookahead_20%_%ref%_%ref_5%_%root%_%;485.5833;486.3172
no_8x8dct%_%no_asm%_%no_fast_pskip%_%no_mbtree%_%no_weightb%_%rc_lookahead%_%rc_lookahead_20%_%ref%_%ref_5%_%root%_%;543.03;486.8037
no_8x8dct%_%no_asm%_%no_cabac%_%no_fast_pskip%_%no_mbtree%_%no_weightb%_%rc_lookahead%_%rc_lookahead_20%_%ref%_%ref_5%_%root%_%;535.6967;486.2283
no_8x8dct%_%no_asm%_%no_deblock%_%no_mbtree%_%rc_lookahead%_%rc_lookahead_20%_%ref%_%ref_5%_%root%_%;494.2567;487.5408
no_8x8dct%_%no_asm%_%no_deblock%_%no_fast_pskip%_%no_mbtree%_%rc_lookahead%_%rc_lookahead_20%_%ref%_%ref_5%_%root%_%;545.0167;487.3777
no_8x8dct%_%no_asm%_%no_deblock%_%no_mbtree%_%no_weightb%_%rc_lookahead%_%rc_lookahead_20%_%ref%_%ref_5%_%root%_%;493.9867;487.9652
no_8x8dct%_%no_asm%_%no_deblock%_%no_fast_pskip%_%no_mbtree%_%no_weightb%_%rc_lookahead%_%rc_lookahead_20%_%ref%_%ref_5%_%root%_%;544.5067;487.7764
no_8x8dct%_%no_asm%_%no_cabac%_%no_deblock%_%no_mbtree%_%rc_lookahead%_%rc_lookahead_20%_%ref%_%ref_5%_%root%_%;487.09;486.89
no_8x8dct%_%no_asm%_%no_cabac%_%no_weightb%_%rc_lookahead%_%rc_lookahead_20%_%ref%_%ref_1%_%root%_%;244.3033;483.049
no_8x8dct%_%no_asm%_%no_cabac%_%no_deblock%_%no_mbtree%_%no_weightb%_%rc_lookahead%_%rc_lookahead_20%_%ref%_%ref_5%_%root%_%;486.8167;487.3183
no_8x8dct%_%no_asm%_%no_cabac%_%no_deblock%_%no_fast_pskip%_%no_mbtree%_%rc_lookahead%_%rc_lookahead_20%_%ref%_%ref_5%_%root%_%;537.1533;486.7663
no_8x8dct%_%no_asm%_%no_cabac%_%no_deblock%_%no_fast_pskip%_%no_mbtree%_%no_weightb%_%rc_lookahead%_%rc_lookahead_20%_%ref%_%ref_5%_%root%_%;536.95;487.1687
no_8x8dct%_%no_asm%_%no_mbtree%_%no_mixed_refs%_%rc_lookahead%_%rc_lookahead_20%_%ref%_%ref_5%_%root%_%;414.8333;486.3778
no_8x8dct%_%no_asm%_%no_fast_pskip%_%no_mbtree%_%no_mixed_refs%_%rc_lookahead%_%rc_lookahead_20%_%ref%_%ref_5%_%root%_%;463.24;486.2852
no_8x8dct%_%no_asm%_%no_cabac%_%no_mbtree%_%no_mixed_refs%_%rc_lookahead%_%rc_lookahead_20%_%ref%_%ref_5%_%root%_%;408.84;485.7987
no_8x8dct%_%no_asm%_%no_cabac%_%no_fast_pskip%_%no_mbtree%_%no_mixed_refs%_%rc_lookahead%_%rc_lookahead_20%_%ref%_%ref_5%_%root%_%;456.74;485.7412
no_8x8dct%_%no_asm%_%no_deblock%_%no_mbtree%_%no_mixed_refs%_%rc_lookahead%_%rc_lookahead_20%_%ref%_%ref_5%_%root%_%;414.23;487.3777
no_8x8dct%_%no_asm%_%no_cabac%_%no_deblock%_%no_mbtree%_%no_mixed_refs%_%rc_lookahead%_%rc_lookahead_20%_%ref%_%ref_5%_%root%_%;408.07;486.7663
no_8x8dct%_%no_asm%_%no_deblock%_%no_fast_pskip%_%no_mbtree%_%no_mixed_refs%_%rc_lookahead%_%rc_lookahead_20%_%ref%_%ref_5%_%root%_%;462.6267;487.2245
no_8x8dct%_%no_asm%_%no_cabac%_%no_deblock%_%no_weightb%_%rc_lookahead%_%rc_lookahead_20%_%ref%_%ref_1%_%root%_%;244.3533;483.9001
no_8x8dct%_%no_asm%_%no_cabac%_%no_deblock%_%no_fast_pskip%_%no_mbtree%_%no_mixed_refs%_%rc_lookahead%_%rc_lookahead_20%_%ref%_%ref_5%_%root%_%;455.64;486.6502
no_8x8dct%_%no_asm%_%no_mbtree%_%no_mixed_refs%_%no_weightb%_%rc_lookahead%_%rc_lookahead_20%_%ref%_%ref_5%_%root%_%;414.7367;486.8037
no_8x8dct%_%no_asm%_%no_fast_pskip%_%no_mbtree%_%no_mixed_refs%_%no_weightb%_%rc_lookahead%_%rc_lookahead_20%_%ref%_%ref_5%_%root%_%;463.3633;486.6853
no_8x8dct%_%no_asm%_%no_deblock%_%no_mbtree%_%no_mixed_refs%_%no_weightb%_%rc_lookahead%_%rc_lookahead_20%_%ref%_%ref_5%_%root%_%;414.0333;487.7764
no_8x8dct%_%no_asm%_%no_deblock%_%no_fast_pskip%_%no_mbtree%_%no_mixed_refs%_%no_weightb%_%rc_lookahead%_%rc_lookahead_20%_%ref%_%ref_5%_%root%_%;462.4733;487.5991
no_8x8dct%_%no_asm%_%no_cabac%_%no_mbtree%_%no_mixed_refs%_%no_weightb%_%rc_lookahead%_%rc_lookahead_20%_%ref%_%ref_5%_%root%_%;408.6267;486.2283
no_8x8dct%_%no_asm%_%no_cabac%_%no_deblock%_%no_mbtree%_%no_mixed_refs%_%no_weightb%_%rc_lookahead%_%rc_lookahead_20%_%ref%_%ref_5%_%root%_%;407.7567;487.1687
no_8x8dct%_%no_asm%_%no_cabac%_%no_fast_pskip%_%no_mbtree%_%no_mixed_refs%_%no_weightb%_%rc_lookahead%_%rc_lookahead_20%_%ref%_%ref_5%_%root%_%;456.37;486.1447
no_8x8dct%_%no_asm%_%no_cabac%_%no_deblock%_%no_fast_pskip%_%no_mbtree%_%no_mixed_refs%_%no_weightb%_%rc_lookahead%_%rc_lookahead_20%_%ref%_%ref_5%_%root%_%;455.4933;487.0281
no_asm%_%rc_lookahead%_%rc_lookahead_20%_%ref%_%ref_9%_%root%_%;611.0433;482.803
no_8x8dct%_%no_asm%_%no_fast_pskip%_%no_weightb%_%rc_lookahead%_%rc_lookahead_20%_%ref%_%ref_1%_%root%_%;261.31;483.5565
no_asm%_%no_fast_pskip%_%rc_lookahead%_%rc_lookahead_20%_%ref%_%ref_9%_%root%_%;740.21;482.927
no_asm%_%no_cabac%_%rc_lookahead%_%rc_lookahead_20%_%ref%_%ref_9%_%root%_%;602.7133;482.383
no_asm%_%no_cabac%_%no_fast_pskip%_%rc_lookahead%_%rc_lookahead_20%_%ref%_%ref_9%_%root%_%;730.01;482.5324
no_asm%_%no_weightb%_%rc_lookahead%_%rc_lookahead_20%_%ref%_%ref_9%_%root%_%;610.8233;483.3845
no_asm%_%no_cabac%_%no_weightb%_%rc_lookahead%_%rc_lookahead_20%_%ref%_%ref_9%_%root%_%;601.59;482.9622
no_asm%_%no_fast_pskip%_%no_weightb%_%rc_lookahead%_%rc_lookahead_20%_%ref%_%ref_9%_%root%_%;739.9033;483.4732
no_asm%_%no_cabac%_%no_fast_pskip%_%no_weightb%_%rc_lookahead%_%rc_lookahead_20%_%ref%_%ref_9%_%root%_%;729.3;483.0765
no_asm%_%no_mixed_refs%_%rc_lookahead%_%rc_lookahead_20%_%ref%_%ref_9%_%root%_%;510.01;482.927
no_asm%_%no_fast_pskip%_%no_mixed_refs%_%rc_lookahead%_%rc_lookahead_20%_%ref%_%ref_9%_%root%_%;631.0433;483.0434
no_asm%_%no_mixed_refs%_%no_weightb%_%rc_lookahead%_%rc_lookahead_20%_%ref%_%ref_9%_%root%_%;509.5233;483.4732
no_8x8dct%_%no_asm%_%no_cabac%_%no_fast_pskip%_%no_weightb%_%rc_lookahead%_%rc_lookahead_20%_%ref%_%ref_1%_%root%_%;249.64;483.158
no_asm%_%no_fast_pskip%_%no_mixed_refs%_%no_weightb%_%rc_lookahead%_%rc_lookahead_20%_%ref%_%ref_9%_%root%_%;630.5767;483.5566
no_asm%_%no_cabac%_%no_mixed_refs%_%rc_lookahead%_%rc_lookahead_20%_%ref%_%ref_9%_%root%_%;507.2467;482.5324
no_asm%_%no_cabac%_%no_mixed_refs%_%no_weightb%_%rc_lookahead%_%rc_lookahead_20%_%ref%_%ref_9%_%root%_%;506.88;483.0765
no_asm%_%no_cabac%_%no_fast_pskip%_%no_mixed_refs%_%rc_lookahead%_%rc_lookahead_20%_%ref%_%ref_9%_%root%_%;627.0533;482.6727
no_asm%_%no_cabac%_%no_fast_pskip%_%no_mixed_refs%_%no_weightb%_%rc_lookahead%_%rc_lookahead_20%_%ref%_%ref_9%_%root%_%;627.1133;483.1839
no_asm%_%no_mbtree%_%rc_lookahead%_%rc_lookahead_20%_%ref%_%ref_9%_%root%_%;721.4867;485.4035
no_asm%_%no_fast_pskip%_%no_mbtree%_%rc_lookahead%_%rc_lookahead_20%_%ref%_%ref_9%_%root%_%;817.7933;485.3699
no_asm%_%no_cabac%_%no_mbtree%_%rc_lookahead%_%rc_lookahead_20%_%ref%_%ref_9%_%root%_%;712.7433;484.9166
no_asm%_%no_cabac%_%no_fast_pskip%_%no_mbtree%_%rc_lookahead%_%rc_lookahead_20%_%ref%_%ref_9%_%root%_%;807.3333;484.9125
no_asm%_%no_mbtree%_%no_mixed_refs%_%rc_lookahead%_%rc_lookahead_20%_%ref%_%ref_9%_%root%_%;580.7367;485.3699
no_8x8dct%_%no_asm%_%no_deblock%_%no_fast_pskip%_%no_weightb%_%rc_lookahead%_%rc_lookahead_20%_%ref%_%ref_1%_%root%_%;260.6167;484.391
no_asm%_%no_cabac%_%no_mbtree%_%no_mixed_refs%_%rc_lookahead%_%rc_lookahead_20%_%ref%_%ref_9%_%root%_%;576.54;484.9125
no_asm%_%no_fast_pskip%_%no_mbtree%_%no_mixed_refs%_%rc_lookahead%_%rc_lookahead_20%_%ref%_%ref_9%_%root%_%;672.3733;485.3384
no_asm%_%no_cabac%_%no_fast_pskip%_%no_mbtree%_%no_mixed_refs%_%rc_lookahead%_%rc_lookahead_20%_%ref%_%ref_9%_%root%_%;666.5533;484.9087
no_asm%_%no_mbtree%_%no_weightb%_%rc_lookahead%_%rc_lookahead_20%_%ref%_%ref_9%_%root%_%;721.7567;485.857
no_asm%_%no_fast_pskip%_%no_mbtree%_%no_weightb%_%rc_lookahead%_%rc_lookahead_20%_%ref%_%ref_9%_%root%_%;817.34;485.7959
no_asm%_%no_mbtree%_%no_mixed_refs%_%no_weightb%_%rc_lookahead%_%rc_lookahead_20%_%ref%_%ref_9%_%root%_%;580.73;485.7959
no_asm%_%no_fast_pskip%_%no_mbtree%_%no_mixed_refs%_%no_weightb%_%rc_lookahead%_%rc_lookahead_20%_%ref%_%ref_9%_%root%_%;672.1367;485.7386
no_asm%_%no_cabac%_%no_mbtree%_%no_weightb%_%rc_lookahead%_%rc_lookahead_20%_%ref%_%ref_9%_%root%_%;712.81;485.3701
no_asm%_%no_cabac%_%no_mbtree%_%no_mixed_refs%_%no_weightb%_%rc_lookahead%_%rc_lookahead_20%_%ref%_%ref_9%_%root%_%;576.2167;485.3385
no_asm%_%no_cabac%_%no_fast_pskip%_%no_mbtree%_%no_weightb%_%rc_lookahead%_%rc_lookahead_20%_%ref%_%ref_9%_%root%_%;807.0167;485.3385
no_asm%_%no_cabac%_%no_deblock%_%no_fast_pskip%_%rc_lookahead%_%rc_lookahead_20%_%ref%_%ref_1%_%root%_%;266.19;482.9575
no_8x8dct%_%no_asm%_%no_cabac%_%no_deblock%_%no_fast_pskip%_%no_weightb%_%rc_lookahead%_%rc_lookahead_20%_%ref%_%ref_1%_%root%_%;249.4633;483.9576
no_asm%_%no_cabac%_%no_fast_pskip%_%no_mbtree%_%no_mixed_refs%_%no_weightb%_%rc_lookahead%_%rc_lookahead_20%_%ref%_%ref_9%_%root%_%;666.25;485.3089
no_8x8dct%_%no_asm%_%rc_lookahead%_%rc_lookahead_20%_%ref%_%ref_9%_%root%_%;585.35;483.359
no_8x8dct%_%no_asm%_%no_fast_pskip%_%rc_lookahead%_%rc_lookahead_20%_%ref%_%ref_9%_%root%_%;711.2333;483.4493
no_8x8dct%_%no_asm%_%no_cabac%_%rc_lookahead%_%rc_lookahead_20%_%ref%_%ref_9%_%root%_%;579.1767;482.8741
no_8x8dct%_%no_asm%_%no_cabac%_%no_fast_pskip%_%rc_lookahead%_%rc_lookahead_20%_%ref%_%ref_9%_%root%_%;704.22;482.9938
no_8x8dct%_%no_asm%_%no_weightb%_%rc_lookahead%_%rc_lookahead_20%_%ref%_%ref_9%_%root%_%;584.82;483.9363
no_8x8dct%_%no_asm%_%no_cabac%_%no_weightb%_%rc_lookahead%_%rc_lookahead_20%_%ref%_%ref_9%_%root%_%;579.0233;483.4513
no_8x8dct%_%no_asm%_%no_fast_pskip%_%no_weightb%_%rc_lookahead%_%rc_lookahead_20%_%ref%_%ref_9%_%root%_%;711.2933;483.9916
no_8x8dct%_%no_asm%_%no_cabac%_%no_fast_pskip%_%no_weightb%_%rc_lookahead%_%rc_lookahead_20%_%ref%_%ref_9%_%root%_%;703.5;483.536
no_8x8dct%_%no_asm%_%no_mbtree%_%rc_lookahead%_%rc_lookahead_20%_%ref%_%ref_9%_%root%_%;687.39;485.8908
no_8x8dct%_%no_asm%_%no_mbtree%_%rc_lookahead%_%rc_lookahead_20%_%ref%_%ref_1%_%root%_%;287.01;485.3092
no_8x8dct%_%no_asm%_%no_fast_pskip%_%no_mbtree%_%rc_lookahead%_%rc_lookahead_20%_%ref%_%ref_9%_%root%_%;780.93;485.8277
no_8x8dct%_%no_asm%_%no_mbtree%_%no_weightb%_%rc_lookahead%_%rc_lookahead_20%_%ref%_%ref_9%_%root%_%;687.0933;486.3461
no_8x8dct%_%no_asm%_%no_fast_pskip%_%no_mbtree%_%no_weightb%_%rc_lookahead%_%rc_lookahead_20%_%ref%_%ref_9%_%root%_%;780.6567;486.2554
no_8x8dct%_%no_asm%_%no_cabac%_%no_mbtree%_%rc_lookahead%_%rc_lookahead_20%_%ref%_%ref_9%_%root%_%;680.6467;485.3412
no_8x8dct%_%no_asm%_%no_cabac%_%no_mbtree%_%no_weightb%_%rc_lookahead%_%rc_lookahead_20%_%ref%_%ref_9%_%root%_%;680.6167;485.7984
no_8x8dct%_%no_asm%_%no_cabac%_%no_fast_pskip%_%no_mbtree%_%rc_lookahead%_%rc_lookahead_20%_%ref%_%ref_9%_%root%_%;773.67;485.3114
no_8x8dct%_%no_asm%_%no_cabac%_%no_fast_pskip%_%no_mbtree%_%no_weightb%_%rc_lookahead%_%rc_lookahead_20%_%ref%_%ref_9%_%root%_%;773.2767;485.7409
no_8x8dct%_%no_asm%_%no_mixed_refs%_%rc_lookahead%_%rc_lookahead_20%_%ref%_%ref_9%_%root%_%;496.8933;483.4493
no_8x8dct%_%no_asm%_%no_fast_pskip%_%no_mixed_refs%_%rc_lookahead%_%rc_lookahead_20%_%ref%_%ref_9%_%root%_%;615.3367;483.5341
no_8x8dct%_%no_asm%_%no_cabac%_%no_mixed_refs%_%rc_lookahead%_%rc_lookahead_20%_%ref%_%ref_9%_%root%_%;491.52;482.9938
no_8x8dct%_%no_asm%_%no_deblock%_%no_mbtree%_%rc_lookahead%_%rc_lookahead_20%_%ref%_%ref_1%_%root%_%;286.2867;486.3076
no_8x8dct%_%no_asm%_%no_cabac%_%no_fast_pskip%_%no_mixed_refs%_%rc_lookahead%_%rc_lookahead_20%_%ref%_%ref_9%_%root%_%;609.33;483.1062
no_8x8dct%_%no_asm%_%no_mbtree%_%no_mixed_refs%_%rc_lookahead%_%rc_lookahead_20%_%ref%_%ref_9%_%root%_%;561.9267;485.8277
no_8x8dct%_%no_asm%_%no_cabac%_%no_mbtree%_%no_mixed_refs%_%rc_lookahead%_%rc_lookahead_20%_%ref%_%ref_9%_%root%_%;556.5133;485.3114
no_8x8dct%_%no_asm%_%no_fast_pskip%_%no_mbtree%_%no_mixed_refs%_%rc_lookahead%_%rc_lookahead_20%_%ref%_%ref_9%_%root%_%;652.4667;485.7684
no_8x8dct%_%no_asm%_%no_cabac%_%no_fast_pskip%_%no_mbtree%_%no_mixed_refs%_%rc_lookahead%_%rc_lookahead_20%_%ref%_%ref_9%_%root%_%;645.4467;485.2834
no_8x8dct%_%no_asm%_%no_mixed_refs%_%no_weightb%_%rc_lookahead%_%rc_lookahead_20%_%ref%_%ref_9%_%root%_%;496.23;483.9916
no_8x8dct%_%no_asm%_%no_fast_pskip%_%no_mixed_refs%_%no_weightb%_%rc_lookahead%_%rc_lookahead_20%_%ref%_%ref_9%_%root%_%;615.0567;484.0436
no_8x8dct%_%no_asm%_%no_mbtree%_%no_mixed_refs%_%no_weightb%_%rc_lookahead%_%rc_lookahead_20%_%ref%_%ref_9%_%root%_%;561.96;486.2554
no_8x8dct%_%no_asm%_%no_fast_pskip%_%no_mbtree%_%no_mixed_refs%_%no_weightb%_%rc_lookahead%_%rc_lookahead_20%_%ref%_%ref_9%_%root%_%;652.55;486.1702
no_8x8dct%_%no_asm%_%no_cabac%_%no_mixed_refs%_%no_weightb%_%rc_lookahead%_%rc_lookahead_20%_%ref%_%ref_9%_%root%_%;491.2367;483.536
no_8x8dct%_%no_asm%_%no_fast_pskip%_%no_mbtree%_%rc_lookahead%_%rc_lookahead_20%_%ref%_%ref_1%_%root%_%;291.6333;485.2813
no_8x8dct%_%no_asm%_%no_cabac%_%no_mbtree%_%no_mixed_refs%_%no_weightb%_%rc_lookahead%_%rc_lookahead_20%_%ref%_%ref_9%_%root%_%;556.3267;485.7409
no_8x8dct%_%no_asm%_%no_cabac%_%no_fast_pskip%_%no_mixed_refs%_%no_weightb%_%rc_lookahead%_%rc_lookahead_20%_%ref%_%ref_9%_%root%_%;608.9967;483.6156
no_8x8dct%_%no_asm%_%no_cabac%_%no_fast_pskip%_%no_mbtree%_%no_mixed_refs%_%no_weightb%_%rc_lookahead%_%rc_lookahead_20%_%ref%_%ref_9%_%root%_%;645.3767;485.6869
no_asm%_%no_deblock%_%rc_lookahead%_%rc_lookahead_20%_%ref%_%ref_9%_%root%_%;615.2867;483.7152
no_asm%_%no_deblock%_%no_fast_pskip%_%rc_lookahead%_%rc_lookahead_20%_%ref%_%ref_9%_%root%_%;743.1633;483.7839
no_asm%_%no_cabac%_%no_deblock%_%rc_lookahead%_%rc_lookahead_20%_%ref%_%ref_9%_%root%_%;605.2733;483.2575
no_asm%_%no_cabac%_%no_deblock%_%no_fast_pskip%_%rc_lookahead%_%rc_lookahead_20%_%ref%_%ref_9%_%root%_%;732.0067;483.3539
no_asm%_%no_deblock%_%no_weightb%_%rc_lookahead%_%rc_lookahead_20%_%ref%_%ref_9%_%root%_%;614.57;484.271
no_asm%_%no_cabac%_%no_deblock%_%no_weightb%_%rc_lookahead%_%rc_lookahead_20%_%ref%_%ref_9%_%root%_%;604.9167;483.8115
no_asm%_%no_deblock%_%no_fast_pskip%_%no_weightb%_%rc_lookahead%_%rc_lookahead_20%_%ref%_%ref_9%_%root%_%;743.1233;484.306
no_8x8dct%_%no_asm%_%no_deblock%_%no_fast_pskip%_%no_mbtree%_%rc_lookahead%_%rc_lookahead_20%_%ref%_%ref_1%_%root%_%;291.01;486.2192
no_asm%_%no_cabac%_%no_deblock%_%no_fast_pskip%_%no_weightb%_%rc_lookahead%_%rc_lookahead_20%_%ref%_%ref_9%_%root%_%;731.1933;483.8744
no_asm%_%no_deblock%_%no_mixed_refs%_%rc_lookahead%_%rc_lookahead_20%_%ref%_%ref_9%_%root%_%;508.71;483.7839
no_asm%_%no_deblock%_%no_fast_pskip%_%no_mixed_refs%_%rc_lookahead%_%rc_lookahead_20%_%ref%_%ref_9%_%root%_%;629.62;483.8485
no_asm%_%no_deblock%_%no_mixed_refs%_%no_weightb%_%rc_lookahead%_%rc_lookahead_20%_%ref%_%ref_9%_%root%_%;508.4233;484.306
no_asm%_%no_deblock%_%no_fast_pskip%_%no_mixed_refs%_%no_weightb%_%rc_lookahead%_%rc_lookahead_20%_%ref%_%ref_9%_%root%_%;629.39;484.3389
no_asm%_%no_cabac%_%no_deblock%_%no_mixed_refs%_%rc_lookahead%_%rc_lookahead_20%_%ref%_%ref_9%_%root%_%;506.36;483.3539
no_asm%_%no_cabac%_%no_deblock%_%no_mixed_refs%_%no_weightb%_%rc_lookahead%_%rc_lookahead_20%_%ref%_%ref_9%_%root%_%;506.2233;483.8744
no_asm%_%no_cabac%_%no_deblock%_%no_fast_pskip%_%no_mixed_refs%_%rc_lookahead%_%rc_lookahead_20%_%ref%_%ref_9%_%root%_%;625.7967;483.4445
no_asm%_%no_cabac%_%no_deblock%_%no_fast_pskip%_%no_mixed_refs%_%no_weightb%_%rc_lookahead%_%rc_lookahead_20%_%ref%_%ref_9%_%root%_%;625.71;483.9334
no_8x8dct%_%no_asm%_%no_deblock%_%rc_lookahead%_%rc_lookahead_20%_%ref%_%ref_9%_%root%_%;588.6733;484.2965
no_8x8dct%_%no_asm%_%no_mbtree%_%no_weightb%_%rc_lookahead%_%rc_lookahead_20%_%ref%_%ref_1%_%root%_%;287.06;485.7684
no_8x8dct%_%no_asm%_%no_deblock%_%no_fast_pskip%_%rc_lookahead%_%rc_lookahead_20%_%ref%_%ref_9%_%root%_%;713.6733;484.33
no_8x8dct%_%no_asm%_%no_cabac%_%no_deblock%_%rc_lookahead%_%rc_lookahead_20%_%ref%_%ref_9%_%root%_%;581.4067;483.7738
no_8x8dct%_%no_asm%_%no_cabac%_%no_deblock%_%no_fast_pskip%_%rc_lookahead%_%rc_lookahead_20%_%ref%_%ref_9%_%root%_%;705.4533;483.8389
no_8x8dct%_%no_asm%_%no_deblock%_%no_mixed_refs%_%rc_lookahead%_%rc_lookahead_20%_%ref%_%ref_9%_%root%_%;495.7233;484.33
no_8x8dct%_%no_asm%_%no_cabac%_%no_deblock%_%no_mixed_refs%_%rc_lookahead%_%rc_lookahead_20%_%ref%_%ref_9%_%root%_%;490.4733;483.8389
no_8x8dct%_%no_asm%_%no_deblock%_%no_fast_pskip%_%no_mixed_refs%_%rc_lookahead%_%rc_lookahead_20%_%ref%_%ref_9%_%root%_%;613.7633;484.3614
no_8x8dct%_%no_asm%_%no_cabac%_%no_deblock%_%no_fast_pskip%_%no_mixed_refs%_%rc_lookahead%_%rc_lookahead_20%_%ref%_%ref_9%_%root%_%;607.6267;483.9001
no_8x8dct%_%no_asm%_%no_deblock%_%no_weightb%_%rc_lookahead%_%rc_lookahead_20%_%ref%_%ref_9%_%root%_%;588.67;484.8485
no_8x8dct%_%no_asm%_%no_deblock%_%no_fast_pskip%_%no_weightb%_%rc_lookahead%_%rc_lookahead_20%_%ref%_%ref_9%_%root%_%;713.39;484.8485
no_8x8dct%_%no_asm%_%no_deblock%_%no_mixed_refs%_%no_weightb%_%rc_lookahead%_%rc_lookahead_20%_%ref%_%ref_9%_%root%_%;495.49;484.8485
no_8x8dct%_%no_asm%_%no_fast_pskip%_%no_mbtree%_%no_weightb%_%rc_lookahead%_%rc_lookahead_20%_%ref%_%ref_1%_%root%_%;291.62;485.7127
no_8x8dct%_%no_asm%_%no_deblock%_%no_fast_pskip%_%no_mixed_refs%_%no_weightb%_%rc_lookahead%_%rc_lookahead_20%_%ref%_%ref_9%_%root%_%;613.3967;484.8485
no_8x8dct%_%no_asm%_%no_cabac%_%no_deblock%_%no_weightb%_%rc_lookahead%_%rc_lookahead_20%_%ref%_%ref_9%_%root%_%;581.2433;484.326
no_8x8dct%_%no_asm%_%no_cabac%_%no_deblock%_%no_mixed_refs%_%no_weightb%_%rc_lookahead%_%rc_lookahead_20%_%ref%_%ref_9%_%root%_%;490.0433;484.3577
no_8x8dct%_%no_asm%_%no_cabac%_%no_deblock%_%no_fast_pskip%_%no_weightb%_%rc_lookahead%_%rc_lookahead_20%_%ref%_%ref_9%_%root%_%;704.8067;484.3577
no_8x8dct%_%no_asm%_%no_cabac%_%no_deblock%_%no_fast_pskip%_%no_mixed_refs%_%no_weightb%_%rc_lookahead%_%rc_lookahead_20%_%ref%_%ref_9%_%root%_%;607.3767;484.3875
no_asm%_%no_deblock%_%no_mbtree%_%rc_lookahead%_%rc_lookahead_20%_%ref%_%ref_9%_%root%_%;726.89;486.4039
no_asm%_%no_deblock%_%no_fast_pskip%_%no_mbtree%_%rc_lookahead%_%rc_lookahead_20%_%ref%_%ref_9%_%root%_%;821.52;486.3097
no_asm%_%no_cabac%_%no_deblock%_%no_mbtree%_%rc_lookahead%_%rc_lookahead_20%_%ref%_%ref_9%_%root%_%;716.0333;485.8832
no_asm%_%no_cabac%_%no_deblock%_%no_fast_pskip%_%no_mbtree%_%rc_lookahead%_%rc_lookahead_20%_%ref%_%ref_9%_%root%_%;809.9367;485.8205
no_asm%_%no_deblock%_%no_mbtree%_%no_weightb%_%rc_lookahead%_%rc_lookahead_20%_%ref%_%ref_9%_%root%_%;726.51;486.8281
no_8x8dct%_%no_asm%_%no_deblock%_%no_mbtree%_%no_weightb%_%rc_lookahead%_%rc_lookahead_20%_%ref%_%ref_1%_%root%_%;286.3967;486.7377
no_asm%_%no_cabac%_%no_deblock%_%no_mbtree%_%no_weightb%_%rc_lookahead%_%rc_lookahead_20%_%ref%_%ref_9%_%root%_%;715.9233;486.3076
no_asm%_%no_deblock%_%no_fast_pskip%_%no_mbtree%_%no_weightb%_%rc_lookahead%_%rc_lookahead_20%_%ref%_%ref_9%_%root%_%;821.9633;486.7082
no_asm%_%no_cabac%_%no_deblock%_%no_fast_pskip%_%no_mbtree%_%no_weightb%_%rc_lookahead%_%rc_lookahead_20%_%ref%_%ref_9%_%root%_%;809.57;486.2192
no_8x8dct%_%no_asm%_%no_deblock%_%no_mbtree%_%rc_lookahead%_%rc_lookahead_20%_%ref%_%ref_9%_%root%_%;690.59;486.9201
no_8x8dct%_%no_asm%_%no_deblock%_%no_fast_pskip%_%no_mbtree%_%rc_lookahead%_%rc_lookahead_20%_%ref%_%ref_9%_%root%_%;784.02;486.7947
no_8x8dct%_%no_asm%_%no_deblock%_%no_mbtree%_%no_weightb%_%rc_lookahead%_%rc_lookahead_20%_%ref%_%ref_9%_%root%_%;690.4633;487.3466
no_8x8dct%_%no_asm%_%no_deblock%_%no_fast_pskip%_%no_mbtree%_%no_weightb%_%rc_lookahead%_%rc_lookahead_20%_%ref%_%ref_9%_%root%_%;783.4933;487.1953
no_8x8dct%_%no_asm%_%no_cabac%_%no_deblock%_%no_mbtree%_%rc_lookahead%_%rc_lookahead_20%_%ref%_%ref_9%_%root%_%;683.75;486.3365
no_8x8dct%_%no_asm%_%no_cabac%_%no_deblock%_%no_mbtree%_%no_weightb%_%rc_lookahead%_%rc_lookahead_20%_%ref%_%ref_9%_%root%_%;683.42;486.7649
no_8x8dct%_%no_asm%_%no_cabac%_%no_deblock%_%no_fast_pskip%_%no_mbtree%_%rc_lookahead%_%rc_lookahead_20%_%ref%_%ref_9%_%root%_%;775.8533;486.2464
no_8x8dct%_%no_asm%_%no_deblock%_%no_fast_pskip%_%no_mbtree%_%no_weightb%_%rc_lookahead%_%rc_lookahead_20%_%ref%_%ref_1%_%root%_%;291.15;486.6233
no_8x8dct%_%no_asm%_%no_cabac%_%no_deblock%_%no_fast_pskip%_%no_mbtree%_%no_weightb%_%rc_lookahead%_%rc_lookahead_20%_%ref%_%ref_9%_%root%_%;775.8033;486.6488
no_asm%_%no_deblock%_%no_mbtree%_%no_mixed_refs%_%rc_lookahead%_%rc_lookahead_20%_%ref%_%ref_9%_%root%_%;580.5433;486.3097
no_asm%_%no_deblock%_%no_fast_pskip%_%no_mbtree%_%no_mixed_refs%_%rc_lookahead%_%rc_lookahead_20%_%ref%_%ref_9%_%root%_%;671.73;486.2212
no_asm%_%no_cabac%_%no_deblock%_%no_mbtree%_%no_mixed_refs%_%rc_lookahead%_%rc_lookahead_20%_%ref%_%ref_9%_%root%_%;575.8633;485.8205
no_asm%_%no_cabac%_%no_deblock%_%no_fast_pskip%_%no_mbtree%_%no_mixed_refs%_%rc_lookahead%_%rc_lookahead_20%_%ref%_%ref_9%_%root%_%;665.2233;485.7617
no_8x8dct%_%no_asm%_%no_deblock%_%no_mbtree%_%no_mixed_refs%_%rc_lookahead%_%rc_lookahead_20%_%ref%_%ref_9%_%root%_%;561.79;486.7947
no_8x8dct%_%no_asm%_%no_cabac%_%no_deblock%_%no_mbtree%_%no_mixed_refs%_%rc_lookahead%_%rc_lookahead_20%_%ref%_%ref_9%_%root%_%;555.58;486.2464
no_8x8dct%_%no_asm%_%no_deblock%_%no_fast_pskip%_%no_mbtree%_%no_mixed_refs%_%rc_lookahead%_%rc_lookahead_20%_%ref%_%ref_9%_%root%_%;651.7033;486.6768
no_8x8dct%_%no_asm%_%no_cabac%_%no_deblock%_%no_fast_pskip%_%no_mbtree%_%no_mixed_refs%_%rc_lookahead%_%rc_lookahead_20%_%ref%_%ref_9%_%root%_%;644.1567;486.1617
no_asm%_%no_deblock%_%no_mbtree%_%no_mixed_refs%_%no_weightb%_%rc_lookahead%_%rc_lookahead_20%_%ref%_%ref_9%_%root%_%;580.3733;486.7082
no_8x8dct%_%no_asm%_%no_cabac%_%no_mbtree%_%rc_lookahead%_%rc_lookahead_20%_%ref%_%ref_1%_%root%_%;275.9233;484.8243
no_asm%_%no_deblock%_%no_fast_pskip%_%no_mbtree%_%no_mixed_refs%_%no_weightb%_%rc_lookahead%_%rc_lookahead_20%_%ref%_%ref_9%_%root%_%;671.4;486.5956
no_8x8dct%_%no_asm%_%no_deblock%_%no_mbtree%_%no_mixed_refs%_%no_weightb%_%rc_lookahead%_%rc_lookahead_20%_%ref%_%ref_9%_%root%_%;561.3733;487.1953
no_8x8dct%_%no_asm%_%no_deblock%_%no_fast_pskip%_%no_mbtree%_%no_mixed_refs%_%no_weightb%_%rc_lookahead%_%rc_lookahead_20%_%ref%_%ref_9%_%root%_%;651.2033;487.0531
no_asm%_%no_cabac%_%no_deblock%_%no_mbtree%_%no_mixed_refs%_%no_weightb%_%rc_lookahead%_%rc_lookahead_20%_%ref%_%ref_9%_%root%_%;575.4767;486.2192
no_8x8dct%_%no_asm%_%no_cabac%_%no_deblock%_%no_mbtree%_%no_mixed_refs%_%no_weightb%_%rc_lookahead%_%rc_lookahead_20%_%ref%_%ref_9%_%root%_%;555.2033;486.6488
no_asm%_%no_cabac%_%no_deblock%_%no_fast_pskip%_%no_mbtree%_%no_mixed_refs%_%no_weightb%_%rc_lookahead%_%rc_lookahead_20%_%ref%_%ref_9%_%root%_%;665.2833;486.1362
no_8x8dct%_%no_asm%_%no_cabac%_%no_deblock%_%no_fast_pskip%_%no_mbtree%_%no_mixed_refs%_%no_weightb%_%rc_lookahead%_%rc_lookahead_20%_%ref%_%ref_9%_%root%_%;643.96;486.5397
no_asm%_%rc_lookahead%_%rc_lookahead_60%_%ref%_%ref_9%_%root%_%;613.4467;483.0434
no_asm%_%no_fast_pskip%_%rc_lookahead%_%rc_lookahead_60%_%ref%_%ref_9%_%root%_%;742.4633;483.1528
no_asm%_%no_cabac%_%rc_lookahead%_%rc_lookahead_60%_%ref%_%ref_9%_%root%_%;604.8867;482.6727
no_asm%_%no_weightb%_%rc_lookahead%_%rc_lookahead_20%_%ref%_%ref_1%_%root%_%;268.5567;482.9213
no_8x8dct%_%no_asm%_%no_cabac%_%no_deblock%_%no_mbtree%_%rc_lookahead%_%rc_lookahead_20%_%ref%_%ref_1%_%root%_%;275.3867;485.7888
no_asm%_%no_cabac%_%no_fast_pskip%_%rc_lookahead%_%rc_lookahead_60%_%ref%_%ref_9%_%root%_%;731.76;482.8046
no_asm%_%no_weightb%_%rc_lookahead%_%rc_lookahead_60%_%ref%_%ref_9%_%root%_%;613.5167;483.5566
no_asm%_%no_cabac%_%no_weightb%_%rc_lookahead%_%rc_lookahead_60%_%ref%_%ref_9%_%root%_%;604.4833;483.1839
no_asm%_%no_fast_pskip%_%no_weightb%_%rc_lookahead%_%rc_lookahead_60%_%ref%_%ref_9%_%root%_%;741.8867;483.6349
no_asm%_%no_cabac%_%no_fast_pskip%_%no_weightb%_%rc_lookahead%_%rc_lookahead_60%_%ref%_%ref_9%_%root%_%;731.41;483.2848
no_asm%_%no_mixed_refs%_%rc_lookahead%_%rc_lookahead_60%_%ref%_%ref_9%_%root%_%;511.5067;483.1528
no_asm%_%no_fast_pskip%_%no_mixed_refs%_%rc_lookahead%_%rc_lookahead_60%_%ref%_%ref_9%_%root%_%;632.9433;483.2556
no_asm%_%no_mixed_refs%_%no_weightb%_%rc_lookahead%_%rc_lookahead_60%_%ref%_%ref_9%_%root%_%;511.7333;483.6349
no_asm%_%no_fast_pskip%_%no_mixed_refs%_%no_weightb%_%rc_lookahead%_%rc_lookahead_60%_%ref%_%ref_9%_%root%_%;632.8267;483.7085
no_asm%_%no_cabac%_%no_mixed_refs%_%rc_lookahead%_%rc_lookahead_60%_%ref%_%ref_9%_%root%_%;509.8933;482.8046
no_8x8dct%_%no_asm%_%no_cabac%_%no_mbtree%_%no_weightb%_%rc_lookahead%_%rc_lookahead_20%_%ref%_%ref_1%_%root%_%;275.9267;485.2834
no_asm%_%no_cabac%_%no_mixed_refs%_%no_weightb%_%rc_lookahead%_%rc_lookahead_60%_%ref%_%ref_9%_%root%_%;509.4733;483.2848
no_asm%_%no_cabac%_%no_fast_pskip%_%no_mixed_refs%_%rc_lookahead%_%rc_lookahead_60%_%ref%_%ref_9%_%root%_%;629.3367;482.9285
no_asm%_%no_cabac%_%no_fast_pskip%_%no_mixed_refs%_%no_weightb%_%rc_lookahead%_%rc_lookahead_60%_%ref%_%ref_9%_%root%_%;629.3967;483.3796
no_asm%_%no_mbtree%_%rc_lookahead%_%rc_lookahead_60%_%ref%_%ref_9%_%root%_%;721.8733;485.3384
no_asm%_%no_fast_pskip%_%no_mbtree%_%rc_lookahead%_%rc_lookahead_60%_%ref%_%ref_9%_%root%_%;817.99;485.3087
no_asm%_%no_cabac%_%no_mbtree%_%rc_lookahead%_%rc_lookahead_60%_%ref%_%ref_9%_%root%_%;712.87;484.9087
no_asm%_%no_cabac%_%no_fast_pskip%_%no_mbtree%_%rc_lookahead%_%rc_lookahead_60%_%ref%_%ref_9%_%root%_%;807.4367;484.9051
no_asm%_%no_mbtree%_%no_mixed_refs%_%rc_lookahead%_%rc_lookahead_60%_%ref%_%ref_9%_%root%_%;580.74;485.3087
no_asm%_%no_cabac%_%no_mbtree%_%no_mixed_refs%_%rc_lookahead%_%rc_lookahead_60%_%ref%_%ref_9%_%root%_%;576.48;484.9051
no_asm%_%no_fast_pskip%_%no_mbtree%_%no_mixed_refs%_%rc_lookahead%_%rc_lookahead_60%_%ref%_%ref_9%_%root%_%;672.6;485.2809
no_8x8dct%_%no_asm%_%no_cabac%_%no_deblock%_%no_mbtree%_%no_weightb%_%rc_lookahead%_%rc_lookahead_20%_%ref%_%ref_1%_%root%_%;275.4333;486.219
no_asm%_%no_cabac%_%no_fast_pskip%_%no_mbtree%_%no_mixed_refs%_%rc_lookahead%_%rc_lookahead_60%_%ref%_%ref_9%_%root%_%;666.6867;484.9017
no_asm%_%no_mbtree%_%no_weightb%_%rc_lookahead%_%rc_lookahead_60%_%ref%_%ref_9%_%root%_%;721.8667;485.7386
no_asm%_%no_fast_pskip%_%no_mbtree%_%no_weightb%_%rc_lookahead%_%rc_lookahead_60%_%ref%_%ref_9%_%root%_%;817.3533;485.6847
no_asm%_%no_mbtree%_%no_mixed_refs%_%no_weightb%_%rc_lookahead%_%rc_lookahead_60%_%ref%_%ref_9%_%root%_%;580.6067;485.6847
no_asm%_%no_fast_pskip%_%no_mbtree%_%no_mixed_refs%_%no_weightb%_%rc_lookahead%_%rc_lookahead_60%_%ref%_%ref_9%_%root%_%;672.2067;485.634
no_asm%_%no_cabac%_%no_mbtree%_%no_weightb%_%rc_lookahead%_%rc_lookahead_60%_%ref%_%ref_9%_%root%_%;712.7267;485.3089
no_asm%_%no_cabac%_%no_mbtree%_%no_mixed_refs%_%no_weightb%_%rc_lookahead%_%rc_lookahead_60%_%ref%_%ref_9%_%root%_%;576.2467;485.281
no_asm%_%no_cabac%_%no_fast_pskip%_%no_mbtree%_%no_weightb%_%rc_lookahead%_%rc_lookahead_60%_%ref%_%ref_9%_%root%_%;806.9233;485.281
no_asm%_%no_cabac%_%no_fast_pskip%_%no_mbtree%_%no_mixed_refs%_%no_weightb%_%rc_lookahead%_%rc_lookahead_60%_%ref%_%ref_9%_%root%_%;666.33;485.2548
no_asm%_%no_deblock%_%rc_lookahead%_%rc_lookahead_60%_%ref%_%ref_9%_%root%_%;617.42;483.8485
no_8x8dct%_%no_asm%_%no_cabac%_%no_fast_pskip%_%no_mbtree%_%rc_lookahead%_%rc_lookahead_20%_%ref%_%ref_1%_%root%_%;279.79;484.8258
no_asm%_%no_deblock%_%no_fast_pskip%_%rc_lookahead%_%rc_lookahead_60%_%ref%_%ref_9%_%root%_%;745.5967;483.9091
no_asm%_%no_cabac%_%no_deblock%_%rc_lookahead%_%rc_lookahead_60%_%ref%_%ref_9%_%root%_%;607.9267;483.4445
no_asm%_%no_cabac%_%no_deblock%_%no_fast_pskip%_%rc_lookahead%_%rc_lookahead_60%_%ref%_%ref_9%_%root%_%;734.21;483.5296
no_asm%_%no_deblock%_%no_weightb%_%rc_lookahead%_%rc_lookahead_60%_%ref%_%ref_9%_%root%_%;616.96;484.3389
no_asm%_%no_cabac%_%no_deblock%_%no_weightb%_%rc_lookahead%_%rc_lookahead_60%_%ref%_%ref_9%_%root%_%;607.7;483.9334
no_asm%_%no_deblock%_%no_fast_pskip%_%no_weightb%_%rc_lookahead%_%rc_lookahead_60%_%ref%_%ref_9%_%root%_%;745.4433;484.3698
no_asm%_%no_cabac%_%no_deblock%_%no_fast_pskip%_%no_weightb%_%rc_lookahead%_%rc_lookahead_60%_%ref%_%ref_9%_%root%_%;733.7633;483.9889
no_asm%_%no_deblock%_%no_mbtree%_%rc_lookahead%_%rc_lookahead_60%_%ref%_%ref_9%_%root%_%;726.9167;486.2212
no_asm%_%no_deblock%_%no_fast_pskip%_%no_mbtree%_%rc_lookahead%_%rc_lookahead_60%_%ref%_%ref_9%_%root%_%;821.76;486.138
no_asm%_%no_deblock%_%no_mbtree%_%no_weightb%_%rc_lookahead%_%rc_lookahead_60%_%ref%_%ref_9%_%root%_%;726.6;486.5956
no_8x8dct%_%no_asm%_%no_cabac%_%no_fast_pskip%_%no_mbtree%_%no_weightb%_%rc_lookahead%_%rc_lookahead_20%_%ref%_%ref_1%_%root%_%;279.7767;485.257
no_asm%_%no_deblock%_%no_fast_pskip%_%no_mbtree%_%no_weightb%_%rc_lookahead%_%rc_lookahead_60%_%ref%_%ref_9%_%root%_%;821.51;486.4898
no_asm%_%no_cabac%_%no_deblock%_%no_mbtree%_%rc_lookahead%_%rc_lookahead_60%_%ref%_%ref_9%_%root%_%;715.8267;485.7617
no_asm%_%no_cabac%_%no_deblock%_%no_mbtree%_%no_weightb%_%rc_lookahead%_%rc_lookahead_60%_%ref%_%ref_9%_%root%_%;715.7467;486.1362
no_asm%_%no_cabac%_%no_deblock%_%no_fast_pskip%_%no_mbtree%_%rc_lookahead%_%rc_lookahead_60%_%ref%_%ref_9%_%root%_%;809.8067;485.7064
no_asm%_%no_cabac%_%no_deblock%_%no_fast_pskip%_%no_mbtree%_%no_weightb%_%rc_lookahead%_%rc_lookahead_60%_%ref%_%ref_9%_%root%_%;809.53;486.0582
no_asm%_%no_deblock%_%no_mixed_refs%_%rc_lookahead%_%rc_lookahead_60%_%ref%_%ref_9%_%root%_%;510.8367;483.9091
no_asm%_%no_deblock%_%no_fast_pskip%_%no_mixed_refs%_%rc_lookahead%_%rc_lookahead_60%_%ref%_%ref_9%_%root%_%;631.7367;483.966
no_asm%_%no_cabac%_%no_deblock%_%no_mixed_refs%_%rc_lookahead%_%rc_lookahead_60%_%ref%_%ref_9%_%root%_%;508.7667;483.5296
no_asm%_%no_cabac%_%no_deblock%_%no_fast_pskip%_%no_mixed_refs%_%rc_lookahead%_%rc_lookahead_60%_%ref%_%ref_9%_%root%_%;628.15;483.6096
no_asm%_%no_deblock%_%no_mbtree%_%no_mixed_refs%_%rc_lookahead%_%rc_lookahead_60%_%ref%_%ref_9%_%root%_%;580.4767;486.138
no_8x8dct%_%no_asm%_%no_cabac%_%no_deblock%_%no_fast_pskip%_%no_mbtree%_%rc_lookahead%_%rc_lookahead_20%_%ref%_%ref_1%_%root%_%;279.15;485.7319
no_asm%_%no_cabac%_%no_deblock%_%no_mbtree%_%no_mixed_refs%_%rc_lookahead%_%rc_lookahead_60%_%ref%_%ref_9%_%root%_%;575.6633;485.7064
no_asm%_%no_deblock%_%no_fast_pskip%_%no_mbtree%_%no_mixed_refs%_%rc_lookahead%_%rc_lookahead_60%_%ref%_%ref_9%_%root%_%;671.7467;486.0599
no_asm%_%no_cabac%_%no_deblock%_%no_fast_pskip%_%no_mbtree%_%no_mixed_refs%_%rc_lookahead%_%rc_lookahead_60%_%ref%_%ref_9%_%root%_%;665.2;485.6544
no_asm%_%no_deblock%_%no_mixed_refs%_%no_weightb%_%rc_lookahead%_%rc_lookahead_60%_%ref%_%ref_9%_%root%_%;510.89;484.3698
no_asm%_%no_deblock%_%no_fast_pskip%_%no_mixed_refs%_%no_weightb%_%rc_lookahead%_%rc_lookahead_60%_%ref%_%ref_9%_%root%_%;631.5833;484.3988
no_asm%_%no_deblock%_%no_mbtree%_%no_mixed_refs%_%no_weightb%_%rc_lookahead%_%rc_lookahead_60%_%ref%_%ref_9%_%root%_%;580.41;486.4898
no_asm%_%no_deblock%_%no_fast_pskip%_%no_mbtree%_%no_mixed_refs%_%no_weightb%_%rc_lookahead%_%rc_lookahead_60%_%ref%_%ref_9%_%root%_%;671.55;486.3904
no_asm%_%no_cabac%_%no_deblock%_%no_mixed_refs%_%no_weightb%_%rc_lookahead%_%rc_lookahead_60%_%ref%_%ref_9%_%root%_%;508.6067;483.9889
no_asm%_%no_cabac%_%no_deblock%_%no_mbtree%_%no_mixed_refs%_%no_weightb%_%rc_lookahead%_%rc_lookahead_60%_%ref%_%ref_9%_%root%_%;575.5533;486.0582
no_asm%_%no_cabac%_%no_deblock%_%no_fast_pskip%_%no_mixed_refs%_%no_weightb%_%rc_lookahead%_%rc_lookahead_60%_%ref%_%ref_9%_%root%_%;627.8133;484.041
no_8x8dct%_%no_asm%_%no_cabac%_%no_deblock%_%no_fast_pskip%_%no_mbtree%_%no_weightb%_%rc_lookahead%_%rc_lookahead_20%_%ref%_%ref_1%_%root%_%;279.15;486.136
no_asm%_%no_cabac%_%no_deblock%_%no_fast_pskip%_%no_mbtree%_%no_mixed_refs%_%no_weightb%_%rc_lookahead%_%rc_lookahead_60%_%ref%_%ref_9%_%root%_%;665.1667;485.985
no_8x8dct%_%no_asm%_%rc_lookahead%_%rc_lookahead_60%_%ref%_%ref_9%_%root%_%;588.54;483.5341
no_8x8dct%_%no_asm%_%no_fast_pskip%_%rc_lookahead%_%rc_lookahead_60%_%ref%_%ref_9%_%root%_%;713.5767;483.6137
no_8x8dct%_%no_asm%_%no_cabac%_%rc_lookahead%_%rc_lookahead_60%_%ref%_%ref_9%_%root%_%;581.8133;483.1062
no_8x8dct%_%no_asm%_%no_cabac%_%no_fast_pskip%_%rc_lookahead%_%rc_lookahead_60%_%ref%_%ref_9%_%root%_%;706.2467;483.2118
no_8x8dct%_%no_asm%_%no_weightb%_%rc_lookahead%_%rc_lookahead_60%_%ref%_%ref_9%_%root%_%;588.2;484.0436
no_8x8dct%_%no_asm%_%no_cabac%_%no_weightb%_%rc_lookahead%_%rc_lookahead_60%_%ref%_%ref_9%_%root%_%;581.7167;483.6156
no_8x8dct%_%no_asm%_%no_fast_pskip%_%no_weightb%_%rc_lookahead%_%rc_lookahead_60%_%ref%_%ref_9%_%root%_%;712.9533;484.0924
no_8x8dct%_%no_asm%_%no_cabac%_%no_fast_pskip%_%no_weightb%_%rc_lookahead%_%rc_lookahead_60%_%ref%_%ref_9%_%root%_%;706.0633;483.6903
no_8x8dct%_%no_asm%_%no_mixed_refs%_%rc_lookahead%_%rc_lookahead_60%_%ref%_%ref_9%_%root%_%;499.27;483.6137
no_8x8dct%_%no_asm%_%no_mixed_refs%_%rc_lookahead%_%rc_lookahead_20%_%ref%_%ref_1%_%root%_%;254.82;483.0156
no_8x8dct%_%no_asm%_%no_fast_pskip%_%no_mixed_refs%_%rc_lookahead%_%rc_lookahead_60%_%ref%_%ref_9%_%root%_%;617.2067;483.6886
no_8x8dct%_%no_asm%_%no_mixed_refs%_%no_weightb%_%rc_lookahead%_%rc_lookahead_60%_%ref%_%ref_9%_%root%_%;498.8267;484.0924
no_8x8dct%_%no_asm%_%no_fast_pskip%_%no_mixed_refs%_%no_weightb%_%rc_lookahead%_%rc_lookahead_60%_%ref%_%ref_9%_%root%_%;616.97;484.1382
no_8x8dct%_%no_asm%_%no_cabac%_%no_mixed_refs%_%rc_lookahead%_%rc_lookahead_60%_%ref%_%ref_9%_%root%_%;493.96;483.2118
no_8x8dct%_%no_asm%_%no_cabac%_%no_mixed_refs%_%no_weightb%_%rc_lookahead%_%rc_lookahead_60%_%ref%_%ref_9%_%root%_%;493.5433;483.6903
no_8x8dct%_%no_asm%_%no_cabac%_%no_fast_pskip%_%no_mixed_refs%_%rc_lookahead%_%rc_lookahead_60%_%ref%_%ref_9%_%root%_%;611.6;483.311
no_8x8dct%_%no_asm%_%no_cabac%_%no_fast_pskip%_%no_mixed_refs%_%no_weightb%_%rc_lookahead%_%rc_lookahead_60%_%ref%_%ref_9%_%root%_%;611.4333;483.7605
no_8x8dct%_%no_asm%_%no_deblock%_%rc_lookahead%_%rc_lookahead_60%_%ref%_%ref_9%_%root%_%;590.55;484.3614
no_8x8dct%_%no_asm%_%no_deblock%_%no_fast_pskip%_%rc_lookahead%_%rc_lookahead_60%_%ref%_%ref_9%_%root%_%;715.7367;484.391
no_8x8dct%_%no_asm%_%no_cabac%_%no_deblock%_%rc_lookahead%_%rc_lookahead_60%_%ref%_%ref_9%_%root%_%;584.9767;483.9001
no_8x8dct%_%no_asm%_%no_deblock%_%no_mixed_refs%_%rc_lookahead%_%rc_lookahead_20%_%ref%_%ref_1%_%root%_%;254.11;483.8744
no_8x8dct%_%no_asm%_%no_cabac%_%no_deblock%_%no_fast_pskip%_%rc_lookahead%_%rc_lookahead_60%_%ref%_%ref_9%_%root%_%;707.5967;483.9576
no_8x8dct%_%no_asm%_%no_deblock%_%no_mixed_refs%_%rc_lookahead%_%rc_lookahead_60%_%ref%_%ref_9%_%root%_%;497.8033;484.391
no_8x8dct%_%no_asm%_%no_cabac%_%no_deblock%_%no_mixed_refs%_%rc_lookahead%_%rc_lookahead_60%_%ref%_%ref_9%_%root%_%;493.0067;483.9576
no_8x8dct%_%no_asm%_%no_deblock%_%no_fast_pskip%_%no_mixed_refs%_%rc_lookahead%_%rc_lookahead_60%_%ref%_%ref_9%_%root%_%;615.9;484.4187
no_8x8dct%_%no_asm%_%no_cabac%_%no_deblock%_%no_fast_pskip%_%no_mixed_refs%_%rc_lookahead%_%rc_lookahead_60%_%ref%_%ref_9%_%root%_%;609.8867;484.0116
no_8x8dct%_%no_asm%_%no_deblock%_%no_weightb%_%rc_lookahead%_%rc_lookahead_60%_%ref%_%ref_9%_%root%_%;590.8367;484.8485
no_8x8dct%_%no_asm%_%no_deblock%_%no_fast_pskip%_%no_weightb%_%rc_lookahead%_%rc_lookahead_60%_%ref%_%ref_9%_%root%_%;715.5833;484.8486
no_8x8dct%_%no_asm%_%no_deblock%_%no_mixed_refs%_%no_weightb%_%rc_lookahead%_%rc_lookahead_60%_%ref%_%ref_9%_%root%_%;497.37;484.8486
no_8x8dct%_%no_asm%_%no_deblock%_%no_fast_pskip%_%no_mixed_refs%_%no_weightb%_%rc_lookahead%_%rc_lookahead_60%_%ref%_%ref_9%_%root%_%;616.1333;484.8486
no_8x8dct%_%no_asm%_%no_cabac%_%no_deblock%_%no_weightb%_%rc_lookahead%_%rc_lookahead_60%_%ref%_%ref_9%_%root%_%;583.8467;484.3875
no_8x8dct%_%no_asm%_%no_fast_pskip%_%no_mixed_refs%_%rc_lookahead%_%rc_lookahead_20%_%ref%_%ref_1%_%root%_%;261.2033;483.1267
no_8x8dct%_%no_asm%_%no_cabac%_%no_deblock%_%no_mixed_refs%_%no_weightb%_%rc_lookahead%_%rc_lookahead_60%_%ref%_%ref_9%_%root%_%;492.4267;484.4154
no_8x8dct%_%no_asm%_%no_cabac%_%no_deblock%_%no_fast_pskip%_%no_weightb%_%rc_lookahead%_%rc_lookahead_60%_%ref%_%ref_9%_%root%_%;707.4933;484.4154
no_8x8dct%_%no_asm%_%no_cabac%_%no_deblock%_%no_fast_pskip%_%no_mixed_refs%_%no_weightb%_%rc_lookahead%_%rc_lookahead_60%_%ref%_%ref_9%_%root%_%;609.6967;484.4417
no_8x8dct%_%no_asm%_%no_mbtree%_%rc_lookahead%_%rc_lookahead_60%_%ref%_%ref_9%_%root%_%;687.4733;485.7684
no_8x8dct%_%no_asm%_%no_fast_pskip%_%no_mbtree%_%rc_lookahead%_%rc_lookahead_60%_%ref%_%ref_9%_%root%_%;781.1633;485.7127
no_8x8dct%_%no_asm%_%no_cabac%_%no_mbtree%_%rc_lookahead%_%rc_lookahead_60%_%ref%_%ref_9%_%root%_%;680.5633;485.2834
no_8x8dct%_%no_asm%_%no_cabac%_%no_fast_pskip%_%no_mbtree%_%rc_lookahead%_%rc_lookahead_60%_%ref%_%ref_9%_%root%_%;773.4367;485.257
no_8x8dct%_%no_asm%_%no_mbtree%_%no_weightb%_%rc_lookahead%_%rc_lookahead_60%_%ref%_%ref_9%_%root%_%;687.0333;486.1702
no_8x8dct%_%no_asm%_%no_cabac%_%no_mbtree%_%no_weightb%_%rc_lookahead%_%rc_lookahead_60%_%ref%_%ref_9%_%root%_%;680.7267;485.6869
no_8x8dct%_%no_asm%_%no_fast_pskip%_%no_mbtree%_%no_weightb%_%rc_lookahead%_%rc_lookahead_60%_%ref%_%ref_9%_%root%_%;780.79;486.0902
