Current machine learning settings: epsilon:0 lossFunction:RELATIVE parallelization:True bagging:False baggingNumbers:3 considerEpsilonTube:False baggingTestDataFraction:50 useBackward:False abortError:1 limitFeatureSize:False featureSizeTreshold:4 quadraticFunctionSupport:True crossValidation:False crossValidation-k:5 learn-logFunction:False learn-accumulatedLogFunction:False learn-asymFunction:False learn-ratioFunction:False learn-mirrowedFunction:False learn-numeric-disabled:True numberOfRounds:70 backwardErrorDelta:1 minImprovementPerRound:0.1 withHierarchy:False bruteForceCandidates:False ignoreBadFeatures:False stopOnLongRound:True candidateSizePenalty:True learnTimeLimit:00:00:00 scoreMeasure:RELERROR outputRoundsToStdout:False debug:False pythonInfluenceAnalysis:False blacklisted: 
command: solver z3
command: vm /scratch/kallistos/Distance-Based_Data/SupplementaryWebsite/MeasuredPerformanceValues/LLVM/FeatureModel.xml
Warning: Variability model contains outdated notation. Children nodes will no longer have effect on the model. Instead use the parent node to describe the parent of an configuration option. You can also use the converter providedby the Variability Model GUI in export>convert legacy model.
command: all /scratch/kallistos/Distance-Based_Data/SupplementaryWebsite/MeasuredPerformanceValues/LLVM/measurements.xml
Configs with too large deviation: 0
1024 configurations loaded.
command: nfp Performance
command: setsampleset /scratch/kallistos/Distance-Based_Data/Results/LLVM/LLVM_5/sampledConfigurations_henard_t3.csv
command: learn-splconqueror-opt abortError=[1] minImprovementPerRound=[0.1,0.2,0.5] lossFunction=[RELATIVE] quadraticFunctionSupport=[True,False] learn_logFunction=[True,False] learn_asymFunction=[True,False] learn_ratioFunction=[True,False] withHierarchy=[False] useBackward=[False]
Learning: NumberOfConfigurationsLearning:175 NumberOfConfigurationsValidation:175
Learning progress:
1;214.991388888889 * time_passes + 25.4866503267975 * gvn;3.49079366280381;3.49079366280381;3.49079366280381;3.49079366280381;0.003533;2;25.4866503267975 * gvn;1;1.8131021697001;
2;209.214154600025 * time_passes + 24.9202548082812 * gvn + 15.4059581036384 * instcombine;2.78069665904302;2.78069665904302;2.78069665904302;2.78069665904302;0.012203;3;15.4059581036384 * instcombine;1;0.710097003760785;
3;205.343001889758 * time_passes + 24.6971977470345 * gvn + 15.0892274273439 * instcombine + 8.44925657056389 * inline;1.62448880867862;1.62448880867862;1.62448880867862;1.62448880867862;0.025483;4;8.44925657056389 * inline;1;1.15620785036441;
4;207.296226090931 * time_passes + 24.3637854730394 * gvn + 13.561074025037 * instcombine + 8.23353946141677 * inline + -4.00163560483446 * ipsccp;1.405809661308;1.405809661308;1.405809661308;1.405809661308;0.044951;5;-4.00163560483446 * ipsccp;1;0.218679147370619;
5;207.861078196289 * time_passes + 24.3138543667725 * gvn + 13.4771845658636 * instcombine + 8.35651859425097 * inline + -4.30045239254896 * ipsccp + -1.11602626834377 * print_used_types;1.32931463193617;1.32931463193617;1.32931463193617;1.32931463193617;0.07172;6;-1.11602626834377 * print_used_types;1;0.0764950293718321;
Elapsed=00:00:00.0722167
Learning progress:
1;215.531666666667 * time_passes + 24.3705392156865 * gvn;3.52837892305061;3.52837892305061;3.52837892305061;3.52837892305061;0.003865;2;24.3705392156865 * gvn;1;2.19574573357397;
2;209.768479310345 * time_passes + 24.4673995073892 * gvn + 14.8196246305418 * instcombine;2.08622328275479;2.08622328275479;2.08622328275479;2.08622328275479;0.012366;3;14.8196246305418 * instcombine;1;1.44215564029582;
3;205.300284440754 * time_passes + 24.0712454239764 * gvn + 15.0594330371182 * instcombine + 9.54531500686061 * inline;1.31016190657774;1.31016190657774;1.31016190657774;1.31016190657774;0.025317;4;9.54531500686061 * inline;1;0.776061376177044;
4;206.027003083291 * time_passes + 22.5442050598988 * gvn + 15.0204299844801 * instcombine + 7.99284055871699 * inline + 3.18294375500858 * inline * gvn;1.21855471749112;1.21855471749112;1.21855471749112;1.21855471749112;0.045299;6;3.18294375500858 * inline * gvn;2;0.0458035945433138;
Elapsed=00:00:00.0457522
Learning progress:
1;215.172222222223 * time_passes + 24.5999843505477 * gvn;3.71589326311519;3.71589326311519;3.71589326311519;3.71589326311519;0.003924;2;24.5999843505477 * gvn;1;2.03819270828628;
2;209.883054686231 * time_passes + 24.9545820614115 * gvn + 14.5981023993364 * instcombine;2.0838549815456;2.0838549815456;2.0838549815456;2.0838549815456;0.012254;3;14.5981023993364 * instcombine;1;1.63203828156959;
3;205.204546090436 * time_passes + 24.3994300336383 * gvn + 14.9379464013603 * instcombine + 9.82253103310199 * inline;1.37898030416771;1.37898030416771;1.37898030416771;1.37898030416771;0.02612;4;9.82253103310199 * inline;1;0.704874677377891;
4;204.419718618798 * time_passes + 24.357140624896 * gvn + 15.1637599094768 * instcombine + 9.8770265774181 * inline + 1.50851291683797 * jump_threading;1.30669923698443;1.30669923698443;1.30669923698443;1.30669923698443;0.046767;5;1.50851291683797 * jump_threading;1;0.0722810671832745;
Elapsed=00:00:00.0473242
Learning progress:
1;216.334333333334 * time_passes + 23.2646190476191 * gvn;4.056880811105;4.056880811105;4.056880811105;4.056880811105;0.00385;2;23.2646190476191 * gvn;1;2.81706237286325;
2;210.389658784333 * time_passes + 24.0572423208193 * gvn + 13.8709072810013 * instcombine;2.39744900143461;2.39744900143461;2.39744900143461;2.39744900143461;0.012297;3;13.8709072810013 * instcombine;1;1.65943180967039;
3;205.594761578604 * time_passes + 24.0883780169602 * gvn + 14.4157819634702 * instcombine + 9.12275896934109 * inline;1.01750880092803;1.01750880092803;1.01750880092803;1.01750880092803;0.025129;4;9.12275896934109 * inline;1;1.37994020050658;
4;205.331139428412 * time_passes + 24.0738277817748 * gvn + 14.427169669899 * instcombine + 9.16901257922386 * inline + 0.532033644345763 * sccp;0.989813616262263;0.989813616262263;0.989813616262263;0.989813616262263;0.044804;5;0.532033644345763 * sccp;1;0.0276951846657676;
Elapsed=00:00:00.0452291
Learning progress:
1;215.631050228311 * time_passes + 23.3069099706946 * gvn;3.73766364366929;3.73766364366929;3.73766364366929;3.73766364366929;0.004488;2;23.3069099706946 * gvn;1;2.66509664610632;
2;209.996005640015 * time_passes + 23.2745618387296 * gvn + 15.8214713440621 * instcombine;2.72438428309195;2.72438428309195;2.72438428309195;2.72438428309195;0.012596;3;15.8214713440621 * instcombine;1;1.01327936057734;
3;205.594323279095 * time_passes + 23.6460953114073 * gvn + 15.5518347735063 * instcombine + 8.64035166267441 * inline;1.57399660054429;1.57399660054429;1.57399660054429;1.57399660054429;0.026302;4;8.64035166267441 * inline;1;1.15038768254766;
4;207.040946461845 * time_passes + 23.7366915573263 * gvn + 14.111865431153 * instcombine + 8.68537634013805 * inline + -3.67764353595779 * ipsccp;1.36824410182193;1.36824410182193;1.36824410182193;1.36824410182193;0.047543;5;-3.67764353595779 * ipsccp;1;0.205752498722357;
5;206.180914095404 * time_passes + 23.7488976351937 * gvn + 16.7232559774269 * instcombine + 10.560879722727 * inline + -3.83018670359492 * ipsccp + -5.24889998616026 * inline * instcombine;1.17834402881726;1.17834402881726;1.17834402881726;1.17834402881726;0.07433;7;-5.24889998616026 * inline * instcombine;2;0.0949500365023362;
Elapsed=00:00:00.0748231
Learning progress:
1;214.991388888889 * time_passes + 25.4866503267975 * gvn;3.49079366280381;3.49079366280381;3.49079366280381;3.49079366280381;0.004357;2;25.4866503267975 * gvn;1;1.8131021697001;
2;209.214154600025 * time_passes + 24.9202548082812 * gvn + 15.4059581036384 * instcombine;2.78069665904302;2.78069665904302;2.78069665904302;2.78069665904302;0.013275;3;15.4059581036384 * instcombine;1;0.710097003760785;
3;205.343001889758 * time_passes + 24.6971977470345 * gvn + 15.0892274273439 * instcombine + 8.44925657056389 * inline;1.62448880867862;1.62448880867862;1.62448880867862;1.62448880867862;0.025757;4;8.44925657056389 * inline;1;1.15620785036441;
4;207.296226090931 * time_passes + 24.3637854730394 * gvn + 13.561074025037 * instcombine + 8.23353946141677 * inline + -4.00163560483446 * ipsccp;1.405809661308;1.405809661308;1.405809661308;1.405809661308;0.045989;5;-4.00163560483446 * ipsccp;1;0.218679147370619;
5;207.861078196289 * time_passes + 24.3138543667725 * gvn + 13.4771845658636 * instcombine + 8.35651859425097 * inline + -4.30045239254896 * ipsccp + -1.11602626834377 * print_used_types;1.32931463193617;1.32931463193617;1.32931463193617;1.32931463193617;0.072272;6;-1.11602626834377 * print_used_types;1;0.0764950293718321;
Elapsed=00:00:00.0727511
Learning progress:
1;215.531666666667 * time_passes + 24.3705392156865 * gvn;3.52837892305061;3.52837892305061;3.52837892305061;3.52837892305061;0.00449;2;24.3705392156865 * gvn;1;2.19574573357397;
2;209.768479310345 * time_passes + 24.4673995073892 * gvn + 14.8196246305418 * instcombine;2.08622328275479;2.08622328275479;2.08622328275479;2.08622328275479;0.013023;3;14.8196246305418 * instcombine;1;1.44215564029582;
3;205.300284440754 * time_passes + 24.0712454239764 * gvn + 15.0594330371182 * instcombine + 9.54531500686061 * inline;1.31016190657774;1.31016190657774;1.31016190657774;1.31016190657774;0.026842;4;9.54531500686061 * inline;1;0.776061376177044;
4;206.027003083291 * time_passes + 22.5442050598988 * gvn + 15.0204299844801 * instcombine + 7.99284055871699 * inline + 3.18294375500858 * inline * gvn;1.21855471749112;1.21855471749112;1.21855471749112;1.21855471749112;0.046842;6;3.18294375500858 * inline * gvn;2;0.0458035945433138;
Elapsed=00:00:00.0473543
Learning progress:
1;215.172222222223 * time_passes + 24.5999843505477 * gvn;3.71589326311519;3.71589326311519;3.71589326311519;3.71589326311519;0.005324;2;24.5999843505477 * gvn;1;2.03819270828628;
2;209.883054686231 * time_passes + 24.9545820614115 * gvn + 14.5981023993364 * instcombine;2.0838549815456;2.0838549815456;2.0838549815456;2.0838549815456;0.013835;3;14.5981023993364 * instcombine;1;1.63203828156959;
3;205.204546090436 * time_passes + 24.3994300336383 * gvn + 14.9379464013603 * instcombine + 9.82253103310199 * inline;1.37898030416771;1.37898030416771;1.37898030416771;1.37898030416771;0.027296;4;9.82253103310199 * inline;1;0.704874677377891;
4;204.419718618798 * time_passes + 24.357140624896 * gvn + 15.1637599094768 * instcombine + 9.8770265774181 * inline + 1.50851291683797 * jump_threading;1.30669923698443;1.30669923698443;1.30669923698443;1.30669923698443;0.047463;5;1.50851291683797 * jump_threading;1;0.0722810671832745;
Elapsed=00:00:00.0479682
Learning progress:
1;216.334333333334 * time_passes + 23.2646190476191 * gvn;4.056880811105;4.056880811105;4.056880811105;4.056880811105;0.004407;2;23.2646190476191 * gvn;1;2.81706237286325;
2;210.389658784333 * time_passes + 24.0572423208193 * gvn + 13.8709072810013 * instcombine;2.39744900143461;2.39744900143461;2.39744900143461;2.39744900143461;0.012739;3;13.8709072810013 * instcombine;1;1.65943180967039;
3;205.594761578604 * time_passes + 24.0883780169602 * gvn + 14.4157819634702 * instcombine + 9.12275896934109 * inline;1.01750880092803;1.01750880092803;1.01750880092803;1.01750880092803;0.026199;4;9.12275896934109 * inline;1;1.37994020050658;
4;205.331139428412 * time_passes + 24.0738277817748 * gvn + 14.427169669899 * instcombine + 9.16901257922386 * inline + 0.532033644345763 * sccp;0.989813616262263;0.989813616262263;0.989813616262263;0.989813616262263;0.046578;5;0.532033644345763 * sccp;1;0.0276951846657676;
Elapsed=00:00:00.0470029
Learning progress:
1;215.631050228311 * time_passes + 23.3069099706946 * gvn;3.73766364366929;3.73766364366929;3.73766364366929;3.73766364366929;0.003638;2;23.3069099706946 * gvn;1;2.66509664610632;
2;209.996005640015 * time_passes + 23.2745618387296 * gvn + 15.8214713440621 * instcombine;2.72438428309195;2.72438428309195;2.72438428309195;2.72438428309195;0.012484;3;15.8214713440621 * instcombine;1;1.01327936057734;
3;205.594323279095 * time_passes + 23.6460953114073 * gvn + 15.5518347735063 * instcombine + 8.64035166267441 * inline;1.57399660054429;1.57399660054429;1.57399660054429;1.57399660054429;0.026034;4;8.64035166267441 * inline;1;1.15038768254766;
4;207.040946461845 * time_passes + 23.7366915573263 * gvn + 14.111865431153 * instcombine + 8.68537634013805 * inline + -3.67764353595779 * ipsccp;1.36824410182193;1.36824410182193;1.36824410182193;1.36824410182193;0.046876;5;-3.67764353595779 * ipsccp;1;0.205752498722357;
5;206.180914095404 * time_passes + 23.7488976351937 * gvn + 16.7232559774269 * instcombine + 10.560879722727 * inline + -3.83018670359492 * ipsccp + -5.24889998616026 * inline * instcombine;1.17834402881726;1.17834402881726;1.17834402881726;1.17834402881726;0.075455;7;-5.24889998616026 * inline * instcombine;2;0.0949500365023362;
Elapsed=00:00:00.0759615
Learning progress:
1;214.991388888889 * time_passes + 25.4866503267975 * gvn;3.49079366280381;3.49079366280381;3.49079366280381;3.49079366280381;0.004669;2;25.4866503267975 * gvn;1;1.8131021697001;
2;209.214154600025 * time_passes + 24.9202548082812 * gvn + 15.4059581036384 * instcombine;2.78069665904302;2.78069665904302;2.78069665904302;2.78069665904302;0.012697;3;15.4059581036384 * instcombine;1;0.710097003760785;
3;205.343001889758 * time_passes + 24.6971977470345 * gvn + 15.0892274273439 * instcombine + 8.44925657056389 * inline;1.62448880867862;1.62448880867862;1.62448880867862;1.62448880867862;0.0266;4;8.44925657056389 * inline;1;1.15620785036441;
4;207.296226090931 * time_passes + 24.3637854730394 * gvn + 13.561074025037 * instcombine + 8.23353946141677 * inline + -4.00163560483446 * ipsccp;1.405809661308;1.405809661308;1.405809661308;1.405809661308;0.047314;5;-4.00163560483446 * ipsccp;1;0.218679147370619;
Elapsed=00:00:00.0477308
Learning progress:
1;215.531666666667 * time_passes + 24.3705392156865 * gvn;3.52837892305061;3.52837892305061;3.52837892305061;3.52837892305061;0.004595;2;24.3705392156865 * gvn;1;2.19574573357397;
2;209.768479310345 * time_passes + 24.4673995073892 * gvn + 14.8196246305418 * instcombine;2.08622328275479;2.08622328275479;2.08622328275479;2.08622328275479;0.012777;3;14.8196246305418 * instcombine;1;1.44215564029582;
3;205.300284440754 * time_passes + 24.0712454239764 * gvn + 15.0594330371182 * instcombine + 9.54531500686061 * inline;1.31016190657774;1.31016190657774;1.31016190657774;1.31016190657774;0.026489;4;9.54531500686061 * inline;1;0.776061376177044;
4;206.027003083291 * time_passes + 22.5442050598988 * gvn + 15.0204299844801 * instcombine + 7.99284055871699 * inline + 3.18294375500858 * inline * gvn;1.21855471749112;1.21855471749112;1.21855471749112;1.21855471749112;0.046417;6;3.18294375500858 * inline * gvn;2;0.0458035945433138;
Elapsed=00:00:00.0468574
Learning progress:
1;215.172222222223 * time_passes + 24.5999843505477 * gvn;3.71589326311519;3.71589326311519;3.71589326311519;3.71589326311519;0.00513;2;24.5999843505477 * gvn;1;2.03819270828628;
2;209.883054686231 * time_passes + 24.9545820614115 * gvn + 14.5981023993364 * instcombine;2.0838549815456;2.0838549815456;2.0838549815456;2.0838549815456;0.013005;3;14.5981023993364 * instcombine;1;1.63203828156959;
3;205.204546090436 * time_passes + 24.3994300336383 * gvn + 14.9379464013603 * instcombine + 9.82253103310199 * inline;1.37898030416771;1.37898030416771;1.37898030416771;1.37898030416771;0.026364;4;9.82253103310199 * inline;1;0.704874677377891;
4;204.419718618798 * time_passes + 24.357140624896 * gvn + 15.1637599094768 * instcombine + 9.8770265774181 * inline + 1.50851291683797 * jump_threading;1.30669923698443;1.30669923698443;1.30669923698443;1.30669923698443;0.047481;5;1.50851291683797 * jump_threading;1;0.0722810671832745;
Elapsed=00:00:00.0479627
Learning progress:
1;216.334333333334 * time_passes + 23.2646190476191 * gvn;4.056880811105;4.056880811105;4.056880811105;4.056880811105;0.003274;2;23.2646190476191 * gvn;1;2.81706237286325;
2;210.389658784333 * time_passes + 24.0572423208193 * gvn + 13.8709072810013 * instcombine;2.39744900143461;2.39744900143461;2.39744900143461;2.39744900143461;0.011518;3;13.8709072810013 * instcombine;1;1.65943180967039;
3;205.594761578604 * time_passes + 24.0883780169602 * gvn + 14.4157819634702 * instcombine + 9.12275896934109 * inline;1.01750880092803;1.01750880092803;1.01750880092803;1.01750880092803;0.025009;4;9.12275896934109 * inline;1;1.37994020050658;
4;205.331139428412 * time_passes + 24.0738277817748 * gvn + 14.427169669899 * instcombine + 9.16901257922386 * inline + 0.532033644345763 * sccp;0.989813616262263;0.989813616262263;0.989813616262263;0.989813616262263;0.045358;5;0.532033644345763 * sccp;1;0.0276951846657676;
Elapsed=00:00:00.0458487
Learning progress:
1;215.631050228311 * time_passes + 23.3069099706946 * gvn;3.73766364366929;3.73766364366929;3.73766364366929;3.73766364366929;0.003837;2;23.3069099706946 * gvn;1;2.66509664610632;
2;209.996005640015 * time_passes + 23.2745618387296 * gvn + 15.8214713440621 * instcombine;2.72438428309195;2.72438428309195;2.72438428309195;2.72438428309195;0.011682;3;15.8214713440621 * instcombine;1;1.01327936057734;
3;205.594323279095 * time_passes + 23.6460953114073 * gvn + 15.5518347735063 * instcombine + 8.64035166267441 * inline;1.57399660054429;1.57399660054429;1.57399660054429;1.57399660054429;0.026037;4;8.64035166267441 * inline;1;1.15038768254766;
4;207.040946461845 * time_passes + 23.7366915573263 * gvn + 14.111865431153 * instcombine + 8.68537634013805 * inline + -3.67764353595779 * ipsccp;1.36824410182193;1.36824410182193;1.36824410182193;1.36824410182193;0.04726;5;-3.67764353595779 * ipsccp;1;0.205752498722357;
Elapsed=00:00:00.0477638
Learning progress:
1;214.991388888889 * time_passes + 25.4866503267975 * gvn;3.49079366280381;3.49079366280381;3.49079366280381;3.49079366280381;0.003812;2;25.4866503267975 * gvn;1;1.8131021697001;
2;209.214154600025 * time_passes + 24.9202548082812 * gvn + 15.4059581036384 * instcombine;2.78069665904302;2.78069665904302;2.78069665904302;2.78069665904302;0.012865;3;15.4059581036384 * instcombine;1;0.710097003760785;
3;205.343001889758 * time_passes + 24.6971977470345 * gvn + 15.0892274273439 * instcombine + 8.44925657056389 * inline;1.62448880867862;1.62448880867862;1.62448880867862;1.62448880867862;0.025952;4;8.44925657056389 * inline;1;1.15620785036441;
4;207.296226090931 * time_passes + 24.3637854730394 * gvn + 13.561074025037 * instcombine + 8.23353946141677 * inline + -4.00163560483446 * ipsccp;1.405809661308;1.405809661308;1.405809661308;1.405809661308;0.046381;5;-4.00163560483446 * ipsccp;1;0.218679147370619;
5;207.861078196289 * time_passes + 24.3138543667725 * gvn + 13.4771845658636 * instcombine + 8.35651859425097 * inline + -4.30045239254896 * ipsccp + -1.11602626834377 * print_used_types;1.32931463193617;1.32931463193617;1.32931463193617;1.32931463193617;0.074318;6;-1.11602626834377 * print_used_types;1;0.0764950293718321;
Elapsed=00:00:00.0748141
Learning progress:
1;215.531666666667 * time_passes + 24.3705392156865 * gvn;3.52837892305061;3.52837892305061;3.52837892305061;3.52837892305061;0.004004;2;24.3705392156865 * gvn;1;2.19574573357397;
2;209.768479310345 * time_passes + 24.4673995073892 * gvn + 14.8196246305418 * instcombine;2.08622328275479;2.08622328275479;2.08622328275479;2.08622328275479;0.013391;3;14.8196246305418 * instcombine;1;1.44215564029582;
3;205.300284440754 * time_passes + 24.0712454239764 * gvn + 15.0594330371182 * instcombine + 9.54531500686061 * inline;1.31016190657774;1.31016190657774;1.31016190657774;1.31016190657774;0.027295;4;9.54531500686061 * inline;1;0.776061376177044;
4;206.027003083291 * time_passes + 22.5442050598988 * gvn + 15.0204299844801 * instcombine + 7.99284055871699 * inline + 3.18294375500858 * inline * gvn;1.21855471749112;1.21855471749112;1.21855471749112;1.21855471749112;0.047391;6;3.18294375500858 * inline * gvn;2;0.0458035945433138;
Elapsed=00:00:00.0478335
Learning progress:
1;215.172222222223 * time_passes + 24.5999843505477 * gvn;3.71589326311519;3.71589326311519;3.71589326311519;3.71589326311519;0.00448;2;24.5999843505477 * gvn;1;2.03819270828628;
2;209.883054686231 * time_passes + 24.9545820614115 * gvn + 14.5981023993364 * instcombine;2.0838549815456;2.0838549815456;2.0838549815456;2.0838549815456;0.01247;3;14.5981023993364 * instcombine;1;1.63203828156959;
3;205.204546090436 * time_passes + 24.3994300336383 * gvn + 14.9379464013603 * instcombine + 9.82253103310199 * inline;1.37898030416771;1.37898030416771;1.37898030416771;1.37898030416771;0.025568;4;9.82253103310199 * inline;1;0.704874677377891;
4;204.419718618798 * time_passes + 24.357140624896 * gvn + 15.1637599094768 * instcombine + 9.8770265774181 * inline + 1.50851291683797 * jump_threading;1.30669923698443;1.30669923698443;1.30669923698443;1.30669923698443;0.046068;5;1.50851291683797 * jump_threading;1;0.0722810671832745;
Elapsed=00:00:00.0465376
Learning progress:
1;216.334333333334 * time_passes + 23.2646190476191 * gvn;4.056880811105;4.056880811105;4.056880811105;4.056880811105;0.005638;2;23.2646190476191 * gvn;1;2.81706237286325;
2;210.389658784333 * time_passes + 24.0572423208193 * gvn + 13.8709072810013 * instcombine;2.39744900143461;2.39744900143461;2.39744900143461;2.39744900143461;0.013696;3;13.8709072810013 * instcombine;1;1.65943180967039;
3;205.594761578604 * time_passes + 24.0883780169602 * gvn + 14.4157819634702 * instcombine + 9.12275896934109 * inline;1.01750880092803;1.01750880092803;1.01750880092803;1.01750880092803;0.027251;4;9.12275896934109 * inline;1;1.37994020050658;
4;205.331139428412 * time_passes + 24.0738277817748 * gvn + 14.427169669899 * instcombine + 9.16901257922386 * inline + 0.532033644345763 * sccp;0.989813616262263;0.989813616262263;0.989813616262263;0.989813616262263;0.046804;5;0.532033644345763 * sccp;1;0.0276951846657676;
Elapsed=00:00:00.0472281
Learning progress:
1;215.631050228311 * time_passes + 23.3069099706946 * gvn;3.73766364366929;3.73766364366929;3.73766364366929;3.73766364366929;0.003439;2;23.3069099706946 * gvn;1;2.66509664610632;
2;209.996005640015 * time_passes + 23.2745618387296 * gvn + 15.8214713440621 * instcombine;2.72438428309195;2.72438428309195;2.72438428309195;2.72438428309195;0.011924;3;15.8214713440621 * instcombine;1;1.01327936057734;
3;205.594323279095 * time_passes + 23.6460953114073 * gvn + 15.5518347735063 * instcombine + 8.64035166267441 * inline;1.57399660054429;1.57399660054429;1.57399660054429;1.57399660054429;0.02583;4;8.64035166267441 * inline;1;1.15038768254766;
4;207.040946461845 * time_passes + 23.7366915573263 * gvn + 14.111865431153 * instcombine + 8.68537634013805 * inline + -3.67764353595779 * ipsccp;1.36824410182193;1.36824410182193;1.36824410182193;1.36824410182193;0.046835;5;-3.67764353595779 * ipsccp;1;0.205752498722357;
5;206.180914095404 * time_passes + 23.7488976351937 * gvn + 16.7232559774269 * instcombine + 10.560879722727 * inline + -3.83018670359492 * ipsccp + -5.24889998616026 * inline * instcombine;1.17834402881726;1.17834402881726;1.17834402881726;1.17834402881726;0.073856;7;-5.24889998616026 * inline * instcombine;2;0.0949500365023362;
Elapsed=00:00:00.0743281
Learning progress:
1;214.991388888889 * time_passes + 25.4866503267975 * gvn;3.49079366280381;3.49079366280381;3.49079366280381;3.49079366280381;0.003664;2;25.4866503267975 * gvn;1;1.8131021697001;
2;209.214154600025 * time_passes + 24.9202548082812 * gvn + 15.4059581036384 * instcombine;2.78069665904302;2.78069665904302;2.78069665904302;2.78069665904302;0.012397;3;15.4059581036384 * instcombine;1;0.710097003760785;
3;205.343001889758 * time_passes + 24.6971977470345 * gvn + 15.0892274273439 * instcombine + 8.44925657056389 * inline;1.62448880867862;1.62448880867862;1.62448880867862;1.62448880867862;0.025505;4;8.44925657056389 * inline;1;1.15620785036441;
4;207.296226090931 * time_passes + 24.3637854730394 * gvn + 13.561074025037 * instcombine + 8.23353946141677 * inline + -4.00163560483446 * ipsccp;1.405809661308;1.405809661308;1.405809661308;1.405809661308;0.045105;5;-4.00163560483446 * ipsccp;1;0.218679147370619;
5;207.861078196289 * time_passes + 24.3138543667725 * gvn + 13.4771845658636 * instcombine + 8.35651859425097 * inline + -4.30045239254896 * ipsccp + -1.11602626834377 * print_used_types;1.32931463193617;1.32931463193617;1.32931463193617;1.32931463193617;0.072235;6;-1.11602626834377 * print_used_types;1;0.0764950293718321;
Elapsed=00:00:00.0727242
Learning progress:
1;215.531666666667 * time_passes + 24.3705392156865 * gvn;3.52837892305061;3.52837892305061;3.52837892305061;3.52837892305061;0.005087;2;24.3705392156865 * gvn;1;2.19574573357397;
2;209.768479310345 * time_passes + 24.4673995073892 * gvn + 14.8196246305418 * instcombine;2.08622328275479;2.08622328275479;2.08622328275479;2.08622328275479;0.012844;3;14.8196246305418 * instcombine;1;1.44215564029582;
3;205.300284440754 * time_passes + 24.0712454239764 * gvn + 15.0594330371182 * instcombine + 9.54531500686061 * inline;1.31016190657774;1.31016190657774;1.31016190657774;1.31016190657774;0.027096;4;9.54531500686061 * inline;1;0.776061376177044;
4;206.027003083291 * time_passes + 22.5442050598988 * gvn + 15.0204299844801 * instcombine + 7.99284055871699 * inline + 3.18294375500858 * inline * gvn;1.21855471749112;1.21855471749112;1.21855471749112;1.21855471749112;0.047423;6;3.18294375500858 * inline * gvn;2;0.0458035945433138;
Elapsed=00:00:00.0478657
Learning progress:
1;215.172222222223 * time_passes + 24.5999843505477 * gvn;3.71589326311519;3.71589326311519;3.71589326311519;3.71589326311519;0.004448;2;24.5999843505477 * gvn;1;2.03819270828628;
2;209.883054686231 * time_passes + 24.9545820614115 * gvn + 14.5981023993364 * instcombine;2.0838549815456;2.0838549815456;2.0838549815456;2.0838549815456;0.012405;3;14.5981023993364 * instcombine;1;1.63203828156959;
3;205.204546090436 * time_passes + 24.3994300336383 * gvn + 14.9379464013603 * instcombine + 9.82253103310199 * inline;1.37898030416771;1.37898030416771;1.37898030416771;1.37898030416771;0.026219;4;9.82253103310199 * inline;1;0.704874677377891;
4;204.419718618798 * time_passes + 24.357140624896 * gvn + 15.1637599094768 * instcombine + 9.8770265774181 * inline + 1.50851291683797 * jump_threading;1.30669923698443;1.30669923698443;1.30669923698443;1.30669923698443;0.046991;5;1.50851291683797 * jump_threading;1;0.0722810671832745;
Elapsed=00:00:00.0474570
Learning progress:
1;216.334333333334 * time_passes + 23.2646190476191 * gvn;4.056880811105;4.056880811105;4.056880811105;4.056880811105;0.003885;2;23.2646190476191 * gvn;1;2.81706237286325;
2;210.389658784333 * time_passes + 24.0572423208193 * gvn + 13.8709072810013 * instcombine;2.39744900143461;2.39744900143461;2.39744900143461;2.39744900143461;0.012566;3;13.8709072810013 * instcombine;1;1.65943180967039;
3;205.594761578604 * time_passes + 24.0883780169602 * gvn + 14.4157819634702 * instcombine + 9.12275896934109 * inline;1.01750880092803;1.01750880092803;1.01750880092803;1.01750880092803;0.025302;4;9.12275896934109 * inline;1;1.37994020050658;
4;205.331139428412 * time_passes + 24.0738277817748 * gvn + 14.427169669899 * instcombine + 9.16901257922386 * inline + 0.532033644345763 * sccp;0.989813616262263;0.989813616262263;0.989813616262263;0.989813616262263;0.046044;5;0.532033644345763 * sccp;1;0.0276951846657676;
Elapsed=00:00:00.0464700
Learning progress:
1;215.631050228311 * time_passes + 23.3069099706946 * gvn;3.73766364366929;3.73766364366929;3.73766364366929;3.73766364366929;0.003834;2;23.3069099706946 * gvn;1;2.66509664610632;
2;209.996005640015 * time_passes + 23.2745618387296 * gvn + 15.8214713440621 * instcombine;2.72438428309195;2.72438428309195;2.72438428309195;2.72438428309195;0.012845;3;15.8214713440621 * instcombine;1;1.01327936057734;
3;205.594323279095 * time_passes + 23.6460953114073 * gvn + 15.5518347735063 * instcombine + 8.64035166267441 * inline;1.57399660054429;1.57399660054429;1.57399660054429;1.57399660054429;0.025744;4;8.64035166267441 * inline;1;1.15038768254766;
4;207.040946461845 * time_passes + 23.7366915573263 * gvn + 14.111865431153 * instcombine + 8.68537634013805 * inline + -3.67764353595779 * ipsccp;1.36824410182193;1.36824410182193;1.36824410182193;1.36824410182193;0.046931;5;-3.67764353595779 * ipsccp;1;0.205752498722357;
5;206.180914095404 * time_passes + 23.7488976351937 * gvn + 16.7232559774269 * instcombine + 10.560879722727 * inline + -3.83018670359492 * ipsccp + -5.24889998616026 * inline * instcombine;1.17834402881726;1.17834402881726;1.17834402881726;1.17834402881726;0.073081;7;-5.24889998616026 * inline * instcombine;2;0.0949500365023362;
Elapsed=00:00:00.0736200
Learning progress:
1;214.991388888889 * time_passes + 25.4866503267975 * gvn;3.49079366280381;3.49079366280381;3.49079366280381;3.49079366280381;0.004524;2;25.4866503267975 * gvn;1;1.8131021697001;
2;209.214154600025 * time_passes + 24.9202548082812 * gvn + 15.4059581036384 * instcombine;2.78069665904302;2.78069665904302;2.78069665904302;2.78069665904302;0.012435;3;15.4059581036384 * instcombine;1;0.710097003760785;
3;205.343001889758 * time_passes + 24.6971977470345 * gvn + 15.0892274273439 * instcombine + 8.44925657056389 * inline;1.62448880867862;1.62448880867862;1.62448880867862;1.62448880867862;0.026446;4;8.44925657056389 * inline;1;1.15620785036441;
4;207.296226090931 * time_passes + 24.3637854730394 * gvn + 13.561074025037 * instcombine + 8.23353946141677 * inline + -4.00163560483446 * ipsccp;1.405809661308;1.405809661308;1.405809661308;1.405809661308;0.046725;5;-4.00163560483446 * ipsccp;1;0.218679147370619;
Elapsed=00:00:00.0471471
Learning progress:
1;215.531666666667 * time_passes + 24.3705392156865 * gvn;3.52837892305061;3.52837892305061;3.52837892305061;3.52837892305061;0.004752;2;24.3705392156865 * gvn;1;2.19574573357397;
2;209.768479310345 * time_passes + 24.4673995073892 * gvn + 14.8196246305418 * instcombine;2.08622328275479;2.08622328275479;2.08622328275479;2.08622328275479;0.012644;3;14.8196246305418 * instcombine;1;1.44215564029582;
3;205.300284440754 * time_passes + 24.0712454239764 * gvn + 15.0594330371182 * instcombine + 9.54531500686061 * inline;1.31016190657774;1.31016190657774;1.31016190657774;1.31016190657774;0.02674;4;9.54531500686061 * inline;1;0.776061376177044;
4;206.027003083291 * time_passes + 22.5442050598988 * gvn + 15.0204299844801 * instcombine + 7.99284055871699 * inline + 3.18294375500858 * inline * gvn;1.21855471749112;1.21855471749112;1.21855471749112;1.21855471749112;0.04772;6;3.18294375500858 * inline * gvn;2;0.0458035945433138;
Elapsed=00:00:00.0481603
Learning progress:
1;215.172222222223 * time_passes + 24.5999843505477 * gvn;3.71589326311519;3.71589326311519;3.71589326311519;3.71589326311519;0.003931;2;24.5999843505477 * gvn;1;2.03819270828628;
2;209.883054686231 * time_passes + 24.9545820614115 * gvn + 14.5981023993364 * instcombine;2.0838549815456;2.0838549815456;2.0838549815456;2.0838549815456;0.012033;3;14.5981023993364 * instcombine;1;1.63203828156959;
3;205.204546090436 * time_passes + 24.3994300336383 * gvn + 14.9379464013603 * instcombine + 9.82253103310199 * inline;1.37898030416771;1.37898030416771;1.37898030416771;1.37898030416771;0.02573;4;9.82253103310199 * inline;1;0.704874677377891;
4;204.419718618798 * time_passes + 24.357140624896 * gvn + 15.1637599094768 * instcombine + 9.8770265774181 * inline + 1.50851291683797 * jump_threading;1.30669923698443;1.30669923698443;1.30669923698443;1.30669923698443;0.046619;5;1.50851291683797 * jump_threading;1;0.0722810671832745;
Elapsed=00:00:00.0470831
Learning progress:
1;216.334333333334 * time_passes + 23.2646190476191 * gvn;4.056880811105;4.056880811105;4.056880811105;4.056880811105;0.004356;2;23.2646190476191 * gvn;1;2.81706237286325;
2;210.389658784333 * time_passes + 24.0572423208193 * gvn + 13.8709072810013 * instcombine;2.39744900143461;2.39744900143461;2.39744900143461;2.39744900143461;0.012677;3;13.8709072810013 * instcombine;1;1.65943180967039;
3;205.594761578604 * time_passes + 24.0883780169602 * gvn + 14.4157819634702 * instcombine + 9.12275896934109 * inline;1.01750880092803;1.01750880092803;1.01750880092803;1.01750880092803;0.025645;4;9.12275896934109 * inline;1;1.37994020050658;
4;205.331139428412 * time_passes + 24.0738277817748 * gvn + 14.427169669899 * instcombine + 9.16901257922386 * inline + 0.532033644345763 * sccp;0.989813616262263;0.989813616262263;0.989813616262263;0.989813616262263;0.04597;5;0.532033644345763 * sccp;1;0.0276951846657676;
Elapsed=00:00:00.0463920
Learning progress:
1;215.631050228311 * time_passes + 23.3069099706946 * gvn;3.73766364366929;3.73766364366929;3.73766364366929;3.73766364366929;0.00447;2;23.3069099706946 * gvn;1;2.66509664610632;
2;209.996005640015 * time_passes + 23.2745618387296 * gvn + 15.8214713440621 * instcombine;2.72438428309195;2.72438428309195;2.72438428309195;2.72438428309195;0.013904;3;15.8214713440621 * instcombine;1;1.01327936057734;
3;205.594323279095 * time_passes + 23.6460953114073 * gvn + 15.5518347735063 * instcombine + 8.64035166267441 * inline;1.57399660054429;1.57399660054429;1.57399660054429;1.57399660054429;0.027129;4;8.64035166267441 * inline;1;1.15038768254766;
4;207.040946461845 * time_passes + 23.7366915573263 * gvn + 14.111865431153 * instcombine + 8.68537634013805 * inline + -3.67764353595779 * ipsccp;1.36824410182193;1.36824410182193;1.36824410182193;1.36824410182193;0.047619;5;-3.67764353595779 * ipsccp;1;0.205752498722357;
Elapsed=00:00:00.0480533
Learning progress:
1;214.991388888889 * time_passes + 25.4866503267975 * gvn;3.49079366280381;3.49079366280381;3.49079366280381;3.49079366280381;0.003961;2;25.4866503267975 * gvn;1;1.8131021697001;
2;209.214154600025 * time_passes + 24.9202548082812 * gvn + 15.4059581036384 * instcombine;2.78069665904302;2.78069665904302;2.78069665904302;2.78069665904302;0.013062;3;15.4059581036384 * instcombine;1;0.710097003760785;
3;205.343001889758 * time_passes + 24.6971977470345 * gvn + 15.0892274273439 * instcombine + 8.44925657056389 * inline;1.62448880867862;1.62448880867862;1.62448880867862;1.62448880867862;0.025766;4;8.44925657056389 * inline;1;1.15620785036441;
4;207.296226090931 * time_passes + 24.3637854730394 * gvn + 13.561074025037 * instcombine + 8.23353946141677 * inline + -4.00163560483446 * ipsccp;1.405809661308;1.405809661308;1.405809661308;1.405809661308;0.046366;5;-4.00163560483446 * ipsccp;1;0.218679147370619;
5;207.861078196289 * time_passes + 24.3138543667725 * gvn + 13.4771845658636 * instcombine + 8.35651859425097 * inline + -4.30045239254896 * ipsccp + -1.11602626834377 * print_used_types;1.32931463193617;1.32931463193617;1.32931463193617;1.32931463193617;0.073155;6;-1.11602626834377 * print_used_types;1;0.0764950293718321;
Elapsed=00:00:00.0736560
Learning progress:
1;215.531666666667 * time_passes + 24.3705392156865 * gvn;3.52837892305061;3.52837892305061;3.52837892305061;3.52837892305061;0.004567;2;24.3705392156865 * gvn;1;2.19574573357397;
2;209.768479310345 * time_passes + 24.4673995073892 * gvn + 14.8196246305418 * instcombine;2.08622328275479;2.08622328275479;2.08622328275479;2.08622328275479;0.012786;3;14.8196246305418 * instcombine;1;1.44215564029582;
3;205.300284440754 * time_passes + 24.0712454239764 * gvn + 15.0594330371182 * instcombine + 9.54531500686061 * inline;1.31016190657774;1.31016190657774;1.31016190657774;1.31016190657774;0.027355;4;9.54531500686061 * inline;1;0.776061376177044;
4;206.027003083291 * time_passes + 22.5442050598988 * gvn + 15.0204299844801 * instcombine + 7.99284055871699 * inline + 3.18294375500858 * inline * gvn;1.21855471749112;1.21855471749112;1.21855471749112;1.21855471749112;0.047565;6;3.18294375500858 * inline * gvn;2;0.0458035945433138;
Elapsed=00:00:00.0480065
Learning progress:
1;215.172222222223 * time_passes + 24.5999843505477 * gvn;3.71589326311519;3.71589326311519;3.71589326311519;3.71589326311519;0.004728;2;24.5999843505477 * gvn;1;2.03819270828628;
2;209.883054686231 * time_passes + 24.9545820614115 * gvn + 14.5981023993364 * instcombine;2.0838549815456;2.0838549815456;2.0838549815456;2.0838549815456;0.013103;3;14.5981023993364 * instcombine;1;1.63203828156959;
3;205.204546090436 * time_passes + 24.3994300336383 * gvn + 14.9379464013603 * instcombine + 9.82253103310199 * inline;1.37898030416771;1.37898030416771;1.37898030416771;1.37898030416771;0.026547;4;9.82253103310199 * inline;1;0.704874677377891;
4;204.419718618798 * time_passes + 24.357140624896 * gvn + 15.1637599094768 * instcombine + 9.8770265774181 * inline + 1.50851291683797 * jump_threading;1.30669923698443;1.30669923698443;1.30669923698443;1.30669923698443;0.047002;5;1.50851291683797 * jump_threading;1;0.0722810671832745;
Elapsed=00:00:00.0474890
Learning progress:
1;216.334333333334 * time_passes + 23.2646190476191 * gvn;4.056880811105;4.056880811105;4.056880811105;4.056880811105;0.003808;2;23.2646190476191 * gvn;1;2.81706237286325;
2;210.389658784333 * time_passes + 24.0572423208193 * gvn + 13.8709072810013 * instcombine;2.39744900143461;2.39744900143461;2.39744900143461;2.39744900143461;0.011787;3;13.8709072810013 * instcombine;1;1.65943180967039;
3;205.594761578604 * time_passes + 24.0883780169602 * gvn + 14.4157819634702 * instcombine + 9.12275896934109 * inline;1.01750880092803;1.01750880092803;1.01750880092803;1.01750880092803;0.025418;4;9.12275896934109 * inline;1;1.37994020050658;
4;205.331139428412 * time_passes + 24.0738277817748 * gvn + 14.427169669899 * instcombine + 9.16901257922386 * inline + 0.532033644345763 * sccp;0.989813616262263;0.989813616262263;0.989813616262263;0.989813616262263;0.045578;5;0.532033644345763 * sccp;1;0.0276951846657676;
Elapsed=00:00:00.0459980
Learning progress:
1;215.631050228311 * time_passes + 23.3069099706946 * gvn;3.73766364366929;3.73766364366929;3.73766364366929;3.73766364366929;0.003822;2;23.3069099706946 * gvn;1;2.66509664610632;
2;209.996005640015 * time_passes + 23.2745618387296 * gvn + 15.8214713440621 * instcombine;2.72438428309195;2.72438428309195;2.72438428309195;2.72438428309195;0.01223;3;15.8214713440621 * instcombine;1;1.01327936057734;
3;205.594323279095 * time_passes + 23.6460953114073 * gvn + 15.5518347735063 * instcombine + 8.64035166267441 * inline;1.57399660054429;1.57399660054429;1.57399660054429;1.57399660054429;0.026732;4;8.64035166267441 * inline;1;1.15038768254766;
4;207.040946461845 * time_passes + 23.7366915573263 * gvn + 14.111865431153 * instcombine + 8.68537634013805 * inline + -3.67764353595779 * ipsccp;1.36824410182193;1.36824410182193;1.36824410182193;1.36824410182193;0.047442;5;-3.67764353595779 * ipsccp;1;0.205752498722357;
5;206.180914095404 * time_passes + 23.7488976351937 * gvn + 16.7232559774269 * instcombine + 10.560879722727 * inline + -3.83018670359492 * ipsccp + -5.24889998616026 * inline * instcombine;1.17834402881726;1.17834402881726;1.17834402881726;1.17834402881726;0.07509;7;-5.24889998616026 * inline * instcombine;2;0.0949500365023362;
Elapsed=00:00:00.0755644
Learning progress:
1;214.991388888889 * time_passes + 25.4866503267975 * gvn;3.49079366280381;3.49079366280381;3.49079366280381;3.49079366280381;0.003989;2;25.4866503267975 * gvn;1;1.8131021697001;
2;209.214154600025 * time_passes + 24.9202548082812 * gvn + 15.4059581036384 * instcombine;2.78069665904302;2.78069665904302;2.78069665904302;2.78069665904302;0.012605;3;15.4059581036384 * instcombine;1;0.710097003760785;
3;205.343001889758 * time_passes + 24.6971977470345 * gvn + 15.0892274273439 * instcombine + 8.44925657056389 * inline;1.62448880867862;1.62448880867862;1.62448880867862;1.62448880867862;0.025915;4;8.44925657056389 * inline;1;1.15620785036441;
4;207.296226090931 * time_passes + 24.3637854730394 * gvn + 13.561074025037 * instcombine + 8.23353946141677 * inline + -4.00163560483446 * ipsccp;1.405809661308;1.405809661308;1.405809661308;1.405809661308;0.045906;5;-4.00163560483446 * ipsccp;1;0.218679147370619;
5;207.861078196289 * time_passes + 24.3138543667725 * gvn + 13.4771845658636 * instcombine + 8.35651859425097 * inline + -4.30045239254896 * ipsccp + -1.11602626834377 * print_used_types;1.32931463193617;1.32931463193617;1.32931463193617;1.32931463193617;0.072202;6;-1.11602626834377 * print_used_types;1;0.0764950293718321;
Elapsed=00:00:00.0727005
Learning progress:
1;215.531666666667 * time_passes + 24.3705392156865 * gvn;3.52837892305061;3.52837892305061;3.52837892305061;3.52837892305061;0.003886;2;24.3705392156865 * gvn;1;2.19574573357397;
2;209.768479310345 * time_passes + 24.4673995073892 * gvn + 14.8196246305418 * instcombine;2.08622328275479;2.08622328275479;2.08622328275479;2.08622328275479;0.012225;3;14.8196246305418 * instcombine;1;1.44215564029582;
3;205.300284440754 * time_passes + 24.0712454239764 * gvn + 15.0594330371182 * instcombine + 9.54531500686061 * inline;1.31016190657774;1.31016190657774;1.31016190657774;1.31016190657774;0.026275;4;9.54531500686061 * inline;1;0.776061376177044;
4;206.027003083291 * time_passes + 22.5442050598988 * gvn + 15.0204299844801 * instcombine + 7.99284055871699 * inline + 3.18294375500858 * inline * gvn;1.21855471749112;1.21855471749112;1.21855471749112;1.21855471749112;0.047066;6;3.18294375500858 * inline * gvn;2;0.0458035945433138;
Elapsed=00:00:00.0475168
Learning progress:
1;215.172222222223 * time_passes + 24.5999843505477 * gvn;3.71589326311519;3.71589326311519;3.71589326311519;3.71589326311519;0.003904;2;24.5999843505477 * gvn;1;2.03819270828628;
2;209.883054686231 * time_passes + 24.9545820614115 * gvn + 14.5981023993364 * instcombine;2.0838549815456;2.0838549815456;2.0838549815456;2.0838549815456;0.013111;3;14.5981023993364 * instcombine;1;1.63203828156959;
3;205.204546090436 * time_passes + 24.3994300336383 * gvn + 14.9379464013603 * instcombine + 9.82253103310199 * inline;1.37898030416771;1.37898030416771;1.37898030416771;1.37898030416771;0.026661;4;9.82253103310199 * inline;1;0.704874677377891;
4;204.419718618798 * time_passes + 24.357140624896 * gvn + 15.1637599094768 * instcombine + 9.8770265774181 * inline + 1.50851291683797 * jump_threading;1.30669923698443;1.30669923698443;1.30669923698443;1.30669923698443;0.047644;5;1.50851291683797 * jump_threading;1;0.0722810671832745;
Elapsed=00:00:00.0481141
Learning progress:
1;216.334333333334 * time_passes + 23.2646190476191 * gvn;4.056880811105;4.056880811105;4.056880811105;4.056880811105;0.003782;2;23.2646190476191 * gvn;1;2.81706237286325;
2;210.389658784333 * time_passes + 24.0572423208193 * gvn + 13.8709072810013 * instcombine;2.39744900143461;2.39744900143461;2.39744900143461;2.39744900143461;0.012545;3;13.8709072810013 * instcombine;1;1.65943180967039;
3;205.594761578604 * time_passes + 24.0883780169602 * gvn + 14.4157819634702 * instcombine + 9.12275896934109 * inline;1.01750880092803;1.01750880092803;1.01750880092803;1.01750880092803;0.024921;4;9.12275896934109 * inline;1;1.37994020050658;
4;205.331139428412 * time_passes + 24.0738277817748 * gvn + 14.427169669899 * instcombine + 9.16901257922386 * inline + 0.532033644345763 * sccp;0.989813616262263;0.989813616262263;0.989813616262263;0.989813616262263;0.045073;5;0.532033644345763 * sccp;1;0.0276951846657676;
Elapsed=00:00:00.0454981
Learning progress:
1;215.631050228311 * time_passes + 23.3069099706946 * gvn;3.73766364366929;3.73766364366929;3.73766364366929;3.73766364366929;0.003837;2;23.3069099706946 * gvn;1;2.66509664610632;
2;209.996005640015 * time_passes + 23.2745618387296 * gvn + 15.8214713440621 * instcombine;2.72438428309195;2.72438428309195;2.72438428309195;2.72438428309195;0.012438;3;15.8214713440621 * instcombine;1;1.01327936057734;
3;205.594323279095 * time_passes + 23.6460953114073 * gvn + 15.5518347735063 * instcombine + 8.64035166267441 * inline;1.57399660054429;1.57399660054429;1.57399660054429;1.57399660054429;0.02576;4;8.64035166267441 * inline;1;1.15038768254766;
4;207.040946461845 * time_passes + 23.7366915573263 * gvn + 14.111865431153 * instcombine + 8.68537634013805 * inline + -3.67764353595779 * ipsccp;1.36824410182193;1.36824410182193;1.36824410182193;1.36824410182193;0.04671;5;-3.67764353595779 * ipsccp;1;0.205752498722357;
5;206.180914095404 * time_passes + 23.7488976351937 * gvn + 16.7232559774269 * instcombine + 10.560879722727 * inline + -3.83018670359492 * ipsccp + -5.24889998616026 * inline * instcombine;1.17834402881726;1.17834402881726;1.17834402881726;1.17834402881726;0.074452;7;-5.24889998616026 * inline * instcombine;2;0.0949500365023362;
Elapsed=00:00:00.0750008
Learning progress:
1;214.991388888889 * time_passes + 25.4866503267975 * gvn;3.49079366280381;3.49079366280381;3.49079366280381;3.49079366280381;0.00488;2;25.4866503267975 * gvn;1;1.8131021697001;
2;209.214154600025 * time_passes + 24.9202548082812 * gvn + 15.4059581036384 * instcombine;2.78069665904302;2.78069665904302;2.78069665904302;2.78069665904302;0.013354;3;15.4059581036384 * instcombine;1;0.710097003760785;
3;205.343001889758 * time_passes + 24.6971977470345 * gvn + 15.0892274273439 * instcombine + 8.44925657056389 * inline;1.62448880867862;1.62448880867862;1.62448880867862;1.62448880867862;0.027006;4;8.44925657056389 * inline;1;1.15620785036441;
4;207.296226090931 * time_passes + 24.3637854730394 * gvn + 13.561074025037 * instcombine + 8.23353946141677 * inline + -4.00163560483446 * ipsccp;1.405809661308;1.405809661308;1.405809661308;1.405809661308;0.047836;5;-4.00163560483446 * ipsccp;1;0.218679147370619;
Elapsed=00:00:00.0482816
Learning progress:
1;215.531666666667 * time_passes + 24.3705392156865 * gvn;3.52837892305061;3.52837892305061;3.52837892305061;3.52837892305061;0.005251;2;24.3705392156865 * gvn;1;2.19574573357397;
2;209.768479310345 * time_passes + 24.4673995073892 * gvn + 14.8196246305418 * instcombine;2.08622328275479;2.08622328275479;2.08622328275479;2.08622328275479;0.013815;3;14.8196246305418 * instcombine;1;1.44215564029582;
3;205.300284440754 * time_passes + 24.0712454239764 * gvn + 15.0594330371182 * instcombine + 9.54531500686061 * inline;1.31016190657774;1.31016190657774;1.31016190657774;1.31016190657774;0.027321;4;9.54531500686061 * inline;1;0.776061376177044;
4;206.027003083291 * time_passes + 22.5442050598988 * gvn + 15.0204299844801 * instcombine + 7.99284055871699 * inline + 3.18294375500858 * inline * gvn;1.21855471749112;1.21855471749112;1.21855471749112;1.21855471749112;0.047674;6;3.18294375500858 * inline * gvn;2;0.0458035945433138;
Elapsed=00:00:00.0481815
Learning progress:
1;215.172222222223 * time_passes + 24.5999843505477 * gvn;3.71589326311519;3.71589326311519;3.71589326311519;3.71589326311519;0.003915;2;24.5999843505477 * gvn;1;2.03819270828628;
2;209.883054686231 * time_passes + 24.9545820614115 * gvn + 14.5981023993364 * instcombine;2.0838549815456;2.0838549815456;2.0838549815456;2.0838549815456;0.011891;3;14.5981023993364 * instcombine;1;1.63203828156959;
3;205.204546090436 * time_passes + 24.3994300336383 * gvn + 14.9379464013603 * instcombine + 9.82253103310199 * inline;1.37898030416771;1.37898030416771;1.37898030416771;1.37898030416771;0.025619;4;9.82253103310199 * inline;1;0.704874677377891;
4;204.419718618798 * time_passes + 24.357140624896 * gvn + 15.1637599094768 * instcombine + 9.8770265774181 * inline + 1.50851291683797 * jump_threading;1.30669923698443;1.30669923698443;1.30669923698443;1.30669923698443;0.046447;5;1.50851291683797 * jump_threading;1;0.0722810671832745;
Elapsed=00:00:00.0469123
Learning progress:
1;216.334333333334 * time_passes + 23.2646190476191 * gvn;4.056880811105;4.056880811105;4.056880811105;4.056880811105;0.003711;2;23.2646190476191 * gvn;1;2.81706237286325;
2;210.389658784333 * time_passes + 24.0572423208193 * gvn + 13.8709072810013 * instcombine;2.39744900143461;2.39744900143461;2.39744900143461;2.39744900143461;0.011929;3;13.8709072810013 * instcombine;1;1.65943180967039;
3;205.594761578604 * time_passes + 24.0883780169602 * gvn + 14.4157819634702 * instcombine + 9.12275896934109 * inline;1.01750880092803;1.01750880092803;1.01750880092803;1.01750880092803;0.024427;4;9.12275896934109 * inline;1;1.37994020050658;
4;205.331139428412 * time_passes + 24.0738277817748 * gvn + 14.427169669899 * instcombine + 9.16901257922386 * inline + 0.532033644345763 * sccp;0.989813616262263;0.989813616262263;0.989813616262263;0.989813616262263;0.04371;5;0.532033644345763 * sccp;1;0.0276951846657676;
Elapsed=00:00:00.0441768
Learning progress:
1;215.631050228311 * time_passes + 23.3069099706946 * gvn;3.73766364366929;3.73766364366929;3.73766364366929;3.73766364366929;0.00454;2;23.3069099706946 * gvn;1;2.66509664610632;
2;209.996005640015 * time_passes + 23.2745618387296 * gvn + 15.8214713440621 * instcombine;2.72438428309195;2.72438428309195;2.72438428309195;2.72438428309195;0.013797;3;15.8214713440621 * instcombine;1;1.01327936057734;
3;205.594323279095 * time_passes + 23.6460953114073 * gvn + 15.5518347735063 * instcombine + 8.64035166267441 * inline;1.57399660054429;1.57399660054429;1.57399660054429;1.57399660054429;0.026856;4;8.64035166267441 * inline;1;1.15038768254766;
4;207.040946461845 * time_passes + 23.7366915573263 * gvn + 14.111865431153 * instcombine + 8.68537634013805 * inline + -3.67764353595779 * ipsccp;1.36824410182193;1.36824410182193;1.36824410182193;1.36824410182193;0.048193;5;-3.67764353595779 * ipsccp;1;0.205752498722357;
Elapsed=00:00:00.0486329
Learning progress:
1;214.991388888889 * time_passes + 25.4866503267975 * gvn;3.49079366280381;3.49079366280381;3.49079366280381;3.49079366280381;0.003811;2;25.4866503267975 * gvn;1;1.8131021697001;
2;209.214154600025 * time_passes + 24.9202548082812 * gvn + 15.4059581036384 * instcombine;2.78069665904302;2.78069665904302;2.78069665904302;2.78069665904302;0.012426;3;15.4059581036384 * instcombine;1;0.710097003760785;
3;205.343001889758 * time_passes + 24.6971977470345 * gvn + 15.0892274273439 * instcombine + 8.44925657056389 * inline;1.62448880867862;1.62448880867862;1.62448880867862;1.62448880867862;0.025129;4;8.44925657056389 * inline;1;1.15620785036441;
4;207.296226090931 * time_passes + 24.3637854730394 * gvn + 13.561074025037 * instcombine + 8.23353946141677 * inline + -4.00163560483446 * ipsccp;1.405809661308;1.405809661308;1.405809661308;1.405809661308;0.04632;5;-4.00163560483446 * ipsccp;1;0.218679147370619;
5;207.861078196289 * time_passes + 24.3138543667725 * gvn + 13.4771845658636 * instcombine + 8.35651859425097 * inline + -4.30045239254896 * ipsccp + -1.11602626834377 * print_used_types;1.32931463193617;1.32931463193617;1.32931463193617;1.32931463193617;0.073124;6;-1.11602626834377 * print_used_types;1;0.0764950293718321;
Elapsed=00:00:00.0736070
Learning progress:
1;215.531666666667 * time_passes + 24.3705392156865 * gvn;3.52837892305061;3.52837892305061;3.52837892305061;3.52837892305061;0.004573;2;24.3705392156865 * gvn;1;2.19574573357397;
2;209.768479310345 * time_passes + 24.4673995073892 * gvn + 14.8196246305418 * instcombine;2.08622328275479;2.08622328275479;2.08622328275479;2.08622328275479;0.013431;3;14.8196246305418 * instcombine;1;1.44215564029582;
3;205.300284440754 * time_passes + 24.0712454239764 * gvn + 15.0594330371182 * instcombine + 9.54531500686061 * inline;1.31016190657774;1.31016190657774;1.31016190657774;1.31016190657774;0.027527;4;9.54531500686061 * inline;1;0.776061376177044;
4;206.027003083291 * time_passes + 22.5442050598988 * gvn + 15.0204299844801 * instcombine + 7.99284055871699 * inline + 3.18294375500858 * inline * gvn;1.21855471749112;1.21855471749112;1.21855471749112;1.21855471749112;0.048302;6;3.18294375500858 * inline * gvn;2;0.0458035945433138;
Elapsed=00:00:00.0487416
Learning progress:
1;215.172222222223 * time_passes + 24.5999843505477 * gvn;3.71589326311519;3.71589326311519;3.71589326311519;3.71589326311519;0.004007;2;24.5999843505477 * gvn;1;2.03819270828628;
2;209.883054686231 * time_passes + 24.9545820614115 * gvn + 14.5981023993364 * instcombine;2.0838549815456;2.0838549815456;2.0838549815456;2.0838549815456;0.011678;3;14.5981023993364 * instcombine;1;1.63203828156959;
3;205.204546090436 * time_passes + 24.3994300336383 * gvn + 14.9379464013603 * instcombine + 9.82253103310199 * inline;1.37898030416771;1.37898030416771;1.37898030416771;1.37898030416771;0.025383;4;9.82253103310199 * inline;1;0.704874677377891;
4;204.419718618798 * time_passes + 24.357140624896 * gvn + 15.1637599094768 * instcombine + 9.8770265774181 * inline + 1.50851291683797 * jump_threading;1.30669923698443;1.30669923698443;1.30669923698443;1.30669923698443;0.046498;5;1.50851291683797 * jump_threading;1;0.0722810671832745;
Elapsed=00:00:00.0469606
Learning progress:
1;216.334333333334 * time_passes + 23.2646190476191 * gvn;4.056880811105;4.056880811105;4.056880811105;4.056880811105;0.004694;2;23.2646190476191 * gvn;1;2.81706237286325;
2;210.389658784333 * time_passes + 24.0572423208193 * gvn + 13.8709072810013 * instcombine;2.39744900143461;2.39744900143461;2.39744900143461;2.39744900143461;0.012619;3;13.8709072810013 * instcombine;1;1.65943180967039;
3;205.594761578604 * time_passes + 24.0883780169602 * gvn + 14.4157819634702 * instcombine + 9.12275896934109 * inline;1.01750880092803;1.01750880092803;1.01750880092803;1.01750880092803;0.026388;4;9.12275896934109 * inline;1;1.37994020050658;
4;205.331139428412 * time_passes + 24.0738277817748 * gvn + 14.427169669899 * instcombine + 9.16901257922386 * inline + 0.532033644345763 * sccp;0.989813616262263;0.989813616262263;0.989813616262263;0.989813616262263;0.046076;5;0.532033644345763 * sccp;1;0.0276951846657676;
Elapsed=00:00:00.0465079
Learning progress:
1;215.631050228311 * time_passes + 23.3069099706946 * gvn;3.73766364366929;3.73766364366929;3.73766364366929;3.73766364366929;0.003396;2;23.3069099706946 * gvn;1;2.66509664610632;
2;209.996005640015 * time_passes + 23.2745618387296 * gvn + 15.8214713440621 * instcombine;2.72438428309195;2.72438428309195;2.72438428309195;2.72438428309195;0.011972;3;15.8214713440621 * instcombine;1;1.01327936057734;
3;205.594323279095 * time_passes + 23.6460953114073 * gvn + 15.5518347735063 * instcombine + 8.64035166267441 * inline;1.57399660054429;1.57399660054429;1.57399660054429;1.57399660054429;0.026301;4;8.64035166267441 * inline;1;1.15038768254766;
4;207.040946461845 * time_passes + 23.7366915573263 * gvn + 14.111865431153 * instcombine + 8.68537634013805 * inline + -3.67764353595779 * ipsccp;1.36824410182193;1.36824410182193;1.36824410182193;1.36824410182193;0.047491;5;-3.67764353595779 * ipsccp;1;0.205752498722357;
5;206.180914095404 * time_passes + 23.7488976351937 * gvn + 16.7232559774269 * instcombine + 10.560879722727 * inline + -3.83018670359492 * ipsccp + -5.24889998616026 * inline * instcombine;1.17834402881726;1.17834402881726;1.17834402881726;1.17834402881726;0.07486;7;-5.24889998616026 * inline * instcombine;2;0.0949500365023362;
Elapsed=00:00:00.0753684
Learning progress:
1;214.991388888889 * time_passes + 25.4866503267975 * gvn;3.49079366280381;3.49079366280381;3.49079366280381;3.49079366280381;0.003793;2;25.4866503267975 * gvn;1;1.8131021697001;
2;209.214154600025 * time_passes + 24.9202548082812 * gvn + 15.4059581036384 * instcombine;2.78069665904302;2.78069665904302;2.78069665904302;2.78069665904302;0.012474;3;15.4059581036384 * instcombine;1;0.710097003760785;
3;205.343001889758 * time_passes + 24.6971977470345 * gvn + 15.0892274273439 * instcombine + 8.44925657056389 * inline;1.62448880867862;1.62448880867862;1.62448880867862;1.62448880867862;0.0265;4;8.44925657056389 * inline;1;1.15620785036441;
4;207.296226090931 * time_passes + 24.3637854730394 * gvn + 13.561074025037 * instcombine + 8.23353946141677 * inline + -4.00163560483446 * ipsccp;1.405809661308;1.405809661308;1.405809661308;1.405809661308;0.046955;5;-4.00163560483446 * ipsccp;1;0.218679147370619;
5;207.861078196289 * time_passes + 24.3138543667725 * gvn + 13.4771845658636 * instcombine + 8.35651859425097 * inline + -4.30045239254896 * ipsccp + -1.11602626834377 * print_used_types;1.32931463193617;1.32931463193617;1.32931463193617;1.32931463193617;0.073343;6;-1.11602626834377 * print_used_types;1;0.0764950293718321;
Elapsed=00:00:00.0738306
Learning progress:
1;215.531666666667 * time_passes + 24.3705392156865 * gvn;3.52837892305061;3.52837892305061;3.52837892305061;3.52837892305061;0.005132;2;24.3705392156865 * gvn;1;2.19574573357397;
2;209.768479310345 * time_passes + 24.4673995073892 * gvn + 14.8196246305418 * instcombine;2.08622328275479;2.08622328275479;2.08622328275479;2.08622328275479;0.013235;3;14.8196246305418 * instcombine;1;1.44215564029582;
3;205.300284440754 * time_passes + 24.0712454239764 * gvn + 15.0594330371182 * instcombine + 9.54531500686061 * inline;1.31016190657774;1.31016190657774;1.31016190657774;1.31016190657774;0.027224;4;9.54531500686061 * inline;1;0.776061376177044;
4;206.027003083291 * time_passes + 22.5442050598988 * gvn + 15.0204299844801 * instcombine + 7.99284055871699 * inline + 3.18294375500858 * inline * gvn;1.21855471749112;1.21855471749112;1.21855471749112;1.21855471749112;0.047986;6;3.18294375500858 * inline * gvn;2;0.0458035945433138;
Elapsed=00:00:00.0484332
Learning progress:
1;215.172222222223 * time_passes + 24.5999843505477 * gvn;3.71589326311519;3.71589326311519;3.71589326311519;3.71589326311519;0.003202;2;24.5999843505477 * gvn;1;2.03819270828628;
2;209.883054686231 * time_passes + 24.9545820614115 * gvn + 14.5981023993364 * instcombine;2.0838549815456;2.0838549815456;2.0838549815456;2.0838549815456;0.011623;3;14.5981023993364 * instcombine;1;1.63203828156959;
3;205.204546090436 * time_passes + 24.3994300336383 * gvn + 14.9379464013603 * instcombine + 9.82253103310199 * inline;1.37898030416771;1.37898030416771;1.37898030416771;1.37898030416771;0.025937;4;9.82253103310199 * inline;1;0.704874677377891;
4;204.419718618798 * time_passes + 24.357140624896 * gvn + 15.1637599094768 * instcombine + 9.8770265774181 * inline + 1.50851291683797 * jump_threading;1.30669923698443;1.30669923698443;1.30669923698443;1.30669923698443;0.046759;5;1.50851291683797 * jump_threading;1;0.0722810671832745;
Elapsed=00:00:00.0472277
Learning progress:
1;216.334333333334 * time_passes + 23.2646190476191 * gvn;4.056880811105;4.056880811105;4.056880811105;4.056880811105;0.003204;2;23.2646190476191 * gvn;1;2.81706237286325;
2;210.389658784333 * time_passes + 24.0572423208193 * gvn + 13.8709072810013 * instcombine;2.39744900143461;2.39744900143461;2.39744900143461;2.39744900143461;0.011316;3;13.8709072810013 * instcombine;1;1.65943180967039;
3;205.594761578604 * time_passes + 24.0883780169602 * gvn + 14.4157819634702 * instcombine + 9.12275896934109 * inline;1.01750880092803;1.01750880092803;1.01750880092803;1.01750880092803;0.024358;4;9.12275896934109 * inline;1;1.37994020050658;
4;205.331139428412 * time_passes + 24.0738277817748 * gvn + 14.427169669899 * instcombine + 9.16901257922386 * inline + 0.532033644345763 * sccp;0.989813616262263;0.989813616262263;0.989813616262263;0.989813616262263;0.044543;5;0.532033644345763 * sccp;1;0.0276951846657676;
Elapsed=00:00:00.0449665
Learning progress:
1;215.631050228311 * time_passes + 23.3069099706946 * gvn;3.73766364366929;3.73766364366929;3.73766364366929;3.73766364366929;0.003425;2;23.3069099706946 * gvn;1;2.66509664610632;
2;209.996005640015 * time_passes + 23.2745618387296 * gvn + 15.8214713440621 * instcombine;2.72438428309195;2.72438428309195;2.72438428309195;2.72438428309195;0.012096;3;15.8214713440621 * instcombine;1;1.01327936057734;
3;205.594323279095 * time_passes + 23.6460953114073 * gvn + 15.5518347735063 * instcombine + 8.64035166267441 * inline;1.57399660054429;1.57399660054429;1.57399660054429;1.57399660054429;0.026062;4;8.64035166267441 * inline;1;1.15038768254766;
4;207.040946461845 * time_passes + 23.7366915573263 * gvn + 14.111865431153 * instcombine + 8.68537634013805 * inline + -3.67764353595779 * ipsccp;1.36824410182193;1.36824410182193;1.36824410182193;1.36824410182193;0.046615;5;-3.67764353595779 * ipsccp;1;0.205752498722357;
5;206.180914095404 * time_passes + 23.7488976351937 * gvn + 16.7232559774269 * instcombine + 10.560879722727 * inline + -3.83018670359492 * ipsccp + -5.24889998616026 * inline * instcombine;1.17834402881726;1.17834402881726;1.17834402881726;1.17834402881726;0.075481;7;-5.24889998616026 * inline * instcombine;2;0.0949500365023362;
Elapsed=00:00:00.0760132
Learning progress:
1;214.991388888889 * time_passes + 25.4866503267975 * gvn;3.49079366280381;3.49079366280381;3.49079366280381;3.49079366280381;0.003905;2;25.4866503267975 * gvn;1;1.8131021697001;
2;209.214154600025 * time_passes + 24.9202548082812 * gvn + 15.4059581036384 * instcombine;2.78069665904302;2.78069665904302;2.78069665904302;2.78069665904302;0.015303;3;15.4059581036384 * instcombine;1;0.710097003760785;
3;205.343001889758 * time_passes + 24.6971977470345 * gvn + 15.0892274273439 * instcombine + 8.44925657056389 * inline;1.62448880867862;1.62448880867862;1.62448880867862;1.62448880867862;0.033448;4;8.44925657056389 * inline;1;1.15620785036441;
4;207.296226090931 * time_passes + 24.3637854730394 * gvn + 13.561074025037 * instcombine + 8.23353946141677 * inline + -4.00163560483446 * ipsccp;1.405809661308;1.405809661308;1.405809661308;1.405809661308;0.0547;5;-4.00163560483446 * ipsccp;1;0.218679147370619;
Elapsed=00:00:00.0551211
Learning progress:
1;215.531666666667 * time_passes + 24.3705392156865 * gvn;3.52837892305061;3.52837892305061;3.52837892305061;3.52837892305061;0.004008;2;24.3705392156865 * gvn;1;2.19574573357397;
2;209.768479310345 * time_passes + 24.4673995073892 * gvn + 14.8196246305418 * instcombine;2.08622328275479;2.08622328275479;2.08622328275479;2.08622328275479;0.012913;3;14.8196246305418 * instcombine;1;1.44215564029582;
3;205.300284440754 * time_passes + 24.0712454239764 * gvn + 15.0594330371182 * instcombine + 9.54531500686061 * inline;1.31016190657774;1.31016190657774;1.31016190657774;1.31016190657774;0.026923;4;9.54531500686061 * inline;1;0.776061376177044;
4;206.027003083291 * time_passes + 22.5442050598988 * gvn + 15.0204299844801 * instcombine + 7.99284055871699 * inline + 3.18294375500858 * inline * gvn;1.21855471749112;1.21855471749112;1.21855471749112;1.21855471749112;0.047306;6;3.18294375500858 * inline * gvn;2;0.0458035945433138;
Elapsed=00:00:00.0477497
Learning progress:
1;215.172222222223 * time_passes + 24.5999843505477 * gvn;3.71589326311519;3.71589326311519;3.71589326311519;3.71589326311519;0.004569;2;24.5999843505477 * gvn;1;2.03819270828628;
2;209.883054686231 * time_passes + 24.9545820614115 * gvn + 14.5981023993364 * instcombine;2.0838549815456;2.0838549815456;2.0838549815456;2.0838549815456;0.01275;3;14.5981023993364 * instcombine;1;1.63203828156959;
3;205.204546090436 * time_passes + 24.3994300336383 * gvn + 14.9379464013603 * instcombine + 9.82253103310199 * inline;1.37898030416771;1.37898030416771;1.37898030416771;1.37898030416771;0.02664;4;9.82253103310199 * inline;1;0.704874677377891;
4;204.419718618798 * time_passes + 24.357140624896 * gvn + 15.1637599094768 * instcombine + 9.8770265774181 * inline + 1.50851291683797 * jump_threading;1.30669923698443;1.30669923698443;1.30669923698443;1.30669923698443;0.046923;5;1.50851291683797 * jump_threading;1;0.0722810671832745;
Elapsed=00:00:00.0473931
Learning progress:
1;216.334333333334 * time_passes + 23.2646190476191 * gvn;4.056880811105;4.056880811105;4.056880811105;4.056880811105;0.0047;2;23.2646190476191 * gvn;1;2.81706237286325;
2;210.389658784333 * time_passes + 24.0572423208193 * gvn + 13.8709072810013 * instcombine;2.39744900143461;2.39744900143461;2.39744900143461;2.39744900143461;0.01301;3;13.8709072810013 * instcombine;1;1.65943180967039;
3;205.594761578604 * time_passes + 24.0883780169602 * gvn + 14.4157819634702 * instcombine + 9.12275896934109 * inline;1.01750880092803;1.01750880092803;1.01750880092803;1.01750880092803;0.02587;4;9.12275896934109 * inline;1;1.37994020050658;
4;205.331139428412 * time_passes + 24.0738277817748 * gvn + 14.427169669899 * instcombine + 9.16901257922386 * inline + 0.532033644345763 * sccp;0.989813616262263;0.989813616262263;0.989813616262263;0.989813616262263;0.045803;5;0.532033644345763 * sccp;1;0.0276951846657676;
Elapsed=00:00:00.0462242
Learning progress:
1;215.631050228311 * time_passes + 23.3069099706946 * gvn;3.73766364366929;3.73766364366929;3.73766364366929;3.73766364366929;0.0053;2;23.3069099706946 * gvn;1;2.66509664610632;
2;209.996005640015 * time_passes + 23.2745618387296 * gvn + 15.8214713440621 * instcombine;2.72438428309195;2.72438428309195;2.72438428309195;2.72438428309195;0.013492;3;15.8214713440621 * instcombine;1;1.01327936057734;
3;205.594323279095 * time_passes + 23.6460953114073 * gvn + 15.5518347735063 * instcombine + 8.64035166267441 * inline;1.57399660054429;1.57399660054429;1.57399660054429;1.57399660054429;0.027834;4;8.64035166267441 * inline;1;1.15038768254766;
4;207.040946461845 * time_passes + 23.7366915573263 * gvn + 14.111865431153 * instcombine + 8.68537634013805 * inline + -3.67764353595779 * ipsccp;1.36824410182193;1.36824410182193;1.36824410182193;1.36824410182193;0.049184;5;-3.67764353595779 * ipsccp;1;0.205752498722357;
Elapsed=00:00:00.0496374
Learning progress:
1;214.991388888889 * time_passes + 25.4866503267975 * gvn;3.49079366280381;3.49079366280381;3.49079366280381;3.49079366280381;0.004529;2;25.4866503267975 * gvn;1;1.8131021697001;
2;209.214154600025 * time_passes + 24.9202548082812 * gvn + 15.4059581036384 * instcombine;2.78069665904302;2.78069665904302;2.78069665904302;2.78069665904302;0.013427;3;15.4059581036384 * instcombine;1;0.710097003760785;
3;205.343001889758 * time_passes + 24.6971977470345 * gvn + 15.0892274273439 * instcombine + 8.44925657056389 * inline;1.62448880867862;1.62448880867862;1.62448880867862;1.62448880867862;0.026609;4;8.44925657056389 * inline;1;1.15620785036441;
4;207.296226090931 * time_passes + 24.3637854730394 * gvn + 13.561074025037 * instcombine + 8.23353946141677 * inline + -4.00163560483446 * ipsccp;1.405809661308;1.405809661308;1.405809661308;1.405809661308;0.047398;5;-4.00163560483446 * ipsccp;1;0.218679147370619;
5;207.861078196289 * time_passes + 24.3138543667725 * gvn + 13.4771845658636 * instcombine + 8.35651859425097 * inline + -4.30045239254896 * ipsccp + -1.11602626834377 * print_used_types;1.32931463193617;1.32931463193617;1.32931463193617;1.32931463193617;0.074466;6;-1.11602626834377 * print_used_types;1;0.0764950293718321;
Elapsed=00:00:00.0749515
Learning progress:
1;215.531666666667 * time_passes + 24.3705392156865 * gvn;3.52837892305061;3.52837892305061;3.52837892305061;3.52837892305061;0.003974;2;24.3705392156865 * gvn;1;2.19574573357397;
2;209.768479310345 * time_passes + 24.4673995073892 * gvn + 14.8196246305418 * instcombine;2.08622328275479;2.08622328275479;2.08622328275479;2.08622328275479;0.013215;3;14.8196246305418 * instcombine;1;1.44215564029582;
3;205.300284440754 * time_passes + 24.0712454239764 * gvn + 15.0594330371182 * instcombine + 9.54531500686061 * inline;1.31016190657774;1.31016190657774;1.31016190657774;1.31016190657774;0.026527;4;9.54531500686061 * inline;1;0.776061376177044;
4;206.027003083291 * time_passes + 22.5442050598988 * gvn + 15.0204299844801 * instcombine + 7.99284055871699 * inline + 3.18294375500858 * inline * gvn;1.21855471749112;1.21855471749112;1.21855471749112;1.21855471749112;0.047554;6;3.18294375500858 * inline * gvn;2;0.0458035945433138;
Elapsed=00:00:00.0479964
Learning progress:
1;215.172222222223 * time_passes + 24.5999843505477 * gvn;3.71589326311519;3.71589326311519;3.71589326311519;3.71589326311519;0.004559;2;24.5999843505477 * gvn;1;2.03819270828628;
2;209.883054686231 * time_passes + 24.9545820614115 * gvn + 14.5981023993364 * instcombine;2.0838549815456;2.0838549815456;2.0838549815456;2.0838549815456;0.012982;3;14.5981023993364 * instcombine;1;1.63203828156959;
3;205.204546090436 * time_passes + 24.3994300336383 * gvn + 14.9379464013603 * instcombine + 9.82253103310199 * inline;1.37898030416771;1.37898030416771;1.37898030416771;1.37898030416771;0.026848;4;9.82253103310199 * inline;1;0.704874677377891;
4;204.419718618798 * time_passes + 24.357140624896 * gvn + 15.1637599094768 * instcombine + 9.8770265774181 * inline + 1.50851291683797 * jump_threading;1.30669923698443;1.30669923698443;1.30669923698443;1.30669923698443;0.047889;5;1.50851291683797 * jump_threading;1;0.0722810671832745;
Elapsed=00:00:00.0483843
Learning progress:
1;216.334333333334 * time_passes + 23.2646190476191 * gvn;4.056880811105;4.056880811105;4.056880811105;4.056880811105;0.004533;2;23.2646190476191 * gvn;1;2.81706237286325;
2;210.389658784333 * time_passes + 24.0572423208193 * gvn + 13.8709072810013 * instcombine;2.39744900143461;2.39744900143461;2.39744900143461;2.39744900143461;0.012439;3;13.8709072810013 * instcombine;1;1.65943180967039;
3;205.594761578604 * time_passes + 24.0883780169602 * gvn + 14.4157819634702 * instcombine + 9.12275896934109 * inline;1.01750880092803;1.01750880092803;1.01750880092803;1.01750880092803;0.026017;4;9.12275896934109 * inline;1;1.37994020050658;
4;205.331139428412 * time_passes + 24.0738277817748 * gvn + 14.427169669899 * instcombine + 9.16901257922386 * inline + 0.532033644345763 * sccp;0.989813616262263;0.989813616262263;0.989813616262263;0.989813616262263;0.045764;5;0.532033644345763 * sccp;1;0.0276951846657676;
Elapsed=00:00:00.0462236
Learning progress:
1;215.631050228311 * time_passes + 23.3069099706946 * gvn;3.73766364366929;3.73766364366929;3.73766364366929;3.73766364366929;0.005266;2;23.3069099706946 * gvn;1;2.66509664610632;
2;209.996005640015 * time_passes + 23.2745618387296 * gvn + 15.8214713440621 * instcombine;2.72438428309195;2.72438428309195;2.72438428309195;2.72438428309195;0.013448;3;15.8214713440621 * instcombine;1;1.01327936057734;
3;205.594323279095 * time_passes + 23.6460953114073 * gvn + 15.5518347735063 * instcombine + 8.64035166267441 * inline;1.57399660054429;1.57399660054429;1.57399660054429;1.57399660054429;0.027428;4;8.64035166267441 * inline;1;1.15038768254766;
4;207.040946461845 * time_passes + 23.7366915573263 * gvn + 14.111865431153 * instcombine + 8.68537634013805 * inline + -3.67764353595779 * ipsccp;1.36824410182193;1.36824410182193;1.36824410182193;1.36824410182193;0.048011;5;-3.67764353595779 * ipsccp;1;0.205752498722357;
5;206.180914095404 * time_passes + 23.7488976351937 * gvn + 16.7232559774269 * instcombine + 10.560879722727 * inline + -3.83018670359492 * ipsccp + -5.24889998616026 * inline * instcombine;1.17834402881726;1.17834402881726;1.17834402881726;1.17834402881726;0.07625;7;-5.24889998616026 * inline * instcombine;2;0.0949500365023362;
Elapsed=00:00:00.0767272
Learning progress:
1;214.991388888889 * time_passes + 25.4866503267975 * gvn;3.49079366280381;3.49079366280381;3.49079366280381;3.49079366280381;0.003843;2;25.4866503267975 * gvn;1;1.8131021697001;
2;209.214154600025 * time_passes + 24.9202548082812 * gvn + 15.4059581036384 * instcombine;2.78069665904302;2.78069665904302;2.78069665904302;2.78069665904302;0.012971;3;15.4059581036384 * instcombine;1;0.710097003760785;
3;205.343001889758 * time_passes + 24.6971977470345 * gvn + 15.0892274273439 * instcombine + 8.44925657056389 * inline;1.62448880867862;1.62448880867862;1.62448880867862;1.62448880867862;0.025926;4;8.44925657056389 * inline;1;1.15620785036441;
4;207.296226090931 * time_passes + 24.3637854730394 * gvn + 13.561074025037 * instcombine + 8.23353946141677 * inline + -4.00163560483446 * ipsccp;1.405809661308;1.405809661308;1.405809661308;1.405809661308;0.046223;5;-4.00163560483446 * ipsccp;1;0.218679147370619;
5;207.861078196289 * time_passes + 24.3138543667725 * gvn + 13.4771845658636 * instcombine + 8.35651859425097 * inline + -4.30045239254896 * ipsccp + -1.11602626834377 * print_used_types;1.32931463193617;1.32931463193617;1.32931463193617;1.32931463193617;0.072309;6;-1.11602626834377 * print_used_types;1;0.0764950293718321;
Elapsed=00:00:00.0728246
Learning progress:
1;215.531666666667 * time_passes + 24.3705392156865 * gvn;3.52837892305061;3.52837892305061;3.52837892305061;3.52837892305061;0.004582;2;24.3705392156865 * gvn;1;2.19574573357397;
2;209.768479310345 * time_passes + 24.4673995073892 * gvn + 14.8196246305418 * instcombine;2.08622328275479;2.08622328275479;2.08622328275479;2.08622328275479;0.012604;3;14.8196246305418 * instcombine;1;1.44215564029582;
3;205.300284440754 * time_passes + 24.0712454239764 * gvn + 15.0594330371182 * instcombine + 9.54531500686061 * inline;1.31016190657774;1.31016190657774;1.31016190657774;1.31016190657774;0.026532;4;9.54531500686061 * inline;1;0.776061376177044;
4;206.027003083291 * time_passes + 22.5442050598988 * gvn + 15.0204299844801 * instcombine + 7.99284055871699 * inline + 3.18294375500858 * inline * gvn;1.21855471749112;1.21855471749112;1.21855471749112;1.21855471749112;0.047396;6;3.18294375500858 * inline * gvn;2;0.0458035945433138;
Elapsed=00:00:00.0478405
Learning progress:
1;215.172222222223 * time_passes + 24.5999843505477 * gvn;3.71589326311519;3.71589326311519;3.71589326311519;3.71589326311519;0.004527;2;24.5999843505477 * gvn;1;2.03819270828628;
2;209.883054686231 * time_passes + 24.9545820614115 * gvn + 14.5981023993364 * instcombine;2.0838549815456;2.0838549815456;2.0838549815456;2.0838549815456;0.013052;3;14.5981023993364 * instcombine;1;1.63203828156959;
3;205.204546090436 * time_passes + 24.3994300336383 * gvn + 14.9379464013603 * instcombine + 9.82253103310199 * inline;1.37898030416771;1.37898030416771;1.37898030416771;1.37898030416771;0.02688;4;9.82253103310199 * inline;1;0.704874677377891;
4;204.419718618798 * time_passes + 24.357140624896 * gvn + 15.1637599094768 * instcombine + 9.8770265774181 * inline + 1.50851291683797 * jump_threading;1.30669923698443;1.30669923698443;1.30669923698443;1.30669923698443;0.047963;5;1.50851291683797 * jump_threading;1;0.0722810671832745;
Elapsed=00:00:00.0484734
Learning progress:
1;216.334333333334 * time_passes + 23.2646190476191 * gvn;4.056880811105;4.056880811105;4.056880811105;4.056880811105;0.003834;2;23.2646190476191 * gvn;1;2.81706237286325;
2;210.389658784333 * time_passes + 24.0572423208193 * gvn + 13.8709072810013 * instcombine;2.39744900143461;2.39744900143461;2.39744900143461;2.39744900143461;0.012599;3;13.8709072810013 * instcombine;1;1.65943180967039;
3;205.594761578604 * time_passes + 24.0883780169602 * gvn + 14.4157819634702 * instcombine + 9.12275896934109 * inline;1.01750880092803;1.01750880092803;1.01750880092803;1.01750880092803;0.025038;4;9.12275896934109 * inline;1;1.37994020050658;
4;205.331139428412 * time_passes + 24.0738277817748 * gvn + 14.427169669899 * instcombine + 9.16901257922386 * inline + 0.532033644345763 * sccp;0.989813616262263;0.989813616262263;0.989813616262263;0.989813616262263;0.044852;5;0.532033644345763 * sccp;1;0.0276951846657676;
Elapsed=00:00:00.0452791
Learning progress:
1;215.631050228311 * time_passes + 23.3069099706946 * gvn;3.73766364366929;3.73766364366929;3.73766364366929;3.73766364366929;0.003871;2;23.3069099706946 * gvn;1;2.66509664610632;
2;209.996005640015 * time_passes + 23.2745618387296 * gvn + 15.8214713440621 * instcombine;2.72438428309195;2.72438428309195;2.72438428309195;2.72438428309195;0.013076;3;15.8214713440621 * instcombine;1;1.01327936057734;
3;205.594323279095 * time_passes + 23.6460953114073 * gvn + 15.5518347735063 * instcombine + 8.64035166267441 * inline;1.57399660054429;1.57399660054429;1.57399660054429;1.57399660054429;0.026594;4;8.64035166267441 * inline;1;1.15038768254766;
4;207.040946461845 * time_passes + 23.7366915573263 * gvn + 14.111865431153 * instcombine + 8.68537634013805 * inline + -3.67764353595779 * ipsccp;1.36824410182193;1.36824410182193;1.36824410182193;1.36824410182193;0.048882;5;-3.67764353595779 * ipsccp;1;0.205752498722357;
5;206.180914095404 * time_passes + 23.7488976351937 * gvn + 16.7232559774269 * instcombine + 10.560879722727 * inline + -3.83018670359492 * ipsccp + -5.24889998616026 * inline * instcombine;1.17834402881726;1.17834402881726;1.17834402881726;1.17834402881726;0.077163;7;-5.24889998616026 * inline * instcombine;2;0.0949500365023362;
Elapsed=00:00:00.0777258
Learning progress:
1;214.991388888889 * time_passes + 25.4866503267975 * gvn;3.49079366280381;3.49079366280381;3.49079366280381;3.49079366280381;0.005407;2;25.4866503267975 * gvn;1;1.8131021697001;
2;209.214154600025 * time_passes + 24.9202548082812 * gvn + 15.4059581036384 * instcombine;2.78069665904302;2.78069665904302;2.78069665904302;2.78069665904302;0.013204;3;15.4059581036384 * instcombine;1;0.710097003760785;
3;205.343001889758 * time_passes + 24.6971977470345 * gvn + 15.0892274273439 * instcombine + 8.44925657056389 * inline;1.62448880867862;1.62448880867862;1.62448880867862;1.62448880867862;0.027043;4;8.44925657056389 * inline;1;1.15620785036441;
4;207.296226090931 * time_passes + 24.3637854730394 * gvn + 13.561074025037 * instcombine + 8.23353946141677 * inline + -4.00163560483446 * ipsccp;1.405809661308;1.405809661308;1.405809661308;1.405809661308;0.047782;5;-4.00163560483446 * ipsccp;1;0.218679147370619;
Elapsed=00:00:00.0482464
Learning progress:
1;215.531666666667 * time_passes + 24.3705392156865 * gvn;3.52837892305061;3.52837892305061;3.52837892305061;3.52837892305061;0.003468;2;24.3705392156865 * gvn;1;2.19574573357397;
2;209.768479310345 * time_passes + 24.4673995073892 * gvn + 14.8196246305418 * instcombine;2.08622328275479;2.08622328275479;2.08622328275479;2.08622328275479;0.012133;3;14.8196246305418 * instcombine;1;1.44215564029582;
3;205.300284440754 * time_passes + 24.0712454239764 * gvn + 15.0594330371182 * instcombine + 9.54531500686061 * inline;1.31016190657774;1.31016190657774;1.31016190657774;1.31016190657774;0.025996;4;9.54531500686061 * inline;1;0.776061376177044;
4;206.027003083291 * time_passes + 22.5442050598988 * gvn + 15.0204299844801 * instcombine + 7.99284055871699 * inline + 3.18294375500858 * inline * gvn;1.21855471749112;1.21855471749112;1.21855471749112;1.21855471749112;0.046844;6;3.18294375500858 * inline * gvn;2;0.0458035945433138;
Elapsed=00:00:00.0473090
Learning progress:
1;215.172222222223 * time_passes + 24.5999843505477 * gvn;3.71589326311519;3.71589326311519;3.71589326311519;3.71589326311519;0.003386;2;24.5999843505477 * gvn;1;2.03819270828628;
2;209.883054686231 * time_passes + 24.9545820614115 * gvn + 14.5981023993364 * instcombine;2.0838549815456;2.0838549815456;2.0838549815456;2.0838549815456;0.011597;3;14.5981023993364 * instcombine;1;1.63203828156959;
3;205.204546090436 * time_passes + 24.3994300336383 * gvn + 14.9379464013603 * instcombine + 9.82253103310199 * inline;1.37898030416771;1.37898030416771;1.37898030416771;1.37898030416771;0.025537;4;9.82253103310199 * inline;1;0.704874677377891;
4;204.419718618798 * time_passes + 24.357140624896 * gvn + 15.1637599094768 * instcombine + 9.8770265774181 * inline + 1.50851291683797 * jump_threading;1.30669923698443;1.30669923698443;1.30669923698443;1.30669923698443;0.046394;5;1.50851291683797 * jump_threading;1;0.0722810671832745;
Elapsed=00:00:00.0468684
Learning progress:
1;216.334333333334 * time_passes + 23.2646190476191 * gvn;4.056880811105;4.056880811105;4.056880811105;4.056880811105;0.003836;2;23.2646190476191 * gvn;1;2.81706237286325;
2;210.389658784333 * time_passes + 24.0572423208193 * gvn + 13.8709072810013 * instcombine;2.39744900143461;2.39744900143461;2.39744900143461;2.39744900143461;0.012048;3;13.8709072810013 * instcombine;1;1.65943180967039;
3;205.594761578604 * time_passes + 24.0883780169602 * gvn + 14.4157819634702 * instcombine + 9.12275896934109 * inline;1.01750880092803;1.01750880092803;1.01750880092803;1.01750880092803;0.025739;4;9.12275896934109 * inline;1;1.37994020050658;
4;205.331139428412 * time_passes + 24.0738277817748 * gvn + 14.427169669899 * instcombine + 9.16901257922386 * inline + 0.532033644345763 * sccp;0.989813616262263;0.989813616262263;0.989813616262263;0.989813616262263;0.045972;5;0.532033644345763 * sccp;1;0.0276951846657676;
Elapsed=00:00:00.0464074
Learning progress:
1;215.631050228311 * time_passes + 23.3069099706946 * gvn;3.73766364366929;3.73766364366929;3.73766364366929;3.73766364366929;0.003845;2;23.3069099706946 * gvn;1;2.66509664610632;
2;209.996005640015 * time_passes + 23.2745618387296 * gvn + 15.8214713440621 * instcombine;2.72438428309195;2.72438428309195;2.72438428309195;2.72438428309195;0.012502;3;15.8214713440621 * instcombine;1;1.01327936057734;
3;205.594323279095 * time_passes + 23.6460953114073 * gvn + 15.5518347735063 * instcombine + 8.64035166267441 * inline;1.57399660054429;1.57399660054429;1.57399660054429;1.57399660054429;0.026697;4;8.64035166267441 * inline;1;1.15038768254766;
4;207.040946461845 * time_passes + 23.7366915573263 * gvn + 14.111865431153 * instcombine + 8.68537634013805 * inline + -3.67764353595779 * ipsccp;1.36824410182193;1.36824410182193;1.36824410182193;1.36824410182193;0.047056;5;-3.67764353595779 * ipsccp;1;0.205752498722357;
Elapsed=00:00:00.0474871
Learning progress:
1;214.991388888889 * time_passes + 25.4866503267975 * gvn;3.49079366280381;3.49079366280381;3.49079366280381;3.49079366280381;0.004363;2;25.4866503267975 * gvn;1;1.8131021697001;
2;209.214154600025 * time_passes + 24.9202548082812 * gvn + 15.4059581036384 * instcombine;2.78069665904302;2.78069665904302;2.78069665904302;2.78069665904302;0.012868;3;15.4059581036384 * instcombine;1;0.710097003760785;
3;205.343001889758 * time_passes + 24.6971977470345 * gvn + 15.0892274273439 * instcombine + 8.44925657056389 * inline;1.62448880867862;1.62448880867862;1.62448880867862;1.62448880867862;0.025112;4;8.44925657056389 * inline;1;1.15620785036441;
4;207.296226090931 * time_passes + 24.3637854730394 * gvn + 13.561074025037 * instcombine + 8.23353946141677 * inline + -4.00163560483446 * ipsccp;1.405809661308;1.405809661308;1.405809661308;1.405809661308;0.044662;5;-4.00163560483446 * ipsccp;1;0.218679147370619;
5;207.861078196289 * time_passes + 24.3138543667725 * gvn + 13.4771845658636 * instcombine + 8.35651859425097 * inline + -4.30045239254896 * ipsccp + -1.11602626834377 * print_used_types;1.32931463193617;1.32931463193617;1.32931463193617;1.32931463193617;0.071593;6;-1.11602626834377 * print_used_types;1;0.0764950293718321;
Elapsed=00:00:00.0720862
Learning progress:
1;215.531666666667 * time_passes + 24.3705392156865 * gvn;3.52837892305061;3.52837892305061;3.52837892305061;3.52837892305061;0.004644;2;24.3705392156865 * gvn;1;2.19574573357397;
2;209.768479310345 * time_passes + 24.4673995073892 * gvn + 14.8196246305418 * instcombine;2.08622328275479;2.08622328275479;2.08622328275479;2.08622328275479;0.0129;3;14.8196246305418 * instcombine;1;1.44215564029582;
3;205.300284440754 * time_passes + 24.0712454239764 * gvn + 15.0594330371182 * instcombine + 9.54531500686061 * inline;1.31016190657774;1.31016190657774;1.31016190657774;1.31016190657774;0.026594;4;9.54531500686061 * inline;1;0.776061376177044;
4;206.027003083291 * time_passes + 22.5442050598988 * gvn + 15.0204299844801 * instcombine + 7.99284055871699 * inline + 3.18294375500858 * inline * gvn;1.21855471749112;1.21855471749112;1.21855471749112;1.21855471749112;0.048158;6;3.18294375500858 * inline * gvn;2;0.0458035945433138;
Elapsed=00:00:00.0486026
Learning progress:
1;215.172222222223 * time_passes + 24.5999843505477 * gvn;3.71589326311519;3.71589326311519;3.71589326311519;3.71589326311519;0.004609;2;24.5999843505477 * gvn;1;2.03819270828628;
2;209.883054686231 * time_passes + 24.9545820614115 * gvn + 14.5981023993364 * instcombine;2.0838549815456;2.0838549815456;2.0838549815456;2.0838549815456;0.012988;3;14.5981023993364 * instcombine;1;1.63203828156959;
3;205.204546090436 * time_passes + 24.3994300336383 * gvn + 14.9379464013603 * instcombine + 9.82253103310199 * inline;1.37898030416771;1.37898030416771;1.37898030416771;1.37898030416771;0.027272;4;9.82253103310199 * inline;1;0.704874677377891;
4;204.419718618798 * time_passes + 24.357140624896 * gvn + 15.1637599094768 * instcombine + 9.8770265774181 * inline + 1.50851291683797 * jump_threading;1.30669923698443;1.30669923698443;1.30669923698443;1.30669923698443;0.047889;5;1.50851291683797 * jump_threading;1;0.0722810671832745;
Elapsed=00:00:00.0483586
Learning progress:
1;216.334333333334 * time_passes + 23.2646190476191 * gvn;4.056880811105;4.056880811105;4.056880811105;4.056880811105;0.004465;2;23.2646190476191 * gvn;1;2.81706237286325;
2;210.389658784333 * time_passes + 24.0572423208193 * gvn + 13.8709072810013 * instcombine;2.39744900143461;2.39744900143461;2.39744900143461;2.39744900143461;0.01278;3;13.8709072810013 * instcombine;1;1.65943180967039;
3;205.594761578604 * time_passes + 24.0883780169602 * gvn + 14.4157819634702 * instcombine + 9.12275896934109 * inline;1.01750880092803;1.01750880092803;1.01750880092803;1.01750880092803;0.026282;4;9.12275896934109 * inline;1;1.37994020050658;
4;205.331139428412 * time_passes + 24.0738277817748 * gvn + 14.427169669899 * instcombine + 9.16901257922386 * inline + 0.532033644345763 * sccp;0.989813616262263;0.989813616262263;0.989813616262263;0.989813616262263;0.046019;5;0.532033644345763 * sccp;1;0.0276951846657676;
Elapsed=00:00:00.0464439
Learning progress:
1;215.631050228311 * time_passes + 23.3069099706946 * gvn;3.73766364366929;3.73766364366929;3.73766364366929;3.73766364366929;0.003816;2;23.3069099706946 * gvn;1;2.66509664610632;
2;209.996005640015 * time_passes + 23.2745618387296 * gvn + 15.8214713440621 * instcombine;2.72438428309195;2.72438428309195;2.72438428309195;2.72438428309195;0.012256;3;15.8214713440621 * instcombine;1;1.01327936057734;
3;205.594323279095 * time_passes + 23.6460953114073 * gvn + 15.5518347735063 * instcombine + 8.64035166267441 * inline;1.57399660054429;1.57399660054429;1.57399660054429;1.57399660054429;0.026529;4;8.64035166267441 * inline;1;1.15038768254766;
4;207.040946461845 * time_passes + 23.7366915573263 * gvn + 14.111865431153 * instcombine + 8.68537634013805 * inline + -3.67764353595779 * ipsccp;1.36824410182193;1.36824410182193;1.36824410182193;1.36824410182193;0.047797;5;-3.67764353595779 * ipsccp;1;0.205752498722357;
5;206.180914095404 * time_passes + 23.7488976351937 * gvn + 16.7232559774269 * instcombine + 10.560879722727 * inline + -3.83018670359492 * ipsccp + -5.24889998616026 * inline * instcombine;1.17834402881726;1.17834402881726;1.17834402881726;1.17834402881726;0.076286;7;-5.24889998616026 * inline * instcombine;2;0.0949500365023362;
Elapsed=00:00:00.0767731
Learning progress:
1;214.991388888889 * time_passes + 25.4866503267975 * gvn;3.49079366280381;3.49079366280381;3.49079366280381;3.49079366280381;0.003201;2;25.4866503267975 * gvn;1;1.8131021697001;
2;209.214154600025 * time_passes + 24.9202548082812 * gvn + 15.4059581036384 * instcombine;2.78069665904302;2.78069665904302;2.78069665904302;2.78069665904302;0.012124;3;15.4059581036384 * instcombine;1;0.710097003760785;
3;205.343001889758 * time_passes + 24.6971977470345 * gvn + 15.0892274273439 * instcombine + 8.44925657056389 * inline;1.62448880867862;1.62448880867862;1.62448880867862;1.62448880867862;0.025373;4;8.44925657056389 * inline;1;1.15620785036441;
4;207.296226090931 * time_passes + 24.3637854730394 * gvn + 13.561074025037 * instcombine + 8.23353946141677 * inline + -4.00163560483446 * ipsccp;1.405809661308;1.405809661308;1.405809661308;1.405809661308;0.045244;5;-4.00163560483446 * ipsccp;1;0.218679147370619;
5;207.861078196289 * time_passes + 24.3138543667725 * gvn + 13.4771845658636 * instcombine + 8.35651859425097 * inline + -4.30045239254896 * ipsccp + -1.11602626834377 * print_used_types;1.32931463193617;1.32931463193617;1.32931463193617;1.32931463193617;0.071941;6;-1.11602626834377 * print_used_types;1;0.0764950293718321;
Elapsed=00:00:00.0724235
Learning progress:
1;215.531666666667 * time_passes + 24.3705392156865 * gvn;3.52837892305061;3.52837892305061;3.52837892305061;3.52837892305061;0.004715;2;24.3705392156865 * gvn;1;2.19574573357397;
2;209.768479310345 * time_passes + 24.4673995073892 * gvn + 14.8196246305418 * instcombine;2.08622328275479;2.08622328275479;2.08622328275479;2.08622328275479;0.013299;3;14.8196246305418 * instcombine;1;1.44215564029582;
3;205.300284440754 * time_passes + 24.0712454239764 * gvn + 15.0594330371182 * instcombine + 9.54531500686061 * inline;1.31016190657774;1.31016190657774;1.31016190657774;1.31016190657774;0.027636;4;9.54531500686061 * inline;1;0.776061376177044;
4;206.027003083291 * time_passes + 22.5442050598988 * gvn + 15.0204299844801 * instcombine + 7.99284055871699 * inline + 3.18294375500858 * inline * gvn;1.21855471749112;1.21855471749112;1.21855471749112;1.21855471749112;0.048055;6;3.18294375500858 * inline * gvn;2;0.0458035945433138;
Elapsed=00:00:00.0484979
Learning progress:
1;215.172222222223 * time_passes + 24.5999843505477 * gvn;3.71589326311519;3.71589326311519;3.71589326311519;3.71589326311519;0.003821;2;24.5999843505477 * gvn;1;2.03819270828628;
2;209.883054686231 * time_passes + 24.9545820614115 * gvn + 14.5981023993364 * instcombine;2.0838549815456;2.0838549815456;2.0838549815456;2.0838549815456;0.012167;3;14.5981023993364 * instcombine;1;1.63203828156959;
3;205.204546090436 * time_passes + 24.3994300336383 * gvn + 14.9379464013603 * instcombine + 9.82253103310199 * inline;1.37898030416771;1.37898030416771;1.37898030416771;1.37898030416771;0.026393;4;9.82253103310199 * inline;1;0.704874677377891;
4;204.419718618798 * time_passes + 24.357140624896 * gvn + 15.1637599094768 * instcombine + 9.8770265774181 * inline + 1.50851291683797 * jump_threading;1.30669923698443;1.30669923698443;1.30669923698443;1.30669923698443;0.047813;5;1.50851291683797 * jump_threading;1;0.0722810671832745;
Elapsed=00:00:00.0483439
Learning progress:
1;216.334333333334 * time_passes + 23.2646190476191 * gvn;4.056880811105;4.056880811105;4.056880811105;4.056880811105;0.003946;2;23.2646190476191 * gvn;1;2.81706237286325;
2;210.389658784333 * time_passes + 24.0572423208193 * gvn + 13.8709072810013 * instcombine;2.39744900143461;2.39744900143461;2.39744900143461;2.39744900143461;0.013202;3;13.8709072810013 * instcombine;1;1.65943180967039;
3;205.594761578604 * time_passes + 24.0883780169602 * gvn + 14.4157819634702 * instcombine + 9.12275896934109 * inline;1.01750880092803;1.01750880092803;1.01750880092803;1.01750880092803;0.026212;4;9.12275896934109 * inline;1;1.37994020050658;
4;205.331139428412 * time_passes + 24.0738277817748 * gvn + 14.427169669899 * instcombine + 9.16901257922386 * inline + 0.532033644345763 * sccp;0.989813616262263;0.989813616262263;0.989813616262263;0.989813616262263;0.046957;5;0.532033644345763 * sccp;1;0.0276951846657676;
Elapsed=00:00:00.0474408
Learning progress:
1;215.631050228311 * time_passes + 23.3069099706946 * gvn;3.73766364366929;3.73766364366929;3.73766364366929;3.73766364366929;0.003877;2;23.3069099706946 * gvn;1;2.66509664610632;
2;209.996005640015 * time_passes + 23.2745618387296 * gvn + 15.8214713440621 * instcombine;2.72438428309195;2.72438428309195;2.72438428309195;2.72438428309195;0.012897;3;15.8214713440621 * instcombine;1;1.01327936057734;
3;205.594323279095 * time_passes + 23.6460953114073 * gvn + 15.5518347735063 * instcombine + 8.64035166267441 * inline;1.57399660054429;1.57399660054429;1.57399660054429;1.57399660054429;0.025865;4;8.64035166267441 * inline;1;1.15038768254766;
4;207.040946461845 * time_passes + 23.7366915573263 * gvn + 14.111865431153 * instcombine + 8.68537634013805 * inline + -3.67764353595779 * ipsccp;1.36824410182193;1.36824410182193;1.36824410182193;1.36824410182193;0.047196;5;-3.67764353595779 * ipsccp;1;0.205752498722357;
5;206.180914095404 * time_passes + 23.7488976351937 * gvn + 16.7232559774269 * instcombine + 10.560879722727 * inline + -3.83018670359492 * ipsccp + -5.24889998616026 * inline * instcombine;1.17834402881726;1.17834402881726;1.17834402881726;1.17834402881726;0.075847;7;-5.24889998616026 * inline * instcombine;2;0.0949500365023362;
Elapsed=00:00:00.0763398
Learning progress:
1;214.991388888889 * time_passes + 25.4866503267975 * gvn;3.49079366280381;3.49079366280381;3.49079366280381;3.49079366280381;0.00472;2;25.4866503267975 * gvn;1;1.8131021697001;
2;209.214154600025 * time_passes + 24.9202548082812 * gvn + 15.4059581036384 * instcombine;2.78069665904302;2.78069665904302;2.78069665904302;2.78069665904302;0.012511;3;15.4059581036384 * instcombine;1;0.710097003760785;
3;205.343001889758 * time_passes + 24.6971977470345 * gvn + 15.0892274273439 * instcombine + 8.44925657056389 * inline;1.62448880867862;1.62448880867862;1.62448880867862;1.62448880867862;0.026587;4;8.44925657056389 * inline;1;1.15620785036441;
4;207.296226090931 * time_passes + 24.3637854730394 * gvn + 13.561074025037 * instcombine + 8.23353946141677 * inline + -4.00163560483446 * ipsccp;1.405809661308;1.405809661308;1.405809661308;1.405809661308;0.047256;5;-4.00163560483446 * ipsccp;1;0.218679147370619;
Elapsed=00:00:00.0476863
Learning progress:
1;215.531666666667 * time_passes + 24.3705392156865 * gvn;3.52837892305061;3.52837892305061;3.52837892305061;3.52837892305061;0.004861;2;24.3705392156865 * gvn;1;2.19574573357397;
2;209.768479310345 * time_passes + 24.4673995073892 * gvn + 14.8196246305418 * instcombine;2.08622328275479;2.08622328275479;2.08622328275479;2.08622328275479;0.013315;3;14.8196246305418 * instcombine;1;1.44215564029582;
3;205.300284440754 * time_passes + 24.0712454239764 * gvn + 15.0594330371182 * instcombine + 9.54531500686061 * inline;1.31016190657774;1.31016190657774;1.31016190657774;1.31016190657774;0.026661;4;9.54531500686061 * inline;1;0.776061376177044;
4;206.027003083291 * time_passes + 22.5442050598988 * gvn + 15.0204299844801 * instcombine + 7.99284055871699 * inline + 3.18294375500858 * inline * gvn;1.21855471749112;1.21855471749112;1.21855471749112;1.21855471749112;0.047533;6;3.18294375500858 * inline * gvn;2;0.0458035945433138;
Elapsed=00:00:00.0480028
Learning progress:
1;215.172222222223 * time_passes + 24.5999843505477 * gvn;3.71589326311519;3.71589326311519;3.71589326311519;3.71589326311519;0.005258;2;24.5999843505477 * gvn;1;2.03819270828628;
2;209.883054686231 * time_passes + 24.9545820614115 * gvn + 14.5981023993364 * instcombine;2.0838549815456;2.0838549815456;2.0838549815456;2.0838549815456;0.013451;3;14.5981023993364 * instcombine;1;1.63203828156959;
3;205.204546090436 * time_passes + 24.3994300336383 * gvn + 14.9379464013603 * instcombine + 9.82253103310199 * inline;1.37898030416771;1.37898030416771;1.37898030416771;1.37898030416771;0.027603;4;9.82253103310199 * inline;1;0.704874677377891;
4;204.419718618798 * time_passes + 24.357140624896 * gvn + 15.1637599094768 * instcombine + 9.8770265774181 * inline + 1.50851291683797 * jump_threading;1.30669923698443;1.30669923698443;1.30669923698443;1.30669923698443;0.048435;5;1.50851291683797 * jump_threading;1;0.0722810671832745;
Elapsed=00:00:00.0489028
Learning progress:
1;216.334333333334 * time_passes + 23.2646190476191 * gvn;4.056880811105;4.056880811105;4.056880811105;4.056880811105;0.003871;2;23.2646190476191 * gvn;1;2.81706237286325;
2;210.389658784333 * time_passes + 24.0572423208193 * gvn + 13.8709072810013 * instcombine;2.39744900143461;2.39744900143461;2.39744900143461;2.39744900143461;0.012242;3;13.8709072810013 * instcombine;1;1.65943180967039;
3;205.594761578604 * time_passes + 24.0883780169602 * gvn + 14.4157819634702 * instcombine + 9.12275896934109 * inline;1.01750880092803;1.01750880092803;1.01750880092803;1.01750880092803;0.025496;4;9.12275896934109 * inline;1;1.37994020050658;
4;205.331139428412 * time_passes + 24.0738277817748 * gvn + 14.427169669899 * instcombine + 9.16901257922386 * inline + 0.532033644345763 * sccp;0.989813616262263;0.989813616262263;0.989813616262263;0.989813616262263;0.045911;5;0.532033644345763 * sccp;1;0.0276951846657676;
Elapsed=00:00:00.0463418
Learning progress:
1;215.631050228311 * time_passes + 23.3069099706946 * gvn;3.73766364366929;3.73766364366929;3.73766364366929;3.73766364366929;0.003961;2;23.3069099706946 * gvn;1;2.66509664610632;
2;209.996005640015 * time_passes + 23.2745618387296 * gvn + 15.8214713440621 * instcombine;2.72438428309195;2.72438428309195;2.72438428309195;2.72438428309195;0.01245;3;15.8214713440621 * instcombine;1;1.01327936057734;
3;205.594323279095 * time_passes + 23.6460953114073 * gvn + 15.5518347735063 * instcombine + 8.64035166267441 * inline;1.57399660054429;1.57399660054429;1.57399660054429;1.57399660054429;0.026532;4;8.64035166267441 * inline;1;1.15038768254766;
4;207.040946461845 * time_passes + 23.7366915573263 * gvn + 14.111865431153 * instcombine + 8.68537634013805 * inline + -3.67764353595779 * ipsccp;1.36824410182193;1.36824410182193;1.36824410182193;1.36824410182193;0.047384;5;-3.67764353595779 * ipsccp;1;0.205752498722357;
Elapsed=00:00:00.0478393
Learning progress:
1;214.991388888889 * time_passes + 25.4866503267975 * gvn;3.49079366280381;3.49079366280381;3.49079366280381;3.49079366280381;0.003931;2;25.4866503267975 * gvn;1;1.8131021697001;
2;209.214154600025 * time_passes + 24.9202548082812 * gvn + 15.4059581036384 * instcombine;2.78069665904302;2.78069665904302;2.78069665904302;2.78069665904302;0.013212;3;15.4059581036384 * instcombine;1;0.710097003760785;
3;205.343001889758 * time_passes + 24.6971977470345 * gvn + 15.0892274273439 * instcombine + 8.44925657056389 * inline;1.62448880867862;1.62448880867862;1.62448880867862;1.62448880867862;0.025606;4;8.44925657056389 * inline;1;1.15620785036441;
4;207.296226090931 * time_passes + 24.3637854730394 * gvn + 13.561074025037 * instcombine + 8.23353946141677 * inline + -4.00163560483446 * ipsccp;1.405809661308;1.405809661308;1.405809661308;1.405809661308;0.045933;5;-4.00163560483446 * ipsccp;1;0.218679147370619;
5;207.861078196289 * time_passes + 24.3138543667725 * gvn + 13.4771845658636 * instcombine + 8.35651859425097 * inline + -4.30045239254896 * ipsccp + -1.11602626834377 * print_used_types;1.32931463193617;1.32931463193617;1.32931463193617;1.32931463193617;0.072637;6;-1.11602626834377 * print_used_types;1;0.0764950293718321;
Elapsed=00:00:00.0731398
Learning progress:
1;215.531666666667 * time_passes + 24.3705392156865 * gvn;3.52837892305061;3.52837892305061;3.52837892305061;3.52837892305061;0.003377;2;24.3705392156865 * gvn;1;2.19574573357397;
2;209.768479310345 * time_passes + 24.4673995073892 * gvn + 14.8196246305418 * instcombine;2.08622328275479;2.08622328275479;2.08622328275479;2.08622328275479;0.012352;3;14.8196246305418 * instcombine;1;1.44215564029582;
3;205.300284440754 * time_passes + 24.0712454239764 * gvn + 15.0594330371182 * instcombine + 9.54531500686061 * inline;1.31016190657774;1.31016190657774;1.31016190657774;1.31016190657774;0.026506;4;9.54531500686061 * inline;1;0.776061376177044;
4;206.027003083291 * time_passes + 22.5442050598988 * gvn + 15.0204299844801 * instcombine + 7.99284055871699 * inline + 3.18294375500858 * inline * gvn;1.21855471749112;1.21855471749112;1.21855471749112;1.21855471749112;0.046848;6;3.18294375500858 * inline * gvn;2;0.0458035945433138;
Elapsed=00:00:00.0472919
Learning progress:
1;215.172222222223 * time_passes + 24.5999843505477 * gvn;3.71589326311519;3.71589326311519;3.71589326311519;3.71589326311519;0.004761;2;24.5999843505477 * gvn;1;2.03819270828628;
2;209.883054686231 * time_passes + 24.9545820614115 * gvn + 14.5981023993364 * instcombine;2.0838549815456;2.0838549815456;2.0838549815456;2.0838549815456;0.013126;3;14.5981023993364 * instcombine;1;1.63203828156959;
3;205.204546090436 * time_passes + 24.3994300336383 * gvn + 14.9379464013603 * instcombine + 9.82253103310199 * inline;1.37898030416771;1.37898030416771;1.37898030416771;1.37898030416771;0.02691;4;9.82253103310199 * inline;1;0.704874677377891;
4;204.419718618798 * time_passes + 24.357140624896 * gvn + 15.1637599094768 * instcombine + 9.8770265774181 * inline + 1.50851291683797 * jump_threading;1.30669923698443;1.30669923698443;1.30669923698443;1.30669923698443;0.048327;5;1.50851291683797 * jump_threading;1;0.0722810671832745;
Elapsed=00:00:00.0487916
Learning progress:
1;216.334333333334 * time_passes + 23.2646190476191 * gvn;4.056880811105;4.056880811105;4.056880811105;4.056880811105;0.004795;2;23.2646190476191 * gvn;1;2.81706237286325;
2;210.389658784333 * time_passes + 24.0572423208193 * gvn + 13.8709072810013 * instcombine;2.39744900143461;2.39744900143461;2.39744900143461;2.39744900143461;0.013009;3;13.8709072810013 * instcombine;1;1.65943180967039;
3;205.594761578604 * time_passes + 24.0883780169602 * gvn + 14.4157819634702 * instcombine + 9.12275896934109 * inline;1.01750880092803;1.01750880092803;1.01750880092803;1.01750880092803;0.026618;4;9.12275896934109 * inline;1;1.37994020050658;
4;205.331139428412 * time_passes + 24.0738277817748 * gvn + 14.427169669899 * instcombine + 9.16901257922386 * inline + 0.532033644345763 * sccp;0.989813616262263;0.989813616262263;0.989813616262263;0.989813616262263;0.046709;5;0.532033644345763 * sccp;1;0.0276951846657676;
Elapsed=00:00:00.0471363
Learning progress:
1;215.631050228311 * time_passes + 23.3069099706946 * gvn;3.73766364366929;3.73766364366929;3.73766364366929;3.73766364366929;0.003868;2;23.3069099706946 * gvn;1;2.66509664610632;
2;209.996005640015 * time_passes + 23.2745618387296 * gvn + 15.8214713440621 * instcombine;2.72438428309195;2.72438428309195;2.72438428309195;2.72438428309195;0.012298;3;15.8214713440621 * instcombine;1;1.01327936057734;
3;205.594323279095 * time_passes + 23.6460953114073 * gvn + 15.5518347735063 * instcombine + 8.64035166267441 * inline;1.57399660054429;1.57399660054429;1.57399660054429;1.57399660054429;0.027011;4;8.64035166267441 * inline;1;1.15038768254766;
4;207.040946461845 * time_passes + 23.7366915573263 * gvn + 14.111865431153 * instcombine + 8.68537634013805 * inline + -3.67764353595779 * ipsccp;1.36824410182193;1.36824410182193;1.36824410182193;1.36824410182193;0.048425;5;-3.67764353595779 * ipsccp;1;0.205752498722357;
5;206.180914095404 * time_passes + 23.7488976351937 * gvn + 16.7232559774269 * instcombine + 10.560879722727 * inline + -3.83018670359492 * ipsccp + -5.24889998616026 * inline * instcombine;1.17834402881726;1.17834402881726;1.17834402881726;1.17834402881726;0.076513;7;-5.24889998616026 * inline * instcombine;2;0.0949500365023362;
Elapsed=00:00:00.0769911
Learning progress:
1;214.991388888889 * time_passes + 25.4866503267975 * gvn;3.49079366280381;3.49079366280381;3.49079366280381;3.49079366280381;0.003861;2;25.4866503267975 * gvn;1;1.8131021697001;
2;209.214154600025 * time_passes + 24.9202548082812 * gvn + 15.4059581036384 * instcombine;2.78069665904302;2.78069665904302;2.78069665904302;2.78069665904302;0.013205;3;15.4059581036384 * instcombine;1;0.710097003760785;
3;205.343001889758 * time_passes + 24.6971977470345 * gvn + 15.0892274273439 * instcombine + 8.44925657056389 * inline;1.62448880867862;1.62448880867862;1.62448880867862;1.62448880867862;0.027166;4;8.44925657056389 * inline;1;1.15620785036441;
4;207.296226090931 * time_passes + 24.3637854730394 * gvn + 13.561074025037 * instcombine + 8.23353946141677 * inline + -4.00163560483446 * ipsccp;1.405809661308;1.405809661308;1.405809661308;1.405809661308;0.047257;5;-4.00163560483446 * ipsccp;1;0.218679147370619;
5;207.861078196289 * time_passes + 24.3138543667725 * gvn + 13.4771845658636 * instcombine + 8.35651859425097 * inline + -4.30045239254896 * ipsccp + -1.11602626834377 * print_used_types;1.32931463193617;1.32931463193617;1.32931463193617;1.32931463193617;0.073513;6;-1.11602626834377 * print_used_types;1;0.0764950293718321;
Elapsed=00:00:00.0740517
Learning progress:
1;215.531666666667 * time_passes + 24.3705392156865 * gvn;3.52837892305061;3.52837892305061;3.52837892305061;3.52837892305061;0.00428;2;24.3705392156865 * gvn;1;2.19574573357397;
2;209.768479310345 * time_passes + 24.4673995073892 * gvn + 14.8196246305418 * instcombine;2.08622328275479;2.08622328275479;2.08622328275479;2.08622328275479;0.012693;3;14.8196246305418 * instcombine;1;1.44215564029582;
3;205.300284440754 * time_passes + 24.0712454239764 * gvn + 15.0594330371182 * instcombine + 9.54531500686061 * inline;1.31016190657774;1.31016190657774;1.31016190657774;1.31016190657774;0.026838;4;9.54531500686061 * inline;1;0.776061376177044;
4;206.027003083291 * time_passes + 22.5442050598988 * gvn + 15.0204299844801 * instcombine + 7.99284055871699 * inline + 3.18294375500858 * inline * gvn;1.21855471749112;1.21855471749112;1.21855471749112;1.21855471749112;0.046903;6;3.18294375500858 * inline * gvn;2;0.0458035945433138;
Elapsed=00:00:00.0473477
Learning progress:
1;215.172222222223 * time_passes + 24.5999843505477 * gvn;3.71589326311519;3.71589326311519;3.71589326311519;3.71589326311519;0.003421;2;24.5999843505477 * gvn;1;2.03819270828628;
2;209.883054686231 * time_passes + 24.9545820614115 * gvn + 14.5981023993364 * instcombine;2.0838549815456;2.0838549815456;2.0838549815456;2.0838549815456;0.012065;3;14.5981023993364 * instcombine;1;1.63203828156959;
3;205.204546090436 * time_passes + 24.3994300336383 * gvn + 14.9379464013603 * instcombine + 9.82253103310199 * inline;1.37898030416771;1.37898030416771;1.37898030416771;1.37898030416771;0.026244;4;9.82253103310199 * inline;1;0.704874677377891;
4;204.419718618798 * time_passes + 24.357140624896 * gvn + 15.1637599094768 * instcombine + 9.8770265774181 * inline + 1.50851291683797 * jump_threading;1.30669923698443;1.30669923698443;1.30669923698443;1.30669923698443;0.047407;5;1.50851291683797 * jump_threading;1;0.0722810671832745;
Elapsed=00:00:00.0478712
Learning progress:
1;216.334333333334 * time_passes + 23.2646190476191 * gvn;4.056880811105;4.056880811105;4.056880811105;4.056880811105;0.003772;2;23.2646190476191 * gvn;1;2.81706237286325;
2;210.389658784333 * time_passes + 24.0572423208193 * gvn + 13.8709072810013 * instcombine;2.39744900143461;2.39744900143461;2.39744900143461;2.39744900143461;0.011994;3;13.8709072810013 * instcombine;1;1.65943180967039;
3;205.594761578604 * time_passes + 24.0883780169602 * gvn + 14.4157819634702 * instcombine + 9.12275896934109 * inline;1.01750880092803;1.01750880092803;1.01750880092803;1.01750880092803;0.025733;4;9.12275896934109 * inline;1;1.37994020050658;
4;205.331139428412 * time_passes + 24.0738277817748 * gvn + 14.427169669899 * instcombine + 9.16901257922386 * inline + 0.532033644345763 * sccp;0.989813616262263;0.989813616262263;0.989813616262263;0.989813616262263;0.046094;5;0.532033644345763 * sccp;1;0.0276951846657676;
Elapsed=00:00:00.0465182
Learning progress:
1;215.631050228311 * time_passes + 23.3069099706946 * gvn;3.73766364366929;3.73766364366929;3.73766364366929;3.73766364366929;0.003792;2;23.3069099706946 * gvn;1;2.66509664610632;
2;209.996005640015 * time_passes + 23.2745618387296 * gvn + 15.8214713440621 * instcombine;2.72438428309195;2.72438428309195;2.72438428309195;2.72438428309195;0.011624;3;15.8214713440621 * instcombine;1;1.01327936057734;
3;205.594323279095 * time_passes + 23.6460953114073 * gvn + 15.5518347735063 * instcombine + 8.64035166267441 * inline;1.57399660054429;1.57399660054429;1.57399660054429;1.57399660054429;0.0254;4;8.64035166267441 * inline;1;1.15038768254766;
4;207.040946461845 * time_passes + 23.7366915573263 * gvn + 14.111865431153 * instcombine + 8.68537634013805 * inline + -3.67764353595779 * ipsccp;1.36824410182193;1.36824410182193;1.36824410182193;1.36824410182193;0.046211;5;-3.67764353595779 * ipsccp;1;0.205752498722357;
5;206.180914095404 * time_passes + 23.7488976351937 * gvn + 16.7232559774269 * instcombine + 10.560879722727 * inline + -3.83018670359492 * ipsccp + -5.24889998616026 * inline * instcombine;1.17834402881726;1.17834402881726;1.17834402881726;1.17834402881726;0.073845;7;-5.24889998616026 * inline * instcombine;2;0.0949500365023362;
Elapsed=00:00:00.0743254
Learning progress:
1;214.991388888889 * time_passes + 25.4866503267975 * gvn;3.49079366280381;3.49079366280381;3.49079366280381;3.49079366280381;0.004618;2;25.4866503267975 * gvn;1;1.8131021697001;
2;209.214154600025 * time_passes + 24.9202548082812 * gvn + 15.4059581036384 * instcombine;2.78069665904302;2.78069665904302;2.78069665904302;2.78069665904302;0.013047;3;15.4059581036384 * instcombine;1;0.710097003760785;
3;205.343001889758 * time_passes + 24.6971977470345 * gvn + 15.0892274273439 * instcombine + 8.44925657056389 * inline;1.62448880867862;1.62448880867862;1.62448880867862;1.62448880867862;0.026498;4;8.44925657056389 * inline;1;1.15620785036441;
4;207.296226090931 * time_passes + 24.3637854730394 * gvn + 13.561074025037 * instcombine + 8.23353946141677 * inline + -4.00163560483446 * ipsccp;1.405809661308;1.405809661308;1.405809661308;1.405809661308;0.047111;5;-4.00163560483446 * ipsccp;1;0.218679147370619;
Elapsed=00:00:00.0475329
Learning progress:
1;215.531666666667 * time_passes + 24.3705392156865 * gvn;3.52837892305061;3.52837892305061;3.52837892305061;3.52837892305061;0.004949;2;24.3705392156865 * gvn;1;2.19574573357397;
2;209.768479310345 * time_passes + 24.4673995073892 * gvn + 14.8196246305418 * instcombine;2.08622328275479;2.08622328275479;2.08622328275479;2.08622328275479;0.012908;3;14.8196246305418 * instcombine;1;1.44215564029582;
3;205.300284440754 * time_passes + 24.0712454239764 * gvn + 15.0594330371182 * instcombine + 9.54531500686061 * inline;1.31016190657774;1.31016190657774;1.31016190657774;1.31016190657774;0.026508;4;9.54531500686061 * inline;1;0.776061376177044;
4;206.027003083291 * time_passes + 22.5442050598988 * gvn + 15.0204299844801 * instcombine + 7.99284055871699 * inline + 3.18294375500858 * inline * gvn;1.21855471749112;1.21855471749112;1.21855471749112;1.21855471749112;0.047828;6;3.18294375500858 * inline * gvn;2;0.0458035945433138;
Elapsed=00:00:00.0482701
Learning progress:
1;215.172222222223 * time_passes + 24.5999843505477 * gvn;3.71589326311519;3.71589326311519;3.71589326311519;3.71589326311519;0.004747;2;24.5999843505477 * gvn;1;2.03819270828628;
2;209.883054686231 * time_passes + 24.9545820614115 * gvn + 14.5981023993364 * instcombine;2.0838549815456;2.0838549815456;2.0838549815456;2.0838549815456;0.013065;3;14.5981023993364 * instcombine;1;1.63203828156959;
3;205.204546090436 * time_passes + 24.3994300336383 * gvn + 14.9379464013603 * instcombine + 9.82253103310199 * inline;1.37898030416771;1.37898030416771;1.37898030416771;1.37898030416771;0.02713;4;9.82253103310199 * inline;1;0.704874677377891;
4;204.419718618798 * time_passes + 24.357140624896 * gvn + 15.1637599094768 * instcombine + 9.8770265774181 * inline + 1.50851291683797 * jump_threading;1.30669923698443;1.30669923698443;1.30669923698443;1.30669923698443;0.04774;5;1.50851291683797 * jump_threading;1;0.0722810671832745;
Elapsed=00:00:00.0482140
Learning progress:
1;216.334333333334 * time_passes + 23.2646190476191 * gvn;4.056880811105;4.056880811105;4.056880811105;4.056880811105;0.00368;2;23.2646190476191 * gvn;1;2.81706237286325;
2;210.389658784333 * time_passes + 24.0572423208193 * gvn + 13.8709072810013 * instcombine;2.39744900143461;2.39744900143461;2.39744900143461;2.39744900143461;0.012218;3;13.8709072810013 * instcombine;1;1.65943180967039;
3;205.594761578604 * time_passes + 24.0883780169602 * gvn + 14.4157819634702 * instcombine + 9.12275896934109 * inline;1.01750880092803;1.01750880092803;1.01750880092803;1.01750880092803;0.02608;4;9.12275896934109 * inline;1;1.37994020050658;
4;205.331139428412 * time_passes + 24.0738277817748 * gvn + 14.427169669899 * instcombine + 9.16901257922386 * inline + 0.532033644345763 * sccp;0.989813616262263;0.989813616262263;0.989813616262263;0.989813616262263;0.046748;5;0.532033644345763 * sccp;1;0.0276951846657676;
Elapsed=00:00:00.0471824
Learning progress:
1;215.631050228311 * time_passes + 23.3069099706946 * gvn;3.73766364366929;3.73766364366929;3.73766364366929;3.73766364366929;0.003906;2;23.3069099706946 * gvn;1;2.66509664610632;
2;209.996005640015 * time_passes + 23.2745618387296 * gvn + 15.8214713440621 * instcombine;2.72438428309195;2.72438428309195;2.72438428309195;2.72438428309195;0.012371;3;15.8214713440621 * instcombine;1;1.01327936057734;
3;205.594323279095 * time_passes + 23.6460953114073 * gvn + 15.5518347735063 * instcombine + 8.64035166267441 * inline;1.57399660054429;1.57399660054429;1.57399660054429;1.57399660054429;0.026131;4;8.64035166267441 * inline;1;1.15038768254766;
4;207.040946461845 * time_passes + 23.7366915573263 * gvn + 14.111865431153 * instcombine + 8.68537634013805 * inline + -3.67764353595779 * ipsccp;1.36824410182193;1.36824410182193;1.36824410182193;1.36824410182193;0.047196;5;-3.67764353595779 * ipsccp;1;0.205752498722357;
Elapsed=00:00:00.0476276
Learning progress:
1;214.991388888889 * time_passes + 25.4866503267975 * gvn;3.49079366280381;3.49079366280381;3.49079366280381;3.49079366280381;0.003783;2;25.4866503267975 * gvn;1;1.8131021697001;
2;209.214154600025 * time_passes + 24.9202548082812 * gvn + 15.4059581036384 * instcombine;2.78069665904302;2.78069665904302;2.78069665904302;2.78069665904302;0.012995;3;15.4059581036384 * instcombine;1;0.710097003760785;
3;205.343001889758 * time_passes + 24.6971977470345 * gvn + 15.0892274273439 * instcombine + 8.44925657056389 * inline;1.62448880867862;1.62448880867862;1.62448880867862;1.62448880867862;0.025009;4;8.44925657056389 * inline;1;1.15620785036441;
4;207.296226090931 * time_passes + 24.3637854730394 * gvn + 13.561074025037 * instcombine + 8.23353946141677 * inline + -4.00163560483446 * ipsccp;1.405809661308;1.405809661308;1.405809661308;1.405809661308;0.044638;5;-4.00163560483446 * ipsccp;1;0.218679147370619;
5;207.861078196289 * time_passes + 24.3138543667725 * gvn + 13.4771845658636 * instcombine + 8.35651859425097 * inline + -4.30045239254896 * ipsccp + -1.11602626834377 * print_used_types;1.32931463193617;1.32931463193617;1.32931463193617;1.32931463193617;0.072379;6;-1.11602626834377 * print_used_types;1;0.0764950293718321;
Elapsed=00:00:00.0729053
Learning progress:
1;215.531666666667 * time_passes + 24.3705392156865 * gvn;3.52837892305061;3.52837892305061;3.52837892305061;3.52837892305061;0.003892;2;24.3705392156865 * gvn;1;2.19574573357397;
2;209.768479310345 * time_passes + 24.4673995073892 * gvn + 14.8196246305418 * instcombine;2.08622328275479;2.08622328275479;2.08622328275479;2.08622328275479;0.013165;3;14.8196246305418 * instcombine;1;1.44215564029582;
3;205.300284440754 * time_passes + 24.0712454239764 * gvn + 15.0594330371182 * instcombine + 9.54531500686061 * inline;1.31016190657774;1.31016190657774;1.31016190657774;1.31016190657774;0.027189;4;9.54531500686061 * inline;1;0.776061376177044;
4;206.027003083291 * time_passes + 22.5442050598988 * gvn + 15.0204299844801 * instcombine + 7.99284055871699 * inline + 3.18294375500858 * inline * gvn;1.21855471749112;1.21855471749112;1.21855471749112;1.21855471749112;0.047079;6;3.18294375500858 * inline * gvn;2;0.0458035945433138;
Elapsed=00:00:00.0475254
Learning progress:
1;215.172222222223 * time_passes + 24.5999843505477 * gvn;3.71589326311519;3.71589326311519;3.71589326311519;3.71589326311519;0.004641;2;24.5999843505477 * gvn;1;2.03819270828628;
2;209.883054686231 * time_passes + 24.9545820614115 * gvn + 14.5981023993364 * instcombine;2.0838549815456;2.0838549815456;2.0838549815456;2.0838549815456;0.013027;3;14.5981023993364 * instcombine;1;1.63203828156959;
3;205.204546090436 * time_passes + 24.3994300336383 * gvn + 14.9379464013603 * instcombine + 9.82253103310199 * inline;1.37898030416771;1.37898030416771;1.37898030416771;1.37898030416771;0.026903;4;9.82253103310199 * inline;1;0.704874677377891;
4;204.419718618798 * time_passes + 24.357140624896 * gvn + 15.1637599094768 * instcombine + 9.8770265774181 * inline + 1.50851291683797 * jump_threading;1.30669923698443;1.30669923698443;1.30669923698443;1.30669923698443;0.047211;5;1.50851291683797 * jump_threading;1;0.0722810671832745;
Elapsed=00:00:00.0476763
Learning progress:
1;216.334333333334 * time_passes + 23.2646190476191 * gvn;4.056880811105;4.056880811105;4.056880811105;4.056880811105;0.004612;2;23.2646190476191 * gvn;1;2.81706237286325;
2;210.389658784333 * time_passes + 24.0572423208193 * gvn + 13.8709072810013 * instcombine;2.39744900143461;2.39744900143461;2.39744900143461;2.39744900143461;0.01249;3;13.8709072810013 * instcombine;1;1.65943180967039;
3;205.594761578604 * time_passes + 24.0883780169602 * gvn + 14.4157819634702 * instcombine + 9.12275896934109 * inline;1.01750880092803;1.01750880092803;1.01750880092803;1.01750880092803;0.026367;4;9.12275896934109 * inline;1;1.37994020050658;
4;205.331139428412 * time_passes + 24.0738277817748 * gvn + 14.427169669899 * instcombine + 9.16901257922386 * inline + 0.532033644345763 * sccp;0.989813616262263;0.989813616262263;0.989813616262263;0.989813616262263;0.04634;5;0.532033644345763 * sccp;1;0.0276951846657676;
Elapsed=00:00:00.0467623
Learning progress:
1;215.631050228311 * time_passes + 23.3069099706946 * gvn;3.73766364366929;3.73766364366929;3.73766364366929;3.73766364366929;0.004439;2;23.3069099706946 * gvn;1;2.66509664610632;
2;209.996005640015 * time_passes + 23.2745618387296 * gvn + 15.8214713440621 * instcombine;2.72438428309195;2.72438428309195;2.72438428309195;2.72438428309195;0.01306;3;15.8214713440621 * instcombine;1;1.01327936057734;
3;205.594323279095 * time_passes + 23.6460953114073 * gvn + 15.5518347735063 * instcombine + 8.64035166267441 * inline;1.57399660054429;1.57399660054429;1.57399660054429;1.57399660054429;0.027633;4;8.64035166267441 * inline;1;1.15038768254766;
4;207.040946461845 * time_passes + 23.7366915573263 * gvn + 14.111865431153 * instcombine + 8.68537634013805 * inline + -3.67764353595779 * ipsccp;1.36824410182193;1.36824410182193;1.36824410182193;1.36824410182193;0.048002;5;-3.67764353595779 * ipsccp;1;0.205752498722357;
5;206.180914095404 * time_passes + 23.7488976351937 * gvn + 16.7232559774269 * instcombine + 10.560879722727 * inline + -3.83018670359492 * ipsccp + -5.24889998616026 * inline * instcombine;1.17834402881726;1.17834402881726;1.17834402881726;1.17834402881726;0.075327;7;-5.24889998616026 * inline * instcombine;2;0.0949500365023362;
Elapsed=00:00:00.0765938
Learning progress:
1;214.991388888889 * time_passes + 25.4866503267975 * gvn;3.49079366280381;3.49079366280381;3.49079366280381;3.49079366280381;0.003834;2;25.4866503267975 * gvn;1;1.8131021697001;
2;209.214154600025 * time_passes + 24.9202548082812 * gvn + 15.4059581036384 * instcombine;2.78069665904302;2.78069665904302;2.78069665904302;2.78069665904302;0.013155;3;15.4059581036384 * instcombine;1;0.710097003760785;
3;205.343001889758 * time_passes + 24.6971977470345 * gvn + 15.0892274273439 * instcombine + 8.44925657056389 * inline;1.62448880867862;1.62448880867862;1.62448880867862;1.62448880867862;0.026309;4;8.44925657056389 * inline;1;1.15620785036441;
4;207.296226090931 * time_passes + 24.3637854730394 * gvn + 13.561074025037 * instcombine + 8.23353946141677 * inline + -4.00163560483446 * ipsccp;1.405809661308;1.405809661308;1.405809661308;1.405809661308;0.047521;5;-4.00163560483446 * ipsccp;1;0.218679147370619;
5;207.861078196289 * time_passes + 24.3138543667725 * gvn + 13.4771845658636 * instcombine + 8.35651859425097 * inline + -4.30045239254896 * ipsccp + -1.11602626834377 * print_used_types;1.32931463193617;1.32931463193617;1.32931463193617;1.32931463193617;0.07424;6;-1.11602626834377 * print_used_types;1;0.0764950293718321;
Elapsed=00:00:00.0747590
Learning progress:
1;215.531666666667 * time_passes + 24.3705392156865 * gvn;3.52837892305061;3.52837892305061;3.52837892305061;3.52837892305061;0.004824;2;24.3705392156865 * gvn;1;2.19574573357397;
2;209.768479310345 * time_passes + 24.4673995073892 * gvn + 14.8196246305418 * instcombine;2.08622328275479;2.08622328275479;2.08622328275479;2.08622328275479;0.012864;3;14.8196246305418 * instcombine;1;1.44215564029582;
3;205.300284440754 * time_passes + 24.0712454239764 * gvn + 15.0594330371182 * instcombine + 9.54531500686061 * inline;1.31016190657774;1.31016190657774;1.31016190657774;1.31016190657774;0.026851;4;9.54531500686061 * inline;1;0.776061376177044;
4;206.027003083291 * time_passes + 22.5442050598988 * gvn + 15.0204299844801 * instcombine + 7.99284055871699 * inline + 3.18294375500858 * inline * gvn;1.21855471749112;1.21855471749112;1.21855471749112;1.21855471749112;0.047959;6;3.18294375500858 * inline * gvn;2;0.0458035945433138;
Elapsed=00:00:00.0484169
Learning progress:
1;215.172222222223 * time_passes + 24.5999843505477 * gvn;3.71589326311519;3.71589326311519;3.71589326311519;3.71589326311519;0.004671;2;24.5999843505477 * gvn;1;2.03819270828628;
2;209.883054686231 * time_passes + 24.9545820614115 * gvn + 14.5981023993364 * instcombine;2.0838549815456;2.0838549815456;2.0838549815456;2.0838549815456;0.013166;3;14.5981023993364 * instcombine;1;1.63203828156959;
3;205.204546090436 * time_passes + 24.3994300336383 * gvn + 14.9379464013603 * instcombine + 9.82253103310199 * inline;1.37898030416771;1.37898030416771;1.37898030416771;1.37898030416771;0.027279;4;9.82253103310199 * inline;1;0.704874677377891;
4;204.419718618798 * time_passes + 24.357140624896 * gvn + 15.1637599094768 * instcombine + 9.8770265774181 * inline + 1.50851291683797 * jump_threading;1.30669923698443;1.30669923698443;1.30669923698443;1.30669923698443;0.048301;5;1.50851291683797 * jump_threading;1;0.0722810671832745;
Elapsed=00:00:00.0487704
Learning progress:
1;216.334333333334 * time_passes + 23.2646190476191 * gvn;4.056880811105;4.056880811105;4.056880811105;4.056880811105;0.003791;2;23.2646190476191 * gvn;1;2.81706237286325;
2;210.389658784333 * time_passes + 24.0572423208193 * gvn + 13.8709072810013 * instcombine;2.39744900143461;2.39744900143461;2.39744900143461;2.39744900143461;0.012116;3;13.8709072810013 * instcombine;1;1.65943180967039;
3;205.594761578604 * time_passes + 24.0883780169602 * gvn + 14.4157819634702 * instcombine + 9.12275896934109 * inline;1.01750880092803;1.01750880092803;1.01750880092803;1.01750880092803;0.025797;4;9.12275896934109 * inline;1;1.37994020050658;
4;205.331139428412 * time_passes + 24.0738277817748 * gvn + 14.427169669899 * instcombine + 9.16901257922386 * inline + 0.532033644345763 * sccp;0.989813616262263;0.989813616262263;0.989813616262263;0.989813616262263;0.04619;5;0.532033644345763 * sccp;1;0.0276951846657676;
Elapsed=00:00:00.0467198
Learning progress:
1;215.631050228311 * time_passes + 23.3069099706946 * gvn;3.73766364366929;3.73766364366929;3.73766364366929;3.73766364366929;0.003904;2;23.3069099706946 * gvn;1;2.66509664610632;
2;209.996005640015 * time_passes + 23.2745618387296 * gvn + 15.8214713440621 * instcombine;2.72438428309195;2.72438428309195;2.72438428309195;2.72438428309195;0.012012;3;15.8214713440621 * instcombine;1;1.01327936057734;
3;205.594323279095 * time_passes + 23.6460953114073 * gvn + 15.5518347735063 * instcombine + 8.64035166267441 * inline;1.57399660054429;1.57399660054429;1.57399660054429;1.57399660054429;0.025777;4;8.64035166267441 * inline;1;1.15038768254766;
4;207.040946461845 * time_passes + 23.7366915573263 * gvn + 14.111865431153 * instcombine + 8.68537634013805 * inline + -3.67764353595779 * ipsccp;1.36824410182193;1.36824410182193;1.36824410182193;1.36824410182193;0.045968;5;-3.67764353595779 * ipsccp;1;0.205752498722357;
5;206.180914095404 * time_passes + 23.7488976351937 * gvn + 16.7232559774269 * instcombine + 10.560879722727 * inline + -3.83018670359492 * ipsccp + -5.24889998616026 * inline * instcombine;1.17834402881726;1.17834402881726;1.17834402881726;1.17834402881726;0.074104;7;-5.24889998616026 * inline * instcombine;2;0.0949500365023362;
Elapsed=00:00:00.0745831
Learning progress:
1;214.991388888889 * time_passes + 25.4866503267975 * gvn;3.49079366280381;3.49079366280381;3.49079366280381;3.49079366280381;0.003835;2;25.4866503267975 * gvn;1;1.8131021697001;
2;209.214154600025 * time_passes + 24.9202548082812 * gvn + 15.4059581036384 * instcombine;2.78069665904302;2.78069665904302;2.78069665904302;2.78069665904302;0.013168;3;15.4059581036384 * instcombine;1;0.710097003760785;
3;205.343001889758 * time_passes + 24.6971977470345 * gvn + 15.0892274273439 * instcombine + 8.44925657056389 * inline;1.62448880867862;1.62448880867862;1.62448880867862;1.62448880867862;0.027116;4;8.44925657056389 * inline;1;1.15620785036441;
4;207.296226090931 * time_passes + 24.3637854730394 * gvn + 13.561074025037 * instcombine + 8.23353946141677 * inline + -4.00163560483446 * ipsccp;1.405809661308;1.405809661308;1.405809661308;1.405809661308;0.047539;5;-4.00163560483446 * ipsccp;1;0.218679147370619;
Elapsed=00:00:00.0479556
Learning progress:
1;215.531666666667 * time_passes + 24.3705392156865 * gvn;3.52837892305061;3.52837892305061;3.52837892305061;3.52837892305061;0.004664;2;24.3705392156865 * gvn;1;2.19574573357397;
2;209.768479310345 * time_passes + 24.4673995073892 * gvn + 14.8196246305418 * instcombine;2.08622328275479;2.08622328275479;2.08622328275479;2.08622328275479;0.013356;3;14.8196246305418 * instcombine;1;1.44215564029582;
3;205.300284440754 * time_passes + 24.0712454239764 * gvn + 15.0594330371182 * instcombine + 9.54531500686061 * inline;1.31016190657774;1.31016190657774;1.31016190657774;1.31016190657774;0.027664;4;9.54531500686061 * inline;1;0.776061376177044;
4;206.027003083291 * time_passes + 22.5442050598988 * gvn + 15.0204299844801 * instcombine + 7.99284055871699 * inline + 3.18294375500858 * inline * gvn;1.21855471749112;1.21855471749112;1.21855471749112;1.21855471749112;0.048495;6;3.18294375500858 * inline * gvn;2;0.0458035945433138;
Elapsed=00:00:00.0489680
Learning progress:
1;215.172222222223 * time_passes + 24.5999843505477 * gvn;3.71589326311519;3.71589326311519;3.71589326311519;3.71589326311519;0.0046;2;24.5999843505477 * gvn;1;2.03819270828628;
2;209.883054686231 * time_passes + 24.9545820614115 * gvn + 14.5981023993364 * instcombine;2.0838549815456;2.0838549815456;2.0838549815456;2.0838549815456;0.012705;3;14.5981023993364 * instcombine;1;1.63203828156959;
3;205.204546090436 * time_passes + 24.3994300336383 * gvn + 14.9379464013603 * instcombine + 9.82253103310199 * inline;1.37898030416771;1.37898030416771;1.37898030416771;1.37898030416771;0.0262;4;9.82253103310199 * inline;1;0.704874677377891;
4;204.419718618798 * time_passes + 24.357140624896 * gvn + 15.1637599094768 * instcombine + 9.8770265774181 * inline + 1.50851291683797 * jump_threading;1.30669923698443;1.30669923698443;1.30669923698443;1.30669923698443;0.051264;5;1.50851291683797 * jump_threading;1;0.0722810671832745;
Elapsed=00:00:00.0517570
Learning progress:
1;216.334333333334 * time_passes + 23.2646190476191 * gvn;4.056880811105;4.056880811105;4.056880811105;4.056880811105;0.012905;2;23.2646190476191 * gvn;1;2.81706237286325;
2;210.389658784333 * time_passes + 24.0572423208193 * gvn + 13.8709072810013 * instcombine;2.39744900143461;2.39744900143461;2.39744900143461;2.39744900143461;0.020957;3;13.8709072810013 * instcombine;1;1.65943180967039;
3;205.594761578604 * time_passes + 24.0883780169602 * gvn + 14.4157819634702 * instcombine + 9.12275896934109 * inline;1.01750880092803;1.01750880092803;1.01750880092803;1.01750880092803;0.035939;4;9.12275896934109 * inline;1;1.37994020050658;
4;205.331139428412 * time_passes + 24.0738277817748 * gvn + 14.427169669899 * instcombine + 9.16901257922386 * inline + 0.532033644345763 * sccp;0.989813616262263;0.989813616262263;0.989813616262263;0.989813616262263;0.056252;5;0.532033644345763 * sccp;1;0.0276951846657676;
Elapsed=00:00:00.0567181
Learning progress:
1;215.631050228311 * time_passes + 23.3069099706946 * gvn;3.73766364366929;3.73766364366929;3.73766364366929;3.73766364366929;0.00338;2;23.3069099706946 * gvn;1;2.66509664610632;
2;209.996005640015 * time_passes + 23.2745618387296 * gvn + 15.8214713440621 * instcombine;2.72438428309195;2.72438428309195;2.72438428309195;2.72438428309195;0.011911;3;15.8214713440621 * instcombine;1;1.01327936057734;
3;205.594323279095 * time_passes + 23.6460953114073 * gvn + 15.5518347735063 * instcombine + 8.64035166267441 * inline;1.57399660054429;1.57399660054429;1.57399660054429;1.57399660054429;0.025984;4;8.64035166267441 * inline;1;1.15038768254766;
4;207.040946461845 * time_passes + 23.7366915573263 * gvn + 14.111865431153 * instcombine + 8.68537634013805 * inline + -3.67764353595779 * ipsccp;1.36824410182193;1.36824410182193;1.36824410182193;1.36824410182193;0.047227;5;-3.67764353595779 * ipsccp;1;0.205752498722357;
Elapsed=00:00:00.0477168
Learning progress:
1;214.991388888889 * time_passes + 25.4866503267975 * gvn;3.49079366280381;3.49079366280381;3.49079366280381;3.49079366280381;0.003888;2;25.4866503267975 * gvn;1;1.8131021697001;
2;209.214154600025 * time_passes + 24.9202548082812 * gvn + 15.4059581036384 * instcombine;2.78069665904302;2.78069665904302;2.78069665904302;2.78069665904302;0.012301;3;15.4059581036384 * instcombine;1;0.710097003760785;
3;205.343001889758 * time_passes + 24.6971977470345 * gvn + 15.0892274273439 * instcombine + 8.44925657056389 * inline;1.62448880867862;1.62448880867862;1.62448880867862;1.62448880867862;0.025889;4;8.44925657056389 * inline;1;1.15620785036441;
4;207.296226090931 * time_passes + 24.3637854730394 * gvn + 13.561074025037 * instcombine + 8.23353946141677 * inline + -4.00163560483446 * ipsccp;1.405809661308;1.405809661308;1.405809661308;1.405809661308;0.045813;5;-4.00163560483446 * ipsccp;1;0.218679147370619;
5;207.861078196289 * time_passes + 24.3138543667725 * gvn + 13.4771845658636 * instcombine + 8.35651859425097 * inline + -4.30045239254896 * ipsccp + -1.11602626834377 * print_used_types;1.32931463193617;1.32931463193617;1.32931463193617;1.32931463193617;0.072364;6;-1.11602626834377 * print_used_types;1;0.0764950293718321;
Elapsed=00:00:00.0728479
Learning progress:
1;215.531666666667 * time_passes + 24.3705392156865 * gvn;3.52837892305061;3.52837892305061;3.52837892305061;3.52837892305061;0.003925;2;24.3705392156865 * gvn;1;2.19574573357397;
2;209.768479310345 * time_passes + 24.4673995073892 * gvn + 14.8196246305418 * instcombine;2.08622328275479;2.08622328275479;2.08622328275479;2.08622328275479;0.012719;3;14.8196246305418 * instcombine;1;1.44215564029582;
3;205.300284440754 * time_passes + 24.0712454239764 * gvn + 15.0594330371182 * instcombine + 9.54531500686061 * inline;1.31016190657774;1.31016190657774;1.31016190657774;1.31016190657774;0.02711;4;9.54531500686061 * inline;1;0.776061376177044;
4;206.027003083291 * time_passes + 22.5442050598988 * gvn + 15.0204299844801 * instcombine + 7.99284055871699 * inline + 3.18294375500858 * inline * gvn;1.21855471749112;1.21855471749112;1.21855471749112;1.21855471749112;0.047894;6;3.18294375500858 * inline * gvn;2;0.0458035945433138;
Elapsed=00:00:00.0483351
Learning progress:
1;215.172222222223 * time_passes + 24.5999843505477 * gvn;3.71589326311519;3.71589326311519;3.71589326311519;3.71589326311519;0.00342;2;24.5999843505477 * gvn;1;2.03819270828628;
2;209.883054686231 * time_passes + 24.9545820614115 * gvn + 14.5981023993364 * instcombine;2.0838549815456;2.0838549815456;2.0838549815456;2.0838549815456;0.012704;3;14.5981023993364 * instcombine;1;1.63203828156959;
3;205.204546090436 * time_passes + 24.3994300336383 * gvn + 14.9379464013603 * instcombine + 9.82253103310199 * inline;1.37898030416771;1.37898030416771;1.37898030416771;1.37898030416771;0.02603;4;9.82253103310199 * inline;1;0.704874677377891;
4;204.419718618798 * time_passes + 24.357140624896 * gvn + 15.1637599094768 * instcombine + 9.8770265774181 * inline + 1.50851291683797 * jump_threading;1.30669923698443;1.30669923698443;1.30669923698443;1.30669923698443;0.046292;5;1.50851291683797 * jump_threading;1;0.0722810671832745;
Elapsed=00:00:00.0468302
Learning progress:
1;216.334333333334 * time_passes + 23.2646190476191 * gvn;4.056880811105;4.056880811105;4.056880811105;4.056880811105;0.004054;2;23.2646190476191 * gvn;1;2.81706237286325;
2;210.389658784333 * time_passes + 24.0572423208193 * gvn + 13.8709072810013 * instcombine;2.39744900143461;2.39744900143461;2.39744900143461;2.39744900143461;0.012931;3;13.8709072810013 * instcombine;1;1.65943180967039;
3;205.594761578604 * time_passes + 24.0883780169602 * gvn + 14.4157819634702 * instcombine + 9.12275896934109 * inline;1.01750880092803;1.01750880092803;1.01750880092803;1.01750880092803;0.02658;4;9.12275896934109 * inline;1;1.37994020050658;
4;205.331139428412 * time_passes + 24.0738277817748 * gvn + 14.427169669899 * instcombine + 9.16901257922386 * inline + 0.532033644345763 * sccp;0.989813616262263;0.989813616262263;0.989813616262263;0.989813616262263;0.04649;5;0.532033644345763 * sccp;1;0.0276951846657676;
Elapsed=00:00:00.0469109
Learning progress:
1;215.631050228311 * time_passes + 23.3069099706946 * gvn;3.73766364366929;3.73766364366929;3.73766364366929;3.73766364366929;0.003261;2;23.3069099706946 * gvn;1;2.66509664610632;
2;209.996005640015 * time_passes + 23.2745618387296 * gvn + 15.8214713440621 * instcombine;2.72438428309195;2.72438428309195;2.72438428309195;2.72438428309195;0.012356;3;15.8214713440621 * instcombine;1;1.01327936057734;
3;205.594323279095 * time_passes + 23.6460953114073 * gvn + 15.5518347735063 * instcombine + 8.64035166267441 * inline;1.57399660054429;1.57399660054429;1.57399660054429;1.57399660054429;0.026523;4;8.64035166267441 * inline;1;1.15038768254766;
4;207.040946461845 * time_passes + 23.7366915573263 * gvn + 14.111865431153 * instcombine + 8.68537634013805 * inline + -3.67764353595779 * ipsccp;1.36824410182193;1.36824410182193;1.36824410182193;1.36824410182193;0.047171;5;-3.67764353595779 * ipsccp;1;0.205752498722357;
5;206.180914095404 * time_passes + 23.7488976351937 * gvn + 16.7232559774269 * instcombine + 10.560879722727 * inline + -3.83018670359492 * ipsccp + -5.24889998616026 * inline * instcombine;1.17834402881726;1.17834402881726;1.17834402881726;1.17834402881726;0.074084;7;-5.24889998616026 * inline * instcombine;2;0.0949500365023362;
Elapsed=00:00:00.0745616
Learning progress:
1;214.991388888889 * time_passes + 25.4866503267975 * gvn;3.49079366280381;3.49079366280381;3.49079366280381;3.49079366280381;0.004436;2;25.4866503267975 * gvn;1;1.8131021697001;
2;209.214154600025 * time_passes + 24.9202548082812 * gvn + 15.4059581036384 * instcombine;2.78069665904302;2.78069665904302;2.78069665904302;2.78069665904302;0.013444;3;15.4059581036384 * instcombine;1;0.710097003760785;
3;205.343001889758 * time_passes + 24.6971977470345 * gvn + 15.0892274273439 * instcombine + 8.44925657056389 * inline;1.62448880867862;1.62448880867862;1.62448880867862;1.62448880867862;0.025774;4;8.44925657056389 * inline;1;1.15620785036441;
4;207.296226090931 * time_passes + 24.3637854730394 * gvn + 13.561074025037 * instcombine + 8.23353946141677 * inline + -4.00163560483446 * ipsccp;1.405809661308;1.405809661308;1.405809661308;1.405809661308;0.045445;5;-4.00163560483446 * ipsccp;1;0.218679147370619;
5;207.861078196289 * time_passes + 24.3138543667725 * gvn + 13.4771845658636 * instcombine + 8.35651859425097 * inline + -4.30045239254896 * ipsccp + -1.11602626834377 * print_used_types;1.32931463193617;1.32931463193617;1.32931463193617;1.32931463193617;0.072518;6;-1.11602626834377 * print_used_types;1;0.0764950293718321;
Elapsed=00:00:00.0730211
Learning progress:
1;215.531666666667 * time_passes + 24.3705392156865 * gvn;3.52837892305061;3.52837892305061;3.52837892305061;3.52837892305061;0.004779;2;24.3705392156865 * gvn;1;2.19574573357397;
2;209.768479310345 * time_passes + 24.4673995073892 * gvn + 14.8196246305418 * instcombine;2.08622328275479;2.08622328275479;2.08622328275479;2.08622328275479;0.012889;3;14.8196246305418 * instcombine;1;1.44215564029582;
3;205.300284440754 * time_passes + 24.0712454239764 * gvn + 15.0594330371182 * instcombine + 9.54531500686061 * inline;1.31016190657774;1.31016190657774;1.31016190657774;1.31016190657774;0.02661;4;9.54531500686061 * inline;1;0.776061376177044;
4;206.027003083291 * time_passes + 22.5442050598988 * gvn + 15.0204299844801 * instcombine + 7.99284055871699 * inline + 3.18294375500858 * inline * gvn;1.21855471749112;1.21855471749112;1.21855471749112;1.21855471749112;0.047561;6;3.18294375500858 * inline * gvn;2;0.0458035945433138;
Elapsed=00:00:00.0480023
Learning progress:
1;215.172222222223 * time_passes + 24.5999843505477 * gvn;3.71589326311519;3.71589326311519;3.71589326311519;3.71589326311519;0.004442;2;24.5999843505477 * gvn;1;2.03819270828628;
2;209.883054686231 * time_passes + 24.9545820614115 * gvn + 14.5981023993364 * instcombine;2.0838549815456;2.0838549815456;2.0838549815456;2.0838549815456;0.012597;3;14.5981023993364 * instcombine;1;1.63203828156959;
3;205.204546090436 * time_passes + 24.3994300336383 * gvn + 14.9379464013603 * instcombine + 9.82253103310199 * inline;1.37898030416771;1.37898030416771;1.37898030416771;1.37898030416771;0.026815;4;9.82253103310199 * inline;1;0.704874677377891;
4;204.419718618798 * time_passes + 24.357140624896 * gvn + 15.1637599094768 * instcombine + 9.8770265774181 * inline + 1.50851291683797 * jump_threading;1.30669923698443;1.30669923698443;1.30669923698443;1.30669923698443;0.047631;5;1.50851291683797 * jump_threading;1;0.0722810671832745;
Elapsed=00:00:00.0480962
Learning progress:
1;216.334333333334 * time_passes + 23.2646190476191 * gvn;4.056880811105;4.056880811105;4.056880811105;4.056880811105;0.004925;2;23.2646190476191 * gvn;1;2.81706237286325;
2;210.389658784333 * time_passes + 24.0572423208193 * gvn + 13.8709072810013 * instcombine;2.39744900143461;2.39744900143461;2.39744900143461;2.39744900143461;0.012605;3;13.8709072810013 * instcombine;1;1.65943180967039;
3;205.594761578604 * time_passes + 24.0883780169602 * gvn + 14.4157819634702 * instcombine + 9.12275896934109 * inline;1.01750880092803;1.01750880092803;1.01750880092803;1.01750880092803;0.026494;4;9.12275896934109 * inline;1;1.37994020050658;
4;205.331139428412 * time_passes + 24.0738277817748 * gvn + 14.427169669899 * instcombine + 9.16901257922386 * inline + 0.532033644345763 * sccp;0.989813616262263;0.989813616262263;0.989813616262263;0.989813616262263;0.047273;5;0.532033644345763 * sccp;1;0.0276951846657676;
Elapsed=00:00:00.0476950
Learning progress:
1;215.631050228311 * time_passes + 23.3069099706946 * gvn;3.73766364366929;3.73766364366929;3.73766364366929;3.73766364366929;0.003847;2;23.3069099706946 * gvn;1;2.66509664610632;
2;209.996005640015 * time_passes + 23.2745618387296 * gvn + 15.8214713440621 * instcombine;2.72438428309195;2.72438428309195;2.72438428309195;2.72438428309195;0.012152;3;15.8214713440621 * instcombine;1;1.01327936057734;
3;205.594323279095 * time_passes + 23.6460953114073 * gvn + 15.5518347735063 * instcombine + 8.64035166267441 * inline;1.57399660054429;1.57399660054429;1.57399660054429;1.57399660054429;0.026444;4;8.64035166267441 * inline;1;1.15038768254766;
4;207.040946461845 * time_passes + 23.7366915573263 * gvn + 14.111865431153 * instcombine + 8.68537634013805 * inline + -3.67764353595779 * ipsccp;1.36824410182193;1.36824410182193;1.36824410182193;1.36824410182193;0.047469;5;-3.67764353595779 * ipsccp;1;0.205752498722357;
5;206.180914095404 * time_passes + 23.7488976351937 * gvn + 16.7232559774269 * instcombine + 10.560879722727 * inline + -3.83018670359492 * ipsccp + -5.24889998616026 * inline * instcombine;1.17834402881726;1.17834402881726;1.17834402881726;1.17834402881726;0.075263;7;-5.24889998616026 * inline * instcombine;2;0.0949500365023362;
Elapsed=00:00:00.0757426
Learning progress:
1;214.991388888889 * time_passes + 25.4866503267975 * gvn;3.49079366280381;3.49079366280381;3.49079366280381;3.49079366280381;0.003862;2;25.4866503267975 * gvn;1;1.8131021697001;
2;209.214154600025 * time_passes + 24.9202548082812 * gvn + 15.4059581036384 * instcombine;2.78069665904302;2.78069665904302;2.78069665904302;2.78069665904302;0.012728;3;15.4059581036384 * instcombine;1;0.710097003760785;
3;205.343001889758 * time_passes + 24.6971977470345 * gvn + 15.0892274273439 * instcombine + 8.44925657056389 * inline;1.62448880867862;1.62448880867862;1.62448880867862;1.62448880867862;0.026023;4;8.44925657056389 * inline;1;1.15620785036441;
4;207.296226090931 * time_passes + 24.3637854730394 * gvn + 13.561074025037 * instcombine + 8.23353946141677 * inline + -4.00163560483446 * ipsccp;1.405809661308;1.405809661308;1.405809661308;1.405809661308;0.046809;5;-4.00163560483446 * ipsccp;1;0.218679147370619;
Elapsed=00:00:00.0472266
Learning progress:
1;215.531666666667 * time_passes + 24.3705392156865 * gvn;3.52837892305061;3.52837892305061;3.52837892305061;3.52837892305061;0.004013;2;24.3705392156865 * gvn;1;2.19574573357397;
2;209.768479310345 * time_passes + 24.4673995073892 * gvn + 14.8196246305418 * instcombine;2.08622328275479;2.08622328275479;2.08622328275479;2.08622328275479;0.013311;3;14.8196246305418 * instcombine;1;1.44215564029582;
3;205.300284440754 * time_passes + 24.0712454239764 * gvn + 15.0594330371182 * instcombine + 9.54531500686061 * inline;1.31016190657774;1.31016190657774;1.31016190657774;1.31016190657774;0.027523;4;9.54531500686061 * inline;1;0.776061376177044;
4;206.027003083291 * time_passes + 22.5442050598988 * gvn + 15.0204299844801 * instcombine + 7.99284055871699 * inline + 3.18294375500858 * inline * gvn;1.21855471749112;1.21855471749112;1.21855471749112;1.21855471749112;0.048325;6;3.18294375500858 * inline * gvn;2;0.0458035945433138;
Elapsed=00:00:00.0487714
Learning progress:
1;215.172222222223 * time_passes + 24.5999843505477 * gvn;3.71589326311519;3.71589326311519;3.71589326311519;3.71589326311519;0.004432;2;24.5999843505477 * gvn;1;2.03819270828628;
2;209.883054686231 * time_passes + 24.9545820614115 * gvn + 14.5981023993364 * instcombine;2.0838549815456;2.0838549815456;2.0838549815456;2.0838549815456;0.012652;3;14.5981023993364 * instcombine;1;1.63203828156959;
3;205.204546090436 * time_passes + 24.3994300336383 * gvn + 14.9379464013603 * instcombine + 9.82253103310199 * inline;1.37898030416771;1.37898030416771;1.37898030416771;1.37898030416771;0.026498;4;9.82253103310199 * inline;1;0.704874677377891;
4;204.419718618798 * time_passes + 24.357140624896 * gvn + 15.1637599094768 * instcombine + 9.8770265774181 * inline + 1.50851291683797 * jump_threading;1.30669923698443;1.30669923698443;1.30669923698443;1.30669923698443;0.047625;5;1.50851291683797 * jump_threading;1;0.0722810671832745;
Elapsed=00:00:00.0480939
Learning progress:
1;216.334333333334 * time_passes + 23.2646190476191 * gvn;4.056880811105;4.056880811105;4.056880811105;4.056880811105;0.005149;2;23.2646190476191 * gvn;1;2.81706237286325;
2;210.389658784333 * time_passes + 24.0572423208193 * gvn + 13.8709072810013 * instcombine;2.39744900143461;2.39744900143461;2.39744900143461;2.39744900143461;0.013209;3;13.8709072810013 * instcombine;1;1.65943180967039;
3;205.594761578604 * time_passes + 24.0883780169602 * gvn + 14.4157819634702 * instcombine + 9.12275896934109 * inline;1.01750880092803;1.01750880092803;1.01750880092803;1.01750880092803;0.026486;4;9.12275896934109 * inline;1;1.37994020050658;
4;205.331139428412 * time_passes + 24.0738277817748 * gvn + 14.427169669899 * instcombine + 9.16901257922386 * inline + 0.532033644345763 * sccp;0.989813616262263;0.989813616262263;0.989813616262263;0.989813616262263;0.046205;5;0.532033644345763 * sccp;1;0.0276951846657676;
Elapsed=00:00:00.0466402
Learning progress:
1;215.631050228311 * time_passes + 23.3069099706946 * gvn;3.73766364366929;3.73766364366929;3.73766364366929;3.73766364366929;0.003817;2;23.3069099706946 * gvn;1;2.66509664610632;
2;209.996005640015 * time_passes + 23.2745618387296 * gvn + 15.8214713440621 * instcombine;2.72438428309195;2.72438428309195;2.72438428309195;2.72438428309195;0.01229;3;15.8214713440621 * instcombine;1;1.01327936057734;
3;205.594323279095 * time_passes + 23.6460953114073 * gvn + 15.5518347735063 * instcombine + 8.64035166267441 * inline;1.57399660054429;1.57399660054429;1.57399660054429;1.57399660054429;0.02647;4;8.64035166267441 * inline;1;1.15038768254766;
4;207.040946461845 * time_passes + 23.7366915573263 * gvn + 14.111865431153 * instcombine + 8.68537634013805 * inline + -3.67764353595779 * ipsccp;1.36824410182193;1.36824410182193;1.36824410182193;1.36824410182193;0.047911;5;-3.67764353595779 * ipsccp;1;0.205752498722357;
Elapsed=00:00:00.0483678
Learning progress:
1;214.991388888889 * time_passes + 25.4866503267975 * gvn;3.49079366280381;3.49079366280381;3.49079366280381;3.49079366280381;0.003786;2;25.4866503267975 * gvn;1;1.8131021697001;
2;209.214154600025 * time_passes + 24.9202548082812 * gvn + 15.4059581036384 * instcombine;2.78069665904302;2.78069665904302;2.78069665904302;2.78069665904302;0.012172;3;15.4059581036384 * instcombine;1;0.710097003760785;
3;205.343001889758 * time_passes + 24.6971977470345 * gvn + 15.0892274273439 * instcombine + 8.44925657056389 * inline;1.62448880867862;1.62448880867862;1.62448880867862;1.62448880867862;0.026057;4;8.44925657056389 * inline;1;1.15620785036441;
4;207.296226090931 * time_passes + 24.3637854730394 * gvn + 13.561074025037 * instcombine + 8.23353946141677 * inline + -4.00163560483446 * ipsccp;1.405809661308;1.405809661308;1.405809661308;1.405809661308;0.046656;5;-4.00163560483446 * ipsccp;1;0.218679147370619;
5;207.861078196289 * time_passes + 24.3138543667725 * gvn + 13.4771845658636 * instcombine + 8.35651859425097 * inline + -4.30045239254896 * ipsccp + -1.11602626834377 * print_used_types;1.32931463193617;1.32931463193617;1.32931463193617;1.32931463193617;0.074248;6;-1.11602626834377 * print_used_types;1;0.0764950293718321;
Elapsed=00:00:00.0747275
Learning progress:
1;215.531666666667 * time_passes + 24.3705392156865 * gvn;3.52837892305061;3.52837892305061;3.52837892305061;3.52837892305061;0.004038;2;24.3705392156865 * gvn;1;2.19574573357397;
2;209.768479310345 * time_passes + 24.4673995073892 * gvn + 14.8196246305418 * instcombine;2.08622328275479;2.08622328275479;2.08622328275479;2.08622328275479;0.013006;3;14.8196246305418 * instcombine;1;1.44215564029582;
3;205.300284440754 * time_passes + 24.0712454239764 * gvn + 15.0594330371182 * instcombine + 9.54531500686061 * inline;1.31016190657774;1.31016190657774;1.31016190657774;1.31016190657774;0.027033;4;9.54531500686061 * inline;1;0.776061376177044;
4;206.027003083291 * time_passes + 22.5442050598988 * gvn + 15.0204299844801 * instcombine + 7.99284055871699 * inline + 3.18294375500858 * inline * gvn;1.21855471749112;1.21855471749112;1.21855471749112;1.21855471749112;0.047883;6;3.18294375500858 * inline * gvn;2;0.0458035945433138;
Elapsed=00:00:00.0483258
Learning progress:
1;215.172222222223 * time_passes + 24.5999843505477 * gvn;3.71589326311519;3.71589326311519;3.71589326311519;3.71589326311519;0.004608;2;24.5999843505477 * gvn;1;2.03819270828628;
2;209.883054686231 * time_passes + 24.9545820614115 * gvn + 14.5981023993364 * instcombine;2.0838549815456;2.0838549815456;2.0838549815456;2.0838549815456;0.012439;3;14.5981023993364 * instcombine;1;1.63203828156959;
3;205.204546090436 * time_passes + 24.3994300336383 * gvn + 14.9379464013603 * instcombine + 9.82253103310199 * inline;1.37898030416771;1.37898030416771;1.37898030416771;1.37898030416771;0.026036;4;9.82253103310199 * inline;1;0.704874677377891;
4;204.419718618798 * time_passes + 24.357140624896 * gvn + 15.1637599094768 * instcombine + 9.8770265774181 * inline + 1.50851291683797 * jump_threading;1.30669923698443;1.30669923698443;1.30669923698443;1.30669923698443;0.046921;5;1.50851291683797 * jump_threading;1;0.0722810671832745;
Elapsed=00:00:00.0473863
Learning progress:
1;216.334333333334 * time_passes + 23.2646190476191 * gvn;4.056880811105;4.056880811105;4.056880811105;4.056880811105;0.005227;2;23.2646190476191 * gvn;1;2.81706237286325;
2;210.389658784333 * time_passes + 24.0572423208193 * gvn + 13.8709072810013 * instcombine;2.39744900143461;2.39744900143461;2.39744900143461;2.39744900143461;0.012955;3;13.8709072810013 * instcombine;1;1.65943180967039;
3;205.594761578604 * time_passes + 24.0883780169602 * gvn + 14.4157819634702 * instcombine + 9.12275896934109 * inline;1.01750880092803;1.01750880092803;1.01750880092803;1.01750880092803;0.026528;4;9.12275896934109 * inline;1;1.37994020050658;
4;205.331139428412 * time_passes + 24.0738277817748 * gvn + 14.427169669899 * instcombine + 9.16901257922386 * inline + 0.532033644345763 * sccp;0.989813616262263;0.989813616262263;0.989813616262263;0.989813616262263;0.046282;5;0.532033644345763 * sccp;1;0.0276951846657676;
Elapsed=00:00:00.0467069
Learning progress:
1;215.631050228311 * time_passes + 23.3069099706946 * gvn;3.73766364366929;3.73766364366929;3.73766364366929;3.73766364366929;0.003935;2;23.3069099706946 * gvn;1;2.66509664610632;
2;209.996005640015 * time_passes + 23.2745618387296 * gvn + 15.8214713440621 * instcombine;2.72438428309195;2.72438428309195;2.72438428309195;2.72438428309195;0.012367;3;15.8214713440621 * instcombine;1;1.01327936057734;
3;205.594323279095 * time_passes + 23.6460953114073 * gvn + 15.5518347735063 * instcombine + 8.64035166267441 * inline;1.57399660054429;1.57399660054429;1.57399660054429;1.57399660054429;0.026509;4;8.64035166267441 * inline;1;1.15038768254766;
4;207.040946461845 * time_passes + 23.7366915573263 * gvn + 14.111865431153 * instcombine + 8.68537634013805 * inline + -3.67764353595779 * ipsccp;1.36824410182193;1.36824410182193;1.36824410182193;1.36824410182193;0.046871;5;-3.67764353595779 * ipsccp;1;0.205752498722357;
5;206.180914095404 * time_passes + 23.7488976351937 * gvn + 16.7232559774269 * instcombine + 10.560879722727 * inline + -3.83018670359492 * ipsccp + -5.24889998616026 * inline * instcombine;1.17834402881726;1.17834402881726;1.17834402881726;1.17834402881726;0.07539;7;-5.24889998616026 * inline * instcombine;2;0.0949500365023362;
Elapsed=00:00:00.0758783
Learning progress:
1;214.991388888889 * time_passes + 25.4866503267975 * gvn;3.49079366280381;3.49079366280381;3.49079366280381;3.49079366280381;0.004005;2;25.4866503267975 * gvn;1;1.8131021697001;
2;209.214154600025 * time_passes + 24.9202548082812 * gvn + 15.4059581036384 * instcombine;2.78069665904302;2.78069665904302;2.78069665904302;2.78069665904302;0.013211;3;15.4059581036384 * instcombine;1;0.710097003760785;
3;205.343001889758 * time_passes + 24.6971977470345 * gvn + 15.0892274273439 * instcombine + 8.44925657056389 * inline;1.62448880867862;1.62448880867862;1.62448880867862;1.62448880867862;0.027187;4;8.44925657056389 * inline;1;1.15620785036441;
4;207.296226090931 * time_passes + 24.3637854730394 * gvn + 13.561074025037 * instcombine + 8.23353946141677 * inline + -4.00163560483446 * ipsccp;1.405809661308;1.405809661308;1.405809661308;1.405809661308;0.047531;5;-4.00163560483446 * ipsccp;1;0.218679147370619;
5;207.861078196289 * time_passes + 24.3138543667725 * gvn + 13.4771845658636 * instcombine + 8.35651859425097 * inline + -4.30045239254896 * ipsccp + -1.11602626834377 * print_used_types;1.32931463193617;1.32931463193617;1.32931463193617;1.32931463193617;0.073265;6;-1.11602626834377 * print_used_types;1;0.0764950293718321;
Elapsed=00:00:00.0737588
Learning progress:
1;215.531666666667 * time_passes + 24.3705392156865 * gvn;3.52837892305061;3.52837892305061;3.52837892305061;3.52837892305061;0.004691;2;24.3705392156865 * gvn;1;2.19574573357397;
2;209.768479310345 * time_passes + 24.4673995073892 * gvn + 14.8196246305418 * instcombine;2.08622328275479;2.08622328275479;2.08622328275479;2.08622328275479;0.012769;3;14.8196246305418 * instcombine;1;1.44215564029582;
3;205.300284440754 * time_passes + 24.0712454239764 * gvn + 15.0594330371182 * instcombine + 9.54531500686061 * inline;1.31016190657774;1.31016190657774;1.31016190657774;1.31016190657774;0.026319;4;9.54531500686061 * inline;1;0.776061376177044;
4;206.027003083291 * time_passes + 22.5442050598988 * gvn + 15.0204299844801 * instcombine + 7.99284055871699 * inline + 3.18294375500858 * inline * gvn;1.21855471749112;1.21855471749112;1.21855471749112;1.21855471749112;0.0472;6;3.18294375500858 * inline * gvn;2;0.0458035945433138;
Elapsed=00:00:00.0476480
Learning progress:
1;215.172222222223 * time_passes + 24.5999843505477 * gvn;3.71589326311519;3.71589326311519;3.71589326311519;3.71589326311519;0.003954;2;24.5999843505477 * gvn;1;2.03819270828628;
2;209.883054686231 * time_passes + 24.9545820614115 * gvn + 14.5981023993364 * instcombine;2.0838549815456;2.0838549815456;2.0838549815456;2.0838549815456;0.012342;3;14.5981023993364 * instcombine;1;1.63203828156959;
3;205.204546090436 * time_passes + 24.3994300336383 * gvn + 14.9379464013603 * instcombine + 9.82253103310199 * inline;1.37898030416771;1.37898030416771;1.37898030416771;1.37898030416771;0.026375;4;9.82253103310199 * inline;1;0.704874677377891;
4;204.419718618798 * time_passes + 24.357140624896 * gvn + 15.1637599094768 * instcombine + 9.8770265774181 * inline + 1.50851291683797 * jump_threading;1.30669923698443;1.30669923698443;1.30669923698443;1.30669923698443;0.047398;5;1.50851291683797 * jump_threading;1;0.0722810671832745;
Elapsed=00:00:00.0478837
Learning progress:
1;216.334333333334 * time_passes + 23.2646190476191 * gvn;4.056880811105;4.056880811105;4.056880811105;4.056880811105;0.003759;2;23.2646190476191 * gvn;1;2.81706237286325;
2;210.389658784333 * time_passes + 24.0572423208193 * gvn + 13.8709072810013 * instcombine;2.39744900143461;2.39744900143461;2.39744900143461;2.39744900143461;0.012784;3;13.8709072810013 * instcombine;1;1.65943180967039;
3;205.594761578604 * time_passes + 24.0883780169602 * gvn + 14.4157819634702 * instcombine + 9.12275896934109 * inline;1.01750880092803;1.01750880092803;1.01750880092803;1.01750880092803;0.025977;4;9.12275896934109 * inline;1;1.37994020050658;
4;205.331139428412 * time_passes + 24.0738277817748 * gvn + 14.427169669899 * instcombine + 9.16901257922386 * inline + 0.532033644345763 * sccp;0.989813616262263;0.989813616262263;0.989813616262263;0.989813616262263;0.046571;5;0.532033644345763 * sccp;1;0.0276951846657676;
Elapsed=00:00:00.0469964
Learning progress:
1;215.631050228311 * time_passes + 23.3069099706946 * gvn;3.73766364366929;3.73766364366929;3.73766364366929;3.73766364366929;0.003939;2;23.3069099706946 * gvn;1;2.66509664610632;
2;209.996005640015 * time_passes + 23.2745618387296 * gvn + 15.8214713440621 * instcombine;2.72438428309195;2.72438428309195;2.72438428309195;2.72438428309195;0.013007;3;15.8214713440621 * instcombine;1;1.01327936057734;
3;205.594323279095 * time_passes + 23.6460953114073 * gvn + 15.5518347735063 * instcombine + 8.64035166267441 * inline;1.57399660054429;1.57399660054429;1.57399660054429;1.57399660054429;0.026279;4;8.64035166267441 * inline;1;1.15038768254766;
4;207.040946461845 * time_passes + 23.7366915573263 * gvn + 14.111865431153 * instcombine + 8.68537634013805 * inline + -3.67764353595779 * ipsccp;1.36824410182193;1.36824410182193;1.36824410182193;1.36824410182193;0.047612;5;-3.67764353595779 * ipsccp;1;0.205752498722357;
5;206.180914095404 * time_passes + 23.7488976351937 * gvn + 16.7232559774269 * instcombine + 10.560879722727 * inline + -3.83018670359492 * ipsccp + -5.24889998616026 * inline * instcombine;1.17834402881726;1.17834402881726;1.17834402881726;1.17834402881726;0.07514;7;-5.24889998616026 * inline * instcombine;2;0.0949500365023362;
Elapsed=00:00:00.0756211
Learning progress:
1;214.991388888889 * time_passes + 25.4866503267975 * gvn;3.49079366280381;3.49079366280381;3.49079366280381;3.49079366280381;0.00474;2;25.4866503267975 * gvn;1;1.8131021697001;
2;209.214154600025 * time_passes + 24.9202548082812 * gvn + 15.4059581036384 * instcombine;2.78069665904302;2.78069665904302;2.78069665904302;2.78069665904302;0.012823;3;15.4059581036384 * instcombine;1;0.710097003760785;
3;205.343001889758 * time_passes + 24.6971977470345 * gvn + 15.0892274273439 * instcombine + 8.44925657056389 * inline;1.62448880867862;1.62448880867862;1.62448880867862;1.62448880867862;0.025976;4;8.44925657056389 * inline;1;1.15620785036441;
4;207.296226090931 * time_passes + 24.3637854730394 * gvn + 13.561074025037 * instcombine + 8.23353946141677 * inline + -4.00163560483446 * ipsccp;1.405809661308;1.405809661308;1.405809661308;1.405809661308;0.045882;5;-4.00163560483446 * ipsccp;1;0.218679147370619;
Elapsed=00:00:00.0463063
Learning progress:
1;215.531666666667 * time_passes + 24.3705392156865 * gvn;3.52837892305061;3.52837892305061;3.52837892305061;3.52837892305061;0.005273;2;24.3705392156865 * gvn;1;2.19574573357397;
2;209.768479310345 * time_passes + 24.4673995073892 * gvn + 14.8196246305418 * instcombine;2.08622328275479;2.08622328275479;2.08622328275479;2.08622328275479;0.013836;3;14.8196246305418 * instcombine;1;1.44215564029582;
3;205.300284440754 * time_passes + 24.0712454239764 * gvn + 15.0594330371182 * instcombine + 9.54531500686061 * inline;1.31016190657774;1.31016190657774;1.31016190657774;1.31016190657774;0.028162;4;9.54531500686061 * inline;1;0.776061376177044;
4;206.027003083291 * time_passes + 22.5442050598988 * gvn + 15.0204299844801 * instcombine + 7.99284055871699 * inline + 3.18294375500858 * inline * gvn;1.21855471749112;1.21855471749112;1.21855471749112;1.21855471749112;0.049682;6;3.18294375500858 * inline * gvn;2;0.0458035945433138;
Elapsed=00:00:00.0501244
Learning progress:
1;215.172222222223 * time_passes + 24.5999843505477 * gvn;3.71589326311519;3.71589326311519;3.71589326311519;3.71589326311519;0.003823;2;24.5999843505477 * gvn;1;2.03819270828628;
2;209.883054686231 * time_passes + 24.9545820614115 * gvn + 14.5981023993364 * instcombine;2.0838549815456;2.0838549815456;2.0838549815456;2.0838549815456;0.012287;3;14.5981023993364 * instcombine;1;1.63203828156959;
3;205.204546090436 * time_passes + 24.3994300336383 * gvn + 14.9379464013603 * instcombine + 9.82253103310199 * inline;1.37898030416771;1.37898030416771;1.37898030416771;1.37898030416771;0.026017;4;9.82253103310199 * inline;1;0.704874677377891;
4;204.419718618798 * time_passes + 24.357140624896 * gvn + 15.1637599094768 * instcombine + 9.8770265774181 * inline + 1.50851291683797 * jump_threading;1.30669923698443;1.30669923698443;1.30669923698443;1.30669923698443;0.047077;5;1.50851291683797 * jump_threading;1;0.0722810671832745;
Elapsed=00:00:00.0475513
Learning progress:
1;216.334333333334 * time_passes + 23.2646190476191 * gvn;4.056880811105;4.056880811105;4.056880811105;4.056880811105;0.003386;2;23.2646190476191 * gvn;1;2.81706237286325;
2;210.389658784333 * time_passes + 24.0572423208193 * gvn + 13.8709072810013 * instcombine;2.39744900143461;2.39744900143461;2.39744900143461;2.39744900143461;0.011676;3;13.8709072810013 * instcombine;1;1.65943180967039;
3;205.594761578604 * time_passes + 24.0883780169602 * gvn + 14.4157819634702 * instcombine + 9.12275896934109 * inline;1.01750880092803;1.01750880092803;1.01750880092803;1.01750880092803;0.025356;4;9.12275896934109 * inline;1;1.37994020050658;
4;205.331139428412 * time_passes + 24.0738277817748 * gvn + 14.427169669899 * instcombine + 9.16901257922386 * inline + 0.532033644345763 * sccp;0.989813616262263;0.989813616262263;0.989813616262263;0.989813616262263;0.04489;5;0.532033644345763 * sccp;1;0.0276951846657676;
Elapsed=00:00:00.0453160
Learning progress:
1;215.631050228311 * time_passes + 23.3069099706946 * gvn;3.73766364366929;3.73766364366929;3.73766364366929;3.73766364366929;0.003727;2;23.3069099706946 * gvn;1;2.66509664610632;
2;209.996005640015 * time_passes + 23.2745618387296 * gvn + 15.8214713440621 * instcombine;2.72438428309195;2.72438428309195;2.72438428309195;2.72438428309195;0.012184;3;15.8214713440621 * instcombine;1;1.01327936057734;
3;205.594323279095 * time_passes + 23.6460953114073 * gvn + 15.5518347735063 * instcombine + 8.64035166267441 * inline;1.57399660054429;1.57399660054429;1.57399660054429;1.57399660054429;0.026379;4;8.64035166267441 * inline;1;1.15038768254766;
4;207.040946461845 * time_passes + 23.7366915573263 * gvn + 14.111865431153 * instcombine + 8.68537634013805 * inline + -3.67764353595779 * ipsccp;1.36824410182193;1.36824410182193;1.36824410182193;1.36824410182193;0.047483;5;-3.67764353595779 * ipsccp;1;0.205752498722357;
Elapsed=00:00:00.0479160
Learning progress:
1;214.991388888889 * time_passes + 25.4866503267975 * gvn;3.49079366280381;3.49079366280381;3.49079366280381;3.49079366280381;0.003944;2;25.4866503267975 * gvn;1;1.8131021697001;
2;209.214154600025 * time_passes + 24.9202548082812 * gvn + 15.4059581036384 * instcombine;2.78069665904302;2.78069665904302;2.78069665904302;2.78069665904302;0.01319;3;15.4059581036384 * instcombine;1;0.710097003760785;
3;205.343001889758 * time_passes + 24.6971977470345 * gvn + 15.0892274273439 * instcombine + 8.44925657056389 * inline;1.62448880867862;1.62448880867862;1.62448880867862;1.62448880867862;0.025616;4;8.44925657056389 * inline;1;1.15620785036441;
4;207.296226090931 * time_passes + 24.3637854730394 * gvn + 13.561074025037 * instcombine + 8.23353946141677 * inline + -4.00163560483446 * ipsccp;1.405809661308;1.405809661308;1.405809661308;1.405809661308;0.045869;5;-4.00163560483446 * ipsccp;1;0.218679147370619;
5;207.861078196289 * time_passes + 24.3138543667725 * gvn + 13.4771845658636 * instcombine + 8.35651859425097 * inline + -4.30045239254896 * ipsccp + -1.11602626834377 * print_used_types;1.32931463193617;1.32931463193617;1.32931463193617;1.32931463193617;0.073706;6;-1.11602626834377 * print_used_types;1;0.0764950293718321;
Elapsed=00:00:00.0741935
Learning progress:
1;215.531666666667 * time_passes + 24.3705392156865 * gvn;3.52837892305061;3.52837892305061;3.52837892305061;3.52837892305061;0.004665;2;24.3705392156865 * gvn;1;2.19574573357397;
2;209.768479310345 * time_passes + 24.4673995073892 * gvn + 14.8196246305418 * instcombine;2.08622328275479;2.08622328275479;2.08622328275479;2.08622328275479;0.013235;3;14.8196246305418 * instcombine;1;1.44215564029582;
3;205.300284440754 * time_passes + 24.0712454239764 * gvn + 15.0594330371182 * instcombine + 9.54531500686061 * inline;1.31016190657774;1.31016190657774;1.31016190657774;1.31016190657774;0.027354;4;9.54531500686061 * inline;1;0.776061376177044;
4;206.027003083291 * time_passes + 22.5442050598988 * gvn + 15.0204299844801 * instcombine + 7.99284055871699 * inline + 3.18294375500858 * inline * gvn;1.21855471749112;1.21855471749112;1.21855471749112;1.21855471749112;0.048535;6;3.18294375500858 * inline * gvn;2;0.0458035945433138;
Elapsed=00:00:00.0490042
Learning progress:
1;215.172222222223 * time_passes + 24.5999843505477 * gvn;3.71589326311519;3.71589326311519;3.71589326311519;3.71589326311519;0.004723;2;24.5999843505477 * gvn;1;2.03819270828628;
2;209.883054686231 * time_passes + 24.9545820614115 * gvn + 14.5981023993364 * instcombine;2.0838549815456;2.0838549815456;2.0838549815456;2.0838549815456;0.012477;3;14.5981023993364 * instcombine;1;1.63203828156959;
3;205.204546090436 * time_passes + 24.3994300336383 * gvn + 14.9379464013603 * instcombine + 9.82253103310199 * inline;1.37898030416771;1.37898030416771;1.37898030416771;1.37898030416771;0.026477;4;9.82253103310199 * inline;1;0.704874677377891;
4;204.419718618798 * time_passes + 24.357140624896 * gvn + 15.1637599094768 * instcombine + 9.8770265774181 * inline + 1.50851291683797 * jump_threading;1.30669923698443;1.30669923698443;1.30669923698443;1.30669923698443;0.047547;5;1.50851291683797 * jump_threading;1;0.0722810671832745;
Elapsed=00:00:00.0480497
Learning progress:
1;216.334333333334 * time_passes + 23.2646190476191 * gvn;4.056880811105;4.056880811105;4.056880811105;4.056880811105;0.004705;2;23.2646190476191 * gvn;1;2.81706237286325;
2;210.389658784333 * time_passes + 24.0572423208193 * gvn + 13.8709072810013 * instcombine;2.39744900143461;2.39744900143461;2.39744900143461;2.39744900143461;0.01307;3;13.8709072810013 * instcombine;1;1.65943180967039;
3;205.594761578604 * time_passes + 24.0883780169602 * gvn + 14.4157819634702 * instcombine + 9.12275896934109 * inline;1.01750880092803;1.01750880092803;1.01750880092803;1.01750880092803;0.026617;4;9.12275896934109 * inline;1;1.37994020050658;
4;205.331139428412 * time_passes + 24.0738277817748 * gvn + 14.427169669899 * instcombine + 9.16901257922386 * inline + 0.532033644345763 * sccp;0.989813616262263;0.989813616262263;0.989813616262263;0.989813616262263;0.047042;5;0.532033644345763 * sccp;1;0.0276951846657676;
Elapsed=00:00:00.0474762
Learning progress:
1;215.631050228311 * time_passes + 23.3069099706946 * gvn;3.73766364366929;3.73766364366929;3.73766364366929;3.73766364366929;0.003912;2;23.3069099706946 * gvn;1;2.66509664610632;
2;209.996005640015 * time_passes + 23.2745618387296 * gvn + 15.8214713440621 * instcombine;2.72438428309195;2.72438428309195;2.72438428309195;2.72438428309195;0.012361;3;15.8214713440621 * instcombine;1;1.01327936057734;
3;205.594323279095 * time_passes + 23.6460953114073 * gvn + 15.5518347735063 * instcombine + 8.64035166267441 * inline;1.57399660054429;1.57399660054429;1.57399660054429;1.57399660054429;0.026869;4;8.64035166267441 * inline;1;1.15038768254766;
4;207.040946461845 * time_passes + 23.7366915573263 * gvn + 14.111865431153 * instcombine + 8.68537634013805 * inline + -3.67764353595779 * ipsccp;1.36824410182193;1.36824410182193;1.36824410182193;1.36824410182193;0.047432;5;-3.67764353595779 * ipsccp;1;0.205752498722357;
5;206.180914095404 * time_passes + 23.7488976351937 * gvn + 16.7232559774269 * instcombine + 10.560879722727 * inline + -3.83018670359492 * ipsccp + -5.24889998616026 * inline * instcombine;1.17834402881726;1.17834402881726;1.17834402881726;1.17834402881726;0.075655;7;-5.24889998616026 * inline * instcombine;2;0.0949500365023362;
Elapsed=00:00:00.0761469
Learning progress:
1;214.991388888889 * time_passes + 25.4866503267975 * gvn;3.49079366280381;3.49079366280381;3.49079366280381;3.49079366280381;0.00335;2;25.4866503267975 * gvn;1;1.8131021697001;
2;209.214154600025 * time_passes + 24.9202548082812 * gvn + 15.4059581036384 * instcombine;2.78069665904302;2.78069665904302;2.78069665904302;2.78069665904302;0.012555;3;15.4059581036384 * instcombine;1;0.710097003760785;
3;205.343001889758 * time_passes + 24.6971977470345 * gvn + 15.0892274273439 * instcombine + 8.44925657056389 * inline;1.62448880867862;1.62448880867862;1.62448880867862;1.62448880867862;0.026409;4;8.44925657056389 * inline;1;1.15620785036441;
4;207.296226090931 * time_passes + 24.3637854730394 * gvn + 13.561074025037 * instcombine + 8.23353946141677 * inline + -4.00163560483446 * ipsccp;1.405809661308;1.405809661308;1.405809661308;1.405809661308;0.046151;5;-4.00163560483446 * ipsccp;1;0.218679147370619;
5;207.861078196289 * time_passes + 24.3138543667725 * gvn + 13.4771845658636 * instcombine + 8.35651859425097 * inline + -4.30045239254896 * ipsccp + -1.11602626834377 * print_used_types;1.32931463193617;1.32931463193617;1.32931463193617;1.32931463193617;0.072753;6;-1.11602626834377 * print_used_types;1;0.0764950293718321;
Elapsed=00:00:00.0732503
Learning progress:
1;215.531666666667 * time_passes + 24.3705392156865 * gvn;3.52837892305061;3.52837892305061;3.52837892305061;3.52837892305061;0.004555;2;24.3705392156865 * gvn;1;2.19574573357397;
2;209.768479310345 * time_passes + 24.4673995073892 * gvn + 14.8196246305418 * instcombine;2.08622328275479;2.08622328275479;2.08622328275479;2.08622328275479;0.012395;3;14.8196246305418 * instcombine;1;1.44215564029582;
3;205.300284440754 * time_passes + 24.0712454239764 * gvn + 15.0594330371182 * instcombine + 9.54531500686061 * inline;1.31016190657774;1.31016190657774;1.31016190657774;1.31016190657774;0.026591;4;9.54531500686061 * inline;1;0.776061376177044;
4;206.027003083291 * time_passes + 22.5442050598988 * gvn + 15.0204299844801 * instcombine + 7.99284055871699 * inline + 3.18294375500858 * inline * gvn;1.21855471749112;1.21855471749112;1.21855471749112;1.21855471749112;0.047616;6;3.18294375500858 * inline * gvn;2;0.0458035945433138;
Elapsed=00:00:00.0480562
Learning progress:
1;215.172222222223 * time_passes + 24.5999843505477 * gvn;3.71589326311519;3.71589326311519;3.71589326311519;3.71589326311519;0.003357;2;24.5999843505477 * gvn;1;2.03819270828628;
2;209.883054686231 * time_passes + 24.9545820614115 * gvn + 14.5981023993364 * instcombine;2.0838549815456;2.0838549815456;2.0838549815456;2.0838549815456;0.011146;3;14.5981023993364 * instcombine;1;1.63203828156959;
3;205.204546090436 * time_passes + 24.3994300336383 * gvn + 14.9379464013603 * instcombine + 9.82253103310199 * inline;1.37898030416771;1.37898030416771;1.37898030416771;1.37898030416771;0.024565;4;9.82253103310199 * inline;1;0.704874677377891;
4;204.419718618798 * time_passes + 24.357140624896 * gvn + 15.1637599094768 * instcombine + 9.8770265774181 * inline + 1.50851291683797 * jump_threading;1.30669923698443;1.30669923698443;1.30669923698443;1.30669923698443;0.045571;5;1.50851291683797 * jump_threading;1;0.0722810671832745;
Elapsed=00:00:00.0460461
Learning progress:
1;216.334333333334 * time_passes + 23.2646190476191 * gvn;4.056880811105;4.056880811105;4.056880811105;4.056880811105;0.003757;2;23.2646190476191 * gvn;1;2.81706237286325;
2;210.389658784333 * time_passes + 24.0572423208193 * gvn + 13.8709072810013 * instcombine;2.39744900143461;2.39744900143461;2.39744900143461;2.39744900143461;0.012318;3;13.8709072810013 * instcombine;1;1.65943180967039;
3;205.594761578604 * time_passes + 24.0883780169602 * gvn + 14.4157819634702 * instcombine + 9.12275896934109 * inline;1.01750880092803;1.01750880092803;1.01750880092803;1.01750880092803;0.025477;4;9.12275896934109 * inline;1;1.37994020050658;
4;205.331139428412 * time_passes + 24.0738277817748 * gvn + 14.427169669899 * instcombine + 9.16901257922386 * inline + 0.532033644345763 * sccp;0.989813616262263;0.989813616262263;0.989813616262263;0.989813616262263;0.045749;5;0.532033644345763 * sccp;1;0.0276951846657676;
Elapsed=00:00:00.0461713
Learning progress:
1;215.631050228311 * time_passes + 23.3069099706946 * gvn;3.73766364366929;3.73766364366929;3.73766364366929;3.73766364366929;0.003862;2;23.3069099706946 * gvn;1;2.66509664610632;
2;209.996005640015 * time_passes + 23.2745618387296 * gvn + 15.8214713440621 * instcombine;2.72438428309195;2.72438428309195;2.72438428309195;2.72438428309195;0.012461;3;15.8214713440621 * instcombine;1;1.01327936057734;
3;205.594323279095 * time_passes + 23.6460953114073 * gvn + 15.5518347735063 * instcombine + 8.64035166267441 * inline;1.57399660054429;1.57399660054429;1.57399660054429;1.57399660054429;0.026852;4;8.64035166267441 * inline;1;1.15038768254766;
4;207.040946461845 * time_passes + 23.7366915573263 * gvn + 14.111865431153 * instcombine + 8.68537634013805 * inline + -3.67764353595779 * ipsccp;1.36824410182193;1.36824410182193;1.36824410182193;1.36824410182193;0.047937;5;-3.67764353595779 * ipsccp;1;0.205752498722357;
5;206.180914095404 * time_passes + 23.7488976351937 * gvn + 16.7232559774269 * instcombine + 10.560879722727 * inline + -3.83018670359492 * ipsccp + -5.24889998616026 * inline * instcombine;1.17834402881726;1.17834402881726;1.17834402881726;1.17834402881726;0.076564;7;-5.24889998616026 * inline * instcombine;2;0.0949500365023362;
Elapsed=00:00:00.0770560
Learning progress:
1;214.991388888889 * time_passes + 25.4866503267975 * gvn;3.49079366280381;3.49079366280381;3.49079366280381;3.49079366280381;0.003952;2;25.4866503267975 * gvn;1;1.8131021697001;
2;209.214154600025 * time_passes + 24.9202548082812 * gvn + 15.4059581036384 * instcombine;2.78069665904302;2.78069665904302;2.78069665904302;2.78069665904302;0.01245;3;15.4059581036384 * instcombine;1;0.710097003760785;
3;205.343001889758 * time_passes + 24.6971977470345 * gvn + 15.0892274273439 * instcombine + 8.44925657056389 * inline;1.62448880867862;1.62448880867862;1.62448880867862;1.62448880867862;0.026428;4;8.44925657056389 * inline;1;1.15620785036441;
4;207.296226090931 * time_passes + 24.3637854730394 * gvn + 13.561074025037 * instcombine + 8.23353946141677 * inline + -4.00163560483446 * ipsccp;1.405809661308;1.405809661308;1.405809661308;1.405809661308;0.04651;5;-4.00163560483446 * ipsccp;1;0.218679147370619;
Elapsed=00:00:00.0469260
Learning progress:
1;215.531666666667 * time_passes + 24.3705392156865 * gvn;3.52837892305061;3.52837892305061;3.52837892305061;3.52837892305061;0.004782;2;24.3705392156865 * gvn;1;2.19574573357397;
2;209.768479310345 * time_passes + 24.4673995073892 * gvn + 14.8196246305418 * instcombine;2.08622328275479;2.08622328275479;2.08622328275479;2.08622328275479;0.01336;3;14.8196246305418 * instcombine;1;1.44215564029582;
3;205.300284440754 * time_passes + 24.0712454239764 * gvn + 15.0594330371182 * instcombine + 9.54531500686061 * inline;1.31016190657774;1.31016190657774;1.31016190657774;1.31016190657774;0.027122;4;9.54531500686061 * inline;1;0.776061376177044;
4;206.027003083291 * time_passes + 22.5442050598988 * gvn + 15.0204299844801 * instcombine + 7.99284055871699 * inline + 3.18294375500858 * inline * gvn;1.21855471749112;1.21855471749112;1.21855471749112;1.21855471749112;0.04816;6;3.18294375500858 * inline * gvn;2;0.0458035945433138;
Elapsed=00:00:00.0486025
Learning progress:
1;215.172222222223 * time_passes + 24.5999843505477 * gvn;3.71589326311519;3.71589326311519;3.71589326311519;3.71589326311519;0.004768;2;24.5999843505477 * gvn;1;2.03819270828628;
2;209.883054686231 * time_passes + 24.9545820614115 * gvn + 14.5981023993364 * instcombine;2.0838549815456;2.0838549815456;2.0838549815456;2.0838549815456;0.013296;3;14.5981023993364 * instcombine;1;1.63203828156959;
3;205.204546090436 * time_passes + 24.3994300336383 * gvn + 14.9379464013603 * instcombine + 9.82253103310199 * inline;1.37898030416771;1.37898030416771;1.37898030416771;1.37898030416771;0.026666;4;9.82253103310199 * inline;1;0.704874677377891;
4;204.419718618798 * time_passes + 24.357140624896 * gvn + 15.1637599094768 * instcombine + 9.8770265774181 * inline + 1.50851291683797 * jump_threading;1.30669923698443;1.30669923698443;1.30669923698443;1.30669923698443;0.047581;5;1.50851291683797 * jump_threading;1;0.0722810671832745;
Elapsed=00:00:00.0480478
Learning progress:
1;216.334333333334 * time_passes + 23.2646190476191 * gvn;4.056880811105;4.056880811105;4.056880811105;4.056880811105;0.003799;2;23.2646190476191 * gvn;1;2.81706237286325;
2;210.389658784333 * time_passes + 24.0572423208193 * gvn + 13.8709072810013 * instcombine;2.39744900143461;2.39744900143461;2.39744900143461;2.39744900143461;0.012039;3;13.8709072810013 * instcombine;1;1.65943180967039;
3;205.594761578604 * time_passes + 24.0883780169602 * gvn + 14.4157819634702 * instcombine + 9.12275896934109 * inline;1.01750880092803;1.01750880092803;1.01750880092803;1.01750880092803;0.025845;4;9.12275896934109 * inline;1;1.37994020050658;
4;205.331139428412 * time_passes + 24.0738277817748 * gvn + 14.427169669899 * instcombine + 9.16901257922386 * inline + 0.532033644345763 * sccp;0.989813616262263;0.989813616262263;0.989813616262263;0.989813616262263;0.046501;5;0.532033644345763 * sccp;1;0.0276951846657676;
Elapsed=00:00:00.0469227
Learning progress:
1;215.631050228311 * time_passes + 23.3069099706946 * gvn;3.73766364366929;3.73766364366929;3.73766364366929;3.73766364366929;0.003875;2;23.3069099706946 * gvn;1;2.66509664610632;
2;209.996005640015 * time_passes + 23.2745618387296 * gvn + 15.8214713440621 * instcombine;2.72438428309195;2.72438428309195;2.72438428309195;2.72438428309195;0.012264;3;15.8214713440621 * instcombine;1;1.01327936057734;
3;205.594323279095 * time_passes + 23.6460953114073 * gvn + 15.5518347735063 * instcombine + 8.64035166267441 * inline;1.57399660054429;1.57399660054429;1.57399660054429;1.57399660054429;0.02669;4;8.64035166267441 * inline;1;1.15038768254766;
4;207.040946461845 * time_passes + 23.7366915573263 * gvn + 14.111865431153 * instcombine + 8.68537634013805 * inline + -3.67764353595779 * ipsccp;1.36824410182193;1.36824410182193;1.36824410182193;1.36824410182193;0.047898;5;-3.67764353595779 * ipsccp;1;0.205752498722357;
Elapsed=00:00:00.0483338
Learning progress:
1;214.991388888889 * time_passes + 25.4866503267975 * gvn;3.49079366280381;3.49079366280381;3.49079366280381;3.49079366280381;0.003969;2;25.4866503267975 * gvn;1;1.8131021697001;
2;209.214154600025 * time_passes + 24.9202548082812 * gvn + 15.4059581036384 * instcombine;2.78069665904302;2.78069665904302;2.78069665904302;2.78069665904302;0.013124;3;15.4059581036384 * instcombine;1;0.710097003760785;
3;205.343001889758 * time_passes + 24.6971977470345 * gvn + 15.0892274273439 * instcombine + 8.44925657056389 * inline;1.62448880867862;1.62448880867862;1.62448880867862;1.62448880867862;0.026352;4;8.44925657056389 * inline;1;1.15620785036441;
4;207.296226090931 * time_passes + 24.3637854730394 * gvn + 13.561074025037 * instcombine + 8.23353946141677 * inline + -4.00163560483446 * ipsccp;1.405809661308;1.405809661308;1.405809661308;1.405809661308;0.046713;5;-4.00163560483446 * ipsccp;1;0.218679147370619;
5;207.861078196289 * time_passes + 24.3138543667725 * gvn + 13.4771845658636 * instcombine + 8.35651859425097 * inline + -4.30045239254896 * ipsccp + -1.11602626834377 * print_used_types;1.32931463193617;1.32931463193617;1.32931463193617;1.32931463193617;0.07454;6;-1.11602626834377 * print_used_types;1;0.0764950293718321;
Elapsed=00:00:00.0750326
Learning progress:
1;215.531666666667 * time_passes + 24.3705392156865 * gvn;3.52837892305061;3.52837892305061;3.52837892305061;3.52837892305061;0.00394;2;24.3705392156865 * gvn;1;2.19574573357397;
2;209.768479310345 * time_passes + 24.4673995073892 * gvn + 14.8196246305418 * instcombine;2.08622328275479;2.08622328275479;2.08622328275479;2.08622328275479;0.01317;3;14.8196246305418 * instcombine;1;1.44215564029582;
3;205.300284440754 * time_passes + 24.0712454239764 * gvn + 15.0594330371182 * instcombine + 9.54531500686061 * inline;1.31016190657774;1.31016190657774;1.31016190657774;1.31016190657774;0.027639;4;9.54531500686061 * inline;1;0.776061376177044;
4;206.027003083291 * time_passes + 22.5442050598988 * gvn + 15.0204299844801 * instcombine + 7.99284055871699 * inline + 3.18294375500858 * inline * gvn;1.21855471749112;1.21855471749112;1.21855471749112;1.21855471749112;0.048601;6;3.18294375500858 * inline * gvn;2;0.0458035945433138;
Elapsed=00:00:00.0490461
Learning progress:
1;215.172222222223 * time_passes + 24.5999843505477 * gvn;3.71589326311519;3.71589326311519;3.71589326311519;3.71589326311519;0.004701;2;24.5999843505477 * gvn;1;2.03819270828628;
2;209.883054686231 * time_passes + 24.9545820614115 * gvn + 14.5981023993364 * instcombine;2.0838549815456;2.0838549815456;2.0838549815456;2.0838549815456;0.013162;3;14.5981023993364 * instcombine;1;1.63203828156959;
3;205.204546090436 * time_passes + 24.3994300336383 * gvn + 14.9379464013603 * instcombine + 9.82253103310199 * inline;1.37898030416771;1.37898030416771;1.37898030416771;1.37898030416771;0.027152;4;9.82253103310199 * inline;1;0.704874677377891;
4;204.419718618798 * time_passes + 24.357140624896 * gvn + 15.1637599094768 * instcombine + 9.8770265774181 * inline + 1.50851291683797 * jump_threading;1.30669923698443;1.30669923698443;1.30669923698443;1.30669923698443;0.048691;5;1.50851291683797 * jump_threading;1;0.0722810671832745;
Elapsed=00:00:00.0492079
Learning progress:
1;216.334333333334 * time_passes + 23.2646190476191 * gvn;4.056880811105;4.056880811105;4.056880811105;4.056880811105;0.004583;2;23.2646190476191 * gvn;1;2.81706237286325;
2;210.389658784333 * time_passes + 24.0572423208193 * gvn + 13.8709072810013 * instcombine;2.39744900143461;2.39744900143461;2.39744900143461;2.39744900143461;0.013149;3;13.8709072810013 * instcombine;1;1.65943180967039;
3;205.594761578604 * time_passes + 24.0883780169602 * gvn + 14.4157819634702 * instcombine + 9.12275896934109 * inline;1.01750880092803;1.01750880092803;1.01750880092803;1.01750880092803;0.026657;4;9.12275896934109 * inline;1;1.37994020050658;
4;205.331139428412 * time_passes + 24.0738277817748 * gvn + 14.427169669899 * instcombine + 9.16901257922386 * inline + 0.532033644345763 * sccp;0.989813616262263;0.989813616262263;0.989813616262263;0.989813616262263;0.047154;5;0.532033644345763 * sccp;1;0.0276951846657676;
Elapsed=00:00:00.0475783
Learning progress:
1;215.631050228311 * time_passes + 23.3069099706946 * gvn;3.73766364366929;3.73766364366929;3.73766364366929;3.73766364366929;0.004624;2;23.3069099706946 * gvn;1;2.66509664610632;
2;209.996005640015 * time_passes + 23.2745618387296 * gvn + 15.8214713440621 * instcombine;2.72438428309195;2.72438428309195;2.72438428309195;2.72438428309195;0.013119;3;15.8214713440621 * instcombine;1;1.01327936057734;
3;205.594323279095 * time_passes + 23.6460953114073 * gvn + 15.5518347735063 * instcombine + 8.64035166267441 * inline;1.57399660054429;1.57399660054429;1.57399660054429;1.57399660054429;0.027192;4;8.64035166267441 * inline;1;1.15038768254766;
4;207.040946461845 * time_passes + 23.7366915573263 * gvn + 14.111865431153 * instcombine + 8.68537634013805 * inline + -3.67764353595779 * ipsccp;1.36824410182193;1.36824410182193;1.36824410182193;1.36824410182193;0.048409;5;-3.67764353595779 * ipsccp;1;0.205752498722357;
5;206.180914095404 * time_passes + 23.7488976351937 * gvn + 16.7232559774269 * instcombine + 10.560879722727 * inline + -3.83018670359492 * ipsccp + -5.24889998616026 * inline * instcombine;1.17834402881726;1.17834402881726;1.17834402881726;1.17834402881726;0.075833;7;-5.24889998616026 * inline * instcombine;2;0.0949500365023362;
Elapsed=00:00:00.0763130
Learning progress:
1;214.991388888889 * time_passes + 25.4866503267975 * gvn;3.49079366280381;3.49079366280381;3.49079366280381;3.49079366280381;0.003775;2;25.4866503267975 * gvn;1;1.8131021697001;
2;209.214154600025 * time_passes + 24.9202548082812 * gvn + 15.4059581036384 * instcombine;2.78069665904302;2.78069665904302;2.78069665904302;2.78069665904302;0.01294;3;15.4059581036384 * instcombine;1;0.710097003760785;
3;205.343001889758 * time_passes + 24.6971977470345 * gvn + 15.0892274273439 * instcombine + 8.44925657056389 * inline;1.62448880867862;1.62448880867862;1.62448880867862;1.62448880867862;0.026144;4;8.44925657056389 * inline;1;1.15620785036441;
4;207.296226090931 * time_passes + 24.3637854730394 * gvn + 13.561074025037 * instcombine + 8.23353946141677 * inline + -4.00163560483446 * ipsccp;1.405809661308;1.405809661308;1.405809661308;1.405809661308;0.047737;5;-4.00163560483446 * ipsccp;1;0.218679147370619;
5;207.861078196289 * time_passes + 24.3138543667725 * gvn + 13.4771845658636 * instcombine + 8.35651859425097 * inline + -4.30045239254896 * ipsccp + -1.11602626834377 * print_used_types;1.32931463193617;1.32931463193617;1.32931463193617;1.32931463193617;0.075066;6;-1.11602626834377 * print_used_types;1;0.0764950293718321;
Elapsed=00:00:00.0755564
Learning progress:
1;215.531666666667 * time_passes + 24.3705392156865 * gvn;3.52837892305061;3.52837892305061;3.52837892305061;3.52837892305061;0.004798;2;24.3705392156865 * gvn;1;2.19574573357397;
2;209.768479310345 * time_passes + 24.4673995073892 * gvn + 14.8196246305418 * instcombine;2.08622328275479;2.08622328275479;2.08622328275479;2.08622328275479;0.013192;3;14.8196246305418 * instcombine;1;1.44215564029582;
3;205.300284440754 * time_passes + 24.0712454239764 * gvn + 15.0594330371182 * instcombine + 9.54531500686061 * inline;1.31016190657774;1.31016190657774;1.31016190657774;1.31016190657774;0.026823;4;9.54531500686061 * inline;1;0.776061376177044;
4;206.027003083291 * time_passes + 22.5442050598988 * gvn + 15.0204299844801 * instcombine + 7.99284055871699 * inline + 3.18294375500858 * inline * gvn;1.21855471749112;1.21855471749112;1.21855471749112;1.21855471749112;0.047946;6;3.18294375500858 * inline * gvn;2;0.0458035945433138;
Elapsed=00:00:00.0483872
Learning progress:
1;215.172222222223 * time_passes + 24.5999843505477 * gvn;3.71589326311519;3.71589326311519;3.71589326311519;3.71589326311519;0.005301;2;24.5999843505477 * gvn;1;2.03819270828628;
2;209.883054686231 * time_passes + 24.9545820614115 * gvn + 14.5981023993364 * instcombine;2.0838549815456;2.0838549815456;2.0838549815456;2.0838549815456;0.013735;3;14.5981023993364 * instcombine;1;1.63203828156959;
3;205.204546090436 * time_passes + 24.3994300336383 * gvn + 14.9379464013603 * instcombine + 9.82253103310199 * inline;1.37898030416771;1.37898030416771;1.37898030416771;1.37898030416771;0.027544;4;9.82253103310199 * inline;1;0.704874677377891;
4;204.419718618798 * time_passes + 24.357140624896 * gvn + 15.1637599094768 * instcombine + 9.8770265774181 * inline + 1.50851291683797 * jump_threading;1.30669923698443;1.30669923698443;1.30669923698443;1.30669923698443;0.048164;5;1.50851291683797 * jump_threading;1;0.0722810671832745;
Elapsed=00:00:00.0486776
Learning progress:
1;216.334333333334 * time_passes + 23.2646190476191 * gvn;4.056880811105;4.056880811105;4.056880811105;4.056880811105;0.00334;2;23.2646190476191 * gvn;1;2.81706237286325;
2;210.389658784333 * time_passes + 24.0572423208193 * gvn + 13.8709072810013 * instcombine;2.39744900143461;2.39744900143461;2.39744900143461;2.39744900143461;0.011636;3;13.8709072810013 * instcombine;1;1.65943180967039;
3;205.594761578604 * time_passes + 24.0883780169602 * gvn + 14.4157819634702 * instcombine + 9.12275896934109 * inline;1.01750880092803;1.01750880092803;1.01750880092803;1.01750880092803;0.025234;4;9.12275896934109 * inline;1;1.37994020050658;
4;205.331139428412 * time_passes + 24.0738277817748 * gvn + 14.427169669899 * instcombine + 9.16901257922386 * inline + 0.532033644345763 * sccp;0.989813616262263;0.989813616262263;0.989813616262263;0.989813616262263;0.045649;5;0.532033644345763 * sccp;1;0.0276951846657676;
Elapsed=00:00:00.0460700
Learning progress:
1;215.631050228311 * time_passes + 23.3069099706946 * gvn;3.73766364366929;3.73766364366929;3.73766364366929;3.73766364366929;0.003715;2;23.3069099706946 * gvn;1;2.66509664610632;
2;209.996005640015 * time_passes + 23.2745618387296 * gvn + 15.8214713440621 * instcombine;2.72438428309195;2.72438428309195;2.72438428309195;2.72438428309195;0.012398;3;15.8214713440621 * instcombine;1;1.01327936057734;
3;205.594323279095 * time_passes + 23.6460953114073 * gvn + 15.5518347735063 * instcombine + 8.64035166267441 * inline;1.57399660054429;1.57399660054429;1.57399660054429;1.57399660054429;0.026938;4;8.64035166267441 * inline;1;1.15038768254766;
4;207.040946461845 * time_passes + 23.7366915573263 * gvn + 14.111865431153 * instcombine + 8.68537634013805 * inline + -3.67764353595779 * ipsccp;1.36824410182193;1.36824410182193;1.36824410182193;1.36824410182193;0.048147;5;-3.67764353595779 * ipsccp;1;0.205752498722357;
5;206.180914095404 * time_passes + 23.7488976351937 * gvn + 16.7232559774269 * instcombine + 10.560879722727 * inline + -3.83018670359492 * ipsccp + -5.24889998616026 * inline * instcombine;1.17834402881726;1.17834402881726;1.17834402881726;1.17834402881726;0.076805;7;-5.24889998616026 * inline * instcombine;2;0.0949500365023362;
Elapsed=00:00:00.0773135
Learning progress:
1;214.991388888889 * time_passes + 25.4866503267975 * gvn;3.49079366280381;3.49079366280381;3.49079366280381;3.49079366280381;0.003807;2;25.4866503267975 * gvn;1;1.8131021697001;
2;209.214154600025 * time_passes + 24.9202548082812 * gvn + 15.4059581036384 * instcombine;2.78069665904302;2.78069665904302;2.78069665904302;2.78069665904302;0.012688;3;15.4059581036384 * instcombine;1;0.710097003760785;
3;205.343001889758 * time_passes + 24.6971977470345 * gvn + 15.0892274273439 * instcombine + 8.44925657056389 * inline;1.62448880867862;1.62448880867862;1.62448880867862;1.62448880867862;0.026489;4;8.44925657056389 * inline;1;1.15620785036441;
4;207.296226090931 * time_passes + 24.3637854730394 * gvn + 13.561074025037 * instcombine + 8.23353946141677 * inline + -4.00163560483446 * ipsccp;1.405809661308;1.405809661308;1.405809661308;1.405809661308;0.046774;5;-4.00163560483446 * ipsccp;1;0.218679147370619;
Elapsed=00:00:00.0471924
Learning progress:
1;215.531666666667 * time_passes + 24.3705392156865 * gvn;3.52837892305061;3.52837892305061;3.52837892305061;3.52837892305061;0.004666;2;24.3705392156865 * gvn;1;2.19574573357397;
2;209.768479310345 * time_passes + 24.4673995073892 * gvn + 14.8196246305418 * instcombine;2.08622328275479;2.08622328275479;2.08622328275479;2.08622328275479;0.013125;3;14.8196246305418 * instcombine;1;1.44215564029582;
3;205.300284440754 * time_passes + 24.0712454239764 * gvn + 15.0594330371182 * instcombine + 9.54531500686061 * inline;1.31016190657774;1.31016190657774;1.31016190657774;1.31016190657774;0.026847;4;9.54531500686061 * inline;1;0.776061376177044;
4;206.027003083291 * time_passes + 22.5442050598988 * gvn + 15.0204299844801 * instcombine + 7.99284055871699 * inline + 3.18294375500858 * inline * gvn;1.21855471749112;1.21855471749112;1.21855471749112;1.21855471749112;0.047464;6;3.18294375500858 * inline * gvn;2;0.0458035945433138;
Elapsed=00:00:00.0479061
Learning progress:
1;215.172222222223 * time_passes + 24.5999843505477 * gvn;3.71589326311519;3.71589326311519;3.71589326311519;3.71589326311519;0.004637;2;24.5999843505477 * gvn;1;2.03819270828628;
2;209.883054686231 * time_passes + 24.9545820614115 * gvn + 14.5981023993364 * instcombine;2.0838549815456;2.0838549815456;2.0838549815456;2.0838549815456;0.012692;3;14.5981023993364 * instcombine;1;1.63203828156959;
3;205.204546090436 * time_passes + 24.3994300336383 * gvn + 14.9379464013603 * instcombine + 9.82253103310199 * inline;1.37898030416771;1.37898030416771;1.37898030416771;1.37898030416771;0.026767;4;9.82253103310199 * inline;1;0.704874677377891;
4;204.419718618798 * time_passes + 24.357140624896 * gvn + 15.1637599094768 * instcombine + 9.8770265774181 * inline + 1.50851291683797 * jump_threading;1.30669923698443;1.30669923698443;1.30669923698443;1.30669923698443;0.046901;5;1.50851291683797 * jump_threading;1;0.0722810671832745;
Elapsed=00:00:00.0473696
Learning progress:
1;216.334333333334 * time_passes + 23.2646190476191 * gvn;4.056880811105;4.056880811105;4.056880811105;4.056880811105;0.003919;2;23.2646190476191 * gvn;1;2.81706237286325;
2;210.389658784333 * time_passes + 24.0572423208193 * gvn + 13.8709072810013 * instcombine;2.39744900143461;2.39744900143461;2.39744900143461;2.39744900143461;0.011933;3;13.8709072810013 * instcombine;1;1.65943180967039;
3;205.594761578604 * time_passes + 24.0883780169602 * gvn + 14.4157819634702 * instcombine + 9.12275896934109 * inline;1.01750880092803;1.01750880092803;1.01750880092803;1.01750880092803;0.030377;4;9.12275896934109 * inline;1;1.37994020050658;
4;205.331139428412 * time_passes + 24.0738277817748 * gvn + 14.427169669899 * instcombine + 9.16901257922386 * inline + 0.532033644345763 * sccp;0.989813616262263;0.989813616262263;0.989813616262263;0.989813616262263;0.05205;5;0.532033644345763 * sccp;1;0.0276951846657676;
Elapsed=00:00:00.0524746
Learning progress:
1;215.631050228311 * time_passes + 23.3069099706946 * gvn;3.73766364366929;3.73766364366929;3.73766364366929;3.73766364366929;0.003872;2;23.3069099706946 * gvn;1;2.66509664610632;
2;209.996005640015 * time_passes + 23.2745618387296 * gvn + 15.8214713440621 * instcombine;2.72438428309195;2.72438428309195;2.72438428309195;2.72438428309195;0.01244;3;15.8214713440621 * instcombine;1;1.01327936057734;
3;205.594323279095 * time_passes + 23.6460953114073 * gvn + 15.5518347735063 * instcombine + 8.64035166267441 * inline;1.57399660054429;1.57399660054429;1.57399660054429;1.57399660054429;0.026248;4;8.64035166267441 * inline;1;1.15038768254766;
4;207.040946461845 * time_passes + 23.7366915573263 * gvn + 14.111865431153 * instcombine + 8.68537634013805 * inline + -3.67764353595779 * ipsccp;1.36824410182193;1.36824410182193;1.36824410182193;1.36824410182193;0.047197;5;-3.67764353595779 * ipsccp;1;0.205752498722357;
Elapsed=00:00:00.0476298
Learning progress:
1;214.991388888889 * time_passes + 25.4866503267975 * gvn;3.49079366280381;3.49079366280381;3.49079366280381;3.49079366280381;0.00341;2;25.4866503267975 * gvn;1;1.8131021697001;
2;209.214154600025 * time_passes + 24.9202548082812 * gvn + 15.4059581036384 * instcombine;2.78069665904302;2.78069665904302;2.78069665904302;2.78069665904302;0.01188;3;15.4059581036384 * instcombine;1;0.710097003760785;
3;205.343001889758 * time_passes + 24.6971977470345 * gvn + 15.0892274273439 * instcombine + 8.44925657056389 * inline;1.62448880867862;1.62448880867862;1.62448880867862;1.62448880867862;0.025753;4;8.44925657056389 * inline;1;1.15620785036441;
4;207.296226090931 * time_passes + 24.3637854730394 * gvn + 13.561074025037 * instcombine + 8.23353946141677 * inline + -4.00163560483446 * ipsccp;1.405809661308;1.405809661308;1.405809661308;1.405809661308;0.046768;5;-4.00163560483446 * ipsccp;1;0.218679147370619;
5;207.861078196289 * time_passes + 24.3138543667725 * gvn + 13.4771845658636 * instcombine + 8.35651859425097 * inline + -4.30045239254896 * ipsccp + -1.11602626834377 * print_used_types;1.32931463193617;1.32931463193617;1.32931463193617;1.32931463193617;0.073613;6;-1.11602626834377 * print_used_types;1;0.0764950293718321;
Elapsed=00:00:00.0741057
Learning progress:
1;215.531666666667 * time_passes + 24.3705392156865 * gvn;3.52837892305061;3.52837892305061;3.52837892305061;3.52837892305061;0.003936;2;24.3705392156865 * gvn;1;2.19574573357397;
2;209.768479310345 * time_passes + 24.4673995073892 * gvn + 14.8196246305418 * instcombine;2.08622328275479;2.08622328275479;2.08622328275479;2.08622328275479;0.01278;3;14.8196246305418 * instcombine;1;1.44215564029582;
3;205.300284440754 * time_passes + 24.0712454239764 * gvn + 15.0594330371182 * instcombine + 9.54531500686061 * inline;1.31016190657774;1.31016190657774;1.31016190657774;1.31016190657774;0.027247;4;9.54531500686061 * inline;1;0.776061376177044;
4;206.027003083291 * time_passes + 22.5442050598988 * gvn + 15.0204299844801 * instcombine + 7.99284055871699 * inline + 3.18294375500858 * inline * gvn;1.21855471749112;1.21855471749112;1.21855471749112;1.21855471749112;0.048155;6;3.18294375500858 * inline * gvn;2;0.0458035945433138;
Elapsed=00:00:00.0485965
Learning progress:
1;215.172222222223 * time_passes + 24.5999843505477 * gvn;3.71589326311519;3.71589326311519;3.71589326311519;3.71589326311519;0.003832;2;24.5999843505477 * gvn;1;2.03819270828628;
2;209.883054686231 * time_passes + 24.9545820614115 * gvn + 14.5981023993364 * instcombine;2.0838549815456;2.0838549815456;2.0838549815456;2.0838549815456;0.013034;3;14.5981023993364 * instcombine;1;1.63203828156959;
3;205.204546090436 * time_passes + 24.3994300336383 * gvn + 14.9379464013603 * instcombine + 9.82253103310199 * inline;1.37898030416771;1.37898030416771;1.37898030416771;1.37898030416771;0.027555;4;9.82253103310199 * inline;1;0.704874677377891;
4;204.419718618798 * time_passes + 24.357140624896 * gvn + 15.1637599094768 * instcombine + 9.8770265774181 * inline + 1.50851291683797 * jump_threading;1.30669923698443;1.30669923698443;1.30669923698443;1.30669923698443;0.047875;5;1.50851291683797 * jump_threading;1;0.0722810671832745;
Elapsed=00:00:00.0483393
Learning progress:
1;216.334333333334 * time_passes + 23.2646190476191 * gvn;4.056880811105;4.056880811105;4.056880811105;4.056880811105;0.004689;2;23.2646190476191 * gvn;1;2.81706237286325;
2;210.389658784333 * time_passes + 24.0572423208193 * gvn + 13.8709072810013 * instcombine;2.39744900143461;2.39744900143461;2.39744900143461;2.39744900143461;0.013022;3;13.8709072810013 * instcombine;1;1.65943180967039;
3;205.594761578604 * time_passes + 24.0883780169602 * gvn + 14.4157819634702 * instcombine + 9.12275896934109 * inline;1.01750880092803;1.01750880092803;1.01750880092803;1.01750880092803;0.026039;4;9.12275896934109 * inline;1;1.37994020050658;
4;205.331139428412 * time_passes + 24.0738277817748 * gvn + 14.427169669899 * instcombine + 9.16901257922386 * inline + 0.532033644345763 * sccp;0.989813616262263;0.989813616262263;0.989813616262263;0.989813616262263;0.045811;5;0.532033644345763 * sccp;1;0.0276951846657676;
Elapsed=00:00:00.0462356
Learning progress:
1;215.631050228311 * time_passes + 23.3069099706946 * gvn;3.73766364366929;3.73766364366929;3.73766364366929;3.73766364366929;0.00457;2;23.3069099706946 * gvn;1;2.66509664610632;
2;209.996005640015 * time_passes + 23.2745618387296 * gvn + 15.8214713440621 * instcombine;2.72438428309195;2.72438428309195;2.72438428309195;2.72438428309195;0.012715;3;15.8214713440621 * instcombine;1;1.01327936057734;
3;205.594323279095 * time_passes + 23.6460953114073 * gvn + 15.5518347735063 * instcombine + 8.64035166267441 * inline;1.57399660054429;1.57399660054429;1.57399660054429;1.57399660054429;0.026973;4;8.64035166267441 * inline;1;1.15038768254766;
4;207.040946461845 * time_passes + 23.7366915573263 * gvn + 14.111865431153 * instcombine + 8.68537634013805 * inline + -3.67764353595779 * ipsccp;1.36824410182193;1.36824410182193;1.36824410182193;1.36824410182193;0.04753;5;-3.67764353595779 * ipsccp;1;0.205752498722357;
5;206.180914095404 * time_passes + 23.7488976351937 * gvn + 16.7232559774269 * instcombine + 10.560879722727 * inline + -3.83018670359492 * ipsccp + -5.24889998616026 * inline * instcombine;1.17834402881726;1.17834402881726;1.17834402881726;1.17834402881726;0.074349;7;-5.24889998616026 * inline * instcombine;2;0.0949500365023362;
Elapsed=00:00:00.0748660
Learning progress:
1;214.991388888889 * time_passes + 25.4866503267975 * gvn;3.49079366280381;3.49079366280381;3.49079366280381;3.49079366280381;0.003815;2;25.4866503267975 * gvn;1;1.8131021697001;
2;209.214154600025 * time_passes + 24.9202548082812 * gvn + 15.4059581036384 * instcombine;2.78069665904302;2.78069665904302;2.78069665904302;2.78069665904302;0.012582;3;15.4059581036384 * instcombine;1;0.710097003760785;
3;205.343001889758 * time_passes + 24.6971977470345 * gvn + 15.0892274273439 * instcombine + 8.44925657056389 * inline;1.62448880867862;1.62448880867862;1.62448880867862;1.62448880867862;0.025714;4;8.44925657056389 * inline;1;1.15620785036441;
4;207.296226090931 * time_passes + 24.3637854730394 * gvn + 13.561074025037 * instcombine + 8.23353946141677 * inline + -4.00163560483446 * ipsccp;1.405809661308;1.405809661308;1.405809661308;1.405809661308;0.045585;5;-4.00163560483446 * ipsccp;1;0.218679147370619;
5;207.861078196289 * time_passes + 24.3138543667725 * gvn + 13.4771845658636 * instcombine + 8.35651859425097 * inline + -4.30045239254896 * ipsccp + -1.11602626834377 * print_used_types;1.32931463193617;1.32931463193617;1.32931463193617;1.32931463193617;0.071745;6;-1.11602626834377 * print_used_types;1;0.0764950293718321;
Elapsed=00:00:00.0722380
Learning progress:
1;215.531666666667 * time_passes + 24.3705392156865 * gvn;3.52837892305061;3.52837892305061;3.52837892305061;3.52837892305061;0.004694;2;24.3705392156865 * gvn;1;2.19574573357397;
2;209.768479310345 * time_passes + 24.4673995073892 * gvn + 14.8196246305418 * instcombine;2.08622328275479;2.08622328275479;2.08622328275479;2.08622328275479;0.013086;3;14.8196246305418 * instcombine;1;1.44215564029582;
3;205.300284440754 * time_passes + 24.0712454239764 * gvn + 15.0594330371182 * instcombine + 9.54531500686061 * inline;1.31016190657774;1.31016190657774;1.31016190657774;1.31016190657774;0.026824;4;9.54531500686061 * inline;1;0.776061376177044;
4;206.027003083291 * time_passes + 22.5442050598988 * gvn + 15.0204299844801 * instcombine + 7.99284055871699 * inline + 3.18294375500858 * inline * gvn;1.21855471749112;1.21855471749112;1.21855471749112;1.21855471749112;0.04772;6;3.18294375500858 * inline * gvn;2;0.0458035945433138;
Elapsed=00:00:00.0481652
Learning progress:
1;215.172222222223 * time_passes + 24.5999843505477 * gvn;3.71589326311519;3.71589326311519;3.71589326311519;3.71589326311519;0.004499;2;24.5999843505477 * gvn;1;2.03819270828628;
2;209.883054686231 * time_passes + 24.9545820614115 * gvn + 14.5981023993364 * instcombine;2.0838549815456;2.0838549815456;2.0838549815456;2.0838549815456;0.012827;3;14.5981023993364 * instcombine;1;1.63203828156959;
3;205.204546090436 * time_passes + 24.3994300336383 * gvn + 14.9379464013603 * instcombine + 9.82253103310199 * inline;1.37898030416771;1.37898030416771;1.37898030416771;1.37898030416771;0.026885;4;9.82253103310199 * inline;1;0.704874677377891;
4;204.419718618798 * time_passes + 24.357140624896 * gvn + 15.1637599094768 * instcombine + 9.8770265774181 * inline + 1.50851291683797 * jump_threading;1.30669923698443;1.30669923698443;1.30669923698443;1.30669923698443;0.047698;5;1.50851291683797 * jump_threading;1;0.0722810671832745;
Elapsed=00:00:00.0481641
Learning progress:
1;216.334333333334 * time_passes + 23.2646190476191 * gvn;4.056880811105;4.056880811105;4.056880811105;4.056880811105;0.003825;2;23.2646190476191 * gvn;1;2.81706237286325;
2;210.389658784333 * time_passes + 24.0572423208193 * gvn + 13.8709072810013 * instcombine;2.39744900143461;2.39744900143461;2.39744900143461;2.39744900143461;0.012167;3;13.8709072810013 * instcombine;1;1.65943180967039;
3;205.594761578604 * time_passes + 24.0883780169602 * gvn + 14.4157819634702 * instcombine + 9.12275896934109 * inline;1.01750880092803;1.01750880092803;1.01750880092803;1.01750880092803;0.025953;4;9.12275896934109 * inline;1;1.37994020050658;
4;205.331139428412 * time_passes + 24.0738277817748 * gvn + 14.427169669899 * instcombine + 9.16901257922386 * inline + 0.532033644345763 * sccp;0.989813616262263;0.989813616262263;0.989813616262263;0.989813616262263;0.046434;5;0.532033644345763 * sccp;1;0.0276951846657676;
Elapsed=00:00:00.0469025
Learning progress:
1;215.631050228311 * time_passes + 23.3069099706946 * gvn;3.73766364366929;3.73766364366929;3.73766364366929;3.73766364366929;0.003952;2;23.3069099706946 * gvn;1;2.66509664610632;
2;209.996005640015 * time_passes + 23.2745618387296 * gvn + 15.8214713440621 * instcombine;2.72438428309195;2.72438428309195;2.72438428309195;2.72438428309195;0.012476;3;15.8214713440621 * instcombine;1;1.01327936057734;
3;205.594323279095 * time_passes + 23.6460953114073 * gvn + 15.5518347735063 * instcombine + 8.64035166267441 * inline;1.57399660054429;1.57399660054429;1.57399660054429;1.57399660054429;0.026395;4;8.64035166267441 * inline;1;1.15038768254766;
4;207.040946461845 * time_passes + 23.7366915573263 * gvn + 14.111865431153 * instcombine + 8.68537634013805 * inline + -3.67764353595779 * ipsccp;1.36824410182193;1.36824410182193;1.36824410182193;1.36824410182193;0.047612;5;-3.67764353595779 * ipsccp;1;0.205752498722357;
5;206.180914095404 * time_passes + 23.7488976351937 * gvn + 16.7232559774269 * instcombine + 10.560879722727 * inline + -3.83018670359492 * ipsccp + -5.24889998616026 * inline * instcombine;1.17834402881726;1.17834402881726;1.17834402881726;1.17834402881726;0.076132;7;-5.24889998616026 * inline * instcombine;2;0.0949500365023362;
Elapsed=00:00:00.0766156
Learning progress:
1;214.991388888889 * time_passes + 25.4866503267975 * gvn;3.49079366280381;3.49079366280381;3.49079366280381;3.49079366280381;0.003847;2;25.4866503267975 * gvn;1;1.8131021697001;
2;209.214154600025 * time_passes + 24.9202548082812 * gvn + 15.4059581036384 * instcombine;2.78069665904302;2.78069665904302;2.78069665904302;2.78069665904302;0.013101;3;15.4059581036384 * instcombine;1;0.710097003760785;
3;205.343001889758 * time_passes + 24.6971977470345 * gvn + 15.0892274273439 * instcombine + 8.44925657056389 * inline;1.62448880867862;1.62448880867862;1.62448880867862;1.62448880867862;0.026818;4;8.44925657056389 * inline;1;1.15620785036441;
4;207.296226090931 * time_passes + 24.3637854730394 * gvn + 13.561074025037 * instcombine + 8.23353946141677 * inline + -4.00163560483446 * ipsccp;1.405809661308;1.405809661308;1.405809661308;1.405809661308;0.047942;5;-4.00163560483446 * ipsccp;1;0.218679147370619;
Elapsed=00:00:00.0483582
Learning progress:
1;215.531666666667 * time_passes + 24.3705392156865 * gvn;3.52837892305061;3.52837892305061;3.52837892305061;3.52837892305061;0.003494;2;24.3705392156865 * gvn;1;2.19574573357397;
2;209.768479310345 * time_passes + 24.4673995073892 * gvn + 14.8196246305418 * instcombine;2.08622328275479;2.08622328275479;2.08622328275479;2.08622328275479;0.012734;3;14.8196246305418 * instcombine;1;1.44215564029582;
3;205.300284440754 * time_passes + 24.0712454239764 * gvn + 15.0594330371182 * instcombine + 9.54531500686061 * inline;1.31016190657774;1.31016190657774;1.31016190657774;1.31016190657774;0.026519;4;9.54531500686061 * inline;1;0.776061376177044;
4;206.027003083291 * time_passes + 22.5442050598988 * gvn + 15.0204299844801 * instcombine + 7.99284055871699 * inline + 3.18294375500858 * inline * gvn;1.21855471749112;1.21855471749112;1.21855471749112;1.21855471749112;0.047333;6;3.18294375500858 * inline * gvn;2;0.0458035945433138;
Elapsed=00:00:00.0478039
Learning progress:
1;215.172222222223 * time_passes + 24.5999843505477 * gvn;3.71589326311519;3.71589326311519;3.71589326311519;3.71589326311519;0.004735;2;24.5999843505477 * gvn;1;2.03819270828628;
2;209.883054686231 * time_passes + 24.9545820614115 * gvn + 14.5981023993364 * instcombine;2.0838549815456;2.0838549815456;2.0838549815456;2.0838549815456;0.01321;3;14.5981023993364 * instcombine;1;1.63203828156959;
3;205.204546090436 * time_passes + 24.3994300336383 * gvn + 14.9379464013603 * instcombine + 9.82253103310199 * inline;1.37898030416771;1.37898030416771;1.37898030416771;1.37898030416771;0.027153;4;9.82253103310199 * inline;1;0.704874677377891;
4;204.419718618798 * time_passes + 24.357140624896 * gvn + 15.1637599094768 * instcombine + 9.8770265774181 * inline + 1.50851291683797 * jump_threading;1.30669923698443;1.30669923698443;1.30669923698443;1.30669923698443;0.048557;5;1.50851291683797 * jump_threading;1;0.0722810671832745;
Elapsed=00:00:00.0490314
Learning progress:
1;216.334333333334 * time_passes + 23.2646190476191 * gvn;4.056880811105;4.056880811105;4.056880811105;4.056880811105;0.004555;2;23.2646190476191 * gvn;1;2.81706237286325;
2;210.389658784333 * time_passes + 24.0572423208193 * gvn + 13.8709072810013 * instcombine;2.39744900143461;2.39744900143461;2.39744900143461;2.39744900143461;0.012807;3;13.8709072810013 * instcombine;1;1.65943180967039;
3;205.594761578604 * time_passes + 24.0883780169602 * gvn + 14.4157819634702 * instcombine + 9.12275896934109 * inline;1.01750880092803;1.01750880092803;1.01750880092803;1.01750880092803;0.026421;4;9.12275896934109 * inline;1;1.37994020050658;
4;205.331139428412 * time_passes + 24.0738277817748 * gvn + 14.427169669899 * instcombine + 9.16901257922386 * inline + 0.532033644345763 * sccp;0.989813616262263;0.989813616262263;0.989813616262263;0.989813616262263;0.046679;5;0.532033644345763 * sccp;1;0.0276951846657676;
Elapsed=00:00:00.0471654
Learning progress:
1;215.631050228311 * time_passes + 23.3069099706946 * gvn;3.73766364366929;3.73766364366929;3.73766364366929;3.73766364366929;0.005162;2;23.3069099706946 * gvn;1;2.66509664610632;
2;209.996005640015 * time_passes + 23.2745618387296 * gvn + 15.8214713440621 * instcombine;2.72438428309195;2.72438428309195;2.72438428309195;2.72438428309195;0.012976;3;15.8214713440621 * instcombine;1;1.01327936057734;
3;205.594323279095 * time_passes + 23.6460953114073 * gvn + 15.5518347735063 * instcombine + 8.64035166267441 * inline;1.57399660054429;1.57399660054429;1.57399660054429;1.57399660054429;0.02724;4;8.64035166267441 * inline;1;1.15038768254766;
4;207.040946461845 * time_passes + 23.7366915573263 * gvn + 14.111865431153 * instcombine + 8.68537634013805 * inline + -3.67764353595779 * ipsccp;1.36824410182193;1.36824410182193;1.36824410182193;1.36824410182193;0.048526;5;-3.67764353595779 * ipsccp;1;0.205752498722357;
Elapsed=00:00:00.0489637
Learning progress:
1;214.991388888889 * time_passes + 25.4866503267975 * gvn;3.49079366280381;3.49079366280381;3.49079366280381;3.49079366280381;0.003823;2;25.4866503267975 * gvn;1;1.8131021697001;
2;209.214154600025 * time_passes + 24.9202548082812 * gvn + 15.4059581036384 * instcombine;2.78069665904302;2.78069665904302;2.78069665904302;2.78069665904302;0.011998;3;15.4059581036384 * instcombine;1;0.710097003760785;
3;205.343001889758 * time_passes + 24.6971977470345 * gvn + 15.0892274273439 * instcombine + 8.44925657056389 * inline;1.62448880867862;1.62448880867862;1.62448880867862;1.62448880867862;0.02562;4;8.44925657056389 * inline;1;1.15620785036441;
4;207.296226090931 * time_passes + 24.3637854730394 * gvn + 13.561074025037 * instcombine + 8.23353946141677 * inline + -4.00163560483446 * ipsccp;1.405809661308;1.405809661308;1.405809661308;1.405809661308;0.045327;5;-4.00163560483446 * ipsccp;1;0.218679147370619;
5;207.861078196289 * time_passes + 24.3138543667725 * gvn + 13.4771845658636 * instcombine + 8.35651859425097 * inline + -4.30045239254896 * ipsccp + -1.11602626834377 * print_used_types;1.32931463193617;1.32931463193617;1.32931463193617;1.32931463193617;0.072759;6;-1.11602626834377 * print_used_types;1;0.0764950293718321;
Elapsed=00:00:00.0732505
Learning progress:
1;215.531666666667 * time_passes + 24.3705392156865 * gvn;3.52837892305061;3.52837892305061;3.52837892305061;3.52837892305061;0.00392;2;24.3705392156865 * gvn;1;2.19574573357397;
2;209.768479310345 * time_passes + 24.4673995073892 * gvn + 14.8196246305418 * instcombine;2.08622328275479;2.08622328275479;2.08622328275479;2.08622328275479;0.013013;3;14.8196246305418 * instcombine;1;1.44215564029582;
3;205.300284440754 * time_passes + 24.0712454239764 * gvn + 15.0594330371182 * instcombine + 9.54531500686061 * inline;1.31016190657774;1.31016190657774;1.31016190657774;1.31016190657774;0.02698;4;9.54531500686061 * inline;1;0.776061376177044;
4;206.027003083291 * time_passes + 22.5442050598988 * gvn + 15.0204299844801 * instcombine + 7.99284055871699 * inline + 3.18294375500858 * inline * gvn;1.21855471749112;1.21855471749112;1.21855471749112;1.21855471749112;0.047414;6;3.18294375500858 * inline * gvn;2;0.0458035945433138;
Elapsed=00:00:00.0478657
Learning progress:
1;215.172222222223 * time_passes + 24.5999843505477 * gvn;3.71589326311519;3.71589326311519;3.71589326311519;3.71589326311519;0.004669;2;24.5999843505477 * gvn;1;2.03819270828628;
2;209.883054686231 * time_passes + 24.9545820614115 * gvn + 14.5981023993364 * instcombine;2.0838549815456;2.0838549815456;2.0838549815456;2.0838549815456;0.012511;3;14.5981023993364 * instcombine;1;1.63203828156959;
3;205.204546090436 * time_passes + 24.3994300336383 * gvn + 14.9379464013603 * instcombine + 9.82253103310199 * inline;1.37898030416771;1.37898030416771;1.37898030416771;1.37898030416771;0.02656;4;9.82253103310199 * inline;1;0.704874677377891;
4;204.419718618798 * time_passes + 24.357140624896 * gvn + 15.1637599094768 * instcombine + 9.8770265774181 * inline + 1.50851291683797 * jump_threading;1.30669923698443;1.30669923698443;1.30669923698443;1.30669923698443;0.047383;5;1.50851291683797 * jump_threading;1;0.0722810671832745;
Elapsed=00:00:00.0478463
Learning progress:
1;216.334333333334 * time_passes + 23.2646190476191 * gvn;4.056880811105;4.056880811105;4.056880811105;4.056880811105;0.004653;2;23.2646190476191 * gvn;1;2.81706237286325;
2;210.389658784333 * time_passes + 24.0572423208193 * gvn + 13.8709072810013 * instcombine;2.39744900143461;2.39744900143461;2.39744900143461;2.39744900143461;0.013261;3;13.8709072810013 * instcombine;1;1.65943180967039;
3;205.594761578604 * time_passes + 24.0883780169602 * gvn + 14.4157819634702 * instcombine + 9.12275896934109 * inline;1.01750880092803;1.01750880092803;1.01750880092803;1.01750880092803;0.026495;4;9.12275896934109 * inline;1;1.37994020050658;
4;205.331139428412 * time_passes + 24.0738277817748 * gvn + 14.427169669899 * instcombine + 9.16901257922386 * inline + 0.532033644345763 * sccp;0.989813616262263;0.989813616262263;0.989813616262263;0.989813616262263;0.046632;5;0.532033644345763 * sccp;1;0.0276951846657676;
Elapsed=00:00:00.0470545
Learning progress:
1;215.631050228311 * time_passes + 23.3069099706946 * gvn;3.73766364366929;3.73766364366929;3.73766364366929;3.73766364366929;0.004626;2;23.3069099706946 * gvn;1;2.66509664610632;
2;209.996005640015 * time_passes + 23.2745618387296 * gvn + 15.8214713440621 * instcombine;2.72438428309195;2.72438428309195;2.72438428309195;2.72438428309195;0.01297;3;15.8214713440621 * instcombine;1;1.01327936057734;
3;205.594323279095 * time_passes + 23.6460953114073 * gvn + 15.5518347735063 * instcombine + 8.64035166267441 * inline;1.57399660054429;1.57399660054429;1.57399660054429;1.57399660054429;0.02759;4;8.64035166267441 * inline;1;1.15038768254766;
4;207.040946461845 * time_passes + 23.7366915573263 * gvn + 14.111865431153 * instcombine + 8.68537634013805 * inline + -3.67764353595779 * ipsccp;1.36824410182193;1.36824410182193;1.36824410182193;1.36824410182193;0.048679;5;-3.67764353595779 * ipsccp;1;0.205752498722357;
5;206.180914095404 * time_passes + 23.7488976351937 * gvn + 16.7232559774269 * instcombine + 10.560879722727 * inline + -3.83018670359492 * ipsccp + -5.24889998616026 * inline * instcombine;1.17834402881726;1.17834402881726;1.17834402881726;1.17834402881726;0.077008;7;-5.24889998616026 * inline * instcombine;2;0.0949500365023362;
Elapsed=00:00:00.0774835
Learning progress:
1;214.991388888889 * time_passes + 25.4866503267975 * gvn;3.49079366280381;3.49079366280381;3.49079366280381;3.49079366280381;0.003852;2;25.4866503267975 * gvn;1;1.8131021697001;
2;209.214154600025 * time_passes + 24.9202548082812 * gvn + 15.4059581036384 * instcombine;2.78069665904302;2.78069665904302;2.78069665904302;2.78069665904302;0.013026;3;15.4059581036384 * instcombine;1;0.710097003760785;
3;205.343001889758 * time_passes + 24.6971977470345 * gvn + 15.0892274273439 * instcombine + 8.44925657056389 * inline;1.62448880867862;1.62448880867862;1.62448880867862;1.62448880867862;0.027076;4;8.44925657056389 * inline;1;1.15620785036441;
4;207.296226090931 * time_passes + 24.3637854730394 * gvn + 13.561074025037 * instcombine + 8.23353946141677 * inline + -4.00163560483446 * ipsccp;1.405809661308;1.405809661308;1.405809661308;1.405809661308;0.046719;5;-4.00163560483446 * ipsccp;1;0.218679147370619;
5;207.861078196289 * time_passes + 24.3138543667725 * gvn + 13.4771845658636 * instcombine + 8.35651859425097 * inline + -4.30045239254896 * ipsccp + -1.11602626834377 * print_used_types;1.32931463193617;1.32931463193617;1.32931463193617;1.32931463193617;0.073083;6;-1.11602626834377 * print_used_types;1;0.0764950293718321;
Elapsed=00:00:00.0735636
Learning progress:
1;215.531666666667 * time_passes + 24.3705392156865 * gvn;3.52837892305061;3.52837892305061;3.52837892305061;3.52837892305061;0.00455;2;24.3705392156865 * gvn;1;2.19574573357397;
2;209.768479310345 * time_passes + 24.4673995073892 * gvn + 14.8196246305418 * instcombine;2.08622328275479;2.08622328275479;2.08622328275479;2.08622328275479;0.012561;3;14.8196246305418 * instcombine;1;1.44215564029582;
3;205.300284440754 * time_passes + 24.0712454239764 * gvn + 15.0594330371182 * instcombine + 9.54531500686061 * inline;1.31016190657774;1.31016190657774;1.31016190657774;1.31016190657774;0.026626;4;9.54531500686061 * inline;1;0.776061376177044;
4;206.027003083291 * time_passes + 22.5442050598988 * gvn + 15.0204299844801 * instcombine + 7.99284055871699 * inline + 3.18294375500858 * inline * gvn;1.21855471749112;1.21855471749112;1.21855471749112;1.21855471749112;0.047608;6;3.18294375500858 * inline * gvn;2;0.0458035945433138;
Elapsed=00:00:00.0480514
Learning progress:
1;215.172222222223 * time_passes + 24.5999843505477 * gvn;3.71589326311519;3.71589326311519;3.71589326311519;3.71589326311519;0.003857;2;24.5999843505477 * gvn;1;2.03819270828628;
2;209.883054686231 * time_passes + 24.9545820614115 * gvn + 14.5981023993364 * instcombine;2.0838549815456;2.0838549815456;2.0838549815456;2.0838549815456;0.012355;3;14.5981023993364 * instcombine;1;1.63203828156959;
3;205.204546090436 * time_passes + 24.3994300336383 * gvn + 14.9379464013603 * instcombine + 9.82253103310199 * inline;1.37898030416771;1.37898030416771;1.37898030416771;1.37898030416771;0.026603;4;9.82253103310199 * inline;1;0.704874677377891;
4;204.419718618798 * time_passes + 24.357140624896 * gvn + 15.1637599094768 * instcombine + 9.8770265774181 * inline + 1.50851291683797 * jump_threading;1.30669923698443;1.30669923698443;1.30669923698443;1.30669923698443;0.047514;5;1.50851291683797 * jump_threading;1;0.0722810671832745;
Elapsed=00:00:00.0479870
Learning progress:
1;216.334333333334 * time_passes + 23.2646190476191 * gvn;4.056880811105;4.056880811105;4.056880811105;4.056880811105;0.003802;2;23.2646190476191 * gvn;1;2.81706237286325;
2;210.389658784333 * time_passes + 24.0572423208193 * gvn + 13.8709072810013 * instcombine;2.39744900143461;2.39744900143461;2.39744900143461;2.39744900143461;0.012784;3;13.8709072810013 * instcombine;1;1.65943180967039;
3;205.594761578604 * time_passes + 24.0883780169602 * gvn + 14.4157819634702 * instcombine + 9.12275896934109 * inline;1.01750880092803;1.01750880092803;1.01750880092803;1.01750880092803;0.025834;4;9.12275896934109 * inline;1;1.37994020050658;
4;205.331139428412 * time_passes + 24.0738277817748 * gvn + 14.427169669899 * instcombine + 9.16901257922386 * inline + 0.532033644345763 * sccp;0.989813616262263;0.989813616262263;0.989813616262263;0.989813616262263;0.046331;5;0.532033644345763 * sccp;1;0.0276951846657676;
Elapsed=00:00:00.0467525
Learning progress:
1;215.631050228311 * time_passes + 23.3069099706946 * gvn;3.73766364366929;3.73766364366929;3.73766364366929;3.73766364366929;0.003841;2;23.3069099706946 * gvn;1;2.66509664610632;
2;209.996005640015 * time_passes + 23.2745618387296 * gvn + 15.8214713440621 * instcombine;2.72438428309195;2.72438428309195;2.72438428309195;2.72438428309195;0.012991;3;15.8214713440621 * instcombine;1;1.01327936057734;
3;205.594323279095 * time_passes + 23.6460953114073 * gvn + 15.5518347735063 * instcombine + 8.64035166267441 * inline;1.57399660054429;1.57399660054429;1.57399660054429;1.57399660054429;0.025782;4;8.64035166267441 * inline;1;1.15038768254766;
4;207.040946461845 * time_passes + 23.7366915573263 * gvn + 14.111865431153 * instcombine + 8.68537634013805 * inline + -3.67764353595779 * ipsccp;1.36824410182193;1.36824410182193;1.36824410182193;1.36824410182193;0.046912;5;-3.67764353595779 * ipsccp;1;0.205752498722357;
5;206.180914095404 * time_passes + 23.7488976351937 * gvn + 16.7232559774269 * instcombine + 10.560879722727 * inline + -3.83018670359492 * ipsccp + -5.24889998616026 * inline * instcombine;1.17834402881726;1.17834402881726;1.17834402881726;1.17834402881726;0.074758;7;-5.24889998616026 * inline * instcombine;2;0.0949500365023362;
Elapsed=00:00:00.0752351
Learning progress:
1;214.991388888889 * time_passes + 25.4866503267975 * gvn;3.49079366280381;3.49079366280381;3.49079366280381;3.49079366280381;0.00459;2;25.4866503267975 * gvn;1;1.8131021697001;
2;209.214154600025 * time_passes + 24.9202548082812 * gvn + 15.4059581036384 * instcombine;2.78069665904302;2.78069665904302;2.78069665904302;2.78069665904302;0.012989;3;15.4059581036384 * instcombine;1;0.710097003760785;
3;205.343001889758 * time_passes + 24.6971977470345 * gvn + 15.0892274273439 * instcombine + 8.44925657056389 * inline;1.62448880867862;1.62448880867862;1.62448880867862;1.62448880867862;0.026941;4;8.44925657056389 * inline;1;1.15620785036441;
4;207.296226090931 * time_passes + 24.3637854730394 * gvn + 13.561074025037 * instcombine + 8.23353946141677 * inline + -4.00163560483446 * ipsccp;1.405809661308;1.405809661308;1.405809661308;1.405809661308;0.047648;5;-4.00163560483446 * ipsccp;1;0.218679147370619;
Elapsed=00:00:00.0480645
Learning progress:
1;215.531666666667 * time_passes + 24.3705392156865 * gvn;3.52837892305061;3.52837892305061;3.52837892305061;3.52837892305061;0.004618;2;24.3705392156865 * gvn;1;2.19574573357397;
2;209.768479310345 * time_passes + 24.4673995073892 * gvn + 14.8196246305418 * instcombine;2.08622328275479;2.08622328275479;2.08622328275479;2.08622328275479;0.012967;3;14.8196246305418 * instcombine;1;1.44215564029582;
3;205.300284440754 * time_passes + 24.0712454239764 * gvn + 15.0594330371182 * instcombine + 9.54531500686061 * inline;1.31016190657774;1.31016190657774;1.31016190657774;1.31016190657774;0.026297;4;9.54531500686061 * inline;1;0.776061376177044;
4;206.027003083291 * time_passes + 22.5442050598988 * gvn + 15.0204299844801 * instcombine + 7.99284055871699 * inline + 3.18294375500858 * inline * gvn;1.21855471749112;1.21855471749112;1.21855471749112;1.21855471749112;0.047344;6;3.18294375500858 * inline * gvn;2;0.0458035945433138;
Elapsed=00:00:00.0477973
Learning progress:
1;215.172222222223 * time_passes + 24.5999843505477 * gvn;3.71589326311519;3.71589326311519;3.71589326311519;3.71589326311519;0.003826;2;24.5999843505477 * gvn;1;2.03819270828628;
2;209.883054686231 * time_passes + 24.9545820614115 * gvn + 14.5981023993364 * instcombine;2.0838549815456;2.0838549815456;2.0838549815456;2.0838549815456;0.012051;3;14.5981023993364 * instcombine;1;1.63203828156959;
3;205.204546090436 * time_passes + 24.3994300336383 * gvn + 14.9379464013603 * instcombine + 9.82253103310199 * inline;1.37898030416771;1.37898030416771;1.37898030416771;1.37898030416771;0.025872;4;9.82253103310199 * inline;1;0.704874677377891;
4;204.419718618798 * time_passes + 24.357140624896 * gvn + 15.1637599094768 * instcombine + 9.8770265774181 * inline + 1.50851291683797 * jump_threading;1.30669923698443;1.30669923698443;1.30669923698443;1.30669923698443;0.046318;5;1.50851291683797 * jump_threading;1;0.0722810671832745;
Elapsed=00:00:00.0467843
Learning progress:
1;216.334333333334 * time_passes + 23.2646190476191 * gvn;4.056880811105;4.056880811105;4.056880811105;4.056880811105;0.004497;2;23.2646190476191 * gvn;1;2.81706237286325;
2;210.389658784333 * time_passes + 24.0572423208193 * gvn + 13.8709072810013 * instcombine;2.39744900143461;2.39744900143461;2.39744900143461;2.39744900143461;0.012876;3;13.8709072810013 * instcombine;1;1.65943180967039;
3;205.594761578604 * time_passes + 24.0883780169602 * gvn + 14.4157819634702 * instcombine + 9.12275896934109 * inline;1.01750880092803;1.01750880092803;1.01750880092803;1.01750880092803;0.026547;4;9.12275896934109 * inline;1;1.37994020050658;
4;205.331139428412 * time_passes + 24.0738277817748 * gvn + 14.427169669899 * instcombine + 9.16901257922386 * inline + 0.532033644345763 * sccp;0.989813616262263;0.989813616262263;0.989813616262263;0.989813616262263;0.046512;5;0.532033644345763 * sccp;1;0.0276951846657676;
Elapsed=00:00:00.0469330
Learning progress:
1;215.631050228311 * time_passes + 23.3069099706946 * gvn;3.73766364366929;3.73766364366929;3.73766364366929;3.73766364366929;0.00394;2;23.3069099706946 * gvn;1;2.66509664610632;
2;209.996005640015 * time_passes + 23.2745618387296 * gvn + 15.8214713440621 * instcombine;2.72438428309195;2.72438428309195;2.72438428309195;2.72438428309195;0.012456;3;15.8214713440621 * instcombine;1;1.01327936057734;
3;205.594323279095 * time_passes + 23.6460953114073 * gvn + 15.5518347735063 * instcombine + 8.64035166267441 * inline;1.57399660054429;1.57399660054429;1.57399660054429;1.57399660054429;0.026145;4;8.64035166267441 * inline;1;1.15038768254766;
4;207.040946461845 * time_passes + 23.7366915573263 * gvn + 14.111865431153 * instcombine + 8.68537634013805 * inline + -3.67764353595779 * ipsccp;1.36824410182193;1.36824410182193;1.36824410182193;1.36824410182193;0.047014;5;-3.67764353595779 * ipsccp;1;0.205752498722357;
Elapsed=00:00:00.0474950
Learning progress:
1;214.991388888889 * time_passes + 25.4866503267975 * gvn;3.49079366280381;3.49079366280381;3.49079366280381;3.49079366280381;0.004435;2;25.4866503267975 * gvn;1;1.8131021697001;
2;209.214154600025 * time_passes + 24.9202548082812 * gvn + 15.4059581036384 * instcombine;2.78069665904302;2.78069665904302;2.78069665904302;2.78069665904302;0.013522;3;15.4059581036384 * instcombine;1;0.710097003760785;
3;205.343001889758 * time_passes + 24.6971977470345 * gvn + 15.0892274273439 * instcombine + 8.44925657056389 * inline;1.62448880867862;1.62448880867862;1.62448880867862;1.62448880867862;0.026837;4;8.44925657056389 * inline;1;1.15620785036441;
4;207.296226090931 * time_passes + 24.3637854730394 * gvn + 13.561074025037 * instcombine + 8.23353946141677 * inline + -4.00163560483446 * ipsccp;1.405809661308;1.405809661308;1.405809661308;1.405809661308;0.047572;5;-4.00163560483446 * ipsccp;1;0.218679147370619;
5;207.861078196289 * time_passes + 24.3138543667725 * gvn + 13.4771845658636 * instcombine + 8.35651859425097 * inline + -4.30045239254896 * ipsccp + -1.11602626834377 * print_used_types;1.32931463193617;1.32931463193617;1.32931463193617;1.32931463193617;0.073683;6;-1.11602626834377 * print_used_types;1;0.0764950293718321;
Elapsed=00:00:00.0741673
Learning progress:
1;215.531666666667 * time_passes + 24.3705392156865 * gvn;3.52837892305061;3.52837892305061;3.52837892305061;3.52837892305061;0.004647;2;24.3705392156865 * gvn;1;2.19574573357397;
2;209.768479310345 * time_passes + 24.4673995073892 * gvn + 14.8196246305418 * instcombine;2.08622328275479;2.08622328275479;2.08622328275479;2.08622328275479;0.013255;3;14.8196246305418 * instcombine;1;1.44215564029582;
3;205.300284440754 * time_passes + 24.0712454239764 * gvn + 15.0594330371182 * instcombine + 9.54531500686061 * inline;1.31016190657774;1.31016190657774;1.31016190657774;1.31016190657774;0.027408;4;9.54531500686061 * inline;1;0.776061376177044;
4;206.027003083291 * time_passes + 22.5442050598988 * gvn + 15.0204299844801 * instcombine + 7.99284055871699 * inline + 3.18294375500858 * inline * gvn;1.21855471749112;1.21855471749112;1.21855471749112;1.21855471749112;0.048336;6;3.18294375500858 * inline * gvn;2;0.0458035945433138;
Elapsed=00:00:00.0488093
Learning progress:
1;215.172222222223 * time_passes + 24.5999843505477 * gvn;3.71589326311519;3.71589326311519;3.71589326311519;3.71589326311519;0.00451;2;24.5999843505477 * gvn;1;2.03819270828628;
2;209.883054686231 * time_passes + 24.9545820614115 * gvn + 14.5981023993364 * instcombine;2.0838549815456;2.0838549815456;2.0838549815456;2.0838549815456;0.012617;3;14.5981023993364 * instcombine;1;1.63203828156959;
3;205.204546090436 * time_passes + 24.3994300336383 * gvn + 14.9379464013603 * instcombine + 9.82253103310199 * inline;1.37898030416771;1.37898030416771;1.37898030416771;1.37898030416771;0.026294;4;9.82253103310199 * inline;1;0.704874677377891;
4;204.419718618798 * time_passes + 24.357140624896 * gvn + 15.1637599094768 * instcombine + 9.8770265774181 * inline + 1.50851291683797 * jump_threading;1.30669923698443;1.30669923698443;1.30669923698443;1.30669923698443;0.046567;5;1.50851291683797 * jump_threading;1;0.0722810671832745;
Elapsed=00:00:00.0470361
Learning progress:
1;216.334333333334 * time_passes + 23.2646190476191 * gvn;4.056880811105;4.056880811105;4.056880811105;4.056880811105;0.004075;2;23.2646190476191 * gvn;1;2.81706237286325;
2;210.389658784333 * time_passes + 24.0572423208193 * gvn + 13.8709072810013 * instcombine;2.39744900143461;2.39744900143461;2.39744900143461;2.39744900143461;0.012557;3;13.8709072810013 * instcombine;1;1.65943180967039;
3;205.594761578604 * time_passes + 24.0883780169602 * gvn + 14.4157819634702 * instcombine + 9.12275896934109 * inline;1.01750880092803;1.01750880092803;1.01750880092803;1.01750880092803;0.026056;4;9.12275896934109 * inline;1;1.37994020050658;
4;205.331139428412 * time_passes + 24.0738277817748 * gvn + 14.427169669899 * instcombine + 9.16901257922386 * inline + 0.532033644345763 * sccp;0.989813616262263;0.989813616262263;0.989813616262263;0.989813616262263;0.04628;5;0.532033644345763 * sccp;1;0.0276951846657676;
Elapsed=00:00:00.0467038
Learning progress:
1;215.631050228311 * time_passes + 23.3069099706946 * gvn;3.73766364366929;3.73766364366929;3.73766364366929;3.73766364366929;0.003964;2;23.3069099706946 * gvn;1;2.66509664610632;
2;209.996005640015 * time_passes + 23.2745618387296 * gvn + 15.8214713440621 * instcombine;2.72438428309195;2.72438428309195;2.72438428309195;2.72438428309195;0.012527;3;15.8214713440621 * instcombine;1;1.01327936057734;
3;205.594323279095 * time_passes + 23.6460953114073 * gvn + 15.5518347735063 * instcombine + 8.64035166267441 * inline;1.57399660054429;1.57399660054429;1.57399660054429;1.57399660054429;0.026965;4;8.64035166267441 * inline;1;1.15038768254766;
4;207.040946461845 * time_passes + 23.7366915573263 * gvn + 14.111865431153 * instcombine + 8.68537634013805 * inline + -3.67764353595779 * ipsccp;1.36824410182193;1.36824410182193;1.36824410182193;1.36824410182193;0.048213;5;-3.67764353595779 * ipsccp;1;0.205752498722357;
5;206.180914095404 * time_passes + 23.7488976351937 * gvn + 16.7232559774269 * instcombine + 10.560879722727 * inline + -3.83018670359492 * ipsccp + -5.24889998616026 * inline * instcombine;1.17834402881726;1.17834402881726;1.17834402881726;1.17834402881726;0.07615;7;-5.24889998616026 * inline * instcombine;2;0.0949500365023362;
Elapsed=00:00:00.0766252
Learning progress:
1;214.991388888889 * time_passes + 25.4866503267975 * gvn;3.49079366280381;3.49079366280381;3.49079366280381;3.49079366280381;0.004059;2;25.4866503267975 * gvn;1;1.8131021697001;
2;209.214154600025 * time_passes + 24.9202548082812 * gvn + 15.4059581036384 * instcombine;2.78069665904302;2.78069665904302;2.78069665904302;2.78069665904302;0.013378;3;15.4059581036384 * instcombine;1;0.710097003760785;
3;205.343001889758 * time_passes + 24.6971977470345 * gvn + 15.0892274273439 * instcombine + 8.44925657056389 * inline;1.62448880867862;1.62448880867862;1.62448880867862;1.62448880867862;0.027345;4;8.44925657056389 * inline;1;1.15620785036441;
4;207.296226090931 * time_passes + 24.3637854730394 * gvn + 13.561074025037 * instcombine + 8.23353946141677 * inline + -4.00163560483446 * ipsccp;1.405809661308;1.405809661308;1.405809661308;1.405809661308;0.047061;5;-4.00163560483446 * ipsccp;1;0.218679147370619;
5;207.861078196289 * time_passes + 24.3138543667725 * gvn + 13.4771845658636 * instcombine + 8.35651859425097 * inline + -4.30045239254896 * ipsccp + -1.11602626834377 * print_used_types;1.32931463193617;1.32931463193617;1.32931463193617;1.32931463193617;0.073643;6;-1.11602626834377 * print_used_types;1;0.0764950293718321;
Elapsed=00:00:00.0741364
Learning progress:
1;215.531666666667 * time_passes + 24.3705392156865 * gvn;3.52837892305061;3.52837892305061;3.52837892305061;3.52837892305061;0.004424;2;24.3705392156865 * gvn;1;2.19574573357397;
2;209.768479310345 * time_passes + 24.4673995073892 * gvn + 14.8196246305418 * instcombine;2.08622328275479;2.08622328275479;2.08622328275479;2.08622328275479;0.012945;3;14.8196246305418 * instcombine;1;1.44215564029582;
3;205.300284440754 * time_passes + 24.0712454239764 * gvn + 15.0594330371182 * instcombine + 9.54531500686061 * inline;1.31016190657774;1.31016190657774;1.31016190657774;1.31016190657774;0.026503;4;9.54531500686061 * inline;1;0.776061376177044;
4;206.027003083291 * time_passes + 22.5442050598988 * gvn + 15.0204299844801 * instcombine + 7.99284055871699 * inline + 3.18294375500858 * inline * gvn;1.21855471749112;1.21855471749112;1.21855471749112;1.21855471749112;0.047409;6;3.18294375500858 * inline * gvn;2;0.0458035945433138;
Elapsed=00:00:00.0478511
Learning progress:
1;215.172222222223 * time_passes + 24.5999843505477 * gvn;3.71589326311519;3.71589326311519;3.71589326311519;3.71589326311519;0.003347;2;24.5999843505477 * gvn;1;2.03819270828628;
2;209.883054686231 * time_passes + 24.9545820614115 * gvn + 14.5981023993364 * instcombine;2.0838549815456;2.0838549815456;2.0838549815456;2.0838549815456;0.011749;3;14.5981023993364 * instcombine;1;1.63203828156959;
3;205.204546090436 * time_passes + 24.3994300336383 * gvn + 14.9379464013603 * instcombine + 9.82253103310199 * inline;1.37898030416771;1.37898030416771;1.37898030416771;1.37898030416771;0.024995;4;9.82253103310199 * inline;1;0.704874677377891;
4;204.419718618798 * time_passes + 24.357140624896 * gvn + 15.1637599094768 * instcombine + 9.8770265774181 * inline + 1.50851291683797 * jump_threading;1.30669923698443;1.30669923698443;1.30669923698443;1.30669923698443;0.045667;5;1.50851291683797 * jump_threading;1;0.0722810671832745;
Elapsed=00:00:00.0461691
Learning progress:
1;216.334333333334 * time_passes + 23.2646190476191 * gvn;4.056880811105;4.056880811105;4.056880811105;4.056880811105;0.003942;2;23.2646190476191 * gvn;1;2.81706237286325;
2;210.389658784333 * time_passes + 24.0572423208193 * gvn + 13.8709072810013 * instcombine;2.39744900143461;2.39744900143461;2.39744900143461;2.39744900143461;0.013192;3;13.8709072810013 * instcombine;1;1.65943180967039;
3;205.594761578604 * time_passes + 24.0883780169602 * gvn + 14.4157819634702 * instcombine + 9.12275896934109 * inline;1.01750880092803;1.01750880092803;1.01750880092803;1.01750880092803;0.026457;4;9.12275896934109 * inline;1;1.37994020050658;
4;205.331139428412 * time_passes + 24.0738277817748 * gvn + 14.427169669899 * instcombine + 9.16901257922386 * inline + 0.532033644345763 * sccp;0.989813616262263;0.989813616262263;0.989813616262263;0.989813616262263;0.046927;5;0.532033644345763 * sccp;1;0.0276951846657676;
Elapsed=00:00:00.0474398
Learning progress:
1;215.631050228311 * time_passes + 23.3069099706946 * gvn;3.73766364366929;3.73766364366929;3.73766364366929;3.73766364366929;0.003927;2;23.3069099706946 * gvn;1;2.66509664610632;
2;209.996005640015 * time_passes + 23.2745618387296 * gvn + 15.8214713440621 * instcombine;2.72438428309195;2.72438428309195;2.72438428309195;2.72438428309195;0.013114;3;15.8214713440621 * instcombine;1;1.01327936057734;
3;205.594323279095 * time_passes + 23.6460953114073 * gvn + 15.5518347735063 * instcombine + 8.64035166267441 * inline;1.57399660054429;1.57399660054429;1.57399660054429;1.57399660054429;0.026594;4;8.64035166267441 * inline;1;1.15038768254766;
4;207.040946461845 * time_passes + 23.7366915573263 * gvn + 14.111865431153 * instcombine + 8.68537634013805 * inline + -3.67764353595779 * ipsccp;1.36824410182193;1.36824410182193;1.36824410182193;1.36824410182193;0.048029;5;-3.67764353595779 * ipsccp;1;0.205752498722357;
5;206.180914095404 * time_passes + 23.7488976351937 * gvn + 16.7232559774269 * instcombine + 10.560879722727 * inline + -3.83018670359492 * ipsccp + -5.24889998616026 * inline * instcombine;1.17834402881726;1.17834402881726;1.17834402881726;1.17834402881726;0.075611;7;-5.24889998616026 * inline * instcombine;2;0.0949500365023362;
Elapsed=00:00:00.0761039
Learning progress:
1;214.991388888889 * time_passes + 25.4866503267975 * gvn;3.49079366280381;3.49079366280381;3.49079366280381;3.49079366280381;0.004617;2;25.4866503267975 * gvn;1;1.8131021697001;
2;209.214154600025 * time_passes + 24.9202548082812 * gvn + 15.4059581036384 * instcombine;2.78069665904302;2.78069665904302;2.78069665904302;2.78069665904302;0.013054;3;15.4059581036384 * instcombine;1;0.710097003760785;
3;205.343001889758 * time_passes + 24.6971977470345 * gvn + 15.0892274273439 * instcombine + 8.44925657056389 * inline;1.62448880867862;1.62448880867862;1.62448880867862;1.62448880867862;0.026994;4;8.44925657056389 * inline;1;1.15620785036441;
4;207.296226090931 * time_passes + 24.3637854730394 * gvn + 13.561074025037 * instcombine + 8.23353946141677 * inline + -4.00163560483446 * ipsccp;1.405809661308;1.405809661308;1.405809661308;1.405809661308;0.04807;5;-4.00163560483446 * ipsccp;1;0.218679147370619;
Elapsed=00:00:00.0484841
Learning progress:
1;215.531666666667 * time_passes + 24.3705392156865 * gvn;3.52837892305061;3.52837892305061;3.52837892305061;3.52837892305061;0.004715;2;24.3705392156865 * gvn;1;2.19574573357397;
2;209.768479310345 * time_passes + 24.4673995073892 * gvn + 14.8196246305418 * instcombine;2.08622328275479;2.08622328275479;2.08622328275479;2.08622328275479;0.012708;3;14.8196246305418 * instcombine;1;1.44215564029582;
3;205.300284440754 * time_passes + 24.0712454239764 * gvn + 15.0594330371182 * instcombine + 9.54531500686061 * inline;1.31016190657774;1.31016190657774;1.31016190657774;1.31016190657774;0.026769;4;9.54531500686061 * inline;1;0.776061376177044;
4;206.027003083291 * time_passes + 22.5442050598988 * gvn + 15.0204299844801 * instcombine + 7.99284055871699 * inline + 3.18294375500858 * inline * gvn;1.21855471749112;1.21855471749112;1.21855471749112;1.21855471749112;0.04787;6;3.18294375500858 * inline * gvn;2;0.0458035945433138;
Elapsed=00:00:00.0483158
Learning progress:
1;215.172222222223 * time_passes + 24.5999843505477 * gvn;3.71589326311519;3.71589326311519;3.71589326311519;3.71589326311519;0.003872;2;24.5999843505477 * gvn;1;2.03819270828628;
2;209.883054686231 * time_passes + 24.9545820614115 * gvn + 14.5981023993364 * instcombine;2.0838549815456;2.0838549815456;2.0838549815456;2.0838549815456;0.012094;3;14.5981023993364 * instcombine;1;1.63203828156959;
3;205.204546090436 * time_passes + 24.3994300336383 * gvn + 14.9379464013603 * instcombine + 9.82253103310199 * inline;1.37898030416771;1.37898030416771;1.37898030416771;1.37898030416771;0.026047;4;9.82253103310199 * inline;1;0.704874677377891;
4;204.419718618798 * time_passes + 24.357140624896 * gvn + 15.1637599094768 * instcombine + 9.8770265774181 * inline + 1.50851291683797 * jump_threading;1.30669923698443;1.30669923698443;1.30669923698443;1.30669923698443;0.047047;5;1.50851291683797 * jump_threading;1;0.0722810671832745;
Elapsed=00:00:00.0475138
Learning progress:
1;216.334333333334 * time_passes + 23.2646190476191 * gvn;4.056880811105;4.056880811105;4.056880811105;4.056880811105;0.003814;2;23.2646190476191 * gvn;1;2.81706237286325;
2;210.389658784333 * time_passes + 24.0572423208193 * gvn + 13.8709072810013 * instcombine;2.39744900143461;2.39744900143461;2.39744900143461;2.39744900143461;0.012089;3;13.8709072810013 * instcombine;1;1.65943180967039;
3;205.594761578604 * time_passes + 24.0883780169602 * gvn + 14.4157819634702 * instcombine + 9.12275896934109 * inline;1.01750880092803;1.01750880092803;1.01750880092803;1.01750880092803;0.02586;4;9.12275896934109 * inline;1;1.37994020050658;
4;205.331139428412 * time_passes + 24.0738277817748 * gvn + 14.427169669899 * instcombine + 9.16901257922386 * inline + 0.532033644345763 * sccp;0.989813616262263;0.989813616262263;0.989813616262263;0.989813616262263;0.045271;5;0.532033644345763 * sccp;1;0.0276951846657676;
Elapsed=00:00:00.0457022
Learning progress:
1;215.631050228311 * time_passes + 23.3069099706946 * gvn;3.73766364366929;3.73766364366929;3.73766364366929;3.73766364366929;0.003415;2;23.3069099706946 * gvn;1;2.66509664610632;
2;209.996005640015 * time_passes + 23.2745618387296 * gvn + 15.8214713440621 * instcombine;2.72438428309195;2.72438428309195;2.72438428309195;2.72438428309195;0.01183;3;15.8214713440621 * instcombine;1;1.01327936057734;
3;205.594323279095 * time_passes + 23.6460953114073 * gvn + 15.5518347735063 * instcombine + 8.64035166267441 * inline;1.57399660054429;1.57399660054429;1.57399660054429;1.57399660054429;0.026045;4;8.64035166267441 * inline;1;1.15038768254766;
4;207.040946461845 * time_passes + 23.7366915573263 * gvn + 14.111865431153 * instcombine + 8.68537634013805 * inline + -3.67764353595779 * ipsccp;1.36824410182193;1.36824410182193;1.36824410182193;1.36824410182193;0.046671;5;-3.67764353595779 * ipsccp;1;0.205752498722357;
Elapsed=00:00:00.0471062
Learning progress:
1;214.991388888889 * time_passes + 25.4866503267975 * gvn;3.49079366280381;3.49079366280381;3.49079366280381;3.49079366280381;0.003866;2;25.4866503267975 * gvn;1;1.8131021697001;
2;209.214154600025 * time_passes + 24.9202548082812 * gvn + 15.4059581036384 * instcombine;2.78069665904302;2.78069665904302;2.78069665904302;2.78069665904302;0.012915;3;15.4059581036384 * instcombine;1;0.710097003760785;
3;205.343001889758 * time_passes + 24.6971977470345 * gvn + 15.0892274273439 * instcombine + 8.44925657056389 * inline;1.62448880867862;1.62448880867862;1.62448880867862;1.62448880867862;0.025799;4;8.44925657056389 * inline;1;1.15620785036441;
4;207.296226090931 * time_passes + 24.3637854730394 * gvn + 13.561074025037 * instcombine + 8.23353946141677 * inline + -4.00163560483446 * ipsccp;1.405809661308;1.405809661308;1.405809661308;1.405809661308;0.045972;5;-4.00163560483446 * ipsccp;1;0.218679147370619;
5;207.861078196289 * time_passes + 24.3138543667725 * gvn + 13.4771845658636 * instcombine + 8.35651859425097 * inline + -4.30045239254896 * ipsccp + -1.11602626834377 * print_used_types;1.32931463193617;1.32931463193617;1.32931463193617;1.32931463193617;0.073592;6;-1.11602626834377 * print_used_types;1;0.0764950293718321;
Elapsed=00:00:00.0740814
Learning progress:
1;215.531666666667 * time_passes + 24.3705392156865 * gvn;3.52837892305061;3.52837892305061;3.52837892305061;3.52837892305061;0.00393;2;24.3705392156865 * gvn;1;2.19574573357397;
2;209.768479310345 * time_passes + 24.4673995073892 * gvn + 14.8196246305418 * instcombine;2.08622328275479;2.08622328275479;2.08622328275479;2.08622328275479;0.012878;3;14.8196246305418 * instcombine;1;1.44215564029582;
3;205.300284440754 * time_passes + 24.0712454239764 * gvn + 15.0594330371182 * instcombine + 9.54531500686061 * inline;1.31016190657774;1.31016190657774;1.31016190657774;1.31016190657774;0.02633;4;9.54531500686061 * inline;1;0.776061376177044;
4;206.027003083291 * time_passes + 22.5442050598988 * gvn + 15.0204299844801 * instcombine + 7.99284055871699 * inline + 3.18294375500858 * inline * gvn;1.21855471749112;1.21855471749112;1.21855471749112;1.21855471749112;0.047961;6;3.18294375500858 * inline * gvn;2;0.0458035945433138;
Elapsed=00:00:00.0484047
Learning progress:
1;215.172222222223 * time_passes + 24.5999843505477 * gvn;3.71589326311519;3.71589326311519;3.71589326311519;3.71589326311519;0.004631;2;24.5999843505477 * gvn;1;2.03819270828628;
2;209.883054686231 * time_passes + 24.9545820614115 * gvn + 14.5981023993364 * instcombine;2.0838549815456;2.0838549815456;2.0838549815456;2.0838549815456;0.012936;3;14.5981023993364 * instcombine;1;1.63203828156959;
3;205.204546090436 * time_passes + 24.3994300336383 * gvn + 14.9379464013603 * instcombine + 9.82253103310199 * inline;1.37898030416771;1.37898030416771;1.37898030416771;1.37898030416771;0.026626;4;9.82253103310199 * inline;1;0.704874677377891;
4;204.419718618798 * time_passes + 24.357140624896 * gvn + 15.1637599094768 * instcombine + 9.8770265774181 * inline + 1.50851291683797 * jump_threading;1.30669923698443;1.30669923698443;1.30669923698443;1.30669923698443;0.047672;5;1.50851291683797 * jump_threading;1;0.0722810671832745;
Elapsed=00:00:00.0481449
Learning progress:
1;216.334333333334 * time_passes + 23.2646190476191 * gvn;4.056880811105;4.056880811105;4.056880811105;4.056880811105;0.005686;2;23.2646190476191 * gvn;1;2.81706237286325;
2;210.389658784333 * time_passes + 24.0572423208193 * gvn + 13.8709072810013 * instcombine;2.39744900143461;2.39744900143461;2.39744900143461;2.39744900143461;0.013322;3;13.8709072810013 * instcombine;1;1.65943180967039;
3;205.594761578604 * time_passes + 24.0883780169602 * gvn + 14.4157819634702 * instcombine + 9.12275896934109 * inline;1.01750880092803;1.01750880092803;1.01750880092803;1.01750880092803;0.027228;4;9.12275896934109 * inline;1;1.37994020050658;
4;205.331139428412 * time_passes + 24.0738277817748 * gvn + 14.427169669899 * instcombine + 9.16901257922386 * inline + 0.532033644345763 * sccp;0.989813616262263;0.989813616262263;0.989813616262263;0.989813616262263;0.047659;5;0.532033644345763 * sccp;1;0.0276951846657676;
Elapsed=00:00:00.0480890
Learning progress:
1;215.631050228311 * time_passes + 23.3069099706946 * gvn;3.73766364366929;3.73766364366929;3.73766364366929;3.73766364366929;0.003369;2;23.3069099706946 * gvn;1;2.66509664610632;
2;209.996005640015 * time_passes + 23.2745618387296 * gvn + 15.8214713440621 * instcombine;2.72438428309195;2.72438428309195;2.72438428309195;2.72438428309195;0.011998;3;15.8214713440621 * instcombine;1;1.01327936057734;
3;205.594323279095 * time_passes + 23.6460953114073 * gvn + 15.5518347735063 * instcombine + 8.64035166267441 * inline;1.57399660054429;1.57399660054429;1.57399660054429;1.57399660054429;0.026219;4;8.64035166267441 * inline;1;1.15038768254766;
4;207.040946461845 * time_passes + 23.7366915573263 * gvn + 14.111865431153 * instcombine + 8.68537634013805 * inline + -3.67764353595779 * ipsccp;1.36824410182193;1.36824410182193;1.36824410182193;1.36824410182193;0.04767;5;-3.67764353595779 * ipsccp;1;0.205752498722357;
5;206.180914095404 * time_passes + 23.7488976351937 * gvn + 16.7232559774269 * instcombine + 10.560879722727 * inline + -3.83018670359492 * ipsccp + -5.24889998616026 * inline * instcombine;1.17834402881726;1.17834402881726;1.17834402881726;1.17834402881726;0.076144;7;-5.24889998616026 * inline * instcombine;2;0.0949500365023362;
Elapsed=00:00:00.0766362
Learning progress:
1;214.991388888889 * time_passes + 25.4866503267975 * gvn;3.49079366280381;3.49079366280381;3.49079366280381;3.49079366280381;0.003834;2;25.4866503267975 * gvn;1;1.8131021697001;
2;209.214154600025 * time_passes + 24.9202548082812 * gvn + 15.4059581036384 * instcombine;2.78069665904302;2.78069665904302;2.78069665904302;2.78069665904302;0.012862;3;15.4059581036384 * instcombine;1;0.710097003760785;
3;205.343001889758 * time_passes + 24.6971977470345 * gvn + 15.0892274273439 * instcombine + 8.44925657056389 * inline;1.62448880867862;1.62448880867862;1.62448880867862;1.62448880867862;0.025933;4;8.44925657056389 * inline;1;1.15620785036441;
4;207.296226090931 * time_passes + 24.3637854730394 * gvn + 13.561074025037 * instcombine + 8.23353946141677 * inline + -4.00163560483446 * ipsccp;1.405809661308;1.405809661308;1.405809661308;1.405809661308;0.046274;5;-4.00163560483446 * ipsccp;1;0.218679147370619;
5;207.861078196289 * time_passes + 24.3138543667725 * gvn + 13.4771845658636 * instcombine + 8.35651859425097 * inline + -4.30045239254896 * ipsccp + -1.11602626834377 * print_used_types;1.32931463193617;1.32931463193617;1.32931463193617;1.32931463193617;0.073048;6;-1.11602626834377 * print_used_types;1;0.0764950293718321;
Elapsed=00:00:00.0735298
Learning progress:
1;215.531666666667 * time_passes + 24.3705392156865 * gvn;3.52837892305061;3.52837892305061;3.52837892305061;3.52837892305061;0.00384;2;24.3705392156865 * gvn;1;2.19574573357397;
2;209.768479310345 * time_passes + 24.4673995073892 * gvn + 14.8196246305418 * instcombine;2.08622328275479;2.08622328275479;2.08622328275479;2.08622328275479;0.012337;3;14.8196246305418 * instcombine;1;1.44215564029582;
3;205.300284440754 * time_passes + 24.0712454239764 * gvn + 15.0594330371182 * instcombine + 9.54531500686061 * inline;1.31016190657774;1.31016190657774;1.31016190657774;1.31016190657774;0.026414;4;9.54531500686061 * inline;1;0.776061376177044;
4;206.027003083291 * time_passes + 22.5442050598988 * gvn + 15.0204299844801 * instcombine + 7.99284055871699 * inline + 3.18294375500858 * inline * gvn;1.21855471749112;1.21855471749112;1.21855471749112;1.21855471749112;0.04642;6;3.18294375500858 * inline * gvn;2;0.0458035945433138;
Elapsed=00:00:00.0468607
Learning progress:
1;215.172222222223 * time_passes + 24.5999843505477 * gvn;3.71589326311519;3.71589326311519;3.71589326311519;3.71589326311519;0.003839;2;24.5999843505477 * gvn;1;2.03819270828628;
2;209.883054686231 * time_passes + 24.9545820614115 * gvn + 14.5981023993364 * instcombine;2.0838549815456;2.0838549815456;2.0838549815456;2.0838549815456;0.012282;3;14.5981023993364 * instcombine;1;1.63203828156959;
3;205.204546090436 * time_passes + 24.3994300336383 * gvn + 14.9379464013603 * instcombine + 9.82253103310199 * inline;1.37898030416771;1.37898030416771;1.37898030416771;1.37898030416771;0.025908;4;9.82253103310199 * inline;1;0.704874677377891;
4;204.419718618798 * time_passes + 24.357140624896 * gvn + 15.1637599094768 * instcombine + 9.8770265774181 * inline + 1.50851291683797 * jump_threading;1.30669923698443;1.30669923698443;1.30669923698443;1.30669923698443;0.046798;5;1.50851291683797 * jump_threading;1;0.0722810671832745;
Elapsed=00:00:00.0472619
Learning progress:
1;216.334333333334 * time_passes + 23.2646190476191 * gvn;4.056880811105;4.056880811105;4.056880811105;4.056880811105;0.003785;2;23.2646190476191 * gvn;1;2.81706237286325;
2;210.389658784333 * time_passes + 24.0572423208193 * gvn + 13.8709072810013 * instcombine;2.39744900143461;2.39744900143461;2.39744900143461;2.39744900143461;0.012163;3;13.8709072810013 * instcombine;1;1.65943180967039;
3;205.594761578604 * time_passes + 24.0883780169602 * gvn + 14.4157819634702 * instcombine + 9.12275896934109 * inline;1.01750880092803;1.01750880092803;1.01750880092803;1.01750880092803;0.026143;4;9.12275896934109 * inline;1;1.37994020050658;
4;205.331139428412 * time_passes + 24.0738277817748 * gvn + 14.427169669899 * instcombine + 9.16901257922386 * inline + 0.532033644345763 * sccp;0.989813616262263;0.989813616262263;0.989813616262263;0.989813616262263;0.047066;5;0.532033644345763 * sccp;1;0.0276951846657676;
Elapsed=00:00:00.0475215
Learning progress:
1;215.631050228311 * time_passes + 23.3069099706946 * gvn;3.73766364366929;3.73766364366929;3.73766364366929;3.73766364366929;0.003872;2;23.3069099706946 * gvn;1;2.66509664610632;
2;209.996005640015 * time_passes + 23.2745618387296 * gvn + 15.8214713440621 * instcombine;2.72438428309195;2.72438428309195;2.72438428309195;2.72438428309195;0.012665;3;15.8214713440621 * instcombine;1;1.01327936057734;
3;205.594323279095 * time_passes + 23.6460953114073 * gvn + 15.5518347735063 * instcombine + 8.64035166267441 * inline;1.57399660054429;1.57399660054429;1.57399660054429;1.57399660054429;0.026152;4;8.64035166267441 * inline;1;1.15038768254766;
4;207.040946461845 * time_passes + 23.7366915573263 * gvn + 14.111865431153 * instcombine + 8.68537634013805 * inline + -3.67764353595779 * ipsccp;1.36824410182193;1.36824410182193;1.36824410182193;1.36824410182193;0.046512;5;-3.67764353595779 * ipsccp;1;0.205752498722357;
5;206.180914095404 * time_passes + 23.7488976351937 * gvn + 16.7232559774269 * instcombine + 10.560879722727 * inline + -3.83018670359492 * ipsccp + -5.24889998616026 * inline * instcombine;1.17834402881726;1.17834402881726;1.17834402881726;1.17834402881726;0.07484;7;-5.24889998616026 * inline * instcombine;2;0.0949500365023362;
Elapsed=00:00:00.0753319
Learning progress:
1;214.991388888889 * time_passes + 25.4866503267975 * gvn;3.49079366280381;3.49079366280381;3.49079366280381;3.49079366280381;0.003187;2;25.4866503267975 * gvn;1;1.8131021697001;
2;209.214154600025 * time_passes + 24.9202548082812 * gvn + 15.4059581036384 * instcombine;2.78069665904302;2.78069665904302;2.78069665904302;2.78069665904302;0.012546;3;15.4059581036384 * instcombine;1;0.710097003760785;
3;205.343001889758 * time_passes + 24.6971977470345 * gvn + 15.0892274273439 * instcombine + 8.44925657056389 * inline;1.62448880867862;1.62448880867862;1.62448880867862;1.62448880867862;0.026554;4;8.44925657056389 * inline;1;1.15620785036441;
4;207.296226090931 * time_passes + 24.3637854730394 * gvn + 13.561074025037 * instcombine + 8.23353946141677 * inline + -4.00163560483446 * ipsccp;1.405809661308;1.405809661308;1.405809661308;1.405809661308;0.047026;5;-4.00163560483446 * ipsccp;1;0.218679147370619;
Elapsed=00:00:00.0474444
Learning progress:
1;215.531666666667 * time_passes + 24.3705392156865 * gvn;3.52837892305061;3.52837892305061;3.52837892305061;3.52837892305061;0.004633;2;24.3705392156865 * gvn;1;2.19574573357397;
2;209.768479310345 * time_passes + 24.4673995073892 * gvn + 14.8196246305418 * instcombine;2.08622328275479;2.08622328275479;2.08622328275479;2.08622328275479;0.013239;3;14.8196246305418 * instcombine;1;1.44215564029582;
3;205.300284440754 * time_passes + 24.0712454239764 * gvn + 15.0594330371182 * instcombine + 9.54531500686061 * inline;1.31016190657774;1.31016190657774;1.31016190657774;1.31016190657774;0.027645;4;9.54531500686061 * inline;1;0.776061376177044;
4;206.027003083291 * time_passes + 22.5442050598988 * gvn + 15.0204299844801 * instcombine + 7.99284055871699 * inline + 3.18294375500858 * inline * gvn;1.21855471749112;1.21855471749112;1.21855471749112;1.21855471749112;0.048985;6;3.18294375500858 * inline * gvn;2;0.0458035945433138;
Elapsed=00:00:00.0494644
Learning progress:
1;215.172222222223 * time_passes + 24.5999843505477 * gvn;3.71589326311519;3.71589326311519;3.71589326311519;3.71589326311519;0.004996;2;24.5999843505477 * gvn;1;2.03819270828628;
2;209.883054686231 * time_passes + 24.9545820614115 * gvn + 14.5981023993364 * instcombine;2.0838549815456;2.0838549815456;2.0838549815456;2.0838549815456;0.012602;3;14.5981023993364 * instcombine;1;1.63203828156959;
3;205.204546090436 * time_passes + 24.3994300336383 * gvn + 14.9379464013603 * instcombine + 9.82253103310199 * inline;1.37898030416771;1.37898030416771;1.37898030416771;1.37898030416771;0.026657;4;9.82253103310199 * inline;1;0.704874677377891;
4;204.419718618798 * time_passes + 24.357140624896 * gvn + 15.1637599094768 * instcombine + 9.8770265774181 * inline + 1.50851291683797 * jump_threading;1.30669923698443;1.30669923698443;1.30669923698443;1.30669923698443;0.048228;5;1.50851291683797 * jump_threading;1;0.0722810671832745;
Elapsed=00:00:00.0488616
Learning progress:
1;216.334333333334 * time_passes + 23.2646190476191 * gvn;4.056880811105;4.056880811105;4.056880811105;4.056880811105;0.003849;2;23.2646190476191 * gvn;1;2.81706237286325;
2;210.389658784333 * time_passes + 24.0572423208193 * gvn + 13.8709072810013 * instcombine;2.39744900143461;2.39744900143461;2.39744900143461;2.39744900143461;0.012366;3;13.8709072810013 * instcombine;1;1.65943180967039;
3;205.594761578604 * time_passes + 24.0883780169602 * gvn + 14.4157819634702 * instcombine + 9.12275896934109 * inline;1.01750880092803;1.01750880092803;1.01750880092803;1.01750880092803;0.025378;4;9.12275896934109 * inline;1;1.37994020050658;
4;205.331139428412 * time_passes + 24.0738277817748 * gvn + 14.427169669899 * instcombine + 9.16901257922386 * inline + 0.532033644345763 * sccp;0.989813616262263;0.989813616262263;0.989813616262263;0.989813616262263;0.04596;5;0.532033644345763 * sccp;1;0.0276951846657676;
Elapsed=00:00:00.0463912
Learning progress:
1;215.631050228311 * time_passes + 23.3069099706946 * gvn;3.73766364366929;3.73766364366929;3.73766364366929;3.73766364366929;0.003858;2;23.3069099706946 * gvn;1;2.66509664610632;
2;209.996005640015 * time_passes + 23.2745618387296 * gvn + 15.8214713440621 * instcombine;2.72438428309195;2.72438428309195;2.72438428309195;2.72438428309195;0.012362;3;15.8214713440621 * instcombine;1;1.01327936057734;
3;205.594323279095 * time_passes + 23.6460953114073 * gvn + 15.5518347735063 * instcombine + 8.64035166267441 * inline;1.57399660054429;1.57399660054429;1.57399660054429;1.57399660054429;0.026747;4;8.64035166267441 * inline;1;1.15038768254766;
4;207.040946461845 * time_passes + 23.7366915573263 * gvn + 14.111865431153 * instcombine + 8.68537634013805 * inline + -3.67764353595779 * ipsccp;1.36824410182193;1.36824410182193;1.36824410182193;1.36824410182193;0.048291;5;-3.67764353595779 * ipsccp;1;0.205752498722357;
Elapsed=00:00:00.0487609
Error of optimal parameters: 1.20454524629825
Optimal parameters abortError:1;minImprovementPerRound:0.1;lossFunction:RELATIVE;quadraticFunctionSupport:True;learn-logFunction:True;learn-asymFunction:True;learn-ratioFunction:True;withHierarchy:False;useBackward:False;
Learning progress:
1;215.530936329588 * time_passes + 24.2087535928924 * gvn;3.65620297873547;3.65620297873547;3.65620297873547;3.65620297873547;0.016584;2;24.2087535928924 * gvn;1;2.08357176465358;
2;209.840865150302 * time_passes + 24.3566487398236 * gvn + 14.8945980869556 * instcombine;2.3714331453052;2.3714331453052;2.3714331453052;2.3714331453052;0.043599;3;14.8945980869556 * instcombine;1;1.28476983343027;
3;205.391658090588 * time_passes + 24.2036502719099 * gvn + 14.9894745562423 * instcombine + 9.13380531066931 * inline;1.33997755636415;1.33997755636415;1.33997755636415;1.33997755636415;0.081612;4;9.13380531066931 * inline;1;1.03145558894105;
4;207.273000272727 * time_passes + 24.0824471630723 * gvn + 13.3549396729751 * instcombine + 9.01260220183202 * inline + -4.26614137997191 * ipsccp;1.23192462434168;1.23192462434168;1.23192462434168;1.23192462434168;0.137883;5;-4.26614137997191 * ipsccp;1;0.108052932022472;
5;207.984489493466 * time_passes + 24.0792928744793 * gvn + 13.3320316520691 * instcombine + 9.00944791323883 * inline + -4.58819424530836 * ipsccp + -1.39376184338595 * print_used_types;1.20634775397137;1.20634775397137;1.20634775397137;1.20634775397137;0.210796;6;-1.39376184338595 * print_used_types;1;0.0255768703703037;
Elapsed=00:00:00.2129870
command: clean-sampling
command: clean-global
