Current machine learning settings: epsilon:0 lossFunction:RELATIVE parallelization:True bagging:False baggingNumbers:3 considerEpsilonTube:False baggingTestDataFraction:50 useBackward:False abortError:1 limitFeatureSize:False featureSizeTreshold:4 quadraticFunctionSupport:True crossValidation:False crossValidation-k:5 learn-logFunction:False learn-accumulatedLogFunction:False learn-asymFunction:False learn-ratioFunction:False learn-mirrowedFunction:False learn-numeric-disabled:True numberOfRounds:70 backwardErrorDelta:1 minImprovementPerRound:0.1 withHierarchy:False bruteForceCandidates:False ignoreBadFeatures:False stopOnLongRound:True candidateSizePenalty:True learnTimeLimit:00:00:00 scoreMeasure:RELERROR outputRoundsToStdout:False debug:False pythonInfluenceAnalysis:False blacklisted: 
command: solver z3
command: vm /scratch/kallistos/Distance-Based_Data/SupplementaryWebsite/MeasuredPerformanceValues/lrzip/FeatureModel.xml
Warning: Variability model contains outdated notation. Children nodes will no longer have effect on the model. Instead use the parent node to describe the parent of an configuration option. You can also use the converter providedby the Variability Model GUI in export>convert legacy model.
command: all /scratch/kallistos/Distance-Based_Data/SupplementaryWebsite/MeasuredPerformanceValues/lrzip/measurements.xml
Configs with too large deviation: 0
432 configurations loaded.
command: nfp Performance
command: setsampleset /scratch/kallistos/Distance-Based_Data/Results/lrzip/lrzip_16/sampledConfigurations_solverBased_t2.csv
command: learn-splconqueror-opt abortError=[1] minImprovementPerRound=[0.1,0.2,0.5] lossFunction=[RELATIVE] quadraticFunctionSupport=[True,False] learn_logFunction=[True,False] learn_asymFunction=[True,False] learn_ratioFunction=[True,False] withHierarchy=[False] useBackward=[False]
Learning: NumberOfConfigurationsLearning:99 NumberOfConfigurationsValidation:99
Learning progress:
1;94580.4109589041 * level + 583817.922374428 * compressionZpaq;67.6182432031817;67.6182432031817;67.6182432031817;67.6182432031817;0.004716;2;583817.922374428 * compressionZpaq;1;80.1818947613504;
2;77282.9850746268 * level + 601115.348258707 * compressionZpaq + 210452.014925373 * compressionLrzip;37.1656661832897;37.1656661832897;37.1656661832897;37.1656661832897;0.014515;3;210452.014925373 * compressionLrzip;1;30.452577019892;
3;56732.5423728814 * level + 621665.790960452 * compressionZpaq + 231002.45762712 * compressionLrzip + 172109.957627119 * compressionBzip2;10.8813129677977;10.8813129677977;10.8813129677977;10.8813129677977;0.032761;4;172109.957627119 * compressionBzip2;1;26.284353215492;
4;56922.4137931036 * level + 621475.919540229 * compressionZpaq + 230812.586206895 * compressionLrzip + 171920.086206896 * compressionBzip2 + -11202.4137931038 * level6;9.58399457474197;9.58399457474197;9.58399457474197;9.58399457474197;0.062138;5;-11202.4137931038 * level6;1;1.29731839305569;
5;57097.3684210525 * level + 621300.964912281 * compressionZpaq + 230637.631578948 * compressionLrzip + 171745.131578948 * compressionBzip2 + -11377.3684210524 * level6 + -10147.3684210525 * level8;8.48947161161516;8.48947161161516;8.48947161161516;8.48947161161516;0.105522;6;-10147.3684210525 * level8;1;1.09452296312681;
6;58501.3333333334 * level + 619897 * compressionZpaq + 229233.666666667 * compressionLrzip + 170341.166666667 * compressionBzip2 + -12781.3333333332 * level6 + -11551.3333333333 * level8 + -6668.83333333317 * level2;8.18918573343071;8.18918573343071;8.18918573343071;8.18918573343071;0.162988;7;-6668.83333333317 * level2;1;0.30028587818445;
7;58501.3333333334 * level + 619897 * compressionZpaq + 229233.666666666 * compressionLrzip + 170341.166666666 * compressionBzip2 + -12781.3333333334 * level6 + -11551.3333333335 * level8 + -10969.9047619046 * level2 + 10322.5714285718 * level2 * encryption;7.75205704495241;7.75205704495241;7.75205704495241;7.75205704495241;0.241244;9;10322.5714285718 * level2 * encryption;2;0.218564344239151;
8;58501.3333333335 * level + 619897 * compressionZpaq + 229233.666666667 * compressionLrzip + 170341.166666667 * compressionBzip2 + -12781.3333333333 * level6 + -11551.3333333332 * level8 + -16282.1176470589 * level2 + 10056.9607843137 * level2 * encryption + 9296.37254901946 * level2 * compressionLzo;6.36404992822662;6.36404992822662;6.36404992822662;6.36404992822662;0.346622;11;9296.37254901946 * level2 * compressionLzo;2;0.694003558362891;
9;58501.3333333334 * level + 619897 * compressionZpaq + 225456.166666667 * compressionLrzip + 170341.166666667 * compressionBzip2 + -12781.3333333333 * level6 + -11551.3333333334 * level8 + -16282.1176470589 * level2 + 10056.9607843136 * level2 * encryption + 9296.37254901945 * level2 * compressionLzo + 11332.5000000007 * compressionLrzip * encryption;6.10853699871902;6.10853699871902;6.10853699871902;6.10853699871902;0.487945;13;11332.5000000007 * compressionLrzip * encryption;2;0.127756464753802;
10;58501.3333333335 * level + 619896.999999999 * compressionZpaq + 225456.166666666 * compressionLrzip + 164771.166666667 * compressionBzip2 + -12781.3333333333 * level6 + -11551.3333333334 * level8 + -16282.1176470587 * level2 + 10056.9607843137 * level2 * encryption + 9296.37254901964 * level2 * compressionLzo + 11332.4999999995 * compressionLrzip * encryption + 11139.9999999995 * compressionBzip2 * encryption;5.97486769226351;5.97486769226351;5.97486769226351;5.97486769226351;0.6654;15;11139.9999999995 * compressionBzip2 * encryption;2;0.0668346532277564;
Elapsed=00:00:00.6657077
Learning progress:
1;88569.0410958904 * level + 589794.292237442 * compressionZpaq;58.5001031522851;58.5001031522851;58.5001031522851;58.5001031522851;0.004414;2;589794.292237442 * compressionZpaq;1;66.090507564331;
2;73704.4117647058 * level + 604658.921568628 * compressionZpaq + 217023.588235294 * compressionLrzip;34.4217993284732;34.4217993284732;34.4217993284732;34.4217993284732;0.015921;3;217023.588235294 * compressionLrzip;1;24.078303823812;
3;56049.1803278688 * level + 622314.153005466 * compressionZpaq + 234678.819672132 * compressionLrzip + 171507.962529274 * compressionBzip2;14.4397207858693;14.4397207858693;14.4397207858693;14.4397207858693;0.034684;4;171507.962529274 * compressionBzip2;1;19.9820785426039;
4;48662.2857142858 * level + 612370.256410256 * compressionZpaq + 224734.923076923 * compressionLrzip + 161564.065934066 * compressionBzip2 + 17330.7912087912 * compression;9.49999971394002;9.49999971394002;9.49999971394002;9.49999971394002;0.065261;5;17330.7912087912 * compression;1;4.93972107192927;
5;48662.2857142857 * level + 583756.190476191 * compressionZpaq + 196120.857142858 * compressionLrzip + 132950.000000001 * compressionBzip2 + 45944.8571428569 * compression + -39156.0902255638 * compressionLzo;7.25429390380915;7.25429390380915;7.25429390380915;7.25429390380915;0.112591;6;-39156.0902255638 * compressionLzo;1;2.24570581013087;
6;43407.9779971884 * level + 584631.90842904 * compressionZpaq + 195770.569961717 * compressionLrzip + 132950 * compressionBzip2 + 44193.4212371582 * compression + -37312.4734827227 * compressionLzo + 12260.0513398937 * encryption;2.68586936946136;2.68586936946136;2.68586936946136;2.68586936946136;0.178092;7;12260.0513398937 * encryption;1;4.56842453434779;
7;42940.9679613837 * level + 584606.513483577 * compressionZpaq + 195780.727939902 * compressionLrzip + 132950 * compressionBzip2 + 44863.5908366661 * compression + -38506.8991468748 * compressionLzo + 11904.5221034127 * encryption + 3613.04830006309 * level7;1.67216649671267;1.67216649671267;1.67216649671267;1.67216649671267;0.265844;8;3613.04830006309 * level7;1;1.01370287274869;
8;42686.1669532025 * level + 584615.960951794 * compressionZpaq + 195776.948952616 * compressionLrzip + 132950 * compressionBzip2 + 45042.8120991186 * compression + -38516.2939962818 * compressionLzo + 12036.7866584388 * encryption + 3705.78177795645 * level7 + 3188.83304679771 * level9;1.55947360148201;1.55947360148201;1.55947360148201;1.55947360148201;0.376961;9;3188.83304679771 * level9;1;0.112692895230668;
9;42540.0249133124 * level + 584536.214572971 * compressionZpaq + 195701.88571552 * compressionLrzip + 132950 * compressionBzip2 + 44757.3072833331 * compression + -38299.4307906541 * compressionLzo + 11989.9552411829 * encryption + 3913.56294965766 * level7 + 3334.97508668754 * level9 + 534.808943124917 * level3;1.42061675190631;1.42061675190631;1.42061675190631;1.42061675190631;0.514312;10;534.808943124917 * level3;1;0.138856849575702;
10;42145.1571435311 * level + 584483.733441149 * compressionZpaq + 195660.425533647 * compressionLrzip + 132950.000000001 * compressionBzip2 + 44947.4977616677 * compression + -38254.8934741902 * compressionLzo + 11879.7457416944 * encryption + 4255.35569674187 * level7 + 3729.84285646856 * level9 + 847.072116138012 * level3 + 1447.84528978661 * level5;1.20485316766874;1.20485316766874;1.20485316766874;1.20485316766874;0.685655;11;1447.84528978661 * level5;1;0.215763584237569;
11;41689.1019113377 * level + 584453.789574847 * compressionZpaq + 195619.492583489 * compressionLrzip + 132950 * compressionBzip2 + 45113.9989575034 * compression + -38180.9637734798 * compressionLzo + 11989.6365802349 * encryption + 4527.09249151354 * level7 + 4185.89808866255 * level9 + 1111.6245995286 * level3 + 1841.10575709954 * level5 + 3450.89808866243 * level8;0.980042662621418;0.980042662621418;0.980042662621418;0.980042662621418;0.895216;12;3450.89808866243 * level8;1;0.224810505047318;
Elapsed=00:00:00.8956433
Learning progress:
1;91756.4864864865 * level + 584943.513513512 * compressionZpaq;55.1364778925186;55.1364778925186;55.1364778925186;55.1364778925186;0.004898;2;584943.513513512 * compressionZpaq;1;61.8130384254571;
2;70989.1044776119 * level + 605710.895522387 * compressionZpaq + 219540.895522389 * compressionLrzip;31.1162256927742;31.1162256927742;31.1162256927742;31.1162256927742;0.014672;3;219540.895522389 * compressionLrzip;1;24.0202521997445;
3;56068.0327868852 * level + 620631.967213116 * compressionZpaq + 234461.967213115 * compressionLrzip + 166618.633879781 * compressionBzip2;9.88158132823754;9.88158132823754;9.88158132823754;9.88158132823754;0.033241;4;166618.633879781 * compressionBzip2;1;21.2346443645366;
4;56236.1666666669 * level + 620463.833333332 * compressionZpaq + 234293.833333333 * compressionLrzip + 166450.499999999 * compressionBzip2 + -10256.1666666665 * level9;8.77287486899377;8.77287486899377;8.77287486899377;8.77287486899377;0.064213;5;-10256.1666666665 * level9;1;1.10870645924377;
5;56236.1666666667 * level + 620463.833333333 * compressionZpaq + 234293.833333334 * compressionLrzip + 164051.833333334 * compressionBzip2 + -10256.1666666668 * level9 + 14392.0000000005 * compressionBzip2 * encryption;8.0624643343058;8.0624643343058;8.0624643343058;8.0624643343058;0.1081;7;14392.0000000005 * compressionBzip2 * encryption;2;0.355205267343982;
6;50467.1153846155 * level + 626232.884615384 * compressionZpaq + 240062.884615385 * compressionLrzip + 169820.884615384 * compressionBzip2 + -4487.11538461569 * level9 + 14392.0000000001 * compressionBzip2 * encryption + 43267.8846153848 * compressionGzip;7.79403594945864;7.79403594945864;7.79403594945864;7.79403594945864;0.172183;8;43267.8846153848 * compressionGzip;1;0.268428384847164;
7;45781.9640122512 * level + 626045.478560491 * compressionZpaq + 237787.239663094 * compressionLrzip + 174506.035987749 * compressionBzip2 + 198.035987748968 * level9 + 2210.60643185316 * compressionBzip2 * encryption + 41862.3392036753 * compressionGzip + 12181.393568147 * encryption;3.9408522874246;3.9408522874246;3.9408522874246;3.9408522874246;0.256815;9;12181.393568147 * encryption;1;3.85318366203404;
8;43214.0470652799 * level + 621607.638608687 * compressionZpaq + 233443.44909319 * compressionLrzip + 169848.74747818 * compressionBzip2 + 2765.9529347211 * level9 + 2759.22782626799 * compressionBzip2 * encryption + 37479.3613913137 * compressionGzip + 11632.7721737316 * encryption + 7225.2054565409 * compression;2.19509918942016;2.19509918942016;2.19509918942016;2.19509918942016;0.37277;10;7225.2054565409 * compression;1;1.74575309800444;
9;42535.5411917347 * level + 622719.060729809 * compressionZpaq + 234563.721290923 * compressionLrzip + 170939.519420541 * compressionBzip2 + 3444.45880826513 * level9 + 2810.85327316895 * compressionBzip2 * encryption + 38595.9460571256 * compressionGzip + 11581.1467268312 * encryption + 6812.93938772435 * compression + 3713.34464489029 * level7;1.43658346531835;1.43658346531835;1.43658346531835;1.43658346531835;0.524307;11;3713.34464489029 * level7;1;0.758515724101817;
10;42362.8573658455 * level + 622589.974490232 * compressionZpaq + 234461.650143298 * compressionLrzip + 170902.333767753 * compressionBzip2 + 3617.14263415323 * level9 + 2523.00088069504 * compressionBzip2 * encryption + 38603.6622159844 * compressionGzip + 11520.39356629 * encryption + 6790.40516439063 * compression + 3583.6873339066 * level7 + 581.009255025874 * disableCompressibilityTesting;1.31707233611498;1.31707233611498;1.31707233611498;1.31707233611498;0.704409;12;581.009255025874 * disableCompressibilityTesting;1;0.119511129203369;
11;42447.7843205894 * level + 622970.774826109 * compressionZpaq + 234888.940815624 * compressionLrzip + 171183.281605251 * compressionBzip2 + 3532.21567941069 * level9 + 2769.39776914079 * compressionBzip2 * encryption + 39018.3201595843 * compressionGzip + 11254.5905328352 * encryption + 6411.59294214385 * compression + 3553.36198657869 * level7 + 613.352830040424 * disableCompressibilityTesting + 906.754728887965 * encryption * compressionLzo;1.2198900075256;1.2198900075256;1.2198900075256;1.2198900075256;0.925175;14;906.754728887965 * encryption * compressionLzo;2;0.0485911642946917;
Elapsed=00:00:00.9256251
Learning progress:
1;92403.1944444444 * level + 586391.091269841 * compressionZpaq;65.4927145631314;65.4927145631314;65.4927145631314;65.4927145631314;0.005159;2;586391.091269841 * compressionZpaq;1;78.9598077306196;
2;71063.2307692308 * level + 607731.054945054 * compressionZpaq + 219496.769230769 * compressionLrzip;40.9727533037595;40.9727533037595;40.9727533037595;40.9727533037595;0.015917;3;219496.769230769 * compressionLrzip;1;24.5199612593719;
3;55281.3559322033 * level + 623512.929782082 * compressionZpaq + 235278.644067797 * compressionLrzip + 170970.310734463 * compressionBzip2;15.6932847611927;15.6932847611927;15.6932847611927;15.6932847611927;0.034128;4;170970.310734463 * compressionBzip2;1;25.2794685425668;
4;51412.8301886793 * level + 627381.455525607 * compressionZpaq + 239147.169811321 * compressionLrzip + 174838.836477987 * compressionBzip2 + 38040.5031446542 * compressionGzip;7.5476338870955;7.5476338870955;7.5476338870955;7.5476338870955;0.062881;5;38040.5031446542 * compressionGzip;1;8.14565087409722;
5;45311.3179083977 * level + 626091.421500633 * compressionZpaq + 237857.135786346 * compressionLrzip + 174472.745741171 * compressionBzip2 + 41986.147752569 * compressionGzip + 12935.2060341968 * encryption;5.13844379321393;5.13844379321393;5.13844379321393;5.13844379321393;0.106776;6;12935.2060341968 * encryption;1;2.40919009388157;
6;43352.8801387129 * level + 621519.391142701 * compressionZpaq + 233285.105428416 * compressionLrzip + 169833.961866231 * compressionBzip2 + 37035.8474649224 * compressionGzip + 12000.6567960747 * encryption + 7064.49626368566 * compression;3.47334149352408;3.47334149352408;3.47334149352408;3.47334149352408;0.167682;7;7064.49626368566 * compression;1;1.66510229968985;
7;42668.4848807651 * level + 622990.519097135 * compressionZpaq + 234756.23338285 * compressionLrzip + 171291.506653183 * compressionBzip2 + 38430.0041369588 * compressionGzip + 11810.492451327 * encryption + 6386.42890705534 * compression + 3802.30497923454 * level7;3.08334991203353;3.08334991203353;3.08334991203353;3.08334991203353;0.253443;8;3802.30497923454 * level7;1;0.389991581490557;
8;43387.5024960767 * level + 622869.260854358 * compressionZpaq + 234634.975140072 * compressionLrzip + 172390.371718707 * compressionBzip2 + 39332.2684642207 * compressionGzip + 11220.690236541 * encryption + 6125.69937154252 * compression + 3550.68196870005 * level7 + -7573.51222758008 * level1;2.83469285276293;2.83469285276293;2.83469285276293;2.83469285276293;0.361958;9;-7573.51222758008 * level1;1;0.248657059270597;
9;43332.230742451 * level + 623376.228086344 * compressionZpaq + 235141.942372058 * compressionLrzip + 172892.002829661 * compressionBzip2 + 39831.3754652633 * compressionGzip + 11213.1179068083 * encryption + 5678.33093874318 * compression + 3833.96498428685 * level7 + -7544.74078555335 * level1 + 1429.56757472082 * compression * level2;2.50326354067313;2.50326354067313;2.50326354067313;2.50326354067313;0.497732;11;1429.56757472082 * compression * level2;2;0.165714656044898;
10;43509.8434412337 * level + 623306.428914187 * compressionZpaq + 235072.143199901 * compressionLrzip + 172839.543457553 * compressionBzip2 + 39788.5872207642 * compressionGzip + 11242.1312896358 * encryption + 5553.93833621588 * compression + 3701.96951086669 * level7 + -7636.34527892226 * level1 + 2278.1818681543 * compression * level2 + -919.242419385195 * level2;2.30570267510734;2.30570267510734;2.30570267510734;2.30570267510734;0.673902;12;-919.242419385195 * level2;1;0.197560865565795;
11;43638.5455480663 * level + 623828.603202757 * compressionZpaq + 235594.317488471 * compressionLrzip + 173375.708726499 * compressionBzip2 + 40343.3199361481 * compressionGzip + 11297.8336289464 * encryption + 4871.23203263555 * compression + 3098.40666396425 * level7 + -7696.41873004525 * level1 + 2955.31793780334 * compression * level2 + -1075.79569587309 * level2 + 1568.76796736432 * level7 * compression;2.09722306582043;2.09722306582043;2.09722306582043;2.09722306582043;0.887802;14;1568.76796736432 * level7 * compression;2;0.104239804643456;
12;43579.4948202821 * level + 623844.572241429 * compressionZpaq + 235610.286527143 * compressionLrzip + 173393.205238434 * compressionBzip2 + 40416.7080834346 * compressionGzip + 11465.5085350002 * encryption + 4818.49948971783 * compression + 3061.64315971731 * level7 + -7633.72289560856 * level1 + 3100.01902880016 * compression * level2 + -556.90222768955 * level2 + 1621.50051028168 * level7 * compression + -1087.36038685196 * level2 * encryption;1.98749545486269;1.98749545486269;1.98749545486269;1.98749545486269;1.156941;16;-1087.36038685196 * level2 * encryption;2;0.0548638054788669;
Elapsed=00:00:01.1573761
Learning progress:
1;101197.222222222 * level + 576954.027777778 * compressionZpaq;104.008312770979;104.008312770979;104.008312770979;104.008312770979;0.005336;2;576954.027777778 * compressionZpaq;1;117.060201428068;
2;49393.3333333333 * level + 539951.25 * compressionZpaq + 88806.6666666665 * compression;59.7461585042083;59.7461585042083;59.7461585042083;59.7461585042083;0.014979;3;88806.6666666665 * compression;1;44.2621542667703;
3;49393.3333333332 * level + 473166.902173912 * compressionZpaq + 155591.014492754 * compression + -147628.558352403 * compressionLzo;26.4557219861988;26.4557219861988;26.4557219861988;26.4557219861988;0.036147;4;-147628.558352403 * compressionLzo;1;33.2904365180094;
4;49393.3333333333 * level + 424245.625 * compressionZpaq + 204512.291666667 * compression + -196549.835526316 * compressionLzo + -160741.339285714 * compressionGzip;13.6495153082255;13.6495153082255;13.6495153082255;13.6495153082255;0.067285;5;-160741.339285714 * compressionGzip;1;12.8062066779734;
5;43634.224922207 * level + 423525.73644861 * compressionZpaq + 205232.180218057 * compression + -198179.056984726 * compressionLzo + -160638.498064087 * compressionGzip + 11518.2168222524 * encryption;4.57988042692528;4.57988042692528;4.57988042692528;4.57988042692528;0.112572;6;11518.2168222524 * encryption;1;9.0696348813002;
6;43535.2188250033 * level + 450934.792832408 * compressionZpaq + 177823.123834259 * compression + -170785.633142592 * compressionLzo + -133215.297952117 * compressionGzip + 11716.2290166602 * encryption + 62677.5591907401 * compressionLrzip;3.97869476919314;3.97869476919314;3.97869476919314;3.97869476919314;0.175402;7;62677.5591907401 * compressionLrzip;1;0.601185657732137;
7;42692.337268521 * level + 450935.060561176 * compressionZpaq + 178668.147220886 * compression + -171928.98797047 * compressionLzo + -133215.37444605 * compressionGzip + 11711.4098988333 * encryption + 62677.4826968072 * compressionLrzip + 3622.67620883813 * level7;3.49914071170813;3.49914071170813;3.49914071170813;3.49914071170813;0.256663;8;3622.67620883813 * level7;1;0.479554057485016;
8;42524.5948604211 * level + 450930.509358223 * compressionZpaq + 178799.480005366 * compression + -171965.181513238 * compressionLzo + -133214.07410235 * compressionGzip + 11793.3315519788 * encryption + 62678.7830405075 * compressionLrzip + 3702.39653830021 * level7 + 3245.40513957944 * level9;3.17718462188036;3.17718462188036;3.17718462188036;3.17718462188036;0.360119;9;3245.40513957944 * level9;1;0.321956089827769;
9;42448.8634686609 * level + 450933.626929281 * compressionZpaq + 178900.151965584 * compression + -172776.619063499 * compressionLzo + -133214.964836937 * compressionGzip + 11737.2152729491 * encryption + 62677.8923059198 * compressionLrzip + 4136.39004494241 * level7 + 3321.13653133852 * level9 + 2159.46011395428 * compressionLzo * level2;2.81425571627812;2.81425571627812;2.81425571627812;2.81425571627812;0.488505;11;2159.46011395428 * compressionLzo * level2;2;0.181464452801121;
10;42541.5236884913 * level + 450943.660757229 * compressionZpaq + 178887.762369335 * compression + -172761.088442849 * compressionLzo + -135325.937650299 * compressionGzip + 11556.60636989 * encryption + 62675.0254979348 * compressionLrzip + 4139.53106934366 * level7 + 3228.47631150868 * level9 + 2184.06480509569 * compressionLzo * level2 + 4918.91401254595 * compressionGzip * disableCompressibilityTesting;2.56794635608091;2.56794635608091;2.56794635608091;2.56794635608091;0.656971;13;4918.91401254595 * compressionGzip * disableCompressibilityTesting;2;0.123154680098601;
11;42816.8927337792 * level + 450942.487473592 * compressionZpaq + 178603.007054959 * compression + -172672.52425094 * compressionLzo + -135321.831157573 * compressionGzip + 11577.725475339 * encryption + 62675.3607218308 * compressionLrzip + 3943.33994687598 * level7 + 2953.1072662209 * level9 + 3080.68619832989 * compressionLzo * level2 + 4910.11438527557 * compressionGzip * disableCompressibilityTesting + -989.878719687188 * level2;2.44660303764018;2.44660303764018;2.44660303764018;2.44660303764018;0.872297;14;-989.878719687188 * level2;1;0.121343318440728;
12;42932.4043465591 * level + 450941.536231733 * compressionZpaq + 178479.885507307 * compression + -172939.345756038 * compressionLzo + -135318.501811066 * compressionGzip + 11594.847828802 * encryption + 62675.6325052191 * compressionLrzip + 3553.39689412551 * level7 + 2837.59565344115 * level9 + 3468.99855075082 * compressionLzo * level2 + 4902.98007133226 * compressionGzip * disableCompressibilityTesting + -1115.17453444601 * level2 + 964.568426979472 * level7 * compression;2.36898088578546;2.36898088578546;2.36898088578546;2.36898088578546;1.135361;16;964.568426979472 * level7 * compression;2;0.0388110759273612;
Elapsed=00:00:01.1357638
Learning progress:
1;94580.4109589041 * level + 583817.922374428 * compressionZpaq;67.6182432031817;67.6182432031817;67.6182432031817;67.6182432031817;0.004378;2;583817.922374428 * compressionZpaq;1;80.1818947613504;
2;77282.9850746268 * level + 601115.348258707 * compressionZpaq + 210452.014925373 * compressionLrzip;37.1656661832897;37.1656661832897;37.1656661832897;37.1656661832897;0.014664;3;210452.014925373 * compressionLrzip;1;30.452577019892;
3;56732.5423728814 * level + 621665.790960452 * compressionZpaq + 231002.45762712 * compressionLrzip + 172109.957627119 * compressionBzip2;10.8813129677977;10.8813129677977;10.8813129677977;10.8813129677977;0.032746;4;172109.957627119 * compressionBzip2;1;26.284353215492;
4;56922.4137931036 * level + 621475.919540229 * compressionZpaq + 230812.586206895 * compressionLrzip + 171920.086206896 * compressionBzip2 + -11202.4137931038 * level6;9.58399457474197;9.58399457474197;9.58399457474197;9.58399457474197;0.061345;5;-11202.4137931038 * level6;1;1.29731839305569;
5;57097.3684210525 * level + 621300.964912281 * compressionZpaq + 230637.631578948 * compressionLrzip + 171745.131578948 * compressionBzip2 + -11377.3684210524 * level6 + -10147.3684210525 * level8;8.48947161161516;8.48947161161516;8.48947161161516;8.48947161161516;0.104485;6;-10147.3684210525 * level8;1;1.09452296312681;
6;58501.3333333334 * level + 619897 * compressionZpaq + 229233.666666667 * compressionLrzip + 170341.166666667 * compressionBzip2 + -12781.3333333332 * level6 + -11551.3333333333 * level8 + -6668.83333333317 * level2;8.18918573343071;8.18918573343071;8.18918573343071;8.18918573343071;0.16234;7;-6668.83333333317 * level2;1;0.30028587818445;
7;58501.3333333334 * level + 619897 * compressionZpaq + 229233.666666666 * compressionLrzip + 170341.166666666 * compressionBzip2 + -12781.3333333334 * level6 + -11551.3333333335 * level8 + -10969.9047619046 * level2 + 10322.5714285718 * level2 * encryption;7.75205704495241;7.75205704495241;7.75205704495241;7.75205704495241;0.239437;9;10322.5714285718 * level2 * encryption;2;0.218564344239151;
8;58501.3333333335 * level + 619897 * compressionZpaq + 229233.666666667 * compressionLrzip + 170341.166666667 * compressionBzip2 + -12781.3333333333 * level6 + -11551.3333333332 * level8 + -16282.1176470589 * level2 + 10056.9607843137 * level2 * encryption + 9296.37254901946 * level2 * compressionLzo;6.36404992822662;6.36404992822662;6.36404992822662;6.36404992822662;0.34415;11;9296.37254901946 * level2 * compressionLzo;2;0.694003558362891;
9;58501.3333333334 * level + 619897 * compressionZpaq + 225456.166666667 * compressionLrzip + 170341.166666667 * compressionBzip2 + -12781.3333333333 * level6 + -11551.3333333334 * level8 + -16282.1176470589 * level2 + 10056.9607843136 * level2 * encryption + 9296.37254901945 * level2 * compressionLzo + 11332.5000000007 * compressionLrzip * encryption;6.10853699871902;6.10853699871902;6.10853699871902;6.10853699871902;0.480812;13;11332.5000000007 * compressionLrzip * encryption;2;0.127756464753802;
Elapsed=00:00:00.4810995
Learning progress:
1;88569.0410958904 * level + 589794.292237442 * compressionZpaq;58.5001031522851;58.5001031522851;58.5001031522851;58.5001031522851;0.004654;2;589794.292237442 * compressionZpaq;1;66.090507564331;
2;73704.4117647058 * level + 604658.921568628 * compressionZpaq + 217023.588235294 * compressionLrzip;34.4217993284732;34.4217993284732;34.4217993284732;34.4217993284732;0.015686;3;217023.588235294 * compressionLrzip;1;24.078303823812;
3;56049.1803278688 * level + 622314.153005466 * compressionZpaq + 234678.819672132 * compressionLrzip + 171507.962529274 * compressionBzip2;14.4397207858693;14.4397207858693;14.4397207858693;14.4397207858693;0.035032;4;171507.962529274 * compressionBzip2;1;19.9820785426039;
4;48662.2857142858 * level + 612370.256410256 * compressionZpaq + 224734.923076923 * compressionLrzip + 161564.065934066 * compressionBzip2 + 17330.7912087912 * compression;9.49999971394002;9.49999971394002;9.49999971394002;9.49999971394002;0.065428;5;17330.7912087912 * compression;1;4.93972107192927;
5;48662.2857142857 * level + 583756.190476191 * compressionZpaq + 196120.857142858 * compressionLrzip + 132950.000000001 * compressionBzip2 + 45944.8571428569 * compression + -39156.0902255638 * compressionLzo;7.25429390380915;7.25429390380915;7.25429390380915;7.25429390380915;0.113414;6;-39156.0902255638 * compressionLzo;1;2.24570581013087;
6;43407.9779971884 * level + 584631.90842904 * compressionZpaq + 195770.569961717 * compressionLrzip + 132950 * compressionBzip2 + 44193.4212371582 * compression + -37312.4734827227 * compressionLzo + 12260.0513398937 * encryption;2.68586936946136;2.68586936946136;2.68586936946136;2.68586936946136;0.178863;7;12260.0513398937 * encryption;1;4.56842453434779;
7;42940.9679613837 * level + 584606.513483577 * compressionZpaq + 195780.727939902 * compressionLrzip + 132950 * compressionBzip2 + 44863.5908366661 * compression + -38506.8991468748 * compressionLzo + 11904.5221034127 * encryption + 3613.04830006309 * level7;1.67216649671267;1.67216649671267;1.67216649671267;1.67216649671267;0.266219;8;3613.04830006309 * level7;1;1.01370287274869;
8;42686.1669532025 * level + 584615.960951794 * compressionZpaq + 195776.948952616 * compressionLrzip + 132950 * compressionBzip2 + 45042.8120991186 * compression + -38516.2939962818 * compressionLzo + 12036.7866584388 * encryption + 3705.78177795645 * level7 + 3188.83304679771 * level9;1.55947360148201;1.55947360148201;1.55947360148201;1.55947360148201;0.376836;9;3188.83304679771 * level9;1;0.112692895230668;
Elapsed=00:00:00.3771780
Learning progress:
1;91756.4864864865 * level + 584943.513513512 * compressionZpaq;55.1364778925186;55.1364778925186;55.1364778925186;55.1364778925186;0.005272;2;584943.513513512 * compressionZpaq;1;61.8130384254571;
2;70989.1044776119 * level + 605710.895522387 * compressionZpaq + 219540.895522389 * compressionLrzip;31.1162256927742;31.1162256927742;31.1162256927742;31.1162256927742;0.015439;3;219540.895522389 * compressionLrzip;1;24.0202521997445;
3;56068.0327868852 * level + 620631.967213116 * compressionZpaq + 234461.967213115 * compressionLrzip + 166618.633879781 * compressionBzip2;9.88158132823754;9.88158132823754;9.88158132823754;9.88158132823754;0.034593;4;166618.633879781 * compressionBzip2;1;21.2346443645366;
4;56236.1666666669 * level + 620463.833333332 * compressionZpaq + 234293.833333333 * compressionLrzip + 166450.499999999 * compressionBzip2 + -10256.1666666665 * level9;8.77287486899377;8.77287486899377;8.77287486899377;8.77287486899377;0.064168;5;-10256.1666666665 * level9;1;1.10870645924377;
5;56236.1666666667 * level + 620463.833333333 * compressionZpaq + 234293.833333334 * compressionLrzip + 164051.833333334 * compressionBzip2 + -10256.1666666668 * level9 + 14392.0000000005 * compressionBzip2 * encryption;8.0624643343058;8.0624643343058;8.0624643343058;8.0624643343058;0.107995;7;14392.0000000005 * compressionBzip2 * encryption;2;0.355205267343982;
6;50467.1153846155 * level + 626232.884615384 * compressionZpaq + 240062.884615385 * compressionLrzip + 169820.884615384 * compressionBzip2 + -4487.11538461569 * level9 + 14392.0000000001 * compressionBzip2 * encryption + 43267.8846153848 * compressionGzip;7.79403594945864;7.79403594945864;7.79403594945864;7.79403594945864;0.172506;8;43267.8846153848 * compressionGzip;1;0.268428384847164;
7;45781.9640122512 * level + 626045.478560491 * compressionZpaq + 237787.239663094 * compressionLrzip + 174506.035987749 * compressionBzip2 + 198.035987748968 * level9 + 2210.60643185316 * compressionBzip2 * encryption + 41862.3392036753 * compressionGzip + 12181.393568147 * encryption;3.9408522874246;3.9408522874246;3.9408522874246;3.9408522874246;0.256983;9;12181.393568147 * encryption;1;3.85318366203404;
8;43214.0470652799 * level + 621607.638608687 * compressionZpaq + 233443.44909319 * compressionLrzip + 169848.74747818 * compressionBzip2 + 2765.9529347211 * level9 + 2759.22782626799 * compressionBzip2 * encryption + 37479.3613913137 * compressionGzip + 11632.7721737316 * encryption + 7225.2054565409 * compression;2.19509918942016;2.19509918942016;2.19509918942016;2.19509918942016;0.373214;10;7225.2054565409 * compression;1;1.74575309800444;
9;42535.5411917347 * level + 622719.060729809 * compressionZpaq + 234563.721290923 * compressionLrzip + 170939.519420541 * compressionBzip2 + 3444.45880826513 * level9 + 2810.85327316895 * compressionBzip2 * encryption + 38595.9460571256 * compressionGzip + 11581.1467268312 * encryption + 6812.93938772435 * compression + 3713.34464489029 * level7;1.43658346531835;1.43658346531835;1.43658346531835;1.43658346531835;0.522207;11;3713.34464489029 * level7;1;0.758515724101817;
10;42362.8573658455 * level + 622589.974490232 * compressionZpaq + 234461.650143298 * compressionLrzip + 170902.333767753 * compressionBzip2 + 3617.14263415323 * level9 + 2523.00088069504 * compressionBzip2 * encryption + 38603.6622159844 * compressionGzip + 11520.39356629 * encryption + 6790.40516439063 * compression + 3583.6873339066 * level7 + 581.009255025874 * disableCompressibilityTesting;1.31707233611498;1.31707233611498;1.31707233611498;1.31707233611498;0.705612;12;581.009255025874 * disableCompressibilityTesting;1;0.119511129203369;
Elapsed=00:00:00.7060750
Learning progress:
1;92403.1944444444 * level + 586391.091269841 * compressionZpaq;65.4927145631314;65.4927145631314;65.4927145631314;65.4927145631314;0.004448;2;586391.091269841 * compressionZpaq;1;78.9598077306196;
2;71063.2307692308 * level + 607731.054945054 * compressionZpaq + 219496.769230769 * compressionLrzip;40.9727533037595;40.9727533037595;40.9727533037595;40.9727533037595;0.014916;3;219496.769230769 * compressionLrzip;1;24.5199612593719;
3;55281.3559322033 * level + 623512.929782082 * compressionZpaq + 235278.644067797 * compressionLrzip + 170970.310734463 * compressionBzip2;15.6932847611927;15.6932847611927;15.6932847611927;15.6932847611927;0.032557;4;170970.310734463 * compressionBzip2;1;25.2794685425668;
4;51412.8301886793 * level + 627381.455525607 * compressionZpaq + 239147.169811321 * compressionLrzip + 174838.836477987 * compressionBzip2 + 38040.5031446542 * compressionGzip;7.5476338870955;7.5476338870955;7.5476338870955;7.5476338870955;0.061742;5;38040.5031446542 * compressionGzip;1;8.14565087409722;
5;45311.3179083977 * level + 626091.421500633 * compressionZpaq + 237857.135786346 * compressionLrzip + 174472.745741171 * compressionBzip2 + 41986.147752569 * compressionGzip + 12935.2060341968 * encryption;5.13844379321393;5.13844379321393;5.13844379321393;5.13844379321393;0.104279;6;12935.2060341968 * encryption;1;2.40919009388157;
6;43352.8801387129 * level + 621519.391142701 * compressionZpaq + 233285.105428416 * compressionLrzip + 169833.961866231 * compressionBzip2 + 37035.8474649224 * compressionGzip + 12000.6567960747 * encryption + 7064.49626368566 * compression;3.47334149352408;3.47334149352408;3.47334149352408;3.47334149352408;0.16613;7;7064.49626368566 * compression;1;1.66510229968985;
7;42668.4848807651 * level + 622990.519097135 * compressionZpaq + 234756.23338285 * compressionLrzip + 171291.506653183 * compressionBzip2 + 38430.0041369588 * compressionGzip + 11810.492451327 * encryption + 6386.42890705534 * compression + 3802.30497923454 * level7;3.08334991203353;3.08334991203353;3.08334991203353;3.08334991203353;0.252561;8;3802.30497923454 * level7;1;0.389991581490557;
8;43387.5024960767 * level + 622869.260854358 * compressionZpaq + 234634.975140072 * compressionLrzip + 172390.371718707 * compressionBzip2 + 39332.2684642207 * compressionGzip + 11220.690236541 * encryption + 6125.69937154252 * compression + 3550.68196870005 * level7 + -7573.51222758008 * level1;2.83469285276293;2.83469285276293;2.83469285276293;2.83469285276293;0.360093;9;-7573.51222758008 * level1;1;0.248657059270597;
9;43332.230742451 * level + 623376.228086344 * compressionZpaq + 235141.942372058 * compressionLrzip + 172892.002829661 * compressionBzip2 + 39831.3754652633 * compressionGzip + 11213.1179068083 * encryption + 5678.33093874318 * compression + 3833.96498428685 * level7 + -7544.74078555335 * level1 + 1429.56757472082 * compression * level2;2.50326354067313;2.50326354067313;2.50326354067313;2.50326354067313;0.496385;11;1429.56757472082 * compression * level2;2;0.165714656044898;
Elapsed=00:00:00.4967275
Learning progress:
1;101197.222222222 * level + 576954.027777778 * compressionZpaq;104.008312770979;104.008312770979;104.008312770979;104.008312770979;0.00365;2;576954.027777778 * compressionZpaq;1;117.060201428068;
2;49393.3333333333 * level + 539951.25 * compressionZpaq + 88806.6666666665 * compression;59.7461585042083;59.7461585042083;59.7461585042083;59.7461585042083;0.013056;3;88806.6666666665 * compression;1;44.2621542667703;
3;49393.3333333332 * level + 473166.902173912 * compressionZpaq + 155591.014492754 * compression + -147628.558352403 * compressionLzo;26.4557219861988;26.4557219861988;26.4557219861988;26.4557219861988;0.033875;4;-147628.558352403 * compressionLzo;1;33.2904365180094;
4;49393.3333333333 * level + 424245.625 * compressionZpaq + 204512.291666667 * compression + -196549.835526316 * compressionLzo + -160741.339285714 * compressionGzip;13.6495153082255;13.6495153082255;13.6495153082255;13.6495153082255;0.065406;5;-160741.339285714 * compressionGzip;1;12.8062066779734;
5;43634.224922207 * level + 423525.73644861 * compressionZpaq + 205232.180218057 * compression + -198179.056984726 * compressionLzo + -160638.498064087 * compressionGzip + 11518.2168222524 * encryption;4.57988042692528;4.57988042692528;4.57988042692528;4.57988042692528;0.111286;6;11518.2168222524 * encryption;1;9.0696348813002;
6;43535.2188250033 * level + 450934.792832408 * compressionZpaq + 177823.123834259 * compression + -170785.633142592 * compressionLzo + -133215.297952117 * compressionGzip + 11716.2290166602 * encryption + 62677.5591907401 * compressionLrzip;3.97869476919314;3.97869476919314;3.97869476919314;3.97869476919314;0.174352;7;62677.5591907401 * compressionLrzip;1;0.601185657732137;
7;42692.337268521 * level + 450935.060561176 * compressionZpaq + 178668.147220886 * compression + -171928.98797047 * compressionLzo + -133215.37444605 * compressionGzip + 11711.4098988333 * encryption + 62677.4826968072 * compressionLrzip + 3622.67620883813 * level7;3.49914071170813;3.49914071170813;3.49914071170813;3.49914071170813;0.256064;8;3622.67620883813 * level7;1;0.479554057485016;
8;42524.5948604211 * level + 450930.509358223 * compressionZpaq + 178799.480005366 * compression + -171965.181513238 * compressionLzo + -133214.07410235 * compressionGzip + 11793.3315519788 * encryption + 62678.7830405075 * compressionLrzip + 3702.39653830021 * level7 + 3245.40513957944 * level9;3.17718462188036;3.17718462188036;3.17718462188036;3.17718462188036;0.359883;9;3245.40513957944 * level9;1;0.321956089827769;
9;42448.8634686609 * level + 450933.626929281 * compressionZpaq + 178900.151965584 * compression + -172776.619063499 * compressionLzo + -133214.964836937 * compressionGzip + 11737.2152729491 * encryption + 62677.8923059198 * compressionLrzip + 4136.39004494241 * level7 + 3321.13653133852 * level9 + 2159.46011395428 * compressionLzo * level2;2.81425571627812;2.81425571627812;2.81425571627812;2.81425571627812;0.489302;11;2159.46011395428 * compressionLzo * level2;2;0.181464452801121;
Elapsed=00:00:00.4896069
Learning progress:
1;94580.4109589041 * level + 583817.922374428 * compressionZpaq;67.6182432031817;67.6182432031817;67.6182432031817;67.6182432031817;0.004337;2;583817.922374428 * compressionZpaq;1;80.1818947613504;
2;77282.9850746268 * level + 601115.348258707 * compressionZpaq + 210452.014925373 * compressionLrzip;37.1656661832897;37.1656661832897;37.1656661832897;37.1656661832897;0.01479;3;210452.014925373 * compressionLrzip;1;30.452577019892;
3;56732.5423728814 * level + 621665.790960452 * compressionZpaq + 231002.45762712 * compressionLrzip + 172109.957627119 * compressionBzip2;10.8813129677977;10.8813129677977;10.8813129677977;10.8813129677977;0.032692;4;172109.957627119 * compressionBzip2;1;26.284353215492;
4;56922.4137931036 * level + 621475.919540229 * compressionZpaq + 230812.586206895 * compressionLrzip + 171920.086206896 * compressionBzip2 + -11202.4137931038 * level6;9.58399457474197;9.58399457474197;9.58399457474197;9.58399457474197;0.06309;5;-11202.4137931038 * level6;1;1.29731839305569;
5;57097.3684210525 * level + 621300.964912281 * compressionZpaq + 230637.631578948 * compressionLrzip + 171745.131578948 * compressionBzip2 + -11377.3684210524 * level6 + -10147.3684210525 * level8;8.48947161161516;8.48947161161516;8.48947161161516;8.48947161161516;0.105116;6;-10147.3684210525 * level8;1;1.09452296312681;
6;58501.3333333334 * level + 619897 * compressionZpaq + 229233.666666667 * compressionLrzip + 170341.166666667 * compressionBzip2 + -12781.3333333332 * level6 + -11551.3333333333 * level8 + -6668.83333333317 * level2;8.18918573343071;8.18918573343071;8.18918573343071;8.18918573343071;0.163108;7;-6668.83333333317 * level2;1;0.30028587818445;
Elapsed=00:00:00.1633369
Learning progress:
1;88569.0410958904 * level + 589794.292237442 * compressionZpaq;58.5001031522851;58.5001031522851;58.5001031522851;58.5001031522851;0.003918;2;589794.292237442 * compressionZpaq;1;66.090507564331;
2;73704.4117647058 * level + 604658.921568628 * compressionZpaq + 217023.588235294 * compressionLrzip;34.4217993284732;34.4217993284732;34.4217993284732;34.4217993284732;0.014013;3;217023.588235294 * compressionLrzip;1;24.078303823812;
3;56049.1803278688 * level + 622314.153005466 * compressionZpaq + 234678.819672132 * compressionLrzip + 171507.962529274 * compressionBzip2;14.4397207858693;14.4397207858693;14.4397207858693;14.4397207858693;0.033545;4;171507.962529274 * compressionBzip2;1;19.9820785426039;
4;48662.2857142858 * level + 612370.256410256 * compressionZpaq + 224734.923076923 * compressionLrzip + 161564.065934066 * compressionBzip2 + 17330.7912087912 * compression;9.49999971394002;9.49999971394002;9.49999971394002;9.49999971394002;0.063256;5;17330.7912087912 * compression;1;4.93972107192927;
5;48662.2857142857 * level + 583756.190476191 * compressionZpaq + 196120.857142858 * compressionLrzip + 132950.000000001 * compressionBzip2 + 45944.8571428569 * compression + -39156.0902255638 * compressionLzo;7.25429390380915;7.25429390380915;7.25429390380915;7.25429390380915;0.111593;6;-39156.0902255638 * compressionLzo;1;2.24570581013087;
6;43407.9779971884 * level + 584631.90842904 * compressionZpaq + 195770.569961717 * compressionLrzip + 132950 * compressionBzip2 + 44193.4212371582 * compression + -37312.4734827227 * compressionLzo + 12260.0513398937 * encryption;2.68586936946136;2.68586936946136;2.68586936946136;2.68586936946136;0.17791;7;12260.0513398937 * encryption;1;4.56842453434779;
7;42940.9679613837 * level + 584606.513483577 * compressionZpaq + 195780.727939902 * compressionLrzip + 132950 * compressionBzip2 + 44863.5908366661 * compression + -38506.8991468748 * compressionLzo + 11904.5221034127 * encryption + 3613.04830006309 * level7;1.67216649671267;1.67216649671267;1.67216649671267;1.67216649671267;0.265086;8;3613.04830006309 * level7;1;1.01370287274869;
8;42686.1669532025 * level + 584615.960951794 * compressionZpaq + 195776.948952616 * compressionLrzip + 132950 * compressionBzip2 + 45042.8120991186 * compression + -38516.2939962818 * compressionLzo + 12036.7866584388 * encryption + 3705.78177795645 * level7 + 3188.83304679771 * level9;1.55947360148201;1.55947360148201;1.55947360148201;1.55947360148201;0.376291;9;3188.83304679771 * level9;1;0.112692895230668;
Elapsed=00:00:00.3766288
Learning progress:
1;91756.4864864865 * level + 584943.513513512 * compressionZpaq;55.1364778925186;55.1364778925186;55.1364778925186;55.1364778925186;0.003944;2;584943.513513512 * compressionZpaq;1;61.8130384254571;
2;70989.1044776119 * level + 605710.895522387 * compressionZpaq + 219540.895522389 * compressionLrzip;31.1162256927742;31.1162256927742;31.1162256927742;31.1162256927742;0.01468;3;219540.895522389 * compressionLrzip;1;24.0202521997445;
3;56068.0327868852 * level + 620631.967213116 * compressionZpaq + 234461.967213115 * compressionLrzip + 166618.633879781 * compressionBzip2;9.88158132823754;9.88158132823754;9.88158132823754;9.88158132823754;0.033292;4;166618.633879781 * compressionBzip2;1;21.2346443645366;
4;56236.1666666669 * level + 620463.833333332 * compressionZpaq + 234293.833333333 * compressionLrzip + 166450.499999999 * compressionBzip2 + -10256.1666666665 * level9;8.77287486899377;8.77287486899377;8.77287486899377;8.77287486899377;0.066343;5;-10256.1666666665 * level9;1;1.10870645924377;
5;56236.1666666667 * level + 620463.833333333 * compressionZpaq + 234293.833333334 * compressionLrzip + 164051.833333334 * compressionBzip2 + -10256.1666666668 * level9 + 14392.0000000005 * compressionBzip2 * encryption;8.0624643343058;8.0624643343058;8.0624643343058;8.0624643343058;0.117769;7;14392.0000000005 * compressionBzip2 * encryption;2;0.355205267343982;
Elapsed=00:00:00.1180244
Learning progress:
1;92403.1944444444 * level + 586391.091269841 * compressionZpaq;65.4927145631314;65.4927145631314;65.4927145631314;65.4927145631314;0.005172;2;586391.091269841 * compressionZpaq;1;78.9598077306196;
2;71063.2307692308 * level + 607731.054945054 * compressionZpaq + 219496.769230769 * compressionLrzip;40.9727533037595;40.9727533037595;40.9727533037595;40.9727533037595;0.015403;3;219496.769230769 * compressionLrzip;1;24.5199612593719;
3;55281.3559322033 * level + 623512.929782082 * compressionZpaq + 235278.644067797 * compressionLrzip + 170970.310734463 * compressionBzip2;15.6932847611927;15.6932847611927;15.6932847611927;15.6932847611927;0.033295;4;170970.310734463 * compressionBzip2;1;25.2794685425668;
4;51412.8301886793 * level + 627381.455525607 * compressionZpaq + 239147.169811321 * compressionLrzip + 174838.836477987 * compressionBzip2 + 38040.5031446542 * compressionGzip;7.5476338870955;7.5476338870955;7.5476338870955;7.5476338870955;0.062407;5;38040.5031446542 * compressionGzip;1;8.14565087409722;
5;45311.3179083977 * level + 626091.421500633 * compressionZpaq + 237857.135786346 * compressionLrzip + 174472.745741171 * compressionBzip2 + 41986.147752569 * compressionGzip + 12935.2060341968 * encryption;5.13844379321393;5.13844379321393;5.13844379321393;5.13844379321393;0.104688;6;12935.2060341968 * encryption;1;2.40919009388157;
6;43352.8801387129 * level + 621519.391142701 * compressionZpaq + 233285.105428416 * compressionLrzip + 169833.961866231 * compressionBzip2 + 37035.8474649224 * compressionGzip + 12000.6567960747 * encryption + 7064.49626368566 * compression;3.47334149352408;3.47334149352408;3.47334149352408;3.47334149352408;0.165732;7;7064.49626368566 * compression;1;1.66510229968985;
7;42668.4848807651 * level + 622990.519097135 * compressionZpaq + 234756.23338285 * compressionLrzip + 171291.506653183 * compressionBzip2 + 38430.0041369588 * compressionGzip + 11810.492451327 * encryption + 6386.42890705534 * compression + 3802.30497923454 * level7;3.08334991203353;3.08334991203353;3.08334991203353;3.08334991203353;0.2509;8;3802.30497923454 * level7;1;0.389991581490557;
Elapsed=00:00:00.2512074
Learning progress:
1;101197.222222222 * level + 576954.027777778 * compressionZpaq;104.008312770979;104.008312770979;104.008312770979;104.008312770979;0.004286;2;576954.027777778 * compressionZpaq;1;117.060201428068;
2;49393.3333333333 * level + 539951.25 * compressionZpaq + 88806.6666666665 * compression;59.7461585042083;59.7461585042083;59.7461585042083;59.7461585042083;0.014284;3;88806.6666666665 * compression;1;44.2621542667703;
3;49393.3333333332 * level + 473166.902173912 * compressionZpaq + 155591.014492754 * compression + -147628.558352403 * compressionLzo;26.4557219861988;26.4557219861988;26.4557219861988;26.4557219861988;0.034586;4;-147628.558352403 * compressionLzo;1;33.2904365180094;
4;49393.3333333333 * level + 424245.625 * compressionZpaq + 204512.291666667 * compression + -196549.835526316 * compressionLzo + -160741.339285714 * compressionGzip;13.6495153082255;13.6495153082255;13.6495153082255;13.6495153082255;0.066946;5;-160741.339285714 * compressionGzip;1;12.8062066779734;
5;43634.224922207 * level + 423525.73644861 * compressionZpaq + 205232.180218057 * compression + -198179.056984726 * compressionLzo + -160638.498064087 * compressionGzip + 11518.2168222524 * encryption;4.57988042692528;4.57988042692528;4.57988042692528;4.57988042692528;0.112687;6;11518.2168222524 * encryption;1;9.0696348813002;
6;43535.2188250033 * level + 450934.792832408 * compressionZpaq + 177823.123834259 * compression + -170785.633142592 * compressionLzo + -133215.297952117 * compressionGzip + 11716.2290166602 * encryption + 62677.5591907401 * compressionLrzip;3.97869476919314;3.97869476919314;3.97869476919314;3.97869476919314;0.176944;7;62677.5591907401 * compressionLrzip;1;0.601185657732137;
7;42692.337268521 * level + 450935.060561176 * compressionZpaq + 178668.147220886 * compression + -171928.98797047 * compressionLzo + -133215.37444605 * compressionGzip + 11711.4098988333 * encryption + 62677.4826968072 * compressionLrzip + 3622.67620883813 * level7;3.49914071170813;3.49914071170813;3.49914071170813;3.49914071170813;0.258682;8;3622.67620883813 * level7;1;0.479554057485016;
Elapsed=00:00:00.2589568
Learning progress:
1;94580.4109589041 * level + 583817.922374428 * compressionZpaq;67.6182432031817;67.6182432031817;67.6182432031817;67.6182432031817;0.004413;2;583817.922374428 * compressionZpaq;1;80.1818947613504;
2;77282.9850746268 * level + 601115.348258707 * compressionZpaq + 210452.014925373 * compressionLrzip;37.1656661832897;37.1656661832897;37.1656661832897;37.1656661832897;0.015585;3;210452.014925373 * compressionLrzip;1;30.452577019892;
3;56732.5423728814 * level + 621665.790960452 * compressionZpaq + 231002.45762712 * compressionLrzip + 172109.957627119 * compressionBzip2;10.8813129677977;10.8813129677977;10.8813129677977;10.8813129677977;0.033645;4;172109.957627119 * compressionBzip2;1;26.284353215492;
4;56922.4137931036 * level + 621475.919540229 * compressionZpaq + 230812.586206895 * compressionLrzip + 171920.086206896 * compressionBzip2 + -11202.4137931038 * level6;9.58399457474197;9.58399457474197;9.58399457474197;9.58399457474197;0.062882;5;-11202.4137931038 * level6;1;1.29731839305569;
5;57097.3684210525 * level + 621300.964912281 * compressionZpaq + 230637.631578948 * compressionLrzip + 171745.131578948 * compressionBzip2 + -11377.3684210524 * level6 + -10147.3684210525 * level8;8.48947161161516;8.48947161161516;8.48947161161516;8.48947161161516;0.104953;6;-10147.3684210525 * level8;1;1.09452296312681;
6;58501.3333333334 * level + 619897 * compressionZpaq + 229233.666666667 * compressionLrzip + 170341.166666667 * compressionBzip2 + -12781.3333333332 * level6 + -11551.3333333333 * level8 + -6668.83333333317 * level2;8.18918573343071;8.18918573343071;8.18918573343071;8.18918573343071;0.163782;7;-6668.83333333317 * level2;1;0.30028587818445;
7;58501.3333333334 * level + 619897 * compressionZpaq + 229233.666666666 * compressionLrzip + 170341.166666666 * compressionBzip2 + -12781.3333333334 * level6 + -11551.3333333335 * level8 + -10969.9047619046 * level2 + 10322.5714285718 * level2 * encryption;7.75205704495241;7.75205704495241;7.75205704495241;7.75205704495241;0.241258;9;10322.5714285718 * level2 * encryption;2;0.218564344239151;
8;58501.3333333335 * level + 619897 * compressionZpaq + 229233.666666667 * compressionLrzip + 170341.166666667 * compressionBzip2 + -12781.3333333333 * level6 + -11551.3333333332 * level8 + -16282.1176470589 * level2 + 10056.9607843137 * level2 * encryption + 9296.37254901946 * level2 * compressionLzo;6.36404992822662;6.36404992822662;6.36404992822662;6.36404992822662;0.350201;11;9296.37254901946 * level2 * compressionLzo;2;0.694003558362891;
9;58501.3333333334 * level + 619897 * compressionZpaq + 225456.166666667 * compressionLrzip + 170341.166666667 * compressionBzip2 + -12781.3333333333 * level6 + -11551.3333333334 * level8 + -16282.1176470589 * level2 + 10056.9607843136 * level2 * encryption + 9296.37254901945 * level2 * compressionLzo + 11332.5000000007 * compressionLrzip * encryption;6.10853699871902;6.10853699871902;6.10853699871902;6.10853699871902;0.488482;13;11332.5000000007 * compressionLrzip * encryption;2;0.127756464753802;
10;58501.3333333335 * level + 619896.999999999 * compressionZpaq + 225456.166666666 * compressionLrzip + 164771.166666667 * compressionBzip2 + -12781.3333333333 * level6 + -11551.3333333334 * level8 + -16282.1176470587 * level2 + 10056.9607843137 * level2 * encryption + 9296.37254901964 * level2 * compressionLzo + 11332.4999999995 * compressionLrzip * encryption + 11139.9999999995 * compressionBzip2 * encryption;5.97486769226351;5.97486769226351;5.97486769226351;5.97486769226351;0.666628;15;11139.9999999995 * compressionBzip2 * encryption;2;0.0668346532277564;
Elapsed=00:00:00.6669394
Learning progress:
1;88569.0410958904 * level + 589794.292237442 * compressionZpaq;58.5001031522851;58.5001031522851;58.5001031522851;58.5001031522851;0.004849;2;589794.292237442 * compressionZpaq;1;66.090507564331;
2;73704.4117647058 * level + 604658.921568628 * compressionZpaq + 217023.588235294 * compressionLrzip;34.4217993284732;34.4217993284732;34.4217993284732;34.4217993284732;0.0146;3;217023.588235294 * compressionLrzip;1;24.078303823812;
3;56049.1803278688 * level + 622314.153005466 * compressionZpaq + 234678.819672132 * compressionLrzip + 171507.962529274 * compressionBzip2;14.4397207858693;14.4397207858693;14.4397207858693;14.4397207858693;0.034037;4;171507.962529274 * compressionBzip2;1;19.9820785426039;
4;48662.2857142858 * level + 612370.256410256 * compressionZpaq + 224734.923076923 * compressionLrzip + 161564.065934066 * compressionBzip2 + 17330.7912087912 * compression;9.49999971394002;9.49999971394002;9.49999971394002;9.49999971394002;0.064063;5;17330.7912087912 * compression;1;4.93972107192927;
5;48662.2857142857 * level + 583756.190476191 * compressionZpaq + 196120.857142858 * compressionLrzip + 132950.000000001 * compressionBzip2 + 45944.8571428569 * compression + -39156.0902255638 * compressionLzo;7.25429390380915;7.25429390380915;7.25429390380915;7.25429390380915;0.112485;6;-39156.0902255638 * compressionLzo;1;2.24570581013087;
6;43407.9779971884 * level + 584631.90842904 * compressionZpaq + 195770.569961717 * compressionLrzip + 132950 * compressionBzip2 + 44193.4212371582 * compression + -37312.4734827227 * compressionLzo + 12260.0513398937 * encryption;2.68586936946136;2.68586936946136;2.68586936946136;2.68586936946136;0.179273;7;12260.0513398937 * encryption;1;4.56842453434779;
7;42940.9679613837 * level + 584606.513483577 * compressionZpaq + 195780.727939902 * compressionLrzip + 132950 * compressionBzip2 + 44863.5908366661 * compression + -38506.8991468748 * compressionLzo + 11904.5221034127 * encryption + 3613.04830006309 * level7;1.67216649671267;1.67216649671267;1.67216649671267;1.67216649671267;0.266322;8;3613.04830006309 * level7;1;1.01370287274869;
8;42686.1669532025 * level + 584615.960951794 * compressionZpaq + 195776.948952616 * compressionLrzip + 132950 * compressionBzip2 + 45042.8120991186 * compression + -38516.2939962818 * compressionLzo + 12036.7866584388 * encryption + 3705.78177795645 * level7 + 3188.83304679771 * level9;1.55947360148201;1.55947360148201;1.55947360148201;1.55947360148201;0.379688;9;3188.83304679771 * level9;1;0.112692895230668;
9;42540.0249133124 * level + 584536.214572971 * compressionZpaq + 195701.88571552 * compressionLrzip + 132950 * compressionBzip2 + 44757.3072833331 * compression + -38299.4307906541 * compressionLzo + 11989.9552411829 * encryption + 3913.56294965766 * level7 + 3334.97508668754 * level9 + 534.808943124917 * level3;1.42061675190631;1.42061675190631;1.42061675190631;1.42061675190631;0.517716;10;534.808943124917 * level3;1;0.138856849575702;
10;42145.1571435311 * level + 584483.733441149 * compressionZpaq + 195660.425533647 * compressionLrzip + 132950.000000001 * compressionBzip2 + 44947.4977616677 * compression + -38254.8934741902 * compressionLzo + 11879.7457416944 * encryption + 4255.35569674187 * level7 + 3729.84285646856 * level9 + 847.072116138012 * level3 + 1447.84528978661 * level5;1.20485316766874;1.20485316766874;1.20485316766874;1.20485316766874;0.687687;11;1447.84528978661 * level5;1;0.215763584237569;
11;41689.1019113377 * level + 584453.789574847 * compressionZpaq + 195619.492583489 * compressionLrzip + 132950 * compressionBzip2 + 45113.9989575034 * compression + -38180.9637734798 * compressionLzo + 11989.6365802349 * encryption + 4527.09249151354 * level7 + 4185.89808866255 * level9 + 1111.6245995286 * level3 + 1841.10575709954 * level5 + 3450.89808866243 * level8;0.980042662621418;0.980042662621418;0.980042662621418;0.980042662621418;0.890344;12;3450.89808866243 * level8;1;0.224810505047318;
Elapsed=00:00:00.8907437
Learning progress:
1;91756.4864864865 * level + 584943.513513512 * compressionZpaq;55.1364778925186;55.1364778925186;55.1364778925186;55.1364778925186;0.00402;2;584943.513513512 * compressionZpaq;1;61.8130384254571;
2;70989.1044776119 * level + 605710.895522387 * compressionZpaq + 219540.895522389 * compressionLrzip;31.1162256927742;31.1162256927742;31.1162256927742;31.1162256927742;0.014858;3;219540.895522389 * compressionLrzip;1;24.0202521997445;
3;56068.0327868852 * level + 620631.967213116 * compressionZpaq + 234461.967213115 * compressionLrzip + 166618.633879781 * compressionBzip2;9.88158132823754;9.88158132823754;9.88158132823754;9.88158132823754;0.033477;4;166618.633879781 * compressionBzip2;1;21.2346443645366;
4;56236.1666666669 * level + 620463.833333332 * compressionZpaq + 234293.833333333 * compressionLrzip + 166450.499999999 * compressionBzip2 + -10256.1666666665 * level9;8.77287486899377;8.77287486899377;8.77287486899377;8.77287486899377;0.063755;5;-10256.1666666665 * level9;1;1.10870645924377;
5;56236.1666666667 * level + 620463.833333333 * compressionZpaq + 234293.833333334 * compressionLrzip + 164051.833333334 * compressionBzip2 + -10256.1666666668 * level9 + 14392.0000000005 * compressionBzip2 * encryption;8.0624643343058;8.0624643343058;8.0624643343058;8.0624643343058;0.10771;7;14392.0000000005 * compressionBzip2 * encryption;2;0.355205267343982;
6;50467.1153846155 * level + 626232.884615384 * compressionZpaq + 240062.884615385 * compressionLrzip + 169820.884615384 * compressionBzip2 + -4487.11538461569 * level9 + 14392.0000000001 * compressionBzip2 * encryption + 43267.8846153848 * compressionGzip;7.79403594945864;7.79403594945864;7.79403594945864;7.79403594945864;0.173204;8;43267.8846153848 * compressionGzip;1;0.268428384847164;
7;45781.9640122512 * level + 626045.478560491 * compressionZpaq + 237787.239663094 * compressionLrzip + 174506.035987749 * compressionBzip2 + 198.035987748968 * level9 + 2210.60643185316 * compressionBzip2 * encryption + 41862.3392036753 * compressionGzip + 12181.393568147 * encryption;3.9408522874246;3.9408522874246;3.9408522874246;3.9408522874246;0.259186;9;12181.393568147 * encryption;1;3.85318366203404;
8;43214.0470652799 * level + 621607.638608687 * compressionZpaq + 233443.44909319 * compressionLrzip + 169848.74747818 * compressionBzip2 + 2765.9529347211 * level9 + 2759.22782626799 * compressionBzip2 * encryption + 37479.3613913137 * compressionGzip + 11632.7721737316 * encryption + 7225.2054565409 * compression;2.19509918942016;2.19509918942016;2.19509918942016;2.19509918942016;0.375033;10;7225.2054565409 * compression;1;1.74575309800444;
9;42535.5411917347 * level + 622719.060729809 * compressionZpaq + 234563.721290923 * compressionLrzip + 170939.519420541 * compressionBzip2 + 3444.45880826513 * level9 + 2810.85327316895 * compressionBzip2 * encryption + 38595.9460571256 * compressionGzip + 11581.1467268312 * encryption + 6812.93938772435 * compression + 3713.34464489029 * level7;1.43658346531835;1.43658346531835;1.43658346531835;1.43658346531835;0.52496;11;3713.34464489029 * level7;1;0.758515724101817;
10;42362.8573658455 * level + 622589.974490232 * compressionZpaq + 234461.650143298 * compressionLrzip + 170902.333767753 * compressionBzip2 + 3617.14263415323 * level9 + 2523.00088069504 * compressionBzip2 * encryption + 38603.6622159844 * compressionGzip + 11520.39356629 * encryption + 6790.40516439063 * compression + 3583.6873339066 * level7 + 581.009255025874 * disableCompressibilityTesting;1.31707233611498;1.31707233611498;1.31707233611498;1.31707233611498;0.707563;12;581.009255025874 * disableCompressibilityTesting;1;0.119511129203369;
11;42447.7843205894 * level + 622970.774826109 * compressionZpaq + 234888.940815624 * compressionLrzip + 171183.281605251 * compressionBzip2 + 3532.21567941069 * level9 + 2769.39776914079 * compressionBzip2 * encryption + 39018.3201595843 * compressionGzip + 11254.5905328352 * encryption + 6411.59294214385 * compression + 3553.36198657869 * level7 + 613.352830040424 * disableCompressibilityTesting + 906.754728887965 * encryption * compressionLzo;1.2198900075256;1.2198900075256;1.2198900075256;1.2198900075256;0.934244;14;906.754728887965 * encryption * compressionLzo;2;0.0485911642946917;
Elapsed=00:00:00.9347182
Learning progress:
1;92403.1944444444 * level + 586391.091269841 * compressionZpaq;65.4927145631314;65.4927145631314;65.4927145631314;65.4927145631314;0.004722;2;586391.091269841 * compressionZpaq;1;78.9598077306196;
2;71063.2307692308 * level + 607731.054945054 * compressionZpaq + 219496.769230769 * compressionLrzip;40.9727533037595;40.9727533037595;40.9727533037595;40.9727533037595;0.015681;3;219496.769230769 * compressionLrzip;1;24.5199612593719;
3;55281.3559322033 * level + 623512.929782082 * compressionZpaq + 235278.644067797 * compressionLrzip + 170970.310734463 * compressionBzip2;15.6932847611927;15.6932847611927;15.6932847611927;15.6932847611927;0.033344;4;170970.310734463 * compressionBzip2;1;25.2794685425668;
4;51412.8301886793 * level + 627381.455525607 * compressionZpaq + 239147.169811321 * compressionLrzip + 174838.836477987 * compressionBzip2 + 38040.5031446542 * compressionGzip;7.5476338870955;7.5476338870955;7.5476338870955;7.5476338870955;0.063792;5;38040.5031446542 * compressionGzip;1;8.14565087409722;
5;45311.3179083977 * level + 626091.421500633 * compressionZpaq + 237857.135786346 * compressionLrzip + 174472.745741171 * compressionBzip2 + 41986.147752569 * compressionGzip + 12935.2060341968 * encryption;5.13844379321393;5.13844379321393;5.13844379321393;5.13844379321393;0.107344;6;12935.2060341968 * encryption;1;2.40919009388157;
6;43352.8801387129 * level + 621519.391142701 * compressionZpaq + 233285.105428416 * compressionLrzip + 169833.961866231 * compressionBzip2 + 37035.8474649224 * compressionGzip + 12000.6567960747 * encryption + 7064.49626368566 * compression;3.47334149352408;3.47334149352408;3.47334149352408;3.47334149352408;0.17229;7;7064.49626368566 * compression;1;1.66510229968985;
7;42668.4848807651 * level + 622990.519097135 * compressionZpaq + 234756.23338285 * compressionLrzip + 171291.506653183 * compressionBzip2 + 38430.0041369588 * compressionGzip + 11810.492451327 * encryption + 6386.42890705534 * compression + 3802.30497923454 * level7;3.08334991203353;3.08334991203353;3.08334991203353;3.08334991203353;0.260138;8;3802.30497923454 * level7;1;0.389991581490557;
8;43387.5024960767 * level + 622869.260854358 * compressionZpaq + 234634.975140072 * compressionLrzip + 172390.371718707 * compressionBzip2 + 39332.2684642207 * compressionGzip + 11220.690236541 * encryption + 6125.69937154252 * compression + 3550.68196870005 * level7 + -7573.51222758008 * level1;2.83469285276293;2.83469285276293;2.83469285276293;2.83469285276293;0.368856;9;-7573.51222758008 * level1;1;0.248657059270597;
9;43332.230742451 * level + 623376.228086344 * compressionZpaq + 235141.942372058 * compressionLrzip + 172892.002829661 * compressionBzip2 + 39831.3754652633 * compressionGzip + 11213.1179068083 * encryption + 5678.33093874318 * compression + 3833.96498428685 * level7 + -7544.74078555335 * level1 + 1429.56757472082 * compression * level2;2.50326354067313;2.50326354067313;2.50326354067313;2.50326354067313;0.503183;11;1429.56757472082 * compression * level2;2;0.165714656044898;
10;43509.8434412337 * level + 623306.428914187 * compressionZpaq + 235072.143199901 * compressionLrzip + 172839.543457553 * compressionBzip2 + 39788.5872207642 * compressionGzip + 11242.1312896358 * encryption + 5553.93833621588 * compression + 3701.96951086669 * level7 + -7636.34527892226 * level1 + 2278.1818681543 * compression * level2 + -919.242419385195 * level2;2.30570267510734;2.30570267510734;2.30570267510734;2.30570267510734;0.678337;12;-919.242419385195 * level2;1;0.197560865565795;
11;43638.5455480663 * level + 623828.603202757 * compressionZpaq + 235594.317488471 * compressionLrzip + 173375.708726499 * compressionBzip2 + 40343.3199361481 * compressionGzip + 11297.8336289464 * encryption + 4871.23203263555 * compression + 3098.40666396425 * level7 + -7696.41873004525 * level1 + 2955.31793780334 * compression * level2 + -1075.79569587309 * level2 + 1568.76796736432 * level7 * compression;2.09722306582043;2.09722306582043;2.09722306582043;2.09722306582043;0.888516;14;1568.76796736432 * level7 * compression;2;0.104239804643456;
12;43579.4948202821 * level + 623844.572241429 * compressionZpaq + 235610.286527143 * compressionLrzip + 173393.205238434 * compressionBzip2 + 40416.7080834346 * compressionGzip + 11465.5085350002 * encryption + 4818.49948971783 * compression + 3061.64315971731 * level7 + -7633.72289560856 * level1 + 3100.01902880016 * compression * level2 + -556.90222768955 * level2 + 1621.50051028168 * level7 * compression + -1087.36038685196 * level2 * encryption;1.98749545486269;1.98749545486269;1.98749545486269;1.98749545486269;1.158922;16;-1087.36038685196 * level2 * encryption;2;0.0548638054788669;
Elapsed=00:00:01.1594492
Learning progress:
1;101197.222222222 * level + 576954.027777778 * compressionZpaq;104.008312770979;104.008312770979;104.008312770979;104.008312770979;0.004709;2;576954.027777778 * compressionZpaq;1;117.060201428068;
2;49393.3333333333 * level + 539951.25 * compressionZpaq + 88806.6666666665 * compression;59.7461585042083;59.7461585042083;59.7461585042083;59.7461585042083;0.016371;3;88806.6666666665 * compression;1;44.2621542667703;
3;49393.3333333332 * level + 473166.902173912 * compressionZpaq + 155591.014492754 * compression + -147628.558352403 * compressionLzo;26.4557219861988;26.4557219861988;26.4557219861988;26.4557219861988;0.038087;4;-147628.558352403 * compressionLzo;1;33.2904365180094;
4;49393.3333333333 * level + 424245.625 * compressionZpaq + 204512.291666667 * compression + -196549.835526316 * compressionLzo + -160741.339285714 * compressionGzip;13.6495153082255;13.6495153082255;13.6495153082255;13.6495153082255;0.071029;5;-160741.339285714 * compressionGzip;1;12.8062066779734;
5;43634.224922207 * level + 423525.73644861 * compressionZpaq + 205232.180218057 * compression + -198179.056984726 * compressionLzo + -160638.498064087 * compressionGzip + 11518.2168222524 * encryption;4.57988042692528;4.57988042692528;4.57988042692528;4.57988042692528;0.119359;6;11518.2168222524 * encryption;1;9.0696348813002;
6;43535.2188250033 * level + 450934.792832408 * compressionZpaq + 177823.123834259 * compression + -170785.633142592 * compressionLzo + -133215.297952117 * compressionGzip + 11716.2290166602 * encryption + 62677.5591907401 * compressionLrzip;3.97869476919314;3.97869476919314;3.97869476919314;3.97869476919314;0.185964;7;62677.5591907401 * compressionLrzip;1;0.601185657732137;
7;42692.337268521 * level + 450935.060561176 * compressionZpaq + 178668.147220886 * compression + -171928.98797047 * compressionLzo + -133215.37444605 * compressionGzip + 11711.4098988333 * encryption + 62677.4826968072 * compressionLrzip + 3622.67620883813 * level7;3.49914071170813;3.49914071170813;3.49914071170813;3.49914071170813;0.268845;8;3622.67620883813 * level7;1;0.479554057485016;
8;42524.5948604211 * level + 450930.509358223 * compressionZpaq + 178799.480005366 * compression + -171965.181513238 * compressionLzo + -133214.07410235 * compressionGzip + 11793.3315519788 * encryption + 62678.7830405075 * compressionLrzip + 3702.39653830021 * level7 + 3245.40513957944 * level9;3.17718462188036;3.17718462188036;3.17718462188036;3.17718462188036;0.37394;9;3245.40513957944 * level9;1;0.321956089827769;
9;42448.8634686609 * level + 450933.626929281 * compressionZpaq + 178900.151965584 * compression + -172776.619063499 * compressionLzo + -133214.964836937 * compressionGzip + 11737.2152729491 * encryption + 62677.8923059198 * compressionLrzip + 4136.39004494241 * level7 + 3321.13653133852 * level9 + 2159.46011395428 * compressionLzo * level2;2.81425571627812;2.81425571627812;2.81425571627812;2.81425571627812;0.506926;11;2159.46011395428 * compressionLzo * level2;2;0.181464452801121;
10;42541.5236884913 * level + 450943.660757229 * compressionZpaq + 178887.762369335 * compression + -172761.088442849 * compressionLzo + -135325.937650299 * compressionGzip + 11556.60636989 * encryption + 62675.0254979348 * compressionLrzip + 4139.53106934366 * level7 + 3228.47631150868 * level9 + 2184.06480509569 * compressionLzo * level2 + 4918.91401254595 * compressionGzip * disableCompressibilityTesting;2.56794635608091;2.56794635608091;2.56794635608091;2.56794635608091;0.682506;13;4918.91401254595 * compressionGzip * disableCompressibilityTesting;2;0.123154680098601;
11;42816.8927337792 * level + 450942.487473592 * compressionZpaq + 178603.007054959 * compression + -172672.52425094 * compressionLzo + -135321.831157573 * compressionGzip + 11577.725475339 * encryption + 62675.3607218308 * compressionLrzip + 3943.33994687598 * level7 + 2953.1072662209 * level9 + 3080.68619832989 * compressionLzo * level2 + 4910.11438527557 * compressionGzip * disableCompressibilityTesting + -989.878719687188 * level2;2.44660303764018;2.44660303764018;2.44660303764018;2.44660303764018;0.914972;14;-989.878719687188 * level2;1;0.121343318440728;
12;42932.4043465591 * level + 450941.536231733 * compressionZpaq + 178479.885507307 * compression + -172939.345756038 * compressionLzo + -135318.501811066 * compressionGzip + 11594.847828802 * encryption + 62675.6325052191 * compressionLrzip + 3553.39689412551 * level7 + 2837.59565344115 * level9 + 3468.99855075082 * compressionLzo * level2 + 4902.98007133226 * compressionGzip * disableCompressibilityTesting + -1115.17453444601 * level2 + 964.568426979472 * level7 * compression;2.36898088578546;2.36898088578546;2.36898088578546;2.36898088578546;1.179053;16;964.568426979472 * level7 * compression;2;0.0388110759273612;
Elapsed=00:00:01.1794324
Learning progress:
1;94580.4109589041 * level + 583817.922374428 * compressionZpaq;67.6182432031817;67.6182432031817;67.6182432031817;67.6182432031817;0.004524;2;583817.922374428 * compressionZpaq;1;80.1818947613504;
2;77282.9850746268 * level + 601115.348258707 * compressionZpaq + 210452.014925373 * compressionLrzip;37.1656661832897;37.1656661832897;37.1656661832897;37.1656661832897;0.016567;3;210452.014925373 * compressionLrzip;1;30.452577019892;
3;56732.5423728814 * level + 621665.790960452 * compressionZpaq + 231002.45762712 * compressionLrzip + 172109.957627119 * compressionBzip2;10.8813129677977;10.8813129677977;10.8813129677977;10.8813129677977;0.0363;4;172109.957627119 * compressionBzip2;1;26.284353215492;
4;56922.4137931036 * level + 621475.919540229 * compressionZpaq + 230812.586206895 * compressionLrzip + 171920.086206896 * compressionBzip2 + -11202.4137931038 * level6;9.58399457474197;9.58399457474197;9.58399457474197;9.58399457474197;0.069003;5;-11202.4137931038 * level6;1;1.29731839305569;
5;57097.3684210525 * level + 621300.964912281 * compressionZpaq + 230637.631578948 * compressionLrzip + 171745.131578948 * compressionBzip2 + -11377.3684210524 * level6 + -10147.3684210525 * level8;8.48947161161516;8.48947161161516;8.48947161161516;8.48947161161516;0.113693;6;-10147.3684210525 * level8;1;1.09452296312681;
6;58501.3333333334 * level + 619897 * compressionZpaq + 229233.666666667 * compressionLrzip + 170341.166666667 * compressionBzip2 + -12781.3333333332 * level6 + -11551.3333333333 * level8 + -6668.83333333317 * level2;8.18918573343071;8.18918573343071;8.18918573343071;8.18918573343071;0.175899;7;-6668.83333333317 * level2;1;0.30028587818445;
7;58501.3333333334 * level + 619897 * compressionZpaq + 229233.666666666 * compressionLrzip + 170341.166666666 * compressionBzip2 + -12781.3333333334 * level6 + -11551.3333333335 * level8 + -10969.9047619046 * level2 + 10322.5714285718 * level2 * encryption;7.75205704495241;7.75205704495241;7.75205704495241;7.75205704495241;0.25595;9;10322.5714285718 * level2 * encryption;2;0.218564344239151;
8;58501.3333333335 * level + 619897 * compressionZpaq + 229233.666666667 * compressionLrzip + 170341.166666667 * compressionBzip2 + -12781.3333333333 * level6 + -11551.3333333332 * level8 + -16282.1176470589 * level2 + 10056.9607843137 * level2 * encryption + 9296.37254901946 * level2 * compressionLzo;6.36404992822662;6.36404992822662;6.36404992822662;6.36404992822662;0.36706;11;9296.37254901946 * level2 * compressionLzo;2;0.694003558362891;
9;58501.3333333334 * level + 619897 * compressionZpaq + 225456.166666667 * compressionLrzip + 170341.166666667 * compressionBzip2 + -12781.3333333333 * level6 + -11551.3333333334 * level8 + -16282.1176470589 * level2 + 10056.9607843136 * level2 * encryption + 9296.37254901945 * level2 * compressionLzo + 11332.5000000007 * compressionLrzip * encryption;6.10853699871902;6.10853699871902;6.10853699871902;6.10853699871902;0.512656;13;11332.5000000007 * compressionLrzip * encryption;2;0.127756464753802;
Elapsed=00:00:00.5129460
Learning progress:
1;88569.0410958904 * level + 589794.292237442 * compressionZpaq;58.5001031522851;58.5001031522851;58.5001031522851;58.5001031522851;0.004903;2;589794.292237442 * compressionZpaq;1;66.090507564331;
2;73704.4117647058 * level + 604658.921568628 * compressionZpaq + 217023.588235294 * compressionLrzip;34.4217993284732;34.4217993284732;34.4217993284732;34.4217993284732;0.016038;3;217023.588235294 * compressionLrzip;1;24.078303823812;
3;56049.1803278688 * level + 622314.153005466 * compressionZpaq + 234678.819672132 * compressionLrzip + 171507.962529274 * compressionBzip2;14.4397207858693;14.4397207858693;14.4397207858693;14.4397207858693;0.037305;4;171507.962529274 * compressionBzip2;1;19.9820785426039;
4;48662.2857142858 * level + 612370.256410256 * compressionZpaq + 224734.923076923 * compressionLrzip + 161564.065934066 * compressionBzip2 + 17330.7912087912 * compression;9.49999971394002;9.49999971394002;9.49999971394002;9.49999971394002;0.070336;5;17330.7912087912 * compression;1;4.93972107192927;
5;48662.2857142857 * level + 583756.190476191 * compressionZpaq + 196120.857142858 * compressionLrzip + 132950.000000001 * compressionBzip2 + 45944.8571428569 * compression + -39156.0902255638 * compressionLzo;7.25429390380915;7.25429390380915;7.25429390380915;7.25429390380915;0.120522;6;-39156.0902255638 * compressionLzo;1;2.24570581013087;
6;43407.9779971884 * level + 584631.90842904 * compressionZpaq + 195770.569961717 * compressionLrzip + 132950 * compressionBzip2 + 44193.4212371582 * compression + -37312.4734827227 * compressionLzo + 12260.0513398937 * encryption;2.68586936946136;2.68586936946136;2.68586936946136;2.68586936946136;0.18805;7;12260.0513398937 * encryption;1;4.56842453434779;
7;42940.9679613837 * level + 584606.513483577 * compressionZpaq + 195780.727939902 * compressionLrzip + 132950 * compressionBzip2 + 44863.5908366661 * compression + -38506.8991468748 * compressionLzo + 11904.5221034127 * encryption + 3613.04830006309 * level7;1.67216649671267;1.67216649671267;1.67216649671267;1.67216649671267;0.277388;8;3613.04830006309 * level7;1;1.01370287274869;
8;42686.1669532025 * level + 584615.960951794 * compressionZpaq + 195776.948952616 * compressionLrzip + 132950 * compressionBzip2 + 45042.8120991186 * compression + -38516.2939962818 * compressionLzo + 12036.7866584388 * encryption + 3705.78177795645 * level7 + 3188.83304679771 * level9;1.55947360148201;1.55947360148201;1.55947360148201;1.55947360148201;0.393457;9;3188.83304679771 * level9;1;0.112692895230668;
Elapsed=00:00:00.3938049
Learning progress:
1;91756.4864864865 * level + 584943.513513512 * compressionZpaq;55.1364778925186;55.1364778925186;55.1364778925186;55.1364778925186;0.004881;2;584943.513513512 * compressionZpaq;1;61.8130384254571;
2;70989.1044776119 * level + 605710.895522387 * compressionZpaq + 219540.895522389 * compressionLrzip;31.1162256927742;31.1162256927742;31.1162256927742;31.1162256927742;0.017369;3;219540.895522389 * compressionLrzip;1;24.0202521997445;
3;56068.0327868852 * level + 620631.967213116 * compressionZpaq + 234461.967213115 * compressionLrzip + 166618.633879781 * compressionBzip2;9.88158132823754;9.88158132823754;9.88158132823754;9.88158132823754;0.037661;4;166618.633879781 * compressionBzip2;1;21.2346443645366;
4;56236.1666666669 * level + 620463.833333332 * compressionZpaq + 234293.833333333 * compressionLrzip + 166450.499999999 * compressionBzip2 + -10256.1666666665 * level9;8.77287486899377;8.77287486899377;8.77287486899377;8.77287486899377;0.071069;5;-10256.1666666665 * level9;1;1.10870645924377;
5;56236.1666666667 * level + 620463.833333333 * compressionZpaq + 234293.833333334 * compressionLrzip + 164051.833333334 * compressionBzip2 + -10256.1666666668 * level9 + 14392.0000000005 * compressionBzip2 * encryption;8.0624643343058;8.0624643343058;8.0624643343058;8.0624643343058;0.117207;7;14392.0000000005 * compressionBzip2 * encryption;2;0.355205267343982;
6;50467.1153846155 * level + 626232.884615384 * compressionZpaq + 240062.884615385 * compressionLrzip + 169820.884615384 * compressionBzip2 + -4487.11538461569 * level9 + 14392.0000000001 * compressionBzip2 * encryption + 43267.8846153848 * compressionGzip;7.79403594945864;7.79403594945864;7.79403594945864;7.79403594945864;0.183848;8;43267.8846153848 * compressionGzip;1;0.268428384847164;
7;45781.9640122512 * level + 626045.478560491 * compressionZpaq + 237787.239663094 * compressionLrzip + 174506.035987749 * compressionBzip2 + 198.035987748968 * level9 + 2210.60643185316 * compressionBzip2 * encryption + 41862.3392036753 * compressionGzip + 12181.393568147 * encryption;3.9408522874246;3.9408522874246;3.9408522874246;3.9408522874246;0.274447;9;12181.393568147 * encryption;1;3.85318366203404;
8;43214.0470652799 * level + 621607.638608687 * compressionZpaq + 233443.44909319 * compressionLrzip + 169848.74747818 * compressionBzip2 + 2765.9529347211 * level9 + 2759.22782626799 * compressionBzip2 * encryption + 37479.3613913137 * compressionGzip + 11632.7721737316 * encryption + 7225.2054565409 * compression;2.19509918942016;2.19509918942016;2.19509918942016;2.19509918942016;0.395621;10;7225.2054565409 * compression;1;1.74575309800444;
9;42535.5411917347 * level + 622719.060729809 * compressionZpaq + 234563.721290923 * compressionLrzip + 170939.519420541 * compressionBzip2 + 3444.45880826513 * level9 + 2810.85327316895 * compressionBzip2 * encryption + 38595.9460571256 * compressionGzip + 11581.1467268312 * encryption + 6812.93938772435 * compression + 3713.34464489029 * level7;1.43658346531835;1.43658346531835;1.43658346531835;1.43658346531835;0.546854;11;3713.34464489029 * level7;1;0.758515724101817;
10;42362.8573658455 * level + 622589.974490232 * compressionZpaq + 234461.650143298 * compressionLrzip + 170902.333767753 * compressionBzip2 + 3617.14263415323 * level9 + 2523.00088069504 * compressionBzip2 * encryption + 38603.6622159844 * compressionGzip + 11520.39356629 * encryption + 6790.40516439063 * compression + 3583.6873339066 * level7 + 581.009255025874 * disableCompressibilityTesting;1.31707233611498;1.31707233611498;1.31707233611498;1.31707233611498;0.732685;12;581.009255025874 * disableCompressibilityTesting;1;0.119511129203369;
Elapsed=00:00:00.7331333
Learning progress:
1;92403.1944444444 * level + 586391.091269841 * compressionZpaq;65.4927145631314;65.4927145631314;65.4927145631314;65.4927145631314;0.004902;2;586391.091269841 * compressionZpaq;1;78.9598077306196;
2;71063.2307692308 * level + 607731.054945054 * compressionZpaq + 219496.769230769 * compressionLrzip;40.9727533037595;40.9727533037595;40.9727533037595;40.9727533037595;0.016992;3;219496.769230769 * compressionLrzip;1;24.5199612593719;
3;55281.3559322033 * level + 623512.929782082 * compressionZpaq + 235278.644067797 * compressionLrzip + 170970.310734463 * compressionBzip2;15.6932847611927;15.6932847611927;15.6932847611927;15.6932847611927;0.036581;4;170970.310734463 * compressionBzip2;1;25.2794685425668;
4;51412.8301886793 * level + 627381.455525607 * compressionZpaq + 239147.169811321 * compressionLrzip + 174838.836477987 * compressionBzip2 + 38040.5031446542 * compressionGzip;7.5476338870955;7.5476338870955;7.5476338870955;7.5476338870955;0.067693;5;38040.5031446542 * compressionGzip;1;8.14565087409722;
5;45311.3179083977 * level + 626091.421500633 * compressionZpaq + 237857.135786346 * compressionLrzip + 174472.745741171 * compressionBzip2 + 41986.147752569 * compressionGzip + 12935.2060341968 * encryption;5.13844379321393;5.13844379321393;5.13844379321393;5.13844379321393;0.111818;6;12935.2060341968 * encryption;1;2.40919009388157;
6;43352.8801387129 * level + 621519.391142701 * compressionZpaq + 233285.105428416 * compressionLrzip + 169833.961866231 * compressionBzip2 + 37035.8474649224 * compressionGzip + 12000.6567960747 * encryption + 7064.49626368566 * compression;3.47334149352408;3.47334149352408;3.47334149352408;3.47334149352408;0.176713;7;7064.49626368566 * compression;1;1.66510229968985;
7;42668.4848807651 * level + 622990.519097135 * compressionZpaq + 234756.23338285 * compressionLrzip + 171291.506653183 * compressionBzip2 + 38430.0041369588 * compressionGzip + 11810.492451327 * encryption + 6386.42890705534 * compression + 3802.30497923454 * level7;3.08334991203353;3.08334991203353;3.08334991203353;3.08334991203353;0.267122;8;3802.30497923454 * level7;1;0.389991581490557;
8;43387.5024960767 * level + 622869.260854358 * compressionZpaq + 234634.975140072 * compressionLrzip + 172390.371718707 * compressionBzip2 + 39332.2684642207 * compressionGzip + 11220.690236541 * encryption + 6125.69937154252 * compression + 3550.68196870005 * level7 + -7573.51222758008 * level1;2.83469285276293;2.83469285276293;2.83469285276293;2.83469285276293;0.380756;9;-7573.51222758008 * level1;1;0.248657059270597;
9;43332.230742451 * level + 623376.228086344 * compressionZpaq + 235141.942372058 * compressionLrzip + 172892.002829661 * compressionBzip2 + 39831.3754652633 * compressionGzip + 11213.1179068083 * encryption + 5678.33093874318 * compression + 3833.96498428685 * level7 + -7544.74078555335 * level1 + 1429.56757472082 * compression * level2;2.50326354067313;2.50326354067313;2.50326354067313;2.50326354067313;0.522637;11;1429.56757472082 * compression * level2;2;0.165714656044898;
Elapsed=00:00:00.5230043
Learning progress:
1;101197.222222222 * level + 576954.027777778 * compressionZpaq;104.008312770979;104.008312770979;104.008312770979;104.008312770979;0.004485;2;576954.027777778 * compressionZpaq;1;117.060201428068;
2;49393.3333333333 * level + 539951.25 * compressionZpaq + 88806.6666666665 * compression;59.7461585042083;59.7461585042083;59.7461585042083;59.7461585042083;0.015436;3;88806.6666666665 * compression;1;44.2621542667703;
3;49393.3333333332 * level + 473166.902173912 * compressionZpaq + 155591.014492754 * compression + -147628.558352403 * compressionLzo;26.4557219861988;26.4557219861988;26.4557219861988;26.4557219861988;0.03772;4;-147628.558352403 * compressionLzo;1;33.2904365180094;
4;49393.3333333333 * level + 424245.625 * compressionZpaq + 204512.291666667 * compression + -196549.835526316 * compressionLzo + -160741.339285714 * compressionGzip;13.6495153082255;13.6495153082255;13.6495153082255;13.6495153082255;0.070607;5;-160741.339285714 * compressionGzip;1;12.8062066779734;
5;43634.224922207 * level + 423525.73644861 * compressionZpaq + 205232.180218057 * compression + -198179.056984726 * compressionLzo + -160638.498064087 * compressionGzip + 11518.2168222524 * encryption;4.57988042692528;4.57988042692528;4.57988042692528;4.57988042692528;0.117464;6;11518.2168222524 * encryption;1;9.0696348813002;
6;43535.2188250033 * level + 450934.792832408 * compressionZpaq + 177823.123834259 * compression + -170785.633142592 * compressionLzo + -133215.297952117 * compressionGzip + 11716.2290166602 * encryption + 62677.5591907401 * compressionLrzip;3.97869476919314;3.97869476919314;3.97869476919314;3.97869476919314;0.182915;7;62677.5591907401 * compressionLrzip;1;0.601185657732137;
7;42692.337268521 * level + 450935.060561176 * compressionZpaq + 178668.147220886 * compression + -171928.98797047 * compressionLzo + -133215.37444605 * compressionGzip + 11711.4098988333 * encryption + 62677.4826968072 * compressionLrzip + 3622.67620883813 * level7;3.49914071170813;3.49914071170813;3.49914071170813;3.49914071170813;0.26692;8;3622.67620883813 * level7;1;0.479554057485016;
8;42524.5948604211 * level + 450930.509358223 * compressionZpaq + 178799.480005366 * compression + -171965.181513238 * compressionLzo + -133214.07410235 * compressionGzip + 11793.3315519788 * encryption + 62678.7830405075 * compressionLrzip + 3702.39653830021 * level7 + 3245.40513957944 * level9;3.17718462188036;3.17718462188036;3.17718462188036;3.17718462188036;0.374747;9;3245.40513957944 * level9;1;0.321956089827769;
9;42448.8634686609 * level + 450933.626929281 * compressionZpaq + 178900.151965584 * compression + -172776.619063499 * compressionLzo + -133214.964836937 * compressionGzip + 11737.2152729491 * encryption + 62677.8923059198 * compressionLrzip + 4136.39004494241 * level7 + 3321.13653133852 * level9 + 2159.46011395428 * compressionLzo * level2;2.81425571627812;2.81425571627812;2.81425571627812;2.81425571627812;0.507072;11;2159.46011395428 * compressionLzo * level2;2;0.181464452801121;
Elapsed=00:00:00.5073742
Learning progress:
1;94580.4109589041 * level + 583817.922374428 * compressionZpaq;67.6182432031817;67.6182432031817;67.6182432031817;67.6182432031817;0.004584;2;583817.922374428 * compressionZpaq;1;80.1818947613504;
2;77282.9850746268 * level + 601115.348258707 * compressionZpaq + 210452.014925373 * compressionLrzip;37.1656661832897;37.1656661832897;37.1656661832897;37.1656661832897;0.016779;3;210452.014925373 * compressionLrzip;1;30.452577019892;
3;56732.5423728814 * level + 621665.790960452 * compressionZpaq + 231002.45762712 * compressionLrzip + 172109.957627119 * compressionBzip2;10.8813129677977;10.8813129677977;10.8813129677977;10.8813129677977;0.037055;4;172109.957627119 * compressionBzip2;1;26.284353215492;
4;56922.4137931036 * level + 621475.919540229 * compressionZpaq + 230812.586206895 * compressionLrzip + 171920.086206896 * compressionBzip2 + -11202.4137931038 * level6;9.58399457474197;9.58399457474197;9.58399457474197;9.58399457474197;0.069335;5;-11202.4137931038 * level6;1;1.29731839305569;
5;57097.3684210525 * level + 621300.964912281 * compressionZpaq + 230637.631578948 * compressionLrzip + 171745.131578948 * compressionBzip2 + -11377.3684210524 * level6 + -10147.3684210525 * level8;8.48947161161516;8.48947161161516;8.48947161161516;8.48947161161516;0.112745;6;-10147.3684210525 * level8;1;1.09452296312681;
6;58501.3333333334 * level + 619897 * compressionZpaq + 229233.666666667 * compressionLrzip + 170341.166666667 * compressionBzip2 + -12781.3333333332 * level6 + -11551.3333333333 * level8 + -6668.83333333317 * level2;8.18918573343071;8.18918573343071;8.18918573343071;8.18918573343071;0.172928;7;-6668.83333333317 * level2;1;0.30028587818445;
Elapsed=00:00:00.1731559
Learning progress:
1;88569.0410958904 * level + 589794.292237442 * compressionZpaq;58.5001031522851;58.5001031522851;58.5001031522851;58.5001031522851;0.004558;2;589794.292237442 * compressionZpaq;1;66.090507564331;
2;73704.4117647058 * level + 604658.921568628 * compressionZpaq + 217023.588235294 * compressionLrzip;34.4217993284732;34.4217993284732;34.4217993284732;34.4217993284732;0.016406;3;217023.588235294 * compressionLrzip;1;24.078303823812;
3;56049.1803278688 * level + 622314.153005466 * compressionZpaq + 234678.819672132 * compressionLrzip + 171507.962529274 * compressionBzip2;14.4397207858693;14.4397207858693;14.4397207858693;14.4397207858693;0.037437;4;171507.962529274 * compressionBzip2;1;19.9820785426039;
4;48662.2857142858 * level + 612370.256410256 * compressionZpaq + 224734.923076923 * compressionLrzip + 161564.065934066 * compressionBzip2 + 17330.7912087912 * compression;9.49999971394002;9.49999971394002;9.49999971394002;9.49999971394002;0.070077;5;17330.7912087912 * compression;1;4.93972107192927;
5;48662.2857142857 * level + 583756.190476191 * compressionZpaq + 196120.857142858 * compressionLrzip + 132950.000000001 * compressionBzip2 + 45944.8571428569 * compression + -39156.0902255638 * compressionLzo;7.25429390380915;7.25429390380915;7.25429390380915;7.25429390380915;0.122588;6;-39156.0902255638 * compressionLzo;1;2.24570581013087;
6;43407.9779971884 * level + 584631.90842904 * compressionZpaq + 195770.569961717 * compressionLrzip + 132950 * compressionBzip2 + 44193.4212371582 * compression + -37312.4734827227 * compressionLzo + 12260.0513398937 * encryption;2.68586936946136;2.68586936946136;2.68586936946136;2.68586936946136;0.190371;7;12260.0513398937 * encryption;1;4.56842453434779;
7;42940.9679613837 * level + 584606.513483577 * compressionZpaq + 195780.727939902 * compressionLrzip + 132950 * compressionBzip2 + 44863.5908366661 * compression + -38506.8991468748 * compressionLzo + 11904.5221034127 * encryption + 3613.04830006309 * level7;1.67216649671267;1.67216649671267;1.67216649671267;1.67216649671267;0.282664;8;3613.04830006309 * level7;1;1.01370287274869;
8;42686.1669532025 * level + 584615.960951794 * compressionZpaq + 195776.948952616 * compressionLrzip + 132950 * compressionBzip2 + 45042.8120991186 * compression + -38516.2939962818 * compressionLzo + 12036.7866584388 * encryption + 3705.78177795645 * level7 + 3188.83304679771 * level9;1.55947360148201;1.55947360148201;1.55947360148201;1.55947360148201;0.398743;9;3188.83304679771 * level9;1;0.112692895230668;
Elapsed=00:00:00.3990808
Learning progress:
1;91756.4864864865 * level + 584943.513513512 * compressionZpaq;55.1364778925186;55.1364778925186;55.1364778925186;55.1364778925186;0.00593;2;584943.513513512 * compressionZpaq;1;61.8130384254571;
2;70989.1044776119 * level + 605710.895522387 * compressionZpaq + 219540.895522389 * compressionLrzip;31.1162256927742;31.1162256927742;31.1162256927742;31.1162256927742;0.016821;3;219540.895522389 * compressionLrzip;1;24.0202521997445;
3;56068.0327868852 * level + 620631.967213116 * compressionZpaq + 234461.967213115 * compressionLrzip + 166618.633879781 * compressionBzip2;9.88158132823754;9.88158132823754;9.88158132823754;9.88158132823754;0.037386;4;166618.633879781 * compressionBzip2;1;21.2346443645366;
4;56236.1666666669 * level + 620463.833333332 * compressionZpaq + 234293.833333333 * compressionLrzip + 166450.499999999 * compressionBzip2 + -10256.1666666665 * level9;8.77287486899377;8.77287486899377;8.77287486899377;8.77287486899377;0.068789;5;-10256.1666666665 * level9;1;1.10870645924377;
5;56236.1666666667 * level + 620463.833333333 * compressionZpaq + 234293.833333334 * compressionLrzip + 164051.833333334 * compressionBzip2 + -10256.1666666668 * level9 + 14392.0000000005 * compressionBzip2 * encryption;8.0624643343058;8.0624643343058;8.0624643343058;8.0624643343058;0.115272;7;14392.0000000005 * compressionBzip2 * encryption;2;0.355205267343982;
Elapsed=00:00:00.1155018
Learning progress:
1;92403.1944444444 * level + 586391.091269841 * compressionZpaq;65.4927145631314;65.4927145631314;65.4927145631314;65.4927145631314;0.00433;2;586391.091269841 * compressionZpaq;1;78.9598077306196;
2;71063.2307692308 * level + 607731.054945054 * compressionZpaq + 219496.769230769 * compressionLrzip;40.9727533037595;40.9727533037595;40.9727533037595;40.9727533037595;0.01566;3;219496.769230769 * compressionLrzip;1;24.5199612593719;
3;55281.3559322033 * level + 623512.929782082 * compressionZpaq + 235278.644067797 * compressionLrzip + 170970.310734463 * compressionBzip2;15.6932847611927;15.6932847611927;15.6932847611927;15.6932847611927;0.035023;4;170970.310734463 * compressionBzip2;1;25.2794685425668;
4;51412.8301886793 * level + 627381.455525607 * compressionZpaq + 239147.169811321 * compressionLrzip + 174838.836477987 * compressionBzip2 + 38040.5031446542 * compressionGzip;7.5476338870955;7.5476338870955;7.5476338870955;7.5476338870955;0.065021;5;38040.5031446542 * compressionGzip;1;8.14565087409722;
5;45311.3179083977 * level + 626091.421500633 * compressionZpaq + 237857.135786346 * compressionLrzip + 174472.745741171 * compressionBzip2 + 41986.147752569 * compressionGzip + 12935.2060341968 * encryption;5.13844379321393;5.13844379321393;5.13844379321393;5.13844379321393;0.109099;6;12935.2060341968 * encryption;1;2.40919009388157;
6;43352.8801387129 * level + 621519.391142701 * compressionZpaq + 233285.105428416 * compressionLrzip + 169833.961866231 * compressionBzip2 + 37035.8474649224 * compressionGzip + 12000.6567960747 * encryption + 7064.49626368566 * compression;3.47334149352408;3.47334149352408;3.47334149352408;3.47334149352408;0.173731;7;7064.49626368566 * compression;1;1.66510229968985;
7;42668.4848807651 * level + 622990.519097135 * compressionZpaq + 234756.23338285 * compressionLrzip + 171291.506653183 * compressionBzip2 + 38430.0041369588 * compressionGzip + 11810.492451327 * encryption + 6386.42890705534 * compression + 3802.30497923454 * level7;3.08334991203353;3.08334991203353;3.08334991203353;3.08334991203353;0.26275;8;3802.30497923454 * level7;1;0.389991581490557;
Elapsed=00:00:00.2630583
Learning progress:
1;101197.222222222 * level + 576954.027777778 * compressionZpaq;104.008312770979;104.008312770979;104.008312770979;104.008312770979;0.005569;2;576954.027777778 * compressionZpaq;1;117.060201428068;
2;49393.3333333333 * level + 539951.25 * compressionZpaq + 88806.6666666665 * compression;59.7461585042083;59.7461585042083;59.7461585042083;59.7461585042083;0.015315;3;88806.6666666665 * compression;1;44.2621542667703;
3;49393.3333333332 * level + 473166.902173912 * compressionZpaq + 155591.014492754 * compression + -147628.558352403 * compressionLzo;26.4557219861988;26.4557219861988;26.4557219861988;26.4557219861988;0.037789;4;-147628.558352403 * compressionLzo;1;33.2904365180094;
4;49393.3333333333 * level + 424245.625 * compressionZpaq + 204512.291666667 * compression + -196549.835526316 * compressionLzo + -160741.339285714 * compressionGzip;13.6495153082255;13.6495153082255;13.6495153082255;13.6495153082255;0.070947;5;-160741.339285714 * compressionGzip;1;12.8062066779734;
5;43634.224922207 * level + 423525.73644861 * compressionZpaq + 205232.180218057 * compression + -198179.056984726 * compressionLzo + -160638.498064087 * compressionGzip + 11518.2168222524 * encryption;4.57988042692528;4.57988042692528;4.57988042692528;4.57988042692528;0.119151;6;11518.2168222524 * encryption;1;9.0696348813002;
6;43535.2188250033 * level + 450934.792832408 * compressionZpaq + 177823.123834259 * compression + -170785.633142592 * compressionLzo + -133215.297952117 * compressionGzip + 11716.2290166602 * encryption + 62677.5591907401 * compressionLrzip;3.97869476919314;3.97869476919314;3.97869476919314;3.97869476919314;0.186711;7;62677.5591907401 * compressionLrzip;1;0.601185657732137;
7;42692.337268521 * level + 450935.060561176 * compressionZpaq + 178668.147220886 * compression + -171928.98797047 * compressionLzo + -133215.37444605 * compressionGzip + 11711.4098988333 * encryption + 62677.4826968072 * compressionLrzip + 3622.67620883813 * level7;3.49914071170813;3.49914071170813;3.49914071170813;3.49914071170813;0.272334;8;3622.67620883813 * level7;1;0.479554057485016;
Elapsed=00:00:00.2726089
Learning progress:
1;94580.4109589041 * level + 583817.922374428 * compressionZpaq;67.6182432031817;67.6182432031817;67.6182432031817;67.6182432031817;0.004603;2;583817.922374428 * compressionZpaq;1;80.1818947613504;
2;77282.9850746268 * level + 601115.348258707 * compressionZpaq + 210452.014925373 * compressionLrzip;37.1656661832897;37.1656661832897;37.1656661832897;37.1656661832897;0.015997;3;210452.014925373 * compressionLrzip;1;30.452577019892;
3;56732.5423728814 * level + 621665.790960452 * compressionZpaq + 231002.45762712 * compressionLrzip + 172109.957627119 * compressionBzip2;10.8813129677977;10.8813129677977;10.8813129677977;10.8813129677977;0.034906;4;172109.957627119 * compressionBzip2;1;26.284353215492;
4;56922.4137931036 * level + 621475.919540229 * compressionZpaq + 230812.586206895 * compressionLrzip + 171920.086206896 * compressionBzip2 + -11202.4137931038 * level6;9.58399457474197;9.58399457474197;9.58399457474197;9.58399457474197;0.065465;5;-11202.4137931038 * level6;1;1.29731839305569;
5;57097.3684210525 * level + 621300.964912281 * compressionZpaq + 230637.631578948 * compressionLrzip + 171745.131578948 * compressionBzip2 + -11377.3684210524 * level6 + -10147.3684210525 * level8;8.48947161161516;8.48947161161516;8.48947161161516;8.48947161161516;0.110242;6;-10147.3684210525 * level8;1;1.09452296312681;
6;58501.3333333334 * level + 619897 * compressionZpaq + 229233.666666667 * compressionLrzip + 170341.166666667 * compressionBzip2 + -12781.3333333332 * level6 + -11551.3333333333 * level8 + -6668.83333333317 * level2;8.18918573343071;8.18918573343071;8.18918573343071;8.18918573343071;0.170652;7;-6668.83333333317 * level2;1;0.30028587818445;
7;58501.3333333334 * level + 619897 * compressionZpaq + 229233.666666666 * compressionLrzip + 170341.166666666 * compressionBzip2 + -12781.3333333334 * level6 + -11551.3333333335 * level8 + -10969.9047619046 * level2 + 10322.5714285718 * level2 * encryption;7.75205704495241;7.75205704495241;7.75205704495241;7.75205704495241;0.251698;9;10322.5714285718 * level2 * encryption;2;0.218564344239151;
8;58501.3333333335 * level + 619897 * compressionZpaq + 229233.666666667 * compressionLrzip + 170341.166666667 * compressionBzip2 + -12781.3333333333 * level6 + -11551.3333333332 * level8 + -16282.1176470589 * level2 + 10056.9607843137 * level2 * encryption + 9296.37254901946 * level2 * compressionLzo;6.36404992822662;6.36404992822662;6.36404992822662;6.36404992822662;0.36224;11;9296.37254901946 * level2 * compressionLzo;2;0.694003558362891;
9;58501.3333333334 * level + 619897 * compressionZpaq + 225456.166666667 * compressionLrzip + 170341.166666667 * compressionBzip2 + -12781.3333333333 * level6 + -11551.3333333334 * level8 + -16282.1176470589 * level2 + 10056.9607843136 * level2 * encryption + 9296.37254901945 * level2 * compressionLzo + 11332.5000000007 * compressionLrzip * encryption;6.10853699871902;6.10853699871902;6.10853699871902;6.10853699871902;0.504693;13;11332.5000000007 * compressionLrzip * encryption;2;0.127756464753802;
10;58501.3333333335 * level + 619896.999999999 * compressionZpaq + 225456.166666666 * compressionLrzip + 164771.166666667 * compressionBzip2 + -12781.3333333333 * level6 + -11551.3333333334 * level8 + -16282.1176470587 * level2 + 10056.9607843137 * level2 * encryption + 9296.37254901964 * level2 * compressionLzo + 11332.4999999995 * compressionLrzip * encryption + 11139.9999999995 * compressionBzip2 * encryption;5.97486769226351;5.97486769226351;5.97486769226351;5.97486769226351;0.689767;15;11139.9999999995 * compressionBzip2 * encryption;2;0.0668346532277564;
Elapsed=00:00:00.6900679
Learning progress:
1;88569.0410958904 * level + 589794.292237442 * compressionZpaq;58.5001031522851;58.5001031522851;58.5001031522851;58.5001031522851;0.00594;2;589794.292237442 * compressionZpaq;1;66.090507564331;
2;73704.4117647058 * level + 604658.921568628 * compressionZpaq + 217023.588235294 * compressionLrzip;34.4217993284732;34.4217993284732;34.4217993284732;34.4217993284732;0.016468;3;217023.588235294 * compressionLrzip;1;24.078303823812;
3;56049.1803278688 * level + 622314.153005466 * compressionZpaq + 234678.819672132 * compressionLrzip + 171507.962529274 * compressionBzip2;14.4397207858693;14.4397207858693;14.4397207858693;14.4397207858693;0.036276;4;171507.962529274 * compressionBzip2;1;19.9820785426039;
4;48662.2857142858 * level + 612370.256410256 * compressionZpaq + 224734.923076923 * compressionLrzip + 161564.065934066 * compressionBzip2 + 17330.7912087912 * compression;9.49999971394002;9.49999971394002;9.49999971394002;9.49999971394002;0.067708;5;17330.7912087912 * compression;1;4.93972107192927;
5;48662.2857142857 * level + 583756.190476191 * compressionZpaq + 196120.857142858 * compressionLrzip + 132950.000000001 * compressionBzip2 + 45944.8571428569 * compression + -39156.0902255638 * compressionLzo;7.25429390380915;7.25429390380915;7.25429390380915;7.25429390380915;0.118056;6;-39156.0902255638 * compressionLzo;1;2.24570581013087;
6;43407.9779971884 * level + 584631.90842904 * compressionZpaq + 195770.569961717 * compressionLrzip + 132950 * compressionBzip2 + 44193.4212371582 * compression + -37312.4734827227 * compressionLzo + 12260.0513398937 * encryption;2.68586936946136;2.68586936946136;2.68586936946136;2.68586936946136;0.186514;7;12260.0513398937 * encryption;1;4.56842453434779;
7;42940.9679613837 * level + 584606.513483577 * compressionZpaq + 195780.727939902 * compressionLrzip + 132950 * compressionBzip2 + 44863.5908366661 * compression + -38506.8991468748 * compressionLzo + 11904.5221034127 * encryption + 3613.04830006309 * level7;1.67216649671267;1.67216649671267;1.67216649671267;1.67216649671267;0.277459;8;3613.04830006309 * level7;1;1.01370287274869;
8;42686.1669532025 * level + 584615.960951794 * compressionZpaq + 195776.948952616 * compressionLrzip + 132950 * compressionBzip2 + 45042.8120991186 * compression + -38516.2939962818 * compressionLzo + 12036.7866584388 * encryption + 3705.78177795645 * level7 + 3188.83304679771 * level9;1.55947360148201;1.55947360148201;1.55947360148201;1.55947360148201;0.393633;9;3188.83304679771 * level9;1;0.112692895230668;
9;42540.0249133124 * level + 584536.214572971 * compressionZpaq + 195701.88571552 * compressionLrzip + 132950 * compressionBzip2 + 44757.3072833331 * compression + -38299.4307906541 * compressionLzo + 11989.9552411829 * encryption + 3913.56294965766 * level7 + 3334.97508668754 * level9 + 534.808943124917 * level3;1.42061675190631;1.42061675190631;1.42061675190631;1.42061675190631;0.535689;10;534.808943124917 * level3;1;0.138856849575702;
10;42145.1571435311 * level + 584483.733441149 * compressionZpaq + 195660.425533647 * compressionLrzip + 132950.000000001 * compressionBzip2 + 44947.4977616677 * compression + -38254.8934741902 * compressionLzo + 11879.7457416944 * encryption + 4255.35569674187 * level7 + 3729.84285646856 * level9 + 847.072116138012 * level3 + 1447.84528978661 * level5;1.20485316766874;1.20485316766874;1.20485316766874;1.20485316766874;0.710849;11;1447.84528978661 * level5;1;0.215763584237569;
11;41689.1019113377 * level + 584453.789574847 * compressionZpaq + 195619.492583489 * compressionLrzip + 132950 * compressionBzip2 + 45113.9989575034 * compression + -38180.9637734798 * compressionLzo + 11989.6365802349 * encryption + 4527.09249151354 * level7 + 4185.89808866255 * level9 + 1111.6245995286 * level3 + 1841.10575709954 * level5 + 3450.89808866243 * level8;0.980042662621418;0.980042662621418;0.980042662621418;0.980042662621418;0.917;12;3450.89808866243 * level8;1;0.224810505047318;
Elapsed=00:00:00.9174009
Learning progress:
1;91756.4864864865 * level + 584943.513513512 * compressionZpaq;55.1364778925186;55.1364778925186;55.1364778925186;55.1364778925186;0.005094;2;584943.513513512 * compressionZpaq;1;61.8130384254571;
2;70989.1044776119 * level + 605710.895522387 * compressionZpaq + 219540.895522389 * compressionLrzip;31.1162256927742;31.1162256927742;31.1162256927742;31.1162256927742;0.016226;3;219540.895522389 * compressionLrzip;1;24.0202521997445;
3;56068.0327868852 * level + 620631.967213116 * compressionZpaq + 234461.967213115 * compressionLrzip + 166618.633879781 * compressionBzip2;9.88158132823754;9.88158132823754;9.88158132823754;9.88158132823754;0.036863;4;166618.633879781 * compressionBzip2;1;21.2346443645366;
4;56236.1666666669 * level + 620463.833333332 * compressionZpaq + 234293.833333333 * compressionLrzip + 166450.499999999 * compressionBzip2 + -10256.1666666665 * level9;8.77287486899377;8.77287486899377;8.77287486899377;8.77287486899377;0.070398;5;-10256.1666666665 * level9;1;1.10870645924377;
5;56236.1666666667 * level + 620463.833333333 * compressionZpaq + 234293.833333334 * compressionLrzip + 164051.833333334 * compressionBzip2 + -10256.1666666668 * level9 + 14392.0000000005 * compressionBzip2 * encryption;8.0624643343058;8.0624643343058;8.0624643343058;8.0624643343058;0.116192;7;14392.0000000005 * compressionBzip2 * encryption;2;0.355205267343982;
6;50467.1153846155 * level + 626232.884615384 * compressionZpaq + 240062.884615385 * compressionLrzip + 169820.884615384 * compressionBzip2 + -4487.11538461569 * level9 + 14392.0000000001 * compressionBzip2 * encryption + 43267.8846153848 * compressionGzip;7.79403594945864;7.79403594945864;7.79403594945864;7.79403594945864;0.183136;8;43267.8846153848 * compressionGzip;1;0.268428384847164;
7;45781.9640122512 * level + 626045.478560491 * compressionZpaq + 237787.239663094 * compressionLrzip + 174506.035987749 * compressionBzip2 + 198.035987748968 * level9 + 2210.60643185316 * compressionBzip2 * encryption + 41862.3392036753 * compressionGzip + 12181.393568147 * encryption;3.9408522874246;3.9408522874246;3.9408522874246;3.9408522874246;0.271379;9;12181.393568147 * encryption;1;3.85318366203404;
8;43214.0470652799 * level + 621607.638608687 * compressionZpaq + 233443.44909319 * compressionLrzip + 169848.74747818 * compressionBzip2 + 2765.9529347211 * level9 + 2759.22782626799 * compressionBzip2 * encryption + 37479.3613913137 * compressionGzip + 11632.7721737316 * encryption + 7225.2054565409 * compression;2.19509918942016;2.19509918942016;2.19509918942016;2.19509918942016;0.39941;10;7225.2054565409 * compression;1;1.74575309800444;
9;42535.5411917347 * level + 622719.060729809 * compressionZpaq + 234563.721290923 * compressionLrzip + 170939.519420541 * compressionBzip2 + 3444.45880826513 * level9 + 2810.85327316895 * compressionBzip2 * encryption + 38595.9460571256 * compressionGzip + 11581.1467268312 * encryption + 6812.93938772435 * compression + 3713.34464489029 * level7;1.43658346531835;1.43658346531835;1.43658346531835;1.43658346531835;0.551472;11;3713.34464489029 * level7;1;0.758515724101817;
10;42362.8573658455 * level + 622589.974490232 * compressionZpaq + 234461.650143298 * compressionLrzip + 170902.333767753 * compressionBzip2 + 3617.14263415323 * level9 + 2523.00088069504 * compressionBzip2 * encryption + 38603.6622159844 * compressionGzip + 11520.39356629 * encryption + 6790.40516439063 * compression + 3583.6873339066 * level7 + 581.009255025874 * disableCompressibilityTesting;1.31707233611498;1.31707233611498;1.31707233611498;1.31707233611498;0.737157;12;581.009255025874 * disableCompressibilityTesting;1;0.119511129203369;
11;42447.7843205894 * level + 622970.774826109 * compressionZpaq + 234888.940815624 * compressionLrzip + 171183.281605251 * compressionBzip2 + 3532.21567941069 * level9 + 2769.39776914079 * compressionBzip2 * encryption + 39018.3201595843 * compressionGzip + 11254.5905328352 * encryption + 6411.59294214385 * compression + 3553.36198657869 * level7 + 613.352830040424 * disableCompressibilityTesting + 906.754728887965 * encryption * compressionLzo;1.2198900075256;1.2198900075256;1.2198900075256;1.2198900075256;0.961998;14;906.754728887965 * encryption * compressionLzo;2;0.0485911642946917;
Elapsed=00:00:00.9624429
Learning progress:
1;92403.1944444444 * level + 586391.091269841 * compressionZpaq;65.4927145631314;65.4927145631314;65.4927145631314;65.4927145631314;0.004897;2;586391.091269841 * compressionZpaq;1;78.9598077306196;
2;71063.2307692308 * level + 607731.054945054 * compressionZpaq + 219496.769230769 * compressionLrzip;40.9727533037595;40.9727533037595;40.9727533037595;40.9727533037595;0.016964;3;219496.769230769 * compressionLrzip;1;24.5199612593719;
3;55281.3559322033 * level + 623512.929782082 * compressionZpaq + 235278.644067797 * compressionLrzip + 170970.310734463 * compressionBzip2;15.6932847611927;15.6932847611927;15.6932847611927;15.6932847611927;0.035736;4;170970.310734463 * compressionBzip2;1;25.2794685425668;
4;51412.8301886793 * level + 627381.455525607 * compressionZpaq + 239147.169811321 * compressionLrzip + 174838.836477987 * compressionBzip2 + 38040.5031446542 * compressionGzip;7.5476338870955;7.5476338870955;7.5476338870955;7.5476338870955;0.066714;5;38040.5031446542 * compressionGzip;1;8.14565087409722;
5;45311.3179083977 * level + 626091.421500633 * compressionZpaq + 237857.135786346 * compressionLrzip + 174472.745741171 * compressionBzip2 + 41986.147752569 * compressionGzip + 12935.2060341968 * encryption;5.13844379321393;5.13844379321393;5.13844379321393;5.13844379321393;0.111944;6;12935.2060341968 * encryption;1;2.40919009388157;
6;43352.8801387129 * level + 621519.391142701 * compressionZpaq + 233285.105428416 * compressionLrzip + 169833.961866231 * compressionBzip2 + 37035.8474649224 * compressionGzip + 12000.6567960747 * encryption + 7064.49626368566 * compression;3.47334149352408;3.47334149352408;3.47334149352408;3.47334149352408;0.17798;7;7064.49626368566 * compression;1;1.66510229968985;
7;42668.4848807651 * level + 622990.519097135 * compressionZpaq + 234756.23338285 * compressionLrzip + 171291.506653183 * compressionBzip2 + 38430.0041369588 * compressionGzip + 11810.492451327 * encryption + 6386.42890705534 * compression + 3802.30497923454 * level7;3.08334991203353;3.08334991203353;3.08334991203353;3.08334991203353;0.267514;8;3802.30497923454 * level7;1;0.389991581490557;
8;43387.5024960767 * level + 622869.260854358 * compressionZpaq + 234634.975140072 * compressionLrzip + 172390.371718707 * compressionBzip2 + 39332.2684642207 * compressionGzip + 11220.690236541 * encryption + 6125.69937154252 * compression + 3550.68196870005 * level7 + -7573.51222758008 * level1;2.83469285276293;2.83469285276293;2.83469285276293;2.83469285276293;0.378385;9;-7573.51222758008 * level1;1;0.248657059270597;
9;43332.230742451 * level + 623376.228086344 * compressionZpaq + 235141.942372058 * compressionLrzip + 172892.002829661 * compressionBzip2 + 39831.3754652633 * compressionGzip + 11213.1179068083 * encryption + 5678.33093874318 * compression + 3833.96498428685 * level7 + -7544.74078555335 * level1 + 1429.56757472082 * compression * level2;2.50326354067313;2.50326354067313;2.50326354067313;2.50326354067313;0.514281;11;1429.56757472082 * compression * level2;2;0.165714656044898;
10;43509.8434412337 * level + 623306.428914187 * compressionZpaq + 235072.143199901 * compressionLrzip + 172839.543457553 * compressionBzip2 + 39788.5872207642 * compressionGzip + 11242.1312896358 * encryption + 5553.93833621588 * compression + 3701.96951086669 * level7 + -7636.34527892226 * level1 + 2278.1818681543 * compression * level2 + -919.242419385195 * level2;2.30570267510734;2.30570267510734;2.30570267510734;2.30570267510734;0.692968;12;-919.242419385195 * level2;1;0.197560865565795;
11;43638.5455480663 * level + 623828.603202757 * compressionZpaq + 235594.317488471 * compressionLrzip + 173375.708726499 * compressionBzip2 + 40343.3199361481 * compressionGzip + 11297.8336289464 * encryption + 4871.23203263555 * compression + 3098.40666396425 * level7 + -7696.41873004525 * level1 + 2955.31793780334 * compression * level2 + -1075.79569587309 * level2 + 1568.76796736432 * level7 * compression;2.09722306582043;2.09722306582043;2.09722306582043;2.09722306582043;0.90813;14;1568.76796736432 * level7 * compression;2;0.104239804643456;
12;43579.4948202821 * level + 623844.572241429 * compressionZpaq + 235610.286527143 * compressionLrzip + 173393.205238434 * compressionBzip2 + 40416.7080834346 * compressionGzip + 11465.5085350002 * encryption + 4818.49948971783 * compression + 3061.64315971731 * level7 + -7633.72289560856 * level1 + 3100.01902880016 * compression * level2 + -556.90222768955 * level2 + 1621.50051028168 * level7 * compression + -1087.36038685196 * level2 * encryption;1.98749545486269;1.98749545486269;1.98749545486269;1.98749545486269;1.174386;16;-1087.36038685196 * level2 * encryption;2;0.0548638054788669;
Elapsed=00:00:01.1748012
Learning progress:
1;101197.222222222 * level + 576954.027777778 * compressionZpaq;104.008312770979;104.008312770979;104.008312770979;104.008312770979;0.004762;2;576954.027777778 * compressionZpaq;1;117.060201428068;
2;49393.3333333333 * level + 539951.25 * compressionZpaq + 88806.6666666665 * compression;59.7461585042083;59.7461585042083;59.7461585042083;59.7461585042083;0.016216;3;88806.6666666665 * compression;1;44.2621542667703;
3;49393.3333333332 * level + 473166.902173912 * compressionZpaq + 155591.014492754 * compression + -147628.558352403 * compressionLzo;26.4557219861988;26.4557219861988;26.4557219861988;26.4557219861988;0.038995;4;-147628.558352403 * compressionLzo;1;33.2904365180094;
4;49393.3333333333 * level + 424245.625 * compressionZpaq + 204512.291666667 * compression + -196549.835526316 * compressionLzo + -160741.339285714 * compressionGzip;13.6495153082255;13.6495153082255;13.6495153082255;13.6495153082255;0.073713;5;-160741.339285714 * compressionGzip;1;12.8062066779734;
5;43634.224922207 * level + 423525.73644861 * compressionZpaq + 205232.180218057 * compression + -198179.056984726 * compressionLzo + -160638.498064087 * compressionGzip + 11518.2168222524 * encryption;4.57988042692528;4.57988042692528;4.57988042692528;4.57988042692528;0.128318;6;11518.2168222524 * encryption;1;9.0696348813002;
6;43535.2188250033 * level + 450934.792832408 * compressionZpaq + 177823.123834259 * compression + -170785.633142592 * compressionLzo + -133215.297952117 * compressionGzip + 11716.2290166602 * encryption + 62677.5591907401 * compressionLrzip;3.97869476919314;3.97869476919314;3.97869476919314;3.97869476919314;0.194696;7;62677.5591907401 * compressionLrzip;1;0.601185657732137;
7;42692.337268521 * level + 450935.060561176 * compressionZpaq + 178668.147220886 * compression + -171928.98797047 * compressionLzo + -133215.37444605 * compressionGzip + 11711.4098988333 * encryption + 62677.4826968072 * compressionLrzip + 3622.67620883813 * level7;3.49914071170813;3.49914071170813;3.49914071170813;3.49914071170813;0.279983;8;3622.67620883813 * level7;1;0.479554057485016;
8;42524.5948604211 * level + 450930.509358223 * compressionZpaq + 178799.480005366 * compression + -171965.181513238 * compressionLzo + -133214.07410235 * compressionGzip + 11793.3315519788 * encryption + 62678.7830405075 * compressionLrzip + 3702.39653830021 * level7 + 3245.40513957944 * level9;3.17718462188036;3.17718462188036;3.17718462188036;3.17718462188036;0.387367;9;3245.40513957944 * level9;1;0.321956089827769;
9;42448.8634686609 * level + 450933.626929281 * compressionZpaq + 178900.151965584 * compression + -172776.619063499 * compressionLzo + -133214.964836937 * compressionGzip + 11737.2152729491 * encryption + 62677.8923059198 * compressionLrzip + 4136.39004494241 * level7 + 3321.13653133852 * level9 + 2159.46011395428 * compressionLzo * level2;2.81425571627812;2.81425571627812;2.81425571627812;2.81425571627812;0.520339;11;2159.46011395428 * compressionLzo * level2;2;0.181464452801121;
10;42541.5236884913 * level + 450943.660757229 * compressionZpaq + 178887.762369335 * compression + -172761.088442849 * compressionLzo + -135325.937650299 * compressionGzip + 11556.60636989 * encryption + 62675.0254979348 * compressionLrzip + 4139.53106934366 * level7 + 3228.47631150868 * level9 + 2184.06480509569 * compressionLzo * level2 + 4918.91401254595 * compressionGzip * disableCompressibilityTesting;2.56794635608091;2.56794635608091;2.56794635608091;2.56794635608091;0.693487;13;4918.91401254595 * compressionGzip * disableCompressibilityTesting;2;0.123154680098601;
11;42816.8927337792 * level + 450942.487473592 * compressionZpaq + 178603.007054959 * compression + -172672.52425094 * compressionLzo + -135321.831157573 * compressionGzip + 11577.725475339 * encryption + 62675.3607218308 * compressionLrzip + 3943.33994687598 * level7 + 2953.1072662209 * level9 + 3080.68619832989 * compressionLzo * level2 + 4910.11438527557 * compressionGzip * disableCompressibilityTesting + -989.878719687188 * level2;2.44660303764018;2.44660303764018;2.44660303764018;2.44660303764018;0.912335;14;-989.878719687188 * level2;1;0.121343318440728;
12;42932.4043465591 * level + 450941.536231733 * compressionZpaq + 178479.885507307 * compression + -172939.345756038 * compressionLzo + -135318.501811066 * compressionGzip + 11594.847828802 * encryption + 62675.6325052191 * compressionLrzip + 3553.39689412551 * level7 + 2837.59565344115 * level9 + 3468.99855075082 * compressionLzo * level2 + 4902.98007133226 * compressionGzip * disableCompressibilityTesting + -1115.17453444601 * level2 + 964.568426979472 * level7 * compression;2.36898088578546;2.36898088578546;2.36898088578546;2.36898088578546;1.175986;16;964.568426979472 * level7 * compression;2;0.0388110759273612;
Elapsed=00:00:01.1763639
Learning progress:
1;94580.4109589041 * level + 583817.922374428 * compressionZpaq;67.6182432031817;67.6182432031817;67.6182432031817;67.6182432031817;0.004672;2;583817.922374428 * compressionZpaq;1;80.1818947613504;
2;77282.9850746268 * level + 601115.348258707 * compressionZpaq + 210452.014925373 * compressionLrzip;37.1656661832897;37.1656661832897;37.1656661832897;37.1656661832897;0.016997;3;210452.014925373 * compressionLrzip;1;30.452577019892;
3;56732.5423728814 * level + 621665.790960452 * compressionZpaq + 231002.45762712 * compressionLrzip + 172109.957627119 * compressionBzip2;10.8813129677977;10.8813129677977;10.8813129677977;10.8813129677977;0.037647;4;172109.957627119 * compressionBzip2;1;26.284353215492;
4;56922.4137931036 * level + 621475.919540229 * compressionZpaq + 230812.586206895 * compressionLrzip + 171920.086206896 * compressionBzip2 + -11202.4137931038 * level6;9.58399457474197;9.58399457474197;9.58399457474197;9.58399457474197;0.068457;5;-11202.4137931038 * level6;1;1.29731839305569;
5;57097.3684210525 * level + 621300.964912281 * compressionZpaq + 230637.631578948 * compressionLrzip + 171745.131578948 * compressionBzip2 + -11377.3684210524 * level6 + -10147.3684210525 * level8;8.48947161161516;8.48947161161516;8.48947161161516;8.48947161161516;0.113895;6;-10147.3684210525 * level8;1;1.09452296312681;
6;58501.3333333334 * level + 619897 * compressionZpaq + 229233.666666667 * compressionLrzip + 170341.166666667 * compressionBzip2 + -12781.3333333332 * level6 + -11551.3333333333 * level8 + -6668.83333333317 * level2;8.18918573343071;8.18918573343071;8.18918573343071;8.18918573343071;0.173395;7;-6668.83333333317 * level2;1;0.30028587818445;
7;58501.3333333334 * level + 619897 * compressionZpaq + 229233.666666666 * compressionLrzip + 170341.166666666 * compressionBzip2 + -12781.3333333334 * level6 + -11551.3333333335 * level8 + -10969.9047619046 * level2 + 10322.5714285718 * level2 * encryption;7.75205704495241;7.75205704495241;7.75205704495241;7.75205704495241;0.253012;9;10322.5714285718 * level2 * encryption;2;0.218564344239151;
8;58501.3333333335 * level + 619897 * compressionZpaq + 229233.666666667 * compressionLrzip + 170341.166666667 * compressionBzip2 + -12781.3333333333 * level6 + -11551.3333333332 * level8 + -16282.1176470589 * level2 + 10056.9607843137 * level2 * encryption + 9296.37254901946 * level2 * compressionLzo;6.36404992822662;6.36404992822662;6.36404992822662;6.36404992822662;0.362053;11;9296.37254901946 * level2 * compressionLzo;2;0.694003558362891;
9;58501.3333333334 * level + 619897 * compressionZpaq + 225456.166666667 * compressionLrzip + 170341.166666667 * compressionBzip2 + -12781.3333333333 * level6 + -11551.3333333334 * level8 + -16282.1176470589 * level2 + 10056.9607843136 * level2 * encryption + 9296.37254901945 * level2 * compressionLzo + 11332.5000000007 * compressionLrzip * encryption;6.10853699871902;6.10853699871902;6.10853699871902;6.10853699871902;0.505698;13;11332.5000000007 * compressionLrzip * encryption;2;0.127756464753802;
Elapsed=00:00:00.5059880
Learning progress:
1;88569.0410958904 * level + 589794.292237442 * compressionZpaq;58.5001031522851;58.5001031522851;58.5001031522851;58.5001031522851;0.004823;2;589794.292237442 * compressionZpaq;1;66.090507564331;
2;73704.4117647058 * level + 604658.921568628 * compressionZpaq + 217023.588235294 * compressionLrzip;34.4217993284732;34.4217993284732;34.4217993284732;34.4217993284732;0.015771;3;217023.588235294 * compressionLrzip;1;24.078303823812;
3;56049.1803278688 * level + 622314.153005466 * compressionZpaq + 234678.819672132 * compressionLrzip + 171507.962529274 * compressionBzip2;14.4397207858693;14.4397207858693;14.4397207858693;14.4397207858693;0.034948;4;171507.962529274 * compressionBzip2;1;19.9820785426039;
4;48662.2857142858 * level + 612370.256410256 * compressionZpaq + 224734.923076923 * compressionLrzip + 161564.065934066 * compressionBzip2 + 17330.7912087912 * compression;9.49999971394002;9.49999971394002;9.49999971394002;9.49999971394002;0.067514;5;17330.7912087912 * compression;1;4.93972107192927;
5;48662.2857142857 * level + 583756.190476191 * compressionZpaq + 196120.857142858 * compressionLrzip + 132950.000000001 * compressionBzip2 + 45944.8571428569 * compression + -39156.0902255638 * compressionLzo;7.25429390380915;7.25429390380915;7.25429390380915;7.25429390380915;0.119131;6;-39156.0902255638 * compressionLzo;1;2.24570581013087;
6;43407.9779971884 * level + 584631.90842904 * compressionZpaq + 195770.569961717 * compressionLrzip + 132950 * compressionBzip2 + 44193.4212371582 * compression + -37312.4734827227 * compressionLzo + 12260.0513398937 * encryption;2.68586936946136;2.68586936946136;2.68586936946136;2.68586936946136;0.190367;7;12260.0513398937 * encryption;1;4.56842453434779;
7;42940.9679613837 * level + 584606.513483577 * compressionZpaq + 195780.727939902 * compressionLrzip + 132950 * compressionBzip2 + 44863.5908366661 * compression + -38506.8991468748 * compressionLzo + 11904.5221034127 * encryption + 3613.04830006309 * level7;1.67216649671267;1.67216649671267;1.67216649671267;1.67216649671267;0.282797;8;3613.04830006309 * level7;1;1.01370287274869;
8;42686.1669532025 * level + 584615.960951794 * compressionZpaq + 195776.948952616 * compressionLrzip + 132950 * compressionBzip2 + 45042.8120991186 * compression + -38516.2939962818 * compressionLzo + 12036.7866584388 * encryption + 3705.78177795645 * level7 + 3188.83304679771 * level9;1.55947360148201;1.55947360148201;1.55947360148201;1.55947360148201;0.402007;9;3188.83304679771 * level9;1;0.112692895230668;
Elapsed=00:00:00.4023395
Learning progress:
1;91756.4864864865 * level + 584943.513513512 * compressionZpaq;55.1364778925186;55.1364778925186;55.1364778925186;55.1364778925186;0.004899;2;584943.513513512 * compressionZpaq;1;61.8130384254571;
2;70989.1044776119 * level + 605710.895522387 * compressionZpaq + 219540.895522389 * compressionLrzip;31.1162256927742;31.1162256927742;31.1162256927742;31.1162256927742;0.017387;3;219540.895522389 * compressionLrzip;1;24.0202521997445;
3;56068.0327868852 * level + 620631.967213116 * compressionZpaq + 234461.967213115 * compressionLrzip + 166618.633879781 * compressionBzip2;9.88158132823754;9.88158132823754;9.88158132823754;9.88158132823754;0.037622;4;166618.633879781 * compressionBzip2;1;21.2346443645366;
4;56236.1666666669 * level + 620463.833333332 * compressionZpaq + 234293.833333333 * compressionLrzip + 166450.499999999 * compressionBzip2 + -10256.1666666665 * level9;8.77287486899377;8.77287486899377;8.77287486899377;8.77287486899377;0.069327;5;-10256.1666666665 * level9;1;1.10870645924377;
5;56236.1666666667 * level + 620463.833333333 * compressionZpaq + 234293.833333334 * compressionLrzip + 164051.833333334 * compressionBzip2 + -10256.1666666668 * level9 + 14392.0000000005 * compressionBzip2 * encryption;8.0624643343058;8.0624643343058;8.0624643343058;8.0624643343058;0.115727;7;14392.0000000005 * compressionBzip2 * encryption;2;0.355205267343982;
6;50467.1153846155 * level + 626232.884615384 * compressionZpaq + 240062.884615385 * compressionLrzip + 169820.884615384 * compressionBzip2 + -4487.11538461569 * level9 + 14392.0000000001 * compressionBzip2 * encryption + 43267.8846153848 * compressionGzip;7.79403594945864;7.79403594945864;7.79403594945864;7.79403594945864;0.189987;8;43267.8846153848 * compressionGzip;1;0.268428384847164;
7;45781.9640122512 * level + 626045.478560491 * compressionZpaq + 237787.239663094 * compressionLrzip + 174506.035987749 * compressionBzip2 + 198.035987748968 * level9 + 2210.60643185316 * compressionBzip2 * encryption + 41862.3392036753 * compressionGzip + 12181.393568147 * encryption;3.9408522874246;3.9408522874246;3.9408522874246;3.9408522874246;0.279997;9;12181.393568147 * encryption;1;3.85318366203404;
8;43214.0470652799 * level + 621607.638608687 * compressionZpaq + 233443.44909319 * compressionLrzip + 169848.74747818 * compressionBzip2 + 2765.9529347211 * level9 + 2759.22782626799 * compressionBzip2 * encryption + 37479.3613913137 * compressionGzip + 11632.7721737316 * encryption + 7225.2054565409 * compression;2.19509918942016;2.19509918942016;2.19509918942016;2.19509918942016;0.400223;10;7225.2054565409 * compression;1;1.74575309800444;
9;42535.5411917347 * level + 622719.060729809 * compressionZpaq + 234563.721290923 * compressionLrzip + 170939.519420541 * compressionBzip2 + 3444.45880826513 * level9 + 2810.85327316895 * compressionBzip2 * encryption + 38595.9460571256 * compressionGzip + 11581.1467268312 * encryption + 6812.93938772435 * compression + 3713.34464489029 * level7;1.43658346531835;1.43658346531835;1.43658346531835;1.43658346531835;0.555345;11;3713.34464489029 * level7;1;0.758515724101817;
10;42362.8573658455 * level + 622589.974490232 * compressionZpaq + 234461.650143298 * compressionLrzip + 170902.333767753 * compressionBzip2 + 3617.14263415323 * level9 + 2523.00088069504 * compressionBzip2 * encryption + 38603.6622159844 * compressionGzip + 11520.39356629 * encryption + 6790.40516439063 * compression + 3583.6873339066 * level7 + 581.009255025874 * disableCompressibilityTesting;1.31707233611498;1.31707233611498;1.31707233611498;1.31707233611498;0.742805;12;581.009255025874 * disableCompressibilityTesting;1;0.119511129203369;
Elapsed=00:00:00.7432226
Learning progress:
1;92403.1944444444 * level + 586391.091269841 * compressionZpaq;65.4927145631314;65.4927145631314;65.4927145631314;65.4927145631314;0.005957;2;586391.091269841 * compressionZpaq;1;78.9598077306196;
2;71063.2307692308 * level + 607731.054945054 * compressionZpaq + 219496.769230769 * compressionLrzip;40.9727533037595;40.9727533037595;40.9727533037595;40.9727533037595;0.017036;3;219496.769230769 * compressionLrzip;1;24.5199612593719;
3;55281.3559322033 * level + 623512.929782082 * compressionZpaq + 235278.644067797 * compressionLrzip + 170970.310734463 * compressionBzip2;15.6932847611927;15.6932847611927;15.6932847611927;15.6932847611927;0.039888;4;170970.310734463 * compressionBzip2;1;25.2794685425668;
4;51412.8301886793 * level + 627381.455525607 * compressionZpaq + 239147.169811321 * compressionLrzip + 174838.836477987 * compressionBzip2 + 38040.5031446542 * compressionGzip;7.5476338870955;7.5476338870955;7.5476338870955;7.5476338870955;0.073376;5;38040.5031446542 * compressionGzip;1;8.14565087409722;
5;45311.3179083977 * level + 626091.421500633 * compressionZpaq + 237857.135786346 * compressionLrzip + 174472.745741171 * compressionBzip2 + 41986.147752569 * compressionGzip + 12935.2060341968 * encryption;5.13844379321393;5.13844379321393;5.13844379321393;5.13844379321393;0.12235;6;12935.2060341968 * encryption;1;2.40919009388157;
6;43352.8801387129 * level + 621519.391142701 * compressionZpaq + 233285.105428416 * compressionLrzip + 169833.961866231 * compressionBzip2 + 37035.8474649224 * compressionGzip + 12000.6567960747 * encryption + 7064.49626368566 * compression;3.47334149352408;3.47334149352408;3.47334149352408;3.47334149352408;0.187451;7;7064.49626368566 * compression;1;1.66510229968985;
7;42668.4848807651 * level + 622990.519097135 * compressionZpaq + 234756.23338285 * compressionLrzip + 171291.506653183 * compressionBzip2 + 38430.0041369588 * compressionGzip + 11810.492451327 * encryption + 6386.42890705534 * compression + 3802.30497923454 * level7;3.08334991203353;3.08334991203353;3.08334991203353;3.08334991203353;0.277035;8;3802.30497923454 * level7;1;0.389991581490557;
8;43387.5024960767 * level + 622869.260854358 * compressionZpaq + 234634.975140072 * compressionLrzip + 172390.371718707 * compressionBzip2 + 39332.2684642207 * compressionGzip + 11220.690236541 * encryption + 6125.69937154252 * compression + 3550.68196870005 * level7 + -7573.51222758008 * level1;2.83469285276293;2.83469285276293;2.83469285276293;2.83469285276293;0.392361;9;-7573.51222758008 * level1;1;0.248657059270597;
9;43332.230742451 * level + 623376.228086344 * compressionZpaq + 235141.942372058 * compressionLrzip + 172892.002829661 * compressionBzip2 + 39831.3754652633 * compressionGzip + 11213.1179068083 * encryption + 5678.33093874318 * compression + 3833.96498428685 * level7 + -7544.74078555335 * level1 + 1429.56757472082 * compression * level2;2.50326354067313;2.50326354067313;2.50326354067313;2.50326354067313;0.528878;11;1429.56757472082 * compression * level2;2;0.165714656044898;
Elapsed=00:00:00.5292403
Learning progress:
1;101197.222222222 * level + 576954.027777778 * compressionZpaq;104.008312770979;104.008312770979;104.008312770979;104.008312770979;0.005512;2;576954.027777778 * compressionZpaq;1;117.060201428068;
2;49393.3333333333 * level + 539951.25 * compressionZpaq + 88806.6666666665 * compression;59.7461585042083;59.7461585042083;59.7461585042083;59.7461585042083;0.015063;3;88806.6666666665 * compression;1;44.2621542667703;
3;49393.3333333332 * level + 473166.902173912 * compressionZpaq + 155591.014492754 * compression + -147628.558352403 * compressionLzo;26.4557219861988;26.4557219861988;26.4557219861988;26.4557219861988;0.037902;4;-147628.558352403 * compressionLzo;1;33.2904365180094;
4;49393.3333333333 * level + 424245.625 * compressionZpaq + 204512.291666667 * compression + -196549.835526316 * compressionLzo + -160741.339285714 * compressionGzip;13.6495153082255;13.6495153082255;13.6495153082255;13.6495153082255;0.071876;5;-160741.339285714 * compressionGzip;1;12.8062066779734;
5;43634.224922207 * level + 423525.73644861 * compressionZpaq + 205232.180218057 * compression + -198179.056984726 * compressionLzo + -160638.498064087 * compressionGzip + 11518.2168222524 * encryption;4.57988042692528;4.57988042692528;4.57988042692528;4.57988042692528;0.119221;6;11518.2168222524 * encryption;1;9.0696348813002;
6;43535.2188250033 * level + 450934.792832408 * compressionZpaq + 177823.123834259 * compression + -170785.633142592 * compressionLzo + -133215.297952117 * compressionGzip + 11716.2290166602 * encryption + 62677.5591907401 * compressionLrzip;3.97869476919314;3.97869476919314;3.97869476919314;3.97869476919314;0.186216;7;62677.5591907401 * compressionLrzip;1;0.601185657732137;
7;42692.337268521 * level + 450935.060561176 * compressionZpaq + 178668.147220886 * compression + -171928.98797047 * compressionLzo + -133215.37444605 * compressionGzip + 11711.4098988333 * encryption + 62677.4826968072 * compressionLrzip + 3622.67620883813 * level7;3.49914071170813;3.49914071170813;3.49914071170813;3.49914071170813;0.273395;8;3622.67620883813 * level7;1;0.479554057485016;
8;42524.5948604211 * level + 450930.509358223 * compressionZpaq + 178799.480005366 * compression + -171965.181513238 * compressionLzo + -133214.07410235 * compressionGzip + 11793.3315519788 * encryption + 62678.7830405075 * compressionLrzip + 3702.39653830021 * level7 + 3245.40513957944 * level9;3.17718462188036;3.17718462188036;3.17718462188036;3.17718462188036;0.387009;9;3245.40513957944 * level9;1;0.321956089827769;
9;42448.8634686609 * level + 450933.626929281 * compressionZpaq + 178900.151965584 * compression + -172776.619063499 * compressionLzo + -133214.964836937 * compressionGzip + 11737.2152729491 * encryption + 62677.8923059198 * compressionLrzip + 4136.39004494241 * level7 + 3321.13653133852 * level9 + 2159.46011395428 * compressionLzo * level2;2.81425571627812;2.81425571627812;2.81425571627812;2.81425571627812;0.521272;11;2159.46011395428 * compressionLzo * level2;2;0.181464452801121;
Elapsed=00:00:00.5216078
Learning progress:
1;94580.4109589041 * level + 583817.922374428 * compressionZpaq;67.6182432031817;67.6182432031817;67.6182432031817;67.6182432031817;0.005153;2;583817.922374428 * compressionZpaq;1;80.1818947613504;
2;77282.9850746268 * level + 601115.348258707 * compressionZpaq + 210452.014925373 * compressionLrzip;37.1656661832897;37.1656661832897;37.1656661832897;37.1656661832897;0.017262;3;210452.014925373 * compressionLrzip;1;30.452577019892;
3;56732.5423728814 * level + 621665.790960452 * compressionZpaq + 231002.45762712 * compressionLrzip + 172109.957627119 * compressionBzip2;10.8813129677977;10.8813129677977;10.8813129677977;10.8813129677977;0.037616;4;172109.957627119 * compressionBzip2;1;26.284353215492;
4;56922.4137931036 * level + 621475.919540229 * compressionZpaq + 230812.586206895 * compressionLrzip + 171920.086206896 * compressionBzip2 + -11202.4137931038 * level6;9.58399457474197;9.58399457474197;9.58399457474197;9.58399457474197;0.070225;5;-11202.4137931038 * level6;1;1.29731839305569;
5;57097.3684210525 * level + 621300.964912281 * compressionZpaq + 230637.631578948 * compressionLrzip + 171745.131578948 * compressionBzip2 + -11377.3684210524 * level6 + -10147.3684210525 * level8;8.48947161161516;8.48947161161516;8.48947161161516;8.48947161161516;0.114987;6;-10147.3684210525 * level8;1;1.09452296312681;
6;58501.3333333334 * level + 619897 * compressionZpaq + 229233.666666667 * compressionLrzip + 170341.166666667 * compressionBzip2 + -12781.3333333332 * level6 + -11551.3333333333 * level8 + -6668.83333333317 * level2;8.18918573343071;8.18918573343071;8.18918573343071;8.18918573343071;0.173638;7;-6668.83333333317 * level2;1;0.30028587818445;
Elapsed=00:00:00.1739329
Learning progress:
1;88569.0410958904 * level + 589794.292237442 * compressionZpaq;58.5001031522851;58.5001031522851;58.5001031522851;58.5001031522851;0.00499;2;589794.292237442 * compressionZpaq;1;66.090507564331;
2;73704.4117647058 * level + 604658.921568628 * compressionZpaq + 217023.588235294 * compressionLrzip;34.4217993284732;34.4217993284732;34.4217993284732;34.4217993284732;0.016148;3;217023.588235294 * compressionLrzip;1;24.078303823812;
3;56049.1803278688 * level + 622314.153005466 * compressionZpaq + 234678.819672132 * compressionLrzip + 171507.962529274 * compressionBzip2;14.4397207858693;14.4397207858693;14.4397207858693;14.4397207858693;0.037537;4;171507.962529274 * compressionBzip2;1;19.9820785426039;
4;48662.2857142858 * level + 612370.256410256 * compressionZpaq + 224734.923076923 * compressionLrzip + 161564.065934066 * compressionBzip2 + 17330.7912087912 * compression;9.49999971394002;9.49999971394002;9.49999971394002;9.49999971394002;0.070274;5;17330.7912087912 * compression;1;4.93972107192927;
5;48662.2857142857 * level + 583756.190476191 * compressionZpaq + 196120.857142858 * compressionLrzip + 132950.000000001 * compressionBzip2 + 45944.8571428569 * compression + -39156.0902255638 * compressionLzo;7.25429390380915;7.25429390380915;7.25429390380915;7.25429390380915;0.121118;6;-39156.0902255638 * compressionLzo;1;2.24570581013087;
6;43407.9779971884 * level + 584631.90842904 * compressionZpaq + 195770.569961717 * compressionLrzip + 132950 * compressionBzip2 + 44193.4212371582 * compression + -37312.4734827227 * compressionLzo + 12260.0513398937 * encryption;2.68586936946136;2.68586936946136;2.68586936946136;2.68586936946136;0.190185;7;12260.0513398937 * encryption;1;4.56842453434779;
7;42940.9679613837 * level + 584606.513483577 * compressionZpaq + 195780.727939902 * compressionLrzip + 132950 * compressionBzip2 + 44863.5908366661 * compression + -38506.8991468748 * compressionLzo + 11904.5221034127 * encryption + 3613.04830006309 * level7;1.67216649671267;1.67216649671267;1.67216649671267;1.67216649671267;0.282525;8;3613.04830006309 * level7;1;1.01370287274869;
8;42686.1669532025 * level + 584615.960951794 * compressionZpaq + 195776.948952616 * compressionLrzip + 132950 * compressionBzip2 + 45042.8120991186 * compression + -38516.2939962818 * compressionLzo + 12036.7866584388 * encryption + 3705.78177795645 * level7 + 3188.83304679771 * level9;1.55947360148201;1.55947360148201;1.55947360148201;1.55947360148201;0.396889;9;3188.83304679771 * level9;1;0.112692895230668;
Elapsed=00:00:00.3980581
Learning progress:
1;91756.4864864865 * level + 584943.513513512 * compressionZpaq;55.1364778925186;55.1364778925186;55.1364778925186;55.1364778925186;0.004906;2;584943.513513512 * compressionZpaq;1;61.8130384254571;
2;70989.1044776119 * level + 605710.895522387 * compressionZpaq + 219540.895522389 * compressionLrzip;31.1162256927742;31.1162256927742;31.1162256927742;31.1162256927742;0.016719;3;219540.895522389 * compressionLrzip;1;24.0202521997445;
3;56068.0327868852 * level + 620631.967213116 * compressionZpaq + 234461.967213115 * compressionLrzip + 166618.633879781 * compressionBzip2;9.88158132823754;9.88158132823754;9.88158132823754;9.88158132823754;0.03622;4;166618.633879781 * compressionBzip2;1;21.2346443645366;
4;56236.1666666669 * level + 620463.833333332 * compressionZpaq + 234293.833333333 * compressionLrzip + 166450.499999999 * compressionBzip2 + -10256.1666666665 * level9;8.77287486899377;8.77287486899377;8.77287486899377;8.77287486899377;0.069718;5;-10256.1666666665 * level9;1;1.10870645924377;
5;56236.1666666667 * level + 620463.833333333 * compressionZpaq + 234293.833333334 * compressionLrzip + 164051.833333334 * compressionBzip2 + -10256.1666666668 * level9 + 14392.0000000005 * compressionBzip2 * encryption;8.0624643343058;8.0624643343058;8.0624643343058;8.0624643343058;0.115356;7;14392.0000000005 * compressionBzip2 * encryption;2;0.355205267343982;
Elapsed=00:00:00.1156090
Learning progress:
1;92403.1944444444 * level + 586391.091269841 * compressionZpaq;65.4927145631314;65.4927145631314;65.4927145631314;65.4927145631314;0.004715;2;586391.091269841 * compressionZpaq;1;78.9598077306196;
2;71063.2307692308 * level + 607731.054945054 * compressionZpaq + 219496.769230769 * compressionLrzip;40.9727533037595;40.9727533037595;40.9727533037595;40.9727533037595;0.015901;3;219496.769230769 * compressionLrzip;1;24.5199612593719;
3;55281.3559322033 * level + 623512.929782082 * compressionZpaq + 235278.644067797 * compressionLrzip + 170970.310734463 * compressionBzip2;15.6932847611927;15.6932847611927;15.6932847611927;15.6932847611927;0.034081;4;170970.310734463 * compressionBzip2;1;25.2794685425668;
4;51412.8301886793 * level + 627381.455525607 * compressionZpaq + 239147.169811321 * compressionLrzip + 174838.836477987 * compressionBzip2 + 38040.5031446542 * compressionGzip;7.5476338870955;7.5476338870955;7.5476338870955;7.5476338870955;0.063804;5;38040.5031446542 * compressionGzip;1;8.14565087409722;
5;45311.3179083977 * level + 626091.421500633 * compressionZpaq + 237857.135786346 * compressionLrzip + 174472.745741171 * compressionBzip2 + 41986.147752569 * compressionGzip + 12935.2060341968 * encryption;5.13844379321393;5.13844379321393;5.13844379321393;5.13844379321393;0.108424;6;12935.2060341968 * encryption;1;2.40919009388157;
6;43352.8801387129 * level + 621519.391142701 * compressionZpaq + 233285.105428416 * compressionLrzip + 169833.961866231 * compressionBzip2 + 37035.8474649224 * compressionGzip + 12000.6567960747 * encryption + 7064.49626368566 * compression;3.47334149352408;3.47334149352408;3.47334149352408;3.47334149352408;0.172713;7;7064.49626368566 * compression;1;1.66510229968985;
7;42668.4848807651 * level + 622990.519097135 * compressionZpaq + 234756.23338285 * compressionLrzip + 171291.506653183 * compressionBzip2 + 38430.0041369588 * compressionGzip + 11810.492451327 * encryption + 6386.42890705534 * compression + 3802.30497923454 * level7;3.08334991203353;3.08334991203353;3.08334991203353;3.08334991203353;0.263431;8;3802.30497923454 * level7;1;0.389991581490557;
Elapsed=00:00:00.2637380
Learning progress:
1;101197.222222222 * level + 576954.027777778 * compressionZpaq;104.008312770979;104.008312770979;104.008312770979;104.008312770979;0.00433;2;576954.027777778 * compressionZpaq;1;117.060201428068;
2;49393.3333333333 * level + 539951.25 * compressionZpaq + 88806.6666666665 * compression;59.7461585042083;59.7461585042083;59.7461585042083;59.7461585042083;0.015684;3;88806.6666666665 * compression;1;44.2621542667703;
3;49393.3333333332 * level + 473166.902173912 * compressionZpaq + 155591.014492754 * compression + -147628.558352403 * compressionLzo;26.4557219861988;26.4557219861988;26.4557219861988;26.4557219861988;0.038721;4;-147628.558352403 * compressionLzo;1;33.2904365180094;
4;49393.3333333333 * level + 424245.625 * compressionZpaq + 204512.291666667 * compression + -196549.835526316 * compressionLzo + -160741.339285714 * compressionGzip;13.6495153082255;13.6495153082255;13.6495153082255;13.6495153082255;0.073376;5;-160741.339285714 * compressionGzip;1;12.8062066779734;
5;43634.224922207 * level + 423525.73644861 * compressionZpaq + 205232.180218057 * compression + -198179.056984726 * compressionLzo + -160638.498064087 * compressionGzip + 11518.2168222524 * encryption;4.57988042692528;4.57988042692528;4.57988042692528;4.57988042692528;0.122297;6;11518.2168222524 * encryption;1;9.0696348813002;
6;43535.2188250033 * level + 450934.792832408 * compressionZpaq + 177823.123834259 * compression + -170785.633142592 * compressionLzo + -133215.297952117 * compressionGzip + 11716.2290166602 * encryption + 62677.5591907401 * compressionLrzip;3.97869476919314;3.97869476919314;3.97869476919314;3.97869476919314;0.190413;7;62677.5591907401 * compressionLrzip;1;0.601185657732137;
7;42692.337268521 * level + 450935.060561176 * compressionZpaq + 178668.147220886 * compression + -171928.98797047 * compressionLzo + -133215.37444605 * compressionGzip + 11711.4098988333 * encryption + 62677.4826968072 * compressionLrzip + 3622.67620883813 * level7;3.49914071170813;3.49914071170813;3.49914071170813;3.49914071170813;0.276372;8;3622.67620883813 * level7;1;0.479554057485016;
Elapsed=00:00:00.2766457
Learning progress:
1;94580.4109589041 * level + 583817.922374428 * compressionZpaq;67.6182432031817;67.6182432031817;67.6182432031817;67.6182432031817;0.005658;2;583817.922374428 * compressionZpaq;1;80.1818947613504;
2;77282.9850746268 * level + 601115.348258707 * compressionZpaq + 210452.014925373 * compressionLrzip;37.1656661832897;37.1656661832897;37.1656661832897;37.1656661832897;0.016443;3;210452.014925373 * compressionLrzip;1;30.452577019892;
3;56732.5423728814 * level + 621665.790960452 * compressionZpaq + 231002.45762712 * compressionLrzip + 172109.957627119 * compressionBzip2;10.8813129677977;10.8813129677977;10.8813129677977;10.8813129677977;0.03792;4;172109.957627119 * compressionBzip2;1;26.284353215492;
4;56922.4137931036 * level + 621475.919540229 * compressionZpaq + 230812.586206895 * compressionLrzip + 171920.086206896 * compressionBzip2 + -11202.4137931038 * level6;9.58399457474197;9.58399457474197;9.58399457474197;9.58399457474197;0.068315;5;-11202.4137931038 * level6;1;1.29731839305569;
5;57097.3684210525 * level + 621300.964912281 * compressionZpaq + 230637.631578948 * compressionLrzip + 171745.131578948 * compressionBzip2 + -11377.3684210524 * level6 + -10147.3684210525 * level8;8.48947161161516;8.48947161161516;8.48947161161516;8.48947161161516;0.113187;6;-10147.3684210525 * level8;1;1.09452296312681;
6;58501.3333333334 * level + 619897 * compressionZpaq + 229233.666666667 * compressionLrzip + 170341.166666667 * compressionBzip2 + -12781.3333333332 * level6 + -11551.3333333333 * level8 + -6668.83333333317 * level2;8.18918573343071;8.18918573343071;8.18918573343071;8.18918573343071;0.174605;7;-6668.83333333317 * level2;1;0.30028587818445;
7;58501.3333333334 * level + 619897 * compressionZpaq + 229233.666666666 * compressionLrzip + 170341.166666666 * compressionBzip2 + -12781.3333333334 * level6 + -11551.3333333335 * level8 + -10969.9047619046 * level2 + 10322.5714285718 * level2 * encryption;7.75205704495241;7.75205704495241;7.75205704495241;7.75205704495241;0.256617;9;10322.5714285718 * level2 * encryption;2;0.218564344239151;
8;58501.3333333335 * level + 619897 * compressionZpaq + 229233.666666667 * compressionLrzip + 170341.166666667 * compressionBzip2 + -12781.3333333333 * level6 + -11551.3333333332 * level8 + -16282.1176470589 * level2 + 10056.9607843137 * level2 * encryption + 9296.37254901946 * level2 * compressionLzo;6.36404992822662;6.36404992822662;6.36404992822662;6.36404992822662;0.364379;11;9296.37254901946 * level2 * compressionLzo;2;0.694003558362891;
9;58501.3333333334 * level + 619897 * compressionZpaq + 225456.166666667 * compressionLrzip + 170341.166666667 * compressionBzip2 + -12781.3333333333 * level6 + -11551.3333333334 * level8 + -16282.1176470589 * level2 + 10056.9607843136 * level2 * encryption + 9296.37254901945 * level2 * compressionLzo + 11332.5000000007 * compressionLrzip * encryption;6.10853699871902;6.10853699871902;6.10853699871902;6.10853699871902;0.507447;13;11332.5000000007 * compressionLrzip * encryption;2;0.127756464753802;
10;58501.3333333335 * level + 619896.999999999 * compressionZpaq + 225456.166666666 * compressionLrzip + 164771.166666667 * compressionBzip2 + -12781.3333333333 * level6 + -11551.3333333334 * level8 + -16282.1176470587 * level2 + 10056.9607843137 * level2 * encryption + 9296.37254901964 * level2 * compressionLzo + 11332.4999999995 * compressionLrzip * encryption + 11139.9999999995 * compressionBzip2 * encryption;5.97486769226351;5.97486769226351;5.97486769226351;5.97486769226351;0.69338;15;11139.9999999995 * compressionBzip2 * encryption;2;0.0668346532277564;
Elapsed=00:00:00.6937215
Learning progress:
1;88569.0410958904 * level + 589794.292237442 * compressionZpaq;58.5001031522851;58.5001031522851;58.5001031522851;58.5001031522851;0.005182;2;589794.292237442 * compressionZpaq;1;66.090507564331;
2;73704.4117647058 * level + 604658.921568628 * compressionZpaq + 217023.588235294 * compressionLrzip;34.4217993284732;34.4217993284732;34.4217993284732;34.4217993284732;0.015696;3;217023.588235294 * compressionLrzip;1;24.078303823812;
3;56049.1803278688 * level + 622314.153005466 * compressionZpaq + 234678.819672132 * compressionLrzip + 171507.962529274 * compressionBzip2;14.4397207858693;14.4397207858693;14.4397207858693;14.4397207858693;0.036374;4;171507.962529274 * compressionBzip2;1;19.9820785426039;
4;48662.2857142858 * level + 612370.256410256 * compressionZpaq + 224734.923076923 * compressionLrzip + 161564.065934066 * compressionBzip2 + 17330.7912087912 * compression;9.49999971394002;9.49999971394002;9.49999971394002;9.49999971394002;0.077747;5;17330.7912087912 * compression;1;4.93972107192927;
5;48662.2857142857 * level + 583756.190476191 * compressionZpaq + 196120.857142858 * compressionLrzip + 132950.000000001 * compressionBzip2 + 45944.8571428569 * compression + -39156.0902255638 * compressionLzo;7.25429390380915;7.25429390380915;7.25429390380915;7.25429390380915;0.129045;6;-39156.0902255638 * compressionLzo;1;2.24570581013087;
6;43407.9779971884 * level + 584631.90842904 * compressionZpaq + 195770.569961717 * compressionLrzip + 132950 * compressionBzip2 + 44193.4212371582 * compression + -37312.4734827227 * compressionLzo + 12260.0513398937 * encryption;2.68586936946136;2.68586936946136;2.68586936946136;2.68586936946136;0.199379;7;12260.0513398937 * encryption;1;4.56842453434779;
7;42940.9679613837 * level + 584606.513483577 * compressionZpaq + 195780.727939902 * compressionLrzip + 132950 * compressionBzip2 + 44863.5908366661 * compression + -38506.8991468748 * compressionLzo + 11904.5221034127 * encryption + 3613.04830006309 * level7;1.67216649671267;1.67216649671267;1.67216649671267;1.67216649671267;0.291097;8;3613.04830006309 * level7;1;1.01370287274869;
8;42686.1669532025 * level + 584615.960951794 * compressionZpaq + 195776.948952616 * compressionLrzip + 132950 * compressionBzip2 + 45042.8120991186 * compression + -38516.2939962818 * compressionLzo + 12036.7866584388 * encryption + 3705.78177795645 * level7 + 3188.83304679771 * level9;1.55947360148201;1.55947360148201;1.55947360148201;1.55947360148201;0.407653;9;3188.83304679771 * level9;1;0.112692895230668;
9;42540.0249133124 * level + 584536.214572971 * compressionZpaq + 195701.88571552 * compressionLrzip + 132950 * compressionBzip2 + 44757.3072833331 * compression + -38299.4307906541 * compressionLzo + 11989.9552411829 * encryption + 3913.56294965766 * level7 + 3334.97508668754 * level9 + 534.808943124917 * level3;1.42061675190631;1.42061675190631;1.42061675190631;1.42061675190631;0.550096;10;534.808943124917 * level3;1;0.138856849575702;
10;42145.1571435311 * level + 584483.733441149 * compressionZpaq + 195660.425533647 * compressionLrzip + 132950.000000001 * compressionBzip2 + 44947.4977616677 * compression + -38254.8934741902 * compressionLzo + 11879.7457416944 * encryption + 4255.35569674187 * level7 + 3729.84285646856 * level9 + 847.072116138012 * level3 + 1447.84528978661 * level5;1.20485316766874;1.20485316766874;1.20485316766874;1.20485316766874;0.727472;11;1447.84528978661 * level5;1;0.215763584237569;
11;41689.1019113377 * level + 584453.789574847 * compressionZpaq + 195619.492583489 * compressionLrzip + 132950 * compressionBzip2 + 45113.9989575034 * compression + -38180.9637734798 * compressionLzo + 11989.6365802349 * encryption + 4527.09249151354 * level7 + 4185.89808866255 * level9 + 1111.6245995286 * level3 + 1841.10575709954 * level5 + 3450.89808866243 * level8;0.980042662621418;0.980042662621418;0.980042662621418;0.980042662621418;0.935443;12;3450.89808866243 * level8;1;0.224810505047318;
Elapsed=00:00:00.9358625
Learning progress:
1;91756.4864864865 * level + 584943.513513512 * compressionZpaq;55.1364778925186;55.1364778925186;55.1364778925186;55.1364778925186;0.004144;2;584943.513513512 * compressionZpaq;1;61.8130384254571;
2;70989.1044776119 * level + 605710.895522387 * compressionZpaq + 219540.895522389 * compressionLrzip;31.1162256927742;31.1162256927742;31.1162256927742;31.1162256927742;0.016646;3;219540.895522389 * compressionLrzip;1;24.0202521997445;
3;56068.0327868852 * level + 620631.967213116 * compressionZpaq + 234461.967213115 * compressionLrzip + 166618.633879781 * compressionBzip2;9.88158132823754;9.88158132823754;9.88158132823754;9.88158132823754;0.037148;4;166618.633879781 * compressionBzip2;1;21.2346443645366;
4;56236.1666666669 * level + 620463.833333332 * compressionZpaq + 234293.833333333 * compressionLrzip + 166450.499999999 * compressionBzip2 + -10256.1666666665 * level9;8.77287486899377;8.77287486899377;8.77287486899377;8.77287486899377;0.069013;5;-10256.1666666665 * level9;1;1.10870645924377;
5;56236.1666666667 * level + 620463.833333333 * compressionZpaq + 234293.833333334 * compressionLrzip + 164051.833333334 * compressionBzip2 + -10256.1666666668 * level9 + 14392.0000000005 * compressionBzip2 * encryption;8.0624643343058;8.0624643343058;8.0624643343058;8.0624643343058;0.11546;7;14392.0000000005 * compressionBzip2 * encryption;2;0.355205267343982;
6;50467.1153846155 * level + 626232.884615384 * compressionZpaq + 240062.884615385 * compressionLrzip + 169820.884615384 * compressionBzip2 + -4487.11538461569 * level9 + 14392.0000000001 * compressionBzip2 * encryption + 43267.8846153848 * compressionGzip;7.79403594945864;7.79403594945864;7.79403594945864;7.79403594945864;0.183466;8;43267.8846153848 * compressionGzip;1;0.268428384847164;
7;45781.9640122512 * level + 626045.478560491 * compressionZpaq + 237787.239663094 * compressionLrzip + 174506.035987749 * compressionBzip2 + 198.035987748968 * level9 + 2210.60643185316 * compressionBzip2 * encryption + 41862.3392036753 * compressionGzip + 12181.393568147 * encryption;3.9408522874246;3.9408522874246;3.9408522874246;3.9408522874246;0.27186;9;12181.393568147 * encryption;1;3.85318366203404;
8;43214.0470652799 * level + 621607.638608687 * compressionZpaq + 233443.44909319 * compressionLrzip + 169848.74747818 * compressionBzip2 + 2765.9529347211 * level9 + 2759.22782626799 * compressionBzip2 * encryption + 37479.3613913137 * compressionGzip + 11632.7721737316 * encryption + 7225.2054565409 * compression;2.19509918942016;2.19509918942016;2.19509918942016;2.19509918942016;0.392123;10;7225.2054565409 * compression;1;1.74575309800444;
9;42535.5411917347 * level + 622719.060729809 * compressionZpaq + 234563.721290923 * compressionLrzip + 170939.519420541 * compressionBzip2 + 3444.45880826513 * level9 + 2810.85327316895 * compressionBzip2 * encryption + 38595.9460571256 * compressionGzip + 11581.1467268312 * encryption + 6812.93938772435 * compression + 3713.34464489029 * level7;1.43658346531835;1.43658346531835;1.43658346531835;1.43658346531835;0.546673;11;3713.34464489029 * level7;1;0.758515724101817;
10;42362.8573658455 * level + 622589.974490232 * compressionZpaq + 234461.650143298 * compressionLrzip + 170902.333767753 * compressionBzip2 + 3617.14263415323 * level9 + 2523.00088069504 * compressionBzip2 * encryption + 38603.6622159844 * compressionGzip + 11520.39356629 * encryption + 6790.40516439063 * compression + 3583.6873339066 * level7 + 581.009255025874 * disableCompressibilityTesting;1.31707233611498;1.31707233611498;1.31707233611498;1.31707233611498;0.735002;12;581.009255025874 * disableCompressibilityTesting;1;0.119511129203369;
11;42447.7843205894 * level + 622970.774826109 * compressionZpaq + 234888.940815624 * compressionLrzip + 171183.281605251 * compressionBzip2 + 3532.21567941069 * level9 + 2769.39776914079 * compressionBzip2 * encryption + 39018.3201595843 * compressionGzip + 11254.5905328352 * encryption + 6411.59294214385 * compression + 3553.36198657869 * level7 + 613.352830040424 * disableCompressibilityTesting + 906.754728887965 * encryption * compressionLzo;1.2198900075256;1.2198900075256;1.2198900075256;1.2198900075256;0.96159;14;906.754728887965 * encryption * compressionLzo;2;0.0485911642946917;
Elapsed=00:00:00.9620384
Learning progress:
1;92403.1944444444 * level + 586391.091269841 * compressionZpaq;65.4927145631314;65.4927145631314;65.4927145631314;65.4927145631314;0.005879;2;586391.091269841 * compressionZpaq;1;78.9598077306196;
2;71063.2307692308 * level + 607731.054945054 * compressionZpaq + 219496.769230769 * compressionLrzip;40.9727533037595;40.9727533037595;40.9727533037595;40.9727533037595;0.01661;3;219496.769230769 * compressionLrzip;1;24.5199612593719;
3;55281.3559322033 * level + 623512.929782082 * compressionZpaq + 235278.644067797 * compressionLrzip + 170970.310734463 * compressionBzip2;15.6932847611927;15.6932847611927;15.6932847611927;15.6932847611927;0.035268;4;170970.310734463 * compressionBzip2;1;25.2794685425668;
4;51412.8301886793 * level + 627381.455525607 * compressionZpaq + 239147.169811321 * compressionLrzip + 174838.836477987 * compressionBzip2 + 38040.5031446542 * compressionGzip;7.5476338870955;7.5476338870955;7.5476338870955;7.5476338870955;0.066862;5;38040.5031446542 * compressionGzip;1;8.14565087409722;
5;45311.3179083977 * level + 626091.421500633 * compressionZpaq + 237857.135786346 * compressionLrzip + 174472.745741171 * compressionBzip2 + 41986.147752569 * compressionGzip + 12935.2060341968 * encryption;5.13844379321393;5.13844379321393;5.13844379321393;5.13844379321393;0.111283;6;12935.2060341968 * encryption;1;2.40919009388157;
6;43352.8801387129 * level + 621519.391142701 * compressionZpaq + 233285.105428416 * compressionLrzip + 169833.961866231 * compressionBzip2 + 37035.8474649224 * compressionGzip + 12000.6567960747 * encryption + 7064.49626368566 * compression;3.47334149352408;3.47334149352408;3.47334149352408;3.47334149352408;0.175949;7;7064.49626368566 * compression;1;1.66510229968985;
7;42668.4848807651 * level + 622990.519097135 * compressionZpaq + 234756.23338285 * compressionLrzip + 171291.506653183 * compressionBzip2 + 38430.0041369588 * compressionGzip + 11810.492451327 * encryption + 6386.42890705534 * compression + 3802.30497923454 * level7;3.08334991203353;3.08334991203353;3.08334991203353;3.08334991203353;0.264504;8;3802.30497923454 * level7;1;0.389991581490557;
8;43387.5024960767 * level + 622869.260854358 * compressionZpaq + 234634.975140072 * compressionLrzip + 172390.371718707 * compressionBzip2 + 39332.2684642207 * compressionGzip + 11220.690236541 * encryption + 6125.69937154252 * compression + 3550.68196870005 * level7 + -7573.51222758008 * level1;2.83469285276293;2.83469285276293;2.83469285276293;2.83469285276293;0.378662;9;-7573.51222758008 * level1;1;0.248657059270597;
9;43332.230742451 * level + 623376.228086344 * compressionZpaq + 235141.942372058 * compressionLrzip + 172892.002829661 * compressionBzip2 + 39831.3754652633 * compressionGzip + 11213.1179068083 * encryption + 5678.33093874318 * compression + 3833.96498428685 * level7 + -7544.74078555335 * level1 + 1429.56757472082 * compression * level2;2.50326354067313;2.50326354067313;2.50326354067313;2.50326354067313;0.517035;11;1429.56757472082 * compression * level2;2;0.165714656044898;
10;43509.8434412337 * level + 623306.428914187 * compressionZpaq + 235072.143199901 * compressionLrzip + 172839.543457553 * compressionBzip2 + 39788.5872207642 * compressionGzip + 11242.1312896358 * encryption + 5553.93833621588 * compression + 3701.96951086669 * level7 + -7636.34527892226 * level1 + 2278.1818681543 * compression * level2 + -919.242419385195 * level2;2.30570267510734;2.30570267510734;2.30570267510734;2.30570267510734;0.698538;12;-919.242419385195 * level2;1;0.197560865565795;
11;43638.5455480663 * level + 623828.603202757 * compressionZpaq + 235594.317488471 * compressionLrzip + 173375.708726499 * compressionBzip2 + 40343.3199361481 * compressionGzip + 11297.8336289464 * encryption + 4871.23203263555 * compression + 3098.40666396425 * level7 + -7696.41873004525 * level1 + 2955.31793780334 * compression * level2 + -1075.79569587309 * level2 + 1568.76796736432 * level7 * compression;2.09722306582043;2.09722306582043;2.09722306582043;2.09722306582043;0.914845;14;1568.76796736432 * level7 * compression;2;0.104239804643456;
12;43579.4948202821 * level + 623844.572241429 * compressionZpaq + 235610.286527143 * compressionLrzip + 173393.205238434 * compressionBzip2 + 40416.7080834346 * compressionGzip + 11465.5085350002 * encryption + 4818.49948971783 * compression + 3061.64315971731 * level7 + -7633.72289560856 * level1 + 3100.01902880016 * compression * level2 + -556.90222768955 * level2 + 1621.50051028168 * level7 * compression + -1087.36038685196 * level2 * encryption;1.98749545486269;1.98749545486269;1.98749545486269;1.98749545486269;1.192076;16;-1087.36038685196 * level2 * encryption;2;0.0548638054788669;
Elapsed=00:00:01.1925286
Learning progress:
1;101197.222222222 * level + 576954.027777778 * compressionZpaq;104.008312770979;104.008312770979;104.008312770979;104.008312770979;0.003963;2;576954.027777778 * compressionZpaq;1;117.060201428068;
2;49393.3333333333 * level + 539951.25 * compressionZpaq + 88806.6666666665 * compression;59.7461585042083;59.7461585042083;59.7461585042083;59.7461585042083;0.015065;3;88806.6666666665 * compression;1;44.2621542667703;
3;49393.3333333332 * level + 473166.902173912 * compressionZpaq + 155591.014492754 * compression + -147628.558352403 * compressionLzo;26.4557219861988;26.4557219861988;26.4557219861988;26.4557219861988;0.03803;4;-147628.558352403 * compressionLzo;1;33.2904365180094;
4;49393.3333333333 * level + 424245.625 * compressionZpaq + 204512.291666667 * compression + -196549.835526316 * compressionLzo + -160741.339285714 * compressionGzip;13.6495153082255;13.6495153082255;13.6495153082255;13.6495153082255;0.072239;5;-160741.339285714 * compressionGzip;1;12.8062066779734;
5;43634.224922207 * level + 423525.73644861 * compressionZpaq + 205232.180218057 * compression + -198179.056984726 * compressionLzo + -160638.498064087 * compressionGzip + 11518.2168222524 * encryption;4.57988042692528;4.57988042692528;4.57988042692528;4.57988042692528;0.119531;6;11518.2168222524 * encryption;1;9.0696348813002;
6;43535.2188250033 * level + 450934.792832408 * compressionZpaq + 177823.123834259 * compression + -170785.633142592 * compressionLzo + -133215.297952117 * compressionGzip + 11716.2290166602 * encryption + 62677.5591907401 * compressionLrzip;3.97869476919314;3.97869476919314;3.97869476919314;3.97869476919314;0.185008;7;62677.5591907401 * compressionLrzip;1;0.601185657732137;
7;42692.337268521 * level + 450935.060561176 * compressionZpaq + 178668.147220886 * compression + -171928.98797047 * compressionLzo + -133215.37444605 * compressionGzip + 11711.4098988333 * encryption + 62677.4826968072 * compressionLrzip + 3622.67620883813 * level7;3.49914071170813;3.49914071170813;3.49914071170813;3.49914071170813;0.271156;8;3622.67620883813 * level7;1;0.479554057485016;
8;42524.5948604211 * level + 450930.509358223 * compressionZpaq + 178799.480005366 * compression + -171965.181513238 * compressionLzo + -133214.07410235 * compressionGzip + 11793.3315519788 * encryption + 62678.7830405075 * compressionLrzip + 3702.39653830021 * level7 + 3245.40513957944 * level9;3.17718462188036;3.17718462188036;3.17718462188036;3.17718462188036;0.380291;9;3245.40513957944 * level9;1;0.321956089827769;
9;42448.8634686609 * level + 450933.626929281 * compressionZpaq + 178900.151965584 * compression + -172776.619063499 * compressionLzo + -133214.964836937 * compressionGzip + 11737.2152729491 * encryption + 62677.8923059198 * compressionLrzip + 4136.39004494241 * level7 + 3321.13653133852 * level9 + 2159.46011395428 * compressionLzo * level2;2.81425571627812;2.81425571627812;2.81425571627812;2.81425571627812;0.51473;11;2159.46011395428 * compressionLzo * level2;2;0.181464452801121;
10;42541.5236884913 * level + 450943.660757229 * compressionZpaq + 178887.762369335 * compression + -172761.088442849 * compressionLzo + -135325.937650299 * compressionGzip + 11556.60636989 * encryption + 62675.0254979348 * compressionLrzip + 4139.53106934366 * level7 + 3228.47631150868 * level9 + 2184.06480509569 * compressionLzo * level2 + 4918.91401254595 * compressionGzip * disableCompressibilityTesting;2.56794635608091;2.56794635608091;2.56794635608091;2.56794635608091;0.69153;13;4918.91401254595 * compressionGzip * disableCompressibilityTesting;2;0.123154680098601;
11;42816.8927337792 * level + 450942.487473592 * compressionZpaq + 178603.007054959 * compression + -172672.52425094 * compressionLzo + -135321.831157573 * compressionGzip + 11577.725475339 * encryption + 62675.3607218308 * compressionLrzip + 3943.33994687598 * level7 + 2953.1072662209 * level9 + 3080.68619832989 * compressionLzo * level2 + 4910.11438527557 * compressionGzip * disableCompressibilityTesting + -989.878719687188 * level2;2.44660303764018;2.44660303764018;2.44660303764018;2.44660303764018;0.914489;14;-989.878719687188 * level2;1;0.121343318440728;
12;42932.4043465591 * level + 450941.536231733 * compressionZpaq + 178479.885507307 * compression + -172939.345756038 * compressionLzo + -135318.501811066 * compressionGzip + 11594.847828802 * encryption + 62675.6325052191 * compressionLrzip + 3553.39689412551 * level7 + 2837.59565344115 * level9 + 3468.99855075082 * compressionLzo * level2 + 4902.98007133226 * compressionGzip * disableCompressibilityTesting + -1115.17453444601 * level2 + 964.568426979472 * level7 * compression;2.36898088578546;2.36898088578546;2.36898088578546;2.36898088578546;1.187424;16;964.568426979472 * level7 * compression;2;0.0388110759273612;
Elapsed=00:00:01.1878207
Learning progress:
1;94580.4109589041 * level + 583817.922374428 * compressionZpaq;67.6182432031817;67.6182432031817;67.6182432031817;67.6182432031817;0.005854;2;583817.922374428 * compressionZpaq;1;80.1818947613504;
2;77282.9850746268 * level + 601115.348258707 * compressionZpaq + 210452.014925373 * compressionLrzip;37.1656661832897;37.1656661832897;37.1656661832897;37.1656661832897;0.016241;3;210452.014925373 * compressionLrzip;1;30.452577019892;
3;56732.5423728814 * level + 621665.790960452 * compressionZpaq + 231002.45762712 * compressionLrzip + 172109.957627119 * compressionBzip2;10.8813129677977;10.8813129677977;10.8813129677977;10.8813129677977;0.036982;4;172109.957627119 * compressionBzip2;1;26.284353215492;
4;56922.4137931036 * level + 621475.919540229 * compressionZpaq + 230812.586206895 * compressionLrzip + 171920.086206896 * compressionBzip2 + -11202.4137931038 * level6;9.58399457474197;9.58399457474197;9.58399457474197;9.58399457474197;0.069034;5;-11202.4137931038 * level6;1;1.29731839305569;
5;57097.3684210525 * level + 621300.964912281 * compressionZpaq + 230637.631578948 * compressionLrzip + 171745.131578948 * compressionBzip2 + -11377.3684210524 * level6 + -10147.3684210525 * level8;8.48947161161516;8.48947161161516;8.48947161161516;8.48947161161516;0.114139;6;-10147.3684210525 * level8;1;1.09452296312681;
6;58501.3333333334 * level + 619897 * compressionZpaq + 229233.666666667 * compressionLrzip + 170341.166666667 * compressionBzip2 + -12781.3333333332 * level6 + -11551.3333333333 * level8 + -6668.83333333317 * level2;8.18918573343071;8.18918573343071;8.18918573343071;8.18918573343071;0.17378;7;-6668.83333333317 * level2;1;0.30028587818445;
7;58501.3333333334 * level + 619897 * compressionZpaq + 229233.666666666 * compressionLrzip + 170341.166666666 * compressionBzip2 + -12781.3333333334 * level6 + -11551.3333333335 * level8 + -10969.9047619046 * level2 + 10322.5714285718 * level2 * encryption;7.75205704495241;7.75205704495241;7.75205704495241;7.75205704495241;0.256237;9;10322.5714285718 * level2 * encryption;2;0.218564344239151;
8;58501.3333333335 * level + 619897 * compressionZpaq + 229233.666666667 * compressionLrzip + 170341.166666667 * compressionBzip2 + -12781.3333333333 * level6 + -11551.3333333332 * level8 + -16282.1176470589 * level2 + 10056.9607843137 * level2 * encryption + 9296.37254901946 * level2 * compressionLzo;6.36404992822662;6.36404992822662;6.36404992822662;6.36404992822662;0.367655;11;9296.37254901946 * level2 * compressionLzo;2;0.694003558362891;
9;58501.3333333334 * level + 619897 * compressionZpaq + 225456.166666667 * compressionLrzip + 170341.166666667 * compressionBzip2 + -12781.3333333333 * level6 + -11551.3333333334 * level8 + -16282.1176470589 * level2 + 10056.9607843136 * level2 * encryption + 9296.37254901945 * level2 * compressionLzo + 11332.5000000007 * compressionLrzip * encryption;6.10853699871902;6.10853699871902;6.10853699871902;6.10853699871902;0.510628;13;11332.5000000007 * compressionLrzip * encryption;2;0.127756464753802;
Elapsed=00:00:00.5109160
Learning progress:
1;88569.0410958904 * level + 589794.292237442 * compressionZpaq;58.5001031522851;58.5001031522851;58.5001031522851;58.5001031522851;0.00405;2;589794.292237442 * compressionZpaq;1;66.090507564331;
2;73704.4117647058 * level + 604658.921568628 * compressionZpaq + 217023.588235294 * compressionLrzip;34.4217993284732;34.4217993284732;34.4217993284732;34.4217993284732;0.015637;3;217023.588235294 * compressionLrzip;1;24.078303823812;
3;56049.1803278688 * level + 622314.153005466 * compressionZpaq + 234678.819672132 * compressionLrzip + 171507.962529274 * compressionBzip2;14.4397207858693;14.4397207858693;14.4397207858693;14.4397207858693;0.036112;4;171507.962529274 * compressionBzip2;1;19.9820785426039;
4;48662.2857142858 * level + 612370.256410256 * compressionZpaq + 224734.923076923 * compressionLrzip + 161564.065934066 * compressionBzip2 + 17330.7912087912 * compression;9.49999971394002;9.49999971394002;9.49999971394002;9.49999971394002;0.070804;5;17330.7912087912 * compression;1;4.93972107192927;
5;48662.2857142857 * level + 583756.190476191 * compressionZpaq + 196120.857142858 * compressionLrzip + 132950.000000001 * compressionBzip2 + 45944.8571428569 * compression + -39156.0902255638 * compressionLzo;7.25429390380915;7.25429390380915;7.25429390380915;7.25429390380915;0.123326;6;-39156.0902255638 * compressionLzo;1;2.24570581013087;
6;43407.9779971884 * level + 584631.90842904 * compressionZpaq + 195770.569961717 * compressionLrzip + 132950 * compressionBzip2 + 44193.4212371582 * compression + -37312.4734827227 * compressionLzo + 12260.0513398937 * encryption;2.68586936946136;2.68586936946136;2.68586936946136;2.68586936946136;0.191986;7;12260.0513398937 * encryption;1;4.56842453434779;
7;42940.9679613837 * level + 584606.513483577 * compressionZpaq + 195780.727939902 * compressionLrzip + 132950 * compressionBzip2 + 44863.5908366661 * compression + -38506.8991468748 * compressionLzo + 11904.5221034127 * encryption + 3613.04830006309 * level7;1.67216649671267;1.67216649671267;1.67216649671267;1.67216649671267;0.283676;8;3613.04830006309 * level7;1;1.01370287274869;
8;42686.1669532025 * level + 584615.960951794 * compressionZpaq + 195776.948952616 * compressionLrzip + 132950 * compressionBzip2 + 45042.8120991186 * compression + -38516.2939962818 * compressionLzo + 12036.7866584388 * encryption + 3705.78177795645 * level7 + 3188.83304679771 * level9;1.55947360148201;1.55947360148201;1.55947360148201;1.55947360148201;0.402076;9;3188.83304679771 * level9;1;0.112692895230668;
Elapsed=00:00:00.4024180
Learning progress:
1;91756.4864864865 * level + 584943.513513512 * compressionZpaq;55.1364778925186;55.1364778925186;55.1364778925186;55.1364778925186;0.006098;2;584943.513513512 * compressionZpaq;1;61.8130384254571;
2;70989.1044776119 * level + 605710.895522387 * compressionZpaq + 219540.895522389 * compressionLrzip;31.1162256927742;31.1162256927742;31.1162256927742;31.1162256927742;0.017504;3;219540.895522389 * compressionLrzip;1;24.0202521997445;
3;56068.0327868852 * level + 620631.967213116 * compressionZpaq + 234461.967213115 * compressionLrzip + 166618.633879781 * compressionBzip2;9.88158132823754;9.88158132823754;9.88158132823754;9.88158132823754;0.038361;4;166618.633879781 * compressionBzip2;1;21.2346443645366;
4;56236.1666666669 * level + 620463.833333332 * compressionZpaq + 234293.833333333 * compressionLrzip + 166450.499999999 * compressionBzip2 + -10256.1666666665 * level9;8.77287486899377;8.77287486899377;8.77287486899377;8.77287486899377;0.071296;5;-10256.1666666665 * level9;1;1.10870645924377;
5;56236.1666666667 * level + 620463.833333333 * compressionZpaq + 234293.833333334 * compressionLrzip + 164051.833333334 * compressionBzip2 + -10256.1666666668 * level9 + 14392.0000000005 * compressionBzip2 * encryption;8.0624643343058;8.0624643343058;8.0624643343058;8.0624643343058;0.117488;7;14392.0000000005 * compressionBzip2 * encryption;2;0.355205267343982;
6;50467.1153846155 * level + 626232.884615384 * compressionZpaq + 240062.884615385 * compressionLrzip + 169820.884615384 * compressionBzip2 + -4487.11538461569 * level9 + 14392.0000000001 * compressionBzip2 * encryption + 43267.8846153848 * compressionGzip;7.79403594945864;7.79403594945864;7.79403594945864;7.79403594945864;0.186611;8;43267.8846153848 * compressionGzip;1;0.268428384847164;
7;45781.9640122512 * level + 626045.478560491 * compressionZpaq + 237787.239663094 * compressionLrzip + 174506.035987749 * compressionBzip2 + 198.035987748968 * level9 + 2210.60643185316 * compressionBzip2 * encryption + 41862.3392036753 * compressionGzip + 12181.393568147 * encryption;3.9408522874246;3.9408522874246;3.9408522874246;3.9408522874246;0.274599;9;12181.393568147 * encryption;1;3.85318366203404;
8;43214.0470652799 * level + 621607.638608687 * compressionZpaq + 233443.44909319 * compressionLrzip + 169848.74747818 * compressionBzip2 + 2765.9529347211 * level9 + 2759.22782626799 * compressionBzip2 * encryption + 37479.3613913137 * compressionGzip + 11632.7721737316 * encryption + 7225.2054565409 * compression;2.19509918942016;2.19509918942016;2.19509918942016;2.19509918942016;0.395903;10;7225.2054565409 * compression;1;1.74575309800444;
9;42535.5411917347 * level + 622719.060729809 * compressionZpaq + 234563.721290923 * compressionLrzip + 170939.519420541 * compressionBzip2 + 3444.45880826513 * level9 + 2810.85327316895 * compressionBzip2 * encryption + 38595.9460571256 * compressionGzip + 11581.1467268312 * encryption + 6812.93938772435 * compression + 3713.34464489029 * level7;1.43658346531835;1.43658346531835;1.43658346531835;1.43658346531835;0.550698;11;3713.34464489029 * level7;1;0.758515724101817;
10;42362.8573658455 * level + 622589.974490232 * compressionZpaq + 234461.650143298 * compressionLrzip + 170902.333767753 * compressionBzip2 + 3617.14263415323 * level9 + 2523.00088069504 * compressionBzip2 * encryption + 38603.6622159844 * compressionGzip + 11520.39356629 * encryption + 6790.40516439063 * compression + 3583.6873339066 * level7 + 581.009255025874 * disableCompressibilityTesting;1.31707233611498;1.31707233611498;1.31707233611498;1.31707233611498;0.73893;12;581.009255025874 * disableCompressibilityTesting;1;0.119511129203369;
Elapsed=00:00:00.7393751
Learning progress:
1;92403.1944444444 * level + 586391.091269841 * compressionZpaq;65.4927145631314;65.4927145631314;65.4927145631314;65.4927145631314;0.004184;2;586391.091269841 * compressionZpaq;1;78.9598077306196;
2;71063.2307692308 * level + 607731.054945054 * compressionZpaq + 219496.769230769 * compressionLrzip;40.9727533037595;40.9727533037595;40.9727533037595;40.9727533037595;0.016288;3;219496.769230769 * compressionLrzip;1;24.5199612593719;
3;55281.3559322033 * level + 623512.929782082 * compressionZpaq + 235278.644067797 * compressionLrzip + 170970.310734463 * compressionBzip2;15.6932847611927;15.6932847611927;15.6932847611927;15.6932847611927;0.034691;4;170970.310734463 * compressionBzip2;1;25.2794685425668;
4;51412.8301886793 * level + 627381.455525607 * compressionZpaq + 239147.169811321 * compressionLrzip + 174838.836477987 * compressionBzip2 + 38040.5031446542 * compressionGzip;7.5476338870955;7.5476338870955;7.5476338870955;7.5476338870955;0.066145;5;38040.5031446542 * compressionGzip;1;8.14565087409722;
5;45311.3179083977 * level + 626091.421500633 * compressionZpaq + 237857.135786346 * compressionLrzip + 174472.745741171 * compressionBzip2 + 41986.147752569 * compressionGzip + 12935.2060341968 * encryption;5.13844379321393;5.13844379321393;5.13844379321393;5.13844379321393;0.11097;6;12935.2060341968 * encryption;1;2.40919009388157;
6;43352.8801387129 * level + 621519.391142701 * compressionZpaq + 233285.105428416 * compressionLrzip + 169833.961866231 * compressionBzip2 + 37035.8474649224 * compressionGzip + 12000.6567960747 * encryption + 7064.49626368566 * compression;3.47334149352408;3.47334149352408;3.47334149352408;3.47334149352408;0.177295;7;7064.49626368566 * compression;1;1.66510229968985;
7;42668.4848807651 * level + 622990.519097135 * compressionZpaq + 234756.23338285 * compressionLrzip + 171291.506653183 * compressionBzip2 + 38430.0041369588 * compressionGzip + 11810.492451327 * encryption + 6386.42890705534 * compression + 3802.30497923454 * level7;3.08334991203353;3.08334991203353;3.08334991203353;3.08334991203353;0.268322;8;3802.30497923454 * level7;1;0.389991581490557;
8;43387.5024960767 * level + 622869.260854358 * compressionZpaq + 234634.975140072 * compressionLrzip + 172390.371718707 * compressionBzip2 + 39332.2684642207 * compressionGzip + 11220.690236541 * encryption + 6125.69937154252 * compression + 3550.68196870005 * level7 + -7573.51222758008 * level1;2.83469285276293;2.83469285276293;2.83469285276293;2.83469285276293;0.381014;9;-7573.51222758008 * level1;1;0.248657059270597;
9;43332.230742451 * level + 623376.228086344 * compressionZpaq + 235141.942372058 * compressionLrzip + 172892.002829661 * compressionBzip2 + 39831.3754652633 * compressionGzip + 11213.1179068083 * encryption + 5678.33093874318 * compression + 3833.96498428685 * level7 + -7544.74078555335 * level1 + 1429.56757472082 * compression * level2;2.50326354067313;2.50326354067313;2.50326354067313;2.50326354067313;0.519508;11;1429.56757472082 * compression * level2;2;0.165714656044898;
Elapsed=00:00:00.5198684
Learning progress:
1;101197.222222222 * level + 576954.027777778 * compressionZpaq;104.008312770979;104.008312770979;104.008312770979;104.008312770979;0.005077;2;576954.027777778 * compressionZpaq;1;117.060201428068;
2;49393.3333333333 * level + 539951.25 * compressionZpaq + 88806.6666666665 * compression;59.7461585042083;59.7461585042083;59.7461585042083;59.7461585042083;0.016045;3;88806.6666666665 * compression;1;44.2621542667703;
3;49393.3333333332 * level + 473166.902173912 * compressionZpaq + 155591.014492754 * compression + -147628.558352403 * compressionLzo;26.4557219861988;26.4557219861988;26.4557219861988;26.4557219861988;0.03796;4;-147628.558352403 * compressionLzo;1;33.2904365180094;
4;49393.3333333333 * level + 424245.625 * compressionZpaq + 204512.291666667 * compression + -196549.835526316 * compressionLzo + -160741.339285714 * compressionGzip;13.6495153082255;13.6495153082255;13.6495153082255;13.6495153082255;0.072777;5;-160741.339285714 * compressionGzip;1;12.8062066779734;
5;43634.224922207 * level + 423525.73644861 * compressionZpaq + 205232.180218057 * compression + -198179.056984726 * compressionLzo + -160638.498064087 * compressionGzip + 11518.2168222524 * encryption;4.57988042692528;4.57988042692528;4.57988042692528;4.57988042692528;0.121082;6;11518.2168222524 * encryption;1;9.0696348813002;
6;43535.2188250033 * level + 450934.792832408 * compressionZpaq + 177823.123834259 * compression + -170785.633142592 * compressionLzo + -133215.297952117 * compressionGzip + 11716.2290166602 * encryption + 62677.5591907401 * compressionLrzip;3.97869476919314;3.97869476919314;3.97869476919314;3.97869476919314;0.187007;7;62677.5591907401 * compressionLrzip;1;0.601185657732137;
7;42692.337268521 * level + 450935.060561176 * compressionZpaq + 178668.147220886 * compression + -171928.98797047 * compressionLzo + -133215.37444605 * compressionGzip + 11711.4098988333 * encryption + 62677.4826968072 * compressionLrzip + 3622.67620883813 * level7;3.49914071170813;3.49914071170813;3.49914071170813;3.49914071170813;0.271716;8;3622.67620883813 * level7;1;0.479554057485016;
8;42524.5948604211 * level + 450930.509358223 * compressionZpaq + 178799.480005366 * compression + -171965.181513238 * compressionLzo + -133214.07410235 * compressionGzip + 11793.3315519788 * encryption + 62678.7830405075 * compressionLrzip + 3702.39653830021 * level7 + 3245.40513957944 * level9;3.17718462188036;3.17718462188036;3.17718462188036;3.17718462188036;0.380143;9;3245.40513957944 * level9;1;0.321956089827769;
9;42448.8634686609 * level + 450933.626929281 * compressionZpaq + 178900.151965584 * compression + -172776.619063499 * compressionLzo + -133214.964836937 * compressionGzip + 11737.2152729491 * encryption + 62677.8923059198 * compressionLrzip + 4136.39004494241 * level7 + 3321.13653133852 * level9 + 2159.46011395428 * compressionLzo * level2;2.81425571627812;2.81425571627812;2.81425571627812;2.81425571627812;0.515205;11;2159.46011395428 * compressionLzo * level2;2;0.181464452801121;
Elapsed=00:00:00.5155133
Learning progress:
1;94580.4109589041 * level + 583817.922374428 * compressionZpaq;67.6182432031817;67.6182432031817;67.6182432031817;67.6182432031817;0.005141;2;583817.922374428 * compressionZpaq;1;80.1818947613504;
2;77282.9850746268 * level + 601115.348258707 * compressionZpaq + 210452.014925373 * compressionLrzip;37.1656661832897;37.1656661832897;37.1656661832897;37.1656661832897;0.015199;3;210452.014925373 * compressionLrzip;1;30.452577019892;
3;56732.5423728814 * level + 621665.790960452 * compressionZpaq + 231002.45762712 * compressionLrzip + 172109.957627119 * compressionBzip2;10.8813129677977;10.8813129677977;10.8813129677977;10.8813129677977;0.033938;4;172109.957627119 * compressionBzip2;1;26.284353215492;
4;56922.4137931036 * level + 621475.919540229 * compressionZpaq + 230812.586206895 * compressionLrzip + 171920.086206896 * compressionBzip2 + -11202.4137931038 * level6;9.58399457474197;9.58399457474197;9.58399457474197;9.58399457474197;0.066087;5;-11202.4137931038 * level6;1;1.29731839305569;
5;57097.3684210525 * level + 621300.964912281 * compressionZpaq + 230637.631578948 * compressionLrzip + 171745.131578948 * compressionBzip2 + -11377.3684210524 * level6 + -10147.3684210525 * level8;8.48947161161516;8.48947161161516;8.48947161161516;8.48947161161516;0.111449;6;-10147.3684210525 * level8;1;1.09452296312681;
6;58501.3333333334 * level + 619897 * compressionZpaq + 229233.666666667 * compressionLrzip + 170341.166666667 * compressionBzip2 + -12781.3333333332 * level6 + -11551.3333333333 * level8 + -6668.83333333317 * level2;8.18918573343071;8.18918573343071;8.18918573343071;8.18918573343071;0.172436;7;-6668.83333333317 * level2;1;0.30028587818445;
Elapsed=00:00:00.1726651
Learning progress:
1;88569.0410958904 * level + 589794.292237442 * compressionZpaq;58.5001031522851;58.5001031522851;58.5001031522851;58.5001031522851;0.005983;2;589794.292237442 * compressionZpaq;1;66.090507564331;
2;73704.4117647058 * level + 604658.921568628 * compressionZpaq + 217023.588235294 * compressionLrzip;34.4217993284732;34.4217993284732;34.4217993284732;34.4217993284732;0.016602;3;217023.588235294 * compressionLrzip;1;24.078303823812;
3;56049.1803278688 * level + 622314.153005466 * compressionZpaq + 234678.819672132 * compressionLrzip + 171507.962529274 * compressionBzip2;14.4397207858693;14.4397207858693;14.4397207858693;14.4397207858693;0.037827;4;171507.962529274 * compressionBzip2;1;19.9820785426039;
4;48662.2857142858 * level + 612370.256410256 * compressionZpaq + 224734.923076923 * compressionLrzip + 161564.065934066 * compressionBzip2 + 17330.7912087912 * compression;9.49999971394002;9.49999971394002;9.49999971394002;9.49999971394002;0.070763;5;17330.7912087912 * compression;1;4.93972107192927;
5;48662.2857142857 * level + 583756.190476191 * compressionZpaq + 196120.857142858 * compressionLrzip + 132950.000000001 * compressionBzip2 + 45944.8571428569 * compression + -39156.0902255638 * compressionLzo;7.25429390380915;7.25429390380915;7.25429390380915;7.25429390380915;0.123356;6;-39156.0902255638 * compressionLzo;1;2.24570581013087;
6;43407.9779971884 * level + 584631.90842904 * compressionZpaq + 195770.569961717 * compressionLrzip + 132950 * compressionBzip2 + 44193.4212371582 * compression + -37312.4734827227 * compressionLzo + 12260.0513398937 * encryption;2.68586936946136;2.68586936946136;2.68586936946136;2.68586936946136;0.199766;7;12260.0513398937 * encryption;1;4.56842453434779;
7;42940.9679613837 * level + 584606.513483577 * compressionZpaq + 195780.727939902 * compressionLrzip + 132950 * compressionBzip2 + 44863.5908366661 * compression + -38506.8991468748 * compressionLzo + 11904.5221034127 * encryption + 3613.04830006309 * level7;1.67216649671267;1.67216649671267;1.67216649671267;1.67216649671267;0.291737;8;3613.04830006309 * level7;1;1.01370287274869;
8;42686.1669532025 * level + 584615.960951794 * compressionZpaq + 195776.948952616 * compressionLrzip + 132950 * compressionBzip2 + 45042.8120991186 * compression + -38516.2939962818 * compressionLzo + 12036.7866584388 * encryption + 3705.78177795645 * level7 + 3188.83304679771 * level9;1.55947360148201;1.55947360148201;1.55947360148201;1.55947360148201;0.40624;9;3188.83304679771 * level9;1;0.112692895230668;
Elapsed=00:00:00.4065834
Learning progress:
1;91756.4864864865 * level + 584943.513513512 * compressionZpaq;55.1364778925186;55.1364778925186;55.1364778925186;55.1364778925186;0.005283;2;584943.513513512 * compressionZpaq;1;61.8130384254571;
2;70989.1044776119 * level + 605710.895522387 * compressionZpaq + 219540.895522389 * compressionLrzip;31.1162256927742;31.1162256927742;31.1162256927742;31.1162256927742;0.015943;3;219540.895522389 * compressionLrzip;1;24.0202521997445;
3;56068.0327868852 * level + 620631.967213116 * compressionZpaq + 234461.967213115 * compressionLrzip + 166618.633879781 * compressionBzip2;9.88158132823754;9.88158132823754;9.88158132823754;9.88158132823754;0.036251;4;166618.633879781 * compressionBzip2;1;21.2346443645366;
4;56236.1666666669 * level + 620463.833333332 * compressionZpaq + 234293.833333333 * compressionLrzip + 166450.499999999 * compressionBzip2 + -10256.1666666665 * level9;8.77287486899377;8.77287486899377;8.77287486899377;8.77287486899377;0.06824;5;-10256.1666666665 * level9;1;1.10870645924377;
5;56236.1666666667 * level + 620463.833333333 * compressionZpaq + 234293.833333334 * compressionLrzip + 164051.833333334 * compressionBzip2 + -10256.1666666668 * level9 + 14392.0000000005 * compressionBzip2 * encryption;8.0624643343058;8.0624643343058;8.0624643343058;8.0624643343058;0.113787;7;14392.0000000005 * compressionBzip2 * encryption;2;0.355205267343982;
Elapsed=00:00:00.1140211
Learning progress:
1;92403.1944444444 * level + 586391.091269841 * compressionZpaq;65.4927145631314;65.4927145631314;65.4927145631314;65.4927145631314;0.00416;2;586391.091269841 * compressionZpaq;1;78.9598077306196;
2;71063.2307692308 * level + 607731.054945054 * compressionZpaq + 219496.769230769 * compressionLrzip;40.9727533037595;40.9727533037595;40.9727533037595;40.9727533037595;0.015406;3;219496.769230769 * compressionLrzip;1;24.5199612593719;
3;55281.3559322033 * level + 623512.929782082 * compressionZpaq + 235278.644067797 * compressionLrzip + 170970.310734463 * compressionBzip2;15.6932847611927;15.6932847611927;15.6932847611927;15.6932847611927;0.034441;4;170970.310734463 * compressionBzip2;1;25.2794685425668;
4;51412.8301886793 * level + 627381.455525607 * compressionZpaq + 239147.169811321 * compressionLrzip + 174838.836477987 * compressionBzip2 + 38040.5031446542 * compressionGzip;7.5476338870955;7.5476338870955;7.5476338870955;7.5476338870955;0.065859;5;38040.5031446542 * compressionGzip;1;8.14565087409722;
5;45311.3179083977 * level + 626091.421500633 * compressionZpaq + 237857.135786346 * compressionLrzip + 174472.745741171 * compressionBzip2 + 41986.147752569 * compressionGzip + 12935.2060341968 * encryption;5.13844379321393;5.13844379321393;5.13844379321393;5.13844379321393;0.110085;6;12935.2060341968 * encryption;1;2.40919009388157;
6;43352.8801387129 * level + 621519.391142701 * compressionZpaq + 233285.105428416 * compressionLrzip + 169833.961866231 * compressionBzip2 + 37035.8474649224 * compressionGzip + 12000.6567960747 * encryption + 7064.49626368566 * compression;3.47334149352408;3.47334149352408;3.47334149352408;3.47334149352408;0.174869;7;7064.49626368566 * compression;1;1.66510229968985;
7;42668.4848807651 * level + 622990.519097135 * compressionZpaq + 234756.23338285 * compressionLrzip + 171291.506653183 * compressionBzip2 + 38430.0041369588 * compressionGzip + 11810.492451327 * encryption + 6386.42890705534 * compression + 3802.30497923454 * level7;3.08334991203353;3.08334991203353;3.08334991203353;3.08334991203353;0.263396;8;3802.30497923454 * level7;1;0.389991581490557;
Elapsed=00:00:00.2637053
Learning progress:
1;101197.222222222 * level + 576954.027777778 * compressionZpaq;104.008312770979;104.008312770979;104.008312770979;104.008312770979;0.004806;2;576954.027777778 * compressionZpaq;1;117.060201428068;
2;49393.3333333333 * level + 539951.25 * compressionZpaq + 88806.6666666665 * compression;59.7461585042083;59.7461585042083;59.7461585042083;59.7461585042083;0.014655;3;88806.6666666665 * compression;1;44.2621542667703;
3;49393.3333333332 * level + 473166.902173912 * compressionZpaq + 155591.014492754 * compression + -147628.558352403 * compressionLzo;26.4557219861988;26.4557219861988;26.4557219861988;26.4557219861988;0.036488;4;-147628.558352403 * compressionLzo;1;33.2904365180094;
4;49393.3333333333 * level + 424245.625 * compressionZpaq + 204512.291666667 * compression + -196549.835526316 * compressionLzo + -160741.339285714 * compressionGzip;13.6495153082255;13.6495153082255;13.6495153082255;13.6495153082255;0.069293;5;-160741.339285714 * compressionGzip;1;12.8062066779734;
5;43634.224922207 * level + 423525.73644861 * compressionZpaq + 205232.180218057 * compression + -198179.056984726 * compressionLzo + -160638.498064087 * compressionGzip + 11518.2168222524 * encryption;4.57988042692528;4.57988042692528;4.57988042692528;4.57988042692528;0.116513;6;11518.2168222524 * encryption;1;9.0696348813002;
6;43535.2188250033 * level + 450934.792832408 * compressionZpaq + 177823.123834259 * compression + -170785.633142592 * compressionLzo + -133215.297952117 * compressionGzip + 11716.2290166602 * encryption + 62677.5591907401 * compressionLrzip;3.97869476919314;3.97869476919314;3.97869476919314;3.97869476919314;0.18257;7;62677.5591907401 * compressionLrzip;1;0.601185657732137;
7;42692.337268521 * level + 450935.060561176 * compressionZpaq + 178668.147220886 * compression + -171928.98797047 * compressionLzo + -133215.37444605 * compressionGzip + 11711.4098988333 * encryption + 62677.4826968072 * compressionLrzip + 3622.67620883813 * level7;3.49914071170813;3.49914071170813;3.49914071170813;3.49914071170813;0.269232;8;3622.67620883813 * level7;1;0.479554057485016;
Elapsed=00:00:00.2695530
Learning progress:
1;94580.4109589041 * level + 583817.922374428 * compressionZpaq;67.6182432031817;67.6182432031817;67.6182432031817;67.6182432031817;0.005051;2;583817.922374428 * compressionZpaq;1;80.1818947613504;
2;77282.9850746268 * level + 601115.348258707 * compressionZpaq + 210452.014925373 * compressionLrzip;37.1656661832897;37.1656661832897;37.1656661832897;37.1656661832897;0.017403;3;210452.014925373 * compressionLrzip;1;30.452577019892;
3;56732.5423728814 * level + 621665.790960452 * compressionZpaq + 231002.45762712 * compressionLrzip + 172109.957627119 * compressionBzip2;10.8813129677977;10.8813129677977;10.8813129677977;10.8813129677977;0.037878;4;172109.957627119 * compressionBzip2;1;26.284353215492;
4;56922.4137931036 * level + 621475.919540229 * compressionZpaq + 230812.586206895 * compressionLrzip + 171920.086206896 * compressionBzip2 + -11202.4137931038 * level6;9.58399457474197;9.58399457474197;9.58399457474197;9.58399457474197;0.070628;5;-11202.4137931038 * level6;1;1.29731839305569;
5;57097.3684210525 * level + 621300.964912281 * compressionZpaq + 230637.631578948 * compressionLrzip + 171745.131578948 * compressionBzip2 + -11377.3684210524 * level6 + -10147.3684210525 * level8;8.48947161161516;8.48947161161516;8.48947161161516;8.48947161161516;0.114174;6;-10147.3684210525 * level8;1;1.09452296312681;
6;58501.3333333334 * level + 619897 * compressionZpaq + 229233.666666667 * compressionLrzip + 170341.166666667 * compressionBzip2 + -12781.3333333332 * level6 + -11551.3333333333 * level8 + -6668.83333333317 * level2;8.18918573343071;8.18918573343071;8.18918573343071;8.18918573343071;0.173762;7;-6668.83333333317 * level2;1;0.30028587818445;
7;58501.3333333334 * level + 619897 * compressionZpaq + 229233.666666666 * compressionLrzip + 170341.166666666 * compressionBzip2 + -12781.3333333334 * level6 + -11551.3333333335 * level8 + -10969.9047619046 * level2 + 10322.5714285718 * level2 * encryption;7.75205704495241;7.75205704495241;7.75205704495241;7.75205704495241;0.253189;9;10322.5714285718 * level2 * encryption;2;0.218564344239151;
8;58501.3333333335 * level + 619897 * compressionZpaq + 229233.666666667 * compressionLrzip + 170341.166666667 * compressionBzip2 + -12781.3333333333 * level6 + -11551.3333333332 * level8 + -16282.1176470589 * level2 + 10056.9607843137 * level2 * encryption + 9296.37254901946 * level2 * compressionLzo;6.36404992822662;6.36404992822662;6.36404992822662;6.36404992822662;0.364925;11;9296.37254901946 * level2 * compressionLzo;2;0.694003558362891;
9;58501.3333333334 * level + 619897 * compressionZpaq + 225456.166666667 * compressionLrzip + 170341.166666667 * compressionBzip2 + -12781.3333333333 * level6 + -11551.3333333334 * level8 + -16282.1176470589 * level2 + 10056.9607843136 * level2 * encryption + 9296.37254901945 * level2 * compressionLzo + 11332.5000000007 * compressionLrzip * encryption;6.10853699871902;6.10853699871902;6.10853699871902;6.10853699871902;0.508304;13;11332.5000000007 * compressionLrzip * encryption;2;0.127756464753802;
10;58501.3333333335 * level + 619896.999999999 * compressionZpaq + 225456.166666666 * compressionLrzip + 164771.166666667 * compressionBzip2 + -12781.3333333333 * level6 + -11551.3333333334 * level8 + -16282.1176470587 * level2 + 10056.9607843137 * level2 * encryption + 9296.37254901964 * level2 * compressionLzo + 11332.4999999995 * compressionLrzip * encryption + 11139.9999999995 * compressionBzip2 * encryption;5.97486769226351;5.97486769226351;5.97486769226351;5.97486769226351;0.69255;15;11139.9999999995 * compressionBzip2 * encryption;2;0.0668346532277564;
Elapsed=00:00:00.6929270
Learning progress:
1;88569.0410958904 * level + 589794.292237442 * compressionZpaq;58.5001031522851;58.5001031522851;58.5001031522851;58.5001031522851;0.004476;2;589794.292237442 * compressionZpaq;1;66.090507564331;
2;73704.4117647058 * level + 604658.921568628 * compressionZpaq + 217023.588235294 * compressionLrzip;34.4217993284732;34.4217993284732;34.4217993284732;34.4217993284732;0.01594;3;217023.588235294 * compressionLrzip;1;24.078303823812;
3;56049.1803278688 * level + 622314.153005466 * compressionZpaq + 234678.819672132 * compressionLrzip + 171507.962529274 * compressionBzip2;14.4397207858693;14.4397207858693;14.4397207858693;14.4397207858693;0.035953;4;171507.962529274 * compressionBzip2;1;19.9820785426039;
4;48662.2857142858 * level + 612370.256410256 * compressionZpaq + 224734.923076923 * compressionLrzip + 161564.065934066 * compressionBzip2 + 17330.7912087912 * compression;9.49999971394002;9.49999971394002;9.49999971394002;9.49999971394002;0.069344;5;17330.7912087912 * compression;1;4.93972107192927;
5;48662.2857142857 * level + 583756.190476191 * compressionZpaq + 196120.857142858 * compressionLrzip + 132950.000000001 * compressionBzip2 + 45944.8571428569 * compression + -39156.0902255638 * compressionLzo;7.25429390380915;7.25429390380915;7.25429390380915;7.25429390380915;0.120092;6;-39156.0902255638 * compressionLzo;1;2.24570581013087;
6;43407.9779971884 * level + 584631.90842904 * compressionZpaq + 195770.569961717 * compressionLrzip + 132950 * compressionBzip2 + 44193.4212371582 * compression + -37312.4734827227 * compressionLzo + 12260.0513398937 * encryption;2.68586936946136;2.68586936946136;2.68586936946136;2.68586936946136;0.188591;7;12260.0513398937 * encryption;1;4.56842453434779;
7;42940.9679613837 * level + 584606.513483577 * compressionZpaq + 195780.727939902 * compressionLrzip + 132950 * compressionBzip2 + 44863.5908366661 * compression + -38506.8991468748 * compressionLzo + 11904.5221034127 * encryption + 3613.04830006309 * level7;1.67216649671267;1.67216649671267;1.67216649671267;1.67216649671267;0.279504;8;3613.04830006309 * level7;1;1.01370287274869;
8;42686.1669532025 * level + 584615.960951794 * compressionZpaq + 195776.948952616 * compressionLrzip + 132950 * compressionBzip2 + 45042.8120991186 * compression + -38516.2939962818 * compressionLzo + 12036.7866584388 * encryption + 3705.78177795645 * level7 + 3188.83304679771 * level9;1.55947360148201;1.55947360148201;1.55947360148201;1.55947360148201;0.395867;9;3188.83304679771 * level9;1;0.112692895230668;
9;42540.0249133124 * level + 584536.214572971 * compressionZpaq + 195701.88571552 * compressionLrzip + 132950 * compressionBzip2 + 44757.3072833331 * compression + -38299.4307906541 * compressionLzo + 11989.9552411829 * encryption + 3913.56294965766 * level7 + 3334.97508668754 * level9 + 534.808943124917 * level3;1.42061675190631;1.42061675190631;1.42061675190631;1.42061675190631;0.539404;10;534.808943124917 * level3;1;0.138856849575702;
10;42145.1571435311 * level + 584483.733441149 * compressionZpaq + 195660.425533647 * compressionLrzip + 132950.000000001 * compressionBzip2 + 44947.4977616677 * compression + -38254.8934741902 * compressionLzo + 11879.7457416944 * encryption + 4255.35569674187 * level7 + 3729.84285646856 * level9 + 847.072116138012 * level3 + 1447.84528978661 * level5;1.20485316766874;1.20485316766874;1.20485316766874;1.20485316766874;0.717499;11;1447.84528978661 * level5;1;0.215763584237569;
11;41689.1019113377 * level + 584453.789574847 * compressionZpaq + 195619.492583489 * compressionLrzip + 132950 * compressionBzip2 + 45113.9989575034 * compression + -38180.9637734798 * compressionLzo + 11989.6365802349 * encryption + 4527.09249151354 * level7 + 4185.89808866255 * level9 + 1111.6245995286 * level3 + 1841.10575709954 * level5 + 3450.89808866243 * level8;0.980042662621418;0.980042662621418;0.980042662621418;0.980042662621418;0.928031;12;3450.89808866243 * level8;1;0.224810505047318;
Elapsed=00:00:00.9284407
Learning progress:
1;91756.4864864865 * level + 584943.513513512 * compressionZpaq;55.1364778925186;55.1364778925186;55.1364778925186;55.1364778925186;0.004957;2;584943.513513512 * compressionZpaq;1;61.8130384254571;
2;70989.1044776119 * level + 605710.895522387 * compressionZpaq + 219540.895522389 * compressionLrzip;31.1162256927742;31.1162256927742;31.1162256927742;31.1162256927742;0.016922;3;219540.895522389 * compressionLrzip;1;24.0202521997445;
3;56068.0327868852 * level + 620631.967213116 * compressionZpaq + 234461.967213115 * compressionLrzip + 166618.633879781 * compressionBzip2;9.88158132823754;9.88158132823754;9.88158132823754;9.88158132823754;0.037438;4;166618.633879781 * compressionBzip2;1;21.2346443645366;
4;56236.1666666669 * level + 620463.833333332 * compressionZpaq + 234293.833333333 * compressionLrzip + 166450.499999999 * compressionBzip2 + -10256.1666666665 * level9;8.77287486899377;8.77287486899377;8.77287486899377;8.77287486899377;0.071092;5;-10256.1666666665 * level9;1;1.10870645924377;
5;56236.1666666667 * level + 620463.833333333 * compressionZpaq + 234293.833333334 * compressionLrzip + 164051.833333334 * compressionBzip2 + -10256.1666666668 * level9 + 14392.0000000005 * compressionBzip2 * encryption;8.0624643343058;8.0624643343058;8.0624643343058;8.0624643343058;0.117183;7;14392.0000000005 * compressionBzip2 * encryption;2;0.355205267343982;
6;50467.1153846155 * level + 626232.884615384 * compressionZpaq + 240062.884615385 * compressionLrzip + 169820.884615384 * compressionBzip2 + -4487.11538461569 * level9 + 14392.0000000001 * compressionBzip2 * encryption + 43267.8846153848 * compressionGzip;7.79403594945864;7.79403594945864;7.79403594945864;7.79403594945864;0.18463;8;43267.8846153848 * compressionGzip;1;0.268428384847164;
7;45781.9640122512 * level + 626045.478560491 * compressionZpaq + 237787.239663094 * compressionLrzip + 174506.035987749 * compressionBzip2 + 198.035987748968 * level9 + 2210.60643185316 * compressionBzip2 * encryption + 41862.3392036753 * compressionGzip + 12181.393568147 * encryption;3.9408522874246;3.9408522874246;3.9408522874246;3.9408522874246;0.276611;9;12181.393568147 * encryption;1;3.85318366203404;
8;43214.0470652799 * level + 621607.638608687 * compressionZpaq + 233443.44909319 * compressionLrzip + 169848.74747818 * compressionBzip2 + 2765.9529347211 * level9 + 2759.22782626799 * compressionBzip2 * encryption + 37479.3613913137 * compressionGzip + 11632.7721737316 * encryption + 7225.2054565409 * compression;2.19509918942016;2.19509918942016;2.19509918942016;2.19509918942016;0.399015;10;7225.2054565409 * compression;1;1.74575309800444;
9;42535.5411917347 * level + 622719.060729809 * compressionZpaq + 234563.721290923 * compressionLrzip + 170939.519420541 * compressionBzip2 + 3444.45880826513 * level9 + 2810.85327316895 * compressionBzip2 * encryption + 38595.9460571256 * compressionGzip + 11581.1467268312 * encryption + 6812.93938772435 * compression + 3713.34464489029 * level7;1.43658346531835;1.43658346531835;1.43658346531835;1.43658346531835;0.559938;11;3713.34464489029 * level7;1;0.758515724101817;
10;42362.8573658455 * level + 622589.974490232 * compressionZpaq + 234461.650143298 * compressionLrzip + 170902.333767753 * compressionBzip2 + 3617.14263415323 * level9 + 2523.00088069504 * compressionBzip2 * encryption + 38603.6622159844 * compressionGzip + 11520.39356629 * encryption + 6790.40516439063 * compression + 3583.6873339066 * level7 + 581.009255025874 * disableCompressibilityTesting;1.31707233611498;1.31707233611498;1.31707233611498;1.31707233611498;0.746554;12;581.009255025874 * disableCompressibilityTesting;1;0.119511129203369;
11;42447.7843205894 * level + 622970.774826109 * compressionZpaq + 234888.940815624 * compressionLrzip + 171183.281605251 * compressionBzip2 + 3532.21567941069 * level9 + 2769.39776914079 * compressionBzip2 * encryption + 39018.3201595843 * compressionGzip + 11254.5905328352 * encryption + 6411.59294214385 * compression + 3553.36198657869 * level7 + 613.352830040424 * disableCompressibilityTesting + 906.754728887965 * encryption * compressionLzo;1.2198900075256;1.2198900075256;1.2198900075256;1.2198900075256;0.972353;14;906.754728887965 * encryption * compressionLzo;2;0.0485911642946917;
Elapsed=00:00:00.9728710
Learning progress:
1;92403.1944444444 * level + 586391.091269841 * compressionZpaq;65.4927145631314;65.4927145631314;65.4927145631314;65.4927145631314;0.005692;2;586391.091269841 * compressionZpaq;1;78.9598077306196;
2;71063.2307692308 * level + 607731.054945054 * compressionZpaq + 219496.769230769 * compressionLrzip;40.9727533037595;40.9727533037595;40.9727533037595;40.9727533037595;0.015864;3;219496.769230769 * compressionLrzip;1;24.5199612593719;
3;55281.3559322033 * level + 623512.929782082 * compressionZpaq + 235278.644067797 * compressionLrzip + 170970.310734463 * compressionBzip2;15.6932847611927;15.6932847611927;15.6932847611927;15.6932847611927;0.036022;4;170970.310734463 * compressionBzip2;1;25.2794685425668;
4;51412.8301886793 * level + 627381.455525607 * compressionZpaq + 239147.169811321 * compressionLrzip + 174838.836477987 * compressionBzip2 + 38040.5031446542 * compressionGzip;7.5476338870955;7.5476338870955;7.5476338870955;7.5476338870955;0.068967;5;38040.5031446542 * compressionGzip;1;8.14565087409722;
5;45311.3179083977 * level + 626091.421500633 * compressionZpaq + 237857.135786346 * compressionLrzip + 174472.745741171 * compressionBzip2 + 41986.147752569 * compressionGzip + 12935.2060341968 * encryption;5.13844379321393;5.13844379321393;5.13844379321393;5.13844379321393;0.114594;6;12935.2060341968 * encryption;1;2.40919009388157;
6;43352.8801387129 * level + 621519.391142701 * compressionZpaq + 233285.105428416 * compressionLrzip + 169833.961866231 * compressionBzip2 + 37035.8474649224 * compressionGzip + 12000.6567960747 * encryption + 7064.49626368566 * compression;3.47334149352408;3.47334149352408;3.47334149352408;3.47334149352408;0.179518;7;7064.49626368566 * compression;1;1.66510229968985;
7;42668.4848807651 * level + 622990.519097135 * compressionZpaq + 234756.23338285 * compressionLrzip + 171291.506653183 * compressionBzip2 + 38430.0041369588 * compressionGzip + 11810.492451327 * encryption + 6386.42890705534 * compression + 3802.30497923454 * level7;3.08334991203353;3.08334991203353;3.08334991203353;3.08334991203353;0.269789;8;3802.30497923454 * level7;1;0.389991581490557;
8;43387.5024960767 * level + 622869.260854358 * compressionZpaq + 234634.975140072 * compressionLrzip + 172390.371718707 * compressionBzip2 + 39332.2684642207 * compressionGzip + 11220.690236541 * encryption + 6125.69937154252 * compression + 3550.68196870005 * level7 + -7573.51222758008 * level1;2.83469285276293;2.83469285276293;2.83469285276293;2.83469285276293;0.384426;9;-7573.51222758008 * level1;1;0.248657059270597;
9;43332.230742451 * level + 623376.228086344 * compressionZpaq + 235141.942372058 * compressionLrzip + 172892.002829661 * compressionBzip2 + 39831.3754652633 * compressionGzip + 11213.1179068083 * encryption + 5678.33093874318 * compression + 3833.96498428685 * level7 + -7544.74078555335 * level1 + 1429.56757472082 * compression * level2;2.50326354067313;2.50326354067313;2.50326354067313;2.50326354067313;0.521549;11;1429.56757472082 * compression * level2;2;0.165714656044898;
10;43509.8434412337 * level + 623306.428914187 * compressionZpaq + 235072.143199901 * compressionLrzip + 172839.543457553 * compressionBzip2 + 39788.5872207642 * compressionGzip + 11242.1312896358 * encryption + 5553.93833621588 * compression + 3701.96951086669 * level7 + -7636.34527892226 * level1 + 2278.1818681543 * compression * level2 + -919.242419385195 * level2;2.30570267510734;2.30570267510734;2.30570267510734;2.30570267510734;0.703185;12;-919.242419385195 * level2;1;0.197560865565795;
11;43638.5455480663 * level + 623828.603202757 * compressionZpaq + 235594.317488471 * compressionLrzip + 173375.708726499 * compressionBzip2 + 40343.3199361481 * compressionGzip + 11297.8336289464 * encryption + 4871.23203263555 * compression + 3098.40666396425 * level7 + -7696.41873004525 * level1 + 2955.31793780334 * compression * level2 + -1075.79569587309 * level2 + 1568.76796736432 * level7 * compression;2.09722306582043;2.09722306582043;2.09722306582043;2.09722306582043;0.919871;14;1568.76796736432 * level7 * compression;2;0.104239804643456;
12;43579.4948202821 * level + 623844.572241429 * compressionZpaq + 235610.286527143 * compressionLrzip + 173393.205238434 * compressionBzip2 + 40416.7080834346 * compressionGzip + 11465.5085350002 * encryption + 4818.49948971783 * compression + 3061.64315971731 * level7 + -7633.72289560856 * level1 + 3100.01902880016 * compression * level2 + -556.90222768955 * level2 + 1621.50051028168 * level7 * compression + -1087.36038685196 * level2 * encryption;1.98749545486269;1.98749545486269;1.98749545486269;1.98749545486269;1.187468;16;-1087.36038685196 * level2 * encryption;2;0.0548638054788669;
Elapsed=00:00:01.1878808
Learning progress:
1;101197.222222222 * level + 576954.027777778 * compressionZpaq;104.008312770979;104.008312770979;104.008312770979;104.008312770979;0.006127;2;576954.027777778 * compressionZpaq;1;117.060201428068;
2;49393.3333333333 * level + 539951.25 * compressionZpaq + 88806.6666666665 * compression;59.7461585042083;59.7461585042083;59.7461585042083;59.7461585042083;0.016163;3;88806.6666666665 * compression;1;44.2621542667703;
3;49393.3333333332 * level + 473166.902173912 * compressionZpaq + 155591.014492754 * compression + -147628.558352403 * compressionLzo;26.4557219861988;26.4557219861988;26.4557219861988;26.4557219861988;0.038235;4;-147628.558352403 * compressionLzo;1;33.2904365180094;
4;49393.3333333333 * level + 424245.625 * compressionZpaq + 204512.291666667 * compression + -196549.835526316 * compressionLzo + -160741.339285714 * compressionGzip;13.6495153082255;13.6495153082255;13.6495153082255;13.6495153082255;0.071781;5;-160741.339285714 * compressionGzip;1;12.8062066779734;
5;43634.224922207 * level + 423525.73644861 * compressionZpaq + 205232.180218057 * compression + -198179.056984726 * compressionLzo + -160638.498064087 * compressionGzip + 11518.2168222524 * encryption;4.57988042692528;4.57988042692528;4.57988042692528;4.57988042692528;0.120073;6;11518.2168222524 * encryption;1;9.0696348813002;
6;43535.2188250033 * level + 450934.792832408 * compressionZpaq + 177823.123834259 * compression + -170785.633142592 * compressionLzo + -133215.297952117 * compressionGzip + 11716.2290166602 * encryption + 62677.5591907401 * compressionLrzip;3.97869476919314;3.97869476919314;3.97869476919314;3.97869476919314;0.188197;7;62677.5591907401 * compressionLrzip;1;0.601185657732137;
7;42692.337268521 * level + 450935.060561176 * compressionZpaq + 178668.147220886 * compression + -171928.98797047 * compressionLzo + -133215.37444605 * compressionGzip + 11711.4098988333 * encryption + 62677.4826968072 * compressionLrzip + 3622.67620883813 * level7;3.49914071170813;3.49914071170813;3.49914071170813;3.49914071170813;0.275468;8;3622.67620883813 * level7;1;0.479554057485016;
8;42524.5948604211 * level + 450930.509358223 * compressionZpaq + 178799.480005366 * compression + -171965.181513238 * compressionLzo + -133214.07410235 * compressionGzip + 11793.3315519788 * encryption + 62678.7830405075 * compressionLrzip + 3702.39653830021 * level7 + 3245.40513957944 * level9;3.17718462188036;3.17718462188036;3.17718462188036;3.17718462188036;0.391152;9;3245.40513957944 * level9;1;0.321956089827769;
9;42448.8634686609 * level + 450933.626929281 * compressionZpaq + 178900.151965584 * compression + -172776.619063499 * compressionLzo + -133214.964836937 * compressionGzip + 11737.2152729491 * encryption + 62677.8923059198 * compressionLrzip + 4136.39004494241 * level7 + 3321.13653133852 * level9 + 2159.46011395428 * compressionLzo * level2;2.81425571627812;2.81425571627812;2.81425571627812;2.81425571627812;0.524445;11;2159.46011395428 * compressionLzo * level2;2;0.181464452801121;
10;42541.5236884913 * level + 450943.660757229 * compressionZpaq + 178887.762369335 * compression + -172761.088442849 * compressionLzo + -135325.937650299 * compressionGzip + 11556.60636989 * encryption + 62675.0254979348 * compressionLrzip + 4139.53106934366 * level7 + 3228.47631150868 * level9 + 2184.06480509569 * compressionLzo * level2 + 4918.91401254595 * compressionGzip * disableCompressibilityTesting;2.56794635608091;2.56794635608091;2.56794635608091;2.56794635608091;0.699872;13;4918.91401254595 * compressionGzip * disableCompressibilityTesting;2;0.123154680098601;
11;42816.8927337792 * level + 450942.487473592 * compressionZpaq + 178603.007054959 * compression + -172672.52425094 * compressionLzo + -135321.831157573 * compressionGzip + 11577.725475339 * encryption + 62675.3607218308 * compressionLrzip + 3943.33994687598 * level7 + 2953.1072662209 * level9 + 3080.68619832989 * compressionLzo * level2 + 4910.11438527557 * compressionGzip * disableCompressibilityTesting + -989.878719687188 * level2;2.44660303764018;2.44660303764018;2.44660303764018;2.44660303764018;0.920824;14;-989.878719687188 * level2;1;0.121343318440728;
12;42932.4043465591 * level + 450941.536231733 * compressionZpaq + 178479.885507307 * compression + -172939.345756038 * compressionLzo + -135318.501811066 * compressionGzip + 11594.847828802 * encryption + 62675.6325052191 * compressionLrzip + 3553.39689412551 * level7 + 2837.59565344115 * level9 + 3468.99855075082 * compressionLzo * level2 + 4902.98007133226 * compressionGzip * disableCompressibilityTesting + -1115.17453444601 * level2 + 964.568426979472 * level7 * compression;2.36898088578546;2.36898088578546;2.36898088578546;2.36898088578546;1.186117;16;964.568426979472 * level7 * compression;2;0.0388110759273612;
Elapsed=00:00:01.1865136
Learning progress:
1;94580.4109589041 * level + 583817.922374428 * compressionZpaq;67.6182432031817;67.6182432031817;67.6182432031817;67.6182432031817;0.004149;2;583817.922374428 * compressionZpaq;1;80.1818947613504;
2;77282.9850746268 * level + 601115.348258707 * compressionZpaq + 210452.014925373 * compressionLrzip;37.1656661832897;37.1656661832897;37.1656661832897;37.1656661832897;0.016616;3;210452.014925373 * compressionLrzip;1;30.452577019892;
3;56732.5423728814 * level + 621665.790960452 * compressionZpaq + 231002.45762712 * compressionLrzip + 172109.957627119 * compressionBzip2;10.8813129677977;10.8813129677977;10.8813129677977;10.8813129677977;0.035963;4;172109.957627119 * compressionBzip2;1;26.284353215492;
4;56922.4137931036 * level + 621475.919540229 * compressionZpaq + 230812.586206895 * compressionLrzip + 171920.086206896 * compressionBzip2 + -11202.4137931038 * level6;9.58399457474197;9.58399457474197;9.58399457474197;9.58399457474197;0.069157;5;-11202.4137931038 * level6;1;1.29731839305569;
5;57097.3684210525 * level + 621300.964912281 * compressionZpaq + 230637.631578948 * compressionLrzip + 171745.131578948 * compressionBzip2 + -11377.3684210524 * level6 + -10147.3684210525 * level8;8.48947161161516;8.48947161161516;8.48947161161516;8.48947161161516;0.11329;6;-10147.3684210525 * level8;1;1.09452296312681;
6;58501.3333333334 * level + 619897 * compressionZpaq + 229233.666666667 * compressionLrzip + 170341.166666667 * compressionBzip2 + -12781.3333333332 * level6 + -11551.3333333333 * level8 + -6668.83333333317 * level2;8.18918573343071;8.18918573343071;8.18918573343071;8.18918573343071;0.174352;7;-6668.83333333317 * level2;1;0.30028587818445;
7;58501.3333333334 * level + 619897 * compressionZpaq + 229233.666666666 * compressionLrzip + 170341.166666666 * compressionBzip2 + -12781.3333333334 * level6 + -11551.3333333335 * level8 + -10969.9047619046 * level2 + 10322.5714285718 * level2 * encryption;7.75205704495241;7.75205704495241;7.75205704495241;7.75205704495241;0.255737;9;10322.5714285718 * level2 * encryption;2;0.218564344239151;
8;58501.3333333335 * level + 619897 * compressionZpaq + 229233.666666667 * compressionLrzip + 170341.166666667 * compressionBzip2 + -12781.3333333333 * level6 + -11551.3333333332 * level8 + -16282.1176470589 * level2 + 10056.9607843137 * level2 * encryption + 9296.37254901946 * level2 * compressionLzo;6.36404992822662;6.36404992822662;6.36404992822662;6.36404992822662;0.367828;11;9296.37254901946 * level2 * compressionLzo;2;0.694003558362891;
9;58501.3333333334 * level + 619897 * compressionZpaq + 225456.166666667 * compressionLrzip + 170341.166666667 * compressionBzip2 + -12781.3333333333 * level6 + -11551.3333333334 * level8 + -16282.1176470589 * level2 + 10056.9607843136 * level2 * encryption + 9296.37254901945 * level2 * compressionLzo + 11332.5000000007 * compressionLrzip * encryption;6.10853699871902;6.10853699871902;6.10853699871902;6.10853699871902;0.512667;13;11332.5000000007 * compressionLrzip * encryption;2;0.127756464753802;
Elapsed=00:00:00.5129564
Learning progress:
1;88569.0410958904 * level + 589794.292237442 * compressionZpaq;58.5001031522851;58.5001031522851;58.5001031522851;58.5001031522851;0.00409;2;589794.292237442 * compressionZpaq;1;66.090507564331;
2;73704.4117647058 * level + 604658.921568628 * compressionZpaq + 217023.588235294 * compressionLrzip;34.4217993284732;34.4217993284732;34.4217993284732;34.4217993284732;0.01571;3;217023.588235294 * compressionLrzip;1;24.078303823812;
3;56049.1803278688 * level + 622314.153005466 * compressionZpaq + 234678.819672132 * compressionLrzip + 171507.962529274 * compressionBzip2;14.4397207858693;14.4397207858693;14.4397207858693;14.4397207858693;0.036851;4;171507.962529274 * compressionBzip2;1;19.9820785426039;
4;48662.2857142858 * level + 612370.256410256 * compressionZpaq + 224734.923076923 * compressionLrzip + 161564.065934066 * compressionBzip2 + 17330.7912087912 * compression;9.49999971394002;9.49999971394002;9.49999971394002;9.49999971394002;0.070482;5;17330.7912087912 * compression;1;4.93972107192927;
5;48662.2857142857 * level + 583756.190476191 * compressionZpaq + 196120.857142858 * compressionLrzip + 132950.000000001 * compressionBzip2 + 45944.8571428569 * compression + -39156.0902255638 * compressionLzo;7.25429390380915;7.25429390380915;7.25429390380915;7.25429390380915;0.121161;6;-39156.0902255638 * compressionLzo;1;2.24570581013087;
6;43407.9779971884 * level + 584631.90842904 * compressionZpaq + 195770.569961717 * compressionLrzip + 132950 * compressionBzip2 + 44193.4212371582 * compression + -37312.4734827227 * compressionLzo + 12260.0513398937 * encryption;2.68586936946136;2.68586936946136;2.68586936946136;2.68586936946136;0.192512;7;12260.0513398937 * encryption;1;4.56842453434779;
7;42940.9679613837 * level + 584606.513483577 * compressionZpaq + 195780.727939902 * compressionLrzip + 132950 * compressionBzip2 + 44863.5908366661 * compression + -38506.8991468748 * compressionLzo + 11904.5221034127 * encryption + 3613.04830006309 * level7;1.67216649671267;1.67216649671267;1.67216649671267;1.67216649671267;0.283696;8;3613.04830006309 * level7;1;1.01370287274869;
8;42686.1669532025 * level + 584615.960951794 * compressionZpaq + 195776.948952616 * compressionLrzip + 132950 * compressionBzip2 + 45042.8120991186 * compression + -38516.2939962818 * compressionLzo + 12036.7866584388 * encryption + 3705.78177795645 * level7 + 3188.83304679771 * level9;1.55947360148201;1.55947360148201;1.55947360148201;1.55947360148201;0.400483;9;3188.83304679771 * level9;1;0.112692895230668;
Elapsed=00:00:00.4008263
Learning progress:
1;91756.4864864865 * level + 584943.513513512 * compressionZpaq;55.1364778925186;55.1364778925186;55.1364778925186;55.1364778925186;0.004394;2;584943.513513512 * compressionZpaq;1;61.8130384254571;
2;70989.1044776119 * level + 605710.895522387 * compressionZpaq + 219540.895522389 * compressionLrzip;31.1162256927742;31.1162256927742;31.1162256927742;31.1162256927742;0.01696;3;219540.895522389 * compressionLrzip;1;24.0202521997445;
3;56068.0327868852 * level + 620631.967213116 * compressionZpaq + 234461.967213115 * compressionLrzip + 166618.633879781 * compressionBzip2;9.88158132823754;9.88158132823754;9.88158132823754;9.88158132823754;0.038039;4;166618.633879781 * compressionBzip2;1;21.2346443645366;
4;56236.1666666669 * level + 620463.833333332 * compressionZpaq + 234293.833333333 * compressionLrzip + 166450.499999999 * compressionBzip2 + -10256.1666666665 * level9;8.77287486899377;8.77287486899377;8.77287486899377;8.77287486899377;0.071907;5;-10256.1666666665 * level9;1;1.10870645924377;
5;56236.1666666667 * level + 620463.833333333 * compressionZpaq + 234293.833333334 * compressionLrzip + 164051.833333334 * compressionBzip2 + -10256.1666666668 * level9 + 14392.0000000005 * compressionBzip2 * encryption;8.0624643343058;8.0624643343058;8.0624643343058;8.0624643343058;0.119831;7;14392.0000000005 * compressionBzip2 * encryption;2;0.355205267343982;
6;50467.1153846155 * level + 626232.884615384 * compressionZpaq + 240062.884615385 * compressionLrzip + 169820.884615384 * compressionBzip2 + -4487.11538461569 * level9 + 14392.0000000001 * compressionBzip2 * encryption + 43267.8846153848 * compressionGzip;7.79403594945864;7.79403594945864;7.79403594945864;7.79403594945864;0.188778;8;43267.8846153848 * compressionGzip;1;0.268428384847164;
7;45781.9640122512 * level + 626045.478560491 * compressionZpaq + 237787.239663094 * compressionLrzip + 174506.035987749 * compressionBzip2 + 198.035987748968 * level9 + 2210.60643185316 * compressionBzip2 * encryption + 41862.3392036753 * compressionGzip + 12181.393568147 * encryption;3.9408522874246;3.9408522874246;3.9408522874246;3.9408522874246;0.280142;9;12181.393568147 * encryption;1;3.85318366203404;
8;43214.0470652799 * level + 621607.638608687 * compressionZpaq + 233443.44909319 * compressionLrzip + 169848.74747818 * compressionBzip2 + 2765.9529347211 * level9 + 2759.22782626799 * compressionBzip2 * encryption + 37479.3613913137 * compressionGzip + 11632.7721737316 * encryption + 7225.2054565409 * compression;2.19509918942016;2.19509918942016;2.19509918942016;2.19509918942016;0.401122;10;7225.2054565409 * compression;1;1.74575309800444;
9;42535.5411917347 * level + 622719.060729809 * compressionZpaq + 234563.721290923 * compressionLrzip + 170939.519420541 * compressionBzip2 + 3444.45880826513 * level9 + 2810.85327316895 * compressionBzip2 * encryption + 38595.9460571256 * compressionGzip + 11581.1467268312 * encryption + 6812.93938772435 * compression + 3713.34464489029 * level7;1.43658346531835;1.43658346531835;1.43658346531835;1.43658346531835;0.560881;11;3713.34464489029 * level7;1;0.758515724101817;
10;42362.8573658455 * level + 622589.974490232 * compressionZpaq + 234461.650143298 * compressionLrzip + 170902.333767753 * compressionBzip2 + 3617.14263415323 * level9 + 2523.00088069504 * compressionBzip2 * encryption + 38603.6622159844 * compressionGzip + 11520.39356629 * encryption + 6790.40516439063 * compression + 3583.6873339066 * level7 + 581.009255025874 * disableCompressibilityTesting;1.31707233611498;1.31707233611498;1.31707233611498;1.31707233611498;0.748683;12;581.009255025874 * disableCompressibilityTesting;1;0.119511129203369;
Elapsed=00:00:00.7491020
Learning progress:
1;92403.1944444444 * level + 586391.091269841 * compressionZpaq;65.4927145631314;65.4927145631314;65.4927145631314;65.4927145631314;0.004711;2;586391.091269841 * compressionZpaq;1;78.9598077306196;
2;71063.2307692308 * level + 607731.054945054 * compressionZpaq + 219496.769230769 * compressionLrzip;40.9727533037595;40.9727533037595;40.9727533037595;40.9727533037595;0.014696;3;219496.769230769 * compressionLrzip;1;24.5199612593719;
3;55281.3559322033 * level + 623512.929782082 * compressionZpaq + 235278.644067797 * compressionLrzip + 170970.310734463 * compressionBzip2;15.6932847611927;15.6932847611927;15.6932847611927;15.6932847611927;0.038751;4;170970.310734463 * compressionBzip2;1;25.2794685425668;
4;51412.8301886793 * level + 627381.455525607 * compressionZpaq + 239147.169811321 * compressionLrzip + 174838.836477987 * compressionBzip2 + 38040.5031446542 * compressionGzip;7.5476338870955;7.5476338870955;7.5476338870955;7.5476338870955;0.069642;5;38040.5031446542 * compressionGzip;1;8.14565087409722;
5;45311.3179083977 * level + 626091.421500633 * compressionZpaq + 237857.135786346 * compressionLrzip + 174472.745741171 * compressionBzip2 + 41986.147752569 * compressionGzip + 12935.2060341968 * encryption;5.13844379321393;5.13844379321393;5.13844379321393;5.13844379321393;0.115289;6;12935.2060341968 * encryption;1;2.40919009388157;
6;43352.8801387129 * level + 621519.391142701 * compressionZpaq + 233285.105428416 * compressionLrzip + 169833.961866231 * compressionBzip2 + 37035.8474649224 * compressionGzip + 12000.6567960747 * encryption + 7064.49626368566 * compression;3.47334149352408;3.47334149352408;3.47334149352408;3.47334149352408;0.179602;7;7064.49626368566 * compression;1;1.66510229968985;
7;42668.4848807651 * level + 622990.519097135 * compressionZpaq + 234756.23338285 * compressionLrzip + 171291.506653183 * compressionBzip2 + 38430.0041369588 * compressionGzip + 11810.492451327 * encryption + 6386.42890705534 * compression + 3802.30497923454 * level7;3.08334991203353;3.08334991203353;3.08334991203353;3.08334991203353;0.270006;8;3802.30497923454 * level7;1;0.389991581490557;
8;43387.5024960767 * level + 622869.260854358 * compressionZpaq + 234634.975140072 * compressionLrzip + 172390.371718707 * compressionBzip2 + 39332.2684642207 * compressionGzip + 11220.690236541 * encryption + 6125.69937154252 * compression + 3550.68196870005 * level7 + -7573.51222758008 * level1;2.83469285276293;2.83469285276293;2.83469285276293;2.83469285276293;0.382224;9;-7573.51222758008 * level1;1;0.248657059270597;
9;43332.230742451 * level + 623376.228086344 * compressionZpaq + 235141.942372058 * compressionLrzip + 172892.002829661 * compressionBzip2 + 39831.3754652633 * compressionGzip + 11213.1179068083 * encryption + 5678.33093874318 * compression + 3833.96498428685 * level7 + -7544.74078555335 * level1 + 1429.56757472082 * compression * level2;2.50326354067313;2.50326354067313;2.50326354067313;2.50326354067313;0.519787;11;1429.56757472082 * compression * level2;2;0.165714656044898;
Elapsed=00:00:00.5201390
Learning progress:
1;101197.222222222 * level + 576954.027777778 * compressionZpaq;104.008312770979;104.008312770979;104.008312770979;104.008312770979;0.005024;2;576954.027777778 * compressionZpaq;1;117.060201428068;
2;49393.3333333333 * level + 539951.25 * compressionZpaq + 88806.6666666665 * compression;59.7461585042083;59.7461585042083;59.7461585042083;59.7461585042083;0.015875;3;88806.6666666665 * compression;1;44.2621542667703;
3;49393.3333333332 * level + 473166.902173912 * compressionZpaq + 155591.014492754 * compression + -147628.558352403 * compressionLzo;26.4557219861988;26.4557219861988;26.4557219861988;26.4557219861988;0.038723;4;-147628.558352403 * compressionLzo;1;33.2904365180094;
4;49393.3333333333 * level + 424245.625 * compressionZpaq + 204512.291666667 * compression + -196549.835526316 * compressionLzo + -160741.339285714 * compressionGzip;13.6495153082255;13.6495153082255;13.6495153082255;13.6495153082255;0.071708;5;-160741.339285714 * compressionGzip;1;12.8062066779734;
5;43634.224922207 * level + 423525.73644861 * compressionZpaq + 205232.180218057 * compression + -198179.056984726 * compressionLzo + -160638.498064087 * compressionGzip + 11518.2168222524 * encryption;4.57988042692528;4.57988042692528;4.57988042692528;4.57988042692528;0.120556;6;11518.2168222524 * encryption;1;9.0696348813002;
6;43535.2188250033 * level + 450934.792832408 * compressionZpaq + 177823.123834259 * compression + -170785.633142592 * compressionLzo + -133215.297952117 * compressionGzip + 11716.2290166602 * encryption + 62677.5591907401 * compressionLrzip;3.97869476919314;3.97869476919314;3.97869476919314;3.97869476919314;0.189582;7;62677.5591907401 * compressionLrzip;1;0.601185657732137;
7;42692.337268521 * level + 450935.060561176 * compressionZpaq + 178668.147220886 * compression + -171928.98797047 * compressionLzo + -133215.37444605 * compressionGzip + 11711.4098988333 * encryption + 62677.4826968072 * compressionLrzip + 3622.67620883813 * level7;3.49914071170813;3.49914071170813;3.49914071170813;3.49914071170813;0.27333;8;3622.67620883813 * level7;1;0.479554057485016;
8;42524.5948604211 * level + 450930.509358223 * compressionZpaq + 178799.480005366 * compression + -171965.181513238 * compressionLzo + -133214.07410235 * compressionGzip + 11793.3315519788 * encryption + 62678.7830405075 * compressionLrzip + 3702.39653830021 * level7 + 3245.40513957944 * level9;3.17718462188036;3.17718462188036;3.17718462188036;3.17718462188036;0.380305;9;3245.40513957944 * level9;1;0.321956089827769;
9;42448.8634686609 * level + 450933.626929281 * compressionZpaq + 178900.151965584 * compression + -172776.619063499 * compressionLzo + -133214.964836937 * compressionGzip + 11737.2152729491 * encryption + 62677.8923059198 * compressionLrzip + 4136.39004494241 * level7 + 3321.13653133852 * level9 + 2159.46011395428 * compressionLzo * level2;2.81425571627812;2.81425571627812;2.81425571627812;2.81425571627812;0.514157;11;2159.46011395428 * compressionLzo * level2;2;0.181464452801121;
Elapsed=00:00:00.5144653
Learning progress:
1;94580.4109589041 * level + 583817.922374428 * compressionZpaq;67.6182432031817;67.6182432031817;67.6182432031817;67.6182432031817;0.004221;2;583817.922374428 * compressionZpaq;1;80.1818947613504;
2;77282.9850746268 * level + 601115.348258707 * compressionZpaq + 210452.014925373 * compressionLrzip;37.1656661832897;37.1656661832897;37.1656661832897;37.1656661832897;0.015784;3;210452.014925373 * compressionLrzip;1;30.452577019892;
3;56732.5423728814 * level + 621665.790960452 * compressionZpaq + 231002.45762712 * compressionLrzip + 172109.957627119 * compressionBzip2;10.8813129677977;10.8813129677977;10.8813129677977;10.8813129677977;0.034971;4;172109.957627119 * compressionBzip2;1;26.284353215492;
4;56922.4137931036 * level + 621475.919540229 * compressionZpaq + 230812.586206895 * compressionLrzip + 171920.086206896 * compressionBzip2 + -11202.4137931038 * level6;9.58399457474197;9.58399457474197;9.58399457474197;9.58399457474197;0.066546;5;-11202.4137931038 * level6;1;1.29731839305569;
5;57097.3684210525 * level + 621300.964912281 * compressionZpaq + 230637.631578948 * compressionLrzip + 171745.131578948 * compressionBzip2 + -11377.3684210524 * level6 + -10147.3684210525 * level8;8.48947161161516;8.48947161161516;8.48947161161516;8.48947161161516;0.11135;6;-10147.3684210525 * level8;1;1.09452296312681;
6;58501.3333333334 * level + 619897 * compressionZpaq + 229233.666666667 * compressionLrzip + 170341.166666667 * compressionBzip2 + -12781.3333333332 * level6 + -11551.3333333333 * level8 + -6668.83333333317 * level2;8.18918573343071;8.18918573343071;8.18918573343071;8.18918573343071;0.17138;7;-6668.83333333317 * level2;1;0.30028587818445;
Elapsed=00:00:00.1716091
Learning progress:
1;88569.0410958904 * level + 589794.292237442 * compressionZpaq;58.5001031522851;58.5001031522851;58.5001031522851;58.5001031522851;0.00395;2;589794.292237442 * compressionZpaq;1;66.090507564331;
2;73704.4117647058 * level + 604658.921568628 * compressionZpaq + 217023.588235294 * compressionLrzip;34.4217993284732;34.4217993284732;34.4217993284732;34.4217993284732;0.015061;3;217023.588235294 * compressionLrzip;1;24.078303823812;
3;56049.1803278688 * level + 622314.153005466 * compressionZpaq + 234678.819672132 * compressionLrzip + 171507.962529274 * compressionBzip2;14.4397207858693;14.4397207858693;14.4397207858693;14.4397207858693;0.035505;4;171507.962529274 * compressionBzip2;1;19.9820785426039;
4;48662.2857142858 * level + 612370.256410256 * compressionZpaq + 224734.923076923 * compressionLrzip + 161564.065934066 * compressionBzip2 + 17330.7912087912 * compression;9.49999971394002;9.49999971394002;9.49999971394002;9.49999971394002;0.069309;5;17330.7912087912 * compression;1;4.93972107192927;
5;48662.2857142857 * level + 583756.190476191 * compressionZpaq + 196120.857142858 * compressionLrzip + 132950.000000001 * compressionBzip2 + 45944.8571428569 * compression + -39156.0902255638 * compressionLzo;7.25429390380915;7.25429390380915;7.25429390380915;7.25429390380915;0.120625;6;-39156.0902255638 * compressionLzo;1;2.24570581013087;
6;43407.9779971884 * level + 584631.90842904 * compressionZpaq + 195770.569961717 * compressionLrzip + 132950 * compressionBzip2 + 44193.4212371582 * compression + -37312.4734827227 * compressionLzo + 12260.0513398937 * encryption;2.68586936946136;2.68586936946136;2.68586936946136;2.68586936946136;0.191149;7;12260.0513398937 * encryption;1;4.56842453434779;
7;42940.9679613837 * level + 584606.513483577 * compressionZpaq + 195780.727939902 * compressionLrzip + 132950 * compressionBzip2 + 44863.5908366661 * compression + -38506.8991468748 * compressionLzo + 11904.5221034127 * encryption + 3613.04830006309 * level7;1.67216649671267;1.67216649671267;1.67216649671267;1.67216649671267;0.283163;8;3613.04830006309 * level7;1;1.01370287274869;
8;42686.1669532025 * level + 584615.960951794 * compressionZpaq + 195776.948952616 * compressionLrzip + 132950 * compressionBzip2 + 45042.8120991186 * compression + -38516.2939962818 * compressionLzo + 12036.7866584388 * encryption + 3705.78177795645 * level7 + 3188.83304679771 * level9;1.55947360148201;1.55947360148201;1.55947360148201;1.55947360148201;0.40055;9;3188.83304679771 * level9;1;0.112692895230668;
Elapsed=00:00:00.4008923
Learning progress:
1;91756.4864864865 * level + 584943.513513512 * compressionZpaq;55.1364778925186;55.1364778925186;55.1364778925186;55.1364778925186;0.004465;2;584943.513513512 * compressionZpaq;1;61.8130384254571;
2;70989.1044776119 * level + 605710.895522387 * compressionZpaq + 219540.895522389 * compressionLrzip;31.1162256927742;31.1162256927742;31.1162256927742;31.1162256927742;0.016123;3;219540.895522389 * compressionLrzip;1;24.0202521997445;
3;56068.0327868852 * level + 620631.967213116 * compressionZpaq + 234461.967213115 * compressionLrzip + 166618.633879781 * compressionBzip2;9.88158132823754;9.88158132823754;9.88158132823754;9.88158132823754;0.036515;4;166618.633879781 * compressionBzip2;1;21.2346443645366;
4;56236.1666666669 * level + 620463.833333332 * compressionZpaq + 234293.833333333 * compressionLrzip + 166450.499999999 * compressionBzip2 + -10256.1666666665 * level9;8.77287486899377;8.77287486899377;8.77287486899377;8.77287486899377;0.068846;5;-10256.1666666665 * level9;1;1.10870645924377;
5;56236.1666666667 * level + 620463.833333333 * compressionZpaq + 234293.833333334 * compressionLrzip + 164051.833333334 * compressionBzip2 + -10256.1666666668 * level9 + 14392.0000000005 * compressionBzip2 * encryption;8.0624643343058;8.0624643343058;8.0624643343058;8.0624643343058;0.116355;7;14392.0000000005 * compressionBzip2 * encryption;2;0.355205267343982;
Elapsed=00:00:00.1165873
Learning progress:
1;92403.1944444444 * level + 586391.091269841 * compressionZpaq;65.4927145631314;65.4927145631314;65.4927145631314;65.4927145631314;0.004918;2;586391.091269841 * compressionZpaq;1;78.9598077306196;
2;71063.2307692308 * level + 607731.054945054 * compressionZpaq + 219496.769230769 * compressionLrzip;40.9727533037595;40.9727533037595;40.9727533037595;40.9727533037595;0.016147;3;219496.769230769 * compressionLrzip;1;24.5199612593719;
3;55281.3559322033 * level + 623512.929782082 * compressionZpaq + 235278.644067797 * compressionLrzip + 170970.310734463 * compressionBzip2;15.6932847611927;15.6932847611927;15.6932847611927;15.6932847611927;0.034128;4;170970.310734463 * compressionBzip2;1;25.2794685425668;
4;51412.8301886793 * level + 627381.455525607 * compressionZpaq + 239147.169811321 * compressionLrzip + 174838.836477987 * compressionBzip2 + 38040.5031446542 * compressionGzip;7.5476338870955;7.5476338870955;7.5476338870955;7.5476338870955;0.065178;5;38040.5031446542 * compressionGzip;1;8.14565087409722;
5;45311.3179083977 * level + 626091.421500633 * compressionZpaq + 237857.135786346 * compressionLrzip + 174472.745741171 * compressionBzip2 + 41986.147752569 * compressionGzip + 12935.2060341968 * encryption;5.13844379321393;5.13844379321393;5.13844379321393;5.13844379321393;0.110995;6;12935.2060341968 * encryption;1;2.40919009388157;
6;43352.8801387129 * level + 621519.391142701 * compressionZpaq + 233285.105428416 * compressionLrzip + 169833.961866231 * compressionBzip2 + 37035.8474649224 * compressionGzip + 12000.6567960747 * encryption + 7064.49626368566 * compression;3.47334149352408;3.47334149352408;3.47334149352408;3.47334149352408;0.175762;7;7064.49626368566 * compression;1;1.66510229968985;
7;42668.4848807651 * level + 622990.519097135 * compressionZpaq + 234756.23338285 * compressionLrzip + 171291.506653183 * compressionBzip2 + 38430.0041369588 * compressionGzip + 11810.492451327 * encryption + 6386.42890705534 * compression + 3802.30497923454 * level7;3.08334991203353;3.08334991203353;3.08334991203353;3.08334991203353;0.265412;8;3802.30497923454 * level7;1;0.389991581490557;
Elapsed=00:00:00.2657301
Learning progress:
1;101197.222222222 * level + 576954.027777778 * compressionZpaq;104.008312770979;104.008312770979;104.008312770979;104.008312770979;0.00548;2;576954.027777778 * compressionZpaq;1;117.060201428068;
2;49393.3333333333 * level + 539951.25 * compressionZpaq + 88806.6666666665 * compression;59.7461585042083;59.7461585042083;59.7461585042083;59.7461585042083;0.015097;3;88806.6666666665 * compression;1;44.2621542667703;
3;49393.3333333332 * level + 473166.902173912 * compressionZpaq + 155591.014492754 * compression + -147628.558352403 * compressionLzo;26.4557219861988;26.4557219861988;26.4557219861988;26.4557219861988;0.037745;4;-147628.558352403 * compressionLzo;1;33.2904365180094;
4;49393.3333333333 * level + 424245.625 * compressionZpaq + 204512.291666667 * compression + -196549.835526316 * compressionLzo + -160741.339285714 * compressionGzip;13.6495153082255;13.6495153082255;13.6495153082255;13.6495153082255;0.073088;5;-160741.339285714 * compressionGzip;1;12.8062066779734;
5;43634.224922207 * level + 423525.73644861 * compressionZpaq + 205232.180218057 * compression + -198179.056984726 * compressionLzo + -160638.498064087 * compressionGzip + 11518.2168222524 * encryption;4.57988042692528;4.57988042692528;4.57988042692528;4.57988042692528;0.120591;6;11518.2168222524 * encryption;1;9.0696348813002;
6;43535.2188250033 * level + 450934.792832408 * compressionZpaq + 177823.123834259 * compression + -170785.633142592 * compressionLzo + -133215.297952117 * compressionGzip + 11716.2290166602 * encryption + 62677.5591907401 * compressionLrzip;3.97869476919314;3.97869476919314;3.97869476919314;3.97869476919314;0.18616;7;62677.5591907401 * compressionLrzip;1;0.601185657732137;
7;42692.337268521 * level + 450935.060561176 * compressionZpaq + 178668.147220886 * compression + -171928.98797047 * compressionLzo + -133215.37444605 * compressionGzip + 11711.4098988333 * encryption + 62677.4826968072 * compressionLrzip + 3622.67620883813 * level7;3.49914071170813;3.49914071170813;3.49914071170813;3.49914071170813;0.271517;8;3622.67620883813 * level7;1;0.479554057485016;
Elapsed=00:00:00.2717928
Learning progress:
1;94580.4109589041 * level + 583817.922374428 * compressionZpaq;67.6182432031817;67.6182432031817;67.6182432031817;67.6182432031817;0.004786;2;583817.922374428 * compressionZpaq;1;80.1818947613504;
2;77282.9850746268 * level + 601115.348258707 * compressionZpaq + 210452.014925373 * compressionLrzip;37.1656661832897;37.1656661832897;37.1656661832897;37.1656661832897;0.016878;3;210452.014925373 * compressionLrzip;1;30.452577019892;
3;56732.5423728814 * level + 621665.790960452 * compressionZpaq + 231002.45762712 * compressionLrzip + 172109.957627119 * compressionBzip2;10.8813129677977;10.8813129677977;10.8813129677977;10.8813129677977;0.037566;4;172109.957627119 * compressionBzip2;1;26.284353215492;
4;56922.4137931036 * level + 621475.919540229 * compressionZpaq + 230812.586206895 * compressionLrzip + 171920.086206896 * compressionBzip2 + -11202.4137931038 * level6;9.58399457474197;9.58399457474197;9.58399457474197;9.58399457474197;0.070752;5;-11202.4137931038 * level6;1;1.29731839305569;
5;57097.3684210525 * level + 621300.964912281 * compressionZpaq + 230637.631578948 * compressionLrzip + 171745.131578948 * compressionBzip2 + -11377.3684210524 * level6 + -10147.3684210525 * level8;8.48947161161516;8.48947161161516;8.48947161161516;8.48947161161516;0.115104;6;-10147.3684210525 * level8;1;1.09452296312681;
6;58501.3333333334 * level + 619897 * compressionZpaq + 229233.666666667 * compressionLrzip + 170341.166666667 * compressionBzip2 + -12781.3333333332 * level6 + -11551.3333333333 * level8 + -6668.83333333317 * level2;8.18918573343071;8.18918573343071;8.18918573343071;8.18918573343071;0.176027;7;-6668.83333333317 * level2;1;0.30028587818445;
7;58501.3333333334 * level + 619897 * compressionZpaq + 229233.666666666 * compressionLrzip + 170341.166666666 * compressionBzip2 + -12781.3333333334 * level6 + -11551.3333333335 * level8 + -10969.9047619046 * level2 + 10322.5714285718 * level2 * encryption;7.75205704495241;7.75205704495241;7.75205704495241;7.75205704495241;0.257887;9;10322.5714285718 * level2 * encryption;2;0.218564344239151;
8;58501.3333333335 * level + 619897 * compressionZpaq + 229233.666666667 * compressionLrzip + 170341.166666667 * compressionBzip2 + -12781.3333333333 * level6 + -11551.3333333332 * level8 + -16282.1176470589 * level2 + 10056.9607843137 * level2 * encryption + 9296.37254901946 * level2 * compressionLzo;6.36404992822662;6.36404992822662;6.36404992822662;6.36404992822662;0.367912;11;9296.37254901946 * level2 * compressionLzo;2;0.694003558362891;
9;58501.3333333334 * level + 619897 * compressionZpaq + 225456.166666667 * compressionLrzip + 170341.166666667 * compressionBzip2 + -12781.3333333333 * level6 + -11551.3333333334 * level8 + -16282.1176470589 * level2 + 10056.9607843136 * level2 * encryption + 9296.37254901945 * level2 * compressionLzo + 11332.5000000007 * compressionLrzip * encryption;6.10853699871902;6.10853699871902;6.10853699871902;6.10853699871902;0.511158;13;11332.5000000007 * compressionLrzip * encryption;2;0.127756464753802;
10;58501.3333333335 * level + 619896.999999999 * compressionZpaq + 225456.166666666 * compressionLrzip + 164771.166666667 * compressionBzip2 + -12781.3333333333 * level6 + -11551.3333333334 * level8 + -16282.1176470587 * level2 + 10056.9607843137 * level2 * encryption + 9296.37254901964 * level2 * compressionLzo + 11332.4999999995 * compressionLrzip * encryption + 11139.9999999995 * compressionBzip2 * encryption;5.97486769226351;5.97486769226351;5.97486769226351;5.97486769226351;0.697696;15;11139.9999999995 * compressionBzip2 * encryption;2;0.0668346532277564;
Elapsed=00:00:00.6980334
Learning progress:
1;88569.0410958904 * level + 589794.292237442 * compressionZpaq;58.5001031522851;58.5001031522851;58.5001031522851;58.5001031522851;0.005767;2;589794.292237442 * compressionZpaq;1;66.090507564331;
2;73704.4117647058 * level + 604658.921568628 * compressionZpaq + 217023.588235294 * compressionLrzip;34.4217993284732;34.4217993284732;34.4217993284732;34.4217993284732;0.016028;3;217023.588235294 * compressionLrzip;1;24.078303823812;
3;56049.1803278688 * level + 622314.153005466 * compressionZpaq + 234678.819672132 * compressionLrzip + 171507.962529274 * compressionBzip2;14.4397207858693;14.4397207858693;14.4397207858693;14.4397207858693;0.037253;4;171507.962529274 * compressionBzip2;1;19.9820785426039;
4;48662.2857142858 * level + 612370.256410256 * compressionZpaq + 224734.923076923 * compressionLrzip + 161564.065934066 * compressionBzip2 + 17330.7912087912 * compression;9.49999971394002;9.49999971394002;9.49999971394002;9.49999971394002;0.068334;5;17330.7912087912 * compression;1;4.93972107192927;
5;48662.2857142857 * level + 583756.190476191 * compressionZpaq + 196120.857142858 * compressionLrzip + 132950.000000001 * compressionBzip2 + 45944.8571428569 * compression + -39156.0902255638 * compressionLzo;7.25429390380915;7.25429390380915;7.25429390380915;7.25429390380915;0.117878;6;-39156.0902255638 * compressionLzo;1;2.24570581013087;
6;43407.9779971884 * level + 584631.90842904 * compressionZpaq + 195770.569961717 * compressionLrzip + 132950 * compressionBzip2 + 44193.4212371582 * compression + -37312.4734827227 * compressionLzo + 12260.0513398937 * encryption;2.68586936946136;2.68586936946136;2.68586936946136;2.68586936946136;0.187526;7;12260.0513398937 * encryption;1;4.56842453434779;
7;42940.9679613837 * level + 584606.513483577 * compressionZpaq + 195780.727939902 * compressionLrzip + 132950 * compressionBzip2 + 44863.5908366661 * compression + -38506.8991468748 * compressionLzo + 11904.5221034127 * encryption + 3613.04830006309 * level7;1.67216649671267;1.67216649671267;1.67216649671267;1.67216649671267;0.279935;8;3613.04830006309 * level7;1;1.01370287274869;
8;42686.1669532025 * level + 584615.960951794 * compressionZpaq + 195776.948952616 * compressionLrzip + 132950 * compressionBzip2 + 45042.8120991186 * compression + -38516.2939962818 * compressionLzo + 12036.7866584388 * encryption + 3705.78177795645 * level7 + 3188.83304679771 * level9;1.55947360148201;1.55947360148201;1.55947360148201;1.55947360148201;0.396373;9;3188.83304679771 * level9;1;0.112692895230668;
9;42540.0249133124 * level + 584536.214572971 * compressionZpaq + 195701.88571552 * compressionLrzip + 132950 * compressionBzip2 + 44757.3072833331 * compression + -38299.4307906541 * compressionLzo + 11989.9552411829 * encryption + 3913.56294965766 * level7 + 3334.97508668754 * level9 + 534.808943124917 * level3;1.42061675190631;1.42061675190631;1.42061675190631;1.42061675190631;0.53955;10;534.808943124917 * level3;1;0.138856849575702;
10;42145.1571435311 * level + 584483.733441149 * compressionZpaq + 195660.425533647 * compressionLrzip + 132950.000000001 * compressionBzip2 + 44947.4977616677 * compression + -38254.8934741902 * compressionLzo + 11879.7457416944 * encryption + 4255.35569674187 * level7 + 3729.84285646856 * level9 + 847.072116138012 * level3 + 1447.84528978661 * level5;1.20485316766874;1.20485316766874;1.20485316766874;1.20485316766874;0.721667;11;1447.84528978661 * level5;1;0.215763584237569;
11;41689.1019113377 * level + 584453.789574847 * compressionZpaq + 195619.492583489 * compressionLrzip + 132950 * compressionBzip2 + 45113.9989575034 * compression + -38180.9637734798 * compressionLzo + 11989.6365802349 * encryption + 4527.09249151354 * level7 + 4185.89808866255 * level9 + 1111.6245995286 * level3 + 1841.10575709954 * level5 + 3450.89808866243 * level8;0.980042662621418;0.980042662621418;0.980042662621418;0.980042662621418;0.93758;12;3450.89808866243 * level8;1;0.224810505047318;
Elapsed=00:00:00.9380021
Learning progress:
1;91756.4864864865 * level + 584943.513513512 * compressionZpaq;55.1364778925186;55.1364778925186;55.1364778925186;55.1364778925186;0.005042;2;584943.513513512 * compressionZpaq;1;61.8130384254571;
2;70989.1044776119 * level + 605710.895522387 * compressionZpaq + 219540.895522389 * compressionLrzip;31.1162256927742;31.1162256927742;31.1162256927742;31.1162256927742;0.017167;3;219540.895522389 * compressionLrzip;1;24.0202521997445;
3;56068.0327868852 * level + 620631.967213116 * compressionZpaq + 234461.967213115 * compressionLrzip + 166618.633879781 * compressionBzip2;9.88158132823754;9.88158132823754;9.88158132823754;9.88158132823754;0.038412;4;166618.633879781 * compressionBzip2;1;21.2346443645366;
4;56236.1666666669 * level + 620463.833333332 * compressionZpaq + 234293.833333333 * compressionLrzip + 166450.499999999 * compressionBzip2 + -10256.1666666665 * level9;8.77287486899377;8.77287486899377;8.77287486899377;8.77287486899377;0.071558;5;-10256.1666666665 * level9;1;1.10870645924377;
5;56236.1666666667 * level + 620463.833333333 * compressionZpaq + 234293.833333334 * compressionLrzip + 164051.833333334 * compressionBzip2 + -10256.1666666668 * level9 + 14392.0000000005 * compressionBzip2 * encryption;8.0624643343058;8.0624643343058;8.0624643343058;8.0624643343058;0.117686;7;14392.0000000005 * compressionBzip2 * encryption;2;0.355205267343982;
6;50467.1153846155 * level + 626232.884615384 * compressionZpaq + 240062.884615385 * compressionLrzip + 169820.884615384 * compressionBzip2 + -4487.11538461569 * level9 + 14392.0000000001 * compressionBzip2 * encryption + 43267.8846153848 * compressionGzip;7.79403594945864;7.79403594945864;7.79403594945864;7.79403594945864;0.185358;8;43267.8846153848 * compressionGzip;1;0.268428384847164;
7;45781.9640122512 * level + 626045.478560491 * compressionZpaq + 237787.239663094 * compressionLrzip + 174506.035987749 * compressionBzip2 + 198.035987748968 * level9 + 2210.60643185316 * compressionBzip2 * encryption + 41862.3392036753 * compressionGzip + 12181.393568147 * encryption;3.9408522874246;3.9408522874246;3.9408522874246;3.9408522874246;0.274739;9;12181.393568147 * encryption;1;3.85318366203404;
8;43214.0470652799 * level + 621607.638608687 * compressionZpaq + 233443.44909319 * compressionLrzip + 169848.74747818 * compressionBzip2 + 2765.9529347211 * level9 + 2759.22782626799 * compressionBzip2 * encryption + 37479.3613913137 * compressionGzip + 11632.7721737316 * encryption + 7225.2054565409 * compression;2.19509918942016;2.19509918942016;2.19509918942016;2.19509918942016;0.397373;10;7225.2054565409 * compression;1;1.74575309800444;
9;42535.5411917347 * level + 622719.060729809 * compressionZpaq + 234563.721290923 * compressionLrzip + 170939.519420541 * compressionBzip2 + 3444.45880826513 * level9 + 2810.85327316895 * compressionBzip2 * encryption + 38595.9460571256 * compressionGzip + 11581.1467268312 * encryption + 6812.93938772435 * compression + 3713.34464489029 * level7;1.43658346531835;1.43658346531835;1.43658346531835;1.43658346531835;0.55165;11;3713.34464489029 * level7;1;0.758515724101817;
10;42362.8573658455 * level + 622589.974490232 * compressionZpaq + 234461.650143298 * compressionLrzip + 170902.333767753 * compressionBzip2 + 3617.14263415323 * level9 + 2523.00088069504 * compressionBzip2 * encryption + 38603.6622159844 * compressionGzip + 11520.39356629 * encryption + 6790.40516439063 * compression + 3583.6873339066 * level7 + 581.009255025874 * disableCompressibilityTesting;1.31707233611498;1.31707233611498;1.31707233611498;1.31707233611498;0.740142;12;581.009255025874 * disableCompressibilityTesting;1;0.119511129203369;
11;42447.7843205894 * level + 622970.774826109 * compressionZpaq + 234888.940815624 * compressionLrzip + 171183.281605251 * compressionBzip2 + 3532.21567941069 * level9 + 2769.39776914079 * compressionBzip2 * encryption + 39018.3201595843 * compressionGzip + 11254.5905328352 * encryption + 6411.59294214385 * compression + 3553.36198657869 * level7 + 613.352830040424 * disableCompressibilityTesting + 906.754728887965 * encryption * compressionLzo;1.2198900075256;1.2198900075256;1.2198900075256;1.2198900075256;0.968777;14;906.754728887965 * encryption * compressionLzo;2;0.0485911642946917;
Elapsed=00:00:00.9692233
Learning progress:
1;92403.1944444444 * level + 586391.091269841 * compressionZpaq;65.4927145631314;65.4927145631314;65.4927145631314;65.4927145631314;0.004757;2;586391.091269841 * compressionZpaq;1;78.9598077306196;
2;71063.2307692308 * level + 607731.054945054 * compressionZpaq + 219496.769230769 * compressionLrzip;40.9727533037595;40.9727533037595;40.9727533037595;40.9727533037595;0.016897;3;219496.769230769 * compressionLrzip;1;24.5199612593719;
3;55281.3559322033 * level + 623512.929782082 * compressionZpaq + 235278.644067797 * compressionLrzip + 170970.310734463 * compressionBzip2;15.6932847611927;15.6932847611927;15.6932847611927;15.6932847611927;0.036356;4;170970.310734463 * compressionBzip2;1;25.2794685425668;
4;51412.8301886793 * level + 627381.455525607 * compressionZpaq + 239147.169811321 * compressionLrzip + 174838.836477987 * compressionBzip2 + 38040.5031446542 * compressionGzip;7.5476338870955;7.5476338870955;7.5476338870955;7.5476338870955;0.066922;5;38040.5031446542 * compressionGzip;1;8.14565087409722;
5;45311.3179083977 * level + 626091.421500633 * compressionZpaq + 237857.135786346 * compressionLrzip + 174472.745741171 * compressionBzip2 + 41986.147752569 * compressionGzip + 12935.2060341968 * encryption;5.13844379321393;5.13844379321393;5.13844379321393;5.13844379321393;0.113046;6;12935.2060341968 * encryption;1;2.40919009388157;
6;43352.8801387129 * level + 621519.391142701 * compressionZpaq + 233285.105428416 * compressionLrzip + 169833.961866231 * compressionBzip2 + 37035.8474649224 * compressionGzip + 12000.6567960747 * encryption + 7064.49626368566 * compression;3.47334149352408;3.47334149352408;3.47334149352408;3.47334149352408;0.176119;7;7064.49626368566 * compression;1;1.66510229968985;
7;42668.4848807651 * level + 622990.519097135 * compressionZpaq + 234756.23338285 * compressionLrzip + 171291.506653183 * compressionBzip2 + 38430.0041369588 * compressionGzip + 11810.492451327 * encryption + 6386.42890705534 * compression + 3802.30497923454 * level7;3.08334991203353;3.08334991203353;3.08334991203353;3.08334991203353;0.265033;8;3802.30497923454 * level7;1;0.389991581490557;
8;43387.5024960767 * level + 622869.260854358 * compressionZpaq + 234634.975140072 * compressionLrzip + 172390.371718707 * compressionBzip2 + 39332.2684642207 * compressionGzip + 11220.690236541 * encryption + 6125.69937154252 * compression + 3550.68196870005 * level7 + -7573.51222758008 * level1;2.83469285276293;2.83469285276293;2.83469285276293;2.83469285276293;0.37691;9;-7573.51222758008 * level1;1;0.248657059270597;
9;43332.230742451 * level + 623376.228086344 * compressionZpaq + 235141.942372058 * compressionLrzip + 172892.002829661 * compressionBzip2 + 39831.3754652633 * compressionGzip + 11213.1179068083 * encryption + 5678.33093874318 * compression + 3833.96498428685 * level7 + -7544.74078555335 * level1 + 1429.56757472082 * compression * level2;2.50326354067313;2.50326354067313;2.50326354067313;2.50326354067313;0.515923;11;1429.56757472082 * compression * level2;2;0.165714656044898;
10;43509.8434412337 * level + 623306.428914187 * compressionZpaq + 235072.143199901 * compressionLrzip + 172839.543457553 * compressionBzip2 + 39788.5872207642 * compressionGzip + 11242.1312896358 * encryption + 5553.93833621588 * compression + 3701.96951086669 * level7 + -7636.34527892226 * level1 + 2278.1818681543 * compression * level2 + -919.242419385195 * level2;2.30570267510734;2.30570267510734;2.30570267510734;2.30570267510734;0.696281;12;-919.242419385195 * level2;1;0.197560865565795;
11;43638.5455480663 * level + 623828.603202757 * compressionZpaq + 235594.317488471 * compressionLrzip + 173375.708726499 * compressionBzip2 + 40343.3199361481 * compressionGzip + 11297.8336289464 * encryption + 4871.23203263555 * compression + 3098.40666396425 * level7 + -7696.41873004525 * level1 + 2955.31793780334 * compression * level2 + -1075.79569587309 * level2 + 1568.76796736432 * level7 * compression;2.09722306582043;2.09722306582043;2.09722306582043;2.09722306582043;0.913486;14;1568.76796736432 * level7 * compression;2;0.104239804643456;
12;43579.4948202821 * level + 623844.572241429 * compressionZpaq + 235610.286527143 * compressionLrzip + 173393.205238434 * compressionBzip2 + 40416.7080834346 * compressionGzip + 11465.5085350002 * encryption + 4818.49948971783 * compression + 3061.64315971731 * level7 + -7633.72289560856 * level1 + 3100.01902880016 * compression * level2 + -556.90222768955 * level2 + 1621.50051028168 * level7 * compression + -1087.36038685196 * level2 * encryption;1.98749545486269;1.98749545486269;1.98749545486269;1.98749545486269;1.190831;16;-1087.36038685196 * level2 * encryption;2;0.0548638054788669;
Elapsed=00:00:01.1912737
Learning progress:
1;101197.222222222 * level + 576954.027777778 * compressionZpaq;104.008312770979;104.008312770979;104.008312770979;104.008312770979;0.00613;2;576954.027777778 * compressionZpaq;1;117.060201428068;
2;49393.3333333333 * level + 539951.25 * compressionZpaq + 88806.6666666665 * compression;59.7461585042083;59.7461585042083;59.7461585042083;59.7461585042083;0.016084;3;88806.6666666665 * compression;1;44.2621542667703;
3;49393.3333333332 * level + 473166.902173912 * compressionZpaq + 155591.014492754 * compression + -147628.558352403 * compressionLzo;26.4557219861988;26.4557219861988;26.4557219861988;26.4557219861988;0.038258;4;-147628.558352403 * compressionLzo;1;33.2904365180094;
4;49393.3333333333 * level + 424245.625 * compressionZpaq + 204512.291666667 * compression + -196549.835526316 * compressionLzo + -160741.339285714 * compressionGzip;13.6495153082255;13.6495153082255;13.6495153082255;13.6495153082255;0.071019;5;-160741.339285714 * compressionGzip;1;12.8062066779734;
5;43634.224922207 * level + 423525.73644861 * compressionZpaq + 205232.180218057 * compression + -198179.056984726 * compressionLzo + -160638.498064087 * compressionGzip + 11518.2168222524 * encryption;4.57988042692528;4.57988042692528;4.57988042692528;4.57988042692528;0.119436;6;11518.2168222524 * encryption;1;9.0696348813002;
6;43535.2188250033 * level + 450934.792832408 * compressionZpaq + 177823.123834259 * compression + -170785.633142592 * compressionLzo + -133215.297952117 * compressionGzip + 11716.2290166602 * encryption + 62677.5591907401 * compressionLrzip;3.97869476919314;3.97869476919314;3.97869476919314;3.97869476919314;0.186703;7;62677.5591907401 * compressionLrzip;1;0.601185657732137;
7;42692.337268521 * level + 450935.060561176 * compressionZpaq + 178668.147220886 * compression + -171928.98797047 * compressionLzo + -133215.37444605 * compressionGzip + 11711.4098988333 * encryption + 62677.4826968072 * compressionLrzip + 3622.67620883813 * level7;3.49914071170813;3.49914071170813;3.49914071170813;3.49914071170813;0.271066;8;3622.67620883813 * level7;1;0.479554057485016;
8;42524.5948604211 * level + 450930.509358223 * compressionZpaq + 178799.480005366 * compression + -171965.181513238 * compressionLzo + -133214.07410235 * compressionGzip + 11793.3315519788 * encryption + 62678.7830405075 * compressionLrzip + 3702.39653830021 * level7 + 3245.40513957944 * level9;3.17718462188036;3.17718462188036;3.17718462188036;3.17718462188036;0.378757;9;3245.40513957944 * level9;1;0.321956089827769;
9;42448.8634686609 * level + 450933.626929281 * compressionZpaq + 178900.151965584 * compression + -172776.619063499 * compressionLzo + -133214.964836937 * compressionGzip + 11737.2152729491 * encryption + 62677.8923059198 * compressionLrzip + 4136.39004494241 * level7 + 3321.13653133852 * level9 + 2159.46011395428 * compressionLzo * level2;2.81425571627812;2.81425571627812;2.81425571627812;2.81425571627812;0.514045;11;2159.46011395428 * compressionLzo * level2;2;0.181464452801121;
10;42541.5236884913 * level + 450943.660757229 * compressionZpaq + 178887.762369335 * compression + -172761.088442849 * compressionLzo + -135325.937650299 * compressionGzip + 11556.60636989 * encryption + 62675.0254979348 * compressionLrzip + 4139.53106934366 * level7 + 3228.47631150868 * level9 + 2184.06480509569 * compressionLzo * level2 + 4918.91401254595 * compressionGzip * disableCompressibilityTesting;2.56794635608091;2.56794635608091;2.56794635608091;2.56794635608091;0.690394;13;4918.91401254595 * compressionGzip * disableCompressibilityTesting;2;0.123154680098601;
11;42816.8927337792 * level + 450942.487473592 * compressionZpaq + 178603.007054959 * compression + -172672.52425094 * compressionLzo + -135321.831157573 * compressionGzip + 11577.725475339 * encryption + 62675.3607218308 * compressionLrzip + 3943.33994687598 * level7 + 2953.1072662209 * level9 + 3080.68619832989 * compressionLzo * level2 + 4910.11438527557 * compressionGzip * disableCompressibilityTesting + -989.878719687188 * level2;2.44660303764018;2.44660303764018;2.44660303764018;2.44660303764018;0.914011;14;-989.878719687188 * level2;1;0.121343318440728;
12;42932.4043465591 * level + 450941.536231733 * compressionZpaq + 178479.885507307 * compression + -172939.345756038 * compressionLzo + -135318.501811066 * compressionGzip + 11594.847828802 * encryption + 62675.6325052191 * compressionLrzip + 3553.39689412551 * level7 + 2837.59565344115 * level9 + 3468.99855075082 * compressionLzo * level2 + 4902.98007133226 * compressionGzip * disableCompressibilityTesting + -1115.17453444601 * level2 + 964.568426979472 * level7 * compression;2.36898088578546;2.36898088578546;2.36898088578546;2.36898088578546;1.178606;16;964.568426979472 * level7 * compression;2;0.0388110759273612;
Elapsed=00:00:01.1789752
Learning progress:
1;94580.4109589041 * level + 583817.922374428 * compressionZpaq;67.6182432031817;67.6182432031817;67.6182432031817;67.6182432031817;0.004123;2;583817.922374428 * compressionZpaq;1;80.1818947613504;
2;77282.9850746268 * level + 601115.348258707 * compressionZpaq + 210452.014925373 * compressionLrzip;37.1656661832897;37.1656661832897;37.1656661832897;37.1656661832897;0.015665;3;210452.014925373 * compressionLrzip;1;30.452577019892;
3;56732.5423728814 * level + 621665.790960452 * compressionZpaq + 231002.45762712 * compressionLrzip + 172109.957627119 * compressionBzip2;10.8813129677977;10.8813129677977;10.8813129677977;10.8813129677977;0.034735;4;172109.957627119 * compressionBzip2;1;26.284353215492;
4;56922.4137931036 * level + 621475.919540229 * compressionZpaq + 230812.586206895 * compressionLrzip + 171920.086206896 * compressionBzip2 + -11202.4137931038 * level6;9.58399457474197;9.58399457474197;9.58399457474197;9.58399457474197;0.067457;5;-11202.4137931038 * level6;1;1.29731839305569;
5;57097.3684210525 * level + 621300.964912281 * compressionZpaq + 230637.631578948 * compressionLrzip + 171745.131578948 * compressionBzip2 + -11377.3684210524 * level6 + -10147.3684210525 * level8;8.48947161161516;8.48947161161516;8.48947161161516;8.48947161161516;0.112979;6;-10147.3684210525 * level8;1;1.09452296312681;
6;58501.3333333334 * level + 619897 * compressionZpaq + 229233.666666667 * compressionLrzip + 170341.166666667 * compressionBzip2 + -12781.3333333332 * level6 + -11551.3333333333 * level8 + -6668.83333333317 * level2;8.18918573343071;8.18918573343071;8.18918573343071;8.18918573343071;0.17523;7;-6668.83333333317 * level2;1;0.30028587818445;
7;58501.3333333334 * level + 619897 * compressionZpaq + 229233.666666666 * compressionLrzip + 170341.166666666 * compressionBzip2 + -12781.3333333334 * level6 + -11551.3333333335 * level8 + -10969.9047619046 * level2 + 10322.5714285718 * level2 * encryption;7.75205704495241;7.75205704495241;7.75205704495241;7.75205704495241;0.255705;9;10322.5714285718 * level2 * encryption;2;0.218564344239151;
8;58501.3333333335 * level + 619897 * compressionZpaq + 229233.666666667 * compressionLrzip + 170341.166666667 * compressionBzip2 + -12781.3333333333 * level6 + -11551.3333333332 * level8 + -16282.1176470589 * level2 + 10056.9607843137 * level2 * encryption + 9296.37254901946 * level2 * compressionLzo;6.36404992822662;6.36404992822662;6.36404992822662;6.36404992822662;0.366651;11;9296.37254901946 * level2 * compressionLzo;2;0.694003558362891;
9;58501.3333333334 * level + 619897 * compressionZpaq + 225456.166666667 * compressionLrzip + 170341.166666667 * compressionBzip2 + -12781.3333333333 * level6 + -11551.3333333334 * level8 + -16282.1176470589 * level2 + 10056.9607843136 * level2 * encryption + 9296.37254901945 * level2 * compressionLzo + 11332.5000000007 * compressionLrzip * encryption;6.10853699871902;6.10853699871902;6.10853699871902;6.10853699871902;0.512631;13;11332.5000000007 * compressionLrzip * encryption;2;0.127756464753802;
Elapsed=00:00:00.5129219
Learning progress:
1;88569.0410958904 * level + 589794.292237442 * compressionZpaq;58.5001031522851;58.5001031522851;58.5001031522851;58.5001031522851;0.004049;2;589794.292237442 * compressionZpaq;1;66.090507564331;
2;73704.4117647058 * level + 604658.921568628 * compressionZpaq + 217023.588235294 * compressionLrzip;34.4217993284732;34.4217993284732;34.4217993284732;34.4217993284732;0.014901;3;217023.588235294 * compressionLrzip;1;24.078303823812;
3;56049.1803278688 * level + 622314.153005466 * compressionZpaq + 234678.819672132 * compressionLrzip + 171507.962529274 * compressionBzip2;14.4397207858693;14.4397207858693;14.4397207858693;14.4397207858693;0.036114;4;171507.962529274 * compressionBzip2;1;19.9820785426039;
4;48662.2857142858 * level + 612370.256410256 * compressionZpaq + 224734.923076923 * compressionLrzip + 161564.065934066 * compressionBzip2 + 17330.7912087912 * compression;9.49999971394002;9.49999971394002;9.49999971394002;9.49999971394002;0.069511;5;17330.7912087912 * compression;1;4.93972107192927;
5;48662.2857142857 * level + 583756.190476191 * compressionZpaq + 196120.857142858 * compressionLrzip + 132950.000000001 * compressionBzip2 + 45944.8571428569 * compression + -39156.0902255638 * compressionLzo;7.25429390380915;7.25429390380915;7.25429390380915;7.25429390380915;0.119424;6;-39156.0902255638 * compressionLzo;1;2.24570581013087;
6;43407.9779971884 * level + 584631.90842904 * compressionZpaq + 195770.569961717 * compressionLrzip + 132950 * compressionBzip2 + 44193.4212371582 * compression + -37312.4734827227 * compressionLzo + 12260.0513398937 * encryption;2.68586936946136;2.68586936946136;2.68586936946136;2.68586936946136;0.194073;7;12260.0513398937 * encryption;1;4.56842453434779;
7;42940.9679613837 * level + 584606.513483577 * compressionZpaq + 195780.727939902 * compressionLrzip + 132950 * compressionBzip2 + 44863.5908366661 * compression + -38506.8991468748 * compressionLzo + 11904.5221034127 * encryption + 3613.04830006309 * level7;1.67216649671267;1.67216649671267;1.67216649671267;1.67216649671267;0.285277;8;3613.04830006309 * level7;1;1.01370287274869;
8;42686.1669532025 * level + 584615.960951794 * compressionZpaq + 195776.948952616 * compressionLrzip + 132950 * compressionBzip2 + 45042.8120991186 * compression + -38516.2939962818 * compressionLzo + 12036.7866584388 * encryption + 3705.78177795645 * level7 + 3188.83304679771 * level9;1.55947360148201;1.55947360148201;1.55947360148201;1.55947360148201;0.400541;9;3188.83304679771 * level9;1;0.112692895230668;
Elapsed=00:00:00.4008847
Learning progress:
1;91756.4864864865 * level + 584943.513513512 * compressionZpaq;55.1364778925186;55.1364778925186;55.1364778925186;55.1364778925186;0.003926;2;584943.513513512 * compressionZpaq;1;61.8130384254571;
2;70989.1044776119 * level + 605710.895522387 * compressionZpaq + 219540.895522389 * compressionLrzip;31.1162256927742;31.1162256927742;31.1162256927742;31.1162256927742;0.015143;3;219540.895522389 * compressionLrzip;1;24.0202521997445;
3;56068.0327868852 * level + 620631.967213116 * compressionZpaq + 234461.967213115 * compressionLrzip + 166618.633879781 * compressionBzip2;9.88158132823754;9.88158132823754;9.88158132823754;9.88158132823754;0.034719;4;166618.633879781 * compressionBzip2;1;21.2346443645366;
4;56236.1666666669 * level + 620463.833333332 * compressionZpaq + 234293.833333333 * compressionLrzip + 166450.499999999 * compressionBzip2 + -10256.1666666665 * level9;8.77287486899377;8.77287486899377;8.77287486899377;8.77287486899377;0.068099;5;-10256.1666666665 * level9;1;1.10870645924377;
5;56236.1666666667 * level + 620463.833333333 * compressionZpaq + 234293.833333334 * compressionLrzip + 164051.833333334 * compressionBzip2 + -10256.1666666668 * level9 + 14392.0000000005 * compressionBzip2 * encryption;8.0624643343058;8.0624643343058;8.0624643343058;8.0624643343058;0.11297;7;14392.0000000005 * compressionBzip2 * encryption;2;0.355205267343982;
6;50467.1153846155 * level + 626232.884615384 * compressionZpaq + 240062.884615385 * compressionLrzip + 169820.884615384 * compressionBzip2 + -4487.11538461569 * level9 + 14392.0000000001 * compressionBzip2 * encryption + 43267.8846153848 * compressionGzip;7.79403594945864;7.79403594945864;7.79403594945864;7.79403594945864;0.181346;8;43267.8846153848 * compressionGzip;1;0.268428384847164;
7;45781.9640122512 * level + 626045.478560491 * compressionZpaq + 237787.239663094 * compressionLrzip + 174506.035987749 * compressionBzip2 + 198.035987748968 * level9 + 2210.60643185316 * compressionBzip2 * encryption + 41862.3392036753 * compressionGzip + 12181.393568147 * encryption;3.9408522874246;3.9408522874246;3.9408522874246;3.9408522874246;0.270849;9;12181.393568147 * encryption;1;3.85318366203404;
8;43214.0470652799 * level + 621607.638608687 * compressionZpaq + 233443.44909319 * compressionLrzip + 169848.74747818 * compressionBzip2 + 2765.9529347211 * level9 + 2759.22782626799 * compressionBzip2 * encryption + 37479.3613913137 * compressionGzip + 11632.7721737316 * encryption + 7225.2054565409 * compression;2.19509918942016;2.19509918942016;2.19509918942016;2.19509918942016;0.390651;10;7225.2054565409 * compression;1;1.74575309800444;
9;42535.5411917347 * level + 622719.060729809 * compressionZpaq + 234563.721290923 * compressionLrzip + 170939.519420541 * compressionBzip2 + 3444.45880826513 * level9 + 2810.85327316895 * compressionBzip2 * encryption + 38595.9460571256 * compressionGzip + 11581.1467268312 * encryption + 6812.93938772435 * compression + 3713.34464489029 * level7;1.43658346531835;1.43658346531835;1.43658346531835;1.43658346531835;0.543028;11;3713.34464489029 * level7;1;0.758515724101817;
10;42362.8573658455 * level + 622589.974490232 * compressionZpaq + 234461.650143298 * compressionLrzip + 170902.333767753 * compressionBzip2 + 3617.14263415323 * level9 + 2523.00088069504 * compressionBzip2 * encryption + 38603.6622159844 * compressionGzip + 11520.39356629 * encryption + 6790.40516439063 * compression + 3583.6873339066 * level7 + 581.009255025874 * disableCompressibilityTesting;1.31707233611498;1.31707233611498;1.31707233611498;1.31707233611498;0.730205;12;581.009255025874 * disableCompressibilityTesting;1;0.119511129203369;
Elapsed=00:00:00.7306276
Learning progress:
1;92403.1944444444 * level + 586391.091269841 * compressionZpaq;65.4927145631314;65.4927145631314;65.4927145631314;65.4927145631314;0.005496;2;586391.091269841 * compressionZpaq;1;78.9598077306196;
2;71063.2307692308 * level + 607731.054945054 * compressionZpaq + 219496.769230769 * compressionLrzip;40.9727533037595;40.9727533037595;40.9727533037595;40.9727533037595;0.015354;3;219496.769230769 * compressionLrzip;1;24.5199612593719;
3;55281.3559322033 * level + 623512.929782082 * compressionZpaq + 235278.644067797 * compressionLrzip + 170970.310734463 * compressionBzip2;15.6932847611927;15.6932847611927;15.6932847611927;15.6932847611927;0.036021;4;170970.310734463 * compressionBzip2;1;25.2794685425668;
4;51412.8301886793 * level + 627381.455525607 * compressionZpaq + 239147.169811321 * compressionLrzip + 174838.836477987 * compressionBzip2 + 38040.5031446542 * compressionGzip;7.5476338870955;7.5476338870955;7.5476338870955;7.5476338870955;0.066793;5;38040.5031446542 * compressionGzip;1;8.14565087409722;
5;45311.3179083977 * level + 626091.421500633 * compressionZpaq + 237857.135786346 * compressionLrzip + 174472.745741171 * compressionBzip2 + 41986.147752569 * compressionGzip + 12935.2060341968 * encryption;5.13844379321393;5.13844379321393;5.13844379321393;5.13844379321393;0.112302;6;12935.2060341968 * encryption;1;2.40919009388157;
6;43352.8801387129 * level + 621519.391142701 * compressionZpaq + 233285.105428416 * compressionLrzip + 169833.961866231 * compressionBzip2 + 37035.8474649224 * compressionGzip + 12000.6567960747 * encryption + 7064.49626368566 * compression;3.47334149352408;3.47334149352408;3.47334149352408;3.47334149352408;0.177612;7;7064.49626368566 * compression;1;1.66510229968985;
7;42668.4848807651 * level + 622990.519097135 * compressionZpaq + 234756.23338285 * compressionLrzip + 171291.506653183 * compressionBzip2 + 38430.0041369588 * compressionGzip + 11810.492451327 * encryption + 6386.42890705534 * compression + 3802.30497923454 * level7;3.08334991203353;3.08334991203353;3.08334991203353;3.08334991203353;0.26885;8;3802.30497923454 * level7;1;0.389991581490557;
8;43387.5024960767 * level + 622869.260854358 * compressionZpaq + 234634.975140072 * compressionLrzip + 172390.371718707 * compressionBzip2 + 39332.2684642207 * compressionGzip + 11220.690236541 * encryption + 6125.69937154252 * compression + 3550.68196870005 * level7 + -7573.51222758008 * level1;2.83469285276293;2.83469285276293;2.83469285276293;2.83469285276293;0.381123;9;-7573.51222758008 * level1;1;0.248657059270597;
9;43332.230742451 * level + 623376.228086344 * compressionZpaq + 235141.942372058 * compressionLrzip + 172892.002829661 * compressionBzip2 + 39831.3754652633 * compressionGzip + 11213.1179068083 * encryption + 5678.33093874318 * compression + 3833.96498428685 * level7 + -7544.74078555335 * level1 + 1429.56757472082 * compression * level2;2.50326354067313;2.50326354067313;2.50326354067313;2.50326354067313;0.519369;11;1429.56757472082 * compression * level2;2;0.165714656044898;
Elapsed=00:00:00.5197176
Learning progress:
1;101197.222222222 * level + 576954.027777778 * compressionZpaq;104.008312770979;104.008312770979;104.008312770979;104.008312770979;0.005319;2;576954.027777778 * compressionZpaq;1;117.060201428068;
2;49393.3333333333 * level + 539951.25 * compressionZpaq + 88806.6666666665 * compression;59.7461585042083;59.7461585042083;59.7461585042083;59.7461585042083;0.016278;3;88806.6666666665 * compression;1;44.2621542667703;
3;49393.3333333332 * level + 473166.902173912 * compressionZpaq + 155591.014492754 * compression + -147628.558352403 * compressionLzo;26.4557219861988;26.4557219861988;26.4557219861988;26.4557219861988;0.040197;4;-147628.558352403 * compressionLzo;1;33.2904365180094;
4;49393.3333333333 * level + 424245.625 * compressionZpaq + 204512.291666667 * compression + -196549.835526316 * compressionLzo + -160741.339285714 * compressionGzip;13.6495153082255;13.6495153082255;13.6495153082255;13.6495153082255;0.073197;5;-160741.339285714 * compressionGzip;1;12.8062066779734;
5;43634.224922207 * level + 423525.73644861 * compressionZpaq + 205232.180218057 * compression + -198179.056984726 * compressionLzo + -160638.498064087 * compressionGzip + 11518.2168222524 * encryption;4.57988042692528;4.57988042692528;4.57988042692528;4.57988042692528;0.121492;6;11518.2168222524 * encryption;1;9.0696348813002;
6;43535.2188250033 * level + 450934.792832408 * compressionZpaq + 177823.123834259 * compression + -170785.633142592 * compressionLzo + -133215.297952117 * compressionGzip + 11716.2290166602 * encryption + 62677.5591907401 * compressionLrzip;3.97869476919314;3.97869476919314;3.97869476919314;3.97869476919314;0.189978;7;62677.5591907401 * compressionLrzip;1;0.601185657732137;
7;42692.337268521 * level + 450935.060561176 * compressionZpaq + 178668.147220886 * compression + -171928.98797047 * compressionLzo + -133215.37444605 * compressionGzip + 11711.4098988333 * encryption + 62677.4826968072 * compressionLrzip + 3622.67620883813 * level7;3.49914071170813;3.49914071170813;3.49914071170813;3.49914071170813;0.275486;8;3622.67620883813 * level7;1;0.479554057485016;
8;42524.5948604211 * level + 450930.509358223 * compressionZpaq + 178799.480005366 * compression + -171965.181513238 * compressionLzo + -133214.07410235 * compressionGzip + 11793.3315519788 * encryption + 62678.7830405075 * compressionLrzip + 3702.39653830021 * level7 + 3245.40513957944 * level9;3.17718462188036;3.17718462188036;3.17718462188036;3.17718462188036;0.384765;9;3245.40513957944 * level9;1;0.321956089827769;
9;42448.8634686609 * level + 450933.626929281 * compressionZpaq + 178900.151965584 * compression + -172776.619063499 * compressionLzo + -133214.964836937 * compressionGzip + 11737.2152729491 * encryption + 62677.8923059198 * compressionLrzip + 4136.39004494241 * level7 + 3321.13653133852 * level9 + 2159.46011395428 * compressionLzo * level2;2.81425571627812;2.81425571627812;2.81425571627812;2.81425571627812;0.519866;11;2159.46011395428 * compressionLzo * level2;2;0.181464452801121;
Elapsed=00:00:00.5201905
Learning progress:
1;94580.4109589041 * level + 583817.922374428 * compressionZpaq;67.6182432031817;67.6182432031817;67.6182432031817;67.6182432031817;0.005146;2;583817.922374428 * compressionZpaq;1;80.1818947613504;
2;77282.9850746268 * level + 601115.348258707 * compressionZpaq + 210452.014925373 * compressionLrzip;37.1656661832897;37.1656661832897;37.1656661832897;37.1656661832897;0.016592;3;210452.014925373 * compressionLrzip;1;30.452577019892;
3;56732.5423728814 * level + 621665.790960452 * compressionZpaq + 231002.45762712 * compressionLrzip + 172109.957627119 * compressionBzip2;10.8813129677977;10.8813129677977;10.8813129677977;10.8813129677977;0.036588;4;172109.957627119 * compressionBzip2;1;26.284353215492;
4;56922.4137931036 * level + 621475.919540229 * compressionZpaq + 230812.586206895 * compressionLrzip + 171920.086206896 * compressionBzip2 + -11202.4137931038 * level6;9.58399457474197;9.58399457474197;9.58399457474197;9.58399457474197;0.069143;5;-11202.4137931038 * level6;1;1.29731839305569;
5;57097.3684210525 * level + 621300.964912281 * compressionZpaq + 230637.631578948 * compressionLrzip + 171745.131578948 * compressionBzip2 + -11377.3684210524 * level6 + -10147.3684210525 * level8;8.48947161161516;8.48947161161516;8.48947161161516;8.48947161161516;0.114183;6;-10147.3684210525 * level8;1;1.09452296312681;
6;58501.3333333334 * level + 619897 * compressionZpaq + 229233.666666667 * compressionLrzip + 170341.166666667 * compressionBzip2 + -12781.3333333332 * level6 + -11551.3333333333 * level8 + -6668.83333333317 * level2;8.18918573343071;8.18918573343071;8.18918573343071;8.18918573343071;0.174371;7;-6668.83333333317 * level2;1;0.30028587818445;
Elapsed=00:00:00.1746081
Learning progress:
1;88569.0410958904 * level + 589794.292237442 * compressionZpaq;58.5001031522851;58.5001031522851;58.5001031522851;58.5001031522851;0.004338;2;589794.292237442 * compressionZpaq;1;66.090507564331;
2;73704.4117647058 * level + 604658.921568628 * compressionZpaq + 217023.588235294 * compressionLrzip;34.4217993284732;34.4217993284732;34.4217993284732;34.4217993284732;0.016153;3;217023.588235294 * compressionLrzip;1;24.078303823812;
3;56049.1803278688 * level + 622314.153005466 * compressionZpaq + 234678.819672132 * compressionLrzip + 171507.962529274 * compressionBzip2;14.4397207858693;14.4397207858693;14.4397207858693;14.4397207858693;0.036276;4;171507.962529274 * compressionBzip2;1;19.9820785426039;
4;48662.2857142858 * level + 612370.256410256 * compressionZpaq + 224734.923076923 * compressionLrzip + 161564.065934066 * compressionBzip2 + 17330.7912087912 * compression;9.49999971394002;9.49999971394002;9.49999971394002;9.49999971394002;0.068475;5;17330.7912087912 * compression;1;4.93972107192927;
5;48662.2857142857 * level + 583756.190476191 * compressionZpaq + 196120.857142858 * compressionLrzip + 132950.000000001 * compressionBzip2 + 45944.8571428569 * compression + -39156.0902255638 * compressionLzo;7.25429390380915;7.25429390380915;7.25429390380915;7.25429390380915;0.118234;6;-39156.0902255638 * compressionLzo;1;2.24570581013087;
6;43407.9779971884 * level + 584631.90842904 * compressionZpaq + 195770.569961717 * compressionLrzip + 132950 * compressionBzip2 + 44193.4212371582 * compression + -37312.4734827227 * compressionLzo + 12260.0513398937 * encryption;2.68586936946136;2.68586936946136;2.68586936946136;2.68586936946136;0.191853;7;12260.0513398937 * encryption;1;4.56842453434779;
7;42940.9679613837 * level + 584606.513483577 * compressionZpaq + 195780.727939902 * compressionLrzip + 132950 * compressionBzip2 + 44863.5908366661 * compression + -38506.8991468748 * compressionLzo + 11904.5221034127 * encryption + 3613.04830006309 * level7;1.67216649671267;1.67216649671267;1.67216649671267;1.67216649671267;0.284224;8;3613.04830006309 * level7;1;1.01370287274869;
8;42686.1669532025 * level + 584615.960951794 * compressionZpaq + 195776.948952616 * compressionLrzip + 132950 * compressionBzip2 + 45042.8120991186 * compression + -38516.2939962818 * compressionLzo + 12036.7866584388 * encryption + 3705.78177795645 * level7 + 3188.83304679771 * level9;1.55947360148201;1.55947360148201;1.55947360148201;1.55947360148201;0.400854;9;3188.83304679771 * level9;1;0.112692895230668;
Elapsed=00:00:00.4011951
Learning progress:
1;91756.4864864865 * level + 584943.513513512 * compressionZpaq;55.1364778925186;55.1364778925186;55.1364778925186;55.1364778925186;0.004896;2;584943.513513512 * compressionZpaq;1;61.8130384254571;
2;70989.1044776119 * level + 605710.895522387 * compressionZpaq + 219540.895522389 * compressionLrzip;31.1162256927742;31.1162256927742;31.1162256927742;31.1162256927742;0.01689;3;219540.895522389 * compressionLrzip;1;24.0202521997445;
3;56068.0327868852 * level + 620631.967213116 * compressionZpaq + 234461.967213115 * compressionLrzip + 166618.633879781 * compressionBzip2;9.88158132823754;9.88158132823754;9.88158132823754;9.88158132823754;0.037622;4;166618.633879781 * compressionBzip2;1;21.2346443645366;
4;56236.1666666669 * level + 620463.833333332 * compressionZpaq + 234293.833333333 * compressionLrzip + 166450.499999999 * compressionBzip2 + -10256.1666666665 * level9;8.77287486899377;8.77287486899377;8.77287486899377;8.77287486899377;0.070008;5;-10256.1666666665 * level9;1;1.10870645924377;
5;56236.1666666667 * level + 620463.833333333 * compressionZpaq + 234293.833333334 * compressionLrzip + 164051.833333334 * compressionBzip2 + -10256.1666666668 * level9 + 14392.0000000005 * compressionBzip2 * encryption;8.0624643343058;8.0624643343058;8.0624643343058;8.0624643343058;0.116825;7;14392.0000000005 * compressionBzip2 * encryption;2;0.355205267343982;
Elapsed=00:00:00.1170634
Learning progress:
1;92403.1944444444 * level + 586391.091269841 * compressionZpaq;65.4927145631314;65.4927145631314;65.4927145631314;65.4927145631314;0.004458;2;586391.091269841 * compressionZpaq;1;78.9598077306196;
2;71063.2307692308 * level + 607731.054945054 * compressionZpaq + 219496.769230769 * compressionLrzip;40.9727533037595;40.9727533037595;40.9727533037595;40.9727533037595;0.015623;3;219496.769230769 * compressionLrzip;1;24.5199612593719;
3;55281.3559322033 * level + 623512.929782082 * compressionZpaq + 235278.644067797 * compressionLrzip + 170970.310734463 * compressionBzip2;15.6932847611927;15.6932847611927;15.6932847611927;15.6932847611927;0.034355;4;170970.310734463 * compressionBzip2;1;25.2794685425668;
4;51412.8301886793 * level + 627381.455525607 * compressionZpaq + 239147.169811321 * compressionLrzip + 174838.836477987 * compressionBzip2 + 38040.5031446542 * compressionGzip;7.5476338870955;7.5476338870955;7.5476338870955;7.5476338870955;0.06578;5;38040.5031446542 * compressionGzip;1;8.14565087409722;
5;45311.3179083977 * level + 626091.421500633 * compressionZpaq + 237857.135786346 * compressionLrzip + 174472.745741171 * compressionBzip2 + 41986.147752569 * compressionGzip + 12935.2060341968 * encryption;5.13844379321393;5.13844379321393;5.13844379321393;5.13844379321393;0.110462;6;12935.2060341968 * encryption;1;2.40919009388157;
6;43352.8801387129 * level + 621519.391142701 * compressionZpaq + 233285.105428416 * compressionLrzip + 169833.961866231 * compressionBzip2 + 37035.8474649224 * compressionGzip + 12000.6567960747 * encryption + 7064.49626368566 * compression;3.47334149352408;3.47334149352408;3.47334149352408;3.47334149352408;0.175708;7;7064.49626368566 * compression;1;1.66510229968985;
7;42668.4848807651 * level + 622990.519097135 * compressionZpaq + 234756.23338285 * compressionLrzip + 171291.506653183 * compressionBzip2 + 38430.0041369588 * compressionGzip + 11810.492451327 * encryption + 6386.42890705534 * compression + 3802.30497923454 * level7;3.08334991203353;3.08334991203353;3.08334991203353;3.08334991203353;0.266694;8;3802.30497923454 * level7;1;0.389991581490557;
Elapsed=00:00:00.2670441
Learning progress:
1;101197.222222222 * level + 576954.027777778 * compressionZpaq;104.008312770979;104.008312770979;104.008312770979;104.008312770979;0.005917;2;576954.027777778 * compressionZpaq;1;117.060201428068;
2;49393.3333333333 * level + 539951.25 * compressionZpaq + 88806.6666666665 * compression;59.7461585042083;59.7461585042083;59.7461585042083;59.7461585042083;0.0158;3;88806.6666666665 * compression;1;44.2621542667703;
3;49393.3333333332 * level + 473166.902173912 * compressionZpaq + 155591.014492754 * compression + -147628.558352403 * compressionLzo;26.4557219861988;26.4557219861988;26.4557219861988;26.4557219861988;0.037478;4;-147628.558352403 * compressionLzo;1;33.2904365180094;
4;49393.3333333333 * level + 424245.625 * compressionZpaq + 204512.291666667 * compression + -196549.835526316 * compressionLzo + -160741.339285714 * compressionGzip;13.6495153082255;13.6495153082255;13.6495153082255;13.6495153082255;0.070174;5;-160741.339285714 * compressionGzip;1;12.8062066779734;
5;43634.224922207 * level + 423525.73644861 * compressionZpaq + 205232.180218057 * compression + -198179.056984726 * compressionLzo + -160638.498064087 * compressionGzip + 11518.2168222524 * encryption;4.57988042692528;4.57988042692528;4.57988042692528;4.57988042692528;0.117294;6;11518.2168222524 * encryption;1;9.0696348813002;
6;43535.2188250033 * level + 450934.792832408 * compressionZpaq + 177823.123834259 * compression + -170785.633142592 * compressionLzo + -133215.297952117 * compressionGzip + 11716.2290166602 * encryption + 62677.5591907401 * compressionLrzip;3.97869476919314;3.97869476919314;3.97869476919314;3.97869476919314;0.184304;7;62677.5591907401 * compressionLrzip;1;0.601185657732137;
7;42692.337268521 * level + 450935.060561176 * compressionZpaq + 178668.147220886 * compression + -171928.98797047 * compressionLzo + -133215.37444605 * compressionGzip + 11711.4098988333 * encryption + 62677.4826968072 * compressionLrzip + 3622.67620883813 * level7;3.49914071170813;3.49914071170813;3.49914071170813;3.49914071170813;0.269877;8;3622.67620883813 * level7;1;0.479554057485016;
Elapsed=00:00:00.2701567
Learning progress:
1;94580.4109589041 * level + 583817.922374428 * compressionZpaq;67.6182432031817;67.6182432031817;67.6182432031817;67.6182432031817;0.004319;2;583817.922374428 * compressionZpaq;1;80.1818947613504;
2;77282.9850746268 * level + 601115.348258707 * compressionZpaq + 210452.014925373 * compressionLrzip;37.1656661832897;37.1656661832897;37.1656661832897;37.1656661832897;0.016137;3;210452.014925373 * compressionLrzip;1;30.452577019892;
3;56732.5423728814 * level + 621665.790960452 * compressionZpaq + 231002.45762712 * compressionLrzip + 172109.957627119 * compressionBzip2;10.8813129677977;10.8813129677977;10.8813129677977;10.8813129677977;0.034557;4;172109.957627119 * compressionBzip2;1;26.284353215492;
4;56922.4137931036 * level + 621475.919540229 * compressionZpaq + 230812.586206895 * compressionLrzip + 171920.086206896 * compressionBzip2 + -11202.4137931038 * level6;9.58399457474197;9.58399457474197;9.58399457474197;9.58399457474197;0.065366;5;-11202.4137931038 * level6;1;1.29731839305569;
5;57097.3684210525 * level + 621300.964912281 * compressionZpaq + 230637.631578948 * compressionLrzip + 171745.131578948 * compressionBzip2 + -11377.3684210524 * level6 + -10147.3684210525 * level8;8.48947161161516;8.48947161161516;8.48947161161516;8.48947161161516;0.108971;6;-10147.3684210525 * level8;1;1.09452296312681;
6;58501.3333333334 * level + 619897 * compressionZpaq + 229233.666666667 * compressionLrzip + 170341.166666667 * compressionBzip2 + -12781.3333333332 * level6 + -11551.3333333333 * level8 + -6668.83333333317 * level2;8.18918573343071;8.18918573343071;8.18918573343071;8.18918573343071;0.168829;7;-6668.83333333317 * level2;1;0.30028587818445;
7;58501.3333333334 * level + 619897 * compressionZpaq + 229233.666666666 * compressionLrzip + 170341.166666666 * compressionBzip2 + -12781.3333333334 * level6 + -11551.3333333335 * level8 + -10969.9047619046 * level2 + 10322.5714285718 * level2 * encryption;7.75205704495241;7.75205704495241;7.75205704495241;7.75205704495241;0.250246;9;10322.5714285718 * level2 * encryption;2;0.218564344239151;
8;58501.3333333335 * level + 619897 * compressionZpaq + 229233.666666667 * compressionLrzip + 170341.166666667 * compressionBzip2 + -12781.3333333333 * level6 + -11551.3333333332 * level8 + -16282.1176470589 * level2 + 10056.9607843137 * level2 * encryption + 9296.37254901946 * level2 * compressionLzo;6.36404992822662;6.36404992822662;6.36404992822662;6.36404992822662;0.360301;11;9296.37254901946 * level2 * compressionLzo;2;0.694003558362891;
9;58501.3333333334 * level + 619897 * compressionZpaq + 225456.166666667 * compressionLrzip + 170341.166666667 * compressionBzip2 + -12781.3333333333 * level6 + -11551.3333333334 * level8 + -16282.1176470589 * level2 + 10056.9607843136 * level2 * encryption + 9296.37254901945 * level2 * compressionLzo + 11332.5000000007 * compressionLrzip * encryption;6.10853699871902;6.10853699871902;6.10853699871902;6.10853699871902;0.517292;13;11332.5000000007 * compressionLrzip * encryption;2;0.127756464753802;
10;58501.3333333335 * level + 619896.999999999 * compressionZpaq + 225456.166666666 * compressionLrzip + 164771.166666667 * compressionBzip2 + -12781.3333333333 * level6 + -11551.3333333334 * level8 + -16282.1176470587 * level2 + 10056.9607843137 * level2 * encryption + 9296.37254901964 * level2 * compressionLzo + 11332.4999999995 * compressionLrzip * encryption + 11139.9999999995 * compressionBzip2 * encryption;5.97486769226351;5.97486769226351;5.97486769226351;5.97486769226351;0.701496;15;11139.9999999995 * compressionBzip2 * encryption;2;0.0668346532277564;
Elapsed=00:00:00.7018026
Learning progress:
1;88569.0410958904 * level + 589794.292237442 * compressionZpaq;58.5001031522851;58.5001031522851;58.5001031522851;58.5001031522851;0.005752;2;589794.292237442 * compressionZpaq;1;66.090507564331;
2;73704.4117647058 * level + 604658.921568628 * compressionZpaq + 217023.588235294 * compressionLrzip;34.4217993284732;34.4217993284732;34.4217993284732;34.4217993284732;0.016139;3;217023.588235294 * compressionLrzip;1;24.078303823812;
3;56049.1803278688 * level + 622314.153005466 * compressionZpaq + 234678.819672132 * compressionLrzip + 171507.962529274 * compressionBzip2;14.4397207858693;14.4397207858693;14.4397207858693;14.4397207858693;0.036461;4;171507.962529274 * compressionBzip2;1;19.9820785426039;
4;48662.2857142858 * level + 612370.256410256 * compressionZpaq + 224734.923076923 * compressionLrzip + 161564.065934066 * compressionBzip2 + 17330.7912087912 * compression;9.49999971394002;9.49999971394002;9.49999971394002;9.49999971394002;0.067826;5;17330.7912087912 * compression;1;4.93972107192927;
5;48662.2857142857 * level + 583756.190476191 * compressionZpaq + 196120.857142858 * compressionLrzip + 132950.000000001 * compressionBzip2 + 45944.8571428569 * compression + -39156.0902255638 * compressionLzo;7.25429390380915;7.25429390380915;7.25429390380915;7.25429390380915;0.11784;6;-39156.0902255638 * compressionLzo;1;2.24570581013087;
6;43407.9779971884 * level + 584631.90842904 * compressionZpaq + 195770.569961717 * compressionLrzip + 132950 * compressionBzip2 + 44193.4212371582 * compression + -37312.4734827227 * compressionLzo + 12260.0513398937 * encryption;2.68586936946136;2.68586936946136;2.68586936946136;2.68586936946136;0.188569;7;12260.0513398937 * encryption;1;4.56842453434779;
7;42940.9679613837 * level + 584606.513483577 * compressionZpaq + 195780.727939902 * compressionLrzip + 132950 * compressionBzip2 + 44863.5908366661 * compression + -38506.8991468748 * compressionLzo + 11904.5221034127 * encryption + 3613.04830006309 * level7;1.67216649671267;1.67216649671267;1.67216649671267;1.67216649671267;0.279299;8;3613.04830006309 * level7;1;1.01370287274869;
8;42686.1669532025 * level + 584615.960951794 * compressionZpaq + 195776.948952616 * compressionLrzip + 132950 * compressionBzip2 + 45042.8120991186 * compression + -38516.2939962818 * compressionLzo + 12036.7866584388 * encryption + 3705.78177795645 * level7 + 3188.83304679771 * level9;1.55947360148201;1.55947360148201;1.55947360148201;1.55947360148201;0.394831;9;3188.83304679771 * level9;1;0.112692895230668;
9;42540.0249133124 * level + 584536.214572971 * compressionZpaq + 195701.88571552 * compressionLrzip + 132950 * compressionBzip2 + 44757.3072833331 * compression + -38299.4307906541 * compressionLzo + 11989.9552411829 * encryption + 3913.56294965766 * level7 + 3334.97508668754 * level9 + 534.808943124917 * level3;1.42061675190631;1.42061675190631;1.42061675190631;1.42061675190631;0.538446;10;534.808943124917 * level3;1;0.138856849575702;
10;42145.1571435311 * level + 584483.733441149 * compressionZpaq + 195660.425533647 * compressionLrzip + 132950.000000001 * compressionBzip2 + 44947.4977616677 * compression + -38254.8934741902 * compressionLzo + 11879.7457416944 * encryption + 4255.35569674187 * level7 + 3729.84285646856 * level9 + 847.072116138012 * level3 + 1447.84528978661 * level5;1.20485316766874;1.20485316766874;1.20485316766874;1.20485316766874;0.713411;11;1447.84528978661 * level5;1;0.215763584237569;
11;41689.1019113377 * level + 584453.789574847 * compressionZpaq + 195619.492583489 * compressionLrzip + 132950 * compressionBzip2 + 45113.9989575034 * compression + -38180.9637734798 * compressionLzo + 11989.6365802349 * encryption + 4527.09249151354 * level7 + 4185.89808866255 * level9 + 1111.6245995286 * level3 + 1841.10575709954 * level5 + 3450.89808866243 * level8;0.980042662621418;0.980042662621418;0.980042662621418;0.980042662621418;0.921329;12;3450.89808866243 * level8;1;0.224810505047318;
Elapsed=00:00:00.9217329
Learning progress:
1;91756.4864864865 * level + 584943.513513512 * compressionZpaq;55.1364778925186;55.1364778925186;55.1364778925186;55.1364778925186;0.004125;2;584943.513513512 * compressionZpaq;1;61.8130384254571;
2;70989.1044776119 * level + 605710.895522387 * compressionZpaq + 219540.895522389 * compressionLrzip;31.1162256927742;31.1162256927742;31.1162256927742;31.1162256927742;0.014966;3;219540.895522389 * compressionLrzip;1;24.0202521997445;
3;56068.0327868852 * level + 620631.967213116 * compressionZpaq + 234461.967213115 * compressionLrzip + 166618.633879781 * compressionBzip2;9.88158132823754;9.88158132823754;9.88158132823754;9.88158132823754;0.0346;4;166618.633879781 * compressionBzip2;1;21.2346443645366;
4;56236.1666666669 * level + 620463.833333332 * compressionZpaq + 234293.833333333 * compressionLrzip + 166450.499999999 * compressionBzip2 + -10256.1666666665 * level9;8.77287486899377;8.77287486899377;8.77287486899377;8.77287486899377;0.06782;5;-10256.1666666665 * level9;1;1.10870645924377;
5;56236.1666666667 * level + 620463.833333333 * compressionZpaq + 234293.833333334 * compressionLrzip + 164051.833333334 * compressionBzip2 + -10256.1666666668 * level9 + 14392.0000000005 * compressionBzip2 * encryption;8.0624643343058;8.0624643343058;8.0624643343058;8.0624643343058;0.114555;7;14392.0000000005 * compressionBzip2 * encryption;2;0.355205267343982;
6;50467.1153846155 * level + 626232.884615384 * compressionZpaq + 240062.884615385 * compressionLrzip + 169820.884615384 * compressionBzip2 + -4487.11538461569 * level9 + 14392.0000000001 * compressionBzip2 * encryption + 43267.8846153848 * compressionGzip;7.79403594945864;7.79403594945864;7.79403594945864;7.79403594945864;0.182374;8;43267.8846153848 * compressionGzip;1;0.268428384847164;
7;45781.9640122512 * level + 626045.478560491 * compressionZpaq + 237787.239663094 * compressionLrzip + 174506.035987749 * compressionBzip2 + 198.035987748968 * level9 + 2210.60643185316 * compressionBzip2 * encryption + 41862.3392036753 * compressionGzip + 12181.393568147 * encryption;3.9408522874246;3.9408522874246;3.9408522874246;3.9408522874246;0.272583;9;12181.393568147 * encryption;1;3.85318366203404;
8;43214.0470652799 * level + 621607.638608687 * compressionZpaq + 233443.44909319 * compressionLrzip + 169848.74747818 * compressionBzip2 + 2765.9529347211 * level9 + 2759.22782626799 * compressionBzip2 * encryption + 37479.3613913137 * compressionGzip + 11632.7721737316 * encryption + 7225.2054565409 * compression;2.19509918942016;2.19509918942016;2.19509918942016;2.19509918942016;0.393073;10;7225.2054565409 * compression;1;1.74575309800444;
9;42535.5411917347 * level + 622719.060729809 * compressionZpaq + 234563.721290923 * compressionLrzip + 170939.519420541 * compressionBzip2 + 3444.45880826513 * level9 + 2810.85327316895 * compressionBzip2 * encryption + 38595.9460571256 * compressionGzip + 11581.1467268312 * encryption + 6812.93938772435 * compression + 3713.34464489029 * level7;1.43658346531835;1.43658346531835;1.43658346531835;1.43658346531835;0.548885;11;3713.34464489029 * level7;1;0.758515724101817;
10;42362.8573658455 * level + 622589.974490232 * compressionZpaq + 234461.650143298 * compressionLrzip + 170902.333767753 * compressionBzip2 + 3617.14263415323 * level9 + 2523.00088069504 * compressionBzip2 * encryption + 38603.6622159844 * compressionGzip + 11520.39356629 * encryption + 6790.40516439063 * compression + 3583.6873339066 * level7 + 581.009255025874 * disableCompressibilityTesting;1.31707233611498;1.31707233611498;1.31707233611498;1.31707233611498;0.737176;12;581.009255025874 * disableCompressibilityTesting;1;0.119511129203369;
11;42447.7843205894 * level + 622970.774826109 * compressionZpaq + 234888.940815624 * compressionLrzip + 171183.281605251 * compressionBzip2 + 3532.21567941069 * level9 + 2769.39776914079 * compressionBzip2 * encryption + 39018.3201595843 * compressionGzip + 11254.5905328352 * encryption + 6411.59294214385 * compression + 3553.36198657869 * level7 + 613.352830040424 * disableCompressibilityTesting + 906.754728887965 * encryption * compressionLzo;1.2198900075256;1.2198900075256;1.2198900075256;1.2198900075256;0.964856;14;906.754728887965 * encryption * compressionLzo;2;0.0485911642946917;
Elapsed=00:00:00.9653017
Learning progress:
1;92403.1944444444 * level + 586391.091269841 * compressionZpaq;65.4927145631314;65.4927145631314;65.4927145631314;65.4927145631314;0.006022;2;586391.091269841 * compressionZpaq;1;78.9598077306196;
2;71063.2307692308 * level + 607731.054945054 * compressionZpaq + 219496.769230769 * compressionLrzip;40.9727533037595;40.9727533037595;40.9727533037595;40.9727533037595;0.017276;3;219496.769230769 * compressionLrzip;1;24.5199612593719;
3;55281.3559322033 * level + 623512.929782082 * compressionZpaq + 235278.644067797 * compressionLrzip + 170970.310734463 * compressionBzip2;15.6932847611927;15.6932847611927;15.6932847611927;15.6932847611927;0.037083;4;170970.310734463 * compressionBzip2;1;25.2794685425668;
4;51412.8301886793 * level + 627381.455525607 * compressionZpaq + 239147.169811321 * compressionLrzip + 174838.836477987 * compressionBzip2 + 38040.5031446542 * compressionGzip;7.5476338870955;7.5476338870955;7.5476338870955;7.5476338870955;0.067877;5;38040.5031446542 * compressionGzip;1;8.14565087409722;
5;45311.3179083977 * level + 626091.421500633 * compressionZpaq + 237857.135786346 * compressionLrzip + 174472.745741171 * compressionBzip2 + 41986.147752569 * compressionGzip + 12935.2060341968 * encryption;5.13844379321393;5.13844379321393;5.13844379321393;5.13844379321393;0.114068;6;12935.2060341968 * encryption;1;2.40919009388157;
6;43352.8801387129 * level + 621519.391142701 * compressionZpaq + 233285.105428416 * compressionLrzip + 169833.961866231 * compressionBzip2 + 37035.8474649224 * compressionGzip + 12000.6567960747 * encryption + 7064.49626368566 * compression;3.47334149352408;3.47334149352408;3.47334149352408;3.47334149352408;0.179678;7;7064.49626368566 * compression;1;1.66510229968985;
7;42668.4848807651 * level + 622990.519097135 * compressionZpaq + 234756.23338285 * compressionLrzip + 171291.506653183 * compressionBzip2 + 38430.0041369588 * compressionGzip + 11810.492451327 * encryption + 6386.42890705534 * compression + 3802.30497923454 * level7;3.08334991203353;3.08334991203353;3.08334991203353;3.08334991203353;0.269085;8;3802.30497923454 * level7;1;0.389991581490557;
8;43387.5024960767 * level + 622869.260854358 * compressionZpaq + 234634.975140072 * compressionLrzip + 172390.371718707 * compressionBzip2 + 39332.2684642207 * compressionGzip + 11220.690236541 * encryption + 6125.69937154252 * compression + 3550.68196870005 * level7 + -7573.51222758008 * level1;2.83469285276293;2.83469285276293;2.83469285276293;2.83469285276293;0.382003;9;-7573.51222758008 * level1;1;0.248657059270597;
9;43332.230742451 * level + 623376.228086344 * compressionZpaq + 235141.942372058 * compressionLrzip + 172892.002829661 * compressionBzip2 + 39831.3754652633 * compressionGzip + 11213.1179068083 * encryption + 5678.33093874318 * compression + 3833.96498428685 * level7 + -7544.74078555335 * level1 + 1429.56757472082 * compression * level2;2.50326354067313;2.50326354067313;2.50326354067313;2.50326354067313;0.519053;11;1429.56757472082 * compression * level2;2;0.165714656044898;
10;43509.8434412337 * level + 623306.428914187 * compressionZpaq + 235072.143199901 * compressionLrzip + 172839.543457553 * compressionBzip2 + 39788.5872207642 * compressionGzip + 11242.1312896358 * encryption + 5553.93833621588 * compression + 3701.96951086669 * level7 + -7636.34527892226 * level1 + 2278.1818681543 * compression * level2 + -919.242419385195 * level2;2.30570267510734;2.30570267510734;2.30570267510734;2.30570267510734;0.699682;12;-919.242419385195 * level2;1;0.197560865565795;
11;43638.5455480663 * level + 623828.603202757 * compressionZpaq + 235594.317488471 * compressionLrzip + 173375.708726499 * compressionBzip2 + 40343.3199361481 * compressionGzip + 11297.8336289464 * encryption + 4871.23203263555 * compression + 3098.40666396425 * level7 + -7696.41873004525 * level1 + 2955.31793780334 * compression * level2 + -1075.79569587309 * level2 + 1568.76796736432 * level7 * compression;2.09722306582043;2.09722306582043;2.09722306582043;2.09722306582043;0.923748;14;1568.76796736432 * level7 * compression;2;0.104239804643456;
12;43579.4948202821 * level + 623844.572241429 * compressionZpaq + 235610.286527143 * compressionLrzip + 173393.205238434 * compressionBzip2 + 40416.7080834346 * compressionGzip + 11465.5085350002 * encryption + 4818.49948971783 * compression + 3061.64315971731 * level7 + -7633.72289560856 * level1 + 3100.01902880016 * compression * level2 + -556.90222768955 * level2 + 1621.50051028168 * level7 * compression + -1087.36038685196 * level2 * encryption;1.98749545486269;1.98749545486269;1.98749545486269;1.98749545486269;1.192543;16;-1087.36038685196 * level2 * encryption;2;0.0548638054788669;
Elapsed=00:00:01.1929653
Learning progress:
1;101197.222222222 * level + 576954.027777778 * compressionZpaq;104.008312770979;104.008312770979;104.008312770979;104.008312770979;0.004409;2;576954.027777778 * compressionZpaq;1;117.060201428068;
2;49393.3333333333 * level + 539951.25 * compressionZpaq + 88806.6666666665 * compression;59.7461585042083;59.7461585042083;59.7461585042083;59.7461585042083;0.015497;3;88806.6666666665 * compression;1;44.2621542667703;
3;49393.3333333332 * level + 473166.902173912 * compressionZpaq + 155591.014492754 * compression + -147628.558352403 * compressionLzo;26.4557219861988;26.4557219861988;26.4557219861988;26.4557219861988;0.037273;4;-147628.558352403 * compressionLzo;1;33.2904365180094;
4;49393.3333333333 * level + 424245.625 * compressionZpaq + 204512.291666667 * compression + -196549.835526316 * compressionLzo + -160741.339285714 * compressionGzip;13.6495153082255;13.6495153082255;13.6495153082255;13.6495153082255;0.070606;5;-160741.339285714 * compressionGzip;1;12.8062066779734;
5;43634.224922207 * level + 423525.73644861 * compressionZpaq + 205232.180218057 * compression + -198179.056984726 * compressionLzo + -160638.498064087 * compressionGzip + 11518.2168222524 * encryption;4.57988042692528;4.57988042692528;4.57988042692528;4.57988042692528;0.117153;6;11518.2168222524 * encryption;1;9.0696348813002;
6;43535.2188250033 * level + 450934.792832408 * compressionZpaq + 177823.123834259 * compression + -170785.633142592 * compressionLzo + -133215.297952117 * compressionGzip + 11716.2290166602 * encryption + 62677.5591907401 * compressionLrzip;3.97869476919314;3.97869476919314;3.97869476919314;3.97869476919314;0.185039;7;62677.5591907401 * compressionLrzip;1;0.601185657732137;
7;42692.337268521 * level + 450935.060561176 * compressionZpaq + 178668.147220886 * compression + -171928.98797047 * compressionLzo + -133215.37444605 * compressionGzip + 11711.4098988333 * encryption + 62677.4826968072 * compressionLrzip + 3622.67620883813 * level7;3.49914071170813;3.49914071170813;3.49914071170813;3.49914071170813;0.271507;8;3622.67620883813 * level7;1;0.479554057485016;
8;42524.5948604211 * level + 450930.509358223 * compressionZpaq + 178799.480005366 * compression + -171965.181513238 * compressionLzo + -133214.07410235 * compressionGzip + 11793.3315519788 * encryption + 62678.7830405075 * compressionLrzip + 3702.39653830021 * level7 + 3245.40513957944 * level9;3.17718462188036;3.17718462188036;3.17718462188036;3.17718462188036;0.380146;9;3245.40513957944 * level9;1;0.321956089827769;
9;42448.8634686609 * level + 450933.626929281 * compressionZpaq + 178900.151965584 * compression + -172776.619063499 * compressionLzo + -133214.964836937 * compressionGzip + 11737.2152729491 * encryption + 62677.8923059198 * compressionLrzip + 4136.39004494241 * level7 + 3321.13653133852 * level9 + 2159.46011395428 * compressionLzo * level2;2.81425571627812;2.81425571627812;2.81425571627812;2.81425571627812;0.515314;11;2159.46011395428 * compressionLzo * level2;2;0.181464452801121;
10;42541.5236884913 * level + 450943.660757229 * compressionZpaq + 178887.762369335 * compression + -172761.088442849 * compressionLzo + -135325.937650299 * compressionGzip + 11556.60636989 * encryption + 62675.0254979348 * compressionLrzip + 4139.53106934366 * level7 + 3228.47631150868 * level9 + 2184.06480509569 * compressionLzo * level2 + 4918.91401254595 * compressionGzip * disableCompressibilityTesting;2.56794635608091;2.56794635608091;2.56794635608091;2.56794635608091;0.692742;13;4918.91401254595 * compressionGzip * disableCompressibilityTesting;2;0.123154680098601;
11;42816.8927337792 * level + 450942.487473592 * compressionZpaq + 178603.007054959 * compression + -172672.52425094 * compressionLzo + -135321.831157573 * compressionGzip + 11577.725475339 * encryption + 62675.3607218308 * compressionLrzip + 3943.33994687598 * level7 + 2953.1072662209 * level9 + 3080.68619832989 * compressionLzo * level2 + 4910.11438527557 * compressionGzip * disableCompressibilityTesting + -989.878719687188 * level2;2.44660303764018;2.44660303764018;2.44660303764018;2.44660303764018;0.91768;14;-989.878719687188 * level2;1;0.121343318440728;
12;42932.4043465591 * level + 450941.536231733 * compressionZpaq + 178479.885507307 * compression + -172939.345756038 * compressionLzo + -135318.501811066 * compressionGzip + 11594.847828802 * encryption + 62675.6325052191 * compressionLrzip + 3553.39689412551 * level7 + 2837.59565344115 * level9 + 3468.99855075082 * compressionLzo * level2 + 4902.98007133226 * compressionGzip * disableCompressibilityTesting + -1115.17453444601 * level2 + 964.568426979472 * level7 * compression;2.36898088578546;2.36898088578546;2.36898088578546;2.36898088578546;1.189465;16;964.568426979472 * level7 * compression;2;0.0388110759273612;
Elapsed=00:00:01.1898418
Learning progress:
1;94580.4109589041 * level + 583817.922374428 * compressionZpaq;67.6182432031817;67.6182432031817;67.6182432031817;67.6182432031817;0.004945;2;583817.922374428 * compressionZpaq;1;80.1818947613504;
2;77282.9850746268 * level + 601115.348258707 * compressionZpaq + 210452.014925373 * compressionLrzip;37.1656661832897;37.1656661832897;37.1656661832897;37.1656661832897;0.01648;3;210452.014925373 * compressionLrzip;1;30.452577019892;
3;56732.5423728814 * level + 621665.790960452 * compressionZpaq + 231002.45762712 * compressionLrzip + 172109.957627119 * compressionBzip2;10.8813129677977;10.8813129677977;10.8813129677977;10.8813129677977;0.036085;4;172109.957627119 * compressionBzip2;1;26.284353215492;
4;56922.4137931036 * level + 621475.919540229 * compressionZpaq + 230812.586206895 * compressionLrzip + 171920.086206896 * compressionBzip2 + -11202.4137931038 * level6;9.58399457474197;9.58399457474197;9.58399457474197;9.58399457474197;0.068019;5;-11202.4137931038 * level6;1;1.29731839305569;
5;57097.3684210525 * level + 621300.964912281 * compressionZpaq + 230637.631578948 * compressionLrzip + 171745.131578948 * compressionBzip2 + -11377.3684210524 * level6 + -10147.3684210525 * level8;8.48947161161516;8.48947161161516;8.48947161161516;8.48947161161516;0.1126;6;-10147.3684210525 * level8;1;1.09452296312681;
6;58501.3333333334 * level + 619897 * compressionZpaq + 229233.666666667 * compressionLrzip + 170341.166666667 * compressionBzip2 + -12781.3333333332 * level6 + -11551.3333333333 * level8 + -6668.83333333317 * level2;8.18918573343071;8.18918573343071;8.18918573343071;8.18918573343071;0.173389;7;-6668.83333333317 * level2;1;0.30028587818445;
7;58501.3333333334 * level + 619897 * compressionZpaq + 229233.666666666 * compressionLrzip + 170341.166666666 * compressionBzip2 + -12781.3333333334 * level6 + -11551.3333333335 * level8 + -10969.9047619046 * level2 + 10322.5714285718 * level2 * encryption;7.75205704495241;7.75205704495241;7.75205704495241;7.75205704495241;0.254992;9;10322.5714285718 * level2 * encryption;2;0.218564344239151;
8;58501.3333333335 * level + 619897 * compressionZpaq + 229233.666666667 * compressionLrzip + 170341.166666667 * compressionBzip2 + -12781.3333333333 * level6 + -11551.3333333332 * level8 + -16282.1176470589 * level2 + 10056.9607843137 * level2 * encryption + 9296.37254901946 * level2 * compressionLzo;6.36404992822662;6.36404992822662;6.36404992822662;6.36404992822662;0.367863;11;9296.37254901946 * level2 * compressionLzo;2;0.694003558362891;
9;58501.3333333334 * level + 619897 * compressionZpaq + 225456.166666667 * compressionLrzip + 170341.166666667 * compressionBzip2 + -12781.3333333333 * level6 + -11551.3333333334 * level8 + -16282.1176470589 * level2 + 10056.9607843136 * level2 * encryption + 9296.37254901945 * level2 * compressionLzo + 11332.5000000007 * compressionLrzip * encryption;6.10853699871902;6.10853699871902;6.10853699871902;6.10853699871902;0.51281;13;11332.5000000007 * compressionLrzip * encryption;2;0.127756464753802;
Elapsed=00:00:00.5131077
Learning progress:
1;88569.0410958904 * level + 589794.292237442 * compressionZpaq;58.5001031522851;58.5001031522851;58.5001031522851;58.5001031522851;0.004874;2;589794.292237442 * compressionZpaq;1;66.090507564331;
2;73704.4117647058 * level + 604658.921568628 * compressionZpaq + 217023.588235294 * compressionLrzip;34.4217993284732;34.4217993284732;34.4217993284732;34.4217993284732;0.016004;3;217023.588235294 * compressionLrzip;1;24.078303823812;
3;56049.1803278688 * level + 622314.153005466 * compressionZpaq + 234678.819672132 * compressionLrzip + 171507.962529274 * compressionBzip2;14.4397207858693;14.4397207858693;14.4397207858693;14.4397207858693;0.035686;4;171507.962529274 * compressionBzip2;1;19.9820785426039;
4;48662.2857142858 * level + 612370.256410256 * compressionZpaq + 224734.923076923 * compressionLrzip + 161564.065934066 * compressionBzip2 + 17330.7912087912 * compression;9.49999971394002;9.49999971394002;9.49999971394002;9.49999971394002;0.068005;5;17330.7912087912 * compression;1;4.93972107192927;
5;48662.2857142857 * level + 583756.190476191 * compressionZpaq + 196120.857142858 * compressionLrzip + 132950.000000001 * compressionBzip2 + 45944.8571428569 * compression + -39156.0902255638 * compressionLzo;7.25429390380915;7.25429390380915;7.25429390380915;7.25429390380915;0.119091;6;-39156.0902255638 * compressionLzo;1;2.24570581013087;
6;43407.9779971884 * level + 584631.90842904 * compressionZpaq + 195770.569961717 * compressionLrzip + 132950 * compressionBzip2 + 44193.4212371582 * compression + -37312.4734827227 * compressionLzo + 12260.0513398937 * encryption;2.68586936946136;2.68586936946136;2.68586936946136;2.68586936946136;0.189061;7;12260.0513398937 * encryption;1;4.56842453434779;
7;42940.9679613837 * level + 584606.513483577 * compressionZpaq + 195780.727939902 * compressionLrzip + 132950 * compressionBzip2 + 44863.5908366661 * compression + -38506.8991468748 * compressionLzo + 11904.5221034127 * encryption + 3613.04830006309 * level7;1.67216649671267;1.67216649671267;1.67216649671267;1.67216649671267;0.281832;8;3613.04830006309 * level7;1;1.01370287274869;
8;42686.1669532025 * level + 584615.960951794 * compressionZpaq + 195776.948952616 * compressionLrzip + 132950 * compressionBzip2 + 45042.8120991186 * compression + -38516.2939962818 * compressionLzo + 12036.7866584388 * encryption + 3705.78177795645 * level7 + 3188.83304679771 * level9;1.55947360148201;1.55947360148201;1.55947360148201;1.55947360148201;0.399024;9;3188.83304679771 * level9;1;0.112692895230668;
Elapsed=00:00:00.3993617
Learning progress:
1;91756.4864864865 * level + 584943.513513512 * compressionZpaq;55.1364778925186;55.1364778925186;55.1364778925186;55.1364778925186;0.004522;2;584943.513513512 * compressionZpaq;1;61.8130384254571;
2;70989.1044776119 * level + 605710.895522387 * compressionZpaq + 219540.895522389 * compressionLrzip;31.1162256927742;31.1162256927742;31.1162256927742;31.1162256927742;0.016214;3;219540.895522389 * compressionLrzip;1;24.0202521997445;
3;56068.0327868852 * level + 620631.967213116 * compressionZpaq + 234461.967213115 * compressionLrzip + 166618.633879781 * compressionBzip2;9.88158132823754;9.88158132823754;9.88158132823754;9.88158132823754;0.036664;4;166618.633879781 * compressionBzip2;1;21.2346443645366;
4;56236.1666666669 * level + 620463.833333332 * compressionZpaq + 234293.833333333 * compressionLrzip + 166450.499999999 * compressionBzip2 + -10256.1666666665 * level9;8.77287486899377;8.77287486899377;8.77287486899377;8.77287486899377;0.070004;5;-10256.1666666665 * level9;1;1.10870645924377;
5;56236.1666666667 * level + 620463.833333333 * compressionZpaq + 234293.833333334 * compressionLrzip + 164051.833333334 * compressionBzip2 + -10256.1666666668 * level9 + 14392.0000000005 * compressionBzip2 * encryption;8.0624643343058;8.0624643343058;8.0624643343058;8.0624643343058;0.117628;7;14392.0000000005 * compressionBzip2 * encryption;2;0.355205267343982;
6;50467.1153846155 * level + 626232.884615384 * compressionZpaq + 240062.884615385 * compressionLrzip + 169820.884615384 * compressionBzip2 + -4487.11538461569 * level9 + 14392.0000000001 * compressionBzip2 * encryption + 43267.8846153848 * compressionGzip;7.79403594945864;7.79403594945864;7.79403594945864;7.79403594945864;0.18572;8;43267.8846153848 * compressionGzip;1;0.268428384847164;
7;45781.9640122512 * level + 626045.478560491 * compressionZpaq + 237787.239663094 * compressionLrzip + 174506.035987749 * compressionBzip2 + 198.035987748968 * level9 + 2210.60643185316 * compressionBzip2 * encryption + 41862.3392036753 * compressionGzip + 12181.393568147 * encryption;3.9408522874246;3.9408522874246;3.9408522874246;3.9408522874246;0.273898;9;12181.393568147 * encryption;1;3.85318366203404;
8;43214.0470652799 * level + 621607.638608687 * compressionZpaq + 233443.44909319 * compressionLrzip + 169848.74747818 * compressionBzip2 + 2765.9529347211 * level9 + 2759.22782626799 * compressionBzip2 * encryption + 37479.3613913137 * compressionGzip + 11632.7721737316 * encryption + 7225.2054565409 * compression;2.19509918942016;2.19509918942016;2.19509918942016;2.19509918942016;0.395634;10;7225.2054565409 * compression;1;1.74575309800444;
9;42535.5411917347 * level + 622719.060729809 * compressionZpaq + 234563.721290923 * compressionLrzip + 170939.519420541 * compressionBzip2 + 3444.45880826513 * level9 + 2810.85327316895 * compressionBzip2 * encryption + 38595.9460571256 * compressionGzip + 11581.1467268312 * encryption + 6812.93938772435 * compression + 3713.34464489029 * level7;1.43658346531835;1.43658346531835;1.43658346531835;1.43658346531835;0.551043;11;3713.34464489029 * level7;1;0.758515724101817;
10;42362.8573658455 * level + 622589.974490232 * compressionZpaq + 234461.650143298 * compressionLrzip + 170902.333767753 * compressionBzip2 + 3617.14263415323 * level9 + 2523.00088069504 * compressionBzip2 * encryption + 38603.6622159844 * compressionGzip + 11520.39356629 * encryption + 6790.40516439063 * compression + 3583.6873339066 * level7 + 581.009255025874 * disableCompressibilityTesting;1.31707233611498;1.31707233611498;1.31707233611498;1.31707233611498;0.737757;12;581.009255025874 * disableCompressibilityTesting;1;0.119511129203369;
Elapsed=00:00:00.7381872
Learning progress:
1;92403.1944444444 * level + 586391.091269841 * compressionZpaq;65.4927145631314;65.4927145631314;65.4927145631314;65.4927145631314;0.004912;2;586391.091269841 * compressionZpaq;1;78.9598077306196;
2;71063.2307692308 * level + 607731.054945054 * compressionZpaq + 219496.769230769 * compressionLrzip;40.9727533037595;40.9727533037595;40.9727533037595;40.9727533037595;0.016976;3;219496.769230769 * compressionLrzip;1;24.5199612593719;
3;55281.3559322033 * level + 623512.929782082 * compressionZpaq + 235278.644067797 * compressionLrzip + 170970.310734463 * compressionBzip2;15.6932847611927;15.6932847611927;15.6932847611927;15.6932847611927;0.037167;4;170970.310734463 * compressionBzip2;1;25.2794685425668;
4;51412.8301886793 * level + 627381.455525607 * compressionZpaq + 239147.169811321 * compressionLrzip + 174838.836477987 * compressionBzip2 + 38040.5031446542 * compressionGzip;7.5476338870955;7.5476338870955;7.5476338870955;7.5476338870955;0.069647;5;38040.5031446542 * compressionGzip;1;8.14565087409722;
5;45311.3179083977 * level + 626091.421500633 * compressionZpaq + 237857.135786346 * compressionLrzip + 174472.745741171 * compressionBzip2 + 41986.147752569 * compressionGzip + 12935.2060341968 * encryption;5.13844379321393;5.13844379321393;5.13844379321393;5.13844379321393;0.114869;6;12935.2060341968 * encryption;1;2.40919009388157;
6;43352.8801387129 * level + 621519.391142701 * compressionZpaq + 233285.105428416 * compressionLrzip + 169833.961866231 * compressionBzip2 + 37035.8474649224 * compressionGzip + 12000.6567960747 * encryption + 7064.49626368566 * compression;3.47334149352408;3.47334149352408;3.47334149352408;3.47334149352408;0.179982;7;7064.49626368566 * compression;1;1.66510229968985;
7;42668.4848807651 * level + 622990.519097135 * compressionZpaq + 234756.23338285 * compressionLrzip + 171291.506653183 * compressionBzip2 + 38430.0041369588 * compressionGzip + 11810.492451327 * encryption + 6386.42890705534 * compression + 3802.30497923454 * level7;3.08334991203353;3.08334991203353;3.08334991203353;3.08334991203353;0.271151;8;3802.30497923454 * level7;1;0.389991581490557;
8;43387.5024960767 * level + 622869.260854358 * compressionZpaq + 234634.975140072 * compressionLrzip + 172390.371718707 * compressionBzip2 + 39332.2684642207 * compressionGzip + 11220.690236541 * encryption + 6125.69937154252 * compression + 3550.68196870005 * level7 + -7573.51222758008 * level1;2.83469285276293;2.83469285276293;2.83469285276293;2.83469285276293;0.383218;9;-7573.51222758008 * level1;1;0.248657059270597;
9;43332.230742451 * level + 623376.228086344 * compressionZpaq + 235141.942372058 * compressionLrzip + 172892.002829661 * compressionBzip2 + 39831.3754652633 * compressionGzip + 11213.1179068083 * encryption + 5678.33093874318 * compression + 3833.96498428685 * level7 + -7544.74078555335 * level1 + 1429.56757472082 * compression * level2;2.50326354067313;2.50326354067313;2.50326354067313;2.50326354067313;0.521615;11;1429.56757472082 * compression * level2;2;0.165714656044898;
Elapsed=00:00:00.5219635
Learning progress:
1;101197.222222222 * level + 576954.027777778 * compressionZpaq;104.008312770979;104.008312770979;104.008312770979;104.008312770979;0.00469;2;576954.027777778 * compressionZpaq;1;117.060201428068;
2;49393.3333333333 * level + 539951.25 * compressionZpaq + 88806.6666666665 * compression;59.7461585042083;59.7461585042083;59.7461585042083;59.7461585042083;0.015804;3;88806.6666666665 * compression;1;44.2621542667703;
3;49393.3333333332 * level + 473166.902173912 * compressionZpaq + 155591.014492754 * compression + -147628.558352403 * compressionLzo;26.4557219861988;26.4557219861988;26.4557219861988;26.4557219861988;0.038591;4;-147628.558352403 * compressionLzo;1;33.2904365180094;
4;49393.3333333333 * level + 424245.625 * compressionZpaq + 204512.291666667 * compression + -196549.835526316 * compressionLzo + -160741.339285714 * compressionGzip;13.6495153082255;13.6495153082255;13.6495153082255;13.6495153082255;0.07259;5;-160741.339285714 * compressionGzip;1;12.8062066779734;
5;43634.224922207 * level + 423525.73644861 * compressionZpaq + 205232.180218057 * compression + -198179.056984726 * compressionLzo + -160638.498064087 * compressionGzip + 11518.2168222524 * encryption;4.57988042692528;4.57988042692528;4.57988042692528;4.57988042692528;0.119646;6;11518.2168222524 * encryption;1;9.0696348813002;
6;43535.2188250033 * level + 450934.792832408 * compressionZpaq + 177823.123834259 * compression + -170785.633142592 * compressionLzo + -133215.297952117 * compressionGzip + 11716.2290166602 * encryption + 62677.5591907401 * compressionLrzip;3.97869476919314;3.97869476919314;3.97869476919314;3.97869476919314;0.187961;7;62677.5591907401 * compressionLrzip;1;0.601185657732137;
7;42692.337268521 * level + 450935.060561176 * compressionZpaq + 178668.147220886 * compression + -171928.98797047 * compressionLzo + -133215.37444605 * compressionGzip + 11711.4098988333 * encryption + 62677.4826968072 * compressionLrzip + 3622.67620883813 * level7;3.49914071170813;3.49914071170813;3.49914071170813;3.49914071170813;0.274203;8;3622.67620883813 * level7;1;0.479554057485016;
8;42524.5948604211 * level + 450930.509358223 * compressionZpaq + 178799.480005366 * compression + -171965.181513238 * compressionLzo + -133214.07410235 * compressionGzip + 11793.3315519788 * encryption + 62678.7830405075 * compressionLrzip + 3702.39653830021 * level7 + 3245.40513957944 * level9;3.17718462188036;3.17718462188036;3.17718462188036;3.17718462188036;0.384249;9;3245.40513957944 * level9;1;0.321956089827769;
9;42448.8634686609 * level + 450933.626929281 * compressionZpaq + 178900.151965584 * compression + -172776.619063499 * compressionLzo + -133214.964836937 * compressionGzip + 11737.2152729491 * encryption + 62677.8923059198 * compressionLrzip + 4136.39004494241 * level7 + 3321.13653133852 * level9 + 2159.46011395428 * compressionLzo * level2;2.81425571627812;2.81425571627812;2.81425571627812;2.81425571627812;0.528389;11;2159.46011395428 * compressionLzo * level2;2;0.181464452801121;
Elapsed=00:00:00.5287364
Learning progress:
1;94580.4109589041 * level + 583817.922374428 * compressionZpaq;67.6182432031817;67.6182432031817;67.6182432031817;67.6182432031817;0.006806;2;583817.922374428 * compressionZpaq;1;80.1818947613504;
2;77282.9850746268 * level + 601115.348258707 * compressionZpaq + 210452.014925373 * compressionLrzip;37.1656661832897;37.1656661832897;37.1656661832897;37.1656661832897;0.016761;3;210452.014925373 * compressionLrzip;1;30.452577019892;
3;56732.5423728814 * level + 621665.790960452 * compressionZpaq + 231002.45762712 * compressionLrzip + 172109.957627119 * compressionBzip2;10.8813129677977;10.8813129677977;10.8813129677977;10.8813129677977;0.037336;4;172109.957627119 * compressionBzip2;1;26.284353215492;
4;56922.4137931036 * level + 621475.919540229 * compressionZpaq + 230812.586206895 * compressionLrzip + 171920.086206896 * compressionBzip2 + -11202.4137931038 * level6;9.58399457474197;9.58399457474197;9.58399457474197;9.58399457474197;0.069985;5;-11202.4137931038 * level6;1;1.29731839305569;
5;57097.3684210525 * level + 621300.964912281 * compressionZpaq + 230637.631578948 * compressionLrzip + 171745.131578948 * compressionBzip2 + -11377.3684210524 * level6 + -10147.3684210525 * level8;8.48947161161516;8.48947161161516;8.48947161161516;8.48947161161516;0.11592;6;-10147.3684210525 * level8;1;1.09452296312681;
6;58501.3333333334 * level + 619897 * compressionZpaq + 229233.666666667 * compressionLrzip + 170341.166666667 * compressionBzip2 + -12781.3333333332 * level6 + -11551.3333333333 * level8 + -6668.83333333317 * level2;8.18918573343071;8.18918573343071;8.18918573343071;8.18918573343071;0.175026;7;-6668.83333333317 * level2;1;0.30028587818445;
Elapsed=00:00:00.1752523
Learning progress:
1;88569.0410958904 * level + 589794.292237442 * compressionZpaq;58.5001031522851;58.5001031522851;58.5001031522851;58.5001031522851;0.004311;2;589794.292237442 * compressionZpaq;1;66.090507564331;
2;73704.4117647058 * level + 604658.921568628 * compressionZpaq + 217023.588235294 * compressionLrzip;34.4217993284732;34.4217993284732;34.4217993284732;34.4217993284732;0.015254;3;217023.588235294 * compressionLrzip;1;24.078303823812;
3;56049.1803278688 * level + 622314.153005466 * compressionZpaq + 234678.819672132 * compressionLrzip + 171507.962529274 * compressionBzip2;14.4397207858693;14.4397207858693;14.4397207858693;14.4397207858693;0.035231;4;171507.962529274 * compressionBzip2;1;19.9820785426039;
4;48662.2857142858 * level + 612370.256410256 * compressionZpaq + 224734.923076923 * compressionLrzip + 161564.065934066 * compressionBzip2 + 17330.7912087912 * compression;9.49999971394002;9.49999971394002;9.49999971394002;9.49999971394002;0.068696;5;17330.7912087912 * compression;1;4.93972107192927;
5;48662.2857142857 * level + 583756.190476191 * compressionZpaq + 196120.857142858 * compressionLrzip + 132950.000000001 * compressionBzip2 + 45944.8571428569 * compression + -39156.0902255638 * compressionLzo;7.25429390380915;7.25429390380915;7.25429390380915;7.25429390380915;0.11924;6;-39156.0902255638 * compressionLzo;1;2.24570581013087;
6;43407.9779971884 * level + 584631.90842904 * compressionZpaq + 195770.569961717 * compressionLrzip + 132950 * compressionBzip2 + 44193.4212371582 * compression + -37312.4734827227 * compressionLzo + 12260.0513398937 * encryption;2.68586936946136;2.68586936946136;2.68586936946136;2.68586936946136;0.188292;7;12260.0513398937 * encryption;1;4.56842453434779;
7;42940.9679613837 * level + 584606.513483577 * compressionZpaq + 195780.727939902 * compressionLrzip + 132950 * compressionBzip2 + 44863.5908366661 * compression + -38506.8991468748 * compressionLzo + 11904.5221034127 * encryption + 3613.04830006309 * level7;1.67216649671267;1.67216649671267;1.67216649671267;1.67216649671267;0.280669;8;3613.04830006309 * level7;1;1.01370287274869;
8;42686.1669532025 * level + 584615.960951794 * compressionZpaq + 195776.948952616 * compressionLrzip + 132950 * compressionBzip2 + 45042.8120991186 * compression + -38516.2939962818 * compressionLzo + 12036.7866584388 * encryption + 3705.78177795645 * level7 + 3188.83304679771 * level9;1.55947360148201;1.55947360148201;1.55947360148201;1.55947360148201;0.398608;9;3188.83304679771 * level9;1;0.112692895230668;
Elapsed=00:00:00.3989544
Learning progress:
1;91756.4864864865 * level + 584943.513513512 * compressionZpaq;55.1364778925186;55.1364778925186;55.1364778925186;55.1364778925186;0.005984;2;584943.513513512 * compressionZpaq;1;61.8130384254571;
2;70989.1044776119 * level + 605710.895522387 * compressionZpaq + 219540.895522389 * compressionLrzip;31.1162256927742;31.1162256927742;31.1162256927742;31.1162256927742;0.017437;3;219540.895522389 * compressionLrzip;1;24.0202521997445;
3;56068.0327868852 * level + 620631.967213116 * compressionZpaq + 234461.967213115 * compressionLrzip + 166618.633879781 * compressionBzip2;9.88158132823754;9.88158132823754;9.88158132823754;9.88158132823754;0.039204;4;166618.633879781 * compressionBzip2;1;21.2346443645366;
4;56236.1666666669 * level + 620463.833333332 * compressionZpaq + 234293.833333333 * compressionLrzip + 166450.499999999 * compressionBzip2 + -10256.1666666665 * level9;8.77287486899377;8.77287486899377;8.77287486899377;8.77287486899377;0.07163;5;-10256.1666666665 * level9;1;1.10870645924377;
5;56236.1666666667 * level + 620463.833333333 * compressionZpaq + 234293.833333334 * compressionLrzip + 164051.833333334 * compressionBzip2 + -10256.1666666668 * level9 + 14392.0000000005 * compressionBzip2 * encryption;8.0624643343058;8.0624643343058;8.0624643343058;8.0624643343058;0.117043;7;14392.0000000005 * compressionBzip2 * encryption;2;0.355205267343982;
Elapsed=00:00:00.1172740
Learning progress:
1;92403.1944444444 * level + 586391.091269841 * compressionZpaq;65.4927145631314;65.4927145631314;65.4927145631314;65.4927145631314;0.005606;2;586391.091269841 * compressionZpaq;1;78.9598077306196;
2;71063.2307692308 * level + 607731.054945054 * compressionZpaq + 219496.769230769 * compressionLrzip;40.9727533037595;40.9727533037595;40.9727533037595;40.9727533037595;0.015855;3;219496.769230769 * compressionLrzip;1;24.5199612593719;
3;55281.3559322033 * level + 623512.929782082 * compressionZpaq + 235278.644067797 * compressionLrzip + 170970.310734463 * compressionBzip2;15.6932847611927;15.6932847611927;15.6932847611927;15.6932847611927;0.035635;4;170970.310734463 * compressionBzip2;1;25.2794685425668;
4;51412.8301886793 * level + 627381.455525607 * compressionZpaq + 239147.169811321 * compressionLrzip + 174838.836477987 * compressionBzip2 + 38040.5031446542 * compressionGzip;7.5476338870955;7.5476338870955;7.5476338870955;7.5476338870955;0.06656;5;38040.5031446542 * compressionGzip;1;8.14565087409722;
5;45311.3179083977 * level + 626091.421500633 * compressionZpaq + 237857.135786346 * compressionLrzip + 174472.745741171 * compressionBzip2 + 41986.147752569 * compressionGzip + 12935.2060341968 * encryption;5.13844379321393;5.13844379321393;5.13844379321393;5.13844379321393;0.111893;6;12935.2060341968 * encryption;1;2.40919009388157;
6;43352.8801387129 * level + 621519.391142701 * compressionZpaq + 233285.105428416 * compressionLrzip + 169833.961866231 * compressionBzip2 + 37035.8474649224 * compressionGzip + 12000.6567960747 * encryption + 7064.49626368566 * compression;3.47334149352408;3.47334149352408;3.47334149352408;3.47334149352408;0.177175;7;7064.49626368566 * compression;1;1.66510229968985;
7;42668.4848807651 * level + 622990.519097135 * compressionZpaq + 234756.23338285 * compressionLrzip + 171291.506653183 * compressionBzip2 + 38430.0041369588 * compressionGzip + 11810.492451327 * encryption + 6386.42890705534 * compression + 3802.30497923454 * level7;3.08334991203353;3.08334991203353;3.08334991203353;3.08334991203353;0.268847;8;3802.30497923454 * level7;1;0.389991581490557;
Elapsed=00:00:00.2691536
Learning progress:
1;101197.222222222 * level + 576954.027777778 * compressionZpaq;104.008312770979;104.008312770979;104.008312770979;104.008312770979;0.00458;2;576954.027777778 * compressionZpaq;1;117.060201428068;
2;49393.3333333333 * level + 539951.25 * compressionZpaq + 88806.6666666665 * compression;59.7461585042083;59.7461585042083;59.7461585042083;59.7461585042083;0.015809;3;88806.6666666665 * compression;1;44.2621542667703;
3;49393.3333333332 * level + 473166.902173912 * compressionZpaq + 155591.014492754 * compression + -147628.558352403 * compressionLzo;26.4557219861988;26.4557219861988;26.4557219861988;26.4557219861988;0.038637;4;-147628.558352403 * compressionLzo;1;33.2904365180094;
4;49393.3333333333 * level + 424245.625 * compressionZpaq + 204512.291666667 * compression + -196549.835526316 * compressionLzo + -160741.339285714 * compressionGzip;13.6495153082255;13.6495153082255;13.6495153082255;13.6495153082255;0.072665;5;-160741.339285714 * compressionGzip;1;12.8062066779734;
5;43634.224922207 * level + 423525.73644861 * compressionZpaq + 205232.180218057 * compression + -198179.056984726 * compressionLzo + -160638.498064087 * compressionGzip + 11518.2168222524 * encryption;4.57988042692528;4.57988042692528;4.57988042692528;4.57988042692528;0.120556;6;11518.2168222524 * encryption;1;9.0696348813002;
6;43535.2188250033 * level + 450934.792832408 * compressionZpaq + 177823.123834259 * compression + -170785.633142592 * compressionLzo + -133215.297952117 * compressionGzip + 11716.2290166602 * encryption + 62677.5591907401 * compressionLrzip;3.97869476919314;3.97869476919314;3.97869476919314;3.97869476919314;0.187171;7;62677.5591907401 * compressionLrzip;1;0.601185657732137;
7;42692.337268521 * level + 450935.060561176 * compressionZpaq + 178668.147220886 * compression + -171928.98797047 * compressionLzo + -133215.37444605 * compressionGzip + 11711.4098988333 * encryption + 62677.4826968072 * compressionLrzip + 3622.67620883813 * level7;3.49914071170813;3.49914071170813;3.49914071170813;3.49914071170813;0.271738;8;3622.67620883813 * level7;1;0.479554057485016;
Elapsed=00:00:00.2720126
Learning progress:
1;94580.4109589041 * level + 583817.922374428 * compressionZpaq;67.6182432031817;67.6182432031817;67.6182432031817;67.6182432031817;0.004068;2;583817.922374428 * compressionZpaq;1;80.1818947613504;
2;77282.9850746268 * level + 601115.348258707 * compressionZpaq + 210452.014925373 * compressionLrzip;37.1656661832897;37.1656661832897;37.1656661832897;37.1656661832897;0.016293;3;210452.014925373 * compressionLrzip;1;30.452577019892;
3;56732.5423728814 * level + 621665.790960452 * compressionZpaq + 231002.45762712 * compressionLrzip + 172109.957627119 * compressionBzip2;10.8813129677977;10.8813129677977;10.8813129677977;10.8813129677977;0.035985;4;172109.957627119 * compressionBzip2;1;26.284353215492;
4;56922.4137931036 * level + 621475.919540229 * compressionZpaq + 230812.586206895 * compressionLrzip + 171920.086206896 * compressionBzip2 + -11202.4137931038 * level6;9.58399457474197;9.58399457474197;9.58399457474197;9.58399457474197;0.06803;5;-11202.4137931038 * level6;1;1.29731839305569;
5;57097.3684210525 * level + 621300.964912281 * compressionZpaq + 230637.631578948 * compressionLrzip + 171745.131578948 * compressionBzip2 + -11377.3684210524 * level6 + -10147.3684210525 * level8;8.48947161161516;8.48947161161516;8.48947161161516;8.48947161161516;0.114127;6;-10147.3684210525 * level8;1;1.09452296312681;
6;58501.3333333334 * level + 619897 * compressionZpaq + 229233.666666667 * compressionLrzip + 170341.166666667 * compressionBzip2 + -12781.3333333332 * level6 + -11551.3333333333 * level8 + -6668.83333333317 * level2;8.18918573343071;8.18918573343071;8.18918573343071;8.18918573343071;0.174022;7;-6668.83333333317 * level2;1;0.30028587818445;
7;58501.3333333334 * level + 619897 * compressionZpaq + 229233.666666666 * compressionLrzip + 170341.166666666 * compressionBzip2 + -12781.3333333334 * level6 + -11551.3333333335 * level8 + -10969.9047619046 * level2 + 10322.5714285718 * level2 * encryption;7.75205704495241;7.75205704495241;7.75205704495241;7.75205704495241;0.255893;9;10322.5714285718 * level2 * encryption;2;0.218564344239151;
8;58501.3333333335 * level + 619897 * compressionZpaq + 229233.666666667 * compressionLrzip + 170341.166666667 * compressionBzip2 + -12781.3333333333 * level6 + -11551.3333333332 * level8 + -16282.1176470589 * level2 + 10056.9607843137 * level2 * encryption + 9296.37254901946 * level2 * compressionLzo;6.36404992822662;6.36404992822662;6.36404992822662;6.36404992822662;0.366992;11;9296.37254901946 * level2 * compressionLzo;2;0.694003558362891;
9;58501.3333333334 * level + 619897 * compressionZpaq + 225456.166666667 * compressionLrzip + 170341.166666667 * compressionBzip2 + -12781.3333333333 * level6 + -11551.3333333334 * level8 + -16282.1176470589 * level2 + 10056.9607843136 * level2 * encryption + 9296.37254901945 * level2 * compressionLzo + 11332.5000000007 * compressionLrzip * encryption;6.10853699871902;6.10853699871902;6.10853699871902;6.10853699871902;0.511153;13;11332.5000000007 * compressionLrzip * encryption;2;0.127756464753802;
10;58501.3333333335 * level + 619896.999999999 * compressionZpaq + 225456.166666666 * compressionLrzip + 164771.166666667 * compressionBzip2 + -12781.3333333333 * level6 + -11551.3333333334 * level8 + -16282.1176470587 * level2 + 10056.9607843137 * level2 * encryption + 9296.37254901964 * level2 * compressionLzo + 11332.4999999995 * compressionLrzip * encryption + 11139.9999999995 * compressionBzip2 * encryption;5.97486769226351;5.97486769226351;5.97486769226351;5.97486769226351;0.697579;15;11139.9999999995 * compressionBzip2 * encryption;2;0.0668346532277564;
Elapsed=00:00:00.6978898
Learning progress:
1;88569.0410958904 * level + 589794.292237442 * compressionZpaq;58.5001031522851;58.5001031522851;58.5001031522851;58.5001031522851;0.00445;2;589794.292237442 * compressionZpaq;1;66.090507564331;
2;73704.4117647058 * level + 604658.921568628 * compressionZpaq + 217023.588235294 * compressionLrzip;34.4217993284732;34.4217993284732;34.4217993284732;34.4217993284732;0.015681;3;217023.588235294 * compressionLrzip;1;24.078303823812;
3;56049.1803278688 * level + 622314.153005466 * compressionZpaq + 234678.819672132 * compressionLrzip + 171507.962529274 * compressionBzip2;14.4397207858693;14.4397207858693;14.4397207858693;14.4397207858693;0.035421;4;171507.962529274 * compressionBzip2;1;19.9820785426039;
4;48662.2857142858 * level + 612370.256410256 * compressionZpaq + 224734.923076923 * compressionLrzip + 161564.065934066 * compressionBzip2 + 17330.7912087912 * compression;9.49999971394002;9.49999971394002;9.49999971394002;9.49999971394002;0.069171;5;17330.7912087912 * compression;1;4.93972107192927;
5;48662.2857142857 * level + 583756.190476191 * compressionZpaq + 196120.857142858 * compressionLrzip + 132950.000000001 * compressionBzip2 + 45944.8571428569 * compression + -39156.0902255638 * compressionLzo;7.25429390380915;7.25429390380915;7.25429390380915;7.25429390380915;0.120113;6;-39156.0902255638 * compressionLzo;1;2.24570581013087;
6;43407.9779971884 * level + 584631.90842904 * compressionZpaq + 195770.569961717 * compressionLrzip + 132950 * compressionBzip2 + 44193.4212371582 * compression + -37312.4734827227 * compressionLzo + 12260.0513398937 * encryption;2.68586936946136;2.68586936946136;2.68586936946136;2.68586936946136;0.191305;7;12260.0513398937 * encryption;1;4.56842453434779;
7;42940.9679613837 * level + 584606.513483577 * compressionZpaq + 195780.727939902 * compressionLrzip + 132950 * compressionBzip2 + 44863.5908366661 * compression + -38506.8991468748 * compressionLzo + 11904.5221034127 * encryption + 3613.04830006309 * level7;1.67216649671267;1.67216649671267;1.67216649671267;1.67216649671267;0.281912;8;3613.04830006309 * level7;1;1.01370287274869;
8;42686.1669532025 * level + 584615.960951794 * compressionZpaq + 195776.948952616 * compressionLrzip + 132950 * compressionBzip2 + 45042.8120991186 * compression + -38516.2939962818 * compressionLzo + 12036.7866584388 * encryption + 3705.78177795645 * level7 + 3188.83304679771 * level9;1.55947360148201;1.55947360148201;1.55947360148201;1.55947360148201;0.398435;9;3188.83304679771 * level9;1;0.112692895230668;
9;42540.0249133124 * level + 584536.214572971 * compressionZpaq + 195701.88571552 * compressionLrzip + 132950 * compressionBzip2 + 44757.3072833331 * compression + -38299.4307906541 * compressionLzo + 11989.9552411829 * encryption + 3913.56294965766 * level7 + 3334.97508668754 * level9 + 534.808943124917 * level3;1.42061675190631;1.42061675190631;1.42061675190631;1.42061675190631;0.542144;10;534.808943124917 * level3;1;0.138856849575702;
10;42145.1571435311 * level + 584483.733441149 * compressionZpaq + 195660.425533647 * compressionLrzip + 132950.000000001 * compressionBzip2 + 44947.4977616677 * compression + -38254.8934741902 * compressionLzo + 11879.7457416944 * encryption + 4255.35569674187 * level7 + 3729.84285646856 * level9 + 847.072116138012 * level3 + 1447.84528978661 * level5;1.20485316766874;1.20485316766874;1.20485316766874;1.20485316766874;0.717845;11;1447.84528978661 * level5;1;0.215763584237569;
11;41689.1019113377 * level + 584453.789574847 * compressionZpaq + 195619.492583489 * compressionLrzip + 132950 * compressionBzip2 + 45113.9989575034 * compression + -38180.9637734798 * compressionLzo + 11989.6365802349 * encryption + 4527.09249151354 * level7 + 4185.89808866255 * level9 + 1111.6245995286 * level3 + 1841.10575709954 * level5 + 3450.89808866243 * level8;0.980042662621418;0.980042662621418;0.980042662621418;0.980042662621418;0.927196;12;3450.89808866243 * level8;1;0.224810505047318;
Elapsed=00:00:00.9276011
Learning progress:
1;91756.4864864865 * level + 584943.513513512 * compressionZpaq;55.1364778925186;55.1364778925186;55.1364778925186;55.1364778925186;0.004877;2;584943.513513512 * compressionZpaq;1;61.8130384254571;
2;70989.1044776119 * level + 605710.895522387 * compressionZpaq + 219540.895522389 * compressionLrzip;31.1162256927742;31.1162256927742;31.1162256927742;31.1162256927742;0.01724;3;219540.895522389 * compressionLrzip;1;24.0202521997445;
3;56068.0327868852 * level + 620631.967213116 * compressionZpaq + 234461.967213115 * compressionLrzip + 166618.633879781 * compressionBzip2;9.88158132823754;9.88158132823754;9.88158132823754;9.88158132823754;0.038438;4;166618.633879781 * compressionBzip2;1;21.2346443645366;
4;56236.1666666669 * level + 620463.833333332 * compressionZpaq + 234293.833333333 * compressionLrzip + 166450.499999999 * compressionBzip2 + -10256.1666666665 * level9;8.77287486899377;8.77287486899377;8.77287486899377;8.77287486899377;0.072634;5;-10256.1666666665 * level9;1;1.10870645924377;
5;56236.1666666667 * level + 620463.833333333 * compressionZpaq + 234293.833333334 * compressionLrzip + 164051.833333334 * compressionBzip2 + -10256.1666666668 * level9 + 14392.0000000005 * compressionBzip2 * encryption;8.0624643343058;8.0624643343058;8.0624643343058;8.0624643343058;0.1198;7;14392.0000000005 * compressionBzip2 * encryption;2;0.355205267343982;
6;50467.1153846155 * level + 626232.884615384 * compressionZpaq + 240062.884615385 * compressionLrzip + 169820.884615384 * compressionBzip2 + -4487.11538461569 * level9 + 14392.0000000001 * compressionBzip2 * encryption + 43267.8846153848 * compressionGzip;7.79403594945864;7.79403594945864;7.79403594945864;7.79403594945864;0.18854;8;43267.8846153848 * compressionGzip;1;0.268428384847164;
7;45781.9640122512 * level + 626045.478560491 * compressionZpaq + 237787.239663094 * compressionLrzip + 174506.035987749 * compressionBzip2 + 198.035987748968 * level9 + 2210.60643185316 * compressionBzip2 * encryption + 41862.3392036753 * compressionGzip + 12181.393568147 * encryption;3.9408522874246;3.9408522874246;3.9408522874246;3.9408522874246;0.278944;9;12181.393568147 * encryption;1;3.85318366203404;
8;43214.0470652799 * level + 621607.638608687 * compressionZpaq + 233443.44909319 * compressionLrzip + 169848.74747818 * compressionBzip2 + 2765.9529347211 * level9 + 2759.22782626799 * compressionBzip2 * encryption + 37479.3613913137 * compressionGzip + 11632.7721737316 * encryption + 7225.2054565409 * compression;2.19509918942016;2.19509918942016;2.19509918942016;2.19509918942016;0.400328;10;7225.2054565409 * compression;1;1.74575309800444;
9;42535.5411917347 * level + 622719.060729809 * compressionZpaq + 234563.721290923 * compressionLrzip + 170939.519420541 * compressionBzip2 + 3444.45880826513 * level9 + 2810.85327316895 * compressionBzip2 * encryption + 38595.9460571256 * compressionGzip + 11581.1467268312 * encryption + 6812.93938772435 * compression + 3713.34464489029 * level7;1.43658346531835;1.43658346531835;1.43658346531835;1.43658346531835;0.555144;11;3713.34464489029 * level7;1;0.758515724101817;
10;42362.8573658455 * level + 622589.974490232 * compressionZpaq + 234461.650143298 * compressionLrzip + 170902.333767753 * compressionBzip2 + 3617.14263415323 * level9 + 2523.00088069504 * compressionBzip2 * encryption + 38603.6622159844 * compressionGzip + 11520.39356629 * encryption + 6790.40516439063 * compression + 3583.6873339066 * level7 + 581.009255025874 * disableCompressibilityTesting;1.31707233611498;1.31707233611498;1.31707233611498;1.31707233611498;0.740718;12;581.009255025874 * disableCompressibilityTesting;1;0.119511129203369;
11;42447.7843205894 * level + 622970.774826109 * compressionZpaq + 234888.940815624 * compressionLrzip + 171183.281605251 * compressionBzip2 + 3532.21567941069 * level9 + 2769.39776914079 * compressionBzip2 * encryption + 39018.3201595843 * compressionGzip + 11254.5905328352 * encryption + 6411.59294214385 * compression + 3553.36198657869 * level7 + 613.352830040424 * disableCompressibilityTesting + 906.754728887965 * encryption * compressionLzo;1.2198900075256;1.2198900075256;1.2198900075256;1.2198900075256;0.981897;14;906.754728887965 * encryption * compressionLzo;2;0.0485911642946917;
Elapsed=00:00:00.9824062
Learning progress:
1;92403.1944444444 * level + 586391.091269841 * compressionZpaq;65.4927145631314;65.4927145631314;65.4927145631314;65.4927145631314;0.004179;2;586391.091269841 * compressionZpaq;1;78.9598077306196;
2;71063.2307692308 * level + 607731.054945054 * compressionZpaq + 219496.769230769 * compressionLrzip;40.9727533037595;40.9727533037595;40.9727533037595;40.9727533037595;0.016141;3;219496.769230769 * compressionLrzip;1;24.5199612593719;
3;55281.3559322033 * level + 623512.929782082 * compressionZpaq + 235278.644067797 * compressionLrzip + 170970.310734463 * compressionBzip2;15.6932847611927;15.6932847611927;15.6932847611927;15.6932847611927;0.036421;4;170970.310734463 * compressionBzip2;1;25.2794685425668;
4;51412.8301886793 * level + 627381.455525607 * compressionZpaq + 239147.169811321 * compressionLrzip + 174838.836477987 * compressionBzip2 + 38040.5031446542 * compressionGzip;7.5476338870955;7.5476338870955;7.5476338870955;7.5476338870955;0.069447;5;38040.5031446542 * compressionGzip;1;8.14565087409722;
5;45311.3179083977 * level + 626091.421500633 * compressionZpaq + 237857.135786346 * compressionLrzip + 174472.745741171 * compressionBzip2 + 41986.147752569 * compressionGzip + 12935.2060341968 * encryption;5.13844379321393;5.13844379321393;5.13844379321393;5.13844379321393;0.116527;6;12935.2060341968 * encryption;1;2.40919009388157;
6;43352.8801387129 * level + 621519.391142701 * compressionZpaq + 233285.105428416 * compressionLrzip + 169833.961866231 * compressionBzip2 + 37035.8474649224 * compressionGzip + 12000.6567960747 * encryption + 7064.49626368566 * compression;3.47334149352408;3.47334149352408;3.47334149352408;3.47334149352408;0.180915;7;7064.49626368566 * compression;1;1.66510229968985;
7;42668.4848807651 * level + 622990.519097135 * compressionZpaq + 234756.23338285 * compressionLrzip + 171291.506653183 * compressionBzip2 + 38430.0041369588 * compressionGzip + 11810.492451327 * encryption + 6386.42890705534 * compression + 3802.30497923454 * level7;3.08334991203353;3.08334991203353;3.08334991203353;3.08334991203353;0.269469;8;3802.30497923454 * level7;1;0.389991581490557;
8;43387.5024960767 * level + 622869.260854358 * compressionZpaq + 234634.975140072 * compressionLrzip + 172390.371718707 * compressionBzip2 + 39332.2684642207 * compressionGzip + 11220.690236541 * encryption + 6125.69937154252 * compression + 3550.68196870005 * level7 + -7573.51222758008 * level1;2.83469285276293;2.83469285276293;2.83469285276293;2.83469285276293;0.379628;9;-7573.51222758008 * level1;1;0.248657059270597;
9;43332.230742451 * level + 623376.228086344 * compressionZpaq + 235141.942372058 * compressionLrzip + 172892.002829661 * compressionBzip2 + 39831.3754652633 * compressionGzip + 11213.1179068083 * encryption + 5678.33093874318 * compression + 3833.96498428685 * level7 + -7544.74078555335 * level1 + 1429.56757472082 * compression * level2;2.50326354067313;2.50326354067313;2.50326354067313;2.50326354067313;0.517826;11;1429.56757472082 * compression * level2;2;0.165714656044898;
10;43509.8434412337 * level + 623306.428914187 * compressionZpaq + 235072.143199901 * compressionLrzip + 172839.543457553 * compressionBzip2 + 39788.5872207642 * compressionGzip + 11242.1312896358 * encryption + 5553.93833621588 * compression + 3701.96951086669 * level7 + -7636.34527892226 * level1 + 2278.1818681543 * compression * level2 + -919.242419385195 * level2;2.30570267510734;2.30570267510734;2.30570267510734;2.30570267510734;0.695656;12;-919.242419385195 * level2;1;0.197560865565795;
11;43638.5455480663 * level + 623828.603202757 * compressionZpaq + 235594.317488471 * compressionLrzip + 173375.708726499 * compressionBzip2 + 40343.3199361481 * compressionGzip + 11297.8336289464 * encryption + 4871.23203263555 * compression + 3098.40666396425 * level7 + -7696.41873004525 * level1 + 2955.31793780334 * compression * level2 + -1075.79569587309 * level2 + 1568.76796736432 * level7 * compression;2.09722306582043;2.09722306582043;2.09722306582043;2.09722306582043;0.911141;14;1568.76796736432 * level7 * compression;2;0.104239804643456;
12;43579.4948202821 * level + 623844.572241429 * compressionZpaq + 235610.286527143 * compressionLrzip + 173393.205238434 * compressionBzip2 + 40416.7080834346 * compressionGzip + 11465.5085350002 * encryption + 4818.49948971783 * compression + 3061.64315971731 * level7 + -7633.72289560856 * level1 + 3100.01902880016 * compression * level2 + -556.90222768955 * level2 + 1621.50051028168 * level7 * compression + -1087.36038685196 * level2 * encryption;1.98749545486269;1.98749545486269;1.98749545486269;1.98749545486269;1.179472;16;-1087.36038685196 * level2 * encryption;2;0.0548638054788669;
Elapsed=00:00:01.1798871
Learning progress:
1;101197.222222222 * level + 576954.027777778 * compressionZpaq;104.008312770979;104.008312770979;104.008312770979;104.008312770979;0.005402;2;576954.027777778 * compressionZpaq;1;117.060201428068;
2;49393.3333333333 * level + 539951.25 * compressionZpaq + 88806.6666666665 * compression;59.7461585042083;59.7461585042083;59.7461585042083;59.7461585042083;0.015393;3;88806.6666666665 * compression;1;44.2621542667703;
3;49393.3333333332 * level + 473166.902173912 * compressionZpaq + 155591.014492754 * compression + -147628.558352403 * compressionLzo;26.4557219861988;26.4557219861988;26.4557219861988;26.4557219861988;0.037887;4;-147628.558352403 * compressionLzo;1;33.2904365180094;
4;49393.3333333333 * level + 424245.625 * compressionZpaq + 204512.291666667 * compression + -196549.835526316 * compressionLzo + -160741.339285714 * compressionGzip;13.6495153082255;13.6495153082255;13.6495153082255;13.6495153082255;0.072731;5;-160741.339285714 * compressionGzip;1;12.8062066779734;
5;43634.224922207 * level + 423525.73644861 * compressionZpaq + 205232.180218057 * compression + -198179.056984726 * compressionLzo + -160638.498064087 * compressionGzip + 11518.2168222524 * encryption;4.57988042692528;4.57988042692528;4.57988042692528;4.57988042692528;0.119987;6;11518.2168222524 * encryption;1;9.0696348813002;
6;43535.2188250033 * level + 450934.792832408 * compressionZpaq + 177823.123834259 * compression + -170785.633142592 * compressionLzo + -133215.297952117 * compressionGzip + 11716.2290166602 * encryption + 62677.5591907401 * compressionLrzip;3.97869476919314;3.97869476919314;3.97869476919314;3.97869476919314;0.187226;7;62677.5591907401 * compressionLrzip;1;0.601185657732137;
7;42692.337268521 * level + 450935.060561176 * compressionZpaq + 178668.147220886 * compression + -171928.98797047 * compressionLzo + -133215.37444605 * compressionGzip + 11711.4098988333 * encryption + 62677.4826968072 * compressionLrzip + 3622.67620883813 * level7;3.49914071170813;3.49914071170813;3.49914071170813;3.49914071170813;0.272294;8;3622.67620883813 * level7;1;0.479554057485016;
8;42524.5948604211 * level + 450930.509358223 * compressionZpaq + 178799.480005366 * compression + -171965.181513238 * compressionLzo + -133214.07410235 * compressionGzip + 11793.3315519788 * encryption + 62678.7830405075 * compressionLrzip + 3702.39653830021 * level7 + 3245.40513957944 * level9;3.17718462188036;3.17718462188036;3.17718462188036;3.17718462188036;0.381688;9;3245.40513957944 * level9;1;0.321956089827769;
9;42448.8634686609 * level + 450933.626929281 * compressionZpaq + 178900.151965584 * compression + -172776.619063499 * compressionLzo + -133214.964836937 * compressionGzip + 11737.2152729491 * encryption + 62677.8923059198 * compressionLrzip + 4136.39004494241 * level7 + 3321.13653133852 * level9 + 2159.46011395428 * compressionLzo * level2;2.81425571627812;2.81425571627812;2.81425571627812;2.81425571627812;0.515882;11;2159.46011395428 * compressionLzo * level2;2;0.181464452801121;
10;42541.5236884913 * level + 450943.660757229 * compressionZpaq + 178887.762369335 * compression + -172761.088442849 * compressionLzo + -135325.937650299 * compressionGzip + 11556.60636989 * encryption + 62675.0254979348 * compressionLrzip + 4139.53106934366 * level7 + 3228.47631150868 * level9 + 2184.06480509569 * compressionLzo * level2 + 4918.91401254595 * compressionGzip * disableCompressibilityTesting;2.56794635608091;2.56794635608091;2.56794635608091;2.56794635608091;0.693684;13;4918.91401254595 * compressionGzip * disableCompressibilityTesting;2;0.123154680098601;
11;42816.8927337792 * level + 450942.487473592 * compressionZpaq + 178603.007054959 * compression + -172672.52425094 * compressionLzo + -135321.831157573 * compressionGzip + 11577.725475339 * encryption + 62675.3607218308 * compressionLrzip + 3943.33994687598 * level7 + 2953.1072662209 * level9 + 3080.68619832989 * compressionLzo * level2 + 4910.11438527557 * compressionGzip * disableCompressibilityTesting + -989.878719687188 * level2;2.44660303764018;2.44660303764018;2.44660303764018;2.44660303764018;0.9247;14;-989.878719687188 * level2;1;0.121343318440728;
12;42932.4043465591 * level + 450941.536231733 * compressionZpaq + 178479.885507307 * compression + -172939.345756038 * compressionLzo + -135318.501811066 * compressionGzip + 11594.847828802 * encryption + 62675.6325052191 * compressionLrzip + 3553.39689412551 * level7 + 2837.59565344115 * level9 + 3468.99855075082 * compressionLzo * level2 + 4902.98007133226 * compressionGzip * disableCompressibilityTesting + -1115.17453444601 * level2 + 964.568426979472 * level7 * compression;2.36898088578546;2.36898088578546;2.36898088578546;2.36898088578546;1.188755;16;964.568426979472 * level7 * compression;2;0.0388110759273612;
Elapsed=00:00:01.1891284
Learning progress:
1;94580.4109589041 * level + 583817.922374428 * compressionZpaq;67.6182432031817;67.6182432031817;67.6182432031817;67.6182432031817;0.004752;2;583817.922374428 * compressionZpaq;1;80.1818947613504;
2;77282.9850746268 * level + 601115.348258707 * compressionZpaq + 210452.014925373 * compressionLrzip;37.1656661832897;37.1656661832897;37.1656661832897;37.1656661832897;0.016614;3;210452.014925373 * compressionLrzip;1;30.452577019892;
3;56732.5423728814 * level + 621665.790960452 * compressionZpaq + 231002.45762712 * compressionLrzip + 172109.957627119 * compressionBzip2;10.8813129677977;10.8813129677977;10.8813129677977;10.8813129677977;0.035397;4;172109.957627119 * compressionBzip2;1;26.284353215492;
4;56922.4137931036 * level + 621475.919540229 * compressionZpaq + 230812.586206895 * compressionLrzip + 171920.086206896 * compressionBzip2 + -11202.4137931038 * level6;9.58399457474197;9.58399457474197;9.58399457474197;9.58399457474197;0.067345;5;-11202.4137931038 * level6;1;1.29731839305569;
5;57097.3684210525 * level + 621300.964912281 * compressionZpaq + 230637.631578948 * compressionLrzip + 171745.131578948 * compressionBzip2 + -11377.3684210524 * level6 + -10147.3684210525 * level8;8.48947161161516;8.48947161161516;8.48947161161516;8.48947161161516;0.112209;6;-10147.3684210525 * level8;1;1.09452296312681;
6;58501.3333333334 * level + 619897 * compressionZpaq + 229233.666666667 * compressionLrzip + 170341.166666667 * compressionBzip2 + -12781.3333333332 * level6 + -11551.3333333333 * level8 + -6668.83333333317 * level2;8.18918573343071;8.18918573343071;8.18918573343071;8.18918573343071;0.171415;7;-6668.83333333317 * level2;1;0.30028587818445;
7;58501.3333333334 * level + 619897 * compressionZpaq + 229233.666666666 * compressionLrzip + 170341.166666666 * compressionBzip2 + -12781.3333333334 * level6 + -11551.3333333335 * level8 + -10969.9047619046 * level2 + 10322.5714285718 * level2 * encryption;7.75205704495241;7.75205704495241;7.75205704495241;7.75205704495241;0.25155;9;10322.5714285718 * level2 * encryption;2;0.218564344239151;
8;58501.3333333335 * level + 619897 * compressionZpaq + 229233.666666667 * compressionLrzip + 170341.166666667 * compressionBzip2 + -12781.3333333333 * level6 + -11551.3333333332 * level8 + -16282.1176470589 * level2 + 10056.9607843137 * level2 * encryption + 9296.37254901946 * level2 * compressionLzo;6.36404992822662;6.36404992822662;6.36404992822662;6.36404992822662;0.363593;11;9296.37254901946 * level2 * compressionLzo;2;0.694003558362891;
9;58501.3333333334 * level + 619897 * compressionZpaq + 225456.166666667 * compressionLrzip + 170341.166666667 * compressionBzip2 + -12781.3333333333 * level6 + -11551.3333333334 * level8 + -16282.1176470589 * level2 + 10056.9607843136 * level2 * encryption + 9296.37254901945 * level2 * compressionLzo + 11332.5000000007 * compressionLrzip * encryption;6.10853699871902;6.10853699871902;6.10853699871902;6.10853699871902;0.509983;13;11332.5000000007 * compressionLrzip * encryption;2;0.127756464753802;
Elapsed=00:00:00.5102719
Learning progress:
1;88569.0410958904 * level + 589794.292237442 * compressionZpaq;58.5001031522851;58.5001031522851;58.5001031522851;58.5001031522851;0.005889;2;589794.292237442 * compressionZpaq;1;66.090507564331;
2;73704.4117647058 * level + 604658.921568628 * compressionZpaq + 217023.588235294 * compressionLrzip;34.4217993284732;34.4217993284732;34.4217993284732;34.4217993284732;0.017153;3;217023.588235294 * compressionLrzip;1;24.078303823812;
3;56049.1803278688 * level + 622314.153005466 * compressionZpaq + 234678.819672132 * compressionLrzip + 171507.962529274 * compressionBzip2;14.4397207858693;14.4397207858693;14.4397207858693;14.4397207858693;0.037999;4;171507.962529274 * compressionBzip2;1;19.9820785426039;
4;48662.2857142858 * level + 612370.256410256 * compressionZpaq + 224734.923076923 * compressionLrzip + 161564.065934066 * compressionBzip2 + 17330.7912087912 * compression;9.49999971394002;9.49999971394002;9.49999971394002;9.49999971394002;0.070845;5;17330.7912087912 * compression;1;4.93972107192927;
5;48662.2857142857 * level + 583756.190476191 * compressionZpaq + 196120.857142858 * compressionLrzip + 132950.000000001 * compressionBzip2 + 45944.8571428569 * compression + -39156.0902255638 * compressionLzo;7.25429390380915;7.25429390380915;7.25429390380915;7.25429390380915;0.123191;6;-39156.0902255638 * compressionLzo;1;2.24570581013087;
6;43407.9779971884 * level + 584631.90842904 * compressionZpaq + 195770.569961717 * compressionLrzip + 132950 * compressionBzip2 + 44193.4212371582 * compression + -37312.4734827227 * compressionLzo + 12260.0513398937 * encryption;2.68586936946136;2.68586936946136;2.68586936946136;2.68586936946136;0.193349;7;12260.0513398937 * encryption;1;4.56842453434779;
7;42940.9679613837 * level + 584606.513483577 * compressionZpaq + 195780.727939902 * compressionLrzip + 132950 * compressionBzip2 + 44863.5908366661 * compression + -38506.8991468748 * compressionLzo + 11904.5221034127 * encryption + 3613.04830006309 * level7;1.67216649671267;1.67216649671267;1.67216649671267;1.67216649671267;0.284412;8;3613.04830006309 * level7;1;1.01370287274869;
8;42686.1669532025 * level + 584615.960951794 * compressionZpaq + 195776.948952616 * compressionLrzip + 132950 * compressionBzip2 + 45042.8120991186 * compression + -38516.2939962818 * compressionLzo + 12036.7866584388 * encryption + 3705.78177795645 * level7 + 3188.83304679771 * level9;1.55947360148201;1.55947360148201;1.55947360148201;1.55947360148201;0.398412;9;3188.83304679771 * level9;1;0.112692895230668;
Elapsed=00:00:00.3988012
Learning progress:
1;91756.4864864865 * level + 584943.513513512 * compressionZpaq;55.1364778925186;55.1364778925186;55.1364778925186;55.1364778925186;0.005243;2;584943.513513512 * compressionZpaq;1;61.8130384254571;
2;70989.1044776119 * level + 605710.895522387 * compressionZpaq + 219540.895522389 * compressionLrzip;31.1162256927742;31.1162256927742;31.1162256927742;31.1162256927742;0.016492;3;219540.895522389 * compressionLrzip;1;24.0202521997445;
3;56068.0327868852 * level + 620631.967213116 * compressionZpaq + 234461.967213115 * compressionLrzip + 166618.633879781 * compressionBzip2;9.88158132823754;9.88158132823754;9.88158132823754;9.88158132823754;0.03571;4;166618.633879781 * compressionBzip2;1;21.2346443645366;
4;56236.1666666669 * level + 620463.833333332 * compressionZpaq + 234293.833333333 * compressionLrzip + 166450.499999999 * compressionBzip2 + -10256.1666666665 * level9;8.77287486899377;8.77287486899377;8.77287486899377;8.77287486899377;0.068523;5;-10256.1666666665 * level9;1;1.10870645924377;
5;56236.1666666667 * level + 620463.833333333 * compressionZpaq + 234293.833333334 * compressionLrzip + 164051.833333334 * compressionBzip2 + -10256.1666666668 * level9 + 14392.0000000005 * compressionBzip2 * encryption;8.0624643343058;8.0624643343058;8.0624643343058;8.0624643343058;0.115136;7;14392.0000000005 * compressionBzip2 * encryption;2;0.355205267343982;
6;50467.1153846155 * level + 626232.884615384 * compressionZpaq + 240062.884615385 * compressionLrzip + 169820.884615384 * compressionBzip2 + -4487.11538461569 * level9 + 14392.0000000001 * compressionBzip2 * encryption + 43267.8846153848 * compressionGzip;7.79403594945864;7.79403594945864;7.79403594945864;7.79403594945864;0.182595;8;43267.8846153848 * compressionGzip;1;0.268428384847164;
7;45781.9640122512 * level + 626045.478560491 * compressionZpaq + 237787.239663094 * compressionLrzip + 174506.035987749 * compressionBzip2 + 198.035987748968 * level9 + 2210.60643185316 * compressionBzip2 * encryption + 41862.3392036753 * compressionGzip + 12181.393568147 * encryption;3.9408522874246;3.9408522874246;3.9408522874246;3.9408522874246;0.270754;9;12181.393568147 * encryption;1;3.85318366203404;
8;43214.0470652799 * level + 621607.638608687 * compressionZpaq + 233443.44909319 * compressionLrzip + 169848.74747818 * compressionBzip2 + 2765.9529347211 * level9 + 2759.22782626799 * compressionBzip2 * encryption + 37479.3613913137 * compressionGzip + 11632.7721737316 * encryption + 7225.2054565409 * compression;2.19509918942016;2.19509918942016;2.19509918942016;2.19509918942016;0.39291;10;7225.2054565409 * compression;1;1.74575309800444;
9;42535.5411917347 * level + 622719.060729809 * compressionZpaq + 234563.721290923 * compressionLrzip + 170939.519420541 * compressionBzip2 + 3444.45880826513 * level9 + 2810.85327316895 * compressionBzip2 * encryption + 38595.9460571256 * compressionGzip + 11581.1467268312 * encryption + 6812.93938772435 * compression + 3713.34464489029 * level7;1.43658346531835;1.43658346531835;1.43658346531835;1.43658346531835;0.547232;11;3713.34464489029 * level7;1;0.758515724101817;
10;42362.8573658455 * level + 622589.974490232 * compressionZpaq + 234461.650143298 * compressionLrzip + 170902.333767753 * compressionBzip2 + 3617.14263415323 * level9 + 2523.00088069504 * compressionBzip2 * encryption + 38603.6622159844 * compressionGzip + 11520.39356629 * encryption + 6790.40516439063 * compression + 3583.6873339066 * level7 + 581.009255025874 * disableCompressibilityTesting;1.31707233611498;1.31707233611498;1.31707233611498;1.31707233611498;0.734523;12;581.009255025874 * disableCompressibilityTesting;1;0.119511129203369;
Elapsed=00:00:00.7349384
Learning progress:
1;92403.1944444444 * level + 586391.091269841 * compressionZpaq;65.4927145631314;65.4927145631314;65.4927145631314;65.4927145631314;0.004177;2;586391.091269841 * compressionZpaq;1;78.9598077306196;
2;71063.2307692308 * level + 607731.054945054 * compressionZpaq + 219496.769230769 * compressionLrzip;40.9727533037595;40.9727533037595;40.9727533037595;40.9727533037595;0.015333;3;219496.769230769 * compressionLrzip;1;24.5199612593719;
3;55281.3559322033 * level + 623512.929782082 * compressionZpaq + 235278.644067797 * compressionLrzip + 170970.310734463 * compressionBzip2;15.6932847611927;15.6932847611927;15.6932847611927;15.6932847611927;0.034987;4;170970.310734463 * compressionBzip2;1;25.2794685425668;
4;51412.8301886793 * level + 627381.455525607 * compressionZpaq + 239147.169811321 * compressionLrzip + 174838.836477987 * compressionBzip2 + 38040.5031446542 * compressionGzip;7.5476338870955;7.5476338870955;7.5476338870955;7.5476338870955;0.067514;5;38040.5031446542 * compressionGzip;1;8.14565087409722;
5;45311.3179083977 * level + 626091.421500633 * compressionZpaq + 237857.135786346 * compressionLrzip + 174472.745741171 * compressionBzip2 + 41986.147752569 * compressionGzip + 12935.2060341968 * encryption;5.13844379321393;5.13844379321393;5.13844379321393;5.13844379321393;0.113371;6;12935.2060341968 * encryption;1;2.40919009388157;
6;43352.8801387129 * level + 621519.391142701 * compressionZpaq + 233285.105428416 * compressionLrzip + 169833.961866231 * compressionBzip2 + 37035.8474649224 * compressionGzip + 12000.6567960747 * encryption + 7064.49626368566 * compression;3.47334149352408;3.47334149352408;3.47334149352408;3.47334149352408;0.177959;7;7064.49626368566 * compression;1;1.66510229968985;
7;42668.4848807651 * level + 622990.519097135 * compressionZpaq + 234756.23338285 * compressionLrzip + 171291.506653183 * compressionBzip2 + 38430.0041369588 * compressionGzip + 11810.492451327 * encryption + 6386.42890705534 * compression + 3802.30497923454 * level7;3.08334991203353;3.08334991203353;3.08334991203353;3.08334991203353;0.268156;8;3802.30497923454 * level7;1;0.389991581490557;
8;43387.5024960767 * level + 622869.260854358 * compressionZpaq + 234634.975140072 * compressionLrzip + 172390.371718707 * compressionBzip2 + 39332.2684642207 * compressionGzip + 11220.690236541 * encryption + 6125.69937154252 * compression + 3550.68196870005 * level7 + -7573.51222758008 * level1;2.83469285276293;2.83469285276293;2.83469285276293;2.83469285276293;0.381321;9;-7573.51222758008 * level1;1;0.248657059270597;
9;43332.230742451 * level + 623376.228086344 * compressionZpaq + 235141.942372058 * compressionLrzip + 172892.002829661 * compressionBzip2 + 39831.3754652633 * compressionGzip + 11213.1179068083 * encryption + 5678.33093874318 * compression + 3833.96498428685 * level7 + -7544.74078555335 * level1 + 1429.56757472082 * compression * level2;2.50326354067313;2.50326354067313;2.50326354067313;2.50326354067313;0.519792;11;1429.56757472082 * compression * level2;2;0.165714656044898;
Elapsed=00:00:00.5201405
Learning progress:
1;101197.222222222 * level + 576954.027777778 * compressionZpaq;104.008312770979;104.008312770979;104.008312770979;104.008312770979;0.005938;2;576954.027777778 * compressionZpaq;1;117.060201428068;
2;49393.3333333333 * level + 539951.25 * compressionZpaq + 88806.6666666665 * compression;59.7461585042083;59.7461585042083;59.7461585042083;59.7461585042083;0.017032;3;88806.6666666665 * compression;1;44.2621542667703;
3;49393.3333333332 * level + 473166.902173912 * compressionZpaq + 155591.014492754 * compression + -147628.558352403 * compressionLzo;26.4557219861988;26.4557219861988;26.4557219861988;26.4557219861988;0.040292;4;-147628.558352403 * compressionLzo;1;33.2904365180094;
4;49393.3333333333 * level + 424245.625 * compressionZpaq + 204512.291666667 * compression + -196549.835526316 * compressionLzo + -160741.339285714 * compressionGzip;13.6495153082255;13.6495153082255;13.6495153082255;13.6495153082255;0.079934;5;-160741.339285714 * compressionGzip;1;12.8062066779734;
5;43634.224922207 * level + 423525.73644861 * compressionZpaq + 205232.180218057 * compression + -198179.056984726 * compressionLzo + -160638.498064087 * compressionGzip + 11518.2168222524 * encryption;4.57988042692528;4.57988042692528;4.57988042692528;4.57988042692528;0.128082;6;11518.2168222524 * encryption;1;9.0696348813002;
6;43535.2188250033 * level + 450934.792832408 * compressionZpaq + 177823.123834259 * compression + -170785.633142592 * compressionLzo + -133215.297952117 * compressionGzip + 11716.2290166602 * encryption + 62677.5591907401 * compressionLrzip;3.97869476919314;3.97869476919314;3.97869476919314;3.97869476919314;0.195664;7;62677.5591907401 * compressionLrzip;1;0.601185657732137;
7;42692.337268521 * level + 450935.060561176 * compressionZpaq + 178668.147220886 * compression + -171928.98797047 * compressionLzo + -133215.37444605 * compressionGzip + 11711.4098988333 * encryption + 62677.4826968072 * compressionLrzip + 3622.67620883813 * level7;3.49914071170813;3.49914071170813;3.49914071170813;3.49914071170813;0.28095;8;3622.67620883813 * level7;1;0.479554057485016;
8;42524.5948604211 * level + 450930.509358223 * compressionZpaq + 178799.480005366 * compression + -171965.181513238 * compressionLzo + -133214.07410235 * compressionGzip + 11793.3315519788 * encryption + 62678.7830405075 * compressionLrzip + 3702.39653830021 * level7 + 3245.40513957944 * level9;3.17718462188036;3.17718462188036;3.17718462188036;3.17718462188036;0.390895;9;3245.40513957944 * level9;1;0.321956089827769;
9;42448.8634686609 * level + 450933.626929281 * compressionZpaq + 178900.151965584 * compression + -172776.619063499 * compressionLzo + -133214.964836937 * compressionGzip + 11737.2152729491 * encryption + 62677.8923059198 * compressionLrzip + 4136.39004494241 * level7 + 3321.13653133852 * level9 + 2159.46011395428 * compressionLzo * level2;2.81425571627812;2.81425571627812;2.81425571627812;2.81425571627812;0.525149;11;2159.46011395428 * compressionLzo * level2;2;0.181464452801121;
Elapsed=00:00:00.5254534
Learning progress:
1;94580.4109589041 * level + 583817.922374428 * compressionZpaq;67.6182432031817;67.6182432031817;67.6182432031817;67.6182432031817;0.004854;2;583817.922374428 * compressionZpaq;1;80.1818947613504;
2;77282.9850746268 * level + 601115.348258707 * compressionZpaq + 210452.014925373 * compressionLrzip;37.1656661832897;37.1656661832897;37.1656661832897;37.1656661832897;0.016792;3;210452.014925373 * compressionLrzip;1;30.452577019892;
3;56732.5423728814 * level + 621665.790960452 * compressionZpaq + 231002.45762712 * compressionLrzip + 172109.957627119 * compressionBzip2;10.8813129677977;10.8813129677977;10.8813129677977;10.8813129677977;0.037242;4;172109.957627119 * compressionBzip2;1;26.284353215492;
4;56922.4137931036 * level + 621475.919540229 * compressionZpaq + 230812.586206895 * compressionLrzip + 171920.086206896 * compressionBzip2 + -11202.4137931038 * level6;9.58399457474197;9.58399457474197;9.58399457474197;9.58399457474197;0.068375;5;-11202.4137931038 * level6;1;1.29731839305569;
5;57097.3684210525 * level + 621300.964912281 * compressionZpaq + 230637.631578948 * compressionLrzip + 171745.131578948 * compressionBzip2 + -11377.3684210524 * level6 + -10147.3684210525 * level8;8.48947161161516;8.48947161161516;8.48947161161516;8.48947161161516;0.113397;6;-10147.3684210525 * level8;1;1.09452296312681;
6;58501.3333333334 * level + 619897 * compressionZpaq + 229233.666666667 * compressionLrzip + 170341.166666667 * compressionBzip2 + -12781.3333333332 * level6 + -11551.3333333333 * level8 + -6668.83333333317 * level2;8.18918573343071;8.18918573343071;8.18918573343071;8.18918573343071;0.174143;7;-6668.83333333317 * level2;1;0.30028587818445;
Elapsed=00:00:00.1743716
Learning progress:
1;88569.0410958904 * level + 589794.292237442 * compressionZpaq;58.5001031522851;58.5001031522851;58.5001031522851;58.5001031522851;0.004296;2;589794.292237442 * compressionZpaq;1;66.090507564331;
2;73704.4117647058 * level + 604658.921568628 * compressionZpaq + 217023.588235294 * compressionLrzip;34.4217993284732;34.4217993284732;34.4217993284732;34.4217993284732;0.016259;3;217023.588235294 * compressionLrzip;1;24.078303823812;
3;56049.1803278688 * level + 622314.153005466 * compressionZpaq + 234678.819672132 * compressionLrzip + 171507.962529274 * compressionBzip2;14.4397207858693;14.4397207858693;14.4397207858693;14.4397207858693;0.036485;4;171507.962529274 * compressionBzip2;1;19.9820785426039;
4;48662.2857142858 * level + 612370.256410256 * compressionZpaq + 224734.923076923 * compressionLrzip + 161564.065934066 * compressionBzip2 + 17330.7912087912 * compression;9.49999971394002;9.49999971394002;9.49999971394002;9.49999971394002;0.069791;5;17330.7912087912 * compression;1;4.93972107192927;
5;48662.2857142857 * level + 583756.190476191 * compressionZpaq + 196120.857142858 * compressionLrzip + 132950.000000001 * compressionBzip2 + 45944.8571428569 * compression + -39156.0902255638 * compressionLzo;7.25429390380915;7.25429390380915;7.25429390380915;7.25429390380915;0.120248;6;-39156.0902255638 * compressionLzo;1;2.24570581013087;
6;43407.9779971884 * level + 584631.90842904 * compressionZpaq + 195770.569961717 * compressionLrzip + 132950 * compressionBzip2 + 44193.4212371582 * compression + -37312.4734827227 * compressionLzo + 12260.0513398937 * encryption;2.68586936946136;2.68586936946136;2.68586936946136;2.68586936946136;0.189723;7;12260.0513398937 * encryption;1;4.56842453434779;
7;42940.9679613837 * level + 584606.513483577 * compressionZpaq + 195780.727939902 * compressionLrzip + 132950 * compressionBzip2 + 44863.5908366661 * compression + -38506.8991468748 * compressionLzo + 11904.5221034127 * encryption + 3613.04830006309 * level7;1.67216649671267;1.67216649671267;1.67216649671267;1.67216649671267;0.282528;8;3613.04830006309 * level7;1;1.01370287274869;
8;42686.1669532025 * level + 584615.960951794 * compressionZpaq + 195776.948952616 * compressionLrzip + 132950 * compressionBzip2 + 45042.8120991186 * compression + -38516.2939962818 * compressionLzo + 12036.7866584388 * encryption + 3705.78177795645 * level7 + 3188.83304679771 * level9;1.55947360148201;1.55947360148201;1.55947360148201;1.55947360148201;0.399077;9;3188.83304679771 * level9;1;0.112692895230668;
Elapsed=00:00:00.3994228
Learning progress:
1;91756.4864864865 * level + 584943.513513512 * compressionZpaq;55.1364778925186;55.1364778925186;55.1364778925186;55.1364778925186;0.005959;2;584943.513513512 * compressionZpaq;1;61.8130384254571;
2;70989.1044776119 * level + 605710.895522387 * compressionZpaq + 219540.895522389 * compressionLrzip;31.1162256927742;31.1162256927742;31.1162256927742;31.1162256927742;0.016432;3;219540.895522389 * compressionLrzip;1;24.0202521997445;
3;56068.0327868852 * level + 620631.967213116 * compressionZpaq + 234461.967213115 * compressionLrzip + 166618.633879781 * compressionBzip2;9.88158132823754;9.88158132823754;9.88158132823754;9.88158132823754;0.03743;4;166618.633879781 * compressionBzip2;1;21.2346443645366;
4;56236.1666666669 * level + 620463.833333332 * compressionZpaq + 234293.833333333 * compressionLrzip + 166450.499999999 * compressionBzip2 + -10256.1666666665 * level9;8.77287486899377;8.77287486899377;8.77287486899377;8.77287486899377;0.070961;5;-10256.1666666665 * level9;1;1.10870645924377;
5;56236.1666666667 * level + 620463.833333333 * compressionZpaq + 234293.833333334 * compressionLrzip + 164051.833333334 * compressionBzip2 + -10256.1666666668 * level9 + 14392.0000000005 * compressionBzip2 * encryption;8.0624643343058;8.0624643343058;8.0624643343058;8.0624643343058;0.118211;7;14392.0000000005 * compressionBzip2 * encryption;2;0.355205267343982;
Elapsed=00:00:00.1184430
Learning progress:
1;92403.1944444444 * level + 586391.091269841 * compressionZpaq;65.4927145631314;65.4927145631314;65.4927145631314;65.4927145631314;0.004617;2;586391.091269841 * compressionZpaq;1;78.9598077306196;
2;71063.2307692308 * level + 607731.054945054 * compressionZpaq + 219496.769230769 * compressionLrzip;40.9727533037595;40.9727533037595;40.9727533037595;40.9727533037595;0.016773;3;219496.769230769 * compressionLrzip;1;24.5199612593719;
3;55281.3559322033 * level + 623512.929782082 * compressionZpaq + 235278.644067797 * compressionLrzip + 170970.310734463 * compressionBzip2;15.6932847611927;15.6932847611927;15.6932847611927;15.6932847611927;0.036145;4;170970.310734463 * compressionBzip2;1;25.2794685425668;
4;51412.8301886793 * level + 627381.455525607 * compressionZpaq + 239147.169811321 * compressionLrzip + 174838.836477987 * compressionBzip2 + 38040.5031446542 * compressionGzip;7.5476338870955;7.5476338870955;7.5476338870955;7.5476338870955;0.06845;5;38040.5031446542 * compressionGzip;1;8.14565087409722;
5;45311.3179083977 * level + 626091.421500633 * compressionZpaq + 237857.135786346 * compressionLrzip + 174472.745741171 * compressionBzip2 + 41986.147752569 * compressionGzip + 12935.2060341968 * encryption;5.13844379321393;5.13844379321393;5.13844379321393;5.13844379321393;0.114449;6;12935.2060341968 * encryption;1;2.40919009388157;
6;43352.8801387129 * level + 621519.391142701 * compressionZpaq + 233285.105428416 * compressionLrzip + 169833.961866231 * compressionBzip2 + 37035.8474649224 * compressionGzip + 12000.6567960747 * encryption + 7064.49626368566 * compression;3.47334149352408;3.47334149352408;3.47334149352408;3.47334149352408;0.179992;7;7064.49626368566 * compression;1;1.66510229968985;
7;42668.4848807651 * level + 622990.519097135 * compressionZpaq + 234756.23338285 * compressionLrzip + 171291.506653183 * compressionBzip2 + 38430.0041369588 * compressionGzip + 11810.492451327 * encryption + 6386.42890705534 * compression + 3802.30497923454 * level7;3.08334991203353;3.08334991203353;3.08334991203353;3.08334991203353;0.268887;8;3802.30497923454 * level7;1;0.389991581490557;
Elapsed=00:00:00.2691965
Learning progress:
1;101197.222222222 * level + 576954.027777778 * compressionZpaq;104.008312770979;104.008312770979;104.008312770979;104.008312770979;0.00566;2;576954.027777778 * compressionZpaq;1;117.060201428068;
2;49393.3333333333 * level + 539951.25 * compressionZpaq + 88806.6666666665 * compression;59.7461585042083;59.7461585042083;59.7461585042083;59.7461585042083;0.016481;3;88806.6666666665 * compression;1;44.2621542667703;
3;49393.3333333332 * level + 473166.902173912 * compressionZpaq + 155591.014492754 * compression + -147628.558352403 * compressionLzo;26.4557219861988;26.4557219861988;26.4557219861988;26.4557219861988;0.039841;4;-147628.558352403 * compressionLzo;1;33.2904365180094;
4;49393.3333333333 * level + 424245.625 * compressionZpaq + 204512.291666667 * compression + -196549.835526316 * compressionLzo + -160741.339285714 * compressionGzip;13.6495153082255;13.6495153082255;13.6495153082255;13.6495153082255;0.074061;5;-160741.339285714 * compressionGzip;1;12.8062066779734;
5;43634.224922207 * level + 423525.73644861 * compressionZpaq + 205232.180218057 * compression + -198179.056984726 * compressionLzo + -160638.498064087 * compressionGzip + 11518.2168222524 * encryption;4.57988042692528;4.57988042692528;4.57988042692528;4.57988042692528;0.120417;6;11518.2168222524 * encryption;1;9.0696348813002;
6;43535.2188250033 * level + 450934.792832408 * compressionZpaq + 177823.123834259 * compression + -170785.633142592 * compressionLzo + -133215.297952117 * compressionGzip + 11716.2290166602 * encryption + 62677.5591907401 * compressionLrzip;3.97869476919314;3.97869476919314;3.97869476919314;3.97869476919314;0.188584;7;62677.5591907401 * compressionLrzip;1;0.601185657732137;
7;42692.337268521 * level + 450935.060561176 * compressionZpaq + 178668.147220886 * compression + -171928.98797047 * compressionLzo + -133215.37444605 * compressionGzip + 11711.4098988333 * encryption + 62677.4826968072 * compressionLrzip + 3622.67620883813 * level7;3.49914071170813;3.49914071170813;3.49914071170813;3.49914071170813;0.273859;8;3622.67620883813 * level7;1;0.479554057485016;
Elapsed=00:00:00.2741536
Learning progress:
1;94580.4109589041 * level + 583817.922374428 * compressionZpaq;67.6182432031817;67.6182432031817;67.6182432031817;67.6182432031817;0.004459;2;583817.922374428 * compressionZpaq;1;80.1818947613504;
2;77282.9850746268 * level + 601115.348258707 * compressionZpaq + 210452.014925373 * compressionLrzip;37.1656661832897;37.1656661832897;37.1656661832897;37.1656661832897;0.01594;3;210452.014925373 * compressionLrzip;1;30.452577019892;
3;56732.5423728814 * level + 621665.790960452 * compressionZpaq + 231002.45762712 * compressionLrzip + 172109.957627119 * compressionBzip2;10.8813129677977;10.8813129677977;10.8813129677977;10.8813129677977;0.035763;4;172109.957627119 * compressionBzip2;1;26.284353215492;
4;56922.4137931036 * level + 621475.919540229 * compressionZpaq + 230812.586206895 * compressionLrzip + 171920.086206896 * compressionBzip2 + -11202.4137931038 * level6;9.58399457474197;9.58399457474197;9.58399457474197;9.58399457474197;0.06629;5;-11202.4137931038 * level6;1;1.29731839305569;
5;57097.3684210525 * level + 621300.964912281 * compressionZpaq + 230637.631578948 * compressionLrzip + 171745.131578948 * compressionBzip2 + -11377.3684210524 * level6 + -10147.3684210525 * level8;8.48947161161516;8.48947161161516;8.48947161161516;8.48947161161516;0.110504;6;-10147.3684210525 * level8;1;1.09452296312681;
6;58501.3333333334 * level + 619897 * compressionZpaq + 229233.666666667 * compressionLrzip + 170341.166666667 * compressionBzip2 + -12781.3333333332 * level6 + -11551.3333333333 * level8 + -6668.83333333317 * level2;8.18918573343071;8.18918573343071;8.18918573343071;8.18918573343071;0.17144;7;-6668.83333333317 * level2;1;0.30028587818445;
7;58501.3333333334 * level + 619897 * compressionZpaq + 229233.666666666 * compressionLrzip + 170341.166666666 * compressionBzip2 + -12781.3333333334 * level6 + -11551.3333333335 * level8 + -10969.9047619046 * level2 + 10322.5714285718 * level2 * encryption;7.75205704495241;7.75205704495241;7.75205704495241;7.75205704495241;0.25213;9;10322.5714285718 * level2 * encryption;2;0.218564344239151;
8;58501.3333333335 * level + 619897 * compressionZpaq + 229233.666666667 * compressionLrzip + 170341.166666667 * compressionBzip2 + -12781.3333333333 * level6 + -11551.3333333332 * level8 + -16282.1176470589 * level2 + 10056.9607843137 * level2 * encryption + 9296.37254901946 * level2 * compressionLzo;6.36404992822662;6.36404992822662;6.36404992822662;6.36404992822662;0.362191;11;9296.37254901946 * level2 * compressionLzo;2;0.694003558362891;
9;58501.3333333334 * level + 619897 * compressionZpaq + 225456.166666667 * compressionLrzip + 170341.166666667 * compressionBzip2 + -12781.3333333333 * level6 + -11551.3333333334 * level8 + -16282.1176470589 * level2 + 10056.9607843136 * level2 * encryption + 9296.37254901945 * level2 * compressionLzo + 11332.5000000007 * compressionLrzip * encryption;6.10853699871902;6.10853699871902;6.10853699871902;6.10853699871902;0.507088;13;11332.5000000007 * compressionLrzip * encryption;2;0.127756464753802;
10;58501.3333333335 * level + 619896.999999999 * compressionZpaq + 225456.166666666 * compressionLrzip + 164771.166666667 * compressionBzip2 + -12781.3333333333 * level6 + -11551.3333333334 * level8 + -16282.1176470587 * level2 + 10056.9607843137 * level2 * encryption + 9296.37254901964 * level2 * compressionLzo + 11332.4999999995 * compressionLrzip * encryption + 11139.9999999995 * compressionBzip2 * encryption;5.97486769226351;5.97486769226351;5.97486769226351;5.97486769226351;0.695382;15;11139.9999999995 * compressionBzip2 * encryption;2;0.0668346532277564;
Elapsed=00:00:00.6956830
Learning progress:
1;88569.0410958904 * level + 589794.292237442 * compressionZpaq;58.5001031522851;58.5001031522851;58.5001031522851;58.5001031522851;0.004632;2;589794.292237442 * compressionZpaq;1;66.090507564331;
2;73704.4117647058 * level + 604658.921568628 * compressionZpaq + 217023.588235294 * compressionLrzip;34.4217993284732;34.4217993284732;34.4217993284732;34.4217993284732;0.015992;3;217023.588235294 * compressionLrzip;1;24.078303823812;
3;56049.1803278688 * level + 622314.153005466 * compressionZpaq + 234678.819672132 * compressionLrzip + 171507.962529274 * compressionBzip2;14.4397207858693;14.4397207858693;14.4397207858693;14.4397207858693;0.036246;4;171507.962529274 * compressionBzip2;1;19.9820785426039;
4;48662.2857142858 * level + 612370.256410256 * compressionZpaq + 224734.923076923 * compressionLrzip + 161564.065934066 * compressionBzip2 + 17330.7912087912 * compression;9.49999971394002;9.49999971394002;9.49999971394002;9.49999971394002;0.069837;5;17330.7912087912 * compression;1;4.93972107192927;
5;48662.2857142857 * level + 583756.190476191 * compressionZpaq + 196120.857142858 * compressionLrzip + 132950.000000001 * compressionBzip2 + 45944.8571428569 * compression + -39156.0902255638 * compressionLzo;7.25429390380915;7.25429390380915;7.25429390380915;7.25429390380915;0.119981;6;-39156.0902255638 * compressionLzo;1;2.24570581013087;
6;43407.9779971884 * level + 584631.90842904 * compressionZpaq + 195770.569961717 * compressionLrzip + 132950 * compressionBzip2 + 44193.4212371582 * compression + -37312.4734827227 * compressionLzo + 12260.0513398937 * encryption;2.68586936946136;2.68586936946136;2.68586936946136;2.68586936946136;0.188801;7;12260.0513398937 * encryption;1;4.56842453434779;
7;42940.9679613837 * level + 584606.513483577 * compressionZpaq + 195780.727939902 * compressionLrzip + 132950 * compressionBzip2 + 44863.5908366661 * compression + -38506.8991468748 * compressionLzo + 11904.5221034127 * encryption + 3613.04830006309 * level7;1.67216649671267;1.67216649671267;1.67216649671267;1.67216649671267;0.279232;8;3613.04830006309 * level7;1;1.01370287274869;
8;42686.1669532025 * level + 584615.960951794 * compressionZpaq + 195776.948952616 * compressionLrzip + 132950 * compressionBzip2 + 45042.8120991186 * compression + -38516.2939962818 * compressionLzo + 12036.7866584388 * encryption + 3705.78177795645 * level7 + 3188.83304679771 * level9;1.55947360148201;1.55947360148201;1.55947360148201;1.55947360148201;0.397788;9;3188.83304679771 * level9;1;0.112692895230668;
9;42540.0249133124 * level + 584536.214572971 * compressionZpaq + 195701.88571552 * compressionLrzip + 132950 * compressionBzip2 + 44757.3072833331 * compression + -38299.4307906541 * compressionLzo + 11989.9552411829 * encryption + 3913.56294965766 * level7 + 3334.97508668754 * level9 + 534.808943124917 * level3;1.42061675190631;1.42061675190631;1.42061675190631;1.42061675190631;0.540625;10;534.808943124917 * level3;1;0.138856849575702;
10;42145.1571435311 * level + 584483.733441149 * compressionZpaq + 195660.425533647 * compressionLrzip + 132950.000000001 * compressionBzip2 + 44947.4977616677 * compression + -38254.8934741902 * compressionLzo + 11879.7457416944 * encryption + 4255.35569674187 * level7 + 3729.84285646856 * level9 + 847.072116138012 * level3 + 1447.84528978661 * level5;1.20485316766874;1.20485316766874;1.20485316766874;1.20485316766874;0.716929;11;1447.84528978661 * level5;1;0.215763584237569;
11;41689.1019113377 * level + 584453.789574847 * compressionZpaq + 195619.492583489 * compressionLrzip + 132950 * compressionBzip2 + 45113.9989575034 * compression + -38180.9637734798 * compressionLzo + 11989.6365802349 * encryption + 4527.09249151354 * level7 + 4185.89808866255 * level9 + 1111.6245995286 * level3 + 1841.10575709954 * level5 + 3450.89808866243 * level8;0.980042662621418;0.980042662621418;0.980042662621418;0.980042662621418;0.926025;12;3450.89808866243 * level8;1;0.224810505047318;
Elapsed=00:00:00.9264273
Learning progress:
1;91756.4864864865 * level + 584943.513513512 * compressionZpaq;55.1364778925186;55.1364778925186;55.1364778925186;55.1364778925186;0.004965;2;584943.513513512 * compressionZpaq;1;61.8130384254571;
2;70989.1044776119 * level + 605710.895522387 * compressionZpaq + 219540.895522389 * compressionLrzip;31.1162256927742;31.1162256927742;31.1162256927742;31.1162256927742;0.017361;3;219540.895522389 * compressionLrzip;1;24.0202521997445;
3;56068.0327868852 * level + 620631.967213116 * compressionZpaq + 234461.967213115 * compressionLrzip + 166618.633879781 * compressionBzip2;9.88158132823754;9.88158132823754;9.88158132823754;9.88158132823754;0.037917;4;166618.633879781 * compressionBzip2;1;21.2346443645366;
4;56236.1666666669 * level + 620463.833333332 * compressionZpaq + 234293.833333333 * compressionLrzip + 166450.499999999 * compressionBzip2 + -10256.1666666665 * level9;8.77287486899377;8.77287486899377;8.77287486899377;8.77287486899377;0.073008;5;-10256.1666666665 * level9;1;1.10870645924377;
5;56236.1666666667 * level + 620463.833333333 * compressionZpaq + 234293.833333334 * compressionLrzip + 164051.833333334 * compressionBzip2 + -10256.1666666668 * level9 + 14392.0000000005 * compressionBzip2 * encryption;8.0624643343058;8.0624643343058;8.0624643343058;8.0624643343058;0.127632;7;14392.0000000005 * compressionBzip2 * encryption;2;0.355205267343982;
6;50467.1153846155 * level + 626232.884615384 * compressionZpaq + 240062.884615385 * compressionLrzip + 169820.884615384 * compressionBzip2 + -4487.11538461569 * level9 + 14392.0000000001 * compressionBzip2 * encryption + 43267.8846153848 * compressionGzip;7.79403594945864;7.79403594945864;7.79403594945864;7.79403594945864;0.195148;8;43267.8846153848 * compressionGzip;1;0.268428384847164;
7;45781.9640122512 * level + 626045.478560491 * compressionZpaq + 237787.239663094 * compressionLrzip + 174506.035987749 * compressionBzip2 + 198.035987748968 * level9 + 2210.60643185316 * compressionBzip2 * encryption + 41862.3392036753 * compressionGzip + 12181.393568147 * encryption;3.9408522874246;3.9408522874246;3.9408522874246;3.9408522874246;0.282929;9;12181.393568147 * encryption;1;3.85318366203404;
8;43214.0470652799 * level + 621607.638608687 * compressionZpaq + 233443.44909319 * compressionLrzip + 169848.74747818 * compressionBzip2 + 2765.9529347211 * level9 + 2759.22782626799 * compressionBzip2 * encryption + 37479.3613913137 * compressionGzip + 11632.7721737316 * encryption + 7225.2054565409 * compression;2.19509918942016;2.19509918942016;2.19509918942016;2.19509918942016;0.403639;10;7225.2054565409 * compression;1;1.74575309800444;
9;42535.5411917347 * level + 622719.060729809 * compressionZpaq + 234563.721290923 * compressionLrzip + 170939.519420541 * compressionBzip2 + 3444.45880826513 * level9 + 2810.85327316895 * compressionBzip2 * encryption + 38595.9460571256 * compressionGzip + 11581.1467268312 * encryption + 6812.93938772435 * compression + 3713.34464489029 * level7;1.43658346531835;1.43658346531835;1.43658346531835;1.43658346531835;0.557081;11;3713.34464489029 * level7;1;0.758515724101817;
10;42362.8573658455 * level + 622589.974490232 * compressionZpaq + 234461.650143298 * compressionLrzip + 170902.333767753 * compressionBzip2 + 3617.14263415323 * level9 + 2523.00088069504 * compressionBzip2 * encryption + 38603.6622159844 * compressionGzip + 11520.39356629 * encryption + 6790.40516439063 * compression + 3583.6873339066 * level7 + 581.009255025874 * disableCompressibilityTesting;1.31707233611498;1.31707233611498;1.31707233611498;1.31707233611498;0.745472;12;581.009255025874 * disableCompressibilityTesting;1;0.119511129203369;
11;42447.7843205894 * level + 622970.774826109 * compressionZpaq + 234888.940815624 * compressionLrzip + 171183.281605251 * compressionBzip2 + 3532.21567941069 * level9 + 2769.39776914079 * compressionBzip2 * encryption + 39018.3201595843 * compressionGzip + 11254.5905328352 * encryption + 6411.59294214385 * compression + 3553.36198657869 * level7 + 613.352830040424 * disableCompressibilityTesting + 906.754728887965 * encryption * compressionLzo;1.2198900075256;1.2198900075256;1.2198900075256;1.2198900075256;0.969693;14;906.754728887965 * encryption * compressionLzo;2;0.0485911642946917;
Elapsed=00:00:00.9701552
Learning progress:
1;92403.1944444444 * level + 586391.091269841 * compressionZpaq;65.4927145631314;65.4927145631314;65.4927145631314;65.4927145631314;0.004923;2;586391.091269841 * compressionZpaq;1;78.9598077306196;
2;71063.2307692308 * level + 607731.054945054 * compressionZpaq + 219496.769230769 * compressionLrzip;40.9727533037595;40.9727533037595;40.9727533037595;40.9727533037595;0.016045;3;219496.769230769 * compressionLrzip;1;24.5199612593719;
3;55281.3559322033 * level + 623512.929782082 * compressionZpaq + 235278.644067797 * compressionLrzip + 170970.310734463 * compressionBzip2;15.6932847611927;15.6932847611927;15.6932847611927;15.6932847611927;0.034984;4;170970.310734463 * compressionBzip2;1;25.2794685425668;
4;51412.8301886793 * level + 627381.455525607 * compressionZpaq + 239147.169811321 * compressionLrzip + 174838.836477987 * compressionBzip2 + 38040.5031446542 * compressionGzip;7.5476338870955;7.5476338870955;7.5476338870955;7.5476338870955;0.066534;5;38040.5031446542 * compressionGzip;1;8.14565087409722;
5;45311.3179083977 * level + 626091.421500633 * compressionZpaq + 237857.135786346 * compressionLrzip + 174472.745741171 * compressionBzip2 + 41986.147752569 * compressionGzip + 12935.2060341968 * encryption;5.13844379321393;5.13844379321393;5.13844379321393;5.13844379321393;0.111834;6;12935.2060341968 * encryption;1;2.40919009388157;
6;43352.8801387129 * level + 621519.391142701 * compressionZpaq + 233285.105428416 * compressionLrzip + 169833.961866231 * compressionBzip2 + 37035.8474649224 * compressionGzip + 12000.6567960747 * encryption + 7064.49626368566 * compression;3.47334149352408;3.47334149352408;3.47334149352408;3.47334149352408;0.177675;7;7064.49626368566 * compression;1;1.66510229968985;
7;42668.4848807651 * level + 622990.519097135 * compressionZpaq + 234756.23338285 * compressionLrzip + 171291.506653183 * compressionBzip2 + 38430.0041369588 * compressionGzip + 11810.492451327 * encryption + 6386.42890705534 * compression + 3802.30497923454 * level7;3.08334991203353;3.08334991203353;3.08334991203353;3.08334991203353;0.26881;8;3802.30497923454 * level7;1;0.389991581490557;
8;43387.5024960767 * level + 622869.260854358 * compressionZpaq + 234634.975140072 * compressionLrzip + 172390.371718707 * compressionBzip2 + 39332.2684642207 * compressionGzip + 11220.690236541 * encryption + 6125.69937154252 * compression + 3550.68196870005 * level7 + -7573.51222758008 * level1;2.83469285276293;2.83469285276293;2.83469285276293;2.83469285276293;0.382344;9;-7573.51222758008 * level1;1;0.248657059270597;
9;43332.230742451 * level + 623376.228086344 * compressionZpaq + 235141.942372058 * compressionLrzip + 172892.002829661 * compressionBzip2 + 39831.3754652633 * compressionGzip + 11213.1179068083 * encryption + 5678.33093874318 * compression + 3833.96498428685 * level7 + -7544.74078555335 * level1 + 1429.56757472082 * compression * level2;2.50326354067313;2.50326354067313;2.50326354067313;2.50326354067313;0.520977;11;1429.56757472082 * compression * level2;2;0.165714656044898;
10;43509.8434412337 * level + 623306.428914187 * compressionZpaq + 235072.143199901 * compressionLrzip + 172839.543457553 * compressionBzip2 + 39788.5872207642 * compressionGzip + 11242.1312896358 * encryption + 5553.93833621588 * compression + 3701.96951086669 * level7 + -7636.34527892226 * level1 + 2278.1818681543 * compression * level2 + -919.242419385195 * level2;2.30570267510734;2.30570267510734;2.30570267510734;2.30570267510734;0.701909;12;-919.242419385195 * level2;1;0.197560865565795;
11;43638.5455480663 * level + 623828.603202757 * compressionZpaq + 235594.317488471 * compressionLrzip + 173375.708726499 * compressionBzip2 + 40343.3199361481 * compressionGzip + 11297.8336289464 * encryption + 4871.23203263555 * compression + 3098.40666396425 * level7 + -7696.41873004525 * level1 + 2955.31793780334 * compression * level2 + -1075.79569587309 * level2 + 1568.76796736432 * level7 * compression;2.09722306582043;2.09722306582043;2.09722306582043;2.09722306582043;0.917084;14;1568.76796736432 * level7 * compression;2;0.104239804643456;
12;43579.4948202821 * level + 623844.572241429 * compressionZpaq + 235610.286527143 * compressionLrzip + 173393.205238434 * compressionBzip2 + 40416.7080834346 * compressionGzip + 11465.5085350002 * encryption + 4818.49948971783 * compression + 3061.64315971731 * level7 + -7633.72289560856 * level1 + 3100.01902880016 * compression * level2 + -556.90222768955 * level2 + 1621.50051028168 * level7 * compression + -1087.36038685196 * level2 * encryption;1.98749545486269;1.98749545486269;1.98749545486269;1.98749545486269;1.194984;16;-1087.36038685196 * level2 * encryption;2;0.0548638054788669;
Elapsed=00:00:01.1954286
Learning progress:
1;101197.222222222 * level + 576954.027777778 * compressionZpaq;104.008312770979;104.008312770979;104.008312770979;104.008312770979;0.004374;2;576954.027777778 * compressionZpaq;1;117.060201428068;
2;49393.3333333333 * level + 539951.25 * compressionZpaq + 88806.6666666665 * compression;59.7461585042083;59.7461585042083;59.7461585042083;59.7461585042083;0.016101;3;88806.6666666665 * compression;1;44.2621542667703;
3;49393.3333333332 * level + 473166.902173912 * compressionZpaq + 155591.014492754 * compression + -147628.558352403 * compressionLzo;26.4557219861988;26.4557219861988;26.4557219861988;26.4557219861988;0.03733;4;-147628.558352403 * compressionLzo;1;33.2904365180094;
4;49393.3333333333 * level + 424245.625 * compressionZpaq + 204512.291666667 * compression + -196549.835526316 * compressionLzo + -160741.339285714 * compressionGzip;13.6495153082255;13.6495153082255;13.6495153082255;13.6495153082255;0.069977;5;-160741.339285714 * compressionGzip;1;12.8062066779734;
5;43634.224922207 * level + 423525.73644861 * compressionZpaq + 205232.180218057 * compression + -198179.056984726 * compressionLzo + -160638.498064087 * compressionGzip + 11518.2168222524 * encryption;4.57988042692528;4.57988042692528;4.57988042692528;4.57988042692528;0.118576;6;11518.2168222524 * encryption;1;9.0696348813002;
6;43535.2188250033 * level + 450934.792832408 * compressionZpaq + 177823.123834259 * compression + -170785.633142592 * compressionLzo + -133215.297952117 * compressionGzip + 11716.2290166602 * encryption + 62677.5591907401 * compressionLrzip;3.97869476919314;3.97869476919314;3.97869476919314;3.97869476919314;0.185129;7;62677.5591907401 * compressionLrzip;1;0.601185657732137;
7;42692.337268521 * level + 450935.060561176 * compressionZpaq + 178668.147220886 * compression + -171928.98797047 * compressionLzo + -133215.37444605 * compressionGzip + 11711.4098988333 * encryption + 62677.4826968072 * compressionLrzip + 3622.67620883813 * level7;3.49914071170813;3.49914071170813;3.49914071170813;3.49914071170813;0.269637;8;3622.67620883813 * level7;1;0.479554057485016;
8;42524.5948604211 * level + 450930.509358223 * compressionZpaq + 178799.480005366 * compression + -171965.181513238 * compressionLzo + -133214.07410235 * compressionGzip + 11793.3315519788 * encryption + 62678.7830405075 * compressionLrzip + 3702.39653830021 * level7 + 3245.40513957944 * level9;3.17718462188036;3.17718462188036;3.17718462188036;3.17718462188036;0.37899;9;3245.40513957944 * level9;1;0.321956089827769;
9;42448.8634686609 * level + 450933.626929281 * compressionZpaq + 178900.151965584 * compression + -172776.619063499 * compressionLzo + -133214.964836937 * compressionGzip + 11737.2152729491 * encryption + 62677.8923059198 * compressionLrzip + 4136.39004494241 * level7 + 3321.13653133852 * level9 + 2159.46011395428 * compressionLzo * level2;2.81425571627812;2.81425571627812;2.81425571627812;2.81425571627812;0.512393;11;2159.46011395428 * compressionLzo * level2;2;0.181464452801121;
10;42541.5236884913 * level + 450943.660757229 * compressionZpaq + 178887.762369335 * compression + -172761.088442849 * compressionLzo + -135325.937650299 * compressionGzip + 11556.60636989 * encryption + 62675.0254979348 * compressionLrzip + 4139.53106934366 * level7 + 3228.47631150868 * level9 + 2184.06480509569 * compressionLzo * level2 + 4918.91401254595 * compressionGzip * disableCompressibilityTesting;2.56794635608091;2.56794635608091;2.56794635608091;2.56794635608091;0.686758;13;4918.91401254595 * compressionGzip * disableCompressibilityTesting;2;0.123154680098601;
11;42816.8927337792 * level + 450942.487473592 * compressionZpaq + 178603.007054959 * compression + -172672.52425094 * compressionLzo + -135321.831157573 * compressionGzip + 11577.725475339 * encryption + 62675.3607218308 * compressionLrzip + 3943.33994687598 * level7 + 2953.1072662209 * level9 + 3080.68619832989 * compressionLzo * level2 + 4910.11438527557 * compressionGzip * disableCompressibilityTesting + -989.878719687188 * level2;2.44660303764018;2.44660303764018;2.44660303764018;2.44660303764018;0.908801;14;-989.878719687188 * level2;1;0.121343318440728;
12;42932.4043465591 * level + 450941.536231733 * compressionZpaq + 178479.885507307 * compression + -172939.345756038 * compressionLzo + -135318.501811066 * compressionGzip + 11594.847828802 * encryption + 62675.6325052191 * compressionLrzip + 3553.39689412551 * level7 + 2837.59565344115 * level9 + 3468.99855075082 * compressionLzo * level2 + 4902.98007133226 * compressionGzip * disableCompressibilityTesting + -1115.17453444601 * level2 + 964.568426979472 * level7 * compression;2.36898088578546;2.36898088578546;2.36898088578546;2.36898088578546;1.174576;16;964.568426979472 * level7 * compression;2;0.0388110759273612;
Elapsed=00:00:01.1749565
Learning progress:
1;94580.4109589041 * level + 583817.922374428 * compressionZpaq;67.6182432031817;67.6182432031817;67.6182432031817;67.6182432031817;0.004845;2;583817.922374428 * compressionZpaq;1;80.1818947613504;
2;77282.9850746268 * level + 601115.348258707 * compressionZpaq + 210452.014925373 * compressionLrzip;37.1656661832897;37.1656661832897;37.1656661832897;37.1656661832897;0.016426;3;210452.014925373 * compressionLrzip;1;30.452577019892;
3;56732.5423728814 * level + 621665.790960452 * compressionZpaq + 231002.45762712 * compressionLrzip + 172109.957627119 * compressionBzip2;10.8813129677977;10.8813129677977;10.8813129677977;10.8813129677977;0.035837;4;172109.957627119 * compressionBzip2;1;26.284353215492;
4;56922.4137931036 * level + 621475.919540229 * compressionZpaq + 230812.586206895 * compressionLrzip + 171920.086206896 * compressionBzip2 + -11202.4137931038 * level6;9.58399457474197;9.58399457474197;9.58399457474197;9.58399457474197;0.067374;5;-11202.4137931038 * level6;1;1.29731839305569;
5;57097.3684210525 * level + 621300.964912281 * compressionZpaq + 230637.631578948 * compressionLrzip + 171745.131578948 * compressionBzip2 + -11377.3684210524 * level6 + -10147.3684210525 * level8;8.48947161161516;8.48947161161516;8.48947161161516;8.48947161161516;0.111892;6;-10147.3684210525 * level8;1;1.09452296312681;
6;58501.3333333334 * level + 619897 * compressionZpaq + 229233.666666667 * compressionLrzip + 170341.166666667 * compressionBzip2 + -12781.3333333332 * level6 + -11551.3333333333 * level8 + -6668.83333333317 * level2;8.18918573343071;8.18918573343071;8.18918573343071;8.18918573343071;0.172719;7;-6668.83333333317 * level2;1;0.30028587818445;
7;58501.3333333334 * level + 619897 * compressionZpaq + 229233.666666666 * compressionLrzip + 170341.166666666 * compressionBzip2 + -12781.3333333334 * level6 + -11551.3333333335 * level8 + -10969.9047619046 * level2 + 10322.5714285718 * level2 * encryption;7.75205704495241;7.75205704495241;7.75205704495241;7.75205704495241;0.253865;9;10322.5714285718 * level2 * encryption;2;0.218564344239151;
8;58501.3333333335 * level + 619897 * compressionZpaq + 229233.666666667 * compressionLrzip + 170341.166666667 * compressionBzip2 + -12781.3333333333 * level6 + -11551.3333333332 * level8 + -16282.1176470589 * level2 + 10056.9607843137 * level2 * encryption + 9296.37254901946 * level2 * compressionLzo;6.36404992822662;6.36404992822662;6.36404992822662;6.36404992822662;0.365955;11;9296.37254901946 * level2 * compressionLzo;2;0.694003558362891;
9;58501.3333333334 * level + 619897 * compressionZpaq + 225456.166666667 * compressionLrzip + 170341.166666667 * compressionBzip2 + -12781.3333333333 * level6 + -11551.3333333334 * level8 + -16282.1176470589 * level2 + 10056.9607843136 * level2 * encryption + 9296.37254901945 * level2 * compressionLzo + 11332.5000000007 * compressionLrzip * encryption;6.10853699871902;6.10853699871902;6.10853699871902;6.10853699871902;0.512251;13;11332.5000000007 * compressionLrzip * encryption;2;0.127756464753802;
Elapsed=00:00:00.5125386
Learning progress:
1;88569.0410958904 * level + 589794.292237442 * compressionZpaq;58.5001031522851;58.5001031522851;58.5001031522851;58.5001031522851;0.004818;2;589794.292237442 * compressionZpaq;1;66.090507564331;
2;73704.4117647058 * level + 604658.921568628 * compressionZpaq + 217023.588235294 * compressionLrzip;34.4217993284732;34.4217993284732;34.4217993284732;34.4217993284732;0.01595;3;217023.588235294 * compressionLrzip;1;24.078303823812;
3;56049.1803278688 * level + 622314.153005466 * compressionZpaq + 234678.819672132 * compressionLrzip + 171507.962529274 * compressionBzip2;14.4397207858693;14.4397207858693;14.4397207858693;14.4397207858693;0.037506;4;171507.962529274 * compressionBzip2;1;19.9820785426039;
4;48662.2857142858 * level + 612370.256410256 * compressionZpaq + 224734.923076923 * compressionLrzip + 161564.065934066 * compressionBzip2 + 17330.7912087912 * compression;9.49999971394002;9.49999971394002;9.49999971394002;9.49999971394002;0.071283;5;17330.7912087912 * compression;1;4.93972107192927;
5;48662.2857142857 * level + 583756.190476191 * compressionZpaq + 196120.857142858 * compressionLrzip + 132950.000000001 * compressionBzip2 + 45944.8571428569 * compression + -39156.0902255638 * compressionLzo;7.25429390380915;7.25429390380915;7.25429390380915;7.25429390380915;0.124152;6;-39156.0902255638 * compressionLzo;1;2.24570581013087;
6;43407.9779971884 * level + 584631.90842904 * compressionZpaq + 195770.569961717 * compressionLrzip + 132950 * compressionBzip2 + 44193.4212371582 * compression + -37312.4734827227 * compressionLzo + 12260.0513398937 * encryption;2.68586936946136;2.68586936946136;2.68586936946136;2.68586936946136;0.194051;7;12260.0513398937 * encryption;1;4.56842453434779;
7;42940.9679613837 * level + 584606.513483577 * compressionZpaq + 195780.727939902 * compressionLrzip + 132950 * compressionBzip2 + 44863.5908366661 * compression + -38506.8991468748 * compressionLzo + 11904.5221034127 * encryption + 3613.04830006309 * level7;1.67216649671267;1.67216649671267;1.67216649671267;1.67216649671267;0.28663;8;3613.04830006309 * level7;1;1.01370287274869;
8;42686.1669532025 * level + 584615.960951794 * compressionZpaq + 195776.948952616 * compressionLrzip + 132950 * compressionBzip2 + 45042.8120991186 * compression + -38516.2939962818 * compressionLzo + 12036.7866584388 * encryption + 3705.78177795645 * level7 + 3188.83304679771 * level9;1.55947360148201;1.55947360148201;1.55947360148201;1.55947360148201;0.411172;9;3188.83304679771 * level9;1;0.112692895230668;
Elapsed=00:00:00.4115239
Learning progress:
1;91756.4864864865 * level + 584943.513513512 * compressionZpaq;55.1364778925186;55.1364778925186;55.1364778925186;55.1364778925186;0.004791;2;584943.513513512 * compressionZpaq;1;61.8130384254571;
2;70989.1044776119 * level + 605710.895522387 * compressionZpaq + 219540.895522389 * compressionLrzip;31.1162256927742;31.1162256927742;31.1162256927742;31.1162256927742;0.016822;3;219540.895522389 * compressionLrzip;1;24.0202521997445;
3;56068.0327868852 * level + 620631.967213116 * compressionZpaq + 234461.967213115 * compressionLrzip + 166618.633879781 * compressionBzip2;9.88158132823754;9.88158132823754;9.88158132823754;9.88158132823754;0.036831;4;166618.633879781 * compressionBzip2;1;21.2346443645366;
4;56236.1666666669 * level + 620463.833333332 * compressionZpaq + 234293.833333333 * compressionLrzip + 166450.499999999 * compressionBzip2 + -10256.1666666665 * level9;8.77287486899377;8.77287486899377;8.77287486899377;8.77287486899377;0.07;5;-10256.1666666665 * level9;1;1.10870645924377;
5;56236.1666666667 * level + 620463.833333333 * compressionZpaq + 234293.833333334 * compressionLrzip + 164051.833333334 * compressionBzip2 + -10256.1666666668 * level9 + 14392.0000000005 * compressionBzip2 * encryption;8.0624643343058;8.0624643343058;8.0624643343058;8.0624643343058;0.11688;7;14392.0000000005 * compressionBzip2 * encryption;2;0.355205267343982;
6;50467.1153846155 * level + 626232.884615384 * compressionZpaq + 240062.884615385 * compressionLrzip + 169820.884615384 * compressionBzip2 + -4487.11538461569 * level9 + 14392.0000000001 * compressionBzip2 * encryption + 43267.8846153848 * compressionGzip;7.79403594945864;7.79403594945864;7.79403594945864;7.79403594945864;0.184291;8;43267.8846153848 * compressionGzip;1;0.268428384847164;
7;45781.9640122512 * level + 626045.478560491 * compressionZpaq + 237787.239663094 * compressionLrzip + 174506.035987749 * compressionBzip2 + 198.035987748968 * level9 + 2210.60643185316 * compressionBzip2 * encryption + 41862.3392036753 * compressionGzip + 12181.393568147 * encryption;3.9408522874246;3.9408522874246;3.9408522874246;3.9408522874246;0.274189;9;12181.393568147 * encryption;1;3.85318366203404;
8;43214.0470652799 * level + 621607.638608687 * compressionZpaq + 233443.44909319 * compressionLrzip + 169848.74747818 * compressionBzip2 + 2765.9529347211 * level9 + 2759.22782626799 * compressionBzip2 * encryption + 37479.3613913137 * compressionGzip + 11632.7721737316 * encryption + 7225.2054565409 * compression;2.19509918942016;2.19509918942016;2.19509918942016;2.19509918942016;0.396977;10;7225.2054565409 * compression;1;1.74575309800444;
9;42535.5411917347 * level + 622719.060729809 * compressionZpaq + 234563.721290923 * compressionLrzip + 170939.519420541 * compressionBzip2 + 3444.45880826513 * level9 + 2810.85327316895 * compressionBzip2 * encryption + 38595.9460571256 * compressionGzip + 11581.1467268312 * encryption + 6812.93938772435 * compression + 3713.34464489029 * level7;1.43658346531835;1.43658346531835;1.43658346531835;1.43658346531835;0.549307;11;3713.34464489029 * level7;1;0.758515724101817;
10;42362.8573658455 * level + 622589.974490232 * compressionZpaq + 234461.650143298 * compressionLrzip + 170902.333767753 * compressionBzip2 + 3617.14263415323 * level9 + 2523.00088069504 * compressionBzip2 * encryption + 38603.6622159844 * compressionGzip + 11520.39356629 * encryption + 6790.40516439063 * compression + 3583.6873339066 * level7 + 581.009255025874 * disableCompressibilityTesting;1.31707233611498;1.31707233611498;1.31707233611498;1.31707233611498;0.736046;12;581.009255025874 * disableCompressibilityTesting;1;0.119511129203369;
Elapsed=00:00:00.7364656
Learning progress:
1;92403.1944444444 * level + 586391.091269841 * compressionZpaq;65.4927145631314;65.4927145631314;65.4927145631314;65.4927145631314;0.004072;2;586391.091269841 * compressionZpaq;1;78.9598077306196;
2;71063.2307692308 * level + 607731.054945054 * compressionZpaq + 219496.769230769 * compressionLrzip;40.9727533037595;40.9727533037595;40.9727533037595;40.9727533037595;0.014957;3;219496.769230769 * compressionLrzip;1;24.5199612593719;
3;55281.3559322033 * level + 623512.929782082 * compressionZpaq + 235278.644067797 * compressionLrzip + 170970.310734463 * compressionBzip2;15.6932847611927;15.6932847611927;15.6932847611927;15.6932847611927;0.03317;4;170970.310734463 * compressionBzip2;1;25.2794685425668;
4;51412.8301886793 * level + 627381.455525607 * compressionZpaq + 239147.169811321 * compressionLrzip + 174838.836477987 * compressionBzip2 + 38040.5031446542 * compressionGzip;7.5476338870955;7.5476338870955;7.5476338870955;7.5476338870955;0.064538;5;38040.5031446542 * compressionGzip;1;8.14565087409722;
5;45311.3179083977 * level + 626091.421500633 * compressionZpaq + 237857.135786346 * compressionLrzip + 174472.745741171 * compressionBzip2 + 41986.147752569 * compressionGzip + 12935.2060341968 * encryption;5.13844379321393;5.13844379321393;5.13844379321393;5.13844379321393;0.110678;6;12935.2060341968 * encryption;1;2.40919009388157;
6;43352.8801387129 * level + 621519.391142701 * compressionZpaq + 233285.105428416 * compressionLrzip + 169833.961866231 * compressionBzip2 + 37035.8474649224 * compressionGzip + 12000.6567960747 * encryption + 7064.49626368566 * compression;3.47334149352408;3.47334149352408;3.47334149352408;3.47334149352408;0.174152;7;7064.49626368566 * compression;1;1.66510229968985;
7;42668.4848807651 * level + 622990.519097135 * compressionZpaq + 234756.23338285 * compressionLrzip + 171291.506653183 * compressionBzip2 + 38430.0041369588 * compressionGzip + 11810.492451327 * encryption + 6386.42890705534 * compression + 3802.30497923454 * level7;3.08334991203353;3.08334991203353;3.08334991203353;3.08334991203353;0.263881;8;3802.30497923454 * level7;1;0.389991581490557;
8;43387.5024960767 * level + 622869.260854358 * compressionZpaq + 234634.975140072 * compressionLrzip + 172390.371718707 * compressionBzip2 + 39332.2684642207 * compressionGzip + 11220.690236541 * encryption + 6125.69937154252 * compression + 3550.68196870005 * level7 + -7573.51222758008 * level1;2.83469285276293;2.83469285276293;2.83469285276293;2.83469285276293;0.377072;9;-7573.51222758008 * level1;1;0.248657059270597;
9;43332.230742451 * level + 623376.228086344 * compressionZpaq + 235141.942372058 * compressionLrzip + 172892.002829661 * compressionBzip2 + 39831.3754652633 * compressionGzip + 11213.1179068083 * encryption + 5678.33093874318 * compression + 3833.96498428685 * level7 + -7544.74078555335 * level1 + 1429.56757472082 * compression * level2;2.50326354067313;2.50326354067313;2.50326354067313;2.50326354067313;0.513515;11;1429.56757472082 * compression * level2;2;0.165714656044898;
Elapsed=00:00:00.5138630
Learning progress:
1;101197.222222222 * level + 576954.027777778 * compressionZpaq;104.008312770979;104.008312770979;104.008312770979;104.008312770979;0.005466;2;576954.027777778 * compressionZpaq;1;117.060201428068;
2;49393.3333333333 * level + 539951.25 * compressionZpaq + 88806.6666666665 * compression;59.7461585042083;59.7461585042083;59.7461585042083;59.7461585042083;0.015254;3;88806.6666666665 * compression;1;44.2621542667703;
3;49393.3333333332 * level + 473166.902173912 * compressionZpaq + 155591.014492754 * compression + -147628.558352403 * compressionLzo;26.4557219861988;26.4557219861988;26.4557219861988;26.4557219861988;0.037978;4;-147628.558352403 * compressionLzo;1;33.2904365180094;
4;49393.3333333333 * level + 424245.625 * compressionZpaq + 204512.291666667 * compression + -196549.835526316 * compressionLzo + -160741.339285714 * compressionGzip;13.6495153082255;13.6495153082255;13.6495153082255;13.6495153082255;0.070691;5;-160741.339285714 * compressionGzip;1;12.8062066779734;
5;43634.224922207 * level + 423525.73644861 * compressionZpaq + 205232.180218057 * compression + -198179.056984726 * compressionLzo + -160638.498064087 * compressionGzip + 11518.2168222524 * encryption;4.57988042692528;4.57988042692528;4.57988042692528;4.57988042692528;0.118504;6;11518.2168222524 * encryption;1;9.0696348813002;
6;43535.2188250033 * level + 450934.792832408 * compressionZpaq + 177823.123834259 * compression + -170785.633142592 * compressionLzo + -133215.297952117 * compressionGzip + 11716.2290166602 * encryption + 62677.5591907401 * compressionLrzip;3.97869476919314;3.97869476919314;3.97869476919314;3.97869476919314;0.186257;7;62677.5591907401 * compressionLrzip;1;0.601185657732137;
7;42692.337268521 * level + 450935.060561176 * compressionZpaq + 178668.147220886 * compression + -171928.98797047 * compressionLzo + -133215.37444605 * compressionGzip + 11711.4098988333 * encryption + 62677.4826968072 * compressionLrzip + 3622.67620883813 * level7;3.49914071170813;3.49914071170813;3.49914071170813;3.49914071170813;0.269545;8;3622.67620883813 * level7;1;0.479554057485016;
8;42524.5948604211 * level + 450930.509358223 * compressionZpaq + 178799.480005366 * compression + -171965.181513238 * compressionLzo + -133214.07410235 * compressionGzip + 11793.3315519788 * encryption + 62678.7830405075 * compressionLrzip + 3702.39653830021 * level7 + 3245.40513957944 * level9;3.17718462188036;3.17718462188036;3.17718462188036;3.17718462188036;0.378004;9;3245.40513957944 * level9;1;0.321956089827769;
9;42448.8634686609 * level + 450933.626929281 * compressionZpaq + 178900.151965584 * compression + -172776.619063499 * compressionLzo + -133214.964836937 * compressionGzip + 11737.2152729491 * encryption + 62677.8923059198 * compressionLrzip + 4136.39004494241 * level7 + 3321.13653133852 * level9 + 2159.46011395428 * compressionLzo * level2;2.81425571627812;2.81425571627812;2.81425571627812;2.81425571627812;0.513304;11;2159.46011395428 * compressionLzo * level2;2;0.181464452801121;
Elapsed=00:00:00.5136118
Learning progress:
1;94580.4109589041 * level + 583817.922374428 * compressionZpaq;67.6182432031817;67.6182432031817;67.6182432031817;67.6182432031817;0.004894;2;583817.922374428 * compressionZpaq;1;80.1818947613504;
2;77282.9850746268 * level + 601115.348258707 * compressionZpaq + 210452.014925373 * compressionLrzip;37.1656661832897;37.1656661832897;37.1656661832897;37.1656661832897;0.017189;3;210452.014925373 * compressionLrzip;1;30.452577019892;
3;56732.5423728814 * level + 621665.790960452 * compressionZpaq + 231002.45762712 * compressionLrzip + 172109.957627119 * compressionBzip2;10.8813129677977;10.8813129677977;10.8813129677977;10.8813129677977;0.037654;4;172109.957627119 * compressionBzip2;1;26.284353215492;
4;56922.4137931036 * level + 621475.919540229 * compressionZpaq + 230812.586206895 * compressionLrzip + 171920.086206896 * compressionBzip2 + -11202.4137931038 * level6;9.58399457474197;9.58399457474197;9.58399457474197;9.58399457474197;0.069884;5;-11202.4137931038 * level6;1;1.29731839305569;
5;57097.3684210525 * level + 621300.964912281 * compressionZpaq + 230637.631578948 * compressionLrzip + 171745.131578948 * compressionBzip2 + -11377.3684210524 * level6 + -10147.3684210525 * level8;8.48947161161516;8.48947161161516;8.48947161161516;8.48947161161516;0.116271;6;-10147.3684210525 * level8;1;1.09452296312681;
6;58501.3333333334 * level + 619897 * compressionZpaq + 229233.666666667 * compressionLrzip + 170341.166666667 * compressionBzip2 + -12781.3333333332 * level6 + -11551.3333333333 * level8 + -6668.83333333317 * level2;8.18918573343071;8.18918573343071;8.18918573343071;8.18918573343071;0.175582;7;-6668.83333333317 * level2;1;0.30028587818445;
Elapsed=00:00:00.1758134
Learning progress:
1;88569.0410958904 * level + 589794.292237442 * compressionZpaq;58.5001031522851;58.5001031522851;58.5001031522851;58.5001031522851;0.003885;2;589794.292237442 * compressionZpaq;1;66.090507564331;
2;73704.4117647058 * level + 604658.921568628 * compressionZpaq + 217023.588235294 * compressionLrzip;34.4217993284732;34.4217993284732;34.4217993284732;34.4217993284732;0.015495;3;217023.588235294 * compressionLrzip;1;24.078303823812;
3;56049.1803278688 * level + 622314.153005466 * compressionZpaq + 234678.819672132 * compressionLrzip + 171507.962529274 * compressionBzip2;14.4397207858693;14.4397207858693;14.4397207858693;14.4397207858693;0.036424;4;171507.962529274 * compressionBzip2;1;19.9820785426039;
4;48662.2857142858 * level + 612370.256410256 * compressionZpaq + 224734.923076923 * compressionLrzip + 161564.065934066 * compressionBzip2 + 17330.7912087912 * compression;9.49999971394002;9.49999971394002;9.49999971394002;9.49999971394002;0.067884;5;17330.7912087912 * compression;1;4.93972107192927;
5;48662.2857142857 * level + 583756.190476191 * compressionZpaq + 196120.857142858 * compressionLrzip + 132950.000000001 * compressionBzip2 + 45944.8571428569 * compression + -39156.0902255638 * compressionLzo;7.25429390380915;7.25429390380915;7.25429390380915;7.25429390380915;0.117491;6;-39156.0902255638 * compressionLzo;1;2.24570581013087;
6;43407.9779971884 * level + 584631.90842904 * compressionZpaq + 195770.569961717 * compressionLrzip + 132950 * compressionBzip2 + 44193.4212371582 * compression + -37312.4734827227 * compressionLzo + 12260.0513398937 * encryption;2.68586936946136;2.68586936946136;2.68586936946136;2.68586936946136;0.187245;7;12260.0513398937 * encryption;1;4.56842453434779;
7;42940.9679613837 * level + 584606.513483577 * compressionZpaq + 195780.727939902 * compressionLrzip + 132950 * compressionBzip2 + 44863.5908366661 * compression + -38506.8991468748 * compressionLzo + 11904.5221034127 * encryption + 3613.04830006309 * level7;1.67216649671267;1.67216649671267;1.67216649671267;1.67216649671267;0.278992;8;3613.04830006309 * level7;1;1.01370287274869;
8;42686.1669532025 * level + 584615.960951794 * compressionZpaq + 195776.948952616 * compressionLrzip + 132950 * compressionBzip2 + 45042.8120991186 * compression + -38516.2939962818 * compressionLzo + 12036.7866584388 * encryption + 3705.78177795645 * level7 + 3188.83304679771 * level9;1.55947360148201;1.55947360148201;1.55947360148201;1.55947360148201;0.396316;9;3188.83304679771 * level9;1;0.112692895230668;
Elapsed=00:00:00.3966542
Learning progress:
1;91756.4864864865 * level + 584943.513513512 * compressionZpaq;55.1364778925186;55.1364778925186;55.1364778925186;55.1364778925186;0.004493;2;584943.513513512 * compressionZpaq;1;61.8130384254571;
2;70989.1044776119 * level + 605710.895522387 * compressionZpaq + 219540.895522389 * compressionLrzip;31.1162256927742;31.1162256927742;31.1162256927742;31.1162256927742;0.016167;3;219540.895522389 * compressionLrzip;1;24.0202521997445;
3;56068.0327868852 * level + 620631.967213116 * compressionZpaq + 234461.967213115 * compressionLrzip + 166618.633879781 * compressionBzip2;9.88158132823754;9.88158132823754;9.88158132823754;9.88158132823754;0.035396;4;166618.633879781 * compressionBzip2;1;21.2346443645366;
4;56236.1666666669 * level + 620463.833333332 * compressionZpaq + 234293.833333333 * compressionLrzip + 166450.499999999 * compressionBzip2 + -10256.1666666665 * level9;8.77287486899377;8.77287486899377;8.77287486899377;8.77287486899377;0.067799;5;-10256.1666666665 * level9;1;1.10870645924377;
5;56236.1666666667 * level + 620463.833333333 * compressionZpaq + 234293.833333334 * compressionLrzip + 164051.833333334 * compressionBzip2 + -10256.1666666668 * level9 + 14392.0000000005 * compressionBzip2 * encryption;8.0624643343058;8.0624643343058;8.0624643343058;8.0624643343058;0.113659;7;14392.0000000005 * compressionBzip2 * encryption;2;0.355205267343982;
Elapsed=00:00:00.1138926
Learning progress:
1;92403.1944444444 * level + 586391.091269841 * compressionZpaq;65.4927145631314;65.4927145631314;65.4927145631314;65.4927145631314;0.00498;2;586391.091269841 * compressionZpaq;1;78.9598077306196;
2;71063.2307692308 * level + 607731.054945054 * compressionZpaq + 219496.769230769 * compressionLrzip;40.9727533037595;40.9727533037595;40.9727533037595;40.9727533037595;0.017034;3;219496.769230769 * compressionLrzip;1;24.5199612593719;
3;55281.3559322033 * level + 623512.929782082 * compressionZpaq + 235278.644067797 * compressionLrzip + 170970.310734463 * compressionBzip2;15.6932847611927;15.6932847611927;15.6932847611927;15.6932847611927;0.037201;4;170970.310734463 * compressionBzip2;1;25.2794685425668;
4;51412.8301886793 * level + 627381.455525607 * compressionZpaq + 239147.169811321 * compressionLrzip + 174838.836477987 * compressionBzip2 + 38040.5031446542 * compressionGzip;7.5476338870955;7.5476338870955;7.5476338870955;7.5476338870955;0.069208;5;38040.5031446542 * compressionGzip;1;8.14565087409722;
5;45311.3179083977 * level + 626091.421500633 * compressionZpaq + 237857.135786346 * compressionLrzip + 174472.745741171 * compressionBzip2 + 41986.147752569 * compressionGzip + 12935.2060341968 * encryption;5.13844379321393;5.13844379321393;5.13844379321393;5.13844379321393;0.115579;6;12935.2060341968 * encryption;1;2.40919009388157;
6;43352.8801387129 * level + 621519.391142701 * compressionZpaq + 233285.105428416 * compressionLrzip + 169833.961866231 * compressionBzip2 + 37035.8474649224 * compressionGzip + 12000.6567960747 * encryption + 7064.49626368566 * compression;3.47334149352408;3.47334149352408;3.47334149352408;3.47334149352408;0.181121;7;7064.49626368566 * compression;1;1.66510229968985;
7;42668.4848807651 * level + 622990.519097135 * compressionZpaq + 234756.23338285 * compressionLrzip + 171291.506653183 * compressionBzip2 + 38430.0041369588 * compressionGzip + 11810.492451327 * encryption + 6386.42890705534 * compression + 3802.30497923454 * level7;3.08334991203353;3.08334991203353;3.08334991203353;3.08334991203353;0.270589;8;3802.30497923454 * level7;1;0.389991581490557;
Elapsed=00:00:00.2708967
Learning progress:
1;101197.222222222 * level + 576954.027777778 * compressionZpaq;104.008312770979;104.008312770979;104.008312770979;104.008312770979;0.004417;2;576954.027777778 * compressionZpaq;1;117.060201428068;
2;49393.3333333333 * level + 539951.25 * compressionZpaq + 88806.6666666665 * compression;59.7461585042083;59.7461585042083;59.7461585042083;59.7461585042083;0.016417;3;88806.6666666665 * compression;1;44.2621542667703;
3;49393.3333333332 * level + 473166.902173912 * compressionZpaq + 155591.014492754 * compression + -147628.558352403 * compressionLzo;26.4557219861988;26.4557219861988;26.4557219861988;26.4557219861988;0.037895;4;-147628.558352403 * compressionLzo;1;33.2904365180094;
4;49393.3333333333 * level + 424245.625 * compressionZpaq + 204512.291666667 * compression + -196549.835526316 * compressionLzo + -160741.339285714 * compressionGzip;13.6495153082255;13.6495153082255;13.6495153082255;13.6495153082255;0.072862;5;-160741.339285714 * compressionGzip;1;12.8062066779734;
5;43634.224922207 * level + 423525.73644861 * compressionZpaq + 205232.180218057 * compression + -198179.056984726 * compressionLzo + -160638.498064087 * compressionGzip + 11518.2168222524 * encryption;4.57988042692528;4.57988042692528;4.57988042692528;4.57988042692528;0.121089;6;11518.2168222524 * encryption;1;9.0696348813002;
6;43535.2188250033 * level + 450934.792832408 * compressionZpaq + 177823.123834259 * compression + -170785.633142592 * compressionLzo + -133215.297952117 * compressionGzip + 11716.2290166602 * encryption + 62677.5591907401 * compressionLrzip;3.97869476919314;3.97869476919314;3.97869476919314;3.97869476919314;0.189126;7;62677.5591907401 * compressionLrzip;1;0.601185657732137;
7;42692.337268521 * level + 450935.060561176 * compressionZpaq + 178668.147220886 * compression + -171928.98797047 * compressionLzo + -133215.37444605 * compressionGzip + 11711.4098988333 * encryption + 62677.4826968072 * compressionLrzip + 3622.67620883813 * level7;3.49914071170813;3.49914071170813;3.49914071170813;3.49914071170813;0.272749;8;3622.67620883813 * level7;1;0.479554057485016;
Elapsed=00:00:00.2730367
Learning progress:
1;94580.4109589041 * level + 583817.922374428 * compressionZpaq;67.6182432031817;67.6182432031817;67.6182432031817;67.6182432031817;0.00495;2;583817.922374428 * compressionZpaq;1;80.1818947613504;
2;77282.9850746268 * level + 601115.348258707 * compressionZpaq + 210452.014925373 * compressionLrzip;37.1656661832897;37.1656661832897;37.1656661832897;37.1656661832897;0.01625;3;210452.014925373 * compressionLrzip;1;30.452577019892;
3;56732.5423728814 * level + 621665.790960452 * compressionZpaq + 231002.45762712 * compressionLrzip + 172109.957627119 * compressionBzip2;10.8813129677977;10.8813129677977;10.8813129677977;10.8813129677977;0.035445;4;172109.957627119 * compressionBzip2;1;26.284353215492;
4;56922.4137931036 * level + 621475.919540229 * compressionZpaq + 230812.586206895 * compressionLrzip + 171920.086206896 * compressionBzip2 + -11202.4137931038 * level6;9.58399457474197;9.58399457474197;9.58399457474197;9.58399457474197;0.066456;5;-11202.4137931038 * level6;1;1.29731839305569;
5;57097.3684210525 * level + 621300.964912281 * compressionZpaq + 230637.631578948 * compressionLrzip + 171745.131578948 * compressionBzip2 + -11377.3684210524 * level6 + -10147.3684210525 * level8;8.48947161161516;8.48947161161516;8.48947161161516;8.48947161161516;0.112131;6;-10147.3684210525 * level8;1;1.09452296312681;
6;58501.3333333334 * level + 619897 * compressionZpaq + 229233.666666667 * compressionLrzip + 170341.166666667 * compressionBzip2 + -12781.3333333332 * level6 + -11551.3333333333 * level8 + -6668.83333333317 * level2;8.18918573343071;8.18918573343071;8.18918573343071;8.18918573343071;0.173808;7;-6668.83333333317 * level2;1;0.30028587818445;
7;58501.3333333334 * level + 619897 * compressionZpaq + 229233.666666666 * compressionLrzip + 170341.166666666 * compressionBzip2 + -12781.3333333334 * level6 + -11551.3333333335 * level8 + -10969.9047619046 * level2 + 10322.5714285718 * level2 * encryption;7.75205704495241;7.75205704495241;7.75205704495241;7.75205704495241;0.254011;9;10322.5714285718 * level2 * encryption;2;0.218564344239151;
8;58501.3333333335 * level + 619897 * compressionZpaq + 229233.666666667 * compressionLrzip + 170341.166666667 * compressionBzip2 + -12781.3333333333 * level6 + -11551.3333333332 * level8 + -16282.1176470589 * level2 + 10056.9607843137 * level2 * encryption + 9296.37254901946 * level2 * compressionLzo;6.36404992822662;6.36404992822662;6.36404992822662;6.36404992822662;0.365955;11;9296.37254901946 * level2 * compressionLzo;2;0.694003558362891;
9;58501.3333333334 * level + 619897 * compressionZpaq + 225456.166666667 * compressionLrzip + 170341.166666667 * compressionBzip2 + -12781.3333333333 * level6 + -11551.3333333334 * level8 + -16282.1176470589 * level2 + 10056.9607843136 * level2 * encryption + 9296.37254901945 * level2 * compressionLzo + 11332.5000000007 * compressionLrzip * encryption;6.10853699871902;6.10853699871902;6.10853699871902;6.10853699871902;0.510455;13;11332.5000000007 * compressionLrzip * encryption;2;0.127756464753802;
10;58501.3333333335 * level + 619896.999999999 * compressionZpaq + 225456.166666666 * compressionLrzip + 164771.166666667 * compressionBzip2 + -12781.3333333333 * level6 + -11551.3333333334 * level8 + -16282.1176470587 * level2 + 10056.9607843137 * level2 * encryption + 9296.37254901964 * level2 * compressionLzo + 11332.4999999995 * compressionLrzip * encryption + 11139.9999999995 * compressionBzip2 * encryption;5.97486769226351;5.97486769226351;5.97486769226351;5.97486769226351;0.69951;15;11139.9999999995 * compressionBzip2 * encryption;2;0.0668346532277564;
Elapsed=00:00:00.6998098
Learning progress:
1;88569.0410958904 * level + 589794.292237442 * compressionZpaq;58.5001031522851;58.5001031522851;58.5001031522851;58.5001031522851;0.007693;2;589794.292237442 * compressionZpaq;1;66.090507564331;
2;73704.4117647058 * level + 604658.921568628 * compressionZpaq + 217023.588235294 * compressionLrzip;34.4217993284732;34.4217993284732;34.4217993284732;34.4217993284732;0.019117;3;217023.588235294 * compressionLrzip;1;24.078303823812;
3;56049.1803278688 * level + 622314.153005466 * compressionZpaq + 234678.819672132 * compressionLrzip + 171507.962529274 * compressionBzip2;14.4397207858693;14.4397207858693;14.4397207858693;14.4397207858693;0.044563;4;171507.962529274 * compressionBzip2;1;19.9820785426039;
4;48662.2857142858 * level + 612370.256410256 * compressionZpaq + 224734.923076923 * compressionLrzip + 161564.065934066 * compressionBzip2 + 17330.7912087912 * compression;9.49999971394002;9.49999971394002;9.49999971394002;9.49999971394002;0.079547;5;17330.7912087912 * compression;1;4.93972107192927;
5;48662.2857142857 * level + 583756.190476191 * compressionZpaq + 196120.857142858 * compressionLrzip + 132950.000000001 * compressionBzip2 + 45944.8571428569 * compression + -39156.0902255638 * compressionLzo;7.25429390380915;7.25429390380915;7.25429390380915;7.25429390380915;0.131046;6;-39156.0902255638 * compressionLzo;1;2.24570581013087;
6;43407.9779971884 * level + 584631.90842904 * compressionZpaq + 195770.569961717 * compressionLrzip + 132950 * compressionBzip2 + 44193.4212371582 * compression + -37312.4734827227 * compressionLzo + 12260.0513398937 * encryption;2.68586936946136;2.68586936946136;2.68586936946136;2.68586936946136;0.199016;7;12260.0513398937 * encryption;1;4.56842453434779;
7;42940.9679613837 * level + 584606.513483577 * compressionZpaq + 195780.727939902 * compressionLrzip + 132950 * compressionBzip2 + 44863.5908366661 * compression + -38506.8991468748 * compressionLzo + 11904.5221034127 * encryption + 3613.04830006309 * level7;1.67216649671267;1.67216649671267;1.67216649671267;1.67216649671267;0.291242;8;3613.04830006309 * level7;1;1.01370287274869;
8;42686.1669532025 * level + 584615.960951794 * compressionZpaq + 195776.948952616 * compressionLrzip + 132950 * compressionBzip2 + 45042.8120991186 * compression + -38516.2939962818 * compressionLzo + 12036.7866584388 * encryption + 3705.78177795645 * level7 + 3188.83304679771 * level9;1.55947360148201;1.55947360148201;1.55947360148201;1.55947360148201;0.407692;9;3188.83304679771 * level9;1;0.112692895230668;
9;42540.0249133124 * level + 584536.214572971 * compressionZpaq + 195701.88571552 * compressionLrzip + 132950 * compressionBzip2 + 44757.3072833331 * compression + -38299.4307906541 * compressionLzo + 11989.9552411829 * encryption + 3913.56294965766 * level7 + 3334.97508668754 * level9 + 534.808943124917 * level3;1.42061675190631;1.42061675190631;1.42061675190631;1.42061675190631;0.549688;10;534.808943124917 * level3;1;0.138856849575702;
10;42145.1571435311 * level + 584483.733441149 * compressionZpaq + 195660.425533647 * compressionLrzip + 132950.000000001 * compressionBzip2 + 44947.4977616677 * compression + -38254.8934741902 * compressionLzo + 11879.7457416944 * encryption + 4255.35569674187 * level7 + 3729.84285646856 * level9 + 847.072116138012 * level3 + 1447.84528978661 * level5;1.20485316766874;1.20485316766874;1.20485316766874;1.20485316766874;0.726669;11;1447.84528978661 * level5;1;0.215763584237569;
11;41689.1019113377 * level + 584453.789574847 * compressionZpaq + 195619.492583489 * compressionLrzip + 132950 * compressionBzip2 + 45113.9989575034 * compression + -38180.9637734798 * compressionLzo + 11989.6365802349 * encryption + 4527.09249151354 * level7 + 4185.89808866255 * level9 + 1111.6245995286 * level3 + 1841.10575709954 * level5 + 3450.89808866243 * level8;0.980042662621418;0.980042662621418;0.980042662621418;0.980042662621418;0.934742;12;3450.89808866243 * level8;1;0.224810505047318;
Elapsed=00:00:00.9351851
Learning progress:
1;91756.4864864865 * level + 584943.513513512 * compressionZpaq;55.1364778925186;55.1364778925186;55.1364778925186;55.1364778925186;0.005751;2;584943.513513512 * compressionZpaq;1;61.8130384254571;
2;70989.1044776119 * level + 605710.895522387 * compressionZpaq + 219540.895522389 * compressionLrzip;31.1162256927742;31.1162256927742;31.1162256927742;31.1162256927742;0.017329;3;219540.895522389 * compressionLrzip;1;24.0202521997445;
3;56068.0327868852 * level + 620631.967213116 * compressionZpaq + 234461.967213115 * compressionLrzip + 166618.633879781 * compressionBzip2;9.88158132823754;9.88158132823754;9.88158132823754;9.88158132823754;0.037819;4;166618.633879781 * compressionBzip2;1;21.2346443645366;
4;56236.1666666669 * level + 620463.833333332 * compressionZpaq + 234293.833333333 * compressionLrzip + 166450.499999999 * compressionBzip2 + -10256.1666666665 * level9;8.77287486899377;8.77287486899377;8.77287486899377;8.77287486899377;0.070267;5;-10256.1666666665 * level9;1;1.10870645924377;
5;56236.1666666667 * level + 620463.833333333 * compressionZpaq + 234293.833333334 * compressionLrzip + 164051.833333334 * compressionBzip2 + -10256.1666666668 * level9 + 14392.0000000005 * compressionBzip2 * encryption;8.0624643343058;8.0624643343058;8.0624643343058;8.0624643343058;0.116762;7;14392.0000000005 * compressionBzip2 * encryption;2;0.355205267343982;
6;50467.1153846155 * level + 626232.884615384 * compressionZpaq + 240062.884615385 * compressionLrzip + 169820.884615384 * compressionBzip2 + -4487.11538461569 * level9 + 14392.0000000001 * compressionBzip2 * encryption + 43267.8846153848 * compressionGzip;7.79403594945864;7.79403594945864;7.79403594945864;7.79403594945864;0.183838;8;43267.8846153848 * compressionGzip;1;0.268428384847164;
7;45781.9640122512 * level + 626045.478560491 * compressionZpaq + 237787.239663094 * compressionLrzip + 174506.035987749 * compressionBzip2 + 198.035987748968 * level9 + 2210.60643185316 * compressionBzip2 * encryption + 41862.3392036753 * compressionGzip + 12181.393568147 * encryption;3.9408522874246;3.9408522874246;3.9408522874246;3.9408522874246;0.271934;9;12181.393568147 * encryption;1;3.85318366203404;
8;43214.0470652799 * level + 621607.638608687 * compressionZpaq + 233443.44909319 * compressionLrzip + 169848.74747818 * compressionBzip2 + 2765.9529347211 * level9 + 2759.22782626799 * compressionBzip2 * encryption + 37479.3613913137 * compressionGzip + 11632.7721737316 * encryption + 7225.2054565409 * compression;2.19509918942016;2.19509918942016;2.19509918942016;2.19509918942016;0.391612;10;7225.2054565409 * compression;1;1.74575309800444;
9;42535.5411917347 * level + 622719.060729809 * compressionZpaq + 234563.721290923 * compressionLrzip + 170939.519420541 * compressionBzip2 + 3444.45880826513 * level9 + 2810.85327316895 * compressionBzip2 * encryption + 38595.9460571256 * compressionGzip + 11581.1467268312 * encryption + 6812.93938772435 * compression + 3713.34464489029 * level7;1.43658346531835;1.43658346531835;1.43658346531835;1.43658346531835;0.549911;11;3713.34464489029 * level7;1;0.758515724101817;
10;42362.8573658455 * level + 622589.974490232 * compressionZpaq + 234461.650143298 * compressionLrzip + 170902.333767753 * compressionBzip2 + 3617.14263415323 * level9 + 2523.00088069504 * compressionBzip2 * encryption + 38603.6622159844 * compressionGzip + 11520.39356629 * encryption + 6790.40516439063 * compression + 3583.6873339066 * level7 + 581.009255025874 * disableCompressibilityTesting;1.31707233611498;1.31707233611498;1.31707233611498;1.31707233611498;0.735877;12;581.009255025874 * disableCompressibilityTesting;1;0.119511129203369;
11;42447.7843205894 * level + 622970.774826109 * compressionZpaq + 234888.940815624 * compressionLrzip + 171183.281605251 * compressionBzip2 + 3532.21567941069 * level9 + 2769.39776914079 * compressionBzip2 * encryption + 39018.3201595843 * compressionGzip + 11254.5905328352 * encryption + 6411.59294214385 * compression + 3553.36198657869 * level7 + 613.352830040424 * disableCompressibilityTesting + 906.754728887965 * encryption * compressionLzo;1.2198900075256;1.2198900075256;1.2198900075256;1.2198900075256;0.96374;14;906.754728887965 * encryption * compressionLzo;2;0.0485911642946917;
Elapsed=00:00:00.9641993
Learning progress:
1;92403.1944444444 * level + 586391.091269841 * compressionZpaq;65.4927145631314;65.4927145631314;65.4927145631314;65.4927145631314;0.00504;2;586391.091269841 * compressionZpaq;1;78.9598077306196;
2;71063.2307692308 * level + 607731.054945054 * compressionZpaq + 219496.769230769 * compressionLrzip;40.9727533037595;40.9727533037595;40.9727533037595;40.9727533037595;0.015983;3;219496.769230769 * compressionLrzip;1;24.5199612593719;
3;55281.3559322033 * level + 623512.929782082 * compressionZpaq + 235278.644067797 * compressionLrzip + 170970.310734463 * compressionBzip2;15.6932847611927;15.6932847611927;15.6932847611927;15.6932847611927;0.035081;4;170970.310734463 * compressionBzip2;1;25.2794685425668;
4;51412.8301886793 * level + 627381.455525607 * compressionZpaq + 239147.169811321 * compressionLrzip + 174838.836477987 * compressionBzip2 + 38040.5031446542 * compressionGzip;7.5476338870955;7.5476338870955;7.5476338870955;7.5476338870955;0.066623;5;38040.5031446542 * compressionGzip;1;8.14565087409722;
5;45311.3179083977 * level + 626091.421500633 * compressionZpaq + 237857.135786346 * compressionLrzip + 174472.745741171 * compressionBzip2 + 41986.147752569 * compressionGzip + 12935.2060341968 * encryption;5.13844379321393;5.13844379321393;5.13844379321393;5.13844379321393;0.111618;6;12935.2060341968 * encryption;1;2.40919009388157;
6;43352.8801387129 * level + 621519.391142701 * compressionZpaq + 233285.105428416 * compressionLrzip + 169833.961866231 * compressionBzip2 + 37035.8474649224 * compressionGzip + 12000.6567960747 * encryption + 7064.49626368566 * compression;3.47334149352408;3.47334149352408;3.47334149352408;3.47334149352408;0.177197;7;7064.49626368566 * compression;1;1.66510229968985;
7;42668.4848807651 * level + 622990.519097135 * compressionZpaq + 234756.23338285 * compressionLrzip + 171291.506653183 * compressionBzip2 + 38430.0041369588 * compressionGzip + 11810.492451327 * encryption + 6386.42890705534 * compression + 3802.30497923454 * level7;3.08334991203353;3.08334991203353;3.08334991203353;3.08334991203353;0.266963;8;3802.30497923454 * level7;1;0.389991581490557;
8;43387.5024960767 * level + 622869.260854358 * compressionZpaq + 234634.975140072 * compressionLrzip + 172390.371718707 * compressionBzip2 + 39332.2684642207 * compressionGzip + 11220.690236541 * encryption + 6125.69937154252 * compression + 3550.68196870005 * level7 + -7573.51222758008 * level1;2.83469285276293;2.83469285276293;2.83469285276293;2.83469285276293;0.379743;9;-7573.51222758008 * level1;1;0.248657059270597;
9;43332.230742451 * level + 623376.228086344 * compressionZpaq + 235141.942372058 * compressionLrzip + 172892.002829661 * compressionBzip2 + 39831.3754652633 * compressionGzip + 11213.1179068083 * encryption + 5678.33093874318 * compression + 3833.96498428685 * level7 + -7544.74078555335 * level1 + 1429.56757472082 * compression * level2;2.50326354067313;2.50326354067313;2.50326354067313;2.50326354067313;0.517992;11;1429.56757472082 * compression * level2;2;0.165714656044898;
10;43509.8434412337 * level + 623306.428914187 * compressionZpaq + 235072.143199901 * compressionLrzip + 172839.543457553 * compressionBzip2 + 39788.5872207642 * compressionGzip + 11242.1312896358 * encryption + 5553.93833621588 * compression + 3701.96951086669 * level7 + -7636.34527892226 * level1 + 2278.1818681543 * compression * level2 + -919.242419385195 * level2;2.30570267510734;2.30570267510734;2.30570267510734;2.30570267510734;0.698117;12;-919.242419385195 * level2;1;0.197560865565795;
11;43638.5455480663 * level + 623828.603202757 * compressionZpaq + 235594.317488471 * compressionLrzip + 173375.708726499 * compressionBzip2 + 40343.3199361481 * compressionGzip + 11297.8336289464 * encryption + 4871.23203263555 * compression + 3098.40666396425 * level7 + -7696.41873004525 * level1 + 2955.31793780334 * compression * level2 + -1075.79569587309 * level2 + 1568.76796736432 * level7 * compression;2.09722306582043;2.09722306582043;2.09722306582043;2.09722306582043;0.918532;14;1568.76796736432 * level7 * compression;2;0.104239804643456;
12;43579.4948202821 * level + 623844.572241429 * compressionZpaq + 235610.286527143 * compressionLrzip + 173393.205238434 * compressionBzip2 + 40416.7080834346 * compressionGzip + 11465.5085350002 * encryption + 4818.49948971783 * compression + 3061.64315971731 * level7 + -7633.72289560856 * level1 + 3100.01902880016 * compression * level2 + -556.90222768955 * level2 + 1621.50051028168 * level7 * compression + -1087.36038685196 * level2 * encryption;1.98749545486269;1.98749545486269;1.98749545486269;1.98749545486269;1.19473;16;-1087.36038685196 * level2 * encryption;2;0.0548638054788669;
Elapsed=00:00:01.1951508
Learning progress:
1;101197.222222222 * level + 576954.027777778 * compressionZpaq;104.008312770979;104.008312770979;104.008312770979;104.008312770979;0.00472;2;576954.027777778 * compressionZpaq;1;117.060201428068;
2;49393.3333333333 * level + 539951.25 * compressionZpaq + 88806.6666666665 * compression;59.7461585042083;59.7461585042083;59.7461585042083;59.7461585042083;0.015619;3;88806.6666666665 * compression;1;44.2621542667703;
3;49393.3333333332 * level + 473166.902173912 * compressionZpaq + 155591.014492754 * compression + -147628.558352403 * compressionLzo;26.4557219861988;26.4557219861988;26.4557219861988;26.4557219861988;0.03668;4;-147628.558352403 * compressionLzo;1;33.2904365180094;
4;49393.3333333333 * level + 424245.625 * compressionZpaq + 204512.291666667 * compression + -196549.835526316 * compressionLzo + -160741.339285714 * compressionGzip;13.6495153082255;13.6495153082255;13.6495153082255;13.6495153082255;0.07002;5;-160741.339285714 * compressionGzip;1;12.8062066779734;
5;43634.224922207 * level + 423525.73644861 * compressionZpaq + 205232.180218057 * compression + -198179.056984726 * compressionLzo + -160638.498064087 * compressionGzip + 11518.2168222524 * encryption;4.57988042692528;4.57988042692528;4.57988042692528;4.57988042692528;0.117412;6;11518.2168222524 * encryption;1;9.0696348813002;
6;43535.2188250033 * level + 450934.792832408 * compressionZpaq + 177823.123834259 * compression + -170785.633142592 * compressionLzo + -133215.297952117 * compressionGzip + 11716.2290166602 * encryption + 62677.5591907401 * compressionLrzip;3.97869476919314;3.97869476919314;3.97869476919314;3.97869476919314;0.18669;7;62677.5591907401 * compressionLrzip;1;0.601185657732137;
7;42692.337268521 * level + 450935.060561176 * compressionZpaq + 178668.147220886 * compression + -171928.98797047 * compressionLzo + -133215.37444605 * compressionGzip + 11711.4098988333 * encryption + 62677.4826968072 * compressionLrzip + 3622.67620883813 * level7;3.49914071170813;3.49914071170813;3.49914071170813;3.49914071170813;0.274393;8;3622.67620883813 * level7;1;0.479554057485016;
8;42524.5948604211 * level + 450930.509358223 * compressionZpaq + 178799.480005366 * compression + -171965.181513238 * compressionLzo + -133214.07410235 * compressionGzip + 11793.3315519788 * encryption + 62678.7830405075 * compressionLrzip + 3702.39653830021 * level7 + 3245.40513957944 * level9;3.17718462188036;3.17718462188036;3.17718462188036;3.17718462188036;0.383397;9;3245.40513957944 * level9;1;0.321956089827769;
9;42448.8634686609 * level + 450933.626929281 * compressionZpaq + 178900.151965584 * compression + -172776.619063499 * compressionLzo + -133214.964836937 * compressionGzip + 11737.2152729491 * encryption + 62677.8923059198 * compressionLrzip + 4136.39004494241 * level7 + 3321.13653133852 * level9 + 2159.46011395428 * compressionLzo * level2;2.81425571627812;2.81425571627812;2.81425571627812;2.81425571627812;0.520145;11;2159.46011395428 * compressionLzo * level2;2;0.181464452801121;
10;42541.5236884913 * level + 450943.660757229 * compressionZpaq + 178887.762369335 * compression + -172761.088442849 * compressionLzo + -135325.937650299 * compressionGzip + 11556.60636989 * encryption + 62675.0254979348 * compressionLrzip + 4139.53106934366 * level7 + 3228.47631150868 * level9 + 2184.06480509569 * compressionLzo * level2 + 4918.91401254595 * compressionGzip * disableCompressibilityTesting;2.56794635608091;2.56794635608091;2.56794635608091;2.56794635608091;0.695846;13;4918.91401254595 * compressionGzip * disableCompressibilityTesting;2;0.123154680098601;
11;42816.8927337792 * level + 450942.487473592 * compressionZpaq + 178603.007054959 * compression + -172672.52425094 * compressionLzo + -135321.831157573 * compressionGzip + 11577.725475339 * encryption + 62675.3607218308 * compressionLrzip + 3943.33994687598 * level7 + 2953.1072662209 * level9 + 3080.68619832989 * compressionLzo * level2 + 4910.11438527557 * compressionGzip * disableCompressibilityTesting + -989.878719687188 * level2;2.44660303764018;2.44660303764018;2.44660303764018;2.44660303764018;0.919289;14;-989.878719687188 * level2;1;0.121343318440728;
12;42932.4043465591 * level + 450941.536231733 * compressionZpaq + 178479.885507307 * compression + -172939.345756038 * compressionLzo + -135318.501811066 * compressionGzip + 11594.847828802 * encryption + 62675.6325052191 * compressionLrzip + 3553.39689412551 * level7 + 2837.59565344115 * level9 + 3468.99855075082 * compressionLzo * level2 + 4902.98007133226 * compressionGzip * disableCompressibilityTesting + -1115.17453444601 * level2 + 964.568426979472 * level7 * compression;2.36898088578546;2.36898088578546;2.36898088578546;2.36898088578546;1.193062;16;964.568426979472 * level7 * compression;2;0.0388110759273612;
Elapsed=00:00:01.1934343
Learning progress:
1;94580.4109589041 * level + 583817.922374428 * compressionZpaq;67.6182432031817;67.6182432031817;67.6182432031817;67.6182432031817;0.003915;2;583817.922374428 * compressionZpaq;1;80.1818947613504;
2;77282.9850746268 * level + 601115.348258707 * compressionZpaq + 210452.014925373 * compressionLrzip;37.1656661832897;37.1656661832897;37.1656661832897;37.1656661832897;0.015852;3;210452.014925373 * compressionLrzip;1;30.452577019892;
3;56732.5423728814 * level + 621665.790960452 * compressionZpaq + 231002.45762712 * compressionLrzip + 172109.957627119 * compressionBzip2;10.8813129677977;10.8813129677977;10.8813129677977;10.8813129677977;0.036871;4;172109.957627119 * compressionBzip2;1;26.284353215492;
4;56922.4137931036 * level + 621475.919540229 * compressionZpaq + 230812.586206895 * compressionLrzip + 171920.086206896 * compressionBzip2 + -11202.4137931038 * level6;9.58399457474197;9.58399457474197;9.58399457474197;9.58399457474197;0.069426;5;-11202.4137931038 * level6;1;1.29731839305569;
5;57097.3684210525 * level + 621300.964912281 * compressionZpaq + 230637.631578948 * compressionLrzip + 171745.131578948 * compressionBzip2 + -11377.3684210524 * level6 + -10147.3684210525 * level8;8.48947161161516;8.48947161161516;8.48947161161516;8.48947161161516;0.114768;6;-10147.3684210525 * level8;1;1.09452296312681;
6;58501.3333333334 * level + 619897 * compressionZpaq + 229233.666666667 * compressionLrzip + 170341.166666667 * compressionBzip2 + -12781.3333333332 * level6 + -11551.3333333333 * level8 + -6668.83333333317 * level2;8.18918573343071;8.18918573343071;8.18918573343071;8.18918573343071;0.174558;7;-6668.83333333317 * level2;1;0.30028587818445;
7;58501.3333333334 * level + 619897 * compressionZpaq + 229233.666666666 * compressionLrzip + 170341.166666666 * compressionBzip2 + -12781.3333333334 * level6 + -11551.3333333335 * level8 + -10969.9047619046 * level2 + 10322.5714285718 * level2 * encryption;7.75205704495241;7.75205704495241;7.75205704495241;7.75205704495241;0.253961;9;10322.5714285718 * level2 * encryption;2;0.218564344239151;
8;58501.3333333335 * level + 619897 * compressionZpaq + 229233.666666667 * compressionLrzip + 170341.166666667 * compressionBzip2 + -12781.3333333333 * level6 + -11551.3333333332 * level8 + -16282.1176470589 * level2 + 10056.9607843137 * level2 * encryption + 9296.37254901946 * level2 * compressionLzo;6.36404992822662;6.36404992822662;6.36404992822662;6.36404992822662;0.364038;11;9296.37254901946 * level2 * compressionLzo;2;0.694003558362891;
9;58501.3333333334 * level + 619897 * compressionZpaq + 225456.166666667 * compressionLrzip + 170341.166666667 * compressionBzip2 + -12781.3333333333 * level6 + -11551.3333333334 * level8 + -16282.1176470589 * level2 + 10056.9607843136 * level2 * encryption + 9296.37254901945 * level2 * compressionLzo + 11332.5000000007 * compressionLrzip * encryption;6.10853699871902;6.10853699871902;6.10853699871902;6.10853699871902;0.507688;13;11332.5000000007 * compressionLrzip * encryption;2;0.127756464753802;
Elapsed=00:00:00.5079907
Learning progress:
1;88569.0410958904 * level + 589794.292237442 * compressionZpaq;58.5001031522851;58.5001031522851;58.5001031522851;58.5001031522851;0.005828;2;589794.292237442 * compressionZpaq;1;66.090507564331;
2;73704.4117647058 * level + 604658.921568628 * compressionZpaq + 217023.588235294 * compressionLrzip;34.4217993284732;34.4217993284732;34.4217993284732;34.4217993284732;0.016031;3;217023.588235294 * compressionLrzip;1;24.078303823812;
3;56049.1803278688 * level + 622314.153005466 * compressionZpaq + 234678.819672132 * compressionLrzip + 171507.962529274 * compressionBzip2;14.4397207858693;14.4397207858693;14.4397207858693;14.4397207858693;0.036176;4;171507.962529274 * compressionBzip2;1;19.9820785426039;
4;48662.2857142858 * level + 612370.256410256 * compressionZpaq + 224734.923076923 * compressionLrzip + 161564.065934066 * compressionBzip2 + 17330.7912087912 * compression;9.49999971394002;9.49999971394002;9.49999971394002;9.49999971394002;0.0678;5;17330.7912087912 * compression;1;4.93972107192927;
5;48662.2857142857 * level + 583756.190476191 * compressionZpaq + 196120.857142858 * compressionLrzip + 132950.000000001 * compressionBzip2 + 45944.8571428569 * compression + -39156.0902255638 * compressionLzo;7.25429390380915;7.25429390380915;7.25429390380915;7.25429390380915;0.117817;6;-39156.0902255638 * compressionLzo;1;2.24570581013087;
6;43407.9779971884 * level + 584631.90842904 * compressionZpaq + 195770.569961717 * compressionLrzip + 132950 * compressionBzip2 + 44193.4212371582 * compression + -37312.4734827227 * compressionLzo + 12260.0513398937 * encryption;2.68586936946136;2.68586936946136;2.68586936946136;2.68586936946136;0.187308;7;12260.0513398937 * encryption;1;4.56842453434779;
7;42940.9679613837 * level + 584606.513483577 * compressionZpaq + 195780.727939902 * compressionLrzip + 132950 * compressionBzip2 + 44863.5908366661 * compression + -38506.8991468748 * compressionLzo + 11904.5221034127 * encryption + 3613.04830006309 * level7;1.67216649671267;1.67216649671267;1.67216649671267;1.67216649671267;0.280158;8;3613.04830006309 * level7;1;1.01370287274869;
8;42686.1669532025 * level + 584615.960951794 * compressionZpaq + 195776.948952616 * compressionLrzip + 132950 * compressionBzip2 + 45042.8120991186 * compression + -38516.2939962818 * compressionLzo + 12036.7866584388 * encryption + 3705.78177795645 * level7 + 3188.83304679771 * level9;1.55947360148201;1.55947360148201;1.55947360148201;1.55947360148201;0.395848;9;3188.83304679771 * level9;1;0.112692895230668;
Elapsed=00:00:00.3961869
Learning progress:
1;91756.4864864865 * level + 584943.513513512 * compressionZpaq;55.1364778925186;55.1364778925186;55.1364778925186;55.1364778925186;0.004925;2;584943.513513512 * compressionZpaq;1;61.8130384254571;
2;70989.1044776119 * level + 605710.895522387 * compressionZpaq + 219540.895522389 * compressionLrzip;31.1162256927742;31.1162256927742;31.1162256927742;31.1162256927742;0.016606;3;219540.895522389 * compressionLrzip;1;24.0202521997445;
3;56068.0327868852 * level + 620631.967213116 * compressionZpaq + 234461.967213115 * compressionLrzip + 166618.633879781 * compressionBzip2;9.88158132823754;9.88158132823754;9.88158132823754;9.88158132823754;0.036522;4;166618.633879781 * compressionBzip2;1;21.2346443645366;
4;56236.1666666669 * level + 620463.833333332 * compressionZpaq + 234293.833333333 * compressionLrzip + 166450.499999999 * compressionBzip2 + -10256.1666666665 * level9;8.77287486899377;8.77287486899377;8.77287486899377;8.77287486899377;0.070364;5;-10256.1666666665 * level9;1;1.10870645924377;
5;56236.1666666667 * level + 620463.833333333 * compressionZpaq + 234293.833333334 * compressionLrzip + 164051.833333334 * compressionBzip2 + -10256.1666666668 * level9 + 14392.0000000005 * compressionBzip2 * encryption;8.0624643343058;8.0624643343058;8.0624643343058;8.0624643343058;0.116586;7;14392.0000000005 * compressionBzip2 * encryption;2;0.355205267343982;
6;50467.1153846155 * level + 626232.884615384 * compressionZpaq + 240062.884615385 * compressionLrzip + 169820.884615384 * compressionBzip2 + -4487.11538461569 * level9 + 14392.0000000001 * compressionBzip2 * encryption + 43267.8846153848 * compressionGzip;7.79403594945864;7.79403594945864;7.79403594945864;7.79403594945864;0.186525;8;43267.8846153848 * compressionGzip;1;0.268428384847164;
7;45781.9640122512 * level + 626045.478560491 * compressionZpaq + 237787.239663094 * compressionLrzip + 174506.035987749 * compressionBzip2 + 198.035987748968 * level9 + 2210.60643185316 * compressionBzip2 * encryption + 41862.3392036753 * compressionGzip + 12181.393568147 * encryption;3.9408522874246;3.9408522874246;3.9408522874246;3.9408522874246;0.274592;9;12181.393568147 * encryption;1;3.85318366203404;
8;43214.0470652799 * level + 621607.638608687 * compressionZpaq + 233443.44909319 * compressionLrzip + 169848.74747818 * compressionBzip2 + 2765.9529347211 * level9 + 2759.22782626799 * compressionBzip2 * encryption + 37479.3613913137 * compressionGzip + 11632.7721737316 * encryption + 7225.2054565409 * compression;2.19509918942016;2.19509918942016;2.19509918942016;2.19509918942016;0.395476;10;7225.2054565409 * compression;1;1.74575309800444;
9;42535.5411917347 * level + 622719.060729809 * compressionZpaq + 234563.721290923 * compressionLrzip + 170939.519420541 * compressionBzip2 + 3444.45880826513 * level9 + 2810.85327316895 * compressionBzip2 * encryption + 38595.9460571256 * compressionGzip + 11581.1467268312 * encryption + 6812.93938772435 * compression + 3713.34464489029 * level7;1.43658346531835;1.43658346531835;1.43658346531835;1.43658346531835;0.548261;11;3713.34464489029 * level7;1;0.758515724101817;
10;42362.8573658455 * level + 622589.974490232 * compressionZpaq + 234461.650143298 * compressionLrzip + 170902.333767753 * compressionBzip2 + 3617.14263415323 * level9 + 2523.00088069504 * compressionBzip2 * encryption + 38603.6622159844 * compressionGzip + 11520.39356629 * encryption + 6790.40516439063 * compression + 3583.6873339066 * level7 + 581.009255025874 * disableCompressibilityTesting;1.31707233611498;1.31707233611498;1.31707233611498;1.31707233611498;0.733955;12;581.009255025874 * disableCompressibilityTesting;1;0.119511129203369;
Elapsed=00:00:00.7343666
Learning progress:
1;92403.1944444444 * level + 586391.091269841 * compressionZpaq;65.4927145631314;65.4927145631314;65.4927145631314;65.4927145631314;0.005982;2;586391.091269841 * compressionZpaq;1;78.9598077306196;
2;71063.2307692308 * level + 607731.054945054 * compressionZpaq + 219496.769230769 * compressionLrzip;40.9727533037595;40.9727533037595;40.9727533037595;40.9727533037595;0.016328;3;219496.769230769 * compressionLrzip;1;24.5199612593719;
3;55281.3559322033 * level + 623512.929782082 * compressionZpaq + 235278.644067797 * compressionLrzip + 170970.310734463 * compressionBzip2;15.6932847611927;15.6932847611927;15.6932847611927;15.6932847611927;0.037039;4;170970.310734463 * compressionBzip2;1;25.2794685425668;
4;51412.8301886793 * level + 627381.455525607 * compressionZpaq + 239147.169811321 * compressionLrzip + 174838.836477987 * compressionBzip2 + 38040.5031446542 * compressionGzip;7.5476338870955;7.5476338870955;7.5476338870955;7.5476338870955;0.068192;5;38040.5031446542 * compressionGzip;1;8.14565087409722;
5;45311.3179083977 * level + 626091.421500633 * compressionZpaq + 237857.135786346 * compressionLrzip + 174472.745741171 * compressionBzip2 + 41986.147752569 * compressionGzip + 12935.2060341968 * encryption;5.13844379321393;5.13844379321393;5.13844379321393;5.13844379321393;0.112684;6;12935.2060341968 * encryption;1;2.40919009388157;
6;43352.8801387129 * level + 621519.391142701 * compressionZpaq + 233285.105428416 * compressionLrzip + 169833.961866231 * compressionBzip2 + 37035.8474649224 * compressionGzip + 12000.6567960747 * encryption + 7064.49626368566 * compression;3.47334149352408;3.47334149352408;3.47334149352408;3.47334149352408;0.178697;7;7064.49626368566 * compression;1;1.66510229968985;
7;42668.4848807651 * level + 622990.519097135 * compressionZpaq + 234756.23338285 * compressionLrzip + 171291.506653183 * compressionBzip2 + 38430.0041369588 * compressionGzip + 11810.492451327 * encryption + 6386.42890705534 * compression + 3802.30497923454 * level7;3.08334991203353;3.08334991203353;3.08334991203353;3.08334991203353;0.269089;8;3802.30497923454 * level7;1;0.389991581490557;
8;43387.5024960767 * level + 622869.260854358 * compressionZpaq + 234634.975140072 * compressionLrzip + 172390.371718707 * compressionBzip2 + 39332.2684642207 * compressionGzip + 11220.690236541 * encryption + 6125.69937154252 * compression + 3550.68196870005 * level7 + -7573.51222758008 * level1;2.83469285276293;2.83469285276293;2.83469285276293;2.83469285276293;0.382352;9;-7573.51222758008 * level1;1;0.248657059270597;
9;43332.230742451 * level + 623376.228086344 * compressionZpaq + 235141.942372058 * compressionLrzip + 172892.002829661 * compressionBzip2 + 39831.3754652633 * compressionGzip + 11213.1179068083 * encryption + 5678.33093874318 * compression + 3833.96498428685 * level7 + -7544.74078555335 * level1 + 1429.56757472082 * compression * level2;2.50326354067313;2.50326354067313;2.50326354067313;2.50326354067313;0.522656;11;1429.56757472082 * compression * level2;2;0.165714656044898;
Elapsed=00:00:00.5230025
Learning progress:
1;101197.222222222 * level + 576954.027777778 * compressionZpaq;104.008312770979;104.008312770979;104.008312770979;104.008312770979;0.006312;2;576954.027777778 * compressionZpaq;1;117.060201428068;
2;49393.3333333333 * level + 539951.25 * compressionZpaq + 88806.6666666665 * compression;59.7461585042083;59.7461585042083;59.7461585042083;59.7461585042083;0.016317;3;88806.6666666665 * compression;1;44.2621542667703;
3;49393.3333333332 * level + 473166.902173912 * compressionZpaq + 155591.014492754 * compression + -147628.558352403 * compressionLzo;26.4557219861988;26.4557219861988;26.4557219861988;26.4557219861988;0.038314;4;-147628.558352403 * compressionLzo;1;33.2904365180094;
4;49393.3333333333 * level + 424245.625 * compressionZpaq + 204512.291666667 * compression + -196549.835526316 * compressionLzo + -160741.339285714 * compressionGzip;13.6495153082255;13.6495153082255;13.6495153082255;13.6495153082255;0.070148;5;-160741.339285714 * compressionGzip;1;12.8062066779734;
5;43634.224922207 * level + 423525.73644861 * compressionZpaq + 205232.180218057 * compression + -198179.056984726 * compressionLzo + -160638.498064087 * compressionGzip + 11518.2168222524 * encryption;4.57988042692528;4.57988042692528;4.57988042692528;4.57988042692528;0.11914;6;11518.2168222524 * encryption;1;9.0696348813002;
6;43535.2188250033 * level + 450934.792832408 * compressionZpaq + 177823.123834259 * compression + -170785.633142592 * compressionLzo + -133215.297952117 * compressionGzip + 11716.2290166602 * encryption + 62677.5591907401 * compressionLrzip;3.97869476919314;3.97869476919314;3.97869476919314;3.97869476919314;0.185579;7;62677.5591907401 * compressionLrzip;1;0.601185657732137;
7;42692.337268521 * level + 450935.060561176 * compressionZpaq + 178668.147220886 * compression + -171928.98797047 * compressionLzo + -133215.37444605 * compressionGzip + 11711.4098988333 * encryption + 62677.4826968072 * compressionLrzip + 3622.67620883813 * level7;3.49914071170813;3.49914071170813;3.49914071170813;3.49914071170813;0.271;8;3622.67620883813 * level7;1;0.479554057485016;
8;42524.5948604211 * level + 450930.509358223 * compressionZpaq + 178799.480005366 * compression + -171965.181513238 * compressionLzo + -133214.07410235 * compressionGzip + 11793.3315519788 * encryption + 62678.7830405075 * compressionLrzip + 3702.39653830021 * level7 + 3245.40513957944 * level9;3.17718462188036;3.17718462188036;3.17718462188036;3.17718462188036;0.382433;9;3245.40513957944 * level9;1;0.321956089827769;
9;42448.8634686609 * level + 450933.626929281 * compressionZpaq + 178900.151965584 * compression + -172776.619063499 * compressionLzo + -133214.964836937 * compressionGzip + 11737.2152729491 * encryption + 62677.8923059198 * compressionLrzip + 4136.39004494241 * level7 + 3321.13653133852 * level9 + 2159.46011395428 * compressionLzo * level2;2.81425571627812;2.81425571627812;2.81425571627812;2.81425571627812;0.516692;11;2159.46011395428 * compressionLzo * level2;2;0.181464452801121;
Elapsed=00:00:00.5169981
Learning progress:
1;94580.4109589041 * level + 583817.922374428 * compressionZpaq;67.6182432031817;67.6182432031817;67.6182432031817;67.6182432031817;0.004933;2;583817.922374428 * compressionZpaq;1;80.1818947613504;
2;77282.9850746268 * level + 601115.348258707 * compressionZpaq + 210452.014925373 * compressionLrzip;37.1656661832897;37.1656661832897;37.1656661832897;37.1656661832897;0.017422;3;210452.014925373 * compressionLrzip;1;30.452577019892;
3;56732.5423728814 * level + 621665.790960452 * compressionZpaq + 231002.45762712 * compressionLrzip + 172109.957627119 * compressionBzip2;10.8813129677977;10.8813129677977;10.8813129677977;10.8813129677977;0.036286;4;172109.957627119 * compressionBzip2;1;26.284353215492;
4;56922.4137931036 * level + 621475.919540229 * compressionZpaq + 230812.586206895 * compressionLrzip + 171920.086206896 * compressionBzip2 + -11202.4137931038 * level6;9.58399457474197;9.58399457474197;9.58399457474197;9.58399457474197;0.067212;5;-11202.4137931038 * level6;1;1.29731839305569;
5;57097.3684210525 * level + 621300.964912281 * compressionZpaq + 230637.631578948 * compressionLrzip + 171745.131578948 * compressionBzip2 + -11377.3684210524 * level6 + -10147.3684210525 * level8;8.48947161161516;8.48947161161516;8.48947161161516;8.48947161161516;0.111775;6;-10147.3684210525 * level8;1;1.09452296312681;
6;58501.3333333334 * level + 619897 * compressionZpaq + 229233.666666667 * compressionLrzip + 170341.166666667 * compressionBzip2 + -12781.3333333332 * level6 + -11551.3333333333 * level8 + -6668.83333333317 * level2;8.18918573343071;8.18918573343071;8.18918573343071;8.18918573343071;0.174103;7;-6668.83333333317 * level2;1;0.30028587818445;
Elapsed=00:00:00.1743326
Learning progress:
1;88569.0410958904 * level + 589794.292237442 * compressionZpaq;58.5001031522851;58.5001031522851;58.5001031522851;58.5001031522851;0.00454;2;589794.292237442 * compressionZpaq;1;66.090507564331;
2;73704.4117647058 * level + 604658.921568628 * compressionZpaq + 217023.588235294 * compressionLrzip;34.4217993284732;34.4217993284732;34.4217993284732;34.4217993284732;0.019172;3;217023.588235294 * compressionLrzip;1;24.078303823812;
3;56049.1803278688 * level + 622314.153005466 * compressionZpaq + 234678.819672132 * compressionLrzip + 171507.962529274 * compressionBzip2;14.4397207858693;14.4397207858693;14.4397207858693;14.4397207858693;0.041625;4;171507.962529274 * compressionBzip2;1;19.9820785426039;
4;48662.2857142858 * level + 612370.256410256 * compressionZpaq + 224734.923076923 * compressionLrzip + 161564.065934066 * compressionBzip2 + 17330.7912087912 * compression;9.49999971394002;9.49999971394002;9.49999971394002;9.49999971394002;0.074421;5;17330.7912087912 * compression;1;4.93972107192927;
5;48662.2857142857 * level + 583756.190476191 * compressionZpaq + 196120.857142858 * compressionLrzip + 132950.000000001 * compressionBzip2 + 45944.8571428569 * compression + -39156.0902255638 * compressionLzo;7.25429390380915;7.25429390380915;7.25429390380915;7.25429390380915;0.124512;6;-39156.0902255638 * compressionLzo;1;2.24570581013087;
6;43407.9779971884 * level + 584631.90842904 * compressionZpaq + 195770.569961717 * compressionLrzip + 132950 * compressionBzip2 + 44193.4212371582 * compression + -37312.4734827227 * compressionLzo + 12260.0513398937 * encryption;2.68586936946136;2.68586936946136;2.68586936946136;2.68586936946136;0.193715;7;12260.0513398937 * encryption;1;4.56842453434779;
7;42940.9679613837 * level + 584606.513483577 * compressionZpaq + 195780.727939902 * compressionLrzip + 132950 * compressionBzip2 + 44863.5908366661 * compression + -38506.8991468748 * compressionLzo + 11904.5221034127 * encryption + 3613.04830006309 * level7;1.67216649671267;1.67216649671267;1.67216649671267;1.67216649671267;0.284467;8;3613.04830006309 * level7;1;1.01370287274869;
8;42686.1669532025 * level + 584615.960951794 * compressionZpaq + 195776.948952616 * compressionLrzip + 132950 * compressionBzip2 + 45042.8120991186 * compression + -38516.2939962818 * compressionLzo + 12036.7866584388 * encryption + 3705.78177795645 * level7 + 3188.83304679771 * level9;1.55947360148201;1.55947360148201;1.55947360148201;1.55947360148201;0.401163;9;3188.83304679771 * level9;1;0.112692895230668;
Elapsed=00:00:00.4015179
Learning progress:
1;91756.4864864865 * level + 584943.513513512 * compressionZpaq;55.1364778925186;55.1364778925186;55.1364778925186;55.1364778925186;0.004584;2;584943.513513512 * compressionZpaq;1;61.8130384254571;
2;70989.1044776119 * level + 605710.895522387 * compressionZpaq + 219540.895522389 * compressionLrzip;31.1162256927742;31.1162256927742;31.1162256927742;31.1162256927742;0.015637;3;219540.895522389 * compressionLrzip;1;24.0202521997445;
3;56068.0327868852 * level + 620631.967213116 * compressionZpaq + 234461.967213115 * compressionLrzip + 166618.633879781 * compressionBzip2;9.88158132823754;9.88158132823754;9.88158132823754;9.88158132823754;0.035966;4;166618.633879781 * compressionBzip2;1;21.2346443645366;
4;56236.1666666669 * level + 620463.833333332 * compressionZpaq + 234293.833333333 * compressionLrzip + 166450.499999999 * compressionBzip2 + -10256.1666666665 * level9;8.77287486899377;8.77287486899377;8.77287486899377;8.77287486899377;0.06769;5;-10256.1666666665 * level9;1;1.10870645924377;
5;56236.1666666667 * level + 620463.833333333 * compressionZpaq + 234293.833333334 * compressionLrzip + 164051.833333334 * compressionBzip2 + -10256.1666666668 * level9 + 14392.0000000005 * compressionBzip2 * encryption;8.0624643343058;8.0624643343058;8.0624643343058;8.0624643343058;0.113758;7;14392.0000000005 * compressionBzip2 * encryption;2;0.355205267343982;
Elapsed=00:00:00.1139912
Learning progress:
1;92403.1944444444 * level + 586391.091269841 * compressionZpaq;65.4927145631314;65.4927145631314;65.4927145631314;65.4927145631314;0.004096;2;586391.091269841 * compressionZpaq;1;78.9598077306196;
2;71063.2307692308 * level + 607731.054945054 * compressionZpaq + 219496.769230769 * compressionLrzip;40.9727533037595;40.9727533037595;40.9727533037595;40.9727533037595;0.015402;3;219496.769230769 * compressionLrzip;1;24.5199612593719;
3;55281.3559322033 * level + 623512.929782082 * compressionZpaq + 235278.644067797 * compressionLrzip + 170970.310734463 * compressionBzip2;15.6932847611927;15.6932847611927;15.6932847611927;15.6932847611927;0.03419;4;170970.310734463 * compressionBzip2;1;25.2794685425668;
4;51412.8301886793 * level + 627381.455525607 * compressionZpaq + 239147.169811321 * compressionLrzip + 174838.836477987 * compressionBzip2 + 38040.5031446542 * compressionGzip;7.5476338870955;7.5476338870955;7.5476338870955;7.5476338870955;0.065941;5;38040.5031446542 * compressionGzip;1;8.14565087409722;
5;45311.3179083977 * level + 626091.421500633 * compressionZpaq + 237857.135786346 * compressionLrzip + 174472.745741171 * compressionBzip2 + 41986.147752569 * compressionGzip + 12935.2060341968 * encryption;5.13844379321393;5.13844379321393;5.13844379321393;5.13844379321393;0.110481;6;12935.2060341968 * encryption;1;2.40919009388157;
6;43352.8801387129 * level + 621519.391142701 * compressionZpaq + 233285.105428416 * compressionLrzip + 169833.961866231 * compressionBzip2 + 37035.8474649224 * compressionGzip + 12000.6567960747 * encryption + 7064.49626368566 * compression;3.47334149352408;3.47334149352408;3.47334149352408;3.47334149352408;0.176077;7;7064.49626368566 * compression;1;1.66510229968985;
7;42668.4848807651 * level + 622990.519097135 * compressionZpaq + 234756.23338285 * compressionLrzip + 171291.506653183 * compressionBzip2 + 38430.0041369588 * compressionGzip + 11810.492451327 * encryption + 6386.42890705534 * compression + 3802.30497923454 * level7;3.08334991203353;3.08334991203353;3.08334991203353;3.08334991203353;0.267175;8;3802.30497923454 * level7;1;0.389991581490557;
Elapsed=00:00:00.2675133
Learning progress:
1;101197.222222222 * level + 576954.027777778 * compressionZpaq;104.008312770979;104.008312770979;104.008312770979;104.008312770979;0.003981;2;576954.027777778 * compressionZpaq;1;117.060201428068;
2;49393.3333333333 * level + 539951.25 * compressionZpaq + 88806.6666666665 * compression;59.7461585042083;59.7461585042083;59.7461585042083;59.7461585042083;0.01572;3;88806.6666666665 * compression;1;44.2621542667703;
3;49393.3333333332 * level + 473166.902173912 * compressionZpaq + 155591.014492754 * compression + -147628.558352403 * compressionLzo;26.4557219861988;26.4557219861988;26.4557219861988;26.4557219861988;0.036492;4;-147628.558352403 * compressionLzo;1;33.2904365180094;
4;49393.3333333333 * level + 424245.625 * compressionZpaq + 204512.291666667 * compression + -196549.835526316 * compressionLzo + -160741.339285714 * compressionGzip;13.6495153082255;13.6495153082255;13.6495153082255;13.6495153082255;0.06867;5;-160741.339285714 * compressionGzip;1;12.8062066779734;
5;43634.224922207 * level + 423525.73644861 * compressionZpaq + 205232.180218057 * compression + -198179.056984726 * compressionLzo + -160638.498064087 * compressionGzip + 11518.2168222524 * encryption;4.57988042692528;4.57988042692528;4.57988042692528;4.57988042692528;0.115508;6;11518.2168222524 * encryption;1;9.0696348813002;
6;43535.2188250033 * level + 450934.792832408 * compressionZpaq + 177823.123834259 * compression + -170785.633142592 * compressionLzo + -133215.297952117 * compressionGzip + 11716.2290166602 * encryption + 62677.5591907401 * compressionLrzip;3.97869476919314;3.97869476919314;3.97869476919314;3.97869476919314;0.183997;7;62677.5591907401 * compressionLrzip;1;0.601185657732137;
7;42692.337268521 * level + 450935.060561176 * compressionZpaq + 178668.147220886 * compression + -171928.98797047 * compressionLzo + -133215.37444605 * compressionGzip + 11711.4098988333 * encryption + 62677.4826968072 * compressionLrzip + 3622.67620883813 * level7;3.49914071170813;3.49914071170813;3.49914071170813;3.49914071170813;0.269654;8;3622.67620883813 * level7;1;0.479554057485016;
Elapsed=00:00:00.2699311
Learning progress:
1;94580.4109589041 * level + 583817.922374428 * compressionZpaq;67.6182432031817;67.6182432031817;67.6182432031817;67.6182432031817;0.004334;2;583817.922374428 * compressionZpaq;1;80.1818947613504;
2;77282.9850746268 * level + 601115.348258707 * compressionZpaq + 210452.014925373 * compressionLrzip;37.1656661832897;37.1656661832897;37.1656661832897;37.1656661832897;0.016277;3;210452.014925373 * compressionLrzip;1;30.452577019892;
3;56732.5423728814 * level + 621665.790960452 * compressionZpaq + 231002.45762712 * compressionLrzip + 172109.957627119 * compressionBzip2;10.8813129677977;10.8813129677977;10.8813129677977;10.8813129677977;0.036281;4;172109.957627119 * compressionBzip2;1;26.284353215492;
4;56922.4137931036 * level + 621475.919540229 * compressionZpaq + 230812.586206895 * compressionLrzip + 171920.086206896 * compressionBzip2 + -11202.4137931038 * level6;9.58399457474197;9.58399457474197;9.58399457474197;9.58399457474197;0.066522;5;-11202.4137931038 * level6;1;1.29731839305569;
5;57097.3684210525 * level + 621300.964912281 * compressionZpaq + 230637.631578948 * compressionLrzip + 171745.131578948 * compressionBzip2 + -11377.3684210524 * level6 + -10147.3684210525 * level8;8.48947161161516;8.48947161161516;8.48947161161516;8.48947161161516;0.112819;6;-10147.3684210525 * level8;1;1.09452296312681;
6;58501.3333333334 * level + 619897 * compressionZpaq + 229233.666666667 * compressionLrzip + 170341.166666667 * compressionBzip2 + -12781.3333333332 * level6 + -11551.3333333333 * level8 + -6668.83333333317 * level2;8.18918573343071;8.18918573343071;8.18918573343071;8.18918573343071;0.173969;7;-6668.83333333317 * level2;1;0.30028587818445;
7;58501.3333333334 * level + 619897 * compressionZpaq + 229233.666666666 * compressionLrzip + 170341.166666666 * compressionBzip2 + -12781.3333333334 * level6 + -11551.3333333335 * level8 + -10969.9047619046 * level2 + 10322.5714285718 * level2 * encryption;7.75205704495241;7.75205704495241;7.75205704495241;7.75205704495241;0.254226;9;10322.5714285718 * level2 * encryption;2;0.218564344239151;
8;58501.3333333335 * level + 619897 * compressionZpaq + 229233.666666667 * compressionLrzip + 170341.166666667 * compressionBzip2 + -12781.3333333333 * level6 + -11551.3333333332 * level8 + -16282.1176470589 * level2 + 10056.9607843137 * level2 * encryption + 9296.37254901946 * level2 * compressionLzo;6.36404992822662;6.36404992822662;6.36404992822662;6.36404992822662;0.363208;11;9296.37254901946 * level2 * compressionLzo;2;0.694003558362891;
9;58501.3333333334 * level + 619897 * compressionZpaq + 225456.166666667 * compressionLrzip + 170341.166666667 * compressionBzip2 + -12781.3333333333 * level6 + -11551.3333333334 * level8 + -16282.1176470589 * level2 + 10056.9607843136 * level2 * encryption + 9296.37254901945 * level2 * compressionLzo + 11332.5000000007 * compressionLrzip * encryption;6.10853699871902;6.10853699871902;6.10853699871902;6.10853699871902;0.50851;13;11332.5000000007 * compressionLrzip * encryption;2;0.127756464753802;
10;58501.3333333335 * level + 619896.999999999 * compressionZpaq + 225456.166666666 * compressionLrzip + 164771.166666667 * compressionBzip2 + -12781.3333333333 * level6 + -11551.3333333334 * level8 + -16282.1176470587 * level2 + 10056.9607843137 * level2 * encryption + 9296.37254901964 * level2 * compressionLzo + 11332.4999999995 * compressionLrzip * encryption + 11139.9999999995 * compressionBzip2 * encryption;5.97486769226351;5.97486769226351;5.97486769226351;5.97486769226351;0.695072;15;11139.9999999995 * compressionBzip2 * encryption;2;0.0668346532277564;
Elapsed=00:00:00.6953864
Learning progress:
1;88569.0410958904 * level + 589794.292237442 * compressionZpaq;58.5001031522851;58.5001031522851;58.5001031522851;58.5001031522851;0.005653;2;589794.292237442 * compressionZpaq;1;66.090507564331;
2;73704.4117647058 * level + 604658.921568628 * compressionZpaq + 217023.588235294 * compressionLrzip;34.4217993284732;34.4217993284732;34.4217993284732;34.4217993284732;0.016367;3;217023.588235294 * compressionLrzip;1;24.078303823812;
3;56049.1803278688 * level + 622314.153005466 * compressionZpaq + 234678.819672132 * compressionLrzip + 171507.962529274 * compressionBzip2;14.4397207858693;14.4397207858693;14.4397207858693;14.4397207858693;0.037255;4;171507.962529274 * compressionBzip2;1;19.9820785426039;
4;48662.2857142858 * level + 612370.256410256 * compressionZpaq + 224734.923076923 * compressionLrzip + 161564.065934066 * compressionBzip2 + 17330.7912087912 * compression;9.49999971394002;9.49999971394002;9.49999971394002;9.49999971394002;0.069195;5;17330.7912087912 * compression;1;4.93972107192927;
5;48662.2857142857 * level + 583756.190476191 * compressionZpaq + 196120.857142858 * compressionLrzip + 132950.000000001 * compressionBzip2 + 45944.8571428569 * compression + -39156.0902255638 * compressionLzo;7.25429390380915;7.25429390380915;7.25429390380915;7.25429390380915;0.120587;6;-39156.0902255638 * compressionLzo;1;2.24570581013087;
6;43407.9779971884 * level + 584631.90842904 * compressionZpaq + 195770.569961717 * compressionLrzip + 132950 * compressionBzip2 + 44193.4212371582 * compression + -37312.4734827227 * compressionLzo + 12260.0513398937 * encryption;2.68586936946136;2.68586936946136;2.68586936946136;2.68586936946136;0.191194;7;12260.0513398937 * encryption;1;4.56842453434779;
7;42940.9679613837 * level + 584606.513483577 * compressionZpaq + 195780.727939902 * compressionLrzip + 132950 * compressionBzip2 + 44863.5908366661 * compression + -38506.8991468748 * compressionLzo + 11904.5221034127 * encryption + 3613.04830006309 * level7;1.67216649671267;1.67216649671267;1.67216649671267;1.67216649671267;0.284667;8;3613.04830006309 * level7;1;1.01370287274869;
8;42686.1669532025 * level + 584615.960951794 * compressionZpaq + 195776.948952616 * compressionLrzip + 132950 * compressionBzip2 + 45042.8120991186 * compression + -38516.2939962818 * compressionLzo + 12036.7866584388 * encryption + 3705.78177795645 * level7 + 3188.83304679771 * level9;1.55947360148201;1.55947360148201;1.55947360148201;1.55947360148201;0.402526;9;3188.83304679771 * level9;1;0.112692895230668;
9;42540.0249133124 * level + 584536.214572971 * compressionZpaq + 195701.88571552 * compressionLrzip + 132950 * compressionBzip2 + 44757.3072833331 * compression + -38299.4307906541 * compressionLzo + 11989.9552411829 * encryption + 3913.56294965766 * level7 + 3334.97508668754 * level9 + 534.808943124917 * level3;1.42061675190631;1.42061675190631;1.42061675190631;1.42061675190631;0.545865;10;534.808943124917 * level3;1;0.138856849575702;
10;42145.1571435311 * level + 584483.733441149 * compressionZpaq + 195660.425533647 * compressionLrzip + 132950.000000001 * compressionBzip2 + 44947.4977616677 * compression + -38254.8934741902 * compressionLzo + 11879.7457416944 * encryption + 4255.35569674187 * level7 + 3729.84285646856 * level9 + 847.072116138012 * level3 + 1447.84528978661 * level5;1.20485316766874;1.20485316766874;1.20485316766874;1.20485316766874;0.722953;11;1447.84528978661 * level5;1;0.215763584237569;
11;41689.1019113377 * level + 584453.789574847 * compressionZpaq + 195619.492583489 * compressionLrzip + 132950 * compressionBzip2 + 45113.9989575034 * compression + -38180.9637734798 * compressionLzo + 11989.6365802349 * encryption + 4527.09249151354 * level7 + 4185.89808866255 * level9 + 1111.6245995286 * level3 + 1841.10575709954 * level5 + 3450.89808866243 * level8;0.980042662621418;0.980042662621418;0.980042662621418;0.980042662621418;0.929709;12;3450.89808866243 * level8;1;0.224810505047318;
Elapsed=00:00:00.9301171
Learning progress:
1;91756.4864864865 * level + 584943.513513512 * compressionZpaq;55.1364778925186;55.1364778925186;55.1364778925186;55.1364778925186;0.004918;2;584943.513513512 * compressionZpaq;1;61.8130384254571;
2;70989.1044776119 * level + 605710.895522387 * compressionZpaq + 219540.895522389 * compressionLrzip;31.1162256927742;31.1162256927742;31.1162256927742;31.1162256927742;0.017339;3;219540.895522389 * compressionLrzip;1;24.0202521997445;
3;56068.0327868852 * level + 620631.967213116 * compressionZpaq + 234461.967213115 * compressionLrzip + 166618.633879781 * compressionBzip2;9.88158132823754;9.88158132823754;9.88158132823754;9.88158132823754;0.037595;4;166618.633879781 * compressionBzip2;1;21.2346443645366;
4;56236.1666666669 * level + 620463.833333332 * compressionZpaq + 234293.833333333 * compressionLrzip + 166450.499999999 * compressionBzip2 + -10256.1666666665 * level9;8.77287486899377;8.77287486899377;8.77287486899377;8.77287486899377;0.070575;5;-10256.1666666665 * level9;1;1.10870645924377;
5;56236.1666666667 * level + 620463.833333333 * compressionZpaq + 234293.833333334 * compressionLrzip + 164051.833333334 * compressionBzip2 + -10256.1666666668 * level9 + 14392.0000000005 * compressionBzip2 * encryption;8.0624643343058;8.0624643343058;8.0624643343058;8.0624643343058;0.116562;7;14392.0000000005 * compressionBzip2 * encryption;2;0.355205267343982;
6;50467.1153846155 * level + 626232.884615384 * compressionZpaq + 240062.884615385 * compressionLrzip + 169820.884615384 * compressionBzip2 + -4487.11538461569 * level9 + 14392.0000000001 * compressionBzip2 * encryption + 43267.8846153848 * compressionGzip;7.79403594945864;7.79403594945864;7.79403594945864;7.79403594945864;0.18375;8;43267.8846153848 * compressionGzip;1;0.268428384847164;
7;45781.9640122512 * level + 626045.478560491 * compressionZpaq + 237787.239663094 * compressionLrzip + 174506.035987749 * compressionBzip2 + 198.035987748968 * level9 + 2210.60643185316 * compressionBzip2 * encryption + 41862.3392036753 * compressionGzip + 12181.393568147 * encryption;3.9408522874246;3.9408522874246;3.9408522874246;3.9408522874246;0.272389;9;12181.393568147 * encryption;1;3.85318366203404;
8;43214.0470652799 * level + 621607.638608687 * compressionZpaq + 233443.44909319 * compressionLrzip + 169848.74747818 * compressionBzip2 + 2765.9529347211 * level9 + 2759.22782626799 * compressionBzip2 * encryption + 37479.3613913137 * compressionGzip + 11632.7721737316 * encryption + 7225.2054565409 * compression;2.19509918942016;2.19509918942016;2.19509918942016;2.19509918942016;0.394589;10;7225.2054565409 * compression;1;1.74575309800444;
9;42535.5411917347 * level + 622719.060729809 * compressionZpaq + 234563.721290923 * compressionLrzip + 170939.519420541 * compressionBzip2 + 3444.45880826513 * level9 + 2810.85327316895 * compressionBzip2 * encryption + 38595.9460571256 * compressionGzip + 11581.1467268312 * encryption + 6812.93938772435 * compression + 3713.34464489029 * level7;1.43658346531835;1.43658346531835;1.43658346531835;1.43658346531835;0.554183;11;3713.34464489029 * level7;1;0.758515724101817;
10;42362.8573658455 * level + 622589.974490232 * compressionZpaq + 234461.650143298 * compressionLrzip + 170902.333767753 * compressionBzip2 + 3617.14263415323 * level9 + 2523.00088069504 * compressionBzip2 * encryption + 38603.6622159844 * compressionGzip + 11520.39356629 * encryption + 6790.40516439063 * compression + 3583.6873339066 * level7 + 581.009255025874 * disableCompressibilityTesting;1.31707233611498;1.31707233611498;1.31707233611498;1.31707233611498;0.740148;12;581.009255025874 * disableCompressibilityTesting;1;0.119511129203369;
11;42447.7843205894 * level + 622970.774826109 * compressionZpaq + 234888.940815624 * compressionLrzip + 171183.281605251 * compressionBzip2 + 3532.21567941069 * level9 + 2769.39776914079 * compressionBzip2 * encryption + 39018.3201595843 * compressionGzip + 11254.5905328352 * encryption + 6411.59294214385 * compression + 3553.36198657869 * level7 + 613.352830040424 * disableCompressibilityTesting + 906.754728887965 * encryption * compressionLzo;1.2198900075256;1.2198900075256;1.2198900075256;1.2198900075256;0.965837;14;906.754728887965 * encryption * compressionLzo;2;0.0485911642946917;
Elapsed=00:00:00.9662912
Learning progress:
1;92403.1944444444 * level + 586391.091269841 * compressionZpaq;65.4927145631314;65.4927145631314;65.4927145631314;65.4927145631314;0.005751;2;586391.091269841 * compressionZpaq;1;78.9598077306196;
2;71063.2307692308 * level + 607731.054945054 * compressionZpaq + 219496.769230769 * compressionLrzip;40.9727533037595;40.9727533037595;40.9727533037595;40.9727533037595;0.015726;3;219496.769230769 * compressionLrzip;1;24.5199612593719;
3;55281.3559322033 * level + 623512.929782082 * compressionZpaq + 235278.644067797 * compressionLrzip + 170970.310734463 * compressionBzip2;15.6932847611927;15.6932847611927;15.6932847611927;15.6932847611927;0.035272;4;170970.310734463 * compressionBzip2;1;25.2794685425668;
4;51412.8301886793 * level + 627381.455525607 * compressionZpaq + 239147.169811321 * compressionLrzip + 174838.836477987 * compressionBzip2 + 38040.5031446542 * compressionGzip;7.5476338870955;7.5476338870955;7.5476338870955;7.5476338870955;0.067314;5;38040.5031446542 * compressionGzip;1;8.14565087409722;
5;45311.3179083977 * level + 626091.421500633 * compressionZpaq + 237857.135786346 * compressionLrzip + 174472.745741171 * compressionBzip2 + 41986.147752569 * compressionGzip + 12935.2060341968 * encryption;5.13844379321393;5.13844379321393;5.13844379321393;5.13844379321393;0.111805;6;12935.2060341968 * encryption;1;2.40919009388157;
6;43352.8801387129 * level + 621519.391142701 * compressionZpaq + 233285.105428416 * compressionLrzip + 169833.961866231 * compressionBzip2 + 37035.8474649224 * compressionGzip + 12000.6567960747 * encryption + 7064.49626368566 * compression;3.47334149352408;3.47334149352408;3.47334149352408;3.47334149352408;0.175761;7;7064.49626368566 * compression;1;1.66510229968985;
7;42668.4848807651 * level + 622990.519097135 * compressionZpaq + 234756.23338285 * compressionLrzip + 171291.506653183 * compressionBzip2 + 38430.0041369588 * compressionGzip + 11810.492451327 * encryption + 6386.42890705534 * compression + 3802.30497923454 * level7;3.08334991203353;3.08334991203353;3.08334991203353;3.08334991203353;0.266134;8;3802.30497923454 * level7;1;0.389991581490557;
8;43387.5024960767 * level + 622869.260854358 * compressionZpaq + 234634.975140072 * compressionLrzip + 172390.371718707 * compressionBzip2 + 39332.2684642207 * compressionGzip + 11220.690236541 * encryption + 6125.69937154252 * compression + 3550.68196870005 * level7 + -7573.51222758008 * level1;2.83469285276293;2.83469285276293;2.83469285276293;2.83469285276293;0.376853;9;-7573.51222758008 * level1;1;0.248657059270597;
9;43332.230742451 * level + 623376.228086344 * compressionZpaq + 235141.942372058 * compressionLrzip + 172892.002829661 * compressionBzip2 + 39831.3754652633 * compressionGzip + 11213.1179068083 * encryption + 5678.33093874318 * compression + 3833.96498428685 * level7 + -7544.74078555335 * level1 + 1429.56757472082 * compression * level2;2.50326354067313;2.50326354067313;2.50326354067313;2.50326354067313;0.512814;11;1429.56757472082 * compression * level2;2;0.165714656044898;
10;43509.8434412337 * level + 623306.428914187 * compressionZpaq + 235072.143199901 * compressionLrzip + 172839.543457553 * compressionBzip2 + 39788.5872207642 * compressionGzip + 11242.1312896358 * encryption + 5553.93833621588 * compression + 3701.96951086669 * level7 + -7636.34527892226 * level1 + 2278.1818681543 * compression * level2 + -919.242419385195 * level2;2.30570267510734;2.30570267510734;2.30570267510734;2.30570267510734;0.69369;12;-919.242419385195 * level2;1;0.197560865565795;
11;43638.5455480663 * level + 623828.603202757 * compressionZpaq + 235594.317488471 * compressionLrzip + 173375.708726499 * compressionBzip2 + 40343.3199361481 * compressionGzip + 11297.8336289464 * encryption + 4871.23203263555 * compression + 3098.40666396425 * level7 + -7696.41873004525 * level1 + 2955.31793780334 * compression * level2 + -1075.79569587309 * level2 + 1568.76796736432 * level7 * compression;2.09722306582043;2.09722306582043;2.09722306582043;2.09722306582043;0.909714;14;1568.76796736432 * level7 * compression;2;0.104239804643456;
12;43579.4948202821 * level + 623844.572241429 * compressionZpaq + 235610.286527143 * compressionLrzip + 173393.205238434 * compressionBzip2 + 40416.7080834346 * compressionGzip + 11465.5085350002 * encryption + 4818.49948971783 * compression + 3061.64315971731 * level7 + -7633.72289560856 * level1 + 3100.01902880016 * compression * level2 + -556.90222768955 * level2 + 1621.50051028168 * level7 * compression + -1087.36038685196 * level2 * encryption;1.98749545486269;1.98749545486269;1.98749545486269;1.98749545486269;1.180646;16;-1087.36038685196 * level2 * encryption;2;0.0548638054788669;
Elapsed=00:00:01.1810653
Learning progress:
1;101197.222222222 * level + 576954.027777778 * compressionZpaq;104.008312770979;104.008312770979;104.008312770979;104.008312770979;0.003973;2;576954.027777778 * compressionZpaq;1;117.060201428068;
2;49393.3333333333 * level + 539951.25 * compressionZpaq + 88806.6666666665 * compression;59.7461585042083;59.7461585042083;59.7461585042083;59.7461585042083;0.013517;3;88806.6666666665 * compression;1;44.2621542667703;
3;49393.3333333332 * level + 473166.902173912 * compressionZpaq + 155591.014492754 * compression + -147628.558352403 * compressionLzo;26.4557219861988;26.4557219861988;26.4557219861988;26.4557219861988;0.03632;4;-147628.558352403 * compressionLzo;1;33.2904365180094;
4;49393.3333333333 * level + 424245.625 * compressionZpaq + 204512.291666667 * compression + -196549.835526316 * compressionLzo + -160741.339285714 * compressionGzip;13.6495153082255;13.6495153082255;13.6495153082255;13.6495153082255;0.070969;5;-160741.339285714 * compressionGzip;1;12.8062066779734;
5;43634.224922207 * level + 423525.73644861 * compressionZpaq + 205232.180218057 * compression + -198179.056984726 * compressionLzo + -160638.498064087 * compressionGzip + 11518.2168222524 * encryption;4.57988042692528;4.57988042692528;4.57988042692528;4.57988042692528;0.1198;6;11518.2168222524 * encryption;1;9.0696348813002;
6;43535.2188250033 * level + 450934.792832408 * compressionZpaq + 177823.123834259 * compression + -170785.633142592 * compressionLzo + -133215.297952117 * compressionGzip + 11716.2290166602 * encryption + 62677.5591907401 * compressionLrzip;3.97869476919314;3.97869476919314;3.97869476919314;3.97869476919314;0.193013;7;62677.5591907401 * compressionLrzip;1;0.601185657732137;
7;42692.337268521 * level + 450935.060561176 * compressionZpaq + 178668.147220886 * compression + -171928.98797047 * compressionLzo + -133215.37444605 * compressionGzip + 11711.4098988333 * encryption + 62677.4826968072 * compressionLrzip + 3622.67620883813 * level7;3.49914071170813;3.49914071170813;3.49914071170813;3.49914071170813;0.279716;8;3622.67620883813 * level7;1;0.479554057485016;
8;42524.5948604211 * level + 450930.509358223 * compressionZpaq + 178799.480005366 * compression + -171965.181513238 * compressionLzo + -133214.07410235 * compressionGzip + 11793.3315519788 * encryption + 62678.7830405075 * compressionLrzip + 3702.39653830021 * level7 + 3245.40513957944 * level9;3.17718462188036;3.17718462188036;3.17718462188036;3.17718462188036;0.388904;9;3245.40513957944 * level9;1;0.321956089827769;
9;42448.8634686609 * level + 450933.626929281 * compressionZpaq + 178900.151965584 * compression + -172776.619063499 * compressionLzo + -133214.964836937 * compressionGzip + 11737.2152729491 * encryption + 62677.8923059198 * compressionLrzip + 4136.39004494241 * level7 + 3321.13653133852 * level9 + 2159.46011395428 * compressionLzo * level2;2.81425571627812;2.81425571627812;2.81425571627812;2.81425571627812;0.521302;11;2159.46011395428 * compressionLzo * level2;2;0.181464452801121;
10;42541.5236884913 * level + 450943.660757229 * compressionZpaq + 178887.762369335 * compression + -172761.088442849 * compressionLzo + -135325.937650299 * compressionGzip + 11556.60636989 * encryption + 62675.0254979348 * compressionLrzip + 4139.53106934366 * level7 + 3228.47631150868 * level9 + 2184.06480509569 * compressionLzo * level2 + 4918.91401254595 * compressionGzip * disableCompressibilityTesting;2.56794635608091;2.56794635608091;2.56794635608091;2.56794635608091;0.694583;13;4918.91401254595 * compressionGzip * disableCompressibilityTesting;2;0.123154680098601;
11;42816.8927337792 * level + 450942.487473592 * compressionZpaq + 178603.007054959 * compression + -172672.52425094 * compressionLzo + -135321.831157573 * compressionGzip + 11577.725475339 * encryption + 62675.3607218308 * compressionLrzip + 3943.33994687598 * level7 + 2953.1072662209 * level9 + 3080.68619832989 * compressionLzo * level2 + 4910.11438527557 * compressionGzip * disableCompressibilityTesting + -989.878719687188 * level2;2.44660303764018;2.44660303764018;2.44660303764018;2.44660303764018;0.915798;14;-989.878719687188 * level2;1;0.121343318440728;
12;42932.4043465591 * level + 450941.536231733 * compressionZpaq + 178479.885507307 * compression + -172939.345756038 * compressionLzo + -135318.501811066 * compressionGzip + 11594.847828802 * encryption + 62675.6325052191 * compressionLrzip + 3553.39689412551 * level7 + 2837.59565344115 * level9 + 3468.99855075082 * compressionLzo * level2 + 4902.98007133226 * compressionGzip * disableCompressibilityTesting + -1115.17453444601 * level2 + 964.568426979472 * level7 * compression;2.36898088578546;2.36898088578546;2.36898088578546;2.36898088578546;1.179092;16;964.568426979472 * level7 * compression;2;0.0388110759273612;
Elapsed=00:00:01.1794647
Learning progress:
1;94580.4109589041 * level + 583817.922374428 * compressionZpaq;67.6182432031817;67.6182432031817;67.6182432031817;67.6182432031817;0.004606;2;583817.922374428 * compressionZpaq;1;80.1818947613504;
2;77282.9850746268 * level + 601115.348258707 * compressionZpaq + 210452.014925373 * compressionLrzip;37.1656661832897;37.1656661832897;37.1656661832897;37.1656661832897;0.016399;3;210452.014925373 * compressionLrzip;1;30.452577019892;
3;56732.5423728814 * level + 621665.790960452 * compressionZpaq + 231002.45762712 * compressionLrzip + 172109.957627119 * compressionBzip2;10.8813129677977;10.8813129677977;10.8813129677977;10.8813129677977;0.035483;4;172109.957627119 * compressionBzip2;1;26.284353215492;
4;56922.4137931036 * level + 621475.919540229 * compressionZpaq + 230812.586206895 * compressionLrzip + 171920.086206896 * compressionBzip2 + -11202.4137931038 * level6;9.58399457474197;9.58399457474197;9.58399457474197;9.58399457474197;0.067381;5;-11202.4137931038 * level6;1;1.29731839305569;
5;57097.3684210525 * level + 621300.964912281 * compressionZpaq + 230637.631578948 * compressionLrzip + 171745.131578948 * compressionBzip2 + -11377.3684210524 * level6 + -10147.3684210525 * level8;8.48947161161516;8.48947161161516;8.48947161161516;8.48947161161516;0.111022;6;-10147.3684210525 * level8;1;1.09452296312681;
6;58501.3333333334 * level + 619897 * compressionZpaq + 229233.666666667 * compressionLrzip + 170341.166666667 * compressionBzip2 + -12781.3333333332 * level6 + -11551.3333333333 * level8 + -6668.83333333317 * level2;8.18918573343071;8.18918573343071;8.18918573343071;8.18918573343071;0.171248;7;-6668.83333333317 * level2;1;0.30028587818445;
7;58501.3333333334 * level + 619897 * compressionZpaq + 229233.666666666 * compressionLrzip + 170341.166666666 * compressionBzip2 + -12781.3333333334 * level6 + -11551.3333333335 * level8 + -10969.9047619046 * level2 + 10322.5714285718 * level2 * encryption;7.75205704495241;7.75205704495241;7.75205704495241;7.75205704495241;0.250729;9;10322.5714285718 * level2 * encryption;2;0.218564344239151;
8;58501.3333333335 * level + 619897 * compressionZpaq + 229233.666666667 * compressionLrzip + 170341.166666667 * compressionBzip2 + -12781.3333333333 * level6 + -11551.3333333332 * level8 + -16282.1176470589 * level2 + 10056.9607843137 * level2 * encryption + 9296.37254901946 * level2 * compressionLzo;6.36404992822662;6.36404992822662;6.36404992822662;6.36404992822662;0.361615;11;9296.37254901946 * level2 * compressionLzo;2;0.694003558362891;
9;58501.3333333334 * level + 619897 * compressionZpaq + 225456.166666667 * compressionLrzip + 170341.166666667 * compressionBzip2 + -12781.3333333333 * level6 + -11551.3333333334 * level8 + -16282.1176470589 * level2 + 10056.9607843136 * level2 * encryption + 9296.37254901945 * level2 * compressionLzo + 11332.5000000007 * compressionLrzip * encryption;6.10853699871902;6.10853699871902;6.10853699871902;6.10853699871902;0.503943;13;11332.5000000007 * compressionLrzip * encryption;2;0.127756464753802;
Elapsed=00:00:00.5042323
Learning progress:
1;88569.0410958904 * level + 589794.292237442 * compressionZpaq;58.5001031522851;58.5001031522851;58.5001031522851;58.5001031522851;0.005869;2;589794.292237442 * compressionZpaq;1;66.090507564331;
2;73704.4117647058 * level + 604658.921568628 * compressionZpaq + 217023.588235294 * compressionLrzip;34.4217993284732;34.4217993284732;34.4217993284732;34.4217993284732;0.016209;3;217023.588235294 * compressionLrzip;1;24.078303823812;
3;56049.1803278688 * level + 622314.153005466 * compressionZpaq + 234678.819672132 * compressionLrzip + 171507.962529274 * compressionBzip2;14.4397207858693;14.4397207858693;14.4397207858693;14.4397207858693;0.037106;4;171507.962529274 * compressionBzip2;1;19.9820785426039;
4;48662.2857142858 * level + 612370.256410256 * compressionZpaq + 224734.923076923 * compressionLrzip + 161564.065934066 * compressionBzip2 + 17330.7912087912 * compression;9.49999971394002;9.49999971394002;9.49999971394002;9.49999971394002;0.068847;5;17330.7912087912 * compression;1;4.93972107192927;
5;48662.2857142857 * level + 583756.190476191 * compressionZpaq + 196120.857142858 * compressionLrzip + 132950.000000001 * compressionBzip2 + 45944.8571428569 * compression + -39156.0902255638 * compressionLzo;7.25429390380915;7.25429390380915;7.25429390380915;7.25429390380915;0.121002;6;-39156.0902255638 * compressionLzo;1;2.24570581013087;
6;43407.9779971884 * level + 584631.90842904 * compressionZpaq + 195770.569961717 * compressionLrzip + 132950 * compressionBzip2 + 44193.4212371582 * compression + -37312.4734827227 * compressionLzo + 12260.0513398937 * encryption;2.68586936946136;2.68586936946136;2.68586936946136;2.68586936946136;0.191808;7;12260.0513398937 * encryption;1;4.56842453434779;
7;42940.9679613837 * level + 584606.513483577 * compressionZpaq + 195780.727939902 * compressionLrzip + 132950 * compressionBzip2 + 44863.5908366661 * compression + -38506.8991468748 * compressionLzo + 11904.5221034127 * encryption + 3613.04830006309 * level7;1.67216649671267;1.67216649671267;1.67216649671267;1.67216649671267;0.285471;8;3613.04830006309 * level7;1;1.01370287274869;
8;42686.1669532025 * level + 584615.960951794 * compressionZpaq + 195776.948952616 * compressionLrzip + 132950 * compressionBzip2 + 45042.8120991186 * compression + -38516.2939962818 * compressionLzo + 12036.7866584388 * encryption + 3705.78177795645 * level7 + 3188.83304679771 * level9;1.55947360148201;1.55947360148201;1.55947360148201;1.55947360148201;0.401641;9;3188.83304679771 * level9;1;0.112692895230668;
Elapsed=00:00:00.4020538
Learning progress:
1;91756.4864864865 * level + 584943.513513512 * compressionZpaq;55.1364778925186;55.1364778925186;55.1364778925186;55.1364778925186;0.004941;2;584943.513513512 * compressionZpaq;1;61.8130384254571;
2;70989.1044776119 * level + 605710.895522387 * compressionZpaq + 219540.895522389 * compressionLrzip;31.1162256927742;31.1162256927742;31.1162256927742;31.1162256927742;0.017054;3;219540.895522389 * compressionLrzip;1;24.0202521997445;
3;56068.0327868852 * level + 620631.967213116 * compressionZpaq + 234461.967213115 * compressionLrzip + 166618.633879781 * compressionBzip2;9.88158132823754;9.88158132823754;9.88158132823754;9.88158132823754;0.036877;4;166618.633879781 * compressionBzip2;1;21.2346443645366;
4;56236.1666666669 * level + 620463.833333332 * compressionZpaq + 234293.833333333 * compressionLrzip + 166450.499999999 * compressionBzip2 + -10256.1666666665 * level9;8.77287486899377;8.77287486899377;8.77287486899377;8.77287486899377;0.070685;5;-10256.1666666665 * level9;1;1.10870645924377;
5;56236.1666666667 * level + 620463.833333333 * compressionZpaq + 234293.833333334 * compressionLrzip + 164051.833333334 * compressionBzip2 + -10256.1666666668 * level9 + 14392.0000000005 * compressionBzip2 * encryption;8.0624643343058;8.0624643343058;8.0624643343058;8.0624643343058;0.117318;7;14392.0000000005 * compressionBzip2 * encryption;2;0.355205267343982;
6;50467.1153846155 * level + 626232.884615384 * compressionZpaq + 240062.884615385 * compressionLrzip + 169820.884615384 * compressionBzip2 + -4487.11538461569 * level9 + 14392.0000000001 * compressionBzip2 * encryption + 43267.8846153848 * compressionGzip;7.79403594945864;7.79403594945864;7.79403594945864;7.79403594945864;0.186018;8;43267.8846153848 * compressionGzip;1;0.268428384847164;
7;45781.9640122512 * level + 626045.478560491 * compressionZpaq + 237787.239663094 * compressionLrzip + 174506.035987749 * compressionBzip2 + 198.035987748968 * level9 + 2210.60643185316 * compressionBzip2 * encryption + 41862.3392036753 * compressionGzip + 12181.393568147 * encryption;3.9408522874246;3.9408522874246;3.9408522874246;3.9408522874246;0.283402;9;12181.393568147 * encryption;1;3.85318366203404;
8;43214.0470652799 * level + 621607.638608687 * compressionZpaq + 233443.44909319 * compressionLrzip + 169848.74747818 * compressionBzip2 + 2765.9529347211 * level9 + 2759.22782626799 * compressionBzip2 * encryption + 37479.3613913137 * compressionGzip + 11632.7721737316 * encryption + 7225.2054565409 * compression;2.19509918942016;2.19509918942016;2.19509918942016;2.19509918942016;0.403551;10;7225.2054565409 * compression;1;1.74575309800444;
9;42535.5411917347 * level + 622719.060729809 * compressionZpaq + 234563.721290923 * compressionLrzip + 170939.519420541 * compressionBzip2 + 3444.45880826513 * level9 + 2810.85327316895 * compressionBzip2 * encryption + 38595.9460571256 * compressionGzip + 11581.1467268312 * encryption + 6812.93938772435 * compression + 3713.34464489029 * level7;1.43658346531835;1.43658346531835;1.43658346531835;1.43658346531835;0.556982;11;3713.34464489029 * level7;1;0.758515724101817;
10;42362.8573658455 * level + 622589.974490232 * compressionZpaq + 234461.650143298 * compressionLrzip + 170902.333767753 * compressionBzip2 + 3617.14263415323 * level9 + 2523.00088069504 * compressionBzip2 * encryption + 38603.6622159844 * compressionGzip + 11520.39356629 * encryption + 6790.40516439063 * compression + 3583.6873339066 * level7 + 581.009255025874 * disableCompressibilityTesting;1.31707233611498;1.31707233611498;1.31707233611498;1.31707233611498;0.74349;12;581.009255025874 * disableCompressibilityTesting;1;0.119511129203369;
Elapsed=00:00:00.7439407
Learning progress:
1;92403.1944444444 * level + 586391.091269841 * compressionZpaq;65.4927145631314;65.4927145631314;65.4927145631314;65.4927145631314;0.005924;2;586391.091269841 * compressionZpaq;1;78.9598077306196;
2;71063.2307692308 * level + 607731.054945054 * compressionZpaq + 219496.769230769 * compressionLrzip;40.9727533037595;40.9727533037595;40.9727533037595;40.9727533037595;0.017203;3;219496.769230769 * compressionLrzip;1;24.5199612593719;
3;55281.3559322033 * level + 623512.929782082 * compressionZpaq + 235278.644067797 * compressionLrzip + 170970.310734463 * compressionBzip2;15.6932847611927;15.6932847611927;15.6932847611927;15.6932847611927;0.038085;4;170970.310734463 * compressionBzip2;1;25.2794685425668;
4;51412.8301886793 * level + 627381.455525607 * compressionZpaq + 239147.169811321 * compressionLrzip + 174838.836477987 * compressionBzip2 + 38040.5031446542 * compressionGzip;7.5476338870955;7.5476338870955;7.5476338870955;7.5476338870955;0.068585;5;38040.5031446542 * compressionGzip;1;8.14565087409722;
5;45311.3179083977 * level + 626091.421500633 * compressionZpaq + 237857.135786346 * compressionLrzip + 174472.745741171 * compressionBzip2 + 41986.147752569 * compressionGzip + 12935.2060341968 * encryption;5.13844379321393;5.13844379321393;5.13844379321393;5.13844379321393;0.115501;6;12935.2060341968 * encryption;1;2.40919009388157;
6;43352.8801387129 * level + 621519.391142701 * compressionZpaq + 233285.105428416 * compressionLrzip + 169833.961866231 * compressionBzip2 + 37035.8474649224 * compressionGzip + 12000.6567960747 * encryption + 7064.49626368566 * compression;3.47334149352408;3.47334149352408;3.47334149352408;3.47334149352408;0.181518;7;7064.49626368566 * compression;1;1.66510229968985;
7;42668.4848807651 * level + 622990.519097135 * compressionZpaq + 234756.23338285 * compressionLrzip + 171291.506653183 * compressionBzip2 + 38430.0041369588 * compressionGzip + 11810.492451327 * encryption + 6386.42890705534 * compression + 3802.30497923454 * level7;3.08334991203353;3.08334991203353;3.08334991203353;3.08334991203353;0.272371;8;3802.30497923454 * level7;1;0.389991581490557;
8;43387.5024960767 * level + 622869.260854358 * compressionZpaq + 234634.975140072 * compressionLrzip + 172390.371718707 * compressionBzip2 + 39332.2684642207 * compressionGzip + 11220.690236541 * encryption + 6125.69937154252 * compression + 3550.68196870005 * level7 + -7573.51222758008 * level1;2.83469285276293;2.83469285276293;2.83469285276293;2.83469285276293;0.38486;9;-7573.51222758008 * level1;1;0.248657059270597;
9;43332.230742451 * level + 623376.228086344 * compressionZpaq + 235141.942372058 * compressionLrzip + 172892.002829661 * compressionBzip2 + 39831.3754652633 * compressionGzip + 11213.1179068083 * encryption + 5678.33093874318 * compression + 3833.96498428685 * level7 + -7544.74078555335 * level1 + 1429.56757472082 * compression * level2;2.50326354067313;2.50326354067313;2.50326354067313;2.50326354067313;0.522443;11;1429.56757472082 * compression * level2;2;0.165714656044898;
Elapsed=00:00:00.5227933
Learning progress:
1;101197.222222222 * level + 576954.027777778 * compressionZpaq;104.008312770979;104.008312770979;104.008312770979;104.008312770979;0.005751;2;576954.027777778 * compressionZpaq;1;117.060201428068;
2;49393.3333333333 * level + 539951.25 * compressionZpaq + 88806.6666666665 * compression;59.7461585042083;59.7461585042083;59.7461585042083;59.7461585042083;0.016231;3;88806.6666666665 * compression;1;44.2621542667703;
3;49393.3333333332 * level + 473166.902173912 * compressionZpaq + 155591.014492754 * compression + -147628.558352403 * compressionLzo;26.4557219861988;26.4557219861988;26.4557219861988;26.4557219861988;0.039062;4;-147628.558352403 * compressionLzo;1;33.2904365180094;
4;49393.3333333333 * level + 424245.625 * compressionZpaq + 204512.291666667 * compression + -196549.835526316 * compressionLzo + -160741.339285714 * compressionGzip;13.6495153082255;13.6495153082255;13.6495153082255;13.6495153082255;0.073354;5;-160741.339285714 * compressionGzip;1;12.8062066779734;
5;43634.224922207 * level + 423525.73644861 * compressionZpaq + 205232.180218057 * compression + -198179.056984726 * compressionLzo + -160638.498064087 * compressionGzip + 11518.2168222524 * encryption;4.57988042692528;4.57988042692528;4.57988042692528;4.57988042692528;0.120933;6;11518.2168222524 * encryption;1;9.0696348813002;
6;43535.2188250033 * level + 450934.792832408 * compressionZpaq + 177823.123834259 * compression + -170785.633142592 * compressionLzo + -133215.297952117 * compressionGzip + 11716.2290166602 * encryption + 62677.5591907401 * compressionLrzip;3.97869476919314;3.97869476919314;3.97869476919314;3.97869476919314;0.186959;7;62677.5591907401 * compressionLrzip;1;0.601185657732137;
7;42692.337268521 * level + 450935.060561176 * compressionZpaq + 178668.147220886 * compression + -171928.98797047 * compressionLzo + -133215.37444605 * compressionGzip + 11711.4098988333 * encryption + 62677.4826968072 * compressionLrzip + 3622.67620883813 * level7;3.49914071170813;3.49914071170813;3.49914071170813;3.49914071170813;0.272459;8;3622.67620883813 * level7;1;0.479554057485016;
8;42524.5948604211 * level + 450930.509358223 * compressionZpaq + 178799.480005366 * compression + -171965.181513238 * compressionLzo + -133214.07410235 * compressionGzip + 11793.3315519788 * encryption + 62678.7830405075 * compressionLrzip + 3702.39653830021 * level7 + 3245.40513957944 * level9;3.17718462188036;3.17718462188036;3.17718462188036;3.17718462188036;0.380032;9;3245.40513957944 * level9;1;0.321956089827769;
9;42448.8634686609 * level + 450933.626929281 * compressionZpaq + 178900.151965584 * compression + -172776.619063499 * compressionLzo + -133214.964836937 * compressionGzip + 11737.2152729491 * encryption + 62677.8923059198 * compressionLrzip + 4136.39004494241 * level7 + 3321.13653133852 * level9 + 2159.46011395428 * compressionLzo * level2;2.81425571627812;2.81425571627812;2.81425571627812;2.81425571627812;0.515795;11;2159.46011395428 * compressionLzo * level2;2;0.181464452801121;
Elapsed=00:00:00.5161233
Learning progress:
1;94580.4109589041 * level + 583817.922374428 * compressionZpaq;67.6182432031817;67.6182432031817;67.6182432031817;67.6182432031817;0.004784;2;583817.922374428 * compressionZpaq;1;80.1818947613504;
2;77282.9850746268 * level + 601115.348258707 * compressionZpaq + 210452.014925373 * compressionLrzip;37.1656661832897;37.1656661832897;37.1656661832897;37.1656661832897;0.017011;3;210452.014925373 * compressionLrzip;1;30.452577019892;
3;56732.5423728814 * level + 621665.790960452 * compressionZpaq + 231002.45762712 * compressionLrzip + 172109.957627119 * compressionBzip2;10.8813129677977;10.8813129677977;10.8813129677977;10.8813129677977;0.036924;4;172109.957627119 * compressionBzip2;1;26.284353215492;
4;56922.4137931036 * level + 621475.919540229 * compressionZpaq + 230812.586206895 * compressionLrzip + 171920.086206896 * compressionBzip2 + -11202.4137931038 * level6;9.58399457474197;9.58399457474197;9.58399457474197;9.58399457474197;0.068628;5;-11202.4137931038 * level6;1;1.29731839305569;
5;57097.3684210525 * level + 621300.964912281 * compressionZpaq + 230637.631578948 * compressionLrzip + 171745.131578948 * compressionBzip2 + -11377.3684210524 * level6 + -10147.3684210525 * level8;8.48947161161516;8.48947161161516;8.48947161161516;8.48947161161516;0.113432;6;-10147.3684210525 * level8;1;1.09452296312681;
6;58501.3333333334 * level + 619897 * compressionZpaq + 229233.666666667 * compressionLrzip + 170341.166666667 * compressionBzip2 + -12781.3333333332 * level6 + -11551.3333333333 * level8 + -6668.83333333317 * level2;8.18918573343071;8.18918573343071;8.18918573343071;8.18918573343071;0.172633;7;-6668.83333333317 * level2;1;0.30028587818445;
Elapsed=00:00:00.1728633
Learning progress:
1;88569.0410958904 * level + 589794.292237442 * compressionZpaq;58.5001031522851;58.5001031522851;58.5001031522851;58.5001031522851;0.004844;2;589794.292237442 * compressionZpaq;1;66.090507564331;
2;73704.4117647058 * level + 604658.921568628 * compressionZpaq + 217023.588235294 * compressionLrzip;34.4217993284732;34.4217993284732;34.4217993284732;34.4217993284732;0.016733;3;217023.588235294 * compressionLrzip;1;24.078303823812;
3;56049.1803278688 * level + 622314.153005466 * compressionZpaq + 234678.819672132 * compressionLrzip + 171507.962529274 * compressionBzip2;14.4397207858693;14.4397207858693;14.4397207858693;14.4397207858693;0.035946;4;171507.962529274 * compressionBzip2;1;19.9820785426039;
4;48662.2857142858 * level + 612370.256410256 * compressionZpaq + 224734.923076923 * compressionLrzip + 161564.065934066 * compressionBzip2 + 17330.7912087912 * compression;9.49999971394002;9.49999971394002;9.49999971394002;9.49999971394002;0.068869;5;17330.7912087912 * compression;1;4.93972107192927;
5;48662.2857142857 * level + 583756.190476191 * compressionZpaq + 196120.857142858 * compressionLrzip + 132950.000000001 * compressionBzip2 + 45944.8571428569 * compression + -39156.0902255638 * compressionLzo;7.25429390380915;7.25429390380915;7.25429390380915;7.25429390380915;0.120608;6;-39156.0902255638 * compressionLzo;1;2.24570581013087;
6;43407.9779971884 * level + 584631.90842904 * compressionZpaq + 195770.569961717 * compressionLrzip + 132950 * compressionBzip2 + 44193.4212371582 * compression + -37312.4734827227 * compressionLzo + 12260.0513398937 * encryption;2.68586936946136;2.68586936946136;2.68586936946136;2.68586936946136;0.191305;7;12260.0513398937 * encryption;1;4.56842453434779;
7;42940.9679613837 * level + 584606.513483577 * compressionZpaq + 195780.727939902 * compressionLrzip + 132950 * compressionBzip2 + 44863.5908366661 * compression + -38506.8991468748 * compressionLzo + 11904.5221034127 * encryption + 3613.04830006309 * level7;1.67216649671267;1.67216649671267;1.67216649671267;1.67216649671267;0.282018;8;3613.04830006309 * level7;1;1.01370287274869;
8;42686.1669532025 * level + 584615.960951794 * compressionZpaq + 195776.948952616 * compressionLrzip + 132950 * compressionBzip2 + 45042.8120991186 * compression + -38516.2939962818 * compressionLzo + 12036.7866584388 * encryption + 3705.78177795645 * level7 + 3188.83304679771 * level9;1.55947360148201;1.55947360148201;1.55947360148201;1.55947360148201;0.398234;9;3188.83304679771 * level9;1;0.112692895230668;
Elapsed=00:00:00.3985718
Learning progress:
1;91756.4864864865 * level + 584943.513513512 * compressionZpaq;55.1364778925186;55.1364778925186;55.1364778925186;55.1364778925186;0.004988;2;584943.513513512 * compressionZpaq;1;61.8130384254571;
2;70989.1044776119 * level + 605710.895522387 * compressionZpaq + 219540.895522389 * compressionLrzip;31.1162256927742;31.1162256927742;31.1162256927742;31.1162256927742;0.017067;3;219540.895522389 * compressionLrzip;1;24.0202521997445;
3;56068.0327868852 * level + 620631.967213116 * compressionZpaq + 234461.967213115 * compressionLrzip + 166618.633879781 * compressionBzip2;9.88158132823754;9.88158132823754;9.88158132823754;9.88158132823754;0.038335;4;166618.633879781 * compressionBzip2;1;21.2346443645366;
4;56236.1666666669 * level + 620463.833333332 * compressionZpaq + 234293.833333333 * compressionLrzip + 166450.499999999 * compressionBzip2 + -10256.1666666665 * level9;8.77287486899377;8.77287486899377;8.77287486899377;8.77287486899377;0.071627;5;-10256.1666666665 * level9;1;1.10870645924377;
5;56236.1666666667 * level + 620463.833333333 * compressionZpaq + 234293.833333334 * compressionLrzip + 164051.833333334 * compressionBzip2 + -10256.1666666668 * level9 + 14392.0000000005 * compressionBzip2 * encryption;8.0624643343058;8.0624643343058;8.0624643343058;8.0624643343058;0.117583;7;14392.0000000005 * compressionBzip2 * encryption;2;0.355205267343982;
Elapsed=00:00:00.1178356
Learning progress:
1;92403.1944444444 * level + 586391.091269841 * compressionZpaq;65.4927145631314;65.4927145631314;65.4927145631314;65.4927145631314;0.004721;2;586391.091269841 * compressionZpaq;1;78.9598077306196;
2;71063.2307692308 * level + 607731.054945054 * compressionZpaq + 219496.769230769 * compressionLrzip;40.9727533037595;40.9727533037595;40.9727533037595;40.9727533037595;0.016602;3;219496.769230769 * compressionLrzip;1;24.5199612593719;
3;55281.3559322033 * level + 623512.929782082 * compressionZpaq + 235278.644067797 * compressionLrzip + 170970.310734463 * compressionBzip2;15.6932847611927;15.6932847611927;15.6932847611927;15.6932847611927;0.036418;4;170970.310734463 * compressionBzip2;1;25.2794685425668;
4;51412.8301886793 * level + 627381.455525607 * compressionZpaq + 239147.169811321 * compressionLrzip + 174838.836477987 * compressionBzip2 + 38040.5031446542 * compressionGzip;7.5476338870955;7.5476338870955;7.5476338870955;7.5476338870955;0.067137;5;38040.5031446542 * compressionGzip;1;8.14565087409722;
5;45311.3179083977 * level + 626091.421500633 * compressionZpaq + 237857.135786346 * compressionLrzip + 174472.745741171 * compressionBzip2 + 41986.147752569 * compressionGzip + 12935.2060341968 * encryption;5.13844379321393;5.13844379321393;5.13844379321393;5.13844379321393;0.111578;6;12935.2060341968 * encryption;1;2.40919009388157;
6;43352.8801387129 * level + 621519.391142701 * compressionZpaq + 233285.105428416 * compressionLrzip + 169833.961866231 * compressionBzip2 + 37035.8474649224 * compressionGzip + 12000.6567960747 * encryption + 7064.49626368566 * compression;3.47334149352408;3.47334149352408;3.47334149352408;3.47334149352408;0.175847;7;7064.49626368566 * compression;1;1.66510229968985;
7;42668.4848807651 * level + 622990.519097135 * compressionZpaq + 234756.23338285 * compressionLrzip + 171291.506653183 * compressionBzip2 + 38430.0041369588 * compressionGzip + 11810.492451327 * encryption + 6386.42890705534 * compression + 3802.30497923454 * level7;3.08334991203353;3.08334991203353;3.08334991203353;3.08334991203353;0.267877;8;3802.30497923454 * level7;1;0.389991581490557;
Elapsed=00:00:00.2682234
Learning progress:
1;101197.222222222 * level + 576954.027777778 * compressionZpaq;104.008312770979;104.008312770979;104.008312770979;104.008312770979;0.004518;2;576954.027777778 * compressionZpaq;1;117.060201428068;
2;49393.3333333333 * level + 539951.25 * compressionZpaq + 88806.6666666665 * compression;59.7461585042083;59.7461585042083;59.7461585042083;59.7461585042083;0.015134;3;88806.6666666665 * compression;1;44.2621542667703;
3;49393.3333333332 * level + 473166.902173912 * compressionZpaq + 155591.014492754 * compression + -147628.558352403 * compressionLzo;26.4557219861988;26.4557219861988;26.4557219861988;26.4557219861988;0.03801;4;-147628.558352403 * compressionLzo;1;33.2904365180094;
4;49393.3333333333 * level + 424245.625 * compressionZpaq + 204512.291666667 * compression + -196549.835526316 * compressionLzo + -160741.339285714 * compressionGzip;13.6495153082255;13.6495153082255;13.6495153082255;13.6495153082255;0.07038;5;-160741.339285714 * compressionGzip;1;12.8062066779734;
5;43634.224922207 * level + 423525.73644861 * compressionZpaq + 205232.180218057 * compression + -198179.056984726 * compressionLzo + -160638.498064087 * compressionGzip + 11518.2168222524 * encryption;4.57988042692528;4.57988042692528;4.57988042692528;4.57988042692528;0.11925;6;11518.2168222524 * encryption;1;9.0696348813002;
6;43535.2188250033 * level + 450934.792832408 * compressionZpaq + 177823.123834259 * compression + -170785.633142592 * compressionLzo + -133215.297952117 * compressionGzip + 11716.2290166602 * encryption + 62677.5591907401 * compressionLrzip;3.97869476919314;3.97869476919314;3.97869476919314;3.97869476919314;0.187864;7;62677.5591907401 * compressionLrzip;1;0.601185657732137;
7;42692.337268521 * level + 450935.060561176 * compressionZpaq + 178668.147220886 * compression + -171928.98797047 * compressionLzo + -133215.37444605 * compressionGzip + 11711.4098988333 * encryption + 62677.4826968072 * compressionLrzip + 3622.67620883813 * level7;3.49914071170813;3.49914071170813;3.49914071170813;3.49914071170813;0.274895;8;3622.67620883813 * level7;1;0.479554057485016;
Elapsed=00:00:00.2751813
Learning progress:
1;94580.4109589041 * level + 583817.922374428 * compressionZpaq;67.6182432031817;67.6182432031817;67.6182432031817;67.6182432031817;0.004847;2;583817.922374428 * compressionZpaq;1;80.1818947613504;
2;77282.9850746268 * level + 601115.348258707 * compressionZpaq + 210452.014925373 * compressionLrzip;37.1656661832897;37.1656661832897;37.1656661832897;37.1656661832897;0.01668;3;210452.014925373 * compressionLrzip;1;30.452577019892;
3;56732.5423728814 * level + 621665.790960452 * compressionZpaq + 231002.45762712 * compressionLrzip + 172109.957627119 * compressionBzip2;10.8813129677977;10.8813129677977;10.8813129677977;10.8813129677977;0.037235;4;172109.957627119 * compressionBzip2;1;26.284353215492;
4;56922.4137931036 * level + 621475.919540229 * compressionZpaq + 230812.586206895 * compressionLrzip + 171920.086206896 * compressionBzip2 + -11202.4137931038 * level6;9.58399457474197;9.58399457474197;9.58399457474197;9.58399457474197;0.069485;5;-11202.4137931038 * level6;1;1.29731839305569;
5;57097.3684210525 * level + 621300.964912281 * compressionZpaq + 230637.631578948 * compressionLrzip + 171745.131578948 * compressionBzip2 + -11377.3684210524 * level6 + -10147.3684210525 * level8;8.48947161161516;8.48947161161516;8.48947161161516;8.48947161161516;0.114862;6;-10147.3684210525 * level8;1;1.09452296312681;
6;58501.3333333334 * level + 619897 * compressionZpaq + 229233.666666667 * compressionLrzip + 170341.166666667 * compressionBzip2 + -12781.3333333332 * level6 + -11551.3333333333 * level8 + -6668.83333333317 * level2;8.18918573343071;8.18918573343071;8.18918573343071;8.18918573343071;0.176081;7;-6668.83333333317 * level2;1;0.30028587818445;
7;58501.3333333334 * level + 619897 * compressionZpaq + 229233.666666666 * compressionLrzip + 170341.166666666 * compressionBzip2 + -12781.3333333334 * level6 + -11551.3333333335 * level8 + -10969.9047619046 * level2 + 10322.5714285718 * level2 * encryption;7.75205704495241;7.75205704495241;7.75205704495241;7.75205704495241;0.257676;9;10322.5714285718 * level2 * encryption;2;0.218564344239151;
8;58501.3333333335 * level + 619897 * compressionZpaq + 229233.666666667 * compressionLrzip + 170341.166666667 * compressionBzip2 + -12781.3333333333 * level6 + -11551.3333333332 * level8 + -16282.1176470589 * level2 + 10056.9607843137 * level2 * encryption + 9296.37254901946 * level2 * compressionLzo;6.36404992822662;6.36404992822662;6.36404992822662;6.36404992822662;0.367931;11;9296.37254901946 * level2 * compressionLzo;2;0.694003558362891;
9;58501.3333333334 * level + 619897 * compressionZpaq + 225456.166666667 * compressionLrzip + 170341.166666667 * compressionBzip2 + -12781.3333333333 * level6 + -11551.3333333334 * level8 + -16282.1176470589 * level2 + 10056.9607843136 * level2 * encryption + 9296.37254901945 * level2 * compressionLzo + 11332.5000000007 * compressionLrzip * encryption;6.10853699871902;6.10853699871902;6.10853699871902;6.10853699871902;0.51163;13;11332.5000000007 * compressionLrzip * encryption;2;0.127756464753802;
10;58501.3333333335 * level + 619896.999999999 * compressionZpaq + 225456.166666666 * compressionLrzip + 164771.166666667 * compressionBzip2 + -12781.3333333333 * level6 + -11551.3333333334 * level8 + -16282.1176470587 * level2 + 10056.9607843137 * level2 * encryption + 9296.37254901964 * level2 * compressionLzo + 11332.4999999995 * compressionLrzip * encryption + 11139.9999999995 * compressionBzip2 * encryption;5.97486769226351;5.97486769226351;5.97486769226351;5.97486769226351;0.706978;15;11139.9999999995 * compressionBzip2 * encryption;2;0.0668346532277564;
Elapsed=00:00:00.7073128
Learning progress:
1;88569.0410958904 * level + 589794.292237442 * compressionZpaq;58.5001031522851;58.5001031522851;58.5001031522851;58.5001031522851;0.004738;2;589794.292237442 * compressionZpaq;1;66.090507564331;
2;73704.4117647058 * level + 604658.921568628 * compressionZpaq + 217023.588235294 * compressionLrzip;34.4217993284732;34.4217993284732;34.4217993284732;34.4217993284732;0.016921;3;217023.588235294 * compressionLrzip;1;24.078303823812;
3;56049.1803278688 * level + 622314.153005466 * compressionZpaq + 234678.819672132 * compressionLrzip + 171507.962529274 * compressionBzip2;14.4397207858693;14.4397207858693;14.4397207858693;14.4397207858693;0.037437;4;171507.962529274 * compressionBzip2;1;19.9820785426039;
4;48662.2857142858 * level + 612370.256410256 * compressionZpaq + 224734.923076923 * compressionLrzip + 161564.065934066 * compressionBzip2 + 17330.7912087912 * compression;9.49999971394002;9.49999971394002;9.49999971394002;9.49999971394002;0.069879;5;17330.7912087912 * compression;1;4.93972107192927;
5;48662.2857142857 * level + 583756.190476191 * compressionZpaq + 196120.857142858 * compressionLrzip + 132950.000000001 * compressionBzip2 + 45944.8571428569 * compression + -39156.0902255638 * compressionLzo;7.25429390380915;7.25429390380915;7.25429390380915;7.25429390380915;0.120087;6;-39156.0902255638 * compressionLzo;1;2.24570581013087;
6;43407.9779971884 * level + 584631.90842904 * compressionZpaq + 195770.569961717 * compressionLrzip + 132950 * compressionBzip2 + 44193.4212371582 * compression + -37312.4734827227 * compressionLzo + 12260.0513398937 * encryption;2.68586936946136;2.68586936946136;2.68586936946136;2.68586936946136;0.189971;7;12260.0513398937 * encryption;1;4.56842453434779;
7;42940.9679613837 * level + 584606.513483577 * compressionZpaq + 195780.727939902 * compressionLrzip + 132950 * compressionBzip2 + 44863.5908366661 * compression + -38506.8991468748 * compressionLzo + 11904.5221034127 * encryption + 3613.04830006309 * level7;1.67216649671267;1.67216649671267;1.67216649671267;1.67216649671267;0.281821;8;3613.04830006309 * level7;1;1.01370287274869;
8;42686.1669532025 * level + 584615.960951794 * compressionZpaq + 195776.948952616 * compressionLrzip + 132950 * compressionBzip2 + 45042.8120991186 * compression + -38516.2939962818 * compressionLzo + 12036.7866584388 * encryption + 3705.78177795645 * level7 + 3188.83304679771 * level9;1.55947360148201;1.55947360148201;1.55947360148201;1.55947360148201;0.398488;9;3188.83304679771 * level9;1;0.112692895230668;
9;42540.0249133124 * level + 584536.214572971 * compressionZpaq + 195701.88571552 * compressionLrzip + 132950 * compressionBzip2 + 44757.3072833331 * compression + -38299.4307906541 * compressionLzo + 11989.9552411829 * encryption + 3913.56294965766 * level7 + 3334.97508668754 * level9 + 534.808943124917 * level3;1.42061675190631;1.42061675190631;1.42061675190631;1.42061675190631;0.542585;10;534.808943124917 * level3;1;0.138856849575702;
10;42145.1571435311 * level + 584483.733441149 * compressionZpaq + 195660.425533647 * compressionLrzip + 132950.000000001 * compressionBzip2 + 44947.4977616677 * compression + -38254.8934741902 * compressionLzo + 11879.7457416944 * encryption + 4255.35569674187 * level7 + 3729.84285646856 * level9 + 847.072116138012 * level3 + 1447.84528978661 * level5;1.20485316766874;1.20485316766874;1.20485316766874;1.20485316766874;0.718151;11;1447.84528978661 * level5;1;0.215763584237569;
11;41689.1019113377 * level + 584453.789574847 * compressionZpaq + 195619.492583489 * compressionLrzip + 132950 * compressionBzip2 + 45113.9989575034 * compression + -38180.9637734798 * compressionLzo + 11989.6365802349 * encryption + 4527.09249151354 * level7 + 4185.89808866255 * level9 + 1111.6245995286 * level3 + 1841.10575709954 * level5 + 3450.89808866243 * level8;0.980042662621418;0.980042662621418;0.980042662621418;0.980042662621418;0.92545;12;3450.89808866243 * level8;1;0.224810505047318;
Elapsed=00:00:00.9258571
Learning progress:
1;91756.4864864865 * level + 584943.513513512 * compressionZpaq;55.1364778925186;55.1364778925186;55.1364778925186;55.1364778925186;0.004119;2;584943.513513512 * compressionZpaq;1;61.8130384254571;
2;70989.1044776119 * level + 605710.895522387 * compressionZpaq + 219540.895522389 * compressionLrzip;31.1162256927742;31.1162256927742;31.1162256927742;31.1162256927742;0.016705;3;219540.895522389 * compressionLrzip;1;24.0202521997445;
3;56068.0327868852 * level + 620631.967213116 * compressionZpaq + 234461.967213115 * compressionLrzip + 166618.633879781 * compressionBzip2;9.88158132823754;9.88158132823754;9.88158132823754;9.88158132823754;0.035973;4;166618.633879781 * compressionBzip2;1;21.2346443645366;
4;56236.1666666669 * level + 620463.833333332 * compressionZpaq + 234293.833333333 * compressionLrzip + 166450.499999999 * compressionBzip2 + -10256.1666666665 * level9;8.77287486899377;8.77287486899377;8.77287486899377;8.77287486899377;0.069691;5;-10256.1666666665 * level9;1;1.10870645924377;
5;56236.1666666667 * level + 620463.833333333 * compressionZpaq + 234293.833333334 * compressionLrzip + 164051.833333334 * compressionBzip2 + -10256.1666666668 * level9 + 14392.0000000005 * compressionBzip2 * encryption;8.0624643343058;8.0624643343058;8.0624643343058;8.0624643343058;0.115367;7;14392.0000000005 * compressionBzip2 * encryption;2;0.355205267343982;
6;50467.1153846155 * level + 626232.884615384 * compressionZpaq + 240062.884615385 * compressionLrzip + 169820.884615384 * compressionBzip2 + -4487.11538461569 * level9 + 14392.0000000001 * compressionBzip2 * encryption + 43267.8846153848 * compressionGzip;7.79403594945864;7.79403594945864;7.79403594945864;7.79403594945864;0.185571;8;43267.8846153848 * compressionGzip;1;0.268428384847164;
7;45781.9640122512 * level + 626045.478560491 * compressionZpaq + 237787.239663094 * compressionLrzip + 174506.035987749 * compressionBzip2 + 198.035987748968 * level9 + 2210.60643185316 * compressionBzip2 * encryption + 41862.3392036753 * compressionGzip + 12181.393568147 * encryption;3.9408522874246;3.9408522874246;3.9408522874246;3.9408522874246;0.273921;9;12181.393568147 * encryption;1;3.85318366203404;
8;43214.0470652799 * level + 621607.638608687 * compressionZpaq + 233443.44909319 * compressionLrzip + 169848.74747818 * compressionBzip2 + 2765.9529347211 * level9 + 2759.22782626799 * compressionBzip2 * encryption + 37479.3613913137 * compressionGzip + 11632.7721737316 * encryption + 7225.2054565409 * compression;2.19509918942016;2.19509918942016;2.19509918942016;2.19509918942016;0.395226;10;7225.2054565409 * compression;1;1.74575309800444;
9;42535.5411917347 * level + 622719.060729809 * compressionZpaq + 234563.721290923 * compressionLrzip + 170939.519420541 * compressionBzip2 + 3444.45880826513 * level9 + 2810.85327316895 * compressionBzip2 * encryption + 38595.9460571256 * compressionGzip + 11581.1467268312 * encryption + 6812.93938772435 * compression + 3713.34464489029 * level7;1.43658346531835;1.43658346531835;1.43658346531835;1.43658346531835;0.548488;11;3713.34464489029 * level7;1;0.758515724101817;
10;42362.8573658455 * level + 622589.974490232 * compressionZpaq + 234461.650143298 * compressionLrzip + 170902.333767753 * compressionBzip2 + 3617.14263415323 * level9 + 2523.00088069504 * compressionBzip2 * encryption + 38603.6622159844 * compressionGzip + 11520.39356629 * encryption + 6790.40516439063 * compression + 3583.6873339066 * level7 + 581.009255025874 * disableCompressibilityTesting;1.31707233611498;1.31707233611498;1.31707233611498;1.31707233611498;0.735849;12;581.009255025874 * disableCompressibilityTesting;1;0.119511129203369;
11;42447.7843205894 * level + 622970.774826109 * compressionZpaq + 234888.940815624 * compressionLrzip + 171183.281605251 * compressionBzip2 + 3532.21567941069 * level9 + 2769.39776914079 * compressionBzip2 * encryption + 39018.3201595843 * compressionGzip + 11254.5905328352 * encryption + 6411.59294214385 * compression + 3553.36198657869 * level7 + 613.352830040424 * disableCompressibilityTesting + 906.754728887965 * encryption * compressionLzo;1.2198900075256;1.2198900075256;1.2198900075256;1.2198900075256;0.96264;14;906.754728887965 * encryption * compressionLzo;2;0.0485911642946917;
Elapsed=00:00:00.9631066
Learning progress:
1;92403.1944444444 * level + 586391.091269841 * compressionZpaq;65.4927145631314;65.4927145631314;65.4927145631314;65.4927145631314;0.005311;2;586391.091269841 * compressionZpaq;1;78.9598077306196;
2;71063.2307692308 * level + 607731.054945054 * compressionZpaq + 219496.769230769 * compressionLrzip;40.9727533037595;40.9727533037595;40.9727533037595;40.9727533037595;0.015385;3;219496.769230769 * compressionLrzip;1;24.5199612593719;
3;55281.3559322033 * level + 623512.929782082 * compressionZpaq + 235278.644067797 * compressionLrzip + 170970.310734463 * compressionBzip2;15.6932847611927;15.6932847611927;15.6932847611927;15.6932847611927;0.034453;4;170970.310734463 * compressionBzip2;1;25.2794685425668;
4;51412.8301886793 * level + 627381.455525607 * compressionZpaq + 239147.169811321 * compressionLrzip + 174838.836477987 * compressionBzip2 + 38040.5031446542 * compressionGzip;7.5476338870955;7.5476338870955;7.5476338870955;7.5476338870955;0.066033;5;38040.5031446542 * compressionGzip;1;8.14565087409722;
5;45311.3179083977 * level + 626091.421500633 * compressionZpaq + 237857.135786346 * compressionLrzip + 174472.745741171 * compressionBzip2 + 41986.147752569 * compressionGzip + 12935.2060341968 * encryption;5.13844379321393;5.13844379321393;5.13844379321393;5.13844379321393;0.112662;6;12935.2060341968 * encryption;1;2.40919009388157;
6;43352.8801387129 * level + 621519.391142701 * compressionZpaq + 233285.105428416 * compressionLrzip + 169833.961866231 * compressionBzip2 + 37035.8474649224 * compressionGzip + 12000.6567960747 * encryption + 7064.49626368566 * compression;3.47334149352408;3.47334149352408;3.47334149352408;3.47334149352408;0.177861;7;7064.49626368566 * compression;1;1.66510229968985;
7;42668.4848807651 * level + 622990.519097135 * compressionZpaq + 234756.23338285 * compressionLrzip + 171291.506653183 * compressionBzip2 + 38430.0041369588 * compressionGzip + 11810.492451327 * encryption + 6386.42890705534 * compression + 3802.30497923454 * level7;3.08334991203353;3.08334991203353;3.08334991203353;3.08334991203353;0.270013;8;3802.30497923454 * level7;1;0.389991581490557;
8;43387.5024960767 * level + 622869.260854358 * compressionZpaq + 234634.975140072 * compressionLrzip + 172390.371718707 * compressionBzip2 + 39332.2684642207 * compressionGzip + 11220.690236541 * encryption + 6125.69937154252 * compression + 3550.68196870005 * level7 + -7573.51222758008 * level1;2.83469285276293;2.83469285276293;2.83469285276293;2.83469285276293;0.384491;9;-7573.51222758008 * level1;1;0.248657059270597;
9;43332.230742451 * level + 623376.228086344 * compressionZpaq + 235141.942372058 * compressionLrzip + 172892.002829661 * compressionBzip2 + 39831.3754652633 * compressionGzip + 11213.1179068083 * encryption + 5678.33093874318 * compression + 3833.96498428685 * level7 + -7544.74078555335 * level1 + 1429.56757472082 * compression * level2;2.50326354067313;2.50326354067313;2.50326354067313;2.50326354067313;0.522521;11;1429.56757472082 * compression * level2;2;0.165714656044898;
10;43509.8434412337 * level + 623306.428914187 * compressionZpaq + 235072.143199901 * compressionLrzip + 172839.543457553 * compressionBzip2 + 39788.5872207642 * compressionGzip + 11242.1312896358 * encryption + 5553.93833621588 * compression + 3701.96951086669 * level7 + -7636.34527892226 * level1 + 2278.1818681543 * compression * level2 + -919.242419385195 * level2;2.30570267510734;2.30570267510734;2.30570267510734;2.30570267510734;0.704419;12;-919.242419385195 * level2;1;0.197560865565795;
11;43638.5455480663 * level + 623828.603202757 * compressionZpaq + 235594.317488471 * compressionLrzip + 173375.708726499 * compressionBzip2 + 40343.3199361481 * compressionGzip + 11297.8336289464 * encryption + 4871.23203263555 * compression + 3098.40666396425 * level7 + -7696.41873004525 * level1 + 2955.31793780334 * compression * level2 + -1075.79569587309 * level2 + 1568.76796736432 * level7 * compression;2.09722306582043;2.09722306582043;2.09722306582043;2.09722306582043;0.918866;14;1568.76796736432 * level7 * compression;2;0.104239804643456;
12;43579.4948202821 * level + 623844.572241429 * compressionZpaq + 235610.286527143 * compressionLrzip + 173393.205238434 * compressionBzip2 + 40416.7080834346 * compressionGzip + 11465.5085350002 * encryption + 4818.49948971783 * compression + 3061.64315971731 * level7 + -7633.72289560856 * level1 + 3100.01902880016 * compression * level2 + -556.90222768955 * level2 + 1621.50051028168 * level7 * compression + -1087.36038685196 * level2 * encryption;1.98749545486269;1.98749545486269;1.98749545486269;1.98749545486269;1.194001;16;-1087.36038685196 * level2 * encryption;2;0.0548638054788669;
Elapsed=00:00:01.1944132
Learning progress:
1;101197.222222222 * level + 576954.027777778 * compressionZpaq;104.008312770979;104.008312770979;104.008312770979;104.008312770979;0.003979;2;576954.027777778 * compressionZpaq;1;117.060201428068;
2;49393.3333333333 * level + 539951.25 * compressionZpaq + 88806.6666666665 * compression;59.7461585042083;59.7461585042083;59.7461585042083;59.7461585042083;0.014989;3;88806.6666666665 * compression;1;44.2621542667703;
3;49393.3333333332 * level + 473166.902173912 * compressionZpaq + 155591.014492754 * compression + -147628.558352403 * compressionLzo;26.4557219861988;26.4557219861988;26.4557219861988;26.4557219861988;0.038152;4;-147628.558352403 * compressionLzo;1;33.2904365180094;
4;49393.3333333333 * level + 424245.625 * compressionZpaq + 204512.291666667 * compression + -196549.835526316 * compressionLzo + -160741.339285714 * compressionGzip;13.6495153082255;13.6495153082255;13.6495153082255;13.6495153082255;0.070912;5;-160741.339285714 * compressionGzip;1;12.8062066779734;
5;43634.224922207 * level + 423525.73644861 * compressionZpaq + 205232.180218057 * compression + -198179.056984726 * compressionLzo + -160638.498064087 * compressionGzip + 11518.2168222524 * encryption;4.57988042692528;4.57988042692528;4.57988042692528;4.57988042692528;0.119682;6;11518.2168222524 * encryption;1;9.0696348813002;
6;43535.2188250033 * level + 450934.792832408 * compressionZpaq + 177823.123834259 * compression + -170785.633142592 * compressionLzo + -133215.297952117 * compressionGzip + 11716.2290166602 * encryption + 62677.5591907401 * compressionLrzip;3.97869476919314;3.97869476919314;3.97869476919314;3.97869476919314;0.188095;7;62677.5591907401 * compressionLrzip;1;0.601185657732137;
7;42692.337268521 * level + 450935.060561176 * compressionZpaq + 178668.147220886 * compression + -171928.98797047 * compressionLzo + -133215.37444605 * compressionGzip + 11711.4098988333 * encryption + 62677.4826968072 * compressionLrzip + 3622.67620883813 * level7;3.49914071170813;3.49914071170813;3.49914071170813;3.49914071170813;0.274959;8;3622.67620883813 * level7;1;0.479554057485016;
8;42524.5948604211 * level + 450930.509358223 * compressionZpaq + 178799.480005366 * compression + -171965.181513238 * compressionLzo + -133214.07410235 * compressionGzip + 11793.3315519788 * encryption + 62678.7830405075 * compressionLrzip + 3702.39653830021 * level7 + 3245.40513957944 * level9;3.17718462188036;3.17718462188036;3.17718462188036;3.17718462188036;0.386216;9;3245.40513957944 * level9;1;0.321956089827769;
9;42448.8634686609 * level + 450933.626929281 * compressionZpaq + 178900.151965584 * compression + -172776.619063499 * compressionLzo + -133214.964836937 * compressionGzip + 11737.2152729491 * encryption + 62677.8923059198 * compressionLrzip + 4136.39004494241 * level7 + 3321.13653133852 * level9 + 2159.46011395428 * compressionLzo * level2;2.81425571627812;2.81425571627812;2.81425571627812;2.81425571627812;0.521322;11;2159.46011395428 * compressionLzo * level2;2;0.181464452801121;
10;42541.5236884913 * level + 450943.660757229 * compressionZpaq + 178887.762369335 * compression + -172761.088442849 * compressionLzo + -135325.937650299 * compressionGzip + 11556.60636989 * encryption + 62675.0254979348 * compressionLrzip + 4139.53106934366 * level7 + 3228.47631150868 * level9 + 2184.06480509569 * compressionLzo * level2 + 4918.91401254595 * compressionGzip * disableCompressibilityTesting;2.56794635608091;2.56794635608091;2.56794635608091;2.56794635608091;0.698529;13;4918.91401254595 * compressionGzip * disableCompressibilityTesting;2;0.123154680098601;
11;42816.8927337792 * level + 450942.487473592 * compressionZpaq + 178603.007054959 * compression + -172672.52425094 * compressionLzo + -135321.831157573 * compressionGzip + 11577.725475339 * encryption + 62675.3607218308 * compressionLrzip + 3943.33994687598 * level7 + 2953.1072662209 * level9 + 3080.68619832989 * compressionLzo * level2 + 4910.11438527557 * compressionGzip * disableCompressibilityTesting + -989.878719687188 * level2;2.44660303764018;2.44660303764018;2.44660303764018;2.44660303764018;0.921827;14;-989.878719687188 * level2;1;0.121343318440728;
12;42932.4043465591 * level + 450941.536231733 * compressionZpaq + 178479.885507307 * compression + -172939.345756038 * compressionLzo + -135318.501811066 * compressionGzip + 11594.847828802 * encryption + 62675.6325052191 * compressionLrzip + 3553.39689412551 * level7 + 2837.59565344115 * level9 + 3468.99855075082 * compressionLzo * level2 + 4902.98007133226 * compressionGzip * disableCompressibilityTesting + -1115.17453444601 * level2 + 964.568426979472 * level7 * compression;2.36898088578546;2.36898088578546;2.36898088578546;2.36898088578546;1.195403;16;964.568426979472 * level7 * compression;2;0.0388110759273612;
Elapsed=00:00:01.1957763
Learning progress:
1;94580.4109589041 * level + 583817.922374428 * compressionZpaq;67.6182432031817;67.6182432031817;67.6182432031817;67.6182432031817;0.005009;2;583817.922374428 * compressionZpaq;1;80.1818947613504;
2;77282.9850746268 * level + 601115.348258707 * compressionZpaq + 210452.014925373 * compressionLrzip;37.1656661832897;37.1656661832897;37.1656661832897;37.1656661832897;0.01723;3;210452.014925373 * compressionLrzip;1;30.452577019892;
3;56732.5423728814 * level + 621665.790960452 * compressionZpaq + 231002.45762712 * compressionLrzip + 172109.957627119 * compressionBzip2;10.8813129677977;10.8813129677977;10.8813129677977;10.8813129677977;0.03659;4;172109.957627119 * compressionBzip2;1;26.284353215492;
4;56922.4137931036 * level + 621475.919540229 * compressionZpaq + 230812.586206895 * compressionLrzip + 171920.086206896 * compressionBzip2 + -11202.4137931038 * level6;9.58399457474197;9.58399457474197;9.58399457474197;9.58399457474197;0.069117;5;-11202.4137931038 * level6;1;1.29731839305569;
5;57097.3684210525 * level + 621300.964912281 * compressionZpaq + 230637.631578948 * compressionLrzip + 171745.131578948 * compressionBzip2 + -11377.3684210524 * level6 + -10147.3684210525 * level8;8.48947161161516;8.48947161161516;8.48947161161516;8.48947161161516;0.113611;6;-10147.3684210525 * level8;1;1.09452296312681;
6;58501.3333333334 * level + 619897 * compressionZpaq + 229233.666666667 * compressionLrzip + 170341.166666667 * compressionBzip2 + -12781.3333333332 * level6 + -11551.3333333333 * level8 + -6668.83333333317 * level2;8.18918573343071;8.18918573343071;8.18918573343071;8.18918573343071;0.175527;7;-6668.83333333317 * level2;1;0.30028587818445;
7;58501.3333333334 * level + 619897 * compressionZpaq + 229233.666666666 * compressionLrzip + 170341.166666666 * compressionBzip2 + -12781.3333333334 * level6 + -11551.3333333335 * level8 + -10969.9047619046 * level2 + 10322.5714285718 * level2 * encryption;7.75205704495241;7.75205704495241;7.75205704495241;7.75205704495241;0.256452;9;10322.5714285718 * level2 * encryption;2;0.218564344239151;
8;58501.3333333335 * level + 619897 * compressionZpaq + 229233.666666667 * compressionLrzip + 170341.166666667 * compressionBzip2 + -12781.3333333333 * level6 + -11551.3333333332 * level8 + -16282.1176470589 * level2 + 10056.9607843137 * level2 * encryption + 9296.37254901946 * level2 * compressionLzo;6.36404992822662;6.36404992822662;6.36404992822662;6.36404992822662;0.366499;11;9296.37254901946 * level2 * compressionLzo;2;0.694003558362891;
9;58501.3333333334 * level + 619897 * compressionZpaq + 225456.166666667 * compressionLrzip + 170341.166666667 * compressionBzip2 + -12781.3333333333 * level6 + -11551.3333333334 * level8 + -16282.1176470589 * level2 + 10056.9607843136 * level2 * encryption + 9296.37254901945 * level2 * compressionLzo + 11332.5000000007 * compressionLrzip * encryption;6.10853699871902;6.10853699871902;6.10853699871902;6.10853699871902;0.511829;13;11332.5000000007 * compressionLrzip * encryption;2;0.127756464753802;
Elapsed=00:00:00.5121178
Learning progress:
1;88569.0410958904 * level + 589794.292237442 * compressionZpaq;58.5001031522851;58.5001031522851;58.5001031522851;58.5001031522851;0.004116;2;589794.292237442 * compressionZpaq;1;66.090507564331;
2;73704.4117647058 * level + 604658.921568628 * compressionZpaq + 217023.588235294 * compressionLrzip;34.4217993284732;34.4217993284732;34.4217993284732;34.4217993284732;0.015231;3;217023.588235294 * compressionLrzip;1;24.078303823812;
3;56049.1803278688 * level + 622314.153005466 * compressionZpaq + 234678.819672132 * compressionLrzip + 171507.962529274 * compressionBzip2;14.4397207858693;14.4397207858693;14.4397207858693;14.4397207858693;0.034862;4;171507.962529274 * compressionBzip2;1;19.9820785426039;
4;48662.2857142858 * level + 612370.256410256 * compressionZpaq + 224734.923076923 * compressionLrzip + 161564.065934066 * compressionBzip2 + 17330.7912087912 * compression;9.49999971394002;9.49999971394002;9.49999971394002;9.49999971394002;0.068063;5;17330.7912087912 * compression;1;4.93972107192927;
5;48662.2857142857 * level + 583756.190476191 * compressionZpaq + 196120.857142858 * compressionLrzip + 132950.000000001 * compressionBzip2 + 45944.8571428569 * compression + -39156.0902255638 * compressionLzo;7.25429390380915;7.25429390380915;7.25429390380915;7.25429390380915;0.117622;6;-39156.0902255638 * compressionLzo;1;2.24570581013087;
6;43407.9779971884 * level + 584631.90842904 * compressionZpaq + 195770.569961717 * compressionLrzip + 132950 * compressionBzip2 + 44193.4212371582 * compression + -37312.4734827227 * compressionLzo + 12260.0513398937 * encryption;2.68586936946136;2.68586936946136;2.68586936946136;2.68586936946136;0.188319;7;12260.0513398937 * encryption;1;4.56842453434779;
7;42940.9679613837 * level + 584606.513483577 * compressionZpaq + 195780.727939902 * compressionLrzip + 132950 * compressionBzip2 + 44863.5908366661 * compression + -38506.8991468748 * compressionLzo + 11904.5221034127 * encryption + 3613.04830006309 * level7;1.67216649671267;1.67216649671267;1.67216649671267;1.67216649671267;0.279146;8;3613.04830006309 * level7;1;1.01370287274869;
8;42686.1669532025 * level + 584615.960951794 * compressionZpaq + 195776.948952616 * compressionLrzip + 132950 * compressionBzip2 + 45042.8120991186 * compression + -38516.2939962818 * compressionLzo + 12036.7866584388 * encryption + 3705.78177795645 * level7 + 3188.83304679771 * level9;1.55947360148201;1.55947360148201;1.55947360148201;1.55947360148201;0.39724;9;3188.83304679771 * level9;1;0.112692895230668;
Elapsed=00:00:00.3975891
Learning progress:
1;91756.4864864865 * level + 584943.513513512 * compressionZpaq;55.1364778925186;55.1364778925186;55.1364778925186;55.1364778925186;0.004139;2;584943.513513512 * compressionZpaq;1;61.8130384254571;
2;70989.1044776119 * level + 605710.895522387 * compressionZpaq + 219540.895522389 * compressionLrzip;31.1162256927742;31.1162256927742;31.1162256927742;31.1162256927742;0.015463;3;219540.895522389 * compressionLrzip;1;24.0202521997445;
3;56068.0327868852 * level + 620631.967213116 * compressionZpaq + 234461.967213115 * compressionLrzip + 166618.633879781 * compressionBzip2;9.88158132823754;9.88158132823754;9.88158132823754;9.88158132823754;0.035854;4;166618.633879781 * compressionBzip2;1;21.2346443645366;
4;56236.1666666669 * level + 620463.833333332 * compressionZpaq + 234293.833333333 * compressionLrzip + 166450.499999999 * compressionBzip2 + -10256.1666666665 * level9;8.77287486899377;8.77287486899377;8.77287486899377;8.77287486899377;0.068843;5;-10256.1666666665 * level9;1;1.10870645924377;
5;56236.1666666667 * level + 620463.833333333 * compressionZpaq + 234293.833333334 * compressionLrzip + 164051.833333334 * compressionBzip2 + -10256.1666666668 * level9 + 14392.0000000005 * compressionBzip2 * encryption;8.0624643343058;8.0624643343058;8.0624643343058;8.0624643343058;0.115339;7;14392.0000000005 * compressionBzip2 * encryption;2;0.355205267343982;
6;50467.1153846155 * level + 626232.884615384 * compressionZpaq + 240062.884615385 * compressionLrzip + 169820.884615384 * compressionBzip2 + -4487.11538461569 * level9 + 14392.0000000001 * compressionBzip2 * encryption + 43267.8846153848 * compressionGzip;7.79403594945864;7.79403594945864;7.79403594945864;7.79403594945864;0.183662;8;43267.8846153848 * compressionGzip;1;0.268428384847164;
7;45781.9640122512 * level + 626045.478560491 * compressionZpaq + 237787.239663094 * compressionLrzip + 174506.035987749 * compressionBzip2 + 198.035987748968 * level9 + 2210.60643185316 * compressionBzip2 * encryption + 41862.3392036753 * compressionGzip + 12181.393568147 * encryption;3.9408522874246;3.9408522874246;3.9408522874246;3.9408522874246;0.275711;9;12181.393568147 * encryption;1;3.85318366203404;
8;43214.0470652799 * level + 621607.638608687 * compressionZpaq + 233443.44909319 * compressionLrzip + 169848.74747818 * compressionBzip2 + 2765.9529347211 * level9 + 2759.22782626799 * compressionBzip2 * encryption + 37479.3613913137 * compressionGzip + 11632.7721737316 * encryption + 7225.2054565409 * compression;2.19509918942016;2.19509918942016;2.19509918942016;2.19509918942016;0.397927;10;7225.2054565409 * compression;1;1.74575309800444;
9;42535.5411917347 * level + 622719.060729809 * compressionZpaq + 234563.721290923 * compressionLrzip + 170939.519420541 * compressionBzip2 + 3444.45880826513 * level9 + 2810.85327316895 * compressionBzip2 * encryption + 38595.9460571256 * compressionGzip + 11581.1467268312 * encryption + 6812.93938772435 * compression + 3713.34464489029 * level7;1.43658346531835;1.43658346531835;1.43658346531835;1.43658346531835;0.55133;11;3713.34464489029 * level7;1;0.758515724101817;
10;42362.8573658455 * level + 622589.974490232 * compressionZpaq + 234461.650143298 * compressionLrzip + 170902.333767753 * compressionBzip2 + 3617.14263415323 * level9 + 2523.00088069504 * compressionBzip2 * encryption + 38603.6622159844 * compressionGzip + 11520.39356629 * encryption + 6790.40516439063 * compression + 3583.6873339066 * level7 + 581.009255025874 * disableCompressibilityTesting;1.31707233611498;1.31707233611498;1.31707233611498;1.31707233611498;0.738002;12;581.009255025874 * disableCompressibilityTesting;1;0.119511129203369;
Elapsed=00:00:00.7384213
Learning progress:
1;92403.1944444444 * level + 586391.091269841 * compressionZpaq;65.4927145631314;65.4927145631314;65.4927145631314;65.4927145631314;0.004327;2;586391.091269841 * compressionZpaq;1;78.9598077306196;
2;71063.2307692308 * level + 607731.054945054 * compressionZpaq + 219496.769230769 * compressionLrzip;40.9727533037595;40.9727533037595;40.9727533037595;40.9727533037595;0.015642;3;219496.769230769 * compressionLrzip;1;24.5199612593719;
3;55281.3559322033 * level + 623512.929782082 * compressionZpaq + 235278.644067797 * compressionLrzip + 170970.310734463 * compressionBzip2;15.6932847611927;15.6932847611927;15.6932847611927;15.6932847611927;0.034325;4;170970.310734463 * compressionBzip2;1;25.2794685425668;
4;51412.8301886793 * level + 627381.455525607 * compressionZpaq + 239147.169811321 * compressionLrzip + 174838.836477987 * compressionBzip2 + 38040.5031446542 * compressionGzip;7.5476338870955;7.5476338870955;7.5476338870955;7.5476338870955;0.066086;5;38040.5031446542 * compressionGzip;1;8.14565087409722;
5;45311.3179083977 * level + 626091.421500633 * compressionZpaq + 237857.135786346 * compressionLrzip + 174472.745741171 * compressionBzip2 + 41986.147752569 * compressionGzip + 12935.2060341968 * encryption;5.13844379321393;5.13844379321393;5.13844379321393;5.13844379321393;0.111729;6;12935.2060341968 * encryption;1;2.40919009388157;
6;43352.8801387129 * level + 621519.391142701 * compressionZpaq + 233285.105428416 * compressionLrzip + 169833.961866231 * compressionBzip2 + 37035.8474649224 * compressionGzip + 12000.6567960747 * encryption + 7064.49626368566 * compression;3.47334149352408;3.47334149352408;3.47334149352408;3.47334149352408;0.175984;7;7064.49626368566 * compression;1;1.66510229968985;
7;42668.4848807651 * level + 622990.519097135 * compressionZpaq + 234756.23338285 * compressionLrzip + 171291.506653183 * compressionBzip2 + 38430.0041369588 * compressionGzip + 11810.492451327 * encryption + 6386.42890705534 * compression + 3802.30497923454 * level7;3.08334991203353;3.08334991203353;3.08334991203353;3.08334991203353;0.267785;8;3802.30497923454 * level7;1;0.389991581490557;
8;43387.5024960767 * level + 622869.260854358 * compressionZpaq + 234634.975140072 * compressionLrzip + 172390.371718707 * compressionBzip2 + 39332.2684642207 * compressionGzip + 11220.690236541 * encryption + 6125.69937154252 * compression + 3550.68196870005 * level7 + -7573.51222758008 * level1;2.83469285276293;2.83469285276293;2.83469285276293;2.83469285276293;0.381809;9;-7573.51222758008 * level1;1;0.248657059270597;
9;43332.230742451 * level + 623376.228086344 * compressionZpaq + 235141.942372058 * compressionLrzip + 172892.002829661 * compressionBzip2 + 39831.3754652633 * compressionGzip + 11213.1179068083 * encryption + 5678.33093874318 * compression + 3833.96498428685 * level7 + -7544.74078555335 * level1 + 1429.56757472082 * compression * level2;2.50326354067313;2.50326354067313;2.50326354067313;2.50326354067313;0.521144;11;1429.56757472082 * compression * level2;2;0.165714656044898;
Elapsed=00:00:00.5214872
Learning progress:
1;101197.222222222 * level + 576954.027777778 * compressionZpaq;104.008312770979;104.008312770979;104.008312770979;104.008312770979;0.004481;2;576954.027777778 * compressionZpaq;1;117.060201428068;
2;49393.3333333333 * level + 539951.25 * compressionZpaq + 88806.6666666665 * compression;59.7461585042083;59.7461585042083;59.7461585042083;59.7461585042083;0.015095;3;88806.6666666665 * compression;1;44.2621542667703;
3;49393.3333333332 * level + 473166.902173912 * compressionZpaq + 155591.014492754 * compression + -147628.558352403 * compressionLzo;26.4557219861988;26.4557219861988;26.4557219861988;26.4557219861988;0.037726;4;-147628.558352403 * compressionLzo;1;33.2904365180094;
4;49393.3333333333 * level + 424245.625 * compressionZpaq + 204512.291666667 * compression + -196549.835526316 * compressionLzo + -160741.339285714 * compressionGzip;13.6495153082255;13.6495153082255;13.6495153082255;13.6495153082255;0.072167;5;-160741.339285714 * compressionGzip;1;12.8062066779734;
5;43634.224922207 * level + 423525.73644861 * compressionZpaq + 205232.180218057 * compression + -198179.056984726 * compressionLzo + -160638.498064087 * compressionGzip + 11518.2168222524 * encryption;4.57988042692528;4.57988042692528;4.57988042692528;4.57988042692528;0.119284;6;11518.2168222524 * encryption;1;9.0696348813002;
6;43535.2188250033 * level + 450934.792832408 * compressionZpaq + 177823.123834259 * compression + -170785.633142592 * compressionLzo + -133215.297952117 * compressionGzip + 11716.2290166602 * encryption + 62677.5591907401 * compressionLrzip;3.97869476919314;3.97869476919314;3.97869476919314;3.97869476919314;0.18486;7;62677.5591907401 * compressionLrzip;1;0.601185657732137;
7;42692.337268521 * level + 450935.060561176 * compressionZpaq + 178668.147220886 * compression + -171928.98797047 * compressionLzo + -133215.37444605 * compressionGzip + 11711.4098988333 * encryption + 62677.4826968072 * compressionLrzip + 3622.67620883813 * level7;3.49914071170813;3.49914071170813;3.49914071170813;3.49914071170813;0.270929;8;3622.67620883813 * level7;1;0.479554057485016;
8;42524.5948604211 * level + 450930.509358223 * compressionZpaq + 178799.480005366 * compression + -171965.181513238 * compressionLzo + -133214.07410235 * compressionGzip + 11793.3315519788 * encryption + 62678.7830405075 * compressionLrzip + 3702.39653830021 * level7 + 3245.40513957944 * level9;3.17718462188036;3.17718462188036;3.17718462188036;3.17718462188036;0.381349;9;3245.40513957944 * level9;1;0.321956089827769;
9;42448.8634686609 * level + 450933.626929281 * compressionZpaq + 178900.151965584 * compression + -172776.619063499 * compressionLzo + -133214.964836937 * compressionGzip + 11737.2152729491 * encryption + 62677.8923059198 * compressionLrzip + 4136.39004494241 * level7 + 3321.13653133852 * level9 + 2159.46011395428 * compressionLzo * level2;2.81425571627812;2.81425571627812;2.81425571627812;2.81425571627812;0.516685;11;2159.46011395428 * compressionLzo * level2;2;0.181464452801121;
Elapsed=00:00:00.5169918
Learning progress:
1;94580.4109589041 * level + 583817.922374428 * compressionZpaq;67.6182432031817;67.6182432031817;67.6182432031817;67.6182432031817;0.004475;2;583817.922374428 * compressionZpaq;1;80.1818947613504;
2;77282.9850746268 * level + 601115.348258707 * compressionZpaq + 210452.014925373 * compressionLrzip;37.1656661832897;37.1656661832897;37.1656661832897;37.1656661832897;0.016571;3;210452.014925373 * compressionLrzip;1;30.452577019892;
3;56732.5423728814 * level + 621665.790960452 * compressionZpaq + 231002.45762712 * compressionLrzip + 172109.957627119 * compressionBzip2;10.8813129677977;10.8813129677977;10.8813129677977;10.8813129677977;0.036617;4;172109.957627119 * compressionBzip2;1;26.284353215492;
4;56922.4137931036 * level + 621475.919540229 * compressionZpaq + 230812.586206895 * compressionLrzip + 171920.086206896 * compressionBzip2 + -11202.4137931038 * level6;9.58399457474197;9.58399457474197;9.58399457474197;9.58399457474197;0.068806;5;-11202.4137931038 * level6;1;1.29731839305569;
5;57097.3684210525 * level + 621300.964912281 * compressionZpaq + 230637.631578948 * compressionLrzip + 171745.131578948 * compressionBzip2 + -11377.3684210524 * level6 + -10147.3684210525 * level8;8.48947161161516;8.48947161161516;8.48947161161516;8.48947161161516;0.113864;6;-10147.3684210525 * level8;1;1.09452296312681;
6;58501.3333333334 * level + 619897 * compressionZpaq + 229233.666666667 * compressionLrzip + 170341.166666667 * compressionBzip2 + -12781.3333333332 * level6 + -11551.3333333333 * level8 + -6668.83333333317 * level2;8.18918573343071;8.18918573343071;8.18918573343071;8.18918573343071;0.177072;7;-6668.83333333317 * level2;1;0.30028587818445;
Elapsed=00:00:00.1773015
Learning progress:
1;88569.0410958904 * level + 589794.292237442 * compressionZpaq;58.5001031522851;58.5001031522851;58.5001031522851;58.5001031522851;0.004871;2;589794.292237442 * compressionZpaq;1;66.090507564331;
2;73704.4117647058 * level + 604658.921568628 * compressionZpaq + 217023.588235294 * compressionLrzip;34.4217993284732;34.4217993284732;34.4217993284732;34.4217993284732;0.019325;3;217023.588235294 * compressionLrzip;1;24.078303823812;
3;56049.1803278688 * level + 622314.153005466 * compressionZpaq + 234678.819672132 * compressionLrzip + 171507.962529274 * compressionBzip2;14.4397207858693;14.4397207858693;14.4397207858693;14.4397207858693;0.044833;4;171507.962529274 * compressionBzip2;1;19.9820785426039;
4;48662.2857142858 * level + 612370.256410256 * compressionZpaq + 224734.923076923 * compressionLrzip + 161564.065934066 * compressionBzip2 + 17330.7912087912 * compression;9.49999971394002;9.49999971394002;9.49999971394002;9.49999971394002;0.080695;5;17330.7912087912 * compression;1;4.93972107192927;
5;48662.2857142857 * level + 583756.190476191 * compressionZpaq + 196120.857142858 * compressionLrzip + 132950.000000001 * compressionBzip2 + 45944.8571428569 * compression + -39156.0902255638 * compressionLzo;7.25429390380915;7.25429390380915;7.25429390380915;7.25429390380915;0.132329;6;-39156.0902255638 * compressionLzo;1;2.24570581013087;
6;43407.9779971884 * level + 584631.90842904 * compressionZpaq + 195770.569961717 * compressionLrzip + 132950 * compressionBzip2 + 44193.4212371582 * compression + -37312.4734827227 * compressionLzo + 12260.0513398937 * encryption;2.68586936946136;2.68586936946136;2.68586936946136;2.68586936946136;0.20003;7;12260.0513398937 * encryption;1;4.56842453434779;
7;42940.9679613837 * level + 584606.513483577 * compressionZpaq + 195780.727939902 * compressionLrzip + 132950 * compressionBzip2 + 44863.5908366661 * compression + -38506.8991468748 * compressionLzo + 11904.5221034127 * encryption + 3613.04830006309 * level7;1.67216649671267;1.67216649671267;1.67216649671267;1.67216649671267;0.292512;8;3613.04830006309 * level7;1;1.01370287274869;
8;42686.1669532025 * level + 584615.960951794 * compressionZpaq + 195776.948952616 * compressionLrzip + 132950 * compressionBzip2 + 45042.8120991186 * compression + -38516.2939962818 * compressionLzo + 12036.7866584388 * encryption + 3705.78177795645 * level7 + 3188.83304679771 * level9;1.55947360148201;1.55947360148201;1.55947360148201;1.55947360148201;0.408922;9;3188.83304679771 * level9;1;0.112692895230668;
Elapsed=00:00:00.4092638
Learning progress:
1;91756.4864864865 * level + 584943.513513512 * compressionZpaq;55.1364778925186;55.1364778925186;55.1364778925186;55.1364778925186;0.004539;2;584943.513513512 * compressionZpaq;1;61.8130384254571;
2;70989.1044776119 * level + 605710.895522387 * compressionZpaq + 219540.895522389 * compressionLrzip;31.1162256927742;31.1162256927742;31.1162256927742;31.1162256927742;0.01597;3;219540.895522389 * compressionLrzip;1;24.0202521997445;
3;56068.0327868852 * level + 620631.967213116 * compressionZpaq + 234461.967213115 * compressionLrzip + 166618.633879781 * compressionBzip2;9.88158132823754;9.88158132823754;9.88158132823754;9.88158132823754;0.035922;4;166618.633879781 * compressionBzip2;1;21.2346443645366;
4;56236.1666666669 * level + 620463.833333332 * compressionZpaq + 234293.833333333 * compressionLrzip + 166450.499999999 * compressionBzip2 + -10256.1666666665 * level9;8.77287486899377;8.77287486899377;8.77287486899377;8.77287486899377;0.068438;5;-10256.1666666665 * level9;1;1.10870645924377;
5;56236.1666666667 * level + 620463.833333333 * compressionZpaq + 234293.833333334 * compressionLrzip + 164051.833333334 * compressionBzip2 + -10256.1666666668 * level9 + 14392.0000000005 * compressionBzip2 * encryption;8.0624643343058;8.0624643343058;8.0624643343058;8.0624643343058;0.113925;7;14392.0000000005 * compressionBzip2 * encryption;2;0.355205267343982;
Elapsed=00:00:00.1141578
Learning progress:
1;92403.1944444444 * level + 586391.091269841 * compressionZpaq;65.4927145631314;65.4927145631314;65.4927145631314;65.4927145631314;0.004745;2;586391.091269841 * compressionZpaq;1;78.9598077306196;
2;71063.2307692308 * level + 607731.054945054 * compressionZpaq + 219496.769230769 * compressionLrzip;40.9727533037595;40.9727533037595;40.9727533037595;40.9727533037595;0.016237;3;219496.769230769 * compressionLrzip;1;24.5199612593719;
3;55281.3559322033 * level + 623512.929782082 * compressionZpaq + 235278.644067797 * compressionLrzip + 170970.310734463 * compressionBzip2;15.6932847611927;15.6932847611927;15.6932847611927;15.6932847611927;0.034776;4;170970.310734463 * compressionBzip2;1;25.2794685425668;
4;51412.8301886793 * level + 627381.455525607 * compressionZpaq + 239147.169811321 * compressionLrzip + 174838.836477987 * compressionBzip2 + 38040.5031446542 * compressionGzip;7.5476338870955;7.5476338870955;7.5476338870955;7.5476338870955;0.065914;5;38040.5031446542 * compressionGzip;1;8.14565087409722;
5;45311.3179083977 * level + 626091.421500633 * compressionZpaq + 237857.135786346 * compressionLrzip + 174472.745741171 * compressionBzip2 + 41986.147752569 * compressionGzip + 12935.2060341968 * encryption;5.13844379321393;5.13844379321393;5.13844379321393;5.13844379321393;0.111308;6;12935.2060341968 * encryption;1;2.40919009388157;
6;43352.8801387129 * level + 621519.391142701 * compressionZpaq + 233285.105428416 * compressionLrzip + 169833.961866231 * compressionBzip2 + 37035.8474649224 * compressionGzip + 12000.6567960747 * encryption + 7064.49626368566 * compression;3.47334149352408;3.47334149352408;3.47334149352408;3.47334149352408;0.175417;7;7064.49626368566 * compression;1;1.66510229968985;
7;42668.4848807651 * level + 622990.519097135 * compressionZpaq + 234756.23338285 * compressionLrzip + 171291.506653183 * compressionBzip2 + 38430.0041369588 * compressionGzip + 11810.492451327 * encryption + 6386.42890705534 * compression + 3802.30497923454 * level7;3.08334991203353;3.08334991203353;3.08334991203353;3.08334991203353;0.26525;8;3802.30497923454 * level7;1;0.389991581490557;
Elapsed=00:00:00.2655621
Learning progress:
1;101197.222222222 * level + 576954.027777778 * compressionZpaq;104.008312770979;104.008312770979;104.008312770979;104.008312770979;0.005718;2;576954.027777778 * compressionZpaq;1;117.060201428068;
2;49393.3333333333 * level + 539951.25 * compressionZpaq + 88806.6666666665 * compression;59.7461585042083;59.7461585042083;59.7461585042083;59.7461585042083;0.016666;3;88806.6666666665 * compression;1;44.2621542667703;
3;49393.3333333332 * level + 473166.902173912 * compressionZpaq + 155591.014492754 * compression + -147628.558352403 * compressionLzo;26.4557219861988;26.4557219861988;26.4557219861988;26.4557219861988;0.040366;4;-147628.558352403 * compressionLzo;1;33.2904365180094;
4;49393.3333333333 * level + 424245.625 * compressionZpaq + 204512.291666667 * compression + -196549.835526316 * compressionLzo + -160741.339285714 * compressionGzip;13.6495153082255;13.6495153082255;13.6495153082255;13.6495153082255;0.072239;5;-160741.339285714 * compressionGzip;1;12.8062066779734;
5;43634.224922207 * level + 423525.73644861 * compressionZpaq + 205232.180218057 * compression + -198179.056984726 * compressionLzo + -160638.498064087 * compressionGzip + 11518.2168222524 * encryption;4.57988042692528;4.57988042692528;4.57988042692528;4.57988042692528;0.119261;6;11518.2168222524 * encryption;1;9.0696348813002;
6;43535.2188250033 * level + 450934.792832408 * compressionZpaq + 177823.123834259 * compression + -170785.633142592 * compressionLzo + -133215.297952117 * compressionGzip + 11716.2290166602 * encryption + 62677.5591907401 * compressionLrzip;3.97869476919314;3.97869476919314;3.97869476919314;3.97869476919314;0.18782;7;62677.5591907401 * compressionLrzip;1;0.601185657732137;
7;42692.337268521 * level + 450935.060561176 * compressionZpaq + 178668.147220886 * compression + -171928.98797047 * compressionLzo + -133215.37444605 * compressionGzip + 11711.4098988333 * encryption + 62677.4826968072 * compressionLrzip + 3622.67620883813 * level7;3.49914071170813;3.49914071170813;3.49914071170813;3.49914071170813;0.273296;8;3622.67620883813 * level7;1;0.479554057485016;
Elapsed=00:00:00.2735752
Learning progress:
1;94580.4109589041 * level + 583817.922374428 * compressionZpaq;67.6182432031817;67.6182432031817;67.6182432031817;67.6182432031817;0.00493;2;583817.922374428 * compressionZpaq;1;80.1818947613504;
2;77282.9850746268 * level + 601115.348258707 * compressionZpaq + 210452.014925373 * compressionLrzip;37.1656661832897;37.1656661832897;37.1656661832897;37.1656661832897;0.017111;3;210452.014925373 * compressionLrzip;1;30.452577019892;
3;56732.5423728814 * level + 621665.790960452 * compressionZpaq + 231002.45762712 * compressionLrzip + 172109.957627119 * compressionBzip2;10.8813129677977;10.8813129677977;10.8813129677977;10.8813129677977;0.036591;4;172109.957627119 * compressionBzip2;1;26.284353215492;
4;56922.4137931036 * level + 621475.919540229 * compressionZpaq + 230812.586206895 * compressionLrzip + 171920.086206896 * compressionBzip2 + -11202.4137931038 * level6;9.58399457474197;9.58399457474197;9.58399457474197;9.58399457474197;0.068534;5;-11202.4137931038 * level6;1;1.29731839305569;
5;57097.3684210525 * level + 621300.964912281 * compressionZpaq + 230637.631578948 * compressionLrzip + 171745.131578948 * compressionBzip2 + -11377.3684210524 * level6 + -10147.3684210525 * level8;8.48947161161516;8.48947161161516;8.48947161161516;8.48947161161516;0.111782;6;-10147.3684210525 * level8;1;1.09452296312681;
6;58501.3333333334 * level + 619897 * compressionZpaq + 229233.666666667 * compressionLrzip + 170341.166666667 * compressionBzip2 + -12781.3333333332 * level6 + -11551.3333333333 * level8 + -6668.83333333317 * level2;8.18918573343071;8.18918573343071;8.18918573343071;8.18918573343071;0.1727;7;-6668.83333333317 * level2;1;0.30028587818445;
7;58501.3333333334 * level + 619897 * compressionZpaq + 229233.666666666 * compressionLrzip + 170341.166666666 * compressionBzip2 + -12781.3333333334 * level6 + -11551.3333333335 * level8 + -10969.9047619046 * level2 + 10322.5714285718 * level2 * encryption;7.75205704495241;7.75205704495241;7.75205704495241;7.75205704495241;0.252218;9;10322.5714285718 * level2 * encryption;2;0.218564344239151;
8;58501.3333333335 * level + 619897 * compressionZpaq + 229233.666666667 * compressionLrzip + 170341.166666667 * compressionBzip2 + -12781.3333333333 * level6 + -11551.3333333332 * level8 + -16282.1176470589 * level2 + 10056.9607843137 * level2 * encryption + 9296.37254901946 * level2 * compressionLzo;6.36404992822662;6.36404992822662;6.36404992822662;6.36404992822662;0.362833;11;9296.37254901946 * level2 * compressionLzo;2;0.694003558362891;
9;58501.3333333334 * level + 619897 * compressionZpaq + 225456.166666667 * compressionLrzip + 170341.166666667 * compressionBzip2 + -12781.3333333333 * level6 + -11551.3333333334 * level8 + -16282.1176470589 * level2 + 10056.9607843136 * level2 * encryption + 9296.37254901945 * level2 * compressionLzo + 11332.5000000007 * compressionLrzip * encryption;6.10853699871902;6.10853699871902;6.10853699871902;6.10853699871902;0.506027;13;11332.5000000007 * compressionLrzip * encryption;2;0.127756464753802;
10;58501.3333333335 * level + 619896.999999999 * compressionZpaq + 225456.166666666 * compressionLrzip + 164771.166666667 * compressionBzip2 + -12781.3333333333 * level6 + -11551.3333333334 * level8 + -16282.1176470587 * level2 + 10056.9607843137 * level2 * encryption + 9296.37254901964 * level2 * compressionLzo + 11332.4999999995 * compressionLrzip * encryption + 11139.9999999995 * compressionBzip2 * encryption;5.97486769226351;5.97486769226351;5.97486769226351;5.97486769226351;0.690872;15;11139.9999999995 * compressionBzip2 * encryption;2;0.0668346532277564;
Elapsed=00:00:00.6911744
Learning progress:
1;88569.0410958904 * level + 589794.292237442 * compressionZpaq;58.5001031522851;58.5001031522851;58.5001031522851;58.5001031522851;0.004526;2;589794.292237442 * compressionZpaq;1;66.090507564331;
2;73704.4117647058 * level + 604658.921568628 * compressionZpaq + 217023.588235294 * compressionLrzip;34.4217993284732;34.4217993284732;34.4217993284732;34.4217993284732;0.016527;3;217023.588235294 * compressionLrzip;1;24.078303823812;
3;56049.1803278688 * level + 622314.153005466 * compressionZpaq + 234678.819672132 * compressionLrzip + 171507.962529274 * compressionBzip2;14.4397207858693;14.4397207858693;14.4397207858693;14.4397207858693;0.036913;4;171507.962529274 * compressionBzip2;1;19.9820785426039;
4;48662.2857142858 * level + 612370.256410256 * compressionZpaq + 224734.923076923 * compressionLrzip + 161564.065934066 * compressionBzip2 + 17330.7912087912 * compression;9.49999971394002;9.49999971394002;9.49999971394002;9.49999971394002;0.06935;5;17330.7912087912 * compression;1;4.93972107192927;
5;48662.2857142857 * level + 583756.190476191 * compressionZpaq + 196120.857142858 * compressionLrzip + 132950.000000001 * compressionBzip2 + 45944.8571428569 * compression + -39156.0902255638 * compressionLzo;7.25429390380915;7.25429390380915;7.25429390380915;7.25429390380915;0.120424;6;-39156.0902255638 * compressionLzo;1;2.24570581013087;
6;43407.9779971884 * level + 584631.90842904 * compressionZpaq + 195770.569961717 * compressionLrzip + 132950 * compressionBzip2 + 44193.4212371582 * compression + -37312.4734827227 * compressionLzo + 12260.0513398937 * encryption;2.68586936946136;2.68586936946136;2.68586936946136;2.68586936946136;0.189812;7;12260.0513398937 * encryption;1;4.56842453434779;
7;42940.9679613837 * level + 584606.513483577 * compressionZpaq + 195780.727939902 * compressionLrzip + 132950 * compressionBzip2 + 44863.5908366661 * compression + -38506.8991468748 * compressionLzo + 11904.5221034127 * encryption + 3613.04830006309 * level7;1.67216649671267;1.67216649671267;1.67216649671267;1.67216649671267;0.282243;8;3613.04830006309 * level7;1;1.01370287274869;
8;42686.1669532025 * level + 584615.960951794 * compressionZpaq + 195776.948952616 * compressionLrzip + 132950 * compressionBzip2 + 45042.8120991186 * compression + -38516.2939962818 * compressionLzo + 12036.7866584388 * encryption + 3705.78177795645 * level7 + 3188.83304679771 * level9;1.55947360148201;1.55947360148201;1.55947360148201;1.55947360148201;0.400362;9;3188.83304679771 * level9;1;0.112692895230668;
9;42540.0249133124 * level + 584536.214572971 * compressionZpaq + 195701.88571552 * compressionLrzip + 132950 * compressionBzip2 + 44757.3072833331 * compression + -38299.4307906541 * compressionLzo + 11989.9552411829 * encryption + 3913.56294965766 * level7 + 3334.97508668754 * level9 + 534.808943124917 * level3;1.42061675190631;1.42061675190631;1.42061675190631;1.42061675190631;0.542997;10;534.808943124917 * level3;1;0.138856849575702;
10;42145.1571435311 * level + 584483.733441149 * compressionZpaq + 195660.425533647 * compressionLrzip + 132950.000000001 * compressionBzip2 + 44947.4977616677 * compression + -38254.8934741902 * compressionLzo + 11879.7457416944 * encryption + 4255.35569674187 * level7 + 3729.84285646856 * level9 + 847.072116138012 * level3 + 1447.84528978661 * level5;1.20485316766874;1.20485316766874;1.20485316766874;1.20485316766874;0.722581;11;1447.84528978661 * level5;1;0.215763584237569;
11;41689.1019113377 * level + 584453.789574847 * compressionZpaq + 195619.492583489 * compressionLrzip + 132950 * compressionBzip2 + 45113.9989575034 * compression + -38180.9637734798 * compressionLzo + 11989.6365802349 * encryption + 4527.09249151354 * level7 + 4185.89808866255 * level9 + 1111.6245995286 * level3 + 1841.10575709954 * level5 + 3450.89808866243 * level8;0.980042662621418;0.980042662621418;0.980042662621418;0.980042662621418;0.931075;12;3450.89808866243 * level8;1;0.224810505047318;
Elapsed=00:00:00.9314759
Learning progress:
1;91756.4864864865 * level + 584943.513513512 * compressionZpaq;55.1364778925186;55.1364778925186;55.1364778925186;55.1364778925186;0.00612;2;584943.513513512 * compressionZpaq;1;61.8130384254571;
2;70989.1044776119 * level + 605710.895522387 * compressionZpaq + 219540.895522389 * compressionLrzip;31.1162256927742;31.1162256927742;31.1162256927742;31.1162256927742;0.016657;3;219540.895522389 * compressionLrzip;1;24.0202521997445;
3;56068.0327868852 * level + 620631.967213116 * compressionZpaq + 234461.967213115 * compressionLrzip + 166618.633879781 * compressionBzip2;9.88158132823754;9.88158132823754;9.88158132823754;9.88158132823754;0.03743;4;166618.633879781 * compressionBzip2;1;21.2346443645366;
4;56236.1666666669 * level + 620463.833333332 * compressionZpaq + 234293.833333333 * compressionLrzip + 166450.499999999 * compressionBzip2 + -10256.1666666665 * level9;8.77287486899377;8.77287486899377;8.77287486899377;8.77287486899377;0.068864;5;-10256.1666666665 * level9;1;1.10870645924377;
5;56236.1666666667 * level + 620463.833333333 * compressionZpaq + 234293.833333334 * compressionLrzip + 164051.833333334 * compressionBzip2 + -10256.1666666668 * level9 + 14392.0000000005 * compressionBzip2 * encryption;8.0624643343058;8.0624643343058;8.0624643343058;8.0624643343058;0.114926;7;14392.0000000005 * compressionBzip2 * encryption;2;0.355205267343982;
6;50467.1153846155 * level + 626232.884615384 * compressionZpaq + 240062.884615385 * compressionLrzip + 169820.884615384 * compressionBzip2 + -4487.11538461569 * level9 + 14392.0000000001 * compressionBzip2 * encryption + 43267.8846153848 * compressionGzip;7.79403594945864;7.79403594945864;7.79403594945864;7.79403594945864;0.183622;8;43267.8846153848 * compressionGzip;1;0.268428384847164;
7;45781.9640122512 * level + 626045.478560491 * compressionZpaq + 237787.239663094 * compressionLrzip + 174506.035987749 * compressionBzip2 + 198.035987748968 * level9 + 2210.60643185316 * compressionBzip2 * encryption + 41862.3392036753 * compressionGzip + 12181.393568147 * encryption;3.9408522874246;3.9408522874246;3.9408522874246;3.9408522874246;0.27792;9;12181.393568147 * encryption;1;3.85318366203404;
8;43214.0470652799 * level + 621607.638608687 * compressionZpaq + 233443.44909319 * compressionLrzip + 169848.74747818 * compressionBzip2 + 2765.9529347211 * level9 + 2759.22782626799 * compressionBzip2 * encryption + 37479.3613913137 * compressionGzip + 11632.7721737316 * encryption + 7225.2054565409 * compression;2.19509918942016;2.19509918942016;2.19509918942016;2.19509918942016;0.405511;10;7225.2054565409 * compression;1;1.74575309800444;
9;42535.5411917347 * level + 622719.060729809 * compressionZpaq + 234563.721290923 * compressionLrzip + 170939.519420541 * compressionBzip2 + 3444.45880826513 * level9 + 2810.85327316895 * compressionBzip2 * encryption + 38595.9460571256 * compressionGzip + 11581.1467268312 * encryption + 6812.93938772435 * compression + 3713.34464489029 * level7;1.43658346531835;1.43658346531835;1.43658346531835;1.43658346531835;0.558351;11;3713.34464489029 * level7;1;0.758515724101817;
10;42362.8573658455 * level + 622589.974490232 * compressionZpaq + 234461.650143298 * compressionLrzip + 170902.333767753 * compressionBzip2 + 3617.14263415323 * level9 + 2523.00088069504 * compressionBzip2 * encryption + 38603.6622159844 * compressionGzip + 11520.39356629 * encryption + 6790.40516439063 * compression + 3583.6873339066 * level7 + 581.009255025874 * disableCompressibilityTesting;1.31707233611498;1.31707233611498;1.31707233611498;1.31707233611498;0.74804;12;581.009255025874 * disableCompressibilityTesting;1;0.119511129203369;
11;42447.7843205894 * level + 622970.774826109 * compressionZpaq + 234888.940815624 * compressionLrzip + 171183.281605251 * compressionBzip2 + 3532.21567941069 * level9 + 2769.39776914079 * compressionBzip2 * encryption + 39018.3201595843 * compressionGzip + 11254.5905328352 * encryption + 6411.59294214385 * compression + 3553.36198657869 * level7 + 613.352830040424 * disableCompressibilityTesting + 906.754728887965 * encryption * compressionLzo;1.2198900075256;1.2198900075256;1.2198900075256;1.2198900075256;0.975813;14;906.754728887965 * encryption * compressionLzo;2;0.0485911642946917;
Elapsed=00:00:00.9762613
Learning progress:
1;92403.1944444444 * level + 586391.091269841 * compressionZpaq;65.4927145631314;65.4927145631314;65.4927145631314;65.4927145631314;0.004938;2;586391.091269841 * compressionZpaq;1;78.9598077306196;
2;71063.2307692308 * level + 607731.054945054 * compressionZpaq + 219496.769230769 * compressionLrzip;40.9727533037595;40.9727533037595;40.9727533037595;40.9727533037595;0.015967;3;219496.769230769 * compressionLrzip;1;24.5199612593719;
3;55281.3559322033 * level + 623512.929782082 * compressionZpaq + 235278.644067797 * compressionLrzip + 170970.310734463 * compressionBzip2;15.6932847611927;15.6932847611927;15.6932847611927;15.6932847611927;0.035016;4;170970.310734463 * compressionBzip2;1;25.2794685425668;
4;51412.8301886793 * level + 627381.455525607 * compressionZpaq + 239147.169811321 * compressionLrzip + 174838.836477987 * compressionBzip2 + 38040.5031446542 * compressionGzip;7.5476338870955;7.5476338870955;7.5476338870955;7.5476338870955;0.066805;5;38040.5031446542 * compressionGzip;1;8.14565087409722;
5;45311.3179083977 * level + 626091.421500633 * compressionZpaq + 237857.135786346 * compressionLrzip + 174472.745741171 * compressionBzip2 + 41986.147752569 * compressionGzip + 12935.2060341968 * encryption;5.13844379321393;5.13844379321393;5.13844379321393;5.13844379321393;0.112623;6;12935.2060341968 * encryption;1;2.40919009388157;
6;43352.8801387129 * level + 621519.391142701 * compressionZpaq + 233285.105428416 * compressionLrzip + 169833.961866231 * compressionBzip2 + 37035.8474649224 * compressionGzip + 12000.6567960747 * encryption + 7064.49626368566 * compression;3.47334149352408;3.47334149352408;3.47334149352408;3.47334149352408;0.180699;7;7064.49626368566 * compression;1;1.66510229968985;
7;42668.4848807651 * level + 622990.519097135 * compressionZpaq + 234756.23338285 * compressionLrzip + 171291.506653183 * compressionBzip2 + 38430.0041369588 * compressionGzip + 11810.492451327 * encryption + 6386.42890705534 * compression + 3802.30497923454 * level7;3.08334991203353;3.08334991203353;3.08334991203353;3.08334991203353;0.271172;8;3802.30497923454 * level7;1;0.389991581490557;
8;43387.5024960767 * level + 622869.260854358 * compressionZpaq + 234634.975140072 * compressionLrzip + 172390.371718707 * compressionBzip2 + 39332.2684642207 * compressionGzip + 11220.690236541 * encryption + 6125.69937154252 * compression + 3550.68196870005 * level7 + -7573.51222758008 * level1;2.83469285276293;2.83469285276293;2.83469285276293;2.83469285276293;0.382451;9;-7573.51222758008 * level1;1;0.248657059270597;
9;43332.230742451 * level + 623376.228086344 * compressionZpaq + 235141.942372058 * compressionLrzip + 172892.002829661 * compressionBzip2 + 39831.3754652633 * compressionGzip + 11213.1179068083 * encryption + 5678.33093874318 * compression + 3833.96498428685 * level7 + -7544.74078555335 * level1 + 1429.56757472082 * compression * level2;2.50326354067313;2.50326354067313;2.50326354067313;2.50326354067313;0.521103;11;1429.56757472082 * compression * level2;2;0.165714656044898;
10;43509.8434412337 * level + 623306.428914187 * compressionZpaq + 235072.143199901 * compressionLrzip + 172839.543457553 * compressionBzip2 + 39788.5872207642 * compressionGzip + 11242.1312896358 * encryption + 5553.93833621588 * compression + 3701.96951086669 * level7 + -7636.34527892226 * level1 + 2278.1818681543 * compression * level2 + -919.242419385195 * level2;2.30570267510734;2.30570267510734;2.30570267510734;2.30570267510734;0.701548;12;-919.242419385195 * level2;1;0.197560865565795;
11;43638.5455480663 * level + 623828.603202757 * compressionZpaq + 235594.317488471 * compressionLrzip + 173375.708726499 * compressionBzip2 + 40343.3199361481 * compressionGzip + 11297.8336289464 * encryption + 4871.23203263555 * compression + 3098.40666396425 * level7 + -7696.41873004525 * level1 + 2955.31793780334 * compression * level2 + -1075.79569587309 * level2 + 1568.76796736432 * level7 * compression;2.09722306582043;2.09722306582043;2.09722306582043;2.09722306582043;0.920196;14;1568.76796736432 * level7 * compression;2;0.104239804643456;
12;43579.4948202821 * level + 623844.572241429 * compressionZpaq + 235610.286527143 * compressionLrzip + 173393.205238434 * compressionBzip2 + 40416.7080834346 * compressionGzip + 11465.5085350002 * encryption + 4818.49948971783 * compression + 3061.64315971731 * level7 + -7633.72289560856 * level1 + 3100.01902880016 * compression * level2 + -556.90222768955 * level2 + 1621.50051028168 * level7 * compression + -1087.36038685196 * level2 * encryption;1.98749545486269;1.98749545486269;1.98749545486269;1.98749545486269;1.199317;16;-1087.36038685196 * level2 * encryption;2;0.0548638054788669;
Elapsed=00:00:01.1997523
Learning progress:
1;101197.222222222 * level + 576954.027777778 * compressionZpaq;104.008312770979;104.008312770979;104.008312770979;104.008312770979;0.004996;2;576954.027777778 * compressionZpaq;1;117.060201428068;
2;49393.3333333333 * level + 539951.25 * compressionZpaq + 88806.6666666665 * compression;59.7461585042083;59.7461585042083;59.7461585042083;59.7461585042083;0.015869;3;88806.6666666665 * compression;1;44.2621542667703;
3;49393.3333333332 * level + 473166.902173912 * compressionZpaq + 155591.014492754 * compression + -147628.558352403 * compressionLzo;26.4557219861988;26.4557219861988;26.4557219861988;26.4557219861988;0.038014;4;-147628.558352403 * compressionLzo;1;33.2904365180094;
4;49393.3333333333 * level + 424245.625 * compressionZpaq + 204512.291666667 * compression + -196549.835526316 * compressionLzo + -160741.339285714 * compressionGzip;13.6495153082255;13.6495153082255;13.6495153082255;13.6495153082255;0.072811;5;-160741.339285714 * compressionGzip;1;12.8062066779734;
5;43634.224922207 * level + 423525.73644861 * compressionZpaq + 205232.180218057 * compression + -198179.056984726 * compressionLzo + -160638.498064087 * compressionGzip + 11518.2168222524 * encryption;4.57988042692528;4.57988042692528;4.57988042692528;4.57988042692528;0.121448;6;11518.2168222524 * encryption;1;9.0696348813002;
6;43535.2188250033 * level + 450934.792832408 * compressionZpaq + 177823.123834259 * compression + -170785.633142592 * compressionLzo + -133215.297952117 * compressionGzip + 11716.2290166602 * encryption + 62677.5591907401 * compressionLrzip;3.97869476919314;3.97869476919314;3.97869476919314;3.97869476919314;0.188791;7;62677.5591907401 * compressionLrzip;1;0.601185657732137;
7;42692.337268521 * level + 450935.060561176 * compressionZpaq + 178668.147220886 * compression + -171928.98797047 * compressionLzo + -133215.37444605 * compressionGzip + 11711.4098988333 * encryption + 62677.4826968072 * compressionLrzip + 3622.67620883813 * level7;3.49914071170813;3.49914071170813;3.49914071170813;3.49914071170813;0.275488;8;3622.67620883813 * level7;1;0.479554057485016;
8;42524.5948604211 * level + 450930.509358223 * compressionZpaq + 178799.480005366 * compression + -171965.181513238 * compressionLzo + -133214.07410235 * compressionGzip + 11793.3315519788 * encryption + 62678.7830405075 * compressionLrzip + 3702.39653830021 * level7 + 3245.40513957944 * level9;3.17718462188036;3.17718462188036;3.17718462188036;3.17718462188036;0.393749;9;3245.40513957944 * level9;1;0.321956089827769;
9;42448.8634686609 * level + 450933.626929281 * compressionZpaq + 178900.151965584 * compression + -172776.619063499 * compressionLzo + -133214.964836937 * compressionGzip + 11737.2152729491 * encryption + 62677.8923059198 * compressionLrzip + 4136.39004494241 * level7 + 3321.13653133852 * level9 + 2159.46011395428 * compressionLzo * level2;2.81425571627812;2.81425571627812;2.81425571627812;2.81425571627812;0.53571;11;2159.46011395428 * compressionLzo * level2;2;0.181464452801121;
10;42541.5236884913 * level + 450943.660757229 * compressionZpaq + 178887.762369335 * compression + -172761.088442849 * compressionLzo + -135325.937650299 * compressionGzip + 11556.60636989 * encryption + 62675.0254979348 * compressionLrzip + 4139.53106934366 * level7 + 3228.47631150868 * level9 + 2184.06480509569 * compressionLzo * level2 + 4918.91401254595 * compressionGzip * disableCompressibilityTesting;2.56794635608091;2.56794635608091;2.56794635608091;2.56794635608091;0.722181;13;4918.91401254595 * compressionGzip * disableCompressibilityTesting;2;0.123154680098601;
11;42816.8927337792 * level + 450942.487473592 * compressionZpaq + 178603.007054959 * compression + -172672.52425094 * compressionLzo + -135321.831157573 * compressionGzip + 11577.725475339 * encryption + 62675.3607218308 * compressionLrzip + 3943.33994687598 * level7 + 2953.1072662209 * level9 + 3080.68619832989 * compressionLzo * level2 + 4910.11438527557 * compressionGzip * disableCompressibilityTesting + -989.878719687188 * level2;2.44660303764018;2.44660303764018;2.44660303764018;2.44660303764018;0.944303;14;-989.878719687188 * level2;1;0.121343318440728;
12;42932.4043465591 * level + 450941.536231733 * compressionZpaq + 178479.885507307 * compression + -172939.345756038 * compressionLzo + -135318.501811066 * compressionGzip + 11594.847828802 * encryption + 62675.6325052191 * compressionLrzip + 3553.39689412551 * level7 + 2837.59565344115 * level9 + 3468.99855075082 * compressionLzo * level2 + 4902.98007133226 * compressionGzip * disableCompressibilityTesting + -1115.17453444601 * level2 + 964.568426979472 * level7 * compression;2.36898088578546;2.36898088578546;2.36898088578546;2.36898088578546;1.210337;16;964.568426979472 * level7 * compression;2;0.0388110759273612;
Elapsed=00:00:01.2107303
Learning progress:
1;94580.4109589041 * level + 583817.922374428 * compressionZpaq;67.6182432031817;67.6182432031817;67.6182432031817;67.6182432031817;0.005256;2;583817.922374428 * compressionZpaq;1;80.1818947613504;
2;77282.9850746268 * level + 601115.348258707 * compressionZpaq + 210452.014925373 * compressionLrzip;37.1656661832897;37.1656661832897;37.1656661832897;37.1656661832897;0.016487;3;210452.014925373 * compressionLrzip;1;30.452577019892;
3;56732.5423728814 * level + 621665.790960452 * compressionZpaq + 231002.45762712 * compressionLrzip + 172109.957627119 * compressionBzip2;10.8813129677977;10.8813129677977;10.8813129677977;10.8813129677977;0.03623;4;172109.957627119 * compressionBzip2;1;26.284353215492;
4;56922.4137931036 * level + 621475.919540229 * compressionZpaq + 230812.586206895 * compressionLrzip + 171920.086206896 * compressionBzip2 + -11202.4137931038 * level6;9.58399457474197;9.58399457474197;9.58399457474197;9.58399457474197;0.06702;5;-11202.4137931038 * level6;1;1.29731839305569;
5;57097.3684210525 * level + 621300.964912281 * compressionZpaq + 230637.631578948 * compressionLrzip + 171745.131578948 * compressionBzip2 + -11377.3684210524 * level6 + -10147.3684210525 * level8;8.48947161161516;8.48947161161516;8.48947161161516;8.48947161161516;0.113358;6;-10147.3684210525 * level8;1;1.09452296312681;
6;58501.3333333334 * level + 619897 * compressionZpaq + 229233.666666667 * compressionLrzip + 170341.166666667 * compressionBzip2 + -12781.3333333332 * level6 + -11551.3333333333 * level8 + -6668.83333333317 * level2;8.18918573343071;8.18918573343071;8.18918573343071;8.18918573343071;0.181083;7;-6668.83333333317 * level2;1;0.30028587818445;
7;58501.3333333334 * level + 619897 * compressionZpaq + 229233.666666666 * compressionLrzip + 170341.166666666 * compressionBzip2 + -12781.3333333334 * level6 + -11551.3333333335 * level8 + -10969.9047619046 * level2 + 10322.5714285718 * level2 * encryption;7.75205704495241;7.75205704495241;7.75205704495241;7.75205704495241;0.2626;9;10322.5714285718 * level2 * encryption;2;0.218564344239151;
8;58501.3333333335 * level + 619897 * compressionZpaq + 229233.666666667 * compressionLrzip + 170341.166666667 * compressionBzip2 + -12781.3333333333 * level6 + -11551.3333333332 * level8 + -16282.1176470589 * level2 + 10056.9607843137 * level2 * encryption + 9296.37254901946 * level2 * compressionLzo;6.36404992822662;6.36404992822662;6.36404992822662;6.36404992822662;0.373021;11;9296.37254901946 * level2 * compressionLzo;2;0.694003558362891;
9;58501.3333333334 * level + 619897 * compressionZpaq + 225456.166666667 * compressionLrzip + 170341.166666667 * compressionBzip2 + -12781.3333333333 * level6 + -11551.3333333334 * level8 + -16282.1176470589 * level2 + 10056.9607843136 * level2 * encryption + 9296.37254901945 * level2 * compressionLzo + 11332.5000000007 * compressionLrzip * encryption;6.10853699871902;6.10853699871902;6.10853699871902;6.10853699871902;0.519278;13;11332.5000000007 * compressionLrzip * encryption;2;0.127756464753802;
Elapsed=00:00:00.5195767
Learning progress:
1;88569.0410958904 * level + 589794.292237442 * compressionZpaq;58.5001031522851;58.5001031522851;58.5001031522851;58.5001031522851;0.004856;2;589794.292237442 * compressionZpaq;1;66.090507564331;
2;73704.4117647058 * level + 604658.921568628 * compressionZpaq + 217023.588235294 * compressionLrzip;34.4217993284732;34.4217993284732;34.4217993284732;34.4217993284732;0.01731;3;217023.588235294 * compressionLrzip;1;24.078303823812;
3;56049.1803278688 * level + 622314.153005466 * compressionZpaq + 234678.819672132 * compressionLrzip + 171507.962529274 * compressionBzip2;14.4397207858693;14.4397207858693;14.4397207858693;14.4397207858693;0.037863;4;171507.962529274 * compressionBzip2;1;19.9820785426039;
4;48662.2857142858 * level + 612370.256410256 * compressionZpaq + 224734.923076923 * compressionLrzip + 161564.065934066 * compressionBzip2 + 17330.7912087912 * compression;9.49999971394002;9.49999971394002;9.49999971394002;9.49999971394002;0.071901;5;17330.7912087912 * compression;1;4.93972107192927;
5;48662.2857142857 * level + 583756.190476191 * compressionZpaq + 196120.857142858 * compressionLrzip + 132950.000000001 * compressionBzip2 + 45944.8571428569 * compression + -39156.0902255638 * compressionLzo;7.25429390380915;7.25429390380915;7.25429390380915;7.25429390380915;0.123401;6;-39156.0902255638 * compressionLzo;1;2.24570581013087;
6;43407.9779971884 * level + 584631.90842904 * compressionZpaq + 195770.569961717 * compressionLrzip + 132950 * compressionBzip2 + 44193.4212371582 * compression + -37312.4734827227 * compressionLzo + 12260.0513398937 * encryption;2.68586936946136;2.68586936946136;2.68586936946136;2.68586936946136;0.193184;7;12260.0513398937 * encryption;1;4.56842453434779;
7;42940.9679613837 * level + 584606.513483577 * compressionZpaq + 195780.727939902 * compressionLrzip + 132950 * compressionBzip2 + 44863.5908366661 * compression + -38506.8991468748 * compressionLzo + 11904.5221034127 * encryption + 3613.04830006309 * level7;1.67216649671267;1.67216649671267;1.67216649671267;1.67216649671267;0.285526;8;3613.04830006309 * level7;1;1.01370287274869;
8;42686.1669532025 * level + 584615.960951794 * compressionZpaq + 195776.948952616 * compressionLrzip + 132950 * compressionBzip2 + 45042.8120991186 * compression + -38516.2939962818 * compressionLzo + 12036.7866584388 * encryption + 3705.78177795645 * level7 + 3188.83304679771 * level9;1.55947360148201;1.55947360148201;1.55947360148201;1.55947360148201;0.410684;9;3188.83304679771 * level9;1;0.112692895230668;
Elapsed=00:00:00.4110418
Learning progress:
1;91756.4864864865 * level + 584943.513513512 * compressionZpaq;55.1364778925186;55.1364778925186;55.1364778925186;55.1364778925186;0.006937;2;584943.513513512 * compressionZpaq;1;61.8130384254571;
2;70989.1044776119 * level + 605710.895522387 * compressionZpaq + 219540.895522389 * compressionLrzip;31.1162256927742;31.1162256927742;31.1162256927742;31.1162256927742;0.017285;3;219540.895522389 * compressionLrzip;1;24.0202521997445;
3;56068.0327868852 * level + 620631.967213116 * compressionZpaq + 234461.967213115 * compressionLrzip + 166618.633879781 * compressionBzip2;9.88158132823754;9.88158132823754;9.88158132823754;9.88158132823754;0.037523;4;166618.633879781 * compressionBzip2;1;21.2346443645366;
4;56236.1666666669 * level + 620463.833333332 * compressionZpaq + 234293.833333333 * compressionLrzip + 166450.499999999 * compressionBzip2 + -10256.1666666665 * level9;8.77287486899377;8.77287486899377;8.77287486899377;8.77287486899377;0.069675;5;-10256.1666666665 * level9;1;1.10870645924377;
5;56236.1666666667 * level + 620463.833333333 * compressionZpaq + 234293.833333334 * compressionLrzip + 164051.833333334 * compressionBzip2 + -10256.1666666668 * level9 + 14392.0000000005 * compressionBzip2 * encryption;8.0624643343058;8.0624643343058;8.0624643343058;8.0624643343058;0.115738;7;14392.0000000005 * compressionBzip2 * encryption;2;0.355205267343982;
6;50467.1153846155 * level + 626232.884615384 * compressionZpaq + 240062.884615385 * compressionLrzip + 169820.884615384 * compressionBzip2 + -4487.11538461569 * level9 + 14392.0000000001 * compressionBzip2 * encryption + 43267.8846153848 * compressionGzip;7.79403594945864;7.79403594945864;7.79403594945864;7.79403594945864;0.183769;8;43267.8846153848 * compressionGzip;1;0.268428384847164;
7;45781.9640122512 * level + 626045.478560491 * compressionZpaq + 237787.239663094 * compressionLrzip + 174506.035987749 * compressionBzip2 + 198.035987748968 * level9 + 2210.60643185316 * compressionBzip2 * encryption + 41862.3392036753 * compressionGzip + 12181.393568147 * encryption;3.9408522874246;3.9408522874246;3.9408522874246;3.9408522874246;0.273887;9;12181.393568147 * encryption;1;3.85318366203404;
8;43214.0470652799 * level + 621607.638608687 * compressionZpaq + 233443.44909319 * compressionLrzip + 169848.74747818 * compressionBzip2 + 2765.9529347211 * level9 + 2759.22782626799 * compressionBzip2 * encryption + 37479.3613913137 * compressionGzip + 11632.7721737316 * encryption + 7225.2054565409 * compression;2.19509918942016;2.19509918942016;2.19509918942016;2.19509918942016;0.395276;10;7225.2054565409 * compression;1;1.74575309800444;
9;42535.5411917347 * level + 622719.060729809 * compressionZpaq + 234563.721290923 * compressionLrzip + 170939.519420541 * compressionBzip2 + 3444.45880826513 * level9 + 2810.85327316895 * compressionBzip2 * encryption + 38595.9460571256 * compressionGzip + 11581.1467268312 * encryption + 6812.93938772435 * compression + 3713.34464489029 * level7;1.43658346531835;1.43658346531835;1.43658346531835;1.43658346531835;0.547304;11;3713.34464489029 * level7;1;0.758515724101817;
10;42362.8573658455 * level + 622589.974490232 * compressionZpaq + 234461.650143298 * compressionLrzip + 170902.333767753 * compressionBzip2 + 3617.14263415323 * level9 + 2523.00088069504 * compressionBzip2 * encryption + 38603.6622159844 * compressionGzip + 11520.39356629 * encryption + 6790.40516439063 * compression + 3583.6873339066 * level7 + 581.009255025874 * disableCompressibilityTesting;1.31707233611498;1.31707233611498;1.31707233611498;1.31707233611498;0.733068;12;581.009255025874 * disableCompressibilityTesting;1;0.119511129203369;
Elapsed=00:00:00.7334877
Learning progress:
1;92403.1944444444 * level + 586391.091269841 * compressionZpaq;65.4927145631314;65.4927145631314;65.4927145631314;65.4927145631314;0.004531;2;586391.091269841 * compressionZpaq;1;78.9598077306196;
2;71063.2307692308 * level + 607731.054945054 * compressionZpaq + 219496.769230769 * compressionLrzip;40.9727533037595;40.9727533037595;40.9727533037595;40.9727533037595;0.015875;3;219496.769230769 * compressionLrzip;1;24.5199612593719;
3;55281.3559322033 * level + 623512.929782082 * compressionZpaq + 235278.644067797 * compressionLrzip + 170970.310734463 * compressionBzip2;15.6932847611927;15.6932847611927;15.6932847611927;15.6932847611927;0.033862;4;170970.310734463 * compressionBzip2;1;25.2794685425668;
4;51412.8301886793 * level + 627381.455525607 * compressionZpaq + 239147.169811321 * compressionLrzip + 174838.836477987 * compressionBzip2 + 38040.5031446542 * compressionGzip;7.5476338870955;7.5476338870955;7.5476338870955;7.5476338870955;0.065783;5;38040.5031446542 * compressionGzip;1;8.14565087409722;
5;45311.3179083977 * level + 626091.421500633 * compressionZpaq + 237857.135786346 * compressionLrzip + 174472.745741171 * compressionBzip2 + 41986.147752569 * compressionGzip + 12935.2060341968 * encryption;5.13844379321393;5.13844379321393;5.13844379321393;5.13844379321393;0.110451;6;12935.2060341968 * encryption;1;2.40919009388157;
6;43352.8801387129 * level + 621519.391142701 * compressionZpaq + 233285.105428416 * compressionLrzip + 169833.961866231 * compressionBzip2 + 37035.8474649224 * compressionGzip + 12000.6567960747 * encryption + 7064.49626368566 * compression;3.47334149352408;3.47334149352408;3.47334149352408;3.47334149352408;0.177469;7;7064.49626368566 * compression;1;1.66510229968985;
7;42668.4848807651 * level + 622990.519097135 * compressionZpaq + 234756.23338285 * compressionLrzip + 171291.506653183 * compressionBzip2 + 38430.0041369588 * compressionGzip + 11810.492451327 * encryption + 6386.42890705534 * compression + 3802.30497923454 * level7;3.08334991203353;3.08334991203353;3.08334991203353;3.08334991203353;0.267365;8;3802.30497923454 * level7;1;0.389991581490557;
8;43387.5024960767 * level + 622869.260854358 * compressionZpaq + 234634.975140072 * compressionLrzip + 172390.371718707 * compressionBzip2 + 39332.2684642207 * compressionGzip + 11220.690236541 * encryption + 6125.69937154252 * compression + 3550.68196870005 * level7 + -7573.51222758008 * level1;2.83469285276293;2.83469285276293;2.83469285276293;2.83469285276293;0.380103;9;-7573.51222758008 * level1;1;0.248657059270597;
9;43332.230742451 * level + 623376.228086344 * compressionZpaq + 235141.942372058 * compressionLrzip + 172892.002829661 * compressionBzip2 + 39831.3754652633 * compressionGzip + 11213.1179068083 * encryption + 5678.33093874318 * compression + 3833.96498428685 * level7 + -7544.74078555335 * level1 + 1429.56757472082 * compression * level2;2.50326354067313;2.50326354067313;2.50326354067313;2.50326354067313;0.516342;11;1429.56757472082 * compression * level2;2;0.165714656044898;
Elapsed=00:00:00.5167172
Learning progress:
1;101197.222222222 * level + 576954.027777778 * compressionZpaq;104.008312770979;104.008312770979;104.008312770979;104.008312770979;0.004627;2;576954.027777778 * compressionZpaq;1;117.060201428068;
2;49393.3333333333 * level + 539951.25 * compressionZpaq + 88806.6666666665 * compression;59.7461585042083;59.7461585042083;59.7461585042083;59.7461585042083;0.016179;3;88806.6666666665 * compression;1;44.2621542667703;
3;49393.3333333332 * level + 473166.902173912 * compressionZpaq + 155591.014492754 * compression + -147628.558352403 * compressionLzo;26.4557219861988;26.4557219861988;26.4557219861988;26.4557219861988;0.038145;4;-147628.558352403 * compressionLzo;1;33.2904365180094;
4;49393.3333333333 * level + 424245.625 * compressionZpaq + 204512.291666667 * compression + -196549.835526316 * compressionLzo + -160741.339285714 * compressionGzip;13.6495153082255;13.6495153082255;13.6495153082255;13.6495153082255;0.071332;5;-160741.339285714 * compressionGzip;1;12.8062066779734;
5;43634.224922207 * level + 423525.73644861 * compressionZpaq + 205232.180218057 * compression + -198179.056984726 * compressionLzo + -160638.498064087 * compressionGzip + 11518.2168222524 * encryption;4.57988042692528;4.57988042692528;4.57988042692528;4.57988042692528;0.117796;6;11518.2168222524 * encryption;1;9.0696348813002;
6;43535.2188250033 * level + 450934.792832408 * compressionZpaq + 177823.123834259 * compression + -170785.633142592 * compressionLzo + -133215.297952117 * compressionGzip + 11716.2290166602 * encryption + 62677.5591907401 * compressionLrzip;3.97869476919314;3.97869476919314;3.97869476919314;3.97869476919314;0.185595;7;62677.5591907401 * compressionLrzip;1;0.601185657732137;
7;42692.337268521 * level + 450935.060561176 * compressionZpaq + 178668.147220886 * compression + -171928.98797047 * compressionLzo + -133215.37444605 * compressionGzip + 11711.4098988333 * encryption + 62677.4826968072 * compressionLrzip + 3622.67620883813 * level7;3.49914071170813;3.49914071170813;3.49914071170813;3.49914071170813;0.271634;8;3622.67620883813 * level7;1;0.479554057485016;
8;42524.5948604211 * level + 450930.509358223 * compressionZpaq + 178799.480005366 * compression + -171965.181513238 * compressionLzo + -133214.07410235 * compressionGzip + 11793.3315519788 * encryption + 62678.7830405075 * compressionLrzip + 3702.39653830021 * level7 + 3245.40513957944 * level9;3.17718462188036;3.17718462188036;3.17718462188036;3.17718462188036;0.380295;9;3245.40513957944 * level9;1;0.321956089827769;
9;42448.8634686609 * level + 450933.626929281 * compressionZpaq + 178900.151965584 * compression + -172776.619063499 * compressionLzo + -133214.964836937 * compressionGzip + 11737.2152729491 * encryption + 62677.8923059198 * compressionLrzip + 4136.39004494241 * level7 + 3321.13653133852 * level9 + 2159.46011395428 * compressionLzo * level2;2.81425571627812;2.81425571627812;2.81425571627812;2.81425571627812;0.516664;11;2159.46011395428 * compressionLzo * level2;2;0.181464452801121;
Elapsed=00:00:00.5169712
Learning progress:
1;94580.4109589041 * level + 583817.922374428 * compressionZpaq;67.6182432031817;67.6182432031817;67.6182432031817;67.6182432031817;0.003967;2;583817.922374428 * compressionZpaq;1;80.1818947613504;
2;77282.9850746268 * level + 601115.348258707 * compressionZpaq + 210452.014925373 * compressionLrzip;37.1656661832897;37.1656661832897;37.1656661832897;37.1656661832897;0.015899;3;210452.014925373 * compressionLrzip;1;30.452577019892;
3;56732.5423728814 * level + 621665.790960452 * compressionZpaq + 231002.45762712 * compressionLrzip + 172109.957627119 * compressionBzip2;10.8813129677977;10.8813129677977;10.8813129677977;10.8813129677977;0.03505;4;172109.957627119 * compressionBzip2;1;26.284353215492;
4;56922.4137931036 * level + 621475.919540229 * compressionZpaq + 230812.586206895 * compressionLrzip + 171920.086206896 * compressionBzip2 + -11202.4137931038 * level6;9.58399457474197;9.58399457474197;9.58399457474197;9.58399457474197;0.066194;5;-11202.4137931038 * level6;1;1.29731839305569;
5;57097.3684210525 * level + 621300.964912281 * compressionZpaq + 230637.631578948 * compressionLrzip + 171745.131578948 * compressionBzip2 + -11377.3684210524 * level6 + -10147.3684210525 * level8;8.48947161161516;8.48947161161516;8.48947161161516;8.48947161161516;0.110911;6;-10147.3684210525 * level8;1;1.09452296312681;
6;58501.3333333334 * level + 619897 * compressionZpaq + 229233.666666667 * compressionLrzip + 170341.166666667 * compressionBzip2 + -12781.3333333332 * level6 + -11551.3333333333 * level8 + -6668.83333333317 * level2;8.18918573343071;8.18918573343071;8.18918573343071;8.18918573343071;0.171439;7;-6668.83333333317 * level2;1;0.30028587818445;
Elapsed=00:00:00.1716741
Learning progress:
1;88569.0410958904 * level + 589794.292237442 * compressionZpaq;58.5001031522851;58.5001031522851;58.5001031522851;58.5001031522851;0.004073;2;589794.292237442 * compressionZpaq;1;66.090507564331;
2;73704.4117647058 * level + 604658.921568628 * compressionZpaq + 217023.588235294 * compressionLrzip;34.4217993284732;34.4217993284732;34.4217993284732;34.4217993284732;0.015676;3;217023.588235294 * compressionLrzip;1;24.078303823812;
3;56049.1803278688 * level + 622314.153005466 * compressionZpaq + 234678.819672132 * compressionLrzip + 171507.962529274 * compressionBzip2;14.4397207858693;14.4397207858693;14.4397207858693;14.4397207858693;0.03709;4;171507.962529274 * compressionBzip2;1;19.9820785426039;
4;48662.2857142858 * level + 612370.256410256 * compressionZpaq + 224734.923076923 * compressionLrzip + 161564.065934066 * compressionBzip2 + 17330.7912087912 * compression;9.49999971394002;9.49999971394002;9.49999971394002;9.49999971394002;0.070389;5;17330.7912087912 * compression;1;4.93972107192927;
5;48662.2857142857 * level + 583756.190476191 * compressionZpaq + 196120.857142858 * compressionLrzip + 132950.000000001 * compressionBzip2 + 45944.8571428569 * compression + -39156.0902255638 * compressionLzo;7.25429390380915;7.25429390380915;7.25429390380915;7.25429390380915;0.121881;6;-39156.0902255638 * compressionLzo;1;2.24570581013087;
6;43407.9779971884 * level + 584631.90842904 * compressionZpaq + 195770.569961717 * compressionLrzip + 132950 * compressionBzip2 + 44193.4212371582 * compression + -37312.4734827227 * compressionLzo + 12260.0513398937 * encryption;2.68586936946136;2.68586936946136;2.68586936946136;2.68586936946136;0.192193;7;12260.0513398937 * encryption;1;4.56842453434779;
7;42940.9679613837 * level + 584606.513483577 * compressionZpaq + 195780.727939902 * compressionLrzip + 132950 * compressionBzip2 + 44863.5908366661 * compression + -38506.8991468748 * compressionLzo + 11904.5221034127 * encryption + 3613.04830006309 * level7;1.67216649671267;1.67216649671267;1.67216649671267;1.67216649671267;0.284533;8;3613.04830006309 * level7;1;1.01370287274869;
8;42686.1669532025 * level + 584615.960951794 * compressionZpaq + 195776.948952616 * compressionLrzip + 132950 * compressionBzip2 + 45042.8120991186 * compression + -38516.2939962818 * compressionLzo + 12036.7866584388 * encryption + 3705.78177795645 * level7 + 3188.83304679771 * level9;1.55947360148201;1.55947360148201;1.55947360148201;1.55947360148201;0.402067;9;3188.83304679771 * level9;1;0.112692895230668;
Elapsed=00:00:00.4024069
Learning progress:
1;91756.4864864865 * level + 584943.513513512 * compressionZpaq;55.1364778925186;55.1364778925186;55.1364778925186;55.1364778925186;0.004795;2;584943.513513512 * compressionZpaq;1;61.8130384254571;
2;70989.1044776119 * level + 605710.895522387 * compressionZpaq + 219540.895522389 * compressionLrzip;31.1162256927742;31.1162256927742;31.1162256927742;31.1162256927742;0.016899;3;219540.895522389 * compressionLrzip;1;24.0202521997445;
3;56068.0327868852 * level + 620631.967213116 * compressionZpaq + 234461.967213115 * compressionLrzip + 166618.633879781 * compressionBzip2;9.88158132823754;9.88158132823754;9.88158132823754;9.88158132823754;0.037759;4;166618.633879781 * compressionBzip2;1;21.2346443645366;
4;56236.1666666669 * level + 620463.833333332 * compressionZpaq + 234293.833333333 * compressionLrzip + 166450.499999999 * compressionBzip2 + -10256.1666666665 * level9;8.77287486899377;8.77287486899377;8.77287486899377;8.77287486899377;0.071182;5;-10256.1666666665 * level9;1;1.10870645924377;
5;56236.1666666667 * level + 620463.833333333 * compressionZpaq + 234293.833333334 * compressionLrzip + 164051.833333334 * compressionBzip2 + -10256.1666666668 * level9 + 14392.0000000005 * compressionBzip2 * encryption;8.0624643343058;8.0624643343058;8.0624643343058;8.0624643343058;0.119849;7;14392.0000000005 * compressionBzip2 * encryption;2;0.355205267343982;
Elapsed=00:00:00.1200819
Learning progress:
1;92403.1944444444 * level + 586391.091269841 * compressionZpaq;65.4927145631314;65.4927145631314;65.4927145631314;65.4927145631314;0.005081;2;586391.091269841 * compressionZpaq;1;78.9598077306196;
2;71063.2307692308 * level + 607731.054945054 * compressionZpaq + 219496.769230769 * compressionLrzip;40.9727533037595;40.9727533037595;40.9727533037595;40.9727533037595;0.016998;3;219496.769230769 * compressionLrzip;1;24.5199612593719;
3;55281.3559322033 * level + 623512.929782082 * compressionZpaq + 235278.644067797 * compressionLrzip + 170970.310734463 * compressionBzip2;15.6932847611927;15.6932847611927;15.6932847611927;15.6932847611927;0.03585;4;170970.310734463 * compressionBzip2;1;25.2794685425668;
4;51412.8301886793 * level + 627381.455525607 * compressionZpaq + 239147.169811321 * compressionLrzip + 174838.836477987 * compressionBzip2 + 38040.5031446542 * compressionGzip;7.5476338870955;7.5476338870955;7.5476338870955;7.5476338870955;0.067879;5;38040.5031446542 * compressionGzip;1;8.14565087409722;
5;45311.3179083977 * level + 626091.421500633 * compressionZpaq + 237857.135786346 * compressionLrzip + 174472.745741171 * compressionBzip2 + 41986.147752569 * compressionGzip + 12935.2060341968 * encryption;5.13844379321393;5.13844379321393;5.13844379321393;5.13844379321393;0.113942;6;12935.2060341968 * encryption;1;2.40919009388157;
6;43352.8801387129 * level + 621519.391142701 * compressionZpaq + 233285.105428416 * compressionLrzip + 169833.961866231 * compressionBzip2 + 37035.8474649224 * compressionGzip + 12000.6567960747 * encryption + 7064.49626368566 * compression;3.47334149352408;3.47334149352408;3.47334149352408;3.47334149352408;0.1805;7;7064.49626368566 * compression;1;1.66510229968985;
7;42668.4848807651 * level + 622990.519097135 * compressionZpaq + 234756.23338285 * compressionLrzip + 171291.506653183 * compressionBzip2 + 38430.0041369588 * compressionGzip + 11810.492451327 * encryption + 6386.42890705534 * compression + 3802.30497923454 * level7;3.08334991203353;3.08334991203353;3.08334991203353;3.08334991203353;0.27152;8;3802.30497923454 * level7;1;0.389991581490557;
Elapsed=00:00:00.2718283
Learning progress:
1;101197.222222222 * level + 576954.027777778 * compressionZpaq;104.008312770979;104.008312770979;104.008312770979;104.008312770979;0.005359;2;576954.027777778 * compressionZpaq;1;117.060201428068;
2;49393.3333333333 * level + 539951.25 * compressionZpaq + 88806.6666666665 * compression;59.7461585042083;59.7461585042083;59.7461585042083;59.7461585042083;0.015768;3;88806.6666666665 * compression;1;44.2621542667703;
3;49393.3333333332 * level + 473166.902173912 * compressionZpaq + 155591.014492754 * compression + -147628.558352403 * compressionLzo;26.4557219861988;26.4557219861988;26.4557219861988;26.4557219861988;0.038172;4;-147628.558352403 * compressionLzo;1;33.2904365180094;
4;49393.3333333333 * level + 424245.625 * compressionZpaq + 204512.291666667 * compression + -196549.835526316 * compressionLzo + -160741.339285714 * compressionGzip;13.6495153082255;13.6495153082255;13.6495153082255;13.6495153082255;0.071666;5;-160741.339285714 * compressionGzip;1;12.8062066779734;
5;43634.224922207 * level + 423525.73644861 * compressionZpaq + 205232.180218057 * compression + -198179.056984726 * compressionLzo + -160638.498064087 * compressionGzip + 11518.2168222524 * encryption;4.57988042692528;4.57988042692528;4.57988042692528;4.57988042692528;0.120409;6;11518.2168222524 * encryption;1;9.0696348813002;
6;43535.2188250033 * level + 450934.792832408 * compressionZpaq + 177823.123834259 * compression + -170785.633142592 * compressionLzo + -133215.297952117 * compressionGzip + 11716.2290166602 * encryption + 62677.5591907401 * compressionLrzip;3.97869476919314;3.97869476919314;3.97869476919314;3.97869476919314;0.187611;7;62677.5591907401 * compressionLrzip;1;0.601185657732137;
7;42692.337268521 * level + 450935.060561176 * compressionZpaq + 178668.147220886 * compression + -171928.98797047 * compressionLzo + -133215.37444605 * compressionGzip + 11711.4098988333 * encryption + 62677.4826968072 * compressionLrzip + 3622.67620883813 * level7;3.49914071170813;3.49914071170813;3.49914071170813;3.49914071170813;0.273754;8;3622.67620883813 * level7;1;0.479554057485016;
Elapsed=00:00:00.2740333
Learning progress:
1;94580.4109589041 * level + 583817.922374428 * compressionZpaq;67.6182432031817;67.6182432031817;67.6182432031817;67.6182432031817;0.004976;2;583817.922374428 * compressionZpaq;1;80.1818947613504;
2;77282.9850746268 * level + 601115.348258707 * compressionZpaq + 210452.014925373 * compressionLrzip;37.1656661832897;37.1656661832897;37.1656661832897;37.1656661832897;0.017203;3;210452.014925373 * compressionLrzip;1;30.452577019892;
3;56732.5423728814 * level + 621665.790960452 * compressionZpaq + 231002.45762712 * compressionLrzip + 172109.957627119 * compressionBzip2;10.8813129677977;10.8813129677977;10.8813129677977;10.8813129677977;0.036577;4;172109.957627119 * compressionBzip2;1;26.284353215492;
4;56922.4137931036 * level + 621475.919540229 * compressionZpaq + 230812.586206895 * compressionLrzip + 171920.086206896 * compressionBzip2 + -11202.4137931038 * level6;9.58399457474197;9.58399457474197;9.58399457474197;9.58399457474197;0.068902;5;-11202.4137931038 * level6;1;1.29731839305569;
5;57097.3684210525 * level + 621300.964912281 * compressionZpaq + 230637.631578948 * compressionLrzip + 171745.131578948 * compressionBzip2 + -11377.3684210524 * level6 + -10147.3684210525 * level8;8.48947161161516;8.48947161161516;8.48947161161516;8.48947161161516;0.114312;6;-10147.3684210525 * level8;1;1.09452296312681;
6;58501.3333333334 * level + 619897 * compressionZpaq + 229233.666666667 * compressionLrzip + 170341.166666667 * compressionBzip2 + -12781.3333333332 * level6 + -11551.3333333333 * level8 + -6668.83333333317 * level2;8.18918573343071;8.18918573343071;8.18918573343071;8.18918573343071;0.175459;7;-6668.83333333317 * level2;1;0.30028587818445;
7;58501.3333333334 * level + 619897 * compressionZpaq + 229233.666666666 * compressionLrzip + 170341.166666666 * compressionBzip2 + -12781.3333333334 * level6 + -11551.3333333335 * level8 + -10969.9047619046 * level2 + 10322.5714285718 * level2 * encryption;7.75205704495241;7.75205704495241;7.75205704495241;7.75205704495241;0.257502;9;10322.5714285718 * level2 * encryption;2;0.218564344239151;
8;58501.3333333335 * level + 619897 * compressionZpaq + 229233.666666667 * compressionLrzip + 170341.166666667 * compressionBzip2 + -12781.3333333333 * level6 + -11551.3333333332 * level8 + -16282.1176470589 * level2 + 10056.9607843137 * level2 * encryption + 9296.37254901946 * level2 * compressionLzo;6.36404992822662;6.36404992822662;6.36404992822662;6.36404992822662;0.367917;11;9296.37254901946 * level2 * compressionLzo;2;0.694003558362891;
9;58501.3333333334 * level + 619897 * compressionZpaq + 225456.166666667 * compressionLrzip + 170341.166666667 * compressionBzip2 + -12781.3333333333 * level6 + -11551.3333333334 * level8 + -16282.1176470589 * level2 + 10056.9607843136 * level2 * encryption + 9296.37254901945 * level2 * compressionLzo + 11332.5000000007 * compressionLrzip * encryption;6.10853699871902;6.10853699871902;6.10853699871902;6.10853699871902;0.512774;13;11332.5000000007 * compressionLrzip * encryption;2;0.127756464753802;
10;58501.3333333335 * level + 619896.999999999 * compressionZpaq + 225456.166666666 * compressionLrzip + 164771.166666667 * compressionBzip2 + -12781.3333333333 * level6 + -11551.3333333334 * level8 + -16282.1176470587 * level2 + 10056.9607843137 * level2 * encryption + 9296.37254901964 * level2 * compressionLzo + 11332.4999999995 * compressionLrzip * encryption + 11139.9999999995 * compressionBzip2 * encryption;5.97486769226351;5.97486769226351;5.97486769226351;5.97486769226351;0.698252;15;11139.9999999995 * compressionBzip2 * encryption;2;0.0668346532277564;
Elapsed=00:00:00.6985564
Learning progress:
1;88569.0410958904 * level + 589794.292237442 * compressionZpaq;58.5001031522851;58.5001031522851;58.5001031522851;58.5001031522851;0.006045;2;589794.292237442 * compressionZpaq;1;66.090507564331;
2;73704.4117647058 * level + 604658.921568628 * compressionZpaq + 217023.588235294 * compressionLrzip;34.4217993284732;34.4217993284732;34.4217993284732;34.4217993284732;0.016811;3;217023.588235294 * compressionLrzip;1;24.078303823812;
3;56049.1803278688 * level + 622314.153005466 * compressionZpaq + 234678.819672132 * compressionLrzip + 171507.962529274 * compressionBzip2;14.4397207858693;14.4397207858693;14.4397207858693;14.4397207858693;0.037952;4;171507.962529274 * compressionBzip2;1;19.9820785426039;
4;48662.2857142858 * level + 612370.256410256 * compressionZpaq + 224734.923076923 * compressionLrzip + 161564.065934066 * compressionBzip2 + 17330.7912087912 * compression;9.49999971394002;9.49999971394002;9.49999971394002;9.49999971394002;0.078617;5;17330.7912087912 * compression;1;4.93972107192927;
5;48662.2857142857 * level + 583756.190476191 * compressionZpaq + 196120.857142858 * compressionLrzip + 132950.000000001 * compressionBzip2 + 45944.8571428569 * compression + -39156.0902255638 * compressionLzo;7.25429390380915;7.25429390380915;7.25429390380915;7.25429390380915;0.133317;6;-39156.0902255638 * compressionLzo;1;2.24570581013087;
6;43407.9779971884 * level + 584631.90842904 * compressionZpaq + 195770.569961717 * compressionLrzip + 132950 * compressionBzip2 + 44193.4212371582 * compression + -37312.4734827227 * compressionLzo + 12260.0513398937 * encryption;2.68586936946136;2.68586936946136;2.68586936946136;2.68586936946136;0.205869;7;12260.0513398937 * encryption;1;4.56842453434779;
7;42940.9679613837 * level + 584606.513483577 * compressionZpaq + 195780.727939902 * compressionLrzip + 132950 * compressionBzip2 + 44863.5908366661 * compression + -38506.8991468748 * compressionLzo + 11904.5221034127 * encryption + 3613.04830006309 * level7;1.67216649671267;1.67216649671267;1.67216649671267;1.67216649671267;0.29846;8;3613.04830006309 * level7;1;1.01370287274869;
8;42686.1669532025 * level + 584615.960951794 * compressionZpaq + 195776.948952616 * compressionLrzip + 132950 * compressionBzip2 + 45042.8120991186 * compression + -38516.2939962818 * compressionLzo + 12036.7866584388 * encryption + 3705.78177795645 * level7 + 3188.83304679771 * level9;1.55947360148201;1.55947360148201;1.55947360148201;1.55947360148201;0.417269;9;3188.83304679771 * level9;1;0.112692895230668;
9;42540.0249133124 * level + 584536.214572971 * compressionZpaq + 195701.88571552 * compressionLrzip + 132950 * compressionBzip2 + 44757.3072833331 * compression + -38299.4307906541 * compressionLzo + 11989.9552411829 * encryption + 3913.56294965766 * level7 + 3334.97508668754 * level9 + 534.808943124917 * level3;1.42061675190631;1.42061675190631;1.42061675190631;1.42061675190631;0.561619;10;534.808943124917 * level3;1;0.138856849575702;
10;42145.1571435311 * level + 584483.733441149 * compressionZpaq + 195660.425533647 * compressionLrzip + 132950.000000001 * compressionBzip2 + 44947.4977616677 * compression + -38254.8934741902 * compressionLzo + 11879.7457416944 * encryption + 4255.35569674187 * level7 + 3729.84285646856 * level9 + 847.072116138012 * level3 + 1447.84528978661 * level5;1.20485316766874;1.20485316766874;1.20485316766874;1.20485316766874;0.740129;11;1447.84528978661 * level5;1;0.215763584237569;
11;41689.1019113377 * level + 584453.789574847 * compressionZpaq + 195619.492583489 * compressionLrzip + 132950 * compressionBzip2 + 45113.9989575034 * compression + -38180.9637734798 * compressionLzo + 11989.6365802349 * encryption + 4527.09249151354 * level7 + 4185.89808866255 * level9 + 1111.6245995286 * level3 + 1841.10575709954 * level5 + 3450.89808866243 * level8;0.980042662621418;0.980042662621418;0.980042662621418;0.980042662621418;0.949703;12;3450.89808866243 * level8;1;0.224810505047318;
Elapsed=00:00:00.9501189
Learning progress:
1;91756.4864864865 * level + 584943.513513512 * compressionZpaq;55.1364778925186;55.1364778925186;55.1364778925186;55.1364778925186;0.004882;2;584943.513513512 * compressionZpaq;1;61.8130384254571;
2;70989.1044776119 * level + 605710.895522387 * compressionZpaq + 219540.895522389 * compressionLrzip;31.1162256927742;31.1162256927742;31.1162256927742;31.1162256927742;0.016514;3;219540.895522389 * compressionLrzip;1;24.0202521997445;
3;56068.0327868852 * level + 620631.967213116 * compressionZpaq + 234461.967213115 * compressionLrzip + 166618.633879781 * compressionBzip2;9.88158132823754;9.88158132823754;9.88158132823754;9.88158132823754;0.036984;4;166618.633879781 * compressionBzip2;1;21.2346443645366;
4;56236.1666666669 * level + 620463.833333332 * compressionZpaq + 234293.833333333 * compressionLrzip + 166450.499999999 * compressionBzip2 + -10256.1666666665 * level9;8.77287486899377;8.77287486899377;8.77287486899377;8.77287486899377;0.069566;5;-10256.1666666665 * level9;1;1.10870645924377;
5;56236.1666666667 * level + 620463.833333333 * compressionZpaq + 234293.833333334 * compressionLrzip + 164051.833333334 * compressionBzip2 + -10256.1666666668 * level9 + 14392.0000000005 * compressionBzip2 * encryption;8.0624643343058;8.0624643343058;8.0624643343058;8.0624643343058;0.116715;7;14392.0000000005 * compressionBzip2 * encryption;2;0.355205267343982;
6;50467.1153846155 * level + 626232.884615384 * compressionZpaq + 240062.884615385 * compressionLrzip + 169820.884615384 * compressionBzip2 + -4487.11538461569 * level9 + 14392.0000000001 * compressionBzip2 * encryption + 43267.8846153848 * compressionGzip;7.79403594945864;7.79403594945864;7.79403594945864;7.79403594945864;0.184672;8;43267.8846153848 * compressionGzip;1;0.268428384847164;
7;45781.9640122512 * level + 626045.478560491 * compressionZpaq + 237787.239663094 * compressionLrzip + 174506.035987749 * compressionBzip2 + 198.035987748968 * level9 + 2210.60643185316 * compressionBzip2 * encryption + 41862.3392036753 * compressionGzip + 12181.393568147 * encryption;3.9408522874246;3.9408522874246;3.9408522874246;3.9408522874246;0.276332;9;12181.393568147 * encryption;1;3.85318366203404;
8;43214.0470652799 * level + 621607.638608687 * compressionZpaq + 233443.44909319 * compressionLrzip + 169848.74747818 * compressionBzip2 + 2765.9529347211 * level9 + 2759.22782626799 * compressionBzip2 * encryption + 37479.3613913137 * compressionGzip + 11632.7721737316 * encryption + 7225.2054565409 * compression;2.19509918942016;2.19509918942016;2.19509918942016;2.19509918942016;0.397033;10;7225.2054565409 * compression;1;1.74575309800444;
9;42535.5411917347 * level + 622719.060729809 * compressionZpaq + 234563.721290923 * compressionLrzip + 170939.519420541 * compressionBzip2 + 3444.45880826513 * level9 + 2810.85327316895 * compressionBzip2 * encryption + 38595.9460571256 * compressionGzip + 11581.1467268312 * encryption + 6812.93938772435 * compression + 3713.34464489029 * level7;1.43658346531835;1.43658346531835;1.43658346531835;1.43658346531835;0.551815;11;3713.34464489029 * level7;1;0.758515724101817;
10;42362.8573658455 * level + 622589.974490232 * compressionZpaq + 234461.650143298 * compressionLrzip + 170902.333767753 * compressionBzip2 + 3617.14263415323 * level9 + 2523.00088069504 * compressionBzip2 * encryption + 38603.6622159844 * compressionGzip + 11520.39356629 * encryption + 6790.40516439063 * compression + 3583.6873339066 * level7 + 581.009255025874 * disableCompressibilityTesting;1.31707233611498;1.31707233611498;1.31707233611498;1.31707233611498;0.740182;12;581.009255025874 * disableCompressibilityTesting;1;0.119511129203369;
11;42447.7843205894 * level + 622970.774826109 * compressionZpaq + 234888.940815624 * compressionLrzip + 171183.281605251 * compressionBzip2 + 3532.21567941069 * level9 + 2769.39776914079 * compressionBzip2 * encryption + 39018.3201595843 * compressionGzip + 11254.5905328352 * encryption + 6411.59294214385 * compression + 3553.36198657869 * level7 + 613.352830040424 * disableCompressibilityTesting + 906.754728887965 * encryption * compressionLzo;1.2198900075256;1.2198900075256;1.2198900075256;1.2198900075256;0.969405;14;906.754728887965 * encryption * compressionLzo;2;0.0485911642946917;
Elapsed=00:00:00.9698836
Learning progress:
1;92403.1944444444 * level + 586391.091269841 * compressionZpaq;65.4927145631314;65.4927145631314;65.4927145631314;65.4927145631314;0.00466;2;586391.091269841 * compressionZpaq;1;78.9598077306196;
2;71063.2307692308 * level + 607731.054945054 * compressionZpaq + 219496.769230769 * compressionLrzip;40.9727533037595;40.9727533037595;40.9727533037595;40.9727533037595;0.016136;3;219496.769230769 * compressionLrzip;1;24.5199612593719;
3;55281.3559322033 * level + 623512.929782082 * compressionZpaq + 235278.644067797 * compressionLrzip + 170970.310734463 * compressionBzip2;15.6932847611927;15.6932847611927;15.6932847611927;15.6932847611927;0.03666;4;170970.310734463 * compressionBzip2;1;25.2794685425668;
4;51412.8301886793 * level + 627381.455525607 * compressionZpaq + 239147.169811321 * compressionLrzip + 174838.836477987 * compressionBzip2 + 38040.5031446542 * compressionGzip;7.5476338870955;7.5476338870955;7.5476338870955;7.5476338870955;0.069295;5;38040.5031446542 * compressionGzip;1;8.14565087409722;
5;45311.3179083977 * level + 626091.421500633 * compressionZpaq + 237857.135786346 * compressionLrzip + 174472.745741171 * compressionBzip2 + 41986.147752569 * compressionGzip + 12935.2060341968 * encryption;5.13844379321393;5.13844379321393;5.13844379321393;5.13844379321393;0.116843;6;12935.2060341968 * encryption;1;2.40919009388157;
6;43352.8801387129 * level + 621519.391142701 * compressionZpaq + 233285.105428416 * compressionLrzip + 169833.961866231 * compressionBzip2 + 37035.8474649224 * compressionGzip + 12000.6567960747 * encryption + 7064.49626368566 * compression;3.47334149352408;3.47334149352408;3.47334149352408;3.47334149352408;0.181572;7;7064.49626368566 * compression;1;1.66510229968985;
7;42668.4848807651 * level + 622990.519097135 * compressionZpaq + 234756.23338285 * compressionLrzip + 171291.506653183 * compressionBzip2 + 38430.0041369588 * compressionGzip + 11810.492451327 * encryption + 6386.42890705534 * compression + 3802.30497923454 * level7;3.08334991203353;3.08334991203353;3.08334991203353;3.08334991203353;0.272408;8;3802.30497923454 * level7;1;0.389991581490557;
8;43387.5024960767 * level + 622869.260854358 * compressionZpaq + 234634.975140072 * compressionLrzip + 172390.371718707 * compressionBzip2 + 39332.2684642207 * compressionGzip + 11220.690236541 * encryption + 6125.69937154252 * compression + 3550.68196870005 * level7 + -7573.51222758008 * level1;2.83469285276293;2.83469285276293;2.83469285276293;2.83469285276293;0.386953;9;-7573.51222758008 * level1;1;0.248657059270597;
9;43332.230742451 * level + 623376.228086344 * compressionZpaq + 235141.942372058 * compressionLrzip + 172892.002829661 * compressionBzip2 + 39831.3754652633 * compressionGzip + 11213.1179068083 * encryption + 5678.33093874318 * compression + 3833.96498428685 * level7 + -7544.74078555335 * level1 + 1429.56757472082 * compression * level2;2.50326354067313;2.50326354067313;2.50326354067313;2.50326354067313;0.524629;11;1429.56757472082 * compression * level2;2;0.165714656044898;
10;43509.8434412337 * level + 623306.428914187 * compressionZpaq + 235072.143199901 * compressionLrzip + 172839.543457553 * compressionBzip2 + 39788.5872207642 * compressionGzip + 11242.1312896358 * encryption + 5553.93833621588 * compression + 3701.96951086669 * level7 + -7636.34527892226 * level1 + 2278.1818681543 * compression * level2 + -919.242419385195 * level2;2.30570267510734;2.30570267510734;2.30570267510734;2.30570267510734;0.707535;12;-919.242419385195 * level2;1;0.197560865565795;
11;43638.5455480663 * level + 623828.603202757 * compressionZpaq + 235594.317488471 * compressionLrzip + 173375.708726499 * compressionBzip2 + 40343.3199361481 * compressionGzip + 11297.8336289464 * encryption + 4871.23203263555 * compression + 3098.40666396425 * level7 + -7696.41873004525 * level1 + 2955.31793780334 * compression * level2 + -1075.79569587309 * level2 + 1568.76796736432 * level7 * compression;2.09722306582043;2.09722306582043;2.09722306582043;2.09722306582043;0.930347;14;1568.76796736432 * level7 * compression;2;0.104239804643456;
12;43579.4948202821 * level + 623844.572241429 * compressionZpaq + 235610.286527143 * compressionLrzip + 173393.205238434 * compressionBzip2 + 40416.7080834346 * compressionGzip + 11465.5085350002 * encryption + 4818.49948971783 * compression + 3061.64315971731 * level7 + -7633.72289560856 * level1 + 3100.01902880016 * compression * level2 + -556.90222768955 * level2 + 1621.50051028168 * level7 * compression + -1087.36038685196 * level2 * encryption;1.98749545486269;1.98749545486269;1.98749545486269;1.98749545486269;1.201278;16;-1087.36038685196 * level2 * encryption;2;0.0548638054788669;
Elapsed=00:00:01.2017413
Learning progress:
1;101197.222222222 * level + 576954.027777778 * compressionZpaq;104.008312770979;104.008312770979;104.008312770979;104.008312770979;0.005731;2;576954.027777778 * compressionZpaq;1;117.060201428068;
2;49393.3333333333 * level + 539951.25 * compressionZpaq + 88806.6666666665 * compression;59.7461585042083;59.7461585042083;59.7461585042083;59.7461585042083;0.016354;3;88806.6666666665 * compression;1;44.2621542667703;
3;49393.3333333332 * level + 473166.902173912 * compressionZpaq + 155591.014492754 * compression + -147628.558352403 * compressionLzo;26.4557219861988;26.4557219861988;26.4557219861988;26.4557219861988;0.040472;4;-147628.558352403 * compressionLzo;1;33.2904365180094;
4;49393.3333333333 * level + 424245.625 * compressionZpaq + 204512.291666667 * compression + -196549.835526316 * compressionLzo + -160741.339285714 * compressionGzip;13.6495153082255;13.6495153082255;13.6495153082255;13.6495153082255;0.076046;5;-160741.339285714 * compressionGzip;1;12.8062066779734;
5;43634.224922207 * level + 423525.73644861 * compressionZpaq + 205232.180218057 * compression + -198179.056984726 * compressionLzo + -160638.498064087 * compressionGzip + 11518.2168222524 * encryption;4.57988042692528;4.57988042692528;4.57988042692528;4.57988042692528;0.123898;6;11518.2168222524 * encryption;1;9.0696348813002;
6;43535.2188250033 * level + 450934.792832408 * compressionZpaq + 177823.123834259 * compression + -170785.633142592 * compressionLzo + -133215.297952117 * compressionGzip + 11716.2290166602 * encryption + 62677.5591907401 * compressionLrzip;3.97869476919314;3.97869476919314;3.97869476919314;3.97869476919314;0.191229;7;62677.5591907401 * compressionLrzip;1;0.601185657732137;
7;42692.337268521 * level + 450935.060561176 * compressionZpaq + 178668.147220886 * compression + -171928.98797047 * compressionLzo + -133215.37444605 * compressionGzip + 11711.4098988333 * encryption + 62677.4826968072 * compressionLrzip + 3622.67620883813 * level7;3.49914071170813;3.49914071170813;3.49914071170813;3.49914071170813;0.278749;8;3622.67620883813 * level7;1;0.479554057485016;
8;42524.5948604211 * level + 450930.509358223 * compressionZpaq + 178799.480005366 * compression + -171965.181513238 * compressionLzo + -133214.07410235 * compressionGzip + 11793.3315519788 * encryption + 62678.7830405075 * compressionLrzip + 3702.39653830021 * level7 + 3245.40513957944 * level9;3.17718462188036;3.17718462188036;3.17718462188036;3.17718462188036;0.387693;9;3245.40513957944 * level9;1;0.321956089827769;
9;42448.8634686609 * level + 450933.626929281 * compressionZpaq + 178900.151965584 * compression + -172776.619063499 * compressionLzo + -133214.964836937 * compressionGzip + 11737.2152729491 * encryption + 62677.8923059198 * compressionLrzip + 4136.39004494241 * level7 + 3321.13653133852 * level9 + 2159.46011395428 * compressionLzo * level2;2.81425571627812;2.81425571627812;2.81425571627812;2.81425571627812;0.524011;11;2159.46011395428 * compressionLzo * level2;2;0.181464452801121;
10;42541.5236884913 * level + 450943.660757229 * compressionZpaq + 178887.762369335 * compression + -172761.088442849 * compressionLzo + -135325.937650299 * compressionGzip + 11556.60636989 * encryption + 62675.0254979348 * compressionLrzip + 4139.53106934366 * level7 + 3228.47631150868 * level9 + 2184.06480509569 * compressionLzo * level2 + 4918.91401254595 * compressionGzip * disableCompressibilityTesting;2.56794635608091;2.56794635608091;2.56794635608091;2.56794635608091;0.701041;13;4918.91401254595 * compressionGzip * disableCompressibilityTesting;2;0.123154680098601;
11;42816.8927337792 * level + 450942.487473592 * compressionZpaq + 178603.007054959 * compression + -172672.52425094 * compressionLzo + -135321.831157573 * compressionGzip + 11577.725475339 * encryption + 62675.3607218308 * compressionLrzip + 3943.33994687598 * level7 + 2953.1072662209 * level9 + 3080.68619832989 * compressionLzo * level2 + 4910.11438527557 * compressionGzip * disableCompressibilityTesting + -989.878719687188 * level2;2.44660303764018;2.44660303764018;2.44660303764018;2.44660303764018;0.927339;14;-989.878719687188 * level2;1;0.121343318440728;
12;42932.4043465591 * level + 450941.536231733 * compressionZpaq + 178479.885507307 * compression + -172939.345756038 * compressionLzo + -135318.501811066 * compressionGzip + 11594.847828802 * encryption + 62675.6325052191 * compressionLrzip + 3553.39689412551 * level7 + 2837.59565344115 * level9 + 3468.99855075082 * compressionLzo * level2 + 4902.98007133226 * compressionGzip * disableCompressibilityTesting + -1115.17453444601 * level2 + 964.568426979472 * level7 * compression;2.36898088578546;2.36898088578546;2.36898088578546;2.36898088578546;1.202315;16;964.568426979472 * level7 * compression;2;0.0388110759273612;
Elapsed=00:00:01.2027127
Learning progress:
1;94580.4109589041 * level + 583817.922374428 * compressionZpaq;67.6182432031817;67.6182432031817;67.6182432031817;67.6182432031817;0.004164;2;583817.922374428 * compressionZpaq;1;80.1818947613504;
2;77282.9850746268 * level + 601115.348258707 * compressionZpaq + 210452.014925373 * compressionLrzip;37.1656661832897;37.1656661832897;37.1656661832897;37.1656661832897;0.015644;3;210452.014925373 * compressionLrzip;1;30.452577019892;
3;56732.5423728814 * level + 621665.790960452 * compressionZpaq + 231002.45762712 * compressionLrzip + 172109.957627119 * compressionBzip2;10.8813129677977;10.8813129677977;10.8813129677977;10.8813129677977;0.036343;4;172109.957627119 * compressionBzip2;1;26.284353215492;
4;56922.4137931036 * level + 621475.919540229 * compressionZpaq + 230812.586206895 * compressionLrzip + 171920.086206896 * compressionBzip2 + -11202.4137931038 * level6;9.58399457474197;9.58399457474197;9.58399457474197;9.58399457474197;0.069554;5;-11202.4137931038 * level6;1;1.29731839305569;
5;57097.3684210525 * level + 621300.964912281 * compressionZpaq + 230637.631578948 * compressionLrzip + 171745.131578948 * compressionBzip2 + -11377.3684210524 * level6 + -10147.3684210525 * level8;8.48947161161516;8.48947161161516;8.48947161161516;8.48947161161516;0.113561;6;-10147.3684210525 * level8;1;1.09452296312681;
6;58501.3333333334 * level + 619897 * compressionZpaq + 229233.666666667 * compressionLrzip + 170341.166666667 * compressionBzip2 + -12781.3333333332 * level6 + -11551.3333333333 * level8 + -6668.83333333317 * level2;8.18918573343071;8.18918573343071;8.18918573343071;8.18918573343071;0.17466;7;-6668.83333333317 * level2;1;0.30028587818445;
7;58501.3333333334 * level + 619897 * compressionZpaq + 229233.666666666 * compressionLrzip + 170341.166666666 * compressionBzip2 + -12781.3333333334 * level6 + -11551.3333333335 * level8 + -10969.9047619046 * level2 + 10322.5714285718 * level2 * encryption;7.75205704495241;7.75205704495241;7.75205704495241;7.75205704495241;0.25453;9;10322.5714285718 * level2 * encryption;2;0.218564344239151;
8;58501.3333333335 * level + 619897 * compressionZpaq + 229233.666666667 * compressionLrzip + 170341.166666667 * compressionBzip2 + -12781.3333333333 * level6 + -11551.3333333332 * level8 + -16282.1176470589 * level2 + 10056.9607843137 * level2 * encryption + 9296.37254901946 * level2 * compressionLzo;6.36404992822662;6.36404992822662;6.36404992822662;6.36404992822662;0.366791;11;9296.37254901946 * level2 * compressionLzo;2;0.694003558362891;
9;58501.3333333334 * level + 619897 * compressionZpaq + 225456.166666667 * compressionLrzip + 170341.166666667 * compressionBzip2 + -12781.3333333333 * level6 + -11551.3333333334 * level8 + -16282.1176470589 * level2 + 10056.9607843136 * level2 * encryption + 9296.37254901945 * level2 * compressionLzo + 11332.5000000007 * compressionLrzip * encryption;6.10853699871902;6.10853699871902;6.10853699871902;6.10853699871902;0.511711;13;11332.5000000007 * compressionLrzip * encryption;2;0.127756464753802;
Elapsed=00:00:00.5120359
Learning progress:
1;88569.0410958904 * level + 589794.292237442 * compressionZpaq;58.5001031522851;58.5001031522851;58.5001031522851;58.5001031522851;0.004904;2;589794.292237442 * compressionZpaq;1;66.090507564331;
2;73704.4117647058 * level + 604658.921568628 * compressionZpaq + 217023.588235294 * compressionLrzip;34.4217993284732;34.4217993284732;34.4217993284732;34.4217993284732;0.016188;3;217023.588235294 * compressionLrzip;1;24.078303823812;
3;56049.1803278688 * level + 622314.153005466 * compressionZpaq + 234678.819672132 * compressionLrzip + 171507.962529274 * compressionBzip2;14.4397207858693;14.4397207858693;14.4397207858693;14.4397207858693;0.036391;4;171507.962529274 * compressionBzip2;1;19.9820785426039;
4;48662.2857142858 * level + 612370.256410256 * compressionZpaq + 224734.923076923 * compressionLrzip + 161564.065934066 * compressionBzip2 + 17330.7912087912 * compression;9.49999971394002;9.49999971394002;9.49999971394002;9.49999971394002;0.068436;5;17330.7912087912 * compression;1;4.93972107192927;
5;48662.2857142857 * level + 583756.190476191 * compressionZpaq + 196120.857142858 * compressionLrzip + 132950.000000001 * compressionBzip2 + 45944.8571428569 * compression + -39156.0902255638 * compressionLzo;7.25429390380915;7.25429390380915;7.25429390380915;7.25429390380915;0.120992;6;-39156.0902255638 * compressionLzo;1;2.24570581013087;
6;43407.9779971884 * level + 584631.90842904 * compressionZpaq + 195770.569961717 * compressionLrzip + 132950 * compressionBzip2 + 44193.4212371582 * compression + -37312.4734827227 * compressionLzo + 12260.0513398937 * encryption;2.68586936946136;2.68586936946136;2.68586936946136;2.68586936946136;0.190471;7;12260.0513398937 * encryption;1;4.56842453434779;
7;42940.9679613837 * level + 584606.513483577 * compressionZpaq + 195780.727939902 * compressionLrzip + 132950 * compressionBzip2 + 44863.5908366661 * compression + -38506.8991468748 * compressionLzo + 11904.5221034127 * encryption + 3613.04830006309 * level7;1.67216649671267;1.67216649671267;1.67216649671267;1.67216649671267;0.284121;8;3613.04830006309 * level7;1;1.01370287274869;
8;42686.1669532025 * level + 584615.960951794 * compressionZpaq + 195776.948952616 * compressionLrzip + 132950 * compressionBzip2 + 45042.8120991186 * compression + -38516.2939962818 * compressionLzo + 12036.7866584388 * encryption + 3705.78177795645 * level7 + 3188.83304679771 * level9;1.55947360148201;1.55947360148201;1.55947360148201;1.55947360148201;0.399188;9;3188.83304679771 * level9;1;0.112692895230668;
Elapsed=00:00:00.3995629
Learning progress:
1;91756.4864864865 * level + 584943.513513512 * compressionZpaq;55.1364778925186;55.1364778925186;55.1364778925186;55.1364778925186;0.005735;2;584943.513513512 * compressionZpaq;1;61.8130384254571;
2;70989.1044776119 * level + 605710.895522387 * compressionZpaq + 219540.895522389 * compressionLrzip;31.1162256927742;31.1162256927742;31.1162256927742;31.1162256927742;0.017111;3;219540.895522389 * compressionLrzip;1;24.0202521997445;
3;56068.0327868852 * level + 620631.967213116 * compressionZpaq + 234461.967213115 * compressionLrzip + 166618.633879781 * compressionBzip2;9.88158132823754;9.88158132823754;9.88158132823754;9.88158132823754;0.03743;4;166618.633879781 * compressionBzip2;1;21.2346443645366;
4;56236.1666666669 * level + 620463.833333332 * compressionZpaq + 234293.833333333 * compressionLrzip + 166450.499999999 * compressionBzip2 + -10256.1666666665 * level9;8.77287486899377;8.77287486899377;8.77287486899377;8.77287486899377;0.071049;5;-10256.1666666665 * level9;1;1.10870645924377;
5;56236.1666666667 * level + 620463.833333333 * compressionZpaq + 234293.833333334 * compressionLrzip + 164051.833333334 * compressionBzip2 + -10256.1666666668 * level9 + 14392.0000000005 * compressionBzip2 * encryption;8.0624643343058;8.0624643343058;8.0624643343058;8.0624643343058;0.119318;7;14392.0000000005 * compressionBzip2 * encryption;2;0.355205267343982;
6;50467.1153846155 * level + 626232.884615384 * compressionZpaq + 240062.884615385 * compressionLrzip + 169820.884615384 * compressionBzip2 + -4487.11538461569 * level9 + 14392.0000000001 * compressionBzip2 * encryption + 43267.8846153848 * compressionGzip;7.79403594945864;7.79403594945864;7.79403594945864;7.79403594945864;0.187427;8;43267.8846153848 * compressionGzip;1;0.268428384847164;
7;45781.9640122512 * level + 626045.478560491 * compressionZpaq + 237787.239663094 * compressionLrzip + 174506.035987749 * compressionBzip2 + 198.035987748968 * level9 + 2210.60643185316 * compressionBzip2 * encryption + 41862.3392036753 * compressionGzip + 12181.393568147 * encryption;3.9408522874246;3.9408522874246;3.9408522874246;3.9408522874246;0.276698;9;12181.393568147 * encryption;1;3.85318366203404;
8;43214.0470652799 * level + 621607.638608687 * compressionZpaq + 233443.44909319 * compressionLrzip + 169848.74747818 * compressionBzip2 + 2765.9529347211 * level9 + 2759.22782626799 * compressionBzip2 * encryption + 37479.3613913137 * compressionGzip + 11632.7721737316 * encryption + 7225.2054565409 * compression;2.19509918942016;2.19509918942016;2.19509918942016;2.19509918942016;0.39763;10;7225.2054565409 * compression;1;1.74575309800444;
9;42535.5411917347 * level + 622719.060729809 * compressionZpaq + 234563.721290923 * compressionLrzip + 170939.519420541 * compressionBzip2 + 3444.45880826513 * level9 + 2810.85327316895 * compressionBzip2 * encryption + 38595.9460571256 * compressionGzip + 11581.1467268312 * encryption + 6812.93938772435 * compression + 3713.34464489029 * level7;1.43658346531835;1.43658346531835;1.43658346531835;1.43658346531835;0.552984;11;3713.34464489029 * level7;1;0.758515724101817;
10;42362.8573658455 * level + 622589.974490232 * compressionZpaq + 234461.650143298 * compressionLrzip + 170902.333767753 * compressionBzip2 + 3617.14263415323 * level9 + 2523.00088069504 * compressionBzip2 * encryption + 38603.6622159844 * compressionGzip + 11520.39356629 * encryption + 6790.40516439063 * compression + 3583.6873339066 * level7 + 581.009255025874 * disableCompressibilityTesting;1.31707233611498;1.31707233611498;1.31707233611498;1.31707233611498;0.742698;12;581.009255025874 * disableCompressibilityTesting;1;0.119511129203369;
Elapsed=00:00:00.7431406
Learning progress:
1;92403.1944444444 * level + 586391.091269841 * compressionZpaq;65.4927145631314;65.4927145631314;65.4927145631314;65.4927145631314;0.004857;2;586391.091269841 * compressionZpaq;1;78.9598077306196;
2;71063.2307692308 * level + 607731.054945054 * compressionZpaq + 219496.769230769 * compressionLrzip;40.9727533037595;40.9727533037595;40.9727533037595;40.9727533037595;0.016397;3;219496.769230769 * compressionLrzip;1;24.5199612593719;
3;55281.3559322033 * level + 623512.929782082 * compressionZpaq + 235278.644067797 * compressionLrzip + 170970.310734463 * compressionBzip2;15.6932847611927;15.6932847611927;15.6932847611927;15.6932847611927;0.03537;4;170970.310734463 * compressionBzip2;1;25.2794685425668;
4;51412.8301886793 * level + 627381.455525607 * compressionZpaq + 239147.169811321 * compressionLrzip + 174838.836477987 * compressionBzip2 + 38040.5031446542 * compressionGzip;7.5476338870955;7.5476338870955;7.5476338870955;7.5476338870955;0.067019;5;38040.5031446542 * compressionGzip;1;8.14565087409722;
5;45311.3179083977 * level + 626091.421500633 * compressionZpaq + 237857.135786346 * compressionLrzip + 174472.745741171 * compressionBzip2 + 41986.147752569 * compressionGzip + 12935.2060341968 * encryption;5.13844379321393;5.13844379321393;5.13844379321393;5.13844379321393;0.113053;6;12935.2060341968 * encryption;1;2.40919009388157;
6;43352.8801387129 * level + 621519.391142701 * compressionZpaq + 233285.105428416 * compressionLrzip + 169833.961866231 * compressionBzip2 + 37035.8474649224 * compressionGzip + 12000.6567960747 * encryption + 7064.49626368566 * compression;3.47334149352408;3.47334149352408;3.47334149352408;3.47334149352408;0.178224;7;7064.49626368566 * compression;1;1.66510229968985;
7;42668.4848807651 * level + 622990.519097135 * compressionZpaq + 234756.23338285 * compressionLrzip + 171291.506653183 * compressionBzip2 + 38430.0041369588 * compressionGzip + 11810.492451327 * encryption + 6386.42890705534 * compression + 3802.30497923454 * level7;3.08334991203353;3.08334991203353;3.08334991203353;3.08334991203353;0.268594;8;3802.30497923454 * level7;1;0.389991581490557;
8;43387.5024960767 * level + 622869.260854358 * compressionZpaq + 234634.975140072 * compressionLrzip + 172390.371718707 * compressionBzip2 + 39332.2684642207 * compressionGzip + 11220.690236541 * encryption + 6125.69937154252 * compression + 3550.68196870005 * level7 + -7573.51222758008 * level1;2.83469285276293;2.83469285276293;2.83469285276293;2.83469285276293;0.383421;9;-7573.51222758008 * level1;1;0.248657059270597;
9;43332.230742451 * level + 623376.228086344 * compressionZpaq + 235141.942372058 * compressionLrzip + 172892.002829661 * compressionBzip2 + 39831.3754652633 * compressionGzip + 11213.1179068083 * encryption + 5678.33093874318 * compression + 3833.96498428685 * level7 + -7544.74078555335 * level1 + 1429.56757472082 * compression * level2;2.50326354067313;2.50326354067313;2.50326354067313;2.50326354067313;0.523941;11;1429.56757472082 * compression * level2;2;0.165714656044898;
Elapsed=00:00:00.5242962
Learning progress:
1;101197.222222222 * level + 576954.027777778 * compressionZpaq;104.008312770979;104.008312770979;104.008312770979;104.008312770979;0.004309;2;576954.027777778 * compressionZpaq;1;117.060201428068;
2;49393.3333333333 * level + 539951.25 * compressionZpaq + 88806.6666666665 * compression;59.7461585042083;59.7461585042083;59.7461585042083;59.7461585042083;0.016248;3;88806.6666666665 * compression;1;44.2621542667703;
3;49393.3333333332 * level + 473166.902173912 * compressionZpaq + 155591.014492754 * compression + -147628.558352403 * compressionLzo;26.4557219861988;26.4557219861988;26.4557219861988;26.4557219861988;0.038424;4;-147628.558352403 * compressionLzo;1;33.2904365180094;
4;49393.3333333333 * level + 424245.625 * compressionZpaq + 204512.291666667 * compression + -196549.835526316 * compressionLzo + -160741.339285714 * compressionGzip;13.6495153082255;13.6495153082255;13.6495153082255;13.6495153082255;0.072102;5;-160741.339285714 * compressionGzip;1;12.8062066779734;
5;43634.224922207 * level + 423525.73644861 * compressionZpaq + 205232.180218057 * compression + -198179.056984726 * compressionLzo + -160638.498064087 * compressionGzip + 11518.2168222524 * encryption;4.57988042692528;4.57988042692528;4.57988042692528;4.57988042692528;0.120263;6;11518.2168222524 * encryption;1;9.0696348813002;
6;43535.2188250033 * level + 450934.792832408 * compressionZpaq + 177823.123834259 * compression + -170785.633142592 * compressionLzo + -133215.297952117 * compressionGzip + 11716.2290166602 * encryption + 62677.5591907401 * compressionLrzip;3.97869476919314;3.97869476919314;3.97869476919314;3.97869476919314;0.188087;7;62677.5591907401 * compressionLrzip;1;0.601185657732137;
7;42692.337268521 * level + 450935.060561176 * compressionZpaq + 178668.147220886 * compression + -171928.98797047 * compressionLzo + -133215.37444605 * compressionGzip + 11711.4098988333 * encryption + 62677.4826968072 * compressionLrzip + 3622.67620883813 * level7;3.49914071170813;3.49914071170813;3.49914071170813;3.49914071170813;0.272965;8;3622.67620883813 * level7;1;0.479554057485016;
8;42524.5948604211 * level + 450930.509358223 * compressionZpaq + 178799.480005366 * compression + -171965.181513238 * compressionLzo + -133214.07410235 * compressionGzip + 11793.3315519788 * encryption + 62678.7830405075 * compressionLrzip + 3702.39653830021 * level7 + 3245.40513957944 * level9;3.17718462188036;3.17718462188036;3.17718462188036;3.17718462188036;0.388455;9;3245.40513957944 * level9;1;0.321956089827769;
9;42448.8634686609 * level + 450933.626929281 * compressionZpaq + 178900.151965584 * compression + -172776.619063499 * compressionLzo + -133214.964836937 * compressionGzip + 11737.2152729491 * encryption + 62677.8923059198 * compressionLrzip + 4136.39004494241 * level7 + 3321.13653133852 * level9 + 2159.46011395428 * compressionLzo * level2;2.81425571627812;2.81425571627812;2.81425571627812;2.81425571627812;0.523537;11;2159.46011395428 * compressionLzo * level2;2;0.181464452801121;
Elapsed=00:00:00.5238909
Learning progress:
1;94580.4109589041 * level + 583817.922374428 * compressionZpaq;67.6182432031817;67.6182432031817;67.6182432031817;67.6182432031817;0.004087;2;583817.922374428 * compressionZpaq;1;80.1818947613504;
2;77282.9850746268 * level + 601115.348258707 * compressionZpaq + 210452.014925373 * compressionLrzip;37.1656661832897;37.1656661832897;37.1656661832897;37.1656661832897;0.015311;3;210452.014925373 * compressionLrzip;1;30.452577019892;
3;56732.5423728814 * level + 621665.790960452 * compressionZpaq + 231002.45762712 * compressionLrzip + 172109.957627119 * compressionBzip2;10.8813129677977;10.8813129677977;10.8813129677977;10.8813129677977;0.034136;4;172109.957627119 * compressionBzip2;1;26.284353215492;
4;56922.4137931036 * level + 621475.919540229 * compressionZpaq + 230812.586206895 * compressionLrzip + 171920.086206896 * compressionBzip2 + -11202.4137931038 * level6;9.58399457474197;9.58399457474197;9.58399457474197;9.58399457474197;0.065332;5;-11202.4137931038 * level6;1;1.29731839305569;
5;57097.3684210525 * level + 621300.964912281 * compressionZpaq + 230637.631578948 * compressionLrzip + 171745.131578948 * compressionBzip2 + -11377.3684210524 * level6 + -10147.3684210525 * level8;8.48947161161516;8.48947161161516;8.48947161161516;8.48947161161516;0.109742;6;-10147.3684210525 * level8;1;1.09452296312681;
6;58501.3333333334 * level + 619897 * compressionZpaq + 229233.666666667 * compressionLrzip + 170341.166666667 * compressionBzip2 + -12781.3333333332 * level6 + -11551.3333333333 * level8 + -6668.83333333317 * level2;8.18918573343071;8.18918573343071;8.18918573343071;8.18918573343071;0.172184;7;-6668.83333333317 * level2;1;0.30028587818445;
Elapsed=00:00:00.1724187
Learning progress:
1;88569.0410958904 * level + 589794.292237442 * compressionZpaq;58.5001031522851;58.5001031522851;58.5001031522851;58.5001031522851;0.004898;2;589794.292237442 * compressionZpaq;1;66.090507564331;
2;73704.4117647058 * level + 604658.921568628 * compressionZpaq + 217023.588235294 * compressionLrzip;34.4217993284732;34.4217993284732;34.4217993284732;34.4217993284732;0.016051;3;217023.588235294 * compressionLrzip;1;24.078303823812;
3;56049.1803278688 * level + 622314.153005466 * compressionZpaq + 234678.819672132 * compressionLrzip + 171507.962529274 * compressionBzip2;14.4397207858693;14.4397207858693;14.4397207858693;14.4397207858693;0.035347;4;171507.962529274 * compressionBzip2;1;19.9820785426039;
4;48662.2857142858 * level + 612370.256410256 * compressionZpaq + 224734.923076923 * compressionLrzip + 161564.065934066 * compressionBzip2 + 17330.7912087912 * compression;9.49999971394002;9.49999971394002;9.49999971394002;9.49999971394002;0.067655;5;17330.7912087912 * compression;1;4.93972107192927;
5;48662.2857142857 * level + 583756.190476191 * compressionZpaq + 196120.857142858 * compressionLrzip + 132950.000000001 * compressionBzip2 + 45944.8571428569 * compression + -39156.0902255638 * compressionLzo;7.25429390380915;7.25429390380915;7.25429390380915;7.25429390380915;0.117565;6;-39156.0902255638 * compressionLzo;1;2.24570581013087;
6;43407.9779971884 * level + 584631.90842904 * compressionZpaq + 195770.569961717 * compressionLrzip + 132950 * compressionBzip2 + 44193.4212371582 * compression + -37312.4734827227 * compressionLzo + 12260.0513398937 * encryption;2.68586936946136;2.68586936946136;2.68586936946136;2.68586936946136;0.188148;7;12260.0513398937 * encryption;1;4.56842453434779;
7;42940.9679613837 * level + 584606.513483577 * compressionZpaq + 195780.727939902 * compressionLrzip + 132950 * compressionBzip2 + 44863.5908366661 * compression + -38506.8991468748 * compressionLzo + 11904.5221034127 * encryption + 3613.04830006309 * level7;1.67216649671267;1.67216649671267;1.67216649671267;1.67216649671267;0.280115;8;3613.04830006309 * level7;1;1.01370287274869;
8;42686.1669532025 * level + 584615.960951794 * compressionZpaq + 195776.948952616 * compressionLrzip + 132950 * compressionBzip2 + 45042.8120991186 * compression + -38516.2939962818 * compressionLzo + 12036.7866584388 * encryption + 3705.78177795645 * level7 + 3188.83304679771 * level9;1.55947360148201;1.55947360148201;1.55947360148201;1.55947360148201;0.397418;9;3188.83304679771 * level9;1;0.112692895230668;
Elapsed=00:00:00.3977690
Learning progress:
1;91756.4864864865 * level + 584943.513513512 * compressionZpaq;55.1364778925186;55.1364778925186;55.1364778925186;55.1364778925186;0.004576;2;584943.513513512 * compressionZpaq;1;61.8130384254571;
2;70989.1044776119 * level + 605710.895522387 * compressionZpaq + 219540.895522389 * compressionLrzip;31.1162256927742;31.1162256927742;31.1162256927742;31.1162256927742;0.016048;3;219540.895522389 * compressionLrzip;1;24.0202521997445;
3;56068.0327868852 * level + 620631.967213116 * compressionZpaq + 234461.967213115 * compressionLrzip + 166618.633879781 * compressionBzip2;9.88158132823754;9.88158132823754;9.88158132823754;9.88158132823754;0.036518;4;166618.633879781 * compressionBzip2;1;21.2346443645366;
4;56236.1666666669 * level + 620463.833333332 * compressionZpaq + 234293.833333333 * compressionLrzip + 166450.499999999 * compressionBzip2 + -10256.1666666665 * level9;8.77287486899377;8.77287486899377;8.77287486899377;8.77287486899377;0.068324;5;-10256.1666666665 * level9;1;1.10870645924377;
5;56236.1666666667 * level + 620463.833333333 * compressionZpaq + 234293.833333334 * compressionLrzip + 164051.833333334 * compressionBzip2 + -10256.1666666668 * level9 + 14392.0000000005 * compressionBzip2 * encryption;8.0624643343058;8.0624643343058;8.0624643343058;8.0624643343058;0.114527;7;14392.0000000005 * compressionBzip2 * encryption;2;0.355205267343982;
Elapsed=00:00:00.1147972
Learning progress:
1;92403.1944444444 * level + 586391.091269841 * compressionZpaq;65.4927145631314;65.4927145631314;65.4927145631314;65.4927145631314;0.004977;2;586391.091269841 * compressionZpaq;1;78.9598077306196;
2;71063.2307692308 * level + 607731.054945054 * compressionZpaq + 219496.769230769 * compressionLrzip;40.9727533037595;40.9727533037595;40.9727533037595;40.9727533037595;0.016474;3;219496.769230769 * compressionLrzip;1;24.5199612593719;
3;55281.3559322033 * level + 623512.929782082 * compressionZpaq + 235278.644067797 * compressionLrzip + 170970.310734463 * compressionBzip2;15.6932847611927;15.6932847611927;15.6932847611927;15.6932847611927;0.035591;4;170970.310734463 * compressionBzip2;1;25.2794685425668;
4;51412.8301886793 * level + 627381.455525607 * compressionZpaq + 239147.169811321 * compressionLrzip + 174838.836477987 * compressionBzip2 + 38040.5031446542 * compressionGzip;7.5476338870955;7.5476338870955;7.5476338870955;7.5476338870955;0.066443;5;38040.5031446542 * compressionGzip;1;8.14565087409722;
5;45311.3179083977 * level + 626091.421500633 * compressionZpaq + 237857.135786346 * compressionLrzip + 174472.745741171 * compressionBzip2 + 41986.147752569 * compressionGzip + 12935.2060341968 * encryption;5.13844379321393;5.13844379321393;5.13844379321393;5.13844379321393;0.11144;6;12935.2060341968 * encryption;1;2.40919009388157;
6;43352.8801387129 * level + 621519.391142701 * compressionZpaq + 233285.105428416 * compressionLrzip + 169833.961866231 * compressionBzip2 + 37035.8474649224 * compressionGzip + 12000.6567960747 * encryption + 7064.49626368566 * compression;3.47334149352408;3.47334149352408;3.47334149352408;3.47334149352408;0.176671;7;7064.49626368566 * compression;1;1.66510229968985;
7;42668.4848807651 * level + 622990.519097135 * compressionZpaq + 234756.23338285 * compressionLrzip + 171291.506653183 * compressionBzip2 + 38430.0041369588 * compressionGzip + 11810.492451327 * encryption + 6386.42890705534 * compression + 3802.30497923454 * level7;3.08334991203353;3.08334991203353;3.08334991203353;3.08334991203353;0.265865;8;3802.30497923454 * level7;1;0.389991581490557;
Elapsed=00:00:00.2661818
Learning progress:
1;101197.222222222 * level + 576954.027777778 * compressionZpaq;104.008312770979;104.008312770979;104.008312770979;104.008312770979;0.004046;2;576954.027777778 * compressionZpaq;1;117.060201428068;
2;49393.3333333333 * level + 539951.25 * compressionZpaq + 88806.6666666665 * compression;59.7461585042083;59.7461585042083;59.7461585042083;59.7461585042083;0.015437;3;88806.6666666665 * compression;1;44.2621542667703;
3;49393.3333333332 * level + 473166.902173912 * compressionZpaq + 155591.014492754 * compression + -147628.558352403 * compressionLzo;26.4557219861988;26.4557219861988;26.4557219861988;26.4557219861988;0.037258;4;-147628.558352403 * compressionLzo;1;33.2904365180094;
4;49393.3333333333 * level + 424245.625 * compressionZpaq + 204512.291666667 * compression + -196549.835526316 * compressionLzo + -160741.339285714 * compressionGzip;13.6495153082255;13.6495153082255;13.6495153082255;13.6495153082255;0.070005;5;-160741.339285714 * compressionGzip;1;12.8062066779734;
5;43634.224922207 * level + 423525.73644861 * compressionZpaq + 205232.180218057 * compression + -198179.056984726 * compressionLzo + -160638.498064087 * compressionGzip + 11518.2168222524 * encryption;4.57988042692528;4.57988042692528;4.57988042692528;4.57988042692528;0.118591;6;11518.2168222524 * encryption;1;9.0696348813002;
6;43535.2188250033 * level + 450934.792832408 * compressionZpaq + 177823.123834259 * compression + -170785.633142592 * compressionLzo + -133215.297952117 * compressionGzip + 11716.2290166602 * encryption + 62677.5591907401 * compressionLrzip;3.97869476919314;3.97869476919314;3.97869476919314;3.97869476919314;0.185886;7;62677.5591907401 * compressionLrzip;1;0.601185657732137;
7;42692.337268521 * level + 450935.060561176 * compressionZpaq + 178668.147220886 * compression + -171928.98797047 * compressionLzo + -133215.37444605 * compressionGzip + 11711.4098988333 * encryption + 62677.4826968072 * compressionLrzip + 3622.67620883813 * level7;3.49914071170813;3.49914071170813;3.49914071170813;3.49914071170813;0.270339;8;3622.67620883813 * level7;1;0.479554057485016;
Elapsed=00:00:00.2706150
Learning progress:
1;94580.4109589041 * level + 583817.922374428 * compressionZpaq;67.6182432031817;67.6182432031817;67.6182432031817;67.6182432031817;0.004597;2;583817.922374428 * compressionZpaq;1;80.1818947613504;
2;77282.9850746268 * level + 601115.348258707 * compressionZpaq + 210452.014925373 * compressionLrzip;37.1656661832897;37.1656661832897;37.1656661832897;37.1656661832897;0.017037;3;210452.014925373 * compressionLrzip;1;30.452577019892;
3;56732.5423728814 * level + 621665.790960452 * compressionZpaq + 231002.45762712 * compressionLrzip + 172109.957627119 * compressionBzip2;10.8813129677977;10.8813129677977;10.8813129677977;10.8813129677977;0.036789;4;172109.957627119 * compressionBzip2;1;26.284353215492;
4;56922.4137931036 * level + 621475.919540229 * compressionZpaq + 230812.586206895 * compressionLrzip + 171920.086206896 * compressionBzip2 + -11202.4137931038 * level6;9.58399457474197;9.58399457474197;9.58399457474197;9.58399457474197;0.069093;5;-11202.4137931038 * level6;1;1.29731839305569;
5;57097.3684210525 * level + 621300.964912281 * compressionZpaq + 230637.631578948 * compressionLrzip + 171745.131578948 * compressionBzip2 + -11377.3684210524 * level6 + -10147.3684210525 * level8;8.48947161161516;8.48947161161516;8.48947161161516;8.48947161161516;0.112944;6;-10147.3684210525 * level8;1;1.09452296312681;
6;58501.3333333334 * level + 619897 * compressionZpaq + 229233.666666667 * compressionLrzip + 170341.166666667 * compressionBzip2 + -12781.3333333332 * level6 + -11551.3333333333 * level8 + -6668.83333333317 * level2;8.18918573343071;8.18918573343071;8.18918573343071;8.18918573343071;0.172127;7;-6668.83333333317 * level2;1;0.30028587818445;
7;58501.3333333334 * level + 619897 * compressionZpaq + 229233.666666666 * compressionLrzip + 170341.166666666 * compressionBzip2 + -12781.3333333334 * level6 + -11551.3333333335 * level8 + -10969.9047619046 * level2 + 10322.5714285718 * level2 * encryption;7.75205704495241;7.75205704495241;7.75205704495241;7.75205704495241;0.252518;9;10322.5714285718 * level2 * encryption;2;0.218564344239151;
8;58501.3333333335 * level + 619897 * compressionZpaq + 229233.666666667 * compressionLrzip + 170341.166666667 * compressionBzip2 + -12781.3333333333 * level6 + -11551.3333333332 * level8 + -16282.1176470589 * level2 + 10056.9607843137 * level2 * encryption + 9296.37254901946 * level2 * compressionLzo;6.36404992822662;6.36404992822662;6.36404992822662;6.36404992822662;0.362234;11;9296.37254901946 * level2 * compressionLzo;2;0.694003558362891;
9;58501.3333333334 * level + 619897 * compressionZpaq + 225456.166666667 * compressionLrzip + 170341.166666667 * compressionBzip2 + -12781.3333333333 * level6 + -11551.3333333334 * level8 + -16282.1176470589 * level2 + 10056.9607843136 * level2 * encryption + 9296.37254901945 * level2 * compressionLzo + 11332.5000000007 * compressionLrzip * encryption;6.10853699871902;6.10853699871902;6.10853699871902;6.10853699871902;0.508257;13;11332.5000000007 * compressionLrzip * encryption;2;0.127756464753802;
10;58501.3333333335 * level + 619896.999999999 * compressionZpaq + 225456.166666666 * compressionLrzip + 164771.166666667 * compressionBzip2 + -12781.3333333333 * level6 + -11551.3333333334 * level8 + -16282.1176470587 * level2 + 10056.9607843137 * level2 * encryption + 9296.37254901964 * level2 * compressionLzo + 11332.4999999995 * compressionLrzip * encryption + 11139.9999999995 * compressionBzip2 * encryption;5.97486769226351;5.97486769226351;5.97486769226351;5.97486769226351;0.693686;15;11139.9999999995 * compressionBzip2 * encryption;2;0.0668346532277564;
Elapsed=00:00:00.6940019
Learning progress:
1;88569.0410958904 * level + 589794.292237442 * compressionZpaq;58.5001031522851;58.5001031522851;58.5001031522851;58.5001031522851;0.004101;2;589794.292237442 * compressionZpaq;1;66.090507564331;
2;73704.4117647058 * level + 604658.921568628 * compressionZpaq + 217023.588235294 * compressionLrzip;34.4217993284732;34.4217993284732;34.4217993284732;34.4217993284732;0.015313;3;217023.588235294 * compressionLrzip;1;24.078303823812;
3;56049.1803278688 * level + 622314.153005466 * compressionZpaq + 234678.819672132 * compressionLrzip + 171507.962529274 * compressionBzip2;14.4397207858693;14.4397207858693;14.4397207858693;14.4397207858693;0.036514;4;171507.962529274 * compressionBzip2;1;19.9820785426039;
4;48662.2857142858 * level + 612370.256410256 * compressionZpaq + 224734.923076923 * compressionLrzip + 161564.065934066 * compressionBzip2 + 17330.7912087912 * compression;9.49999971394002;9.49999971394002;9.49999971394002;9.49999971394002;0.070084;5;17330.7912087912 * compression;1;4.93972107192927;
5;48662.2857142857 * level + 583756.190476191 * compressionZpaq + 196120.857142858 * compressionLrzip + 132950.000000001 * compressionBzip2 + 45944.8571428569 * compression + -39156.0902255638 * compressionLzo;7.25429390380915;7.25429390380915;7.25429390380915;7.25429390380915;0.121429;6;-39156.0902255638 * compressionLzo;1;2.24570581013087;
6;43407.9779971884 * level + 584631.90842904 * compressionZpaq + 195770.569961717 * compressionLrzip + 132950 * compressionBzip2 + 44193.4212371582 * compression + -37312.4734827227 * compressionLzo + 12260.0513398937 * encryption;2.68586936946136;2.68586936946136;2.68586936946136;2.68586936946136;0.188989;7;12260.0513398937 * encryption;1;4.56842453434779;
7;42940.9679613837 * level + 584606.513483577 * compressionZpaq + 195780.727939902 * compressionLrzip + 132950 * compressionBzip2 + 44863.5908366661 * compression + -38506.8991468748 * compressionLzo + 11904.5221034127 * encryption + 3613.04830006309 * level7;1.67216649671267;1.67216649671267;1.67216649671267;1.67216649671267;0.281544;8;3613.04830006309 * level7;1;1.01370287274869;
8;42686.1669532025 * level + 584615.960951794 * compressionZpaq + 195776.948952616 * compressionLrzip + 132950 * compressionBzip2 + 45042.8120991186 * compression + -38516.2939962818 * compressionLzo + 12036.7866584388 * encryption + 3705.78177795645 * level7 + 3188.83304679771 * level9;1.55947360148201;1.55947360148201;1.55947360148201;1.55947360148201;0.39941;9;3188.83304679771 * level9;1;0.112692895230668;
9;42540.0249133124 * level + 584536.214572971 * compressionZpaq + 195701.88571552 * compressionLrzip + 132950 * compressionBzip2 + 44757.3072833331 * compression + -38299.4307906541 * compressionLzo + 11989.9552411829 * encryption + 3913.56294965766 * level7 + 3334.97508668754 * level9 + 534.808943124917 * level3;1.42061675190631;1.42061675190631;1.42061675190631;1.42061675190631;0.54199;10;534.808943124917 * level3;1;0.138856849575702;
10;42145.1571435311 * level + 584483.733441149 * compressionZpaq + 195660.425533647 * compressionLrzip + 132950.000000001 * compressionBzip2 + 44947.4977616677 * compression + -38254.8934741902 * compressionLzo + 11879.7457416944 * encryption + 4255.35569674187 * level7 + 3729.84285646856 * level9 + 847.072116138012 * level3 + 1447.84528978661 * level5;1.20485316766874;1.20485316766874;1.20485316766874;1.20485316766874;0.721163;11;1447.84528978661 * level5;1;0.215763584237569;
11;41689.1019113377 * level + 584453.789574847 * compressionZpaq + 195619.492583489 * compressionLrzip + 132950 * compressionBzip2 + 45113.9989575034 * compression + -38180.9637734798 * compressionLzo + 11989.6365802349 * encryption + 4527.09249151354 * level7 + 4185.89808866255 * level9 + 1111.6245995286 * level3 + 1841.10575709954 * level5 + 3450.89808866243 * level8;0.980042662621418;0.980042662621418;0.980042662621418;0.980042662621418;0.929961;12;3450.89808866243 * level8;1;0.224810505047318;
Elapsed=00:00:00.9303955
Learning progress:
1;91756.4864864865 * level + 584943.513513512 * compressionZpaq;55.1364778925186;55.1364778925186;55.1364778925186;55.1364778925186;0.004902;2;584943.513513512 * compressionZpaq;1;61.8130384254571;
2;70989.1044776119 * level + 605710.895522387 * compressionZpaq + 219540.895522389 * compressionLrzip;31.1162256927742;31.1162256927742;31.1162256927742;31.1162256927742;0.016648;3;219540.895522389 * compressionLrzip;1;24.0202521997445;
3;56068.0327868852 * level + 620631.967213116 * compressionZpaq + 234461.967213115 * compressionLrzip + 166618.633879781 * compressionBzip2;9.88158132823754;9.88158132823754;9.88158132823754;9.88158132823754;0.036379;4;166618.633879781 * compressionBzip2;1;21.2346443645366;
4;56236.1666666669 * level + 620463.833333332 * compressionZpaq + 234293.833333333 * compressionLrzip + 166450.499999999 * compressionBzip2 + -10256.1666666665 * level9;8.77287486899377;8.77287486899377;8.77287486899377;8.77287486899377;0.070063;5;-10256.1666666665 * level9;1;1.10870645924377;
5;56236.1666666667 * level + 620463.833333333 * compressionZpaq + 234293.833333334 * compressionLrzip + 164051.833333334 * compressionBzip2 + -10256.1666666668 * level9 + 14392.0000000005 * compressionBzip2 * encryption;8.0624643343058;8.0624643343058;8.0624643343058;8.0624643343058;0.11609;7;14392.0000000005 * compressionBzip2 * encryption;2;0.355205267343982;
6;50467.1153846155 * level + 626232.884615384 * compressionZpaq + 240062.884615385 * compressionLrzip + 169820.884615384 * compressionBzip2 + -4487.11538461569 * level9 + 14392.0000000001 * compressionBzip2 * encryption + 43267.8846153848 * compressionGzip;7.79403594945864;7.79403594945864;7.79403594945864;7.79403594945864;0.184637;8;43267.8846153848 * compressionGzip;1;0.268428384847164;
7;45781.9640122512 * level + 626045.478560491 * compressionZpaq + 237787.239663094 * compressionLrzip + 174506.035987749 * compressionBzip2 + 198.035987748968 * level9 + 2210.60643185316 * compressionBzip2 * encryption + 41862.3392036753 * compressionGzip + 12181.393568147 * encryption;3.9408522874246;3.9408522874246;3.9408522874246;3.9408522874246;0.274672;9;12181.393568147 * encryption;1;3.85318366203404;
8;43214.0470652799 * level + 621607.638608687 * compressionZpaq + 233443.44909319 * compressionLrzip + 169848.74747818 * compressionBzip2 + 2765.9529347211 * level9 + 2759.22782626799 * compressionBzip2 * encryption + 37479.3613913137 * compressionGzip + 11632.7721737316 * encryption + 7225.2054565409 * compression;2.19509918942016;2.19509918942016;2.19509918942016;2.19509918942016;0.396176;10;7225.2054565409 * compression;1;1.74575309800444;
9;42535.5411917347 * level + 622719.060729809 * compressionZpaq + 234563.721290923 * compressionLrzip + 170939.519420541 * compressionBzip2 + 3444.45880826513 * level9 + 2810.85327316895 * compressionBzip2 * encryption + 38595.9460571256 * compressionGzip + 11581.1467268312 * encryption + 6812.93938772435 * compression + 3713.34464489029 * level7;1.43658346531835;1.43658346531835;1.43658346531835;1.43658346531835;0.55873;11;3713.34464489029 * level7;1;0.758515724101817;
10;42362.8573658455 * level + 622589.974490232 * compressionZpaq + 234461.650143298 * compressionLrzip + 170902.333767753 * compressionBzip2 + 3617.14263415323 * level9 + 2523.00088069504 * compressionBzip2 * encryption + 38603.6622159844 * compressionGzip + 11520.39356629 * encryption + 6790.40516439063 * compression + 3583.6873339066 * level7 + 581.009255025874 * disableCompressibilityTesting;1.31707233611498;1.31707233611498;1.31707233611498;1.31707233611498;0.745345;12;581.009255025874 * disableCompressibilityTesting;1;0.119511129203369;
11;42447.7843205894 * level + 622970.774826109 * compressionZpaq + 234888.940815624 * compressionLrzip + 171183.281605251 * compressionBzip2 + 3532.21567941069 * level9 + 2769.39776914079 * compressionBzip2 * encryption + 39018.3201595843 * compressionGzip + 11254.5905328352 * encryption + 6411.59294214385 * compression + 3553.36198657869 * level7 + 613.352830040424 * disableCompressibilityTesting + 906.754728887965 * encryption * compressionLzo;1.2198900075256;1.2198900075256;1.2198900075256;1.2198900075256;0.969501;14;906.754728887965 * encryption * compressionLzo;2;0.0485911642946917;
Elapsed=00:00:00.9699818
Learning progress:
1;92403.1944444444 * level + 586391.091269841 * compressionZpaq;65.4927145631314;65.4927145631314;65.4927145631314;65.4927145631314;0.005346;2;586391.091269841 * compressionZpaq;1;78.9598077306196;
2;71063.2307692308 * level + 607731.054945054 * compressionZpaq + 219496.769230769 * compressionLrzip;40.9727533037595;40.9727533037595;40.9727533037595;40.9727533037595;0.016959;3;219496.769230769 * compressionLrzip;1;24.5199612593719;
3;55281.3559322033 * level + 623512.929782082 * compressionZpaq + 235278.644067797 * compressionLrzip + 170970.310734463 * compressionBzip2;15.6932847611927;15.6932847611927;15.6932847611927;15.6932847611927;0.036201;4;170970.310734463 * compressionBzip2;1;25.2794685425668;
4;51412.8301886793 * level + 627381.455525607 * compressionZpaq + 239147.169811321 * compressionLrzip + 174838.836477987 * compressionBzip2 + 38040.5031446542 * compressionGzip;7.5476338870955;7.5476338870955;7.5476338870955;7.5476338870955;0.067449;5;38040.5031446542 * compressionGzip;1;8.14565087409722;
5;45311.3179083977 * level + 626091.421500633 * compressionZpaq + 237857.135786346 * compressionLrzip + 174472.745741171 * compressionBzip2 + 41986.147752569 * compressionGzip + 12935.2060341968 * encryption;5.13844379321393;5.13844379321393;5.13844379321393;5.13844379321393;0.11126;6;12935.2060341968 * encryption;1;2.40919009388157;
6;43352.8801387129 * level + 621519.391142701 * compressionZpaq + 233285.105428416 * compressionLrzip + 169833.961866231 * compressionBzip2 + 37035.8474649224 * compressionGzip + 12000.6567960747 * encryption + 7064.49626368566 * compression;3.47334149352408;3.47334149352408;3.47334149352408;3.47334149352408;0.176949;7;7064.49626368566 * compression;1;1.66510229968985;
7;42668.4848807651 * level + 622990.519097135 * compressionZpaq + 234756.23338285 * compressionLrzip + 171291.506653183 * compressionBzip2 + 38430.0041369588 * compressionGzip + 11810.492451327 * encryption + 6386.42890705534 * compression + 3802.30497923454 * level7;3.08334991203353;3.08334991203353;3.08334991203353;3.08334991203353;0.266407;8;3802.30497923454 * level7;1;0.389991581490557;
8;43387.5024960767 * level + 622869.260854358 * compressionZpaq + 234634.975140072 * compressionLrzip + 172390.371718707 * compressionBzip2 + 39332.2684642207 * compressionGzip + 11220.690236541 * encryption + 6125.69937154252 * compression + 3550.68196870005 * level7 + -7573.51222758008 * level1;2.83469285276293;2.83469285276293;2.83469285276293;2.83469285276293;0.3793;9;-7573.51222758008 * level1;1;0.248657059270597;
9;43332.230742451 * level + 623376.228086344 * compressionZpaq + 235141.942372058 * compressionLrzip + 172892.002829661 * compressionBzip2 + 39831.3754652633 * compressionGzip + 11213.1179068083 * encryption + 5678.33093874318 * compression + 3833.96498428685 * level7 + -7544.74078555335 * level1 + 1429.56757472082 * compression * level2;2.50326354067313;2.50326354067313;2.50326354067313;2.50326354067313;0.518618;11;1429.56757472082 * compression * level2;2;0.165714656044898;
10;43509.8434412337 * level + 623306.428914187 * compressionZpaq + 235072.143199901 * compressionLrzip + 172839.543457553 * compressionBzip2 + 39788.5872207642 * compressionGzip + 11242.1312896358 * encryption + 5553.93833621588 * compression + 3701.96951086669 * level7 + -7636.34527892226 * level1 + 2278.1818681543 * compression * level2 + -919.242419385195 * level2;2.30570267510734;2.30570267510734;2.30570267510734;2.30570267510734;0.69949;12;-919.242419385195 * level2;1;0.197560865565795;
11;43638.5455480663 * level + 623828.603202757 * compressionZpaq + 235594.317488471 * compressionLrzip + 173375.708726499 * compressionBzip2 + 40343.3199361481 * compressionGzip + 11297.8336289464 * encryption + 4871.23203263555 * compression + 3098.40666396425 * level7 + -7696.41873004525 * level1 + 2955.31793780334 * compression * level2 + -1075.79569587309 * level2 + 1568.76796736432 * level7 * compression;2.09722306582043;2.09722306582043;2.09722306582043;2.09722306582043;0.916499;14;1568.76796736432 * level7 * compression;2;0.104239804643456;
12;43579.4948202821 * level + 623844.572241429 * compressionZpaq + 235610.286527143 * compressionLrzip + 173393.205238434 * compressionBzip2 + 40416.7080834346 * compressionGzip + 11465.5085350002 * encryption + 4818.49948971783 * compression + 3061.64315971731 * level7 + -7633.72289560856 * level1 + 3100.01902880016 * compression * level2 + -556.90222768955 * level2 + 1621.50051028168 * level7 * compression + -1087.36038685196 * level2 * encryption;1.98749545486269;1.98749545486269;1.98749545486269;1.98749545486269;1.187773;16;-1087.36038685196 * level2 * encryption;2;0.0548638054788669;
Elapsed=00:00:01.1882536
Learning progress:
1;101197.222222222 * level + 576954.027777778 * compressionZpaq;104.008312770979;104.008312770979;104.008312770979;104.008312770979;0.00626;2;576954.027777778 * compressionZpaq;1;117.060201428068;
2;49393.3333333333 * level + 539951.25 * compressionZpaq + 88806.6666666665 * compression;59.7461585042083;59.7461585042083;59.7461585042083;59.7461585042083;0.017005;3;88806.6666666665 * compression;1;44.2621542667703;
3;49393.3333333332 * level + 473166.902173912 * compressionZpaq + 155591.014492754 * compression + -147628.558352403 * compressionLzo;26.4557219861988;26.4557219861988;26.4557219861988;26.4557219861988;0.038468;4;-147628.558352403 * compressionLzo;1;33.2904365180094;
4;49393.3333333333 * level + 424245.625 * compressionZpaq + 204512.291666667 * compression + -196549.835526316 * compressionLzo + -160741.339285714 * compressionGzip;13.6495153082255;13.6495153082255;13.6495153082255;13.6495153082255;0.071422;5;-160741.339285714 * compressionGzip;1;12.8062066779734;
5;43634.224922207 * level + 423525.73644861 * compressionZpaq + 205232.180218057 * compression + -198179.056984726 * compressionLzo + -160638.498064087 * compressionGzip + 11518.2168222524 * encryption;4.57988042692528;4.57988042692528;4.57988042692528;4.57988042692528;0.120429;6;11518.2168222524 * encryption;1;9.0696348813002;
6;43535.2188250033 * level + 450934.792832408 * compressionZpaq + 177823.123834259 * compression + -170785.633142592 * compressionLzo + -133215.297952117 * compressionGzip + 11716.2290166602 * encryption + 62677.5591907401 * compressionLrzip;3.97869476919314;3.97869476919314;3.97869476919314;3.97869476919314;0.188184;7;62677.5591907401 * compressionLrzip;1;0.601185657732137;
7;42692.337268521 * level + 450935.060561176 * compressionZpaq + 178668.147220886 * compression + -171928.98797047 * compressionLzo + -133215.37444605 * compressionGzip + 11711.4098988333 * encryption + 62677.4826968072 * compressionLrzip + 3622.67620883813 * level7;3.49914071170813;3.49914071170813;3.49914071170813;3.49914071170813;0.275764;8;3622.67620883813 * level7;1;0.479554057485016;
8;42524.5948604211 * level + 450930.509358223 * compressionZpaq + 178799.480005366 * compression + -171965.181513238 * compressionLzo + -133214.07410235 * compressionGzip + 11793.3315519788 * encryption + 62678.7830405075 * compressionLrzip + 3702.39653830021 * level7 + 3245.40513957944 * level9;3.17718462188036;3.17718462188036;3.17718462188036;3.17718462188036;0.389399;9;3245.40513957944 * level9;1;0.321956089827769;
9;42448.8634686609 * level + 450933.626929281 * compressionZpaq + 178900.151965584 * compression + -172776.619063499 * compressionLzo + -133214.964836937 * compressionGzip + 11737.2152729491 * encryption + 62677.8923059198 * compressionLrzip + 4136.39004494241 * level7 + 3321.13653133852 * level9 + 2159.46011395428 * compressionLzo * level2;2.81425571627812;2.81425571627812;2.81425571627812;2.81425571627812;0.524927;11;2159.46011395428 * compressionLzo * level2;2;0.181464452801121;
10;42541.5236884913 * level + 450943.660757229 * compressionZpaq + 178887.762369335 * compression + -172761.088442849 * compressionLzo + -135325.937650299 * compressionGzip + 11556.60636989 * encryption + 62675.0254979348 * compressionLrzip + 4139.53106934366 * level7 + 3228.47631150868 * level9 + 2184.06480509569 * compressionLzo * level2 + 4918.91401254595 * compressionGzip * disableCompressibilityTesting;2.56794635608091;2.56794635608091;2.56794635608091;2.56794635608091;0.699921;13;4918.91401254595 * compressionGzip * disableCompressibilityTesting;2;0.123154680098601;
11;42816.8927337792 * level + 450942.487473592 * compressionZpaq + 178603.007054959 * compression + -172672.52425094 * compressionLzo + -135321.831157573 * compressionGzip + 11577.725475339 * encryption + 62675.3607218308 * compressionLrzip + 3943.33994687598 * level7 + 2953.1072662209 * level9 + 3080.68619832989 * compressionLzo * level2 + 4910.11438527557 * compressionGzip * disableCompressibilityTesting + -989.878719687188 * level2;2.44660303764018;2.44660303764018;2.44660303764018;2.44660303764018;0.924484;14;-989.878719687188 * level2;1;0.121343318440728;
12;42932.4043465591 * level + 450941.536231733 * compressionZpaq + 178479.885507307 * compression + -172939.345756038 * compressionLzo + -135318.501811066 * compressionGzip + 11594.847828802 * encryption + 62675.6325052191 * compressionLrzip + 3553.39689412551 * level7 + 2837.59565344115 * level9 + 3468.99855075082 * compressionLzo * level2 + 4902.98007133226 * compressionGzip * disableCompressibilityTesting + -1115.17453444601 * level2 + 964.568426979472 * level7 * compression;2.36898088578546;2.36898088578546;2.36898088578546;2.36898088578546;1.18695;16;964.568426979472 * level7 * compression;2;0.0388110759273612;
Elapsed=00:00:01.1873531
Learning progress:
1;94580.4109589041 * level + 583817.922374428 * compressionZpaq;67.6182432031817;67.6182432031817;67.6182432031817;67.6182432031817;0.004935;2;583817.922374428 * compressionZpaq;1;80.1818947613504;
2;77282.9850746268 * level + 601115.348258707 * compressionZpaq + 210452.014925373 * compressionLrzip;37.1656661832897;37.1656661832897;37.1656661832897;37.1656661832897;0.016348;3;210452.014925373 * compressionLrzip;1;30.452577019892;
3;56732.5423728814 * level + 621665.790960452 * compressionZpaq + 231002.45762712 * compressionLrzip + 172109.957627119 * compressionBzip2;10.8813129677977;10.8813129677977;10.8813129677977;10.8813129677977;0.036308;4;172109.957627119 * compressionBzip2;1;26.284353215492;
4;56922.4137931036 * level + 621475.919540229 * compressionZpaq + 230812.586206895 * compressionLrzip + 171920.086206896 * compressionBzip2 + -11202.4137931038 * level6;9.58399457474197;9.58399457474197;9.58399457474197;9.58399457474197;0.068236;5;-11202.4137931038 * level6;1;1.29731839305569;
5;57097.3684210525 * level + 621300.964912281 * compressionZpaq + 230637.631578948 * compressionLrzip + 171745.131578948 * compressionBzip2 + -11377.3684210524 * level6 + -10147.3684210525 * level8;8.48947161161516;8.48947161161516;8.48947161161516;8.48947161161516;0.113252;6;-10147.3684210525 * level8;1;1.09452296312681;
6;58501.3333333334 * level + 619897 * compressionZpaq + 229233.666666667 * compressionLrzip + 170341.166666667 * compressionBzip2 + -12781.3333333332 * level6 + -11551.3333333333 * level8 + -6668.83333333317 * level2;8.18918573343071;8.18918573343071;8.18918573343071;8.18918573343071;0.176384;7;-6668.83333333317 * level2;1;0.30028587818445;
7;58501.3333333334 * level + 619897 * compressionZpaq + 229233.666666666 * compressionLrzip + 170341.166666666 * compressionBzip2 + -12781.3333333334 * level6 + -11551.3333333335 * level8 + -10969.9047619046 * level2 + 10322.5714285718 * level2 * encryption;7.75205704495241;7.75205704495241;7.75205704495241;7.75205704495241;0.257339;9;10322.5714285718 * level2 * encryption;2;0.218564344239151;
8;58501.3333333335 * level + 619897 * compressionZpaq + 229233.666666667 * compressionLrzip + 170341.166666667 * compressionBzip2 + -12781.3333333333 * level6 + -11551.3333333332 * level8 + -16282.1176470589 * level2 + 10056.9607843137 * level2 * encryption + 9296.37254901946 * level2 * compressionLzo;6.36404992822662;6.36404992822662;6.36404992822662;6.36404992822662;0.368764;11;9296.37254901946 * level2 * compressionLzo;2;0.694003558362891;
9;58501.3333333334 * level + 619897 * compressionZpaq + 225456.166666667 * compressionLrzip + 170341.166666667 * compressionBzip2 + -12781.3333333333 * level6 + -11551.3333333334 * level8 + -16282.1176470589 * level2 + 10056.9607843136 * level2 * encryption + 9296.37254901945 * level2 * compressionLzo + 11332.5000000007 * compressionLrzip * encryption;6.10853699871902;6.10853699871902;6.10853699871902;6.10853699871902;0.51315;13;11332.5000000007 * compressionLrzip * encryption;2;0.127756464753802;
Elapsed=00:00:00.5134946
Learning progress:
1;88569.0410958904 * level + 589794.292237442 * compressionZpaq;58.5001031522851;58.5001031522851;58.5001031522851;58.5001031522851;0.006182;2;589794.292237442 * compressionZpaq;1;66.090507564331;
2;73704.4117647058 * level + 604658.921568628 * compressionZpaq + 217023.588235294 * compressionLrzip;34.4217993284732;34.4217993284732;34.4217993284732;34.4217993284732;0.017359;3;217023.588235294 * compressionLrzip;1;24.078303823812;
3;56049.1803278688 * level + 622314.153005466 * compressionZpaq + 234678.819672132 * compressionLrzip + 171507.962529274 * compressionBzip2;14.4397207858693;14.4397207858693;14.4397207858693;14.4397207858693;0.038614;4;171507.962529274 * compressionBzip2;1;19.9820785426039;
4;48662.2857142858 * level + 612370.256410256 * compressionZpaq + 224734.923076923 * compressionLrzip + 161564.065934066 * compressionBzip2 + 17330.7912087912 * compression;9.49999971394002;9.49999971394002;9.49999971394002;9.49999971394002;0.070672;5;17330.7912087912 * compression;1;4.93972107192927;
5;48662.2857142857 * level + 583756.190476191 * compressionZpaq + 196120.857142858 * compressionLrzip + 132950.000000001 * compressionBzip2 + 45944.8571428569 * compression + -39156.0902255638 * compressionLzo;7.25429390380915;7.25429390380915;7.25429390380915;7.25429390380915;0.127491;6;-39156.0902255638 * compressionLzo;1;2.24570581013087;
6;43407.9779971884 * level + 584631.90842904 * compressionZpaq + 195770.569961717 * compressionLrzip + 132950 * compressionBzip2 + 44193.4212371582 * compression + -37312.4734827227 * compressionLzo + 12260.0513398937 * encryption;2.68586936946136;2.68586936946136;2.68586936946136;2.68586936946136;0.197487;7;12260.0513398937 * encryption;1;4.56842453434779;
7;42940.9679613837 * level + 584606.513483577 * compressionZpaq + 195780.727939902 * compressionLrzip + 132950 * compressionBzip2 + 44863.5908366661 * compression + -38506.8991468748 * compressionLzo + 11904.5221034127 * encryption + 3613.04830006309 * level7;1.67216649671267;1.67216649671267;1.67216649671267;1.67216649671267;0.289648;8;3613.04830006309 * level7;1;1.01370287274869;
8;42686.1669532025 * level + 584615.960951794 * compressionZpaq + 195776.948952616 * compressionLrzip + 132950 * compressionBzip2 + 45042.8120991186 * compression + -38516.2939962818 * compressionLzo + 12036.7866584388 * encryption + 3705.78177795645 * level7 + 3188.83304679771 * level9;1.55947360148201;1.55947360148201;1.55947360148201;1.55947360148201;0.406081;9;3188.83304679771 * level9;1;0.112692895230668;
Elapsed=00:00:00.4064611
Learning progress:
1;91756.4864864865 * level + 584943.513513512 * compressionZpaq;55.1364778925186;55.1364778925186;55.1364778925186;55.1364778925186;0.004801;2;584943.513513512 * compressionZpaq;1;61.8130384254571;
2;70989.1044776119 * level + 605710.895522387 * compressionZpaq + 219540.895522389 * compressionLrzip;31.1162256927742;31.1162256927742;31.1162256927742;31.1162256927742;0.017238;3;219540.895522389 * compressionLrzip;1;24.0202521997445;
3;56068.0327868852 * level + 620631.967213116 * compressionZpaq + 234461.967213115 * compressionLrzip + 166618.633879781 * compressionBzip2;9.88158132823754;9.88158132823754;9.88158132823754;9.88158132823754;0.037271;4;166618.633879781 * compressionBzip2;1;21.2346443645366;
4;56236.1666666669 * level + 620463.833333332 * compressionZpaq + 234293.833333333 * compressionLrzip + 166450.499999999 * compressionBzip2 + -10256.1666666665 * level9;8.77287486899377;8.77287486899377;8.77287486899377;8.77287486899377;0.069435;5;-10256.1666666665 * level9;1;1.10870645924377;
5;56236.1666666667 * level + 620463.833333333 * compressionZpaq + 234293.833333334 * compressionLrzip + 164051.833333334 * compressionBzip2 + -10256.1666666668 * level9 + 14392.0000000005 * compressionBzip2 * encryption;8.0624643343058;8.0624643343058;8.0624643343058;8.0624643343058;0.115395;7;14392.0000000005 * compressionBzip2 * encryption;2;0.355205267343982;
6;50467.1153846155 * level + 626232.884615384 * compressionZpaq + 240062.884615385 * compressionLrzip + 169820.884615384 * compressionBzip2 + -4487.11538461569 * level9 + 14392.0000000001 * compressionBzip2 * encryption + 43267.8846153848 * compressionGzip;7.79403594945864;7.79403594945864;7.79403594945864;7.79403594945864;0.183764;8;43267.8846153848 * compressionGzip;1;0.268428384847164;
7;45781.9640122512 * level + 626045.478560491 * compressionZpaq + 237787.239663094 * compressionLrzip + 174506.035987749 * compressionBzip2 + 198.035987748968 * level9 + 2210.60643185316 * compressionBzip2 * encryption + 41862.3392036753 * compressionGzip + 12181.393568147 * encryption;3.9408522874246;3.9408522874246;3.9408522874246;3.9408522874246;0.273851;9;12181.393568147 * encryption;1;3.85318366203404;
8;43214.0470652799 * level + 621607.638608687 * compressionZpaq + 233443.44909319 * compressionLrzip + 169848.74747818 * compressionBzip2 + 2765.9529347211 * level9 + 2759.22782626799 * compressionBzip2 * encryption + 37479.3613913137 * compressionGzip + 11632.7721737316 * encryption + 7225.2054565409 * compression;2.19509918942016;2.19509918942016;2.19509918942016;2.19509918942016;0.395527;10;7225.2054565409 * compression;1;1.74575309800444;
9;42535.5411917347 * level + 622719.060729809 * compressionZpaq + 234563.721290923 * compressionLrzip + 170939.519420541 * compressionBzip2 + 3444.45880826513 * level9 + 2810.85327316895 * compressionBzip2 * encryption + 38595.9460571256 * compressionGzip + 11581.1467268312 * encryption + 6812.93938772435 * compression + 3713.34464489029 * level7;1.43658346531835;1.43658346531835;1.43658346531835;1.43658346531835;0.557628;11;3713.34464489029 * level7;1;0.758515724101817;
10;42362.8573658455 * level + 622589.974490232 * compressionZpaq + 234461.650143298 * compressionLrzip + 170902.333767753 * compressionBzip2 + 3617.14263415323 * level9 + 2523.00088069504 * compressionBzip2 * encryption + 38603.6622159844 * compressionGzip + 11520.39356629 * encryption + 6790.40516439063 * compression + 3583.6873339066 * level7 + 581.009255025874 * disableCompressibilityTesting;1.31707233611498;1.31707233611498;1.31707233611498;1.31707233611498;0.745534;12;581.009255025874 * disableCompressibilityTesting;1;0.119511129203369;
Elapsed=00:00:00.7459810
Learning progress:
1;92403.1944444444 * level + 586391.091269841 * compressionZpaq;65.4927145631314;65.4927145631314;65.4927145631314;65.4927145631314;0.006088;2;586391.091269841 * compressionZpaq;1;78.9598077306196;
2;71063.2307692308 * level + 607731.054945054 * compressionZpaq + 219496.769230769 * compressionLrzip;40.9727533037595;40.9727533037595;40.9727533037595;40.9727533037595;0.016987;3;219496.769230769 * compressionLrzip;1;24.5199612593719;
3;55281.3559322033 * level + 623512.929782082 * compressionZpaq + 235278.644067797 * compressionLrzip + 170970.310734463 * compressionBzip2;15.6932847611927;15.6932847611927;15.6932847611927;15.6932847611927;0.03594;4;170970.310734463 * compressionBzip2;1;25.2794685425668;
4;51412.8301886793 * level + 627381.455525607 * compressionZpaq + 239147.169811321 * compressionLrzip + 174838.836477987 * compressionBzip2 + 38040.5031446542 * compressionGzip;7.5476338870955;7.5476338870955;7.5476338870955;7.5476338870955;0.067164;5;38040.5031446542 * compressionGzip;1;8.14565087409722;
5;45311.3179083977 * level + 626091.421500633 * compressionZpaq + 237857.135786346 * compressionLrzip + 174472.745741171 * compressionBzip2 + 41986.147752569 * compressionGzip + 12935.2060341968 * encryption;5.13844379321393;5.13844379321393;5.13844379321393;5.13844379321393;0.114038;6;12935.2060341968 * encryption;1;2.40919009388157;
6;43352.8801387129 * level + 621519.391142701 * compressionZpaq + 233285.105428416 * compressionLrzip + 169833.961866231 * compressionBzip2 + 37035.8474649224 * compressionGzip + 12000.6567960747 * encryption + 7064.49626368566 * compression;3.47334149352408;3.47334149352408;3.47334149352408;3.47334149352408;0.178989;7;7064.49626368566 * compression;1;1.66510229968985;
7;42668.4848807651 * level + 622990.519097135 * compressionZpaq + 234756.23338285 * compressionLrzip + 171291.506653183 * compressionBzip2 + 38430.0041369588 * compressionGzip + 11810.492451327 * encryption + 6386.42890705534 * compression + 3802.30497923454 * level7;3.08334991203353;3.08334991203353;3.08334991203353;3.08334991203353;0.271123;8;3802.30497923454 * level7;1;0.389991581490557;
8;43387.5024960767 * level + 622869.260854358 * compressionZpaq + 234634.975140072 * compressionLrzip + 172390.371718707 * compressionBzip2 + 39332.2684642207 * compressionGzip + 11220.690236541 * encryption + 6125.69937154252 * compression + 3550.68196870005 * level7 + -7573.51222758008 * level1;2.83469285276293;2.83469285276293;2.83469285276293;2.83469285276293;0.384609;9;-7573.51222758008 * level1;1;0.248657059270597;
9;43332.230742451 * level + 623376.228086344 * compressionZpaq + 235141.942372058 * compressionLrzip + 172892.002829661 * compressionBzip2 + 39831.3754652633 * compressionGzip + 11213.1179068083 * encryption + 5678.33093874318 * compression + 3833.96498428685 * level7 + -7544.74078555335 * level1 + 1429.56757472082 * compression * level2;2.50326354067313;2.50326354067313;2.50326354067313;2.50326354067313;0.522986;11;1429.56757472082 * compression * level2;2;0.165714656044898;
Elapsed=00:00:00.5233450
Learning progress:
1;101197.222222222 * level + 576954.027777778 * compressionZpaq;104.008312770979;104.008312770979;104.008312770979;104.008312770979;0.004903;2;576954.027777778 * compressionZpaq;1;117.060201428068;
2;49393.3333333333 * level + 539951.25 * compressionZpaq + 88806.6666666665 * compression;59.7461585042083;59.7461585042083;59.7461585042083;59.7461585042083;0.015482;3;88806.6666666665 * compression;1;44.2621542667703;
3;49393.3333333332 * level + 473166.902173912 * compressionZpaq + 155591.014492754 * compression + -147628.558352403 * compressionLzo;26.4557219861988;26.4557219861988;26.4557219861988;26.4557219861988;0.038404;4;-147628.558352403 * compressionLzo;1;33.2904365180094;
4;49393.3333333333 * level + 424245.625 * compressionZpaq + 204512.291666667 * compression + -196549.835526316 * compressionLzo + -160741.339285714 * compressionGzip;13.6495153082255;13.6495153082255;13.6495153082255;13.6495153082255;0.071794;5;-160741.339285714 * compressionGzip;1;12.8062066779734;
5;43634.224922207 * level + 423525.73644861 * compressionZpaq + 205232.180218057 * compression + -198179.056984726 * compressionLzo + -160638.498064087 * compressionGzip + 11518.2168222524 * encryption;4.57988042692528;4.57988042692528;4.57988042692528;4.57988042692528;0.120714;6;11518.2168222524 * encryption;1;9.0696348813002;
6;43535.2188250033 * level + 450934.792832408 * compressionZpaq + 177823.123834259 * compression + -170785.633142592 * compressionLzo + -133215.297952117 * compressionGzip + 11716.2290166602 * encryption + 62677.5591907401 * compressionLrzip;3.97869476919314;3.97869476919314;3.97869476919314;3.97869476919314;0.187452;7;62677.5591907401 * compressionLrzip;1;0.601185657732137;
7;42692.337268521 * level + 450935.060561176 * compressionZpaq + 178668.147220886 * compression + -171928.98797047 * compressionLzo + -133215.37444605 * compressionGzip + 11711.4098988333 * encryption + 62677.4826968072 * compressionLrzip + 3622.67620883813 * level7;3.49914071170813;3.49914071170813;3.49914071170813;3.49914071170813;0.272148;8;3622.67620883813 * level7;1;0.479554057485016;
8;42524.5948604211 * level + 450930.509358223 * compressionZpaq + 178799.480005366 * compression + -171965.181513238 * compressionLzo + -133214.07410235 * compressionGzip + 11793.3315519788 * encryption + 62678.7830405075 * compressionLrzip + 3702.39653830021 * level7 + 3245.40513957944 * level9;3.17718462188036;3.17718462188036;3.17718462188036;3.17718462188036;0.37851;9;3245.40513957944 * level9;1;0.321956089827769;
9;42448.8634686609 * level + 450933.626929281 * compressionZpaq + 178900.151965584 * compression + -172776.619063499 * compressionLzo + -133214.964836937 * compressionGzip + 11737.2152729491 * encryption + 62677.8923059198 * compressionLrzip + 4136.39004494241 * level7 + 3321.13653133852 * level9 + 2159.46011395428 * compressionLzo * level2;2.81425571627812;2.81425571627812;2.81425571627812;2.81425571627812;0.514125;11;2159.46011395428 * compressionLzo * level2;2;0.181464452801121;
Elapsed=00:00:00.5144598
Learning progress:
1;94580.4109589041 * level + 583817.922374428 * compressionZpaq;67.6182432031817;67.6182432031817;67.6182432031817;67.6182432031817;0.0047;2;583817.922374428 * compressionZpaq;1;80.1818947613504;
2;77282.9850746268 * level + 601115.348258707 * compressionZpaq + 210452.014925373 * compressionLrzip;37.1656661832897;37.1656661832897;37.1656661832897;37.1656661832897;0.01616;3;210452.014925373 * compressionLrzip;1;30.452577019892;
3;56732.5423728814 * level + 621665.790960452 * compressionZpaq + 231002.45762712 * compressionLrzip + 172109.957627119 * compressionBzip2;10.8813129677977;10.8813129677977;10.8813129677977;10.8813129677977;0.035464;4;172109.957627119 * compressionBzip2;1;26.284353215492;
4;56922.4137931036 * level + 621475.919540229 * compressionZpaq + 230812.586206895 * compressionLrzip + 171920.086206896 * compressionBzip2 + -11202.4137931038 * level6;9.58399457474197;9.58399457474197;9.58399457474197;9.58399457474197;0.067879;5;-11202.4137931038 * level6;1;1.29731839305569;
5;57097.3684210525 * level + 621300.964912281 * compressionZpaq + 230637.631578948 * compressionLrzip + 171745.131578948 * compressionBzip2 + -11377.3684210524 * level6 + -10147.3684210525 * level8;8.48947161161516;8.48947161161516;8.48947161161516;8.48947161161516;0.112168;6;-10147.3684210525 * level8;1;1.09452296312681;
6;58501.3333333334 * level + 619897 * compressionZpaq + 229233.666666667 * compressionLrzip + 170341.166666667 * compressionBzip2 + -12781.3333333332 * level6 + -11551.3333333333 * level8 + -6668.83333333317 * level2;8.18918573343071;8.18918573343071;8.18918573343071;8.18918573343071;0.171221;7;-6668.83333333317 * level2;1;0.30028587818445;
Elapsed=00:00:00.1714522
Learning progress:
1;88569.0410958904 * level + 589794.292237442 * compressionZpaq;58.5001031522851;58.5001031522851;58.5001031522851;58.5001031522851;0.004872;2;589794.292237442 * compressionZpaq;1;66.090507564331;
2;73704.4117647058 * level + 604658.921568628 * compressionZpaq + 217023.588235294 * compressionLrzip;34.4217993284732;34.4217993284732;34.4217993284732;34.4217993284732;0.017194;3;217023.588235294 * compressionLrzip;1;24.078303823812;
3;56049.1803278688 * level + 622314.153005466 * compressionZpaq + 234678.819672132 * compressionLrzip + 171507.962529274 * compressionBzip2;14.4397207858693;14.4397207858693;14.4397207858693;14.4397207858693;0.036861;4;171507.962529274 * compressionBzip2;1;19.9820785426039;
4;48662.2857142858 * level + 612370.256410256 * compressionZpaq + 224734.923076923 * compressionLrzip + 161564.065934066 * compressionBzip2 + 17330.7912087912 * compression;9.49999971394002;9.49999971394002;9.49999971394002;9.49999971394002;0.070124;5;17330.7912087912 * compression;1;4.93972107192927;
5;48662.2857142857 * level + 583756.190476191 * compressionZpaq + 196120.857142858 * compressionLrzip + 132950.000000001 * compressionBzip2 + 45944.8571428569 * compression + -39156.0902255638 * compressionLzo;7.25429390380915;7.25429390380915;7.25429390380915;7.25429390380915;0.122069;6;-39156.0902255638 * compressionLzo;1;2.24570581013087;
6;43407.9779971884 * level + 584631.90842904 * compressionZpaq + 195770.569961717 * compressionLrzip + 132950 * compressionBzip2 + 44193.4212371582 * compression + -37312.4734827227 * compressionLzo + 12260.0513398937 * encryption;2.68586936946136;2.68586936946136;2.68586936946136;2.68586936946136;0.194203;7;12260.0513398937 * encryption;1;4.56842453434779;
7;42940.9679613837 * level + 584606.513483577 * compressionZpaq + 195780.727939902 * compressionLrzip + 132950 * compressionBzip2 + 44863.5908366661 * compression + -38506.8991468748 * compressionLzo + 11904.5221034127 * encryption + 3613.04830006309 * level7;1.67216649671267;1.67216649671267;1.67216649671267;1.67216649671267;0.286217;8;3613.04830006309 * level7;1;1.01370287274869;
8;42686.1669532025 * level + 584615.960951794 * compressionZpaq + 195776.948952616 * compressionLrzip + 132950 * compressionBzip2 + 45042.8120991186 * compression + -38516.2939962818 * compressionLzo + 12036.7866584388 * encryption + 3705.78177795645 * level7 + 3188.83304679771 * level9;1.55947360148201;1.55947360148201;1.55947360148201;1.55947360148201;0.403645;9;3188.83304679771 * level9;1;0.112692895230668;
Elapsed=00:00:00.4039998
Learning progress:
1;91756.4864864865 * level + 584943.513513512 * compressionZpaq;55.1364778925186;55.1364778925186;55.1364778925186;55.1364778925186;0.004923;2;584943.513513512 * compressionZpaq;1;61.8130384254571;
2;70989.1044776119 * level + 605710.895522387 * compressionZpaq + 219540.895522389 * compressionLrzip;31.1162256927742;31.1162256927742;31.1162256927742;31.1162256927742;0.017262;3;219540.895522389 * compressionLrzip;1;24.0202521997445;
3;56068.0327868852 * level + 620631.967213116 * compressionZpaq + 234461.967213115 * compressionLrzip + 166618.633879781 * compressionBzip2;9.88158132823754;9.88158132823754;9.88158132823754;9.88158132823754;0.037776;4;166618.633879781 * compressionBzip2;1;21.2346443645366;
4;56236.1666666669 * level + 620463.833333332 * compressionZpaq + 234293.833333333 * compressionLrzip + 166450.499999999 * compressionBzip2 + -10256.1666666665 * level9;8.77287486899377;8.77287486899377;8.77287486899377;8.77287486899377;0.070678;5;-10256.1666666665 * level9;1;1.10870645924377;
5;56236.1666666667 * level + 620463.833333333 * compressionZpaq + 234293.833333334 * compressionLrzip + 164051.833333334 * compressionBzip2 + -10256.1666666668 * level9 + 14392.0000000005 * compressionBzip2 * encryption;8.0624643343058;8.0624643343058;8.0624643343058;8.0624643343058;0.117438;7;14392.0000000005 * compressionBzip2 * encryption;2;0.355205267343982;
Elapsed=00:00:00.1176852
Learning progress:
1;92403.1944444444 * level + 586391.091269841 * compressionZpaq;65.4927145631314;65.4927145631314;65.4927145631314;65.4927145631314;0.004898;2;586391.091269841 * compressionZpaq;1;78.9598077306196;
2;71063.2307692308 * level + 607731.054945054 * compressionZpaq + 219496.769230769 * compressionLrzip;40.9727533037595;40.9727533037595;40.9727533037595;40.9727533037595;0.015986;3;219496.769230769 * compressionLrzip;1;24.5199612593719;
3;55281.3559322033 * level + 623512.929782082 * compressionZpaq + 235278.644067797 * compressionLrzip + 170970.310734463 * compressionBzip2;15.6932847611927;15.6932847611927;15.6932847611927;15.6932847611927;0.034936;4;170970.310734463 * compressionBzip2;1;25.2794685425668;
4;51412.8301886793 * level + 627381.455525607 * compressionZpaq + 239147.169811321 * compressionLrzip + 174838.836477987 * compressionBzip2 + 38040.5031446542 * compressionGzip;7.5476338870955;7.5476338870955;7.5476338870955;7.5476338870955;0.066284;5;38040.5031446542 * compressionGzip;1;8.14565087409722;
5;45311.3179083977 * level + 626091.421500633 * compressionZpaq + 237857.135786346 * compressionLrzip + 174472.745741171 * compressionBzip2 + 41986.147752569 * compressionGzip + 12935.2060341968 * encryption;5.13844379321393;5.13844379321393;5.13844379321393;5.13844379321393;0.112352;6;12935.2060341968 * encryption;1;2.40919009388157;
6;43352.8801387129 * level + 621519.391142701 * compressionZpaq + 233285.105428416 * compressionLrzip + 169833.961866231 * compressionBzip2 + 37035.8474649224 * compressionGzip + 12000.6567960747 * encryption + 7064.49626368566 * compression;3.47334149352408;3.47334149352408;3.47334149352408;3.47334149352408;0.17876;7;7064.49626368566 * compression;1;1.66510229968985;
7;42668.4848807651 * level + 622990.519097135 * compressionZpaq + 234756.23338285 * compressionLrzip + 171291.506653183 * compressionBzip2 + 38430.0041369588 * compressionGzip + 11810.492451327 * encryption + 6386.42890705534 * compression + 3802.30497923454 * level7;3.08334991203353;3.08334991203353;3.08334991203353;3.08334991203353;0.270232;8;3802.30497923454 * level7;1;0.389991581490557;
Elapsed=00:00:00.2705442
Learning progress:
1;101197.222222222 * level + 576954.027777778 * compressionZpaq;104.008312770979;104.008312770979;104.008312770979;104.008312770979;0.005973;2;576954.027777778 * compressionZpaq;1;117.060201428068;
2;49393.3333333333 * level + 539951.25 * compressionZpaq + 88806.6666666665 * compression;59.7461585042083;59.7461585042083;59.7461585042083;59.7461585042083;0.016171;3;88806.6666666665 * compression;1;44.2621542667703;
3;49393.3333333332 * level + 473166.902173912 * compressionZpaq + 155591.014492754 * compression + -147628.558352403 * compressionLzo;26.4557219861988;26.4557219861988;26.4557219861988;26.4557219861988;0.038381;4;-147628.558352403 * compressionLzo;1;33.2904365180094;
4;49393.3333333333 * level + 424245.625 * compressionZpaq + 204512.291666667 * compression + -196549.835526316 * compressionLzo + -160741.339285714 * compressionGzip;13.6495153082255;13.6495153082255;13.6495153082255;13.6495153082255;0.07163;5;-160741.339285714 * compressionGzip;1;12.8062066779734;
5;43634.224922207 * level + 423525.73644861 * compressionZpaq + 205232.180218057 * compression + -198179.056984726 * compressionLzo + -160638.498064087 * compressionGzip + 11518.2168222524 * encryption;4.57988042692528;4.57988042692528;4.57988042692528;4.57988042692528;0.118828;6;11518.2168222524 * encryption;1;9.0696348813002;
6;43535.2188250033 * level + 450934.792832408 * compressionZpaq + 177823.123834259 * compression + -170785.633142592 * compressionLzo + -133215.297952117 * compressionGzip + 11716.2290166602 * encryption + 62677.5591907401 * compressionLrzip;3.97869476919314;3.97869476919314;3.97869476919314;3.97869476919314;0.185966;7;62677.5591907401 * compressionLrzip;1;0.601185657732137;
7;42692.337268521 * level + 450935.060561176 * compressionZpaq + 178668.147220886 * compression + -171928.98797047 * compressionLzo + -133215.37444605 * compressionGzip + 11711.4098988333 * encryption + 62677.4826968072 * compressionLrzip + 3622.67620883813 * level7;3.49914071170813;3.49914071170813;3.49914071170813;3.49914071170813;0.2715;8;3622.67620883813 * level7;1;0.479554057485016;
Elapsed=00:00:00.2718052
Learning progress:
1;94580.4109589041 * level + 583817.922374428 * compressionZpaq;67.6182432031817;67.6182432031817;67.6182432031817;67.6182432031817;0.00496;2;583817.922374428 * compressionZpaq;1;80.1818947613504;
2;77282.9850746268 * level + 601115.348258707 * compressionZpaq + 210452.014925373 * compressionLrzip;37.1656661832897;37.1656661832897;37.1656661832897;37.1656661832897;0.017001;3;210452.014925373 * compressionLrzip;1;30.452577019892;
3;56732.5423728814 * level + 621665.790960452 * compressionZpaq + 231002.45762712 * compressionLrzip + 172109.957627119 * compressionBzip2;10.8813129677977;10.8813129677977;10.8813129677977;10.8813129677977;0.037743;4;172109.957627119 * compressionBzip2;1;26.284353215492;
4;56922.4137931036 * level + 621475.919540229 * compressionZpaq + 230812.586206895 * compressionLrzip + 171920.086206896 * compressionBzip2 + -11202.4137931038 * level6;9.58399457474197;9.58399457474197;9.58399457474197;9.58399457474197;0.069495;5;-11202.4137931038 * level6;1;1.29731839305569;
5;57097.3684210525 * level + 621300.964912281 * compressionZpaq + 230637.631578948 * compressionLrzip + 171745.131578948 * compressionBzip2 + -11377.3684210524 * level6 + -10147.3684210525 * level8;8.48947161161516;8.48947161161516;8.48947161161516;8.48947161161516;0.113859;6;-10147.3684210525 * level8;1;1.09452296312681;
6;58501.3333333334 * level + 619897 * compressionZpaq + 229233.666666667 * compressionLrzip + 170341.166666667 * compressionBzip2 + -12781.3333333332 * level6 + -11551.3333333333 * level8 + -6668.83333333317 * level2;8.18918573343071;8.18918573343071;8.18918573343071;8.18918573343071;0.177668;7;-6668.83333333317 * level2;1;0.30028587818445;
7;58501.3333333334 * level + 619897 * compressionZpaq + 229233.666666666 * compressionLrzip + 170341.166666666 * compressionBzip2 + -12781.3333333334 * level6 + -11551.3333333335 * level8 + -10969.9047619046 * level2 + 10322.5714285718 * level2 * encryption;7.75205704495241;7.75205704495241;7.75205704495241;7.75205704495241;0.258094;9;10322.5714285718 * level2 * encryption;2;0.218564344239151;
8;58501.3333333335 * level + 619897 * compressionZpaq + 229233.666666667 * compressionLrzip + 170341.166666667 * compressionBzip2 + -12781.3333333333 * level6 + -11551.3333333332 * level8 + -16282.1176470589 * level2 + 10056.9607843137 * level2 * encryption + 9296.37254901946 * level2 * compressionLzo;6.36404992822662;6.36404992822662;6.36404992822662;6.36404992822662;0.367992;11;9296.37254901946 * level2 * compressionLzo;2;0.694003558362891;
9;58501.3333333334 * level + 619897 * compressionZpaq + 225456.166666667 * compressionLrzip + 170341.166666667 * compressionBzip2 + -12781.3333333333 * level6 + -11551.3333333334 * level8 + -16282.1176470589 * level2 + 10056.9607843136 * level2 * encryption + 9296.37254901945 * level2 * compressionLzo + 11332.5000000007 * compressionLrzip * encryption;6.10853699871902;6.10853699871902;6.10853699871902;6.10853699871902;0.512887;13;11332.5000000007 * compressionLrzip * encryption;2;0.127756464753802;
10;58501.3333333335 * level + 619896.999999999 * compressionZpaq + 225456.166666666 * compressionLrzip + 164771.166666667 * compressionBzip2 + -12781.3333333333 * level6 + -11551.3333333334 * level8 + -16282.1176470587 * level2 + 10056.9607843137 * level2 * encryption + 9296.37254901964 * level2 * compressionLzo + 11332.4999999995 * compressionLrzip * encryption + 11139.9999999995 * compressionBzip2 * encryption;5.97486769226351;5.97486769226351;5.97486769226351;5.97486769226351;0.696452;15;11139.9999999995 * compressionBzip2 * encryption;2;0.0668346532277564;
Elapsed=00:00:00.6967719
Learning progress:
1;88569.0410958904 * level + 589794.292237442 * compressionZpaq;58.5001031522851;58.5001031522851;58.5001031522851;58.5001031522851;0.005743;2;589794.292237442 * compressionZpaq;1;66.090507564331;
2;73704.4117647058 * level + 604658.921568628 * compressionZpaq + 217023.588235294 * compressionLrzip;34.4217993284732;34.4217993284732;34.4217993284732;34.4217993284732;0.015689;3;217023.588235294 * compressionLrzip;1;24.078303823812;
3;56049.1803278688 * level + 622314.153005466 * compressionZpaq + 234678.819672132 * compressionLrzip + 171507.962529274 * compressionBzip2;14.4397207858693;14.4397207858693;14.4397207858693;14.4397207858693;0.036478;4;171507.962529274 * compressionBzip2;1;19.9820785426039;
4;48662.2857142858 * level + 612370.256410256 * compressionZpaq + 224734.923076923 * compressionLrzip + 161564.065934066 * compressionBzip2 + 17330.7912087912 * compression;9.49999971394002;9.49999971394002;9.49999971394002;9.49999971394002;0.067245;5;17330.7912087912 * compression;1;4.93972107192927;
5;48662.2857142857 * level + 583756.190476191 * compressionZpaq + 196120.857142858 * compressionLrzip + 132950.000000001 * compressionBzip2 + 45944.8571428569 * compression + -39156.0902255638 * compressionLzo;7.25429390380915;7.25429390380915;7.25429390380915;7.25429390380915;0.119776;6;-39156.0902255638 * compressionLzo;1;2.24570581013087;
6;43407.9779971884 * level + 584631.90842904 * compressionZpaq + 195770.569961717 * compressionLrzip + 132950 * compressionBzip2 + 44193.4212371582 * compression + -37312.4734827227 * compressionLzo + 12260.0513398937 * encryption;2.68586936946136;2.68586936946136;2.68586936946136;2.68586936946136;0.189914;7;12260.0513398937 * encryption;1;4.56842453434779;
7;42940.9679613837 * level + 584606.513483577 * compressionZpaq + 195780.727939902 * compressionLrzip + 132950 * compressionBzip2 + 44863.5908366661 * compression + -38506.8991468748 * compressionLzo + 11904.5221034127 * encryption + 3613.04830006309 * level7;1.67216649671267;1.67216649671267;1.67216649671267;1.67216649671267;0.282867;8;3613.04830006309 * level7;1;1.01370287274869;
8;42686.1669532025 * level + 584615.960951794 * compressionZpaq + 195776.948952616 * compressionLrzip + 132950 * compressionBzip2 + 45042.8120991186 * compression + -38516.2939962818 * compressionLzo + 12036.7866584388 * encryption + 3705.78177795645 * level7 + 3188.83304679771 * level9;1.55947360148201;1.55947360148201;1.55947360148201;1.55947360148201;0.41324;9;3188.83304679771 * level9;1;0.112692895230668;
9;42540.0249133124 * level + 584536.214572971 * compressionZpaq + 195701.88571552 * compressionLrzip + 132950 * compressionBzip2 + 44757.3072833331 * compression + -38299.4307906541 * compressionLzo + 11989.9552411829 * encryption + 3913.56294965766 * level7 + 3334.97508668754 * level9 + 534.808943124917 * level3;1.42061675190631;1.42061675190631;1.42061675190631;1.42061675190631;0.557406;10;534.808943124917 * level3;1;0.138856849575702;
10;42145.1571435311 * level + 584483.733441149 * compressionZpaq + 195660.425533647 * compressionLrzip + 132950.000000001 * compressionBzip2 + 44947.4977616677 * compression + -38254.8934741902 * compressionLzo + 11879.7457416944 * encryption + 4255.35569674187 * level7 + 3729.84285646856 * level9 + 847.072116138012 * level3 + 1447.84528978661 * level5;1.20485316766874;1.20485316766874;1.20485316766874;1.20485316766874;0.734942;11;1447.84528978661 * level5;1;0.215763584237569;
11;41689.1019113377 * level + 584453.789574847 * compressionZpaq + 195619.492583489 * compressionLrzip + 132950 * compressionBzip2 + 45113.9989575034 * compression + -38180.9637734798 * compressionLzo + 11989.6365802349 * encryption + 4527.09249151354 * level7 + 4185.89808866255 * level9 + 1111.6245995286 * level3 + 1841.10575709954 * level5 + 3450.89808866243 * level8;0.980042662621418;0.980042662621418;0.980042662621418;0.980042662621418;0.945995;12;3450.89808866243 * level8;1;0.224810505047318;
Elapsed=00:00:00.9464337
Learning progress:
1;91756.4864864865 * level + 584943.513513512 * compressionZpaq;55.1364778925186;55.1364778925186;55.1364778925186;55.1364778925186;0.006248;2;584943.513513512 * compressionZpaq;1;61.8130384254571;
2;70989.1044776119 * level + 605710.895522387 * compressionZpaq + 219540.895522389 * compressionLrzip;31.1162256927742;31.1162256927742;31.1162256927742;31.1162256927742;0.01687;3;219540.895522389 * compressionLrzip;1;24.0202521997445;
3;56068.0327868852 * level + 620631.967213116 * compressionZpaq + 234461.967213115 * compressionLrzip + 166618.633879781 * compressionBzip2;9.88158132823754;9.88158132823754;9.88158132823754;9.88158132823754;0.037692;4;166618.633879781 * compressionBzip2;1;21.2346443645366;
4;56236.1666666669 * level + 620463.833333332 * compressionZpaq + 234293.833333333 * compressionLrzip + 166450.499999999 * compressionBzip2 + -10256.1666666665 * level9;8.77287486899377;8.77287486899377;8.77287486899377;8.77287486899377;0.070597;5;-10256.1666666665 * level9;1;1.10870645924377;
5;56236.1666666667 * level + 620463.833333333 * compressionZpaq + 234293.833333334 * compressionLrzip + 164051.833333334 * compressionBzip2 + -10256.1666666668 * level9 + 14392.0000000005 * compressionBzip2 * encryption;8.0624643343058;8.0624643343058;8.0624643343058;8.0624643343058;0.117741;7;14392.0000000005 * compressionBzip2 * encryption;2;0.355205267343982;
6;50467.1153846155 * level + 626232.884615384 * compressionZpaq + 240062.884615385 * compressionLrzip + 169820.884615384 * compressionBzip2 + -4487.11538461569 * level9 + 14392.0000000001 * compressionBzip2 * encryption + 43267.8846153848 * compressionGzip;7.79403594945864;7.79403594945864;7.79403594945864;7.79403594945864;0.186396;8;43267.8846153848 * compressionGzip;1;0.268428384847164;
7;45781.9640122512 * level + 626045.478560491 * compressionZpaq + 237787.239663094 * compressionLrzip + 174506.035987749 * compressionBzip2 + 198.035987748968 * level9 + 2210.60643185316 * compressionBzip2 * encryption + 41862.3392036753 * compressionGzip + 12181.393568147 * encryption;3.9408522874246;3.9408522874246;3.9408522874246;3.9408522874246;0.276555;9;12181.393568147 * encryption;1;3.85318366203404;
8;43214.0470652799 * level + 621607.638608687 * compressionZpaq + 233443.44909319 * compressionLrzip + 169848.74747818 * compressionBzip2 + 2765.9529347211 * level9 + 2759.22782626799 * compressionBzip2 * encryption + 37479.3613913137 * compressionGzip + 11632.7721737316 * encryption + 7225.2054565409 * compression;2.19509918942016;2.19509918942016;2.19509918942016;2.19509918942016;0.396217;10;7225.2054565409 * compression;1;1.74575309800444;
9;42535.5411917347 * level + 622719.060729809 * compressionZpaq + 234563.721290923 * compressionLrzip + 170939.519420541 * compressionBzip2 + 3444.45880826513 * level9 + 2810.85327316895 * compressionBzip2 * encryption + 38595.9460571256 * compressionGzip + 11581.1467268312 * encryption + 6812.93938772435 * compression + 3713.34464489029 * level7;1.43658346531835;1.43658346531835;1.43658346531835;1.43658346531835;0.54955;11;3713.34464489029 * level7;1;0.758515724101817;
10;42362.8573658455 * level + 622589.974490232 * compressionZpaq + 234461.650143298 * compressionLrzip + 170902.333767753 * compressionBzip2 + 3617.14263415323 * level9 + 2523.00088069504 * compressionBzip2 * encryption + 38603.6622159844 * compressionGzip + 11520.39356629 * encryption + 6790.40516439063 * compression + 3583.6873339066 * level7 + 581.009255025874 * disableCompressibilityTesting;1.31707233611498;1.31707233611498;1.31707233611498;1.31707233611498;0.739745;12;581.009255025874 * disableCompressibilityTesting;1;0.119511129203369;
11;42447.7843205894 * level + 622970.774826109 * compressionZpaq + 234888.940815624 * compressionLrzip + 171183.281605251 * compressionBzip2 + 3532.21567941069 * level9 + 2769.39776914079 * compressionBzip2 * encryption + 39018.3201595843 * compressionGzip + 11254.5905328352 * encryption + 6411.59294214385 * compression + 3553.36198657869 * level7 + 613.352830040424 * disableCompressibilityTesting + 906.754728887965 * encryption * compressionLzo;1.2198900075256;1.2198900075256;1.2198900075256;1.2198900075256;0.971278;14;906.754728887965 * encryption * compressionLzo;2;0.0485911642946917;
Elapsed=00:00:00.9717528
Learning progress:
1;92403.1944444444 * level + 586391.091269841 * compressionZpaq;65.4927145631314;65.4927145631314;65.4927145631314;65.4927145631314;0.005018;2;586391.091269841 * compressionZpaq;1;78.9598077306196;
2;71063.2307692308 * level + 607731.054945054 * compressionZpaq + 219496.769230769 * compressionLrzip;40.9727533037595;40.9727533037595;40.9727533037595;40.9727533037595;0.017362;3;219496.769230769 * compressionLrzip;1;24.5199612593719;
3;55281.3559322033 * level + 623512.929782082 * compressionZpaq + 235278.644067797 * compressionLrzip + 170970.310734463 * compressionBzip2;15.6932847611927;15.6932847611927;15.6932847611927;15.6932847611927;0.036903;4;170970.310734463 * compressionBzip2;1;25.2794685425668;
4;51412.8301886793 * level + 627381.455525607 * compressionZpaq + 239147.169811321 * compressionLrzip + 174838.836477987 * compressionBzip2 + 38040.5031446542 * compressionGzip;7.5476338870955;7.5476338870955;7.5476338870955;7.5476338870955;0.068203;5;38040.5031446542 * compressionGzip;1;8.14565087409722;
5;45311.3179083977 * level + 626091.421500633 * compressionZpaq + 237857.135786346 * compressionLrzip + 174472.745741171 * compressionBzip2 + 41986.147752569 * compressionGzip + 12935.2060341968 * encryption;5.13844379321393;5.13844379321393;5.13844379321393;5.13844379321393;0.114068;6;12935.2060341968 * encryption;1;2.40919009388157;
6;43352.8801387129 * level + 621519.391142701 * compressionZpaq + 233285.105428416 * compressionLrzip + 169833.961866231 * compressionBzip2 + 37035.8474649224 * compressionGzip + 12000.6567960747 * encryption + 7064.49626368566 * compression;3.47334149352408;3.47334149352408;3.47334149352408;3.47334149352408;0.180453;7;7064.49626368566 * compression;1;1.66510229968985;
7;42668.4848807651 * level + 622990.519097135 * compressionZpaq + 234756.23338285 * compressionLrzip + 171291.506653183 * compressionBzip2 + 38430.0041369588 * compressionGzip + 11810.492451327 * encryption + 6386.42890705534 * compression + 3802.30497923454 * level7;3.08334991203353;3.08334991203353;3.08334991203353;3.08334991203353;0.272328;8;3802.30497923454 * level7;1;0.389991581490557;
8;43387.5024960767 * level + 622869.260854358 * compressionZpaq + 234634.975140072 * compressionLrzip + 172390.371718707 * compressionBzip2 + 39332.2684642207 * compressionGzip + 11220.690236541 * encryption + 6125.69937154252 * compression + 3550.68196870005 * level7 + -7573.51222758008 * level1;2.83469285276293;2.83469285276293;2.83469285276293;2.83469285276293;0.388161;9;-7573.51222758008 * level1;1;0.248657059270597;
9;43332.230742451 * level + 623376.228086344 * compressionZpaq + 235141.942372058 * compressionLrzip + 172892.002829661 * compressionBzip2 + 39831.3754652633 * compressionGzip + 11213.1179068083 * encryption + 5678.33093874318 * compression + 3833.96498428685 * level7 + -7544.74078555335 * level1 + 1429.56757472082 * compression * level2;2.50326354067313;2.50326354067313;2.50326354067313;2.50326354067313;0.527282;11;1429.56757472082 * compression * level2;2;0.165714656044898;
10;43509.8434412337 * level + 623306.428914187 * compressionZpaq + 235072.143199901 * compressionLrzip + 172839.543457553 * compressionBzip2 + 39788.5872207642 * compressionGzip + 11242.1312896358 * encryption + 5553.93833621588 * compression + 3701.96951086669 * level7 + -7636.34527892226 * level1 + 2278.1818681543 * compression * level2 + -919.242419385195 * level2;2.30570267510734;2.30570267510734;2.30570267510734;2.30570267510734;0.709557;12;-919.242419385195 * level2;1;0.197560865565795;
11;43638.5455480663 * level + 623828.603202757 * compressionZpaq + 235594.317488471 * compressionLrzip + 173375.708726499 * compressionBzip2 + 40343.3199361481 * compressionGzip + 11297.8336289464 * encryption + 4871.23203263555 * compression + 3098.40666396425 * level7 + -7696.41873004525 * level1 + 2955.31793780334 * compression * level2 + -1075.79569587309 * level2 + 1568.76796736432 * level7 * compression;2.09722306582043;2.09722306582043;2.09722306582043;2.09722306582043;0.925254;14;1568.76796736432 * level7 * compression;2;0.104239804643456;
12;43579.4948202821 * level + 623844.572241429 * compressionZpaq + 235610.286527143 * compressionLrzip + 173393.205238434 * compressionBzip2 + 40416.7080834346 * compressionGzip + 11465.5085350002 * encryption + 4818.49948971783 * compression + 3061.64315971731 * level7 + -7633.72289560856 * level1 + 3100.01902880016 * compression * level2 + -556.90222768955 * level2 + 1621.50051028168 * level7 * compression + -1087.36038685196 * level2 * encryption;1.98749545486269;1.98749545486269;1.98749545486269;1.98749545486269;1.200819;16;-1087.36038685196 * level2 * encryption;2;0.0548638054788669;
Elapsed=00:00:01.2012796
Learning progress:
1;101197.222222222 * level + 576954.027777778 * compressionZpaq;104.008312770979;104.008312770979;104.008312770979;104.008312770979;0.004844;2;576954.027777778 * compressionZpaq;1;117.060201428068;
2;49393.3333333333 * level + 539951.25 * compressionZpaq + 88806.6666666665 * compression;59.7461585042083;59.7461585042083;59.7461585042083;59.7461585042083;0.015895;3;88806.6666666665 * compression;1;44.2621542667703;
3;49393.3333333332 * level + 473166.902173912 * compressionZpaq + 155591.014492754 * compression + -147628.558352403 * compressionLzo;26.4557219861988;26.4557219861988;26.4557219861988;26.4557219861988;0.037665;4;-147628.558352403 * compressionLzo;1;33.2904365180094;
4;49393.3333333333 * level + 424245.625 * compressionZpaq + 204512.291666667 * compression + -196549.835526316 * compressionLzo + -160741.339285714 * compressionGzip;13.6495153082255;13.6495153082255;13.6495153082255;13.6495153082255;0.070492;5;-160741.339285714 * compressionGzip;1;12.8062066779734;
5;43634.224922207 * level + 423525.73644861 * compressionZpaq + 205232.180218057 * compression + -198179.056984726 * compressionLzo + -160638.498064087 * compressionGzip + 11518.2168222524 * encryption;4.57988042692528;4.57988042692528;4.57988042692528;4.57988042692528;0.120608;6;11518.2168222524 * encryption;1;9.0696348813002;
6;43535.2188250033 * level + 450934.792832408 * compressionZpaq + 177823.123834259 * compression + -170785.633142592 * compressionLzo + -133215.297952117 * compressionGzip + 11716.2290166602 * encryption + 62677.5591907401 * compressionLrzip;3.97869476919314;3.97869476919314;3.97869476919314;3.97869476919314;0.188849;7;62677.5591907401 * compressionLrzip;1;0.601185657732137;
7;42692.337268521 * level + 450935.060561176 * compressionZpaq + 178668.147220886 * compression + -171928.98797047 * compressionLzo + -133215.37444605 * compressionGzip + 11711.4098988333 * encryption + 62677.4826968072 * compressionLrzip + 3622.67620883813 * level7;3.49914071170813;3.49914071170813;3.49914071170813;3.49914071170813;0.274355;8;3622.67620883813 * level7;1;0.479554057485016;
8;42524.5948604211 * level + 450930.509358223 * compressionZpaq + 178799.480005366 * compression + -171965.181513238 * compressionLzo + -133214.07410235 * compressionGzip + 11793.3315519788 * encryption + 62678.7830405075 * compressionLrzip + 3702.39653830021 * level7 + 3245.40513957944 * level9;3.17718462188036;3.17718462188036;3.17718462188036;3.17718462188036;0.383193;9;3245.40513957944 * level9;1;0.321956089827769;
9;42448.8634686609 * level + 450933.626929281 * compressionZpaq + 178900.151965584 * compression + -172776.619063499 * compressionLzo + -133214.964836937 * compressionGzip + 11737.2152729491 * encryption + 62677.8923059198 * compressionLrzip + 4136.39004494241 * level7 + 3321.13653133852 * level9 + 2159.46011395428 * compressionLzo * level2;2.81425571627812;2.81425571627812;2.81425571627812;2.81425571627812;0.519169;11;2159.46011395428 * compressionLzo * level2;2;0.181464452801121;
10;42541.5236884913 * level + 450943.660757229 * compressionZpaq + 178887.762369335 * compression + -172761.088442849 * compressionLzo + -135325.937650299 * compressionGzip + 11556.60636989 * encryption + 62675.0254979348 * compressionLrzip + 4139.53106934366 * level7 + 3228.47631150868 * level9 + 2184.06480509569 * compressionLzo * level2 + 4918.91401254595 * compressionGzip * disableCompressibilityTesting;2.56794635608091;2.56794635608091;2.56794635608091;2.56794635608091;0.696747;13;4918.91401254595 * compressionGzip * disableCompressibilityTesting;2;0.123154680098601;
11;42816.8927337792 * level + 450942.487473592 * compressionZpaq + 178603.007054959 * compression + -172672.52425094 * compressionLzo + -135321.831157573 * compressionGzip + 11577.725475339 * encryption + 62675.3607218308 * compressionLrzip + 3943.33994687598 * level7 + 2953.1072662209 * level9 + 3080.68619832989 * compressionLzo * level2 + 4910.11438527557 * compressionGzip * disableCompressibilityTesting + -989.878719687188 * level2;2.44660303764018;2.44660303764018;2.44660303764018;2.44660303764018;0.922145;14;-989.878719687188 * level2;1;0.121343318440728;
12;42932.4043465591 * level + 450941.536231733 * compressionZpaq + 178479.885507307 * compression + -172939.345756038 * compressionLzo + -135318.501811066 * compressionGzip + 11594.847828802 * encryption + 62675.6325052191 * compressionLrzip + 3553.39689412551 * level7 + 2837.59565344115 * level9 + 3468.99855075082 * compressionLzo * level2 + 4902.98007133226 * compressionGzip * disableCompressibilityTesting + -1115.17453444601 * level2 + 964.568426979472 * level7 * compression;2.36898088578546;2.36898088578546;2.36898088578546;2.36898088578546;1.193493;16;964.568426979472 * level7 * compression;2;0.0388110759273612;
Elapsed=00:00:01.1938796
Learning progress:
1;94580.4109589041 * level + 583817.922374428 * compressionZpaq;67.6182432031817;67.6182432031817;67.6182432031817;67.6182432031817;0.004091;2;583817.922374428 * compressionZpaq;1;80.1818947613504;
2;77282.9850746268 * level + 601115.348258707 * compressionZpaq + 210452.014925373 * compressionLrzip;37.1656661832897;37.1656661832897;37.1656661832897;37.1656661832897;0.016401;3;210452.014925373 * compressionLrzip;1;30.452577019892;
3;56732.5423728814 * level + 621665.790960452 * compressionZpaq + 231002.45762712 * compressionLrzip + 172109.957627119 * compressionBzip2;10.8813129677977;10.8813129677977;10.8813129677977;10.8813129677977;0.035772;4;172109.957627119 * compressionBzip2;1;26.284353215492;
4;56922.4137931036 * level + 621475.919540229 * compressionZpaq + 230812.586206895 * compressionLrzip + 171920.086206896 * compressionBzip2 + -11202.4137931038 * level6;9.58399457474197;9.58399457474197;9.58399457474197;9.58399457474197;0.066893;5;-11202.4137931038 * level6;1;1.29731839305569;
5;57097.3684210525 * level + 621300.964912281 * compressionZpaq + 230637.631578948 * compressionLrzip + 171745.131578948 * compressionBzip2 + -11377.3684210524 * level6 + -10147.3684210525 * level8;8.48947161161516;8.48947161161516;8.48947161161516;8.48947161161516;0.109962;6;-10147.3684210525 * level8;1;1.09452296312681;
6;58501.3333333334 * level + 619897 * compressionZpaq + 229233.666666667 * compressionLrzip + 170341.166666667 * compressionBzip2 + -12781.3333333332 * level6 + -11551.3333333333 * level8 + -6668.83333333317 * level2;8.18918573343071;8.18918573343071;8.18918573343071;8.18918573343071;0.171713;7;-6668.83333333317 * level2;1;0.30028587818445;
7;58501.3333333334 * level + 619897 * compressionZpaq + 229233.666666666 * compressionLrzip + 170341.166666666 * compressionBzip2 + -12781.3333333334 * level6 + -11551.3333333335 * level8 + -10969.9047619046 * level2 + 10322.5714285718 * level2 * encryption;7.75205704495241;7.75205704495241;7.75205704495241;7.75205704495241;0.253551;9;10322.5714285718 * level2 * encryption;2;0.218564344239151;
8;58501.3333333335 * level + 619897 * compressionZpaq + 229233.666666667 * compressionLrzip + 170341.166666667 * compressionBzip2 + -12781.3333333333 * level6 + -11551.3333333332 * level8 + -16282.1176470589 * level2 + 10056.9607843137 * level2 * encryption + 9296.37254901946 * level2 * compressionLzo;6.36404992822662;6.36404992822662;6.36404992822662;6.36404992822662;0.365468;11;9296.37254901946 * level2 * compressionLzo;2;0.694003558362891;
9;58501.3333333334 * level + 619897 * compressionZpaq + 225456.166666667 * compressionLrzip + 170341.166666667 * compressionBzip2 + -12781.3333333333 * level6 + -11551.3333333334 * level8 + -16282.1176470589 * level2 + 10056.9607843136 * level2 * encryption + 9296.37254901945 * level2 * compressionLzo + 11332.5000000007 * compressionLrzip * encryption;6.10853699871902;6.10853699871902;6.10853699871902;6.10853699871902;0.509682;13;11332.5000000007 * compressionLrzip * encryption;2;0.127756464753802;
Elapsed=00:00:00.5100032
Learning progress:
1;88569.0410958904 * level + 589794.292237442 * compressionZpaq;58.5001031522851;58.5001031522851;58.5001031522851;58.5001031522851;0.005556;2;589794.292237442 * compressionZpaq;1;66.090507564331;
2;73704.4117647058 * level + 604658.921568628 * compressionZpaq + 217023.588235294 * compressionLrzip;34.4217993284732;34.4217993284732;34.4217993284732;34.4217993284732;0.016252;3;217023.588235294 * compressionLrzip;1;24.078303823812;
3;56049.1803278688 * level + 622314.153005466 * compressionZpaq + 234678.819672132 * compressionLrzip + 171507.962529274 * compressionBzip2;14.4397207858693;14.4397207858693;14.4397207858693;14.4397207858693;0.0368;4;171507.962529274 * compressionBzip2;1;19.9820785426039;
4;48662.2857142858 * level + 612370.256410256 * compressionZpaq + 224734.923076923 * compressionLrzip + 161564.065934066 * compressionBzip2 + 17330.7912087912 * compression;9.49999971394002;9.49999971394002;9.49999971394002;9.49999971394002;0.068744;5;17330.7912087912 * compression;1;4.93972107192927;
5;48662.2857142857 * level + 583756.190476191 * compressionZpaq + 196120.857142858 * compressionLrzip + 132950.000000001 * compressionBzip2 + 45944.8571428569 * compression + -39156.0902255638 * compressionLzo;7.25429390380915;7.25429390380915;7.25429390380915;7.25429390380915;0.119268;6;-39156.0902255638 * compressionLzo;1;2.24570581013087;
6;43407.9779971884 * level + 584631.90842904 * compressionZpaq + 195770.569961717 * compressionLrzip + 132950 * compressionBzip2 + 44193.4212371582 * compression + -37312.4734827227 * compressionLzo + 12260.0513398937 * encryption;2.68586936946136;2.68586936946136;2.68586936946136;2.68586936946136;0.189707;7;12260.0513398937 * encryption;1;4.56842453434779;
7;42940.9679613837 * level + 584606.513483577 * compressionZpaq + 195780.727939902 * compressionLrzip + 132950 * compressionBzip2 + 44863.5908366661 * compression + -38506.8991468748 * compressionLzo + 11904.5221034127 * encryption + 3613.04830006309 * level7;1.67216649671267;1.67216649671267;1.67216649671267;1.67216649671267;0.280406;8;3613.04830006309 * level7;1;1.01370287274869;
8;42686.1669532025 * level + 584615.960951794 * compressionZpaq + 195776.948952616 * compressionLrzip + 132950 * compressionBzip2 + 45042.8120991186 * compression + -38516.2939962818 * compressionLzo + 12036.7866584388 * encryption + 3705.78177795645 * level7 + 3188.83304679771 * level9;1.55947360148201;1.55947360148201;1.55947360148201;1.55947360148201;0.396317;9;3188.83304679771 * level9;1;0.112692895230668;
Elapsed=00:00:00.3966857
Learning progress:
1;91756.4864864865 * level + 584943.513513512 * compressionZpaq;55.1364778925186;55.1364778925186;55.1364778925186;55.1364778925186;0.004831;2;584943.513513512 * compressionZpaq;1;61.8130384254571;
2;70989.1044776119 * level + 605710.895522387 * compressionZpaq + 219540.895522389 * compressionLrzip;31.1162256927742;31.1162256927742;31.1162256927742;31.1162256927742;0.015037;3;219540.895522389 * compressionLrzip;1;24.0202521997445;
3;56068.0327868852 * level + 620631.967213116 * compressionZpaq + 234461.967213115 * compressionLrzip + 166618.633879781 * compressionBzip2;9.88158132823754;9.88158132823754;9.88158132823754;9.88158132823754;0.036029;4;166618.633879781 * compressionBzip2;1;21.2346443645366;
4;56236.1666666669 * level + 620463.833333332 * compressionZpaq + 234293.833333333 * compressionLrzip + 166450.499999999 * compressionBzip2 + -10256.1666666665 * level9;8.77287486899377;8.77287486899377;8.77287486899377;8.77287486899377;0.067599;5;-10256.1666666665 * level9;1;1.10870645924377;
5;56236.1666666667 * level + 620463.833333333 * compressionZpaq + 234293.833333334 * compressionLrzip + 164051.833333334 * compressionBzip2 + -10256.1666666668 * level9 + 14392.0000000005 * compressionBzip2 * encryption;8.0624643343058;8.0624643343058;8.0624643343058;8.0624643343058;0.115086;7;14392.0000000005 * compressionBzip2 * encryption;2;0.355205267343982;
6;50467.1153846155 * level + 626232.884615384 * compressionZpaq + 240062.884615385 * compressionLrzip + 169820.884615384 * compressionBzip2 + -4487.11538461569 * level9 + 14392.0000000001 * compressionBzip2 * encryption + 43267.8846153848 * compressionGzip;7.79403594945864;7.79403594945864;7.79403594945864;7.79403594945864;0.183832;8;43267.8846153848 * compressionGzip;1;0.268428384847164;
7;45781.9640122512 * level + 626045.478560491 * compressionZpaq + 237787.239663094 * compressionLrzip + 174506.035987749 * compressionBzip2 + 198.035987748968 * level9 + 2210.60643185316 * compressionBzip2 * encryption + 41862.3392036753 * compressionGzip + 12181.393568147 * encryption;3.9408522874246;3.9408522874246;3.9408522874246;3.9408522874246;0.272724;9;12181.393568147 * encryption;1;3.85318366203404;
8;43214.0470652799 * level + 621607.638608687 * compressionZpaq + 233443.44909319 * compressionLrzip + 169848.74747818 * compressionBzip2 + 2765.9529347211 * level9 + 2759.22782626799 * compressionBzip2 * encryption + 37479.3613913137 * compressionGzip + 11632.7721737316 * encryption + 7225.2054565409 * compression;2.19509918942016;2.19509918942016;2.19509918942016;2.19509918942016;0.392679;10;7225.2054565409 * compression;1;1.74575309800444;
9;42535.5411917347 * level + 622719.060729809 * compressionZpaq + 234563.721290923 * compressionLrzip + 170939.519420541 * compressionBzip2 + 3444.45880826513 * level9 + 2810.85327316895 * compressionBzip2 * encryption + 38595.9460571256 * compressionGzip + 11581.1467268312 * encryption + 6812.93938772435 * compression + 3713.34464489029 * level7;1.43658346531835;1.43658346531835;1.43658346531835;1.43658346531835;0.54793;11;3713.34464489029 * level7;1;0.758515724101817;
10;42362.8573658455 * level + 622589.974490232 * compressionZpaq + 234461.650143298 * compressionLrzip + 170902.333767753 * compressionBzip2 + 3617.14263415323 * level9 + 2523.00088069504 * compressionBzip2 * encryption + 38603.6622159844 * compressionGzip + 11520.39356629 * encryption + 6790.40516439063 * compression + 3583.6873339066 * level7 + 581.009255025874 * disableCompressibilityTesting;1.31707233611498;1.31707233611498;1.31707233611498;1.31707233611498;0.734704;12;581.009255025874 * disableCompressibilityTesting;1;0.119511129203369;
Elapsed=00:00:00.7352586
Learning progress:
1;92403.1944444444 * level + 586391.091269841 * compressionZpaq;65.4927145631314;65.4927145631314;65.4927145631314;65.4927145631314;0.004211;2;586391.091269841 * compressionZpaq;1;78.9598077306196;
2;71063.2307692308 * level + 607731.054945054 * compressionZpaq + 219496.769230769 * compressionLrzip;40.9727533037595;40.9727533037595;40.9727533037595;40.9727533037595;0.015489;3;219496.769230769 * compressionLrzip;1;24.5199612593719;
3;55281.3559322033 * level + 623512.929782082 * compressionZpaq + 235278.644067797 * compressionLrzip + 170970.310734463 * compressionBzip2;15.6932847611927;15.6932847611927;15.6932847611927;15.6932847611927;0.034817;4;170970.310734463 * compressionBzip2;1;25.2794685425668;
4;51412.8301886793 * level + 627381.455525607 * compressionZpaq + 239147.169811321 * compressionLrzip + 174838.836477987 * compressionBzip2 + 38040.5031446542 * compressionGzip;7.5476338870955;7.5476338870955;7.5476338870955;7.5476338870955;0.066923;5;38040.5031446542 * compressionGzip;1;8.14565087409722;
5;45311.3179083977 * level + 626091.421500633 * compressionZpaq + 237857.135786346 * compressionLrzip + 174472.745741171 * compressionBzip2 + 41986.147752569 * compressionGzip + 12935.2060341968 * encryption;5.13844379321393;5.13844379321393;5.13844379321393;5.13844379321393;0.112496;6;12935.2060341968 * encryption;1;2.40919009388157;
6;43352.8801387129 * level + 621519.391142701 * compressionZpaq + 233285.105428416 * compressionLrzip + 169833.961866231 * compressionBzip2 + 37035.8474649224 * compressionGzip + 12000.6567960747 * encryption + 7064.49626368566 * compression;3.47334149352408;3.47334149352408;3.47334149352408;3.47334149352408;0.1769;7;7064.49626368566 * compression;1;1.66510229968985;
7;42668.4848807651 * level + 622990.519097135 * compressionZpaq + 234756.23338285 * compressionLrzip + 171291.506653183 * compressionBzip2 + 38430.0041369588 * compressionGzip + 11810.492451327 * encryption + 6386.42890705534 * compression + 3802.30497923454 * level7;3.08334991203353;3.08334991203353;3.08334991203353;3.08334991203353;0.267313;8;3802.30497923454 * level7;1;0.389991581490557;
8;43387.5024960767 * level + 622869.260854358 * compressionZpaq + 234634.975140072 * compressionLrzip + 172390.371718707 * compressionBzip2 + 39332.2684642207 * compressionGzip + 11220.690236541 * encryption + 6125.69937154252 * compression + 3550.68196870005 * level7 + -7573.51222758008 * level1;2.83469285276293;2.83469285276293;2.83469285276293;2.83469285276293;0.383501;9;-7573.51222758008 * level1;1;0.248657059270597;
9;43332.230742451 * level + 623376.228086344 * compressionZpaq + 235141.942372058 * compressionLrzip + 172892.002829661 * compressionBzip2 + 39831.3754652633 * compressionGzip + 11213.1179068083 * encryption + 5678.33093874318 * compression + 3833.96498428685 * level7 + -7544.74078555335 * level1 + 1429.56757472082 * compression * level2;2.50326354067313;2.50326354067313;2.50326354067313;2.50326354067313;0.523419;11;1429.56757472082 * compression * level2;2;0.165714656044898;
Elapsed=00:00:00.5237759
Learning progress:
1;101197.222222222 * level + 576954.027777778 * compressionZpaq;104.008312770979;104.008312770979;104.008312770979;104.008312770979;0.003866;2;576954.027777778 * compressionZpaq;1;117.060201428068;
2;49393.3333333333 * level + 539951.25 * compressionZpaq + 88806.6666666665 * compression;59.7461585042083;59.7461585042083;59.7461585042083;59.7461585042083;0.015442;3;88806.6666666665 * compression;1;44.2621542667703;
3;49393.3333333332 * level + 473166.902173912 * compressionZpaq + 155591.014492754 * compression + -147628.558352403 * compressionLzo;26.4557219861988;26.4557219861988;26.4557219861988;26.4557219861988;0.037648;4;-147628.558352403 * compressionLzo;1;33.2904365180094;
4;49393.3333333333 * level + 424245.625 * compressionZpaq + 204512.291666667 * compression + -196549.835526316 * compressionLzo + -160741.339285714 * compressionGzip;13.6495153082255;13.6495153082255;13.6495153082255;13.6495153082255;0.071652;5;-160741.339285714 * compressionGzip;1;12.8062066779734;
5;43634.224922207 * level + 423525.73644861 * compressionZpaq + 205232.180218057 * compression + -198179.056984726 * compressionLzo + -160638.498064087 * compressionGzip + 11518.2168222524 * encryption;4.57988042692528;4.57988042692528;4.57988042692528;4.57988042692528;0.120283;6;11518.2168222524 * encryption;1;9.0696348813002;
6;43535.2188250033 * level + 450934.792832408 * compressionZpaq + 177823.123834259 * compression + -170785.633142592 * compressionLzo + -133215.297952117 * compressionGzip + 11716.2290166602 * encryption + 62677.5591907401 * compressionLrzip;3.97869476919314;3.97869476919314;3.97869476919314;3.97869476919314;0.187634;7;62677.5591907401 * compressionLrzip;1;0.601185657732137;
7;42692.337268521 * level + 450935.060561176 * compressionZpaq + 178668.147220886 * compression + -171928.98797047 * compressionLzo + -133215.37444605 * compressionGzip + 11711.4098988333 * encryption + 62677.4826968072 * compressionLrzip + 3622.67620883813 * level7;3.49914071170813;3.49914071170813;3.49914071170813;3.49914071170813;0.27413;8;3622.67620883813 * level7;1;0.479554057485016;
8;42524.5948604211 * level + 450930.509358223 * compressionZpaq + 178799.480005366 * compression + -171965.181513238 * compressionLzo + -133214.07410235 * compressionGzip + 11793.3315519788 * encryption + 62678.7830405075 * compressionLrzip + 3702.39653830021 * level7 + 3245.40513957944 * level9;3.17718462188036;3.17718462188036;3.17718462188036;3.17718462188036;0.381969;9;3245.40513957944 * level9;1;0.321956089827769;
9;42448.8634686609 * level + 450933.626929281 * compressionZpaq + 178900.151965584 * compression + -172776.619063499 * compressionLzo + -133214.964836937 * compressionGzip + 11737.2152729491 * encryption + 62677.8923059198 * compressionLrzip + 4136.39004494241 * level7 + 3321.13653133852 * level9 + 2159.46011395428 * compressionLzo * level2;2.81425571627812;2.81425571627812;2.81425571627812;2.81425571627812;0.516029;11;2159.46011395428 * compressionLzo * level2;2;0.181464452801121;
Elapsed=00:00:00.5163597
Learning progress:
1;94580.4109589041 * level + 583817.922374428 * compressionZpaq;67.6182432031817;67.6182432031817;67.6182432031817;67.6182432031817;0.004583;2;583817.922374428 * compressionZpaq;1;80.1818947613504;
2;77282.9850746268 * level + 601115.348258707 * compressionZpaq + 210452.014925373 * compressionLrzip;37.1656661832897;37.1656661832897;37.1656661832897;37.1656661832897;0.016277;3;210452.014925373 * compressionLrzip;1;30.452577019892;
3;56732.5423728814 * level + 621665.790960452 * compressionZpaq + 231002.45762712 * compressionLrzip + 172109.957627119 * compressionBzip2;10.8813129677977;10.8813129677977;10.8813129677977;10.8813129677977;0.035723;4;172109.957627119 * compressionBzip2;1;26.284353215492;
4;56922.4137931036 * level + 621475.919540229 * compressionZpaq + 230812.586206895 * compressionLrzip + 171920.086206896 * compressionBzip2 + -11202.4137931038 * level6;9.58399457474197;9.58399457474197;9.58399457474197;9.58399457474197;0.068352;5;-11202.4137931038 * level6;1;1.29731839305569;
5;57097.3684210525 * level + 621300.964912281 * compressionZpaq + 230637.631578948 * compressionLrzip + 171745.131578948 * compressionBzip2 + -11377.3684210524 * level6 + -10147.3684210525 * level8;8.48947161161516;8.48947161161516;8.48947161161516;8.48947161161516;0.113053;6;-10147.3684210525 * level8;1;1.09452296312681;
6;58501.3333333334 * level + 619897 * compressionZpaq + 229233.666666667 * compressionLrzip + 170341.166666667 * compressionBzip2 + -12781.3333333332 * level6 + -11551.3333333333 * level8 + -6668.83333333317 * level2;8.18918573343071;8.18918573343071;8.18918573343071;8.18918573343071;0.172807;7;-6668.83333333317 * level2;1;0.30028587818445;
Elapsed=00:00:00.1730372
Learning progress:
1;88569.0410958904 * level + 589794.292237442 * compressionZpaq;58.5001031522851;58.5001031522851;58.5001031522851;58.5001031522851;0.00524;2;589794.292237442 * compressionZpaq;1;66.090507564331;
2;73704.4117647058 * level + 604658.921568628 * compressionZpaq + 217023.588235294 * compressionLrzip;34.4217993284732;34.4217993284732;34.4217993284732;34.4217993284732;0.016565;3;217023.588235294 * compressionLrzip;1;24.078303823812;
3;56049.1803278688 * level + 622314.153005466 * compressionZpaq + 234678.819672132 * compressionLrzip + 171507.962529274 * compressionBzip2;14.4397207858693;14.4397207858693;14.4397207858693;14.4397207858693;0.036229;4;171507.962529274 * compressionBzip2;1;19.9820785426039;
4;48662.2857142858 * level + 612370.256410256 * compressionZpaq + 224734.923076923 * compressionLrzip + 161564.065934066 * compressionBzip2 + 17330.7912087912 * compression;9.49999971394002;9.49999971394002;9.49999971394002;9.49999971394002;0.06919;5;17330.7912087912 * compression;1;4.93972107192927;
5;48662.2857142857 * level + 583756.190476191 * compressionZpaq + 196120.857142858 * compressionLrzip + 132950.000000001 * compressionBzip2 + 45944.8571428569 * compression + -39156.0902255638 * compressionLzo;7.25429390380915;7.25429390380915;7.25429390380915;7.25429390380915;0.120084;6;-39156.0902255638 * compressionLzo;1;2.24570581013087;
6;43407.9779971884 * level + 584631.90842904 * compressionZpaq + 195770.569961717 * compressionLrzip + 132950 * compressionBzip2 + 44193.4212371582 * compression + -37312.4734827227 * compressionLzo + 12260.0513398937 * encryption;2.68586936946136;2.68586936946136;2.68586936946136;2.68586936946136;0.190378;7;12260.0513398937 * encryption;1;4.56842453434779;
7;42940.9679613837 * level + 584606.513483577 * compressionZpaq + 195780.727939902 * compressionLrzip + 132950 * compressionBzip2 + 44863.5908366661 * compression + -38506.8991468748 * compressionLzo + 11904.5221034127 * encryption + 3613.04830006309 * level7;1.67216649671267;1.67216649671267;1.67216649671267;1.67216649671267;0.281985;8;3613.04830006309 * level7;1;1.01370287274869;
8;42686.1669532025 * level + 584615.960951794 * compressionZpaq + 195776.948952616 * compressionLrzip + 132950 * compressionBzip2 + 45042.8120991186 * compression + -38516.2939962818 * compressionLzo + 12036.7866584388 * encryption + 3705.78177795645 * level7 + 3188.83304679771 * level9;1.55947360148201;1.55947360148201;1.55947360148201;1.55947360148201;0.40111;9;3188.83304679771 * level9;1;0.112692895230668;
Elapsed=00:00:00.4014513
Learning progress:
1;91756.4864864865 * level + 584943.513513512 * compressionZpaq;55.1364778925186;55.1364778925186;55.1364778925186;55.1364778925186;0.004557;2;584943.513513512 * compressionZpaq;1;61.8130384254571;
2;70989.1044776119 * level + 605710.895522387 * compressionZpaq + 219540.895522389 * compressionLrzip;31.1162256927742;31.1162256927742;31.1162256927742;31.1162256927742;0.016759;3;219540.895522389 * compressionLrzip;1;24.0202521997445;
3;56068.0327868852 * level + 620631.967213116 * compressionZpaq + 234461.967213115 * compressionLrzip + 166618.633879781 * compressionBzip2;9.88158132823754;9.88158132823754;9.88158132823754;9.88158132823754;0.037581;4;166618.633879781 * compressionBzip2;1;21.2346443645366;
4;56236.1666666669 * level + 620463.833333332 * compressionZpaq + 234293.833333333 * compressionLrzip + 166450.499999999 * compressionBzip2 + -10256.1666666665 * level9;8.77287486899377;8.77287486899377;8.77287486899377;8.77287486899377;0.07085;5;-10256.1666666665 * level9;1;1.10870645924377;
5;56236.1666666667 * level + 620463.833333333 * compressionZpaq + 234293.833333334 * compressionLrzip + 164051.833333334 * compressionBzip2 + -10256.1666666668 * level9 + 14392.0000000005 * compressionBzip2 * encryption;8.0624643343058;8.0624643343058;8.0624643343058;8.0624643343058;0.118166;7;14392.0000000005 * compressionBzip2 * encryption;2;0.355205267343982;
Elapsed=00:00:00.1184045
Learning progress:
1;92403.1944444444 * level + 586391.091269841 * compressionZpaq;65.4927145631314;65.4927145631314;65.4927145631314;65.4927145631314;0.004953;2;586391.091269841 * compressionZpaq;1;78.9598077306196;
2;71063.2307692308 * level + 607731.054945054 * compressionZpaq + 219496.769230769 * compressionLrzip;40.9727533037595;40.9727533037595;40.9727533037595;40.9727533037595;0.016495;3;219496.769230769 * compressionLrzip;1;24.5199612593719;
3;55281.3559322033 * level + 623512.929782082 * compressionZpaq + 235278.644067797 * compressionLrzip + 170970.310734463 * compressionBzip2;15.6932847611927;15.6932847611927;15.6932847611927;15.6932847611927;0.035954;4;170970.310734463 * compressionBzip2;1;25.2794685425668;
4;51412.8301886793 * level + 627381.455525607 * compressionZpaq + 239147.169811321 * compressionLrzip + 174838.836477987 * compressionBzip2 + 38040.5031446542 * compressionGzip;7.5476338870955;7.5476338870955;7.5476338870955;7.5476338870955;0.074338;5;38040.5031446542 * compressionGzip;1;8.14565087409722;
5;45311.3179083977 * level + 626091.421500633 * compressionZpaq + 237857.135786346 * compressionLrzip + 174472.745741171 * compressionBzip2 + 41986.147752569 * compressionGzip + 12935.2060341968 * encryption;5.13844379321393;5.13844379321393;5.13844379321393;5.13844379321393;0.122634;6;12935.2060341968 * encryption;1;2.40919009388157;
6;43352.8801387129 * level + 621519.391142701 * compressionZpaq + 233285.105428416 * compressionLrzip + 169833.961866231 * compressionBzip2 + 37035.8474649224 * compressionGzip + 12000.6567960747 * encryption + 7064.49626368566 * compression;3.47334149352408;3.47334149352408;3.47334149352408;3.47334149352408;0.186652;7;7064.49626368566 * compression;1;1.66510229968985;
7;42668.4848807651 * level + 622990.519097135 * compressionZpaq + 234756.23338285 * compressionLrzip + 171291.506653183 * compressionBzip2 + 38430.0041369588 * compressionGzip + 11810.492451327 * encryption + 6386.42890705534 * compression + 3802.30497923454 * level7;3.08334991203353;3.08334991203353;3.08334991203353;3.08334991203353;0.276834;8;3802.30497923454 * level7;1;0.389991581490557;
Elapsed=00:00:00.2771463
Learning progress:
1;101197.222222222 * level + 576954.027777778 * compressionZpaq;104.008312770979;104.008312770979;104.008312770979;104.008312770979;0.00437;2;576954.027777778 * compressionZpaq;1;117.060201428068;
2;49393.3333333333 * level + 539951.25 * compressionZpaq + 88806.6666666665 * compression;59.7461585042083;59.7461585042083;59.7461585042083;59.7461585042083;0.015845;3;88806.6666666665 * compression;1;44.2621542667703;
3;49393.3333333332 * level + 473166.902173912 * compressionZpaq + 155591.014492754 * compression + -147628.558352403 * compressionLzo;26.4557219861988;26.4557219861988;26.4557219861988;26.4557219861988;0.037918;4;-147628.558352403 * compressionLzo;1;33.2904365180094;
4;49393.3333333333 * level + 424245.625 * compressionZpaq + 204512.291666667 * compression + -196549.835526316 * compressionLzo + -160741.339285714 * compressionGzip;13.6495153082255;13.6495153082255;13.6495153082255;13.6495153082255;0.071451;5;-160741.339285714 * compressionGzip;1;12.8062066779734;
5;43634.224922207 * level + 423525.73644861 * compressionZpaq + 205232.180218057 * compression + -198179.056984726 * compressionLzo + -160638.498064087 * compressionGzip + 11518.2168222524 * encryption;4.57988042692528;4.57988042692528;4.57988042692528;4.57988042692528;0.118855;6;11518.2168222524 * encryption;1;9.0696348813002;
6;43535.2188250033 * level + 450934.792832408 * compressionZpaq + 177823.123834259 * compression + -170785.633142592 * compressionLzo + -133215.297952117 * compressionGzip + 11716.2290166602 * encryption + 62677.5591907401 * compressionLrzip;3.97869476919314;3.97869476919314;3.97869476919314;3.97869476919314;0.185466;7;62677.5591907401 * compressionLrzip;1;0.601185657732137;
7;42692.337268521 * level + 450935.060561176 * compressionZpaq + 178668.147220886 * compression + -171928.98797047 * compressionLzo + -133215.37444605 * compressionGzip + 11711.4098988333 * encryption + 62677.4826968072 * compressionLrzip + 3622.67620883813 * level7;3.49914071170813;3.49914071170813;3.49914071170813;3.49914071170813;0.272008;8;3622.67620883813 * level7;1;0.479554057485016;
Elapsed=00:00:00.2722884
Error of optimal parameters: 2.50625534061173
Optimal parameters abortError:1;minImprovementPerRound:0.1;lossFunction:RELATIVE;quadraticFunctionSupport:True;learn-logFunction:True;learn-asymFunction:True;learn-ratioFunction:True;withHierarchy:False;useBackward:False;
Learning progress:
1;93678.9010989011 * level + 584472.348901099 * compressionZpaq;68.6429237519024;68.6429237519024;68.6429237519024;68.6429237519024;0.012567;2;584472.348901099 * compressionZpaq;1;70.8917912440806;
2;74783.2530120481 * level + 603367.996987952 * compressionZpaq + 214937.996987952 * compressionLrzip;40.4405470785777;40.4405470785777;40.4405470785777;40.4405470785777;0.040189;3;214937.996987952 * compressionLrzip;1;28.2023766733248;
3;56323.2432432433 * level + 621828.006756757 * compressionZpaq + 233398.006756757 * compressionLrzip + 170242.312312312 * compressionBzip2;15.0571598887903;15.0571598887903;15.0571598887903;15.0571598887903;0.084321;4;170242.312312312 * compressionBzip2;1;25.3833871897874;
4;51175.5384615385 * level + 626975.711538461 * compressionZpaq + 238545.711538461 * compressionLrzip + 175390.017094016 * compressionBzip2 + 42325.5726495724 * compressionGzip;9.61073427662819;9.61073427662819;9.61073427662819;9.61073427662819;0.149406;5;42325.5726495724 * compressionGzip;1;5.44642561216214;
5;45862.6163768927 * level + 626121.849060572 * compressionZpaq + 237691.849060573 * compressionLrzip + 175221.352900854 * compressionBzip2 + 42156.9084564094 * compressionGzip + 12333.5691250704 * encryption;5.12075255241836;5.12075255241836;5.12075255241836;5.12075255241836;0.239564;6;12333.5691250704 * encryption;1;4.48998172420983;
6;43468.828667413 * level + 621712.5 * compressionZpaq + 233282.5 * compressionLrzip + 170785.34036332 * compressionBzip2 + 37720.895918875 * compressionGzip + 11853.6265397535 * encryption + 7043.10806271045 * compression;3.20081474519899;3.20081474519899;3.20081474519899;3.20081474519899;0.370285;7;7043.10806271045 * compression;1;1.91993780721937;
7;42809.977617255 * level + 622926.101459965 * compressionZpaq + 234496.101459966 * compressionLrzip + 171991.603135845 * compressionBzip2 + 38927.1586914002 * compressionGzip + 11721.5301658359 * encryption + 6554.40583986173 * compression + 3640.80437989637 * level7;2.52757423356007;2.52757423356007;2.52757423356007;2.52757423356007;0.553412;8;3640.80437989637 * level7;1;0.673240511638916;
8;43006.8376865672 * level + 622939.128964552 * compressionZpaq + 234509.128964552 * compressionLrzip + 173556.351186774 * compressionBzip2 + 40491.9067423295 * compressionGzip + 11197.5349813437 * encryption + 6606.51585820905 * compression + 3679.88689365659 * level7 + -14227.4825093271 * compression * level1;2.2339475385242;2.2339475385242;2.2339475385242;2.2339475385242;0.777818;10;-14227.4825093271 * compression * level1;2;0.146813347517935;
9;43395.3440702785 * level + 623800.023792094 * compressionZpaq + 235370.023792094 * compressionLrzip + 174417.246014316 * compressionBzip2 + 41352.8015698714 * compressionGzip + 11277.0021961933 * encryption + 6894.95241581288 * compression + 3107.42862371858 * level7 + -15765.3202781851 * compression * level1 + -1577.57137628148 * level3;2.08780805604133;2.08780805604133;2.08780805604133;2.08780805604133;1.058741;11;-1577.57137628148 * level3;1;0.146139482482869;
10;43583.3863275042 * level + 623838.328696343 * compressionZpaq + 235408.328696344 * compressionLrzip + 174455.550918566 * compressionBzip2 + 41391.1064741213 * compressionGzip + 11207.3569157392 * encryption + 6818.34260731315 * compression + 2992.51391096965 * level7 + -13536.6713036551 * compression * level1 + -1692.48608903008 * level3 + -2378.3863275051 * level1;1.96995505704303;1.96995505704303;1.96995505704303;1.96995505704303;1.414253;12;-2378.3863275051 * level1;1;0.1178529989983;
11;43368.1739130436 * level + 623794.489130434 * compressionZpaq + 235364.489130435 * compressionLrzip + 174411.711352657 * compressionBzip2 + 41347.2669082124 * compressionGzip + 11287.0652173914 * encryption + 6906.02173913038 * compression + 3124.0326086958 * level7 + -13580.5108695643 * compression * level1 + -1560.9673913041 * level3 + -2163.17391304356 * level1 + 2506.82608695649 * level9;1.88005959156731;1.88005959156731;1.88005959156731;1.88005959156731;1.827843;13;2506.82608695649 * level9;1;0.0898954654757258;
Elapsed=00:00:01.8294081
command: clean-sampling
command: clean-global
command: script ./learn_solverBased_t3.a
command: log ./out_solverBased_t3Predictions.log
