Configuration;MeasuredValue;PredictedValue
no_asm%_%rc_lookahead%_%rc_lookahead_20%_%ref%_%ref_1%_%root%_%;268.72;347.065
no_asm%_%no_deblock%_%no_weightb%_%rc_lookahead%_%rc_lookahead_20%_%ref%_%ref_1%_%root%_%;267.8533;355.2183
no_8x8dct%_%no_asm%_%no_deblock%_%no_fast_pskip%_%no_mixed_refs%_%rc_lookahead%_%rc_lookahead_20%_%ref%_%ref_1%_%root%_%;260.6367;528.9717
no_8x8dct%_%no_asm%_%no_cabac%_%no_fast_pskip%_%no_mbtree%_%no_weightb%_%rc_lookahead%_%rc_lookahead_60%_%ref%_%ref_9%_%root%_%;773.4633;780.0175
no_8x8dct%_%no_asm%_%no_deblock%_%no_mbtree%_%rc_lookahead%_%rc_lookahead_60%_%ref%_%ref_9%_%root%_%;690.8733;689.5378
no_8x8dct%_%no_asm%_%no_deblock%_%no_fast_pskip%_%no_mbtree%_%rc_lookahead%_%rc_lookahead_60%_%ref%_%ref_9%_%root%_%;783.7833;796.0025
no_8x8dct%_%no_asm%_%no_deblock%_%no_mbtree%_%no_weightb%_%rc_lookahead%_%rc_lookahead_60%_%ref%_%ref_9%_%root%_%;690.39;688.9108
no_8x8dct%_%no_asm%_%no_deblock%_%no_fast_pskip%_%no_mbtree%_%no_weightb%_%rc_lookahead%_%rc_lookahead_60%_%ref%_%ref_9%_%root%_%;783.5167;782.4075
no_8x8dct%_%no_asm%_%no_cabac%_%no_deblock%_%no_mbtree%_%rc_lookahead%_%rc_lookahead_60%_%ref%_%ref_9%_%root%_%;683.52;685.4836
no_8x8dct%_%no_asm%_%no_cabac%_%no_deblock%_%no_mbtree%_%no_weightb%_%rc_lookahead%_%rc_lookahead_60%_%ref%_%ref_9%_%root%_%;683.5433;685.1067
no_8x8dct%_%no_asm%_%no_cabac%_%no_deblock%_%no_fast_pskip%_%no_mbtree%_%rc_lookahead%_%rc_lookahead_60%_%ref%_%ref_9%_%root%_%;775.81;796.0025
no_8x8dct%_%no_asm%_%no_cabac%_%no_deblock%_%no_fast_pskip%_%no_mbtree%_%no_weightb%_%rc_lookahead%_%rc_lookahead_60%_%ref%_%ref_9%_%root%_%;775.68;782.4075
no_8x8dct%_%no_asm%_%no_mbtree%_%no_mixed_refs%_%rc_lookahead%_%rc_lookahead_60%_%ref%_%ref_9%_%root%_%;561.8467;559.0361
no_8x8dct%_%no_asm%_%no_cabac%_%no_mixed_refs%_%rc_lookahead%_%rc_lookahead_20%_%ref%_%ref_1%_%root%_%;244.4333;327.4617
no_8x8dct%_%no_asm%_%no_fast_pskip%_%no_mbtree%_%no_mixed_refs%_%rc_lookahead%_%rc_lookahead_60%_%ref%_%ref_9%_%root%_%;652.4833;648.7936
no_8x8dct%_%no_asm%_%no_cabac%_%no_mbtree%_%no_mixed_refs%_%rc_lookahead%_%rc_lookahead_60%_%ref%_%ref_9%_%root%_%;556.63;556.3461
no_8x8dct%_%no_asm%_%no_cabac%_%no_fast_pskip%_%no_mbtree%_%no_mixed_refs%_%rc_lookahead%_%rc_lookahead_60%_%ref%_%ref_9%_%root%_%;645.51;645.2244
no_8x8dct%_%no_asm%_%no_deblock%_%no_mbtree%_%no_mixed_refs%_%rc_lookahead%_%rc_lookahead_60%_%ref%_%ref_9%_%root%_%;561.9333;558.6944
no_8x8dct%_%no_asm%_%no_cabac%_%no_deblock%_%no_mbtree%_%no_mixed_refs%_%rc_lookahead%_%rc_lookahead_60%_%ref%_%ref_9%_%root%_%;555.6333;555.7794
no_8x8dct%_%no_asm%_%no_deblock%_%no_fast_pskip%_%no_mbtree%_%no_mixed_refs%_%rc_lookahead%_%rc_lookahead_60%_%ref%_%ref_9%_%root%_%;651.64;648.3681
no_8x8dct%_%no_asm%_%no_cabac%_%no_deblock%_%no_fast_pskip%_%no_mbtree%_%no_mixed_refs%_%rc_lookahead%_%rc_lookahead_60%_%ref%_%ref_9%_%root%_%;644.16;644.3733
no_8x8dct%_%no_asm%_%no_mbtree%_%no_mixed_refs%_%no_weightb%_%rc_lookahead%_%rc_lookahead_60%_%ref%_%ref_9%_%root%_%;561.97;558.9722
no_8x8dct%_%no_asm%_%no_fast_pskip%_%no_mbtree%_%no_mixed_refs%_%no_weightb%_%rc_lookahead%_%rc_lookahead_60%_%ref%_%ref_9%_%root%_%;652.3733;648.7936
no_8x8dct%_%no_asm%_%no_deblock%_%no_mbtree%_%no_mixed_refs%_%no_weightb%_%rc_lookahead%_%rc_lookahead_60%_%ref%_%ref_9%_%root%_%;561.3333;558.665
no_8x8dct%_%no_asm%_%no_cabac%_%no_fast_pskip%_%no_mixed_refs%_%rc_lookahead%_%rc_lookahead_20%_%ref%_%ref_1%_%root%_%;249.73;528.6908
no_8x8dct%_%no_asm%_%no_deblock%_%no_fast_pskip%_%no_mbtree%_%no_mixed_refs%_%no_weightb%_%rc_lookahead%_%rc_lookahead_60%_%ref%_%ref_9%_%root%_%;651.2;648.3058
no_8x8dct%_%no_asm%_%no_cabac%_%no_mbtree%_%no_mixed_refs%_%no_weightb%_%rc_lookahead%_%rc_lookahead_60%_%ref%_%ref_9%_%root%_%;556.34;556.1433
no_8x8dct%_%no_asm%_%no_cabac%_%no_deblock%_%no_mbtree%_%no_mixed_refs%_%no_weightb%_%rc_lookahead%_%rc_lookahead_60%_%ref%_%ref_9%_%root%_%;555.18;555.5572
no_8x8dct%_%no_asm%_%no_cabac%_%no_fast_pskip%_%no_mbtree%_%no_mixed_refs%_%no_weightb%_%rc_lookahead%_%rc_lookahead_60%_%ref%_%ref_9%_%root%_%;645.38;645.1933
no_8x8dct%_%no_asm%_%no_cabac%_%no_deblock%_%no_fast_pskip%_%no_mbtree%_%no_mixed_refs%_%no_weightb%_%rc_lookahead%_%rc_lookahead_60%_%ref%_%ref_9%_%root%_%;644.0333;644.1867
no_asm%_%rc_lookahead%_%rc_lookahead_40%_%ref%_%ref_9%_%root%_%;612.97;601.0589
no_asm%_%no_cabac%_%rc_lookahead%_%rc_lookahead_40%_%ref%_%ref_9%_%root%_%;604.7467;598.1172
no_asm%_%no_weightb%_%rc_lookahead%_%rc_lookahead_40%_%ref%_%ref_9%_%root%_%;612.6433;608.5417
no_asm%_%no_cabac%_%no_weightb%_%rc_lookahead%_%rc_lookahead_40%_%ref%_%ref_9%_%root%_%;604.1233;605.9417
no_asm%_%no_mixed_refs%_%rc_lookahead%_%rc_lookahead_40%_%ref%_%ref_9%_%root%_%;511.1533;510.5758
no_8x8dct%_%no_asm%_%no_cabac%_%no_deblock%_%no_mixed_refs%_%rc_lookahead%_%rc_lookahead_20%_%ref%_%ref_1%_%root%_%;244.2767;327.3758
no_asm%_%no_mixed_refs%_%no_weightb%_%rc_lookahead%_%rc_lookahead_40%_%ref%_%ref_9%_%root%_%;510.8567;510.6714
no_asm%_%no_cabac%_%no_mixed_refs%_%rc_lookahead%_%rc_lookahead_40%_%ref%_%ref_9%_%root%_%;509.37;509.2561
no_asm%_%no_cabac%_%no_mixed_refs%_%no_weightb%_%rc_lookahead%_%rc_lookahead_40%_%ref%_%ref_9%_%root%_%;509.0333;509.1836
no_asm%_%no_mbtree%_%rc_lookahead%_%rc_lookahead_40%_%ref%_%ref_9%_%root%_%;721.5633;721.745
no_asm%_%no_cabac%_%no_mbtree%_%rc_lookahead%_%rc_lookahead_40%_%ref%_%ref_9%_%root%_%;712.9167;714.3489
no_asm%_%no_mbtree%_%no_mixed_refs%_%rc_lookahead%_%rc_lookahead_40%_%ref%_%ref_9%_%root%_%;580.8767;572.5022
no_asm%_%no_cabac%_%no_mbtree%_%no_mixed_refs%_%rc_lookahead%_%rc_lookahead_40%_%ref%_%ref_9%_%root%_%;576.41;572.5022
no_asm%_%no_mbtree%_%no_weightb%_%rc_lookahead%_%rc_lookahead_40%_%ref%_%ref_9%_%root%_%;722.0367;722.3261
no_asm%_%no_mbtree%_%no_mixed_refs%_%no_weightb%_%rc_lookahead%_%rc_lookahead_40%_%ref%_%ref_9%_%root%_%;580.6267;572.2828
no_asm%_%no_cabac%_%no_mbtree%_%no_weightb%_%rc_lookahead%_%rc_lookahead_40%_%ref%_%ref_9%_%root%_%;712.6367;714.3489
no_8x8dct%_%no_asm%_%no_cabac%_%no_deblock%_%no_fast_pskip%_%no_mixed_refs%_%rc_lookahead%_%rc_lookahead_20%_%ref%_%ref_1%_%root%_%;249.44;528.5644
no_asm%_%no_cabac%_%no_mbtree%_%no_mixed_refs%_%no_weightb%_%rc_lookahead%_%rc_lookahead_40%_%ref%_%ref_9%_%root%_%;576.2767;572.2828
no_8x8dct%_%no_asm%_%rc_lookahead%_%rc_lookahead_40%_%ref%_%ref_9%_%root%_%;587.7733;579.5808
no_8x8dct%_%no_asm%_%no_cabac%_%rc_lookahead%_%rc_lookahead_40%_%ref%_%ref_9%_%root%_%;581.5133;575.5075
no_8x8dct%_%no_asm%_%no_weightb%_%rc_lookahead%_%rc_lookahead_40%_%ref%_%ref_9%_%root%_%;587.24;586.8178
no_8x8dct%_%no_asm%_%no_cabac%_%no_weightb%_%rc_lookahead%_%rc_lookahead_40%_%ref%_%ref_9%_%root%_%;581.1067;582.3222
no_8x8dct%_%no_asm%_%no_mbtree%_%rc_lookahead%_%rc_lookahead_40%_%ref%_%ref_9%_%root%_%;687.6;688.5633
no_8x8dct%_%no_asm%_%no_mbtree%_%no_weightb%_%rc_lookahead%_%rc_lookahead_40%_%ref%_%ref_9%_%root%_%;687.1467;687.9897
no_8x8dct%_%no_asm%_%no_cabac%_%no_mbtree%_%rc_lookahead%_%rc_lookahead_40%_%ref%_%ref_9%_%root%_%;680.5567;685.3261
no_8x8dct%_%no_asm%_%no_cabac%_%no_mbtree%_%no_weightb%_%rc_lookahead%_%rc_lookahead_40%_%ref%_%ref_9%_%root%_%;680.4767;684.9153
no_8x8dct%_%no_asm%_%no_mixed_refs%_%rc_lookahead%_%rc_lookahead_40%_%ref%_%ref_9%_%root%_%;498.49;495.2653
no_8x8dct%_%no_asm%_%no_mbtree%_%no_mixed_refs%_%rc_lookahead%_%rc_lookahead_20%_%ref%_%ref_1%_%root%_%;287.0867;414.8753
no_8x8dct%_%no_asm%_%no_cabac%_%no_mixed_refs%_%rc_lookahead%_%rc_lookahead_40%_%ref%_%ref_9%_%root%_%;493.2767;494.3417
no_8x8dct%_%no_asm%_%no_mbtree%_%no_mixed_refs%_%rc_lookahead%_%rc_lookahead_40%_%ref%_%ref_9%_%root%_%;561.96;559.0361
no_8x8dct%_%no_asm%_%no_cabac%_%no_mbtree%_%no_mixed_refs%_%rc_lookahead%_%rc_lookahead_40%_%ref%_%ref_9%_%root%_%;556.5133;556.3461
no_8x8dct%_%no_asm%_%no_mixed_refs%_%no_weightb%_%rc_lookahead%_%rc_lookahead_40%_%ref%_%ref_9%_%root%_%;497.99;497.1781
no_8x8dct%_%no_asm%_%no_mbtree%_%no_mixed_refs%_%no_weightb%_%rc_lookahead%_%rc_lookahead_40%_%ref%_%ref_9%_%root%_%;562.0667;558.9722
no_8x8dct%_%no_asm%_%no_cabac%_%no_mixed_refs%_%no_weightb%_%rc_lookahead%_%rc_lookahead_40%_%ref%_%ref_9%_%root%_%;492.9367;496.2792
no_8x8dct%_%no_asm%_%no_cabac%_%no_mbtree%_%no_mixed_refs%_%no_weightb%_%rc_lookahead%_%rc_lookahead_40%_%ref%_%ref_9%_%root%_%;556.3067;556.1433
no_asm%_%no_fast_pskip%_%rc_lookahead%_%rc_lookahead_40%_%ref%_%ref_9%_%root%_%;741.59;737.0117
no_asm%_%no_cabac%_%no_fast_pskip%_%rc_lookahead%_%rc_lookahead_40%_%ref%_%ref_9%_%root%_%;731.3533;734.4183
no_asm%_%no_fast_pskip%_%no_weightb%_%rc_lookahead%_%rc_lookahead_40%_%ref%_%ref_9%_%root%_%;741.2067;735.3411
no_8x8dct%_%no_asm%_%no_deblock%_%no_mbtree%_%no_mixed_refs%_%rc_lookahead%_%rc_lookahead_20%_%ref%_%ref_1%_%root%_%;286.43;414.6381
no_asm%_%no_cabac%_%no_fast_pskip%_%no_weightb%_%rc_lookahead%_%rc_lookahead_40%_%ref%_%ref_9%_%root%_%;731.2167;732.7478
no_asm%_%no_fast_pskip%_%no_mixed_refs%_%rc_lookahead%_%rc_lookahead_40%_%ref%_%ref_9%_%root%_%;632.1267;630.3369
no_asm%_%no_fast_pskip%_%no_mixed_refs%_%no_weightb%_%rc_lookahead%_%rc_lookahead_40%_%ref%_%ref_9%_%root%_%;632.0633;627.93
no_asm%_%no_cabac%_%no_fast_pskip%_%no_mixed_refs%_%rc_lookahead%_%rc_lookahead_40%_%ref%_%ref_9%_%root%_%;628.7567;628.8894
no_asm%_%no_cabac%_%no_fast_pskip%_%no_mixed_refs%_%no_weightb%_%rc_lookahead%_%rc_lookahead_40%_%ref%_%ref_9%_%root%_%;628.4967;626.7417
no_8x8dct%_%no_asm%_%no_fast_pskip%_%rc_lookahead%_%rc_lookahead_40%_%ref%_%ref_9%_%root%_%;712.54;712.1042
no_8x8dct%_%no_asm%_%no_cabac%_%no_fast_pskip%_%rc_lookahead%_%rc_lookahead_40%_%ref%_%ref_9%_%root%_%;705.3967;708.6319
no_8x8dct%_%no_asm%_%no_fast_pskip%_%no_mixed_refs%_%rc_lookahead%_%rc_lookahead_40%_%ref%_%ref_9%_%root%_%;616.6867;615.7658
no_8x8dct%_%no_asm%_%no_cabac%_%no_fast_pskip%_%no_mixed_refs%_%rc_lookahead%_%rc_lookahead_40%_%ref%_%ref_9%_%root%_%;610.9567;615.2042
no_8x8dct%_%no_asm%_%no_fast_pskip%_%no_weightb%_%rc_lookahead%_%rc_lookahead_40%_%ref%_%ref_9%_%root%_%;712.6667;713.4706
no_8x8dct%_%no_asm%_%no_cabac%_%no_mbtree%_%no_mixed_refs%_%rc_lookahead%_%rc_lookahead_20%_%ref%_%ref_1%_%root%_%;275.9933;413.5678
no_8x8dct%_%no_asm%_%no_fast_pskip%_%no_mixed_refs%_%no_weightb%_%rc_lookahead%_%rc_lookahead_40%_%ref%_%ref_9%_%root%_%;616.61;613.8528
no_8x8dct%_%no_asm%_%no_cabac%_%no_fast_pskip%_%no_weightb%_%rc_lookahead%_%rc_lookahead_40%_%ref%_%ref_9%_%root%_%;705.2133;710.0978
no_8x8dct%_%no_asm%_%no_cabac%_%no_fast_pskip%_%no_mixed_refs%_%no_weightb%_%rc_lookahead%_%rc_lookahead_40%_%ref%_%ref_9%_%root%_%;610.6867;613.5719
no_asm%_%no_fast_pskip%_%no_mbtree%_%rc_lookahead%_%rc_lookahead_40%_%ref%_%ref_9%_%root%_%;818.04;811.615
no_asm%_%no_cabac%_%no_fast_pskip%_%no_mbtree%_%rc_lookahead%_%rc_lookahead_40%_%ref%_%ref_9%_%root%_%;807.2733;811.615
no_asm%_%no_fast_pskip%_%no_mbtree%_%no_weightb%_%rc_lookahead%_%rc_lookahead_40%_%ref%_%ref_9%_%root%_%;817.34;798.02
no_asm%_%no_cabac%_%no_fast_pskip%_%no_mbtree%_%no_weightb%_%rc_lookahead%_%rc_lookahead_40%_%ref%_%ref_9%_%root%_%;807;798.02
no_8x8dct%_%no_asm%_%no_fast_pskip%_%no_mbtree%_%rc_lookahead%_%rc_lookahead_40%_%ref%_%ref_9%_%root%_%;780.93;793.6125
no_8x8dct%_%no_asm%_%no_fast_pskip%_%no_mbtree%_%no_weightb%_%rc_lookahead%_%rc_lookahead_40%_%ref%_%ref_9%_%root%_%;780.7567;780.0175
no_8x8dct%_%no_asm%_%no_cabac%_%no_fast_pskip%_%no_mbtree%_%rc_lookahead%_%rc_lookahead_40%_%ref%_%ref_9%_%root%_%;773.3867;793.6125
no_8x8dct%_%no_asm%_%no_cabac%_%no_deblock%_%no_mbtree%_%no_mixed_refs%_%rc_lookahead%_%rc_lookahead_20%_%ref%_%ref_1%_%root%_%;275.4167;413.2556
no_8x8dct%_%no_asm%_%no_cabac%_%no_fast_pskip%_%no_mbtree%_%no_weightb%_%rc_lookahead%_%rc_lookahead_40%_%ref%_%ref_9%_%root%_%;773.22;780.0175
no_asm%_%no_fast_pskip%_%no_mbtree%_%no_mixed_refs%_%rc_lookahead%_%rc_lookahead_40%_%ref%_%ref_9%_%root%_%;672.4133;671.1317
no_asm%_%no_cabac%_%no_fast_pskip%_%no_mbtree%_%no_mixed_refs%_%rc_lookahead%_%rc_lookahead_40%_%ref%_%ref_9%_%root%_%;666.5033;666.4008
no_8x8dct%_%no_asm%_%no_fast_pskip%_%no_mbtree%_%no_mixed_refs%_%rc_lookahead%_%rc_lookahead_40%_%ref%_%ref_9%_%root%_%;652.6533;648.7936
no_8x8dct%_%no_asm%_%no_cabac%_%no_fast_pskip%_%no_mbtree%_%no_mixed_refs%_%rc_lookahead%_%rc_lookahead_40%_%ref%_%ref_9%_%root%_%;645.54;645.2244
no_asm%_%no_fast_pskip%_%no_mbtree%_%no_mixed_refs%_%no_weightb%_%rc_lookahead%_%rc_lookahead_40%_%ref%_%ref_9%_%root%_%;672.2133;671.1747
no_8x8dct%_%no_asm%_%no_fast_pskip%_%no_mbtree%_%no_mixed_refs%_%no_weightb%_%rc_lookahead%_%rc_lookahead_40%_%ref%_%ref_9%_%root%_%;652.4333;648.7936
no_asm%_%no_cabac%_%no_fast_pskip%_%no_mbtree%_%no_mixed_refs%_%no_weightb%_%rc_lookahead%_%rc_lookahead_40%_%ref%_%ref_9%_%root%_%;666.4933;666.3992
no_8x8dct%_%no_asm%_%no_cabac%_%no_fast_pskip%_%no_mbtree%_%no_mixed_refs%_%no_weightb%_%rc_lookahead%_%rc_lookahead_40%_%ref%_%ref_9%_%root%_%;645.3033;645.1933
no_asm%_%no_deblock%_%rc_lookahead%_%rc_lookahead_40%_%ref%_%ref_9%_%root%_%;616.62;601.8211
no_8x8dct%_%no_asm%_%no_fast_pskip%_%no_mbtree%_%no_mixed_refs%_%rc_lookahead%_%rc_lookahead_20%_%ref%_%ref_1%_%root%_%;291.66;554.1347
no_asm%_%no_cabac%_%no_deblock%_%rc_lookahead%_%rc_lookahead_40%_%ref%_%ref_9%_%root%_%;607.5367;599.3125
no_asm%_%no_deblock%_%no_weightb%_%rc_lookahead%_%rc_lookahead_40%_%ref%_%ref_9%_%root%_%;616.0867;609.6503
no_asm%_%no_cabac%_%no_deblock%_%no_weightb%_%rc_lookahead%_%rc_lookahead_40%_%ref%_%ref_9%_%root%_%;607.0333;607.4833
no_asm%_%no_deblock%_%no_mixed_refs%_%rc_lookahead%_%rc_lookahead_40%_%ref%_%ref_9%_%root%_%;510.1833;510.0828
no_asm%_%no_deblock%_%no_mixed_refs%_%no_weightb%_%rc_lookahead%_%rc_lookahead_40%_%ref%_%ref_9%_%root%_%;510.0167;510.2406
no_asm%_%no_cabac%_%no_deblock%_%no_mixed_refs%_%rc_lookahead%_%rc_lookahead_40%_%ref%_%ref_9%_%root%_%;508.34;508.4556
no_asm%_%no_cabac%_%no_deblock%_%no_mixed_refs%_%no_weightb%_%rc_lookahead%_%rc_lookahead_40%_%ref%_%ref_9%_%root%_%;508.0033;508.3428
no_asm%_%no_deblock%_%no_mbtree%_%rc_lookahead%_%rc_lookahead_40%_%ref%_%ref_9%_%root%_%;726.79;724.95
no_asm%_%no_cabac%_%no_deblock%_%no_mbtree%_%rc_lookahead%_%rc_lookahead_40%_%ref%_%ref_9%_%root%_%;715.9933;717.4236
no_asm%_%no_deblock%_%no_mbtree%_%no_mixed_refs%_%rc_lookahead%_%rc_lookahead_40%_%ref%_%ref_9%_%root%_%;580.5433;572.3978
no_asm%_%no_cabac%_%no_weightb%_%rc_lookahead%_%rc_lookahead_20%_%ref%_%ref_1%_%root%_%;260.41;354.0753
no_8x8dct%_%no_asm%_%no_cabac%_%no_fast_pskip%_%no_mbtree%_%no_mixed_refs%_%rc_lookahead%_%rc_lookahead_20%_%ref%_%ref_1%_%root%_%;279.7533;551.5628
no_asm%_%no_cabac%_%no_deblock%_%no_mbtree%_%no_mixed_refs%_%rc_lookahead%_%rc_lookahead_40%_%ref%_%ref_9%_%root%_%;575.7;572.3978
no_asm%_%no_deblock%_%no_mbtree%_%no_weightb%_%rc_lookahead%_%rc_lookahead_40%_%ref%_%ref_9%_%root%_%;726.6433;725.4522
no_asm%_%no_deblock%_%no_mbtree%_%no_mixed_refs%_%no_weightb%_%rc_lookahead%_%rc_lookahead_40%_%ref%_%ref_9%_%root%_%;580.5767;572.1956
no_asm%_%no_cabac%_%no_deblock%_%no_mbtree%_%no_weightb%_%rc_lookahead%_%rc_lookahead_40%_%ref%_%ref_9%_%root%_%;715.9067;717.4236
no_asm%_%no_cabac%_%no_deblock%_%no_mbtree%_%no_mixed_refs%_%no_weightb%_%rc_lookahead%_%rc_lookahead_40%_%ref%_%ref_9%_%root%_%;575.3967;572.1956
no_asm%_%no_deblock%_%no_fast_pskip%_%rc_lookahead%_%rc_lookahead_40%_%ref%_%ref_9%_%root%_%;744.8933;737.1783
no_asm%_%no_cabac%_%no_deblock%_%no_fast_pskip%_%rc_lookahead%_%rc_lookahead_40%_%ref%_%ref_9%_%root%_%;733.7767;734.9183
no_asm%_%no_deblock%_%no_fast_pskip%_%no_weightb%_%rc_lookahead%_%rc_lookahead_40%_%ref%_%ref_9%_%root%_%;744.26;736.0078
no_asm%_%no_cabac%_%no_deblock%_%no_fast_pskip%_%no_weightb%_%rc_lookahead%_%rc_lookahead_40%_%ref%_%ref_9%_%root%_%;733.2167;733.7478
no_asm%_%no_deblock%_%no_fast_pskip%_%no_mbtree%_%rc_lookahead%_%rc_lookahead_40%_%ref%_%ref_9%_%root%_%;821.5267;811.315
no_8x8dct%_%no_asm%_%no_deblock%_%no_fast_pskip%_%no_mbtree%_%no_mixed_refs%_%rc_lookahead%_%rc_lookahead_20%_%ref%_%ref_1%_%root%_%;291.0433;553.7881
no_asm%_%no_deblock%_%no_fast_pskip%_%no_mbtree%_%no_weightb%_%rc_lookahead%_%rc_lookahead_40%_%ref%_%ref_9%_%root%_%;821.7567;797.72
no_asm%_%no_cabac%_%no_deblock%_%no_fast_pskip%_%no_mbtree%_%rc_lookahead%_%rc_lookahead_40%_%ref%_%ref_9%_%root%_%;809.97;811.315
no_asm%_%no_cabac%_%no_deblock%_%no_fast_pskip%_%no_mbtree%_%no_weightb%_%rc_lookahead%_%rc_lookahead_40%_%ref%_%ref_9%_%root%_%;809.5;797.72
no_asm%_%no_deblock%_%no_fast_pskip%_%no_mixed_refs%_%rc_lookahead%_%rc_lookahead_40%_%ref%_%ref_9%_%root%_%;631.2833;630.0228
no_asm%_%no_cabac%_%no_deblock%_%no_fast_pskip%_%no_mixed_refs%_%rc_lookahead%_%rc_lookahead_40%_%ref%_%ref_9%_%root%_%;627.5;628.1347
no_asm%_%no_deblock%_%no_fast_pskip%_%no_mbtree%_%no_mixed_refs%_%rc_lookahead%_%rc_lookahead_40%_%ref%_%ref_9%_%root%_%;671.6967;670.8594
no_asm%_%no_cabac%_%no_deblock%_%no_fast_pskip%_%no_mbtree%_%no_mixed_refs%_%rc_lookahead%_%rc_lookahead_40%_%ref%_%ref_9%_%root%_%;665.2933;665.6967
no_asm%_%no_deblock%_%no_fast_pskip%_%no_mixed_refs%_%no_weightb%_%rc_lookahead%_%rc_lookahead_40%_%ref%_%ref_9%_%root%_%;631.0533;627.6375
no_asm%_%no_deblock%_%no_fast_pskip%_%no_mbtree%_%no_mixed_refs%_%no_weightb%_%rc_lookahead%_%rc_lookahead_40%_%ref%_%ref_9%_%root%_%;671.5;670.9025
no_asm%_%no_cabac%_%no_deblock%_%no_fast_pskip%_%no_mixed_refs%_%no_weightb%_%rc_lookahead%_%rc_lookahead_40%_%ref%_%ref_9%_%root%_%;627.24;626.135
no_8x8dct%_%no_asm%_%no_cabac%_%no_deblock%_%no_fast_pskip%_%no_mbtree%_%no_mixed_refs%_%rc_lookahead%_%rc_lookahead_20%_%ref%_%ref_1%_%root%_%;279.1533;550.9483
no_asm%_%no_cabac%_%no_deblock%_%no_fast_pskip%_%no_mbtree%_%no_mixed_refs%_%no_weightb%_%rc_lookahead%_%rc_lookahead_40%_%ref%_%ref_9%_%root%_%;665.23;665.6808
no_8x8dct%_%no_asm%_%no_deblock%_%rc_lookahead%_%rc_lookahead_40%_%ref%_%ref_9%_%root%_%;590.18;578.9175
no_8x8dct%_%no_asm%_%no_cabac%_%no_deblock%_%rc_lookahead%_%rc_lookahead_40%_%ref%_%ref_9%_%root%_%;583.5267;576.2475
no_8x8dct%_%no_asm%_%no_deblock%_%no_weightb%_%rc_lookahead%_%rc_lookahead_40%_%ref%_%ref_9%_%root%_%;589.74;586.1822
no_8x8dct%_%no_asm%_%no_cabac%_%no_deblock%_%no_weightb%_%rc_lookahead%_%rc_lookahead_40%_%ref%_%ref_9%_%root%_%;583.4267;583.0483
no_8x8dct%_%no_asm%_%no_deblock%_%no_mixed_refs%_%rc_lookahead%_%rc_lookahead_40%_%ref%_%ref_9%_%root%_%;497.3333;495.1844
no_8x8dct%_%no_asm%_%no_deblock%_%no_mixed_refs%_%no_weightb%_%rc_lookahead%_%rc_lookahead_40%_%ref%_%ref_9%_%root%_%;496.78;497.1081
no_8x8dct%_%no_asm%_%no_cabac%_%no_deblock%_%no_mixed_refs%_%rc_lookahead%_%rc_lookahead_40%_%ref%_%ref_9%_%root%_%;492.13;494.2558
no_8x8dct%_%no_asm%_%no_cabac%_%no_deblock%_%no_mixed_refs%_%no_weightb%_%rc_lookahead%_%rc_lookahead_40%_%ref%_%ref_9%_%root%_%;491.6967;496.1653
no_8x8dct%_%no_asm%_%no_deblock%_%no_fast_pskip%_%rc_lookahead%_%rc_lookahead_40%_%ref%_%ref_9%_%root%_%;715.25;712.3436
no_8x8dct%_%no_asm%_%no_mixed_refs%_%no_weightb%_%rc_lookahead%_%rc_lookahead_20%_%ref%_%ref_1%_%root%_%;254.7067;328.3606
no_8x8dct%_%no_asm%_%no_cabac%_%no_deblock%_%no_fast_pskip%_%rc_lookahead%_%rc_lookahead_40%_%ref%_%ref_9%_%root%_%;706.8333;709.2306
no_8x8dct%_%no_asm%_%no_deblock%_%no_fast_pskip%_%no_mixed_refs%_%rc_lookahead%_%rc_lookahead_40%_%ref%_%ref_9%_%root%_%;615.0933;615.7658
no_8x8dct%_%no_asm%_%no_cabac%_%no_deblock%_%no_fast_pskip%_%no_mixed_refs%_%rc_lookahead%_%rc_lookahead_40%_%ref%_%ref_9%_%root%_%;609.2;614.9731
no_8x8dct%_%no_asm%_%no_deblock%_%no_fast_pskip%_%no_weightb%_%rc_lookahead%_%rc_lookahead_40%_%ref%_%ref_9%_%root%_%;714.6667;714.0231
no_8x8dct%_%no_asm%_%no_deblock%_%no_fast_pskip%_%no_mixed_refs%_%no_weightb%_%rc_lookahead%_%rc_lookahead_40%_%ref%_%ref_9%_%root%_%;615.06;613.8528
no_8x8dct%_%no_asm%_%no_cabac%_%no_deblock%_%no_fast_pskip%_%no_weightb%_%rc_lookahead%_%rc_lookahead_40%_%ref%_%ref_9%_%root%_%;706.59;710.9486
no_8x8dct%_%no_asm%_%no_cabac%_%no_deblock%_%no_fast_pskip%_%no_mixed_refs%_%no_weightb%_%rc_lookahead%_%rc_lookahead_40%_%ref%_%ref_9%_%root%_%;608.68;613.4456
no_8x8dct%_%no_asm%_%no_deblock%_%no_mbtree%_%rc_lookahead%_%rc_lookahead_40%_%ref%_%ref_9%_%root%_%;690.7167;689.5378
no_8x8dct%_%no_asm%_%no_cabac%_%no_deblock%_%no_mbtree%_%rc_lookahead%_%rc_lookahead_40%_%ref%_%ref_9%_%root%_%;683.7633;685.4836
no_8x8dct%_%no_asm%_%no_deblock%_%no_mbtree%_%no_weightb%_%rc_lookahead%_%rc_lookahead_40%_%ref%_%ref_9%_%root%_%;690.2167;688.9108
no_8x8dct%_%no_asm%_%no_deblock%_%no_mixed_refs%_%no_weightb%_%rc_lookahead%_%rc_lookahead_20%_%ref%_%ref_1%_%root%_%;254.0133;328.2906
no_8x8dct%_%no_asm%_%no_cabac%_%no_deblock%_%no_mbtree%_%no_weightb%_%rc_lookahead%_%rc_lookahead_40%_%ref%_%ref_9%_%root%_%;683.2567;685.1067
no_8x8dct%_%no_asm%_%no_deblock%_%no_fast_pskip%_%no_mbtree%_%rc_lookahead%_%rc_lookahead_40%_%ref%_%ref_9%_%root%_%;783.8767;796.0025
no_8x8dct%_%no_asm%_%no_deblock%_%no_fast_pskip%_%no_mbtree%_%no_weightb%_%rc_lookahead%_%rc_lookahead_40%_%ref%_%ref_9%_%root%_%;783.7767;782.4075
no_8x8dct%_%no_asm%_%no_cabac%_%no_deblock%_%no_fast_pskip%_%no_mbtree%_%rc_lookahead%_%rc_lookahead_40%_%ref%_%ref_9%_%root%_%;775.6633;796.0025
no_8x8dct%_%no_asm%_%no_cabac%_%no_deblock%_%no_fast_pskip%_%no_mbtree%_%no_weightb%_%rc_lookahead%_%rc_lookahead_40%_%ref%_%ref_9%_%root%_%;775.54;782.4075
no_8x8dct%_%no_asm%_%no_deblock%_%no_mbtree%_%no_mixed_refs%_%rc_lookahead%_%rc_lookahead_40%_%ref%_%ref_9%_%root%_%;561.7433;558.6944
no_8x8dct%_%no_asm%_%no_cabac%_%no_deblock%_%no_mbtree%_%no_mixed_refs%_%rc_lookahead%_%rc_lookahead_40%_%ref%_%ref_9%_%root%_%;555.6133;555.7794
no_8x8dct%_%no_asm%_%no_deblock%_%no_fast_pskip%_%no_mbtree%_%no_mixed_refs%_%rc_lookahead%_%rc_lookahead_40%_%ref%_%ref_9%_%root%_%;651.49;648.3681
no_8x8dct%_%no_asm%_%no_cabac%_%no_deblock%_%no_fast_pskip%_%no_mbtree%_%no_mixed_refs%_%rc_lookahead%_%rc_lookahead_40%_%ref%_%ref_9%_%root%_%;644.3567;644.3733
no_8x8dct%_%no_asm%_%no_deblock%_%no_mbtree%_%no_mixed_refs%_%no_weightb%_%rc_lookahead%_%rc_lookahead_40%_%ref%_%ref_9%_%root%_%;561.42;558.665
no_8x8dct%_%no_asm%_%no_fast_pskip%_%no_mixed_refs%_%no_weightb%_%rc_lookahead%_%rc_lookahead_20%_%ref%_%ref_1%_%root%_%;261.2067;528.8453
no_8x8dct%_%no_asm%_%no_deblock%_%no_fast_pskip%_%no_mbtree%_%no_mixed_refs%_%no_weightb%_%rc_lookahead%_%rc_lookahead_40%_%ref%_%ref_9%_%root%_%;651.2867;648.3058
no_8x8dct%_%no_asm%_%no_cabac%_%no_deblock%_%no_mbtree%_%no_mixed_refs%_%no_weightb%_%rc_lookahead%_%rc_lookahead_40%_%ref%_%ref_9%_%root%_%;555.26;555.5572
no_8x8dct%_%no_asm%_%no_cabac%_%no_deblock%_%no_fast_pskip%_%no_mbtree%_%no_mixed_refs%_%no_weightb%_%rc_lookahead%_%rc_lookahead_40%_%ref%_%ref_9%_%root%_%;643.9833;644.1867
no_8x8dct%_%no_asm%_%no_deblock%_%no_fast_pskip%_%no_mixed_refs%_%no_weightb%_%rc_lookahead%_%rc_lookahead_20%_%ref%_%ref_1%_%root%_%;260.55;528.8453
no_8x8dct%_%no_asm%_%no_mbtree%_%no_mixed_refs%_%no_weightb%_%rc_lookahead%_%rc_lookahead_20%_%ref%_%ref_1%_%root%_%;287.0867;414.8581
no_8x8dct%_%no_asm%_%no_fast_pskip%_%no_mbtree%_%no_mixed_refs%_%no_weightb%_%rc_lookahead%_%rc_lookahead_20%_%ref%_%ref_1%_%root%_%;291.61;554.1347
no_8x8dct%_%no_asm%_%no_deblock%_%no_mbtree%_%no_mixed_refs%_%no_weightb%_%rc_lookahead%_%rc_lookahead_20%_%ref%_%ref_1%_%root%_%;286.44;414.6381
no_asm%_%no_cabac%_%no_deblock%_%no_weightb%_%rc_lookahead%_%rc_lookahead_20%_%ref%_%ref_1%_%root%_%;259.9033;354.7508
no_8x8dct%_%no_asm%_%no_deblock%_%no_fast_pskip%_%no_mbtree%_%no_mixed_refs%_%no_weightb%_%rc_lookahead%_%rc_lookahead_20%_%ref%_%ref_1%_%root%_%;290.9167;553.7569
no_8x8dct%_%no_asm%_%no_cabac%_%no_mixed_refs%_%no_weightb%_%rc_lookahead%_%rc_lookahead_20%_%ref%_%ref_1%_%root%_%;244.3333;328.2367
no_8x8dct%_%no_asm%_%no_cabac%_%no_deblock%_%no_mixed_refs%_%no_weightb%_%rc_lookahead%_%rc_lookahead_20%_%ref%_%ref_1%_%root%_%;244.28;328.1228
no_8x8dct%_%no_asm%_%no_cabac%_%no_mbtree%_%no_mixed_refs%_%no_weightb%_%rc_lookahead%_%rc_lookahead_20%_%ref%_%ref_1%_%root%_%;276.0267;413.4289
no_8x8dct%_%no_asm%_%no_cabac%_%no_deblock%_%no_mbtree%_%no_mixed_refs%_%no_weightb%_%rc_lookahead%_%rc_lookahead_20%_%ref%_%ref_1%_%root%_%;275.47;413.1217
no_8x8dct%_%no_asm%_%no_cabac%_%no_fast_pskip%_%no_mixed_refs%_%no_weightb%_%rc_lookahead%_%rc_lookahead_20%_%ref%_%ref_1%_%root%_%;249.6067;528.5644
no_8x8dct%_%no_asm%_%no_cabac%_%no_fast_pskip%_%no_mbtree%_%no_mixed_refs%_%no_weightb%_%rc_lookahead%_%rc_lookahead_20%_%ref%_%ref_1%_%root%_%;279.81;551.5317
no_8x8dct%_%no_asm%_%no_cabac%_%no_deblock%_%no_fast_pskip%_%no_mixed_refs%_%no_weightb%_%rc_lookahead%_%rc_lookahead_20%_%ref%_%ref_1%_%root%_%;249.41;528.4381
no_8x8dct%_%no_asm%_%no_cabac%_%no_deblock%_%no_fast_pskip%_%no_mbtree%_%no_mixed_refs%_%no_weightb%_%rc_lookahead%_%rc_lookahead_20%_%ref%_%ref_1%_%root%_%;279.2667;550.855
no_asm%_%rc_lookahead%_%rc_lookahead_40%_%ref%_%ref_1%_%root%_%;270.6567;347.065
no_asm%_%no_fast_pskip%_%no_weightb%_%rc_lookahead%_%rc_lookahead_20%_%ref%_%ref_1%_%root%_%;275.92;619.17
no_asm%_%no_deblock%_%rc_lookahead%_%rc_lookahead_40%_%ref%_%ref_1%_%root%_%;270.07;347.2556
no_asm%_%no_fast_pskip%_%rc_lookahead%_%rc_lookahead_40%_%ref%_%ref_1%_%root%_%;278.1967;622.2944
no_asm%_%no_deblock%_%no_fast_pskip%_%rc_lookahead%_%rc_lookahead_40%_%ref%_%ref_1%_%root%_%;277.8133;622.4611
no_asm%_%no_cabac%_%rc_lookahead%_%rc_lookahead_40%_%ref%_%ref_1%_%root%_%;262.5633;346.1792
no_asm%_%no_cabac%_%no_fast_pskip%_%rc_lookahead%_%rc_lookahead_40%_%ref%_%ref_1%_%root%_%;268.7867;620.5656
no_asm%_%no_cabac%_%no_deblock%_%rc_lookahead%_%rc_lookahead_40%_%ref%_%ref_1%_%root%_%;262.2333;346.6122
no_asm%_%no_cabac%_%no_deblock%_%no_fast_pskip%_%rc_lookahead%_%rc_lookahead_40%_%ref%_%ref_1%_%root%_%;268.3967;620.8989
no_asm%_%no_weightb%_%rc_lookahead%_%rc_lookahead_40%_%ref%_%ref_1%_%root%_%;270.7067;354.7853
no_asm%_%no_deblock%_%no_weightb%_%rc_lookahead%_%rc_lookahead_40%_%ref%_%ref_1%_%root%_%;270.1533;355.2183
no_asm%_%no_cabac%_%no_weightb%_%rc_lookahead%_%rc_lookahead_40%_%ref%_%ref_1%_%root%_%;262.5667;354.0753
no_asm%_%no_cabac%_%no_fast_pskip%_%no_weightb%_%rc_lookahead%_%rc_lookahead_20%_%ref%_%ref_1%_%root%_%;266.5267;617.4411
no_asm%_%no_cabac%_%no_deblock%_%no_weightb%_%rc_lookahead%_%rc_lookahead_40%_%ref%_%ref_1%_%root%_%;262.29;354.7508
no_asm%_%no_fast_pskip%_%no_weightb%_%rc_lookahead%_%rc_lookahead_40%_%ref%_%ref_1%_%root%_%;278.12;619.17
no_asm%_%no_cabac%_%no_fast_pskip%_%no_weightb%_%rc_lookahead%_%rc_lookahead_40%_%ref%_%ref_1%_%root%_%;268.8733;617.4411
no_asm%_%no_deblock%_%no_fast_pskip%_%no_weightb%_%rc_lookahead%_%rc_lookahead_40%_%ref%_%ref_1%_%root%_%;277.5333;619.67
no_asm%_%no_cabac%_%no_deblock%_%no_fast_pskip%_%no_weightb%_%rc_lookahead%_%rc_lookahead_40%_%ref%_%ref_1%_%root%_%;268.2067;618.1078
no_asm%_%no_mixed_refs%_%rc_lookahead%_%rc_lookahead_40%_%ref%_%ref_1%_%root%_%;270.66;330.7
no_asm%_%no_deblock%_%no_mixed_refs%_%rc_lookahead%_%rc_lookahead_40%_%ref%_%ref_1%_%root%_%;270.1367;330.6192
no_asm%_%no_fast_pskip%_%no_mixed_refs%_%rc_lookahead%_%rc_lookahead_40%_%ref%_%ref_1%_%root%_%;278.2267;540.2503
no_asm%_%no_deblock%_%no_fast_pskip%_%no_mixed_refs%_%rc_lookahead%_%rc_lookahead_40%_%ref%_%ref_1%_%root%_%;277.8533;539.9361
no_asm%_%no_mixed_refs%_%no_weightb%_%rc_lookahead%_%rc_lookahead_40%_%ref%_%ref_1%_%root%_%;270.7267;330.6367
no_asm%_%no_deblock%_%no_fast_pskip%_%no_weightb%_%rc_lookahead%_%rc_lookahead_20%_%ref%_%ref_1%_%root%_%;275.3733;619.67
no_asm%_%no_fast_pskip%_%no_mixed_refs%_%no_weightb%_%rc_lookahead%_%rc_lookahead_40%_%ref%_%ref_1%_%root%_%;278.0767;539.63
no_asm%_%no_deblock%_%no_mixed_refs%_%no_weightb%_%rc_lookahead%_%rc_lookahead_40%_%ref%_%ref_1%_%root%_%;270.0133;330.5667
no_asm%_%no_deblock%_%no_fast_pskip%_%no_mixed_refs%_%no_weightb%_%rc_lookahead%_%rc_lookahead_40%_%ref%_%ref_1%_%root%_%;277.5633;539.3375
no_asm%_%no_cabac%_%no_mixed_refs%_%rc_lookahead%_%rc_lookahead_40%_%ref%_%ref_1%_%root%_%;262.6533;330.335
no_asm%_%no_cabac%_%no_deblock%_%no_mixed_refs%_%rc_lookahead%_%rc_lookahead_40%_%ref%_%ref_1%_%root%_%;262.17;330.1633
no_asm%_%no_cabac%_%no_mixed_refs%_%no_weightb%_%rc_lookahead%_%rc_lookahead_40%_%ref%_%ref_1%_%root%_%;262.53;330.3069
no_asm%_%no_cabac%_%no_deblock%_%no_mixed_refs%_%no_weightb%_%rc_lookahead%_%rc_lookahead_40%_%ref%_%ref_1%_%root%_%;262.2767;330.0792
no_asm%_%no_cabac%_%no_fast_pskip%_%no_mixed_refs%_%rc_lookahead%_%rc_lookahead_40%_%ref%_%ref_1%_%root%_%;268.7633;539.3644
no_asm%_%no_cabac%_%no_fast_pskip%_%no_mixed_refs%_%no_weightb%_%rc_lookahead%_%rc_lookahead_40%_%ref%_%ref_1%_%root%_%;268.8833;538.7442
no_asm%_%no_cabac%_%no_deblock%_%no_fast_pskip%_%no_mixed_refs%_%rc_lookahead%_%rc_lookahead_40%_%ref%_%ref_1%_%root%_%;268.3967;538.8408
no_asm%_%no_cabac%_%no_deblock%_%no_fast_pskip%_%no_weightb%_%rc_lookahead%_%rc_lookahead_20%_%ref%_%ref_1%_%root%_%;266.1133;618.1078
no_asm%_%no_cabac%_%no_deblock%_%no_fast_pskip%_%no_mixed_refs%_%no_weightb%_%rc_lookahead%_%rc_lookahead_40%_%ref%_%ref_1%_%root%_%;268.2633;538.2422
no_8x8dct%_%no_asm%_%rc_lookahead%_%rc_lookahead_40%_%ref%_%ref_1%_%root%_%;256.7267;341.9211
no_8x8dct%_%no_asm%_%no_deblock%_%rc_lookahead%_%rc_lookahead_40%_%ref%_%ref_1%_%root%_%;256.3333;341.6117
no_8x8dct%_%no_asm%_%no_fast_pskip%_%rc_lookahead%_%rc_lookahead_40%_%ref%_%ref_1%_%root%_%;263.4367;602.2286
no_8x8dct%_%no_asm%_%no_deblock%_%no_fast_pskip%_%rc_lookahead%_%rc_lookahead_40%_%ref%_%ref_1%_%root%_%;262.7933;602.4681
no_8x8dct%_%no_asm%_%no_cabac%_%rc_lookahead%_%rc_lookahead_40%_%ref%_%ref_1%_%root%_%;246.4867;341.3656
no_8x8dct%_%no_asm%_%no_cabac%_%no_fast_pskip%_%rc_lookahead%_%rc_lookahead_40%_%ref%_%ref_1%_%root%_%;251.87;599.9469
no_8x8dct%_%no_asm%_%no_cabac%_%no_deblock%_%rc_lookahead%_%rc_lookahead_40%_%ref%_%ref_1%_%root%_%;246.4;341.2578
no_8x8dct%_%no_asm%_%no_cabac%_%no_deblock%_%no_fast_pskip%_%rc_lookahead%_%rc_lookahead_40%_%ref%_%ref_1%_%root%_%;251.5733;600.3061
no_8x8dct%_%no_asm%_%no_mixed_refs%_%rc_lookahead%_%rc_lookahead_40%_%ref%_%ref_1%_%root%_%;256.82;327.6103
no_asm%_%no_mixed_refs%_%rc_lookahead%_%rc_lookahead_20%_%ref%_%ref_1%_%root%_%;268.7733;330.7
no_8x8dct%_%no_asm%_%no_deblock%_%no_mixed_refs%_%rc_lookahead%_%rc_lookahead_40%_%ref%_%ref_1%_%root%_%;256.34;327.5294
no_8x8dct%_%no_asm%_%no_cabac%_%no_mixed_refs%_%rc_lookahead%_%rc_lookahead_40%_%ref%_%ref_1%_%root%_%;246.5433;327.4617
no_8x8dct%_%no_asm%_%no_cabac%_%no_deblock%_%no_mixed_refs%_%rc_lookahead%_%rc_lookahead_40%_%ref%_%ref_1%_%root%_%;246.2733;327.3758
no_8x8dct%_%no_asm%_%no_fast_pskip%_%no_mixed_refs%_%rc_lookahead%_%rc_lookahead_40%_%ref%_%ref_1%_%root%_%;263.2067;528.9717
no_8x8dct%_%no_asm%_%no_cabac%_%no_fast_pskip%_%no_mixed_refs%_%rc_lookahead%_%rc_lookahead_40%_%ref%_%ref_1%_%root%_%;251.8233;528.6908
no_8x8dct%_%no_asm%_%no_deblock%_%no_fast_pskip%_%no_mixed_refs%_%rc_lookahead%_%rc_lookahead_40%_%ref%_%ref_1%_%root%_%;262.6433;528.9717
no_8x8dct%_%no_asm%_%no_cabac%_%no_deblock%_%no_fast_pskip%_%no_mixed_refs%_%rc_lookahead%_%rc_lookahead_40%_%ref%_%ref_1%_%root%_%;251.5867;528.5644
no_8x8dct%_%no_asm%_%no_weightb%_%rc_lookahead%_%rc_lookahead_40%_%ref%_%ref_1%_%root%_%;256.6667;349.8025
no_8x8dct%_%no_asm%_%no_deblock%_%no_weightb%_%rc_lookahead%_%rc_lookahead_40%_%ref%_%ref_1%_%root%_%;256.2733;349.4847
no_8x8dct%_%no_asm%_%no_fast_pskip%_%no_weightb%_%rc_lookahead%_%rc_lookahead_40%_%ref%_%ref_1%_%root%_%;263.2533;601.4433
no_asm%_%no_deblock%_%no_mixed_refs%_%rc_lookahead%_%rc_lookahead_20%_%ref%_%ref_1%_%root%_%;268.17;330.6192
no_8x8dct%_%no_asm%_%no_deblock%_%no_fast_pskip%_%no_weightb%_%rc_lookahead%_%rc_lookahead_40%_%ref%_%ref_1%_%root%_%;262.61;601.8292
no_8x8dct%_%no_asm%_%no_mixed_refs%_%no_weightb%_%rc_lookahead%_%rc_lookahead_40%_%ref%_%ref_1%_%root%_%;256.72;328.3606
no_8x8dct%_%no_asm%_%no_fast_pskip%_%no_mixed_refs%_%no_weightb%_%rc_lookahead%_%rc_lookahead_40%_%ref%_%ref_1%_%root%_%;263.0733;528.8453
no_8x8dct%_%no_asm%_%no_deblock%_%no_mixed_refs%_%no_weightb%_%rc_lookahead%_%rc_lookahead_40%_%ref%_%ref_1%_%root%_%;256.32;328.2906
no_8x8dct%_%no_asm%_%no_deblock%_%no_fast_pskip%_%no_mixed_refs%_%no_weightb%_%rc_lookahead%_%rc_lookahead_40%_%ref%_%ref_1%_%root%_%;262.51;528.8453
no_8x8dct%_%no_asm%_%no_cabac%_%no_weightb%_%rc_lookahead%_%rc_lookahead_40%_%ref%_%ref_1%_%root%_%;246.41;348.7803
no_8x8dct%_%no_asm%_%no_cabac%_%no_deblock%_%no_weightb%_%rc_lookahead%_%rc_lookahead_40%_%ref%_%ref_1%_%root%_%;246.2;348.6558
no_8x8dct%_%no_asm%_%no_cabac%_%no_mixed_refs%_%no_weightb%_%rc_lookahead%_%rc_lookahead_40%_%ref%_%ref_1%_%root%_%;246.58;328.2367
no_8x8dct%_%no_asm%_%no_cabac%_%no_deblock%_%no_mixed_refs%_%no_weightb%_%rc_lookahead%_%rc_lookahead_40%_%ref%_%ref_1%_%root%_%;246.2367;328.1228
no_8x8dct%_%no_asm%_%no_cabac%_%no_fast_pskip%_%no_weightb%_%rc_lookahead%_%rc_lookahead_40%_%ref%_%ref_1%_%root%_%;251.7867;599.2611
no_asm%_%no_fast_pskip%_%no_mixed_refs%_%rc_lookahead%_%rc_lookahead_20%_%ref%_%ref_1%_%root%_%;276.03;540.2503
no_8x8dct%_%no_asm%_%no_cabac%_%no_fast_pskip%_%no_mixed_refs%_%no_weightb%_%rc_lookahead%_%rc_lookahead_40%_%ref%_%ref_1%_%root%_%;251.86;528.5644
no_8x8dct%_%no_asm%_%no_cabac%_%no_deblock%_%no_fast_pskip%_%no_weightb%_%rc_lookahead%_%rc_lookahead_40%_%ref%_%ref_1%_%root%_%;251.53;599.7464
no_8x8dct%_%no_asm%_%no_cabac%_%no_deblock%_%no_fast_pskip%_%no_mixed_refs%_%no_weightb%_%rc_lookahead%_%rc_lookahead_40%_%ref%_%ref_1%_%root%_%;251.6367;528.4381
no_asm%_%no_mbtree%_%rc_lookahead%_%rc_lookahead_40%_%ref%_%ref_1%_%root%_%;305.4567;496.1889
no_asm%_%no_deblock%_%no_mbtree%_%rc_lookahead%_%rc_lookahead_40%_%ref%_%ref_1%_%root%_%;305.1733;497.8033
no_asm%_%no_fast_pskip%_%no_mbtree%_%rc_lookahead%_%rc_lookahead_40%_%ref%_%ref_1%_%root%_%;310.6967;675.4417
no_asm%_%no_deblock%_%no_fast_pskip%_%no_mbtree%_%rc_lookahead%_%rc_lookahead_40%_%ref%_%ref_1%_%root%_%;310.2867;676.4867
no_asm%_%no_cabac%_%no_mbtree%_%rc_lookahead%_%rc_lookahead_40%_%ref%_%ref_1%_%root%_%;295.49;491.6467
no_asm%_%no_cabac%_%no_fast_pskip%_%no_mbtree%_%rc_lookahead%_%rc_lookahead_40%_%ref%_%ref_1%_%root%_%;299.8133;675.4417
no_asm%_%no_cabac%_%no_deblock%_%no_mbtree%_%rc_lookahead%_%rc_lookahead_40%_%ref%_%ref_1%_%root%_%;295.4267;493.0092
no_asm%_%no_deblock%_%rc_lookahead%_%rc_lookahead_20%_%ref%_%ref_1%_%root%_%;268.0167;347.2556
no_asm%_%no_deblock%_%no_fast_pskip%_%no_mixed_refs%_%rc_lookahead%_%rc_lookahead_20%_%ref%_%ref_1%_%root%_%;275.69;539.9361
no_asm%_%no_cabac%_%no_deblock%_%no_fast_pskip%_%no_mbtree%_%rc_lookahead%_%rc_lookahead_40%_%ref%_%ref_1%_%root%_%;299.7067;676.4867
no_asm%_%no_mbtree%_%no_weightb%_%rc_lookahead%_%rc_lookahead_40%_%ref%_%ref_1%_%root%_%;305.4433;496.3072
no_asm%_%no_deblock%_%no_mbtree%_%no_weightb%_%rc_lookahead%_%rc_lookahead_40%_%ref%_%ref_1%_%root%_%;305.04;497.8822
no_asm%_%no_cabac%_%no_mbtree%_%no_weightb%_%rc_lookahead%_%rc_lookahead_40%_%ref%_%ref_1%_%root%_%;295.61;491.6467
no_asm%_%no_cabac%_%no_deblock%_%no_mbtree%_%no_weightb%_%rc_lookahead%_%rc_lookahead_40%_%ref%_%ref_1%_%root%_%;295.5033;493.0092
no_asm%_%no_fast_pskip%_%no_mbtree%_%no_weightb%_%rc_lookahead%_%rc_lookahead_40%_%ref%_%ref_1%_%root%_%;310.7767;664.9092
no_asm%_%no_cabac%_%no_fast_pskip%_%no_mbtree%_%no_weightb%_%rc_lookahead%_%rc_lookahead_40%_%ref%_%ref_1%_%root%_%;299.9067;664.9092
no_asm%_%no_deblock%_%no_fast_pskip%_%no_mbtree%_%no_weightb%_%rc_lookahead%_%rc_lookahead_40%_%ref%_%ref_1%_%root%_%;310.3167;665.9542
no_asm%_%no_cabac%_%no_deblock%_%no_fast_pskip%_%no_mbtree%_%no_weightb%_%rc_lookahead%_%rc_lookahead_40%_%ref%_%ref_1%_%root%_%;299.6267;665.9542
no_8x8dct%_%no_asm%_%no_mbtree%_%rc_lookahead%_%rc_lookahead_40%_%ref%_%ref_1%_%root%_%;287.05;479.3503
no_asm%_%no_mixed_refs%_%no_weightb%_%rc_lookahead%_%rc_lookahead_20%_%ref%_%ref_1%_%root%_%;268.6033;330.6367
no_8x8dct%_%no_asm%_%no_deblock%_%no_mbtree%_%rc_lookahead%_%rc_lookahead_40%_%ref%_%ref_1%_%root%_%;286.4267;479.7675
no_8x8dct%_%no_asm%_%no_fast_pskip%_%no_mbtree%_%rc_lookahead%_%rc_lookahead_40%_%ref%_%ref_1%_%root%_%;291.59;664.9092
no_8x8dct%_%no_asm%_%no_deblock%_%no_fast_pskip%_%no_mbtree%_%rc_lookahead%_%rc_lookahead_40%_%ref%_%ref_1%_%root%_%;291.0667;667.2992
no_8x8dct%_%no_asm%_%no_mbtree%_%no_weightb%_%rc_lookahead%_%rc_lookahead_40%_%ref%_%ref_1%_%root%_%;287.1067;478.9394
no_8x8dct%_%no_asm%_%no_fast_pskip%_%no_mbtree%_%no_weightb%_%rc_lookahead%_%rc_lookahead_40%_%ref%_%ref_1%_%root%_%;291.5767;654.3767
no_8x8dct%_%no_asm%_%no_deblock%_%no_mbtree%_%no_weightb%_%rc_lookahead%_%rc_lookahead_40%_%ref%_%ref_1%_%root%_%;286.4;479.3867
no_8x8dct%_%no_asm%_%no_deblock%_%no_fast_pskip%_%no_mbtree%_%no_weightb%_%rc_lookahead%_%rc_lookahead_40%_%ref%_%ref_1%_%root%_%;291.2;656.7667
no_8x8dct%_%no_asm%_%no_cabac%_%no_mbtree%_%rc_lookahead%_%rc_lookahead_40%_%ref%_%ref_1%_%root%_%;276.01;478.3022
no_8x8dct%_%no_asm%_%no_cabac%_%no_deblock%_%no_mbtree%_%rc_lookahead%_%rc_lookahead_40%_%ref%_%ref_1%_%root%_%;275.56;478.2
no_8x8dct%_%no_asm%_%no_cabac%_%no_mbtree%_%no_weightb%_%rc_lookahead%_%rc_lookahead_40%_%ref%_%ref_1%_%root%_%;275.9733;477.9292
no_asm%_%no_fast_pskip%_%no_mixed_refs%_%no_weightb%_%rc_lookahead%_%rc_lookahead_20%_%ref%_%ref_1%_%root%_%;275.9567;539.63
no_8x8dct%_%no_asm%_%no_cabac%_%no_deblock%_%no_mbtree%_%no_weightb%_%rc_lookahead%_%rc_lookahead_40%_%ref%_%ref_1%_%root%_%;275.4533;477.9025
no_8x8dct%_%no_asm%_%no_cabac%_%no_fast_pskip%_%no_mbtree%_%rc_lookahead%_%rc_lookahead_40%_%ref%_%ref_1%_%root%_%;279.7533;664.9092
no_8x8dct%_%no_asm%_%no_cabac%_%no_fast_pskip%_%no_mbtree%_%no_weightb%_%rc_lookahead%_%rc_lookahead_40%_%ref%_%ref_1%_%root%_%;279.89;654.3767
no_8x8dct%_%no_asm%_%no_cabac%_%no_deblock%_%no_fast_pskip%_%no_mbtree%_%rc_lookahead%_%rc_lookahead_40%_%ref%_%ref_1%_%root%_%;279.2467;667.2992
no_8x8dct%_%no_asm%_%no_cabac%_%no_deblock%_%no_fast_pskip%_%no_mbtree%_%no_weightb%_%rc_lookahead%_%rc_lookahead_40%_%ref%_%ref_1%_%root%_%;279.1567;656.7667
no_asm%_%no_mbtree%_%no_mixed_refs%_%rc_lookahead%_%rc_lookahead_40%_%ref%_%ref_1%_%root%_%;305.5033;423.1783
no_asm%_%no_deblock%_%no_mbtree%_%no_mixed_refs%_%rc_lookahead%_%rc_lookahead_40%_%ref%_%ref_1%_%root%_%;305.03;423.1783
no_asm%_%no_fast_pskip%_%no_mbtree%_%no_mixed_refs%_%rc_lookahead%_%rc_lookahead_40%_%ref%_%ref_1%_%root%_%;310.6967;571.2622
no_asm%_%no_deblock%_%no_fast_pskip%_%no_mbtree%_%no_mixed_refs%_%rc_lookahead%_%rc_lookahead_40%_%ref%_%ref_1%_%root%_%;310.25;571.1331
no_asm%_%no_cabac%_%no_mbtree%_%no_mixed_refs%_%rc_lookahead%_%rc_lookahead_40%_%ref%_%ref_1%_%root%_%;295.68;423.1783
no_asm%_%no_deblock%_%no_mixed_refs%_%no_weightb%_%rc_lookahead%_%rc_lookahead_20%_%ref%_%ref_1%_%root%_%;268.11;330.5667
no_asm%_%no_cabac%_%no_fast_pskip%_%no_mbtree%_%no_mixed_refs%_%rc_lookahead%_%rc_lookahead_40%_%ref%_%ref_1%_%root%_%;299.75;567.44
no_asm%_%no_cabac%_%no_deblock%_%no_mbtree%_%no_mixed_refs%_%rc_lookahead%_%rc_lookahead_40%_%ref%_%ref_1%_%root%_%;295.36;423.1783
no_asm%_%no_cabac%_%no_deblock%_%no_fast_pskip%_%no_mbtree%_%no_mixed_refs%_%rc_lookahead%_%rc_lookahead_40%_%ref%_%ref_1%_%root%_%;299.69;566.9367
no_8x8dct%_%no_asm%_%no_mbtree%_%no_mixed_refs%_%rc_lookahead%_%rc_lookahead_40%_%ref%_%ref_1%_%root%_%;287.21;414.8753
no_8x8dct%_%no_asm%_%no_deblock%_%no_mbtree%_%no_mixed_refs%_%rc_lookahead%_%rc_lookahead_40%_%ref%_%ref_1%_%root%_%;286.28;414.6381
no_8x8dct%_%no_asm%_%no_cabac%_%no_mbtree%_%no_mixed_refs%_%rc_lookahead%_%rc_lookahead_40%_%ref%_%ref_1%_%root%_%;275.8967;413.5678
no_8x8dct%_%no_asm%_%no_cabac%_%no_deblock%_%no_mbtree%_%no_mixed_refs%_%rc_lookahead%_%rc_lookahead_40%_%ref%_%ref_1%_%root%_%;275.5233;413.2556
no_8x8dct%_%no_asm%_%no_fast_pskip%_%no_mbtree%_%no_mixed_refs%_%rc_lookahead%_%rc_lookahead_40%_%ref%_%ref_1%_%root%_%;291.6733;554.1347
no_8x8dct%_%no_asm%_%no_cabac%_%no_fast_pskip%_%no_mbtree%_%no_mixed_refs%_%rc_lookahead%_%rc_lookahead_40%_%ref%_%ref_1%_%root%_%;279.74;551.5628
no_8x8dct%_%no_asm%_%no_deblock%_%no_fast_pskip%_%no_mbtree%_%no_mixed_refs%_%rc_lookahead%_%rc_lookahead_40%_%ref%_%ref_1%_%root%_%;291.1733;553.7881
no_asm%_%no_deblock%_%no_fast_pskip%_%no_mixed_refs%_%no_weightb%_%rc_lookahead%_%rc_lookahead_20%_%ref%_%ref_1%_%root%_%;275.31;539.3375
no_8x8dct%_%no_asm%_%no_cabac%_%no_deblock%_%no_fast_pskip%_%no_mbtree%_%no_mixed_refs%_%rc_lookahead%_%rc_lookahead_40%_%ref%_%ref_1%_%root%_%;279.26;550.9483
no_asm%_%no_mbtree%_%no_mixed_refs%_%no_weightb%_%rc_lookahead%_%rc_lookahead_40%_%ref%_%ref_1%_%root%_%;305.4333;423.0772
no_asm%_%no_deblock%_%no_mbtree%_%no_mixed_refs%_%no_weightb%_%rc_lookahead%_%rc_lookahead_40%_%ref%_%ref_1%_%root%_%;305;423.0772
no_asm%_%no_fast_pskip%_%no_mbtree%_%no_mixed_refs%_%no_weightb%_%rc_lookahead%_%rc_lookahead_40%_%ref%_%ref_1%_%root%_%;310.7533;571.3053
no_asm%_%no_deblock%_%no_fast_pskip%_%no_mbtree%_%no_mixed_refs%_%no_weightb%_%rc_lookahead%_%rc_lookahead_40%_%ref%_%ref_1%_%root%_%;310.2833;571.1761
no_8x8dct%_%no_asm%_%no_mbtree%_%no_mixed_refs%_%no_weightb%_%rc_lookahead%_%rc_lookahead_40%_%ref%_%ref_1%_%root%_%;287.0367;414.8581
no_8x8dct%_%no_asm%_%no_fast_pskip%_%no_mbtree%_%no_mixed_refs%_%no_weightb%_%rc_lookahead%_%rc_lookahead_40%_%ref%_%ref_1%_%root%_%;291.6033;554.1347
no_8x8dct%_%no_asm%_%no_deblock%_%no_mbtree%_%no_mixed_refs%_%no_weightb%_%rc_lookahead%_%rc_lookahead_40%_%ref%_%ref_1%_%root%_%;286.3367;414.6381
no_8x8dct%_%no_asm%_%no_deblock%_%no_fast_pskip%_%no_mbtree%_%no_mixed_refs%_%no_weightb%_%rc_lookahead%_%rc_lookahead_40%_%ref%_%ref_1%_%root%_%;291.21;553.7569
no_asm%_%no_cabac%_%no_mbtree%_%no_mixed_refs%_%no_weightb%_%rc_lookahead%_%rc_lookahead_40%_%ref%_%ref_1%_%root%_%;295.58;423.0772
no_asm%_%no_cabac%_%no_mixed_refs%_%rc_lookahead%_%rc_lookahead_20%_%ref%_%ref_1%_%root%_%;260.48;330.335
no_asm%_%no_cabac%_%no_deblock%_%no_mbtree%_%no_mixed_refs%_%no_weightb%_%rc_lookahead%_%rc_lookahead_40%_%ref%_%ref_1%_%root%_%;295.4467;423.0772
no_8x8dct%_%no_asm%_%no_cabac%_%no_mbtree%_%no_mixed_refs%_%no_weightb%_%rc_lookahead%_%rc_lookahead_40%_%ref%_%ref_1%_%root%_%;276.01;413.4289
no_8x8dct%_%no_asm%_%no_cabac%_%no_deblock%_%no_mbtree%_%no_mixed_refs%_%no_weightb%_%rc_lookahead%_%rc_lookahead_40%_%ref%_%ref_1%_%root%_%;275.4067;413.1217
no_asm%_%no_cabac%_%no_fast_pskip%_%no_mbtree%_%no_mixed_refs%_%no_weightb%_%rc_lookahead%_%rc_lookahead_40%_%ref%_%ref_1%_%root%_%;299.84;567.4392
no_8x8dct%_%no_asm%_%no_cabac%_%no_fast_pskip%_%no_mbtree%_%no_mixed_refs%_%no_weightb%_%rc_lookahead%_%rc_lookahead_40%_%ref%_%ref_1%_%root%_%;279.9033;551.5317
no_asm%_%no_cabac%_%no_deblock%_%no_fast_pskip%_%no_mbtree%_%no_mixed_refs%_%no_weightb%_%rc_lookahead%_%rc_lookahead_40%_%ref%_%ref_1%_%root%_%;299.7333;566.9261
no_8x8dct%_%no_asm%_%no_cabac%_%no_deblock%_%no_fast_pskip%_%no_mbtree%_%no_mixed_refs%_%no_weightb%_%rc_lookahead%_%rc_lookahead_40%_%ref%_%ref_1%_%root%_%;279.1933;550.855
no_asm%_%rc_lookahead%_%rc_lookahead_60%_%ref%_%ref_1%_%root%_%;271.9667;347.065
no_asm%_%no_fast_pskip%_%rc_lookahead%_%rc_lookahead_60%_%ref%_%ref_1%_%root%_%;279.3567;622.2944
no_asm%_%no_cabac%_%rc_lookahead%_%rc_lookahead_60%_%ref%_%ref_1%_%root%_%;263.8233;346.1792
no_asm%_%no_cabac%_%no_deblock%_%no_mixed_refs%_%rc_lookahead%_%rc_lookahead_20%_%ref%_%ref_1%_%root%_%;259.9633;330.1633
no_asm%_%no_cabac%_%no_fast_pskip%_%rc_lookahead%_%rc_lookahead_60%_%ref%_%ref_1%_%root%_%;269.9167;620.5656
no_asm%_%no_weightb%_%rc_lookahead%_%rc_lookahead_60%_%ref%_%ref_1%_%root%_%;272.0033;354.7853
no_asm%_%no_cabac%_%no_weightb%_%rc_lookahead%_%rc_lookahead_60%_%ref%_%ref_1%_%root%_%;263.6433;354.0753
no_asm%_%no_fast_pskip%_%no_weightb%_%rc_lookahead%_%rc_lookahead_60%_%ref%_%ref_1%_%root%_%;279.3333;619.17
no_asm%_%no_cabac%_%no_fast_pskip%_%no_weightb%_%rc_lookahead%_%rc_lookahead_60%_%ref%_%ref_1%_%root%_%;269.95;617.4411
no_asm%_%no_mixed_refs%_%rc_lookahead%_%rc_lookahead_60%_%ref%_%ref_1%_%root%_%;272.13;330.7
no_asm%_%no_fast_pskip%_%no_mixed_refs%_%rc_lookahead%_%rc_lookahead_60%_%ref%_%ref_1%_%root%_%;279.5333;540.2503
no_asm%_%no_mixed_refs%_%no_weightb%_%rc_lookahead%_%rc_lookahead_60%_%ref%_%ref_1%_%root%_%;272.0533;330.6367
no_asm%_%no_fast_pskip%_%no_mixed_refs%_%no_weightb%_%rc_lookahead%_%rc_lookahead_60%_%ref%_%ref_1%_%root%_%;279.3033;539.63
no_asm%_%no_cabac%_%no_mixed_refs%_%rc_lookahead%_%rc_lookahead_60%_%ref%_%ref_1%_%root%_%;263.8867;330.335
no_asm%_%no_cabac%_%no_mixed_refs%_%no_weightb%_%rc_lookahead%_%rc_lookahead_20%_%ref%_%ref_1%_%root%_%;260.38;330.3069
no_asm%_%no_cabac%_%no_mixed_refs%_%no_weightb%_%rc_lookahead%_%rc_lookahead_60%_%ref%_%ref_1%_%root%_%;263.7533;330.3069
no_asm%_%no_cabac%_%no_fast_pskip%_%no_mixed_refs%_%rc_lookahead%_%rc_lookahead_60%_%ref%_%ref_1%_%root%_%;270.09;539.3644
no_asm%_%no_cabac%_%no_fast_pskip%_%no_mixed_refs%_%no_weightb%_%rc_lookahead%_%rc_lookahead_60%_%ref%_%ref_1%_%root%_%;270.0633;538.7442
no_asm%_%no_mbtree%_%rc_lookahead%_%rc_lookahead_60%_%ref%_%ref_1%_%root%_%;305.3833;496.1889
no_asm%_%no_fast_pskip%_%no_mbtree%_%rc_lookahead%_%rc_lookahead_60%_%ref%_%ref_1%_%root%_%;310.6067;675.4417
no_asm%_%no_cabac%_%no_mbtree%_%rc_lookahead%_%rc_lookahead_60%_%ref%_%ref_1%_%root%_%;295.5767;491.6467
no_asm%_%no_cabac%_%no_fast_pskip%_%no_mbtree%_%rc_lookahead%_%rc_lookahead_60%_%ref%_%ref_1%_%root%_%;299.8667;675.4417
no_asm%_%no_mbtree%_%no_mixed_refs%_%rc_lookahead%_%rc_lookahead_60%_%ref%_%ref_1%_%root%_%;305.35;423.1783
no_asm%_%no_cabac%_%no_mbtree%_%no_mixed_refs%_%rc_lookahead%_%rc_lookahead_60%_%ref%_%ref_1%_%root%_%;295.62;423.1783
no_asm%_%no_fast_pskip%_%no_mbtree%_%no_mixed_refs%_%rc_lookahead%_%rc_lookahead_60%_%ref%_%ref_1%_%root%_%;310.6733;571.2622
no_asm%_%no_cabac%_%no_deblock%_%no_mixed_refs%_%no_weightb%_%rc_lookahead%_%rc_lookahead_20%_%ref%_%ref_1%_%root%_%;259.84;330.0792
no_asm%_%no_cabac%_%no_fast_pskip%_%no_mbtree%_%no_mixed_refs%_%rc_lookahead%_%rc_lookahead_60%_%ref%_%ref_1%_%root%_%;299.89;567.44
no_asm%_%no_mbtree%_%no_weightb%_%rc_lookahead%_%rc_lookahead_60%_%ref%_%ref_1%_%root%_%;305.5;496.3072
no_asm%_%no_fast_pskip%_%no_mbtree%_%no_weightb%_%rc_lookahead%_%rc_lookahead_60%_%ref%_%ref_1%_%root%_%;310.6867;664.9092
no_asm%_%no_mbtree%_%no_mixed_refs%_%no_weightb%_%rc_lookahead%_%rc_lookahead_60%_%ref%_%ref_1%_%root%_%;305.4333;423.0772
no_asm%_%no_fast_pskip%_%no_mbtree%_%no_mixed_refs%_%no_weightb%_%rc_lookahead%_%rc_lookahead_60%_%ref%_%ref_1%_%root%_%;310.6733;571.3053
no_asm%_%no_cabac%_%no_mbtree%_%no_weightb%_%rc_lookahead%_%rc_lookahead_60%_%ref%_%ref_1%_%root%_%;295.6067;491.6467
no_asm%_%no_cabac%_%no_mbtree%_%no_mixed_refs%_%no_weightb%_%rc_lookahead%_%rc_lookahead_60%_%ref%_%ref_1%_%root%_%;295.6833;423.0772
no_asm%_%no_cabac%_%no_fast_pskip%_%no_mbtree%_%no_weightb%_%rc_lookahead%_%rc_lookahead_60%_%ref%_%ref_1%_%root%_%;299.85;664.9092
no_asm%_%no_cabac%_%no_fast_pskip%_%no_mbtree%_%no_mixed_refs%_%no_weightb%_%rc_lookahead%_%rc_lookahead_60%_%ref%_%ref_1%_%root%_%;299.96;567.4392
no_asm%_%no_deblock%_%rc_lookahead%_%rc_lookahead_60%_%ref%_%ref_1%_%root%_%;271.3367;347.2556
no_asm%_%no_cabac%_%no_fast_pskip%_%no_mixed_refs%_%rc_lookahead%_%rc_lookahead_20%_%ref%_%ref_1%_%root%_%;266.67;539.3644
no_asm%_%no_deblock%_%no_fast_pskip%_%rc_lookahead%_%rc_lookahead_60%_%ref%_%ref_1%_%root%_%;279.0367;622.4611
no_asm%_%no_cabac%_%no_deblock%_%rc_lookahead%_%rc_lookahead_60%_%ref%_%ref_1%_%root%_%;263.3667;346.6122
no_asm%_%no_cabac%_%no_deblock%_%no_fast_pskip%_%rc_lookahead%_%rc_lookahead_60%_%ref%_%ref_1%_%root%_%;269.7333;620.8989
no_asm%_%no_deblock%_%no_weightb%_%rc_lookahead%_%rc_lookahead_60%_%ref%_%ref_1%_%root%_%;271.38;355.2183
no_asm%_%no_cabac%_%no_deblock%_%no_weightb%_%rc_lookahead%_%rc_lookahead_60%_%ref%_%ref_1%_%root%_%;263.3633;354.7508
no_asm%_%no_deblock%_%no_fast_pskip%_%no_weightb%_%rc_lookahead%_%rc_lookahead_60%_%ref%_%ref_1%_%root%_%;279.0833;619.67
no_asm%_%no_cabac%_%no_deblock%_%no_fast_pskip%_%no_weightb%_%rc_lookahead%_%rc_lookahead_60%_%ref%_%ref_1%_%root%_%;269.5233;618.1078
no_asm%_%no_deblock%_%no_mbtree%_%rc_lookahead%_%rc_lookahead_60%_%ref%_%ref_1%_%root%_%;304.96;497.8033
no_asm%_%no_deblock%_%no_fast_pskip%_%no_mbtree%_%rc_lookahead%_%rc_lookahead_60%_%ref%_%ref_1%_%root%_%;310.2267;676.4867
no_asm%_%no_deblock%_%no_mbtree%_%no_weightb%_%rc_lookahead%_%rc_lookahead_60%_%ref%_%ref_1%_%root%_%;305.1467;497.8822
no_asm%_%no_fast_pskip%_%rc_lookahead%_%rc_lookahead_20%_%ref%_%ref_1%_%root%_%;276.1033;622.2944
no_asm%_%no_cabac%_%no_fast_pskip%_%no_mixed_refs%_%no_weightb%_%rc_lookahead%_%rc_lookahead_20%_%ref%_%ref_1%_%root%_%;266.51;538.7442
no_asm%_%no_deblock%_%no_fast_pskip%_%no_mbtree%_%no_weightb%_%rc_lookahead%_%rc_lookahead_60%_%ref%_%ref_1%_%root%_%;310.3267;665.9542
no_asm%_%no_cabac%_%no_deblock%_%no_mbtree%_%rc_lookahead%_%rc_lookahead_60%_%ref%_%ref_1%_%root%_%;295.3533;493.0092
no_asm%_%no_cabac%_%no_deblock%_%no_mbtree%_%no_weightb%_%rc_lookahead%_%rc_lookahead_60%_%ref%_%ref_1%_%root%_%;295.4233;493.0092
no_asm%_%no_cabac%_%no_deblock%_%no_fast_pskip%_%no_mbtree%_%rc_lookahead%_%rc_lookahead_60%_%ref%_%ref_1%_%root%_%;299.8133;676.4867
no_asm%_%no_cabac%_%no_deblock%_%no_fast_pskip%_%no_mbtree%_%no_weightb%_%rc_lookahead%_%rc_lookahead_60%_%ref%_%ref_1%_%root%_%;299.7967;665.9542
no_asm%_%no_deblock%_%no_mixed_refs%_%rc_lookahead%_%rc_lookahead_60%_%ref%_%ref_1%_%root%_%;271.4167;330.6192
no_asm%_%no_deblock%_%no_fast_pskip%_%no_mixed_refs%_%rc_lookahead%_%rc_lookahead_60%_%ref%_%ref_1%_%root%_%;279.0967;539.9361
no_asm%_%no_cabac%_%no_deblock%_%no_mixed_refs%_%rc_lookahead%_%rc_lookahead_60%_%ref%_%ref_1%_%root%_%;263.4033;330.1633
no_asm%_%no_cabac%_%no_deblock%_%no_fast_pskip%_%no_mixed_refs%_%rc_lookahead%_%rc_lookahead_60%_%ref%_%ref_1%_%root%_%;269.5833;538.8408
no_asm%_%no_deblock%_%no_mbtree%_%no_mixed_refs%_%rc_lookahead%_%rc_lookahead_60%_%ref%_%ref_1%_%root%_%;305.0267;423.1783
no_asm%_%no_cabac%_%no_deblock%_%no_fast_pskip%_%no_mixed_refs%_%rc_lookahead%_%rc_lookahead_20%_%ref%_%ref_1%_%root%_%;266.22;538.8408
no_asm%_%no_cabac%_%no_deblock%_%no_mbtree%_%no_mixed_refs%_%rc_lookahead%_%rc_lookahead_60%_%ref%_%ref_1%_%root%_%;295.4133;423.1783
no_asm%_%no_deblock%_%no_fast_pskip%_%no_mbtree%_%no_mixed_refs%_%rc_lookahead%_%rc_lookahead_60%_%ref%_%ref_1%_%root%_%;310.2633;571.1331
no_asm%_%no_cabac%_%no_deblock%_%no_fast_pskip%_%no_mbtree%_%no_mixed_refs%_%rc_lookahead%_%rc_lookahead_60%_%ref%_%ref_1%_%root%_%;299.6767;566.9367
no_asm%_%no_deblock%_%no_mixed_refs%_%no_weightb%_%rc_lookahead%_%rc_lookahead_60%_%ref%_%ref_1%_%root%_%;271.4033;330.5667
no_asm%_%no_deblock%_%no_fast_pskip%_%no_mixed_refs%_%no_weightb%_%rc_lookahead%_%rc_lookahead_60%_%ref%_%ref_1%_%root%_%;279.0133;539.3375
no_asm%_%no_deblock%_%no_mbtree%_%no_mixed_refs%_%no_weightb%_%rc_lookahead%_%rc_lookahead_60%_%ref%_%ref_1%_%root%_%;305.1033;423.0772
no_asm%_%no_deblock%_%no_fast_pskip%_%no_mbtree%_%no_mixed_refs%_%no_weightb%_%rc_lookahead%_%rc_lookahead_60%_%ref%_%ref_1%_%root%_%;310.2533;571.1761
no_asm%_%no_cabac%_%no_deblock%_%no_mixed_refs%_%no_weightb%_%rc_lookahead%_%rc_lookahead_60%_%ref%_%ref_1%_%root%_%;263.3733;330.0792
no_asm%_%no_cabac%_%no_deblock%_%no_mbtree%_%no_mixed_refs%_%no_weightb%_%rc_lookahead%_%rc_lookahead_60%_%ref%_%ref_1%_%root%_%;295.41;423.0772
no_asm%_%no_cabac%_%no_deblock%_%no_fast_pskip%_%no_mixed_refs%_%no_weightb%_%rc_lookahead%_%rc_lookahead_60%_%ref%_%ref_1%_%root%_%;269.4933;538.2422
no_asm%_%no_cabac%_%no_deblock%_%no_fast_pskip%_%no_mixed_refs%_%no_weightb%_%rc_lookahead%_%rc_lookahead_20%_%ref%_%ref_1%_%root%_%;266.2733;538.2422
no_asm%_%no_cabac%_%no_deblock%_%no_fast_pskip%_%no_mbtree%_%no_mixed_refs%_%no_weightb%_%rc_lookahead%_%rc_lookahead_60%_%ref%_%ref_1%_%root%_%;299.6767;566.9261
no_8x8dct%_%no_asm%_%rc_lookahead%_%rc_lookahead_60%_%ref%_%ref_1%_%root%_%;257.9733;341.9211
no_8x8dct%_%no_asm%_%no_fast_pskip%_%rc_lookahead%_%rc_lookahead_60%_%ref%_%ref_1%_%root%_%;264.2933;602.2286
no_8x8dct%_%no_asm%_%no_cabac%_%rc_lookahead%_%rc_lookahead_60%_%ref%_%ref_1%_%root%_%;247.73;341.3656
no_8x8dct%_%no_asm%_%no_cabac%_%no_fast_pskip%_%rc_lookahead%_%rc_lookahead_60%_%ref%_%ref_1%_%root%_%;252.9633;599.9469
no_8x8dct%_%no_asm%_%no_weightb%_%rc_lookahead%_%rc_lookahead_60%_%ref%_%ref_1%_%root%_%;257.9267;349.8025
no_8x8dct%_%no_asm%_%no_cabac%_%no_weightb%_%rc_lookahead%_%rc_lookahead_60%_%ref%_%ref_1%_%root%_%;247.5067;348.7803
no_8x8dct%_%no_asm%_%no_fast_pskip%_%no_weightb%_%rc_lookahead%_%rc_lookahead_60%_%ref%_%ref_1%_%root%_%;264.2867;601.4433
no_8x8dct%_%no_asm%_%no_cabac%_%no_fast_pskip%_%no_weightb%_%rc_lookahead%_%rc_lookahead_60%_%ref%_%ref_1%_%root%_%;253.01;599.2611
no_8x8dct%_%no_asm%_%no_mixed_refs%_%rc_lookahead%_%rc_lookahead_60%_%ref%_%ref_1%_%root%_%;258.1133;327.6103
no_asm%_%no_mbtree%_%rc_lookahead%_%rc_lookahead_20%_%ref%_%ref_1%_%root%_%;305.4;496.1889
no_8x8dct%_%no_asm%_%no_fast_pskip%_%no_mixed_refs%_%rc_lookahead%_%rc_lookahead_60%_%ref%_%ref_1%_%root%_%;264.38;528.9717
no_8x8dct%_%no_asm%_%no_mixed_refs%_%no_weightb%_%rc_lookahead%_%rc_lookahead_60%_%ref%_%ref_1%_%root%_%;257.8767;328.3606
no_8x8dct%_%no_asm%_%no_fast_pskip%_%no_mixed_refs%_%no_weightb%_%rc_lookahead%_%rc_lookahead_60%_%ref%_%ref_1%_%root%_%;264.33;528.8453
no_8x8dct%_%no_asm%_%no_cabac%_%no_mixed_refs%_%rc_lookahead%_%rc_lookahead_60%_%ref%_%ref_1%_%root%_%;247.7167;327.4617
no_8x8dct%_%no_asm%_%no_cabac%_%no_mixed_refs%_%no_weightb%_%rc_lookahead%_%rc_lookahead_60%_%ref%_%ref_1%_%root%_%;247.6933;328.2367
no_8x8dct%_%no_asm%_%no_cabac%_%no_fast_pskip%_%no_mixed_refs%_%rc_lookahead%_%rc_lookahead_60%_%ref%_%ref_1%_%root%_%;253.1267;528.6908
no_8x8dct%_%no_asm%_%no_cabac%_%no_fast_pskip%_%no_mixed_refs%_%no_weightb%_%rc_lookahead%_%rc_lookahead_60%_%ref%_%ref_1%_%root%_%;253.08;528.5644
no_8x8dct%_%no_asm%_%no_deblock%_%rc_lookahead%_%rc_lookahead_60%_%ref%_%ref_1%_%root%_%;257.4633;341.6117
no_8x8dct%_%no_asm%_%no_deblock%_%no_fast_pskip%_%rc_lookahead%_%rc_lookahead_60%_%ref%_%ref_1%_%root%_%;263.91;602.4681
no_8x8dct%_%no_asm%_%no_cabac%_%no_deblock%_%rc_lookahead%_%rc_lookahead_60%_%ref%_%ref_1%_%root%_%;247.4833;341.2578
no_asm%_%no_deblock%_%no_mbtree%_%rc_lookahead%_%rc_lookahead_20%_%ref%_%ref_1%_%root%_%;304.9;497.8033
no_8x8dct%_%no_asm%_%no_cabac%_%no_deblock%_%no_fast_pskip%_%rc_lookahead%_%rc_lookahead_60%_%ref%_%ref_1%_%root%_%;252.8267;600.3061
no_8x8dct%_%no_asm%_%no_deblock%_%no_mixed_refs%_%rc_lookahead%_%rc_lookahead_60%_%ref%_%ref_1%_%root%_%;257.4067;327.5294
no_8x8dct%_%no_asm%_%no_cabac%_%no_deblock%_%no_mixed_refs%_%rc_lookahead%_%rc_lookahead_60%_%ref%_%ref_1%_%root%_%;247.6667;327.3758
no_8x8dct%_%no_asm%_%no_deblock%_%no_fast_pskip%_%no_mixed_refs%_%rc_lookahead%_%rc_lookahead_60%_%ref%_%ref_1%_%root%_%;263.8467;528.9717
no_8x8dct%_%no_asm%_%no_cabac%_%no_deblock%_%no_fast_pskip%_%no_mixed_refs%_%rc_lookahead%_%rc_lookahead_60%_%ref%_%ref_1%_%root%_%;252.78;528.5644
no_8x8dct%_%no_asm%_%no_deblock%_%no_weightb%_%rc_lookahead%_%rc_lookahead_60%_%ref%_%ref_1%_%root%_%;257.45;349.4847
no_8x8dct%_%no_asm%_%no_deblock%_%no_fast_pskip%_%no_weightb%_%rc_lookahead%_%rc_lookahead_60%_%ref%_%ref_1%_%root%_%;263.8533;601.8292
no_8x8dct%_%no_asm%_%no_deblock%_%no_mixed_refs%_%no_weightb%_%rc_lookahead%_%rc_lookahead_60%_%ref%_%ref_1%_%root%_%;257.53;328.2906
no_8x8dct%_%no_asm%_%no_deblock%_%no_fast_pskip%_%no_mixed_refs%_%no_weightb%_%rc_lookahead%_%rc_lookahead_60%_%ref%_%ref_1%_%root%_%;263.92;528.8453
no_8x8dct%_%no_asm%_%no_cabac%_%no_deblock%_%no_weightb%_%rc_lookahead%_%rc_lookahead_60%_%ref%_%ref_1%_%root%_%;247.5167;348.6558
no_asm%_%no_fast_pskip%_%no_mbtree%_%rc_lookahead%_%rc_lookahead_20%_%ref%_%ref_1%_%root%_%;310.58;675.4417
no_8x8dct%_%no_asm%_%no_cabac%_%no_deblock%_%no_mixed_refs%_%no_weightb%_%rc_lookahead%_%rc_lookahead_60%_%ref%_%ref_1%_%root%_%;247.5367;328.1228
no_8x8dct%_%no_asm%_%no_cabac%_%no_deblock%_%no_fast_pskip%_%no_weightb%_%rc_lookahead%_%rc_lookahead_60%_%ref%_%ref_1%_%root%_%;252.7367;599.7464
no_8x8dct%_%no_asm%_%no_cabac%_%no_deblock%_%no_fast_pskip%_%no_mixed_refs%_%no_weightb%_%rc_lookahead%_%rc_lookahead_60%_%ref%_%ref_1%_%root%_%;252.63;528.4381
no_8x8dct%_%no_asm%_%no_mbtree%_%rc_lookahead%_%rc_lookahead_60%_%ref%_%ref_1%_%root%_%;287.1133;479.3503
no_8x8dct%_%no_asm%_%no_fast_pskip%_%no_mbtree%_%rc_lookahead%_%rc_lookahead_60%_%ref%_%ref_1%_%root%_%;291.6433;664.9092
no_8x8dct%_%no_asm%_%no_cabac%_%no_mbtree%_%rc_lookahead%_%rc_lookahead_60%_%ref%_%ref_1%_%root%_%;275.97;478.3022
no_8x8dct%_%no_asm%_%no_cabac%_%no_fast_pskip%_%no_mbtree%_%rc_lookahead%_%rc_lookahead_60%_%ref%_%ref_1%_%root%_%;279.84;664.9092
no_8x8dct%_%no_asm%_%no_mbtree%_%no_weightb%_%rc_lookahead%_%rc_lookahead_60%_%ref%_%ref_1%_%root%_%;287.1067;478.9394
no_8x8dct%_%no_asm%_%no_cabac%_%no_mbtree%_%no_weightb%_%rc_lookahead%_%rc_lookahead_60%_%ref%_%ref_1%_%root%_%;275.96;477.9292
no_8x8dct%_%no_asm%_%no_fast_pskip%_%no_mbtree%_%no_weightb%_%rc_lookahead%_%rc_lookahead_60%_%ref%_%ref_1%_%root%_%;291.53;654.3767
no_asm%_%no_deblock%_%no_fast_pskip%_%no_mbtree%_%rc_lookahead%_%rc_lookahead_20%_%ref%_%ref_1%_%root%_%;310.1767;676.4867
no_8x8dct%_%no_asm%_%no_cabac%_%no_fast_pskip%_%no_mbtree%_%no_weightb%_%rc_lookahead%_%rc_lookahead_60%_%ref%_%ref_1%_%root%_%;279.7567;654.3767
no_8x8dct%_%no_asm%_%no_deblock%_%no_mbtree%_%rc_lookahead%_%rc_lookahead_60%_%ref%_%ref_1%_%root%_%;286.3533;479.7675
no_8x8dct%_%no_asm%_%no_deblock%_%no_fast_pskip%_%no_mbtree%_%rc_lookahead%_%rc_lookahead_60%_%ref%_%ref_1%_%root%_%;291.14;667.2992
no_8x8dct%_%no_asm%_%no_deblock%_%no_mbtree%_%no_weightb%_%rc_lookahead%_%rc_lookahead_60%_%ref%_%ref_1%_%root%_%;286.3267;479.3867
no_8x8dct%_%no_asm%_%no_deblock%_%no_fast_pskip%_%no_mbtree%_%no_weightb%_%rc_lookahead%_%rc_lookahead_60%_%ref%_%ref_1%_%root%_%;291.0567;656.7667
no_8x8dct%_%no_asm%_%no_cabac%_%no_deblock%_%no_mbtree%_%rc_lookahead%_%rc_lookahead_60%_%ref%_%ref_1%_%root%_%;275.4533;478.2
no_8x8dct%_%no_asm%_%no_cabac%_%no_deblock%_%no_mbtree%_%no_weightb%_%rc_lookahead%_%rc_lookahead_60%_%ref%_%ref_1%_%root%_%;275.4267;477.9025
no_8x8dct%_%no_asm%_%no_cabac%_%no_deblock%_%no_fast_pskip%_%no_mbtree%_%rc_lookahead%_%rc_lookahead_60%_%ref%_%ref_1%_%root%_%;279.2233;667.2992
no_8x8dct%_%no_asm%_%no_cabac%_%no_deblock%_%no_fast_pskip%_%no_mbtree%_%no_weightb%_%rc_lookahead%_%rc_lookahead_60%_%ref%_%ref_1%_%root%_%;279.2167;656.7667
no_8x8dct%_%no_asm%_%no_mbtree%_%no_mixed_refs%_%rc_lookahead%_%rc_lookahead_60%_%ref%_%ref_1%_%root%_%;287.0533;414.8753
no_asm%_%no_cabac%_%no_mbtree%_%rc_lookahead%_%rc_lookahead_20%_%ref%_%ref_1%_%root%_%;295.47;491.6467
no_8x8dct%_%no_asm%_%no_fast_pskip%_%no_mbtree%_%no_mixed_refs%_%rc_lookahead%_%rc_lookahead_60%_%ref%_%ref_1%_%root%_%;291.4833;554.1347
no_8x8dct%_%no_asm%_%no_cabac%_%no_mbtree%_%no_mixed_refs%_%rc_lookahead%_%rc_lookahead_60%_%ref%_%ref_1%_%root%_%;275.9867;413.5678
no_8x8dct%_%no_asm%_%no_cabac%_%no_fast_pskip%_%no_mbtree%_%no_mixed_refs%_%rc_lookahead%_%rc_lookahead_60%_%ref%_%ref_1%_%root%_%;279.8533;551.5628
no_8x8dct%_%no_asm%_%no_deblock%_%no_mbtree%_%no_mixed_refs%_%rc_lookahead%_%rc_lookahead_60%_%ref%_%ref_1%_%root%_%;286.47;414.6381
no_8x8dct%_%no_asm%_%no_cabac%_%no_deblock%_%no_mbtree%_%no_mixed_refs%_%rc_lookahead%_%rc_lookahead_60%_%ref%_%ref_1%_%root%_%;275.39;413.2556
no_8x8dct%_%no_asm%_%no_deblock%_%no_fast_pskip%_%no_mbtree%_%no_mixed_refs%_%rc_lookahead%_%rc_lookahead_60%_%ref%_%ref_1%_%root%_%;291.2767;553.7881
no_8x8dct%_%no_asm%_%no_cabac%_%no_deblock%_%no_fast_pskip%_%no_mbtree%_%no_mixed_refs%_%rc_lookahead%_%rc_lookahead_60%_%ref%_%ref_1%_%root%_%;279.13;550.9483
no_8x8dct%_%no_asm%_%no_mbtree%_%no_mixed_refs%_%no_weightb%_%rc_lookahead%_%rc_lookahead_60%_%ref%_%ref_1%_%root%_%;287.0633;414.8581
no_8x8dct%_%no_asm%_%no_fast_pskip%_%no_mbtree%_%no_mixed_refs%_%no_weightb%_%rc_lookahead%_%rc_lookahead_60%_%ref%_%ref_1%_%root%_%;291.5867;554.1347
no_8x8dct%_%no_asm%_%no_deblock%_%no_mbtree%_%no_mixed_refs%_%no_weightb%_%rc_lookahead%_%rc_lookahead_60%_%ref%_%ref_1%_%root%_%;286.4567;414.6381
no_asm%_%no_cabac%_%no_fast_pskip%_%no_mbtree%_%rc_lookahead%_%rc_lookahead_20%_%ref%_%ref_1%_%root%_%;299.66;675.4417
no_8x8dct%_%no_asm%_%no_deblock%_%no_fast_pskip%_%no_mbtree%_%no_mixed_refs%_%no_weightb%_%rc_lookahead%_%rc_lookahead_60%_%ref%_%ref_1%_%root%_%;291.2367;553.7569
no_8x8dct%_%no_asm%_%no_cabac%_%no_mbtree%_%no_mixed_refs%_%no_weightb%_%rc_lookahead%_%rc_lookahead_60%_%ref%_%ref_1%_%root%_%;276.0733;413.4289
no_8x8dct%_%no_asm%_%no_cabac%_%no_deblock%_%no_mbtree%_%no_mixed_refs%_%no_weightb%_%rc_lookahead%_%rc_lookahead_60%_%ref%_%ref_1%_%root%_%;275.46;413.1217
no_8x8dct%_%no_asm%_%no_cabac%_%no_fast_pskip%_%no_mbtree%_%no_mixed_refs%_%no_weightb%_%rc_lookahead%_%rc_lookahead_60%_%ref%_%ref_1%_%root%_%;279.9267;551.5317
no_8x8dct%_%no_asm%_%no_cabac%_%no_deblock%_%no_fast_pskip%_%no_mbtree%_%no_mixed_refs%_%no_weightb%_%rc_lookahead%_%rc_lookahead_60%_%ref%_%ref_1%_%root%_%;279.2467;550.855
no_asm%_%rc_lookahead%_%rc_lookahead_40%_%ref%_%ref_5%_%root%_%;444.6;513.3836
no_asm%_%no_deblock%_%rc_lookahead%_%rc_lookahead_40%_%ref%_%ref_5%_%root%_%;446.6333;513.7647
no_asm%_%no_fast_pskip%_%rc_lookahead%_%rc_lookahead_40%_%ref%_%ref_5%_%root%_%;515.5433;737.0117
no_asm%_%no_deblock%_%no_fast_pskip%_%rc_lookahead%_%rc_lookahead_40%_%ref%_%ref_5%_%root%_%;518.1433;737.1783
no_asm%_%no_cabac%_%rc_lookahead%_%rc_lookahead_40%_%ref%_%ref_5%_%root%_%;438.1967;511.3278
no_asm%_%no_cabac%_%no_deblock%_%no_mbtree%_%rc_lookahead%_%rc_lookahead_20%_%ref%_%ref_1%_%root%_%;295.3667;493.0092
no_asm%_%no_cabac%_%no_fast_pskip%_%rc_lookahead%_%rc_lookahead_40%_%ref%_%ref_5%_%root%_%;507.75;734.4183
no_asm%_%no_cabac%_%no_deblock%_%rc_lookahead%_%rc_lookahead_40%_%ref%_%ref_5%_%root%_%;439.6067;511.8994
no_asm%_%no_cabac%_%no_deblock%_%no_fast_pskip%_%rc_lookahead%_%rc_lookahead_40%_%ref%_%ref_5%_%root%_%;509.2733;734.9183
no_asm%_%no_weightb%_%rc_lookahead%_%rc_lookahead_40%_%ref%_%ref_5%_%root%_%;444.3333;526.5981
no_asm%_%no_deblock%_%no_weightb%_%rc_lookahead%_%rc_lookahead_40%_%ref%_%ref_5%_%root%_%;446.6;527.2736
no_asm%_%no_cabac%_%no_weightb%_%rc_lookahead%_%rc_lookahead_40%_%ref%_%ref_5%_%root%_%;437.9333;524.7081
no_asm%_%no_cabac%_%no_deblock%_%no_weightb%_%rc_lookahead%_%rc_lookahead_40%_%ref%_%ref_5%_%root%_%;439.26;525.5742
no_asm%_%no_fast_pskip%_%no_weightb%_%rc_lookahead%_%rc_lookahead_40%_%ref%_%ref_5%_%root%_%;515.6633;735.3411
no_asm%_%no_cabac%_%no_fast_pskip%_%no_weightb%_%rc_lookahead%_%rc_lookahead_40%_%ref%_%ref_5%_%root%_%;507.39;732.7478
no_asm%_%no_deblock%_%no_fast_pskip%_%no_weightb%_%rc_lookahead%_%rc_lookahead_40%_%ref%_%ref_5%_%root%_%;517.1233;736.0078
no_asm%_%no_deblock%_%no_fast_pskip%_%rc_lookahead%_%rc_lookahead_20%_%ref%_%ref_1%_%root%_%;275.4267;622.4611
no_asm%_%no_cabac%_%no_deblock%_%no_fast_pskip%_%no_mbtree%_%rc_lookahead%_%rc_lookahead_20%_%ref%_%ref_1%_%root%_%;299.6367;676.4867
no_asm%_%no_cabac%_%no_deblock%_%no_fast_pskip%_%no_weightb%_%rc_lookahead%_%rc_lookahead_40%_%ref%_%ref_5%_%root%_%;508.6233;733.7478
no_asm%_%no_mixed_refs%_%rc_lookahead%_%rc_lookahead_40%_%ref%_%ref_5%_%root%_%;383.0533;499.5083
no_asm%_%no_deblock%_%no_mixed_refs%_%rc_lookahead%_%rc_lookahead_40%_%ref%_%ref_5%_%root%_%;382.12;499.0853
no_asm%_%no_fast_pskip%_%no_mixed_refs%_%rc_lookahead%_%rc_lookahead_40%_%ref%_%ref_5%_%root%_%;449.28;630.3369
no_asm%_%no_deblock%_%no_fast_pskip%_%no_mixed_refs%_%rc_lookahead%_%rc_lookahead_40%_%ref%_%ref_5%_%root%_%;448.53;630.0228
no_asm%_%no_mixed_refs%_%no_weightb%_%rc_lookahead%_%rc_lookahead_40%_%ref%_%ref_5%_%root%_%;382.8833;505.15
no_asm%_%no_fast_pskip%_%no_mixed_refs%_%no_weightb%_%rc_lookahead%_%rc_lookahead_40%_%ref%_%ref_5%_%root%_%;449.1333;627.93
no_asm%_%no_deblock%_%no_mixed_refs%_%no_weightb%_%rc_lookahead%_%rc_lookahead_40%_%ref%_%ref_5%_%root%_%;382.01;504.7892
no_asm%_%no_deblock%_%no_fast_pskip%_%no_mixed_refs%_%no_weightb%_%rc_lookahead%_%rc_lookahead_40%_%ref%_%ref_5%_%root%_%;448.11;627.6375
no_asm%_%no_cabac%_%no_mixed_refs%_%rc_lookahead%_%rc_lookahead_40%_%ref%_%ref_5%_%root%_%;380.6633;498.4892
no_asm%_%no_mbtree%_%no_mixed_refs%_%rc_lookahead%_%rc_lookahead_20%_%ref%_%ref_1%_%root%_%;305.26;423.1783
no_asm%_%no_cabac%_%no_deblock%_%no_mixed_refs%_%rc_lookahead%_%rc_lookahead_40%_%ref%_%ref_5%_%root%_%;379.4567;497.7464
no_asm%_%no_cabac%_%no_mixed_refs%_%no_weightb%_%rc_lookahead%_%rc_lookahead_40%_%ref%_%ref_5%_%root%_%;380.2767;503.8142
no_asm%_%no_cabac%_%no_deblock%_%no_mixed_refs%_%no_weightb%_%rc_lookahead%_%rc_lookahead_40%_%ref%_%ref_5%_%root%_%;379.4;503.0592
no_asm%_%no_cabac%_%no_fast_pskip%_%no_mixed_refs%_%rc_lookahead%_%rc_lookahead_40%_%ref%_%ref_5%_%root%_%;445.8367;628.8894
no_asm%_%no_cabac%_%no_fast_pskip%_%no_mixed_refs%_%no_weightb%_%rc_lookahead%_%rc_lookahead_40%_%ref%_%ref_5%_%root%_%;445.4567;626.7417
no_asm%_%no_cabac%_%no_deblock%_%no_fast_pskip%_%no_mixed_refs%_%rc_lookahead%_%rc_lookahead_40%_%ref%_%ref_5%_%root%_%;444.6067;628.1347
no_asm%_%no_cabac%_%no_deblock%_%no_fast_pskip%_%no_mixed_refs%_%no_weightb%_%rc_lookahead%_%rc_lookahead_40%_%ref%_%ref_5%_%root%_%;444.38;626.135
no_asm%_%no_mbtree%_%rc_lookahead%_%rc_lookahead_40%_%ref%_%ref_5%_%root%_%;519.5833;698.2414
no_asm%_%no_deblock%_%no_mbtree%_%rc_lookahead%_%rc_lookahead_40%_%ref%_%ref_5%_%root%_%;521.8433;701.4464
no_asm%_%no_fast_pskip%_%no_mbtree%_%rc_lookahead%_%rc_lookahead_40%_%ref%_%ref_5%_%root%_%;571.3967;811.615
no_asm%_%no_deblock%_%no_mbtree%_%no_mixed_refs%_%rc_lookahead%_%rc_lookahead_20%_%ref%_%ref_1%_%root%_%;304.9667;423.1783
no_asm%_%no_deblock%_%no_fast_pskip%_%no_mbtree%_%rc_lookahead%_%rc_lookahead_40%_%ref%_%ref_5%_%root%_%;573.63;811.315
no_asm%_%no_cabac%_%no_mbtree%_%rc_lookahead%_%rc_lookahead_40%_%ref%_%ref_5%_%root%_%;511.58;691.74
no_asm%_%no_cabac%_%no_fast_pskip%_%no_mbtree%_%rc_lookahead%_%rc_lookahead_40%_%ref%_%ref_5%_%root%_%;562.6767;811.615
no_asm%_%no_cabac%_%no_deblock%_%no_mbtree%_%rc_lookahead%_%rc_lookahead_40%_%ref%_%ref_5%_%root%_%;513.2333;694.8147
no_asm%_%no_cabac%_%no_deblock%_%no_fast_pskip%_%no_mbtree%_%rc_lookahead%_%rc_lookahead_40%_%ref%_%ref_5%_%root%_%;564.2;811.315
no_asm%_%no_mbtree%_%no_mixed_refs%_%rc_lookahead%_%rc_lookahead_40%_%ref%_%ref_5%_%root%_%;433.2233;572.5022
no_asm%_%no_deblock%_%no_mbtree%_%no_mixed_refs%_%rc_lookahead%_%rc_lookahead_40%_%ref%_%ref_5%_%root%_%;432.6667;572.3978
no_asm%_%no_cabac%_%no_mbtree%_%no_mixed_refs%_%rc_lookahead%_%rc_lookahead_40%_%ref%_%ref_5%_%root%_%;428.3833;572.5022
no_asm%_%no_cabac%_%no_deblock%_%no_mbtree%_%no_mixed_refs%_%rc_lookahead%_%rc_lookahead_40%_%ref%_%ref_5%_%root%_%;427.7533;572.3978
no_asm%_%no_fast_pskip%_%no_mbtree%_%no_mixed_refs%_%rc_lookahead%_%rc_lookahead_40%_%ref%_%ref_5%_%root%_%;482.8767;671.1317
no_asm%_%no_cabac%_%no_mbtree%_%no_mixed_refs%_%rc_lookahead%_%rc_lookahead_20%_%ref%_%ref_1%_%root%_%;295.5067;423.1783
no_asm%_%no_cabac%_%no_fast_pskip%_%no_mbtree%_%no_mixed_refs%_%rc_lookahead%_%rc_lookahead_40%_%ref%_%ref_5%_%root%_%;476.9133;666.4008
no_asm%_%no_deblock%_%no_fast_pskip%_%no_mbtree%_%no_mixed_refs%_%rc_lookahead%_%rc_lookahead_40%_%ref%_%ref_5%_%root%_%;482.2567;670.8594
no_asm%_%no_cabac%_%no_deblock%_%no_fast_pskip%_%no_mbtree%_%no_mixed_refs%_%rc_lookahead%_%rc_lookahead_40%_%ref%_%ref_5%_%root%_%;476.33;665.6967
no_asm%_%no_mbtree%_%no_weightb%_%rc_lookahead%_%rc_lookahead_40%_%ref%_%ref_5%_%root%_%;519.1533;698.8225
no_asm%_%no_deblock%_%no_mbtree%_%no_weightb%_%rc_lookahead%_%rc_lookahead_40%_%ref%_%ref_5%_%root%_%;521.6067;701.9486
no_asm%_%no_fast_pskip%_%no_mbtree%_%no_weightb%_%rc_lookahead%_%rc_lookahead_40%_%ref%_%ref_5%_%root%_%;571.31;798.02
no_asm%_%no_deblock%_%no_fast_pskip%_%no_mbtree%_%no_weightb%_%rc_lookahead%_%rc_lookahead_40%_%ref%_%ref_5%_%root%_%;573.4;797.72
no_asm%_%no_mbtree%_%no_mixed_refs%_%no_weightb%_%rc_lookahead%_%rc_lookahead_40%_%ref%_%ref_5%_%root%_%;433.1533;572.2828
no_asm%_%no_fast_pskip%_%no_mbtree%_%no_mixed_refs%_%no_weightb%_%rc_lookahead%_%rc_lookahead_40%_%ref%_%ref_5%_%root%_%;482.6133;671.1747
no_asm%_%no_deblock%_%no_mbtree%_%no_mixed_refs%_%no_weightb%_%rc_lookahead%_%rc_lookahead_40%_%ref%_%ref_5%_%root%_%;432.7967;572.1956
no_asm%_%no_cabac%_%no_deblock%_%no_mbtree%_%no_mixed_refs%_%rc_lookahead%_%rc_lookahead_20%_%ref%_%ref_1%_%root%_%;295.2567;423.1783
no_asm%_%no_deblock%_%no_fast_pskip%_%no_mbtree%_%no_mixed_refs%_%no_weightb%_%rc_lookahead%_%rc_lookahead_40%_%ref%_%ref_5%_%root%_%;482.04;670.9025
no_asm%_%no_cabac%_%no_mbtree%_%no_weightb%_%rc_lookahead%_%rc_lookahead_40%_%ref%_%ref_5%_%root%_%;511.3433;691.74
no_asm%_%no_cabac%_%no_deblock%_%no_mbtree%_%no_weightb%_%rc_lookahead%_%rc_lookahead_40%_%ref%_%ref_5%_%root%_%;513;694.8147
no_asm%_%no_cabac%_%no_mbtree%_%no_mixed_refs%_%no_weightb%_%rc_lookahead%_%rc_lookahead_40%_%ref%_%ref_5%_%root%_%;428.0733;572.2828
no_asm%_%no_cabac%_%no_deblock%_%no_mbtree%_%no_mixed_refs%_%no_weightb%_%rc_lookahead%_%rc_lookahead_40%_%ref%_%ref_5%_%root%_%;427.4767;572.1956
no_asm%_%no_cabac%_%no_fast_pskip%_%no_mbtree%_%no_weightb%_%rc_lookahead%_%rc_lookahead_40%_%ref%_%ref_5%_%root%_%;562.2967;798.02
no_asm%_%no_cabac%_%no_fast_pskip%_%no_mbtree%_%no_mixed_refs%_%no_weightb%_%rc_lookahead%_%rc_lookahead_40%_%ref%_%ref_5%_%root%_%;476.9533;666.3992
no_asm%_%no_cabac%_%no_deblock%_%no_fast_pskip%_%no_mbtree%_%no_weightb%_%rc_lookahead%_%rc_lookahead_40%_%ref%_%ref_5%_%root%_%;564.03;797.72
no_asm%_%no_cabac%_%no_deblock%_%no_fast_pskip%_%no_mbtree%_%no_mixed_refs%_%no_weightb%_%rc_lookahead%_%rc_lookahead_40%_%ref%_%ref_5%_%root%_%;476.1267;665.6808
no_8x8dct%_%no_asm%_%rc_lookahead%_%rc_lookahead_40%_%ref%_%ref_5%_%root%_%;425.15;504.1667
no_asm%_%no_fast_pskip%_%no_mbtree%_%no_mixed_refs%_%rc_lookahead%_%rc_lookahead_20%_%ref%_%ref_1%_%root%_%;310.52;571.2622
no_8x8dct%_%no_asm%_%no_deblock%_%rc_lookahead%_%rc_lookahead_40%_%ref%_%ref_5%_%root%_%;427.07;503.8128
no_8x8dct%_%no_asm%_%no_fast_pskip%_%rc_lookahead%_%rc_lookahead_40%_%ref%_%ref_5%_%root%_%;493.8933;712.1042
no_8x8dct%_%no_asm%_%no_deblock%_%no_fast_pskip%_%rc_lookahead%_%rc_lookahead_40%_%ref%_%ref_5%_%root%_%;495.1;712.3436
no_8x8dct%_%no_asm%_%no_cabac%_%rc_lookahead%_%rc_lookahead_40%_%ref%_%ref_5%_%root%_%;418.5633;502.2267
no_8x8dct%_%no_asm%_%no_cabac%_%no_fast_pskip%_%rc_lookahead%_%rc_lookahead_40%_%ref%_%ref_5%_%root%_%;486.6367;708.6319
no_8x8dct%_%no_asm%_%no_cabac%_%no_deblock%_%rc_lookahead%_%rc_lookahead_40%_%ref%_%ref_5%_%root%_%;420.01;502.4694
no_8x8dct%_%no_asm%_%no_cabac%_%no_deblock%_%no_fast_pskip%_%rc_lookahead%_%rc_lookahead_40%_%ref%_%ref_5%_%root%_%;487.3733;709.2306
no_8x8dct%_%no_asm%_%no_weightb%_%rc_lookahead%_%rc_lookahead_40%_%ref%_%ref_5%_%root%_%;424.82;515.9644
no_8x8dct%_%no_asm%_%no_deblock%_%no_weightb%_%rc_lookahead%_%rc_lookahead_40%_%ref%_%ref_5%_%root%_%;426.75;515.6467
no_8x8dct%_%no_asm%_%no_cabac%_%no_weightb%_%rc_lookahead%_%rc_lookahead_40%_%ref%_%ref_5%_%root%_%;418.1233;513.5578
no_asm%_%no_cabac%_%no_fast_pskip%_%no_mbtree%_%no_mixed_refs%_%rc_lookahead%_%rc_lookahead_20%_%ref%_%ref_1%_%root%_%;299.77;567.44
no_8x8dct%_%no_asm%_%no_cabac%_%no_deblock%_%no_weightb%_%rc_lookahead%_%rc_lookahead_40%_%ref%_%ref_5%_%root%_%;419.82;513.82
no_8x8dct%_%no_asm%_%no_fast_pskip%_%no_weightb%_%rc_lookahead%_%rc_lookahead_40%_%ref%_%ref_5%_%root%_%;493.44;713.4706
no_8x8dct%_%no_asm%_%no_cabac%_%no_fast_pskip%_%no_weightb%_%rc_lookahead%_%rc_lookahead_40%_%ref%_%ref_5%_%root%_%;486.57;710.0978
no_8x8dct%_%no_asm%_%no_deblock%_%no_fast_pskip%_%no_weightb%_%rc_lookahead%_%rc_lookahead_40%_%ref%_%ref_5%_%root%_%;494.2667;714.0231
no_8x8dct%_%no_asm%_%no_cabac%_%no_deblock%_%no_fast_pskip%_%no_weightb%_%rc_lookahead%_%rc_lookahead_40%_%ref%_%ref_5%_%root%_%;487.0567;710.9486
no_8x8dct%_%no_asm%_%no_mbtree%_%rc_lookahead%_%rc_lookahead_40%_%ref%_%ref_5%_%root%_%;492.3067;668.0536
no_8x8dct%_%no_asm%_%no_deblock%_%no_mbtree%_%rc_lookahead%_%rc_lookahead_40%_%ref%_%ref_5%_%root%_%;494.2333;669.0281
no_8x8dct%_%no_asm%_%no_fast_pskip%_%no_mbtree%_%rc_lookahead%_%rc_lookahead_40%_%ref%_%ref_5%_%root%_%;543.4633;793.6125
no_8x8dct%_%no_asm%_%no_deblock%_%no_fast_pskip%_%no_mbtree%_%rc_lookahead%_%rc_lookahead_40%_%ref%_%ref_5%_%root%_%;544.74;796.0025
no_8x8dct%_%no_asm%_%no_mbtree%_%no_weightb%_%rc_lookahead%_%rc_lookahead_40%_%ref%_%ref_5%_%root%_%;492.3533;667.5217
no_asm%_%no_deblock%_%no_fast_pskip%_%no_mbtree%_%no_mixed_refs%_%rc_lookahead%_%rc_lookahead_20%_%ref%_%ref_1%_%root%_%;310.1533;571.1331
no_8x8dct%_%no_asm%_%no_fast_pskip%_%no_mbtree%_%no_weightb%_%rc_lookahead%_%rc_lookahead_40%_%ref%_%ref_5%_%root%_%;543.2167;780.0175
no_8x8dct%_%no_asm%_%no_deblock%_%no_mbtree%_%no_weightb%_%rc_lookahead%_%rc_lookahead_40%_%ref%_%ref_5%_%root%_%;493.71;668.4428
no_8x8dct%_%no_asm%_%no_deblock%_%no_fast_pskip%_%no_mbtree%_%no_weightb%_%rc_lookahead%_%rc_lookahead_40%_%ref%_%ref_5%_%root%_%;544.75;782.4075
no_8x8dct%_%no_asm%_%no_cabac%_%no_mbtree%_%rc_lookahead%_%rc_lookahead_40%_%ref%_%ref_5%_%root%_%;485.4767;665.4381
no_8x8dct%_%no_asm%_%no_cabac%_%no_deblock%_%no_mbtree%_%rc_lookahead%_%rc_lookahead_40%_%ref%_%ref_5%_%root%_%;487.01;665.5956
no_8x8dct%_%no_asm%_%no_cabac%_%no_mbtree%_%no_weightb%_%rc_lookahead%_%rc_lookahead_40%_%ref%_%ref_5%_%root%_%;485.5233;665.0272
no_8x8dct%_%no_asm%_%no_cabac%_%no_deblock%_%no_mbtree%_%no_weightb%_%rc_lookahead%_%rc_lookahead_40%_%ref%_%ref_5%_%root%_%;486.8267;665.2186
no_8x8dct%_%no_asm%_%no_cabac%_%no_fast_pskip%_%no_mbtree%_%rc_lookahead%_%rc_lookahead_40%_%ref%_%ref_5%_%root%_%;535.8;793.6125
no_8x8dct%_%no_asm%_%no_cabac%_%no_fast_pskip%_%no_mbtree%_%no_weightb%_%rc_lookahead%_%rc_lookahead_40%_%ref%_%ref_5%_%root%_%;535.86;780.0175
no_8x8dct%_%no_asm%_%no_cabac%_%no_deblock%_%no_fast_pskip%_%no_mbtree%_%rc_lookahead%_%rc_lookahead_40%_%ref%_%ref_5%_%root%_%;537.1433;796.0025
no_asm%_%no_cabac%_%no_deblock%_%no_fast_pskip%_%no_mbtree%_%no_mixed_refs%_%rc_lookahead%_%rc_lookahead_20%_%ref%_%ref_1%_%root%_%;299.6367;566.9367
no_8x8dct%_%no_asm%_%no_cabac%_%no_deblock%_%no_fast_pskip%_%no_mbtree%_%no_weightb%_%rc_lookahead%_%rc_lookahead_40%_%ref%_%ref_5%_%root%_%;536.8767;782.4075
no_8x8dct%_%no_asm%_%no_mixed_refs%_%rc_lookahead%_%rc_lookahead_40%_%ref%_%ref_5%_%root%_%;369.81;486.9561
no_8x8dct%_%no_asm%_%no_deblock%_%no_mixed_refs%_%rc_lookahead%_%rc_lookahead_40%_%ref%_%ref_5%_%root%_%;368.9867;486.8753
no_8x8dct%_%no_asm%_%no_fast_pskip%_%no_mixed_refs%_%rc_lookahead%_%rc_lookahead_40%_%ref%_%ref_5%_%root%_%;433.86;615.7658
no_8x8dct%_%no_asm%_%no_deblock%_%no_fast_pskip%_%no_mixed_refs%_%rc_lookahead%_%rc_lookahead_40%_%ref%_%ref_5%_%root%_%;433;615.7658
no_8x8dct%_%no_asm%_%no_cabac%_%no_mixed_refs%_%rc_lookahead%_%rc_lookahead_40%_%ref%_%ref_5%_%root%_%;364.76;486.0325
no_8x8dct%_%no_asm%_%no_cabac%_%no_fast_pskip%_%no_mixed_refs%_%rc_lookahead%_%rc_lookahead_40%_%ref%_%ref_5%_%root%_%;428.4133;615.2042
no_8x8dct%_%no_asm%_%no_cabac%_%no_deblock%_%no_mixed_refs%_%rc_lookahead%_%rc_lookahead_40%_%ref%_%ref_5%_%root%_%;363.9367;485.9467
no_8x8dct%_%no_asm%_%no_cabac%_%no_deblock%_%no_fast_pskip%_%no_mixed_refs%_%rc_lookahead%_%rc_lookahead_40%_%ref%_%ref_5%_%root%_%;427.2433;614.9731
no_8x8dct%_%no_asm%_%no_mbtree%_%no_mixed_refs%_%rc_lookahead%_%rc_lookahead_40%_%ref%_%ref_5%_%root%_%;414.8467;559.0361
no_asm%_%no_mbtree%_%no_weightb%_%rc_lookahead%_%rc_lookahead_20%_%ref%_%ref_1%_%root%_%;305.2833;496.3072
no_8x8dct%_%no_asm%_%no_deblock%_%no_mbtree%_%no_mixed_refs%_%rc_lookahead%_%rc_lookahead_40%_%ref%_%ref_5%_%root%_%;414.1733;558.6944
no_8x8dct%_%no_asm%_%no_cabac%_%no_mbtree%_%no_mixed_refs%_%rc_lookahead%_%rc_lookahead_40%_%ref%_%ref_5%_%root%_%;408.75;556.3461
no_8x8dct%_%no_asm%_%no_cabac%_%no_deblock%_%no_mbtree%_%no_mixed_refs%_%rc_lookahead%_%rc_lookahead_40%_%ref%_%ref_5%_%root%_%;408.0733;555.7794
no_8x8dct%_%no_asm%_%no_fast_pskip%_%no_mbtree%_%no_mixed_refs%_%rc_lookahead%_%rc_lookahead_40%_%ref%_%ref_5%_%root%_%;463.39;648.7936
no_8x8dct%_%no_asm%_%no_cabac%_%no_fast_pskip%_%no_mbtree%_%no_mixed_refs%_%rc_lookahead%_%rc_lookahead_40%_%ref%_%ref_5%_%root%_%;456.7067;645.2244
no_8x8dct%_%no_asm%_%no_deblock%_%no_fast_pskip%_%no_mbtree%_%no_mixed_refs%_%rc_lookahead%_%rc_lookahead_40%_%ref%_%ref_5%_%root%_%;462.57;648.3681
no_8x8dct%_%no_asm%_%no_cabac%_%no_deblock%_%no_fast_pskip%_%no_mbtree%_%no_mixed_refs%_%rc_lookahead%_%rc_lookahead_40%_%ref%_%ref_5%_%root%_%;455.68;644.3733
no_8x8dct%_%no_asm%_%no_mixed_refs%_%no_weightb%_%rc_lookahead%_%rc_lookahead_40%_%ref%_%ref_5%_%root%_%;369.4633;492.8297
no_8x8dct%_%no_asm%_%no_deblock%_%no_mixed_refs%_%no_weightb%_%rc_lookahead%_%rc_lookahead_40%_%ref%_%ref_5%_%root%_%;368.63;492.7597
no_8x8dct%_%no_asm%_%no_fast_pskip%_%no_mixed_refs%_%no_weightb%_%rc_lookahead%_%rc_lookahead_40%_%ref%_%ref_5%_%root%_%;433.6933;613.8528
no_asm%_%no_cabac%_%rc_lookahead%_%rc_lookahead_20%_%ref%_%ref_1%_%root%_%;260.2667;346.1792
no_asm%_%no_deblock%_%no_mbtree%_%no_weightb%_%rc_lookahead%_%rc_lookahead_20%_%ref%_%ref_1%_%root%_%;304.9967;497.8822
no_8x8dct%_%no_asm%_%no_deblock%_%no_fast_pskip%_%no_mixed_refs%_%no_weightb%_%rc_lookahead%_%rc_lookahead_40%_%ref%_%ref_5%_%root%_%;432.77;613.8528
no_8x8dct%_%no_asm%_%no_mbtree%_%no_mixed_refs%_%no_weightb%_%rc_lookahead%_%rc_lookahead_40%_%ref%_%ref_5%_%root%_%;414.6867;558.9722
no_8x8dct%_%no_asm%_%no_fast_pskip%_%no_mbtree%_%no_mixed_refs%_%no_weightb%_%rc_lookahead%_%rc_lookahead_40%_%ref%_%ref_5%_%root%_%;463.3467;648.7936
no_8x8dct%_%no_asm%_%no_deblock%_%no_mbtree%_%no_mixed_refs%_%no_weightb%_%rc_lookahead%_%rc_lookahead_40%_%ref%_%ref_5%_%root%_%;413.88;558.665
no_8x8dct%_%no_asm%_%no_deblock%_%no_fast_pskip%_%no_mbtree%_%no_mixed_refs%_%no_weightb%_%rc_lookahead%_%rc_lookahead_40%_%ref%_%ref_5%_%root%_%;462.4367;648.3058
no_8x8dct%_%no_asm%_%no_cabac%_%no_mixed_refs%_%no_weightb%_%rc_lookahead%_%rc_lookahead_40%_%ref%_%ref_5%_%root%_%;364.3467;491.9308
no_8x8dct%_%no_asm%_%no_cabac%_%no_deblock%_%no_mixed_refs%_%no_weightb%_%rc_lookahead%_%rc_lookahead_40%_%ref%_%ref_5%_%root%_%;363.56;491.8169
no_8x8dct%_%no_asm%_%no_cabac%_%no_mbtree%_%no_mixed_refs%_%no_weightb%_%rc_lookahead%_%rc_lookahead_40%_%ref%_%ref_5%_%root%_%;408.6167;556.1433
no_8x8dct%_%no_asm%_%no_cabac%_%no_deblock%_%no_mbtree%_%no_mixed_refs%_%no_weightb%_%rc_lookahead%_%rc_lookahead_40%_%ref%_%ref_5%_%root%_%;407.6867;555.5572
no_8x8dct%_%no_asm%_%no_cabac%_%no_fast_pskip%_%no_mixed_refs%_%no_weightb%_%rc_lookahead%_%rc_lookahead_40%_%ref%_%ref_5%_%root%_%;428.16;613.5719
no_asm%_%no_fast_pskip%_%no_mbtree%_%no_weightb%_%rc_lookahead%_%rc_lookahead_20%_%ref%_%ref_1%_%root%_%;310.5767;664.9092
no_8x8dct%_%no_asm%_%no_cabac%_%no_fast_pskip%_%no_mbtree%_%no_mixed_refs%_%no_weightb%_%rc_lookahead%_%rc_lookahead_40%_%ref%_%ref_5%_%root%_%;456.3633;645.1933
no_8x8dct%_%no_asm%_%no_cabac%_%no_deblock%_%no_fast_pskip%_%no_mixed_refs%_%no_weightb%_%rc_lookahead%_%rc_lookahead_40%_%ref%_%ref_5%_%root%_%;427.06;613.4456
no_8x8dct%_%no_asm%_%no_cabac%_%no_deblock%_%no_fast_pskip%_%no_mbtree%_%no_mixed_refs%_%no_weightb%_%rc_lookahead%_%rc_lookahead_40%_%ref%_%ref_5%_%root%_%;455.4;644.1867
no_asm%_%rc_lookahead%_%rc_lookahead_60%_%ref%_%ref_5%_%root%_%;445.5767;513.3836
no_asm%_%no_deblock%_%rc_lookahead%_%rc_lookahead_60%_%ref%_%ref_5%_%root%_%;447.6267;513.7647
no_asm%_%no_fast_pskip%_%rc_lookahead%_%rc_lookahead_60%_%ref%_%ref_5%_%root%_%;516.7667;737.0117
no_asm%_%no_deblock%_%no_fast_pskip%_%rc_lookahead%_%rc_lookahead_60%_%ref%_%ref_5%_%root%_%;518.8;737.1783
no_asm%_%no_cabac%_%rc_lookahead%_%rc_lookahead_60%_%ref%_%ref_5%_%root%_%;439.1067;511.3278
no_asm%_%no_cabac%_%no_fast_pskip%_%rc_lookahead%_%rc_lookahead_60%_%ref%_%ref_5%_%root%_%;508.9833;734.4183
no_asm%_%no_cabac%_%no_deblock%_%rc_lookahead%_%rc_lookahead_60%_%ref%_%ref_5%_%root%_%;440.6733;511.8994
no_asm%_%no_deblock%_%no_fast_pskip%_%no_mbtree%_%no_weightb%_%rc_lookahead%_%rc_lookahead_20%_%ref%_%ref_1%_%root%_%;310.2167;665.9542
no_asm%_%no_cabac%_%no_deblock%_%no_fast_pskip%_%rc_lookahead%_%rc_lookahead_60%_%ref%_%ref_5%_%root%_%;510.21;734.9183
no_asm%_%no_weightb%_%rc_lookahead%_%rc_lookahead_60%_%ref%_%ref_5%_%root%_%;445.4867;526.5981
no_asm%_%no_deblock%_%no_weightb%_%rc_lookahead%_%rc_lookahead_60%_%ref%_%ref_5%_%root%_%;447.6467;527.2736
no_asm%_%no_cabac%_%no_weightb%_%rc_lookahead%_%rc_lookahead_60%_%ref%_%ref_5%_%root%_%;439.02;524.7081
no_asm%_%no_cabac%_%no_deblock%_%no_weightb%_%rc_lookahead%_%rc_lookahead_60%_%ref%_%ref_5%_%root%_%;440.41;525.5742
no_asm%_%no_fast_pskip%_%no_weightb%_%rc_lookahead%_%rc_lookahead_60%_%ref%_%ref_5%_%root%_%;516.5867;735.3411
no_asm%_%no_cabac%_%no_fast_pskip%_%no_weightb%_%rc_lookahead%_%rc_lookahead_60%_%ref%_%ref_5%_%root%_%;508.5467;732.7478
no_asm%_%no_deblock%_%no_fast_pskip%_%no_weightb%_%rc_lookahead%_%rc_lookahead_60%_%ref%_%ref_5%_%root%_%;518.5667;736.0078
no_asm%_%no_cabac%_%no_deblock%_%no_fast_pskip%_%no_weightb%_%rc_lookahead%_%rc_lookahead_60%_%ref%_%ref_5%_%root%_%;509.8033;733.7478
no_asm%_%no_mixed_refs%_%rc_lookahead%_%rc_lookahead_60%_%ref%_%ref_5%_%root%_%;384.1967;499.5083
no_asm%_%no_mbtree%_%no_mixed_refs%_%no_weightb%_%rc_lookahead%_%rc_lookahead_20%_%ref%_%ref_1%_%root%_%;305.48;423.0772
no_asm%_%no_deblock%_%no_mixed_refs%_%rc_lookahead%_%rc_lookahead_60%_%ref%_%ref_5%_%root%_%;383.26;499.0853
no_asm%_%no_fast_pskip%_%no_mixed_refs%_%rc_lookahead%_%rc_lookahead_60%_%ref%_%ref_5%_%root%_%;450.1567;630.3369
no_asm%_%no_deblock%_%no_fast_pskip%_%no_mixed_refs%_%rc_lookahead%_%rc_lookahead_60%_%ref%_%ref_5%_%root%_%;449.3833;630.0228
no_asm%_%no_mixed_refs%_%no_weightb%_%rc_lookahead%_%rc_lookahead_60%_%ref%_%ref_5%_%root%_%;383.89;505.15
no_asm%_%no_fast_pskip%_%no_mixed_refs%_%no_weightb%_%rc_lookahead%_%rc_lookahead_60%_%ref%_%ref_5%_%root%_%;450.13;627.93
no_asm%_%no_deblock%_%no_mixed_refs%_%no_weightb%_%rc_lookahead%_%rc_lookahead_60%_%ref%_%ref_5%_%root%_%;382.98;504.7892
no_asm%_%no_deblock%_%no_fast_pskip%_%no_mixed_refs%_%no_weightb%_%rc_lookahead%_%rc_lookahead_60%_%ref%_%ref_5%_%root%_%;449.03;627.6375
no_asm%_%no_cabac%_%no_mixed_refs%_%rc_lookahead%_%rc_lookahead_60%_%ref%_%ref_5%_%root%_%;381.4033;498.4892
no_asm%_%no_cabac%_%no_deblock%_%no_mixed_refs%_%rc_lookahead%_%rc_lookahead_60%_%ref%_%ref_5%_%root%_%;380.5267;497.7464
no_asm%_%no_cabac%_%no_mixed_refs%_%no_weightb%_%rc_lookahead%_%rc_lookahead_60%_%ref%_%ref_5%_%root%_%;381.2133;503.8142
no_asm%_%no_fast_pskip%_%no_mbtree%_%no_mixed_refs%_%no_weightb%_%rc_lookahead%_%rc_lookahead_20%_%ref%_%ref_1%_%root%_%;310.7933;571.3053
no_asm%_%no_cabac%_%no_deblock%_%no_mixed_refs%_%no_weightb%_%rc_lookahead%_%rc_lookahead_60%_%ref%_%ref_5%_%root%_%;380.18;503.0592
no_asm%_%no_cabac%_%no_fast_pskip%_%no_mixed_refs%_%rc_lookahead%_%rc_lookahead_60%_%ref%_%ref_5%_%root%_%;446.64;628.8894
no_asm%_%no_cabac%_%no_fast_pskip%_%no_mixed_refs%_%no_weightb%_%rc_lookahead%_%rc_lookahead_60%_%ref%_%ref_5%_%root%_%;446.63;626.7417
no_asm%_%no_cabac%_%no_deblock%_%no_fast_pskip%_%no_mixed_refs%_%rc_lookahead%_%rc_lookahead_60%_%ref%_%ref_5%_%root%_%;445.6667;628.1347
no_asm%_%no_cabac%_%no_deblock%_%no_fast_pskip%_%no_mixed_refs%_%no_weightb%_%rc_lookahead%_%rc_lookahead_60%_%ref%_%ref_5%_%root%_%;445.2133;626.135
no_8x8dct%_%no_asm%_%rc_lookahead%_%rc_lookahead_60%_%ref%_%ref_5%_%root%_%;426.4167;504.1667
no_8x8dct%_%no_asm%_%no_deblock%_%rc_lookahead%_%rc_lookahead_60%_%ref%_%ref_5%_%root%_%;428.0267;503.8128
no_8x8dct%_%no_asm%_%no_fast_pskip%_%rc_lookahead%_%rc_lookahead_60%_%ref%_%ref_5%_%root%_%;494.5967;712.1042
no_8x8dct%_%no_asm%_%no_deblock%_%no_fast_pskip%_%rc_lookahead%_%rc_lookahead_60%_%ref%_%ref_5%_%root%_%;495.56;712.3436
no_8x8dct%_%no_asm%_%no_cabac%_%rc_lookahead%_%rc_lookahead_60%_%ref%_%ref_5%_%root%_%;419.7;502.2267
no_asm%_%no_deblock%_%no_mbtree%_%no_mixed_refs%_%no_weightb%_%rc_lookahead%_%rc_lookahead_20%_%ref%_%ref_1%_%root%_%;304.94;423.0772
no_8x8dct%_%no_asm%_%no_cabac%_%no_fast_pskip%_%rc_lookahead%_%rc_lookahead_60%_%ref%_%ref_5%_%root%_%;487.7367;708.6319
no_8x8dct%_%no_asm%_%no_cabac%_%no_deblock%_%rc_lookahead%_%rc_lookahead_60%_%ref%_%ref_5%_%root%_%;421.1133;502.4694
no_8x8dct%_%no_asm%_%no_cabac%_%no_deblock%_%no_fast_pskip%_%rc_lookahead%_%rc_lookahead_60%_%ref%_%ref_5%_%root%_%;488.7733;709.2306
no_8x8dct%_%no_asm%_%no_mixed_refs%_%rc_lookahead%_%rc_lookahead_60%_%ref%_%ref_5%_%root%_%;370.77;486.9561
no_8x8dct%_%no_asm%_%no_deblock%_%no_mixed_refs%_%rc_lookahead%_%rc_lookahead_60%_%ref%_%ref_5%_%root%_%;369.68;486.8753
no_8x8dct%_%no_asm%_%no_cabac%_%no_mixed_refs%_%rc_lookahead%_%rc_lookahead_60%_%ref%_%ref_5%_%root%_%;365.9033;486.0325
no_8x8dct%_%no_asm%_%no_cabac%_%no_deblock%_%no_mixed_refs%_%rc_lookahead%_%rc_lookahead_60%_%ref%_%ref_5%_%root%_%;365.04;485.9467
no_8x8dct%_%no_asm%_%no_fast_pskip%_%no_mixed_refs%_%rc_lookahead%_%rc_lookahead_60%_%ref%_%ref_5%_%root%_%;434.97;615.7658
no_8x8dct%_%no_asm%_%no_cabac%_%no_fast_pskip%_%no_mixed_refs%_%rc_lookahead%_%rc_lookahead_60%_%ref%_%ref_5%_%root%_%;429.6433;615.2042
no_8x8dct%_%no_asm%_%no_deblock%_%no_fast_pskip%_%no_mixed_refs%_%rc_lookahead%_%rc_lookahead_60%_%ref%_%ref_5%_%root%_%;433.9133;615.7658
no_asm%_%no_deblock%_%no_fast_pskip%_%no_mbtree%_%no_mixed_refs%_%no_weightb%_%rc_lookahead%_%rc_lookahead_20%_%ref%_%ref_1%_%root%_%;310.29;571.1761
no_8x8dct%_%no_asm%_%no_cabac%_%no_deblock%_%no_fast_pskip%_%no_mixed_refs%_%rc_lookahead%_%rc_lookahead_60%_%ref%_%ref_5%_%root%_%;428.2633;614.9731
no_8x8dct%_%no_asm%_%no_weightb%_%rc_lookahead%_%rc_lookahead_60%_%ref%_%ref_5%_%root%_%;425.8733;515.9644
no_8x8dct%_%no_asm%_%no_deblock%_%no_weightb%_%rc_lookahead%_%rc_lookahead_60%_%ref%_%ref_5%_%root%_%;427.7967;515.6467
no_8x8dct%_%no_asm%_%no_fast_pskip%_%no_weightb%_%rc_lookahead%_%rc_lookahead_60%_%ref%_%ref_5%_%root%_%;494.32;713.4706
no_8x8dct%_%no_asm%_%no_deblock%_%no_fast_pskip%_%no_weightb%_%rc_lookahead%_%rc_lookahead_60%_%ref%_%ref_5%_%root%_%;495.45;714.0231
no_8x8dct%_%no_asm%_%no_mixed_refs%_%no_weightb%_%rc_lookahead%_%rc_lookahead_60%_%ref%_%ref_5%_%root%_%;370.5567;492.8297
no_8x8dct%_%no_asm%_%no_fast_pskip%_%no_mixed_refs%_%no_weightb%_%rc_lookahead%_%rc_lookahead_60%_%ref%_%ref_5%_%root%_%;434.6433;613.8528
no_8x8dct%_%no_asm%_%no_deblock%_%no_mixed_refs%_%no_weightb%_%rc_lookahead%_%rc_lookahead_60%_%ref%_%ref_5%_%root%_%;369.6167;492.7597
no_8x8dct%_%no_asm%_%no_deblock%_%no_fast_pskip%_%no_mixed_refs%_%no_weightb%_%rc_lookahead%_%rc_lookahead_60%_%ref%_%ref_5%_%root%_%;433.9267;613.8528
no_8x8dct%_%no_asm%_%no_cabac%_%no_weightb%_%rc_lookahead%_%rc_lookahead_60%_%ref%_%ref_5%_%root%_%;419.3967;513.5578
no_asm%_%no_cabac%_%no_mbtree%_%no_weightb%_%rc_lookahead%_%rc_lookahead_20%_%ref%_%ref_1%_%root%_%;295.59;491.6467
no_8x8dct%_%no_asm%_%no_cabac%_%no_deblock%_%no_weightb%_%rc_lookahead%_%rc_lookahead_60%_%ref%_%ref_5%_%root%_%;420.6833;513.82
no_8x8dct%_%no_asm%_%no_cabac%_%no_mixed_refs%_%no_weightb%_%rc_lookahead%_%rc_lookahead_60%_%ref%_%ref_5%_%root%_%;365.4433;491.9308
no_8x8dct%_%no_asm%_%no_cabac%_%no_deblock%_%no_mixed_refs%_%no_weightb%_%rc_lookahead%_%rc_lookahead_60%_%ref%_%ref_5%_%root%_%;364.4967;491.8169
no_8x8dct%_%no_asm%_%no_cabac%_%no_fast_pskip%_%no_weightb%_%rc_lookahead%_%rc_lookahead_60%_%ref%_%ref_5%_%root%_%;487.5833;710.0978
no_8x8dct%_%no_asm%_%no_cabac%_%no_fast_pskip%_%no_mixed_refs%_%no_weightb%_%rc_lookahead%_%rc_lookahead_60%_%ref%_%ref_5%_%root%_%;429.2567;613.5719
no_8x8dct%_%no_asm%_%no_cabac%_%no_deblock%_%no_fast_pskip%_%no_weightb%_%rc_lookahead%_%rc_lookahead_60%_%ref%_%ref_5%_%root%_%;488.26;710.9486
no_8x8dct%_%no_asm%_%no_cabac%_%no_deblock%_%no_fast_pskip%_%no_mixed_refs%_%no_weightb%_%rc_lookahead%_%rc_lookahead_60%_%ref%_%ref_5%_%root%_%;428.1567;613.4456
no_asm%_%no_mbtree%_%rc_lookahead%_%rc_lookahead_60%_%ref%_%ref_5%_%root%_%;519.4133;698.2414
no_asm%_%no_deblock%_%no_mbtree%_%rc_lookahead%_%rc_lookahead_60%_%ref%_%ref_5%_%root%_%;521.98;701.4464
no_asm%_%no_fast_pskip%_%no_mbtree%_%rc_lookahead%_%rc_lookahead_60%_%ref%_%ref_5%_%root%_%;571.51;811.615
no_asm%_%no_cabac%_%no_deblock%_%no_mbtree%_%no_weightb%_%rc_lookahead%_%rc_lookahead_20%_%ref%_%ref_1%_%root%_%;295.3333;493.0092
no_asm%_%no_deblock%_%no_fast_pskip%_%no_mbtree%_%rc_lookahead%_%rc_lookahead_60%_%ref%_%ref_5%_%root%_%;573.7567;811.315
no_asm%_%no_cabac%_%no_mbtree%_%rc_lookahead%_%rc_lookahead_60%_%ref%_%ref_5%_%root%_%;511.3733;691.74
no_asm%_%no_cabac%_%no_fast_pskip%_%no_mbtree%_%rc_lookahead%_%rc_lookahead_60%_%ref%_%ref_5%_%root%_%;562.9233;811.615
no_asm%_%no_cabac%_%no_deblock%_%no_mbtree%_%rc_lookahead%_%rc_lookahead_60%_%ref%_%ref_5%_%root%_%;513.5233;694.8147
no_asm%_%no_cabac%_%no_deblock%_%no_fast_pskip%_%no_mbtree%_%rc_lookahead%_%rc_lookahead_60%_%ref%_%ref_5%_%root%_%;564.1667;811.315
no_asm%_%no_mbtree%_%no_weightb%_%rc_lookahead%_%rc_lookahead_60%_%ref%_%ref_5%_%root%_%;518.96;698.8225
no_asm%_%no_deblock%_%no_mbtree%_%no_weightb%_%rc_lookahead%_%rc_lookahead_60%_%ref%_%ref_5%_%root%_%;521.51;701.9486
no_asm%_%no_cabac%_%no_mbtree%_%no_weightb%_%rc_lookahead%_%rc_lookahead_60%_%ref%_%ref_5%_%root%_%;511.4067;691.74
no_asm%_%no_cabac%_%no_deblock%_%no_mbtree%_%no_weightb%_%rc_lookahead%_%rc_lookahead_60%_%ref%_%ref_5%_%root%_%;512.7733;694.8147
no_asm%_%no_fast_pskip%_%no_mbtree%_%no_weightb%_%rc_lookahead%_%rc_lookahead_60%_%ref%_%ref_5%_%root%_%;571.4733;798.02
no_asm%_%no_cabac%_%no_mbtree%_%no_mixed_refs%_%no_weightb%_%rc_lookahead%_%rc_lookahead_20%_%ref%_%ref_1%_%root%_%;295.5267;423.0772
no_asm%_%no_cabac%_%no_fast_pskip%_%no_mbtree%_%no_weightb%_%rc_lookahead%_%rc_lookahead_60%_%ref%_%ref_5%_%root%_%;562.1867;798.02
no_asm%_%no_deblock%_%no_fast_pskip%_%no_mbtree%_%no_weightb%_%rc_lookahead%_%rc_lookahead_60%_%ref%_%ref_5%_%root%_%;573.24;797.72
no_asm%_%no_cabac%_%no_deblock%_%no_fast_pskip%_%no_mbtree%_%no_weightb%_%rc_lookahead%_%rc_lookahead_60%_%ref%_%ref_5%_%root%_%;564.1467;797.72
no_8x8dct%_%no_asm%_%no_mbtree%_%rc_lookahead%_%rc_lookahead_60%_%ref%_%ref_5%_%root%_%;492.3667;668.0536
no_8x8dct%_%no_asm%_%no_deblock%_%no_mbtree%_%rc_lookahead%_%rc_lookahead_60%_%ref%_%ref_5%_%root%_%;494.34;669.0281
no_8x8dct%_%no_asm%_%no_fast_pskip%_%no_mbtree%_%rc_lookahead%_%rc_lookahead_60%_%ref%_%ref_5%_%root%_%;543.5233;793.6125
no_8x8dct%_%no_asm%_%no_deblock%_%no_fast_pskip%_%no_mbtree%_%rc_lookahead%_%rc_lookahead_60%_%ref%_%ref_5%_%root%_%;544.8233;796.0025
no_8x8dct%_%no_asm%_%no_mbtree%_%no_weightb%_%rc_lookahead%_%rc_lookahead_60%_%ref%_%ref_5%_%root%_%;492.36;667.5217
no_8x8dct%_%no_asm%_%no_fast_pskip%_%no_mbtree%_%no_weightb%_%rc_lookahead%_%rc_lookahead_60%_%ref%_%ref_5%_%root%_%;543.0833;780.0175
no_8x8dct%_%no_asm%_%no_deblock%_%no_mbtree%_%no_weightb%_%rc_lookahead%_%rc_lookahead_60%_%ref%_%ref_5%_%root%_%;493.7033;668.4428
no_asm%_%no_cabac%_%no_fast_pskip%_%rc_lookahead%_%rc_lookahead_20%_%ref%_%ref_1%_%root%_%;266.4833;620.5656
no_asm%_%no_cabac%_%no_deblock%_%no_mbtree%_%no_mixed_refs%_%no_weightb%_%rc_lookahead%_%rc_lookahead_20%_%ref%_%ref_1%_%root%_%;295.41;423.0772
no_8x8dct%_%no_asm%_%no_deblock%_%no_fast_pskip%_%no_mbtree%_%no_weightb%_%rc_lookahead%_%rc_lookahead_60%_%ref%_%ref_5%_%root%_%;544.58;782.4075
no_8x8dct%_%no_asm%_%no_cabac%_%no_mbtree%_%rc_lookahead%_%rc_lookahead_60%_%ref%_%ref_5%_%root%_%;485.59;665.4381
no_8x8dct%_%no_asm%_%no_cabac%_%no_deblock%_%no_mbtree%_%rc_lookahead%_%rc_lookahead_60%_%ref%_%ref_5%_%root%_%;486.9733;665.5956
no_8x8dct%_%no_asm%_%no_cabac%_%no_mbtree%_%no_weightb%_%rc_lookahead%_%rc_lookahead_60%_%ref%_%ref_5%_%root%_%;485.4367;665.0272
no_8x8dct%_%no_asm%_%no_cabac%_%no_deblock%_%no_mbtree%_%no_weightb%_%rc_lookahead%_%rc_lookahead_60%_%ref%_%ref_5%_%root%_%;487.1167;665.2186
no_8x8dct%_%no_asm%_%no_cabac%_%no_fast_pskip%_%no_mbtree%_%rc_lookahead%_%rc_lookahead_60%_%ref%_%ref_5%_%root%_%;535.7067;793.6125
no_8x8dct%_%no_asm%_%no_cabac%_%no_fast_pskip%_%no_mbtree%_%no_weightb%_%rc_lookahead%_%rc_lookahead_60%_%ref%_%ref_5%_%root%_%;535.5533;780.0175
no_8x8dct%_%no_asm%_%no_cabac%_%no_deblock%_%no_fast_pskip%_%no_mbtree%_%rc_lookahead%_%rc_lookahead_60%_%ref%_%ref_5%_%root%_%;537.1133;796.0025
no_8x8dct%_%no_asm%_%no_cabac%_%no_deblock%_%no_fast_pskip%_%no_mbtree%_%no_weightb%_%rc_lookahead%_%rc_lookahead_60%_%ref%_%ref_5%_%root%_%;536.85;782.4075
no_asm%_%no_mbtree%_%no_mixed_refs%_%rc_lookahead%_%rc_lookahead_60%_%ref%_%ref_5%_%root%_%;433.2233;572.5022
no_asm%_%no_cabac%_%no_fast_pskip%_%no_mbtree%_%no_weightb%_%rc_lookahead%_%rc_lookahead_20%_%ref%_%ref_1%_%root%_%;299.69;664.9092
no_asm%_%no_deblock%_%no_mbtree%_%no_mixed_refs%_%rc_lookahead%_%rc_lookahead_60%_%ref%_%ref_5%_%root%_%;432.7567;572.3978
no_asm%_%no_fast_pskip%_%no_mbtree%_%no_mixed_refs%_%rc_lookahead%_%rc_lookahead_60%_%ref%_%ref_5%_%root%_%;482.8167;671.1317
no_asm%_%no_deblock%_%no_fast_pskip%_%no_mbtree%_%no_mixed_refs%_%rc_lookahead%_%rc_lookahead_60%_%ref%_%ref_5%_%root%_%;482.3767;670.8594
no_asm%_%no_cabac%_%no_mbtree%_%no_mixed_refs%_%rc_lookahead%_%rc_lookahead_60%_%ref%_%ref_5%_%root%_%;428.3733;572.5022
no_asm%_%no_cabac%_%no_fast_pskip%_%no_mbtree%_%no_mixed_refs%_%rc_lookahead%_%rc_lookahead_60%_%ref%_%ref_5%_%root%_%;476.8633;666.4008
no_asm%_%no_cabac%_%no_deblock%_%no_mbtree%_%no_mixed_refs%_%rc_lookahead%_%rc_lookahead_60%_%ref%_%ref_5%_%root%_%;427.7933;572.3978
no_asm%_%no_cabac%_%no_deblock%_%no_fast_pskip%_%no_mbtree%_%no_mixed_refs%_%rc_lookahead%_%rc_lookahead_60%_%ref%_%ref_5%_%root%_%;476.31;665.6967
no_8x8dct%_%no_asm%_%no_mbtree%_%no_mixed_refs%_%rc_lookahead%_%rc_lookahead_60%_%ref%_%ref_5%_%root%_%;414.9967;559.0361
no_8x8dct%_%no_asm%_%no_deblock%_%no_mbtree%_%no_mixed_refs%_%rc_lookahead%_%rc_lookahead_60%_%ref%_%ref_5%_%root%_%;414.2433;558.6944
no_8x8dct%_%no_asm%_%no_cabac%_%no_mbtree%_%no_mixed_refs%_%rc_lookahead%_%rc_lookahead_60%_%ref%_%ref_5%_%root%_%;408.6833;556.3461
no_asm%_%no_cabac%_%no_fast_pskip%_%no_mbtree%_%no_mixed_refs%_%no_weightb%_%rc_lookahead%_%rc_lookahead_20%_%ref%_%ref_1%_%root%_%;299.8433;567.4392
no_8x8dct%_%no_asm%_%no_cabac%_%no_deblock%_%no_mbtree%_%no_mixed_refs%_%rc_lookahead%_%rc_lookahead_60%_%ref%_%ref_5%_%root%_%;407.99;555.7794
no_8x8dct%_%no_asm%_%no_fast_pskip%_%no_mbtree%_%no_mixed_refs%_%rc_lookahead%_%rc_lookahead_60%_%ref%_%ref_5%_%root%_%;463.31;648.7936
no_8x8dct%_%no_asm%_%no_cabac%_%no_fast_pskip%_%no_mbtree%_%no_mixed_refs%_%rc_lookahead%_%rc_lookahead_60%_%ref%_%ref_5%_%root%_%;456.6167;645.2244
no_8x8dct%_%no_asm%_%no_deblock%_%no_fast_pskip%_%no_mbtree%_%no_mixed_refs%_%rc_lookahead%_%rc_lookahead_60%_%ref%_%ref_5%_%root%_%;462.74;648.3681
no_8x8dct%_%no_asm%_%no_cabac%_%no_deblock%_%no_fast_pskip%_%no_mbtree%_%no_mixed_refs%_%rc_lookahead%_%rc_lookahead_60%_%ref%_%ref_5%_%root%_%;455.72;644.3733
no_asm%_%no_mbtree%_%no_mixed_refs%_%no_weightb%_%rc_lookahead%_%rc_lookahead_60%_%ref%_%ref_5%_%root%_%;433.2133;572.2828
no_asm%_%no_deblock%_%no_mbtree%_%no_mixed_refs%_%no_weightb%_%rc_lookahead%_%rc_lookahead_60%_%ref%_%ref_5%_%root%_%;432.6767;572.1956
no_asm%_%no_fast_pskip%_%no_mbtree%_%no_mixed_refs%_%no_weightb%_%rc_lookahead%_%rc_lookahead_60%_%ref%_%ref_5%_%root%_%;482.64;671.1747
no_asm%_%no_deblock%_%no_fast_pskip%_%no_mbtree%_%no_mixed_refs%_%no_weightb%_%rc_lookahead%_%rc_lookahead_60%_%ref%_%ref_5%_%root%_%;482.08;670.9025
no_8x8dct%_%no_asm%_%no_mbtree%_%no_mixed_refs%_%no_weightb%_%rc_lookahead%_%rc_lookahead_60%_%ref%_%ref_5%_%root%_%;414.67;558.9722
no_asm%_%no_cabac%_%no_deblock%_%no_fast_pskip%_%no_mbtree%_%no_weightb%_%rc_lookahead%_%rc_lookahead_20%_%ref%_%ref_1%_%root%_%;299.6467;665.9542
no_8x8dct%_%no_asm%_%no_fast_pskip%_%no_mbtree%_%no_mixed_refs%_%no_weightb%_%rc_lookahead%_%rc_lookahead_60%_%ref%_%ref_5%_%root%_%;463.5;648.7936
no_8x8dct%_%no_asm%_%no_deblock%_%no_mbtree%_%no_mixed_refs%_%no_weightb%_%rc_lookahead%_%rc_lookahead_60%_%ref%_%ref_5%_%root%_%;413.9133;558.665
no_8x8dct%_%no_asm%_%no_deblock%_%no_fast_pskip%_%no_mbtree%_%no_mixed_refs%_%no_weightb%_%rc_lookahead%_%rc_lookahead_60%_%ref%_%ref_5%_%root%_%;462.5;648.3058
no_asm%_%no_cabac%_%no_mbtree%_%no_mixed_refs%_%no_weightb%_%rc_lookahead%_%rc_lookahead_60%_%ref%_%ref_5%_%root%_%;428.02;572.2828
no_asm%_%no_cabac%_%no_deblock%_%no_mbtree%_%no_mixed_refs%_%no_weightb%_%rc_lookahead%_%rc_lookahead_60%_%ref%_%ref_5%_%root%_%;427.52;572.1956
no_8x8dct%_%no_asm%_%no_cabac%_%no_mbtree%_%no_mixed_refs%_%no_weightb%_%rc_lookahead%_%rc_lookahead_60%_%ref%_%ref_5%_%root%_%;408.6067;556.1433
no_8x8dct%_%no_asm%_%no_cabac%_%no_deblock%_%no_mbtree%_%no_mixed_refs%_%no_weightb%_%rc_lookahead%_%rc_lookahead_60%_%ref%_%ref_5%_%root%_%;407.7633;555.5572
no_asm%_%no_cabac%_%no_fast_pskip%_%no_mbtree%_%no_mixed_refs%_%no_weightb%_%rc_lookahead%_%rc_lookahead_60%_%ref%_%ref_5%_%root%_%;476.9;666.3992
no_8x8dct%_%no_asm%_%no_cabac%_%no_fast_pskip%_%no_mbtree%_%no_mixed_refs%_%no_weightb%_%rc_lookahead%_%rc_lookahead_60%_%ref%_%ref_5%_%root%_%;456.4367;645.1933
no_asm%_%no_cabac%_%no_deblock%_%no_fast_pskip%_%no_mbtree%_%no_mixed_refs%_%no_weightb%_%rc_lookahead%_%rc_lookahead_60%_%ref%_%ref_5%_%root%_%;476.0933;665.6808
no_asm%_%no_cabac%_%no_deblock%_%no_fast_pskip%_%no_mbtree%_%no_mixed_refs%_%no_weightb%_%rc_lookahead%_%rc_lookahead_20%_%ref%_%ref_1%_%root%_%;299.7033;566.9261
no_8x8dct%_%no_asm%_%no_cabac%_%no_deblock%_%no_fast_pskip%_%no_mbtree%_%no_mixed_refs%_%no_weightb%_%rc_lookahead%_%rc_lookahead_60%_%ref%_%ref_5%_%root%_%;455.5133;644.1867
no_asm%_%rc_lookahead%_%rc_lookahead_20%_%ref%_%ref_5%_%root%_%;442.25;513.3836
no_asm%_%no_fast_pskip%_%rc_lookahead%_%rc_lookahead_20%_%ref%_%ref_5%_%root%_%;514.17;737.0117
no_asm%_%no_cabac%_%rc_lookahead%_%rc_lookahead_20%_%ref%_%ref_5%_%root%_%;436.1167;511.3278
no_asm%_%no_cabac%_%no_fast_pskip%_%rc_lookahead%_%rc_lookahead_20%_%ref%_%ref_5%_%root%_%;505.8567;734.4183
no_asm%_%no_weightb%_%rc_lookahead%_%rc_lookahead_20%_%ref%_%ref_5%_%root%_%;442.5467;526.5981
no_asm%_%no_cabac%_%no_weightb%_%rc_lookahead%_%rc_lookahead_20%_%ref%_%ref_5%_%root%_%;435.9767;524.7081
no_asm%_%no_fast_pskip%_%no_weightb%_%rc_lookahead%_%rc_lookahead_20%_%ref%_%ref_5%_%root%_%;513.53;735.3411
no_asm%_%no_cabac%_%no_fast_pskip%_%no_weightb%_%rc_lookahead%_%rc_lookahead_20%_%ref%_%ref_5%_%root%_%;505.6367;732.7478
no_asm%_%no_mixed_refs%_%rc_lookahead%_%rc_lookahead_20%_%ref%_%ref_5%_%root%_%;381.1233;499.5083
no_8x8dct%_%no_asm%_%rc_lookahead%_%rc_lookahead_20%_%ref%_%ref_1%_%root%_%;254.5867;341.9211
no_asm%_%no_fast_pskip%_%no_mixed_refs%_%rc_lookahead%_%rc_lookahead_20%_%ref%_%ref_5%_%root%_%;447.4233;630.3369
no_asm%_%no_mixed_refs%_%no_weightb%_%rc_lookahead%_%rc_lookahead_20%_%ref%_%ref_5%_%root%_%;380.84;505.15
no_asm%_%no_fast_pskip%_%no_mixed_refs%_%no_weightb%_%rc_lookahead%_%rc_lookahead_20%_%ref%_%ref_5%_%root%_%;447.1367;627.93
no_asm%_%no_cabac%_%no_mixed_refs%_%rc_lookahead%_%rc_lookahead_20%_%ref%_%ref_5%_%root%_%;378.4167;498.4892
no_asm%_%no_cabac%_%no_mixed_refs%_%no_weightb%_%rc_lookahead%_%rc_lookahead_20%_%ref%_%ref_5%_%root%_%;378.2833;503.8142
no_asm%_%no_cabac%_%no_fast_pskip%_%no_mixed_refs%_%rc_lookahead%_%rc_lookahead_20%_%ref%_%ref_5%_%root%_%;443.92;628.8894
no_asm%_%no_cabac%_%no_fast_pskip%_%no_mixed_refs%_%no_weightb%_%rc_lookahead%_%rc_lookahead_20%_%ref%_%ref_5%_%root%_%;443.6467;626.7417
no_asm%_%no_mbtree%_%rc_lookahead%_%rc_lookahead_20%_%ref%_%ref_5%_%root%_%;519.5867;698.2414
no_asm%_%no_fast_pskip%_%no_mbtree%_%rc_lookahead%_%rc_lookahead_20%_%ref%_%ref_5%_%root%_%;571.5667;811.615
no_asm%_%no_cabac%_%no_mbtree%_%rc_lookahead%_%rc_lookahead_20%_%ref%_%ref_5%_%root%_%;511.6933;691.74
no_8x8dct%_%no_asm%_%no_deblock%_%rc_lookahead%_%rc_lookahead_20%_%ref%_%ref_1%_%root%_%;254.1767;341.6117
no_asm%_%no_cabac%_%no_fast_pskip%_%no_mbtree%_%rc_lookahead%_%rc_lookahead_20%_%ref%_%ref_5%_%root%_%;562.57;811.615
no_asm%_%no_mbtree%_%no_mixed_refs%_%rc_lookahead%_%rc_lookahead_20%_%ref%_%ref_5%_%root%_%;433.2233;572.5022
no_asm%_%no_cabac%_%no_mbtree%_%no_mixed_refs%_%rc_lookahead%_%rc_lookahead_20%_%ref%_%ref_5%_%root%_%;428.4267;572.5022
no_asm%_%no_fast_pskip%_%no_mbtree%_%no_mixed_refs%_%rc_lookahead%_%rc_lookahead_20%_%ref%_%ref_5%_%root%_%;482.9033;671.1317
no_asm%_%no_cabac%_%no_fast_pskip%_%no_mbtree%_%no_mixed_refs%_%rc_lookahead%_%rc_lookahead_20%_%ref%_%ref_5%_%root%_%;476.9967;666.4008
no_asm%_%no_mbtree%_%no_weightb%_%rc_lookahead%_%rc_lookahead_20%_%ref%_%ref_5%_%root%_%;519.0267;698.8225
no_asm%_%no_fast_pskip%_%no_mbtree%_%no_weightb%_%rc_lookahead%_%rc_lookahead_20%_%ref%_%ref_5%_%root%_%;571.35;798.02
no_asm%_%no_mbtree%_%no_mixed_refs%_%no_weightb%_%rc_lookahead%_%rc_lookahead_20%_%ref%_%ref_5%_%root%_%;433.2667;572.2828
no_asm%_%no_fast_pskip%_%no_mbtree%_%no_mixed_refs%_%no_weightb%_%rc_lookahead%_%rc_lookahead_20%_%ref%_%ref_5%_%root%_%;482.59;671.1747
no_asm%_%no_cabac%_%no_mbtree%_%no_weightb%_%rc_lookahead%_%rc_lookahead_20%_%ref%_%ref_5%_%root%_%;511.48;691.74
no_8x8dct%_%no_asm%_%no_fast_pskip%_%rc_lookahead%_%rc_lookahead_20%_%ref%_%ref_1%_%root%_%;261.0767;602.2286
no_asm%_%no_cabac%_%no_mbtree%_%no_mixed_refs%_%no_weightb%_%rc_lookahead%_%rc_lookahead_20%_%ref%_%ref_5%_%root%_%;428.0833;572.2828
no_asm%_%no_cabac%_%no_fast_pskip%_%no_mbtree%_%no_weightb%_%rc_lookahead%_%rc_lookahead_20%_%ref%_%ref_5%_%root%_%;562.1833;798.02
no_asm%_%no_cabac%_%no_fast_pskip%_%no_mbtree%_%no_mixed_refs%_%no_weightb%_%rc_lookahead%_%rc_lookahead_20%_%ref%_%ref_5%_%root%_%;476.9367;666.3992
no_asm%_%no_deblock%_%rc_lookahead%_%rc_lookahead_20%_%ref%_%ref_5%_%root%_%;444.71;513.7647
no_asm%_%no_deblock%_%no_fast_pskip%_%rc_lookahead%_%rc_lookahead_20%_%ref%_%ref_5%_%root%_%;516.22;737.1783
no_asm%_%no_cabac%_%no_deblock%_%rc_lookahead%_%rc_lookahead_20%_%ref%_%ref_5%_%root%_%;437.92;511.8994
no_asm%_%no_cabac%_%no_deblock%_%no_fast_pskip%_%rc_lookahead%_%rc_lookahead_20%_%ref%_%ref_5%_%root%_%;507.4033;734.9183
no_asm%_%no_deblock%_%no_weightb%_%rc_lookahead%_%rc_lookahead_20%_%ref%_%ref_5%_%root%_%;444.52;527.2736
no_asm%_%no_cabac%_%no_deblock%_%no_weightb%_%rc_lookahead%_%rc_lookahead_20%_%ref%_%ref_5%_%root%_%;437.4833;525.5742
no_asm%_%no_deblock%_%no_fast_pskip%_%no_weightb%_%rc_lookahead%_%rc_lookahead_20%_%ref%_%ref_5%_%root%_%;515.6867;736.0078
no_8x8dct%_%no_asm%_%no_deblock%_%no_fast_pskip%_%rc_lookahead%_%rc_lookahead_20%_%ref%_%ref_1%_%root%_%;260.4967;602.4681
no_asm%_%no_cabac%_%no_deblock%_%no_fast_pskip%_%no_weightb%_%rc_lookahead%_%rc_lookahead_20%_%ref%_%ref_5%_%root%_%;506.93;733.7478
no_asm%_%no_deblock%_%no_mbtree%_%rc_lookahead%_%rc_lookahead_20%_%ref%_%ref_5%_%root%_%;521.7;701.4464
no_asm%_%no_deblock%_%no_fast_pskip%_%no_mbtree%_%rc_lookahead%_%rc_lookahead_20%_%ref%_%ref_5%_%root%_%;573.6533;811.315
no_asm%_%no_deblock%_%no_mbtree%_%no_weightb%_%rc_lookahead%_%rc_lookahead_20%_%ref%_%ref_5%_%root%_%;521.4433;701.9486
no_asm%_%no_deblock%_%no_fast_pskip%_%no_mbtree%_%no_weightb%_%rc_lookahead%_%rc_lookahead_20%_%ref%_%ref_5%_%root%_%;573.46;797.72
no_asm%_%no_cabac%_%no_deblock%_%no_mbtree%_%rc_lookahead%_%rc_lookahead_20%_%ref%_%ref_5%_%root%_%;513.2333;694.8147
no_asm%_%no_cabac%_%no_deblock%_%no_mbtree%_%no_weightb%_%rc_lookahead%_%rc_lookahead_20%_%ref%_%ref_5%_%root%_%;512.87;694.8147
no_asm%_%no_cabac%_%no_deblock%_%no_fast_pskip%_%no_mbtree%_%rc_lookahead%_%rc_lookahead_20%_%ref%_%ref_5%_%root%_%;564.0933;811.315
no_asm%_%no_cabac%_%no_deblock%_%no_fast_pskip%_%no_mbtree%_%no_weightb%_%rc_lookahead%_%rc_lookahead_20%_%ref%_%ref_5%_%root%_%;564.0633;797.72
no_asm%_%no_deblock%_%no_mixed_refs%_%rc_lookahead%_%rc_lookahead_20%_%ref%_%ref_5%_%root%_%;380.1467;499.0853
no_8x8dct%_%no_asm%_%no_cabac%_%rc_lookahead%_%rc_lookahead_20%_%ref%_%ref_1%_%root%_%;244.39;341.3656
no_asm%_%no_deblock%_%no_fast_pskip%_%no_mixed_refs%_%rc_lookahead%_%rc_lookahead_20%_%ref%_%ref_5%_%root%_%;446.68;630.0228
no_asm%_%no_cabac%_%no_deblock%_%no_mixed_refs%_%rc_lookahead%_%rc_lookahead_20%_%ref%_%ref_5%_%root%_%;377.83;497.7464
no_asm%_%no_cabac%_%no_deblock%_%no_fast_pskip%_%no_mixed_refs%_%rc_lookahead%_%rc_lookahead_20%_%ref%_%ref_5%_%root%_%;442.81;628.1347
no_asm%_%no_deblock%_%no_mbtree%_%no_mixed_refs%_%rc_lookahead%_%rc_lookahead_20%_%ref%_%ref_5%_%root%_%;432.7733;572.3978
no_asm%_%no_cabac%_%no_deblock%_%no_mbtree%_%no_mixed_refs%_%rc_lookahead%_%rc_lookahead_20%_%ref%_%ref_5%_%root%_%;427.66;572.3978
no_asm%_%no_deblock%_%no_fast_pskip%_%no_mbtree%_%no_mixed_refs%_%rc_lookahead%_%rc_lookahead_20%_%ref%_%ref_5%_%root%_%;482.3733;670.8594
no_asm%_%no_cabac%_%no_deblock%_%no_fast_pskip%_%no_mbtree%_%no_mixed_refs%_%rc_lookahead%_%rc_lookahead_20%_%ref%_%ref_5%_%root%_%;476.2233;665.6967
no_asm%_%no_deblock%_%no_mixed_refs%_%no_weightb%_%rc_lookahead%_%rc_lookahead_20%_%ref%_%ref_5%_%root%_%;380.1;504.7892
no_asm%_%no_deblock%_%no_fast_pskip%_%no_mixed_refs%_%no_weightb%_%rc_lookahead%_%rc_lookahead_20%_%ref%_%ref_5%_%root%_%;446.25;627.6375
no_asm%_%no_deblock%_%no_mbtree%_%no_mixed_refs%_%no_weightb%_%rc_lookahead%_%rc_lookahead_20%_%ref%_%ref_5%_%root%_%;432.7233;572.1956
no_asm%_%no_cabac%_%no_deblock%_%rc_lookahead%_%rc_lookahead_20%_%ref%_%ref_1%_%root%_%;259.8067;346.6122
no_8x8dct%_%no_asm%_%no_cabac%_%no_fast_pskip%_%rc_lookahead%_%rc_lookahead_20%_%ref%_%ref_1%_%root%_%;249.4967;599.9469
no_asm%_%no_deblock%_%no_fast_pskip%_%no_mbtree%_%no_mixed_refs%_%no_weightb%_%rc_lookahead%_%rc_lookahead_20%_%ref%_%ref_5%_%root%_%;482.0833;670.9025
no_asm%_%no_cabac%_%no_deblock%_%no_mixed_refs%_%no_weightb%_%rc_lookahead%_%rc_lookahead_20%_%ref%_%ref_5%_%root%_%;377.5033;503.0592
no_asm%_%no_cabac%_%no_deblock%_%no_mbtree%_%no_mixed_refs%_%no_weightb%_%rc_lookahead%_%rc_lookahead_20%_%ref%_%ref_5%_%root%_%;427.4933;572.1956
no_asm%_%no_cabac%_%no_deblock%_%no_fast_pskip%_%no_mixed_refs%_%no_weightb%_%rc_lookahead%_%rc_lookahead_20%_%ref%_%ref_5%_%root%_%;442.5;626.135
no_asm%_%no_cabac%_%no_deblock%_%no_fast_pskip%_%no_mbtree%_%no_mixed_refs%_%no_weightb%_%rc_lookahead%_%rc_lookahead_20%_%ref%_%ref_5%_%root%_%;476.1;665.6808
no_8x8dct%_%no_asm%_%rc_lookahead%_%rc_lookahead_20%_%ref%_%ref_5%_%root%_%;423.0767;504.1667
no_8x8dct%_%no_asm%_%no_fast_pskip%_%rc_lookahead%_%rc_lookahead_20%_%ref%_%ref_5%_%root%_%;492.1267;712.1042
no_8x8dct%_%no_asm%_%no_cabac%_%rc_lookahead%_%rc_lookahead_20%_%ref%_%ref_5%_%root%_%;416.8867;502.2267
no_8x8dct%_%no_asm%_%no_cabac%_%no_fast_pskip%_%rc_lookahead%_%rc_lookahead_20%_%ref%_%ref_5%_%root%_%;484.8533;708.6319
no_8x8dct%_%no_asm%_%no_weightb%_%rc_lookahead%_%rc_lookahead_20%_%ref%_%ref_5%_%root%_%;422.6467;515.9644
no_8x8dct%_%no_asm%_%no_cabac%_%no_deblock%_%rc_lookahead%_%rc_lookahead_20%_%ref%_%ref_1%_%root%_%;244.23;341.2578
no_8x8dct%_%no_asm%_%no_cabac%_%no_weightb%_%rc_lookahead%_%rc_lookahead_20%_%ref%_%ref_5%_%root%_%;416.2633;513.5578
no_8x8dct%_%no_asm%_%no_fast_pskip%_%no_weightb%_%rc_lookahead%_%rc_lookahead_20%_%ref%_%ref_5%_%root%_%;491.6867;713.4706
no_8x8dct%_%no_asm%_%no_cabac%_%no_fast_pskip%_%no_weightb%_%rc_lookahead%_%rc_lookahead_20%_%ref%_%ref_5%_%root%_%;484.29;710.0978
no_8x8dct%_%no_asm%_%no_mixed_refs%_%rc_lookahead%_%rc_lookahead_20%_%ref%_%ref_5%_%root%_%;367.9633;486.9561
no_8x8dct%_%no_asm%_%no_fast_pskip%_%no_mixed_refs%_%rc_lookahead%_%rc_lookahead_20%_%ref%_%ref_5%_%root%_%;432.1433;615.7658
no_8x8dct%_%no_asm%_%no_mixed_refs%_%no_weightb%_%rc_lookahead%_%rc_lookahead_20%_%ref%_%ref_5%_%root%_%;367.5433;492.8297
no_8x8dct%_%no_asm%_%no_fast_pskip%_%no_mixed_refs%_%no_weightb%_%rc_lookahead%_%rc_lookahead_20%_%ref%_%ref_5%_%root%_%;432.03;613.8528
no_8x8dct%_%no_asm%_%no_cabac%_%no_mixed_refs%_%rc_lookahead%_%rc_lookahead_20%_%ref%_%ref_5%_%root%_%;362.6267;486.0325
no_8x8dct%_%no_asm%_%no_cabac%_%no_mixed_refs%_%no_weightb%_%rc_lookahead%_%rc_lookahead_20%_%ref%_%ref_5%_%root%_%;362.6133;491.9308
no_8x8dct%_%no_asm%_%no_cabac%_%no_fast_pskip%_%no_mixed_refs%_%rc_lookahead%_%rc_lookahead_20%_%ref%_%ref_5%_%root%_%;426.5267;615.2042
no_8x8dct%_%no_asm%_%no_cabac%_%no_deblock%_%no_fast_pskip%_%rc_lookahead%_%rc_lookahead_20%_%ref%_%ref_1%_%root%_%;249.3633;600.3061
no_8x8dct%_%no_asm%_%no_cabac%_%no_fast_pskip%_%no_mixed_refs%_%no_weightb%_%rc_lookahead%_%rc_lookahead_20%_%ref%_%ref_5%_%root%_%;426.4433;613.5719
no_8x8dct%_%no_asm%_%no_deblock%_%rc_lookahead%_%rc_lookahead_20%_%ref%_%ref_5%_%root%_%;425.0633;503.8128
no_8x8dct%_%no_asm%_%no_deblock%_%no_fast_pskip%_%rc_lookahead%_%rc_lookahead_20%_%ref%_%ref_5%_%root%_%;493.3067;712.3436
no_8x8dct%_%no_asm%_%no_cabac%_%no_deblock%_%rc_lookahead%_%rc_lookahead_20%_%ref%_%ref_5%_%root%_%;418.19;502.4694
no_8x8dct%_%no_asm%_%no_cabac%_%no_deblock%_%no_fast_pskip%_%rc_lookahead%_%rc_lookahead_20%_%ref%_%ref_5%_%root%_%;485.5367;709.2306
no_8x8dct%_%no_asm%_%no_deblock%_%no_mixed_refs%_%rc_lookahead%_%rc_lookahead_20%_%ref%_%ref_5%_%root%_%;367.0667;486.8753
no_8x8dct%_%no_asm%_%no_cabac%_%no_deblock%_%no_mixed_refs%_%rc_lookahead%_%rc_lookahead_20%_%ref%_%ref_5%_%root%_%;362.0367;485.9467
no_8x8dct%_%no_asm%_%no_deblock%_%no_fast_pskip%_%no_mixed_refs%_%rc_lookahead%_%rc_lookahead_20%_%ref%_%ref_5%_%root%_%;431;615.7658
no_8x8dct%_%no_asm%_%no_cabac%_%no_deblock%_%no_fast_pskip%_%no_mixed_refs%_%rc_lookahead%_%rc_lookahead_20%_%ref%_%ref_5%_%root%_%;425.2467;614.9731
no_8x8dct%_%no_asm%_%no_deblock%_%no_weightb%_%rc_lookahead%_%rc_lookahead_20%_%ref%_%ref_5%_%root%_%;424.49;515.6467
no_8x8dct%_%no_asm%_%no_weightb%_%rc_lookahead%_%rc_lookahead_20%_%ref%_%ref_1%_%root%_%;254.7333;349.8025
no_8x8dct%_%no_asm%_%no_deblock%_%no_fast_pskip%_%no_weightb%_%rc_lookahead%_%rc_lookahead_20%_%ref%_%ref_5%_%root%_%;492.6633;714.0231
no_8x8dct%_%no_asm%_%no_deblock%_%no_mixed_refs%_%no_weightb%_%rc_lookahead%_%rc_lookahead_20%_%ref%_%ref_5%_%root%_%;366.8367;492.7597
no_8x8dct%_%no_asm%_%no_deblock%_%no_fast_pskip%_%no_mixed_refs%_%no_weightb%_%rc_lookahead%_%rc_lookahead_20%_%ref%_%ref_5%_%root%_%;430.6967;613.8528
no_8x8dct%_%no_asm%_%no_cabac%_%no_deblock%_%no_weightb%_%rc_lookahead%_%rc_lookahead_20%_%ref%_%ref_5%_%root%_%;417.6333;513.82
no_8x8dct%_%no_asm%_%no_cabac%_%no_deblock%_%no_mixed_refs%_%no_weightb%_%rc_lookahead%_%rc_lookahead_20%_%ref%_%ref_5%_%root%_%;361.7033;491.8169
no_8x8dct%_%no_asm%_%no_cabac%_%no_deblock%_%no_fast_pskip%_%no_weightb%_%rc_lookahead%_%rc_lookahead_20%_%ref%_%ref_5%_%root%_%;485.35;710.9486
no_8x8dct%_%no_asm%_%no_cabac%_%no_deblock%_%no_fast_pskip%_%no_mixed_refs%_%no_weightb%_%rc_lookahead%_%rc_lookahead_20%_%ref%_%ref_5%_%root%_%;424.89;613.4456
no_8x8dct%_%no_asm%_%no_mbtree%_%rc_lookahead%_%rc_lookahead_20%_%ref%_%ref_5%_%root%_%;492.6233;668.0536
no_8x8dct%_%no_asm%_%no_fast_pskip%_%no_mbtree%_%rc_lookahead%_%rc_lookahead_20%_%ref%_%ref_5%_%root%_%;543.59;793.6125
no_8x8dct%_%no_asm%_%no_cabac%_%no_mbtree%_%rc_lookahead%_%rc_lookahead_20%_%ref%_%ref_5%_%root%_%;485.66;665.4381
no_8x8dct%_%no_asm%_%no_deblock%_%no_weightb%_%rc_lookahead%_%rc_lookahead_20%_%ref%_%ref_1%_%root%_%;254.0333;349.4847
no_8x8dct%_%no_asm%_%no_cabac%_%no_fast_pskip%_%no_mbtree%_%rc_lookahead%_%rc_lookahead_20%_%ref%_%ref_5%_%root%_%;535.6267;793.6125
no_8x8dct%_%no_asm%_%no_mbtree%_%no_weightb%_%rc_lookahead%_%rc_lookahead_20%_%ref%_%ref_5%_%root%_%;492.2667;667.5217
no_8x8dct%_%no_asm%_%no_cabac%_%no_mbtree%_%no_weightb%_%rc_lookahead%_%rc_lookahead_20%_%ref%_%ref_5%_%root%_%;485.5833;665.0272
no_8x8dct%_%no_asm%_%no_fast_pskip%_%no_mbtree%_%no_weightb%_%rc_lookahead%_%rc_lookahead_20%_%ref%_%ref_5%_%root%_%;543.03;780.0175
no_8x8dct%_%no_asm%_%no_cabac%_%no_fast_pskip%_%no_mbtree%_%no_weightb%_%rc_lookahead%_%rc_lookahead_20%_%ref%_%ref_5%_%root%_%;535.6967;780.0175
no_8x8dct%_%no_asm%_%no_deblock%_%no_mbtree%_%rc_lookahead%_%rc_lookahead_20%_%ref%_%ref_5%_%root%_%;494.2567;669.0281
no_8x8dct%_%no_asm%_%no_deblock%_%no_fast_pskip%_%no_mbtree%_%rc_lookahead%_%rc_lookahead_20%_%ref%_%ref_5%_%root%_%;545.0167;796.0025
no_8x8dct%_%no_asm%_%no_deblock%_%no_mbtree%_%no_weightb%_%rc_lookahead%_%rc_lookahead_20%_%ref%_%ref_5%_%root%_%;493.9867;668.4428
no_8x8dct%_%no_asm%_%no_deblock%_%no_fast_pskip%_%no_mbtree%_%no_weightb%_%rc_lookahead%_%rc_lookahead_20%_%ref%_%ref_5%_%root%_%;544.5067;782.4075
no_8x8dct%_%no_asm%_%no_cabac%_%no_deblock%_%no_mbtree%_%rc_lookahead%_%rc_lookahead_20%_%ref%_%ref_5%_%root%_%;487.09;665.5956
no_8x8dct%_%no_asm%_%no_cabac%_%no_weightb%_%rc_lookahead%_%rc_lookahead_20%_%ref%_%ref_1%_%root%_%;244.3033;348.7803
no_8x8dct%_%no_asm%_%no_cabac%_%no_deblock%_%no_mbtree%_%no_weightb%_%rc_lookahead%_%rc_lookahead_20%_%ref%_%ref_5%_%root%_%;486.8167;665.2186
no_8x8dct%_%no_asm%_%no_cabac%_%no_deblock%_%no_fast_pskip%_%no_mbtree%_%rc_lookahead%_%rc_lookahead_20%_%ref%_%ref_5%_%root%_%;537.1533;796.0025
no_8x8dct%_%no_asm%_%no_cabac%_%no_deblock%_%no_fast_pskip%_%no_mbtree%_%no_weightb%_%rc_lookahead%_%rc_lookahead_20%_%ref%_%ref_5%_%root%_%;536.95;782.4075
no_8x8dct%_%no_asm%_%no_mbtree%_%no_mixed_refs%_%rc_lookahead%_%rc_lookahead_20%_%ref%_%ref_5%_%root%_%;414.8333;559.0361
no_8x8dct%_%no_asm%_%no_fast_pskip%_%no_mbtree%_%no_mixed_refs%_%rc_lookahead%_%rc_lookahead_20%_%ref%_%ref_5%_%root%_%;463.24;648.7936
no_8x8dct%_%no_asm%_%no_cabac%_%no_mbtree%_%no_mixed_refs%_%rc_lookahead%_%rc_lookahead_20%_%ref%_%ref_5%_%root%_%;408.84;556.3461
no_8x8dct%_%no_asm%_%no_cabac%_%no_fast_pskip%_%no_mbtree%_%no_mixed_refs%_%rc_lookahead%_%rc_lookahead_20%_%ref%_%ref_5%_%root%_%;456.74;645.2244
no_8x8dct%_%no_asm%_%no_deblock%_%no_mbtree%_%no_mixed_refs%_%rc_lookahead%_%rc_lookahead_20%_%ref%_%ref_5%_%root%_%;414.23;558.6944
no_8x8dct%_%no_asm%_%no_cabac%_%no_deblock%_%no_mbtree%_%no_mixed_refs%_%rc_lookahead%_%rc_lookahead_20%_%ref%_%ref_5%_%root%_%;408.07;555.7794
no_8x8dct%_%no_asm%_%no_deblock%_%no_fast_pskip%_%no_mbtree%_%no_mixed_refs%_%rc_lookahead%_%rc_lookahead_20%_%ref%_%ref_5%_%root%_%;462.6267;648.3681
no_8x8dct%_%no_asm%_%no_cabac%_%no_deblock%_%no_weightb%_%rc_lookahead%_%rc_lookahead_20%_%ref%_%ref_1%_%root%_%;244.3533;348.6558
no_8x8dct%_%no_asm%_%no_cabac%_%no_deblock%_%no_fast_pskip%_%no_mbtree%_%no_mixed_refs%_%rc_lookahead%_%rc_lookahead_20%_%ref%_%ref_5%_%root%_%;455.64;644.3733
no_8x8dct%_%no_asm%_%no_mbtree%_%no_mixed_refs%_%no_weightb%_%rc_lookahead%_%rc_lookahead_20%_%ref%_%ref_5%_%root%_%;414.7367;558.9722
no_8x8dct%_%no_asm%_%no_fast_pskip%_%no_mbtree%_%no_mixed_refs%_%no_weightb%_%rc_lookahead%_%rc_lookahead_20%_%ref%_%ref_5%_%root%_%;463.3633;648.7936
no_8x8dct%_%no_asm%_%no_deblock%_%no_mbtree%_%no_mixed_refs%_%no_weightb%_%rc_lookahead%_%rc_lookahead_20%_%ref%_%ref_5%_%root%_%;414.0333;558.665
no_8x8dct%_%no_asm%_%no_deblock%_%no_fast_pskip%_%no_mbtree%_%no_mixed_refs%_%no_weightb%_%rc_lookahead%_%rc_lookahead_20%_%ref%_%ref_5%_%root%_%;462.4733;648.3058
no_8x8dct%_%no_asm%_%no_cabac%_%no_mbtree%_%no_mixed_refs%_%no_weightb%_%rc_lookahead%_%rc_lookahead_20%_%ref%_%ref_5%_%root%_%;408.6267;556.1433
no_8x8dct%_%no_asm%_%no_cabac%_%no_deblock%_%no_mbtree%_%no_mixed_refs%_%no_weightb%_%rc_lookahead%_%rc_lookahead_20%_%ref%_%ref_5%_%root%_%;407.7567;555.5572
no_8x8dct%_%no_asm%_%no_cabac%_%no_fast_pskip%_%no_mbtree%_%no_mixed_refs%_%no_weightb%_%rc_lookahead%_%rc_lookahead_20%_%ref%_%ref_5%_%root%_%;456.37;645.1933
no_8x8dct%_%no_asm%_%no_cabac%_%no_deblock%_%no_fast_pskip%_%no_mbtree%_%no_mixed_refs%_%no_weightb%_%rc_lookahead%_%rc_lookahead_20%_%ref%_%ref_5%_%root%_%;455.4933;644.1867
no_asm%_%rc_lookahead%_%rc_lookahead_20%_%ref%_%ref_9%_%root%_%;611.0433;601.0589
no_8x8dct%_%no_asm%_%no_fast_pskip%_%no_weightb%_%rc_lookahead%_%rc_lookahead_20%_%ref%_%ref_1%_%root%_%;261.31;601.4433
no_asm%_%no_fast_pskip%_%rc_lookahead%_%rc_lookahead_20%_%ref%_%ref_9%_%root%_%;740.21;737.0117
no_asm%_%no_cabac%_%rc_lookahead%_%rc_lookahead_20%_%ref%_%ref_9%_%root%_%;602.7133;598.1172
no_asm%_%no_cabac%_%no_fast_pskip%_%rc_lookahead%_%rc_lookahead_20%_%ref%_%ref_9%_%root%_%;730.01;734.4183
no_asm%_%no_weightb%_%rc_lookahead%_%rc_lookahead_20%_%ref%_%ref_9%_%root%_%;610.8233;608.5417
no_asm%_%no_cabac%_%no_weightb%_%rc_lookahead%_%rc_lookahead_20%_%ref%_%ref_9%_%root%_%;601.59;605.9417
no_asm%_%no_fast_pskip%_%no_weightb%_%rc_lookahead%_%rc_lookahead_20%_%ref%_%ref_9%_%root%_%;739.9033;735.3411
no_asm%_%no_cabac%_%no_fast_pskip%_%no_weightb%_%rc_lookahead%_%rc_lookahead_20%_%ref%_%ref_9%_%root%_%;729.3;732.7478
no_asm%_%no_mixed_refs%_%rc_lookahead%_%rc_lookahead_20%_%ref%_%ref_9%_%root%_%;510.01;510.5758
no_asm%_%no_fast_pskip%_%no_mixed_refs%_%rc_lookahead%_%rc_lookahead_20%_%ref%_%ref_9%_%root%_%;631.0433;630.3369
no_asm%_%no_mixed_refs%_%no_weightb%_%rc_lookahead%_%rc_lookahead_20%_%ref%_%ref_9%_%root%_%;509.5233;510.6714
no_8x8dct%_%no_asm%_%no_cabac%_%no_fast_pskip%_%no_weightb%_%rc_lookahead%_%rc_lookahead_20%_%ref%_%ref_1%_%root%_%;249.64;599.2611
no_asm%_%no_fast_pskip%_%no_mixed_refs%_%no_weightb%_%rc_lookahead%_%rc_lookahead_20%_%ref%_%ref_9%_%root%_%;630.5767;627.93
no_asm%_%no_cabac%_%no_mixed_refs%_%rc_lookahead%_%rc_lookahead_20%_%ref%_%ref_9%_%root%_%;507.2467;509.2561
no_asm%_%no_cabac%_%no_mixed_refs%_%no_weightb%_%rc_lookahead%_%rc_lookahead_20%_%ref%_%ref_9%_%root%_%;506.88;509.1836
no_asm%_%no_cabac%_%no_fast_pskip%_%no_mixed_refs%_%rc_lookahead%_%rc_lookahead_20%_%ref%_%ref_9%_%root%_%;627.0533;628.8894
no_asm%_%no_cabac%_%no_fast_pskip%_%no_mixed_refs%_%no_weightb%_%rc_lookahead%_%rc_lookahead_20%_%ref%_%ref_9%_%root%_%;627.1133;626.7417
no_asm%_%no_mbtree%_%rc_lookahead%_%rc_lookahead_20%_%ref%_%ref_9%_%root%_%;721.4867;721.745
no_asm%_%no_fast_pskip%_%no_mbtree%_%rc_lookahead%_%rc_lookahead_20%_%ref%_%ref_9%_%root%_%;817.7933;811.615
no_asm%_%no_cabac%_%no_mbtree%_%rc_lookahead%_%rc_lookahead_20%_%ref%_%ref_9%_%root%_%;712.7433;714.3489
no_asm%_%no_cabac%_%no_fast_pskip%_%no_mbtree%_%rc_lookahead%_%rc_lookahead_20%_%ref%_%ref_9%_%root%_%;807.3333;811.615
no_asm%_%no_mbtree%_%no_mixed_refs%_%rc_lookahead%_%rc_lookahead_20%_%ref%_%ref_9%_%root%_%;580.7367;572.5022
no_8x8dct%_%no_asm%_%no_deblock%_%no_fast_pskip%_%no_weightb%_%rc_lookahead%_%rc_lookahead_20%_%ref%_%ref_1%_%root%_%;260.6167;601.8292
no_asm%_%no_cabac%_%no_mbtree%_%no_mixed_refs%_%rc_lookahead%_%rc_lookahead_20%_%ref%_%ref_9%_%root%_%;576.54;572.5022
no_asm%_%no_fast_pskip%_%no_mbtree%_%no_mixed_refs%_%rc_lookahead%_%rc_lookahead_20%_%ref%_%ref_9%_%root%_%;672.3733;671.1317
no_asm%_%no_cabac%_%no_fast_pskip%_%no_mbtree%_%no_mixed_refs%_%rc_lookahead%_%rc_lookahead_20%_%ref%_%ref_9%_%root%_%;666.5533;666.4008
no_asm%_%no_mbtree%_%no_weightb%_%rc_lookahead%_%rc_lookahead_20%_%ref%_%ref_9%_%root%_%;721.7567;722.3261
no_asm%_%no_fast_pskip%_%no_mbtree%_%no_weightb%_%rc_lookahead%_%rc_lookahead_20%_%ref%_%ref_9%_%root%_%;817.34;798.02
no_asm%_%no_mbtree%_%no_mixed_refs%_%no_weightb%_%rc_lookahead%_%rc_lookahead_20%_%ref%_%ref_9%_%root%_%;580.73;572.2828
no_asm%_%no_fast_pskip%_%no_mbtree%_%no_mixed_refs%_%no_weightb%_%rc_lookahead%_%rc_lookahead_20%_%ref%_%ref_9%_%root%_%;672.1367;671.1747
no_asm%_%no_cabac%_%no_mbtree%_%no_weightb%_%rc_lookahead%_%rc_lookahead_20%_%ref%_%ref_9%_%root%_%;712.81;714.3489
no_asm%_%no_cabac%_%no_mbtree%_%no_mixed_refs%_%no_weightb%_%rc_lookahead%_%rc_lookahead_20%_%ref%_%ref_9%_%root%_%;576.2167;572.2828
no_asm%_%no_cabac%_%no_fast_pskip%_%no_mbtree%_%no_weightb%_%rc_lookahead%_%rc_lookahead_20%_%ref%_%ref_9%_%root%_%;807.0167;798.02
no_asm%_%no_cabac%_%no_deblock%_%no_fast_pskip%_%rc_lookahead%_%rc_lookahead_20%_%ref%_%ref_1%_%root%_%;266.19;620.8989
no_8x8dct%_%no_asm%_%no_cabac%_%no_deblock%_%no_fast_pskip%_%no_weightb%_%rc_lookahead%_%rc_lookahead_20%_%ref%_%ref_1%_%root%_%;249.4633;599.7464
no_asm%_%no_cabac%_%no_fast_pskip%_%no_mbtree%_%no_mixed_refs%_%no_weightb%_%rc_lookahead%_%rc_lookahead_20%_%ref%_%ref_9%_%root%_%;666.25;666.3992
no_8x8dct%_%no_asm%_%rc_lookahead%_%rc_lookahead_20%_%ref%_%ref_9%_%root%_%;585.35;579.5808
no_8x8dct%_%no_asm%_%no_fast_pskip%_%rc_lookahead%_%rc_lookahead_20%_%ref%_%ref_9%_%root%_%;711.2333;712.1042
no_8x8dct%_%no_asm%_%no_cabac%_%rc_lookahead%_%rc_lookahead_20%_%ref%_%ref_9%_%root%_%;579.1767;575.5075
no_8x8dct%_%no_asm%_%no_cabac%_%no_fast_pskip%_%rc_lookahead%_%rc_lookahead_20%_%ref%_%ref_9%_%root%_%;704.22;708.6319
no_8x8dct%_%no_asm%_%no_weightb%_%rc_lookahead%_%rc_lookahead_20%_%ref%_%ref_9%_%root%_%;584.82;586.8178
no_8x8dct%_%no_asm%_%no_cabac%_%no_weightb%_%rc_lookahead%_%rc_lookahead_20%_%ref%_%ref_9%_%root%_%;579.0233;582.3222
no_8x8dct%_%no_asm%_%no_fast_pskip%_%no_weightb%_%rc_lookahead%_%rc_lookahead_20%_%ref%_%ref_9%_%root%_%;711.2933;713.4706
no_8x8dct%_%no_asm%_%no_cabac%_%no_fast_pskip%_%no_weightb%_%rc_lookahead%_%rc_lookahead_20%_%ref%_%ref_9%_%root%_%;703.5;710.0978
no_8x8dct%_%no_asm%_%no_mbtree%_%rc_lookahead%_%rc_lookahead_20%_%ref%_%ref_9%_%root%_%;687.39;688.5633
no_8x8dct%_%no_asm%_%no_mbtree%_%rc_lookahead%_%rc_lookahead_20%_%ref%_%ref_1%_%root%_%;287.01;479.3503
no_8x8dct%_%no_asm%_%no_fast_pskip%_%no_mbtree%_%rc_lookahead%_%rc_lookahead_20%_%ref%_%ref_9%_%root%_%;780.93;793.6125
no_8x8dct%_%no_asm%_%no_mbtree%_%no_weightb%_%rc_lookahead%_%rc_lookahead_20%_%ref%_%ref_9%_%root%_%;687.0933;687.9897
no_8x8dct%_%no_asm%_%no_fast_pskip%_%no_mbtree%_%no_weightb%_%rc_lookahead%_%rc_lookahead_20%_%ref%_%ref_9%_%root%_%;780.6567;780.0175
no_8x8dct%_%no_asm%_%no_cabac%_%no_mbtree%_%rc_lookahead%_%rc_lookahead_20%_%ref%_%ref_9%_%root%_%;680.6467;685.3261
no_8x8dct%_%no_asm%_%no_cabac%_%no_mbtree%_%no_weightb%_%rc_lookahead%_%rc_lookahead_20%_%ref%_%ref_9%_%root%_%;680.6167;684.9153
no_8x8dct%_%no_asm%_%no_cabac%_%no_fast_pskip%_%no_mbtree%_%rc_lookahead%_%rc_lookahead_20%_%ref%_%ref_9%_%root%_%;773.67;793.6125
no_8x8dct%_%no_asm%_%no_cabac%_%no_fast_pskip%_%no_mbtree%_%no_weightb%_%rc_lookahead%_%rc_lookahead_20%_%ref%_%ref_9%_%root%_%;773.2767;780.0175
no_8x8dct%_%no_asm%_%no_mixed_refs%_%rc_lookahead%_%rc_lookahead_20%_%ref%_%ref_9%_%root%_%;496.8933;495.2653
no_8x8dct%_%no_asm%_%no_fast_pskip%_%no_mixed_refs%_%rc_lookahead%_%rc_lookahead_20%_%ref%_%ref_9%_%root%_%;615.3367;615.7658
no_8x8dct%_%no_asm%_%no_cabac%_%no_mixed_refs%_%rc_lookahead%_%rc_lookahead_20%_%ref%_%ref_9%_%root%_%;491.52;494.3417
no_8x8dct%_%no_asm%_%no_deblock%_%no_mbtree%_%rc_lookahead%_%rc_lookahead_20%_%ref%_%ref_1%_%root%_%;286.2867;479.7675
no_8x8dct%_%no_asm%_%no_cabac%_%no_fast_pskip%_%no_mixed_refs%_%rc_lookahead%_%rc_lookahead_20%_%ref%_%ref_9%_%root%_%;609.33;615.2042
no_8x8dct%_%no_asm%_%no_mbtree%_%no_mixed_refs%_%rc_lookahead%_%rc_lookahead_20%_%ref%_%ref_9%_%root%_%;561.9267;559.0361
no_8x8dct%_%no_asm%_%no_cabac%_%no_mbtree%_%no_mixed_refs%_%rc_lookahead%_%rc_lookahead_20%_%ref%_%ref_9%_%root%_%;556.5133;556.3461
no_8x8dct%_%no_asm%_%no_fast_pskip%_%no_mbtree%_%no_mixed_refs%_%rc_lookahead%_%rc_lookahead_20%_%ref%_%ref_9%_%root%_%;652.4667;648.7936
no_8x8dct%_%no_asm%_%no_cabac%_%no_fast_pskip%_%no_mbtree%_%no_mixed_refs%_%rc_lookahead%_%rc_lookahead_20%_%ref%_%ref_9%_%root%_%;645.4467;645.2244
no_8x8dct%_%no_asm%_%no_mixed_refs%_%no_weightb%_%rc_lookahead%_%rc_lookahead_20%_%ref%_%ref_9%_%root%_%;496.23;497.1781
no_8x8dct%_%no_asm%_%no_fast_pskip%_%no_mixed_refs%_%no_weightb%_%rc_lookahead%_%rc_lookahead_20%_%ref%_%ref_9%_%root%_%;615.0567;613.8528
no_8x8dct%_%no_asm%_%no_mbtree%_%no_mixed_refs%_%no_weightb%_%rc_lookahead%_%rc_lookahead_20%_%ref%_%ref_9%_%root%_%;561.96;558.9722
no_8x8dct%_%no_asm%_%no_fast_pskip%_%no_mbtree%_%no_mixed_refs%_%no_weightb%_%rc_lookahead%_%rc_lookahead_20%_%ref%_%ref_9%_%root%_%;652.55;648.7936
no_8x8dct%_%no_asm%_%no_cabac%_%no_mixed_refs%_%no_weightb%_%rc_lookahead%_%rc_lookahead_20%_%ref%_%ref_9%_%root%_%;491.2367;496.2792
no_8x8dct%_%no_asm%_%no_fast_pskip%_%no_mbtree%_%rc_lookahead%_%rc_lookahead_20%_%ref%_%ref_1%_%root%_%;291.6333;664.9092
no_8x8dct%_%no_asm%_%no_cabac%_%no_mbtree%_%no_mixed_refs%_%no_weightb%_%rc_lookahead%_%rc_lookahead_20%_%ref%_%ref_9%_%root%_%;556.3267;556.1433
no_8x8dct%_%no_asm%_%no_cabac%_%no_fast_pskip%_%no_mixed_refs%_%no_weightb%_%rc_lookahead%_%rc_lookahead_20%_%ref%_%ref_9%_%root%_%;608.9967;613.5719
no_8x8dct%_%no_asm%_%no_cabac%_%no_fast_pskip%_%no_mbtree%_%no_mixed_refs%_%no_weightb%_%rc_lookahead%_%rc_lookahead_20%_%ref%_%ref_9%_%root%_%;645.3767;645.1933
no_asm%_%no_deblock%_%rc_lookahead%_%rc_lookahead_20%_%ref%_%ref_9%_%root%_%;615.2867;601.8211
no_asm%_%no_deblock%_%no_fast_pskip%_%rc_lookahead%_%rc_lookahead_20%_%ref%_%ref_9%_%root%_%;743.1633;737.1783
no_asm%_%no_cabac%_%no_deblock%_%rc_lookahead%_%rc_lookahead_20%_%ref%_%ref_9%_%root%_%;605.2733;599.3125
no_asm%_%no_cabac%_%no_deblock%_%no_fast_pskip%_%rc_lookahead%_%rc_lookahead_20%_%ref%_%ref_9%_%root%_%;732.0067;734.9183
no_asm%_%no_deblock%_%no_weightb%_%rc_lookahead%_%rc_lookahead_20%_%ref%_%ref_9%_%root%_%;614.57;609.6503
no_asm%_%no_cabac%_%no_deblock%_%no_weightb%_%rc_lookahead%_%rc_lookahead_20%_%ref%_%ref_9%_%root%_%;604.9167;607.4833
no_asm%_%no_deblock%_%no_fast_pskip%_%no_weightb%_%rc_lookahead%_%rc_lookahead_20%_%ref%_%ref_9%_%root%_%;743.1233;736.0078
no_8x8dct%_%no_asm%_%no_deblock%_%no_fast_pskip%_%no_mbtree%_%rc_lookahead%_%rc_lookahead_20%_%ref%_%ref_1%_%root%_%;291.01;667.2992
no_asm%_%no_cabac%_%no_deblock%_%no_fast_pskip%_%no_weightb%_%rc_lookahead%_%rc_lookahead_20%_%ref%_%ref_9%_%root%_%;731.1933;733.7478
no_asm%_%no_deblock%_%no_mixed_refs%_%rc_lookahead%_%rc_lookahead_20%_%ref%_%ref_9%_%root%_%;508.71;510.0828
no_asm%_%no_deblock%_%no_fast_pskip%_%no_mixed_refs%_%rc_lookahead%_%rc_lookahead_20%_%ref%_%ref_9%_%root%_%;629.62;630.0228
no_asm%_%no_deblock%_%no_mixed_refs%_%no_weightb%_%rc_lookahead%_%rc_lookahead_20%_%ref%_%ref_9%_%root%_%;508.4233;510.2406
no_asm%_%no_deblock%_%no_fast_pskip%_%no_mixed_refs%_%no_weightb%_%rc_lookahead%_%rc_lookahead_20%_%ref%_%ref_9%_%root%_%;629.39;627.6375
no_asm%_%no_cabac%_%no_deblock%_%no_mixed_refs%_%rc_lookahead%_%rc_lookahead_20%_%ref%_%ref_9%_%root%_%;506.36;508.4556
no_asm%_%no_cabac%_%no_deblock%_%no_mixed_refs%_%no_weightb%_%rc_lookahead%_%rc_lookahead_20%_%ref%_%ref_9%_%root%_%;506.2233;508.3428
no_asm%_%no_cabac%_%no_deblock%_%no_fast_pskip%_%no_mixed_refs%_%rc_lookahead%_%rc_lookahead_20%_%ref%_%ref_9%_%root%_%;625.7967;628.1347
no_asm%_%no_cabac%_%no_deblock%_%no_fast_pskip%_%no_mixed_refs%_%no_weightb%_%rc_lookahead%_%rc_lookahead_20%_%ref%_%ref_9%_%root%_%;625.71;626.135
no_8x8dct%_%no_asm%_%no_deblock%_%rc_lookahead%_%rc_lookahead_20%_%ref%_%ref_9%_%root%_%;588.6733;578.9175
no_8x8dct%_%no_asm%_%no_mbtree%_%no_weightb%_%rc_lookahead%_%rc_lookahead_20%_%ref%_%ref_1%_%root%_%;287.06;478.9394
no_8x8dct%_%no_asm%_%no_deblock%_%no_fast_pskip%_%rc_lookahead%_%rc_lookahead_20%_%ref%_%ref_9%_%root%_%;713.6733;712.3436
no_8x8dct%_%no_asm%_%no_cabac%_%no_deblock%_%rc_lookahead%_%rc_lookahead_20%_%ref%_%ref_9%_%root%_%;581.4067;576.2475
no_8x8dct%_%no_asm%_%no_cabac%_%no_deblock%_%no_fast_pskip%_%rc_lookahead%_%rc_lookahead_20%_%ref%_%ref_9%_%root%_%;705.4533;709.2306
no_8x8dct%_%no_asm%_%no_deblock%_%no_mixed_refs%_%rc_lookahead%_%rc_lookahead_20%_%ref%_%ref_9%_%root%_%;495.7233;495.1844
no_8x8dct%_%no_asm%_%no_cabac%_%no_deblock%_%no_mixed_refs%_%rc_lookahead%_%rc_lookahead_20%_%ref%_%ref_9%_%root%_%;490.4733;494.2558
no_8x8dct%_%no_asm%_%no_deblock%_%no_fast_pskip%_%no_mixed_refs%_%rc_lookahead%_%rc_lookahead_20%_%ref%_%ref_9%_%root%_%;613.7633;615.7658
no_8x8dct%_%no_asm%_%no_cabac%_%no_deblock%_%no_fast_pskip%_%no_mixed_refs%_%rc_lookahead%_%rc_lookahead_20%_%ref%_%ref_9%_%root%_%;607.6267;614.9731
no_8x8dct%_%no_asm%_%no_deblock%_%no_weightb%_%rc_lookahead%_%rc_lookahead_20%_%ref%_%ref_9%_%root%_%;588.67;586.1822
no_8x8dct%_%no_asm%_%no_deblock%_%no_fast_pskip%_%no_weightb%_%rc_lookahead%_%rc_lookahead_20%_%ref%_%ref_9%_%root%_%;713.39;714.0231
no_8x8dct%_%no_asm%_%no_deblock%_%no_mixed_refs%_%no_weightb%_%rc_lookahead%_%rc_lookahead_20%_%ref%_%ref_9%_%root%_%;495.49;497.1081
no_8x8dct%_%no_asm%_%no_fast_pskip%_%no_mbtree%_%no_weightb%_%rc_lookahead%_%rc_lookahead_20%_%ref%_%ref_1%_%root%_%;291.62;654.3767
no_8x8dct%_%no_asm%_%no_deblock%_%no_fast_pskip%_%no_mixed_refs%_%no_weightb%_%rc_lookahead%_%rc_lookahead_20%_%ref%_%ref_9%_%root%_%;613.3967;613.8528
no_8x8dct%_%no_asm%_%no_cabac%_%no_deblock%_%no_weightb%_%rc_lookahead%_%rc_lookahead_20%_%ref%_%ref_9%_%root%_%;581.2433;583.0483
no_8x8dct%_%no_asm%_%no_cabac%_%no_deblock%_%no_mixed_refs%_%no_weightb%_%rc_lookahead%_%rc_lookahead_20%_%ref%_%ref_9%_%root%_%;490.0433;496.1653
no_8x8dct%_%no_asm%_%no_cabac%_%no_deblock%_%no_fast_pskip%_%no_weightb%_%rc_lookahead%_%rc_lookahead_20%_%ref%_%ref_9%_%root%_%;704.8067;710.9486
no_8x8dct%_%no_asm%_%no_cabac%_%no_deblock%_%no_fast_pskip%_%no_mixed_refs%_%no_weightb%_%rc_lookahead%_%rc_lookahead_20%_%ref%_%ref_9%_%root%_%;607.3767;613.4456
no_asm%_%no_deblock%_%no_mbtree%_%rc_lookahead%_%rc_lookahead_20%_%ref%_%ref_9%_%root%_%;726.89;724.95
no_asm%_%no_deblock%_%no_fast_pskip%_%no_mbtree%_%rc_lookahead%_%rc_lookahead_20%_%ref%_%ref_9%_%root%_%;821.52;811.315
no_asm%_%no_cabac%_%no_deblock%_%no_mbtree%_%rc_lookahead%_%rc_lookahead_20%_%ref%_%ref_9%_%root%_%;716.0333;717.4236
no_asm%_%no_cabac%_%no_deblock%_%no_fast_pskip%_%no_mbtree%_%rc_lookahead%_%rc_lookahead_20%_%ref%_%ref_9%_%root%_%;809.9367;811.315
no_asm%_%no_deblock%_%no_mbtree%_%no_weightb%_%rc_lookahead%_%rc_lookahead_20%_%ref%_%ref_9%_%root%_%;726.51;725.4522
no_8x8dct%_%no_asm%_%no_deblock%_%no_mbtree%_%no_weightb%_%rc_lookahead%_%rc_lookahead_20%_%ref%_%ref_1%_%root%_%;286.3967;479.3867
no_asm%_%no_cabac%_%no_deblock%_%no_mbtree%_%no_weightb%_%rc_lookahead%_%rc_lookahead_20%_%ref%_%ref_9%_%root%_%;715.9233;717.4236
no_asm%_%no_deblock%_%no_fast_pskip%_%no_mbtree%_%no_weightb%_%rc_lookahead%_%rc_lookahead_20%_%ref%_%ref_9%_%root%_%;821.9633;797.72
no_asm%_%no_cabac%_%no_deblock%_%no_fast_pskip%_%no_mbtree%_%no_weightb%_%rc_lookahead%_%rc_lookahead_20%_%ref%_%ref_9%_%root%_%;809.57;797.72
no_8x8dct%_%no_asm%_%no_deblock%_%no_mbtree%_%rc_lookahead%_%rc_lookahead_20%_%ref%_%ref_9%_%root%_%;690.59;689.5378
no_8x8dct%_%no_asm%_%no_deblock%_%no_fast_pskip%_%no_mbtree%_%rc_lookahead%_%rc_lookahead_20%_%ref%_%ref_9%_%root%_%;784.02;796.0025
no_8x8dct%_%no_asm%_%no_deblock%_%no_mbtree%_%no_weightb%_%rc_lookahead%_%rc_lookahead_20%_%ref%_%ref_9%_%root%_%;690.4633;688.9108
no_8x8dct%_%no_asm%_%no_deblock%_%no_fast_pskip%_%no_mbtree%_%no_weightb%_%rc_lookahead%_%rc_lookahead_20%_%ref%_%ref_9%_%root%_%;783.4933;782.4075
no_8x8dct%_%no_asm%_%no_cabac%_%no_deblock%_%no_mbtree%_%rc_lookahead%_%rc_lookahead_20%_%ref%_%ref_9%_%root%_%;683.75;685.4836
no_8x8dct%_%no_asm%_%no_cabac%_%no_deblock%_%no_mbtree%_%no_weightb%_%rc_lookahead%_%rc_lookahead_20%_%ref%_%ref_9%_%root%_%;683.42;685.1067
no_8x8dct%_%no_asm%_%no_cabac%_%no_deblock%_%no_fast_pskip%_%no_mbtree%_%rc_lookahead%_%rc_lookahead_20%_%ref%_%ref_9%_%root%_%;775.8533;796.0025
no_8x8dct%_%no_asm%_%no_deblock%_%no_fast_pskip%_%no_mbtree%_%no_weightb%_%rc_lookahead%_%rc_lookahead_20%_%ref%_%ref_1%_%root%_%;291.15;656.7667
no_8x8dct%_%no_asm%_%no_cabac%_%no_deblock%_%no_fast_pskip%_%no_mbtree%_%no_weightb%_%rc_lookahead%_%rc_lookahead_20%_%ref%_%ref_9%_%root%_%;775.8033;782.4075
no_asm%_%no_deblock%_%no_mbtree%_%no_mixed_refs%_%rc_lookahead%_%rc_lookahead_20%_%ref%_%ref_9%_%root%_%;580.5433;572.3978
no_asm%_%no_deblock%_%no_fast_pskip%_%no_mbtree%_%no_mixed_refs%_%rc_lookahead%_%rc_lookahead_20%_%ref%_%ref_9%_%root%_%;671.73;670.8594
no_asm%_%no_cabac%_%no_deblock%_%no_mbtree%_%no_mixed_refs%_%rc_lookahead%_%rc_lookahead_20%_%ref%_%ref_9%_%root%_%;575.8633;572.3978
no_asm%_%no_cabac%_%no_deblock%_%no_fast_pskip%_%no_mbtree%_%no_mixed_refs%_%rc_lookahead%_%rc_lookahead_20%_%ref%_%ref_9%_%root%_%;665.2233;665.6967
no_8x8dct%_%no_asm%_%no_deblock%_%no_mbtree%_%no_mixed_refs%_%rc_lookahead%_%rc_lookahead_20%_%ref%_%ref_9%_%root%_%;561.79;558.6944
no_8x8dct%_%no_asm%_%no_cabac%_%no_deblock%_%no_mbtree%_%no_mixed_refs%_%rc_lookahead%_%rc_lookahead_20%_%ref%_%ref_9%_%root%_%;555.58;555.7794
no_8x8dct%_%no_asm%_%no_deblock%_%no_fast_pskip%_%no_mbtree%_%no_mixed_refs%_%rc_lookahead%_%rc_lookahead_20%_%ref%_%ref_9%_%root%_%;651.7033;648.3681
no_8x8dct%_%no_asm%_%no_cabac%_%no_deblock%_%no_fast_pskip%_%no_mbtree%_%no_mixed_refs%_%rc_lookahead%_%rc_lookahead_20%_%ref%_%ref_9%_%root%_%;644.1567;644.3733
no_asm%_%no_deblock%_%no_mbtree%_%no_mixed_refs%_%no_weightb%_%rc_lookahead%_%rc_lookahead_20%_%ref%_%ref_9%_%root%_%;580.3733;572.1956
no_8x8dct%_%no_asm%_%no_cabac%_%no_mbtree%_%rc_lookahead%_%rc_lookahead_20%_%ref%_%ref_1%_%root%_%;275.9233;478.3022
no_asm%_%no_deblock%_%no_fast_pskip%_%no_mbtree%_%no_mixed_refs%_%no_weightb%_%rc_lookahead%_%rc_lookahead_20%_%ref%_%ref_9%_%root%_%;671.4;670.9025
no_8x8dct%_%no_asm%_%no_deblock%_%no_mbtree%_%no_mixed_refs%_%no_weightb%_%rc_lookahead%_%rc_lookahead_20%_%ref%_%ref_9%_%root%_%;561.3733;558.665
no_8x8dct%_%no_asm%_%no_deblock%_%no_fast_pskip%_%no_mbtree%_%no_mixed_refs%_%no_weightb%_%rc_lookahead%_%rc_lookahead_20%_%ref%_%ref_9%_%root%_%;651.2033;648.3058
no_asm%_%no_cabac%_%no_deblock%_%no_mbtree%_%no_mixed_refs%_%no_weightb%_%rc_lookahead%_%rc_lookahead_20%_%ref%_%ref_9%_%root%_%;575.4767;572.1956
no_8x8dct%_%no_asm%_%no_cabac%_%no_deblock%_%no_mbtree%_%no_mixed_refs%_%no_weightb%_%rc_lookahead%_%rc_lookahead_20%_%ref%_%ref_9%_%root%_%;555.2033;555.5572
no_asm%_%no_cabac%_%no_deblock%_%no_fast_pskip%_%no_mbtree%_%no_mixed_refs%_%no_weightb%_%rc_lookahead%_%rc_lookahead_20%_%ref%_%ref_9%_%root%_%;665.2833;665.6808
no_8x8dct%_%no_asm%_%no_cabac%_%no_deblock%_%no_fast_pskip%_%no_mbtree%_%no_mixed_refs%_%no_weightb%_%rc_lookahead%_%rc_lookahead_20%_%ref%_%ref_9%_%root%_%;643.96;644.1867
no_asm%_%rc_lookahead%_%rc_lookahead_60%_%ref%_%ref_9%_%root%_%;613.4467;601.0589
no_asm%_%no_fast_pskip%_%rc_lookahead%_%rc_lookahead_60%_%ref%_%ref_9%_%root%_%;742.4633;737.0117
no_asm%_%no_cabac%_%rc_lookahead%_%rc_lookahead_60%_%ref%_%ref_9%_%root%_%;604.8867;598.1172
no_asm%_%no_weightb%_%rc_lookahead%_%rc_lookahead_20%_%ref%_%ref_1%_%root%_%;268.5567;354.7853
no_8x8dct%_%no_asm%_%no_cabac%_%no_deblock%_%no_mbtree%_%rc_lookahead%_%rc_lookahead_20%_%ref%_%ref_1%_%root%_%;275.3867;478.2
no_asm%_%no_cabac%_%no_fast_pskip%_%rc_lookahead%_%rc_lookahead_60%_%ref%_%ref_9%_%root%_%;731.76;734.4183
no_asm%_%no_weightb%_%rc_lookahead%_%rc_lookahead_60%_%ref%_%ref_9%_%root%_%;613.5167;608.5417
no_asm%_%no_cabac%_%no_weightb%_%rc_lookahead%_%rc_lookahead_60%_%ref%_%ref_9%_%root%_%;604.4833;605.9417
no_asm%_%no_fast_pskip%_%no_weightb%_%rc_lookahead%_%rc_lookahead_60%_%ref%_%ref_9%_%root%_%;741.8867;735.3411
no_asm%_%no_cabac%_%no_fast_pskip%_%no_weightb%_%rc_lookahead%_%rc_lookahead_60%_%ref%_%ref_9%_%root%_%;731.41;732.7478
no_asm%_%no_mixed_refs%_%rc_lookahead%_%rc_lookahead_60%_%ref%_%ref_9%_%root%_%;511.5067;510.5758
no_asm%_%no_fast_pskip%_%no_mixed_refs%_%rc_lookahead%_%rc_lookahead_60%_%ref%_%ref_9%_%root%_%;632.9433;630.3369
no_asm%_%no_mixed_refs%_%no_weightb%_%rc_lookahead%_%rc_lookahead_60%_%ref%_%ref_9%_%root%_%;511.7333;510.6714
no_asm%_%no_fast_pskip%_%no_mixed_refs%_%no_weightb%_%rc_lookahead%_%rc_lookahead_60%_%ref%_%ref_9%_%root%_%;632.8267;627.93
no_asm%_%no_cabac%_%no_mixed_refs%_%rc_lookahead%_%rc_lookahead_60%_%ref%_%ref_9%_%root%_%;509.8933;509.2561
no_8x8dct%_%no_asm%_%no_cabac%_%no_mbtree%_%no_weightb%_%rc_lookahead%_%rc_lookahead_20%_%ref%_%ref_1%_%root%_%;275.9267;477.9292
no_asm%_%no_cabac%_%no_mixed_refs%_%no_weightb%_%rc_lookahead%_%rc_lookahead_60%_%ref%_%ref_9%_%root%_%;509.4733;509.1836
no_asm%_%no_cabac%_%no_fast_pskip%_%no_mixed_refs%_%rc_lookahead%_%rc_lookahead_60%_%ref%_%ref_9%_%root%_%;629.3367;628.8894
no_asm%_%no_cabac%_%no_fast_pskip%_%no_mixed_refs%_%no_weightb%_%rc_lookahead%_%rc_lookahead_60%_%ref%_%ref_9%_%root%_%;629.3967;626.7417
no_asm%_%no_mbtree%_%rc_lookahead%_%rc_lookahead_60%_%ref%_%ref_9%_%root%_%;721.8733;721.745
no_asm%_%no_fast_pskip%_%no_mbtree%_%rc_lookahead%_%rc_lookahead_60%_%ref%_%ref_9%_%root%_%;817.99;811.615
no_asm%_%no_cabac%_%no_mbtree%_%rc_lookahead%_%rc_lookahead_60%_%ref%_%ref_9%_%root%_%;712.87;714.3489
no_asm%_%no_cabac%_%no_fast_pskip%_%no_mbtree%_%rc_lookahead%_%rc_lookahead_60%_%ref%_%ref_9%_%root%_%;807.4367;811.615
no_asm%_%no_mbtree%_%no_mixed_refs%_%rc_lookahead%_%rc_lookahead_60%_%ref%_%ref_9%_%root%_%;580.74;572.5022
no_asm%_%no_cabac%_%no_mbtree%_%no_mixed_refs%_%rc_lookahead%_%rc_lookahead_60%_%ref%_%ref_9%_%root%_%;576.48;572.5022
no_asm%_%no_fast_pskip%_%no_mbtree%_%no_mixed_refs%_%rc_lookahead%_%rc_lookahead_60%_%ref%_%ref_9%_%root%_%;672.6;671.1317
no_8x8dct%_%no_asm%_%no_cabac%_%no_deblock%_%no_mbtree%_%no_weightb%_%rc_lookahead%_%rc_lookahead_20%_%ref%_%ref_1%_%root%_%;275.4333;477.9025
no_asm%_%no_cabac%_%no_fast_pskip%_%no_mbtree%_%no_mixed_refs%_%rc_lookahead%_%rc_lookahead_60%_%ref%_%ref_9%_%root%_%;666.6867;666.4008
no_asm%_%no_mbtree%_%no_weightb%_%rc_lookahead%_%rc_lookahead_60%_%ref%_%ref_9%_%root%_%;721.8667;722.3261
no_asm%_%no_fast_pskip%_%no_mbtree%_%no_weightb%_%rc_lookahead%_%rc_lookahead_60%_%ref%_%ref_9%_%root%_%;817.3533;798.02
no_asm%_%no_mbtree%_%no_mixed_refs%_%no_weightb%_%rc_lookahead%_%rc_lookahead_60%_%ref%_%ref_9%_%root%_%;580.6067;572.2828
no_asm%_%no_fast_pskip%_%no_mbtree%_%no_mixed_refs%_%no_weightb%_%rc_lookahead%_%rc_lookahead_60%_%ref%_%ref_9%_%root%_%;672.2067;671.1747
no_asm%_%no_cabac%_%no_mbtree%_%no_weightb%_%rc_lookahead%_%rc_lookahead_60%_%ref%_%ref_9%_%root%_%;712.7267;714.3489
no_asm%_%no_cabac%_%no_mbtree%_%no_mixed_refs%_%no_weightb%_%rc_lookahead%_%rc_lookahead_60%_%ref%_%ref_9%_%root%_%;576.2467;572.2828
no_asm%_%no_cabac%_%no_fast_pskip%_%no_mbtree%_%no_weightb%_%rc_lookahead%_%rc_lookahead_60%_%ref%_%ref_9%_%root%_%;806.9233;798.02
no_asm%_%no_cabac%_%no_fast_pskip%_%no_mbtree%_%no_mixed_refs%_%no_weightb%_%rc_lookahead%_%rc_lookahead_60%_%ref%_%ref_9%_%root%_%;666.33;666.3992
no_asm%_%no_deblock%_%rc_lookahead%_%rc_lookahead_60%_%ref%_%ref_9%_%root%_%;617.42;601.8211
no_8x8dct%_%no_asm%_%no_cabac%_%no_fast_pskip%_%no_mbtree%_%rc_lookahead%_%rc_lookahead_20%_%ref%_%ref_1%_%root%_%;279.79;664.9092
no_asm%_%no_deblock%_%no_fast_pskip%_%rc_lookahead%_%rc_lookahead_60%_%ref%_%ref_9%_%root%_%;745.5967;737.1783
no_asm%_%no_cabac%_%no_deblock%_%rc_lookahead%_%rc_lookahead_60%_%ref%_%ref_9%_%root%_%;607.9267;599.3125
no_asm%_%no_cabac%_%no_deblock%_%no_fast_pskip%_%rc_lookahead%_%rc_lookahead_60%_%ref%_%ref_9%_%root%_%;734.21;734.9183
no_asm%_%no_deblock%_%no_weightb%_%rc_lookahead%_%rc_lookahead_60%_%ref%_%ref_9%_%root%_%;616.96;609.6503
no_asm%_%no_cabac%_%no_deblock%_%no_weightb%_%rc_lookahead%_%rc_lookahead_60%_%ref%_%ref_9%_%root%_%;607.7;607.4833
no_asm%_%no_deblock%_%no_fast_pskip%_%no_weightb%_%rc_lookahead%_%rc_lookahead_60%_%ref%_%ref_9%_%root%_%;745.4433;736.0078
no_asm%_%no_cabac%_%no_deblock%_%no_fast_pskip%_%no_weightb%_%rc_lookahead%_%rc_lookahead_60%_%ref%_%ref_9%_%root%_%;733.7633;733.7478
no_asm%_%no_deblock%_%no_mbtree%_%rc_lookahead%_%rc_lookahead_60%_%ref%_%ref_9%_%root%_%;726.9167;724.95
no_asm%_%no_deblock%_%no_fast_pskip%_%no_mbtree%_%rc_lookahead%_%rc_lookahead_60%_%ref%_%ref_9%_%root%_%;821.76;811.315
no_asm%_%no_deblock%_%no_mbtree%_%no_weightb%_%rc_lookahead%_%rc_lookahead_60%_%ref%_%ref_9%_%root%_%;726.6;725.4522
no_8x8dct%_%no_asm%_%no_cabac%_%no_fast_pskip%_%no_mbtree%_%no_weightb%_%rc_lookahead%_%rc_lookahead_20%_%ref%_%ref_1%_%root%_%;279.7767;654.3767
no_asm%_%no_deblock%_%no_fast_pskip%_%no_mbtree%_%no_weightb%_%rc_lookahead%_%rc_lookahead_60%_%ref%_%ref_9%_%root%_%;821.51;797.72
no_asm%_%no_cabac%_%no_deblock%_%no_mbtree%_%rc_lookahead%_%rc_lookahead_60%_%ref%_%ref_9%_%root%_%;715.8267;717.4236
no_asm%_%no_cabac%_%no_deblock%_%no_mbtree%_%no_weightb%_%rc_lookahead%_%rc_lookahead_60%_%ref%_%ref_9%_%root%_%;715.7467;717.4236
no_asm%_%no_cabac%_%no_deblock%_%no_fast_pskip%_%no_mbtree%_%rc_lookahead%_%rc_lookahead_60%_%ref%_%ref_9%_%root%_%;809.8067;811.315
no_asm%_%no_cabac%_%no_deblock%_%no_fast_pskip%_%no_mbtree%_%no_weightb%_%rc_lookahead%_%rc_lookahead_60%_%ref%_%ref_9%_%root%_%;809.53;797.72
no_asm%_%no_deblock%_%no_mixed_refs%_%rc_lookahead%_%rc_lookahead_60%_%ref%_%ref_9%_%root%_%;510.8367;510.0828
no_asm%_%no_deblock%_%no_fast_pskip%_%no_mixed_refs%_%rc_lookahead%_%rc_lookahead_60%_%ref%_%ref_9%_%root%_%;631.7367;630.0228
no_asm%_%no_cabac%_%no_deblock%_%no_mixed_refs%_%rc_lookahead%_%rc_lookahead_60%_%ref%_%ref_9%_%root%_%;508.7667;508.4556
no_asm%_%no_cabac%_%no_deblock%_%no_fast_pskip%_%no_mixed_refs%_%rc_lookahead%_%rc_lookahead_60%_%ref%_%ref_9%_%root%_%;628.15;628.1347
no_asm%_%no_deblock%_%no_mbtree%_%no_mixed_refs%_%rc_lookahead%_%rc_lookahead_60%_%ref%_%ref_9%_%root%_%;580.4767;572.3978
no_8x8dct%_%no_asm%_%no_cabac%_%no_deblock%_%no_fast_pskip%_%no_mbtree%_%rc_lookahead%_%rc_lookahead_20%_%ref%_%ref_1%_%root%_%;279.15;667.2992
no_asm%_%no_cabac%_%no_deblock%_%no_mbtree%_%no_mixed_refs%_%rc_lookahead%_%rc_lookahead_60%_%ref%_%ref_9%_%root%_%;575.6633;572.3978
no_asm%_%no_deblock%_%no_fast_pskip%_%no_mbtree%_%no_mixed_refs%_%rc_lookahead%_%rc_lookahead_60%_%ref%_%ref_9%_%root%_%;671.7467;670.8594
no_asm%_%no_cabac%_%no_deblock%_%no_fast_pskip%_%no_mbtree%_%no_mixed_refs%_%rc_lookahead%_%rc_lookahead_60%_%ref%_%ref_9%_%root%_%;665.2;665.6967
no_asm%_%no_deblock%_%no_mixed_refs%_%no_weightb%_%rc_lookahead%_%rc_lookahead_60%_%ref%_%ref_9%_%root%_%;510.89;510.2406
no_asm%_%no_deblock%_%no_fast_pskip%_%no_mixed_refs%_%no_weightb%_%rc_lookahead%_%rc_lookahead_60%_%ref%_%ref_9%_%root%_%;631.5833;627.6375
no_asm%_%no_deblock%_%no_mbtree%_%no_mixed_refs%_%no_weightb%_%rc_lookahead%_%rc_lookahead_60%_%ref%_%ref_9%_%root%_%;580.41;572.1956
no_asm%_%no_deblock%_%no_fast_pskip%_%no_mbtree%_%no_mixed_refs%_%no_weightb%_%rc_lookahead%_%rc_lookahead_60%_%ref%_%ref_9%_%root%_%;671.55;670.9025
no_asm%_%no_cabac%_%no_deblock%_%no_mixed_refs%_%no_weightb%_%rc_lookahead%_%rc_lookahead_60%_%ref%_%ref_9%_%root%_%;508.6067;508.3428
no_asm%_%no_cabac%_%no_deblock%_%no_mbtree%_%no_mixed_refs%_%no_weightb%_%rc_lookahead%_%rc_lookahead_60%_%ref%_%ref_9%_%root%_%;575.5533;572.1956
no_asm%_%no_cabac%_%no_deblock%_%no_fast_pskip%_%no_mixed_refs%_%no_weightb%_%rc_lookahead%_%rc_lookahead_60%_%ref%_%ref_9%_%root%_%;627.8133;626.135
no_8x8dct%_%no_asm%_%no_cabac%_%no_deblock%_%no_fast_pskip%_%no_mbtree%_%no_weightb%_%rc_lookahead%_%rc_lookahead_20%_%ref%_%ref_1%_%root%_%;279.15;656.7667
no_asm%_%no_cabac%_%no_deblock%_%no_fast_pskip%_%no_mbtree%_%no_mixed_refs%_%no_weightb%_%rc_lookahead%_%rc_lookahead_60%_%ref%_%ref_9%_%root%_%;665.1667;665.6808
no_8x8dct%_%no_asm%_%rc_lookahead%_%rc_lookahead_60%_%ref%_%ref_9%_%root%_%;588.54;579.5808
no_8x8dct%_%no_asm%_%no_fast_pskip%_%rc_lookahead%_%rc_lookahead_60%_%ref%_%ref_9%_%root%_%;713.5767;712.1042
no_8x8dct%_%no_asm%_%no_cabac%_%rc_lookahead%_%rc_lookahead_60%_%ref%_%ref_9%_%root%_%;581.8133;575.5075
no_8x8dct%_%no_asm%_%no_cabac%_%no_fast_pskip%_%rc_lookahead%_%rc_lookahead_60%_%ref%_%ref_9%_%root%_%;706.2467;708.6319
no_8x8dct%_%no_asm%_%no_weightb%_%rc_lookahead%_%rc_lookahead_60%_%ref%_%ref_9%_%root%_%;588.2;586.8178
no_8x8dct%_%no_asm%_%no_cabac%_%no_weightb%_%rc_lookahead%_%rc_lookahead_60%_%ref%_%ref_9%_%root%_%;581.7167;582.3222
no_8x8dct%_%no_asm%_%no_fast_pskip%_%no_weightb%_%rc_lookahead%_%rc_lookahead_60%_%ref%_%ref_9%_%root%_%;712.9533;713.4706
no_8x8dct%_%no_asm%_%no_cabac%_%no_fast_pskip%_%no_weightb%_%rc_lookahead%_%rc_lookahead_60%_%ref%_%ref_9%_%root%_%;706.0633;710.0978
no_8x8dct%_%no_asm%_%no_mixed_refs%_%rc_lookahead%_%rc_lookahead_60%_%ref%_%ref_9%_%root%_%;499.27;495.2653
no_8x8dct%_%no_asm%_%no_mixed_refs%_%rc_lookahead%_%rc_lookahead_20%_%ref%_%ref_1%_%root%_%;254.82;327.6103
no_8x8dct%_%no_asm%_%no_fast_pskip%_%no_mixed_refs%_%rc_lookahead%_%rc_lookahead_60%_%ref%_%ref_9%_%root%_%;617.2067;615.7658
no_8x8dct%_%no_asm%_%no_mixed_refs%_%no_weightb%_%rc_lookahead%_%rc_lookahead_60%_%ref%_%ref_9%_%root%_%;498.8267;497.1781
no_8x8dct%_%no_asm%_%no_fast_pskip%_%no_mixed_refs%_%no_weightb%_%rc_lookahead%_%rc_lookahead_60%_%ref%_%ref_9%_%root%_%;616.97;613.8528
no_8x8dct%_%no_asm%_%no_cabac%_%no_mixed_refs%_%rc_lookahead%_%rc_lookahead_60%_%ref%_%ref_9%_%root%_%;493.96;494.3417
no_8x8dct%_%no_asm%_%no_cabac%_%no_mixed_refs%_%no_weightb%_%rc_lookahead%_%rc_lookahead_60%_%ref%_%ref_9%_%root%_%;493.5433;496.2792
no_8x8dct%_%no_asm%_%no_cabac%_%no_fast_pskip%_%no_mixed_refs%_%rc_lookahead%_%rc_lookahead_60%_%ref%_%ref_9%_%root%_%;611.6;615.2042
no_8x8dct%_%no_asm%_%no_cabac%_%no_fast_pskip%_%no_mixed_refs%_%no_weightb%_%rc_lookahead%_%rc_lookahead_60%_%ref%_%ref_9%_%root%_%;611.4333;613.5719
no_8x8dct%_%no_asm%_%no_deblock%_%rc_lookahead%_%rc_lookahead_60%_%ref%_%ref_9%_%root%_%;590.55;578.9175
no_8x8dct%_%no_asm%_%no_deblock%_%no_fast_pskip%_%rc_lookahead%_%rc_lookahead_60%_%ref%_%ref_9%_%root%_%;715.7367;712.3436
no_8x8dct%_%no_asm%_%no_cabac%_%no_deblock%_%rc_lookahead%_%rc_lookahead_60%_%ref%_%ref_9%_%root%_%;584.9767;576.2475
no_8x8dct%_%no_asm%_%no_deblock%_%no_mixed_refs%_%rc_lookahead%_%rc_lookahead_20%_%ref%_%ref_1%_%root%_%;254.11;327.5294
no_8x8dct%_%no_asm%_%no_cabac%_%no_deblock%_%no_fast_pskip%_%rc_lookahead%_%rc_lookahead_60%_%ref%_%ref_9%_%root%_%;707.5967;709.2306
no_8x8dct%_%no_asm%_%no_deblock%_%no_mixed_refs%_%rc_lookahead%_%rc_lookahead_60%_%ref%_%ref_9%_%root%_%;497.8033;495.1844
no_8x8dct%_%no_asm%_%no_cabac%_%no_deblock%_%no_mixed_refs%_%rc_lookahead%_%rc_lookahead_60%_%ref%_%ref_9%_%root%_%;493.0067;494.2558
no_8x8dct%_%no_asm%_%no_deblock%_%no_fast_pskip%_%no_mixed_refs%_%rc_lookahead%_%rc_lookahead_60%_%ref%_%ref_9%_%root%_%;615.9;615.7658
no_8x8dct%_%no_asm%_%no_cabac%_%no_deblock%_%no_fast_pskip%_%no_mixed_refs%_%rc_lookahead%_%rc_lookahead_60%_%ref%_%ref_9%_%root%_%;609.8867;614.9731
no_8x8dct%_%no_asm%_%no_deblock%_%no_weightb%_%rc_lookahead%_%rc_lookahead_60%_%ref%_%ref_9%_%root%_%;590.8367;586.1822
no_8x8dct%_%no_asm%_%no_deblock%_%no_fast_pskip%_%no_weightb%_%rc_lookahead%_%rc_lookahead_60%_%ref%_%ref_9%_%root%_%;715.5833;714.0231
no_8x8dct%_%no_asm%_%no_deblock%_%no_mixed_refs%_%no_weightb%_%rc_lookahead%_%rc_lookahead_60%_%ref%_%ref_9%_%root%_%;497.37;497.1081
no_8x8dct%_%no_asm%_%no_deblock%_%no_fast_pskip%_%no_mixed_refs%_%no_weightb%_%rc_lookahead%_%rc_lookahead_60%_%ref%_%ref_9%_%root%_%;616.1333;613.8528
no_8x8dct%_%no_asm%_%no_cabac%_%no_deblock%_%no_weightb%_%rc_lookahead%_%rc_lookahead_60%_%ref%_%ref_9%_%root%_%;583.8467;583.0483
no_8x8dct%_%no_asm%_%no_fast_pskip%_%no_mixed_refs%_%rc_lookahead%_%rc_lookahead_20%_%ref%_%ref_1%_%root%_%;261.2033;528.9717
no_8x8dct%_%no_asm%_%no_cabac%_%no_deblock%_%no_mixed_refs%_%no_weightb%_%rc_lookahead%_%rc_lookahead_60%_%ref%_%ref_9%_%root%_%;492.4267;496.1653
no_8x8dct%_%no_asm%_%no_cabac%_%no_deblock%_%no_fast_pskip%_%no_weightb%_%rc_lookahead%_%rc_lookahead_60%_%ref%_%ref_9%_%root%_%;707.4933;710.9486
no_8x8dct%_%no_asm%_%no_cabac%_%no_deblock%_%no_fast_pskip%_%no_mixed_refs%_%no_weightb%_%rc_lookahead%_%rc_lookahead_60%_%ref%_%ref_9%_%root%_%;609.6967;613.4456
no_8x8dct%_%no_asm%_%no_mbtree%_%rc_lookahead%_%rc_lookahead_60%_%ref%_%ref_9%_%root%_%;687.4733;688.5633
no_8x8dct%_%no_asm%_%no_fast_pskip%_%no_mbtree%_%rc_lookahead%_%rc_lookahead_60%_%ref%_%ref_9%_%root%_%;781.1633;793.6125
no_8x8dct%_%no_asm%_%no_cabac%_%no_mbtree%_%rc_lookahead%_%rc_lookahead_60%_%ref%_%ref_9%_%root%_%;680.5633;685.3261
no_8x8dct%_%no_asm%_%no_cabac%_%no_fast_pskip%_%no_mbtree%_%rc_lookahead%_%rc_lookahead_60%_%ref%_%ref_9%_%root%_%;773.4367;793.6125
no_8x8dct%_%no_asm%_%no_mbtree%_%no_weightb%_%rc_lookahead%_%rc_lookahead_60%_%ref%_%ref_9%_%root%_%;687.0333;687.9897
no_8x8dct%_%no_asm%_%no_cabac%_%no_mbtree%_%no_weightb%_%rc_lookahead%_%rc_lookahead_60%_%ref%_%ref_9%_%root%_%;680.7267;684.9153
no_8x8dct%_%no_asm%_%no_fast_pskip%_%no_mbtree%_%no_weightb%_%rc_lookahead%_%rc_lookahead_60%_%ref%_%ref_9%_%root%_%;780.79;780.0175
