Current machine learning settings: epsilon:0 lossFunction:RELATIVE parallelization:True bagging:False baggingNumbers:3 considerEpsilonTube:False baggingTestDataFraction:50 useBackward:False abortError:1 limitFeatureSize:False featureSizeTreshold:4 quadraticFunctionSupport:True crossValidation:False crossValidation-k:5 learn-logFunction:False learn-accumulatedLogFunction:False learn-asymFunction:False learn-ratioFunction:False learn-mirrowedFunction:False learn-numeric-disabled:True numberOfRounds:70 backwardErrorDelta:1 minImprovementPerRound:0.1 withHierarchy:False bruteForceCandidates:False ignoreBadFeatures:False stopOnLongRound:True candidateSizePenalty:True learnTimeLimit:00:00:00 scoreMeasure:RELERROR outputRoundsToStdout:False debug:False pythonInfluenceAnalysis:False blacklisted: 
command: solver z3
command: vm /scratch/kallistos/Distance-Based_Data/SupplementaryWebsite/MeasuredPerformanceValues/x264/FeatureModel.xml
Warning: Variability model contains outdated notation. Children nodes will no longer have effect on the model. Instead use the parent node to describe the parent of an configuration option. You can also use the converter providedby the Variability Model GUI in export>convert legacy model.
command: all /scratch/kallistos/Distance-Based_Data/SupplementaryWebsite/MeasuredPerformanceValues/x264/measurements.xml
Configs with too large deviation: 0
1152 configurations loaded.
command: nfp Performance
command: setsampleset /scratch/kallistos/Distance-Based_Data/Results/x264/x264_90/sampledConfigurations_divDistBased_t3.csv
command: learn-splconqueror-opt abortError=[1] minImprovementPerRound=[0.1,0.2,0.5] lossFunction=[RELATIVE] quadraticFunctionSupport=[True,False] learn_logFunction=[True,False] learn_asymFunction=[True,False] learn_ratioFunction=[True,False] withHierarchy=[False] useBackward=[False]
Learning: NumberOfConfigurationsLearning:212 NumberOfConfigurationsValidation:212
Learning progress:
1;553.103559322035 * no_asm + -270.779899191315 * ref_1;13.1663200408942;13.1663200408942;13.1663200408942;13.1663200408942;0.007625;2;-270.779899191315 * ref_1;1;21.6433807606272;
2;644.431111111112 * no_asm + -362.107450980392 * ref_1 + -176.666411657559 * ref_5;7.02483018113129;7.02483018113129;7.02483018113129;7.02483018113129;0.026831;3;-176.666411657559 * ref_5;1;6.14148985976288;
3;623.57217684745 * no_asm + -362.563192401278 * ref_1 + -179.19683974856 * ref_5 + 33.9702643722492 * no_mbtree;4.98253825883735;4.98253825883735;4.98253825883735;4.98253825883735;0.061238;4;33.9702643722492 * no_mbtree;1;2.04229192229394;
4;630.197189223161 * no_asm + -360.143918921774 * ref_1 + -177.881166408876 * ref_5 + 41.0272340120818 * no_mbtree + -31.230982140483 * no_8x8dct;4.333644361999;4.333644361999;4.333644361999;4.333644361999;0.12028;5;-31.230982140483 * no_8x8dct;1;0.648893896838348;
5;630.117489101377 * no_asm + -360.166597109125 * ref_1 + -175.195453699139 * ref_5 + 40.9927576843886 * no_mbtree + -30.9435032199361 * no_8x8dct + -7.16111891807436 * ref_5 * rc_lookahead_20;4.25328339869661;4.25328339869661;4.25328339869661;4.25328339869661;0.200306;7;-7.16111891807436 * ref_5 * rc_lookahead_20;2;0.0401804816511953;
Elapsed=00:00:00.2011065
Learning progress:
1;557.193045977012 * no_asm + -274.214178052484 * ref_1;14.9819942639837;14.9819942639837;14.9819942639837;14.9819942639837;0.008899;2;-274.214178052484 * ref_1;1;17.2646178292558;
2;466.793090909092 * no_asm + -183.814222984563 * ref_1 + 171.908111276701 * ref_9;7.434719392002;7.434719392002;7.434719392002;7.434719392002;0.027028;3;171.908111276701 * ref_9;1;7.54727487198173;
3;441.537777150209 * no_asm + -184.018443850537 * ref_1 + 171.789819408978 * ref_9 + 39.6869216211019 * no_mbtree;5.73066180807923;5.73066180807923;5.73066180807923;5.73066180807923;0.059694;4;39.6869216211019 * no_mbtree;1;1.70405758392277;
4;444.404061122899 * no_asm + -180.534296953939 * ref_1 + 173.745866213985 * ref_9 + 48.1690533476572 * no_mbtree + -28.4075143079629 * no_8x8dct;4.69525691749287;4.69525691749287;4.69525691749287;4.69525691749287;0.116663;5;-28.4075143079629 * no_8x8dct;1;1.03540489058636;
5;442.895103137019 * no_asm + -181.000652508457 * ref_1 + 174.057265812369 * ref_9 + 82.9039658360087 * no_mbtree + -19.0018741569567 * no_8x8dct + -51.3287796114002 * no_mbtree * no_mixed_refs;4.23035906617268;4.23035906617268;4.23035906617268;4.23035906617268;0.198642;7;-51.3287796114002 * no_mbtree * no_mixed_refs;2;0.232448925660094;
6;442.34038384101 * no_asm + -181.207632098977 * ref_1 + 176.016234256941 * ref_9 + 69.8473962279836 * no_mbtree + -19.534555807375 * no_8x8dct + -66.5153773634544 * no_mbtree * no_mixed_refs + 38.0729281638872 * no_mbtree * no_fast_pskip;3.40391794832594;3.40391794832594;3.40391794832594;3.40391794832594;0.32714;9;38.0729281638872 * no_mbtree * no_fast_pskip;2;0.413220558923373;
7;445.001433037198 * no_asm + -181.020835847317 * ref_1 + 175.98693773143 * ref_9 + 69.7830901868168 * no_mbtree + -19.3115105253599 * no_8x8dct + -65.844930516407 * no_mbtree * no_mixed_refs + 37.4242380305577 * no_mbtree * no_fast_pskip + -5.98068067885147 * no_cabac;3.19491181975358;3.19491181975358;3.19491181975358;3.19491181975358;0.512009;10;-5.98068067885147 * no_cabac;1;0.209006128572359;
8;451.27298100522 * no_asm + -180.987662903948 * ref_1 + 159.122503014364 * ref_9 + 60.0398663937938 * no_mbtree + -19.0498338149535 * no_8x8dct + -66.4493937820156 * no_mbtree * no_mixed_refs + 38.3029902799694 * no_mbtree * no_fast_pskip + -6.50903479677834 * no_cabac + 26.4745379553529 * ref_9 * no_mbtree;3.05314833881488;3.05314833881488;3.05314833881488;3.05314833881488;0.733084;12;26.4745379553529 * ref_9 * no_mbtree;2;0.0708817404693494;
Elapsed=00:00:00.7343572
Learning progress:
1;547.398220338983 * no_asm + -260.874566492829 * ref_1;11.3989391836158;11.3989391836158;11.3989391836158;11.3989391836158;0.00952;2;-260.874566492829 * ref_1;1;26.0798188735025;
2;462.968279569893 * no_asm + -176.444625723739 * ref_1 + 177.905946620584 * ref_9;7.08449903216945;7.08449903216945;7.08449903216945;7.08449903216945;0.027679;3;177.905946620584 * ref_9;1;4.31444015144636;
3;436.944140277197 * no_asm + -176.398070912839 * ref_1 + 177.797872952424 * ref_9 + 37.5231775848176 * no_mbtree;4.67683171670858;4.67683171670858;4.67683171670858;4.67683171670858;0.062294;4;37.5231775848176 * no_mbtree;1;2.40766731546087;
4;441.492397611921 * no_asm + -176.406207330254 * ref_1 + 155.356148975437 * ref_9 + 30.9652251487038 * no_mbtree + 48.3767029605835 * ref_9 * no_fast_pskip;4.58110121271222;4.58110121271222;4.58110121271222;4.58110121271222;0.118996;6;48.3767029605835 * ref_9 * no_fast_pskip;2;0.0478652519981821;
Elapsed=00:00:00.1196469
Learning progress:
1;544.251415929205 * no_asm + -260.489603063708 * ref_1;11.9142407250952;11.9142407250952;11.9142407250952;11.9142407250952;0.007723;2;-260.489603063708 * ref_1;1;19.2490369889813;
2;466.054270833334 * no_asm + -182.292457967836 * ref_1 + 180.3321917517 * ref_9;6.81366987336272;6.81366987336272;6.81366987336272;6.81366987336272;0.027092;3;180.3321917517 * ref_9;1;5.10057085173243;
3;466.054270833334 * no_asm + -182.292457967836 * ref_1 + 152.2090625 * ref_9 + 43.0635416666671 * ref_9 * no_mbtree;6.02255582595109;6.02255582595109;6.02255582595109;6.02255582595109;0.061379;5;43.0635416666671 * ref_9 * no_mbtree;2;0.395557023705817;
4;466.054270833334 * no_asm + -182.292457967836 * ref_1 + 171.78885228979 * ref_9 + 113.632367367367 * ref_9 * no_mbtree + -110.952142142142 * ref_9 * no_mixed_refs;5.63623409970869;5.63623409970869;5.63623409970869;5.63623409970869;0.117672;7;-110.952142142142 * ref_9 * no_mixed_refs;2;0.193160863121197;
5;466.054270833334 * no_asm + -182.292457967837 * ref_1 + 152.171801400403 * ref_9 + 79.2900492709354 * ref_9 * no_mbtree + -132.76550407258 * ref_9 * no_mixed_refs + 99.7324877277191 * ref_9 * no_fast_pskip;3.93391177244995;3.93391177244995;3.93391177244995;3.93391177244995;0.199407;9;99.7324877277191 * ref_9 * no_fast_pskip;2;0.851161163629369;
6;466.054270833333 * no_asm + -182.292457967836 * ref_1 + 157.447630054011 * ref_9 + 87.0859576310694 * ref_9 * no_mbtree + -131.88682674437 * ref_9 * no_mixed_refs + 97.3577248372555 * ref_9 * no_fast_pskip + -27.6086891780362 * ref_9 * no_8x8dct;3.60656836558722;3.60656836558722;3.60656836558722;3.60656836558722;0.311882;11;-27.6086891780362 * ref_9 * no_8x8dct;2;0.163671703431367;
7;466.054270833334 * no_asm + -182.292457967836 * ref_1 + 150.856331830669 * ref_9 + 96.8493936035616 * ref_9 * no_mbtree + -125.978409120925 * ref_9 * no_mixed_refs + 119.881897335998 * ref_9 * no_fast_pskip + -26.198646867529 * ref_9 * no_8x8dct + -34.4749489565449 * ref_9 * no_mbtree * no_fast_pskip;3.40348709055927;3.40348709055927;3.40348709055927;3.40348709055927;0.462666;14;-34.4749489565449 * ref_9 * no_mbtree * no_fast_pskip;3;0.0676937583426513;
Elapsed=00:00:00.4635322
Learning progress:
1;545.495615615616 * no_asm + -260.822395276632 * ref_1;15.5654986392619;15.5654986392619;15.5654986392619;15.5654986392619;0.00822;2;-260.822395276632 * ref_1;1;14.3234821886974;
2;470.554408602151 * no_asm + -185.881188263168 * ref_1 + 169.764775071319 * ref_9;7.90505506538216;7.90505506538216;7.90505506538216;7.90505506538216;0.027324;3;169.764775071319 * ref_9;1;7.66044357387977;
3;450.232904927533 * no_asm + -186.914485060182 * ref_1 + 173.21217301612 * ref_9 + 39.3729133695733 * no_fast_pskip;6.40743841329607;6.40743841329607;6.40743841329607;6.40743841329607;0.060703;4;39.3729133695733 * no_fast_pskip;1;1.49761665208609;
4;455.603780305189 * no_asm + -185.948327928839 * ref_1 + 173.500640364265 * ref_9 + 41.7451687679454 * no_fast_pskip + -20.4453223081293 * no_8x8dct;5.6087269770155;5.6087269770155;5.6087269770155;5.6087269770155;0.116928;5;-20.4453223081293 * no_8x8dct;1;0.798711436280574;
5;462.866471715946 * no_asm + -186.535774119725 * ref_1 + 173.287790276054 * ref_9 + 41.6750033217329 * no_fast_pskip + -21.1506387932518 * no_8x8dct + -14.4645081161909 * no_cabac;5.3659216661428;5.3659216661428;5.3659216661428;5.3659216661428;0.198135;6;-14.4645081161909 * no_cabac;1;0.2428053108727;
6;456.913453975058 * no_asm + -168.394261224118 * ref_1 + 174.329968253703 * ref_9 + 53.5491929291136 * no_fast_pskip + -21.7208762012931 * no_8x8dct + -14.447248760867 * no_cabac + -33.9687125570654 * ref_1 * no_fast_pskip;5.20189507902343;5.20189507902343;5.20189507902343;5.20189507902343;0.313051;8;-33.9687125570654 * ref_1 * no_fast_pskip;2;0.0820132935596862;
Elapsed=00:00:00.3139508
Learning progress:
1;553.103559322035 * no_asm + -270.779899191315 * ref_1;13.1663200408942;13.1663200408942;13.1663200408942;13.1663200408942;0.00947;2;-270.779899191315 * ref_1;1;21.6433807606272;
2;644.431111111112 * no_asm + -362.107450980392 * ref_1 + -176.666411657559 * ref_5;7.02483018113129;7.02483018113129;7.02483018113129;7.02483018113129;0.030641;3;-176.666411657559 * ref_5;1;6.14148985976288;
3;623.57217684745 * no_asm + -362.563192401278 * ref_1 + -179.19683974856 * ref_5 + 33.9702643722492 * no_mbtree;4.98253825883735;4.98253825883735;4.98253825883735;4.98253825883735;0.064597;4;33.9702643722492 * no_mbtree;1;2.04229192229394;
4;630.197189223161 * no_asm + -360.143918921774 * ref_1 + -177.881166408876 * ref_5 + 41.0272340120818 * no_mbtree + -31.230982140483 * no_8x8dct;4.333644361999;4.333644361999;4.333644361999;4.333644361999;0.125145;5;-31.230982140483 * no_8x8dct;1;0.648893896838348;
5;630.117489101377 * no_asm + -360.166597109125 * ref_1 + -175.195453699139 * ref_5 + 40.9927576843886 * no_mbtree + -30.9435032199361 * no_8x8dct + -7.16111891807436 * ref_5 * rc_lookahead_20;4.25328339869661;4.25328339869661;4.25328339869661;4.25328339869661;0.20783;7;-7.16111891807436 * ref_5 * rc_lookahead_20;2;0.0401804816511953;
Elapsed=00:00:00.2086322
Learning progress:
1;557.193045977012 * no_asm + -274.214178052484 * ref_1;14.9819942639837;14.9819942639837;14.9819942639837;14.9819942639837;0.00794;2;-274.214178052484 * ref_1;1;17.2646178292558;
2;466.793090909092 * no_asm + -183.814222984563 * ref_1 + 171.908111276701 * ref_9;7.434719392002;7.434719392002;7.434719392002;7.434719392002;0.027839;3;171.908111276701 * ref_9;1;7.54727487198173;
3;441.537777150209 * no_asm + -184.018443850537 * ref_1 + 171.789819408978 * ref_9 + 39.6869216211019 * no_mbtree;5.73066180807923;5.73066180807923;5.73066180807923;5.73066180807923;0.060799;4;39.6869216211019 * no_mbtree;1;1.70405758392277;
4;444.404061122899 * no_asm + -180.534296953939 * ref_1 + 173.745866213985 * ref_9 + 48.1690533476572 * no_mbtree + -28.4075143079629 * no_8x8dct;4.69525691749287;4.69525691749287;4.69525691749287;4.69525691749287;0.119532;5;-28.4075143079629 * no_8x8dct;1;1.03540489058636;
5;442.895103137019 * no_asm + -181.000652508457 * ref_1 + 174.057265812369 * ref_9 + 82.9039658360087 * no_mbtree + -19.0018741569567 * no_8x8dct + -51.3287796114002 * no_mbtree * no_mixed_refs;4.23035906617268;4.23035906617268;4.23035906617268;4.23035906617268;0.209943;7;-51.3287796114002 * no_mbtree * no_mixed_refs;2;0.232448925660094;
6;442.34038384101 * no_asm + -181.207632098977 * ref_1 + 176.016234256941 * ref_9 + 69.8473962279836 * no_mbtree + -19.534555807375 * no_8x8dct + -66.5153773634544 * no_mbtree * no_mixed_refs + 38.0729281638872 * no_mbtree * no_fast_pskip;3.40391794832594;3.40391794832594;3.40391794832594;3.40391794832594;0.335461;9;38.0729281638872 * no_mbtree * no_fast_pskip;2;0.413220558923373;
7;445.001433037198 * no_asm + -181.020835847317 * ref_1 + 175.98693773143 * ref_9 + 69.7830901868168 * no_mbtree + -19.3115105253599 * no_8x8dct + -65.844930516407 * no_mbtree * no_mixed_refs + 37.4242380305577 * no_mbtree * no_fast_pskip + -5.98068067885147 * no_cabac;3.19491181975358;3.19491181975358;3.19491181975358;3.19491181975358;0.510905;10;-5.98068067885147 * no_cabac;1;0.209006128572359;
8;451.27298100522 * no_asm + -180.987662903948 * ref_1 + 159.122503014364 * ref_9 + 60.0398663937938 * no_mbtree + -19.0498338149535 * no_8x8dct + -66.4493937820156 * no_mbtree * no_mixed_refs + 38.3029902799694 * no_mbtree * no_fast_pskip + -6.50903479677834 * no_cabac + 26.4745379553529 * ref_9 * no_mbtree;3.05314833881488;3.05314833881488;3.05314833881488;3.05314833881488;0.741926;12;26.4745379553529 * ref_9 * no_mbtree;2;0.0708817404693494;
Elapsed=00:00:00.7432121
Learning progress:
1;547.398220338983 * no_asm + -260.874566492829 * ref_1;11.3989391836158;11.3989391836158;11.3989391836158;11.3989391836158;0.00875;2;-260.874566492829 * ref_1;1;26.0798188735025;
2;462.968279569893 * no_asm + -176.444625723739 * ref_1 + 177.905946620584 * ref_9;7.08449903216945;7.08449903216945;7.08449903216945;7.08449903216945;0.02904;3;177.905946620584 * ref_9;1;4.31444015144636;
3;436.944140277197 * no_asm + -176.398070912839 * ref_1 + 177.797872952424 * ref_9 + 37.5231775848176 * no_mbtree;4.67683171670858;4.67683171670858;4.67683171670858;4.67683171670858;0.062755;4;37.5231775848176 * no_mbtree;1;2.40766731546087;
4;441.492397611921 * no_asm + -176.406207330254 * ref_1 + 155.356148975437 * ref_9 + 30.9652251487038 * no_mbtree + 48.3767029605835 * ref_9 * no_fast_pskip;4.58110121271222;4.58110121271222;4.58110121271222;4.58110121271222;0.118916;6;48.3767029605835 * ref_9 * no_fast_pskip;2;0.0478652519981821;
Elapsed=00:00:00.1195746
Learning progress:
1;544.251415929205 * no_asm + -260.489603063708 * ref_1;11.9142407250952;11.9142407250952;11.9142407250952;11.9142407250952;0.007713;2;-260.489603063708 * ref_1;1;19.2490369889813;
2;466.054270833334 * no_asm + -182.292457967836 * ref_1 + 180.3321917517 * ref_9;6.81366987336272;6.81366987336272;6.81366987336272;6.81366987336272;0.027509;3;180.3321917517 * ref_9;1;5.10057085173243;
3;466.054270833334 * no_asm + -182.292457967836 * ref_1 + 152.2090625 * ref_9 + 43.0635416666671 * ref_9 * no_mbtree;6.02255582595109;6.02255582595109;6.02255582595109;6.02255582595109;0.062555;5;43.0635416666671 * ref_9 * no_mbtree;2;0.395557023705817;
4;466.054270833334 * no_asm + -182.292457967836 * ref_1 + 171.78885228979 * ref_9 + 113.632367367367 * ref_9 * no_mbtree + -110.952142142142 * ref_9 * no_mixed_refs;5.63623409970869;5.63623409970869;5.63623409970869;5.63623409970869;0.118615;7;-110.952142142142 * ref_9 * no_mixed_refs;2;0.193160863121197;
Elapsed=00:00:00.1193324
Learning progress:
1;545.495615615616 * no_asm + -260.822395276632 * ref_1;15.5654986392619;15.5654986392619;15.5654986392619;15.5654986392619;0.009073;2;-260.822395276632 * ref_1;1;14.3234821886974;
2;470.554408602151 * no_asm + -185.881188263168 * ref_1 + 169.764775071319 * ref_9;7.90505506538216;7.90505506538216;7.90505506538216;7.90505506538216;0.02742;3;169.764775071319 * ref_9;1;7.66044357387977;
3;450.232904927533 * no_asm + -186.914485060182 * ref_1 + 173.21217301612 * ref_9 + 39.3729133695733 * no_fast_pskip;6.40743841329607;6.40743841329607;6.40743841329607;6.40743841329607;0.060983;4;39.3729133695733 * no_fast_pskip;1;1.49761665208609;
4;455.603780305189 * no_asm + -185.948327928839 * ref_1 + 173.500640364265 * ref_9 + 41.7451687679454 * no_fast_pskip + -20.4453223081293 * no_8x8dct;5.6087269770155;5.6087269770155;5.6087269770155;5.6087269770155;0.117463;5;-20.4453223081293 * no_8x8dct;1;0.798711436280574;
5;462.866471715946 * no_asm + -186.535774119725 * ref_1 + 173.287790276054 * ref_9 + 41.6750033217329 * no_fast_pskip + -21.1506387932518 * no_8x8dct + -14.4645081161909 * no_cabac;5.3659216661428;5.3659216661428;5.3659216661428;5.3659216661428;0.198229;6;-14.4645081161909 * no_cabac;1;0.2428053108727;
6;456.913453975058 * no_asm + -168.394261224118 * ref_1 + 174.329968253703 * ref_9 + 53.5491929291136 * no_fast_pskip + -21.7208762012931 * no_8x8dct + -14.447248760867 * no_cabac + -33.9687125570654 * ref_1 * no_fast_pskip;5.20189507902343;5.20189507902343;5.20189507902343;5.20189507902343;0.311762;8;-33.9687125570654 * ref_1 * no_fast_pskip;2;0.0820132935596862;
Elapsed=00:00:00.3126647
Learning progress:
1;553.103559322035 * no_asm + -270.779899191315 * ref_1;13.1663200408942;13.1663200408942;13.1663200408942;13.1663200408942;0.010237;2;-270.779899191315 * ref_1;1;21.6433807606272;
2;644.431111111112 * no_asm + -362.107450980392 * ref_1 + -176.666411657559 * ref_5;7.02483018113129;7.02483018113129;7.02483018113129;7.02483018113129;0.030001;3;-176.666411657559 * ref_5;1;6.14148985976288;
3;623.57217684745 * no_asm + -362.563192401278 * ref_1 + -179.19683974856 * ref_5 + 33.9702643722492 * no_mbtree;4.98253825883735;4.98253825883735;4.98253825883735;4.98253825883735;0.06447;4;33.9702643722492 * no_mbtree;1;2.04229192229394;
4;630.197189223161 * no_asm + -360.143918921774 * ref_1 + -177.881166408876 * ref_5 + 41.0272340120818 * no_mbtree + -31.230982140483 * no_8x8dct;4.333644361999;4.333644361999;4.333644361999;4.333644361999;0.125367;5;-31.230982140483 * no_8x8dct;1;0.648893896838348;
5;630.117489101377 * no_asm + -360.166597109125 * ref_1 + -175.195453699139 * ref_5 + 40.9927576843886 * no_mbtree + -30.9435032199361 * no_8x8dct + -7.16111891807436 * ref_5 * rc_lookahead_20;4.25328339869661;4.25328339869661;4.25328339869661;4.25328339869661;0.206652;7;-7.16111891807436 * ref_5 * rc_lookahead_20;2;0.0401804816511953;
Elapsed=00:00:00.2074621
Learning progress:
1;557.193045977012 * no_asm + -274.214178052484 * ref_1;14.9819942639837;14.9819942639837;14.9819942639837;14.9819942639837;0.009105;2;-274.214178052484 * ref_1;1;17.2646178292558;
2;466.793090909092 * no_asm + -183.814222984563 * ref_1 + 171.908111276701 * ref_9;7.434719392002;7.434719392002;7.434719392002;7.434719392002;0.02875;3;171.908111276701 * ref_9;1;7.54727487198173;
3;441.537777150209 * no_asm + -184.018443850537 * ref_1 + 171.789819408978 * ref_9 + 39.6869216211019 * no_mbtree;5.73066180807923;5.73066180807923;5.73066180807923;5.73066180807923;0.061725;4;39.6869216211019 * no_mbtree;1;1.70405758392277;
4;444.404061122899 * no_asm + -180.534296953939 * ref_1 + 173.745866213985 * ref_9 + 48.1690533476572 * no_mbtree + -28.4075143079629 * no_8x8dct;4.69525691749287;4.69525691749287;4.69525691749287;4.69525691749287;0.120147;5;-28.4075143079629 * no_8x8dct;1;1.03540489058636;
5;442.895103137019 * no_asm + -181.000652508457 * ref_1 + 174.057265812369 * ref_9 + 82.9039658360087 * no_mbtree + -19.0018741569567 * no_8x8dct + -51.3287796114002 * no_mbtree * no_mixed_refs;4.23035906617268;4.23035906617268;4.23035906617268;4.23035906617268;0.210453;7;-51.3287796114002 * no_mbtree * no_mixed_refs;2;0.232448925660094;
Elapsed=00:00:00.2114200
Learning progress:
1;547.398220338983 * no_asm + -260.874566492829 * ref_1;11.3989391836158;11.3989391836158;11.3989391836158;11.3989391836158;0.00896;2;-260.874566492829 * ref_1;1;26.0798188735025;
2;462.968279569893 * no_asm + -176.444625723739 * ref_1 + 177.905946620584 * ref_9;7.08449903216945;7.08449903216945;7.08449903216945;7.08449903216945;0.028717;3;177.905946620584 * ref_9;1;4.31444015144636;
3;436.944140277197 * no_asm + -176.398070912839 * ref_1 + 177.797872952424 * ref_9 + 37.5231775848176 * no_mbtree;4.67683171670858;4.67683171670858;4.67683171670858;4.67683171670858;0.06139;4;37.5231775848176 * no_mbtree;1;2.40766731546087;
4;441.492397611921 * no_asm + -176.406207330254 * ref_1 + 155.356148975437 * ref_9 + 30.9652251487038 * no_mbtree + 48.3767029605835 * ref_9 * no_fast_pskip;4.58110121271222;4.58110121271222;4.58110121271222;4.58110121271222;0.119836;6;48.3767029605835 * ref_9 * no_fast_pskip;2;0.0478652519981821;
Elapsed=00:00:00.1205092
Learning progress:
1;544.251415929205 * no_asm + -260.489603063708 * ref_1;11.9142407250952;11.9142407250952;11.9142407250952;11.9142407250952;0.007623;2;-260.489603063708 * ref_1;1;19.2490369889813;
2;466.054270833334 * no_asm + -182.292457967836 * ref_1 + 180.3321917517 * ref_9;6.81366987336272;6.81366987336272;6.81366987336272;6.81366987336272;0.02775;3;180.3321917517 * ref_9;1;5.10057085173243;
3;466.054270833334 * no_asm + -182.292457967836 * ref_1 + 152.2090625 * ref_9 + 43.0635416666671 * ref_9 * no_mbtree;6.02255582595109;6.02255582595109;6.02255582595109;6.02255582595109;0.062305;5;43.0635416666671 * ref_9 * no_mbtree;2;0.395557023705817;
Elapsed=00:00:00.0629079
Learning progress:
1;545.495615615616 * no_asm + -260.822395276632 * ref_1;15.5654986392619;15.5654986392619;15.5654986392619;15.5654986392619;0.008981;2;-260.822395276632 * ref_1;1;14.3234821886974;
2;470.554408602151 * no_asm + -185.881188263168 * ref_1 + 169.764775071319 * ref_9;7.90505506538216;7.90505506538216;7.90505506538216;7.90505506538216;0.026649;3;169.764775071319 * ref_9;1;7.66044357387977;
3;450.232904927533 * no_asm + -186.914485060182 * ref_1 + 173.21217301612 * ref_9 + 39.3729133695733 * no_fast_pskip;6.40743841329607;6.40743841329607;6.40743841329607;6.40743841329607;0.061822;4;39.3729133695733 * no_fast_pskip;1;1.49761665208609;
4;455.603780305189 * no_asm + -185.948327928839 * ref_1 + 173.500640364265 * ref_9 + 41.7451687679454 * no_fast_pskip + -20.4453223081293 * no_8x8dct;5.6087269770155;5.6087269770155;5.6087269770155;5.6087269770155;0.119057;5;-20.4453223081293 * no_8x8dct;1;0.798711436280574;
5;462.866471715946 * no_asm + -186.535774119725 * ref_1 + 173.287790276054 * ref_9 + 41.6750033217329 * no_fast_pskip + -21.1506387932518 * no_8x8dct + -14.4645081161909 * no_cabac;5.3659216661428;5.3659216661428;5.3659216661428;5.3659216661428;0.20113;6;-14.4645081161909 * no_cabac;1;0.2428053108727;
Elapsed=00:00:00.2019553
Learning progress:
1;553.103559322035 * no_asm + -270.779899191315 * ref_1;13.1663200408942;13.1663200408942;13.1663200408942;13.1663200408942;0.008251;2;-270.779899191315 * ref_1;1;21.6433807606272;
2;644.431111111112 * no_asm + -362.107450980392 * ref_1 + -176.666411657559 * ref_5;7.02483018113129;7.02483018113129;7.02483018113129;7.02483018113129;0.028059;3;-176.666411657559 * ref_5;1;6.14148985976288;
3;623.57217684745 * no_asm + -362.563192401278 * ref_1 + -179.19683974856 * ref_5 + 33.9702643722492 * no_mbtree;4.98253825883735;4.98253825883735;4.98253825883735;4.98253825883735;0.06361;4;33.9702643722492 * no_mbtree;1;2.04229192229394;
4;630.197189223161 * no_asm + -360.143918921774 * ref_1 + -177.881166408876 * ref_5 + 41.0272340120818 * no_mbtree + -31.230982140483 * no_8x8dct;4.333644361999;4.333644361999;4.333644361999;4.333644361999;0.123399;5;-31.230982140483 * no_8x8dct;1;0.648893896838348;
5;630.117489101377 * no_asm + -360.166597109125 * ref_1 + -175.195453699139 * ref_5 + 40.9927576843886 * no_mbtree + -30.9435032199361 * no_8x8dct + -7.16111891807436 * ref_5 * rc_lookahead_20;4.25328339869661;4.25328339869661;4.25328339869661;4.25328339869661;0.207466;7;-7.16111891807436 * ref_5 * rc_lookahead_20;2;0.0401804816511953;
Elapsed=00:00:00.2082695
Learning progress:
1;557.193045977012 * no_asm + -274.214178052484 * ref_1;14.9819942639837;14.9819942639837;14.9819942639837;14.9819942639837;0.008997;2;-274.214178052484 * ref_1;1;17.2646178292558;
2;466.793090909092 * no_asm + -183.814222984563 * ref_1 + 171.908111276701 * ref_9;7.434719392002;7.434719392002;7.434719392002;7.434719392002;0.027457;3;171.908111276701 * ref_9;1;7.54727487198173;
3;441.537777150209 * no_asm + -184.018443850537 * ref_1 + 171.789819408978 * ref_9 + 39.6869216211019 * no_mbtree;5.73066180807923;5.73066180807923;5.73066180807923;5.73066180807923;0.062121;4;39.6869216211019 * no_mbtree;1;1.70405758392277;
4;444.404061122899 * no_asm + -180.534296953939 * ref_1 + 173.745866213985 * ref_9 + 48.1690533476572 * no_mbtree + -28.4075143079629 * no_8x8dct;4.69525691749287;4.69525691749287;4.69525691749287;4.69525691749287;0.120354;5;-28.4075143079629 * no_8x8dct;1;1.03540489058636;
5;442.895103137019 * no_asm + -181.000652508457 * ref_1 + 174.057265812369 * ref_9 + 82.9039658360087 * no_mbtree + -19.0018741569567 * no_8x8dct + -51.3287796114002 * no_mbtree * no_mixed_refs;4.23035906617268;4.23035906617268;4.23035906617268;4.23035906617268;0.203802;7;-51.3287796114002 * no_mbtree * no_mixed_refs;2;0.232448925660094;
6;442.34038384101 * no_asm + -181.207632098977 * ref_1 + 176.016234256941 * ref_9 + 69.8473962279836 * no_mbtree + -19.534555807375 * no_8x8dct + -66.5153773634544 * no_mbtree * no_mixed_refs + 38.0729281638872 * no_mbtree * no_fast_pskip;3.40391794832594;3.40391794832594;3.40391794832594;3.40391794832594;0.331644;9;38.0729281638872 * no_mbtree * no_fast_pskip;2;0.413220558923373;
7;445.001433037198 * no_asm + -181.020835847317 * ref_1 + 175.98693773143 * ref_9 + 69.7830901868168 * no_mbtree + -19.3115105253599 * no_8x8dct + -65.844930516407 * no_mbtree * no_mixed_refs + 37.4242380305577 * no_mbtree * no_fast_pskip + -5.98068067885147 * no_cabac;3.19491181975358;3.19491181975358;3.19491181975358;3.19491181975358;0.51432;10;-5.98068067885147 * no_cabac;1;0.209006128572359;
8;451.27298100522 * no_asm + -180.987662903948 * ref_1 + 159.122503014364 * ref_9 + 60.0398663937938 * no_mbtree + -19.0498338149535 * no_8x8dct + -66.4493937820156 * no_mbtree * no_mixed_refs + 38.3029902799694 * no_mbtree * no_fast_pskip + -6.50903479677834 * no_cabac + 26.4745379553529 * ref_9 * no_mbtree;3.05314833881488;3.05314833881488;3.05314833881488;3.05314833881488;0.737734;12;26.4745379553529 * ref_9 * no_mbtree;2;0.0708817404693494;
Elapsed=00:00:00.7390646
Learning progress:
1;547.398220338983 * no_asm + -260.874566492829 * ref_1;11.3989391836158;11.3989391836158;11.3989391836158;11.3989391836158;0.007518;2;-260.874566492829 * ref_1;1;26.0798188735025;
2;462.968279569893 * no_asm + -176.444625723739 * ref_1 + 177.905946620584 * ref_9;7.08449903216945;7.08449903216945;7.08449903216945;7.08449903216945;0.027003;3;177.905946620584 * ref_9;1;4.31444015144636;
3;436.944140277197 * no_asm + -176.398070912839 * ref_1 + 177.797872952424 * ref_9 + 37.5231775848176 * no_mbtree;4.67683171670858;4.67683171670858;4.67683171670858;4.67683171670858;0.061077;4;37.5231775848176 * no_mbtree;1;2.40766731546087;
4;441.492397611921 * no_asm + -176.406207330254 * ref_1 + 155.356148975437 * ref_9 + 30.9652251487038 * no_mbtree + 48.3767029605835 * ref_9 * no_fast_pskip;4.58110121271222;4.58110121271222;4.58110121271222;4.58110121271222;0.117764;6;48.3767029605835 * ref_9 * no_fast_pskip;2;0.0478652519981821;
Elapsed=00:00:00.1184192
Learning progress:
1;544.251415929205 * no_asm + -260.489603063708 * ref_1;11.9142407250952;11.9142407250952;11.9142407250952;11.9142407250952;0.009258;2;-260.489603063708 * ref_1;1;19.2490369889813;
2;466.054270833334 * no_asm + -182.292457967836 * ref_1 + 180.3321917517 * ref_9;6.81366987336272;6.81366987336272;6.81366987336272;6.81366987336272;0.028506;3;180.3321917517 * ref_9;1;5.10057085173243;
3;466.054270833334 * no_asm + -182.292457967836 * ref_1 + 152.2090625 * ref_9 + 43.0635416666671 * ref_9 * no_mbtree;6.02255582595109;6.02255582595109;6.02255582595109;6.02255582595109;0.062446;5;43.0635416666671 * ref_9 * no_mbtree;2;0.395557023705817;
4;466.054270833334 * no_asm + -182.292457967836 * ref_1 + 171.78885228979 * ref_9 + 113.632367367367 * ref_9 * no_mbtree + -110.952142142142 * ref_9 * no_mixed_refs;5.63623409970869;5.63623409970869;5.63623409970869;5.63623409970869;0.118099;7;-110.952142142142 * ref_9 * no_mixed_refs;2;0.193160863121197;
5;466.054270833334 * no_asm + -182.292457967837 * ref_1 + 152.171801400403 * ref_9 + 79.2900492709354 * ref_9 * no_mbtree + -132.76550407258 * ref_9 * no_mixed_refs + 99.7324877277191 * ref_9 * no_fast_pskip;3.93391177244995;3.93391177244995;3.93391177244995;3.93391177244995;0.20224;9;99.7324877277191 * ref_9 * no_fast_pskip;2;0.851161163629369;
6;466.054270833333 * no_asm + -182.292457967836 * ref_1 + 157.447630054011 * ref_9 + 87.0859576310694 * ref_9 * no_mbtree + -131.88682674437 * ref_9 * no_mixed_refs + 97.3577248372555 * ref_9 * no_fast_pskip + -27.6086891780362 * ref_9 * no_8x8dct;3.60656836558722;3.60656836558722;3.60656836558722;3.60656836558722;0.3205;11;-27.6086891780362 * ref_9 * no_8x8dct;2;0.163671703431367;
7;466.054270833334 * no_asm + -182.292457967836 * ref_1 + 150.856331830669 * ref_9 + 96.8493936035616 * ref_9 * no_mbtree + -125.978409120925 * ref_9 * no_mixed_refs + 119.881897335998 * ref_9 * no_fast_pskip + -26.198646867529 * ref_9 * no_8x8dct + -34.4749489565449 * ref_9 * no_mbtree * no_fast_pskip;3.40348709055927;3.40348709055927;3.40348709055927;3.40348709055927;0.467952;14;-34.4749489565449 * ref_9 * no_mbtree * no_fast_pskip;3;0.0676937583426513;
Elapsed=00:00:00.4688124
Learning progress:
1;545.495615615616 * no_asm + -260.822395276632 * ref_1;15.5654986392619;15.5654986392619;15.5654986392619;15.5654986392619;0.011912;2;-260.822395276632 * ref_1;1;14.3234821886974;
2;470.554408602151 * no_asm + -185.881188263168 * ref_1 + 169.764775071319 * ref_9;7.90505506538216;7.90505506538216;7.90505506538216;7.90505506538216;0.031406;3;169.764775071319 * ref_9;1;7.66044357387977;
3;450.232904927533 * no_asm + -186.914485060182 * ref_1 + 173.21217301612 * ref_9 + 39.3729133695733 * no_fast_pskip;6.40743841329607;6.40743841329607;6.40743841329607;6.40743841329607;0.064641;4;39.3729133695733 * no_fast_pskip;1;1.49761665208609;
4;455.603780305189 * no_asm + -185.948327928839 * ref_1 + 173.500640364265 * ref_9 + 41.7451687679454 * no_fast_pskip + -20.4453223081293 * no_8x8dct;5.6087269770155;5.6087269770155;5.6087269770155;5.6087269770155;0.121215;5;-20.4453223081293 * no_8x8dct;1;0.798711436280574;
5;462.866471715946 * no_asm + -186.535774119725 * ref_1 + 173.287790276054 * ref_9 + 41.6750033217329 * no_fast_pskip + -21.1506387932518 * no_8x8dct + -14.4645081161909 * no_cabac;5.3659216661428;5.3659216661428;5.3659216661428;5.3659216661428;0.204291;6;-14.4645081161909 * no_cabac;1;0.2428053108727;
6;456.913453975058 * no_asm + -168.394261224118 * ref_1 + 174.329968253703 * ref_9 + 53.5491929291136 * no_fast_pskip + -21.7208762012931 * no_8x8dct + -14.447248760867 * no_cabac + -33.9687125570654 * ref_1 * no_fast_pskip;5.20189507902343;5.20189507902343;5.20189507902343;5.20189507902343;0.320987;8;-33.9687125570654 * ref_1 * no_fast_pskip;2;0.0820132935596862;
Elapsed=00:00:00.3218891
Learning progress:
1;553.103559322035 * no_asm + -270.779899191315 * ref_1;13.1663200408942;13.1663200408942;13.1663200408942;13.1663200408942;0.011203;2;-270.779899191315 * ref_1;1;21.6433807606272;
2;644.431111111112 * no_asm + -362.107450980392 * ref_1 + -176.666411657559 * ref_5;7.02483018113129;7.02483018113129;7.02483018113129;7.02483018113129;0.031324;3;-176.666411657559 * ref_5;1;6.14148985976288;
3;623.57217684745 * no_asm + -362.563192401278 * ref_1 + -179.19683974856 * ref_5 + 33.9702643722492 * no_mbtree;4.98253825883735;4.98253825883735;4.98253825883735;4.98253825883735;0.065255;4;33.9702643722492 * no_mbtree;1;2.04229192229394;
4;630.197189223161 * no_asm + -360.143918921774 * ref_1 + -177.881166408876 * ref_5 + 41.0272340120818 * no_mbtree + -31.230982140483 * no_8x8dct;4.333644361999;4.333644361999;4.333644361999;4.333644361999;0.126897;5;-31.230982140483 * no_8x8dct;1;0.648893896838348;
5;630.117489101377 * no_asm + -360.166597109125 * ref_1 + -175.195453699139 * ref_5 + 40.9927576843886 * no_mbtree + -30.9435032199361 * no_8x8dct + -7.16111891807436 * ref_5 * rc_lookahead_20;4.25328339869661;4.25328339869661;4.25328339869661;4.25328339869661;0.2156;7;-7.16111891807436 * ref_5 * rc_lookahead_20;2;0.0401804816511953;
Elapsed=00:00:00.2171877
Learning progress:
1;557.193045977012 * no_asm + -274.214178052484 * ref_1;14.9819942639837;14.9819942639837;14.9819942639837;14.9819942639837;0.007896;2;-274.214178052484 * ref_1;1;17.2646178292558;
2;466.793090909092 * no_asm + -183.814222984563 * ref_1 + 171.908111276701 * ref_9;7.434719392002;7.434719392002;7.434719392002;7.434719392002;0.026825;3;171.908111276701 * ref_9;1;7.54727487198173;
3;441.537777150209 * no_asm + -184.018443850537 * ref_1 + 171.789819408978 * ref_9 + 39.6869216211019 * no_mbtree;5.73066180807923;5.73066180807923;5.73066180807923;5.73066180807923;0.060878;4;39.6869216211019 * no_mbtree;1;1.70405758392277;
4;444.404061122899 * no_asm + -180.534296953939 * ref_1 + 173.745866213985 * ref_9 + 48.1690533476572 * no_mbtree + -28.4075143079629 * no_8x8dct;4.69525691749287;4.69525691749287;4.69525691749287;4.69525691749287;0.118771;5;-28.4075143079629 * no_8x8dct;1;1.03540489058636;
5;442.895103137019 * no_asm + -181.000652508457 * ref_1 + 174.057265812369 * ref_9 + 82.9039658360087 * no_mbtree + -19.0018741569567 * no_8x8dct + -51.3287796114002 * no_mbtree * no_mixed_refs;4.23035906617268;4.23035906617268;4.23035906617268;4.23035906617268;0.199488;7;-51.3287796114002 * no_mbtree * no_mixed_refs;2;0.232448925660094;
6;442.34038384101 * no_asm + -181.207632098977 * ref_1 + 176.016234256941 * ref_9 + 69.8473962279836 * no_mbtree + -19.534555807375 * no_8x8dct + -66.5153773634544 * no_mbtree * no_mixed_refs + 38.0729281638872 * no_mbtree * no_fast_pskip;3.40391794832594;3.40391794832594;3.40391794832594;3.40391794832594;0.328095;9;38.0729281638872 * no_mbtree * no_fast_pskip;2;0.413220558923373;
7;445.001433037198 * no_asm + -181.020835847317 * ref_1 + 175.98693773143 * ref_9 + 69.7830901868168 * no_mbtree + -19.3115105253599 * no_8x8dct + -65.844930516407 * no_mbtree * no_mixed_refs + 37.4242380305577 * no_mbtree * no_fast_pskip + -5.98068067885147 * no_cabac;3.19491181975358;3.19491181975358;3.19491181975358;3.19491181975358;0.50525;10;-5.98068067885147 * no_cabac;1;0.209006128572359;
8;451.27298100522 * no_asm + -180.987662903948 * ref_1 + 159.122503014364 * ref_9 + 60.0398663937938 * no_mbtree + -19.0498338149535 * no_8x8dct + -66.4493937820156 * no_mbtree * no_mixed_refs + 38.3029902799694 * no_mbtree * no_fast_pskip + -6.50903479677834 * no_cabac + 26.4745379553529 * ref_9 * no_mbtree;3.05314833881488;3.05314833881488;3.05314833881488;3.05314833881488;0.73425;12;26.4745379553529 * ref_9 * no_mbtree;2;0.0708817404693494;
Elapsed=00:00:00.7355431
Learning progress:
1;547.398220338983 * no_asm + -260.874566492829 * ref_1;11.3989391836158;11.3989391836158;11.3989391836158;11.3989391836158;0.007654;2;-260.874566492829 * ref_1;1;26.0798188735025;
2;462.968279569893 * no_asm + -176.444625723739 * ref_1 + 177.905946620584 * ref_9;7.08449903216945;7.08449903216945;7.08449903216945;7.08449903216945;0.027487;3;177.905946620584 * ref_9;1;4.31444015144636;
3;436.944140277197 * no_asm + -176.398070912839 * ref_1 + 177.797872952424 * ref_9 + 37.5231775848176 * no_mbtree;4.67683171670858;4.67683171670858;4.67683171670858;4.67683171670858;0.061022;4;37.5231775848176 * no_mbtree;1;2.40766731546087;
4;441.492397611921 * no_asm + -176.406207330254 * ref_1 + 155.356148975437 * ref_9 + 30.9652251487038 * no_mbtree + 48.3767029605835 * ref_9 * no_fast_pskip;4.58110121271222;4.58110121271222;4.58110121271222;4.58110121271222;0.117747;6;48.3767029605835 * ref_9 * no_fast_pskip;2;0.0478652519981821;
Elapsed=00:00:00.1183963
Learning progress:
1;544.251415929205 * no_asm + -260.489603063708 * ref_1;11.9142407250952;11.9142407250952;11.9142407250952;11.9142407250952;0.009055;2;-260.489603063708 * ref_1;1;19.2490369889813;
2;466.054270833334 * no_asm + -182.292457967836 * ref_1 + 180.3321917517 * ref_9;6.81366987336272;6.81366987336272;6.81366987336272;6.81366987336272;0.028174;3;180.3321917517 * ref_9;1;5.10057085173243;
3;466.054270833334 * no_asm + -182.292457967836 * ref_1 + 152.2090625 * ref_9 + 43.0635416666671 * ref_9 * no_mbtree;6.02255582595109;6.02255582595109;6.02255582595109;6.02255582595109;0.062752;5;43.0635416666671 * ref_9 * no_mbtree;2;0.395557023705817;
4;466.054270833334 * no_asm + -182.292457967836 * ref_1 + 171.78885228979 * ref_9 + 113.632367367367 * ref_9 * no_mbtree + -110.952142142142 * ref_9 * no_mixed_refs;5.63623409970869;5.63623409970869;5.63623409970869;5.63623409970869;0.117989;7;-110.952142142142 * ref_9 * no_mixed_refs;2;0.193160863121197;
Elapsed=00:00:00.1186730
Learning progress:
1;545.495615615616 * no_asm + -260.822395276632 * ref_1;15.5654986392619;15.5654986392619;15.5654986392619;15.5654986392619;0.00785;2;-260.822395276632 * ref_1;1;14.3234821886974;
2;470.554408602151 * no_asm + -185.881188263168 * ref_1 + 169.764775071319 * ref_9;7.90505506538216;7.90505506538216;7.90505506538216;7.90505506538216;0.026713;3;169.764775071319 * ref_9;1;7.66044357387977;
3;450.232904927533 * no_asm + -186.914485060182 * ref_1 + 173.21217301612 * ref_9 + 39.3729133695733 * no_fast_pskip;6.40743841329607;6.40743841329607;6.40743841329607;6.40743841329607;0.059363;4;39.3729133695733 * no_fast_pskip;1;1.49761665208609;
4;455.603780305189 * no_asm + -185.948327928839 * ref_1 + 173.500640364265 * ref_9 + 41.7451687679454 * no_fast_pskip + -20.4453223081293 * no_8x8dct;5.6087269770155;5.6087269770155;5.6087269770155;5.6087269770155;0.11773;5;-20.4453223081293 * no_8x8dct;1;0.798711436280574;
5;462.866471715946 * no_asm + -186.535774119725 * ref_1 + 173.287790276054 * ref_9 + 41.6750033217329 * no_fast_pskip + -21.1506387932518 * no_8x8dct + -14.4645081161909 * no_cabac;5.3659216661428;5.3659216661428;5.3659216661428;5.3659216661428;0.200577;6;-14.4645081161909 * no_cabac;1;0.2428053108727;
6;456.913453975058 * no_asm + -168.394261224118 * ref_1 + 174.329968253703 * ref_9 + 53.5491929291136 * no_fast_pskip + -21.7208762012931 * no_8x8dct + -14.447248760867 * no_cabac + -33.9687125570654 * ref_1 * no_fast_pskip;5.20189507902343;5.20189507902343;5.20189507902343;5.20189507902343;0.31563;8;-33.9687125570654 * ref_1 * no_fast_pskip;2;0.0820132935596862;
Elapsed=00:00:00.3165260
Learning progress:
1;553.103559322035 * no_asm + -270.779899191315 * ref_1;13.1663200408942;13.1663200408942;13.1663200408942;13.1663200408942;0.008256;2;-270.779899191315 * ref_1;1;21.6433807606272;
2;644.431111111112 * no_asm + -362.107450980392 * ref_1 + -176.666411657559 * ref_5;7.02483018113129;7.02483018113129;7.02483018113129;7.02483018113129;0.028304;3;-176.666411657559 * ref_5;1;6.14148985976288;
3;623.57217684745 * no_asm + -362.563192401278 * ref_1 + -179.19683974856 * ref_5 + 33.9702643722492 * no_mbtree;4.98253825883735;4.98253825883735;4.98253825883735;4.98253825883735;0.063917;4;33.9702643722492 * no_mbtree;1;2.04229192229394;
4;630.197189223161 * no_asm + -360.143918921774 * ref_1 + -177.881166408876 * ref_5 + 41.0272340120818 * no_mbtree + -31.230982140483 * no_8x8dct;4.333644361999;4.333644361999;4.333644361999;4.333644361999;0.12511;5;-31.230982140483 * no_8x8dct;1;0.648893896838348;
5;630.117489101377 * no_asm + -360.166597109125 * ref_1 + -175.195453699139 * ref_5 + 40.9927576843886 * no_mbtree + -30.9435032199361 * no_8x8dct + -7.16111891807436 * ref_5 * rc_lookahead_20;4.25328339869661;4.25328339869661;4.25328339869661;4.25328339869661;0.21898;7;-7.16111891807436 * ref_5 * rc_lookahead_20;2;0.0401804816511953;
Elapsed=00:00:00.2197766
Learning progress:
1;557.193045977012 * no_asm + -274.214178052484 * ref_1;14.9819942639837;14.9819942639837;14.9819942639837;14.9819942639837;0.008089;2;-274.214178052484 * ref_1;1;17.2646178292558;
2;466.793090909092 * no_asm + -183.814222984563 * ref_1 + 171.908111276701 * ref_9;7.434719392002;7.434719392002;7.434719392002;7.434719392002;0.028037;3;171.908111276701 * ref_9;1;7.54727487198173;
3;441.537777150209 * no_asm + -184.018443850537 * ref_1 + 171.789819408978 * ref_9 + 39.6869216211019 * no_mbtree;5.73066180807923;5.73066180807923;5.73066180807923;5.73066180807923;0.062608;4;39.6869216211019 * no_mbtree;1;1.70405758392277;
4;444.404061122899 * no_asm + -180.534296953939 * ref_1 + 173.745866213985 * ref_9 + 48.1690533476572 * no_mbtree + -28.4075143079629 * no_8x8dct;4.69525691749287;4.69525691749287;4.69525691749287;4.69525691749287;0.122501;5;-28.4075143079629 * no_8x8dct;1;1.03540489058636;
5;442.895103137019 * no_asm + -181.000652508457 * ref_1 + 174.057265812369 * ref_9 + 82.9039658360087 * no_mbtree + -19.0018741569567 * no_8x8dct + -51.3287796114002 * no_mbtree * no_mixed_refs;4.23035906617268;4.23035906617268;4.23035906617268;4.23035906617268;0.204877;7;-51.3287796114002 * no_mbtree * no_mixed_refs;2;0.232448925660094;
Elapsed=00:00:00.2058240
Learning progress:
1;547.398220338983 * no_asm + -260.874566492829 * ref_1;11.3989391836158;11.3989391836158;11.3989391836158;11.3989391836158;0.008054;2;-260.874566492829 * ref_1;1;26.0798188735025;
2;462.968279569893 * no_asm + -176.444625723739 * ref_1 + 177.905946620584 * ref_9;7.08449903216945;7.08449903216945;7.08449903216945;7.08449903216945;0.028831;3;177.905946620584 * ref_9;1;4.31444015144636;
3;436.944140277197 * no_asm + -176.398070912839 * ref_1 + 177.797872952424 * ref_9 + 37.5231775848176 * no_mbtree;4.67683171670858;4.67683171670858;4.67683171670858;4.67683171670858;0.064059;4;37.5231775848176 * no_mbtree;1;2.40766731546087;
4;441.492397611921 * no_asm + -176.406207330254 * ref_1 + 155.356148975437 * ref_9 + 30.9652251487038 * no_mbtree + 48.3767029605835 * ref_9 * no_fast_pskip;4.58110121271222;4.58110121271222;4.58110121271222;4.58110121271222;0.123101;6;48.3767029605835 * ref_9 * no_fast_pskip;2;0.0478652519981821;
Elapsed=00:00:00.1237549
Learning progress:
1;544.251415929205 * no_asm + -260.489603063708 * ref_1;11.9142407250952;11.9142407250952;11.9142407250952;11.9142407250952;0.008209;2;-260.489603063708 * ref_1;1;19.2490369889813;
2;466.054270833334 * no_asm + -182.292457967836 * ref_1 + 180.3321917517 * ref_9;6.81366987336272;6.81366987336272;6.81366987336272;6.81366987336272;0.028658;3;180.3321917517 * ref_9;1;5.10057085173243;
3;466.054270833334 * no_asm + -182.292457967836 * ref_1 + 152.2090625 * ref_9 + 43.0635416666671 * ref_9 * no_mbtree;6.02255582595109;6.02255582595109;6.02255582595109;6.02255582595109;0.063344;5;43.0635416666671 * ref_9 * no_mbtree;2;0.395557023705817;
Elapsed=00:00:00.0639459
Learning progress:
1;545.495615615616 * no_asm + -260.822395276632 * ref_1;15.5654986392619;15.5654986392619;15.5654986392619;15.5654986392619;0.008055;2;-260.822395276632 * ref_1;1;14.3234821886974;
2;470.554408602151 * no_asm + -185.881188263168 * ref_1 + 169.764775071319 * ref_9;7.90505506538216;7.90505506538216;7.90505506538216;7.90505506538216;0.027486;3;169.764775071319 * ref_9;1;7.66044357387977;
3;450.232904927533 * no_asm + -186.914485060182 * ref_1 + 173.21217301612 * ref_9 + 39.3729133695733 * no_fast_pskip;6.40743841329607;6.40743841329607;6.40743841329607;6.40743841329607;0.062662;4;39.3729133695733 * no_fast_pskip;1;1.49761665208609;
4;455.603780305189 * no_asm + -185.948327928839 * ref_1 + 173.500640364265 * ref_9 + 41.7451687679454 * no_fast_pskip + -20.4453223081293 * no_8x8dct;5.6087269770155;5.6087269770155;5.6087269770155;5.6087269770155;0.121723;5;-20.4453223081293 * no_8x8dct;1;0.798711436280574;
5;462.866471715946 * no_asm + -186.535774119725 * ref_1 + 173.287790276054 * ref_9 + 41.6750033217329 * no_fast_pskip + -21.1506387932518 * no_8x8dct + -14.4645081161909 * no_cabac;5.3659216661428;5.3659216661428;5.3659216661428;5.3659216661428;0.203283;6;-14.4645081161909 * no_cabac;1;0.2428053108727;
Elapsed=00:00:00.2041160
Learning progress:
1;553.103559322035 * no_asm + -270.779899191315 * ref_1;13.1663200408942;13.1663200408942;13.1663200408942;13.1663200408942;0.008321;2;-270.779899191315 * ref_1;1;21.6433807606272;
2;644.431111111112 * no_asm + -362.107450980392 * ref_1 + -176.666411657559 * ref_5;7.02483018113129;7.02483018113129;7.02483018113129;7.02483018113129;0.028965;3;-176.666411657559 * ref_5;1;6.14148985976288;
3;623.57217684745 * no_asm + -362.563192401278 * ref_1 + -179.19683974856 * ref_5 + 33.9702643722492 * no_mbtree;4.98253825883735;4.98253825883735;4.98253825883735;4.98253825883735;0.064685;4;33.9702643722492 * no_mbtree;1;2.04229192229394;
4;630.197189223161 * no_asm + -360.143918921774 * ref_1 + -177.881166408876 * ref_5 + 41.0272340120818 * no_mbtree + -31.230982140483 * no_8x8dct;4.333644361999;4.333644361999;4.333644361999;4.333644361999;0.126362;5;-31.230982140483 * no_8x8dct;1;0.648893896838348;
5;630.117489101377 * no_asm + -360.166597109125 * ref_1 + -175.195453699139 * ref_5 + 40.9927576843886 * no_mbtree + -30.9435032199361 * no_8x8dct + -7.16111891807436 * ref_5 * rc_lookahead_20;4.25328339869661;4.25328339869661;4.25328339869661;4.25328339869661;0.210062;7;-7.16111891807436 * ref_5 * rc_lookahead_20;2;0.0401804816511953;
Elapsed=00:00:00.2108753
Learning progress:
1;557.193045977012 * no_asm + -274.214178052484 * ref_1;14.9819942639837;14.9819942639837;14.9819942639837;14.9819942639837;0.007753;2;-274.214178052484 * ref_1;1;17.2646178292558;
2;466.793090909092 * no_asm + -183.814222984563 * ref_1 + 171.908111276701 * ref_9;7.434719392002;7.434719392002;7.434719392002;7.434719392002;0.028281;3;171.908111276701 * ref_9;1;7.54727487198173;
3;441.537777150209 * no_asm + -184.018443850537 * ref_1 + 171.789819408978 * ref_9 + 39.6869216211019 * no_mbtree;5.73066180807923;5.73066180807923;5.73066180807923;5.73066180807923;0.063899;4;39.6869216211019 * no_mbtree;1;1.70405758392277;
4;444.404061122899 * no_asm + -180.534296953939 * ref_1 + 173.745866213985 * ref_9 + 48.1690533476572 * no_mbtree + -28.4075143079629 * no_8x8dct;4.69525691749287;4.69525691749287;4.69525691749287;4.69525691749287;0.122053;5;-28.4075143079629 * no_8x8dct;1;1.03540489058636;
5;442.895103137019 * no_asm + -181.000652508457 * ref_1 + 174.057265812369 * ref_9 + 82.9039658360087 * no_mbtree + -19.0018741569567 * no_8x8dct + -51.3287796114002 * no_mbtree * no_mixed_refs;4.23035906617268;4.23035906617268;4.23035906617268;4.23035906617268;0.204325;7;-51.3287796114002 * no_mbtree * no_mixed_refs;2;0.232448925660094;
6;442.34038384101 * no_asm + -181.207632098977 * ref_1 + 176.016234256941 * ref_9 + 69.8473962279836 * no_mbtree + -19.534555807375 * no_8x8dct + -66.5153773634544 * no_mbtree * no_mixed_refs + 38.0729281638872 * no_mbtree * no_fast_pskip;3.40391794832594;3.40391794832594;3.40391794832594;3.40391794832594;0.341965;9;38.0729281638872 * no_mbtree * no_fast_pskip;2;0.413220558923373;
7;445.001433037198 * no_asm + -181.020835847317 * ref_1 + 175.98693773143 * ref_9 + 69.7830901868168 * no_mbtree + -19.3115105253599 * no_8x8dct + -65.844930516407 * no_mbtree * no_mixed_refs + 37.4242380305577 * no_mbtree * no_fast_pskip + -5.98068067885147 * no_cabac;3.19491181975358;3.19491181975358;3.19491181975358;3.19491181975358;0.518382;10;-5.98068067885147 * no_cabac;1;0.209006128572359;
8;451.27298100522 * no_asm + -180.987662903948 * ref_1 + 159.122503014364 * ref_9 + 60.0398663937938 * no_mbtree + -19.0498338149535 * no_8x8dct + -66.4493937820156 * no_mbtree * no_mixed_refs + 38.3029902799694 * no_mbtree * no_fast_pskip + -6.50903479677834 * no_cabac + 26.4745379553529 * ref_9 * no_mbtree;3.05314833881488;3.05314833881488;3.05314833881488;3.05314833881488;0.74677;12;26.4745379553529 * ref_9 * no_mbtree;2;0.0708817404693494;
Elapsed=00:00:00.7480515
Learning progress:
1;547.398220338983 * no_asm + -260.874566492829 * ref_1;11.3989391836158;11.3989391836158;11.3989391836158;11.3989391836158;0.009681;2;-260.874566492829 * ref_1;1;26.0798188735025;
2;462.968279569893 * no_asm + -176.444625723739 * ref_1 + 177.905946620584 * ref_9;7.08449903216945;7.08449903216945;7.08449903216945;7.08449903216945;0.030117;3;177.905946620584 * ref_9;1;4.31444015144636;
3;436.944140277197 * no_asm + -176.398070912839 * ref_1 + 177.797872952424 * ref_9 + 37.5231775848176 * no_mbtree;4.67683171670858;4.67683171670858;4.67683171670858;4.67683171670858;0.064174;4;37.5231775848176 * no_mbtree;1;2.40766731546087;
4;441.492397611921 * no_asm + -176.406207330254 * ref_1 + 155.356148975437 * ref_9 + 30.9652251487038 * no_mbtree + 48.3767029605835 * ref_9 * no_fast_pskip;4.58110121271222;4.58110121271222;4.58110121271222;4.58110121271222;0.122598;6;48.3767029605835 * ref_9 * no_fast_pskip;2;0.0478652519981821;
Elapsed=00:00:00.1232479
Learning progress:
1;544.251415929205 * no_asm + -260.489603063708 * ref_1;11.9142407250952;11.9142407250952;11.9142407250952;11.9142407250952;0.00822;2;-260.489603063708 * ref_1;1;19.2490369889813;
2;466.054270833334 * no_asm + -182.292457967836 * ref_1 + 180.3321917517 * ref_9;6.81366987336272;6.81366987336272;6.81366987336272;6.81366987336272;0.02838;3;180.3321917517 * ref_9;1;5.10057085173243;
3;466.054270833334 * no_asm + -182.292457967836 * ref_1 + 152.2090625 * ref_9 + 43.0635416666671 * ref_9 * no_mbtree;6.02255582595109;6.02255582595109;6.02255582595109;6.02255582595109;0.063627;5;43.0635416666671 * ref_9 * no_mbtree;2;0.395557023705817;
4;466.054270833334 * no_asm + -182.292457967836 * ref_1 + 171.78885228979 * ref_9 + 113.632367367367 * ref_9 * no_mbtree + -110.952142142142 * ref_9 * no_mixed_refs;5.63623409970869;5.63623409970869;5.63623409970869;5.63623409970869;0.121039;7;-110.952142142142 * ref_9 * no_mixed_refs;2;0.193160863121197;
5;466.054270833334 * no_asm + -182.292457967837 * ref_1 + 152.171801400403 * ref_9 + 79.2900492709354 * ref_9 * no_mbtree + -132.76550407258 * ref_9 * no_mixed_refs + 99.7324877277191 * ref_9 * no_fast_pskip;3.93391177244995;3.93391177244995;3.93391177244995;3.93391177244995;0.211173;9;99.7324877277191 * ref_9 * no_fast_pskip;2;0.851161163629369;
6;466.054270833333 * no_asm + -182.292457967836 * ref_1 + 157.447630054011 * ref_9 + 87.0859576310694 * ref_9 * no_mbtree + -131.88682674437 * ref_9 * no_mixed_refs + 97.3577248372555 * ref_9 * no_fast_pskip + -27.6086891780362 * ref_9 * no_8x8dct;3.60656836558722;3.60656836558722;3.60656836558722;3.60656836558722;0.324947;11;-27.6086891780362 * ref_9 * no_8x8dct;2;0.163671703431367;
7;466.054270833334 * no_asm + -182.292457967836 * ref_1 + 150.856331830669 * ref_9 + 96.8493936035616 * ref_9 * no_mbtree + -125.978409120925 * ref_9 * no_mixed_refs + 119.881897335998 * ref_9 * no_fast_pskip + -26.198646867529 * ref_9 * no_8x8dct + -34.4749489565449 * ref_9 * no_mbtree * no_fast_pskip;3.40348709055927;3.40348709055927;3.40348709055927;3.40348709055927;0.474115;14;-34.4749489565449 * ref_9 * no_mbtree * no_fast_pskip;3;0.0676937583426513;
Elapsed=00:00:00.4749768
Learning progress:
1;545.495615615616 * no_asm + -260.822395276632 * ref_1;15.5654986392619;15.5654986392619;15.5654986392619;15.5654986392619;0.007921;2;-260.822395276632 * ref_1;1;14.3234821886974;
2;470.554408602151 * no_asm + -185.881188263168 * ref_1 + 169.764775071319 * ref_9;7.90505506538216;7.90505506538216;7.90505506538216;7.90505506538216;0.026699;3;169.764775071319 * ref_9;1;7.66044357387977;
3;450.232904927533 * no_asm + -186.914485060182 * ref_1 + 173.21217301612 * ref_9 + 39.3729133695733 * no_fast_pskip;6.40743841329607;6.40743841329607;6.40743841329607;6.40743841329607;0.061929;4;39.3729133695733 * no_fast_pskip;1;1.49761665208609;
4;455.603780305189 * no_asm + -185.948327928839 * ref_1 + 173.500640364265 * ref_9 + 41.7451687679454 * no_fast_pskip + -20.4453223081293 * no_8x8dct;5.6087269770155;5.6087269770155;5.6087269770155;5.6087269770155;0.119335;5;-20.4453223081293 * no_8x8dct;1;0.798711436280574;
5;462.866471715946 * no_asm + -186.535774119725 * ref_1 + 173.287790276054 * ref_9 + 41.6750033217329 * no_fast_pskip + -21.1506387932518 * no_8x8dct + -14.4645081161909 * no_cabac;5.3659216661428;5.3659216661428;5.3659216661428;5.3659216661428;0.202942;6;-14.4645081161909 * no_cabac;1;0.2428053108727;
6;456.913453975058 * no_asm + -168.394261224118 * ref_1 + 174.329968253703 * ref_9 + 53.5491929291136 * no_fast_pskip + -21.7208762012931 * no_8x8dct + -14.447248760867 * no_cabac + -33.9687125570654 * ref_1 * no_fast_pskip;5.20189507902343;5.20189507902343;5.20189507902343;5.20189507902343;0.327536;8;-33.9687125570654 * ref_1 * no_fast_pskip;2;0.0820132935596862;
Elapsed=00:00:00.3295157
Learning progress:
1;553.103559322035 * no_asm + -270.779899191315 * ref_1;13.1663200408942;13.1663200408942;13.1663200408942;13.1663200408942;0.008025;2;-270.779899191315 * ref_1;1;21.6433807606272;
2;644.431111111112 * no_asm + -362.107450980392 * ref_1 + -176.666411657559 * ref_5;7.02483018113129;7.02483018113129;7.02483018113129;7.02483018113129;0.028909;3;-176.666411657559 * ref_5;1;6.14148985976288;
3;623.57217684745 * no_asm + -362.563192401278 * ref_1 + -179.19683974856 * ref_5 + 33.9702643722492 * no_mbtree;4.98253825883735;4.98253825883735;4.98253825883735;4.98253825883735;0.065057;4;33.9702643722492 * no_mbtree;1;2.04229192229394;
4;630.197189223161 * no_asm + -360.143918921774 * ref_1 + -177.881166408876 * ref_5 + 41.0272340120818 * no_mbtree + -31.230982140483 * no_8x8dct;4.333644361999;4.333644361999;4.333644361999;4.333644361999;0.125649;5;-31.230982140483 * no_8x8dct;1;0.648893896838348;
5;630.117489101377 * no_asm + -360.166597109125 * ref_1 + -175.195453699139 * ref_5 + 40.9927576843886 * no_mbtree + -30.9435032199361 * no_8x8dct + -7.16111891807436 * ref_5 * rc_lookahead_20;4.25328339869661;4.25328339869661;4.25328339869661;4.25328339869661;0.210161;7;-7.16111891807436 * ref_5 * rc_lookahead_20;2;0.0401804816511953;
Elapsed=00:00:00.2109541
Learning progress:
1;557.193045977012 * no_asm + -274.214178052484 * ref_1;14.9819942639837;14.9819942639837;14.9819942639837;14.9819942639837;0.008035;2;-274.214178052484 * ref_1;1;17.2646178292558;
2;466.793090909092 * no_asm + -183.814222984563 * ref_1 + 171.908111276701 * ref_9;7.434719392002;7.434719392002;7.434719392002;7.434719392002;0.028658;3;171.908111276701 * ref_9;1;7.54727487198173;
3;441.537777150209 * no_asm + -184.018443850537 * ref_1 + 171.789819408978 * ref_9 + 39.6869216211019 * no_mbtree;5.73066180807923;5.73066180807923;5.73066180807923;5.73066180807923;0.064256;4;39.6869216211019 * no_mbtree;1;1.70405758392277;
4;444.404061122899 * no_asm + -180.534296953939 * ref_1 + 173.745866213985 * ref_9 + 48.1690533476572 * no_mbtree + -28.4075143079629 * no_8x8dct;4.69525691749287;4.69525691749287;4.69525691749287;4.69525691749287;0.121697;5;-28.4075143079629 * no_8x8dct;1;1.03540489058636;
5;442.895103137019 * no_asm + -181.000652508457 * ref_1 + 174.057265812369 * ref_9 + 82.9039658360087 * no_mbtree + -19.0018741569567 * no_8x8dct + -51.3287796114002 * no_mbtree * no_mixed_refs;4.23035906617268;4.23035906617268;4.23035906617268;4.23035906617268;0.207068;7;-51.3287796114002 * no_mbtree * no_mixed_refs;2;0.232448925660094;
6;442.34038384101 * no_asm + -181.207632098977 * ref_1 + 176.016234256941 * ref_9 + 69.8473962279836 * no_mbtree + -19.534555807375 * no_8x8dct + -66.5153773634544 * no_mbtree * no_mixed_refs + 38.0729281638872 * no_mbtree * no_fast_pskip;3.40391794832594;3.40391794832594;3.40391794832594;3.40391794832594;0.337574;9;38.0729281638872 * no_mbtree * no_fast_pskip;2;0.413220558923373;
7;445.001433037198 * no_asm + -181.020835847317 * ref_1 + 175.98693773143 * ref_9 + 69.7830901868168 * no_mbtree + -19.3115105253599 * no_8x8dct + -65.844930516407 * no_mbtree * no_mixed_refs + 37.4242380305577 * no_mbtree * no_fast_pskip + -5.98068067885147 * no_cabac;3.19491181975358;3.19491181975358;3.19491181975358;3.19491181975358;0.525361;10;-5.98068067885147 * no_cabac;1;0.209006128572359;
8;451.27298100522 * no_asm + -180.987662903948 * ref_1 + 159.122503014364 * ref_9 + 60.0398663937938 * no_mbtree + -19.0498338149535 * no_8x8dct + -66.4493937820156 * no_mbtree * no_mixed_refs + 38.3029902799694 * no_mbtree * no_fast_pskip + -6.50903479677834 * no_cabac + 26.4745379553529 * ref_9 * no_mbtree;3.05314833881488;3.05314833881488;3.05314833881488;3.05314833881488;0.749898;12;26.4745379553529 * ref_9 * no_mbtree;2;0.0708817404693494;
Elapsed=00:00:00.7511643
Learning progress:
1;547.398220338983 * no_asm + -260.874566492829 * ref_1;11.3989391836158;11.3989391836158;11.3989391836158;11.3989391836158;0.0093;2;-260.874566492829 * ref_1;1;26.0798188735025;
2;462.968279569893 * no_asm + -176.444625723739 * ref_1 + 177.905946620584 * ref_9;7.08449903216945;7.08449903216945;7.08449903216945;7.08449903216945;0.029891;3;177.905946620584 * ref_9;1;4.31444015144636;
3;436.944140277197 * no_asm + -176.398070912839 * ref_1 + 177.797872952424 * ref_9 + 37.5231775848176 * no_mbtree;4.67683171670858;4.67683171670858;4.67683171670858;4.67683171670858;0.064602;4;37.5231775848176 * no_mbtree;1;2.40766731546087;
4;441.492397611921 * no_asm + -176.406207330254 * ref_1 + 155.356148975437 * ref_9 + 30.9652251487038 * no_mbtree + 48.3767029605835 * ref_9 * no_fast_pskip;4.58110121271222;4.58110121271222;4.58110121271222;4.58110121271222;0.123384;6;48.3767029605835 * ref_9 * no_fast_pskip;2;0.0478652519981821;
Elapsed=00:00:00.1240415
Learning progress:
1;544.251415929205 * no_asm + -260.489603063708 * ref_1;11.9142407250952;11.9142407250952;11.9142407250952;11.9142407250952;0.008214;2;-260.489603063708 * ref_1;1;19.2490369889813;
2;466.054270833334 * no_asm + -182.292457967836 * ref_1 + 180.3321917517 * ref_9;6.81366987336272;6.81366987336272;6.81366987336272;6.81366987336272;0.027964;3;180.3321917517 * ref_9;1;5.10057085173243;
3;466.054270833334 * no_asm + -182.292457967836 * ref_1 + 152.2090625 * ref_9 + 43.0635416666671 * ref_9 * no_mbtree;6.02255582595109;6.02255582595109;6.02255582595109;6.02255582595109;0.064866;5;43.0635416666671 * ref_9 * no_mbtree;2;0.395557023705817;
4;466.054270833334 * no_asm + -182.292457967836 * ref_1 + 171.78885228979 * ref_9 + 113.632367367367 * ref_9 * no_mbtree + -110.952142142142 * ref_9 * no_mixed_refs;5.63623409970869;5.63623409970869;5.63623409970869;5.63623409970869;0.120466;7;-110.952142142142 * ref_9 * no_mixed_refs;2;0.193160863121197;
Elapsed=00:00:00.1211853
Learning progress:
1;545.495615615616 * no_asm + -260.822395276632 * ref_1;15.5654986392619;15.5654986392619;15.5654986392619;15.5654986392619;0.009251;2;-260.822395276632 * ref_1;1;14.3234821886974;
2;470.554408602151 * no_asm + -185.881188263168 * ref_1 + 169.764775071319 * ref_9;7.90505506538216;7.90505506538216;7.90505506538216;7.90505506538216;0.029452;3;169.764775071319 * ref_9;1;7.66044357387977;
3;450.232904927533 * no_asm + -186.914485060182 * ref_1 + 173.21217301612 * ref_9 + 39.3729133695733 * no_fast_pskip;6.40743841329607;6.40743841329607;6.40743841329607;6.40743841329607;0.063221;4;39.3729133695733 * no_fast_pskip;1;1.49761665208609;
4;455.603780305189 * no_asm + -185.948327928839 * ref_1 + 173.500640364265 * ref_9 + 41.7451687679454 * no_fast_pskip + -20.4453223081293 * no_8x8dct;5.6087269770155;5.6087269770155;5.6087269770155;5.6087269770155;0.12251;5;-20.4453223081293 * no_8x8dct;1;0.798711436280574;
5;462.866471715946 * no_asm + -186.535774119725 * ref_1 + 173.287790276054 * ref_9 + 41.6750033217329 * no_fast_pskip + -21.1506387932518 * no_8x8dct + -14.4645081161909 * no_cabac;5.3659216661428;5.3659216661428;5.3659216661428;5.3659216661428;0.207051;6;-14.4645081161909 * no_cabac;1;0.2428053108727;
6;456.913453975058 * no_asm + -168.394261224118 * ref_1 + 174.329968253703 * ref_9 + 53.5491929291136 * no_fast_pskip + -21.7208762012931 * no_8x8dct + -14.447248760867 * no_cabac + -33.9687125570654 * ref_1 * no_fast_pskip;5.20189507902343;5.20189507902343;5.20189507902343;5.20189507902343;0.324753;8;-33.9687125570654 * ref_1 * no_fast_pskip;2;0.0820132935596862;
Elapsed=00:00:00.3256493
Learning progress:
1;553.103559322035 * no_asm + -270.779899191315 * ref_1;13.1663200408942;13.1663200408942;13.1663200408942;13.1663200408942;0.009575;2;-270.779899191315 * ref_1;1;21.6433807606272;
2;644.431111111112 * no_asm + -362.107450980392 * ref_1 + -176.666411657559 * ref_5;7.02483018113129;7.02483018113129;7.02483018113129;7.02483018113129;0.029484;3;-176.666411657559 * ref_5;1;6.14148985976288;
3;623.57217684745 * no_asm + -362.563192401278 * ref_1 + -179.19683974856 * ref_5 + 33.9702643722492 * no_mbtree;4.98253825883735;4.98253825883735;4.98253825883735;4.98253825883735;0.06554;4;33.9702643722492 * no_mbtree;1;2.04229192229394;
4;630.197189223161 * no_asm + -360.143918921774 * ref_1 + -177.881166408876 * ref_5 + 41.0272340120818 * no_mbtree + -31.230982140483 * no_8x8dct;4.333644361999;4.333644361999;4.333644361999;4.333644361999;0.131119;5;-31.230982140483 * no_8x8dct;1;0.648893896838348;
5;630.117489101377 * no_asm + -360.166597109125 * ref_1 + -175.195453699139 * ref_5 + 40.9927576843886 * no_mbtree + -30.9435032199361 * no_8x8dct + -7.16111891807436 * ref_5 * rc_lookahead_20;4.25328339869661;4.25328339869661;4.25328339869661;4.25328339869661;0.216297;7;-7.16111891807436 * ref_5 * rc_lookahead_20;2;0.0401804816511953;
Elapsed=00:00:00.2170982
Learning progress:
1;557.193045977012 * no_asm + -274.214178052484 * ref_1;14.9819942639837;14.9819942639837;14.9819942639837;14.9819942639837;0.009408;2;-274.214178052484 * ref_1;1;17.2646178292558;
2;466.793090909092 * no_asm + -183.814222984563 * ref_1 + 171.908111276701 * ref_9;7.434719392002;7.434719392002;7.434719392002;7.434719392002;0.028422;3;171.908111276701 * ref_9;1;7.54727487198173;
3;441.537777150209 * no_asm + -184.018443850537 * ref_1 + 171.789819408978 * ref_9 + 39.6869216211019 * no_mbtree;5.73066180807923;5.73066180807923;5.73066180807923;5.73066180807923;0.064485;4;39.6869216211019 * no_mbtree;1;1.70405758392277;
4;444.404061122899 * no_asm + -180.534296953939 * ref_1 + 173.745866213985 * ref_9 + 48.1690533476572 * no_mbtree + -28.4075143079629 * no_8x8dct;4.69525691749287;4.69525691749287;4.69525691749287;4.69525691749287;0.128612;5;-28.4075143079629 * no_8x8dct;1;1.03540489058636;
5;442.895103137019 * no_asm + -181.000652508457 * ref_1 + 174.057265812369 * ref_9 + 82.9039658360087 * no_mbtree + -19.0018741569567 * no_8x8dct + -51.3287796114002 * no_mbtree * no_mixed_refs;4.23035906617268;4.23035906617268;4.23035906617268;4.23035906617268;0.215877;7;-51.3287796114002 * no_mbtree * no_mixed_refs;2;0.232448925660094;
Elapsed=00:00:00.2168124
Learning progress:
1;547.398220338983 * no_asm + -260.874566492829 * ref_1;11.3989391836158;11.3989391836158;11.3989391836158;11.3989391836158;0.008124;2;-260.874566492829 * ref_1;1;26.0798188735025;
2;462.968279569893 * no_asm + -176.444625723739 * ref_1 + 177.905946620584 * ref_9;7.08449903216945;7.08449903216945;7.08449903216945;7.08449903216945;0.027879;3;177.905946620584 * ref_9;1;4.31444015144636;
3;436.944140277197 * no_asm + -176.398070912839 * ref_1 + 177.797872952424 * ref_9 + 37.5231775848176 * no_mbtree;4.67683171670858;4.67683171670858;4.67683171670858;4.67683171670858;0.06392;4;37.5231775848176 * no_mbtree;1;2.40766731546087;
4;441.492397611921 * no_asm + -176.406207330254 * ref_1 + 155.356148975437 * ref_9 + 30.9652251487038 * no_mbtree + 48.3767029605835 * ref_9 * no_fast_pskip;4.58110121271222;4.58110121271222;4.58110121271222;4.58110121271222;0.120775;6;48.3767029605835 * ref_9 * no_fast_pskip;2;0.0478652519981821;
Elapsed=00:00:00.1214325
Learning progress:
1;544.251415929205 * no_asm + -260.489603063708 * ref_1;11.9142407250952;11.9142407250952;11.9142407250952;11.9142407250952;0.008158;2;-260.489603063708 * ref_1;1;19.2490369889813;
2;466.054270833334 * no_asm + -182.292457967836 * ref_1 + 180.3321917517 * ref_9;6.81366987336272;6.81366987336272;6.81366987336272;6.81366987336272;0.028669;3;180.3321917517 * ref_9;1;5.10057085173243;
3;466.054270833334 * no_asm + -182.292457967836 * ref_1 + 152.2090625 * ref_9 + 43.0635416666671 * ref_9 * no_mbtree;6.02255582595109;6.02255582595109;6.02255582595109;6.02255582595109;0.063723;5;43.0635416666671 * ref_9 * no_mbtree;2;0.395557023705817;
Elapsed=00:00:00.0643265
Learning progress:
1;545.495615615616 * no_asm + -260.822395276632 * ref_1;15.5654986392619;15.5654986392619;15.5654986392619;15.5654986392619;0.008276;2;-260.822395276632 * ref_1;1;14.3234821886974;
2;470.554408602151 * no_asm + -185.881188263168 * ref_1 + 169.764775071319 * ref_9;7.90505506538216;7.90505506538216;7.90505506538216;7.90505506538216;0.028741;3;169.764775071319 * ref_9;1;7.66044357387977;
3;450.232904927533 * no_asm + -186.914485060182 * ref_1 + 173.21217301612 * ref_9 + 39.3729133695733 * no_fast_pskip;6.40743841329607;6.40743841329607;6.40743841329607;6.40743841329607;0.063511;4;39.3729133695733 * no_fast_pskip;1;1.49761665208609;
4;455.603780305189 * no_asm + -185.948327928839 * ref_1 + 173.500640364265 * ref_9 + 41.7451687679454 * no_fast_pskip + -20.4453223081293 * no_8x8dct;5.6087269770155;5.6087269770155;5.6087269770155;5.6087269770155;0.121856;5;-20.4453223081293 * no_8x8dct;1;0.798711436280574;
5;462.866471715946 * no_asm + -186.535774119725 * ref_1 + 173.287790276054 * ref_9 + 41.6750033217329 * no_fast_pskip + -21.1506387932518 * no_8x8dct + -14.4645081161909 * no_cabac;5.3659216661428;5.3659216661428;5.3659216661428;5.3659216661428;0.206527;6;-14.4645081161909 * no_cabac;1;0.2428053108727;
Elapsed=00:00:00.2073575
Learning progress:
1;553.103559322035 * no_asm + -270.779899191315 * ref_1;13.1663200408942;13.1663200408942;13.1663200408942;13.1663200408942;0.007783;2;-270.779899191315 * ref_1;1;21.6433807606272;
2;644.431111111112 * no_asm + -362.107450980392 * ref_1 + -176.666411657559 * ref_5;7.02483018113129;7.02483018113129;7.02483018113129;7.02483018113129;0.028921;3;-176.666411657559 * ref_5;1;6.14148985976288;
3;623.57217684745 * no_asm + -362.563192401278 * ref_1 + -179.19683974856 * ref_5 + 33.9702643722492 * no_mbtree;4.98253825883735;4.98253825883735;4.98253825883735;4.98253825883735;0.064812;4;33.9702643722492 * no_mbtree;1;2.04229192229394;
4;630.197189223161 * no_asm + -360.143918921774 * ref_1 + -177.881166408876 * ref_5 + 41.0272340120818 * no_mbtree + -31.230982140483 * no_8x8dct;4.333644361999;4.333644361999;4.333644361999;4.333644361999;0.126078;5;-31.230982140483 * no_8x8dct;1;0.648893896838348;
5;630.117489101377 * no_asm + -360.166597109125 * ref_1 + -175.195453699139 * ref_5 + 40.9927576843886 * no_mbtree + -30.9435032199361 * no_8x8dct + -7.16111891807436 * ref_5 * rc_lookahead_20;4.25328339869661;4.25328339869661;4.25328339869661;4.25328339869661;0.21196;7;-7.16111891807436 * ref_5 * rc_lookahead_20;2;0.0401804816511953;
Elapsed=00:00:00.2127565
Learning progress:
1;557.193045977012 * no_asm + -274.214178052484 * ref_1;14.9819942639837;14.9819942639837;14.9819942639837;14.9819942639837;0.007828;2;-274.214178052484 * ref_1;1;17.2646178292558;
2;466.793090909092 * no_asm + -183.814222984563 * ref_1 + 171.908111276701 * ref_9;7.434719392002;7.434719392002;7.434719392002;7.434719392002;0.028753;3;171.908111276701 * ref_9;1;7.54727487198173;
3;441.537777150209 * no_asm + -184.018443850537 * ref_1 + 171.789819408978 * ref_9 + 39.6869216211019 * no_mbtree;5.73066180807923;5.73066180807923;5.73066180807923;5.73066180807923;0.061886;4;39.6869216211019 * no_mbtree;1;1.70405758392277;
4;444.404061122899 * no_asm + -180.534296953939 * ref_1 + 173.745866213985 * ref_9 + 48.1690533476572 * no_mbtree + -28.4075143079629 * no_8x8dct;4.69525691749287;4.69525691749287;4.69525691749287;4.69525691749287;0.123591;5;-28.4075143079629 * no_8x8dct;1;1.03540489058636;
5;442.895103137019 * no_asm + -181.000652508457 * ref_1 + 174.057265812369 * ref_9 + 82.9039658360087 * no_mbtree + -19.0018741569567 * no_8x8dct + -51.3287796114002 * no_mbtree * no_mixed_refs;4.23035906617268;4.23035906617268;4.23035906617268;4.23035906617268;0.218561;7;-51.3287796114002 * no_mbtree * no_mixed_refs;2;0.232448925660094;
6;442.34038384101 * no_asm + -181.207632098977 * ref_1 + 176.016234256941 * ref_9 + 69.8473962279836 * no_mbtree + -19.534555807375 * no_8x8dct + -66.5153773634544 * no_mbtree * no_mixed_refs + 38.0729281638872 * no_mbtree * no_fast_pskip;3.40391794832594;3.40391794832594;3.40391794832594;3.40391794832594;0.346189;9;38.0729281638872 * no_mbtree * no_fast_pskip;2;0.413220558923373;
7;445.001433037198 * no_asm + -181.020835847317 * ref_1 + 175.98693773143 * ref_9 + 69.7830901868168 * no_mbtree + -19.3115105253599 * no_8x8dct + -65.844930516407 * no_mbtree * no_mixed_refs + 37.4242380305577 * no_mbtree * no_fast_pskip + -5.98068067885147 * no_cabac;3.19491181975358;3.19491181975358;3.19491181975358;3.19491181975358;0.524482;10;-5.98068067885147 * no_cabac;1;0.209006128572359;
8;451.27298100522 * no_asm + -180.987662903948 * ref_1 + 159.122503014364 * ref_9 + 60.0398663937938 * no_mbtree + -19.0498338149535 * no_8x8dct + -66.4493937820156 * no_mbtree * no_mixed_refs + 38.3029902799694 * no_mbtree * no_fast_pskip + -6.50903479677834 * no_cabac + 26.4745379553529 * ref_9 * no_mbtree;3.05314833881488;3.05314833881488;3.05314833881488;3.05314833881488;0.759866;12;26.4745379553529 * ref_9 * no_mbtree;2;0.0708817404693494;
Elapsed=00:00:00.7611806
Learning progress:
1;547.398220338983 * no_asm + -260.874566492829 * ref_1;11.3989391836158;11.3989391836158;11.3989391836158;11.3989391836158;0.008766;2;-260.874566492829 * ref_1;1;26.0798188735025;
2;462.968279569893 * no_asm + -176.444625723739 * ref_1 + 177.905946620584 * ref_9;7.08449903216945;7.08449903216945;7.08449903216945;7.08449903216945;0.028814;3;177.905946620584 * ref_9;1;4.31444015144636;
3;436.944140277197 * no_asm + -176.398070912839 * ref_1 + 177.797872952424 * ref_9 + 37.5231775848176 * no_mbtree;4.67683171670858;4.67683171670858;4.67683171670858;4.67683171670858;0.062865;4;37.5231775848176 * no_mbtree;1;2.40766731546087;
4;441.492397611921 * no_asm + -176.406207330254 * ref_1 + 155.356148975437 * ref_9 + 30.9652251487038 * no_mbtree + 48.3767029605835 * ref_9 * no_fast_pskip;4.58110121271222;4.58110121271222;4.58110121271222;4.58110121271222;0.12179;6;48.3767029605835 * ref_9 * no_fast_pskip;2;0.0478652519981821;
Elapsed=00:00:00.1224804
Learning progress:
1;544.251415929205 * no_asm + -260.489603063708 * ref_1;11.9142407250952;11.9142407250952;11.9142407250952;11.9142407250952;0.008021;2;-260.489603063708 * ref_1;1;19.2490369889813;
2;466.054270833334 * no_asm + -182.292457967836 * ref_1 + 180.3321917517 * ref_9;6.81366987336272;6.81366987336272;6.81366987336272;6.81366987336272;0.028218;3;180.3321917517 * ref_9;1;5.10057085173243;
3;466.054270833334 * no_asm + -182.292457967836 * ref_1 + 152.2090625 * ref_9 + 43.0635416666671 * ref_9 * no_mbtree;6.02255582595109;6.02255582595109;6.02255582595109;6.02255582595109;0.063827;5;43.0635416666671 * ref_9 * no_mbtree;2;0.395557023705817;
4;466.054270833334 * no_asm + -182.292457967836 * ref_1 + 171.78885228979 * ref_9 + 113.632367367367 * ref_9 * no_mbtree + -110.952142142142 * ref_9 * no_mixed_refs;5.63623409970869;5.63623409970869;5.63623409970869;5.63623409970869;0.121579;7;-110.952142142142 * ref_9 * no_mixed_refs;2;0.193160863121197;
5;466.054270833334 * no_asm + -182.292457967837 * ref_1 + 152.171801400403 * ref_9 + 79.2900492709354 * ref_9 * no_mbtree + -132.76550407258 * ref_9 * no_mixed_refs + 99.7324877277191 * ref_9 * no_fast_pskip;3.93391177244995;3.93391177244995;3.93391177244995;3.93391177244995;0.204981;9;99.7324877277191 * ref_9 * no_fast_pskip;2;0.851161163629369;
6;466.054270833333 * no_asm + -182.292457967836 * ref_1 + 157.447630054011 * ref_9 + 87.0859576310694 * ref_9 * no_mbtree + -131.88682674437 * ref_9 * no_mixed_refs + 97.3577248372555 * ref_9 * no_fast_pskip + -27.6086891780362 * ref_9 * no_8x8dct;3.60656836558722;3.60656836558722;3.60656836558722;3.60656836558722;0.320057;11;-27.6086891780362 * ref_9 * no_8x8dct;2;0.163671703431367;
7;466.054270833334 * no_asm + -182.292457967836 * ref_1 + 150.856331830669 * ref_9 + 96.8493936035616 * ref_9 * no_mbtree + -125.978409120925 * ref_9 * no_mixed_refs + 119.881897335998 * ref_9 * no_fast_pskip + -26.198646867529 * ref_9 * no_8x8dct + -34.4749489565449 * ref_9 * no_mbtree * no_fast_pskip;3.40348709055927;3.40348709055927;3.40348709055927;3.40348709055927;0.472525;14;-34.4749489565449 * ref_9 * no_mbtree * no_fast_pskip;3;0.0676937583426513;
Elapsed=00:00:00.4734607
Learning progress:
1;545.495615615616 * no_asm + -260.822395276632 * ref_1;15.5654986392619;15.5654986392619;15.5654986392619;15.5654986392619;0.007588;2;-260.822395276632 * ref_1;1;14.3234821886974;
2;470.554408602151 * no_asm + -185.881188263168 * ref_1 + 169.764775071319 * ref_9;7.90505506538216;7.90505506538216;7.90505506538216;7.90505506538216;0.028477;3;169.764775071319 * ref_9;1;7.66044357387977;
3;450.232904927533 * no_asm + -186.914485060182 * ref_1 + 173.21217301612 * ref_9 + 39.3729133695733 * no_fast_pskip;6.40743841329607;6.40743841329607;6.40743841329607;6.40743841329607;0.065607;4;39.3729133695733 * no_fast_pskip;1;1.49761665208609;
4;455.603780305189 * no_asm + -185.948327928839 * ref_1 + 173.500640364265 * ref_9 + 41.7451687679454 * no_fast_pskip + -20.4453223081293 * no_8x8dct;5.6087269770155;5.6087269770155;5.6087269770155;5.6087269770155;0.12639;5;-20.4453223081293 * no_8x8dct;1;0.798711436280574;
5;462.866471715946 * no_asm + -186.535774119725 * ref_1 + 173.287790276054 * ref_9 + 41.6750033217329 * no_fast_pskip + -21.1506387932518 * no_8x8dct + -14.4645081161909 * no_cabac;5.3659216661428;5.3659216661428;5.3659216661428;5.3659216661428;0.219321;6;-14.4645081161909 * no_cabac;1;0.2428053108727;
6;456.913453975058 * no_asm + -168.394261224118 * ref_1 + 174.329968253703 * ref_9 + 53.5491929291136 * no_fast_pskip + -21.7208762012931 * no_8x8dct + -14.447248760867 * no_cabac + -33.9687125570654 * ref_1 * no_fast_pskip;5.20189507902343;5.20189507902343;5.20189507902343;5.20189507902343;0.335396;8;-33.9687125570654 * ref_1 * no_fast_pskip;2;0.0820132935596862;
Elapsed=00:00:00.3363683
Learning progress:
1;553.103559322035 * no_asm + -270.779899191315 * ref_1;13.1663200408942;13.1663200408942;13.1663200408942;13.1663200408942;0.00858;2;-270.779899191315 * ref_1;1;21.6433807606272;
2;644.431111111112 * no_asm + -362.107450980392 * ref_1 + -176.666411657559 * ref_5;7.02483018113129;7.02483018113129;7.02483018113129;7.02483018113129;0.029248;3;-176.666411657559 * ref_5;1;6.14148985976288;
3;623.57217684745 * no_asm + -362.563192401278 * ref_1 + -179.19683974856 * ref_5 + 33.9702643722492 * no_mbtree;4.98253825883735;4.98253825883735;4.98253825883735;4.98253825883735;0.066812;4;33.9702643722492 * no_mbtree;1;2.04229192229394;
4;630.197189223161 * no_asm + -360.143918921774 * ref_1 + -177.881166408876 * ref_5 + 41.0272340120818 * no_mbtree + -31.230982140483 * no_8x8dct;4.333644361999;4.333644361999;4.333644361999;4.333644361999;0.127782;5;-31.230982140483 * no_8x8dct;1;0.648893896838348;
5;630.117489101377 * no_asm + -360.166597109125 * ref_1 + -175.195453699139 * ref_5 + 40.9927576843886 * no_mbtree + -30.9435032199361 * no_8x8dct + -7.16111891807436 * ref_5 * rc_lookahead_20;4.25328339869661;4.25328339869661;4.25328339869661;4.25328339869661;0.214823;7;-7.16111891807436 * ref_5 * rc_lookahead_20;2;0.0401804816511953;
Elapsed=00:00:00.2156165
Learning progress:
1;557.193045977012 * no_asm + -274.214178052484 * ref_1;14.9819942639837;14.9819942639837;14.9819942639837;14.9819942639837;0.008177;2;-274.214178052484 * ref_1;1;17.2646178292558;
2;466.793090909092 * no_asm + -183.814222984563 * ref_1 + 171.908111276701 * ref_9;7.434719392002;7.434719392002;7.434719392002;7.434719392002;0.028752;3;171.908111276701 * ref_9;1;7.54727487198173;
3;441.537777150209 * no_asm + -184.018443850537 * ref_1 + 171.789819408978 * ref_9 + 39.6869216211019 * no_mbtree;5.73066180807923;5.73066180807923;5.73066180807923;5.73066180807923;0.064142;4;39.6869216211019 * no_mbtree;1;1.70405758392277;
4;444.404061122899 * no_asm + -180.534296953939 * ref_1 + 173.745866213985 * ref_9 + 48.1690533476572 * no_mbtree + -28.4075143079629 * no_8x8dct;4.69525691749287;4.69525691749287;4.69525691749287;4.69525691749287;0.122822;5;-28.4075143079629 * no_8x8dct;1;1.03540489058636;
5;442.895103137019 * no_asm + -181.000652508457 * ref_1 + 174.057265812369 * ref_9 + 82.9039658360087 * no_mbtree + -19.0018741569567 * no_8x8dct + -51.3287796114002 * no_mbtree * no_mixed_refs;4.23035906617268;4.23035906617268;4.23035906617268;4.23035906617268;0.206462;7;-51.3287796114002 * no_mbtree * no_mixed_refs;2;0.232448925660094;
6;442.34038384101 * no_asm + -181.207632098977 * ref_1 + 176.016234256941 * ref_9 + 69.8473962279836 * no_mbtree + -19.534555807375 * no_8x8dct + -66.5153773634544 * no_mbtree * no_mixed_refs + 38.0729281638872 * no_mbtree * no_fast_pskip;3.40391794832594;3.40391794832594;3.40391794832594;3.40391794832594;0.338577;9;38.0729281638872 * no_mbtree * no_fast_pskip;2;0.413220558923373;
7;445.001433037198 * no_asm + -181.020835847317 * ref_1 + 175.98693773143 * ref_9 + 69.7830901868168 * no_mbtree + -19.3115105253599 * no_8x8dct + -65.844930516407 * no_mbtree * no_mixed_refs + 37.4242380305577 * no_mbtree * no_fast_pskip + -5.98068067885147 * no_cabac;3.19491181975358;3.19491181975358;3.19491181975358;3.19491181975358;0.525173;10;-5.98068067885147 * no_cabac;1;0.209006128572359;
8;451.27298100522 * no_asm + -180.987662903948 * ref_1 + 159.122503014364 * ref_9 + 60.0398663937938 * no_mbtree + -19.0498338149535 * no_8x8dct + -66.4493937820156 * no_mbtree * no_mixed_refs + 38.3029902799694 * no_mbtree * no_fast_pskip + -6.50903479677834 * no_cabac + 26.4745379553529 * ref_9 * no_mbtree;3.05314833881488;3.05314833881488;3.05314833881488;3.05314833881488;0.752375;12;26.4745379553529 * ref_9 * no_mbtree;2;0.0708817404693494;
Elapsed=00:00:00.7536636
Learning progress:
1;547.398220338983 * no_asm + -260.874566492829 * ref_1;11.3989391836158;11.3989391836158;11.3989391836158;11.3989391836158;0.007602;2;-260.874566492829 * ref_1;1;26.0798188735025;
2;462.968279569893 * no_asm + -176.444625723739 * ref_1 + 177.905946620584 * ref_9;7.08449903216945;7.08449903216945;7.08449903216945;7.08449903216945;0.028639;3;177.905946620584 * ref_9;1;4.31444015144636;
3;436.944140277197 * no_asm + -176.398070912839 * ref_1 + 177.797872952424 * ref_9 + 37.5231775848176 * no_mbtree;4.67683171670858;4.67683171670858;4.67683171670858;4.67683171670858;0.064174;4;37.5231775848176 * no_mbtree;1;2.40766731546087;
4;441.492397611921 * no_asm + -176.406207330254 * ref_1 + 155.356148975437 * ref_9 + 30.9652251487038 * no_mbtree + 48.3767029605835 * ref_9 * no_fast_pskip;4.58110121271222;4.58110121271222;4.58110121271222;4.58110121271222;0.124279;6;48.3767029605835 * ref_9 * no_fast_pskip;2;0.0478652519981821;
Elapsed=00:00:00.1249325
Learning progress:
1;544.251415929205 * no_asm + -260.489603063708 * ref_1;11.9142407250952;11.9142407250952;11.9142407250952;11.9142407250952;0.009978;2;-260.489603063708 * ref_1;1;19.2490369889813;
2;466.054270833334 * no_asm + -182.292457967836 * ref_1 + 180.3321917517 * ref_9;6.81366987336272;6.81366987336272;6.81366987336272;6.81366987336272;0.030615;3;180.3321917517 * ref_9;1;5.10057085173243;
3;466.054270833334 * no_asm + -182.292457967836 * ref_1 + 152.2090625 * ref_9 + 43.0635416666671 * ref_9 * no_mbtree;6.02255582595109;6.02255582595109;6.02255582595109;6.02255582595109;0.066023;5;43.0635416666671 * ref_9 * no_mbtree;2;0.395557023705817;
4;466.054270833334 * no_asm + -182.292457967836 * ref_1 + 171.78885228979 * ref_9 + 113.632367367367 * ref_9 * no_mbtree + -110.952142142142 * ref_9 * no_mixed_refs;5.63623409970869;5.63623409970869;5.63623409970869;5.63623409970869;0.123734;7;-110.952142142142 * ref_9 * no_mixed_refs;2;0.193160863121197;
Elapsed=00:00:00.1257196
Learning progress:
1;545.495615615616 * no_asm + -260.822395276632 * ref_1;15.5654986392619;15.5654986392619;15.5654986392619;15.5654986392619;0.008233;2;-260.822395276632 * ref_1;1;14.3234821886974;
2;470.554408602151 * no_asm + -185.881188263168 * ref_1 + 169.764775071319 * ref_9;7.90505506538216;7.90505506538216;7.90505506538216;7.90505506538216;0.02867;3;169.764775071319 * ref_9;1;7.66044357387977;
3;450.232904927533 * no_asm + -186.914485060182 * ref_1 + 173.21217301612 * ref_9 + 39.3729133695733 * no_fast_pskip;6.40743841329607;6.40743841329607;6.40743841329607;6.40743841329607;0.064851;4;39.3729133695733 * no_fast_pskip;1;1.49761665208609;
4;455.603780305189 * no_asm + -185.948327928839 * ref_1 + 173.500640364265 * ref_9 + 41.7451687679454 * no_fast_pskip + -20.4453223081293 * no_8x8dct;5.6087269770155;5.6087269770155;5.6087269770155;5.6087269770155;0.12455;5;-20.4453223081293 * no_8x8dct;1;0.798711436280574;
5;462.866471715946 * no_asm + -186.535774119725 * ref_1 + 173.287790276054 * ref_9 + 41.6750033217329 * no_fast_pskip + -21.1506387932518 * no_8x8dct + -14.4645081161909 * no_cabac;5.3659216661428;5.3659216661428;5.3659216661428;5.3659216661428;0.208332;6;-14.4645081161909 * no_cabac;1;0.2428053108727;
6;456.913453975058 * no_asm + -168.394261224118 * ref_1 + 174.329968253703 * ref_9 + 53.5491929291136 * no_fast_pskip + -21.7208762012931 * no_8x8dct + -14.447248760867 * no_cabac + -33.9687125570654 * ref_1 * no_fast_pskip;5.20189507902343;5.20189507902343;5.20189507902343;5.20189507902343;0.332111;8;-33.9687125570654 * ref_1 * no_fast_pskip;2;0.0820132935596862;
Elapsed=00:00:00.3330536
Learning progress:
1;553.103559322035 * no_asm + -270.779899191315 * ref_1;13.1663200408942;13.1663200408942;13.1663200408942;13.1663200408942;0.007208;2;-270.779899191315 * ref_1;1;21.6433807606272;
2;644.431111111112 * no_asm + -362.107450980392 * ref_1 + -176.666411657559 * ref_5;7.02483018113129;7.02483018113129;7.02483018113129;7.02483018113129;0.027776;3;-176.666411657559 * ref_5;1;6.14148985976288;
3;623.57217684745 * no_asm + -362.563192401278 * ref_1 + -179.19683974856 * ref_5 + 33.9702643722492 * no_mbtree;4.98253825883735;4.98253825883735;4.98253825883735;4.98253825883735;0.063378;4;33.9702643722492 * no_mbtree;1;2.04229192229394;
4;630.197189223161 * no_asm + -360.143918921774 * ref_1 + -177.881166408876 * ref_5 + 41.0272340120818 * no_mbtree + -31.230982140483 * no_8x8dct;4.333644361999;4.333644361999;4.333644361999;4.333644361999;0.126133;5;-31.230982140483 * no_8x8dct;1;0.648893896838348;
5;630.117489101377 * no_asm + -360.166597109125 * ref_1 + -175.195453699139 * ref_5 + 40.9927576843886 * no_mbtree + -30.9435032199361 * no_8x8dct + -7.16111891807436 * ref_5 * rc_lookahead_20;4.25328339869661;4.25328339869661;4.25328339869661;4.25328339869661;0.210926;7;-7.16111891807436 * ref_5 * rc_lookahead_20;2;0.0401804816511953;
Elapsed=00:00:00.2117432
Learning progress:
1;557.193045977012 * no_asm + -274.214178052484 * ref_1;14.9819942639837;14.9819942639837;14.9819942639837;14.9819942639837;0.00834;2;-274.214178052484 * ref_1;1;17.2646178292558;
2;466.793090909092 * no_asm + -183.814222984563 * ref_1 + 171.908111276701 * ref_9;7.434719392002;7.434719392002;7.434719392002;7.434719392002;0.029185;3;171.908111276701 * ref_9;1;7.54727487198173;
3;441.537777150209 * no_asm + -184.018443850537 * ref_1 + 171.789819408978 * ref_9 + 39.6869216211019 * no_mbtree;5.73066180807923;5.73066180807923;5.73066180807923;5.73066180807923;0.061668;4;39.6869216211019 * no_mbtree;1;1.70405758392277;
4;444.404061122899 * no_asm + -180.534296953939 * ref_1 + 173.745866213985 * ref_9 + 48.1690533476572 * no_mbtree + -28.4075143079629 * no_8x8dct;4.69525691749287;4.69525691749287;4.69525691749287;4.69525691749287;0.123035;5;-28.4075143079629 * no_8x8dct;1;1.03540489058636;
5;442.895103137019 * no_asm + -181.000652508457 * ref_1 + 174.057265812369 * ref_9 + 82.9039658360087 * no_mbtree + -19.0018741569567 * no_8x8dct + -51.3287796114002 * no_mbtree * no_mixed_refs;4.23035906617268;4.23035906617268;4.23035906617268;4.23035906617268;0.207544;7;-51.3287796114002 * no_mbtree * no_mixed_refs;2;0.232448925660094;
Elapsed=00:00:00.2084629
Learning progress:
1;547.398220338983 * no_asm + -260.874566492829 * ref_1;11.3989391836158;11.3989391836158;11.3989391836158;11.3989391836158;0.00808;2;-260.874566492829 * ref_1;1;26.0798188735025;
2;462.968279569893 * no_asm + -176.444625723739 * ref_1 + 177.905946620584 * ref_9;7.08449903216945;7.08449903216945;7.08449903216945;7.08449903216945;0.027682;3;177.905946620584 * ref_9;1;4.31444015144636;
3;436.944140277197 * no_asm + -176.398070912839 * ref_1 + 177.797872952424 * ref_9 + 37.5231775848176 * no_mbtree;4.67683171670858;4.67683171670858;4.67683171670858;4.67683171670858;0.062366;4;37.5231775848176 * no_mbtree;1;2.40766731546087;
4;441.492397611921 * no_asm + -176.406207330254 * ref_1 + 155.356148975437 * ref_9 + 30.9652251487038 * no_mbtree + 48.3767029605835 * ref_9 * no_fast_pskip;4.58110121271222;4.58110121271222;4.58110121271222;4.58110121271222;0.121426;6;48.3767029605835 * ref_9 * no_fast_pskip;2;0.0478652519981821;
Elapsed=00:00:00.1220652
Learning progress:
1;544.251415929205 * no_asm + -260.489603063708 * ref_1;11.9142407250952;11.9142407250952;11.9142407250952;11.9142407250952;0.009661;2;-260.489603063708 * ref_1;1;19.2490369889813;
2;466.054270833334 * no_asm + -182.292457967836 * ref_1 + 180.3321917517 * ref_9;6.81366987336272;6.81366987336272;6.81366987336272;6.81366987336272;0.030216;3;180.3321917517 * ref_9;1;5.10057085173243;
3;466.054270833334 * no_asm + -182.292457967836 * ref_1 + 152.2090625 * ref_9 + 43.0635416666671 * ref_9 * no_mbtree;6.02255582595109;6.02255582595109;6.02255582595109;6.02255582595109;0.063951;5;43.0635416666671 * ref_9 * no_mbtree;2;0.395557023705817;
Elapsed=00:00:00.0645418
Learning progress:
1;545.495615615616 * no_asm + -260.822395276632 * ref_1;15.5654986392619;15.5654986392619;15.5654986392619;15.5654986392619;0.00967;2;-260.822395276632 * ref_1;1;14.3234821886974;
2;470.554408602151 * no_asm + -185.881188263168 * ref_1 + 169.764775071319 * ref_9;7.90505506538216;7.90505506538216;7.90505506538216;7.90505506538216;0.030244;3;169.764775071319 * ref_9;1;7.66044357387977;
3;450.232904927533 * no_asm + -186.914485060182 * ref_1 + 173.21217301612 * ref_9 + 39.3729133695733 * no_fast_pskip;6.40743841329607;6.40743841329607;6.40743841329607;6.40743841329607;0.065665;4;39.3729133695733 * no_fast_pskip;1;1.49761665208609;
4;455.603780305189 * no_asm + -185.948327928839 * ref_1 + 173.500640364265 * ref_9 + 41.7451687679454 * no_fast_pskip + -20.4453223081293 * no_8x8dct;5.6087269770155;5.6087269770155;5.6087269770155;5.6087269770155;0.123971;5;-20.4453223081293 * no_8x8dct;1;0.798711436280574;
5;462.866471715946 * no_asm + -186.535774119725 * ref_1 + 173.287790276054 * ref_9 + 41.6750033217329 * no_fast_pskip + -21.1506387932518 * no_8x8dct + -14.4645081161909 * no_cabac;5.3659216661428;5.3659216661428;5.3659216661428;5.3659216661428;0.208252;6;-14.4645081161909 * no_cabac;1;0.2428053108727;
Elapsed=00:00:00.2090851
Learning progress:
1;553.103559322035 * no_asm + -270.779899191315 * ref_1;13.1663200408942;13.1663200408942;13.1663200408942;13.1663200408942;0.009794;2;-270.779899191315 * ref_1;1;21.6433807606272;
2;644.431111111112 * no_asm + -362.107450980392 * ref_1 + -176.666411657559 * ref_5;7.02483018113129;7.02483018113129;7.02483018113129;7.02483018113129;0.030067;3;-176.666411657559 * ref_5;1;6.14148985976288;
3;623.57217684745 * no_asm + -362.563192401278 * ref_1 + -179.19683974856 * ref_5 + 33.9702643722492 * no_mbtree;4.98253825883735;4.98253825883735;4.98253825883735;4.98253825883735;0.06624;4;33.9702643722492 * no_mbtree;1;2.04229192229394;
4;630.197189223161 * no_asm + -360.143918921774 * ref_1 + -177.881166408876 * ref_5 + 41.0272340120818 * no_mbtree + -31.230982140483 * no_8x8dct;4.333644361999;4.333644361999;4.333644361999;4.333644361999;0.129644;5;-31.230982140483 * no_8x8dct;1;0.648893896838348;
5;630.117489101377 * no_asm + -360.166597109125 * ref_1 + -175.195453699139 * ref_5 + 40.9927576843886 * no_mbtree + -30.9435032199361 * no_8x8dct + -7.16111891807436 * ref_5 * rc_lookahead_20;4.25328339869661;4.25328339869661;4.25328339869661;4.25328339869661;0.222765;7;-7.16111891807436 * ref_5 * rc_lookahead_20;2;0.0401804816511953;
Elapsed=00:00:00.2235559
Learning progress:
1;557.193045977012 * no_asm + -274.214178052484 * ref_1;14.9819942639837;14.9819942639837;14.9819942639837;14.9819942639837;0.008795;2;-274.214178052484 * ref_1;1;17.2646178292558;
2;466.793090909092 * no_asm + -183.814222984563 * ref_1 + 171.908111276701 * ref_9;7.434719392002;7.434719392002;7.434719392002;7.434719392002;0.029504;3;171.908111276701 * ref_9;1;7.54727487198173;
3;441.537777150209 * no_asm + -184.018443850537 * ref_1 + 171.789819408978 * ref_9 + 39.6869216211019 * no_mbtree;5.73066180807923;5.73066180807923;5.73066180807923;5.73066180807923;0.065426;4;39.6869216211019 * no_mbtree;1;1.70405758392277;
4;444.404061122899 * no_asm + -180.534296953939 * ref_1 + 173.745866213985 * ref_9 + 48.1690533476572 * no_mbtree + -28.4075143079629 * no_8x8dct;4.69525691749287;4.69525691749287;4.69525691749287;4.69525691749287;0.124252;5;-28.4075143079629 * no_8x8dct;1;1.03540489058636;
5;442.895103137019 * no_asm + -181.000652508457 * ref_1 + 174.057265812369 * ref_9 + 82.9039658360087 * no_mbtree + -19.0018741569567 * no_8x8dct + -51.3287796114002 * no_mbtree * no_mixed_refs;4.23035906617268;4.23035906617268;4.23035906617268;4.23035906617268;0.208366;7;-51.3287796114002 * no_mbtree * no_mixed_refs;2;0.232448925660094;
6;442.34038384101 * no_asm + -181.207632098977 * ref_1 + 176.016234256941 * ref_9 + 69.8473962279836 * no_mbtree + -19.534555807375 * no_8x8dct + -66.5153773634544 * no_mbtree * no_mixed_refs + 38.0729281638872 * no_mbtree * no_fast_pskip;3.40391794832594;3.40391794832594;3.40391794832594;3.40391794832594;0.33787;9;38.0729281638872 * no_mbtree * no_fast_pskip;2;0.413220558923373;
7;445.001433037198 * no_asm + -181.020835847317 * ref_1 + 175.98693773143 * ref_9 + 69.7830901868168 * no_mbtree + -19.3115105253599 * no_8x8dct + -65.844930516407 * no_mbtree * no_mixed_refs + 37.4242380305577 * no_mbtree * no_fast_pskip + -5.98068067885147 * no_cabac;3.19491181975358;3.19491181975358;3.19491181975358;3.19491181975358;0.517353;10;-5.98068067885147 * no_cabac;1;0.209006128572359;
8;451.27298100522 * no_asm + -180.987662903948 * ref_1 + 159.122503014364 * ref_9 + 60.0398663937938 * no_mbtree + -19.0498338149535 * no_8x8dct + -66.4493937820156 * no_mbtree * no_mixed_refs + 38.3029902799694 * no_mbtree * no_fast_pskip + -6.50903479677834 * no_cabac + 26.4745379553529 * ref_9 * no_mbtree;3.05314833881488;3.05314833881488;3.05314833881488;3.05314833881488;0.751062;12;26.4745379553529 * ref_9 * no_mbtree;2;0.0708817404693494;
Elapsed=00:00:00.7523464
Learning progress:
1;547.398220338983 * no_asm + -260.874566492829 * ref_1;11.3989391836158;11.3989391836158;11.3989391836158;11.3989391836158;0.00936;2;-260.874566492829 * ref_1;1;26.0798188735025;
2;462.968279569893 * no_asm + -176.444625723739 * ref_1 + 177.905946620584 * ref_9;7.08449903216945;7.08449903216945;7.08449903216945;7.08449903216945;0.030387;3;177.905946620584 * ref_9;1;4.31444015144636;
3;436.944140277197 * no_asm + -176.398070912839 * ref_1 + 177.797872952424 * ref_9 + 37.5231775848176 * no_mbtree;4.67683171670858;4.67683171670858;4.67683171670858;4.67683171670858;0.065077;4;37.5231775848176 * no_mbtree;1;2.40766731546087;
4;441.492397611921 * no_asm + -176.406207330254 * ref_1 + 155.356148975437 * ref_9 + 30.9652251487038 * no_mbtree + 48.3767029605835 * ref_9 * no_fast_pskip;4.58110121271222;4.58110121271222;4.58110121271222;4.58110121271222;0.122706;6;48.3767029605835 * ref_9 * no_fast_pskip;2;0.0478652519981821;
Elapsed=00:00:00.1233944
Learning progress:
1;544.251415929205 * no_asm + -260.489603063708 * ref_1;11.9142407250952;11.9142407250952;11.9142407250952;11.9142407250952;0.007802;2;-260.489603063708 * ref_1;1;19.2490369889813;
2;466.054270833334 * no_asm + -182.292457967836 * ref_1 + 180.3321917517 * ref_9;6.81366987336272;6.81366987336272;6.81366987336272;6.81366987336272;0.028057;3;180.3321917517 * ref_9;1;5.10057085173243;
3;466.054270833334 * no_asm + -182.292457967836 * ref_1 + 152.2090625 * ref_9 + 43.0635416666671 * ref_9 * no_mbtree;6.02255582595109;6.02255582595109;6.02255582595109;6.02255582595109;0.063449;5;43.0635416666671 * ref_9 * no_mbtree;2;0.395557023705817;
4;466.054270833334 * no_asm + -182.292457967836 * ref_1 + 171.78885228979 * ref_9 + 113.632367367367 * ref_9 * no_mbtree + -110.952142142142 * ref_9 * no_mixed_refs;5.63623409970869;5.63623409970869;5.63623409970869;5.63623409970869;0.122046;7;-110.952142142142 * ref_9 * no_mixed_refs;2;0.193160863121197;
5;466.054270833334 * no_asm + -182.292457967837 * ref_1 + 152.171801400403 * ref_9 + 79.2900492709354 * ref_9 * no_mbtree + -132.76550407258 * ref_9 * no_mixed_refs + 99.7324877277191 * ref_9 * no_fast_pskip;3.93391177244995;3.93391177244995;3.93391177244995;3.93391177244995;0.205277;9;99.7324877277191 * ref_9 * no_fast_pskip;2;0.851161163629369;
6;466.054270833333 * no_asm + -182.292457967836 * ref_1 + 157.447630054011 * ref_9 + 87.0859576310694 * ref_9 * no_mbtree + -131.88682674437 * ref_9 * no_mixed_refs + 97.3577248372555 * ref_9 * no_fast_pskip + -27.6086891780362 * ref_9 * no_8x8dct;3.60656836558722;3.60656836558722;3.60656836558722;3.60656836558722;0.318585;11;-27.6086891780362 * ref_9 * no_8x8dct;2;0.163671703431367;
7;466.054270833334 * no_asm + -182.292457967836 * ref_1 + 150.856331830669 * ref_9 + 96.8493936035616 * ref_9 * no_mbtree + -125.978409120925 * ref_9 * no_mixed_refs + 119.881897335998 * ref_9 * no_fast_pskip + -26.198646867529 * ref_9 * no_8x8dct + -34.4749489565449 * ref_9 * no_mbtree * no_fast_pskip;3.40348709055927;3.40348709055927;3.40348709055927;3.40348709055927;0.469712;14;-34.4749489565449 * ref_9 * no_mbtree * no_fast_pskip;3;0.0676937583426513;
Elapsed=00:00:00.4705843
Learning progress:
1;545.495615615616 * no_asm + -260.822395276632 * ref_1;15.5654986392619;15.5654986392619;15.5654986392619;15.5654986392619;0.009099;2;-260.822395276632 * ref_1;1;14.3234821886974;
2;470.554408602151 * no_asm + -185.881188263168 * ref_1 + 169.764775071319 * ref_9;7.90505506538216;7.90505506538216;7.90505506538216;7.90505506538216;0.029395;3;169.764775071319 * ref_9;1;7.66044357387977;
3;450.232904927533 * no_asm + -186.914485060182 * ref_1 + 173.21217301612 * ref_9 + 39.3729133695733 * no_fast_pskip;6.40743841329607;6.40743841329607;6.40743841329607;6.40743841329607;0.068022;4;39.3729133695733 * no_fast_pskip;1;1.49761665208609;
4;455.603780305189 * no_asm + -185.948327928839 * ref_1 + 173.500640364265 * ref_9 + 41.7451687679454 * no_fast_pskip + -20.4453223081293 * no_8x8dct;5.6087269770155;5.6087269770155;5.6087269770155;5.6087269770155;0.126881;5;-20.4453223081293 * no_8x8dct;1;0.798711436280574;
5;462.866471715946 * no_asm + -186.535774119725 * ref_1 + 173.287790276054 * ref_9 + 41.6750033217329 * no_fast_pskip + -21.1506387932518 * no_8x8dct + -14.4645081161909 * no_cabac;5.3659216661428;5.3659216661428;5.3659216661428;5.3659216661428;0.207424;6;-14.4645081161909 * no_cabac;1;0.2428053108727;
6;456.913453975058 * no_asm + -168.394261224118 * ref_1 + 174.329968253703 * ref_9 + 53.5491929291136 * no_fast_pskip + -21.7208762012931 * no_8x8dct + -14.447248760867 * no_cabac + -33.9687125570654 * ref_1 * no_fast_pskip;5.20189507902343;5.20189507902343;5.20189507902343;5.20189507902343;0.32324;8;-33.9687125570654 * ref_1 * no_fast_pskip;2;0.0820132935596862;
Elapsed=00:00:00.3241335
Learning progress:
1;553.103559322035 * no_asm + -270.779899191315 * ref_1;13.1663200408942;13.1663200408942;13.1663200408942;13.1663200408942;0.007509;2;-270.779899191315 * ref_1;1;21.6433807606272;
2;644.431111111112 * no_asm + -362.107450980392 * ref_1 + -176.666411657559 * ref_5;7.02483018113129;7.02483018113129;7.02483018113129;7.02483018113129;0.028706;3;-176.666411657559 * ref_5;1;6.14148985976288;
3;623.57217684745 * no_asm + -362.563192401278 * ref_1 + -179.19683974856 * ref_5 + 33.9702643722492 * no_mbtree;4.98253825883735;4.98253825883735;4.98253825883735;4.98253825883735;0.063016;4;33.9702643722492 * no_mbtree;1;2.04229192229394;
4;630.197189223161 * no_asm + -360.143918921774 * ref_1 + -177.881166408876 * ref_5 + 41.0272340120818 * no_mbtree + -31.230982140483 * no_8x8dct;4.333644361999;4.333644361999;4.333644361999;4.333644361999;0.125016;5;-31.230982140483 * no_8x8dct;1;0.648893896838348;
5;630.117489101377 * no_asm + -360.166597109125 * ref_1 + -175.195453699139 * ref_5 + 40.9927576843886 * no_mbtree + -30.9435032199361 * no_8x8dct + -7.16111891807436 * ref_5 * rc_lookahead_20;4.25328339869661;4.25328339869661;4.25328339869661;4.25328339869661;0.209738;7;-7.16111891807436 * ref_5 * rc_lookahead_20;2;0.0401804816511953;
Elapsed=00:00:00.2105341
Learning progress:
1;557.193045977012 * no_asm + -274.214178052484 * ref_1;14.9819942639837;14.9819942639837;14.9819942639837;14.9819942639837;0.00797;2;-274.214178052484 * ref_1;1;17.2646178292558;
2;466.793090909092 * no_asm + -183.814222984563 * ref_1 + 171.908111276701 * ref_9;7.434719392002;7.434719392002;7.434719392002;7.434719392002;0.027858;3;171.908111276701 * ref_9;1;7.54727487198173;
3;441.537777150209 * no_asm + -184.018443850537 * ref_1 + 171.789819408978 * ref_9 + 39.6869216211019 * no_mbtree;5.73066180807923;5.73066180807923;5.73066180807923;5.73066180807923;0.061322;4;39.6869216211019 * no_mbtree;1;1.70405758392277;
4;444.404061122899 * no_asm + -180.534296953939 * ref_1 + 173.745866213985 * ref_9 + 48.1690533476572 * no_mbtree + -28.4075143079629 * no_8x8dct;4.69525691749287;4.69525691749287;4.69525691749287;4.69525691749287;0.121194;5;-28.4075143079629 * no_8x8dct;1;1.03540489058636;
5;442.895103137019 * no_asm + -181.000652508457 * ref_1 + 174.057265812369 * ref_9 + 82.9039658360087 * no_mbtree + -19.0018741569567 * no_8x8dct + -51.3287796114002 * no_mbtree * no_mixed_refs;4.23035906617268;4.23035906617268;4.23035906617268;4.23035906617268;0.203694;7;-51.3287796114002 * no_mbtree * no_mixed_refs;2;0.232448925660094;
6;442.34038384101 * no_asm + -181.207632098977 * ref_1 + 176.016234256941 * ref_9 + 69.8473962279836 * no_mbtree + -19.534555807375 * no_8x8dct + -66.5153773634544 * no_mbtree * no_mixed_refs + 38.0729281638872 * no_mbtree * no_fast_pskip;3.40391794832594;3.40391794832594;3.40391794832594;3.40391794832594;0.345316;9;38.0729281638872 * no_mbtree * no_fast_pskip;2;0.413220558923373;
7;445.001433037198 * no_asm + -181.020835847317 * ref_1 + 175.98693773143 * ref_9 + 69.7830901868168 * no_mbtree + -19.3115105253599 * no_8x8dct + -65.844930516407 * no_mbtree * no_mixed_refs + 37.4242380305577 * no_mbtree * no_fast_pskip + -5.98068067885147 * no_cabac;3.19491181975358;3.19491181975358;3.19491181975358;3.19491181975358;0.522936;10;-5.98068067885147 * no_cabac;1;0.209006128572359;
8;451.27298100522 * no_asm + -180.987662903948 * ref_1 + 159.122503014364 * ref_9 + 60.0398663937938 * no_mbtree + -19.0498338149535 * no_8x8dct + -66.4493937820156 * no_mbtree * no_mixed_refs + 38.3029902799694 * no_mbtree * no_fast_pskip + -6.50903479677834 * no_cabac + 26.4745379553529 * ref_9 * no_mbtree;3.05314833881488;3.05314833881488;3.05314833881488;3.05314833881488;0.749565;12;26.4745379553529 * ref_9 * no_mbtree;2;0.0708817404693494;
Elapsed=00:00:00.7508416
Learning progress:
1;547.398220338983 * no_asm + -260.874566492829 * ref_1;11.3989391836158;11.3989391836158;11.3989391836158;11.3989391836158;0.009472;2;-260.874566492829 * ref_1;1;26.0798188735025;
2;462.968279569893 * no_asm + -176.444625723739 * ref_1 + 177.905946620584 * ref_9;7.08449903216945;7.08449903216945;7.08449903216945;7.08449903216945;0.029405;3;177.905946620584 * ref_9;1;4.31444015144636;
3;436.944140277197 * no_asm + -176.398070912839 * ref_1 + 177.797872952424 * ref_9 + 37.5231775848176 * no_mbtree;4.67683171670858;4.67683171670858;4.67683171670858;4.67683171670858;0.063982;4;37.5231775848176 * no_mbtree;1;2.40766731546087;
4;441.492397611921 * no_asm + -176.406207330254 * ref_1 + 155.356148975437 * ref_9 + 30.9652251487038 * no_mbtree + 48.3767029605835 * ref_9 * no_fast_pskip;4.58110121271222;4.58110121271222;4.58110121271222;4.58110121271222;0.123557;6;48.3767029605835 * ref_9 * no_fast_pskip;2;0.0478652519981821;
Elapsed=00:00:00.1242091
Learning progress:
1;544.251415929205 * no_asm + -260.489603063708 * ref_1;11.9142407250952;11.9142407250952;11.9142407250952;11.9142407250952;0.009591;2;-260.489603063708 * ref_1;1;19.2490369889813;
2;466.054270833334 * no_asm + -182.292457967836 * ref_1 + 180.3321917517 * ref_9;6.81366987336272;6.81366987336272;6.81366987336272;6.81366987336272;0.02742;3;180.3321917517 * ref_9;1;5.10057085173243;
3;466.054270833334 * no_asm + -182.292457967836 * ref_1 + 152.2090625 * ref_9 + 43.0635416666671 * ref_9 * no_mbtree;6.02255582595109;6.02255582595109;6.02255582595109;6.02255582595109;0.064387;5;43.0635416666671 * ref_9 * no_mbtree;2;0.395557023705817;
4;466.054270833334 * no_asm + -182.292457967836 * ref_1 + 171.78885228979 * ref_9 + 113.632367367367 * ref_9 * no_mbtree + -110.952142142142 * ref_9 * no_mixed_refs;5.63623409970869;5.63623409970869;5.63623409970869;5.63623409970869;0.121074;7;-110.952142142142 * ref_9 * no_mixed_refs;2;0.193160863121197;
Elapsed=00:00:00.1217581
Learning progress:
1;545.495615615616 * no_asm + -260.822395276632 * ref_1;15.5654986392619;15.5654986392619;15.5654986392619;15.5654986392619;0.009929;2;-260.822395276632 * ref_1;1;14.3234821886974;
2;470.554408602151 * no_asm + -185.881188263168 * ref_1 + 169.764775071319 * ref_9;7.90505506538216;7.90505506538216;7.90505506538216;7.90505506538216;0.030518;3;169.764775071319 * ref_9;1;7.66044357387977;
3;450.232904927533 * no_asm + -186.914485060182 * ref_1 + 173.21217301612 * ref_9 + 39.3729133695733 * no_fast_pskip;6.40743841329607;6.40743841329607;6.40743841329607;6.40743841329607;0.0643;4;39.3729133695733 * no_fast_pskip;1;1.49761665208609;
4;455.603780305189 * no_asm + -185.948327928839 * ref_1 + 173.500640364265 * ref_9 + 41.7451687679454 * no_fast_pskip + -20.4453223081293 * no_8x8dct;5.6087269770155;5.6087269770155;5.6087269770155;5.6087269770155;0.123095;5;-20.4453223081293 * no_8x8dct;1;0.798711436280574;
5;462.866471715946 * no_asm + -186.535774119725 * ref_1 + 173.287790276054 * ref_9 + 41.6750033217329 * no_fast_pskip + -21.1506387932518 * no_8x8dct + -14.4645081161909 * no_cabac;5.3659216661428;5.3659216661428;5.3659216661428;5.3659216661428;0.216143;6;-14.4645081161909 * no_cabac;1;0.2428053108727;
6;456.913453975058 * no_asm + -168.394261224118 * ref_1 + 174.329968253703 * ref_9 + 53.5491929291136 * no_fast_pskip + -21.7208762012931 * no_8x8dct + -14.447248760867 * no_cabac + -33.9687125570654 * ref_1 * no_fast_pskip;5.20189507902343;5.20189507902343;5.20189507902343;5.20189507902343;0.330355;8;-33.9687125570654 * ref_1 * no_fast_pskip;2;0.0820132935596862;
Elapsed=00:00:00.3313190
Learning progress:
1;553.103559322035 * no_asm + -270.779899191315 * ref_1;13.1663200408942;13.1663200408942;13.1663200408942;13.1663200408942;0.009709;2;-270.779899191315 * ref_1;1;21.6433807606272;
2;644.431111111112 * no_asm + -362.107450980392 * ref_1 + -176.666411657559 * ref_5;7.02483018113129;7.02483018113129;7.02483018113129;7.02483018113129;0.029544;3;-176.666411657559 * ref_5;1;6.14148985976288;
3;623.57217684745 * no_asm + -362.563192401278 * ref_1 + -179.19683974856 * ref_5 + 33.9702643722492 * no_mbtree;4.98253825883735;4.98253825883735;4.98253825883735;4.98253825883735;0.066134;4;33.9702643722492 * no_mbtree;1;2.04229192229394;
4;630.197189223161 * no_asm + -360.143918921774 * ref_1 + -177.881166408876 * ref_5 + 41.0272340120818 * no_mbtree + -31.230982140483 * no_8x8dct;4.333644361999;4.333644361999;4.333644361999;4.333644361999;0.129736;5;-31.230982140483 * no_8x8dct;1;0.648893896838348;
5;630.117489101377 * no_asm + -360.166597109125 * ref_1 + -175.195453699139 * ref_5 + 40.9927576843886 * no_mbtree + -30.9435032199361 * no_8x8dct + -7.16111891807436 * ref_5 * rc_lookahead_20;4.25328339869661;4.25328339869661;4.25328339869661;4.25328339869661;0.215759;7;-7.16111891807436 * ref_5 * rc_lookahead_20;2;0.0401804816511953;
Elapsed=00:00:00.2165784
Learning progress:
1;557.193045977012 * no_asm + -274.214178052484 * ref_1;14.9819942639837;14.9819942639837;14.9819942639837;14.9819942639837;0.009105;2;-274.214178052484 * ref_1;1;17.2646178292558;
2;466.793090909092 * no_asm + -183.814222984563 * ref_1 + 171.908111276701 * ref_9;7.434719392002;7.434719392002;7.434719392002;7.434719392002;0.030206;3;171.908111276701 * ref_9;1;7.54727487198173;
3;441.537777150209 * no_asm + -184.018443850537 * ref_1 + 171.789819408978 * ref_9 + 39.6869216211019 * no_mbtree;5.73066180807923;5.73066180807923;5.73066180807923;5.73066180807923;0.063275;4;39.6869216211019 * no_mbtree;1;1.70405758392277;
4;444.404061122899 * no_asm + -180.534296953939 * ref_1 + 173.745866213985 * ref_9 + 48.1690533476572 * no_mbtree + -28.4075143079629 * no_8x8dct;4.69525691749287;4.69525691749287;4.69525691749287;4.69525691749287;0.124137;5;-28.4075143079629 * no_8x8dct;1;1.03540489058636;
5;442.895103137019 * no_asm + -181.000652508457 * ref_1 + 174.057265812369 * ref_9 + 82.9039658360087 * no_mbtree + -19.0018741569567 * no_8x8dct + -51.3287796114002 * no_mbtree * no_mixed_refs;4.23035906617268;4.23035906617268;4.23035906617268;4.23035906617268;0.209544;7;-51.3287796114002 * no_mbtree * no_mixed_refs;2;0.232448925660094;
Elapsed=00:00:00.2104621
Learning progress:
1;547.398220338983 * no_asm + -260.874566492829 * ref_1;11.3989391836158;11.3989391836158;11.3989391836158;11.3989391836158;0.009732;2;-260.874566492829 * ref_1;1;26.0798188735025;
2;462.968279569893 * no_asm + -176.444625723739 * ref_1 + 177.905946620584 * ref_9;7.08449903216945;7.08449903216945;7.08449903216945;7.08449903216945;0.029958;3;177.905946620584 * ref_9;1;4.31444015144636;
3;436.944140277197 * no_asm + -176.398070912839 * ref_1 + 177.797872952424 * ref_9 + 37.5231775848176 * no_mbtree;4.67683171670858;4.67683171670858;4.67683171670858;4.67683171670858;0.063986;4;37.5231775848176 * no_mbtree;1;2.40766731546087;
4;441.492397611921 * no_asm + -176.406207330254 * ref_1 + 155.356148975437 * ref_9 + 30.9652251487038 * no_mbtree + 48.3767029605835 * ref_9 * no_fast_pskip;4.58110121271222;4.58110121271222;4.58110121271222;4.58110121271222;0.12498;6;48.3767029605835 * ref_9 * no_fast_pskip;2;0.0478652519981821;
Elapsed=00:00:00.1256300
Learning progress:
1;544.251415929205 * no_asm + -260.489603063708 * ref_1;11.9142407250952;11.9142407250952;11.9142407250952;11.9142407250952;0.008357;2;-260.489603063708 * ref_1;1;19.2490369889813;
2;466.054270833334 * no_asm + -182.292457967836 * ref_1 + 180.3321917517 * ref_9;6.81366987336272;6.81366987336272;6.81366987336272;6.81366987336272;0.02753;3;180.3321917517 * ref_9;1;5.10057085173243;
3;466.054270833334 * no_asm + -182.292457967836 * ref_1 + 152.2090625 * ref_9 + 43.0635416666671 * ref_9 * no_mbtree;6.02255582595109;6.02255582595109;6.02255582595109;6.02255582595109;0.063638;5;43.0635416666671 * ref_9 * no_mbtree;2;0.395557023705817;
Elapsed=00:00:00.0642369
Learning progress:
1;545.495615615616 * no_asm + -260.822395276632 * ref_1;15.5654986392619;15.5654986392619;15.5654986392619;15.5654986392619;0.009683;2;-260.822395276632 * ref_1;1;14.3234821886974;
2;470.554408602151 * no_asm + -185.881188263168 * ref_1 + 169.764775071319 * ref_9;7.90505506538216;7.90505506538216;7.90505506538216;7.90505506538216;0.030107;3;169.764775071319 * ref_9;1;7.66044357387977;
3;450.232904927533 * no_asm + -186.914485060182 * ref_1 + 173.21217301612 * ref_9 + 39.3729133695733 * no_fast_pskip;6.40743841329607;6.40743841329607;6.40743841329607;6.40743841329607;0.065051;4;39.3729133695733 * no_fast_pskip;1;1.49761665208609;
4;455.603780305189 * no_asm + -185.948327928839 * ref_1 + 173.500640364265 * ref_9 + 41.7451687679454 * no_fast_pskip + -20.4453223081293 * no_8x8dct;5.6087269770155;5.6087269770155;5.6087269770155;5.6087269770155;0.123217;5;-20.4453223081293 * no_8x8dct;1;0.798711436280574;
5;462.866471715946 * no_asm + -186.535774119725 * ref_1 + 173.287790276054 * ref_9 + 41.6750033217329 * no_fast_pskip + -21.1506387932518 * no_8x8dct + -14.4645081161909 * no_cabac;5.3659216661428;5.3659216661428;5.3659216661428;5.3659216661428;0.208253;6;-14.4645081161909 * no_cabac;1;0.2428053108727;
Elapsed=00:00:00.2090798
Learning progress:
1;553.103559322035 * no_asm + -270.779899191315 * ref_1;13.1663200408942;13.1663200408942;13.1663200408942;13.1663200408942;0.008023;2;-270.779899191315 * ref_1;1;21.6433807606272;
2;644.431111111112 * no_asm + -362.107450980392 * ref_1 + -176.666411657559 * ref_5;7.02483018113129;7.02483018113129;7.02483018113129;7.02483018113129;0.027911;3;-176.666411657559 * ref_5;1;6.14148985976288;
3;623.57217684745 * no_asm + -362.563192401278 * ref_1 + -179.19683974856 * ref_5 + 33.9702643722492 * no_mbtree;4.98253825883735;4.98253825883735;4.98253825883735;4.98253825883735;0.06431;4;33.9702643722492 * no_mbtree;1;2.04229192229394;
4;630.197189223161 * no_asm + -360.143918921774 * ref_1 + -177.881166408876 * ref_5 + 41.0272340120818 * no_mbtree + -31.230982140483 * no_8x8dct;4.333644361999;4.333644361999;4.333644361999;4.333644361999;0.127625;5;-31.230982140483 * no_8x8dct;1;0.648893896838348;
5;630.117489101377 * no_asm + -360.166597109125 * ref_1 + -175.195453699139 * ref_5 + 40.9927576843886 * no_mbtree + -30.9435032199361 * no_8x8dct + -7.16111891807436 * ref_5 * rc_lookahead_20;4.25328339869661;4.25328339869661;4.25328339869661;4.25328339869661;0.221282;7;-7.16111891807436 * ref_5 * rc_lookahead_20;2;0.0401804816511953;
Elapsed=00:00:00.2220700
Learning progress:
1;557.193045977012 * no_asm + -274.214178052484 * ref_1;14.9819942639837;14.9819942639837;14.9819942639837;14.9819942639837;0.008368;2;-274.214178052484 * ref_1;1;17.2646178292558;
2;466.793090909092 * no_asm + -183.814222984563 * ref_1 + 171.908111276701 * ref_9;7.434719392002;7.434719392002;7.434719392002;7.434719392002;0.028823;3;171.908111276701 * ref_9;1;7.54727487198173;
3;441.537777150209 * no_asm + -184.018443850537 * ref_1 + 171.789819408978 * ref_9 + 39.6869216211019 * no_mbtree;5.73066180807923;5.73066180807923;5.73066180807923;5.73066180807923;0.06384;4;39.6869216211019 * no_mbtree;1;1.70405758392277;
4;444.404061122899 * no_asm + -180.534296953939 * ref_1 + 173.745866213985 * ref_9 + 48.1690533476572 * no_mbtree + -28.4075143079629 * no_8x8dct;4.69525691749287;4.69525691749287;4.69525691749287;4.69525691749287;0.123528;5;-28.4075143079629 * no_8x8dct;1;1.03540489058636;
5;442.895103137019 * no_asm + -181.000652508457 * ref_1 + 174.057265812369 * ref_9 + 82.9039658360087 * no_mbtree + -19.0018741569567 * no_8x8dct + -51.3287796114002 * no_mbtree * no_mixed_refs;4.23035906617268;4.23035906617268;4.23035906617268;4.23035906617268;0.207137;7;-51.3287796114002 * no_mbtree * no_mixed_refs;2;0.232448925660094;
6;442.34038384101 * no_asm + -181.207632098977 * ref_1 + 176.016234256941 * ref_9 + 69.8473962279836 * no_mbtree + -19.534555807375 * no_8x8dct + -66.5153773634544 * no_mbtree * no_mixed_refs + 38.0729281638872 * no_mbtree * no_fast_pskip;3.40391794832594;3.40391794832594;3.40391794832594;3.40391794832594;0.336259;9;38.0729281638872 * no_mbtree * no_fast_pskip;2;0.413220558923373;
7;445.001433037198 * no_asm + -181.020835847317 * ref_1 + 175.98693773143 * ref_9 + 69.7830901868168 * no_mbtree + -19.3115105253599 * no_8x8dct + -65.844930516407 * no_mbtree * no_mixed_refs + 37.4242380305577 * no_mbtree * no_fast_pskip + -5.98068067885147 * no_cabac;3.19491181975358;3.19491181975358;3.19491181975358;3.19491181975358;0.516556;10;-5.98068067885147 * no_cabac;1;0.209006128572359;
8;451.27298100522 * no_asm + -180.987662903948 * ref_1 + 159.122503014364 * ref_9 + 60.0398663937938 * no_mbtree + -19.0498338149535 * no_8x8dct + -66.4493937820156 * no_mbtree * no_mixed_refs + 38.3029902799694 * no_mbtree * no_fast_pskip + -6.50903479677834 * no_cabac + 26.4745379553529 * ref_9 * no_mbtree;3.05314833881488;3.05314833881488;3.05314833881488;3.05314833881488;0.748213;12;26.4745379553529 * ref_9 * no_mbtree;2;0.0708817404693494;
Elapsed=00:00:00.7507562
Learning progress:
1;547.398220338983 * no_asm + -260.874566492829 * ref_1;11.3989391836158;11.3989391836158;11.3989391836158;11.3989391836158;0.008035;2;-260.874566492829 * ref_1;1;26.0798188735025;
2;462.968279569893 * no_asm + -176.444625723739 * ref_1 + 177.905946620584 * ref_9;7.08449903216945;7.08449903216945;7.08449903216945;7.08449903216945;0.027871;3;177.905946620584 * ref_9;1;4.31444015144636;
3;436.944140277197 * no_asm + -176.398070912839 * ref_1 + 177.797872952424 * ref_9 + 37.5231775848176 * no_mbtree;4.67683171670858;4.67683171670858;4.67683171670858;4.67683171670858;0.063226;4;37.5231775848176 * no_mbtree;1;2.40766731546087;
4;441.492397611921 * no_asm + -176.406207330254 * ref_1 + 155.356148975437 * ref_9 + 30.9652251487038 * no_mbtree + 48.3767029605835 * ref_9 * no_fast_pskip;4.58110121271222;4.58110121271222;4.58110121271222;4.58110121271222;0.122243;6;48.3767029605835 * ref_9 * no_fast_pskip;2;0.0478652519981821;
Elapsed=00:00:00.1229002
Learning progress:
1;544.251415929205 * no_asm + -260.489603063708 * ref_1;11.9142407250952;11.9142407250952;11.9142407250952;11.9142407250952;0.009409;2;-260.489603063708 * ref_1;1;19.2490369889813;
2;466.054270833334 * no_asm + -182.292457967836 * ref_1 + 180.3321917517 * ref_9;6.81366987336272;6.81366987336272;6.81366987336272;6.81366987336272;0.029797;3;180.3321917517 * ref_9;1;5.10057085173243;
3;466.054270833334 * no_asm + -182.292457967836 * ref_1 + 152.2090625 * ref_9 + 43.0635416666671 * ref_9 * no_mbtree;6.02255582595109;6.02255582595109;6.02255582595109;6.02255582595109;0.063948;5;43.0635416666671 * ref_9 * no_mbtree;2;0.395557023705817;
4;466.054270833334 * no_asm + -182.292457967836 * ref_1 + 171.78885228979 * ref_9 + 113.632367367367 * ref_9 * no_mbtree + -110.952142142142 * ref_9 * no_mixed_refs;5.63623409970869;5.63623409970869;5.63623409970869;5.63623409970869;0.122163;7;-110.952142142142 * ref_9 * no_mixed_refs;2;0.193160863121197;
5;466.054270833334 * no_asm + -182.292457967837 * ref_1 + 152.171801400403 * ref_9 + 79.2900492709354 * ref_9 * no_mbtree + -132.76550407258 * ref_9 * no_mixed_refs + 99.7324877277191 * ref_9 * no_fast_pskip;3.93391177244995;3.93391177244995;3.93391177244995;3.93391177244995;0.207328;9;99.7324877277191 * ref_9 * no_fast_pskip;2;0.851161163629369;
6;466.054270833333 * no_asm + -182.292457967836 * ref_1 + 157.447630054011 * ref_9 + 87.0859576310694 * ref_9 * no_mbtree + -131.88682674437 * ref_9 * no_mixed_refs + 97.3577248372555 * ref_9 * no_fast_pskip + -27.6086891780362 * ref_9 * no_8x8dct;3.60656836558722;3.60656836558722;3.60656836558722;3.60656836558722;0.32236;11;-27.6086891780362 * ref_9 * no_8x8dct;2;0.163671703431367;
7;466.054270833334 * no_asm + -182.292457967836 * ref_1 + 150.856331830669 * ref_9 + 96.8493936035616 * ref_9 * no_mbtree + -125.978409120925 * ref_9 * no_mixed_refs + 119.881897335998 * ref_9 * no_fast_pskip + -26.198646867529 * ref_9 * no_8x8dct + -34.4749489565449 * ref_9 * no_mbtree * no_fast_pskip;3.40348709055927;3.40348709055927;3.40348709055927;3.40348709055927;0.477889;14;-34.4749489565449 * ref_9 * no_mbtree * no_fast_pskip;3;0.0676937583426513;
Elapsed=00:00:00.4787933
Learning progress:
1;545.495615615616 * no_asm + -260.822395276632 * ref_1;15.5654986392619;15.5654986392619;15.5654986392619;15.5654986392619;0.008405;2;-260.822395276632 * ref_1;1;14.3234821886974;
2;470.554408602151 * no_asm + -185.881188263168 * ref_1 + 169.764775071319 * ref_9;7.90505506538216;7.90505506538216;7.90505506538216;7.90505506538216;0.028416;3;169.764775071319 * ref_9;1;7.66044357387977;
3;450.232904927533 * no_asm + -186.914485060182 * ref_1 + 173.21217301612 * ref_9 + 39.3729133695733 * no_fast_pskip;6.40743841329607;6.40743841329607;6.40743841329607;6.40743841329607;0.063878;4;39.3729133695733 * no_fast_pskip;1;1.49761665208609;
4;455.603780305189 * no_asm + -185.948327928839 * ref_1 + 173.500640364265 * ref_9 + 41.7451687679454 * no_fast_pskip + -20.4453223081293 * no_8x8dct;5.6087269770155;5.6087269770155;5.6087269770155;5.6087269770155;0.121407;5;-20.4453223081293 * no_8x8dct;1;0.798711436280574;
5;462.866471715946 * no_asm + -186.535774119725 * ref_1 + 173.287790276054 * ref_9 + 41.6750033217329 * no_fast_pskip + -21.1506387932518 * no_8x8dct + -14.4645081161909 * no_cabac;5.3659216661428;5.3659216661428;5.3659216661428;5.3659216661428;0.203907;6;-14.4645081161909 * no_cabac;1;0.2428053108727;
6;456.913453975058 * no_asm + -168.394261224118 * ref_1 + 174.329968253703 * ref_9 + 53.5491929291136 * no_fast_pskip + -21.7208762012931 * no_8x8dct + -14.447248760867 * no_cabac + -33.9687125570654 * ref_1 * no_fast_pskip;5.20189507902343;5.20189507902343;5.20189507902343;5.20189507902343;0.321038;8;-33.9687125570654 * ref_1 * no_fast_pskip;2;0.0820132935596862;
Elapsed=00:00:00.3219375
Learning progress:
1;553.103559322035 * no_asm + -270.779899191315 * ref_1;13.1663200408942;13.1663200408942;13.1663200408942;13.1663200408942;0.008306;2;-270.779899191315 * ref_1;1;21.6433807606272;
2;644.431111111112 * no_asm + -362.107450980392 * ref_1 + -176.666411657559 * ref_5;7.02483018113129;7.02483018113129;7.02483018113129;7.02483018113129;0.029182;3;-176.666411657559 * ref_5;1;6.14148985976288;
3;623.57217684745 * no_asm + -362.563192401278 * ref_1 + -179.19683974856 * ref_5 + 33.9702643722492 * no_mbtree;4.98253825883735;4.98253825883735;4.98253825883735;4.98253825883735;0.064301;4;33.9702643722492 * no_mbtree;1;2.04229192229394;
4;630.197189223161 * no_asm + -360.143918921774 * ref_1 + -177.881166408876 * ref_5 + 41.0272340120818 * no_mbtree + -31.230982140483 * no_8x8dct;4.333644361999;4.333644361999;4.333644361999;4.333644361999;0.126758;5;-31.230982140483 * no_8x8dct;1;0.648893896838348;
5;630.117489101377 * no_asm + -360.166597109125 * ref_1 + -175.195453699139 * ref_5 + 40.9927576843886 * no_mbtree + -30.9435032199361 * no_8x8dct + -7.16111891807436 * ref_5 * rc_lookahead_20;4.25328339869661;4.25328339869661;4.25328339869661;4.25328339869661;0.210916;7;-7.16111891807436 * ref_5 * rc_lookahead_20;2;0.0401804816511953;
Elapsed=00:00:00.2117253
Learning progress:
1;557.193045977012 * no_asm + -274.214178052484 * ref_1;14.9819942639837;14.9819942639837;14.9819942639837;14.9819942639837;0.008397;2;-274.214178052484 * ref_1;1;17.2646178292558;
2;466.793090909092 * no_asm + -183.814222984563 * ref_1 + 171.908111276701 * ref_9;7.434719392002;7.434719392002;7.434719392002;7.434719392002;0.029148;3;171.908111276701 * ref_9;1;7.54727487198173;
3;441.537777150209 * no_asm + -184.018443850537 * ref_1 + 171.789819408978 * ref_9 + 39.6869216211019 * no_mbtree;5.73066180807923;5.73066180807923;5.73066180807923;5.73066180807923;0.064368;4;39.6869216211019 * no_mbtree;1;1.70405758392277;
4;444.404061122899 * no_asm + -180.534296953939 * ref_1 + 173.745866213985 * ref_9 + 48.1690533476572 * no_mbtree + -28.4075143079629 * no_8x8dct;4.69525691749287;4.69525691749287;4.69525691749287;4.69525691749287;0.12541;5;-28.4075143079629 * no_8x8dct;1;1.03540489058636;
5;442.895103137019 * no_asm + -181.000652508457 * ref_1 + 174.057265812369 * ref_9 + 82.9039658360087 * no_mbtree + -19.0018741569567 * no_8x8dct + -51.3287796114002 * no_mbtree * no_mixed_refs;4.23035906617268;4.23035906617268;4.23035906617268;4.23035906617268;0.209258;7;-51.3287796114002 * no_mbtree * no_mixed_refs;2;0.232448925660094;
6;442.34038384101 * no_asm + -181.207632098977 * ref_1 + 176.016234256941 * ref_9 + 69.8473962279836 * no_mbtree + -19.534555807375 * no_8x8dct + -66.5153773634544 * no_mbtree * no_mixed_refs + 38.0729281638872 * no_mbtree * no_fast_pskip;3.40391794832594;3.40391794832594;3.40391794832594;3.40391794832594;0.348524;9;38.0729281638872 * no_mbtree * no_fast_pskip;2;0.413220558923373;
7;445.001433037198 * no_asm + -181.020835847317 * ref_1 + 175.98693773143 * ref_9 + 69.7830901868168 * no_mbtree + -19.3115105253599 * no_8x8dct + -65.844930516407 * no_mbtree * no_mixed_refs + 37.4242380305577 * no_mbtree * no_fast_pskip + -5.98068067885147 * no_cabac;3.19491181975358;3.19491181975358;3.19491181975358;3.19491181975358;0.525538;10;-5.98068067885147 * no_cabac;1;0.209006128572359;
8;451.27298100522 * no_asm + -180.987662903948 * ref_1 + 159.122503014364 * ref_9 + 60.0398663937938 * no_mbtree + -19.0498338149535 * no_8x8dct + -66.4493937820156 * no_mbtree * no_mixed_refs + 38.3029902799694 * no_mbtree * no_fast_pskip + -6.50903479677834 * no_cabac + 26.4745379553529 * ref_9 * no_mbtree;3.05314833881488;3.05314833881488;3.05314833881488;3.05314833881488;0.757901;12;26.4745379553529 * ref_9 * no_mbtree;2;0.0708817404693494;
Elapsed=00:00:00.7591722
Learning progress:
1;547.398220338983 * no_asm + -260.874566492829 * ref_1;11.3989391836158;11.3989391836158;11.3989391836158;11.3989391836158;0.009295;2;-260.874566492829 * ref_1;1;26.0798188735025;
2;462.968279569893 * no_asm + -176.444625723739 * ref_1 + 177.905946620584 * ref_9;7.08449903216945;7.08449903216945;7.08449903216945;7.08449903216945;0.028772;3;177.905946620584 * ref_9;1;4.31444015144636;
3;436.944140277197 * no_asm + -176.398070912839 * ref_1 + 177.797872952424 * ref_9 + 37.5231775848176 * no_mbtree;4.67683171670858;4.67683171670858;4.67683171670858;4.67683171670858;0.062677;4;37.5231775848176 * no_mbtree;1;2.40766731546087;
4;441.492397611921 * no_asm + -176.406207330254 * ref_1 + 155.356148975437 * ref_9 + 30.9652251487038 * no_mbtree + 48.3767029605835 * ref_9 * no_fast_pskip;4.58110121271222;4.58110121271222;4.58110121271222;4.58110121271222;0.121999;6;48.3767029605835 * ref_9 * no_fast_pskip;2;0.0478652519981821;
Elapsed=00:00:00.1226766
Learning progress:
1;544.251415929205 * no_asm + -260.489603063708 * ref_1;11.9142407250952;11.9142407250952;11.9142407250952;11.9142407250952;0.009151;2;-260.489603063708 * ref_1;1;19.2490369889813;
2;466.054270833334 * no_asm + -182.292457967836 * ref_1 + 180.3321917517 * ref_9;6.81366987336272;6.81366987336272;6.81366987336272;6.81366987336272;0.02857;3;180.3321917517 * ref_9;1;5.10057085173243;
3;466.054270833334 * no_asm + -182.292457967836 * ref_1 + 152.2090625 * ref_9 + 43.0635416666671 * ref_9 * no_mbtree;6.02255582595109;6.02255582595109;6.02255582595109;6.02255582595109;0.064508;5;43.0635416666671 * ref_9 * no_mbtree;2;0.395557023705817;
4;466.054270833334 * no_asm + -182.292457967836 * ref_1 + 171.78885228979 * ref_9 + 113.632367367367 * ref_9 * no_mbtree + -110.952142142142 * ref_9 * no_mixed_refs;5.63623409970869;5.63623409970869;5.63623409970869;5.63623409970869;0.120787;7;-110.952142142142 * ref_9 * no_mixed_refs;2;0.193160863121197;
Elapsed=00:00:00.1214735
Learning progress:
1;545.495615615616 * no_asm + -260.822395276632 * ref_1;15.5654986392619;15.5654986392619;15.5654986392619;15.5654986392619;0.009518;2;-260.822395276632 * ref_1;1;14.3234821886974;
2;470.554408602151 * no_asm + -185.881188263168 * ref_1 + 169.764775071319 * ref_9;7.90505506538216;7.90505506538216;7.90505506538216;7.90505506538216;0.030047;3;169.764775071319 * ref_9;1;7.66044357387977;
3;450.232904927533 * no_asm + -186.914485060182 * ref_1 + 173.21217301612 * ref_9 + 39.3729133695733 * no_fast_pskip;6.40743841329607;6.40743841329607;6.40743841329607;6.40743841329607;0.064153;4;39.3729133695733 * no_fast_pskip;1;1.49761665208609;
4;455.603780305189 * no_asm + -185.948327928839 * ref_1 + 173.500640364265 * ref_9 + 41.7451687679454 * no_fast_pskip + -20.4453223081293 * no_8x8dct;5.6087269770155;5.6087269770155;5.6087269770155;5.6087269770155;0.124162;5;-20.4453223081293 * no_8x8dct;1;0.798711436280574;
5;462.866471715946 * no_asm + -186.535774119725 * ref_1 + 173.287790276054 * ref_9 + 41.6750033217329 * no_fast_pskip + -21.1506387932518 * no_8x8dct + -14.4645081161909 * no_cabac;5.3659216661428;5.3659216661428;5.3659216661428;5.3659216661428;0.212351;6;-14.4645081161909 * no_cabac;1;0.2428053108727;
6;456.913453975058 * no_asm + -168.394261224118 * ref_1 + 174.329968253703 * ref_9 + 53.5491929291136 * no_fast_pskip + -21.7208762012931 * no_8x8dct + -14.447248760867 * no_cabac + -33.9687125570654 * ref_1 * no_fast_pskip;5.20189507902343;5.20189507902343;5.20189507902343;5.20189507902343;0.330885;8;-33.9687125570654 * ref_1 * no_fast_pskip;2;0.0820132935596862;
Elapsed=00:00:00.3318095
Learning progress:
1;553.103559322035 * no_asm + -270.779899191315 * ref_1;13.1663200408942;13.1663200408942;13.1663200408942;13.1663200408942;0.008248;2;-270.779899191315 * ref_1;1;21.6433807606272;
2;644.431111111112 * no_asm + -362.107450980392 * ref_1 + -176.666411657559 * ref_5;7.02483018113129;7.02483018113129;7.02483018113129;7.02483018113129;0.029272;3;-176.666411657559 * ref_5;1;6.14148985976288;
3;623.57217684745 * no_asm + -362.563192401278 * ref_1 + -179.19683974856 * ref_5 + 33.9702643722492 * no_mbtree;4.98253825883735;4.98253825883735;4.98253825883735;4.98253825883735;0.066431;4;33.9702643722492 * no_mbtree;1;2.04229192229394;
4;630.197189223161 * no_asm + -360.143918921774 * ref_1 + -177.881166408876 * ref_5 + 41.0272340120818 * no_mbtree + -31.230982140483 * no_8x8dct;4.333644361999;4.333644361999;4.333644361999;4.333644361999;0.128497;5;-31.230982140483 * no_8x8dct;1;0.648893896838348;
5;630.117489101377 * no_asm + -360.166597109125 * ref_1 + -175.195453699139 * ref_5 + 40.9927576843886 * no_mbtree + -30.9435032199361 * no_8x8dct + -7.16111891807436 * ref_5 * rc_lookahead_20;4.25328339869661;4.25328339869661;4.25328339869661;4.25328339869661;0.213436;7;-7.16111891807436 * ref_5 * rc_lookahead_20;2;0.0401804816511953;
Elapsed=00:00:00.2142306
Learning progress:
1;557.193045977012 * no_asm + -274.214178052484 * ref_1;14.9819942639837;14.9819942639837;14.9819942639837;14.9819942639837;0.009614;2;-274.214178052484 * ref_1;1;17.2646178292558;
2;466.793090909092 * no_asm + -183.814222984563 * ref_1 + 171.908111276701 * ref_9;7.434719392002;7.434719392002;7.434719392002;7.434719392002;0.028025;3;171.908111276701 * ref_9;1;7.54727487198173;
3;441.537777150209 * no_asm + -184.018443850537 * ref_1 + 171.789819408978 * ref_9 + 39.6869216211019 * no_mbtree;5.73066180807923;5.73066180807923;5.73066180807923;5.73066180807923;0.063258;4;39.6869216211019 * no_mbtree;1;1.70405758392277;
4;444.404061122899 * no_asm + -180.534296953939 * ref_1 + 173.745866213985 * ref_9 + 48.1690533476572 * no_mbtree + -28.4075143079629 * no_8x8dct;4.69525691749287;4.69525691749287;4.69525691749287;4.69525691749287;0.122925;5;-28.4075143079629 * no_8x8dct;1;1.03540489058636;
5;442.895103137019 * no_asm + -181.000652508457 * ref_1 + 174.057265812369 * ref_9 + 82.9039658360087 * no_mbtree + -19.0018741569567 * no_8x8dct + -51.3287796114002 * no_mbtree * no_mixed_refs;4.23035906617268;4.23035906617268;4.23035906617268;4.23035906617268;0.20831;7;-51.3287796114002 * no_mbtree * no_mixed_refs;2;0.232448925660094;
Elapsed=00:00:00.2092172
Learning progress:
1;547.398220338983 * no_asm + -260.874566492829 * ref_1;11.3989391836158;11.3989391836158;11.3989391836158;11.3989391836158;0.009537;2;-260.874566492829 * ref_1;1;26.0798188735025;
2;462.968279569893 * no_asm + -176.444625723739 * ref_1 + 177.905946620584 * ref_9;7.08449903216945;7.08449903216945;7.08449903216945;7.08449903216945;0.028893;3;177.905946620584 * ref_9;1;4.31444015144636;
3;436.944140277197 * no_asm + -176.398070912839 * ref_1 + 177.797872952424 * ref_9 + 37.5231775848176 * no_mbtree;4.67683171670858;4.67683171670858;4.67683171670858;4.67683171670858;0.064548;4;37.5231775848176 * no_mbtree;1;2.40766731546087;
4;441.492397611921 * no_asm + -176.406207330254 * ref_1 + 155.356148975437 * ref_9 + 30.9652251487038 * no_mbtree + 48.3767029605835 * ref_9 * no_fast_pskip;4.58110121271222;4.58110121271222;4.58110121271222;4.58110121271222;0.124096;6;48.3767029605835 * ref_9 * no_fast_pskip;2;0.0478652519981821;
Elapsed=00:00:00.1247481
Learning progress:
1;544.251415929205 * no_asm + -260.489603063708 * ref_1;11.9142407250952;11.9142407250952;11.9142407250952;11.9142407250952;0.008217;2;-260.489603063708 * ref_1;1;19.2490369889813;
2;466.054270833334 * no_asm + -182.292457967836 * ref_1 + 180.3321917517 * ref_9;6.81366987336272;6.81366987336272;6.81366987336272;6.81366987336272;0.028917;3;180.3321917517 * ref_9;1;5.10057085173243;
3;466.054270833334 * no_asm + -182.292457967836 * ref_1 + 152.2090625 * ref_9 + 43.0635416666671 * ref_9 * no_mbtree;6.02255582595109;6.02255582595109;6.02255582595109;6.02255582595109;0.06426;5;43.0635416666671 * ref_9 * no_mbtree;2;0.395557023705817;
Elapsed=00:00:00.0648616
Learning progress:
1;545.495615615616 * no_asm + -260.822395276632 * ref_1;15.5654986392619;15.5654986392619;15.5654986392619;15.5654986392619;0.007878;2;-260.822395276632 * ref_1;1;14.3234821886974;
2;470.554408602151 * no_asm + -185.881188263168 * ref_1 + 169.764775071319 * ref_9;7.90505506538216;7.90505506538216;7.90505506538216;7.90505506538216;0.027613;3;169.764775071319 * ref_9;1;7.66044357387977;
3;450.232904927533 * no_asm + -186.914485060182 * ref_1 + 173.21217301612 * ref_9 + 39.3729133695733 * no_fast_pskip;6.40743841329607;6.40743841329607;6.40743841329607;6.40743841329607;0.064003;4;39.3729133695733 * no_fast_pskip;1;1.49761665208609;
4;455.603780305189 * no_asm + -185.948327928839 * ref_1 + 173.500640364265 * ref_9 + 41.7451687679454 * no_fast_pskip + -20.4453223081293 * no_8x8dct;5.6087269770155;5.6087269770155;5.6087269770155;5.6087269770155;0.121631;5;-20.4453223081293 * no_8x8dct;1;0.798711436280574;
5;462.866471715946 * no_asm + -186.535774119725 * ref_1 + 173.287790276054 * ref_9 + 41.6750033217329 * no_fast_pskip + -21.1506387932518 * no_8x8dct + -14.4645081161909 * no_cabac;5.3659216661428;5.3659216661428;5.3659216661428;5.3659216661428;0.214663;6;-14.4645081161909 * no_cabac;1;0.2428053108727;
Elapsed=00:00:00.2155038
Learning progress:
1;553.103559322035 * no_asm + -270.779899191315 * ref_1;13.1663200408942;13.1663200408942;13.1663200408942;13.1663200408942;0.009745;2;-270.779899191315 * ref_1;1;21.6433807606272;
2;644.431111111112 * no_asm + -362.107450980392 * ref_1 + -176.666411657559 * ref_5;7.02483018113129;7.02483018113129;7.02483018113129;7.02483018113129;0.031233;3;-176.666411657559 * ref_5;1;6.14148985976288;
3;623.57217684745 * no_asm + -362.563192401278 * ref_1 + -179.19683974856 * ref_5 + 33.9702643722492 * no_mbtree;4.98253825883735;4.98253825883735;4.98253825883735;4.98253825883735;0.066379;4;33.9702643722492 * no_mbtree;1;2.04229192229394;
4;630.197189223161 * no_asm + -360.143918921774 * ref_1 + -177.881166408876 * ref_5 + 41.0272340120818 * no_mbtree + -31.230982140483 * no_8x8dct;4.333644361999;4.333644361999;4.333644361999;4.333644361999;0.129797;5;-31.230982140483 * no_8x8dct;1;0.648893896838348;
5;630.117489101377 * no_asm + -360.166597109125 * ref_1 + -175.195453699139 * ref_5 + 40.9927576843886 * no_mbtree + -30.9435032199361 * no_8x8dct + -7.16111891807436 * ref_5 * rc_lookahead_20;4.25328339869661;4.25328339869661;4.25328339869661;4.25328339869661;0.21213;7;-7.16111891807436 * ref_5 * rc_lookahead_20;2;0.0401804816511953;
Elapsed=00:00:00.2129326
Learning progress:
1;557.193045977012 * no_asm + -274.214178052484 * ref_1;14.9819942639837;14.9819942639837;14.9819942639837;14.9819942639837;0.008265;2;-274.214178052484 * ref_1;1;17.2646178292558;
2;466.793090909092 * no_asm + -183.814222984563 * ref_1 + 171.908111276701 * ref_9;7.434719392002;7.434719392002;7.434719392002;7.434719392002;0.029051;3;171.908111276701 * ref_9;1;7.54727487198173;
3;441.537777150209 * no_asm + -184.018443850537 * ref_1 + 171.789819408978 * ref_9 + 39.6869216211019 * no_mbtree;5.73066180807923;5.73066180807923;5.73066180807923;5.73066180807923;0.06267;4;39.6869216211019 * no_mbtree;1;1.70405758392277;
4;444.404061122899 * no_asm + -180.534296953939 * ref_1 + 173.745866213985 * ref_9 + 48.1690533476572 * no_mbtree + -28.4075143079629 * no_8x8dct;4.69525691749287;4.69525691749287;4.69525691749287;4.69525691749287;0.12209;5;-28.4075143079629 * no_8x8dct;1;1.03540489058636;
5;442.895103137019 * no_asm + -181.000652508457 * ref_1 + 174.057265812369 * ref_9 + 82.9039658360087 * no_mbtree + -19.0018741569567 * no_8x8dct + -51.3287796114002 * no_mbtree * no_mixed_refs;4.23035906617268;4.23035906617268;4.23035906617268;4.23035906617268;0.205699;7;-51.3287796114002 * no_mbtree * no_mixed_refs;2;0.232448925660094;
6;442.34038384101 * no_asm + -181.207632098977 * ref_1 + 176.016234256941 * ref_9 + 69.8473962279836 * no_mbtree + -19.534555807375 * no_8x8dct + -66.5153773634544 * no_mbtree * no_mixed_refs + 38.0729281638872 * no_mbtree * no_fast_pskip;3.40391794832594;3.40391794832594;3.40391794832594;3.40391794832594;0.339707;9;38.0729281638872 * no_mbtree * no_fast_pskip;2;0.413220558923373;
7;445.001433037198 * no_asm + -181.020835847317 * ref_1 + 175.98693773143 * ref_9 + 69.7830901868168 * no_mbtree + -19.3115105253599 * no_8x8dct + -65.844930516407 * no_mbtree * no_mixed_refs + 37.4242380305577 * no_mbtree * no_fast_pskip + -5.98068067885147 * no_cabac;3.19491181975358;3.19491181975358;3.19491181975358;3.19491181975358;0.53281;10;-5.98068067885147 * no_cabac;1;0.209006128572359;
8;451.27298100522 * no_asm + -180.987662903948 * ref_1 + 159.122503014364 * ref_9 + 60.0398663937938 * no_mbtree + -19.0498338149535 * no_8x8dct + -66.4493937820156 * no_mbtree * no_mixed_refs + 38.3029902799694 * no_mbtree * no_fast_pskip + -6.50903479677834 * no_cabac + 26.4745379553529 * ref_9 * no_mbtree;3.05314833881488;3.05314833881488;3.05314833881488;3.05314833881488;0.760513;12;26.4745379553529 * ref_9 * no_mbtree;2;0.0708817404693494;
Elapsed=00:00:00.7617942
Learning progress:
1;547.398220338983 * no_asm + -260.874566492829 * ref_1;11.3989391836158;11.3989391836158;11.3989391836158;11.3989391836158;0.008165;2;-260.874566492829 * ref_1;1;26.0798188735025;
2;462.968279569893 * no_asm + -176.444625723739 * ref_1 + 177.905946620584 * ref_9;7.08449903216945;7.08449903216945;7.08449903216945;7.08449903216945;0.02812;3;177.905946620584 * ref_9;1;4.31444015144636;
3;436.944140277197 * no_asm + -176.398070912839 * ref_1 + 177.797872952424 * ref_9 + 37.5231775848176 * no_mbtree;4.67683171670858;4.67683171670858;4.67683171670858;4.67683171670858;0.064385;4;37.5231775848176 * no_mbtree;1;2.40766731546087;
4;441.492397611921 * no_asm + -176.406207330254 * ref_1 + 155.356148975437 * ref_9 + 30.9652251487038 * no_mbtree + 48.3767029605835 * ref_9 * no_fast_pskip;4.58110121271222;4.58110121271222;4.58110121271222;4.58110121271222;0.123709;6;48.3767029605835 * ref_9 * no_fast_pskip;2;0.0478652519981821;
Elapsed=00:00:00.1243703
Learning progress:
1;544.251415929205 * no_asm + -260.489603063708 * ref_1;11.9142407250952;11.9142407250952;11.9142407250952;11.9142407250952;0.00969;2;-260.489603063708 * ref_1;1;19.2490369889813;
2;466.054270833334 * no_asm + -182.292457967836 * ref_1 + 180.3321917517 * ref_9;6.81366987336272;6.81366987336272;6.81366987336272;6.81366987336272;0.030245;3;180.3321917517 * ref_9;1;5.10057085173243;
3;466.054270833334 * no_asm + -182.292457967836 * ref_1 + 152.2090625 * ref_9 + 43.0635416666671 * ref_9 * no_mbtree;6.02255582595109;6.02255582595109;6.02255582595109;6.02255582595109;0.065089;5;43.0635416666671 * ref_9 * no_mbtree;2;0.395557023705817;
4;466.054270833334 * no_asm + -182.292457967836 * ref_1 + 171.78885228979 * ref_9 + 113.632367367367 * ref_9 * no_mbtree + -110.952142142142 * ref_9 * no_mixed_refs;5.63623409970869;5.63623409970869;5.63623409970869;5.63623409970869;0.122304;7;-110.952142142142 * ref_9 * no_mixed_refs;2;0.193160863121197;
5;466.054270833334 * no_asm + -182.292457967837 * ref_1 + 152.171801400403 * ref_9 + 79.2900492709354 * ref_9 * no_mbtree + -132.76550407258 * ref_9 * no_mixed_refs + 99.7324877277191 * ref_9 * no_fast_pskip;3.93391177244995;3.93391177244995;3.93391177244995;3.93391177244995;0.208744;9;99.7324877277191 * ref_9 * no_fast_pskip;2;0.851161163629369;
6;466.054270833333 * no_asm + -182.292457967836 * ref_1 + 157.447630054011 * ref_9 + 87.0859576310694 * ref_9 * no_mbtree + -131.88682674437 * ref_9 * no_mixed_refs + 97.3577248372555 * ref_9 * no_fast_pskip + -27.6086891780362 * ref_9 * no_8x8dct;3.60656836558722;3.60656836558722;3.60656836558722;3.60656836558722;0.322164;11;-27.6086891780362 * ref_9 * no_8x8dct;2;0.163671703431367;
7;466.054270833334 * no_asm + -182.292457967836 * ref_1 + 150.856331830669 * ref_9 + 96.8493936035616 * ref_9 * no_mbtree + -125.978409120925 * ref_9 * no_mixed_refs + 119.881897335998 * ref_9 * no_fast_pskip + -26.198646867529 * ref_9 * no_8x8dct + -34.4749489565449 * ref_9 * no_mbtree * no_fast_pskip;3.40348709055927;3.40348709055927;3.40348709055927;3.40348709055927;0.481147;14;-34.4749489565449 * ref_9 * no_mbtree * no_fast_pskip;3;0.0676937583426513;
Elapsed=00:00:00.4820330
Learning progress:
1;545.495615615616 * no_asm + -260.822395276632 * ref_1;15.5654986392619;15.5654986392619;15.5654986392619;15.5654986392619;0.007695;2;-260.822395276632 * ref_1;1;14.3234821886974;
2;470.554408602151 * no_asm + -185.881188263168 * ref_1 + 169.764775071319 * ref_9;7.90505506538216;7.90505506538216;7.90505506538216;7.90505506538216;0.027542;3;169.764775071319 * ref_9;1;7.66044357387977;
3;450.232904927533 * no_asm + -186.914485060182 * ref_1 + 173.21217301612 * ref_9 + 39.3729133695733 * no_fast_pskip;6.40743841329607;6.40743841329607;6.40743841329607;6.40743841329607;0.06358;4;39.3729133695733 * no_fast_pskip;1;1.49761665208609;
4;455.603780305189 * no_asm + -185.948327928839 * ref_1 + 173.500640364265 * ref_9 + 41.7451687679454 * no_fast_pskip + -20.4453223081293 * no_8x8dct;5.6087269770155;5.6087269770155;5.6087269770155;5.6087269770155;0.122793;5;-20.4453223081293 * no_8x8dct;1;0.798711436280574;
5;462.866471715946 * no_asm + -186.535774119725 * ref_1 + 173.287790276054 * ref_9 + 41.6750033217329 * no_fast_pskip + -21.1506387932518 * no_8x8dct + -14.4645081161909 * no_cabac;5.3659216661428;5.3659216661428;5.3659216661428;5.3659216661428;0.205499;6;-14.4645081161909 * no_cabac;1;0.2428053108727;
6;456.913453975058 * no_asm + -168.394261224118 * ref_1 + 174.329968253703 * ref_9 + 53.5491929291136 * no_fast_pskip + -21.7208762012931 * no_8x8dct + -14.447248760867 * no_cabac + -33.9687125570654 * ref_1 * no_fast_pskip;5.20189507902343;5.20189507902343;5.20189507902343;5.20189507902343;0.325032;8;-33.9687125570654 * ref_1 * no_fast_pskip;2;0.0820132935596862;
Elapsed=00:00:00.3259339
Learning progress:
1;553.103559322035 * no_asm + -270.779899191315 * ref_1;13.1663200408942;13.1663200408942;13.1663200408942;13.1663200408942;0.008177;2;-270.779899191315 * ref_1;1;21.6433807606272;
2;644.431111111112 * no_asm + -362.107450980392 * ref_1 + -176.666411657559 * ref_5;7.02483018113129;7.02483018113129;7.02483018113129;7.02483018113129;0.029215;3;-176.666411657559 * ref_5;1;6.14148985976288;
3;623.57217684745 * no_asm + -362.563192401278 * ref_1 + -179.19683974856 * ref_5 + 33.9702643722492 * no_mbtree;4.98253825883735;4.98253825883735;4.98253825883735;4.98253825883735;0.065544;4;33.9702643722492 * no_mbtree;1;2.04229192229394;
4;630.197189223161 * no_asm + -360.143918921774 * ref_1 + -177.881166408876 * ref_5 + 41.0272340120818 * no_mbtree + -31.230982140483 * no_8x8dct;4.333644361999;4.333644361999;4.333644361999;4.333644361999;0.127216;5;-31.230982140483 * no_8x8dct;1;0.648893896838348;
5;630.117489101377 * no_asm + -360.166597109125 * ref_1 + -175.195453699139 * ref_5 + 40.9927576843886 * no_mbtree + -30.9435032199361 * no_8x8dct + -7.16111891807436 * ref_5 * rc_lookahead_20;4.25328339869661;4.25328339869661;4.25328339869661;4.25328339869661;0.210513;7;-7.16111891807436 * ref_5 * rc_lookahead_20;2;0.0401804816511953;
Elapsed=00:00:00.2113185
Learning progress:
1;557.193045977012 * no_asm + -274.214178052484 * ref_1;14.9819942639837;14.9819942639837;14.9819942639837;14.9819942639837;0.008067;2;-274.214178052484 * ref_1;1;17.2646178292558;
2;466.793090909092 * no_asm + -183.814222984563 * ref_1 + 171.908111276701 * ref_9;7.434719392002;7.434719392002;7.434719392002;7.434719392002;0.028966;3;171.908111276701 * ref_9;1;7.54727487198173;
3;441.537777150209 * no_asm + -184.018443850537 * ref_1 + 171.789819408978 * ref_9 + 39.6869216211019 * no_mbtree;5.73066180807923;5.73066180807923;5.73066180807923;5.73066180807923;0.065192;4;39.6869216211019 * no_mbtree;1;1.70405758392277;
4;444.404061122899 * no_asm + -180.534296953939 * ref_1 + 173.745866213985 * ref_9 + 48.1690533476572 * no_mbtree + -28.4075143079629 * no_8x8dct;4.69525691749287;4.69525691749287;4.69525691749287;4.69525691749287;0.124325;5;-28.4075143079629 * no_8x8dct;1;1.03540489058636;
5;442.895103137019 * no_asm + -181.000652508457 * ref_1 + 174.057265812369 * ref_9 + 82.9039658360087 * no_mbtree + -19.0018741569567 * no_8x8dct + -51.3287796114002 * no_mbtree * no_mixed_refs;4.23035906617268;4.23035906617268;4.23035906617268;4.23035906617268;0.215362;7;-51.3287796114002 * no_mbtree * no_mixed_refs;2;0.232448925660094;
6;442.34038384101 * no_asm + -181.207632098977 * ref_1 + 176.016234256941 * ref_9 + 69.8473962279836 * no_mbtree + -19.534555807375 * no_8x8dct + -66.5153773634544 * no_mbtree * no_mixed_refs + 38.0729281638872 * no_mbtree * no_fast_pskip;3.40391794832594;3.40391794832594;3.40391794832594;3.40391794832594;0.346919;9;38.0729281638872 * no_mbtree * no_fast_pskip;2;0.413220558923373;
7;445.001433037198 * no_asm + -181.020835847317 * ref_1 + 175.98693773143 * ref_9 + 69.7830901868168 * no_mbtree + -19.3115105253599 * no_8x8dct + -65.844930516407 * no_mbtree * no_mixed_refs + 37.4242380305577 * no_mbtree * no_fast_pskip + -5.98068067885147 * no_cabac;3.19491181975358;3.19491181975358;3.19491181975358;3.19491181975358;0.525296;10;-5.98068067885147 * no_cabac;1;0.209006128572359;
8;451.27298100522 * no_asm + -180.987662903948 * ref_1 + 159.122503014364 * ref_9 + 60.0398663937938 * no_mbtree + -19.0498338149535 * no_8x8dct + -66.4493937820156 * no_mbtree * no_mixed_refs + 38.3029902799694 * no_mbtree * no_fast_pskip + -6.50903479677834 * no_cabac + 26.4745379553529 * ref_9 * no_mbtree;3.05314833881488;3.05314833881488;3.05314833881488;3.05314833881488;0.764129;12;26.4745379553529 * ref_9 * no_mbtree;2;0.0708817404693494;
Elapsed=00:00:00.7654185
Learning progress:
1;547.398220338983 * no_asm + -260.874566492829 * ref_1;11.3989391836158;11.3989391836158;11.3989391836158;11.3989391836158;0.008071;2;-260.874566492829 * ref_1;1;26.0798188735025;
2;462.968279569893 * no_asm + -176.444625723739 * ref_1 + 177.905946620584 * ref_9;7.08449903216945;7.08449903216945;7.08449903216945;7.08449903216945;0.028719;3;177.905946620584 * ref_9;1;4.31444015144636;
3;436.944140277197 * no_asm + -176.398070912839 * ref_1 + 177.797872952424 * ref_9 + 37.5231775848176 * no_mbtree;4.67683171670858;4.67683171670858;4.67683171670858;4.67683171670858;0.062309;4;37.5231775848176 * no_mbtree;1;2.40766731546087;
4;441.492397611921 * no_asm + -176.406207330254 * ref_1 + 155.356148975437 * ref_9 + 30.9652251487038 * no_mbtree + 48.3767029605835 * ref_9 * no_fast_pskip;4.58110121271222;4.58110121271222;4.58110121271222;4.58110121271222;0.122676;6;48.3767029605835 * ref_9 * no_fast_pskip;2;0.0478652519981821;
Elapsed=00:00:00.1233301
Learning progress:
1;544.251415929205 * no_asm + -260.489603063708 * ref_1;11.9142407250952;11.9142407250952;11.9142407250952;11.9142407250952;0.009509;2;-260.489603063708 * ref_1;1;19.2490369889813;
2;466.054270833334 * no_asm + -182.292457967836 * ref_1 + 180.3321917517 * ref_9;6.81366987336272;6.81366987336272;6.81366987336272;6.81366987336272;0.027944;3;180.3321917517 * ref_9;1;5.10057085173243;
3;466.054270833334 * no_asm + -182.292457967836 * ref_1 + 152.2090625 * ref_9 + 43.0635416666671 * ref_9 * no_mbtree;6.02255582595109;6.02255582595109;6.02255582595109;6.02255582595109;0.063242;5;43.0635416666671 * ref_9 * no_mbtree;2;0.395557023705817;
4;466.054270833334 * no_asm + -182.292457967836 * ref_1 + 171.78885228979 * ref_9 + 113.632367367367 * ref_9 * no_mbtree + -110.952142142142 * ref_9 * no_mixed_refs;5.63623409970869;5.63623409970869;5.63623409970869;5.63623409970869;0.119523;7;-110.952142142142 * ref_9 * no_mixed_refs;2;0.193160863121197;
Elapsed=00:00:00.1202090
Learning progress:
1;545.495615615616 * no_asm + -260.822395276632 * ref_1;15.5654986392619;15.5654986392619;15.5654986392619;15.5654986392619;0.008181;2;-260.822395276632 * ref_1;1;14.3234821886974;
2;470.554408602151 * no_asm + -185.881188263168 * ref_1 + 169.764775071319 * ref_9;7.90505506538216;7.90505506538216;7.90505506538216;7.90505506538216;0.028018;3;169.764775071319 * ref_9;1;7.66044357387977;
3;450.232904927533 * no_asm + -186.914485060182 * ref_1 + 173.21217301612 * ref_9 + 39.3729133695733 * no_fast_pskip;6.40743841329607;6.40743841329607;6.40743841329607;6.40743841329607;0.061768;4;39.3729133695733 * no_fast_pskip;1;1.49761665208609;
4;455.603780305189 * no_asm + -185.948327928839 * ref_1 + 173.500640364265 * ref_9 + 41.7451687679454 * no_fast_pskip + -20.4453223081293 * no_8x8dct;5.6087269770155;5.6087269770155;5.6087269770155;5.6087269770155;0.121739;5;-20.4453223081293 * no_8x8dct;1;0.798711436280574;
5;462.866471715946 * no_asm + -186.535774119725 * ref_1 + 173.287790276054 * ref_9 + 41.6750033217329 * no_fast_pskip + -21.1506387932518 * no_8x8dct + -14.4645081161909 * no_cabac;5.3659216661428;5.3659216661428;5.3659216661428;5.3659216661428;0.203605;6;-14.4645081161909 * no_cabac;1;0.2428053108727;
6;456.913453975058 * no_asm + -168.394261224118 * ref_1 + 174.329968253703 * ref_9 + 53.5491929291136 * no_fast_pskip + -21.7208762012931 * no_8x8dct + -14.447248760867 * no_cabac + -33.9687125570654 * ref_1 * no_fast_pskip;5.20189507902343;5.20189507902343;5.20189507902343;5.20189507902343;0.323137;8;-33.9687125570654 * ref_1 * no_fast_pskip;2;0.0820132935596862;
Elapsed=00:00:00.3240393
Learning progress:
1;553.103559322035 * no_asm + -270.779899191315 * ref_1;13.1663200408942;13.1663200408942;13.1663200408942;13.1663200408942;0.010578;2;-270.779899191315 * ref_1;1;21.6433807606272;
2;644.431111111112 * no_asm + -362.107450980392 * ref_1 + -176.666411657559 * ref_5;7.02483018113129;7.02483018113129;7.02483018113129;7.02483018113129;0.030937;3;-176.666411657559 * ref_5;1;6.14148985976288;
3;623.57217684745 * no_asm + -362.563192401278 * ref_1 + -179.19683974856 * ref_5 + 33.9702643722492 * no_mbtree;4.98253825883735;4.98253825883735;4.98253825883735;4.98253825883735;0.066551;4;33.9702643722492 * no_mbtree;1;2.04229192229394;
4;630.197189223161 * no_asm + -360.143918921774 * ref_1 + -177.881166408876 * ref_5 + 41.0272340120818 * no_mbtree + -31.230982140483 * no_8x8dct;4.333644361999;4.333644361999;4.333644361999;4.333644361999;0.128589;5;-31.230982140483 * no_8x8dct;1;0.648893896838348;
5;630.117489101377 * no_asm + -360.166597109125 * ref_1 + -175.195453699139 * ref_5 + 40.9927576843886 * no_mbtree + -30.9435032199361 * no_8x8dct + -7.16111891807436 * ref_5 * rc_lookahead_20;4.25328339869661;4.25328339869661;4.25328339869661;4.25328339869661;0.213369;7;-7.16111891807436 * ref_5 * rc_lookahead_20;2;0.0401804816511953;
Elapsed=00:00:00.2141954
Learning progress:
1;557.193045977012 * no_asm + -274.214178052484 * ref_1;14.9819942639837;14.9819942639837;14.9819942639837;14.9819942639837;0.008298;2;-274.214178052484 * ref_1;1;17.2646178292558;
2;466.793090909092 * no_asm + -183.814222984563 * ref_1 + 171.908111276701 * ref_9;7.434719392002;7.434719392002;7.434719392002;7.434719392002;0.02942;3;171.908111276701 * ref_9;1;7.54727487198173;
3;441.537777150209 * no_asm + -184.018443850537 * ref_1 + 171.789819408978 * ref_9 + 39.6869216211019 * no_mbtree;5.73066180807923;5.73066180807923;5.73066180807923;5.73066180807923;0.063944;4;39.6869216211019 * no_mbtree;1;1.70405758392277;
4;444.404061122899 * no_asm + -180.534296953939 * ref_1 + 173.745866213985 * ref_9 + 48.1690533476572 * no_mbtree + -28.4075143079629 * no_8x8dct;4.69525691749287;4.69525691749287;4.69525691749287;4.69525691749287;0.12677;5;-28.4075143079629 * no_8x8dct;1;1.03540489058636;
5;442.895103137019 * no_asm + -181.000652508457 * ref_1 + 174.057265812369 * ref_9 + 82.9039658360087 * no_mbtree + -19.0018741569567 * no_8x8dct + -51.3287796114002 * no_mbtree * no_mixed_refs;4.23035906617268;4.23035906617268;4.23035906617268;4.23035906617268;0.210506;7;-51.3287796114002 * no_mbtree * no_mixed_refs;2;0.232448925660094;
Elapsed=00:00:00.2114487
Learning progress:
1;547.398220338983 * no_asm + -260.874566492829 * ref_1;11.3989391836158;11.3989391836158;11.3989391836158;11.3989391836158;0.007816;2;-260.874566492829 * ref_1;1;26.0798188735025;
2;462.968279569893 * no_asm + -176.444625723739 * ref_1 + 177.905946620584 * ref_9;7.08449903216945;7.08449903216945;7.08449903216945;7.08449903216945;0.036064;3;177.905946620584 * ref_9;1;4.31444015144636;
3;436.944140277197 * no_asm + -176.398070912839 * ref_1 + 177.797872952424 * ref_9 + 37.5231775848176 * no_mbtree;4.67683171670858;4.67683171670858;4.67683171670858;4.67683171670858;0.070209;4;37.5231775848176 * no_mbtree;1;2.40766731546087;
4;441.492397611921 * no_asm + -176.406207330254 * ref_1 + 155.356148975437 * ref_9 + 30.9652251487038 * no_mbtree + 48.3767029605835 * ref_9 * no_fast_pskip;4.58110121271222;4.58110121271222;4.58110121271222;4.58110121271222;0.129575;6;48.3767029605835 * ref_9 * no_fast_pskip;2;0.0478652519981821;
Elapsed=00:00:00.1302304
Learning progress:
1;544.251415929205 * no_asm + -260.489603063708 * ref_1;11.9142407250952;11.9142407250952;11.9142407250952;11.9142407250952;0.009535;2;-260.489603063708 * ref_1;1;19.2490369889813;
2;466.054270833334 * no_asm + -182.292457967836 * ref_1 + 180.3321917517 * ref_9;6.81366987336272;6.81366987336272;6.81366987336272;6.81366987336272;0.02742;3;180.3321917517 * ref_9;1;5.10057085173243;
3;466.054270833334 * no_asm + -182.292457967836 * ref_1 + 152.2090625 * ref_9 + 43.0635416666671 * ref_9 * no_mbtree;6.02255582595109;6.02255582595109;6.02255582595109;6.02255582595109;0.063222;5;43.0635416666671 * ref_9 * no_mbtree;2;0.395557023705817;
Elapsed=00:00:00.0638277
Learning progress:
1;545.495615615616 * no_asm + -260.822395276632 * ref_1;15.5654986392619;15.5654986392619;15.5654986392619;15.5654986392619;0.009502;2;-260.822395276632 * ref_1;1;14.3234821886974;
2;470.554408602151 * no_asm + -185.881188263168 * ref_1 + 169.764775071319 * ref_9;7.90505506538216;7.90505506538216;7.90505506538216;7.90505506538216;0.02898;3;169.764775071319 * ref_9;1;7.66044357387977;
3;450.232904927533 * no_asm + -186.914485060182 * ref_1 + 173.21217301612 * ref_9 + 39.3729133695733 * no_fast_pskip;6.40743841329607;6.40743841329607;6.40743841329607;6.40743841329607;0.062489;4;39.3729133695733 * no_fast_pskip;1;1.49761665208609;
4;455.603780305189 * no_asm + -185.948327928839 * ref_1 + 173.500640364265 * ref_9 + 41.7451687679454 * no_fast_pskip + -20.4453223081293 * no_8x8dct;5.6087269770155;5.6087269770155;5.6087269770155;5.6087269770155;0.121132;5;-20.4453223081293 * no_8x8dct;1;0.798711436280574;
5;462.866471715946 * no_asm + -186.535774119725 * ref_1 + 173.287790276054 * ref_9 + 41.6750033217329 * no_fast_pskip + -21.1506387932518 * no_8x8dct + -14.4645081161909 * no_cabac;5.3659216661428;5.3659216661428;5.3659216661428;5.3659216661428;0.205041;6;-14.4645081161909 * no_cabac;1;0.2428053108727;
Elapsed=00:00:00.2058727
Learning progress:
1;553.103559322035 * no_asm + -270.779899191315 * ref_1;13.1663200408942;13.1663200408942;13.1663200408942;13.1663200408942;0.009741;2;-270.779899191315 * ref_1;1;21.6433807606272;
2;644.431111111112 * no_asm + -362.107450980392 * ref_1 + -176.666411657559 * ref_5;7.02483018113129;7.02483018113129;7.02483018113129;7.02483018113129;0.030192;3;-176.666411657559 * ref_5;1;6.14148985976288;
3;623.57217684745 * no_asm + -362.563192401278 * ref_1 + -179.19683974856 * ref_5 + 33.9702643722492 * no_mbtree;4.98253825883735;4.98253825883735;4.98253825883735;4.98253825883735;0.065089;4;33.9702643722492 * no_mbtree;1;2.04229192229394;
4;630.197189223161 * no_asm + -360.143918921774 * ref_1 + -177.881166408876 * ref_5 + 41.0272340120818 * no_mbtree + -31.230982140483 * no_8x8dct;4.333644361999;4.333644361999;4.333644361999;4.333644361999;0.128972;5;-31.230982140483 * no_8x8dct;1;0.648893896838348;
5;630.117489101377 * no_asm + -360.166597109125 * ref_1 + -175.195453699139 * ref_5 + 40.9927576843886 * no_mbtree + -30.9435032199361 * no_8x8dct + -7.16111891807436 * ref_5 * rc_lookahead_20;4.25328339869661;4.25328339869661;4.25328339869661;4.25328339869661;0.213747;7;-7.16111891807436 * ref_5 * rc_lookahead_20;2;0.0401804816511953;
Elapsed=00:00:00.2145819
Learning progress:
1;557.193045977012 * no_asm + -274.214178052484 * ref_1;14.9819942639837;14.9819942639837;14.9819942639837;14.9819942639837;0.011386;2;-274.214178052484 * ref_1;1;17.2646178292558;
2;466.793090909092 * no_asm + -183.814222984563 * ref_1 + 171.908111276701 * ref_9;7.434719392002;7.434719392002;7.434719392002;7.434719392002;0.032496;3;171.908111276701 * ref_9;1;7.54727487198173;
3;441.537777150209 * no_asm + -184.018443850537 * ref_1 + 171.789819408978 * ref_9 + 39.6869216211019 * no_mbtree;5.73066180807923;5.73066180807923;5.73066180807923;5.73066180807923;0.066299;4;39.6869216211019 * no_mbtree;1;1.70405758392277;
4;444.404061122899 * no_asm + -180.534296953939 * ref_1 + 173.745866213985 * ref_9 + 48.1690533476572 * no_mbtree + -28.4075143079629 * no_8x8dct;4.69525691749287;4.69525691749287;4.69525691749287;4.69525691749287;0.127103;5;-28.4075143079629 * no_8x8dct;1;1.03540489058636;
5;442.895103137019 * no_asm + -181.000652508457 * ref_1 + 174.057265812369 * ref_9 + 82.9039658360087 * no_mbtree + -19.0018741569567 * no_8x8dct + -51.3287796114002 * no_mbtree * no_mixed_refs;4.23035906617268;4.23035906617268;4.23035906617268;4.23035906617268;0.21035;7;-51.3287796114002 * no_mbtree * no_mixed_refs;2;0.232448925660094;
6;442.34038384101 * no_asm + -181.207632098977 * ref_1 + 176.016234256941 * ref_9 + 69.8473962279836 * no_mbtree + -19.534555807375 * no_8x8dct + -66.5153773634544 * no_mbtree * no_mixed_refs + 38.0729281638872 * no_mbtree * no_fast_pskip;3.40391794832594;3.40391794832594;3.40391794832594;3.40391794832594;0.342743;9;38.0729281638872 * no_mbtree * no_fast_pskip;2;0.413220558923373;
7;445.001433037198 * no_asm + -181.020835847317 * ref_1 + 175.98693773143 * ref_9 + 69.7830901868168 * no_mbtree + -19.3115105253599 * no_8x8dct + -65.844930516407 * no_mbtree * no_mixed_refs + 37.4242380305577 * no_mbtree * no_fast_pskip + -5.98068067885147 * no_cabac;3.19491181975358;3.19491181975358;3.19491181975358;3.19491181975358;0.529063;10;-5.98068067885147 * no_cabac;1;0.209006128572359;
8;451.27298100522 * no_asm + -180.987662903948 * ref_1 + 159.122503014364 * ref_9 + 60.0398663937938 * no_mbtree + -19.0498338149535 * no_8x8dct + -66.4493937820156 * no_mbtree * no_mixed_refs + 38.3029902799694 * no_mbtree * no_fast_pskip + -6.50903479677834 * no_cabac + 26.4745379553529 * ref_9 * no_mbtree;3.05314833881488;3.05314833881488;3.05314833881488;3.05314833881488;0.75664;12;26.4745379553529 * ref_9 * no_mbtree;2;0.0708817404693494;
Elapsed=00:00:00.7579424
Learning progress:
1;547.398220338983 * no_asm + -260.874566492829 * ref_1;11.3989391836158;11.3989391836158;11.3989391836158;11.3989391836158;0.009863;2;-260.874566492829 * ref_1;1;26.0798188735025;
2;462.968279569893 * no_asm + -176.444625723739 * ref_1 + 177.905946620584 * ref_9;7.08449903216945;7.08449903216945;7.08449903216945;7.08449903216945;0.029362;3;177.905946620584 * ref_9;1;4.31444015144636;
3;436.944140277197 * no_asm + -176.398070912839 * ref_1 + 177.797872952424 * ref_9 + 37.5231775848176 * no_mbtree;4.67683171670858;4.67683171670858;4.67683171670858;4.67683171670858;0.063255;4;37.5231775848176 * no_mbtree;1;2.40766731546087;
4;441.492397611921 * no_asm + -176.406207330254 * ref_1 + 155.356148975437 * ref_9 + 30.9652251487038 * no_mbtree + 48.3767029605835 * ref_9 * no_fast_pskip;4.58110121271222;4.58110121271222;4.58110121271222;4.58110121271222;0.124437;6;48.3767029605835 * ref_9 * no_fast_pskip;2;0.0478652519981821;
Elapsed=00:00:00.1250886
Learning progress:
1;544.251415929205 * no_asm + -260.489603063708 * ref_1;11.9142407250952;11.9142407250952;11.9142407250952;11.9142407250952;0.009767;2;-260.489603063708 * ref_1;1;19.2490369889813;
2;466.054270833334 * no_asm + -182.292457967836 * ref_1 + 180.3321917517 * ref_9;6.81366987336272;6.81366987336272;6.81366987336272;6.81366987336272;0.028051;3;180.3321917517 * ref_9;1;5.10057085173243;
3;466.054270833334 * no_asm + -182.292457967836 * ref_1 + 152.2090625 * ref_9 + 43.0635416666671 * ref_9 * no_mbtree;6.02255582595109;6.02255582595109;6.02255582595109;6.02255582595109;0.064304;5;43.0635416666671 * ref_9 * no_mbtree;2;0.395557023705817;
4;466.054270833334 * no_asm + -182.292457967836 * ref_1 + 171.78885228979 * ref_9 + 113.632367367367 * ref_9 * no_mbtree + -110.952142142142 * ref_9 * no_mixed_refs;5.63623409970869;5.63623409970869;5.63623409970869;5.63623409970869;0.122802;7;-110.952142142142 * ref_9 * no_mixed_refs;2;0.193160863121197;
5;466.054270833334 * no_asm + -182.292457967837 * ref_1 + 152.171801400403 * ref_9 + 79.2900492709354 * ref_9 * no_mbtree + -132.76550407258 * ref_9 * no_mixed_refs + 99.7324877277191 * ref_9 * no_fast_pskip;3.93391177244995;3.93391177244995;3.93391177244995;3.93391177244995;0.206516;9;99.7324877277191 * ref_9 * no_fast_pskip;2;0.851161163629369;
6;466.054270833333 * no_asm + -182.292457967836 * ref_1 + 157.447630054011 * ref_9 + 87.0859576310694 * ref_9 * no_mbtree + -131.88682674437 * ref_9 * no_mixed_refs + 97.3577248372555 * ref_9 * no_fast_pskip + -27.6086891780362 * ref_9 * no_8x8dct;3.60656836558722;3.60656836558722;3.60656836558722;3.60656836558722;0.327864;11;-27.6086891780362 * ref_9 * no_8x8dct;2;0.163671703431367;
7;466.054270833334 * no_asm + -182.292457967836 * ref_1 + 150.856331830669 * ref_9 + 96.8493936035616 * ref_9 * no_mbtree + -125.978409120925 * ref_9 * no_mixed_refs + 119.881897335998 * ref_9 * no_fast_pskip + -26.198646867529 * ref_9 * no_8x8dct + -34.4749489565449 * ref_9 * no_mbtree * no_fast_pskip;3.40348709055927;3.40348709055927;3.40348709055927;3.40348709055927;0.47551;14;-34.4749489565449 * ref_9 * no_mbtree * no_fast_pskip;3;0.0676937583426513;
Elapsed=00:00:00.4763721
Learning progress:
1;545.495615615616 * no_asm + -260.822395276632 * ref_1;15.5654986392619;15.5654986392619;15.5654986392619;15.5654986392619;0.009972;2;-260.822395276632 * ref_1;1;14.3234821886974;
2;470.554408602151 * no_asm + -185.881188263168 * ref_1 + 169.764775071319 * ref_9;7.90505506538216;7.90505506538216;7.90505506538216;7.90505506538216;0.028894;3;169.764775071319 * ref_9;1;7.66044357387977;
3;450.232904927533 * no_asm + -186.914485060182 * ref_1 + 173.21217301612 * ref_9 + 39.3729133695733 * no_fast_pskip;6.40743841329607;6.40743841329607;6.40743841329607;6.40743841329607;0.064132;4;39.3729133695733 * no_fast_pskip;1;1.49761665208609;
4;455.603780305189 * no_asm + -185.948327928839 * ref_1 + 173.500640364265 * ref_9 + 41.7451687679454 * no_fast_pskip + -20.4453223081293 * no_8x8dct;5.6087269770155;5.6087269770155;5.6087269770155;5.6087269770155;0.121242;5;-20.4453223081293 * no_8x8dct;1;0.798711436280574;
5;462.866471715946 * no_asm + -186.535774119725 * ref_1 + 173.287790276054 * ref_9 + 41.6750033217329 * no_fast_pskip + -21.1506387932518 * no_8x8dct + -14.4645081161909 * no_cabac;5.3659216661428;5.3659216661428;5.3659216661428;5.3659216661428;0.206318;6;-14.4645081161909 * no_cabac;1;0.2428053108727;
6;456.913453975058 * no_asm + -168.394261224118 * ref_1 + 174.329968253703 * ref_9 + 53.5491929291136 * no_fast_pskip + -21.7208762012931 * no_8x8dct + -14.447248760867 * no_cabac + -33.9687125570654 * ref_1 * no_fast_pskip;5.20189507902343;5.20189507902343;5.20189507902343;5.20189507902343;0.322721;8;-33.9687125570654 * ref_1 * no_fast_pskip;2;0.0820132935596862;
Elapsed=00:00:00.3236258
Learning progress:
1;553.103559322035 * no_asm + -270.779899191315 * ref_1;13.1663200408942;13.1663200408942;13.1663200408942;13.1663200408942;0.009903;2;-270.779899191315 * ref_1;1;21.6433807606272;
2;644.431111111112 * no_asm + -362.107450980392 * ref_1 + -176.666411657559 * ref_5;7.02483018113129;7.02483018113129;7.02483018113129;7.02483018113129;0.029695;3;-176.666411657559 * ref_5;1;6.14148985976288;
3;623.57217684745 * no_asm + -362.563192401278 * ref_1 + -179.19683974856 * ref_5 + 33.9702643722492 * no_mbtree;4.98253825883735;4.98253825883735;4.98253825883735;4.98253825883735;0.067034;4;33.9702643722492 * no_mbtree;1;2.04229192229394;
4;630.197189223161 * no_asm + -360.143918921774 * ref_1 + -177.881166408876 * ref_5 + 41.0272340120818 * no_mbtree + -31.230982140483 * no_8x8dct;4.333644361999;4.333644361999;4.333644361999;4.333644361999;0.128159;5;-31.230982140483 * no_8x8dct;1;0.648893896838348;
5;630.117489101377 * no_asm + -360.166597109125 * ref_1 + -175.195453699139 * ref_5 + 40.9927576843886 * no_mbtree + -30.9435032199361 * no_8x8dct + -7.16111891807436 * ref_5 * rc_lookahead_20;4.25328339869661;4.25328339869661;4.25328339869661;4.25328339869661;0.220904;7;-7.16111891807436 * ref_5 * rc_lookahead_20;2;0.0401804816511953;
Elapsed=00:00:00.2217319
Learning progress:
1;557.193045977012 * no_asm + -274.214178052484 * ref_1;14.9819942639837;14.9819942639837;14.9819942639837;14.9819942639837;0.009075;2;-274.214178052484 * ref_1;1;17.2646178292558;
2;466.793090909092 * no_asm + -183.814222984563 * ref_1 + 171.908111276701 * ref_9;7.434719392002;7.434719392002;7.434719392002;7.434719392002;0.030036;3;171.908111276701 * ref_9;1;7.54727487198173;
3;441.537777150209 * no_asm + -184.018443850537 * ref_1 + 171.789819408978 * ref_9 + 39.6869216211019 * no_mbtree;5.73066180807923;5.73066180807923;5.73066180807923;5.73066180807923;0.063968;4;39.6869216211019 * no_mbtree;1;1.70405758392277;
4;444.404061122899 * no_asm + -180.534296953939 * ref_1 + 173.745866213985 * ref_9 + 48.1690533476572 * no_mbtree + -28.4075143079629 * no_8x8dct;4.69525691749287;4.69525691749287;4.69525691749287;4.69525691749287;0.125597;5;-28.4075143079629 * no_8x8dct;1;1.03540489058636;
5;442.895103137019 * no_asm + -181.000652508457 * ref_1 + 174.057265812369 * ref_9 + 82.9039658360087 * no_mbtree + -19.0018741569567 * no_8x8dct + -51.3287796114002 * no_mbtree * no_mixed_refs;4.23035906617268;4.23035906617268;4.23035906617268;4.23035906617268;0.209062;7;-51.3287796114002 * no_mbtree * no_mixed_refs;2;0.232448925660094;
6;442.34038384101 * no_asm + -181.207632098977 * ref_1 + 176.016234256941 * ref_9 + 69.8473962279836 * no_mbtree + -19.534555807375 * no_8x8dct + -66.5153773634544 * no_mbtree * no_mixed_refs + 38.0729281638872 * no_mbtree * no_fast_pskip;3.40391794832594;3.40391794832594;3.40391794832594;3.40391794832594;0.340226;9;38.0729281638872 * no_mbtree * no_fast_pskip;2;0.413220558923373;
7;445.001433037198 * no_asm + -181.020835847317 * ref_1 + 175.98693773143 * ref_9 + 69.7830901868168 * no_mbtree + -19.3115105253599 * no_8x8dct + -65.844930516407 * no_mbtree * no_mixed_refs + 37.4242380305577 * no_mbtree * no_fast_pskip + -5.98068067885147 * no_cabac;3.19491181975358;3.19491181975358;3.19491181975358;3.19491181975358;0.51889;10;-5.98068067885147 * no_cabac;1;0.209006128572359;
8;451.27298100522 * no_asm + -180.987662903948 * ref_1 + 159.122503014364 * ref_9 + 60.0398663937938 * no_mbtree + -19.0498338149535 * no_8x8dct + -66.4493937820156 * no_mbtree * no_mixed_refs + 38.3029902799694 * no_mbtree * no_fast_pskip + -6.50903479677834 * no_cabac + 26.4745379553529 * ref_9 * no_mbtree;3.05314833881488;3.05314833881488;3.05314833881488;3.05314833881488;0.752598;12;26.4745379553529 * ref_9 * no_mbtree;2;0.0708817404693494;
Elapsed=00:00:00.7538888
Learning progress:
1;547.398220338983 * no_asm + -260.874566492829 * ref_1;11.3989391836158;11.3989391836158;11.3989391836158;11.3989391836158;0.008981;2;-260.874566492829 * ref_1;1;26.0798188735025;
2;462.968279569893 * no_asm + -176.444625723739 * ref_1 + 177.905946620584 * ref_9;7.08449903216945;7.08449903216945;7.08449903216945;7.08449903216945;0.026936;3;177.905946620584 * ref_9;1;4.31444015144636;
3;436.944140277197 * no_asm + -176.398070912839 * ref_1 + 177.797872952424 * ref_9 + 37.5231775848176 * no_mbtree;4.67683171670858;4.67683171670858;4.67683171670858;4.67683171670858;0.062409;4;37.5231775848176 * no_mbtree;1;2.40766731546087;
4;441.492397611921 * no_asm + -176.406207330254 * ref_1 + 155.356148975437 * ref_9 + 30.9652251487038 * no_mbtree + 48.3767029605835 * ref_9 * no_fast_pskip;4.58110121271222;4.58110121271222;4.58110121271222;4.58110121271222;0.121419;6;48.3767029605835 * ref_9 * no_fast_pskip;2;0.0478652519981821;
Elapsed=00:00:00.1220733
Learning progress:
1;544.251415929205 * no_asm + -260.489603063708 * ref_1;11.9142407250952;11.9142407250952;11.9142407250952;11.9142407250952;0.008212;2;-260.489603063708 * ref_1;1;19.2490369889813;
2;466.054270833334 * no_asm + -182.292457967836 * ref_1 + 180.3321917517 * ref_9;6.81366987336272;6.81366987336272;6.81366987336272;6.81366987336272;0.028683;3;180.3321917517 * ref_9;1;5.10057085173243;
3;466.054270833334 * no_asm + -182.292457967836 * ref_1 + 152.2090625 * ref_9 + 43.0635416666671 * ref_9 * no_mbtree;6.02255582595109;6.02255582595109;6.02255582595109;6.02255582595109;0.064621;5;43.0635416666671 * ref_9 * no_mbtree;2;0.395557023705817;
4;466.054270833334 * no_asm + -182.292457967836 * ref_1 + 171.78885228979 * ref_9 + 113.632367367367 * ref_9 * no_mbtree + -110.952142142142 * ref_9 * no_mixed_refs;5.63623409970869;5.63623409970869;5.63623409970869;5.63623409970869;0.122567;7;-110.952142142142 * ref_9 * no_mixed_refs;2;0.193160863121197;
Elapsed=00:00:00.1232461
Learning progress:
1;545.495615615616 * no_asm + -260.822395276632 * ref_1;15.5654986392619;15.5654986392619;15.5654986392619;15.5654986392619;0.009526;2;-260.822395276632 * ref_1;1;14.3234821886974;
2;470.554408602151 * no_asm + -185.881188263168 * ref_1 + 169.764775071319 * ref_9;7.90505506538216;7.90505506538216;7.90505506538216;7.90505506538216;0.027905;3;169.764775071319 * ref_9;1;7.66044357387977;
3;450.232904927533 * no_asm + -186.914485060182 * ref_1 + 173.21217301612 * ref_9 + 39.3729133695733 * no_fast_pskip;6.40743841329607;6.40743841329607;6.40743841329607;6.40743841329607;0.063856;4;39.3729133695733 * no_fast_pskip;1;1.49761665208609;
4;455.603780305189 * no_asm + -185.948327928839 * ref_1 + 173.500640364265 * ref_9 + 41.7451687679454 * no_fast_pskip + -20.4453223081293 * no_8x8dct;5.6087269770155;5.6087269770155;5.6087269770155;5.6087269770155;0.121011;5;-20.4453223081293 * no_8x8dct;1;0.798711436280574;
5;462.866471715946 * no_asm + -186.535774119725 * ref_1 + 173.287790276054 * ref_9 + 41.6750033217329 * no_fast_pskip + -21.1506387932518 * no_8x8dct + -14.4645081161909 * no_cabac;5.3659216661428;5.3659216661428;5.3659216661428;5.3659216661428;0.204962;6;-14.4645081161909 * no_cabac;1;0.2428053108727;
6;456.913453975058 * no_asm + -168.394261224118 * ref_1 + 174.329968253703 * ref_9 + 53.5491929291136 * no_fast_pskip + -21.7208762012931 * no_8x8dct + -14.447248760867 * no_cabac + -33.9687125570654 * ref_1 * no_fast_pskip;5.20189507902343;5.20189507902343;5.20189507902343;5.20189507902343;0.323572;8;-33.9687125570654 * ref_1 * no_fast_pskip;2;0.0820132935596862;
Elapsed=00:00:00.3244598
Learning progress:
1;553.103559322035 * no_asm + -270.779899191315 * ref_1;13.1663200408942;13.1663200408942;13.1663200408942;13.1663200408942;0.008105;2;-270.779899191315 * ref_1;1;21.6433807606272;
2;644.431111111112 * no_asm + -362.107450980392 * ref_1 + -176.666411657559 * ref_5;7.02483018113129;7.02483018113129;7.02483018113129;7.02483018113129;0.028284;3;-176.666411657559 * ref_5;1;6.14148985976288;
3;623.57217684745 * no_asm + -362.563192401278 * ref_1 + -179.19683974856 * ref_5 + 33.9702643722492 * no_mbtree;4.98253825883735;4.98253825883735;4.98253825883735;4.98253825883735;0.066053;4;33.9702643722492 * no_mbtree;1;2.04229192229394;
4;630.197189223161 * no_asm + -360.143918921774 * ref_1 + -177.881166408876 * ref_5 + 41.0272340120818 * no_mbtree + -31.230982140483 * no_8x8dct;4.333644361999;4.333644361999;4.333644361999;4.333644361999;0.12804;5;-31.230982140483 * no_8x8dct;1;0.648893896838348;
5;630.117489101377 * no_asm + -360.166597109125 * ref_1 + -175.195453699139 * ref_5 + 40.9927576843886 * no_mbtree + -30.9435032199361 * no_8x8dct + -7.16111891807436 * ref_5 * rc_lookahead_20;4.25328339869661;4.25328339869661;4.25328339869661;4.25328339869661;0.214761;7;-7.16111891807436 * ref_5 * rc_lookahead_20;2;0.0401804816511953;
Elapsed=00:00:00.2155691
Learning progress:
1;557.193045977012 * no_asm + -274.214178052484 * ref_1;14.9819942639837;14.9819942639837;14.9819942639837;14.9819942639837;0.009705;2;-274.214178052484 * ref_1;1;17.2646178292558;
2;466.793090909092 * no_asm + -183.814222984563 * ref_1 + 171.908111276701 * ref_9;7.434719392002;7.434719392002;7.434719392002;7.434719392002;0.028084;3;171.908111276701 * ref_9;1;7.54727487198173;
3;441.537777150209 * no_asm + -184.018443850537 * ref_1 + 171.789819408978 * ref_9 + 39.6869216211019 * no_mbtree;5.73066180807923;5.73066180807923;5.73066180807923;5.73066180807923;0.063202;4;39.6869216211019 * no_mbtree;1;1.70405758392277;
4;444.404061122899 * no_asm + -180.534296953939 * ref_1 + 173.745866213985 * ref_9 + 48.1690533476572 * no_mbtree + -28.4075143079629 * no_8x8dct;4.69525691749287;4.69525691749287;4.69525691749287;4.69525691749287;0.122396;5;-28.4075143079629 * no_8x8dct;1;1.03540489058636;
5;442.895103137019 * no_asm + -181.000652508457 * ref_1 + 174.057265812369 * ref_9 + 82.9039658360087 * no_mbtree + -19.0018741569567 * no_8x8dct + -51.3287796114002 * no_mbtree * no_mixed_refs;4.23035906617268;4.23035906617268;4.23035906617268;4.23035906617268;0.211844;7;-51.3287796114002 * no_mbtree * no_mixed_refs;2;0.232448925660094;
Elapsed=00:00:00.2139682
Learning progress:
1;547.398220338983 * no_asm + -260.874566492829 * ref_1;11.3989391836158;11.3989391836158;11.3989391836158;11.3989391836158;0.007894;2;-260.874566492829 * ref_1;1;26.0798188735025;
2;462.968279569893 * no_asm + -176.444625723739 * ref_1 + 177.905946620584 * ref_9;7.08449903216945;7.08449903216945;7.08449903216945;7.08449903216945;0.027386;3;177.905946620584 * ref_9;1;4.31444015144636;
3;436.944140277197 * no_asm + -176.398070912839 * ref_1 + 177.797872952424 * ref_9 + 37.5231775848176 * no_mbtree;4.67683171670858;4.67683171670858;4.67683171670858;4.67683171670858;0.062386;4;37.5231775848176 * no_mbtree;1;2.40766731546087;
4;441.492397611921 * no_asm + -176.406207330254 * ref_1 + 155.356148975437 * ref_9 + 30.9652251487038 * no_mbtree + 48.3767029605835 * ref_9 * no_fast_pskip;4.58110121271222;4.58110121271222;4.58110121271222;4.58110121271222;0.120055;6;48.3767029605835 * ref_9 * no_fast_pskip;2;0.0478652519981821;
Elapsed=00:00:00.1207197
Learning progress:
1;544.251415929205 * no_asm + -260.489603063708 * ref_1;11.9142407250952;11.9142407250952;11.9142407250952;11.9142407250952;0.007594;2;-260.489603063708 * ref_1;1;19.2490369889813;
2;466.054270833334 * no_asm + -182.292457967836 * ref_1 + 180.3321917517 * ref_9;6.81366987336272;6.81366987336272;6.81366987336272;6.81366987336272;0.026964;3;180.3321917517 * ref_9;1;5.10057085173243;
3;466.054270833334 * no_asm + -182.292457967836 * ref_1 + 152.2090625 * ref_9 + 43.0635416666671 * ref_9 * no_mbtree;6.02255582595109;6.02255582595109;6.02255582595109;6.02255582595109;0.061048;5;43.0635416666671 * ref_9 * no_mbtree;2;0.395557023705817;
Elapsed=00:00:00.0617164
Learning progress:
1;545.495615615616 * no_asm + -260.822395276632 * ref_1;15.5654986392619;15.5654986392619;15.5654986392619;15.5654986392619;0.008236;2;-260.822395276632 * ref_1;1;14.3234821886974;
2;470.554408602151 * no_asm + -185.881188263168 * ref_1 + 169.764775071319 * ref_9;7.90505506538216;7.90505506538216;7.90505506538216;7.90505506538216;0.026965;3;169.764775071319 * ref_9;1;7.66044357387977;
3;450.232904927533 * no_asm + -186.914485060182 * ref_1 + 173.21217301612 * ref_9 + 39.3729133695733 * no_fast_pskip;6.40743841329607;6.40743841329607;6.40743841329607;6.40743841329607;0.062261;4;39.3729133695733 * no_fast_pskip;1;1.49761665208609;
4;455.603780305189 * no_asm + -185.948327928839 * ref_1 + 173.500640364265 * ref_9 + 41.7451687679454 * no_fast_pskip + -20.4453223081293 * no_8x8dct;5.6087269770155;5.6087269770155;5.6087269770155;5.6087269770155;0.119589;5;-20.4453223081293 * no_8x8dct;1;0.798711436280574;
5;462.866471715946 * no_asm + -186.535774119725 * ref_1 + 173.287790276054 * ref_9 + 41.6750033217329 * no_fast_pskip + -21.1506387932518 * no_8x8dct + -14.4645081161909 * no_cabac;5.3659216661428;5.3659216661428;5.3659216661428;5.3659216661428;0.204289;6;-14.4645081161909 * no_cabac;1;0.2428053108727;
Elapsed=00:00:00.2051241
Learning progress:
1;553.103559322035 * no_asm + -270.779899191315 * ref_1;13.1663200408942;13.1663200408942;13.1663200408942;13.1663200408942;0.008207;2;-270.779899191315 * ref_1;1;21.6433807606272;
2;644.431111111112 * no_asm + -362.107450980392 * ref_1 + -176.666411657559 * ref_5;7.02483018113129;7.02483018113129;7.02483018113129;7.02483018113129;0.029297;3;-176.666411657559 * ref_5;1;6.14148985976288;
3;623.57217684745 * no_asm + -362.563192401278 * ref_1 + -179.19683974856 * ref_5 + 33.9702643722492 * no_mbtree;4.98253825883735;4.98253825883735;4.98253825883735;4.98253825883735;0.065721;4;33.9702643722492 * no_mbtree;1;2.04229192229394;
4;630.197189223161 * no_asm + -360.143918921774 * ref_1 + -177.881166408876 * ref_5 + 41.0272340120818 * no_mbtree + -31.230982140483 * no_8x8dct;4.333644361999;4.333644361999;4.333644361999;4.333644361999;0.126881;5;-31.230982140483 * no_8x8dct;1;0.648893896838348;
5;630.117489101377 * no_asm + -360.166597109125 * ref_1 + -175.195453699139 * ref_5 + 40.9927576843886 * no_mbtree + -30.9435032199361 * no_8x8dct + -7.16111891807436 * ref_5 * rc_lookahead_20;4.25328339869661;4.25328339869661;4.25328339869661;4.25328339869661;0.211291;7;-7.16111891807436 * ref_5 * rc_lookahead_20;2;0.0401804816511953;
Elapsed=00:00:00.2134447
Learning progress:
1;557.193045977012 * no_asm + -274.214178052484 * ref_1;14.9819942639837;14.9819942639837;14.9819942639837;14.9819942639837;0.00778;2;-274.214178052484 * ref_1;1;17.2646178292558;
2;466.793090909092 * no_asm + -183.814222984563 * ref_1 + 171.908111276701 * ref_9;7.434719392002;7.434719392002;7.434719392002;7.434719392002;0.02844;3;171.908111276701 * ref_9;1;7.54727487198173;
3;441.537777150209 * no_asm + -184.018443850537 * ref_1 + 171.789819408978 * ref_9 + 39.6869216211019 * no_mbtree;5.73066180807923;5.73066180807923;5.73066180807923;5.73066180807923;0.062632;4;39.6869216211019 * no_mbtree;1;1.70405758392277;
4;444.404061122899 * no_asm + -180.534296953939 * ref_1 + 173.745866213985 * ref_9 + 48.1690533476572 * no_mbtree + -28.4075143079629 * no_8x8dct;4.69525691749287;4.69525691749287;4.69525691749287;4.69525691749287;0.121951;5;-28.4075143079629 * no_8x8dct;1;1.03540489058636;
5;442.895103137019 * no_asm + -181.000652508457 * ref_1 + 174.057265812369 * ref_9 + 82.9039658360087 * no_mbtree + -19.0018741569567 * no_8x8dct + -51.3287796114002 * no_mbtree * no_mixed_refs;4.23035906617268;4.23035906617268;4.23035906617268;4.23035906617268;0.207556;7;-51.3287796114002 * no_mbtree * no_mixed_refs;2;0.232448925660094;
6;442.34038384101 * no_asm + -181.207632098977 * ref_1 + 176.016234256941 * ref_9 + 69.8473962279836 * no_mbtree + -19.534555807375 * no_8x8dct + -66.5153773634544 * no_mbtree * no_mixed_refs + 38.0729281638872 * no_mbtree * no_fast_pskip;3.40391794832594;3.40391794832594;3.40391794832594;3.40391794832594;0.344034;9;38.0729281638872 * no_mbtree * no_fast_pskip;2;0.413220558923373;
7;445.001433037198 * no_asm + -181.020835847317 * ref_1 + 175.98693773143 * ref_9 + 69.7830901868168 * no_mbtree + -19.3115105253599 * no_8x8dct + -65.844930516407 * no_mbtree * no_mixed_refs + 37.4242380305577 * no_mbtree * no_fast_pskip + -5.98068067885147 * no_cabac;3.19491181975358;3.19491181975358;3.19491181975358;3.19491181975358;0.521582;10;-5.98068067885147 * no_cabac;1;0.209006128572359;
8;451.27298100522 * no_asm + -180.987662903948 * ref_1 + 159.122503014364 * ref_9 + 60.0398663937938 * no_mbtree + -19.0498338149535 * no_8x8dct + -66.4493937820156 * no_mbtree * no_mixed_refs + 38.3029902799694 * no_mbtree * no_fast_pskip + -6.50903479677834 * no_cabac + 26.4745379553529 * ref_9 * no_mbtree;3.05314833881488;3.05314833881488;3.05314833881488;3.05314833881488;0.748863;12;26.4745379553529 * ref_9 * no_mbtree;2;0.0708817404693494;
Elapsed=00:00:00.7502710
Learning progress:
1;547.398220338983 * no_asm + -260.874566492829 * ref_1;11.3989391836158;11.3989391836158;11.3989391836158;11.3989391836158;0.007431;2;-260.874566492829 * ref_1;1;26.0798188735025;
2;462.968279569893 * no_asm + -176.444625723739 * ref_1 + 177.905946620584 * ref_9;7.08449903216945;7.08449903216945;7.08449903216945;7.08449903216945;0.027982;3;177.905946620584 * ref_9;1;4.31444015144636;
3;436.944140277197 * no_asm + -176.398070912839 * ref_1 + 177.797872952424 * ref_9 + 37.5231775848176 * no_mbtree;4.67683171670858;4.67683171670858;4.67683171670858;4.67683171670858;0.065033;4;37.5231775848176 * no_mbtree;1;2.40766731546087;
4;441.492397611921 * no_asm + -176.406207330254 * ref_1 + 155.356148975437 * ref_9 + 30.9652251487038 * no_mbtree + 48.3767029605835 * ref_9 * no_fast_pskip;4.58110121271222;4.58110121271222;4.58110121271222;4.58110121271222;0.124349;6;48.3767029605835 * ref_9 * no_fast_pskip;2;0.0478652519981821;
Elapsed=00:00:00.1250033
Learning progress:
1;544.251415929205 * no_asm + -260.489603063708 * ref_1;11.9142407250952;11.9142407250952;11.9142407250952;11.9142407250952;0.009955;2;-260.489603063708 * ref_1;1;19.2490369889813;
2;466.054270833334 * no_asm + -182.292457967836 * ref_1 + 180.3321917517 * ref_9;6.81366987336272;6.81366987336272;6.81366987336272;6.81366987336272;0.02922;3;180.3321917517 * ref_9;1;5.10057085173243;
3;466.054270833334 * no_asm + -182.292457967836 * ref_1 + 152.2090625 * ref_9 + 43.0635416666671 * ref_9 * no_mbtree;6.02255582595109;6.02255582595109;6.02255582595109;6.02255582595109;0.063902;5;43.0635416666671 * ref_9 * no_mbtree;2;0.395557023705817;
4;466.054270833334 * no_asm + -182.292457967836 * ref_1 + 171.78885228979 * ref_9 + 113.632367367367 * ref_9 * no_mbtree + -110.952142142142 * ref_9 * no_mixed_refs;5.63623409970869;5.63623409970869;5.63623409970869;5.63623409970869;0.12163;7;-110.952142142142 * ref_9 * no_mixed_refs;2;0.193160863121197;
5;466.054270833334 * no_asm + -182.292457967837 * ref_1 + 152.171801400403 * ref_9 + 79.2900492709354 * ref_9 * no_mbtree + -132.76550407258 * ref_9 * no_mixed_refs + 99.7324877277191 * ref_9 * no_fast_pskip;3.93391177244995;3.93391177244995;3.93391177244995;3.93391177244995;0.215424;9;99.7324877277191 * ref_9 * no_fast_pskip;2;0.851161163629369;
6;466.054270833333 * no_asm + -182.292457967836 * ref_1 + 157.447630054011 * ref_9 + 87.0859576310694 * ref_9 * no_mbtree + -131.88682674437 * ref_9 * no_mixed_refs + 97.3577248372555 * ref_9 * no_fast_pskip + -27.6086891780362 * ref_9 * no_8x8dct;3.60656836558722;3.60656836558722;3.60656836558722;3.60656836558722;0.327369;11;-27.6086891780362 * ref_9 * no_8x8dct;2;0.163671703431367;
7;466.054270833334 * no_asm + -182.292457967836 * ref_1 + 150.856331830669 * ref_9 + 96.8493936035616 * ref_9 * no_mbtree + -125.978409120925 * ref_9 * no_mixed_refs + 119.881897335998 * ref_9 * no_fast_pskip + -26.198646867529 * ref_9 * no_8x8dct + -34.4749489565449 * ref_9 * no_mbtree * no_fast_pskip;3.40348709055927;3.40348709055927;3.40348709055927;3.40348709055927;0.478086;14;-34.4749489565449 * ref_9 * no_mbtree * no_fast_pskip;3;0.0676937583426513;
Elapsed=00:00:00.4789818
Learning progress:
1;545.495615615616 * no_asm + -260.822395276632 * ref_1;15.5654986392619;15.5654986392619;15.5654986392619;15.5654986392619;0.009092;2;-260.822395276632 * ref_1;1;14.3234821886974;
2;470.554408602151 * no_asm + -185.881188263168 * ref_1 + 169.764775071319 * ref_9;7.90505506538216;7.90505506538216;7.90505506538216;7.90505506538216;0.028895;3;169.764775071319 * ref_9;1;7.66044357387977;
3;450.232904927533 * no_asm + -186.914485060182 * ref_1 + 173.21217301612 * ref_9 + 39.3729133695733 * no_fast_pskip;6.40743841329607;6.40743841329607;6.40743841329607;6.40743841329607;0.062606;4;39.3729133695733 * no_fast_pskip;1;1.49761665208609;
4;455.603780305189 * no_asm + -185.948327928839 * ref_1 + 173.500640364265 * ref_9 + 41.7451687679454 * no_fast_pskip + -20.4453223081293 * no_8x8dct;5.6087269770155;5.6087269770155;5.6087269770155;5.6087269770155;0.121963;5;-20.4453223081293 * no_8x8dct;1;0.798711436280574;
5;462.866471715946 * no_asm + -186.535774119725 * ref_1 + 173.287790276054 * ref_9 + 41.6750033217329 * no_fast_pskip + -21.1506387932518 * no_8x8dct + -14.4645081161909 * no_cabac;5.3659216661428;5.3659216661428;5.3659216661428;5.3659216661428;0.205506;6;-14.4645081161909 * no_cabac;1;0.2428053108727;
6;456.913453975058 * no_asm + -168.394261224118 * ref_1 + 174.329968253703 * ref_9 + 53.5491929291136 * no_fast_pskip + -21.7208762012931 * no_8x8dct + -14.447248760867 * no_cabac + -33.9687125570654 * ref_1 * no_fast_pskip;5.20189507902343;5.20189507902343;5.20189507902343;5.20189507902343;0.330255;8;-33.9687125570654 * ref_1 * no_fast_pskip;2;0.0820132935596862;
Elapsed=00:00:00.3311568
Learning progress:
1;553.103559322035 * no_asm + -270.779899191315 * ref_1;13.1663200408942;13.1663200408942;13.1663200408942;13.1663200408942;0.009553;2;-270.779899191315 * ref_1;1;21.6433807606272;
2;644.431111111112 * no_asm + -362.107450980392 * ref_1 + -176.666411657559 * ref_5;7.02483018113129;7.02483018113129;7.02483018113129;7.02483018113129;0.029778;3;-176.666411657559 * ref_5;1;6.14148985976288;
3;623.57217684745 * no_asm + -362.563192401278 * ref_1 + -179.19683974856 * ref_5 + 33.9702643722492 * no_mbtree;4.98253825883735;4.98253825883735;4.98253825883735;4.98253825883735;0.065325;4;33.9702643722492 * no_mbtree;1;2.04229192229394;
4;630.197189223161 * no_asm + -360.143918921774 * ref_1 + -177.881166408876 * ref_5 + 41.0272340120818 * no_mbtree + -31.230982140483 * no_8x8dct;4.333644361999;4.333644361999;4.333644361999;4.333644361999;0.130234;5;-31.230982140483 * no_8x8dct;1;0.648893896838348;
5;630.117489101377 * no_asm + -360.166597109125 * ref_1 + -175.195453699139 * ref_5 + 40.9927576843886 * no_mbtree + -30.9435032199361 * no_8x8dct + -7.16111891807436 * ref_5 * rc_lookahead_20;4.25328339869661;4.25328339869661;4.25328339869661;4.25328339869661;0.212273;7;-7.16111891807436 * ref_5 * rc_lookahead_20;2;0.0401804816511953;
Elapsed=00:00:00.2130744
Learning progress:
1;557.193045977012 * no_asm + -274.214178052484 * ref_1;14.9819942639837;14.9819942639837;14.9819942639837;14.9819942639837;0.00824;2;-274.214178052484 * ref_1;1;17.2646178292558;
2;466.793090909092 * no_asm + -183.814222984563 * ref_1 + 171.908111276701 * ref_9;7.434719392002;7.434719392002;7.434719392002;7.434719392002;0.029421;3;171.908111276701 * ref_9;1;7.54727487198173;
3;441.537777150209 * no_asm + -184.018443850537 * ref_1 + 171.789819408978 * ref_9 + 39.6869216211019 * no_mbtree;5.73066180807923;5.73066180807923;5.73066180807923;5.73066180807923;0.063449;4;39.6869216211019 * no_mbtree;1;1.70405758392277;
4;444.404061122899 * no_asm + -180.534296953939 * ref_1 + 173.745866213985 * ref_9 + 48.1690533476572 * no_mbtree + -28.4075143079629 * no_8x8dct;4.69525691749287;4.69525691749287;4.69525691749287;4.69525691749287;0.124103;5;-28.4075143079629 * no_8x8dct;1;1.03540489058636;
5;442.895103137019 * no_asm + -181.000652508457 * ref_1 + 174.057265812369 * ref_9 + 82.9039658360087 * no_mbtree + -19.0018741569567 * no_8x8dct + -51.3287796114002 * no_mbtree * no_mixed_refs;4.23035906617268;4.23035906617268;4.23035906617268;4.23035906617268;0.208571;7;-51.3287796114002 * no_mbtree * no_mixed_refs;2;0.232448925660094;
6;442.34038384101 * no_asm + -181.207632098977 * ref_1 + 176.016234256941 * ref_9 + 69.8473962279836 * no_mbtree + -19.534555807375 * no_8x8dct + -66.5153773634544 * no_mbtree * no_mixed_refs + 38.0729281638872 * no_mbtree * no_fast_pskip;3.40391794832594;3.40391794832594;3.40391794832594;3.40391794832594;0.340433;9;38.0729281638872 * no_mbtree * no_fast_pskip;2;0.413220558923373;
7;445.001433037198 * no_asm + -181.020835847317 * ref_1 + 175.98693773143 * ref_9 + 69.7830901868168 * no_mbtree + -19.3115105253599 * no_8x8dct + -65.844930516407 * no_mbtree * no_mixed_refs + 37.4242380305577 * no_mbtree * no_fast_pskip + -5.98068067885147 * no_cabac;3.19491181975358;3.19491181975358;3.19491181975358;3.19491181975358;0.526214;10;-5.98068067885147 * no_cabac;1;0.209006128572359;
8;451.27298100522 * no_asm + -180.987662903948 * ref_1 + 159.122503014364 * ref_9 + 60.0398663937938 * no_mbtree + -19.0498338149535 * no_8x8dct + -66.4493937820156 * no_mbtree * no_mixed_refs + 38.3029902799694 * no_mbtree * no_fast_pskip + -6.50903479677834 * no_cabac + 26.4745379553529 * ref_9 * no_mbtree;3.05314833881488;3.05314833881488;3.05314833881488;3.05314833881488;0.749975;12;26.4745379553529 * ref_9 * no_mbtree;2;0.0708817404693494;
Elapsed=00:00:00.7512654
Learning progress:
1;547.398220338983 * no_asm + -260.874566492829 * ref_1;11.3989391836158;11.3989391836158;11.3989391836158;11.3989391836158;0.008005;2;-260.874566492829 * ref_1;1;26.0798188735025;
2;462.968279569893 * no_asm + -176.444625723739 * ref_1 + 177.905946620584 * ref_9;7.08449903216945;7.08449903216945;7.08449903216945;7.08449903216945;0.028045;3;177.905946620584 * ref_9;1;4.31444015144636;
3;436.944140277197 * no_asm + -176.398070912839 * ref_1 + 177.797872952424 * ref_9 + 37.5231775848176 * no_mbtree;4.67683171670858;4.67683171670858;4.67683171670858;4.67683171670858;0.062241;4;37.5231775848176 * no_mbtree;1;2.40766731546087;
4;441.492397611921 * no_asm + -176.406207330254 * ref_1 + 155.356148975437 * ref_9 + 30.9652251487038 * no_mbtree + 48.3767029605835 * ref_9 * no_fast_pskip;4.58110121271222;4.58110121271222;4.58110121271222;4.58110121271222;0.119604;6;48.3767029605835 * ref_9 * no_fast_pskip;2;0.0478652519981821;
Elapsed=00:00:00.1202570
Learning progress:
1;544.251415929205 * no_asm + -260.489603063708 * ref_1;11.9142407250952;11.9142407250952;11.9142407250952;11.9142407250952;0.009772;2;-260.489603063708 * ref_1;1;19.2490369889813;
2;466.054270833334 * no_asm + -182.292457967836 * ref_1 + 180.3321917517 * ref_9;6.81366987336272;6.81366987336272;6.81366987336272;6.81366987336272;0.030138;3;180.3321917517 * ref_9;1;5.10057085173243;
3;466.054270833334 * no_asm + -182.292457967836 * ref_1 + 152.2090625 * ref_9 + 43.0635416666671 * ref_9 * no_mbtree;6.02255582595109;6.02255582595109;6.02255582595109;6.02255582595109;0.063477;5;43.0635416666671 * ref_9 * no_mbtree;2;0.395557023705817;
4;466.054270833334 * no_asm + -182.292457967836 * ref_1 + 171.78885228979 * ref_9 + 113.632367367367 * ref_9 * no_mbtree + -110.952142142142 * ref_9 * no_mixed_refs;5.63623409970869;5.63623409970869;5.63623409970869;5.63623409970869;0.121945;7;-110.952142142142 * ref_9 * no_mixed_refs;2;0.193160863121197;
Elapsed=00:00:00.1226468
Learning progress:
1;545.495615615616 * no_asm + -260.822395276632 * ref_1;15.5654986392619;15.5654986392619;15.5654986392619;15.5654986392619;0.008229;2;-260.822395276632 * ref_1;1;14.3234821886974;
2;470.554408602151 * no_asm + -185.881188263168 * ref_1 + 169.764775071319 * ref_9;7.90505506538216;7.90505506538216;7.90505506538216;7.90505506538216;0.028417;3;169.764775071319 * ref_9;1;7.66044357387977;
3;450.232904927533 * no_asm + -186.914485060182 * ref_1 + 173.21217301612 * ref_9 + 39.3729133695733 * no_fast_pskip;6.40743841329607;6.40743841329607;6.40743841329607;6.40743841329607;0.061911;4;39.3729133695733 * no_fast_pskip;1;1.49761665208609;
4;455.603780305189 * no_asm + -185.948327928839 * ref_1 + 173.500640364265 * ref_9 + 41.7451687679454 * no_fast_pskip + -20.4453223081293 * no_8x8dct;5.6087269770155;5.6087269770155;5.6087269770155;5.6087269770155;0.120706;5;-20.4453223081293 * no_8x8dct;1;0.798711436280574;
5;462.866471715946 * no_asm + -186.535774119725 * ref_1 + 173.287790276054 * ref_9 + 41.6750033217329 * no_fast_pskip + -21.1506387932518 * no_8x8dct + -14.4645081161909 * no_cabac;5.3659216661428;5.3659216661428;5.3659216661428;5.3659216661428;0.203097;6;-14.4645081161909 * no_cabac;1;0.2428053108727;
6;456.913453975058 * no_asm + -168.394261224118 * ref_1 + 174.329968253703 * ref_9 + 53.5491929291136 * no_fast_pskip + -21.7208762012931 * no_8x8dct + -14.447248760867 * no_cabac + -33.9687125570654 * ref_1 * no_fast_pskip;5.20189507902343;5.20189507902343;5.20189507902343;5.20189507902343;0.323311;8;-33.9687125570654 * ref_1 * no_fast_pskip;2;0.0820132935596862;
Elapsed=00:00:00.3242192
Learning progress:
1;553.103559322035 * no_asm + -270.779899191315 * ref_1;13.1663200408942;13.1663200408942;13.1663200408942;13.1663200408942;0.007746;2;-270.779899191315 * ref_1;1;21.6433807606272;
2;644.431111111112 * no_asm + -362.107450980392 * ref_1 + -176.666411657559 * ref_5;7.02483018113129;7.02483018113129;7.02483018113129;7.02483018113129;0.028256;3;-176.666411657559 * ref_5;1;6.14148985976288;
3;623.57217684745 * no_asm + -362.563192401278 * ref_1 + -179.19683974856 * ref_5 + 33.9702643722492 * no_mbtree;4.98253825883735;4.98253825883735;4.98253825883735;4.98253825883735;0.063227;4;33.9702643722492 * no_mbtree;1;2.04229192229394;
4;630.197189223161 * no_asm + -360.143918921774 * ref_1 + -177.881166408876 * ref_5 + 41.0272340120818 * no_mbtree + -31.230982140483 * no_8x8dct;4.333644361999;4.333644361999;4.333644361999;4.333644361999;0.125174;5;-31.230982140483 * no_8x8dct;1;0.648893896838348;
5;630.117489101377 * no_asm + -360.166597109125 * ref_1 + -175.195453699139 * ref_5 + 40.9927576843886 * no_mbtree + -30.9435032199361 * no_8x8dct + -7.16111891807436 * ref_5 * rc_lookahead_20;4.25328339869661;4.25328339869661;4.25328339869661;4.25328339869661;0.221085;7;-7.16111891807436 * ref_5 * rc_lookahead_20;2;0.0401804816511953;
Elapsed=00:00:00.2219589
Learning progress:
1;557.193045977012 * no_asm + -274.214178052484 * ref_1;14.9819942639837;14.9819942639837;14.9819942639837;14.9819942639837;0.011464;2;-274.214178052484 * ref_1;1;17.2646178292558;
2;466.793090909092 * no_asm + -183.814222984563 * ref_1 + 171.908111276701 * ref_9;7.434719392002;7.434719392002;7.434719392002;7.434719392002;0.031056;3;171.908111276701 * ref_9;1;7.54727487198173;
3;441.537777150209 * no_asm + -184.018443850537 * ref_1 + 171.789819408978 * ref_9 + 39.6869216211019 * no_mbtree;5.73066180807923;5.73066180807923;5.73066180807923;5.73066180807923;0.064671;4;39.6869216211019 * no_mbtree;1;1.70405758392277;
4;444.404061122899 * no_asm + -180.534296953939 * ref_1 + 173.745866213985 * ref_9 + 48.1690533476572 * no_mbtree + -28.4075143079629 * no_8x8dct;4.69525691749287;4.69525691749287;4.69525691749287;4.69525691749287;0.124947;5;-28.4075143079629 * no_8x8dct;1;1.03540489058636;
5;442.895103137019 * no_asm + -181.000652508457 * ref_1 + 174.057265812369 * ref_9 + 82.9039658360087 * no_mbtree + -19.0018741569567 * no_8x8dct + -51.3287796114002 * no_mbtree * no_mixed_refs;4.23035906617268;4.23035906617268;4.23035906617268;4.23035906617268;0.208001;7;-51.3287796114002 * no_mbtree * no_mixed_refs;2;0.232448925660094;
Elapsed=00:00:00.2089169
Learning progress:
1;547.398220338983 * no_asm + -260.874566492829 * ref_1;11.3989391836158;11.3989391836158;11.3989391836158;11.3989391836158;0.009441;2;-260.874566492829 * ref_1;1;26.0798188735025;
2;462.968279569893 * no_asm + -176.444625723739 * ref_1 + 177.905946620584 * ref_9;7.08449903216945;7.08449903216945;7.08449903216945;7.08449903216945;0.029992;3;177.905946620584 * ref_9;1;4.31444015144636;
3;436.944140277197 * no_asm + -176.398070912839 * ref_1 + 177.797872952424 * ref_9 + 37.5231775848176 * no_mbtree;4.67683171670858;4.67683171670858;4.67683171670858;4.67683171670858;0.064934;4;37.5231775848176 * no_mbtree;1;2.40766731546087;
4;441.492397611921 * no_asm + -176.406207330254 * ref_1 + 155.356148975437 * ref_9 + 30.9652251487038 * no_mbtree + 48.3767029605835 * ref_9 * no_fast_pskip;4.58110121271222;4.58110121271222;4.58110121271222;4.58110121271222;0.123947;6;48.3767029605835 * ref_9 * no_fast_pskip;2;0.0478652519981821;
Elapsed=00:00:00.1246021
Learning progress:
1;544.251415929205 * no_asm + -260.489603063708 * ref_1;11.9142407250952;11.9142407250952;11.9142407250952;11.9142407250952;0.009619;2;-260.489603063708 * ref_1;1;19.2490369889813;
2;466.054270833334 * no_asm + -182.292457967836 * ref_1 + 180.3321917517 * ref_9;6.81366987336272;6.81366987336272;6.81366987336272;6.81366987336272;0.028728;3;180.3321917517 * ref_9;1;5.10057085173243;
3;466.054270833334 * no_asm + -182.292457967836 * ref_1 + 152.2090625 * ref_9 + 43.0635416666671 * ref_9 * no_mbtree;6.02255582595109;6.02255582595109;6.02255582595109;6.02255582595109;0.064653;5;43.0635416666671 * ref_9 * no_mbtree;2;0.395557023705817;
Elapsed=00:00:00.0652534
Learning progress:
1;545.495615615616 * no_asm + -260.822395276632 * ref_1;15.5654986392619;15.5654986392619;15.5654986392619;15.5654986392619;0.009605;2;-260.822395276632 * ref_1;1;14.3234821886974;
2;470.554408602151 * no_asm + -185.881188263168 * ref_1 + 169.764775071319 * ref_9;7.90505506538216;7.90505506538216;7.90505506538216;7.90505506538216;0.030221;3;169.764775071319 * ref_9;1;7.66044357387977;
3;450.232904927533 * no_asm + -186.914485060182 * ref_1 + 173.21217301612 * ref_9 + 39.3729133695733 * no_fast_pskip;6.40743841329607;6.40743841329607;6.40743841329607;6.40743841329607;0.06451;4;39.3729133695733 * no_fast_pskip;1;1.49761665208609;
4;455.603780305189 * no_asm + -185.948327928839 * ref_1 + 173.500640364265 * ref_9 + 41.7451687679454 * no_fast_pskip + -20.4453223081293 * no_8x8dct;5.6087269770155;5.6087269770155;5.6087269770155;5.6087269770155;0.123555;5;-20.4453223081293 * no_8x8dct;1;0.798711436280574;
5;462.866471715946 * no_asm + -186.535774119725 * ref_1 + 173.287790276054 * ref_9 + 41.6750033217329 * no_fast_pskip + -21.1506387932518 * no_8x8dct + -14.4645081161909 * no_cabac;5.3659216661428;5.3659216661428;5.3659216661428;5.3659216661428;0.209552;6;-14.4645081161909 * no_cabac;1;0.2428053108727;
Elapsed=00:00:00.2104003
Learning progress:
1;553.103559322035 * no_asm + -270.779899191315 * ref_1;13.1663200408942;13.1663200408942;13.1663200408942;13.1663200408942;0.009581;2;-270.779899191315 * ref_1;1;21.6433807606272;
2;644.431111111112 * no_asm + -362.107450980392 * ref_1 + -176.666411657559 * ref_5;7.02483018113129;7.02483018113129;7.02483018113129;7.02483018113129;0.030168;3;-176.666411657559 * ref_5;1;6.14148985976288;
3;623.57217684745 * no_asm + -362.563192401278 * ref_1 + -179.19683974856 * ref_5 + 33.9702643722492 * no_mbtree;4.98253825883735;4.98253825883735;4.98253825883735;4.98253825883735;0.065187;4;33.9702643722492 * no_mbtree;1;2.04229192229394;
4;630.197189223161 * no_asm + -360.143918921774 * ref_1 + -177.881166408876 * ref_5 + 41.0272340120818 * no_mbtree + -31.230982140483 * no_8x8dct;4.333644361999;4.333644361999;4.333644361999;4.333644361999;0.1281;5;-31.230982140483 * no_8x8dct;1;0.648893896838348;
5;630.117489101377 * no_asm + -360.166597109125 * ref_1 + -175.195453699139 * ref_5 + 40.9927576843886 * no_mbtree + -30.9435032199361 * no_8x8dct + -7.16111891807436 * ref_5 * rc_lookahead_20;4.25328339869661;4.25328339869661;4.25328339869661;4.25328339869661;0.211885;7;-7.16111891807436 * ref_5 * rc_lookahead_20;2;0.0401804816511953;
Elapsed=00:00:00.2127376
Learning progress:
1;557.193045977012 * no_asm + -274.214178052484 * ref_1;14.9819942639837;14.9819942639837;14.9819942639837;14.9819942639837;0.009756;2;-274.214178052484 * ref_1;1;17.2646178292558;
2;466.793090909092 * no_asm + -183.814222984563 * ref_1 + 171.908111276701 * ref_9;7.434719392002;7.434719392002;7.434719392002;7.434719392002;0.029949;3;171.908111276701 * ref_9;1;7.54727487198173;
3;441.537777150209 * no_asm + -184.018443850537 * ref_1 + 171.789819408978 * ref_9 + 39.6869216211019 * no_mbtree;5.73066180807923;5.73066180807923;5.73066180807923;5.73066180807923;0.063862;4;39.6869216211019 * no_mbtree;1;1.70405758392277;
4;444.404061122899 * no_asm + -180.534296953939 * ref_1 + 173.745866213985 * ref_9 + 48.1690533476572 * no_mbtree + -28.4075143079629 * no_8x8dct;4.69525691749287;4.69525691749287;4.69525691749287;4.69525691749287;0.125084;5;-28.4075143079629 * no_8x8dct;1;1.03540489058636;
5;442.895103137019 * no_asm + -181.000652508457 * ref_1 + 174.057265812369 * ref_9 + 82.9039658360087 * no_mbtree + -19.0018741569567 * no_8x8dct + -51.3287796114002 * no_mbtree * no_mixed_refs;4.23035906617268;4.23035906617268;4.23035906617268;4.23035906617268;0.210459;7;-51.3287796114002 * no_mbtree * no_mixed_refs;2;0.232448925660094;
6;442.34038384101 * no_asm + -181.207632098977 * ref_1 + 176.016234256941 * ref_9 + 69.8473962279836 * no_mbtree + -19.534555807375 * no_8x8dct + -66.5153773634544 * no_mbtree * no_mixed_refs + 38.0729281638872 * no_mbtree * no_fast_pskip;3.40391794832594;3.40391794832594;3.40391794832594;3.40391794832594;0.349751;9;38.0729281638872 * no_mbtree * no_fast_pskip;2;0.413220558923373;
7;445.001433037198 * no_asm + -181.020835847317 * ref_1 + 175.98693773143 * ref_9 + 69.7830901868168 * no_mbtree + -19.3115105253599 * no_8x8dct + -65.844930516407 * no_mbtree * no_mixed_refs + 37.4242380305577 * no_mbtree * no_fast_pskip + -5.98068067885147 * no_cabac;3.19491181975358;3.19491181975358;3.19491181975358;3.19491181975358;0.529586;10;-5.98068067885147 * no_cabac;1;0.209006128572359;
8;451.27298100522 * no_asm + -180.987662903948 * ref_1 + 159.122503014364 * ref_9 + 60.0398663937938 * no_mbtree + -19.0498338149535 * no_8x8dct + -66.4493937820156 * no_mbtree * no_mixed_refs + 38.3029902799694 * no_mbtree * no_fast_pskip + -6.50903479677834 * no_cabac + 26.4745379553529 * ref_9 * no_mbtree;3.05314833881488;3.05314833881488;3.05314833881488;3.05314833881488;0.758816;12;26.4745379553529 * ref_9 * no_mbtree;2;0.0708817404693494;
Elapsed=00:00:00.7601425
Learning progress:
1;547.398220338983 * no_asm + -260.874566492829 * ref_1;11.3989391836158;11.3989391836158;11.3989391836158;11.3989391836158;0.007699;2;-260.874566492829 * ref_1;1;26.0798188735025;
2;462.968279569893 * no_asm + -176.444625723739 * ref_1 + 177.905946620584 * ref_9;7.08449903216945;7.08449903216945;7.08449903216945;7.08449903216945;0.028122;3;177.905946620584 * ref_9;1;4.31444015144636;
3;436.944140277197 * no_asm + -176.398070912839 * ref_1 + 177.797872952424 * ref_9 + 37.5231775848176 * no_mbtree;4.67683171670858;4.67683171670858;4.67683171670858;4.67683171670858;0.064447;4;37.5231775848176 * no_mbtree;1;2.40766731546087;
4;441.492397611921 * no_asm + -176.406207330254 * ref_1 + 155.356148975437 * ref_9 + 30.9652251487038 * no_mbtree + 48.3767029605835 * ref_9 * no_fast_pskip;4.58110121271222;4.58110121271222;4.58110121271222;4.58110121271222;0.123178;6;48.3767029605835 * ref_9 * no_fast_pskip;2;0.0478652519981821;
Elapsed=00:00:00.1238780
Learning progress:
1;544.251415929205 * no_asm + -260.489603063708 * ref_1;11.9142407250952;11.9142407250952;11.9142407250952;11.9142407250952;0.008206;2;-260.489603063708 * ref_1;1;19.2490369889813;
2;466.054270833334 * no_asm + -182.292457967836 * ref_1 + 180.3321917517 * ref_9;6.81366987336272;6.81366987336272;6.81366987336272;6.81366987336272;0.028918;3;180.3321917517 * ref_9;1;5.10057085173243;
3;466.054270833334 * no_asm + -182.292457967836 * ref_1 + 152.2090625 * ref_9 + 43.0635416666671 * ref_9 * no_mbtree;6.02255582595109;6.02255582595109;6.02255582595109;6.02255582595109;0.063852;5;43.0635416666671 * ref_9 * no_mbtree;2;0.395557023705817;
4;466.054270833334 * no_asm + -182.292457967836 * ref_1 + 171.78885228979 * ref_9 + 113.632367367367 * ref_9 * no_mbtree + -110.952142142142 * ref_9 * no_mixed_refs;5.63623409970869;5.63623409970869;5.63623409970869;5.63623409970869;0.12811;7;-110.952142142142 * ref_9 * no_mixed_refs;2;0.193160863121197;
5;466.054270833334 * no_asm + -182.292457967837 * ref_1 + 152.171801400403 * ref_9 + 79.2900492709354 * ref_9 * no_mbtree + -132.76550407258 * ref_9 * no_mixed_refs + 99.7324877277191 * ref_9 * no_fast_pskip;3.93391177244995;3.93391177244995;3.93391177244995;3.93391177244995;0.208034;9;99.7324877277191 * ref_9 * no_fast_pskip;2;0.851161163629369;
6;466.054270833333 * no_asm + -182.292457967836 * ref_1 + 157.447630054011 * ref_9 + 87.0859576310694 * ref_9 * no_mbtree + -131.88682674437 * ref_9 * no_mixed_refs + 97.3577248372555 * ref_9 * no_fast_pskip + -27.6086891780362 * ref_9 * no_8x8dct;3.60656836558722;3.60656836558722;3.60656836558722;3.60656836558722;0.323318;11;-27.6086891780362 * ref_9 * no_8x8dct;2;0.163671703431367;
7;466.054270833334 * no_asm + -182.292457967836 * ref_1 + 150.856331830669 * ref_9 + 96.8493936035616 * ref_9 * no_mbtree + -125.978409120925 * ref_9 * no_mixed_refs + 119.881897335998 * ref_9 * no_fast_pskip + -26.198646867529 * ref_9 * no_8x8dct + -34.4749489565449 * ref_9 * no_mbtree * no_fast_pskip;3.40348709055927;3.40348709055927;3.40348709055927;3.40348709055927;0.474327;14;-34.4749489565449 * ref_9 * no_mbtree * no_fast_pskip;3;0.0676937583426513;
Elapsed=00:00:00.4752008
Learning progress:
1;545.495615615616 * no_asm + -260.822395276632 * ref_1;15.5654986392619;15.5654986392619;15.5654986392619;15.5654986392619;0.008229;2;-260.822395276632 * ref_1;1;14.3234821886974;
2;470.554408602151 * no_asm + -185.881188263168 * ref_1 + 169.764775071319 * ref_9;7.90505506538216;7.90505506538216;7.90505506538216;7.90505506538216;0.02884;3;169.764775071319 * ref_9;1;7.66044357387977;
3;450.232904927533 * no_asm + -186.914485060182 * ref_1 + 173.21217301612 * ref_9 + 39.3729133695733 * no_fast_pskip;6.40743841329607;6.40743841329607;6.40743841329607;6.40743841329607;0.06409;4;39.3729133695733 * no_fast_pskip;1;1.49761665208609;
4;455.603780305189 * no_asm + -185.948327928839 * ref_1 + 173.500640364265 * ref_9 + 41.7451687679454 * no_fast_pskip + -20.4453223081293 * no_8x8dct;5.6087269770155;5.6087269770155;5.6087269770155;5.6087269770155;0.124254;5;-20.4453223081293 * no_8x8dct;1;0.798711436280574;
5;462.866471715946 * no_asm + -186.535774119725 * ref_1 + 173.287790276054 * ref_9 + 41.6750033217329 * no_fast_pskip + -21.1506387932518 * no_8x8dct + -14.4645081161909 * no_cabac;5.3659216661428;5.3659216661428;5.3659216661428;5.3659216661428;0.207107;6;-14.4645081161909 * no_cabac;1;0.2428053108727;
6;456.913453975058 * no_asm + -168.394261224118 * ref_1 + 174.329968253703 * ref_9 + 53.5491929291136 * no_fast_pskip + -21.7208762012931 * no_8x8dct + -14.447248760867 * no_cabac + -33.9687125570654 * ref_1 * no_fast_pskip;5.20189507902343;5.20189507902343;5.20189507902343;5.20189507902343;0.331994;8;-33.9687125570654 * ref_1 * no_fast_pskip;2;0.0820132935596862;
Elapsed=00:00:00.3328957
Learning progress:
1;553.103559322035 * no_asm + -270.779899191315 * ref_1;13.1663200408942;13.1663200408942;13.1663200408942;13.1663200408942;0.010475;2;-270.779899191315 * ref_1;1;21.6433807606272;
2;644.431111111112 * no_asm + -362.107450980392 * ref_1 + -176.666411657559 * ref_5;7.02483018113129;7.02483018113129;7.02483018113129;7.02483018113129;0.030346;3;-176.666411657559 * ref_5;1;6.14148985976288;
3;623.57217684745 * no_asm + -362.563192401278 * ref_1 + -179.19683974856 * ref_5 + 33.9702643722492 * no_mbtree;4.98253825883735;4.98253825883735;4.98253825883735;4.98253825883735;0.065867;4;33.9702643722492 * no_mbtree;1;2.04229192229394;
4;630.197189223161 * no_asm + -360.143918921774 * ref_1 + -177.881166408876 * ref_5 + 41.0272340120818 * no_mbtree + -31.230982140483 * no_8x8dct;4.333644361999;4.333644361999;4.333644361999;4.333644361999;0.129279;5;-31.230982140483 * no_8x8dct;1;0.648893896838348;
5;630.117489101377 * no_asm + -360.166597109125 * ref_1 + -175.195453699139 * ref_5 + 40.9927576843886 * no_mbtree + -30.9435032199361 * no_8x8dct + -7.16111891807436 * ref_5 * rc_lookahead_20;4.25328339869661;4.25328339869661;4.25328339869661;4.25328339869661;0.212848;7;-7.16111891807436 * ref_5 * rc_lookahead_20;2;0.0401804816511953;
Elapsed=00:00:00.2136434
Learning progress:
1;557.193045977012 * no_asm + -274.214178052484 * ref_1;14.9819942639837;14.9819942639837;14.9819942639837;14.9819942639837;0.008327;2;-274.214178052484 * ref_1;1;17.2646178292558;
2;466.793090909092 * no_asm + -183.814222984563 * ref_1 + 171.908111276701 * ref_9;7.434719392002;7.434719392002;7.434719392002;7.434719392002;0.028889;3;171.908111276701 * ref_9;1;7.54727487198173;
3;441.537777150209 * no_asm + -184.018443850537 * ref_1 + 171.789819408978 * ref_9 + 39.6869216211019 * no_mbtree;5.73066180807923;5.73066180807923;5.73066180807923;5.73066180807923;0.06278;4;39.6869216211019 * no_mbtree;1;1.70405758392277;
4;444.404061122899 * no_asm + -180.534296953939 * ref_1 + 173.745866213985 * ref_9 + 48.1690533476572 * no_mbtree + -28.4075143079629 * no_8x8dct;4.69525691749287;4.69525691749287;4.69525691749287;4.69525691749287;0.1224;5;-28.4075143079629 * no_8x8dct;1;1.03540489058636;
5;442.895103137019 * no_asm + -181.000652508457 * ref_1 + 174.057265812369 * ref_9 + 82.9039658360087 * no_mbtree + -19.0018741569567 * no_8x8dct + -51.3287796114002 * no_mbtree * no_mixed_refs;4.23035906617268;4.23035906617268;4.23035906617268;4.23035906617268;0.207681;7;-51.3287796114002 * no_mbtree * no_mixed_refs;2;0.232448925660094;
6;442.34038384101 * no_asm + -181.207632098977 * ref_1 + 176.016234256941 * ref_9 + 69.8473962279836 * no_mbtree + -19.534555807375 * no_8x8dct + -66.5153773634544 * no_mbtree * no_mixed_refs + 38.0729281638872 * no_mbtree * no_fast_pskip;3.40391794832594;3.40391794832594;3.40391794832594;3.40391794832594;0.341662;9;38.0729281638872 * no_mbtree * no_fast_pskip;2;0.413220558923373;
7;445.001433037198 * no_asm + -181.020835847317 * ref_1 + 175.98693773143 * ref_9 + 69.7830901868168 * no_mbtree + -19.3115105253599 * no_8x8dct + -65.844930516407 * no_mbtree * no_mixed_refs + 37.4242380305577 * no_mbtree * no_fast_pskip + -5.98068067885147 * no_cabac;3.19491181975358;3.19491181975358;3.19491181975358;3.19491181975358;0.525794;10;-5.98068067885147 * no_cabac;1;0.209006128572359;
8;451.27298100522 * no_asm + -180.987662903948 * ref_1 + 159.122503014364 * ref_9 + 60.0398663937938 * no_mbtree + -19.0498338149535 * no_8x8dct + -66.4493937820156 * no_mbtree * no_mixed_refs + 38.3029902799694 * no_mbtree * no_fast_pskip + -6.50903479677834 * no_cabac + 26.4745379553529 * ref_9 * no_mbtree;3.05314833881488;3.05314833881488;3.05314833881488;3.05314833881488;0.749108;12;26.4745379553529 * ref_9 * no_mbtree;2;0.0708817404693494;
Elapsed=00:00:00.7504219
Learning progress:
1;547.398220338983 * no_asm + -260.874566492829 * ref_1;11.3989391836158;11.3989391836158;11.3989391836158;11.3989391836158;0.007981;2;-260.874566492829 * ref_1;1;26.0798188735025;
2;462.968279569893 * no_asm + -176.444625723739 * ref_1 + 177.905946620584 * ref_9;7.08449903216945;7.08449903216945;7.08449903216945;7.08449903216945;0.028463;3;177.905946620584 * ref_9;1;4.31444015144636;
3;436.944140277197 * no_asm + -176.398070912839 * ref_1 + 177.797872952424 * ref_9 + 37.5231775848176 * no_mbtree;4.67683171670858;4.67683171670858;4.67683171670858;4.67683171670858;0.062698;4;37.5231775848176 * no_mbtree;1;2.40766731546087;
4;441.492397611921 * no_asm + -176.406207330254 * ref_1 + 155.356148975437 * ref_9 + 30.9652251487038 * no_mbtree + 48.3767029605835 * ref_9 * no_fast_pskip;4.58110121271222;4.58110121271222;4.58110121271222;4.58110121271222;0.119535;6;48.3767029605835 * ref_9 * no_fast_pskip;2;0.0478652519981821;
Elapsed=00:00:00.1201906
Learning progress:
1;544.251415929205 * no_asm + -260.489603063708 * ref_1;11.9142407250952;11.9142407250952;11.9142407250952;11.9142407250952;0.009426;2;-260.489603063708 * ref_1;1;19.2490369889813;
2;466.054270833334 * no_asm + -182.292457967836 * ref_1 + 180.3321917517 * ref_9;6.81366987336272;6.81366987336272;6.81366987336272;6.81366987336272;0.028726;3;180.3321917517 * ref_9;1;5.10057085173243;
3;466.054270833334 * no_asm + -182.292457967836 * ref_1 + 152.2090625 * ref_9 + 43.0635416666671 * ref_9 * no_mbtree;6.02255582595109;6.02255582595109;6.02255582595109;6.02255582595109;0.062939;5;43.0635416666671 * ref_9 * no_mbtree;2;0.395557023705817;
4;466.054270833334 * no_asm + -182.292457967836 * ref_1 + 171.78885228979 * ref_9 + 113.632367367367 * ref_9 * no_mbtree + -110.952142142142 * ref_9 * no_mixed_refs;5.63623409970869;5.63623409970869;5.63623409970869;5.63623409970869;0.120095;7;-110.952142142142 * ref_9 * no_mixed_refs;2;0.193160863121197;
Elapsed=00:00:00.1207827
Learning progress:
1;545.495615615616 * no_asm + -260.822395276632 * ref_1;15.5654986392619;15.5654986392619;15.5654986392619;15.5654986392619;0.007705;2;-260.822395276632 * ref_1;1;14.3234821886974;
2;470.554408602151 * no_asm + -185.881188263168 * ref_1 + 169.764775071319 * ref_9;7.90505506538216;7.90505506538216;7.90505506538216;7.90505506538216;0.027087;3;169.764775071319 * ref_9;1;7.66044357387977;
3;450.232904927533 * no_asm + -186.914485060182 * ref_1 + 173.21217301612 * ref_9 + 39.3729133695733 * no_fast_pskip;6.40743841329607;6.40743841329607;6.40743841329607;6.40743841329607;0.063322;4;39.3729133695733 * no_fast_pskip;1;1.49761665208609;
4;455.603780305189 * no_asm + -185.948327928839 * ref_1 + 173.500640364265 * ref_9 + 41.7451687679454 * no_fast_pskip + -20.4453223081293 * no_8x8dct;5.6087269770155;5.6087269770155;5.6087269770155;5.6087269770155;0.121263;5;-20.4453223081293 * no_8x8dct;1;0.798711436280574;
5;462.866471715946 * no_asm + -186.535774119725 * ref_1 + 173.287790276054 * ref_9 + 41.6750033217329 * no_fast_pskip + -21.1506387932518 * no_8x8dct + -14.4645081161909 * no_cabac;5.3659216661428;5.3659216661428;5.3659216661428;5.3659216661428;0.20544;6;-14.4645081161909 * no_cabac;1;0.2428053108727;
6;456.913453975058 * no_asm + -168.394261224118 * ref_1 + 174.329968253703 * ref_9 + 53.5491929291136 * no_fast_pskip + -21.7208762012931 * no_8x8dct + -14.447248760867 * no_cabac + -33.9687125570654 * ref_1 * no_fast_pskip;5.20189507902343;5.20189507902343;5.20189507902343;5.20189507902343;0.330126;8;-33.9687125570654 * ref_1 * no_fast_pskip;2;0.0820132935596862;
Elapsed=00:00:00.3310508
Learning progress:
1;553.103559322035 * no_asm + -270.779899191315 * ref_1;13.1663200408942;13.1663200408942;13.1663200408942;13.1663200408942;0.008217;2;-270.779899191315 * ref_1;1;21.6433807606272;
2;644.431111111112 * no_asm + -362.107450980392 * ref_1 + -176.666411657559 * ref_5;7.02483018113129;7.02483018113129;7.02483018113129;7.02483018113129;0.028043;3;-176.666411657559 * ref_5;1;6.14148985976288;
3;623.57217684745 * no_asm + -362.563192401278 * ref_1 + -179.19683974856 * ref_5 + 33.9702643722492 * no_mbtree;4.98253825883735;4.98253825883735;4.98253825883735;4.98253825883735;0.064857;4;33.9702643722492 * no_mbtree;1;2.04229192229394;
4;630.197189223161 * no_asm + -360.143918921774 * ref_1 + -177.881166408876 * ref_5 + 41.0272340120818 * no_mbtree + -31.230982140483 * no_8x8dct;4.333644361999;4.333644361999;4.333644361999;4.333644361999;0.124728;5;-31.230982140483 * no_8x8dct;1;0.648893896838348;
5;630.117489101377 * no_asm + -360.166597109125 * ref_1 + -175.195453699139 * ref_5 + 40.9927576843886 * no_mbtree + -30.9435032199361 * no_8x8dct + -7.16111891807436 * ref_5 * rc_lookahead_20;4.25328339869661;4.25328339869661;4.25328339869661;4.25328339869661;0.207256;7;-7.16111891807436 * ref_5 * rc_lookahead_20;2;0.0401804816511953;
Elapsed=00:00:00.2080763
Learning progress:
1;557.193045977012 * no_asm + -274.214178052484 * ref_1;14.9819942639837;14.9819942639837;14.9819942639837;14.9819942639837;0.008321;2;-274.214178052484 * ref_1;1;17.2646178292558;
2;466.793090909092 * no_asm + -183.814222984563 * ref_1 + 171.908111276701 * ref_9;7.434719392002;7.434719392002;7.434719392002;7.434719392002;0.029396;3;171.908111276701 * ref_9;1;7.54727487198173;
3;441.537777150209 * no_asm + -184.018443850537 * ref_1 + 171.789819408978 * ref_9 + 39.6869216211019 * no_mbtree;5.73066180807923;5.73066180807923;5.73066180807923;5.73066180807923;0.065047;4;39.6869216211019 * no_mbtree;1;1.70405758392277;
4;444.404061122899 * no_asm + -180.534296953939 * ref_1 + 173.745866213985 * ref_9 + 48.1690533476572 * no_mbtree + -28.4075143079629 * no_8x8dct;4.69525691749287;4.69525691749287;4.69525691749287;4.69525691749287;0.125948;5;-28.4075143079629 * no_8x8dct;1;1.03540489058636;
5;442.895103137019 * no_asm + -181.000652508457 * ref_1 + 174.057265812369 * ref_9 + 82.9039658360087 * no_mbtree + -19.0018741569567 * no_8x8dct + -51.3287796114002 * no_mbtree * no_mixed_refs;4.23035906617268;4.23035906617268;4.23035906617268;4.23035906617268;0.210442;7;-51.3287796114002 * no_mbtree * no_mixed_refs;2;0.232448925660094;
Elapsed=00:00:00.2113861
Learning progress:
1;547.398220338983 * no_asm + -260.874566492829 * ref_1;11.3989391836158;11.3989391836158;11.3989391836158;11.3989391836158;0.008058;2;-260.874566492829 * ref_1;1;26.0798188735025;
2;462.968279569893 * no_asm + -176.444625723739 * ref_1 + 177.905946620584 * ref_9;7.08449903216945;7.08449903216945;7.08449903216945;7.08449903216945;0.028039;3;177.905946620584 * ref_9;1;4.31444015144636;
3;436.944140277197 * no_asm + -176.398070912839 * ref_1 + 177.797872952424 * ref_9 + 37.5231775848176 * no_mbtree;4.67683171670858;4.67683171670858;4.67683171670858;4.67683171670858;0.06318;4;37.5231775848176 * no_mbtree;1;2.40766731546087;
4;441.492397611921 * no_asm + -176.406207330254 * ref_1 + 155.356148975437 * ref_9 + 30.9652251487038 * no_mbtree + 48.3767029605835 * ref_9 * no_fast_pskip;4.58110121271222;4.58110121271222;4.58110121271222;4.58110121271222;0.122027;6;48.3767029605835 * ref_9 * no_fast_pskip;2;0.0478652519981821;
Elapsed=00:00:00.1226784
Learning progress:
1;544.251415929205 * no_asm + -260.489603063708 * ref_1;11.9142407250952;11.9142407250952;11.9142407250952;11.9142407250952;0.009645;2;-260.489603063708 * ref_1;1;19.2490369889813;
2;466.054270833334 * no_asm + -182.292457967836 * ref_1 + 180.3321917517 * ref_9;6.81366987336272;6.81366987336272;6.81366987336272;6.81366987336272;0.029786;3;180.3321917517 * ref_9;1;5.10057085173243;
3;466.054270833334 * no_asm + -182.292457967836 * ref_1 + 152.2090625 * ref_9 + 43.0635416666671 * ref_9 * no_mbtree;6.02255582595109;6.02255582595109;6.02255582595109;6.02255582595109;0.063951;5;43.0635416666671 * ref_9 * no_mbtree;2;0.395557023705817;
Elapsed=00:00:00.0645515
Learning progress:
1;545.495615615616 * no_asm + -260.822395276632 * ref_1;15.5654986392619;15.5654986392619;15.5654986392619;15.5654986392619;0.007741;2;-260.822395276632 * ref_1;1;14.3234821886974;
2;470.554408602151 * no_asm + -185.881188263168 * ref_1 + 169.764775071319 * ref_9;7.90505506538216;7.90505506538216;7.90505506538216;7.90505506538216;0.02756;3;169.764775071319 * ref_9;1;7.66044357387977;
3;450.232904927533 * no_asm + -186.914485060182 * ref_1 + 173.21217301612 * ref_9 + 39.3729133695733 * no_fast_pskip;6.40743841329607;6.40743841329607;6.40743841329607;6.40743841329607;0.061394;4;39.3729133695733 * no_fast_pskip;1;1.49761665208609;
4;455.603780305189 * no_asm + -185.948327928839 * ref_1 + 173.500640364265 * ref_9 + 41.7451687679454 * no_fast_pskip + -20.4453223081293 * no_8x8dct;5.6087269770155;5.6087269770155;5.6087269770155;5.6087269770155;0.120149;5;-20.4453223081293 * no_8x8dct;1;0.798711436280574;
5;462.866471715946 * no_asm + -186.535774119725 * ref_1 + 173.287790276054 * ref_9 + 41.6750033217329 * no_fast_pskip + -21.1506387932518 * no_8x8dct + -14.4645081161909 * no_cabac;5.3659216661428;5.3659216661428;5.3659216661428;5.3659216661428;0.202117;6;-14.4645081161909 * no_cabac;1;0.2428053108727;
Elapsed=00:00:00.2029549
Learning progress:
1;553.103559322035 * no_asm + -270.779899191315 * ref_1;13.1663200408942;13.1663200408942;13.1663200408942;13.1663200408942;0.009782;2;-270.779899191315 * ref_1;1;21.6433807606272;
2;644.431111111112 * no_asm + -362.107450980392 * ref_1 + -176.666411657559 * ref_5;7.02483018113129;7.02483018113129;7.02483018113129;7.02483018113129;0.030074;3;-176.666411657559 * ref_5;1;6.14148985976288;
3;623.57217684745 * no_asm + -362.563192401278 * ref_1 + -179.19683974856 * ref_5 + 33.9702643722492 * no_mbtree;4.98253825883735;4.98253825883735;4.98253825883735;4.98253825883735;0.065921;4;33.9702643722492 * no_mbtree;1;2.04229192229394;
4;630.197189223161 * no_asm + -360.143918921774 * ref_1 + -177.881166408876 * ref_5 + 41.0272340120818 * no_mbtree + -31.230982140483 * no_8x8dct;4.333644361999;4.333644361999;4.333644361999;4.333644361999;0.130471;5;-31.230982140483 * no_8x8dct;1;0.648893896838348;
5;630.117489101377 * no_asm + -360.166597109125 * ref_1 + -175.195453699139 * ref_5 + 40.9927576843886 * no_mbtree + -30.9435032199361 * no_8x8dct + -7.16111891807436 * ref_5 * rc_lookahead_20;4.25328339869661;4.25328339869661;4.25328339869661;4.25328339869661;0.217007;7;-7.16111891807436 * ref_5 * rc_lookahead_20;2;0.0401804816511953;
Elapsed=00:00:00.2178146
Learning progress:
1;557.193045977012 * no_asm + -274.214178052484 * ref_1;14.9819942639837;14.9819942639837;14.9819942639837;14.9819942639837;0.008301;2;-274.214178052484 * ref_1;1;17.2646178292558;
2;466.793090909092 * no_asm + -183.814222984563 * ref_1 + 171.908111276701 * ref_9;7.434719392002;7.434719392002;7.434719392002;7.434719392002;0.029164;3;171.908111276701 * ref_9;1;7.54727487198173;
3;441.537777150209 * no_asm + -184.018443850537 * ref_1 + 171.789819408978 * ref_9 + 39.6869216211019 * no_mbtree;5.73066180807923;5.73066180807923;5.73066180807923;5.73066180807923;0.063024;4;39.6869216211019 * no_mbtree;1;1.70405758392277;
4;444.404061122899 * no_asm + -180.534296953939 * ref_1 + 173.745866213985 * ref_9 + 48.1690533476572 * no_mbtree + -28.4075143079629 * no_8x8dct;4.69525691749287;4.69525691749287;4.69525691749287;4.69525691749287;0.125115;5;-28.4075143079629 * no_8x8dct;1;1.03540489058636;
5;442.895103137019 * no_asm + -181.000652508457 * ref_1 + 174.057265812369 * ref_9 + 82.9039658360087 * no_mbtree + -19.0018741569567 * no_8x8dct + -51.3287796114002 * no_mbtree * no_mixed_refs;4.23035906617268;4.23035906617268;4.23035906617268;4.23035906617268;0.21817;7;-51.3287796114002 * no_mbtree * no_mixed_refs;2;0.232448925660094;
6;442.34038384101 * no_asm + -181.207632098977 * ref_1 + 176.016234256941 * ref_9 + 69.8473962279836 * no_mbtree + -19.534555807375 * no_8x8dct + -66.5153773634544 * no_mbtree * no_mixed_refs + 38.0729281638872 * no_mbtree * no_fast_pskip;3.40391794832594;3.40391794832594;3.40391794832594;3.40391794832594;0.345595;9;38.0729281638872 * no_mbtree * no_fast_pskip;2;0.413220558923373;
7;445.001433037198 * no_asm + -181.020835847317 * ref_1 + 175.98693773143 * ref_9 + 69.7830901868168 * no_mbtree + -19.3115105253599 * no_8x8dct + -65.844930516407 * no_mbtree * no_mixed_refs + 37.4242380305577 * no_mbtree * no_fast_pskip + -5.98068067885147 * no_cabac;3.19491181975358;3.19491181975358;3.19491181975358;3.19491181975358;0.525973;10;-5.98068067885147 * no_cabac;1;0.209006128572359;
8;451.27298100522 * no_asm + -180.987662903948 * ref_1 + 159.122503014364 * ref_9 + 60.0398663937938 * no_mbtree + -19.0498338149535 * no_8x8dct + -66.4493937820156 * no_mbtree * no_mixed_refs + 38.3029902799694 * no_mbtree * no_fast_pskip + -6.50903479677834 * no_cabac + 26.4745379553529 * ref_9 * no_mbtree;3.05314833881488;3.05314833881488;3.05314833881488;3.05314833881488;0.761966;12;26.4745379553529 * ref_9 * no_mbtree;2;0.0708817404693494;
Elapsed=00:00:00.7632492
Learning progress:
1;547.398220338983 * no_asm + -260.874566492829 * ref_1;11.3989391836158;11.3989391836158;11.3989391836158;11.3989391836158;0.009205;2;-260.874566492829 * ref_1;1;26.0798188735025;
2;462.968279569893 * no_asm + -176.444625723739 * ref_1 + 177.905946620584 * ref_9;7.08449903216945;7.08449903216945;7.08449903216945;7.08449903216945;0.029912;3;177.905946620584 * ref_9;1;4.31444015144636;
3;436.944140277197 * no_asm + -176.398070912839 * ref_1 + 177.797872952424 * ref_9 + 37.5231775848176 * no_mbtree;4.67683171670858;4.67683171670858;4.67683171670858;4.67683171670858;0.063173;4;37.5231775848176 * no_mbtree;1;2.40766731546087;
4;441.492397611921 * no_asm + -176.406207330254 * ref_1 + 155.356148975437 * ref_9 + 30.9652251487038 * no_mbtree + 48.3767029605835 * ref_9 * no_fast_pskip;4.58110121271222;4.58110121271222;4.58110121271222;4.58110121271222;0.122806;6;48.3767029605835 * ref_9 * no_fast_pskip;2;0.0478652519981821;
Elapsed=00:00:00.1234628
Learning progress:
1;544.251415929205 * no_asm + -260.489603063708 * ref_1;11.9142407250952;11.9142407250952;11.9142407250952;11.9142407250952;0.008095;2;-260.489603063708 * ref_1;1;19.2490369889813;
2;466.054270833334 * no_asm + -182.292457967836 * ref_1 + 180.3321917517 * ref_9;6.81366987336272;6.81366987336272;6.81366987336272;6.81366987336272;0.028444;3;180.3321917517 * ref_9;1;5.10057085173243;
3;466.054270833334 * no_asm + -182.292457967836 * ref_1 + 152.2090625 * ref_9 + 43.0635416666671 * ref_9 * no_mbtree;6.02255582595109;6.02255582595109;6.02255582595109;6.02255582595109;0.064435;5;43.0635416666671 * ref_9 * no_mbtree;2;0.395557023705817;
4;466.054270833334 * no_asm + -182.292457967836 * ref_1 + 171.78885228979 * ref_9 + 113.632367367367 * ref_9 * no_mbtree + -110.952142142142 * ref_9 * no_mixed_refs;5.63623409970869;5.63623409970869;5.63623409970869;5.63623409970869;0.121499;7;-110.952142142142 * ref_9 * no_mixed_refs;2;0.193160863121197;
5;466.054270833334 * no_asm + -182.292457967837 * ref_1 + 152.171801400403 * ref_9 + 79.2900492709354 * ref_9 * no_mbtree + -132.76550407258 * ref_9 * no_mixed_refs + 99.7324877277191 * ref_9 * no_fast_pskip;3.93391177244995;3.93391177244995;3.93391177244995;3.93391177244995;0.203859;9;99.7324877277191 * ref_9 * no_fast_pskip;2;0.851161163629369;
6;466.054270833333 * no_asm + -182.292457967836 * ref_1 + 157.447630054011 * ref_9 + 87.0859576310694 * ref_9 * no_mbtree + -131.88682674437 * ref_9 * no_mixed_refs + 97.3577248372555 * ref_9 * no_fast_pskip + -27.6086891780362 * ref_9 * no_8x8dct;3.60656836558722;3.60656836558722;3.60656836558722;3.60656836558722;0.320017;11;-27.6086891780362 * ref_9 * no_8x8dct;2;0.163671703431367;
7;466.054270833334 * no_asm + -182.292457967836 * ref_1 + 150.856331830669 * ref_9 + 96.8493936035616 * ref_9 * no_mbtree + -125.978409120925 * ref_9 * no_mixed_refs + 119.881897335998 * ref_9 * no_fast_pskip + -26.198646867529 * ref_9 * no_8x8dct + -34.4749489565449 * ref_9 * no_mbtree * no_fast_pskip;3.40348709055927;3.40348709055927;3.40348709055927;3.40348709055927;0.471741;14;-34.4749489565449 * ref_9 * no_mbtree * no_fast_pskip;3;0.0676937583426513;
Elapsed=00:00:00.4726013
Learning progress:
1;545.495615615616 * no_asm + -260.822395276632 * ref_1;15.5654986392619;15.5654986392619;15.5654986392619;15.5654986392619;0.008257;2;-260.822395276632 * ref_1;1;14.3234821886974;
2;470.554408602151 * no_asm + -185.881188263168 * ref_1 + 169.764775071319 * ref_9;7.90505506538216;7.90505506538216;7.90505506538216;7.90505506538216;0.027839;3;169.764775071319 * ref_9;1;7.66044357387977;
3;450.232904927533 * no_asm + -186.914485060182 * ref_1 + 173.21217301612 * ref_9 + 39.3729133695733 * no_fast_pskip;6.40743841329607;6.40743841329607;6.40743841329607;6.40743841329607;0.06344;4;39.3729133695733 * no_fast_pskip;1;1.49761665208609;
4;455.603780305189 * no_asm + -185.948327928839 * ref_1 + 173.500640364265 * ref_9 + 41.7451687679454 * no_fast_pskip + -20.4453223081293 * no_8x8dct;5.6087269770155;5.6087269770155;5.6087269770155;5.6087269770155;0.120647;5;-20.4453223081293 * no_8x8dct;1;0.798711436280574;
5;462.866471715946 * no_asm + -186.535774119725 * ref_1 + 173.287790276054 * ref_9 + 41.6750033217329 * no_fast_pskip + -21.1506387932518 * no_8x8dct + -14.4645081161909 * no_cabac;5.3659216661428;5.3659216661428;5.3659216661428;5.3659216661428;0.212046;6;-14.4645081161909 * no_cabac;1;0.2428053108727;
6;456.913453975058 * no_asm + -168.394261224118 * ref_1 + 174.329968253703 * ref_9 + 53.5491929291136 * no_fast_pskip + -21.7208762012931 * no_8x8dct + -14.447248760867 * no_cabac + -33.9687125570654 * ref_1 * no_fast_pskip;5.20189507902343;5.20189507902343;5.20189507902343;5.20189507902343;0.327424;8;-33.9687125570654 * ref_1 * no_fast_pskip;2;0.0820132935596862;
Elapsed=00:00:00.3283859
Learning progress:
1;553.103559322035 * no_asm + -270.779899191315 * ref_1;13.1663200408942;13.1663200408942;13.1663200408942;13.1663200408942;0.008244;2;-270.779899191315 * ref_1;1;21.6433807606272;
2;644.431111111112 * no_asm + -362.107450980392 * ref_1 + -176.666411657559 * ref_5;7.02483018113129;7.02483018113129;7.02483018113129;7.02483018113129;0.029397;3;-176.666411657559 * ref_5;1;6.14148985976288;
3;623.57217684745 * no_asm + -362.563192401278 * ref_1 + -179.19683974856 * ref_5 + 33.9702643722492 * no_mbtree;4.98253825883735;4.98253825883735;4.98253825883735;4.98253825883735;0.066303;4;33.9702643722492 * no_mbtree;1;2.04229192229394;
4;630.197189223161 * no_asm + -360.143918921774 * ref_1 + -177.881166408876 * ref_5 + 41.0272340120818 * no_mbtree + -31.230982140483 * no_8x8dct;4.333644361999;4.333644361999;4.333644361999;4.333644361999;0.127793;5;-31.230982140483 * no_8x8dct;1;0.648893896838348;
5;630.117489101377 * no_asm + -360.166597109125 * ref_1 + -175.195453699139 * ref_5 + 40.9927576843886 * no_mbtree + -30.9435032199361 * no_8x8dct + -7.16111891807436 * ref_5 * rc_lookahead_20;4.25328339869661;4.25328339869661;4.25328339869661;4.25328339869661;0.212547;7;-7.16111891807436 * ref_5 * rc_lookahead_20;2;0.0401804816511953;
Elapsed=00:00:00.2133372
Learning progress:
1;557.193045977012 * no_asm + -274.214178052484 * ref_1;14.9819942639837;14.9819942639837;14.9819942639837;14.9819942639837;0.008294;2;-274.214178052484 * ref_1;1;17.2646178292558;
2;466.793090909092 * no_asm + -183.814222984563 * ref_1 + 171.908111276701 * ref_9;7.434719392002;7.434719392002;7.434719392002;7.434719392002;0.0294;3;171.908111276701 * ref_9;1;7.54727487198173;
3;441.537777150209 * no_asm + -184.018443850537 * ref_1 + 171.789819408978 * ref_9 + 39.6869216211019 * no_mbtree;5.73066180807923;5.73066180807923;5.73066180807923;5.73066180807923;0.065364;4;39.6869216211019 * no_mbtree;1;1.70405758392277;
4;444.404061122899 * no_asm + -180.534296953939 * ref_1 + 173.745866213985 * ref_9 + 48.1690533476572 * no_mbtree + -28.4075143079629 * no_8x8dct;4.69525691749287;4.69525691749287;4.69525691749287;4.69525691749287;0.126184;5;-28.4075143079629 * no_8x8dct;1;1.03540489058636;
5;442.895103137019 * no_asm + -181.000652508457 * ref_1 + 174.057265812369 * ref_9 + 82.9039658360087 * no_mbtree + -19.0018741569567 * no_8x8dct + -51.3287796114002 * no_mbtree * no_mixed_refs;4.23035906617268;4.23035906617268;4.23035906617268;4.23035906617268;0.213134;7;-51.3287796114002 * no_mbtree * no_mixed_refs;2;0.232448925660094;
6;442.34038384101 * no_asm + -181.207632098977 * ref_1 + 176.016234256941 * ref_9 + 69.8473962279836 * no_mbtree + -19.534555807375 * no_8x8dct + -66.5153773634544 * no_mbtree * no_mixed_refs + 38.0729281638872 * no_mbtree * no_fast_pskip;3.40391794832594;3.40391794832594;3.40391794832594;3.40391794832594;0.35367;9;38.0729281638872 * no_mbtree * no_fast_pskip;2;0.413220558923373;
7;445.001433037198 * no_asm + -181.020835847317 * ref_1 + 175.98693773143 * ref_9 + 69.7830901868168 * no_mbtree + -19.3115105253599 * no_8x8dct + -65.844930516407 * no_mbtree * no_mixed_refs + 37.4242380305577 * no_mbtree * no_fast_pskip + -5.98068067885147 * no_cabac;3.19491181975358;3.19491181975358;3.19491181975358;3.19491181975358;0.532358;10;-5.98068067885147 * no_cabac;1;0.209006128572359;
8;451.27298100522 * no_asm + -180.987662903948 * ref_1 + 159.122503014364 * ref_9 + 60.0398663937938 * no_mbtree + -19.0498338149535 * no_8x8dct + -66.4493937820156 * no_mbtree * no_mixed_refs + 38.3029902799694 * no_mbtree * no_fast_pskip + -6.50903479677834 * no_cabac + 26.4745379553529 * ref_9 * no_mbtree;3.05314833881488;3.05314833881488;3.05314833881488;3.05314833881488;0.760898;12;26.4745379553529 * ref_9 * no_mbtree;2;0.0708817404693494;
Elapsed=00:00:00.7622109
Learning progress:
1;547.398220338983 * no_asm + -260.874566492829 * ref_1;11.3989391836158;11.3989391836158;11.3989391836158;11.3989391836158;0.009717;2;-260.874566492829 * ref_1;1;26.0798188735025;
2;462.968279569893 * no_asm + -176.444625723739 * ref_1 + 177.905946620584 * ref_9;7.08449903216945;7.08449903216945;7.08449903216945;7.08449903216945;0.027725;3;177.905946620584 * ref_9;1;4.31444015144636;
3;436.944140277197 * no_asm + -176.398070912839 * ref_1 + 177.797872952424 * ref_9 + 37.5231775848176 * no_mbtree;4.67683171670858;4.67683171670858;4.67683171670858;4.67683171670858;0.062608;4;37.5231775848176 * no_mbtree;1;2.40766731546087;
4;441.492397611921 * no_asm + -176.406207330254 * ref_1 + 155.356148975437 * ref_9 + 30.9652251487038 * no_mbtree + 48.3767029605835 * ref_9 * no_fast_pskip;4.58110121271222;4.58110121271222;4.58110121271222;4.58110121271222;0.122855;6;48.3767029605835 * ref_9 * no_fast_pskip;2;0.0478652519981821;
Elapsed=00:00:00.1235197
Learning progress:
1;544.251415929205 * no_asm + -260.489603063708 * ref_1;11.9142407250952;11.9142407250952;11.9142407250952;11.9142407250952;0.00726;2;-260.489603063708 * ref_1;1;19.2490369889813;
2;466.054270833334 * no_asm + -182.292457967836 * ref_1 + 180.3321917517 * ref_9;6.81366987336272;6.81366987336272;6.81366987336272;6.81366987336272;0.027391;3;180.3321917517 * ref_9;1;5.10057085173243;
3;466.054270833334 * no_asm + -182.292457967836 * ref_1 + 152.2090625 * ref_9 + 43.0635416666671 * ref_9 * no_mbtree;6.02255582595109;6.02255582595109;6.02255582595109;6.02255582595109;0.061119;5;43.0635416666671 * ref_9 * no_mbtree;2;0.395557023705817;
4;466.054270833334 * no_asm + -182.292457967836 * ref_1 + 171.78885228979 * ref_9 + 113.632367367367 * ref_9 * no_mbtree + -110.952142142142 * ref_9 * no_mixed_refs;5.63623409970869;5.63623409970869;5.63623409970869;5.63623409970869;0.126675;7;-110.952142142142 * ref_9 * no_mixed_refs;2;0.193160863121197;
Elapsed=00:00:00.1274081
Learning progress:
1;545.495615615616 * no_asm + -260.822395276632 * ref_1;15.5654986392619;15.5654986392619;15.5654986392619;15.5654986392619;0.008827;2;-260.822395276632 * ref_1;1;14.3234821886974;
2;470.554408602151 * no_asm + -185.881188263168 * ref_1 + 169.764775071319 * ref_9;7.90505506538216;7.90505506538216;7.90505506538216;7.90505506538216;0.026594;3;169.764775071319 * ref_9;1;7.66044357387977;
3;450.232904927533 * no_asm + -186.914485060182 * ref_1 + 173.21217301612 * ref_9 + 39.3729133695733 * no_fast_pskip;6.40743841329607;6.40743841329607;6.40743841329607;6.40743841329607;0.06163;4;39.3729133695733 * no_fast_pskip;1;1.49761665208609;
4;455.603780305189 * no_asm + -185.948327928839 * ref_1 + 173.500640364265 * ref_9 + 41.7451687679454 * no_fast_pskip + -20.4453223081293 * no_8x8dct;5.6087269770155;5.6087269770155;5.6087269770155;5.6087269770155;0.120281;5;-20.4453223081293 * no_8x8dct;1;0.798711436280574;
5;462.866471715946 * no_asm + -186.535774119725 * ref_1 + 173.287790276054 * ref_9 + 41.6750033217329 * no_fast_pskip + -21.1506387932518 * no_8x8dct + -14.4645081161909 * no_cabac;5.3659216661428;5.3659216661428;5.3659216661428;5.3659216661428;0.217418;6;-14.4645081161909 * no_cabac;1;0.2428053108727;
6;456.913453975058 * no_asm + -168.394261224118 * ref_1 + 174.329968253703 * ref_9 + 53.5491929291136 * no_fast_pskip + -21.7208762012931 * no_8x8dct + -14.447248760867 * no_cabac + -33.9687125570654 * ref_1 * no_fast_pskip;5.20189507902343;5.20189507902343;5.20189507902343;5.20189507902343;0.333742;8;-33.9687125570654 * ref_1 * no_fast_pskip;2;0.0820132935596862;
Elapsed=00:00:00.3346895
Learning progress:
1;553.103559322035 * no_asm + -270.779899191315 * ref_1;13.1663200408942;13.1663200408942;13.1663200408942;13.1663200408942;0.009819;2;-270.779899191315 * ref_1;1;21.6433807606272;
2;644.431111111112 * no_asm + -362.107450980392 * ref_1 + -176.666411657559 * ref_5;7.02483018113129;7.02483018113129;7.02483018113129;7.02483018113129;0.029836;3;-176.666411657559 * ref_5;1;6.14148985976288;
3;623.57217684745 * no_asm + -362.563192401278 * ref_1 + -179.19683974856 * ref_5 + 33.9702643722492 * no_mbtree;4.98253825883735;4.98253825883735;4.98253825883735;4.98253825883735;0.067523;4;33.9702643722492 * no_mbtree;1;2.04229192229394;
4;630.197189223161 * no_asm + -360.143918921774 * ref_1 + -177.881166408876 * ref_5 + 41.0272340120818 * no_mbtree + -31.230982140483 * no_8x8dct;4.333644361999;4.333644361999;4.333644361999;4.333644361999;0.129948;5;-31.230982140483 * no_8x8dct;1;0.648893896838348;
5;630.117489101377 * no_asm + -360.166597109125 * ref_1 + -175.195453699139 * ref_5 + 40.9927576843886 * no_mbtree + -30.9435032199361 * no_8x8dct + -7.16111891807436 * ref_5 * rc_lookahead_20;4.25328339869661;4.25328339869661;4.25328339869661;4.25328339869661;0.216632;7;-7.16111891807436 * ref_5 * rc_lookahead_20;2;0.0401804816511953;
Elapsed=00:00:00.2174188
Learning progress:
1;557.193045977012 * no_asm + -274.214178052484 * ref_1;14.9819942639837;14.9819942639837;14.9819942639837;14.9819942639837;0.009581;2;-274.214178052484 * ref_1;1;17.2646178292558;
2;466.793090909092 * no_asm + -183.814222984563 * ref_1 + 171.908111276701 * ref_9;7.434719392002;7.434719392002;7.434719392002;7.434719392002;0.02814;3;171.908111276701 * ref_9;1;7.54727487198173;
3;441.537777150209 * no_asm + -184.018443850537 * ref_1 + 171.789819408978 * ref_9 + 39.6869216211019 * no_mbtree;5.73066180807923;5.73066180807923;5.73066180807923;5.73066180807923;0.063584;4;39.6869216211019 * no_mbtree;1;1.70405758392277;
4;444.404061122899 * no_asm + -180.534296953939 * ref_1 + 173.745866213985 * ref_9 + 48.1690533476572 * no_mbtree + -28.4075143079629 * no_8x8dct;4.69525691749287;4.69525691749287;4.69525691749287;4.69525691749287;0.123671;5;-28.4075143079629 * no_8x8dct;1;1.03540489058636;
5;442.895103137019 * no_asm + -181.000652508457 * ref_1 + 174.057265812369 * ref_9 + 82.9039658360087 * no_mbtree + -19.0018741569567 * no_8x8dct + -51.3287796114002 * no_mbtree * no_mixed_refs;4.23035906617268;4.23035906617268;4.23035906617268;4.23035906617268;0.210092;7;-51.3287796114002 * no_mbtree * no_mixed_refs;2;0.232448925660094;
Elapsed=00:00:00.2110809
Learning progress:
1;547.398220338983 * no_asm + -260.874566492829 * ref_1;11.3989391836158;11.3989391836158;11.3989391836158;11.3989391836158;0.009246;2;-260.874566492829 * ref_1;1;26.0798188735025;
2;462.968279569893 * no_asm + -176.444625723739 * ref_1 + 177.905946620584 * ref_9;7.08449903216945;7.08449903216945;7.08449903216945;7.08449903216945;0.027402;3;177.905946620584 * ref_9;1;4.31444015144636;
3;436.944140277197 * no_asm + -176.398070912839 * ref_1 + 177.797872952424 * ref_9 + 37.5231775848176 * no_mbtree;4.67683171670858;4.67683171670858;4.67683171670858;4.67683171670858;0.063439;4;37.5231775848176 * no_mbtree;1;2.40766731546087;
4;441.492397611921 * no_asm + -176.406207330254 * ref_1 + 155.356148975437 * ref_9 + 30.9652251487038 * no_mbtree + 48.3767029605835 * ref_9 * no_fast_pskip;4.58110121271222;4.58110121271222;4.58110121271222;4.58110121271222;0.122686;6;48.3767029605835 * ref_9 * no_fast_pskip;2;0.0478652519981821;
Elapsed=00:00:00.1233427
Learning progress:
1;544.251415929205 * no_asm + -260.489603063708 * ref_1;11.9142407250952;11.9142407250952;11.9142407250952;11.9142407250952;0.008177;2;-260.489603063708 * ref_1;1;19.2490369889813;
2;466.054270833334 * no_asm + -182.292457967836 * ref_1 + 180.3321917517 * ref_9;6.81366987336272;6.81366987336272;6.81366987336272;6.81366987336272;0.028994;3;180.3321917517 * ref_9;1;5.10057085173243;
3;466.054270833334 * no_asm + -182.292457967836 * ref_1 + 152.2090625 * ref_9 + 43.0635416666671 * ref_9 * no_mbtree;6.02255582595109;6.02255582595109;6.02255582595109;6.02255582595109;0.066205;5;43.0635416666671 * ref_9 * no_mbtree;2;0.395557023705817;
Elapsed=00:00:00.0667995
Learning progress:
1;545.495615615616 * no_asm + -260.822395276632 * ref_1;15.5654986392619;15.5654986392619;15.5654986392619;15.5654986392619;0.008311;2;-260.822395276632 * ref_1;1;14.3234821886974;
2;470.554408602151 * no_asm + -185.881188263168 * ref_1 + 169.764775071319 * ref_9;7.90505506538216;7.90505506538216;7.90505506538216;7.90505506538216;0.02863;3;169.764775071319 * ref_9;1;7.66044357387977;
3;450.232904927533 * no_asm + -186.914485060182 * ref_1 + 173.21217301612 * ref_9 + 39.3729133695733 * no_fast_pskip;6.40743841329607;6.40743841329607;6.40743841329607;6.40743841329607;0.065496;4;39.3729133695733 * no_fast_pskip;1;1.49761665208609;
4;455.603780305189 * no_asm + -185.948327928839 * ref_1 + 173.500640364265 * ref_9 + 41.7451687679454 * no_fast_pskip + -20.4453223081293 * no_8x8dct;5.6087269770155;5.6087269770155;5.6087269770155;5.6087269770155;0.125292;5;-20.4453223081293 * no_8x8dct;1;0.798711436280574;
5;462.866471715946 * no_asm + -186.535774119725 * ref_1 + 173.287790276054 * ref_9 + 41.6750033217329 * no_fast_pskip + -21.1506387932518 * no_8x8dct + -14.4645081161909 * no_cabac;5.3659216661428;5.3659216661428;5.3659216661428;5.3659216661428;0.210979;6;-14.4645081161909 * no_cabac;1;0.2428053108727;
Elapsed=00:00:00.2118214
Learning progress:
1;553.103559322035 * no_asm + -270.779899191315 * ref_1;13.1663200408942;13.1663200408942;13.1663200408942;13.1663200408942;0.009289;2;-270.779899191315 * ref_1;1;21.6433807606272;
2;644.431111111112 * no_asm + -362.107450980392 * ref_1 + -176.666411657559 * ref_5;7.02483018113129;7.02483018113129;7.02483018113129;7.02483018113129;0.031219;3;-176.666411657559 * ref_5;1;6.14148985976288;
3;623.57217684745 * no_asm + -362.563192401278 * ref_1 + -179.19683974856 * ref_5 + 33.9702643722492 * no_mbtree;4.98253825883735;4.98253825883735;4.98253825883735;4.98253825883735;0.069643;4;33.9702643722492 * no_mbtree;1;2.04229192229394;
4;630.197189223161 * no_asm + -360.143918921774 * ref_1 + -177.881166408876 * ref_5 + 41.0272340120818 * no_mbtree + -31.230982140483 * no_8x8dct;4.333644361999;4.333644361999;4.333644361999;4.333644361999;0.132474;5;-31.230982140483 * no_8x8dct;1;0.648893896838348;
5;630.117489101377 * no_asm + -360.166597109125 * ref_1 + -175.195453699139 * ref_5 + 40.9927576843886 * no_mbtree + -30.9435032199361 * no_8x8dct + -7.16111891807436 * ref_5 * rc_lookahead_20;4.25328339869661;4.25328339869661;4.25328339869661;4.25328339869661;0.227037;7;-7.16111891807436 * ref_5 * rc_lookahead_20;2;0.0401804816511953;
Elapsed=00:00:00.2278494
Learning progress:
1;557.193045977012 * no_asm + -274.214178052484 * ref_1;14.9819942639837;14.9819942639837;14.9819942639837;14.9819942639837;0.008375;2;-274.214178052484 * ref_1;1;17.2646178292558;
2;466.793090909092 * no_asm + -183.814222984563 * ref_1 + 171.908111276701 * ref_9;7.434719392002;7.434719392002;7.434719392002;7.434719392002;0.02946;3;171.908111276701 * ref_9;1;7.54727487198173;
3;441.537777150209 * no_asm + -184.018443850537 * ref_1 + 171.789819408978 * ref_9 + 39.6869216211019 * no_mbtree;5.73066180807923;5.73066180807923;5.73066180807923;5.73066180807923;0.064736;4;39.6869216211019 * no_mbtree;1;1.70405758392277;
4;444.404061122899 * no_asm + -180.534296953939 * ref_1 + 173.745866213985 * ref_9 + 48.1690533476572 * no_mbtree + -28.4075143079629 * no_8x8dct;4.69525691749287;4.69525691749287;4.69525691749287;4.69525691749287;0.126367;5;-28.4075143079629 * no_8x8dct;1;1.03540489058636;
5;442.895103137019 * no_asm + -181.000652508457 * ref_1 + 174.057265812369 * ref_9 + 82.9039658360087 * no_mbtree + -19.0018741569567 * no_8x8dct + -51.3287796114002 * no_mbtree * no_mixed_refs;4.23035906617268;4.23035906617268;4.23035906617268;4.23035906617268;0.209013;7;-51.3287796114002 * no_mbtree * no_mixed_refs;2;0.232448925660094;
6;442.34038384101 * no_asm + -181.207632098977 * ref_1 + 176.016234256941 * ref_9 + 69.8473962279836 * no_mbtree + -19.534555807375 * no_8x8dct + -66.5153773634544 * no_mbtree * no_mixed_refs + 38.0729281638872 * no_mbtree * no_fast_pskip;3.40391794832594;3.40391794832594;3.40391794832594;3.40391794832594;0.341283;9;38.0729281638872 * no_mbtree * no_fast_pskip;2;0.413220558923373;
7;445.001433037198 * no_asm + -181.020835847317 * ref_1 + 175.98693773143 * ref_9 + 69.7830901868168 * no_mbtree + -19.3115105253599 * no_8x8dct + -65.844930516407 * no_mbtree * no_mixed_refs + 37.4242380305577 * no_mbtree * no_fast_pskip + -5.98068067885147 * no_cabac;3.19491181975358;3.19491181975358;3.19491181975358;3.19491181975358;0.521511;10;-5.98068067885147 * no_cabac;1;0.209006128572359;
8;451.27298100522 * no_asm + -180.987662903948 * ref_1 + 159.122503014364 * ref_9 + 60.0398663937938 * no_mbtree + -19.0498338149535 * no_8x8dct + -66.4493937820156 * no_mbtree * no_mixed_refs + 38.3029902799694 * no_mbtree * no_fast_pskip + -6.50903479677834 * no_cabac + 26.4745379553529 * ref_9 * no_mbtree;3.05314833881488;3.05314833881488;3.05314833881488;3.05314833881488;0.757231;12;26.4745379553529 * ref_9 * no_mbtree;2;0.0708817404693494;
Elapsed=00:00:00.7585646
Learning progress:
1;547.398220338983 * no_asm + -260.874566492829 * ref_1;11.3989391836158;11.3989391836158;11.3989391836158;11.3989391836158;0.008222;2;-260.874566492829 * ref_1;1;26.0798188735025;
2;462.968279569893 * no_asm + -176.444625723739 * ref_1 + 177.905946620584 * ref_9;7.08449903216945;7.08449903216945;7.08449903216945;7.08449903216945;0.02851;3;177.905946620584 * ref_9;1;4.31444015144636;
3;436.944140277197 * no_asm + -176.398070912839 * ref_1 + 177.797872952424 * ref_9 + 37.5231775848176 * no_mbtree;4.67683171670858;4.67683171670858;4.67683171670858;4.67683171670858;0.064512;4;37.5231775848176 * no_mbtree;1;2.40766731546087;
4;441.492397611921 * no_asm + -176.406207330254 * ref_1 + 155.356148975437 * ref_9 + 30.9652251487038 * no_mbtree + 48.3767029605835 * ref_9 * no_fast_pskip;4.58110121271222;4.58110121271222;4.58110121271222;4.58110121271222;0.123829;6;48.3767029605835 * ref_9 * no_fast_pskip;2;0.0478652519981821;
Elapsed=00:00:00.1245717
Learning progress:
1;544.251415929205 * no_asm + -260.489603063708 * ref_1;11.9142407250952;11.9142407250952;11.9142407250952;11.9142407250952;0.008189;2;-260.489603063708 * ref_1;1;19.2490369889813;
2;466.054270833334 * no_asm + -182.292457967836 * ref_1 + 180.3321917517 * ref_9;6.81366987336272;6.81366987336272;6.81366987336272;6.81366987336272;0.028727;3;180.3321917517 * ref_9;1;5.10057085173243;
3;466.054270833334 * no_asm + -182.292457967836 * ref_1 + 152.2090625 * ref_9 + 43.0635416666671 * ref_9 * no_mbtree;6.02255582595109;6.02255582595109;6.02255582595109;6.02255582595109;0.063691;5;43.0635416666671 * ref_9 * no_mbtree;2;0.395557023705817;
4;466.054270833334 * no_asm + -182.292457967836 * ref_1 + 171.78885228979 * ref_9 + 113.632367367367 * ref_9 * no_mbtree + -110.952142142142 * ref_9 * no_mixed_refs;5.63623409970869;5.63623409970869;5.63623409970869;5.63623409970869;0.123094;7;-110.952142142142 * ref_9 * no_mixed_refs;2;0.193160863121197;
5;466.054270833334 * no_asm + -182.292457967837 * ref_1 + 152.171801400403 * ref_9 + 79.2900492709354 * ref_9 * no_mbtree + -132.76550407258 * ref_9 * no_mixed_refs + 99.7324877277191 * ref_9 * no_fast_pskip;3.93391177244995;3.93391177244995;3.93391177244995;3.93391177244995;0.206416;9;99.7324877277191 * ref_9 * no_fast_pskip;2;0.851161163629369;
6;466.054270833333 * no_asm + -182.292457967836 * ref_1 + 157.447630054011 * ref_9 + 87.0859576310694 * ref_9 * no_mbtree + -131.88682674437 * ref_9 * no_mixed_refs + 97.3577248372555 * ref_9 * no_fast_pskip + -27.6086891780362 * ref_9 * no_8x8dct;3.60656836558722;3.60656836558722;3.60656836558722;3.60656836558722;0.319628;11;-27.6086891780362 * ref_9 * no_8x8dct;2;0.163671703431367;
7;466.054270833334 * no_asm + -182.292457967836 * ref_1 + 150.856331830669 * ref_9 + 96.8493936035616 * ref_9 * no_mbtree + -125.978409120925 * ref_9 * no_mixed_refs + 119.881897335998 * ref_9 * no_fast_pskip + -26.198646867529 * ref_9 * no_8x8dct + -34.4749489565449 * ref_9 * no_mbtree * no_fast_pskip;3.40348709055927;3.40348709055927;3.40348709055927;3.40348709055927;0.478361;14;-34.4749489565449 * ref_9 * no_mbtree * no_fast_pskip;3;0.0676937583426513;
Elapsed=00:00:00.4792924
Learning progress:
1;545.495615615616 * no_asm + -260.822395276632 * ref_1;15.5654986392619;15.5654986392619;15.5654986392619;15.5654986392619;0.009363;2;-260.822395276632 * ref_1;1;14.3234821886974;
2;470.554408602151 * no_asm + -185.881188263168 * ref_1 + 169.764775071319 * ref_9;7.90505506538216;7.90505506538216;7.90505506538216;7.90505506538216;0.029038;3;169.764775071319 * ref_9;1;7.66044357387977;
3;450.232904927533 * no_asm + -186.914485060182 * ref_1 + 173.21217301612 * ref_9 + 39.3729133695733 * no_fast_pskip;6.40743841329607;6.40743841329607;6.40743841329607;6.40743841329607;0.06371;4;39.3729133695733 * no_fast_pskip;1;1.49761665208609;
4;455.603780305189 * no_asm + -185.948327928839 * ref_1 + 173.500640364265 * ref_9 + 41.7451687679454 * no_fast_pskip + -20.4453223081293 * no_8x8dct;5.6087269770155;5.6087269770155;5.6087269770155;5.6087269770155;0.122994;5;-20.4453223081293 * no_8x8dct;1;0.798711436280574;
5;462.866471715946 * no_asm + -186.535774119725 * ref_1 + 173.287790276054 * ref_9 + 41.6750033217329 * no_fast_pskip + -21.1506387932518 * no_8x8dct + -14.4645081161909 * no_cabac;5.3659216661428;5.3659216661428;5.3659216661428;5.3659216661428;0.206474;6;-14.4645081161909 * no_cabac;1;0.2428053108727;
6;456.913453975058 * no_asm + -168.394261224118 * ref_1 + 174.329968253703 * ref_9 + 53.5491929291136 * no_fast_pskip + -21.7208762012931 * no_8x8dct + -14.447248760867 * no_cabac + -33.9687125570654 * ref_1 * no_fast_pskip;5.20189507902343;5.20189507902343;5.20189507902343;5.20189507902343;0.324834;8;-33.9687125570654 * ref_1 * no_fast_pskip;2;0.0820132935596862;
Elapsed=00:00:00.3257264
Learning progress:
1;553.103559322035 * no_asm + -270.779899191315 * ref_1;13.1663200408942;13.1663200408942;13.1663200408942;13.1663200408942;0.009719;2;-270.779899191315 * ref_1;1;21.6433807606272;
2;644.431111111112 * no_asm + -362.107450980392 * ref_1 + -176.666411657559 * ref_5;7.02483018113129;7.02483018113129;7.02483018113129;7.02483018113129;0.030829;3;-176.666411657559 * ref_5;1;6.14148985976288;
3;623.57217684745 * no_asm + -362.563192401278 * ref_1 + -179.19683974856 * ref_5 + 33.9702643722492 * no_mbtree;4.98253825883735;4.98253825883735;4.98253825883735;4.98253825883735;0.067545;4;33.9702643722492 * no_mbtree;1;2.04229192229394;
4;630.197189223161 * no_asm + -360.143918921774 * ref_1 + -177.881166408876 * ref_5 + 41.0272340120818 * no_mbtree + -31.230982140483 * no_8x8dct;4.333644361999;4.333644361999;4.333644361999;4.333644361999;0.131715;5;-31.230982140483 * no_8x8dct;1;0.648893896838348;
5;630.117489101377 * no_asm + -360.166597109125 * ref_1 + -175.195453699139 * ref_5 + 40.9927576843886 * no_mbtree + -30.9435032199361 * no_8x8dct + -7.16111891807436 * ref_5 * rc_lookahead_20;4.25328339869661;4.25328339869661;4.25328339869661;4.25328339869661;0.216157;7;-7.16111891807436 * ref_5 * rc_lookahead_20;2;0.0401804816511953;
Elapsed=00:00:00.2169507
Learning progress:
1;557.193045977012 * no_asm + -274.214178052484 * ref_1;14.9819942639837;14.9819942639837;14.9819942639837;14.9819942639837;0.011111;2;-274.214178052484 * ref_1;1;17.2646178292558;
2;466.793090909092 * no_asm + -183.814222984563 * ref_1 + 171.908111276701 * ref_9;7.434719392002;7.434719392002;7.434719392002;7.434719392002;0.032729;3;171.908111276701 * ref_9;1;7.54727487198173;
3;441.537777150209 * no_asm + -184.018443850537 * ref_1 + 171.789819408978 * ref_9 + 39.6869216211019 * no_mbtree;5.73066180807923;5.73066180807923;5.73066180807923;5.73066180807923;0.06651;4;39.6869216211019 * no_mbtree;1;1.70405758392277;
4;444.404061122899 * no_asm + -180.534296953939 * ref_1 + 173.745866213985 * ref_9 + 48.1690533476572 * no_mbtree + -28.4075143079629 * no_8x8dct;4.69525691749287;4.69525691749287;4.69525691749287;4.69525691749287;0.129875;5;-28.4075143079629 * no_8x8dct;1;1.03540489058636;
5;442.895103137019 * no_asm + -181.000652508457 * ref_1 + 174.057265812369 * ref_9 + 82.9039658360087 * no_mbtree + -19.0018741569567 * no_8x8dct + -51.3287796114002 * no_mbtree * no_mixed_refs;4.23035906617268;4.23035906617268;4.23035906617268;4.23035906617268;0.214583;7;-51.3287796114002 * no_mbtree * no_mixed_refs;2;0.232448925660094;
6;442.34038384101 * no_asm + -181.207632098977 * ref_1 + 176.016234256941 * ref_9 + 69.8473962279836 * no_mbtree + -19.534555807375 * no_8x8dct + -66.5153773634544 * no_mbtree * no_mixed_refs + 38.0729281638872 * no_mbtree * no_fast_pskip;3.40391794832594;3.40391794832594;3.40391794832594;3.40391794832594;0.35581;9;38.0729281638872 * no_mbtree * no_fast_pskip;2;0.413220558923373;
7;445.001433037198 * no_asm + -181.020835847317 * ref_1 + 175.98693773143 * ref_9 + 69.7830901868168 * no_mbtree + -19.3115105253599 * no_8x8dct + -65.844930516407 * no_mbtree * no_mixed_refs + 37.4242380305577 * no_mbtree * no_fast_pskip + -5.98068067885147 * no_cabac;3.19491181975358;3.19491181975358;3.19491181975358;3.19491181975358;0.536864;10;-5.98068067885147 * no_cabac;1;0.209006128572359;
8;451.27298100522 * no_asm + -180.987662903948 * ref_1 + 159.122503014364 * ref_9 + 60.0398663937938 * no_mbtree + -19.0498338149535 * no_8x8dct + -66.4493937820156 * no_mbtree * no_mixed_refs + 38.3029902799694 * no_mbtree * no_fast_pskip + -6.50903479677834 * no_cabac + 26.4745379553529 * ref_9 * no_mbtree;3.05314833881488;3.05314833881488;3.05314833881488;3.05314833881488;0.765595;12;26.4745379553529 * ref_9 * no_mbtree;2;0.0708817404693494;
Elapsed=00:00:00.7668980
Learning progress:
1;547.398220338983 * no_asm + -260.874566492829 * ref_1;11.3989391836158;11.3989391836158;11.3989391836158;11.3989391836158;0.008057;2;-260.874566492829 * ref_1;1;26.0798188735025;
2;462.968279569893 * no_asm + -176.444625723739 * ref_1 + 177.905946620584 * ref_9;7.08449903216945;7.08449903216945;7.08449903216945;7.08449903216945;0.028441;3;177.905946620584 * ref_9;1;4.31444015144636;
3;436.944140277197 * no_asm + -176.398070912839 * ref_1 + 177.797872952424 * ref_9 + 37.5231775848176 * no_mbtree;4.67683171670858;4.67683171670858;4.67683171670858;4.67683171670858;0.064329;4;37.5231775848176 * no_mbtree;1;2.40766731546087;
4;441.492397611921 * no_asm + -176.406207330254 * ref_1 + 155.356148975437 * ref_9 + 30.9652251487038 * no_mbtree + 48.3767029605835 * ref_9 * no_fast_pskip;4.58110121271222;4.58110121271222;4.58110121271222;4.58110121271222;0.127221;6;48.3767029605835 * ref_9 * no_fast_pskip;2;0.0478652519981821;
Elapsed=00:00:00.1279036
Learning progress:
1;544.251415929205 * no_asm + -260.489603063708 * ref_1;11.9142407250952;11.9142407250952;11.9142407250952;11.9142407250952;0.009937;2;-260.489603063708 * ref_1;1;19.2490369889813;
2;466.054270833334 * no_asm + -182.292457967836 * ref_1 + 180.3321917517 * ref_9;6.81366987336272;6.81366987336272;6.81366987336272;6.81366987336272;0.029246;3;180.3321917517 * ref_9;1;5.10057085173243;
3;466.054270833334 * no_asm + -182.292457967836 * ref_1 + 152.2090625 * ref_9 + 43.0635416666671 * ref_9 * no_mbtree;6.02255582595109;6.02255582595109;6.02255582595109;6.02255582595109;0.066001;5;43.0635416666671 * ref_9 * no_mbtree;2;0.395557023705817;
4;466.054270833334 * no_asm + -182.292457967836 * ref_1 + 171.78885228979 * ref_9 + 113.632367367367 * ref_9 * no_mbtree + -110.952142142142 * ref_9 * no_mixed_refs;5.63623409970869;5.63623409970869;5.63623409970869;5.63623409970869;0.124163;7;-110.952142142142 * ref_9 * no_mixed_refs;2;0.193160863121197;
Elapsed=00:00:00.1248458
Learning progress:
1;545.495615615616 * no_asm + -260.822395276632 * ref_1;15.5654986392619;15.5654986392619;15.5654986392619;15.5654986392619;0.008013;2;-260.822395276632 * ref_1;1;14.3234821886974;
2;470.554408602151 * no_asm + -185.881188263168 * ref_1 + 169.764775071319 * ref_9;7.90505506538216;7.90505506538216;7.90505506538216;7.90505506538216;0.027582;3;169.764775071319 * ref_9;1;7.66044357387977;
3;450.232904927533 * no_asm + -186.914485060182 * ref_1 + 173.21217301612 * ref_9 + 39.3729133695733 * no_fast_pskip;6.40743841329607;6.40743841329607;6.40743841329607;6.40743841329607;0.061324;4;39.3729133695733 * no_fast_pskip;1;1.49761665208609;
4;455.603780305189 * no_asm + -185.948327928839 * ref_1 + 173.500640364265 * ref_9 + 41.7451687679454 * no_fast_pskip + -20.4453223081293 * no_8x8dct;5.6087269770155;5.6087269770155;5.6087269770155;5.6087269770155;0.121958;5;-20.4453223081293 * no_8x8dct;1;0.798711436280574;
5;462.866471715946 * no_asm + -186.535774119725 * ref_1 + 173.287790276054 * ref_9 + 41.6750033217329 * no_fast_pskip + -21.1506387932518 * no_8x8dct + -14.4645081161909 * no_cabac;5.3659216661428;5.3659216661428;5.3659216661428;5.3659216661428;0.214184;6;-14.4645081161909 * no_cabac;1;0.2428053108727;
6;456.913453975058 * no_asm + -168.394261224118 * ref_1 + 174.329968253703 * ref_9 + 53.5491929291136 * no_fast_pskip + -21.7208762012931 * no_8x8dct + -14.447248760867 * no_cabac + -33.9687125570654 * ref_1 * no_fast_pskip;5.20189507902343;5.20189507902343;5.20189507902343;5.20189507902343;0.332253;8;-33.9687125570654 * ref_1 * no_fast_pskip;2;0.0820132935596862;
Elapsed=00:00:00.3331472
Learning progress:
1;553.103559322035 * no_asm + -270.779899191315 * ref_1;13.1663200408942;13.1663200408942;13.1663200408942;13.1663200408942;0.009588;2;-270.779899191315 * ref_1;1;21.6433807606272;
2;644.431111111112 * no_asm + -362.107450980392 * ref_1 + -176.666411657559 * ref_5;7.02483018113129;7.02483018113129;7.02483018113129;7.02483018113129;0.028105;3;-176.666411657559 * ref_5;1;6.14148985976288;
3;623.57217684745 * no_asm + -362.563192401278 * ref_1 + -179.19683974856 * ref_5 + 33.9702643722492 * no_mbtree;4.98253825883735;4.98253825883735;4.98253825883735;4.98253825883735;0.064531;4;33.9702643722492 * no_mbtree;1;2.04229192229394;
4;630.197189223161 * no_asm + -360.143918921774 * ref_1 + -177.881166408876 * ref_5 + 41.0272340120818 * no_mbtree + -31.230982140483 * no_8x8dct;4.333644361999;4.333644361999;4.333644361999;4.333644361999;0.12653;5;-31.230982140483 * no_8x8dct;1;0.648893896838348;
5;630.117489101377 * no_asm + -360.166597109125 * ref_1 + -175.195453699139 * ref_5 + 40.9927576843886 * no_mbtree + -30.9435032199361 * no_8x8dct + -7.16111891807436 * ref_5 * rc_lookahead_20;4.25328339869661;4.25328339869661;4.25328339869661;4.25328339869661;0.212893;7;-7.16111891807436 * ref_5 * rc_lookahead_20;2;0.0401804816511953;
Elapsed=00:00:00.2136893
Learning progress:
1;557.193045977012 * no_asm + -274.214178052484 * ref_1;14.9819942639837;14.9819942639837;14.9819942639837;14.9819942639837;0.01005;2;-274.214178052484 * ref_1;1;17.2646178292558;
2;466.793090909092 * no_asm + -183.814222984563 * ref_1 + 171.908111276701 * ref_9;7.434719392002;7.434719392002;7.434719392002;7.434719392002;0.029733;3;171.908111276701 * ref_9;1;7.54727487198173;
3;441.537777150209 * no_asm + -184.018443850537 * ref_1 + 171.789819408978 * ref_9 + 39.6869216211019 * no_mbtree;5.73066180807923;5.73066180807923;5.73066180807923;5.73066180807923;0.064002;4;39.6869216211019 * no_mbtree;1;1.70405758392277;
4;444.404061122899 * no_asm + -180.534296953939 * ref_1 + 173.745866213985 * ref_9 + 48.1690533476572 * no_mbtree + -28.4075143079629 * no_8x8dct;4.69525691749287;4.69525691749287;4.69525691749287;4.69525691749287;0.124657;5;-28.4075143079629 * no_8x8dct;1;1.03540489058636;
5;442.895103137019 * no_asm + -181.000652508457 * ref_1 + 174.057265812369 * ref_9 + 82.9039658360087 * no_mbtree + -19.0018741569567 * no_8x8dct + -51.3287796114002 * no_mbtree * no_mixed_refs;4.23035906617268;4.23035906617268;4.23035906617268;4.23035906617268;0.211618;7;-51.3287796114002 * no_mbtree * no_mixed_refs;2;0.232448925660094;
Elapsed=00:00:00.2125366
Learning progress:
1;547.398220338983 * no_asm + -260.874566492829 * ref_1;11.3989391836158;11.3989391836158;11.3989391836158;11.3989391836158;0.009732;2;-260.874566492829 * ref_1;1;26.0798188735025;
2;462.968279569893 * no_asm + -176.444625723739 * ref_1 + 177.905946620584 * ref_9;7.08449903216945;7.08449903216945;7.08449903216945;7.08449903216945;0.029148;3;177.905946620584 * ref_9;1;4.31444015144636;
3;436.944140277197 * no_asm + -176.398070912839 * ref_1 + 177.797872952424 * ref_9 + 37.5231775848176 * no_mbtree;4.67683171670858;4.67683171670858;4.67683171670858;4.67683171670858;0.063926;4;37.5231775848176 * no_mbtree;1;2.40766731546087;
4;441.492397611921 * no_asm + -176.406207330254 * ref_1 + 155.356148975437 * ref_9 + 30.9652251487038 * no_mbtree + 48.3767029605835 * ref_9 * no_fast_pskip;4.58110121271222;4.58110121271222;4.58110121271222;4.58110121271222;0.1227;6;48.3767029605835 * ref_9 * no_fast_pskip;2;0.0478652519981821;
Elapsed=00:00:00.1233728
Learning progress:
1;544.251415929205 * no_asm + -260.489603063708 * ref_1;11.9142407250952;11.9142407250952;11.9142407250952;11.9142407250952;0.007735;2;-260.489603063708 * ref_1;1;19.2490369889813;
2;466.054270833334 * no_asm + -182.292457967836 * ref_1 + 180.3321917517 * ref_9;6.81366987336272;6.81366987336272;6.81366987336272;6.81366987336272;0.028652;3;180.3321917517 * ref_9;1;5.10057085173243;
3;466.054270833334 * no_asm + -182.292457967836 * ref_1 + 152.2090625 * ref_9 + 43.0635416666671 * ref_9 * no_mbtree;6.02255582595109;6.02255582595109;6.02255582595109;6.02255582595109;0.064412;5;43.0635416666671 * ref_9 * no_mbtree;2;0.395557023705817;
Elapsed=00:00:00.0666382
Learning progress:
1;545.495615615616 * no_asm + -260.822395276632 * ref_1;15.5654986392619;15.5654986392619;15.5654986392619;15.5654986392619;0.008119;2;-260.822395276632 * ref_1;1;14.3234821886974;
2;470.554408602151 * no_asm + -185.881188263168 * ref_1 + 169.764775071319 * ref_9;7.90505506538216;7.90505506538216;7.90505506538216;7.90505506538216;0.028294;3;169.764775071319 * ref_9;1;7.66044357387977;
3;450.232904927533 * no_asm + -186.914485060182 * ref_1 + 173.21217301612 * ref_9 + 39.3729133695733 * no_fast_pskip;6.40743841329607;6.40743841329607;6.40743841329607;6.40743841329607;0.06422;4;39.3729133695733 * no_fast_pskip;1;1.49761665208609;
4;455.603780305189 * no_asm + -185.948327928839 * ref_1 + 173.500640364265 * ref_9 + 41.7451687679454 * no_fast_pskip + -20.4453223081293 * no_8x8dct;5.6087269770155;5.6087269770155;5.6087269770155;5.6087269770155;0.123114;5;-20.4453223081293 * no_8x8dct;1;0.798711436280574;
5;462.866471715946 * no_asm + -186.535774119725 * ref_1 + 173.287790276054 * ref_9 + 41.6750033217329 * no_fast_pskip + -21.1506387932518 * no_8x8dct + -14.4645081161909 * no_cabac;5.3659216661428;5.3659216661428;5.3659216661428;5.3659216661428;0.209152;6;-14.4645081161909 * no_cabac;1;0.2428053108727;
Elapsed=00:00:00.2099884
Learning progress:
1;553.103559322035 * no_asm + -270.779899191315 * ref_1;13.1663200408942;13.1663200408942;13.1663200408942;13.1663200408942;0.017821;2;-270.779899191315 * ref_1;1;21.6433807606272;
2;644.431111111112 * no_asm + -362.107450980392 * ref_1 + -176.666411657559 * ref_5;7.02483018113129;7.02483018113129;7.02483018113129;7.02483018113129;0.039014;3;-176.666411657559 * ref_5;1;6.14148985976288;
3;623.57217684745 * no_asm + -362.563192401278 * ref_1 + -179.19683974856 * ref_5 + 33.9702643722492 * no_mbtree;4.98253825883735;4.98253825883735;4.98253825883735;4.98253825883735;0.074202;4;33.9702643722492 * no_mbtree;1;2.04229192229394;
4;630.197189223161 * no_asm + -360.143918921774 * ref_1 + -177.881166408876 * ref_5 + 41.0272340120818 * no_mbtree + -31.230982140483 * no_8x8dct;4.333644361999;4.333644361999;4.333644361999;4.333644361999;0.137254;5;-31.230982140483 * no_8x8dct;1;0.648893896838348;
5;630.117489101377 * no_asm + -360.166597109125 * ref_1 + -175.195453699139 * ref_5 + 40.9927576843886 * no_mbtree + -30.9435032199361 * no_8x8dct + -7.16111891807436 * ref_5 * rc_lookahead_20;4.25328339869661;4.25328339869661;4.25328339869661;4.25328339869661;0.220122;7;-7.16111891807436 * ref_5 * rc_lookahead_20;2;0.0401804816511953;
Elapsed=00:00:00.2209174
Learning progress:
1;557.193045977012 * no_asm + -274.214178052484 * ref_1;14.9819942639837;14.9819942639837;14.9819942639837;14.9819942639837;0.008594;2;-274.214178052484 * ref_1;1;17.2646178292558;
2;466.793090909092 * no_asm + -183.814222984563 * ref_1 + 171.908111276701 * ref_9;7.434719392002;7.434719392002;7.434719392002;7.434719392002;0.028606;3;171.908111276701 * ref_9;1;7.54727487198173;
3;441.537777150209 * no_asm + -184.018443850537 * ref_1 + 171.789819408978 * ref_9 + 39.6869216211019 * no_mbtree;5.73066180807923;5.73066180807923;5.73066180807923;5.73066180807923;0.062397;4;39.6869216211019 * no_mbtree;1;1.70405758392277;
4;444.404061122899 * no_asm + -180.534296953939 * ref_1 + 173.745866213985 * ref_9 + 48.1690533476572 * no_mbtree + -28.4075143079629 * no_8x8dct;4.69525691749287;4.69525691749287;4.69525691749287;4.69525691749287;0.122095;5;-28.4075143079629 * no_8x8dct;1;1.03540489058636;
5;442.895103137019 * no_asm + -181.000652508457 * ref_1 + 174.057265812369 * ref_9 + 82.9039658360087 * no_mbtree + -19.0018741569567 * no_8x8dct + -51.3287796114002 * no_mbtree * no_mixed_refs;4.23035906617268;4.23035906617268;4.23035906617268;4.23035906617268;0.206212;7;-51.3287796114002 * no_mbtree * no_mixed_refs;2;0.232448925660094;
6;442.34038384101 * no_asm + -181.207632098977 * ref_1 + 176.016234256941 * ref_9 + 69.8473962279836 * no_mbtree + -19.534555807375 * no_8x8dct + -66.5153773634544 * no_mbtree * no_mixed_refs + 38.0729281638872 * no_mbtree * no_fast_pskip;3.40391794832594;3.40391794832594;3.40391794832594;3.40391794832594;0.336169;9;38.0729281638872 * no_mbtree * no_fast_pskip;2;0.413220558923373;
7;445.001433037198 * no_asm + -181.020835847317 * ref_1 + 175.98693773143 * ref_9 + 69.7830901868168 * no_mbtree + -19.3115105253599 * no_8x8dct + -65.844930516407 * no_mbtree * no_mixed_refs + 37.4242380305577 * no_mbtree * no_fast_pskip + -5.98068067885147 * no_cabac;3.19491181975358;3.19491181975358;3.19491181975358;3.19491181975358;0.518842;10;-5.98068067885147 * no_cabac;1;0.209006128572359;
8;451.27298100522 * no_asm + -180.987662903948 * ref_1 + 159.122503014364 * ref_9 + 60.0398663937938 * no_mbtree + -19.0498338149535 * no_8x8dct + -66.4493937820156 * no_mbtree * no_mixed_refs + 38.3029902799694 * no_mbtree * no_fast_pskip + -6.50903479677834 * no_cabac + 26.4745379553529 * ref_9 * no_mbtree;3.05314833881488;3.05314833881488;3.05314833881488;3.05314833881488;0.75761;12;26.4745379553529 * ref_9 * no_mbtree;2;0.0708817404693494;
Elapsed=00:00:00.7589229
Learning progress:
1;547.398220338983 * no_asm + -260.874566492829 * ref_1;11.3989391836158;11.3989391836158;11.3989391836158;11.3989391836158;0.007818;2;-260.874566492829 * ref_1;1;26.0798188735025;
2;462.968279569893 * no_asm + -176.444625723739 * ref_1 + 177.905946620584 * ref_9;7.08449903216945;7.08449903216945;7.08449903216945;7.08449903216945;0.027755;3;177.905946620584 * ref_9;1;4.31444015144636;
3;436.944140277197 * no_asm + -176.398070912839 * ref_1 + 177.797872952424 * ref_9 + 37.5231775848176 * no_mbtree;4.67683171670858;4.67683171670858;4.67683171670858;4.67683171670858;0.063696;4;37.5231775848176 * no_mbtree;1;2.40766731546087;
4;441.492397611921 * no_asm + -176.406207330254 * ref_1 + 155.356148975437 * ref_9 + 30.9652251487038 * no_mbtree + 48.3767029605835 * ref_9 * no_fast_pskip;4.58110121271222;4.58110121271222;4.58110121271222;4.58110121271222;0.122681;6;48.3767029605835 * ref_9 * no_fast_pskip;2;0.0478652519981821;
Elapsed=00:00:00.1233322
Learning progress:
1;544.251415929205 * no_asm + -260.489603063708 * ref_1;11.9142407250952;11.9142407250952;11.9142407250952;11.9142407250952;0.008287;2;-260.489603063708 * ref_1;1;19.2490369889813;
2;466.054270833334 * no_asm + -182.292457967836 * ref_1 + 180.3321917517 * ref_9;6.81366987336272;6.81366987336272;6.81366987336272;6.81366987336272;0.028978;3;180.3321917517 * ref_9;1;5.10057085173243;
3;466.054270833334 * no_asm + -182.292457967836 * ref_1 + 152.2090625 * ref_9 + 43.0635416666671 * ref_9 * no_mbtree;6.02255582595109;6.02255582595109;6.02255582595109;6.02255582595109;0.064625;5;43.0635416666671 * ref_9 * no_mbtree;2;0.395557023705817;
4;466.054270833334 * no_asm + -182.292457967836 * ref_1 + 171.78885228979 * ref_9 + 113.632367367367 * ref_9 * no_mbtree + -110.952142142142 * ref_9 * no_mixed_refs;5.63623409970869;5.63623409970869;5.63623409970869;5.63623409970869;0.125105;7;-110.952142142142 * ref_9 * no_mixed_refs;2;0.193160863121197;
5;466.054270833334 * no_asm + -182.292457967837 * ref_1 + 152.171801400403 * ref_9 + 79.2900492709354 * ref_9 * no_mbtree + -132.76550407258 * ref_9 * no_mixed_refs + 99.7324877277191 * ref_9 * no_fast_pskip;3.93391177244995;3.93391177244995;3.93391177244995;3.93391177244995;0.209819;9;99.7324877277191 * ref_9 * no_fast_pskip;2;0.851161163629369;
6;466.054270833333 * no_asm + -182.292457967836 * ref_1 + 157.447630054011 * ref_9 + 87.0859576310694 * ref_9 * no_mbtree + -131.88682674437 * ref_9 * no_mixed_refs + 97.3577248372555 * ref_9 * no_fast_pskip + -27.6086891780362 * ref_9 * no_8x8dct;3.60656836558722;3.60656836558722;3.60656836558722;3.60656836558722;0.326073;11;-27.6086891780362 * ref_9 * no_8x8dct;2;0.163671703431367;
7;466.054270833334 * no_asm + -182.292457967836 * ref_1 + 150.856331830669 * ref_9 + 96.8493936035616 * ref_9 * no_mbtree + -125.978409120925 * ref_9 * no_mixed_refs + 119.881897335998 * ref_9 * no_fast_pskip + -26.198646867529 * ref_9 * no_8x8dct + -34.4749489565449 * ref_9 * no_mbtree * no_fast_pskip;3.40348709055927;3.40348709055927;3.40348709055927;3.40348709055927;0.48241;14;-34.4749489565449 * ref_9 * no_mbtree * no_fast_pskip;3;0.0676937583426513;
Elapsed=00:00:00.4832710
Learning progress:
1;545.495615615616 * no_asm + -260.822395276632 * ref_1;15.5654986392619;15.5654986392619;15.5654986392619;15.5654986392619;0.008338;2;-260.822395276632 * ref_1;1;14.3234821886974;
2;470.554408602151 * no_asm + -185.881188263168 * ref_1 + 169.764775071319 * ref_9;7.90505506538216;7.90505506538216;7.90505506538216;7.90505506538216;0.029474;3;169.764775071319 * ref_9;1;7.66044357387977;
3;450.232904927533 * no_asm + -186.914485060182 * ref_1 + 173.21217301612 * ref_9 + 39.3729133695733 * no_fast_pskip;6.40743841329607;6.40743841329607;6.40743841329607;6.40743841329607;0.063201;4;39.3729133695733 * no_fast_pskip;1;1.49761665208609;
4;455.603780305189 * no_asm + -185.948327928839 * ref_1 + 173.500640364265 * ref_9 + 41.7451687679454 * no_fast_pskip + -20.4453223081293 * no_8x8dct;5.6087269770155;5.6087269770155;5.6087269770155;5.6087269770155;0.122522;5;-20.4453223081293 * no_8x8dct;1;0.798711436280574;
5;462.866471715946 * no_asm + -186.535774119725 * ref_1 + 173.287790276054 * ref_9 + 41.6750033217329 * no_fast_pskip + -21.1506387932518 * no_8x8dct + -14.4645081161909 * no_cabac;5.3659216661428;5.3659216661428;5.3659216661428;5.3659216661428;0.206244;6;-14.4645081161909 * no_cabac;1;0.2428053108727;
6;456.913453975058 * no_asm + -168.394261224118 * ref_1 + 174.329968253703 * ref_9 + 53.5491929291136 * no_fast_pskip + -21.7208762012931 * no_8x8dct + -14.447248760867 * no_cabac + -33.9687125570654 * ref_1 * no_fast_pskip;5.20189507902343;5.20189507902343;5.20189507902343;5.20189507902343;0.327878;8;-33.9687125570654 * ref_1 * no_fast_pskip;2;0.0820132935596862;
Elapsed=00:00:00.3287887
Learning progress:
1;553.103559322035 * no_asm + -270.779899191315 * ref_1;13.1663200408942;13.1663200408942;13.1663200408942;13.1663200408942;0.008329;2;-270.779899191315 * ref_1;1;21.6433807606272;
2;644.431111111112 * no_asm + -362.107450980392 * ref_1 + -176.666411657559 * ref_5;7.02483018113129;7.02483018113129;7.02483018113129;7.02483018113129;0.029675;3;-176.666411657559 * ref_5;1;6.14148985976288;
3;623.57217684745 * no_asm + -362.563192401278 * ref_1 + -179.19683974856 * ref_5 + 33.9702643722492 * no_mbtree;4.98253825883735;4.98253825883735;4.98253825883735;4.98253825883735;0.064575;4;33.9702643722492 * no_mbtree;1;2.04229192229394;
4;630.197189223161 * no_asm + -360.143918921774 * ref_1 + -177.881166408876 * ref_5 + 41.0272340120818 * no_mbtree + -31.230982140483 * no_8x8dct;4.333644361999;4.333644361999;4.333644361999;4.333644361999;0.128449;5;-31.230982140483 * no_8x8dct;1;0.648893896838348;
5;630.117489101377 * no_asm + -360.166597109125 * ref_1 + -175.195453699139 * ref_5 + 40.9927576843886 * no_mbtree + -30.9435032199361 * no_8x8dct + -7.16111891807436 * ref_5 * rc_lookahead_20;4.25328339869661;4.25328339869661;4.25328339869661;4.25328339869661;0.215777;7;-7.16111891807436 * ref_5 * rc_lookahead_20;2;0.0401804816511953;
Elapsed=00:00:00.2165748
Learning progress:
1;557.193045977012 * no_asm + -274.214178052484 * ref_1;14.9819942639837;14.9819942639837;14.9819942639837;14.9819942639837;0.008364;2;-274.214178052484 * ref_1;1;17.2646178292558;
2;466.793090909092 * no_asm + -183.814222984563 * ref_1 + 171.908111276701 * ref_9;7.434719392002;7.434719392002;7.434719392002;7.434719392002;0.029552;3;171.908111276701 * ref_9;1;7.54727487198173;
3;441.537777150209 * no_asm + -184.018443850537 * ref_1 + 171.789819408978 * ref_9 + 39.6869216211019 * no_mbtree;5.73066180807923;5.73066180807923;5.73066180807923;5.73066180807923;0.062612;4;39.6869216211019 * no_mbtree;1;1.70405758392277;
4;444.404061122899 * no_asm + -180.534296953939 * ref_1 + 173.745866213985 * ref_9 + 48.1690533476572 * no_mbtree + -28.4075143079629 * no_8x8dct;4.69525691749287;4.69525691749287;4.69525691749287;4.69525691749287;0.122968;5;-28.4075143079629 * no_8x8dct;1;1.03540489058636;
5;442.895103137019 * no_asm + -181.000652508457 * ref_1 + 174.057265812369 * ref_9 + 82.9039658360087 * no_mbtree + -19.0018741569567 * no_8x8dct + -51.3287796114002 * no_mbtree * no_mixed_refs;4.23035906617268;4.23035906617268;4.23035906617268;4.23035906617268;0.216688;7;-51.3287796114002 * no_mbtree * no_mixed_refs;2;0.232448925660094;
6;442.34038384101 * no_asm + -181.207632098977 * ref_1 + 176.016234256941 * ref_9 + 69.8473962279836 * no_mbtree + -19.534555807375 * no_8x8dct + -66.5153773634544 * no_mbtree * no_mixed_refs + 38.0729281638872 * no_mbtree * no_fast_pskip;3.40391794832594;3.40391794832594;3.40391794832594;3.40391794832594;0.345139;9;38.0729281638872 * no_mbtree * no_fast_pskip;2;0.413220558923373;
7;445.001433037198 * no_asm + -181.020835847317 * ref_1 + 175.98693773143 * ref_9 + 69.7830901868168 * no_mbtree + -19.3115105253599 * no_8x8dct + -65.844930516407 * no_mbtree * no_mixed_refs + 37.4242380305577 * no_mbtree * no_fast_pskip + -5.98068067885147 * no_cabac;3.19491181975358;3.19491181975358;3.19491181975358;3.19491181975358;0.525953;10;-5.98068067885147 * no_cabac;1;0.209006128572359;
8;451.27298100522 * no_asm + -180.987662903948 * ref_1 + 159.122503014364 * ref_9 + 60.0398663937938 * no_mbtree + -19.0498338149535 * no_8x8dct + -66.4493937820156 * no_mbtree * no_mixed_refs + 38.3029902799694 * no_mbtree * no_fast_pskip + -6.50903479677834 * no_cabac + 26.4745379553529 * ref_9 * no_mbtree;3.05314833881488;3.05314833881488;3.05314833881488;3.05314833881488;0.764684;12;26.4745379553529 * ref_9 * no_mbtree;2;0.0708817404693494;
Elapsed=00:00:00.7659619
Learning progress:
1;547.398220338983 * no_asm + -260.874566492829 * ref_1;11.3989391836158;11.3989391836158;11.3989391836158;11.3989391836158;0.009442;2;-260.874566492829 * ref_1;1;26.0798188735025;
2;462.968279569893 * no_asm + -176.444625723739 * ref_1 + 177.905946620584 * ref_9;7.08449903216945;7.08449903216945;7.08449903216945;7.08449903216945;0.027658;3;177.905946620584 * ref_9;1;4.31444015144636;
3;436.944140277197 * no_asm + -176.398070912839 * ref_1 + 177.797872952424 * ref_9 + 37.5231775848176 * no_mbtree;4.67683171670858;4.67683171670858;4.67683171670858;4.67683171670858;0.061975;4;37.5231775848176 * no_mbtree;1;2.40766731546087;
4;441.492397611921 * no_asm + -176.406207330254 * ref_1 + 155.356148975437 * ref_9 + 30.9652251487038 * no_mbtree + 48.3767029605835 * ref_9 * no_fast_pskip;4.58110121271222;4.58110121271222;4.58110121271222;4.58110121271222;0.122933;6;48.3767029605835 * ref_9 * no_fast_pskip;2;0.0478652519981821;
Elapsed=00:00:00.1235843
Learning progress:
1;544.251415929205 * no_asm + -260.489603063708 * ref_1;11.9142407250952;11.9142407250952;11.9142407250952;11.9142407250952;0.007582;2;-260.489603063708 * ref_1;1;19.2490369889813;
2;466.054270833334 * no_asm + -182.292457967836 * ref_1 + 180.3321917517 * ref_9;6.81366987336272;6.81366987336272;6.81366987336272;6.81366987336272;0.027975;3;180.3321917517 * ref_9;1;5.10057085173243;
3;466.054270833334 * no_asm + -182.292457967836 * ref_1 + 152.2090625 * ref_9 + 43.0635416666671 * ref_9 * no_mbtree;6.02255582595109;6.02255582595109;6.02255582595109;6.02255582595109;0.06104;5;43.0635416666671 * ref_9 * no_mbtree;2;0.395557023705817;
4;466.054270833334 * no_asm + -182.292457967836 * ref_1 + 171.78885228979 * ref_9 + 113.632367367367 * ref_9 * no_mbtree + -110.952142142142 * ref_9 * no_mixed_refs;5.63623409970869;5.63623409970869;5.63623409970869;5.63623409970869;0.119493;7;-110.952142142142 * ref_9 * no_mixed_refs;2;0.193160863121197;
Elapsed=00:00:00.1201752
Learning progress:
1;545.495615615616 * no_asm + -260.822395276632 * ref_1;15.5654986392619;15.5654986392619;15.5654986392619;15.5654986392619;0.00961;2;-260.822395276632 * ref_1;1;14.3234821886974;
2;470.554408602151 * no_asm + -185.881188263168 * ref_1 + 169.764775071319 * ref_9;7.90505506538216;7.90505506538216;7.90505506538216;7.90505506538216;0.027788;3;169.764775071319 * ref_9;1;7.66044357387977;
3;450.232904927533 * no_asm + -186.914485060182 * ref_1 + 173.21217301612 * ref_9 + 39.3729133695733 * no_fast_pskip;6.40743841329607;6.40743841329607;6.40743841329607;6.40743841329607;0.06298;4;39.3729133695733 * no_fast_pskip;1;1.49761665208609;
4;455.603780305189 * no_asm + -185.948327928839 * ref_1 + 173.500640364265 * ref_9 + 41.7451687679454 * no_fast_pskip + -20.4453223081293 * no_8x8dct;5.6087269770155;5.6087269770155;5.6087269770155;5.6087269770155;0.120297;5;-20.4453223081293 * no_8x8dct;1;0.798711436280574;
5;462.866471715946 * no_asm + -186.535774119725 * ref_1 + 173.287790276054 * ref_9 + 41.6750033217329 * no_fast_pskip + -21.1506387932518 * no_8x8dct + -14.4645081161909 * no_cabac;5.3659216661428;5.3659216661428;5.3659216661428;5.3659216661428;0.20374;6;-14.4645081161909 * no_cabac;1;0.2428053108727;
6;456.913453975058 * no_asm + -168.394261224118 * ref_1 + 174.329968253703 * ref_9 + 53.5491929291136 * no_fast_pskip + -21.7208762012931 * no_8x8dct + -14.447248760867 * no_cabac + -33.9687125570654 * ref_1 * no_fast_pskip;5.20189507902343;5.20189507902343;5.20189507902343;5.20189507902343;0.320389;8;-33.9687125570654 * ref_1 * no_fast_pskip;2;0.0820132935596862;
Elapsed=00:00:00.3212747
Learning progress:
1;553.103559322035 * no_asm + -270.779899191315 * ref_1;13.1663200408942;13.1663200408942;13.1663200408942;13.1663200408942;0.00843;2;-270.779899191315 * ref_1;1;21.6433807606272;
2;644.431111111112 * no_asm + -362.107450980392 * ref_1 + -176.666411657559 * ref_5;7.02483018113129;7.02483018113129;7.02483018113129;7.02483018113129;0.029841;3;-176.666411657559 * ref_5;1;6.14148985976288;
3;623.57217684745 * no_asm + -362.563192401278 * ref_1 + -179.19683974856 * ref_5 + 33.9702643722492 * no_mbtree;4.98253825883735;4.98253825883735;4.98253825883735;4.98253825883735;0.066778;4;33.9702643722492 * no_mbtree;1;2.04229192229394;
4;630.197189223161 * no_asm + -360.143918921774 * ref_1 + -177.881166408876 * ref_5 + 41.0272340120818 * no_mbtree + -31.230982140483 * no_8x8dct;4.333644361999;4.333644361999;4.333644361999;4.333644361999;0.127569;5;-31.230982140483 * no_8x8dct;1;0.648893896838348;
5;630.117489101377 * no_asm + -360.166597109125 * ref_1 + -175.195453699139 * ref_5 + 40.9927576843886 * no_mbtree + -30.9435032199361 * no_8x8dct + -7.16111891807436 * ref_5 * rc_lookahead_20;4.25328339869661;4.25328339869661;4.25328339869661;4.25328339869661;0.213137;7;-7.16111891807436 * ref_5 * rc_lookahead_20;2;0.0401804816511953;
Elapsed=00:00:00.2139671
Learning progress:
1;557.193045977012 * no_asm + -274.214178052484 * ref_1;14.9819942639837;14.9819942639837;14.9819942639837;14.9819942639837;0.009158;2;-274.214178052484 * ref_1;1;17.2646178292558;
2;466.793090909092 * no_asm + -183.814222984563 * ref_1 + 171.908111276701 * ref_9;7.434719392002;7.434719392002;7.434719392002;7.434719392002;0.027421;3;171.908111276701 * ref_9;1;7.54727487198173;
3;441.537777150209 * no_asm + -184.018443850537 * ref_1 + 171.789819408978 * ref_9 + 39.6869216211019 * no_mbtree;5.73066180807923;5.73066180807923;5.73066180807923;5.73066180807923;0.062889;4;39.6869216211019 * no_mbtree;1;1.70405758392277;
4;444.404061122899 * no_asm + -180.534296953939 * ref_1 + 173.745866213985 * ref_9 + 48.1690533476572 * no_mbtree + -28.4075143079629 * no_8x8dct;4.69525691749287;4.69525691749287;4.69525691749287;4.69525691749287;0.121682;5;-28.4075143079629 * no_8x8dct;1;1.03540489058636;
5;442.895103137019 * no_asm + -181.000652508457 * ref_1 + 174.057265812369 * ref_9 + 82.9039658360087 * no_mbtree + -19.0018741569567 * no_8x8dct + -51.3287796114002 * no_mbtree * no_mixed_refs;4.23035906617268;4.23035906617268;4.23035906617268;4.23035906617268;0.208789;7;-51.3287796114002 * no_mbtree * no_mixed_refs;2;0.232448925660094;
Elapsed=00:00:00.2097035
Learning progress:
1;547.398220338983 * no_asm + -260.874566492829 * ref_1;11.3989391836158;11.3989391836158;11.3989391836158;11.3989391836158;0.009663;2;-260.874566492829 * ref_1;1;26.0798188735025;
2;462.968279569893 * no_asm + -176.444625723739 * ref_1 + 177.905946620584 * ref_9;7.08449903216945;7.08449903216945;7.08449903216945;7.08449903216945;0.029164;3;177.905946620584 * ref_9;1;4.31444015144636;
3;436.944140277197 * no_asm + -176.398070912839 * ref_1 + 177.797872952424 * ref_9 + 37.5231775848176 * no_mbtree;4.67683171670858;4.67683171670858;4.67683171670858;4.67683171670858;0.065394;4;37.5231775848176 * no_mbtree;1;2.40766731546087;
4;441.492397611921 * no_asm + -176.406207330254 * ref_1 + 155.356148975437 * ref_9 + 30.9652251487038 * no_mbtree + 48.3767029605835 * ref_9 * no_fast_pskip;4.58110121271222;4.58110121271222;4.58110121271222;4.58110121271222;0.123636;6;48.3767029605835 * ref_9 * no_fast_pskip;2;0.0478652519981821;
Elapsed=00:00:00.1243182
Learning progress:
1;544.251415929205 * no_asm + -260.489603063708 * ref_1;11.9142407250952;11.9142407250952;11.9142407250952;11.9142407250952;0.008179;2;-260.489603063708 * ref_1;1;19.2490369889813;
2;466.054270833334 * no_asm + -182.292457967836 * ref_1 + 180.3321917517 * ref_9;6.81366987336272;6.81366987336272;6.81366987336272;6.81366987336272;0.028812;3;180.3321917517 * ref_9;1;5.10057085173243;
3;466.054270833334 * no_asm + -182.292457967836 * ref_1 + 152.2090625 * ref_9 + 43.0635416666671 * ref_9 * no_mbtree;6.02255582595109;6.02255582595109;6.02255582595109;6.02255582595109;0.063742;5;43.0635416666671 * ref_9 * no_mbtree;2;0.395557023705817;
Elapsed=00:00:00.0643525
Learning progress:
1;545.495615615616 * no_asm + -260.822395276632 * ref_1;15.5654986392619;15.5654986392619;15.5654986392619;15.5654986392619;0.00769;2;-260.822395276632 * ref_1;1;14.3234821886974;
2;470.554408602151 * no_asm + -185.881188263168 * ref_1 + 169.764775071319 * ref_9;7.90505506538216;7.90505506538216;7.90505506538216;7.90505506538216;0.030747;3;169.764775071319 * ref_9;1;7.66044357387977;
3;450.232904927533 * no_asm + -186.914485060182 * ref_1 + 173.21217301612 * ref_9 + 39.3729133695733 * no_fast_pskip;6.40743841329607;6.40743841329607;6.40743841329607;6.40743841329607;0.069658;4;39.3729133695733 * no_fast_pskip;1;1.49761665208609;
4;455.603780305189 * no_asm + -185.948327928839 * ref_1 + 173.500640364265 * ref_9 + 41.7451687679454 * no_fast_pskip + -20.4453223081293 * no_8x8dct;5.6087269770155;5.6087269770155;5.6087269770155;5.6087269770155;0.125651;5;-20.4453223081293 * no_8x8dct;1;0.798711436280574;
5;462.866471715946 * no_asm + -186.535774119725 * ref_1 + 173.287790276054 * ref_9 + 41.6750033217329 * no_fast_pskip + -21.1506387932518 * no_8x8dct + -14.4645081161909 * no_cabac;5.3659216661428;5.3659216661428;5.3659216661428;5.3659216661428;0.205789;6;-14.4645081161909 * no_cabac;1;0.2428053108727;
Elapsed=00:00:00.2066646
Learning progress:
1;553.103559322035 * no_asm + -270.779899191315 * ref_1;13.1663200408942;13.1663200408942;13.1663200408942;13.1663200408942;0.008954;2;-270.779899191315 * ref_1;1;21.6433807606272;
2;644.431111111112 * no_asm + -362.107450980392 * ref_1 + -176.666411657559 * ref_5;7.02483018113129;7.02483018113129;7.02483018113129;7.02483018113129;0.030279;3;-176.666411657559 * ref_5;1;6.14148985976288;
3;623.57217684745 * no_asm + -362.563192401278 * ref_1 + -179.19683974856 * ref_5 + 33.9702643722492 * no_mbtree;4.98253825883735;4.98253825883735;4.98253825883735;4.98253825883735;0.068034;4;33.9702643722492 * no_mbtree;1;2.04229192229394;
4;630.197189223161 * no_asm + -360.143918921774 * ref_1 + -177.881166408876 * ref_5 + 41.0272340120818 * no_mbtree + -31.230982140483 * no_8x8dct;4.333644361999;4.333644361999;4.333644361999;4.333644361999;0.129913;5;-31.230982140483 * no_8x8dct;1;0.648893896838348;
5;630.117489101377 * no_asm + -360.166597109125 * ref_1 + -175.195453699139 * ref_5 + 40.9927576843886 * no_mbtree + -30.9435032199361 * no_8x8dct + -7.16111891807436 * ref_5 * rc_lookahead_20;4.25328339869661;4.25328339869661;4.25328339869661;4.25328339869661;0.214136;7;-7.16111891807436 * ref_5 * rc_lookahead_20;2;0.0401804816511953;
Elapsed=00:00:00.2164501
Learning progress:
1;557.193045977012 * no_asm + -274.214178052484 * ref_1;14.9819942639837;14.9819942639837;14.9819942639837;14.9819942639837;0.007995;2;-274.214178052484 * ref_1;1;17.2646178292558;
2;466.793090909092 * no_asm + -183.814222984563 * ref_1 + 171.908111276701 * ref_9;7.434719392002;7.434719392002;7.434719392002;7.434719392002;0.029254;3;171.908111276701 * ref_9;1;7.54727487198173;
3;441.537777150209 * no_asm + -184.018443850537 * ref_1 + 171.789819408978 * ref_9 + 39.6869216211019 * no_mbtree;5.73066180807923;5.73066180807923;5.73066180807923;5.73066180807923;0.065811;4;39.6869216211019 * no_mbtree;1;1.70405758392277;
4;444.404061122899 * no_asm + -180.534296953939 * ref_1 + 173.745866213985 * ref_9 + 48.1690533476572 * no_mbtree + -28.4075143079629 * no_8x8dct;4.69525691749287;4.69525691749287;4.69525691749287;4.69525691749287;0.126564;5;-28.4075143079629 * no_8x8dct;1;1.03540489058636;
5;442.895103137019 * no_asm + -181.000652508457 * ref_1 + 174.057265812369 * ref_9 + 82.9039658360087 * no_mbtree + -19.0018741569567 * no_8x8dct + -51.3287796114002 * no_mbtree * no_mixed_refs;4.23035906617268;4.23035906617268;4.23035906617268;4.23035906617268;0.212283;7;-51.3287796114002 * no_mbtree * no_mixed_refs;2;0.232448925660094;
6;442.34038384101 * no_asm + -181.207632098977 * ref_1 + 176.016234256941 * ref_9 + 69.8473962279836 * no_mbtree + -19.534555807375 * no_8x8dct + -66.5153773634544 * no_mbtree * no_mixed_refs + 38.0729281638872 * no_mbtree * no_fast_pskip;3.40391794832594;3.40391794832594;3.40391794832594;3.40391794832594;0.344924;9;38.0729281638872 * no_mbtree * no_fast_pskip;2;0.413220558923373;
7;445.001433037198 * no_asm + -181.020835847317 * ref_1 + 175.98693773143 * ref_9 + 69.7830901868168 * no_mbtree + -19.3115105253599 * no_8x8dct + -65.844930516407 * no_mbtree * no_mixed_refs + 37.4242380305577 * no_mbtree * no_fast_pskip + -5.98068067885147 * no_cabac;3.19491181975358;3.19491181975358;3.19491181975358;3.19491181975358;0.532421;10;-5.98068067885147 * no_cabac;1;0.209006128572359;
8;451.27298100522 * no_asm + -180.987662903948 * ref_1 + 159.122503014364 * ref_9 + 60.0398663937938 * no_mbtree + -19.0498338149535 * no_8x8dct + -66.4493937820156 * no_mbtree * no_mixed_refs + 38.3029902799694 * no_mbtree * no_fast_pskip + -6.50903479677834 * no_cabac + 26.4745379553529 * ref_9 * no_mbtree;3.05314833881488;3.05314833881488;3.05314833881488;3.05314833881488;0.758277;12;26.4745379553529 * ref_9 * no_mbtree;2;0.0708817404693494;
Elapsed=00:00:00.7596306
Learning progress:
1;547.398220338983 * no_asm + -260.874566492829 * ref_1;11.3989391836158;11.3989391836158;11.3989391836158;11.3989391836158;0.008073;2;-260.874566492829 * ref_1;1;26.0798188735025;
2;462.968279569893 * no_asm + -176.444625723739 * ref_1 + 177.905946620584 * ref_9;7.08449903216945;7.08449903216945;7.08449903216945;7.08449903216945;0.029218;3;177.905946620584 * ref_9;1;4.31444015144636;
3;436.944140277197 * no_asm + -176.398070912839 * ref_1 + 177.797872952424 * ref_9 + 37.5231775848176 * no_mbtree;4.67683171670858;4.67683171670858;4.67683171670858;4.67683171670858;0.065276;4;37.5231775848176 * no_mbtree;1;2.40766731546087;
4;441.492397611921 * no_asm + -176.406207330254 * ref_1 + 155.356148975437 * ref_9 + 30.9652251487038 * no_mbtree + 48.3767029605835 * ref_9 * no_fast_pskip;4.58110121271222;4.58110121271222;4.58110121271222;4.58110121271222;0.123543;6;48.3767029605835 * ref_9 * no_fast_pskip;2;0.0478652519981821;
Elapsed=00:00:00.1242010
Learning progress:
1;544.251415929205 * no_asm + -260.489603063708 * ref_1;11.9142407250952;11.9142407250952;11.9142407250952;11.9142407250952;0.009755;2;-260.489603063708 * ref_1;1;19.2490369889813;
2;466.054270833334 * no_asm + -182.292457967836 * ref_1 + 180.3321917517 * ref_9;6.81366987336272;6.81366987336272;6.81366987336272;6.81366987336272;0.028956;3;180.3321917517 * ref_9;1;5.10057085173243;
3;466.054270833334 * no_asm + -182.292457967836 * ref_1 + 152.2090625 * ref_9 + 43.0635416666671 * ref_9 * no_mbtree;6.02255582595109;6.02255582595109;6.02255582595109;6.02255582595109;0.064391;5;43.0635416666671 * ref_9 * no_mbtree;2;0.395557023705817;
4;466.054270833334 * no_asm + -182.292457967836 * ref_1 + 171.78885228979 * ref_9 + 113.632367367367 * ref_9 * no_mbtree + -110.952142142142 * ref_9 * no_mixed_refs;5.63623409970869;5.63623409970869;5.63623409970869;5.63623409970869;0.120999;7;-110.952142142142 * ref_9 * no_mixed_refs;2;0.193160863121197;
5;466.054270833334 * no_asm + -182.292457967837 * ref_1 + 152.171801400403 * ref_9 + 79.2900492709354 * ref_9 * no_mbtree + -132.76550407258 * ref_9 * no_mixed_refs + 99.7324877277191 * ref_9 * no_fast_pskip;3.93391177244995;3.93391177244995;3.93391177244995;3.93391177244995;0.208456;9;99.7324877277191 * ref_9 * no_fast_pskip;2;0.851161163629369;
6;466.054270833333 * no_asm + -182.292457967836 * ref_1 + 157.447630054011 * ref_9 + 87.0859576310694 * ref_9 * no_mbtree + -131.88682674437 * ref_9 * no_mixed_refs + 97.3577248372555 * ref_9 * no_fast_pskip + -27.6086891780362 * ref_9 * no_8x8dct;3.60656836558722;3.60656836558722;3.60656836558722;3.60656836558722;0.332559;11;-27.6086891780362 * ref_9 * no_8x8dct;2;0.163671703431367;
7;466.054270833334 * no_asm + -182.292457967836 * ref_1 + 150.856331830669 * ref_9 + 96.8493936035616 * ref_9 * no_mbtree + -125.978409120925 * ref_9 * no_mixed_refs + 119.881897335998 * ref_9 * no_fast_pskip + -26.198646867529 * ref_9 * no_8x8dct + -34.4749489565449 * ref_9 * no_mbtree * no_fast_pskip;3.40348709055927;3.40348709055927;3.40348709055927;3.40348709055927;0.483549;14;-34.4749489565449 * ref_9 * no_mbtree * no_fast_pskip;3;0.0676937583426513;
Elapsed=00:00:00.4844317
Learning progress:
1;545.495615615616 * no_asm + -260.822395276632 * ref_1;15.5654986392619;15.5654986392619;15.5654986392619;15.5654986392619;0.009687;2;-260.822395276632 * ref_1;1;14.3234821886974;
2;470.554408602151 * no_asm + -185.881188263168 * ref_1 + 169.764775071319 * ref_9;7.90505506538216;7.90505506538216;7.90505506538216;7.90505506538216;0.028653;3;169.764775071319 * ref_9;1;7.66044357387977;
3;450.232904927533 * no_asm + -186.914485060182 * ref_1 + 173.21217301612 * ref_9 + 39.3729133695733 * no_fast_pskip;6.40743841329607;6.40743841329607;6.40743841329607;6.40743841329607;0.063854;4;39.3729133695733 * no_fast_pskip;1;1.49761665208609;
4;455.603780305189 * no_asm + -185.948327928839 * ref_1 + 173.500640364265 * ref_9 + 41.7451687679454 * no_fast_pskip + -20.4453223081293 * no_8x8dct;5.6087269770155;5.6087269770155;5.6087269770155;5.6087269770155;0.121842;5;-20.4453223081293 * no_8x8dct;1;0.798711436280574;
5;462.866471715946 * no_asm + -186.535774119725 * ref_1 + 173.287790276054 * ref_9 + 41.6750033217329 * no_fast_pskip + -21.1506387932518 * no_8x8dct + -14.4645081161909 * no_cabac;5.3659216661428;5.3659216661428;5.3659216661428;5.3659216661428;0.207881;6;-14.4645081161909 * no_cabac;1;0.2428053108727;
6;456.913453975058 * no_asm + -168.394261224118 * ref_1 + 174.329968253703 * ref_9 + 53.5491929291136 * no_fast_pskip + -21.7208762012931 * no_8x8dct + -14.447248760867 * no_cabac + -33.9687125570654 * ref_1 * no_fast_pskip;5.20189507902343;5.20189507902343;5.20189507902343;5.20189507902343;0.324646;8;-33.9687125570654 * ref_1 * no_fast_pskip;2;0.0820132935596862;
Elapsed=00:00:00.3255391
Learning progress:
1;553.103559322035 * no_asm + -270.779899191315 * ref_1;13.1663200408942;13.1663200408942;13.1663200408942;13.1663200408942;0.009981;2;-270.779899191315 * ref_1;1;21.6433807606272;
2;644.431111111112 * no_asm + -362.107450980392 * ref_1 + -176.666411657559 * ref_5;7.02483018113129;7.02483018113129;7.02483018113129;7.02483018113129;0.029639;3;-176.666411657559 * ref_5;1;6.14148985976288;
3;623.57217684745 * no_asm + -362.563192401278 * ref_1 + -179.19683974856 * ref_5 + 33.9702643722492 * no_mbtree;4.98253825883735;4.98253825883735;4.98253825883735;4.98253825883735;0.065308;4;33.9702643722492 * no_mbtree;1;2.04229192229394;
4;630.197189223161 * no_asm + -360.143918921774 * ref_1 + -177.881166408876 * ref_5 + 41.0272340120818 * no_mbtree + -31.230982140483 * no_8x8dct;4.333644361999;4.333644361999;4.333644361999;4.333644361999;0.128211;5;-31.230982140483 * no_8x8dct;1;0.648893896838348;
5;630.117489101377 * no_asm + -360.166597109125 * ref_1 + -175.195453699139 * ref_5 + 40.9927576843886 * no_mbtree + -30.9435032199361 * no_8x8dct + -7.16111891807436 * ref_5 * rc_lookahead_20;4.25328339869661;4.25328339869661;4.25328339869661;4.25328339869661;0.222406;7;-7.16111891807436 * ref_5 * rc_lookahead_20;2;0.0401804816511953;
Elapsed=00:00:00.2232109
Learning progress:
1;557.193045977012 * no_asm + -274.214178052484 * ref_1;14.9819942639837;14.9819942639837;14.9819942639837;14.9819942639837;0.009817;2;-274.214178052484 * ref_1;1;17.2646178292558;
2;466.793090909092 * no_asm + -183.814222984563 * ref_1 + 171.908111276701 * ref_9;7.434719392002;7.434719392002;7.434719392002;7.434719392002;0.029946;3;171.908111276701 * ref_9;1;7.54727487198173;
3;441.537777150209 * no_asm + -184.018443850537 * ref_1 + 171.789819408978 * ref_9 + 39.6869216211019 * no_mbtree;5.73066180807923;5.73066180807923;5.73066180807923;5.73066180807923;0.064032;4;39.6869216211019 * no_mbtree;1;1.70405758392277;
4;444.404061122899 * no_asm + -180.534296953939 * ref_1 + 173.745866213985 * ref_9 + 48.1690533476572 * no_mbtree + -28.4075143079629 * no_8x8dct;4.69525691749287;4.69525691749287;4.69525691749287;4.69525691749287;0.126001;5;-28.4075143079629 * no_8x8dct;1;1.03540489058636;
5;442.895103137019 * no_asm + -181.000652508457 * ref_1 + 174.057265812369 * ref_9 + 82.9039658360087 * no_mbtree + -19.0018741569567 * no_8x8dct + -51.3287796114002 * no_mbtree * no_mixed_refs;4.23035906617268;4.23035906617268;4.23035906617268;4.23035906617268;0.207565;7;-51.3287796114002 * no_mbtree * no_mixed_refs;2;0.232448925660094;
6;442.34038384101 * no_asm + -181.207632098977 * ref_1 + 176.016234256941 * ref_9 + 69.8473962279836 * no_mbtree + -19.534555807375 * no_8x8dct + -66.5153773634544 * no_mbtree * no_mixed_refs + 38.0729281638872 * no_mbtree * no_fast_pskip;3.40391794832594;3.40391794832594;3.40391794832594;3.40391794832594;0.338143;9;38.0729281638872 * no_mbtree * no_fast_pskip;2;0.413220558923373;
7;445.001433037198 * no_asm + -181.020835847317 * ref_1 + 175.98693773143 * ref_9 + 69.7830901868168 * no_mbtree + -19.3115105253599 * no_8x8dct + -65.844930516407 * no_mbtree * no_mixed_refs + 37.4242380305577 * no_mbtree * no_fast_pskip + -5.98068067885147 * no_cabac;3.19491181975358;3.19491181975358;3.19491181975358;3.19491181975358;0.519838;10;-5.98068067885147 * no_cabac;1;0.209006128572359;
8;451.27298100522 * no_asm + -180.987662903948 * ref_1 + 159.122503014364 * ref_9 + 60.0398663937938 * no_mbtree + -19.0498338149535 * no_8x8dct + -66.4493937820156 * no_mbtree * no_mixed_refs + 38.3029902799694 * no_mbtree * no_fast_pskip + -6.50903479677834 * no_cabac + 26.4745379553529 * ref_9 * no_mbtree;3.05314833881488;3.05314833881488;3.05314833881488;3.05314833881488;0.755835;12;26.4745379553529 * ref_9 * no_mbtree;2;0.0708817404693494;
Elapsed=00:00:00.7571119
Learning progress:
1;547.398220338983 * no_asm + -260.874566492829 * ref_1;11.3989391836158;11.3989391836158;11.3989391836158;11.3989391836158;0.009463;2;-260.874566492829 * ref_1;1;26.0798188735025;
2;462.968279569893 * no_asm + -176.444625723739 * ref_1 + 177.905946620584 * ref_9;7.08449903216945;7.08449903216945;7.08449903216945;7.08449903216945;0.030258;3;177.905946620584 * ref_9;1;4.31444015144636;
3;436.944140277197 * no_asm + -176.398070912839 * ref_1 + 177.797872952424 * ref_9 + 37.5231775848176 * no_mbtree;4.67683171670858;4.67683171670858;4.67683171670858;4.67683171670858;0.064055;4;37.5231775848176 * no_mbtree;1;2.40766731546087;
4;441.492397611921 * no_asm + -176.406207330254 * ref_1 + 155.356148975437 * ref_9 + 30.9652251487038 * no_mbtree + 48.3767029605835 * ref_9 * no_fast_pskip;4.58110121271222;4.58110121271222;4.58110121271222;4.58110121271222;0.12306;6;48.3767029605835 * ref_9 * no_fast_pskip;2;0.0478652519981821;
Elapsed=00:00:00.1237190
Learning progress:
1;544.251415929205 * no_asm + -260.489603063708 * ref_1;11.9142407250952;11.9142407250952;11.9142407250952;11.9142407250952;0.007884;2;-260.489603063708 * ref_1;1;19.2490369889813;
2;466.054270833334 * no_asm + -182.292457967836 * ref_1 + 180.3321917517 * ref_9;6.81366987336272;6.81366987336272;6.81366987336272;6.81366987336272;0.02849;3;180.3321917517 * ref_9;1;5.10057085173243;
3;466.054270833334 * no_asm + -182.292457967836 * ref_1 + 152.2090625 * ref_9 + 43.0635416666671 * ref_9 * no_mbtree;6.02255582595109;6.02255582595109;6.02255582595109;6.02255582595109;0.065157;5;43.0635416666671 * ref_9 * no_mbtree;2;0.395557023705817;
4;466.054270833334 * no_asm + -182.292457967836 * ref_1 + 171.78885228979 * ref_9 + 113.632367367367 * ref_9 * no_mbtree + -110.952142142142 * ref_9 * no_mixed_refs;5.63623409970869;5.63623409970869;5.63623409970869;5.63623409970869;0.121988;7;-110.952142142142 * ref_9 * no_mixed_refs;2;0.193160863121197;
Elapsed=00:00:00.1226759
Learning progress:
1;545.495615615616 * no_asm + -260.822395276632 * ref_1;15.5654986392619;15.5654986392619;15.5654986392619;15.5654986392619;0.009827;2;-260.822395276632 * ref_1;1;14.3234821886974;
2;470.554408602151 * no_asm + -185.881188263168 * ref_1 + 169.764775071319 * ref_9;7.90505506538216;7.90505506538216;7.90505506538216;7.90505506538216;0.030372;3;169.764775071319 * ref_9;1;7.66044357387977;
3;450.232904927533 * no_asm + -186.914485060182 * ref_1 + 173.21217301612 * ref_9 + 39.3729133695733 * no_fast_pskip;6.40743841329607;6.40743841329607;6.40743841329607;6.40743841329607;0.065227;4;39.3729133695733 * no_fast_pskip;1;1.49761665208609;
4;455.603780305189 * no_asm + -185.948327928839 * ref_1 + 173.500640364265 * ref_9 + 41.7451687679454 * no_fast_pskip + -20.4453223081293 * no_8x8dct;5.6087269770155;5.6087269770155;5.6087269770155;5.6087269770155;0.123185;5;-20.4453223081293 * no_8x8dct;1;0.798711436280574;
5;462.866471715946 * no_asm + -186.535774119725 * ref_1 + 173.287790276054 * ref_9 + 41.6750033217329 * no_fast_pskip + -21.1506387932518 * no_8x8dct + -14.4645081161909 * no_cabac;5.3659216661428;5.3659216661428;5.3659216661428;5.3659216661428;0.205254;6;-14.4645081161909 * no_cabac;1;0.2428053108727;
6;456.913453975058 * no_asm + -168.394261224118 * ref_1 + 174.329968253703 * ref_9 + 53.5491929291136 * no_fast_pskip + -21.7208762012931 * no_8x8dct + -14.447248760867 * no_cabac + -33.9687125570654 * ref_1 * no_fast_pskip;5.20189507902343;5.20189507902343;5.20189507902343;5.20189507902343;0.324826;8;-33.9687125570654 * ref_1 * no_fast_pskip;2;0.0820132935596862;
Elapsed=00:00:00.3257216
Learning progress:
1;553.103559322035 * no_asm + -270.779899191315 * ref_1;13.1663200408942;13.1663200408942;13.1663200408942;13.1663200408942;0.009793;2;-270.779899191315 * ref_1;1;21.6433807606272;
2;644.431111111112 * no_asm + -362.107450980392 * ref_1 + -176.666411657559 * ref_5;7.02483018113129;7.02483018113129;7.02483018113129;7.02483018113129;0.031732;3;-176.666411657559 * ref_5;1;6.14148985976288;
3;623.57217684745 * no_asm + -362.563192401278 * ref_1 + -179.19683974856 * ref_5 + 33.9702643722492 * no_mbtree;4.98253825883735;4.98253825883735;4.98253825883735;4.98253825883735;0.066605;4;33.9702643722492 * no_mbtree;1;2.04229192229394;
4;630.197189223161 * no_asm + -360.143918921774 * ref_1 + -177.881166408876 * ref_5 + 41.0272340120818 * no_mbtree + -31.230982140483 * no_8x8dct;4.333644361999;4.333644361999;4.333644361999;4.333644361999;0.129991;5;-31.230982140483 * no_8x8dct;1;0.648893896838348;
5;630.117489101377 * no_asm + -360.166597109125 * ref_1 + -175.195453699139 * ref_5 + 40.9927576843886 * no_mbtree + -30.9435032199361 * no_8x8dct + -7.16111891807436 * ref_5 * rc_lookahead_20;4.25328339869661;4.25328339869661;4.25328339869661;4.25328339869661;0.215102;7;-7.16111891807436 * ref_5 * rc_lookahead_20;2;0.0401804816511953;
Elapsed=00:00:00.2159068
Learning progress:
1;557.193045977012 * no_asm + -274.214178052484 * ref_1;14.9819942639837;14.9819942639837;14.9819942639837;14.9819942639837;0.010668;2;-274.214178052484 * ref_1;1;17.2646178292558;
2;466.793090909092 * no_asm + -183.814222984563 * ref_1 + 171.908111276701 * ref_9;7.434719392002;7.434719392002;7.434719392002;7.434719392002;0.032238;3;171.908111276701 * ref_9;1;7.54727487198173;
3;441.537777150209 * no_asm + -184.018443850537 * ref_1 + 171.789819408978 * ref_9 + 39.6869216211019 * no_mbtree;5.73066180807923;5.73066180807923;5.73066180807923;5.73066180807923;0.067249;4;39.6869216211019 * no_mbtree;1;1.70405758392277;
4;444.404061122899 * no_asm + -180.534296953939 * ref_1 + 173.745866213985 * ref_9 + 48.1690533476572 * no_mbtree + -28.4075143079629 * no_8x8dct;4.69525691749287;4.69525691749287;4.69525691749287;4.69525691749287;0.130916;5;-28.4075143079629 * no_8x8dct;1;1.03540489058636;
5;442.895103137019 * no_asm + -181.000652508457 * ref_1 + 174.057265812369 * ref_9 + 82.9039658360087 * no_mbtree + -19.0018741569567 * no_8x8dct + -51.3287796114002 * no_mbtree * no_mixed_refs;4.23035906617268;4.23035906617268;4.23035906617268;4.23035906617268;0.222692;7;-51.3287796114002 * no_mbtree * no_mixed_refs;2;0.232448925660094;
Elapsed=00:00:00.2236606
Learning progress:
1;547.398220338983 * no_asm + -260.874566492829 * ref_1;11.3989391836158;11.3989391836158;11.3989391836158;11.3989391836158;0.00798;2;-260.874566492829 * ref_1;1;26.0798188735025;
2;462.968279569893 * no_asm + -176.444625723739 * ref_1 + 177.905946620584 * ref_9;7.08449903216945;7.08449903216945;7.08449903216945;7.08449903216945;0.028705;3;177.905946620584 * ref_9;1;4.31444015144636;
3;436.944140277197 * no_asm + -176.398070912839 * ref_1 + 177.797872952424 * ref_9 + 37.5231775848176 * no_mbtree;4.67683171670858;4.67683171670858;4.67683171670858;4.67683171670858;0.06237;4;37.5231775848176 * no_mbtree;1;2.40766731546087;
4;441.492397611921 * no_asm + -176.406207330254 * ref_1 + 155.356148975437 * ref_9 + 30.9652251487038 * no_mbtree + 48.3767029605835 * ref_9 * no_fast_pskip;4.58110121271222;4.58110121271222;4.58110121271222;4.58110121271222;0.12379;6;48.3767029605835 * ref_9 * no_fast_pskip;2;0.0478652519981821;
Elapsed=00:00:00.1244414
Learning progress:
1;544.251415929205 * no_asm + -260.489603063708 * ref_1;11.9142407250952;11.9142407250952;11.9142407250952;11.9142407250952;0.009605;2;-260.489603063708 * ref_1;1;19.2490369889813;
2;466.054270833334 * no_asm + -182.292457967836 * ref_1 + 180.3321917517 * ref_9;6.81366987336272;6.81366987336272;6.81366987336272;6.81366987336272;0.027758;3;180.3321917517 * ref_9;1;5.10057085173243;
3;466.054270833334 * no_asm + -182.292457967836 * ref_1 + 152.2090625 * ref_9 + 43.0635416666671 * ref_9 * no_mbtree;6.02255582595109;6.02255582595109;6.02255582595109;6.02255582595109;0.063856;5;43.0635416666671 * ref_9 * no_mbtree;2;0.395557023705817;
Elapsed=00:00:00.0644579
Learning progress:
1;545.495615615616 * no_asm + -260.822395276632 * ref_1;15.5654986392619;15.5654986392619;15.5654986392619;15.5654986392619;0.009783;2;-260.822395276632 * ref_1;1;14.3234821886974;
2;470.554408602151 * no_asm + -185.881188263168 * ref_1 + 169.764775071319 * ref_9;7.90505506538216;7.90505506538216;7.90505506538216;7.90505506538216;0.03043;3;169.764775071319 * ref_9;1;7.66044357387977;
3;450.232904927533 * no_asm + -186.914485060182 * ref_1 + 173.21217301612 * ref_9 + 39.3729133695733 * no_fast_pskip;6.40743841329607;6.40743841329607;6.40743841329607;6.40743841329607;0.064833;4;39.3729133695733 * no_fast_pskip;1;1.49761665208609;
4;455.603780305189 * no_asm + -185.948327928839 * ref_1 + 173.500640364265 * ref_9 + 41.7451687679454 * no_fast_pskip + -20.4453223081293 * no_8x8dct;5.6087269770155;5.6087269770155;5.6087269770155;5.6087269770155;0.123308;5;-20.4453223081293 * no_8x8dct;1;0.798711436280574;
5;462.866471715946 * no_asm + -186.535774119725 * ref_1 + 173.287790276054 * ref_9 + 41.6750033217329 * no_fast_pskip + -21.1506387932518 * no_8x8dct + -14.4645081161909 * no_cabac;5.3659216661428;5.3659216661428;5.3659216661428;5.3659216661428;0.208392;6;-14.4645081161909 * no_cabac;1;0.2428053108727;
Elapsed=00:00:00.2092213
Learning progress:
1;553.103559322035 * no_asm + -270.779899191315 * ref_1;13.1663200408942;13.1663200408942;13.1663200408942;13.1663200408942;0.009702;2;-270.779899191315 * ref_1;1;21.6433807606272;
2;644.431111111112 * no_asm + -362.107450980392 * ref_1 + -176.666411657559 * ref_5;7.02483018113129;7.02483018113129;7.02483018113129;7.02483018113129;0.029809;3;-176.666411657559 * ref_5;1;6.14148985976288;
3;623.57217684745 * no_asm + -362.563192401278 * ref_1 + -179.19683974856 * ref_5 + 33.9702643722492 * no_mbtree;4.98253825883735;4.98253825883735;4.98253825883735;4.98253825883735;0.067722;4;33.9702643722492 * no_mbtree;1;2.04229192229394;
4;630.197189223161 * no_asm + -360.143918921774 * ref_1 + -177.881166408876 * ref_5 + 41.0272340120818 * no_mbtree + -31.230982140483 * no_8x8dct;4.333644361999;4.333644361999;4.333644361999;4.333644361999;0.129669;5;-31.230982140483 * no_8x8dct;1;0.648893896838348;
5;630.117489101377 * no_asm + -360.166597109125 * ref_1 + -175.195453699139 * ref_5 + 40.9927576843886 * no_mbtree + -30.9435032199361 * no_8x8dct + -7.16111891807436 * ref_5 * rc_lookahead_20;4.25328339869661;4.25328339869661;4.25328339869661;4.25328339869661;0.215925;7;-7.16111891807436 * ref_5 * rc_lookahead_20;2;0.0401804816511953;
Elapsed=00:00:00.2168870
Learning progress:
1;557.193045977012 * no_asm + -274.214178052484 * ref_1;14.9819942639837;14.9819942639837;14.9819942639837;14.9819942639837;0.009929;2;-274.214178052484 * ref_1;1;17.2646178292558;
2;466.793090909092 * no_asm + -183.814222984563 * ref_1 + 171.908111276701 * ref_9;7.434719392002;7.434719392002;7.434719392002;7.434719392002;0.030284;3;171.908111276701 * ref_9;1;7.54727487198173;
3;441.537777150209 * no_asm + -184.018443850537 * ref_1 + 171.789819408978 * ref_9 + 39.6869216211019 * no_mbtree;5.73066180807923;5.73066180807923;5.73066180807923;5.73066180807923;0.064625;4;39.6869216211019 * no_mbtree;1;1.70405758392277;
4;444.404061122899 * no_asm + -180.534296953939 * ref_1 + 173.745866213985 * ref_9 + 48.1690533476572 * no_mbtree + -28.4075143079629 * no_8x8dct;4.69525691749287;4.69525691749287;4.69525691749287;4.69525691749287;0.125939;5;-28.4075143079629 * no_8x8dct;1;1.03540489058636;
5;442.895103137019 * no_asm + -181.000652508457 * ref_1 + 174.057265812369 * ref_9 + 82.9039658360087 * no_mbtree + -19.0018741569567 * no_8x8dct + -51.3287796114002 * no_mbtree * no_mixed_refs;4.23035906617268;4.23035906617268;4.23035906617268;4.23035906617268;0.211489;7;-51.3287796114002 * no_mbtree * no_mixed_refs;2;0.232448925660094;
6;442.34038384101 * no_asm + -181.207632098977 * ref_1 + 176.016234256941 * ref_9 + 69.8473962279836 * no_mbtree + -19.534555807375 * no_8x8dct + -66.5153773634544 * no_mbtree * no_mixed_refs + 38.0729281638872 * no_mbtree * no_fast_pskip;3.40391794832594;3.40391794832594;3.40391794832594;3.40391794832594;0.35121;9;38.0729281638872 * no_mbtree * no_fast_pskip;2;0.413220558923373;
7;445.001433037198 * no_asm + -181.020835847317 * ref_1 + 175.98693773143 * ref_9 + 69.7830901868168 * no_mbtree + -19.3115105253599 * no_8x8dct + -65.844930516407 * no_mbtree * no_mixed_refs + 37.4242380305577 * no_mbtree * no_fast_pskip + -5.98068067885147 * no_cabac;3.19491181975358;3.19491181975358;3.19491181975358;3.19491181975358;0.527227;10;-5.98068067885147 * no_cabac;1;0.209006128572359;
8;451.27298100522 * no_asm + -180.987662903948 * ref_1 + 159.122503014364 * ref_9 + 60.0398663937938 * no_mbtree + -19.0498338149535 * no_8x8dct + -66.4493937820156 * no_mbtree * no_mixed_refs + 38.3029902799694 * no_mbtree * no_fast_pskip + -6.50903479677834 * no_cabac + 26.4745379553529 * ref_9 * no_mbtree;3.05314833881488;3.05314833881488;3.05314833881488;3.05314833881488;0.757255;12;26.4745379553529 * ref_9 * no_mbtree;2;0.0708817404693494;
Elapsed=00:00:00.7585386
Learning progress:
1;547.398220338983 * no_asm + -260.874566492829 * ref_1;11.3989391836158;11.3989391836158;11.3989391836158;11.3989391836158;0.009409;2;-260.874566492829 * ref_1;1;26.0798188735025;
2;462.968279569893 * no_asm + -176.444625723739 * ref_1 + 177.905946620584 * ref_9;7.08449903216945;7.08449903216945;7.08449903216945;7.08449903216945;0.030806;3;177.905946620584 * ref_9;1;4.31444015144636;
3;436.944140277197 * no_asm + -176.398070912839 * ref_1 + 177.797872952424 * ref_9 + 37.5231775848176 * no_mbtree;4.67683171670858;4.67683171670858;4.67683171670858;4.67683171670858;0.06589;4;37.5231775848176 * no_mbtree;1;2.40766731546087;
4;441.492397611921 * no_asm + -176.406207330254 * ref_1 + 155.356148975437 * ref_9 + 30.9652251487038 * no_mbtree + 48.3767029605835 * ref_9 * no_fast_pskip;4.58110121271222;4.58110121271222;4.58110121271222;4.58110121271222;0.125214;6;48.3767029605835 * ref_9 * no_fast_pskip;2;0.0478652519981821;
Elapsed=00:00:00.1258509
Learning progress:
1;544.251415929205 * no_asm + -260.489603063708 * ref_1;11.9142407250952;11.9142407250952;11.9142407250952;11.9142407250952;0.009016;2;-260.489603063708 * ref_1;1;19.2490369889813;
2;466.054270833334 * no_asm + -182.292457967836 * ref_1 + 180.3321917517 * ref_9;6.81366987336272;6.81366987336272;6.81366987336272;6.81366987336272;0.028791;3;180.3321917517 * ref_9;1;5.10057085173243;
3;466.054270833334 * no_asm + -182.292457967836 * ref_1 + 152.2090625 * ref_9 + 43.0635416666671 * ref_9 * no_mbtree;6.02255582595109;6.02255582595109;6.02255582595109;6.02255582595109;0.064942;5;43.0635416666671 * ref_9 * no_mbtree;2;0.395557023705817;
4;466.054270833334 * no_asm + -182.292457967836 * ref_1 + 171.78885228979 * ref_9 + 113.632367367367 * ref_9 * no_mbtree + -110.952142142142 * ref_9 * no_mixed_refs;5.63623409970869;5.63623409970869;5.63623409970869;5.63623409970869;0.123268;7;-110.952142142142 * ref_9 * no_mixed_refs;2;0.193160863121197;
5;466.054270833334 * no_asm + -182.292457967837 * ref_1 + 152.171801400403 * ref_9 + 79.2900492709354 * ref_9 * no_mbtree + -132.76550407258 * ref_9 * no_mixed_refs + 99.7324877277191 * ref_9 * no_fast_pskip;3.93391177244995;3.93391177244995;3.93391177244995;3.93391177244995;0.20818;9;99.7324877277191 * ref_9 * no_fast_pskip;2;0.851161163629369;
6;466.054270833333 * no_asm + -182.292457967836 * ref_1 + 157.447630054011 * ref_9 + 87.0859576310694 * ref_9 * no_mbtree + -131.88682674437 * ref_9 * no_mixed_refs + 97.3577248372555 * ref_9 * no_fast_pskip + -27.6086891780362 * ref_9 * no_8x8dct;3.60656836558722;3.60656836558722;3.60656836558722;3.60656836558722;0.329239;11;-27.6086891780362 * ref_9 * no_8x8dct;2;0.163671703431367;
7;466.054270833334 * no_asm + -182.292457967836 * ref_1 + 150.856331830669 * ref_9 + 96.8493936035616 * ref_9 * no_mbtree + -125.978409120925 * ref_9 * no_mixed_refs + 119.881897335998 * ref_9 * no_fast_pskip + -26.198646867529 * ref_9 * no_8x8dct + -34.4749489565449 * ref_9 * no_mbtree * no_fast_pskip;3.40348709055927;3.40348709055927;3.40348709055927;3.40348709055927;0.479772;14;-34.4749489565449 * ref_9 * no_mbtree * no_fast_pskip;3;0.0676937583426513;
Elapsed=00:00:00.4806645
Learning progress:
1;545.495615615616 * no_asm + -260.822395276632 * ref_1;15.5654986392619;15.5654986392619;15.5654986392619;15.5654986392619;0.008242;2;-260.822395276632 * ref_1;1;14.3234821886974;
2;470.554408602151 * no_asm + -185.881188263168 * ref_1 + 169.764775071319 * ref_9;7.90505506538216;7.90505506538216;7.90505506538216;7.90505506538216;0.027706;3;169.764775071319 * ref_9;1;7.66044357387977;
3;450.232904927533 * no_asm + -186.914485060182 * ref_1 + 173.21217301612 * ref_9 + 39.3729133695733 * no_fast_pskip;6.40743841329607;6.40743841329607;6.40743841329607;6.40743841329607;0.069216;4;39.3729133695733 * no_fast_pskip;1;1.49761665208609;
4;455.603780305189 * no_asm + -185.948327928839 * ref_1 + 173.500640364265 * ref_9 + 41.7451687679454 * no_fast_pskip + -20.4453223081293 * no_8x8dct;5.6087269770155;5.6087269770155;5.6087269770155;5.6087269770155;0.12821;5;-20.4453223081293 * no_8x8dct;1;0.798711436280574;
5;462.866471715946 * no_asm + -186.535774119725 * ref_1 + 173.287790276054 * ref_9 + 41.6750033217329 * no_fast_pskip + -21.1506387932518 * no_8x8dct + -14.4645081161909 * no_cabac;5.3659216661428;5.3659216661428;5.3659216661428;5.3659216661428;0.211342;6;-14.4645081161909 * no_cabac;1;0.2428053108727;
6;456.913453975058 * no_asm + -168.394261224118 * ref_1 + 174.329968253703 * ref_9 + 53.5491929291136 * no_fast_pskip + -21.7208762012931 * no_8x8dct + -14.447248760867 * no_cabac + -33.9687125570654 * ref_1 * no_fast_pskip;5.20189507902343;5.20189507902343;5.20189507902343;5.20189507902343;0.330177;8;-33.9687125570654 * ref_1 * no_fast_pskip;2;0.0820132935596862;
Elapsed=00:00:00.3311223
Learning progress:
1;553.103559322035 * no_asm + -270.779899191315 * ref_1;13.1663200408942;13.1663200408942;13.1663200408942;13.1663200408942;0.008354;2;-270.779899191315 * ref_1;1;21.6433807606272;
2;644.431111111112 * no_asm + -362.107450980392 * ref_1 + -176.666411657559 * ref_5;7.02483018113129;7.02483018113129;7.02483018113129;7.02483018113129;0.029826;3;-176.666411657559 * ref_5;1;6.14148985976288;
3;623.57217684745 * no_asm + -362.563192401278 * ref_1 + -179.19683974856 * ref_5 + 33.9702643722492 * no_mbtree;4.98253825883735;4.98253825883735;4.98253825883735;4.98253825883735;0.066395;4;33.9702643722492 * no_mbtree;1;2.04229192229394;
4;630.197189223161 * no_asm + -360.143918921774 * ref_1 + -177.881166408876 * ref_5 + 41.0272340120818 * no_mbtree + -31.230982140483 * no_8x8dct;4.333644361999;4.333644361999;4.333644361999;4.333644361999;0.128103;5;-31.230982140483 * no_8x8dct;1;0.648893896838348;
5;630.117489101377 * no_asm + -360.166597109125 * ref_1 + -175.195453699139 * ref_5 + 40.9927576843886 * no_mbtree + -30.9435032199361 * no_8x8dct + -7.16111891807436 * ref_5 * rc_lookahead_20;4.25328339869661;4.25328339869661;4.25328339869661;4.25328339869661;0.224447;7;-7.16111891807436 * ref_5 * rc_lookahead_20;2;0.0401804816511953;
Elapsed=00:00:00.2252358
Learning progress:
1;557.193045977012 * no_asm + -274.214178052484 * ref_1;14.9819942639837;14.9819942639837;14.9819942639837;14.9819942639837;0.007985;2;-274.214178052484 * ref_1;1;17.2646178292558;
2;466.793090909092 * no_asm + -183.814222984563 * ref_1 + 171.908111276701 * ref_9;7.434719392002;7.434719392002;7.434719392002;7.434719392002;0.02955;3;171.908111276701 * ref_9;1;7.54727487198173;
3;441.537777150209 * no_asm + -184.018443850537 * ref_1 + 171.789819408978 * ref_9 + 39.6869216211019 * no_mbtree;5.73066180807923;5.73066180807923;5.73066180807923;5.73066180807923;0.063536;4;39.6869216211019 * no_mbtree;1;1.70405758392277;
4;444.404061122899 * no_asm + -180.534296953939 * ref_1 + 173.745866213985 * ref_9 + 48.1690533476572 * no_mbtree + -28.4075143079629 * no_8x8dct;4.69525691749287;4.69525691749287;4.69525691749287;4.69525691749287;0.123343;5;-28.4075143079629 * no_8x8dct;1;1.03540489058636;
5;442.895103137019 * no_asm + -181.000652508457 * ref_1 + 174.057265812369 * ref_9 + 82.9039658360087 * no_mbtree + -19.0018741569567 * no_8x8dct + -51.3287796114002 * no_mbtree * no_mixed_refs;4.23035906617268;4.23035906617268;4.23035906617268;4.23035906617268;0.20561;7;-51.3287796114002 * no_mbtree * no_mixed_refs;2;0.232448925660094;
6;442.34038384101 * no_asm + -181.207632098977 * ref_1 + 176.016234256941 * ref_9 + 69.8473962279836 * no_mbtree + -19.534555807375 * no_8x8dct + -66.5153773634544 * no_mbtree * no_mixed_refs + 38.0729281638872 * no_mbtree * no_fast_pskip;3.40391794832594;3.40391794832594;3.40391794832594;3.40391794832594;0.337622;9;38.0729281638872 * no_mbtree * no_fast_pskip;2;0.413220558923373;
7;445.001433037198 * no_asm + -181.020835847317 * ref_1 + 175.98693773143 * ref_9 + 69.7830901868168 * no_mbtree + -19.3115105253599 * no_8x8dct + -65.844930516407 * no_mbtree * no_mixed_refs + 37.4242380305577 * no_mbtree * no_fast_pskip + -5.98068067885147 * no_cabac;3.19491181975358;3.19491181975358;3.19491181975358;3.19491181975358;0.519693;10;-5.98068067885147 * no_cabac;1;0.209006128572359;
8;451.27298100522 * no_asm + -180.987662903948 * ref_1 + 159.122503014364 * ref_9 + 60.0398663937938 * no_mbtree + -19.0498338149535 * no_8x8dct + -66.4493937820156 * no_mbtree * no_mixed_refs + 38.3029902799694 * no_mbtree * no_fast_pskip + -6.50903479677834 * no_cabac + 26.4745379553529 * ref_9 * no_mbtree;3.05314833881488;3.05314833881488;3.05314833881488;3.05314833881488;0.752837;12;26.4745379553529 * ref_9 * no_mbtree;2;0.0708817404693494;
Elapsed=00:00:00.7541193
Learning progress:
1;547.398220338983 * no_asm + -260.874566492829 * ref_1;11.3989391836158;11.3989391836158;11.3989391836158;11.3989391836158;0.008018;2;-260.874566492829 * ref_1;1;26.0798188735025;
2;462.968279569893 * no_asm + -176.444625723739 * ref_1 + 177.905946620584 * ref_9;7.08449903216945;7.08449903216945;7.08449903216945;7.08449903216945;0.028933;3;177.905946620584 * ref_9;1;4.31444015144636;
3;436.944140277197 * no_asm + -176.398070912839 * ref_1 + 177.797872952424 * ref_9 + 37.5231775848176 * no_mbtree;4.67683171670858;4.67683171670858;4.67683171670858;4.67683171670858;0.063806;4;37.5231775848176 * no_mbtree;1;2.40766731546087;
4;441.492397611921 * no_asm + -176.406207330254 * ref_1 + 155.356148975437 * ref_9 + 30.9652251487038 * no_mbtree + 48.3767029605835 * ref_9 * no_fast_pskip;4.58110121271222;4.58110121271222;4.58110121271222;4.58110121271222;0.123487;6;48.3767029605835 * ref_9 * no_fast_pskip;2;0.0478652519981821;
Elapsed=00:00:00.1241843
Learning progress:
1;544.251415929205 * no_asm + -260.489603063708 * ref_1;11.9142407250952;11.9142407250952;11.9142407250952;11.9142407250952;0.00969;2;-260.489603063708 * ref_1;1;19.2490369889813;
2;466.054270833334 * no_asm + -182.292457967836 * ref_1 + 180.3321917517 * ref_9;6.81366987336272;6.81366987336272;6.81366987336272;6.81366987336272;0.027407;3;180.3321917517 * ref_9;1;5.10057085173243;
3;466.054270833334 * no_asm + -182.292457967836 * ref_1 + 152.2090625 * ref_9 + 43.0635416666671 * ref_9 * no_mbtree;6.02255582595109;6.02255582595109;6.02255582595109;6.02255582595109;0.062193;5;43.0635416666671 * ref_9 * no_mbtree;2;0.395557023705817;
4;466.054270833334 * no_asm + -182.292457967836 * ref_1 + 171.78885228979 * ref_9 + 113.632367367367 * ref_9 * no_mbtree + -110.952142142142 * ref_9 * no_mixed_refs;5.63623409970869;5.63623409970869;5.63623409970869;5.63623409970869;0.1205;7;-110.952142142142 * ref_9 * no_mixed_refs;2;0.193160863121197;
Elapsed=00:00:00.1212120
Learning progress:
1;545.495615615616 * no_asm + -260.822395276632 * ref_1;15.5654986392619;15.5654986392619;15.5654986392619;15.5654986392619;0.006909;2;-260.822395276632 * ref_1;1;14.3234821886974;
2;470.554408602151 * no_asm + -185.881188263168 * ref_1 + 169.764775071319 * ref_9;7.90505506538216;7.90505506538216;7.90505506538216;7.90505506538216;0.027295;3;169.764775071319 * ref_9;1;7.66044357387977;
3;450.232904927533 * no_asm + -186.914485060182 * ref_1 + 173.21217301612 * ref_9 + 39.3729133695733 * no_fast_pskip;6.40743841329607;6.40743841329607;6.40743841329607;6.40743841329607;0.061594;4;39.3729133695733 * no_fast_pskip;1;1.49761665208609;
4;455.603780305189 * no_asm + -185.948327928839 * ref_1 + 173.500640364265 * ref_9 + 41.7451687679454 * no_fast_pskip + -20.4453223081293 * no_8x8dct;5.6087269770155;5.6087269770155;5.6087269770155;5.6087269770155;0.120881;5;-20.4453223081293 * no_8x8dct;1;0.798711436280574;
5;462.866471715946 * no_asm + -186.535774119725 * ref_1 + 173.287790276054 * ref_9 + 41.6750033217329 * no_fast_pskip + -21.1506387932518 * no_8x8dct + -14.4645081161909 * no_cabac;5.3659216661428;5.3659216661428;5.3659216661428;5.3659216661428;0.202943;6;-14.4645081161909 * no_cabac;1;0.2428053108727;
6;456.913453975058 * no_asm + -168.394261224118 * ref_1 + 174.329968253703 * ref_9 + 53.5491929291136 * no_fast_pskip + -21.7208762012931 * no_8x8dct + -14.447248760867 * no_cabac + -33.9687125570654 * ref_1 * no_fast_pskip;5.20189507902343;5.20189507902343;5.20189507902343;5.20189507902343;0.319683;8;-33.9687125570654 * ref_1 * no_fast_pskip;2;0.0820132935596862;
Elapsed=00:00:00.3205858
Learning progress:
1;553.103559322035 * no_asm + -270.779899191315 * ref_1;13.1663200408942;13.1663200408942;13.1663200408942;13.1663200408942;0.007725;2;-270.779899191315 * ref_1;1;21.6433807606272;
2;644.431111111112 * no_asm + -362.107450980392 * ref_1 + -176.666411657559 * ref_5;7.02483018113129;7.02483018113129;7.02483018113129;7.02483018113129;0.028476;3;-176.666411657559 * ref_5;1;6.14148985976288;
3;623.57217684745 * no_asm + -362.563192401278 * ref_1 + -179.19683974856 * ref_5 + 33.9702643722492 * no_mbtree;4.98253825883735;4.98253825883735;4.98253825883735;4.98253825883735;0.064352;4;33.9702643722492 * no_mbtree;1;2.04229192229394;
4;630.197189223161 * no_asm + -360.143918921774 * ref_1 + -177.881166408876 * ref_5 + 41.0272340120818 * no_mbtree + -31.230982140483 * no_8x8dct;4.333644361999;4.333644361999;4.333644361999;4.333644361999;0.128116;5;-31.230982140483 * no_8x8dct;1;0.648893896838348;
5;630.117489101377 * no_asm + -360.166597109125 * ref_1 + -175.195453699139 * ref_5 + 40.9927576843886 * no_mbtree + -30.9435032199361 * no_8x8dct + -7.16111891807436 * ref_5 * rc_lookahead_20;4.25328339869661;4.25328339869661;4.25328339869661;4.25328339869661;0.21909;7;-7.16111891807436 * ref_5 * rc_lookahead_20;2;0.0401804816511953;
Elapsed=00:00:00.2198941
Learning progress:
1;557.193045977012 * no_asm + -274.214178052484 * ref_1;14.9819942639837;14.9819942639837;14.9819942639837;14.9819942639837;0.008335;2;-274.214178052484 * ref_1;1;17.2646178292558;
2;466.793090909092 * no_asm + -183.814222984563 * ref_1 + 171.908111276701 * ref_9;7.434719392002;7.434719392002;7.434719392002;7.434719392002;0.028022;3;171.908111276701 * ref_9;1;7.54727487198173;
3;441.537777150209 * no_asm + -184.018443850537 * ref_1 + 171.789819408978 * ref_9 + 39.6869216211019 * no_mbtree;5.73066180807923;5.73066180807923;5.73066180807923;5.73066180807923;0.062098;4;39.6869216211019 * no_mbtree;1;1.70405758392277;
4;444.404061122899 * no_asm + -180.534296953939 * ref_1 + 173.745866213985 * ref_9 + 48.1690533476572 * no_mbtree + -28.4075143079629 * no_8x8dct;4.69525691749287;4.69525691749287;4.69525691749287;4.69525691749287;0.123228;5;-28.4075143079629 * no_8x8dct;1;1.03540489058636;
5;442.895103137019 * no_asm + -181.000652508457 * ref_1 + 174.057265812369 * ref_9 + 82.9039658360087 * no_mbtree + -19.0018741569567 * no_8x8dct + -51.3287796114002 * no_mbtree * no_mixed_refs;4.23035906617268;4.23035906617268;4.23035906617268;4.23035906617268;0.204698;7;-51.3287796114002 * no_mbtree * no_mixed_refs;2;0.232448925660094;
Elapsed=00:00:00.2056716
Learning progress:
1;547.398220338983 * no_asm + -260.874566492829 * ref_1;11.3989391836158;11.3989391836158;11.3989391836158;11.3989391836158;0.007787;2;-260.874566492829 * ref_1;1;26.0798188735025;
2;462.968279569893 * no_asm + -176.444625723739 * ref_1 + 177.905946620584 * ref_9;7.08449903216945;7.08449903216945;7.08449903216945;7.08449903216945;0.027371;3;177.905946620584 * ref_9;1;4.31444015144636;
3;436.944140277197 * no_asm + -176.398070912839 * ref_1 + 177.797872952424 * ref_9 + 37.5231775848176 * no_mbtree;4.67683171670858;4.67683171670858;4.67683171670858;4.67683171670858;0.061114;4;37.5231775848176 * no_mbtree;1;2.40766731546087;
4;441.492397611921 * no_asm + -176.406207330254 * ref_1 + 155.356148975437 * ref_9 + 30.9652251487038 * no_mbtree + 48.3767029605835 * ref_9 * no_fast_pskip;4.58110121271222;4.58110121271222;4.58110121271222;4.58110121271222;0.122661;6;48.3767029605835 * ref_9 * no_fast_pskip;2;0.0478652519981821;
Elapsed=00:00:00.1233603
Learning progress:
1;544.251415929205 * no_asm + -260.489603063708 * ref_1;11.9142407250952;11.9142407250952;11.9142407250952;11.9142407250952;0.009744;2;-260.489603063708 * ref_1;1;19.2490369889813;
2;466.054270833334 * no_asm + -182.292457967836 * ref_1 + 180.3321917517 * ref_9;6.81366987336272;6.81366987336272;6.81366987336272;6.81366987336272;0.030685;3;180.3321917517 * ref_9;1;5.10057085173243;
3;466.054270833334 * no_asm + -182.292457967836 * ref_1 + 152.2090625 * ref_9 + 43.0635416666671 * ref_9 * no_mbtree;6.02255582595109;6.02255582595109;6.02255582595109;6.02255582595109;0.065103;5;43.0635416666671 * ref_9 * no_mbtree;2;0.395557023705817;
Elapsed=00:00:00.0657019
Learning progress:
1;545.495615615616 * no_asm + -260.822395276632 * ref_1;15.5654986392619;15.5654986392619;15.5654986392619;15.5654986392619;0.009988;2;-260.822395276632 * ref_1;1;14.3234821886974;
2;470.554408602151 * no_asm + -185.881188263168 * ref_1 + 169.764775071319 * ref_9;7.90505506538216;7.90505506538216;7.90505506538216;7.90505506538216;0.03108;3;169.764775071319 * ref_9;1;7.66044357387977;
3;450.232904927533 * no_asm + -186.914485060182 * ref_1 + 173.21217301612 * ref_9 + 39.3729133695733 * no_fast_pskip;6.40743841329607;6.40743841329607;6.40743841329607;6.40743841329607;0.064679;4;39.3729133695733 * no_fast_pskip;1;1.49761665208609;
4;455.603780305189 * no_asm + -185.948327928839 * ref_1 + 173.500640364265 * ref_9 + 41.7451687679454 * no_fast_pskip + -20.4453223081293 * no_8x8dct;5.6087269770155;5.6087269770155;5.6087269770155;5.6087269770155;0.124479;5;-20.4453223081293 * no_8x8dct;1;0.798711436280574;
5;462.866471715946 * no_asm + -186.535774119725 * ref_1 + 173.287790276054 * ref_9 + 41.6750033217329 * no_fast_pskip + -21.1506387932518 * no_8x8dct + -14.4645081161909 * no_cabac;5.3659216661428;5.3659216661428;5.3659216661428;5.3659216661428;0.209266;6;-14.4645081161909 * no_cabac;1;0.2428053108727;
Elapsed=00:00:00.2100922
Learning progress:
1;553.103559322035 * no_asm + -270.779899191315 * ref_1;13.1663200408942;13.1663200408942;13.1663200408942;13.1663200408942;0.010179;2;-270.779899191315 * ref_1;1;21.6433807606272;
2;644.431111111112 * no_asm + -362.107450980392 * ref_1 + -176.666411657559 * ref_5;7.02483018113129;7.02483018113129;7.02483018113129;7.02483018113129;0.031132;3;-176.666411657559 * ref_5;1;6.14148985976288;
3;623.57217684745 * no_asm + -362.563192401278 * ref_1 + -179.19683974856 * ref_5 + 33.9702643722492 * no_mbtree;4.98253825883735;4.98253825883735;4.98253825883735;4.98253825883735;0.06643;4;33.9702643722492 * no_mbtree;1;2.04229192229394;
4;630.197189223161 * no_asm + -360.143918921774 * ref_1 + -177.881166408876 * ref_5 + 41.0272340120818 * no_mbtree + -31.230982140483 * no_8x8dct;4.333644361999;4.333644361999;4.333644361999;4.333644361999;0.130919;5;-31.230982140483 * no_8x8dct;1;0.648893896838348;
5;630.117489101377 * no_asm + -360.166597109125 * ref_1 + -175.195453699139 * ref_5 + 40.9927576843886 * no_mbtree + -30.9435032199361 * no_8x8dct + -7.16111891807436 * ref_5 * rc_lookahead_20;4.25328339869661;4.25328339869661;4.25328339869661;4.25328339869661;0.215467;7;-7.16111891807436 * ref_5 * rc_lookahead_20;2;0.0401804816511953;
Elapsed=00:00:00.2162691
Learning progress:
1;557.193045977012 * no_asm + -274.214178052484 * ref_1;14.9819942639837;14.9819942639837;14.9819942639837;14.9819942639837;0.006813;2;-274.214178052484 * ref_1;1;17.2646178292558;
2;466.793090909092 * no_asm + -183.814222984563 * ref_1 + 171.908111276701 * ref_9;7.434719392002;7.434719392002;7.434719392002;7.434719392002;0.027531;3;171.908111276701 * ref_9;1;7.54727487198173;
3;441.537777150209 * no_asm + -184.018443850537 * ref_1 + 171.789819408978 * ref_9 + 39.6869216211019 * no_mbtree;5.73066180807923;5.73066180807923;5.73066180807923;5.73066180807923;0.062202;4;39.6869216211019 * no_mbtree;1;1.70405758392277;
4;444.404061122899 * no_asm + -180.534296953939 * ref_1 + 173.745866213985 * ref_9 + 48.1690533476572 * no_mbtree + -28.4075143079629 * no_8x8dct;4.69525691749287;4.69525691749287;4.69525691749287;4.69525691749287;0.124299;5;-28.4075143079629 * no_8x8dct;1;1.03540489058636;
5;442.895103137019 * no_asm + -181.000652508457 * ref_1 + 174.057265812369 * ref_9 + 82.9039658360087 * no_mbtree + -19.0018741569567 * no_8x8dct + -51.3287796114002 * no_mbtree * no_mixed_refs;4.23035906617268;4.23035906617268;4.23035906617268;4.23035906617268;0.207758;7;-51.3287796114002 * no_mbtree * no_mixed_refs;2;0.232448925660094;
6;442.34038384101 * no_asm + -181.207632098977 * ref_1 + 176.016234256941 * ref_9 + 69.8473962279836 * no_mbtree + -19.534555807375 * no_8x8dct + -66.5153773634544 * no_mbtree * no_mixed_refs + 38.0729281638872 * no_mbtree * no_fast_pskip;3.40391794832594;3.40391794832594;3.40391794832594;3.40391794832594;0.346183;9;38.0729281638872 * no_mbtree * no_fast_pskip;2;0.413220558923373;
7;445.001433037198 * no_asm + -181.020835847317 * ref_1 + 175.98693773143 * ref_9 + 69.7830901868168 * no_mbtree + -19.3115105253599 * no_8x8dct + -65.844930516407 * no_mbtree * no_mixed_refs + 37.4242380305577 * no_mbtree * no_fast_pskip + -5.98068067885147 * no_cabac;3.19491181975358;3.19491181975358;3.19491181975358;3.19491181975358;0.526371;10;-5.98068067885147 * no_cabac;1;0.209006128572359;
8;451.27298100522 * no_asm + -180.987662903948 * ref_1 + 159.122503014364 * ref_9 + 60.0398663937938 * no_mbtree + -19.0498338149535 * no_8x8dct + -66.4493937820156 * no_mbtree * no_mixed_refs + 38.3029902799694 * no_mbtree * no_fast_pskip + -6.50903479677834 * no_cabac + 26.4745379553529 * ref_9 * no_mbtree;3.05314833881488;3.05314833881488;3.05314833881488;3.05314833881488;0.756561;12;26.4745379553529 * ref_9 * no_mbtree;2;0.0708817404693494;
Elapsed=00:00:00.7578727
Learning progress:
1;547.398220338983 * no_asm + -260.874566492829 * ref_1;11.3989391836158;11.3989391836158;11.3989391836158;11.3989391836158;0.010089;2;-260.874566492829 * ref_1;1;26.0798188735025;
2;462.968279569893 * no_asm + -176.444625723739 * ref_1 + 177.905946620584 * ref_9;7.08449903216945;7.08449903216945;7.08449903216945;7.08449903216945;0.030431;3;177.905946620584 * ref_9;1;4.31444015144636;
3;436.944140277197 * no_asm + -176.398070912839 * ref_1 + 177.797872952424 * ref_9 + 37.5231775848176 * no_mbtree;4.67683171670858;4.67683171670858;4.67683171670858;4.67683171670858;0.064634;4;37.5231775848176 * no_mbtree;1;2.40766731546087;
4;441.492397611921 * no_asm + -176.406207330254 * ref_1 + 155.356148975437 * ref_9 + 30.9652251487038 * no_mbtree + 48.3767029605835 * ref_9 * no_fast_pskip;4.58110121271222;4.58110121271222;4.58110121271222;4.58110121271222;0.126107;6;48.3767029605835 * ref_9 * no_fast_pskip;2;0.0478652519981821;
Elapsed=00:00:00.1267550
Learning progress:
1;544.251415929205 * no_asm + -260.489603063708 * ref_1;11.9142407250952;11.9142407250952;11.9142407250952;11.9142407250952;0.010152;2;-260.489603063708 * ref_1;1;19.2490369889813;
2;466.054270833334 * no_asm + -182.292457967836 * ref_1 + 180.3321917517 * ref_9;6.81366987336272;6.81366987336272;6.81366987336272;6.81366987336272;0.028458;3;180.3321917517 * ref_9;1;5.10057085173243;
3;466.054270833334 * no_asm + -182.292457967836 * ref_1 + 152.2090625 * ref_9 + 43.0635416666671 * ref_9 * no_mbtree;6.02255582595109;6.02255582595109;6.02255582595109;6.02255582595109;0.065364;5;43.0635416666671 * ref_9 * no_mbtree;2;0.395557023705817;
4;466.054270833334 * no_asm + -182.292457967836 * ref_1 + 171.78885228979 * ref_9 + 113.632367367367 * ref_9 * no_mbtree + -110.952142142142 * ref_9 * no_mixed_refs;5.63623409970869;5.63623409970869;5.63623409970869;5.63623409970869;0.126765;7;-110.952142142142 * ref_9 * no_mixed_refs;2;0.193160863121197;
5;466.054270833334 * no_asm + -182.292457967837 * ref_1 + 152.171801400403 * ref_9 + 79.2900492709354 * ref_9 * no_mbtree + -132.76550407258 * ref_9 * no_mixed_refs + 99.7324877277191 * ref_9 * no_fast_pskip;3.93391177244995;3.93391177244995;3.93391177244995;3.93391177244995;0.22007;9;99.7324877277191 * ref_9 * no_fast_pskip;2;0.851161163629369;
6;466.054270833333 * no_asm + -182.292457967836 * ref_1 + 157.447630054011 * ref_9 + 87.0859576310694 * ref_9 * no_mbtree + -131.88682674437 * ref_9 * no_mixed_refs + 97.3577248372555 * ref_9 * no_fast_pskip + -27.6086891780362 * ref_9 * no_8x8dct;3.60656836558722;3.60656836558722;3.60656836558722;3.60656836558722;0.333578;11;-27.6086891780362 * ref_9 * no_8x8dct;2;0.163671703431367;
7;466.054270833334 * no_asm + -182.292457967836 * ref_1 + 150.856331830669 * ref_9 + 96.8493936035616 * ref_9 * no_mbtree + -125.978409120925 * ref_9 * no_mixed_refs + 119.881897335998 * ref_9 * no_fast_pskip + -26.198646867529 * ref_9 * no_8x8dct + -34.4749489565449 * ref_9 * no_mbtree * no_fast_pskip;3.40348709055927;3.40348709055927;3.40348709055927;3.40348709055927;0.484907;14;-34.4749489565449 * ref_9 * no_mbtree * no_fast_pskip;3;0.0676937583426513;
Elapsed=00:00:00.4857792
Learning progress:
1;545.495615615616 * no_asm + -260.822395276632 * ref_1;15.5654986392619;15.5654986392619;15.5654986392619;15.5654986392619;0.007854;2;-260.822395276632 * ref_1;1;14.3234821886974;
2;470.554408602151 * no_asm + -185.881188263168 * ref_1 + 169.764775071319 * ref_9;7.90505506538216;7.90505506538216;7.90505506538216;7.90505506538216;0.027356;3;169.764775071319 * ref_9;1;7.66044357387977;
3;450.232904927533 * no_asm + -186.914485060182 * ref_1 + 173.21217301612 * ref_9 + 39.3729133695733 * no_fast_pskip;6.40743841329607;6.40743841329607;6.40743841329607;6.40743841329607;0.063517;4;39.3729133695733 * no_fast_pskip;1;1.49761665208609;
4;455.603780305189 * no_asm + -185.948327928839 * ref_1 + 173.500640364265 * ref_9 + 41.7451687679454 * no_fast_pskip + -20.4453223081293 * no_8x8dct;5.6087269770155;5.6087269770155;5.6087269770155;5.6087269770155;0.123327;5;-20.4453223081293 * no_8x8dct;1;0.798711436280574;
5;462.866471715946 * no_asm + -186.535774119725 * ref_1 + 173.287790276054 * ref_9 + 41.6750033217329 * no_fast_pskip + -21.1506387932518 * no_8x8dct + -14.4645081161909 * no_cabac;5.3659216661428;5.3659216661428;5.3659216661428;5.3659216661428;0.208572;6;-14.4645081161909 * no_cabac;1;0.2428053108727;
6;456.913453975058 * no_asm + -168.394261224118 * ref_1 + 174.329968253703 * ref_9 + 53.5491929291136 * no_fast_pskip + -21.7208762012931 * no_8x8dct + -14.447248760867 * no_cabac + -33.9687125570654 * ref_1 * no_fast_pskip;5.20189507902343;5.20189507902343;5.20189507902343;5.20189507902343;0.335317;8;-33.9687125570654 * ref_1 * no_fast_pskip;2;0.0820132935596862;
Elapsed=00:00:00.3362562
Learning progress:
1;553.103559322035 * no_asm + -270.779899191315 * ref_1;13.1663200408942;13.1663200408942;13.1663200408942;13.1663200408942;0.008088;2;-270.779899191315 * ref_1;1;21.6433807606272;
2;644.431111111112 * no_asm + -362.107450980392 * ref_1 + -176.666411657559 * ref_5;7.02483018113129;7.02483018113129;7.02483018113129;7.02483018113129;0.02816;3;-176.666411657559 * ref_5;1;6.14148985976288;
3;623.57217684745 * no_asm + -362.563192401278 * ref_1 + -179.19683974856 * ref_5 + 33.9702643722492 * no_mbtree;4.98253825883735;4.98253825883735;4.98253825883735;4.98253825883735;0.06352;4;33.9702643722492 * no_mbtree;1;2.04229192229394;
4;630.197189223161 * no_asm + -360.143918921774 * ref_1 + -177.881166408876 * ref_5 + 41.0272340120818 * no_mbtree + -31.230982140483 * no_8x8dct;4.333644361999;4.333644361999;4.333644361999;4.333644361999;0.126458;5;-31.230982140483 * no_8x8dct;1;0.648893896838348;
5;630.117489101377 * no_asm + -360.166597109125 * ref_1 + -175.195453699139 * ref_5 + 40.9927576843886 * no_mbtree + -30.9435032199361 * no_8x8dct + -7.16111891807436 * ref_5 * rc_lookahead_20;4.25328339869661;4.25328339869661;4.25328339869661;4.25328339869661;0.209392;7;-7.16111891807436 * ref_5 * rc_lookahead_20;2;0.0401804816511953;
Elapsed=00:00:00.2101886
Learning progress:
1;557.193045977012 * no_asm + -274.214178052484 * ref_1;14.9819942639837;14.9819942639837;14.9819942639837;14.9819942639837;0.008348;2;-274.214178052484 * ref_1;1;17.2646178292558;
2;466.793090909092 * no_asm + -183.814222984563 * ref_1 + 171.908111276701 * ref_9;7.434719392002;7.434719392002;7.434719392002;7.434719392002;0.028886;3;171.908111276701 * ref_9;1;7.54727487198173;
3;441.537777150209 * no_asm + -184.018443850537 * ref_1 + 171.789819408978 * ref_9 + 39.6869216211019 * no_mbtree;5.73066180807923;5.73066180807923;5.73066180807923;5.73066180807923;0.064459;4;39.6869216211019 * no_mbtree;1;1.70405758392277;
4;444.404061122899 * no_asm + -180.534296953939 * ref_1 + 173.745866213985 * ref_9 + 48.1690533476572 * no_mbtree + -28.4075143079629 * no_8x8dct;4.69525691749287;4.69525691749287;4.69525691749287;4.69525691749287;0.12493;5;-28.4075143079629 * no_8x8dct;1;1.03540489058636;
5;442.895103137019 * no_asm + -181.000652508457 * ref_1 + 174.057265812369 * ref_9 + 82.9039658360087 * no_mbtree + -19.0018741569567 * no_8x8dct + -51.3287796114002 * no_mbtree * no_mixed_refs;4.23035906617268;4.23035906617268;4.23035906617268;4.23035906617268;0.209207;7;-51.3287796114002 * no_mbtree * no_mixed_refs;2;0.232448925660094;
6;442.34038384101 * no_asm + -181.207632098977 * ref_1 + 176.016234256941 * ref_9 + 69.8473962279836 * no_mbtree + -19.534555807375 * no_8x8dct + -66.5153773634544 * no_mbtree * no_mixed_refs + 38.0729281638872 * no_mbtree * no_fast_pskip;3.40391794832594;3.40391794832594;3.40391794832594;3.40391794832594;0.34158;9;38.0729281638872 * no_mbtree * no_fast_pskip;2;0.413220558923373;
7;445.001433037198 * no_asm + -181.020835847317 * ref_1 + 175.98693773143 * ref_9 + 69.7830901868168 * no_mbtree + -19.3115105253599 * no_8x8dct + -65.844930516407 * no_mbtree * no_mixed_refs + 37.4242380305577 * no_mbtree * no_fast_pskip + -5.98068067885147 * no_cabac;3.19491181975358;3.19491181975358;3.19491181975358;3.19491181975358;0.532342;10;-5.98068067885147 * no_cabac;1;0.209006128572359;
8;451.27298100522 * no_asm + -180.987662903948 * ref_1 + 159.122503014364 * ref_9 + 60.0398663937938 * no_mbtree + -19.0498338149535 * no_8x8dct + -66.4493937820156 * no_mbtree * no_mixed_refs + 38.3029902799694 * no_mbtree * no_fast_pskip + -6.50903479677834 * no_cabac + 26.4745379553529 * ref_9 * no_mbtree;3.05314833881488;3.05314833881488;3.05314833881488;3.05314833881488;0.759033;12;26.4745379553529 * ref_9 * no_mbtree;2;0.0708817404693494;
Elapsed=00:00:00.7603833
Learning progress:
1;547.398220338983 * no_asm + -260.874566492829 * ref_1;11.3989391836158;11.3989391836158;11.3989391836158;11.3989391836158;0.008013;2;-260.874566492829 * ref_1;1;26.0798188735025;
2;462.968279569893 * no_asm + -176.444625723739 * ref_1 + 177.905946620584 * ref_9;7.08449903216945;7.08449903216945;7.08449903216945;7.08449903216945;0.028372;3;177.905946620584 * ref_9;1;4.31444015144636;
3;436.944140277197 * no_asm + -176.398070912839 * ref_1 + 177.797872952424 * ref_9 + 37.5231775848176 * no_mbtree;4.67683171670858;4.67683171670858;4.67683171670858;4.67683171670858;0.064087;4;37.5231775848176 * no_mbtree;1;2.40766731546087;
4;441.492397611921 * no_asm + -176.406207330254 * ref_1 + 155.356148975437 * ref_9 + 30.9652251487038 * no_mbtree + 48.3767029605835 * ref_9 * no_fast_pskip;4.58110121271222;4.58110121271222;4.58110121271222;4.58110121271222;0.124036;6;48.3767029605835 * ref_9 * no_fast_pskip;2;0.0478652519981821;
Elapsed=00:00:00.1246853
Learning progress:
1;544.251415929205 * no_asm + -260.489603063708 * ref_1;11.9142407250952;11.9142407250952;11.9142407250952;11.9142407250952;0.010008;2;-260.489603063708 * ref_1;1;19.2490369889813;
2;466.054270833334 * no_asm + -182.292457967836 * ref_1 + 180.3321917517 * ref_9;6.81366987336272;6.81366987336272;6.81366987336272;6.81366987336272;0.030504;3;180.3321917517 * ref_9;1;5.10057085173243;
3;466.054270833334 * no_asm + -182.292457967836 * ref_1 + 152.2090625 * ref_9 + 43.0635416666671 * ref_9 * no_mbtree;6.02255582595109;6.02255582595109;6.02255582595109;6.02255582595109;0.064082;5;43.0635416666671 * ref_9 * no_mbtree;2;0.395557023705817;
4;466.054270833334 * no_asm + -182.292457967836 * ref_1 + 171.78885228979 * ref_9 + 113.632367367367 * ref_9 * no_mbtree + -110.952142142142 * ref_9 * no_mixed_refs;5.63623409970869;5.63623409970869;5.63623409970869;5.63623409970869;0.12174;7;-110.952142142142 * ref_9 * no_mixed_refs;2;0.193160863121197;
Elapsed=00:00:00.1224216
Learning progress:
1;545.495615615616 * no_asm + -260.822395276632 * ref_1;15.5654986392619;15.5654986392619;15.5654986392619;15.5654986392619;0.009046;2;-260.822395276632 * ref_1;1;14.3234821886974;
2;470.554408602151 * no_asm + -185.881188263168 * ref_1 + 169.764775071319 * ref_9;7.90505506538216;7.90505506538216;7.90505506538216;7.90505506538216;0.029529;3;169.764775071319 * ref_9;1;7.66044357387977;
3;450.232904927533 * no_asm + -186.914485060182 * ref_1 + 173.21217301612 * ref_9 + 39.3729133695733 * no_fast_pskip;6.40743841329607;6.40743841329607;6.40743841329607;6.40743841329607;0.065814;4;39.3729133695733 * no_fast_pskip;1;1.49761665208609;
4;455.603780305189 * no_asm + -185.948327928839 * ref_1 + 173.500640364265 * ref_9 + 41.7451687679454 * no_fast_pskip + -20.4453223081293 * no_8x8dct;5.6087269770155;5.6087269770155;5.6087269770155;5.6087269770155;0.124249;5;-20.4453223081293 * no_8x8dct;1;0.798711436280574;
5;462.866471715946 * no_asm + -186.535774119725 * ref_1 + 173.287790276054 * ref_9 + 41.6750033217329 * no_fast_pskip + -21.1506387932518 * no_8x8dct + -14.4645081161909 * no_cabac;5.3659216661428;5.3659216661428;5.3659216661428;5.3659216661428;0.206926;6;-14.4645081161909 * no_cabac;1;0.2428053108727;
6;456.913453975058 * no_asm + -168.394261224118 * ref_1 + 174.329968253703 * ref_9 + 53.5491929291136 * no_fast_pskip + -21.7208762012931 * no_8x8dct + -14.447248760867 * no_cabac + -33.9687125570654 * ref_1 * no_fast_pskip;5.20189507902343;5.20189507902343;5.20189507902343;5.20189507902343;0.334706;8;-33.9687125570654 * ref_1 * no_fast_pskip;2;0.0820132935596862;
Elapsed=00:00:00.3356011
Learning progress:
1;553.103559322035 * no_asm + -270.779899191315 * ref_1;13.1663200408942;13.1663200408942;13.1663200408942;13.1663200408942;0.009838;2;-270.779899191315 * ref_1;1;21.6433807606272;
2;644.431111111112 * no_asm + -362.107450980392 * ref_1 + -176.666411657559 * ref_5;7.02483018113129;7.02483018113129;7.02483018113129;7.02483018113129;0.029777;3;-176.666411657559 * ref_5;1;6.14148985976288;
3;623.57217684745 * no_asm + -362.563192401278 * ref_1 + -179.19683974856 * ref_5 + 33.9702643722492 * no_mbtree;4.98253825883735;4.98253825883735;4.98253825883735;4.98253825883735;0.067829;4;33.9702643722492 * no_mbtree;1;2.04229192229394;
4;630.197189223161 * no_asm + -360.143918921774 * ref_1 + -177.881166408876 * ref_5 + 41.0272340120818 * no_mbtree + -31.230982140483 * no_8x8dct;4.333644361999;4.333644361999;4.333644361999;4.333644361999;0.127701;5;-31.230982140483 * no_8x8dct;1;0.648893896838348;
5;630.117489101377 * no_asm + -360.166597109125 * ref_1 + -175.195453699139 * ref_5 + 40.9927576843886 * no_mbtree + -30.9435032199361 * no_8x8dct + -7.16111891807436 * ref_5 * rc_lookahead_20;4.25328339869661;4.25328339869661;4.25328339869661;4.25328339869661;0.212398;7;-7.16111891807436 * ref_5 * rc_lookahead_20;2;0.0401804816511953;
Elapsed=00:00:00.2131918
Learning progress:
1;557.193045977012 * no_asm + -274.214178052484 * ref_1;14.9819942639837;14.9819942639837;14.9819942639837;14.9819942639837;0.009763;2;-274.214178052484 * ref_1;1;17.2646178292558;
2;466.793090909092 * no_asm + -183.814222984563 * ref_1 + 171.908111276701 * ref_9;7.434719392002;7.434719392002;7.434719392002;7.434719392002;0.031069;3;171.908111276701 * ref_9;1;7.54727487198173;
3;441.537777150209 * no_asm + -184.018443850537 * ref_1 + 171.789819408978 * ref_9 + 39.6869216211019 * no_mbtree;5.73066180807923;5.73066180807923;5.73066180807923;5.73066180807923;0.064982;4;39.6869216211019 * no_mbtree;1;1.70405758392277;
4;444.404061122899 * no_asm + -180.534296953939 * ref_1 + 173.745866213985 * ref_9 + 48.1690533476572 * no_mbtree + -28.4075143079629 * no_8x8dct;4.69525691749287;4.69525691749287;4.69525691749287;4.69525691749287;0.125681;5;-28.4075143079629 * no_8x8dct;1;1.03540489058636;
5;442.895103137019 * no_asm + -181.000652508457 * ref_1 + 174.057265812369 * ref_9 + 82.9039658360087 * no_mbtree + -19.0018741569567 * no_8x8dct + -51.3287796114002 * no_mbtree * no_mixed_refs;4.23035906617268;4.23035906617268;4.23035906617268;4.23035906617268;0.2101;7;-51.3287796114002 * no_mbtree * no_mixed_refs;2;0.232448925660094;
Elapsed=00:00:00.2110124
Learning progress:
1;547.398220338983 * no_asm + -260.874566492829 * ref_1;11.3989391836158;11.3989391836158;11.3989391836158;11.3989391836158;0.009822;2;-260.874566492829 * ref_1;1;26.0798188735025;
2;462.968279569893 * no_asm + -176.444625723739 * ref_1 + 177.905946620584 * ref_9;7.08449903216945;7.08449903216945;7.08449903216945;7.08449903216945;0.029399;3;177.905946620584 * ref_9;1;4.31444015144636;
3;436.944140277197 * no_asm + -176.398070912839 * ref_1 + 177.797872952424 * ref_9 + 37.5231775848176 * no_mbtree;4.67683171670858;4.67683171670858;4.67683171670858;4.67683171670858;0.064575;4;37.5231775848176 * no_mbtree;1;2.40766731546087;
4;441.492397611921 * no_asm + -176.406207330254 * ref_1 + 155.356148975437 * ref_9 + 30.9652251487038 * no_mbtree + 48.3767029605835 * ref_9 * no_fast_pskip;4.58110121271222;4.58110121271222;4.58110121271222;4.58110121271222;0.12393;6;48.3767029605835 * ref_9 * no_fast_pskip;2;0.0478652519981821;
Elapsed=00:00:00.1245824
Learning progress:
1;544.251415929205 * no_asm + -260.489603063708 * ref_1;11.9142407250952;11.9142407250952;11.9142407250952;11.9142407250952;0.007588;2;-260.489603063708 * ref_1;1;19.2490369889813;
2;466.054270833334 * no_asm + -182.292457967836 * ref_1 + 180.3321917517 * ref_9;6.81366987336272;6.81366987336272;6.81366987336272;6.81366987336272;0.028243;3;180.3321917517 * ref_9;1;5.10057085173243;
3;466.054270833334 * no_asm + -182.292457967836 * ref_1 + 152.2090625 * ref_9 + 43.0635416666671 * ref_9 * no_mbtree;6.02255582595109;6.02255582595109;6.02255582595109;6.02255582595109;0.064413;5;43.0635416666671 * ref_9 * no_mbtree;2;0.395557023705817;
Elapsed=00:00:00.0650129
Learning progress:
1;545.495615615616 * no_asm + -260.822395276632 * ref_1;15.5654986392619;15.5654986392619;15.5654986392619;15.5654986392619;0.007983;2;-260.822395276632 * ref_1;1;14.3234821886974;
2;470.554408602151 * no_asm + -185.881188263168 * ref_1 + 169.764775071319 * ref_9;7.90505506538216;7.90505506538216;7.90505506538216;7.90505506538216;0.027767;3;169.764775071319 * ref_9;1;7.66044357387977;
3;450.232904927533 * no_asm + -186.914485060182 * ref_1 + 173.21217301612 * ref_9 + 39.3729133695733 * no_fast_pskip;6.40743841329607;6.40743841329607;6.40743841329607;6.40743841329607;0.063542;4;39.3729133695733 * no_fast_pskip;1;1.49761665208609;
4;455.603780305189 * no_asm + -185.948327928839 * ref_1 + 173.500640364265 * ref_9 + 41.7451687679454 * no_fast_pskip + -20.4453223081293 * no_8x8dct;5.6087269770155;5.6087269770155;5.6087269770155;5.6087269770155;0.121688;5;-20.4453223081293 * no_8x8dct;1;0.798711436280574;
5;462.866471715946 * no_asm + -186.535774119725 * ref_1 + 173.287790276054 * ref_9 + 41.6750033217329 * no_fast_pskip + -21.1506387932518 * no_8x8dct + -14.4645081161909 * no_cabac;5.3659216661428;5.3659216661428;5.3659216661428;5.3659216661428;0.204435;6;-14.4645081161909 * no_cabac;1;0.2428053108727;
Elapsed=00:00:00.2052999
Error of optimal parameters: 4.09858302396128
Optimal parameters abortError:1;minImprovementPerRound:0.1;lossFunction:RELATIVE;quadraticFunctionSupport:True;learn-logFunction:True;learn-asymFunction:True;learn-ratioFunction:True;withHierarchy:False;useBackward:False;
Learning progress:
1;549.555601851853 * no_asm + -265.490307734205 * ref_1;13.2399693596688;13.2399693596688;13.2399693596688;13.2399693596688;0.025585;2;-265.490307734205 * ref_1;1;18.7025005084462;
2;466.81956140351 * no_asm + -182.754267285862 * ref_1 + 175.205732714138 * ref_9;7.16531143899132;7.16531143899132;7.16531143899132;7.16531143899132;0.082396;3;175.205732714138 * ref_9;1;6.07465792067749;
3;441.106172030485 * no_asm + -181.834872740806 * ref_1 + 176.125127259194 * ref_9 + 38.3179920068602 * no_mbtree;5.63165726322721;5.63165726322721;5.63165726322721;5.63165726322721;0.179923;4;38.3179920068602 * no_mbtree;1;1.53365417576411;
4;446.889607310377 * no_asm + -180.932904960827 * ref_1 + 176.207578791161 * ref_9 + 44.4508318971297 * no_mbtree + -27.8635524324282 * no_8x8dct;4.91250560536691;4.91250560536691;4.91250560536691;4.91250560536691;0.347622;5;-27.8635524324282 * no_8x8dct;1;0.719151657860307;
5;452.77096645125 * no_asm + -180.949908821267 * ref_1 + 175.684461812803 * ref_9 + 44.2203018611769 * no_mbtree + -27.4400508160051 * no_8x8dct + -11.7542317504252 * no_cabac;4.70068120287293;4.70068120287293;4.70068120287293;4.70068120287293;0.583994;6;-11.7542317504252 * no_cabac;1;0.211824402493981;
6;457.497462068326 * no_asm + -181.093833160706 * ref_1 + 162.372706361901 * ref_9 + 37.7220366186244 * no_mbtree + -27.8827929863793 * no_8x8dct + -12.1712870379902 * no_cabac + 20.3017242130906 * ref_9 * no_mbtree;4.49847071640797;4.49847071640797;4.49847071640797;4.49847071640797;0.892208;8;20.3017242130906 * ref_9 * no_mbtree;2;0.101105243232476;
7;455.397215950985 * no_asm + -181.174642022488 * ref_1 + 178.8798788601 * ref_9 + 37.3540767582054 * no_mbtree + -25.2256988792737 * no_8x8dct + -9.36488922463659 * no_cabac + 75.8015557000031 * ref_9 * no_mbtree + -96.1146469256363 * ref_9 * no_mixed_refs;4.25477071682263;4.25477071682263;4.25477071682263;4.25477071682263;1.294716;10;-96.1146469256363 * ref_9 * no_mixed_refs;2;0.121849999792671;
8;454.159951454524 * no_asm + -181.197054410371 * ref_1 + 168.94827012787 * ref_9 + 37.3003701154839 * no_mbtree + -24.4459303301066 * no_8x8dct + -7.37232633826008 * no_cabac + 52.755972652575 * ref_9 * no_mbtree + -130.022270351997 * ref_9 * no_mixed_refs + 95.1596870333925 * ref_9 * no_fast_pskip;2.93341632134177;2.93341632134177;2.93341632134177;2.93341632134177;1.811298;12;95.1596870333925 * ref_9 * no_fast_pskip;2;0.660677197740429;
9;454.368691579009 * no_asm + -181.210913350718 * ref_1 + 163.171815156244 * ref_9 + 37.1952538004145 * no_mbtree + -24.0274404683415 * no_8x8dct + -7.94607748720756 * no_cabac + 60.794844554409 * ref_9 * no_mbtree + -123.665438233504 * ref_9 * no_mixed_refs + 123.225032008352 * ref_9 * no_fast_pskip + -39.5543181438892 * ref_9 * no_mbtree * no_fast_pskip;2.77912908625898;2.77912908625898;2.77912908625898;2.77912908625898;2.45662;15;-39.5543181438892 * ref_9 * no_mbtree * no_fast_pskip;3;0.051429078360933;
Elapsed=00:00:02.4616443
command: clean-global
